FormulationID,StructuralInstanceID,ParallelTaskID,ScenarioSupportID,ObjectiveCriterion,Replication,Controller,Fairness,Resource,RollingStart,Period,RealizedNode,SharedBatteryMode,AggregateCharge,AggregateDischarge,StateOfChargeBefore,StateOfChargeAfter,ChargingLinkResidual,DischargingLinkResidual,SimultaneousFlowFlag,SimultaneousFlowResidual,IntegralityResidual,BatteryTransitionResidual,StateOfChargeBoundResidual,TerminalResidual
shared_battery_mode_node_level_v1,SI-Drahi_100-d1-HET-UHI-BHI-c82d5d1087,TK-PB-Drahi_100-d1-HET-UHI-65bfec0e89-r4,SS-2a2d2fbd84a2,risk_neutral_expectation,4,DETERMINISTIC_RH,LEXMMFPEA,pv,1,1,1,1.0,0.0,0.0,0.2,0.2,0.0,0.0,false,0.0,0.0,0.0,0.0,0.0
shared_battery_mode_node_level_v1,SI-Drahi_100-d1-HET-UHI-BHI-c82d5d1087,TK-PB-Drahi_100-d1-HET-UHI-65bfec0e89-r4,SS-2a2d2fbd84a2,risk_neutral_expectation,4,DETERMINISTIC_RH,LEXMMFPEA,pv,1,2,1,1.0,32.0,0.0,0.2,30.599999999999998,0.0,0.0,false,0.0,0.0,0.0,0.0,0.0
shared_battery_mode_node_level_v1,SI-Drahi_100-d1-HET-UHI-BHI-c82d5d1087,TK-PB-Drahi_100-d1-HET-UHI-65bfec0e89-r4,SS-2a2d2fbd84a2,risk_neutral_expectation,4,DETERMINISTIC_RH,LEXMMFPEA,pv,1,3,1,1.0,0.0,0.0,30.599999999999998,30.599999999999998,0.0,0.0,false,0.0,0.0,0.0,0.0,0.0
shared_battery_mode_node_level_v1,SI-Drahi_100-d1-HET-UHI-BHI-c82d5d1087,TK-PB-Drahi_100-d1-HET-UHI-65bfec0e89-r4,SS-2a2d2fbd84a2,risk_neutral_expectation,4,DETERMINISTIC_RH,LEXMMFPEA,pv,1,4,1,1.0,32.0,0.0,30.599999999999998,61.0,0.0,0.0,false,0.0,0.0,0.0,0.0,0.0
shared_battery_mode_node_level_v1,SI-Drahi_100-d1-HET-UHI-BHI-c82d5d1087,TK-PB-Drahi_100-d1-HET-UHI-65bfec0e89-r4,SS-6c80fd11a123,risk_neutral_expectation,4,DETERMINISTIC_RH,LEXMMFPEA,pv,5,5,1,0.0,0.0,0.0,61.0,61.0,0.0,0.0,false,0.0,0.0,0.0,0.0,0.0
shared_battery_mode_node_level_v1,SI-Drahi_100-d1-HET-UHI-BHI-c82d5d1087,TK-PB-Drahi_100-d1-HET-UHI-65bfec0e89-r4,SS-6c80fd11a123,risk_neutral_expectation,4,DETERMINISTIC_RH,LEXMMFPEA,pv,5,6,1,0.0,0.0,32.0,61.0,27.315789473684212,0.0,0.0,false,0.0,0.0,0.0,0.0,0.0
shared_battery_mode_node_level_v1,SI-Drahi_100-d1-HET-UHI-BHI-c82d5d1087,TK-PB-Drahi_100-d1-HET-UHI-65bfec0e89-r4,SS-6c80fd11a123,risk_neutral_expectation,4,DETERMINISTIC_RH,LEXMMFPEA,pv,5,7,1,1.0,6.914127423822716,0.0,27.315789473684212,33.88421052631579,0.0,0.0,false,0.0,0.0,0.0,0.0,0.0
shared_battery_mode_node_level_v1,SI-Drahi_100-d1-HET-UHI-BHI-c82d5d1087,TK-PB-Drahi_100-d1-HET-UHI-65bfec0e89-r4,SS-6c80fd11a123,risk_neutral_expectation,4,DETERMINISTIC_RH,LEXMMFPEA,pv,5,8,1,0.0,0.0,32.0,33.88421052631579,0.20000000000000284,0.0,0.0,false,0.0,0.0,2.831068712794149e-15,0.0,0.0
shared_battery_mode_node_level_v1,SI-Drahi_100-d1-HET-UHI-BHI-c82d5d1087,TK-PB-Drahi_100-d1-HET-UHI-65bfec0e89-r4,SS-66f9b4fb4544,risk_neutral_expectation,4,DETERMINISTIC_RH,LEXMMFPEA,pv,9,9,1,1.0,32.0,0.0,0.20000000000000284,30.6,0.0,0.0,false,0.0,0.0,0.0,0.0,0.0
shared_battery_mode_node_level_v1,SI-Drahi_100-d1-HET-UHI-BHI-c82d5d1087,TK-PB-Drahi_100-d1-HET-UHI-65bfec0e89-r4,SS-66f9b4fb4544,risk_neutral_expectation,4,DETERMINISTIC_RH,LEXMMFPEA,pv,9,10,1,1.0,32.0,0.0,30.6,61.0,0.0,0.0,false,0.0,0.0,0.0,0.0,0.0
shared_battery_mode_node_level_v1,SI-Drahi_100-d1-HET-UHI-BHI-c82d5d1087,TK-PB-Drahi_100-d1-HET-UHI-65bfec0e89-r4,SS-66f9b4fb4544,risk_neutral_expectation,4,DETERMINISTIC_RH,LEXMMFPEA,pv,9,11,1,0.0,0.0,32.0,61.0,27.315789473684212,0.0,0.0,false,0.0,0.0,0.0,0.0,0.0
shared_battery_mode_node_level_v1,SI-Drahi_100-d1-HET-UHI-BHI-c82d5d1087,TK-PB-Drahi_100-d1-HET-UHI-65bfec0e89-r4,SS-66f9b4fb4544,risk_neutral_expectation,4,DETERMINISTIC_RH,LEXMMFPEA,pv,9,12,1,1.0,32.0,0.0,27.315789473684212,57.71578947368421,0.0,0.0,false,0.0,0.0,0.0,0.0,0.0
shared_battery_mode_node_level_v1,SI-Drahi_100-d1-HET-UHI-BHI-c82d5d1087,TK-PB-Drahi_100-d1-HET-UHI-65bfec0e89-r4,SS-913f9bd8400b,risk_neutral_expectation,4,DETERMINISTIC_RH,LEXMMFPEA,pv,13,13,1,0.1680354796320629,5.377135348226011,26.622864651773988,57.71578947368421,34.79999999999998,0.0,0.0,true,5.377135348226011,0.1680354796320629,7.105427357601002e-15,0.0,0.0
shared_battery_mode_node_level_v1,SI-Drahi_100-d1-HET-UHI-BHI-c82d5d1087,TK-PB-Drahi_100-d1-HET-UHI-65bfec0e89-r4,SS-913f9bd8400b,risk_neutral_expectation,4,DETERMINISTIC_RH,LEXMMFPEA,pv,13,14,1,1.0,32.0,0.0,34.79999999999998,65.19999999999999,0.0,0.0,false,0.0,0.0,0.0,0.0,0.0
shared_battery_mode_node_level_v1,SI-Drahi_100-d1-HET-UHI-BHI-c82d5d1087,TK-PB-Drahi_100-d1-HET-UHI-65bfec0e89-r4,SS-913f9bd8400b,risk_neutral_expectation,4,DETERMINISTIC_RH,LEXMMFPEA,pv,13,15,1,1.0,32.0,0.0,65.19999999999999,95.6,0.0,0.0,false,0.0,0.0,0.0,0.0,0.0
shared_battery_mode_node_level_v1,SI-Drahi_100-d1-HET-UHI-BHI-c82d5d1087,TK-PB-Drahi_100-d1-HET-UHI-65bfec0e89-r4,SS-913f9bd8400b,risk_neutral_expectation,4,DETERMINISTIC_RH,LEXMMFPEA,pv,13,16,1,1.0,32.0,0.0,95.6,126.0,0.0,0.0,false,0.0,0.0,0.0,0.0,0.0
shared_battery_mode_node_level_v1,SI-Drahi_100-d1-HET-UHI-BHI-c82d5d1087,TK-PB-Drahi_100-d1-HET-UHI-65bfec0e89-r4,SS-3c542c310e20,risk_neutral_expectation,4,DETERMINISTIC_RH,LEXMMFPEA,pv,17,17,1,0.0,0.0,32.0,126.0,92.31578947368422,0.0,0.0,false,0.0,0.0,0.0,0.0,0.0
shared_battery_mode_node_level_v1,SI-Drahi_100-d1-HET-UHI-BHI-c82d5d1087,TK-PB-Drahi_100-d1-HET-UHI-65bfec0e89-r4,SS-3c542c310e20,risk_neutral_expectation,4,DETERMINISTIC_RH,LEXMMFPEA,pv,17,18,1,1.0,0.0,0.0,92.31578947368422,92.31578947368422,0.0,0.0,false,0.0,0.0,0.0,0.0,0.0
shared_battery_mode_node_level_v1,SI-Drahi_100-d1-HET-UHI-BHI-c82d5d1087,TK-PB-Drahi_100-d1-HET-UHI-65bfec0e89-r4,SS-3c542c310e20,risk_neutral_expectation,4,DETERMINISTIC_RH,LEXMMFPEA,pv,17,19,1,1.0,32.0,0.0,92.31578947368422,122.71578947368423,0.0,0.0,false,0.0,0.0,0.0,0.0,0.0
shared_battery_mode_node_level_v1,SI-Drahi_100-d1-HET-UHI-BHI-c82d5d1087,TK-PB-Drahi_100-d1-HET-UHI-65bfec0e89-r4,SS-3c542c310e20,risk_neutral_expectation,4,DETERMINISTIC_RH,LEXMMFPEA,pv,17,20,1,1.0,0.0,0.0,122.71578947368423,122.71578947368423,0.0,0.0,false,0.0,0.0,0.0,0.0,0.0
shared_battery_mode_node_level_v1,SI-Drahi_100-d1-HET-UHI-BHI-c82d5d1087,TK-PB-Drahi_100-d1-HET-UHI-65bfec0e89-r4,SS-041e3670d673,risk_neutral_expectation,4,DETERMINISTIC_RH,LEXMMFPEA,pv,21,21,1,0.0,0.0,0.0,122.71578947368423,122.71578947368423,0.0,0.0,false,0.0,0.0,0.0,0.0,0.0
shared_battery_mode_node_level_v1,SI-Drahi_100-d1-HET-UHI-BHI-c82d5d1087,TK-PB-Drahi_100-d1-HET-UHI-65bfec0e89-r4,SS-041e3670d673,risk_neutral_expectation,4,DETERMINISTIC_RH,LEXMMFPEA,pv,21,22,1,0.0,0.0,32.0,122.71578947368423,89.03157894736844,0.0,0.0,false,0.0,0.0,0.0,0.0,0.0
shared_battery_mode_node_level_v1,SI-Drahi_100-d1-HET-UHI-BHI-c82d5d1087,TK-PB-Drahi_100-d1-HET-UHI-65bfec0e89-r4,SS-041e3670d673,risk_neutral_expectation,4,DETERMINISTIC_RH,LEXMMFPEA,pv,21,23,1,1.0,0.0,0.0,89.03157894736844,89.03157894736844,0.0,0.0,false,0.0,0.0,0.0,0.0,0.0
shared_battery_mode_node_level_v1,SI-Drahi_100-d1-HET-UHI-BHI-c82d5d1087,TK-PB-Drahi_100-d1-HET-UHI-65bfec0e89-r4,SS-041e3670d673,risk_neutral_expectation,4,DETERMINISTIC_RH,LEXMMFPEA,pv,21,24,1,1.0,0.0,0.0,89.03157894736844,89.03157894736844,0.0,0.0,false,0.0,0.0,0.0,0.0,0.0
shared_battery_mode_node_level_v1,SI-Drahi_100-d1-HET-UHI-BHI-c82d5d1087,TK-PB-Drahi_100-d1-HET-UHI-65bfec0e89-r4,SS-2a2d2fbd84a2,risk_neutral_expectation,4,DETERMINISTIC_RH,LEXMMFSA,savings,1,1,1,0.5768725361366622,18.45992115637319,13.540078843626809,0.2,3.484210526315783,0.0,0.0,true,13.540078843626809,0.42312746386333777,1.7763568394002505e-15,0.0,0.0
shared_battery_mode_node_level_v1,SI-Drahi_100-d1-HET-UHI-BHI-c82d5d1087,TK-PB-Drahi_100-d1-HET-UHI-65bfec0e89-r4,SS-2a2d2fbd84a2,risk_neutral_expectation,4,DETERMINISTIC_RH,LEXMMFSA,savings,1,2,1,1.0,32.0,0.0,3.484210526315783,33.88421052631578,0.0,0.0,false,0.0,0.0,0.0,0.0,0.0
shared_battery_mode_node_level_v1,SI-Drahi_100-d1-HET-UHI-BHI-c82d5d1087,TK-PB-Drahi_100-d1-HET-UHI-65bfec0e89-r4,SS-2a2d2fbd84a2,risk_neutral_expectation,4,DETERMINISTIC_RH,LEXMMFSA,savings,1,3,1,0.0,0.0,32.0,33.88421052631578,0.19999999999999574,0.0,0.0,false,0.0,0.0,4.274358644806853e-15,4.274358644806853e-15,0.0
shared_battery_mode_node_level_v1,SI-Drahi_100-d1-HET-UHI-BHI-c82d5d1087,TK-PB-Drahi_100-d1-HET-UHI-65bfec0e89-r4,SS-2a2d2fbd84a2,risk_neutral_expectation,4,DETERMINISTIC_RH,LEXMMFSA,savings,1,4,1,1.0,32.0,0.0,0.19999999999999574,30.599999999999994,0.0,0.0,false,0.0,0.0,3.552713678800501e-15,0.0,0.0
shared_battery_mode_node_level_v1,SI-Drahi_100-d1-HET-UHI-BHI-c82d5d1087,TK-PB-Drahi_100-d1-HET-UHI-65bfec0e89-r4,SS-6c80fd11a123,risk_neutral_expectation,4,DETERMINISTIC_RH,LEXMMFSA,savings,5,5,1,0.6281208935611038,20.09986859395532,11.900131406044677,30.599999999999994,37.16842105263157,0.0,0.0,true,11.900131406044677,0.3718791064388962,0.0,0.0,0.0
shared_battery_mode_node_level_v1,SI-Drahi_100-d1-HET-UHI-BHI-c82d5d1087,TK-PB-Drahi_100-d1-HET-UHI-65bfec0e89-r4,SS-6c80fd11a123,risk_neutral_expectation,4,DETERMINISTIC_RH,LEXMMFSA,savings,5,6,1,0.0,0.0,32.0,37.16842105263157,3.4842105263157848,0.0,0.0,false,0.0,0.0,7.105427357601002e-15,0.0,0.0
shared_battery_mode_node_level_v1,SI-Drahi_100-d1-HET-UHI-BHI-c82d5d1087,TK-PB-Drahi_100-d1-HET-UHI-65bfec0e89-r4,SS-6c80fd11a123,risk_neutral_expectation,4,DETERMINISTIC_RH,LEXMMFSA,savings,5,7,1,1.0,32.0,0.0,3.4842105263157848,33.88421052631578,0.0,0.0,false,0.0,0.0,7.105427357601002e-15,0.0,0.0
shared_battery_mode_node_level_v1,SI-Drahi_100-d1-HET-UHI-BHI-c82d5d1087,TK-PB-Drahi_100-d1-HET-UHI-65bfec0e89-r4,SS-6c80fd11a123,risk_neutral_expectation,4,DETERMINISTIC_RH,LEXMMFSA,savings,5,8,1,0.0,0.0,32.0,33.88421052631578,0.19999999999999574,0.0,0.0,false,0.0,0.0,4.274358644806853e-15,4.274358644806853e-15,0.0
shared_battery_mode_node_level_v1,SI-Drahi_100-d1-HET-UHI-BHI-c82d5d1087,TK-PB-Drahi_100-d1-HET-UHI-65bfec0e89-r4,SS-66f9b4fb4544,risk_neutral_expectation,4,DETERMINISTIC_RH,LEXMMFSA,savings,9,9,1,1.0,32.0,0.0,0.19999999999999574,30.599999999999994,0.0,0.0,false,0.0,0.0,0.0,0.0,0.0
shared_battery_mode_node_level_v1,SI-Drahi_100-d1-HET-UHI-BHI-c82d5d1087,TK-PB-Drahi_100-d1-HET-UHI-65bfec0e89-r4,SS-66f9b4fb4544,risk_neutral_expectation,4,DETERMINISTIC_RH,LEXMMFSA,savings,9,10,1,1.0,0.0,0.0,30.599999999999994,30.599999999999994,0.0,0.0,false,0.0,0.0,0.0,0.0,0.0
shared_battery_mode_node_level_v1,SI-Drahi_100-d1-HET-UHI-BHI-c82d5d1087,TK-PB-Drahi_100-d1-HET-UHI-65bfec0e89-r4,SS-66f9b4fb4544,risk_neutral_expectation,4,DETERMINISTIC_RH,LEXMMFSA,savings,9,11,1,1.0,0.0,0.0,30.599999999999994,30.599999999999994,0.0,0.0,false,0.0,0.0,0.0,0.0,0.0
shared_battery_mode_node_level_v1,SI-Drahi_100-d1-HET-UHI-BHI-c82d5d1087,TK-PB-Drahi_100-d1-HET-UHI-65bfec0e89-r4,SS-66f9b4fb4544,risk_neutral_expectation,4,DETERMINISTIC_RH,LEXMMFSA,savings,9,12,1,1.0,32.0,0.0,30.599999999999994,60.99999999999999,0.0,0.0,false,0.0,0.0,0.0,0.0,0.0
shared_battery_mode_node_level_v1,SI-Drahi_100-d1-HET-UHI-BHI-c82d5d1087,TK-PB-Drahi_100-d1-HET-UHI-65bfec0e89-r4,SS-913f9bd8400b,risk_neutral_expectation,4,DETERMINISTIC_RH,LEXMMFSA,savings,13,13,1,1.0,0.0,0.0,60.99999999999999,60.99999999999999,0.0,0.0,false,0.0,0.0,0.0,0.0,0.0
shared_battery_mode_node_level_v1,SI-Drahi_100-d1-HET-UHI-BHI-c82d5d1087,TK-PB-Drahi_100-d1-HET-UHI-65bfec0e89-r4,SS-913f9bd8400b,risk_neutral_expectation,4,DETERMINISTIC_RH,LEXMMFSA,savings,13,14,1,1.0,32.0,0.0,60.99999999999999,91.39999999999999,0.0,0.0,false,0.0,0.0,0.0,0.0,0.0
shared_battery_mode_node_level_v1,SI-Drahi_100-d1-HET-UHI-BHI-c82d5d1087,TK-PB-Drahi_100-d1-HET-UHI-65bfec0e89-r4,SS-913f9bd8400b,risk_neutral_expectation,4,DETERMINISTIC_RH,LEXMMFSA,savings,13,15,1,1.0,32.0,0.0,91.39999999999999,121.79999999999998,0.0,0.0,false,0.0,0.0,0.0,0.0,0.0
shared_battery_mode_node_level_v1,SI-Drahi_100-d1-HET-UHI-BHI-c82d5d1087,TK-PB-Drahi_100-d1-HET-UHI-65bfec0e89-r4,SS-913f9bd8400b,risk_neutral_expectation,4,DETERMINISTIC_RH,LEXMMFSA,savings,13,16,1,1.0,4.421052631578959,0.0,121.79999999999998,126.0,0.0,0.0,false,0.0,0.0,0.0,0.0,0.0
shared_battery_mode_node_level_v1,SI-Drahi_100-d1-HET-UHI-BHI-c82d5d1087,TK-PB-Drahi_100-d1-HET-UHI-65bfec0e89-r4,SS-3c542c310e20,risk_neutral_expectation,4,DETERMINISTIC_RH,LEXMMFSA,savings,17,17,1,0.0,0.0,32.00000000000001,126.0,92.31578947368419,0.0,7.105427357601002e-15,false,0.0,0.0,1.4210854715202004e-14,0.0,0.0
shared_battery_mode_node_level_v1,SI-Drahi_100-d1-HET-UHI-BHI-c82d5d1087,TK-PB-Drahi_100-d1-HET-UHI-65bfec0e89-r4,SS-3c542c310e20,risk_neutral_expectation,4,DETERMINISTIC_RH,LEXMMFSA,savings,17,18,1,0.19070302233902736,6.102496714848876,25.897503285151124,92.31578947368419,70.85263157894734,0.0,0.0,true,6.102496714848876,0.19070302233902736,1.4210854715202004e-14,0.0,0.0
shared_battery_mode_node_level_v1,SI-Drahi_100-d1-HET-UHI-BHI-c82d5d1087,TK-PB-Drahi_100-d1-HET-UHI-65bfec0e89-r4,SS-3c542c310e20,risk_neutral_expectation,4,DETERMINISTIC_RH,LEXMMFSA,savings,17,19,1,1.0,32.0,0.0,70.85263157894734,101.25263157894733,0.0,0.0,false,0.0,0.0,2.842170943040401e-14,0.0,0.0
shared_battery_mode_node_level_v1,SI-Drahi_100-d1-HET-UHI-BHI-c82d5d1087,TK-PB-Drahi_100-d1-HET-UHI-65bfec0e89-r4,SS-3c542c310e20,risk_neutral_expectation,4,DETERMINISTIC_RH,LEXMMFSA,savings,17,20,1,0.0,0.0,32.0,101.25263157894733,67.56842105263155,0.0,0.0,false,0.0,0.0,2.842170943040401e-14,0.0,0.0
shared_battery_mode_node_level_v1,SI-Drahi_100-d1-HET-UHI-BHI-c82d5d1087,TK-PB-Drahi_100-d1-HET-UHI-65bfec0e89-r4,SS-041e3670d673,risk_neutral_expectation,4,DETERMINISTIC_RH,LEXMMFSA,savings,21,21,1,0.14908400348869766,4.770688111638325,27.229311888361675,67.56842105263155,43.438141191991456,0.0,0.0,true,4.770688111638325,0.14908400348869766,1.4210854715202004e-14,0.0,0.0
shared_battery_mode_node_level_v1,SI-Drahi_100-d1-HET-UHI-BHI-c82d5d1087,TK-PB-Drahi_100-d1-HET-UHI-65bfec0e89-r4,SS-041e3670d673,risk_neutral_expectation,4,DETERMINISTIC_RH,LEXMMFSA,savings,21,22,1,0.0,0.0,32.0,43.438141191991456,9.753930665675668,0.0,0.0,false,0.0,0.0,1.4210854715202004e-14,0.0,0.0
shared_battery_mode_node_level_v1,SI-Drahi_100-d1-HET-UHI-BHI-c82d5d1087,TK-PB-Drahi_100-d1-HET-UHI-65bfec0e89-r4,SS-041e3670d673,risk_neutral_expectation,4,DETERMINISTIC_RH,LEXMMFSA,savings,21,23,1,1.0,32.0,0.0,9.753930665675668,40.15393066567567,0.0,0.0,false,0.0,0.0,1.4210854715202004e-14,0.0,0.0
shared_battery_mode_node_level_v1,SI-Drahi_100-d1-HET-UHI-BHI-c82d5d1087,TK-PB-Drahi_100-d1-HET-UHI-65bfec0e89-r4,SS-041e3670d673,risk_neutral_expectation,4,DETERMINISTIC_RH,LEXMMFSA,savings,21,24,1,1.0,32.0,0.0,40.15393066567567,70.55393066567567,0.0,0.0,false,0.0,0.0,1.4210854715202004e-14,0.0,0.0
shared_battery_mode_node_level_v1,SI-Drahi_100-d1-HET-UHI-BHI-c82d5d1087,TK-PB-Drahi_100-d1-HET-UHI-65bfec0e89-r4,SS-2a2d2fbd84a2,risk_neutral_expectation,4,DETERMINISTIC_RH,NONE,none,1,1,1,1.0,0.0,0.0,0.2,0.2,0.0,0.0,false,0.0,0.0,0.0,0.0,0.0
shared_battery_mode_node_level_v1,SI-Drahi_100-d1-HET-UHI-BHI-c82d5d1087,TK-PB-Drahi_100-d1-HET-UHI-65bfec0e89-r4,SS-2a2d2fbd84a2,risk_neutral_expectation,4,DETERMINISTIC_RH,NONE,none,1,2,1,1.0,32.0,0.0,0.2,30.599999999999998,0.0,0.0,false,0.0,0.0,0.0,0.0,0.0
shared_battery_mode_node_level_v1,SI-Drahi_100-d1-HET-UHI-BHI-c82d5d1087,TK-PB-Drahi_100-d1-HET-UHI-65bfec0e89-r4,SS-2a2d2fbd84a2,risk_neutral_expectation,4,DETERMINISTIC_RH,NONE,none,1,3,1,1.0,0.0,0.0,30.599999999999998,30.599999999999998,0.0,0.0,false,0.0,0.0,0.0,0.0,0.0
shared_battery_mode_node_level_v1,SI-Drahi_100-d1-HET-UHI-BHI-c82d5d1087,TK-PB-Drahi_100-d1-HET-UHI-65bfec0e89-r4,SS-2a2d2fbd84a2,risk_neutral_expectation,4,DETERMINISTIC_RH,NONE,none,1,4,1,1.0,32.0,0.0,30.599999999999998,61.0,0.0,0.0,false,0.0,0.0,0.0,0.0,0.0
shared_battery_mode_node_level_v1,SI-Drahi_100-d1-HET-UHI-BHI-c82d5d1087,TK-PB-Drahi_100-d1-HET-UHI-65bfec0e89-r4,SS-6c80fd11a123,risk_neutral_expectation,4,DETERMINISTIC_RH,NONE,none,5,5,1,1.0,0.0,0.0,61.0,61.0,0.0,0.0,false,0.0,0.0,0.0,0.0,0.0
shared_battery_mode_node_level_v1,SI-Drahi_100-d1-HET-UHI-BHI-c82d5d1087,TK-PB-Drahi_100-d1-HET-UHI-65bfec0e89-r4,SS-6c80fd11a123,risk_neutral_expectation,4,DETERMINISTIC_RH,NONE,none,5,6,1,0.0,0.0,32.0,61.0,27.315789473684212,0.0,0.0,false,0.0,0.0,0.0,0.0,0.0
shared_battery_mode_node_level_v1,SI-Drahi_100-d1-HET-UHI-BHI-c82d5d1087,TK-PB-Drahi_100-d1-HET-UHI-65bfec0e89-r4,SS-6c80fd11a123,risk_neutral_expectation,4,DETERMINISTIC_RH,NONE,none,5,7,1,1.0,32.0,0.0,27.315789473684212,57.71578947368421,0.0,0.0,false,0.0,0.0,0.0,0.0,0.0
shared_battery_mode_node_level_v1,SI-Drahi_100-d1-HET-UHI-BHI-c82d5d1087,TK-PB-Drahi_100-d1-HET-UHI-65bfec0e89-r4,SS-6c80fd11a123,risk_neutral_expectation,4,DETERMINISTIC_RH,NONE,none,5,8,1,0.3914782396912093,0.0,19.472696329881302,57.71578947368421,37.21821438959863,0.0,0.0,false,0.0,0.3914782396912093,7.105427357601002e-15,0.0,0.0
shared_battery_mode_node_level_v1,SI-Drahi_100-d1-HET-UHI-BHI-c82d5d1087,TK-PB-Drahi_100-d1-HET-UHI-65bfec0e89-r4,SS-66f9b4fb4544,risk_neutral_expectation,4,DETERMINISTIC_RH,NONE,none,9,9,1,1.0,32.0,0.0,37.21821438959863,67.61821438959862,0.0,0.0,false,0.0,0.0,0.0,0.0,0.0
shared_battery_mode_node_level_v1,SI-Drahi_100-d1-HET-UHI-BHI-c82d5d1087,TK-PB-Drahi_100-d1-HET-UHI-65bfec0e89-r4,SS-66f9b4fb4544,risk_neutral_expectation,4,DETERMINISTIC_RH,NONE,none,9,10,1,1.0,0.0,0.0,67.61821438959862,67.61821438959862,0.0,0.0,false,0.0,0.0,0.0,0.0,0.0
shared_battery_mode_node_level_v1,SI-Drahi_100-d1-HET-UHI-BHI-c82d5d1087,TK-PB-Drahi_100-d1-HET-UHI-65bfec0e89-r4,SS-66f9b4fb4544,risk_neutral_expectation,4,DETERMINISTIC_RH,NONE,none,9,11,1,1.0,0.0,0.0,67.61821438959862,67.61821438959862,0.0,0.0,false,0.0,0.0,0.0,0.0,0.0
shared_battery_mode_node_level_v1,SI-Drahi_100-d1-HET-UHI-BHI-c82d5d1087,TK-PB-Drahi_100-d1-HET-UHI-65bfec0e89-r4,SS-66f9b4fb4544,risk_neutral_expectation,4,DETERMINISTIC_RH,NONE,none,9,12,1,1.0,0.0,0.0,67.61821438959862,67.61821438959862,0.0,0.0,false,0.0,0.0,0.0,0.0,0.0
shared_battery_mode_node_level_v1,SI-Drahi_100-d1-HET-UHI-BHI-c82d5d1087,TK-PB-Drahi_100-d1-HET-UHI-65bfec0e89-r4,SS-913f9bd8400b,risk_neutral_expectation,4,DETERMINISTIC_RH,NONE,none,13,13,1,0.10977749950511617,0.0,28.487120015836283,67.61821438959862,37.63177226766569,0.0,0.0,false,0.0,0.10977749950511617,7.105427357601002e-15,0.0,0.0
shared_battery_mode_node_level_v1,SI-Drahi_100-d1-HET-UHI-BHI-c82d5d1087,TK-PB-Drahi_100-d1-HET-UHI-65bfec0e89-r4,SS-913f9bd8400b,risk_neutral_expectation,4,DETERMINISTIC_RH,NONE,none,13,14,1,1.0,0.0,0.0,37.63177226766569,37.63177226766569,0.0,0.0,false,0.0,0.0,7.105427357601002e-15,0.0,0.0
shared_battery_mode_node_level_v1,SI-Drahi_100-d1-HET-UHI-BHI-c82d5d1087,TK-PB-Drahi_100-d1-HET-UHI-65bfec0e89-r4,SS-913f9bd8400b,risk_neutral_expectation,4,DETERMINISTIC_RH,NONE,none,13,15,1,1.0,0.0,0.0,37.63177226766569,37.63177226766569,0.0,0.0,false,0.0,0.0,7.105427357601002e-15,0.0,0.0
shared_battery_mode_node_level_v1,SI-Drahi_100-d1-HET-UHI-BHI-c82d5d1087,TK-PB-Drahi_100-d1-HET-UHI-65bfec0e89-r4,SS-913f9bd8400b,risk_neutral_expectation,4,DETERMINISTIC_RH,NONE,none,13,16,1,1.0,0.0,0.0,37.63177226766569,37.63177226766569,0.0,0.0,false,0.0,0.0,7.105427357601002e-15,0.0,0.0
shared_battery_mode_node_level_v1,SI-Drahi_100-d1-HET-UHI-BHI-c82d5d1087,TK-PB-Drahi_100-d1-HET-UHI-65bfec0e89-r4,SS-3c542c310e20,risk_neutral_expectation,4,DETERMINISTIC_RH,NONE,none,17,17,1,0.0,0.0,32.0,37.63177226766569,3.947561741349901,0.0,0.0,false,0.0,0.0,0.0,0.0,0.0
shared_battery_mode_node_level_v1,SI-Drahi_100-d1-HET-UHI-BHI-c82d5d1087,TK-PB-Drahi_100-d1-HET-UHI-65bfec0e89-r4,SS-3c542c310e20,risk_neutral_expectation,4,DETERMINISTIC_RH,NONE,none,17,18,1,1.0,0.0,0.0,3.947561741349901,3.947561741349901,0.0,0.0,false,0.0,0.0,0.0,0.0,0.0
shared_battery_mode_node_level_v1,SI-Drahi_100-d1-HET-UHI-BHI-c82d5d1087,TK-PB-Drahi_100-d1-HET-UHI-65bfec0e89-r4,SS-3c542c310e20,risk_neutral_expectation,4,DETERMINISTIC_RH,NONE,none,17,19,1,1.0,32.0,0.0,3.947561741349901,34.3475617413499,0.0,0.0,false,0.0,0.0,0.0,0.0,0.0
shared_battery_mode_node_level_v1,SI-Drahi_100-d1-HET-UHI-BHI-c82d5d1087,TK-PB-Drahi_100-d1-HET-UHI-65bfec0e89-r4,SS-3c542c310e20,risk_neutral_expectation,4,DETERMINISTIC_RH,NONE,none,17,20,1,1.0,0.0,0.0,34.3475617413499,34.3475617413499,0.0,0.0,false,0.0,0.0,0.0,0.0,0.0
shared_battery_mode_node_level_v1,SI-Drahi_100-d1-HET-UHI-BHI-c82d5d1087,TK-PB-Drahi_100-d1-HET-UHI-65bfec0e89-r4,SS-041e3670d673,risk_neutral_expectation,4,DETERMINISTIC_RH,NONE,none,21,21,1,1.0,0.0,0.0,34.3475617413499,34.3475617413499,0.0,0.0,false,0.0,0.0,0.0,0.0,0.0
shared_battery_mode_node_level_v1,SI-Drahi_100-d1-HET-UHI-BHI-c82d5d1087,TK-PB-Drahi_100-d1-HET-UHI-65bfec0e89-r4,SS-041e3670d673,risk_neutral_expectation,4,DETERMINISTIC_RH,NONE,none,21,22,1,1.0,0.0,0.0,34.3475617413499,34.3475617413499,0.0,0.0,false,0.0,0.0,0.0,0.0,0.0
shared_battery_mode_node_level_v1,SI-Drahi_100-d1-HET-UHI-BHI-c82d5d1087,TK-PB-Drahi_100-d1-HET-UHI-65bfec0e89-r4,SS-041e3670d673,risk_neutral_expectation,4,DETERMINISTIC_RH,NONE,none,21,23,1,1.0,32.0,0.0,34.3475617413499,64.7475617413499,0.0,0.0,false,0.0,0.0,0.0,0.0,0.0
shared_battery_mode_node_level_v1,SI-Drahi_100-d1-HET-UHI-BHI-c82d5d1087,TK-PB-Drahi_100-d1-HET-UHI-65bfec0e89-r4,SS-041e3670d673,risk_neutral_expectation,4,DETERMINISTIC_RH,NONE,none,21,24,1,1.0,32.0,0.0,64.7475617413499,95.1475617413499,0.0,0.0,false,0.0,0.0,0.0,0.0,0.0
shared_battery_mode_node_level_v1,SI-Drahi_100-d1-HET-UHI-BHI-c82d5d1087,TK-PB-Drahi_100-d1-HET-UHI-65bfec0e89-r4,SS-2a2d2fbd84a2,risk_neutral_expectation,4,DETERMINISTIC_RH,PEA,pv,1,1,1,1.0,0.0,0.0,0.2,0.2,0.0,0.0,false,0.0,0.0,0.0,0.0,0.0
shared_battery_mode_node_level_v1,SI-Drahi_100-d1-HET-UHI-BHI-c82d5d1087,TK-PB-Drahi_100-d1-HET-UHI-65bfec0e89-r4,SS-2a2d2fbd84a2,risk_neutral_expectation,4,DETERMINISTIC_RH,PEA,pv,1,2,1,1.0,32.0,0.0,0.2,30.599999999999998,0.0,0.0,false,0.0,0.0,0.0,0.0,0.0
shared_battery_mode_node_level_v1,SI-Drahi_100-d1-HET-UHI-BHI-c82d5d1087,TK-PB-Drahi_100-d1-HET-UHI-65bfec0e89-r4,SS-2a2d2fbd84a2,risk_neutral_expectation,4,DETERMINISTIC_RH,PEA,pv,1,3,1,1.0,0.0,0.0,30.599999999999998,30.599999999999998,0.0,0.0,false,0.0,0.0,0.0,0.0,0.0
shared_battery_mode_node_level_v1,SI-Drahi_100-d1-HET-UHI-BHI-c82d5d1087,TK-PB-Drahi_100-d1-HET-UHI-65bfec0e89-r4,SS-2a2d2fbd84a2,risk_neutral_expectation,4,DETERMINISTIC_RH,PEA,pv,1,4,1,1.0,32.0,0.0,30.599999999999998,61.0,0.0,0.0,false,0.0,0.0,0.0,0.0,0.0
shared_battery_mode_node_level_v1,SI-Drahi_100-d1-HET-UHI-BHI-c82d5d1087,TK-PB-Drahi_100-d1-HET-UHI-65bfec0e89-r4,SS-6c80fd11a123,risk_neutral_expectation,4,DETERMINISTIC_RH,PEA,pv,5,5,1,1.0,0.0,0.0,61.0,61.0,0.0,0.0,false,0.0,0.0,0.0,0.0,0.0
shared_battery_mode_node_level_v1,SI-Drahi_100-d1-HET-UHI-BHI-c82d5d1087,TK-PB-Drahi_100-d1-HET-UHI-65bfec0e89-r4,SS-6c80fd11a123,risk_neutral_expectation,4,DETERMINISTIC_RH,PEA,pv,5,6,1,0.0,0.0,32.0,61.0,27.315789473684212,0.0,0.0,false,0.0,0.0,0.0,0.0,0.0
shared_battery_mode_node_level_v1,SI-Drahi_100-d1-HET-UHI-BHI-c82d5d1087,TK-PB-Drahi_100-d1-HET-UHI-65bfec0e89-r4,SS-6c80fd11a123,risk_neutral_expectation,4,DETERMINISTIC_RH,PEA,pv,5,7,1,1.0,6.914127423822716,0.0,27.315789473684212,33.88421052631579,0.0,0.0,false,0.0,0.0,0.0,0.0,0.0
shared_battery_mode_node_level_v1,SI-Drahi_100-d1-HET-UHI-BHI-c82d5d1087,TK-PB-Drahi_100-d1-HET-UHI-65bfec0e89-r4,SS-6c80fd11a123,risk_neutral_expectation,4,DETERMINISTIC_RH,PEA,pv,5,8,1,0.0,0.0,32.0,33.88421052631579,0.20000000000000284,0.0,0.0,false,0.0,0.0,2.831068712794149e-15,0.0,0.0
shared_battery_mode_node_level_v1,SI-Drahi_100-d1-HET-UHI-BHI-c82d5d1087,TK-PB-Drahi_100-d1-HET-UHI-65bfec0e89-r4,SS-66f9b4fb4544,risk_neutral_expectation,4,DETERMINISTIC_RH,PEA,pv,9,9,1,1.0,32.0,0.0,0.20000000000000284,30.6,0.0,0.0,false,0.0,0.0,0.0,0.0,0.0
shared_battery_mode_node_level_v1,SI-Drahi_100-d1-HET-UHI-BHI-c82d5d1087,TK-PB-Drahi_100-d1-HET-UHI-65bfec0e89-r4,SS-66f9b4fb4544,risk_neutral_expectation,4,DETERMINISTIC_RH,PEA,pv,9,10,1,1.0,32.0,0.0,30.6,61.0,0.0,0.0,false,0.0,0.0,0.0,0.0,0.0
shared_battery_mode_node_level_v1,SI-Drahi_100-d1-HET-UHI-BHI-c82d5d1087,TK-PB-Drahi_100-d1-HET-UHI-65bfec0e89-r4,SS-66f9b4fb4544,risk_neutral_expectation,4,DETERMINISTIC_RH,PEA,pv,9,11,1,0.16803547963206308,5.377135348226019,26.62286465177398,61.0,38.084210526315786,0.0,0.0,true,5.377135348226019,0.16803547963206308,7.105427357601002e-15,0.0,0.0
shared_battery_mode_node_level_v1,SI-Drahi_100-d1-HET-UHI-BHI-c82d5d1087,TK-PB-Drahi_100-d1-HET-UHI-65bfec0e89-r4,SS-66f9b4fb4544,risk_neutral_expectation,4,DETERMINISTIC_RH,PEA,pv,9,12,1,1.0,32.0,0.0,38.084210526315786,68.48421052631579,0.0,0.0,false,0.0,0.0,0.0,0.0,0.0
shared_battery_mode_node_level_v1,SI-Drahi_100-d1-HET-UHI-BHI-c82d5d1087,TK-PB-Drahi_100-d1-HET-UHI-65bfec0e89-r4,SS-913f9bd8400b,risk_neutral_expectation,4,DETERMINISTIC_RH,PEA,pv,13,13,1,0.0,0.0,32.0,68.48421052631579,34.800000000000004,0.0,0.0,false,0.0,0.0,0.0,0.0,0.0
shared_battery_mode_node_level_v1,SI-Drahi_100-d1-HET-UHI-BHI-c82d5d1087,TK-PB-Drahi_100-d1-HET-UHI-65bfec0e89-r4,SS-913f9bd8400b,risk_neutral_expectation,4,DETERMINISTIC_RH,PEA,pv,13,14,1,1.0,32.0,0.0,34.800000000000004,65.2,0.0,0.0,false,0.0,0.0,0.0,0.0,0.0
shared_battery_mode_node_level_v1,SI-Drahi_100-d1-HET-UHI-BHI-c82d5d1087,TK-PB-Drahi_100-d1-HET-UHI-65bfec0e89-r4,SS-913f9bd8400b,risk_neutral_expectation,4,DETERMINISTIC_RH,PEA,pv,13,15,1,1.0,32.0,0.0,65.2,95.6,0.0,0.0,false,0.0,0.0,0.0,0.0,0.0
shared_battery_mode_node_level_v1,SI-Drahi_100-d1-HET-UHI-BHI-c82d5d1087,TK-PB-Drahi_100-d1-HET-UHI-65bfec0e89-r4,SS-913f9bd8400b,risk_neutral_expectation,4,DETERMINISTIC_RH,PEA,pv,13,16,1,1.0,32.00000000000001,0.0,95.6,126.0,7.105427357601002e-15,0.0,false,0.0,0.0,0.0,0.0,0.0
shared_battery_mode_node_level_v1,SI-Drahi_100-d1-HET-UHI-BHI-c82d5d1087,TK-PB-Drahi_100-d1-HET-UHI-65bfec0e89-r4,SS-3c542c310e20,risk_neutral_expectation,4,DETERMINISTIC_RH,PEA,pv,17,17,1,0.0,0.0,32.0,126.0,92.31578947368422,0.0,0.0,false,0.0,0.0,0.0,0.0,0.0
shared_battery_mode_node_level_v1,SI-Drahi_100-d1-HET-UHI-BHI-c82d5d1087,TK-PB-Drahi_100-d1-HET-UHI-65bfec0e89-r4,SS-3c542c310e20,risk_neutral_expectation,4,DETERMINISTIC_RH,PEA,pv,17,18,1,1.0,0.0,0.0,92.31578947368422,92.31578947368422,0.0,0.0,false,0.0,0.0,0.0,0.0,0.0
shared_battery_mode_node_level_v1,SI-Drahi_100-d1-HET-UHI-BHI-c82d5d1087,TK-PB-Drahi_100-d1-HET-UHI-65bfec0e89-r4,SS-3c542c310e20,risk_neutral_expectation,4,DETERMINISTIC_RH,PEA,pv,17,19,1,1.0,32.0,0.0,92.31578947368422,122.71578947368423,0.0,0.0,false,0.0,0.0,0.0,0.0,0.0
shared_battery_mode_node_level_v1,SI-Drahi_100-d1-HET-UHI-BHI-c82d5d1087,TK-PB-Drahi_100-d1-HET-UHI-65bfec0e89-r4,SS-3c542c310e20,risk_neutral_expectation,4,DETERMINISTIC_RH,PEA,pv,17,20,1,1.0,0.0,0.0,122.71578947368423,122.71578947368423,0.0,0.0,false,0.0,0.0,0.0,0.0,0.0
shared_battery_mode_node_level_v1,SI-Drahi_100-d1-HET-UHI-BHI-c82d5d1087,TK-PB-Drahi_100-d1-HET-UHI-65bfec0e89-r4,SS-041e3670d673,risk_neutral_expectation,4,DETERMINISTIC_RH,PEA,pv,21,21,1,1.0,0.0,0.0,122.71578947368423,122.71578947368423,0.0,0.0,false,0.0,0.0,0.0,0.0,0.0
shared_battery_mode_node_level_v1,SI-Drahi_100-d1-HET-UHI-BHI-c82d5d1087,TK-PB-Drahi_100-d1-HET-UHI-65bfec0e89-r4,SS-041e3670d673,risk_neutral_expectation,4,DETERMINISTIC_RH,PEA,pv,21,22,1,0.0,0.0,32.0,122.71578947368423,89.03157894736844,0.0,0.0,false,0.0,0.0,0.0,0.0,0.0
shared_battery_mode_node_level_v1,SI-Drahi_100-d1-HET-UHI-BHI-c82d5d1087,TK-PB-Drahi_100-d1-HET-UHI-65bfec0e89-r4,SS-041e3670d673,risk_neutral_expectation,4,DETERMINISTIC_RH,PEA,pv,21,23,1,1.0,0.0,0.0,89.03157894736844,89.03157894736844,0.0,0.0,false,0.0,0.0,0.0,0.0,0.0
shared_battery_mode_node_level_v1,SI-Drahi_100-d1-HET-UHI-BHI-c82d5d1087,TK-PB-Drahi_100-d1-HET-UHI-65bfec0e89-r4,SS-041e3670d673,risk_neutral_expectation,4,DETERMINISTIC_RH,PEA,pv,21,24,1,1.0,0.0,0.0,89.03157894736844,89.03157894736844,0.0,0.0,false,0.0,0.0,0.0,0.0,0.0
shared_battery_mode_node_level_v1,SI-Drahi_100-d1-HET-UHI-BHI-c82d5d1087,TK-PB-Drahi_100-d1-HET-UHI-65bfec0e89-r4,SS-2a2d2fbd84a2,risk_neutral_expectation,4,DETERMINISTIC_RH,SA,savings,1,1,1,0.5768725361366623,18.459921156373195,13.540078843626805,0.2,3.48421052631579,0.0,0.0,true,13.540078843626805,0.42312746386333766,1.7763568394002505e-15,0.0,0.0
shared_battery_mode_node_level_v1,SI-Drahi_100-d1-HET-UHI-BHI-c82d5d1087,TK-PB-Drahi_100-d1-HET-UHI-65bfec0e89-r4,SS-2a2d2fbd84a2,risk_neutral_expectation,4,DETERMINISTIC_RH,SA,savings,1,2,1,1.0,32.0,0.0,3.48421052631579,33.88421052631579,0.0,0.0,false,0.0,0.0,0.0,0.0,0.0
shared_battery_mode_node_level_v1,SI-Drahi_100-d1-HET-UHI-BHI-c82d5d1087,TK-PB-Drahi_100-d1-HET-UHI-65bfec0e89-r4,SS-2a2d2fbd84a2,risk_neutral_expectation,4,DETERMINISTIC_RH,SA,savings,1,3,1,0.0,0.0,32.0,33.88421052631579,0.20000000000000284,0.0,0.0,false,0.0,0.0,2.831068712794149e-15,0.0,0.0
shared_battery_mode_node_level_v1,SI-Drahi_100-d1-HET-UHI-BHI-c82d5d1087,TK-PB-Drahi_100-d1-HET-UHI-65bfec0e89-r4,SS-2a2d2fbd84a2,risk_neutral_expectation,4,DETERMINISTIC_RH,SA,savings,1,4,1,1.0,32.0,0.0,0.20000000000000284,30.6,0.0,0.0,false,0.0,0.0,3.552713678800501e-15,0.0,0.0
shared_battery_mode_node_level_v1,SI-Drahi_100-d1-HET-UHI-BHI-c82d5d1087,TK-PB-Drahi_100-d1-HET-UHI-65bfec0e89-r4,SS-6c80fd11a123,risk_neutral_expectation,4,DETERMINISTIC_RH,SA,savings,5,5,1,0.6281208935611038,20.09986859395532,11.900131406044679,30.6,37.16842105263157,0.0,0.0,true,11.900131406044679,0.3718791064388962,7.105427357601002e-15,0.0,0.0
shared_battery_mode_node_level_v1,SI-Drahi_100-d1-HET-UHI-BHI-c82d5d1087,TK-PB-Drahi_100-d1-HET-UHI-65bfec0e89-r4,SS-6c80fd11a123,risk_neutral_expectation,4,DETERMINISTIC_RH,SA,savings,5,6,1,0.0,0.0,32.0,37.16842105263157,3.4842105263157848,0.0,0.0,false,0.0,0.0,7.105427357601002e-15,0.0,0.0
shared_battery_mode_node_level_v1,SI-Drahi_100-d1-HET-UHI-BHI-c82d5d1087,TK-PB-Drahi_100-d1-HET-UHI-65bfec0e89-r4,SS-6c80fd11a123,risk_neutral_expectation,4,DETERMINISTIC_RH,SA,savings,5,7,1,1.0,32.0,0.0,3.4842105263157848,33.88421052631578,0.0,0.0,false,0.0,0.0,7.105427357601002e-15,0.0,0.0
shared_battery_mode_node_level_v1,SI-Drahi_100-d1-HET-UHI-BHI-c82d5d1087,TK-PB-Drahi_100-d1-HET-UHI-65bfec0e89-r4,SS-6c80fd11a123,risk_neutral_expectation,4,DETERMINISTIC_RH,SA,savings,5,8,1,0.0,0.0,32.0,33.88421052631578,0.19999999999999574,0.0,0.0,false,0.0,0.0,4.274358644806853e-15,4.274358644806853e-15,0.0
shared_battery_mode_node_level_v1,SI-Drahi_100-d1-HET-UHI-BHI-c82d5d1087,TK-PB-Drahi_100-d1-HET-UHI-65bfec0e89-r4,SS-66f9b4fb4544,risk_neutral_expectation,4,DETERMINISTIC_RH,SA,savings,9,9,1,1.0,32.0,0.0,0.19999999999999574,30.599999999999994,0.0,0.0,false,0.0,0.0,0.0,0.0,0.0
shared_battery_mode_node_level_v1,SI-Drahi_100-d1-HET-UHI-BHI-c82d5d1087,TK-PB-Drahi_100-d1-HET-UHI-65bfec0e89-r4,SS-66f9b4fb4544,risk_neutral_expectation,4,DETERMINISTIC_RH,SA,savings,9,10,1,1.0,0.0,0.0,30.599999999999994,30.599999999999994,0.0,0.0,false,0.0,0.0,0.0,0.0,0.0
shared_battery_mode_node_level_v1,SI-Drahi_100-d1-HET-UHI-BHI-c82d5d1087,TK-PB-Drahi_100-d1-HET-UHI-65bfec0e89-r4,SS-66f9b4fb4544,risk_neutral_expectation,4,DETERMINISTIC_RH,SA,savings,9,11,1,1.0,0.0,0.0,30.599999999999994,30.599999999999994,0.0,0.0,false,0.0,0.0,0.0,0.0,0.0
shared_battery_mode_node_level_v1,SI-Drahi_100-d1-HET-UHI-BHI-c82d5d1087,TK-PB-Drahi_100-d1-HET-UHI-65bfec0e89-r4,SS-66f9b4fb4544,risk_neutral_expectation,4,DETERMINISTIC_RH,SA,savings,9,12,1,1.0,32.0,0.0,30.599999999999994,60.99999999999999,0.0,0.0,false,0.0,0.0,0.0,0.0,0.0
shared_battery_mode_node_level_v1,SI-Drahi_100-d1-HET-UHI-BHI-c82d5d1087,TK-PB-Drahi_100-d1-HET-UHI-65bfec0e89-r4,SS-913f9bd8400b,risk_neutral_expectation,4,DETERMINISTIC_RH,SA,savings,13,13,1,1.0,0.0,0.0,60.99999999999999,60.99999999999999,0.0,0.0,false,0.0,0.0,0.0,0.0,0.0
shared_battery_mode_node_level_v1,SI-Drahi_100-d1-HET-UHI-BHI-c82d5d1087,TK-PB-Drahi_100-d1-HET-UHI-65bfec0e89-r4,SS-913f9bd8400b,risk_neutral_expectation,4,DETERMINISTIC_RH,SA,savings,13,14,1,1.0,32.0,0.0,60.99999999999999,91.39999999999999,0.0,0.0,false,0.0,0.0,0.0,0.0,0.0
shared_battery_mode_node_level_v1,SI-Drahi_100-d1-HET-UHI-BHI-c82d5d1087,TK-PB-Drahi_100-d1-HET-UHI-65bfec0e89-r4,SS-913f9bd8400b,risk_neutral_expectation,4,DETERMINISTIC_RH,SA,savings,13,15,1,1.0,32.0,0.0,91.39999999999999,121.79999999999998,0.0,0.0,false,0.0,0.0,0.0,0.0,0.0
shared_battery_mode_node_level_v1,SI-Drahi_100-d1-HET-UHI-BHI-c82d5d1087,TK-PB-Drahi_100-d1-HET-UHI-65bfec0e89-r4,SS-913f9bd8400b,risk_neutral_expectation,4,DETERMINISTIC_RH,SA,savings,13,16,1,1.0,4.421052631578965,0.0,121.79999999999998,126.0,0.0,0.0,false,0.0,0.0,0.0,0.0,0.0
shared_battery_mode_node_level_v1,SI-Drahi_100-d1-HET-UHI-BHI-c82d5d1087,TK-PB-Drahi_100-d1-HET-UHI-65bfec0e89-r4,SS-3c542c310e20,risk_neutral_expectation,4,DETERMINISTIC_RH,SA,savings,17,17,1,0.0,0.0,31.999999999999996,126.0,92.31578947368422,0.0,0.0,false,0.0,0.0,0.0,0.0,0.0
shared_battery_mode_node_level_v1,SI-Drahi_100-d1-HET-UHI-BHI-c82d5d1087,TK-PB-Drahi_100-d1-HET-UHI-65bfec0e89-r4,SS-3c542c310e20,risk_neutral_expectation,4,DETERMINISTIC_RH,SA,savings,17,18,1,0.44694480946123505,14.302233902759522,17.69776609724048,92.31578947368422,87.27368421052631,0.0,0.0,true,14.302233902759522,0.44694480946123505,0.0,0.0,0.0
shared_battery_mode_node_level_v1,SI-Drahi_100-d1-HET-UHI-BHI-c82d5d1087,TK-PB-Drahi_100-d1-HET-UHI-65bfec0e89-r4,SS-3c542c310e20,risk_neutral_expectation,4,DETERMINISTIC_RH,SA,savings,17,19,1,1.0,32.0,0.0,87.27368421052631,117.67368421052632,0.0,0.0,false,0.0,0.0,0.0,0.0,0.0
shared_battery_mode_node_level_v1,SI-Drahi_100-d1-HET-UHI-BHI-c82d5d1087,TK-PB-Drahi_100-d1-HET-UHI-65bfec0e89-r4,SS-3c542c310e20,risk_neutral_expectation,4,DETERMINISTIC_RH,SA,savings,17,20,1,0.0,0.0,32.0,117.67368421052632,83.98947368421054,0.0,0.0,false,0.0,0.0,0.0,0.0,0.0
shared_battery_mode_node_level_v1,SI-Drahi_100-d1-HET-UHI-BHI-c82d5d1087,TK-PB-Drahi_100-d1-HET-UHI-65bfec0e89-r4,SS-041e3670d673,risk_neutral_expectation,4,DETERMINISTIC_RH,SA,savings,21,21,1,0.7580486202365305,24.257555847568977,7.742444152431023,83.98947368421054,98.88421052631578,0.0,0.0,true,7.742444152431023,0.24195137976346948,0.0,0.0,0.0
shared_battery_mode_node_level_v1,SI-Drahi_100-d1-HET-UHI-BHI-c82d5d1087,TK-PB-Drahi_100-d1-HET-UHI-65bfec0e89-r4,SS-041e3670d673,risk_neutral_expectation,4,DETERMINISTIC_RH,SA,savings,21,22,1,0.0,0.0,32.0,98.88421052631578,65.19999999999999,0.0,0.0,false,0.0,0.0,0.0,0.0,0.0
shared_battery_mode_node_level_v1,SI-Drahi_100-d1-HET-UHI-BHI-c82d5d1087,TK-PB-Drahi_100-d1-HET-UHI-65bfec0e89-r4,SS-041e3670d673,risk_neutral_expectation,4,DETERMINISTIC_RH,SA,savings,21,23,1,1.0,32.0,0.0,65.19999999999999,95.6,0.0,0.0,false,0.0,0.0,0.0,0.0,0.0
shared_battery_mode_node_level_v1,SI-Drahi_100-d1-HET-UHI-BHI-c82d5d1087,TK-PB-Drahi_100-d1-HET-UHI-65bfec0e89-r4,SS-041e3670d673,risk_neutral_expectation,4,DETERMINISTIC_RH,SA,savings,21,24,1,1.0,32.0,0.0,95.6,126.0,0.0,0.0,false,0.0,0.0,0.0,0.0,0.0
shared_battery_mode_node_level_v1,SI-Drahi_100-d1-HET-UHI-BHI-c82d5d1087,TK-PB-Drahi_100-d1-HET-UHI-65bfec0e89-r4,SS-2a2d2fbd84a2,risk_neutral_expectation,4,DETERMINISTIC_RH,STATIC_DEMAND_SHARE,pv,1,1,1,1.0,0.0,0.0,0.2,0.2,0.0,0.0,false,0.0,0.0,0.0,0.0,0.0
shared_battery_mode_node_level_v1,SI-Drahi_100-d1-HET-UHI-BHI-c82d5d1087,TK-PB-Drahi_100-d1-HET-UHI-65bfec0e89-r4,SS-2a2d2fbd84a2,risk_neutral_expectation,4,DETERMINISTIC_RH,STATIC_DEMAND_SHARE,pv,1,2,1,1.0,32.0,0.0,0.2,30.599999999999998,0.0,0.0,false,0.0,0.0,0.0,0.0,0.0
shared_battery_mode_node_level_v1,SI-Drahi_100-d1-HET-UHI-BHI-c82d5d1087,TK-PB-Drahi_100-d1-HET-UHI-65bfec0e89-r4,SS-2a2d2fbd84a2,risk_neutral_expectation,4,DETERMINISTIC_RH,STATIC_DEMAND_SHARE,pv,1,3,1,1.0,0.0,0.0,30.599999999999998,30.599999999999998,0.0,0.0,false,0.0,0.0,0.0,0.0,0.0
shared_battery_mode_node_level_v1,SI-Drahi_100-d1-HET-UHI-BHI-c82d5d1087,TK-PB-Drahi_100-d1-HET-UHI-65bfec0e89-r4,SS-2a2d2fbd84a2,risk_neutral_expectation,4,DETERMINISTIC_RH,STATIC_DEMAND_SHARE,pv,1,4,1,1.0,32.0,0.0,30.599999999999998,61.0,0.0,0.0,false,0.0,0.0,0.0,0.0,0.0
shared_battery_mode_node_level_v1,SI-Drahi_100-d1-HET-UHI-BHI-c82d5d1087,TK-PB-Drahi_100-d1-HET-UHI-65bfec0e89-r4,SS-6c80fd11a123,risk_neutral_expectation,4,DETERMINISTIC_RH,STATIC_DEMAND_SHARE,pv,5,5,1,1.0,0.0,0.0,61.0,61.0,0.0,0.0,false,0.0,0.0,0.0,0.0,0.0
shared_battery_mode_node_level_v1,SI-Drahi_100-d1-HET-UHI-BHI-c82d5d1087,TK-PB-Drahi_100-d1-HET-UHI-65bfec0e89-r4,SS-6c80fd11a123,risk_neutral_expectation,4,DETERMINISTIC_RH,STATIC_DEMAND_SHARE,pv,5,6,1,0.0,0.0,32.0,61.0,27.315789473684212,0.0,0.0,false,0.0,0.0,0.0,0.0,0.0
shared_battery_mode_node_level_v1,SI-Drahi_100-d1-HET-UHI-BHI-c82d5d1087,TK-PB-Drahi_100-d1-HET-UHI-65bfec0e89-r4,SS-6c80fd11a123,risk_neutral_expectation,4,DETERMINISTIC_RH,STATIC_DEMAND_SHARE,pv,5,7,1,1.0,32.0,0.0,27.315789473684212,57.71578947368421,0.0,0.0,false,0.0,0.0,0.0,0.0,0.0
shared_battery_mode_node_level_v1,SI-Drahi_100-d1-HET-UHI-BHI-c82d5d1087,TK-PB-Drahi_100-d1-HET-UHI-65bfec0e89-r4,SS-6c80fd11a123,risk_neutral_expectation,4,DETERMINISTIC_RH,STATIC_DEMAND_SHARE,pv,5,8,1,0.3914782396912093,0.0,19.472696329881302,57.71578947368421,37.21821438959863,0.0,0.0,false,0.0,0.3914782396912093,7.105427357601002e-15,0.0,0.0
shared_battery_mode_node_level_v1,SI-Drahi_100-d1-HET-UHI-BHI-c82d5d1087,TK-PB-Drahi_100-d1-HET-UHI-65bfec0e89-r4,SS-66f9b4fb4544,risk_neutral_expectation,4,DETERMINISTIC_RH,STATIC_DEMAND_SHARE,pv,9,9,1,1.0,32.0,0.0,37.21821438959863,67.61821438959862,0.0,0.0,false,0.0,0.0,0.0,0.0,0.0
shared_battery_mode_node_level_v1,SI-Drahi_100-d1-HET-UHI-BHI-c82d5d1087,TK-PB-Drahi_100-d1-HET-UHI-65bfec0e89-r4,SS-66f9b4fb4544,risk_neutral_expectation,4,DETERMINISTIC_RH,STATIC_DEMAND_SHARE,pv,9,10,1,1.0,0.0,0.0,67.61821438959862,67.61821438959862,0.0,0.0,false,0.0,0.0,0.0,0.0,0.0
shared_battery_mode_node_level_v1,SI-Drahi_100-d1-HET-UHI-BHI-c82d5d1087,TK-PB-Drahi_100-d1-HET-UHI-65bfec0e89-r4,SS-66f9b4fb4544,risk_neutral_expectation,4,DETERMINISTIC_RH,STATIC_DEMAND_SHARE,pv,9,11,1,1.0,0.0,0.0,67.61821438959862,67.61821438959862,0.0,0.0,false,0.0,0.0,0.0,0.0,0.0
shared_battery_mode_node_level_v1,SI-Drahi_100-d1-HET-UHI-BHI-c82d5d1087,TK-PB-Drahi_100-d1-HET-UHI-65bfec0e89-r4,SS-66f9b4fb4544,risk_neutral_expectation,4,DETERMINISTIC_RH,STATIC_DEMAND_SHARE,pv,9,12,1,1.0,0.0,0.0,67.61821438959862,67.61821438959862,0.0,0.0,false,0.0,0.0,0.0,0.0,0.0
shared_battery_mode_node_level_v1,SI-Drahi_100-d1-HET-UHI-BHI-c82d5d1087,TK-PB-Drahi_100-d1-HET-UHI-65bfec0e89-r4,SS-913f9bd8400b,risk_neutral_expectation,4,DETERMINISTIC_RH,STATIC_DEMAND_SHARE,pv,13,13,1,0.10977749950511617,0.0,28.487120015836283,67.61821438959862,37.63177226766569,0.0,0.0,false,0.0,0.10977749950511617,7.105427357601002e-15,0.0,0.0
shared_battery_mode_node_level_v1,SI-Drahi_100-d1-HET-UHI-BHI-c82d5d1087,TK-PB-Drahi_100-d1-HET-UHI-65bfec0e89-r4,SS-913f9bd8400b,risk_neutral_expectation,4,DETERMINISTIC_RH,STATIC_DEMAND_SHARE,pv,13,14,1,1.0,0.0,0.0,37.63177226766569,37.63177226766569,0.0,0.0,false,0.0,0.0,7.105427357601002e-15,0.0,0.0
shared_battery_mode_node_level_v1,SI-Drahi_100-d1-HET-UHI-BHI-c82d5d1087,TK-PB-Drahi_100-d1-HET-UHI-65bfec0e89-r4,SS-913f9bd8400b,risk_neutral_expectation,4,DETERMINISTIC_RH,STATIC_DEMAND_SHARE,pv,13,15,1,1.0,0.0,0.0,37.63177226766569,37.63177226766569,0.0,0.0,false,0.0,0.0,7.105427357601002e-15,0.0,0.0
shared_battery_mode_node_level_v1,SI-Drahi_100-d1-HET-UHI-BHI-c82d5d1087,TK-PB-Drahi_100-d1-HET-UHI-65bfec0e89-r4,SS-913f9bd8400b,risk_neutral_expectation,4,DETERMINISTIC_RH,STATIC_DEMAND_SHARE,pv,13,16,1,1.0,0.0,0.0,37.63177226766569,37.63177226766569,0.0,0.0,false,0.0,0.0,7.105427357601002e-15,0.0,0.0
shared_battery_mode_node_level_v1,SI-Drahi_100-d1-HET-UHI-BHI-c82d5d1087,TK-PB-Drahi_100-d1-HET-UHI-65bfec0e89-r4,SS-3c542c310e20,risk_neutral_expectation,4,DETERMINISTIC_RH,STATIC_DEMAND_SHARE,pv,17,17,1,0.0,0.0,32.0,37.63177226766569,3.947561741349901,0.0,0.0,false,0.0,0.0,0.0,0.0,0.0
shared_battery_mode_node_level_v1,SI-Drahi_100-d1-HET-UHI-BHI-c82d5d1087,TK-PB-Drahi_100-d1-HET-UHI-65bfec0e89-r4,SS-3c542c310e20,risk_neutral_expectation,4,DETERMINISTIC_RH,STATIC_DEMAND_SHARE,pv,17,18,1,1.0,0.0,0.0,3.947561741349901,3.947561741349901,0.0,0.0,false,0.0,0.0,0.0,0.0,0.0
shared_battery_mode_node_level_v1,SI-Drahi_100-d1-HET-UHI-BHI-c82d5d1087,TK-PB-Drahi_100-d1-HET-UHI-65bfec0e89-r4,SS-3c542c310e20,risk_neutral_expectation,4,DETERMINISTIC_RH,STATIC_DEMAND_SHARE,pv,17,19,1,1.0,32.0,0.0,3.947561741349901,34.3475617413499,0.0,0.0,false,0.0,0.0,0.0,0.0,0.0
shared_battery_mode_node_level_v1,SI-Drahi_100-d1-HET-UHI-BHI-c82d5d1087,TK-PB-Drahi_100-d1-HET-UHI-65bfec0e89-r4,SS-3c542c310e20,risk_neutral_expectation,4,DETERMINISTIC_RH,STATIC_DEMAND_SHARE,pv,17,20,1,1.0,0.0,0.0,34.3475617413499,34.3475617413499,0.0,0.0,false,0.0,0.0,0.0,0.0,0.0
shared_battery_mode_node_level_v1,SI-Drahi_100-d1-HET-UHI-BHI-c82d5d1087,TK-PB-Drahi_100-d1-HET-UHI-65bfec0e89-r4,SS-041e3670d673,risk_neutral_expectation,4,DETERMINISTIC_RH,STATIC_DEMAND_SHARE,pv,21,21,1,1.0,0.0,0.0,34.3475617413499,34.3475617413499,0.0,0.0,false,0.0,0.0,0.0,0.0,0.0
shared_battery_mode_node_level_v1,SI-Drahi_100-d1-HET-UHI-BHI-c82d5d1087,TK-PB-Drahi_100-d1-HET-UHI-65bfec0e89-r4,SS-041e3670d673,risk_neutral_expectation,4,DETERMINISTIC_RH,STATIC_DEMAND_SHARE,pv,21,22,1,1.0,0.0,0.0,34.3475617413499,34.3475617413499,0.0,0.0,false,0.0,0.0,0.0,0.0,0.0
shared_battery_mode_node_level_v1,SI-Drahi_100-d1-HET-UHI-BHI-c82d5d1087,TK-PB-Drahi_100-d1-HET-UHI-65bfec0e89-r4,SS-041e3670d673,risk_neutral_expectation,4,DETERMINISTIC_RH,STATIC_DEMAND_SHARE,pv,21,23,1,1.0,32.0,0.0,34.3475617413499,64.7475617413499,0.0,0.0,false,0.0,0.0,0.0,0.0,0.0
shared_battery_mode_node_level_v1,SI-Drahi_100-d1-HET-UHI-BHI-c82d5d1087,TK-PB-Drahi_100-d1-HET-UHI-65bfec0e89-r4,SS-041e3670d673,risk_neutral_expectation,4,DETERMINISTIC_RH,STATIC_DEMAND_SHARE,pv,21,24,1,1.0,32.0,0.0,64.7475617413499,95.1475617413499,0.0,0.0,false,0.0,0.0,0.0,0.0,0.0
shared_battery_mode_node_level_v1,SI-Drahi_100-d1-HET-UHI-BHI-c82d5d1087,TK-PB-Drahi_100-d1-HET-UHI-65bfec0e89-r4,SS-2a2d2fbd84a2,risk_neutral_expectation,4,MULTISTAGE_RH,LEXMMFPEA,pv,1,1,1,1.0,0.0,0.0,0.2,0.2,0.0,0.0,false,0.0,0.0,0.0,0.0,0.0
shared_battery_mode_node_level_v1,SI-Drahi_100-d1-HET-UHI-BHI-c82d5d1087,TK-PB-Drahi_100-d1-HET-UHI-65bfec0e89-r4,SS-2a2d2fbd84a2,risk_neutral_expectation,4,MULTISTAGE_RH,LEXMMFPEA,pv,1,2,1,1.0,32.0,0.0,0.2,30.599999999999998,0.0,0.0,false,0.0,0.0,0.0,0.0,0.0
shared_battery_mode_node_level_v1,SI-Drahi_100-d1-HET-UHI-BHI-c82d5d1087,TK-PB-Drahi_100-d1-HET-UHI-65bfec0e89-r4,SS-2a2d2fbd84a2,risk_neutral_expectation,4,MULTISTAGE_RH,LEXMMFPEA,pv,1,3,1,1.0,0.0,0.0,30.599999999999998,30.599999999999998,0.0,0.0,false,0.0,0.0,0.0,0.0,0.0
shared_battery_mode_node_level_v1,SI-Drahi_100-d1-HET-UHI-BHI-c82d5d1087,TK-PB-Drahi_100-d1-HET-UHI-65bfec0e89-r4,SS-2a2d2fbd84a2,risk_neutral_expectation,4,MULTISTAGE_RH,LEXMMFPEA,pv,1,4,1,1.0,32.0,0.0,30.599999999999998,61.0,0.0,0.0,false,0.0,0.0,0.0,0.0,0.0
shared_battery_mode_node_level_v1,SI-Drahi_100-d1-HET-UHI-BHI-c82d5d1087,TK-PB-Drahi_100-d1-HET-UHI-65bfec0e89-r4,SS-6c80fd11a123,risk_neutral_expectation,4,MULTISTAGE_RH,LEXMMFPEA,pv,5,5,1,1.0,0.0,0.0,61.0,61.0,0.0,0.0,false,0.0,0.0,0.0,0.0,0.0
shared_battery_mode_node_level_v1,SI-Drahi_100-d1-HET-UHI-BHI-c82d5d1087,TK-PB-Drahi_100-d1-HET-UHI-65bfec0e89-r4,SS-6c80fd11a123,risk_neutral_expectation,4,MULTISTAGE_RH,LEXMMFPEA,pv,5,6,1,0.0,0.0,32.0,61.0,27.315789473684212,0.0,0.0,false,0.0,0.0,0.0,0.0,0.0
shared_battery_mode_node_level_v1,SI-Drahi_100-d1-HET-UHI-BHI-c82d5d1087,TK-PB-Drahi_100-d1-HET-UHI-65bfec0e89-r4,SS-6c80fd11a123,risk_neutral_expectation,4,MULTISTAGE_RH,LEXMMFPEA,pv,5,7,1,1.0,6.914127423822716,0.0,27.315789473684212,33.88421052631579,0.0,0.0,false,0.0,0.0,0.0,0.0,0.0
shared_battery_mode_node_level_v1,SI-Drahi_100-d1-HET-UHI-BHI-c82d5d1087,TK-PB-Drahi_100-d1-HET-UHI-65bfec0e89-r4,SS-6c80fd11a123,risk_neutral_expectation,4,MULTISTAGE_RH,LEXMMFPEA,pv,5,8,1,0.0,0.0,32.0,33.88421052631579,0.20000000000000284,0.0,0.0,false,0.0,0.0,2.831068712794149e-15,0.0,0.0
shared_battery_mode_node_level_v1,SI-Drahi_100-d1-HET-UHI-BHI-c82d5d1087,TK-PB-Drahi_100-d1-HET-UHI-65bfec0e89-r4,SS-66f9b4fb4544,risk_neutral_expectation,4,MULTISTAGE_RH,LEXMMFPEA,pv,9,9,1,1.0,32.0,0.0,0.20000000000000284,30.6,0.0,0.0,false,0.0,0.0,0.0,0.0,0.0
shared_battery_mode_node_level_v1,SI-Drahi_100-d1-HET-UHI-BHI-c82d5d1087,TK-PB-Drahi_100-d1-HET-UHI-65bfec0e89-r4,SS-66f9b4fb4544,risk_neutral_expectation,4,MULTISTAGE_RH,LEXMMFPEA,pv,9,10,1,1.0,32.0,0.0,30.6,61.0,0.0,0.0,false,0.0,0.0,0.0,0.0,0.0
shared_battery_mode_node_level_v1,SI-Drahi_100-d1-HET-UHI-BHI-c82d5d1087,TK-PB-Drahi_100-d1-HET-UHI-65bfec0e89-r4,SS-66f9b4fb4544,risk_neutral_expectation,4,MULTISTAGE_RH,LEXMMFPEA,pv,9,11,1,0.16803547963206292,5.377135348226013,26.622864651773988,61.0,38.08421052631577,0.0,0.0,true,5.377135348226013,0.16803547963206292,7.105427357601002e-15,0.0,0.0
shared_battery_mode_node_level_v1,SI-Drahi_100-d1-HET-UHI-BHI-c82d5d1087,TK-PB-Drahi_100-d1-HET-UHI-65bfec0e89-r4,SS-66f9b4fb4544,risk_neutral_expectation,4,MULTISTAGE_RH,LEXMMFPEA,pv,9,12,1,1.0,32.0,0.0,38.08421052631577,68.48421052631576,0.0,0.0,false,0.0,0.0,1.4210854715202004e-14,0.0,0.0
shared_battery_mode_node_level_v1,SI-Drahi_100-d1-HET-UHI-BHI-c82d5d1087,TK-PB-Drahi_100-d1-HET-UHI-65bfec0e89-r4,SS-913f9bd8400b,risk_neutral_expectation,4,MULTISTAGE_RH,LEXMMFPEA,pv,13,13,1,0.0,0.0,31.999999999999986,68.48421052631576,34.79999999999999,0.0,0.0,false,0.0,0.0,0.0,0.0,0.0
shared_battery_mode_node_level_v1,SI-Drahi_100-d1-HET-UHI-BHI-c82d5d1087,TK-PB-Drahi_100-d1-HET-UHI-65bfec0e89-r4,SS-913f9bd8400b,risk_neutral_expectation,4,MULTISTAGE_RH,LEXMMFPEA,pv,13,14,1,1.0,32.0,0.0,34.79999999999999,65.19999999999999,0.0,0.0,false,0.0,0.0,0.0,0.0,0.0
shared_battery_mode_node_level_v1,SI-Drahi_100-d1-HET-UHI-BHI-c82d5d1087,TK-PB-Drahi_100-d1-HET-UHI-65bfec0e89-r4,SS-913f9bd8400b,risk_neutral_expectation,4,MULTISTAGE_RH,LEXMMFPEA,pv,13,15,1,1.0,32.0,0.0,65.19999999999999,95.6,0.0,0.0,false,0.0,0.0,0.0,0.0,0.0
shared_battery_mode_node_level_v1,SI-Drahi_100-d1-HET-UHI-BHI-c82d5d1087,TK-PB-Drahi_100-d1-HET-UHI-65bfec0e89-r4,SS-913f9bd8400b,risk_neutral_expectation,4,MULTISTAGE_RH,LEXMMFPEA,pv,13,16,1,1.0,32.0,0.0,95.6,126.0,0.0,0.0,false,0.0,0.0,0.0,0.0,0.0
shared_battery_mode_node_level_v1,SI-Drahi_100-d1-HET-UHI-BHI-c82d5d1087,TK-PB-Drahi_100-d1-HET-UHI-65bfec0e89-r4,SS-3c542c310e20,risk_neutral_expectation,4,MULTISTAGE_RH,LEXMMFPEA,pv,17,17,1,0.0,0.0,32.0,126.0,92.31578947368422,0.0,0.0,false,0.0,0.0,0.0,0.0,0.0
shared_battery_mode_node_level_v1,SI-Drahi_100-d1-HET-UHI-BHI-c82d5d1087,TK-PB-Drahi_100-d1-HET-UHI-65bfec0e89-r4,SS-3c542c310e20,risk_neutral_expectation,4,MULTISTAGE_RH,LEXMMFPEA,pv,17,18,1,0.0,0.0,0.0,92.31578947368422,92.31578947368422,0.0,0.0,false,0.0,0.0,0.0,0.0,0.0
shared_battery_mode_node_level_v1,SI-Drahi_100-d1-HET-UHI-BHI-c82d5d1087,TK-PB-Drahi_100-d1-HET-UHI-65bfec0e89-r4,SS-3c542c310e20,risk_neutral_expectation,4,MULTISTAGE_RH,LEXMMFPEA,pv,17,19,1,1.0,32.0,0.0,92.31578947368422,122.71578947368423,0.0,0.0,false,0.0,0.0,0.0,0.0,0.0
shared_battery_mode_node_level_v1,SI-Drahi_100-d1-HET-UHI-BHI-c82d5d1087,TK-PB-Drahi_100-d1-HET-UHI-65bfec0e89-r4,SS-3c542c310e20,risk_neutral_expectation,4,MULTISTAGE_RH,LEXMMFPEA,pv,17,20,1,0.0,0.0,0.0,122.71578947368423,122.71578947368423,0.0,0.0,false,0.0,0.0,0.0,0.0,0.0
shared_battery_mode_node_level_v1,SI-Drahi_100-d1-HET-UHI-BHI-c82d5d1087,TK-PB-Drahi_100-d1-HET-UHI-65bfec0e89-r4,SS-041e3670d673,risk_neutral_expectation,4,MULTISTAGE_RH,LEXMMFPEA,pv,21,21,1,0.0,0.0,0.0,122.71578947368423,122.71578947368423,0.0,0.0,false,0.0,0.0,0.0,0.0,0.0
shared_battery_mode_node_level_v1,SI-Drahi_100-d1-HET-UHI-BHI-c82d5d1087,TK-PB-Drahi_100-d1-HET-UHI-65bfec0e89-r4,SS-041e3670d673,risk_neutral_expectation,4,MULTISTAGE_RH,LEXMMFPEA,pv,21,22,1,0.0,0.0,32.0,122.71578947368423,89.03157894736844,0.0,0.0,false,0.0,0.0,0.0,0.0,0.0
shared_battery_mode_node_level_v1,SI-Drahi_100-d1-HET-UHI-BHI-c82d5d1087,TK-PB-Drahi_100-d1-HET-UHI-65bfec0e89-r4,SS-041e3670d673,risk_neutral_expectation,4,MULTISTAGE_RH,LEXMMFPEA,pv,21,23,1,0.0,0.0,0.0,89.03157894736844,89.03157894736844,0.0,0.0,false,0.0,0.0,0.0,0.0,0.0
shared_battery_mode_node_level_v1,SI-Drahi_100-d1-HET-UHI-BHI-c82d5d1087,TK-PB-Drahi_100-d1-HET-UHI-65bfec0e89-r4,SS-041e3670d673,risk_neutral_expectation,4,MULTISTAGE_RH,LEXMMFPEA,pv,21,24,1,1.0,0.0,0.0,89.03157894736844,89.03157894736844,0.0,0.0,false,0.0,0.0,0.0,0.0,0.0
shared_battery_mode_node_level_v1,SI-Drahi_100-d1-HET-UHI-BHI-c82d5d1087,TK-PB-Drahi_100-d1-HET-UHI-65bfec0e89-r4,SS-2a2d2fbd84a2,risk_neutral_expectation,4,MULTISTAGE_RH,LEXMMFSA,savings,1,1,1,0.5768725361366623,18.459921156373195,13.540078843626805,0.2,3.48421052631579,0.0,0.0,true,13.540078843626805,0.42312746386333766,1.7763568394002505e-15,0.0,0.0
shared_battery_mode_node_level_v1,SI-Drahi_100-d1-HET-UHI-BHI-c82d5d1087,TK-PB-Drahi_100-d1-HET-UHI-65bfec0e89-r4,SS-2a2d2fbd84a2,risk_neutral_expectation,4,MULTISTAGE_RH,LEXMMFSA,savings,1,2,1,1.0,32.0,0.0,3.48421052631579,33.88421052631579,0.0,0.0,false,0.0,0.0,0.0,0.0,0.0
shared_battery_mode_node_level_v1,SI-Drahi_100-d1-HET-UHI-BHI-c82d5d1087,TK-PB-Drahi_100-d1-HET-UHI-65bfec0e89-r4,SS-2a2d2fbd84a2,risk_neutral_expectation,4,MULTISTAGE_RH,LEXMMFSA,savings,1,3,1,0.0,0.0,32.0,33.88421052631579,0.20000000000000284,0.0,0.0,false,0.0,0.0,2.831068712794149e-15,0.0,0.0
shared_battery_mode_node_level_v1,SI-Drahi_100-d1-HET-UHI-BHI-c82d5d1087,TK-PB-Drahi_100-d1-HET-UHI-65bfec0e89-r4,SS-2a2d2fbd84a2,risk_neutral_expectation,4,MULTISTAGE_RH,LEXMMFSA,savings,1,4,1,1.0,32.0,0.0,0.20000000000000284,30.6,0.0,0.0,false,0.0,0.0,3.552713678800501e-15,0.0,0.0
shared_battery_mode_node_level_v1,SI-Drahi_100-d1-HET-UHI-BHI-c82d5d1087,TK-PB-Drahi_100-d1-HET-UHI-65bfec0e89-r4,SS-6c80fd11a123,risk_neutral_expectation,4,MULTISTAGE_RH,LEXMMFSA,savings,5,5,1,0.6281208935611037,20.099868593955325,11.900131406044682,30.6,37.16842105263158,7.105427357601002e-15,0.0,true,11.900131406044682,0.3718791064388963,0.0,0.0,0.0
shared_battery_mode_node_level_v1,SI-Drahi_100-d1-HET-UHI-BHI-c82d5d1087,TK-PB-Drahi_100-d1-HET-UHI-65bfec0e89-r4,SS-6c80fd11a123,risk_neutral_expectation,4,MULTISTAGE_RH,LEXMMFSA,savings,5,6,1,0.0,0.0,32.0,37.16842105263158,3.484210526315792,0.0,0.0,false,0.0,0.0,0.0,0.0,0.0
shared_battery_mode_node_level_v1,SI-Drahi_100-d1-HET-UHI-BHI-c82d5d1087,TK-PB-Drahi_100-d1-HET-UHI-65bfec0e89-r4,SS-6c80fd11a123,risk_neutral_expectation,4,MULTISTAGE_RH,LEXMMFSA,savings,5,7,1,1.0,32.0,0.0,3.484210526315792,33.88421052631579,0.0,0.0,false,0.0,0.0,0.0,0.0,0.0
shared_battery_mode_node_level_v1,SI-Drahi_100-d1-HET-UHI-BHI-c82d5d1087,TK-PB-Drahi_100-d1-HET-UHI-65bfec0e89-r4,SS-6c80fd11a123,risk_neutral_expectation,4,MULTISTAGE_RH,LEXMMFSA,savings,5,8,1,0.0,0.0,32.0,33.88421052631579,0.20000000000000284,0.0,0.0,false,0.0,0.0,2.831068712794149e-15,0.0,0.0
shared_battery_mode_node_level_v1,SI-Drahi_100-d1-HET-UHI-BHI-c82d5d1087,TK-PB-Drahi_100-d1-HET-UHI-65bfec0e89-r4,SS-66f9b4fb4544,risk_neutral_expectation,4,MULTISTAGE_RH,LEXMMFSA,savings,9,9,1,1.0,32.0,0.0,0.20000000000000284,30.6,0.0,0.0,false,0.0,0.0,0.0,0.0,0.0
shared_battery_mode_node_level_v1,SI-Drahi_100-d1-HET-UHI-BHI-c82d5d1087,TK-PB-Drahi_100-d1-HET-UHI-65bfec0e89-r4,SS-66f9b4fb4544,risk_neutral_expectation,4,MULTISTAGE_RH,LEXMMFSA,savings,9,10,1,1.0,0.0,0.0,30.6,30.6,0.0,0.0,false,0.0,0.0,0.0,0.0,0.0
shared_battery_mode_node_level_v1,SI-Drahi_100-d1-HET-UHI-BHI-c82d5d1087,TK-PB-Drahi_100-d1-HET-UHI-65bfec0e89-r4,SS-66f9b4fb4544,risk_neutral_expectation,4,MULTISTAGE_RH,LEXMMFSA,savings,9,11,1,1.0,0.0,0.0,30.6,30.6,0.0,0.0,false,0.0,0.0,0.0,0.0,0.0
shared_battery_mode_node_level_v1,SI-Drahi_100-d1-HET-UHI-BHI-c82d5d1087,TK-PB-Drahi_100-d1-HET-UHI-65bfec0e89-r4,SS-66f9b4fb4544,risk_neutral_expectation,4,MULTISTAGE_RH,LEXMMFSA,savings,9,12,1,1.0,32.0,0.0,30.6,61.0,0.0,0.0,false,0.0,0.0,0.0,0.0,0.0
shared_battery_mode_node_level_v1,SI-Drahi_100-d1-HET-UHI-BHI-c82d5d1087,TK-PB-Drahi_100-d1-HET-UHI-65bfec0e89-r4,SS-913f9bd8400b,risk_neutral_expectation,4,MULTISTAGE_RH,LEXMMFSA,savings,13,13,1,1.0,0.0,0.0,61.0,61.0,0.0,0.0,false,0.0,0.0,0.0,0.0,0.0
shared_battery_mode_node_level_v1,SI-Drahi_100-d1-HET-UHI-BHI-c82d5d1087,TK-PB-Drahi_100-d1-HET-UHI-65bfec0e89-r4,SS-913f9bd8400b,risk_neutral_expectation,4,MULTISTAGE_RH,LEXMMFSA,savings,13,14,1,1.0,32.0,0.0,61.0,91.4,0.0,0.0,false,0.0,0.0,0.0,0.0,0.0
shared_battery_mode_node_level_v1,SI-Drahi_100-d1-HET-UHI-BHI-c82d5d1087,TK-PB-Drahi_100-d1-HET-UHI-65bfec0e89-r4,SS-913f9bd8400b,risk_neutral_expectation,4,MULTISTAGE_RH,LEXMMFSA,savings,13,15,1,1.0,32.0,0.0,91.4,121.80000000000001,0.0,0.0,false,0.0,0.0,0.0,0.0,0.0
shared_battery_mode_node_level_v1,SI-Drahi_100-d1-HET-UHI-BHI-c82d5d1087,TK-PB-Drahi_100-d1-HET-UHI-65bfec0e89-r4,SS-913f9bd8400b,risk_neutral_expectation,4,MULTISTAGE_RH,LEXMMFSA,savings,13,16,1,1.0,4.421052631578935,0.0,121.80000000000001,126.0,0.0,0.0,false,0.0,0.0,0.0,0.0,0.0
shared_battery_mode_node_level_v1,SI-Drahi_100-d1-HET-UHI-BHI-c82d5d1087,TK-PB-Drahi_100-d1-HET-UHI-65bfec0e89-r4,SS-3c542c310e20,risk_neutral_expectation,4,MULTISTAGE_RH,LEXMMFSA,savings,17,17,1,0.0,0.0,32.0,126.0,92.31578947368422,0.0,0.0,false,0.0,0.0,0.0,0.0,0.0
shared_battery_mode_node_level_v1,SI-Drahi_100-d1-HET-UHI-BHI-c82d5d1087,TK-PB-Drahi_100-d1-HET-UHI-65bfec0e89-r4,SS-3c542c310e20,risk_neutral_expectation,4,MULTISTAGE_RH,LEXMMFSA,savings,17,18,1,0.19070302233902703,6.102496714848865,25.897503285151124,92.31578947368422,70.85263157894735,0.0,0.0,true,6.102496714848865,0.19070302233902703,0.0,0.0,0.0
shared_battery_mode_node_level_v1,SI-Drahi_100-d1-HET-UHI-BHI-c82d5d1087,TK-PB-Drahi_100-d1-HET-UHI-65bfec0e89-r4,SS-3c542c310e20,risk_neutral_expectation,4,MULTISTAGE_RH,LEXMMFSA,savings,17,19,1,1.0,32.0,0.0,70.85263157894735,101.25263157894736,0.0,0.0,false,0.0,0.0,0.0,0.0,0.0
shared_battery_mode_node_level_v1,SI-Drahi_100-d1-HET-UHI-BHI-c82d5d1087,TK-PB-Drahi_100-d1-HET-UHI-65bfec0e89-r4,SS-3c542c310e20,risk_neutral_expectation,4,MULTISTAGE_RH,LEXMMFSA,savings,17,20,1,0.0,0.0,32.0,101.25263157894736,67.56842105263158,0.0,0.0,false,0.0,0.0,0.0,0.0,0.0
shared_battery_mode_node_level_v1,SI-Drahi_100-d1-HET-UHI-BHI-c82d5d1087,TK-PB-Drahi_100-d1-HET-UHI-65bfec0e89-r4,SS-041e3670d673,risk_neutral_expectation,4,MULTISTAGE_RH,LEXMMFSA,savings,21,21,1,0.1490840034887273,4.770688111639274,27.229311888360726,67.56842105263158,43.438141191993395,0.0,0.0,true,4.770688111639274,0.1490840034887273,0.0,0.0,0.0
shared_battery_mode_node_level_v1,SI-Drahi_100-d1-HET-UHI-BHI-c82d5d1087,TK-PB-Drahi_100-d1-HET-UHI-65bfec0e89-r4,SS-041e3670d673,risk_neutral_expectation,4,MULTISTAGE_RH,LEXMMFSA,savings,21,22,1,0.0,0.0,32.0,43.438141191993395,9.753930665677608,0.0,0.0,false,0.0,0.0,7.105427357601002e-15,0.0,0.0
shared_battery_mode_node_level_v1,SI-Drahi_100-d1-HET-UHI-BHI-c82d5d1087,TK-PB-Drahi_100-d1-HET-UHI-65bfec0e89-r4,SS-041e3670d673,risk_neutral_expectation,4,MULTISTAGE_RH,LEXMMFSA,savings,21,23,1,1.0,32.0,0.0,9.753930665677608,40.153930665677606,0.0,0.0,false,0.0,0.0,7.105427357601002e-15,0.0,0.0
shared_battery_mode_node_level_v1,SI-Drahi_100-d1-HET-UHI-BHI-c82d5d1087,TK-PB-Drahi_100-d1-HET-UHI-65bfec0e89-r4,SS-041e3670d673,risk_neutral_expectation,4,MULTISTAGE_RH,LEXMMFSA,savings,21,24,1,1.0,32.0,0.0,40.153930665677606,70.5539306656776,0.0,0.0,false,0.0,0.0,1.4210854715202004e-14,0.0,0.0
shared_battery_mode_node_level_v1,SI-Drahi_100-d1-HET-UHI-BHI-c82d5d1087,TK-PB-Drahi_100-d1-HET-UHI-65bfec0e89-r4,SS-2a2d2fbd84a2,risk_neutral_expectation,4,MULTISTAGE_RH,NONE,none,1,1,1,1.0,0.0,0.0,0.2,0.2,0.0,0.0,false,0.0,0.0,0.0,0.0,0.0
shared_battery_mode_node_level_v1,SI-Drahi_100-d1-HET-UHI-BHI-c82d5d1087,TK-PB-Drahi_100-d1-HET-UHI-65bfec0e89-r4,SS-2a2d2fbd84a2,risk_neutral_expectation,4,MULTISTAGE_RH,NONE,none,1,2,1,1.0,32.0,0.0,0.2,30.599999999999998,0.0,0.0,false,0.0,0.0,0.0,0.0,0.0
shared_battery_mode_node_level_v1,SI-Drahi_100-d1-HET-UHI-BHI-c82d5d1087,TK-PB-Drahi_100-d1-HET-UHI-65bfec0e89-r4,SS-2a2d2fbd84a2,risk_neutral_expectation,4,MULTISTAGE_RH,NONE,none,1,3,1,1.0,0.0,0.0,30.599999999999998,30.599999999999998,0.0,0.0,false,0.0,0.0,0.0,0.0,0.0
shared_battery_mode_node_level_v1,SI-Drahi_100-d1-HET-UHI-BHI-c82d5d1087,TK-PB-Drahi_100-d1-HET-UHI-65bfec0e89-r4,SS-2a2d2fbd84a2,risk_neutral_expectation,4,MULTISTAGE_RH,NONE,none,1,4,1,1.0,32.0,0.0,30.599999999999998,61.0,0.0,0.0,false,0.0,0.0,0.0,0.0,0.0
shared_battery_mode_node_level_v1,SI-Drahi_100-d1-HET-UHI-BHI-c82d5d1087,TK-PB-Drahi_100-d1-HET-UHI-65bfec0e89-r4,SS-6c80fd11a123,risk_neutral_expectation,4,MULTISTAGE_RH,NONE,none,5,5,1,1.0,0.0,0.0,61.0,61.0,0.0,0.0,false,0.0,0.0,0.0,0.0,0.0
shared_battery_mode_node_level_v1,SI-Drahi_100-d1-HET-UHI-BHI-c82d5d1087,TK-PB-Drahi_100-d1-HET-UHI-65bfec0e89-r4,SS-6c80fd11a123,risk_neutral_expectation,4,MULTISTAGE_RH,NONE,none,5,6,1,0.0,0.0,32.0,61.0,27.315789473684212,0.0,0.0,false,0.0,0.0,0.0,0.0,0.0
shared_battery_mode_node_level_v1,SI-Drahi_100-d1-HET-UHI-BHI-c82d5d1087,TK-PB-Drahi_100-d1-HET-UHI-65bfec0e89-r4,SS-6c80fd11a123,risk_neutral_expectation,4,MULTISTAGE_RH,NONE,none,5,7,1,1.0,32.0,0.0,27.315789473684212,57.71578947368421,0.0,0.0,false,0.0,0.0,0.0,0.0,0.0
shared_battery_mode_node_level_v1,SI-Drahi_100-d1-HET-UHI-BHI-c82d5d1087,TK-PB-Drahi_100-d1-HET-UHI-65bfec0e89-r4,SS-6c80fd11a123,risk_neutral_expectation,4,MULTISTAGE_RH,NONE,none,5,8,1,0.024343688797109353,0.0,31.2210019584925,57.71578947368421,24.851576885797364,0.0,0.0,false,0.0,0.024343688797109353,7.105427357601002e-15,0.0,0.0
shared_battery_mode_node_level_v1,SI-Drahi_100-d1-HET-UHI-BHI-c82d5d1087,TK-PB-Drahi_100-d1-HET-UHI-65bfec0e89-r4,SS-66f9b4fb4544,risk_neutral_expectation,4,MULTISTAGE_RH,NONE,none,9,9,1,1.0,32.0,0.0,24.851576885797364,55.25157688579736,0.0,0.0,false,0.0,0.0,0.0,0.0,0.0
shared_battery_mode_node_level_v1,SI-Drahi_100-d1-HET-UHI-BHI-c82d5d1087,TK-PB-Drahi_100-d1-HET-UHI-65bfec0e89-r4,SS-66f9b4fb4544,risk_neutral_expectation,4,MULTISTAGE_RH,NONE,none,9,10,1,1.0,0.0,0.0,55.25157688579736,55.25157688579736,0.0,0.0,false,0.0,0.0,0.0,0.0,0.0
shared_battery_mode_node_level_v1,SI-Drahi_100-d1-HET-UHI-BHI-c82d5d1087,TK-PB-Drahi_100-d1-HET-UHI-65bfec0e89-r4,SS-66f9b4fb4544,risk_neutral_expectation,4,MULTISTAGE_RH,NONE,none,9,11,1,1.0,0.0,0.0,55.25157688579736,55.25157688579736,0.0,0.0,false,0.0,0.0,0.0,0.0,0.0
shared_battery_mode_node_level_v1,SI-Drahi_100-d1-HET-UHI-BHI-c82d5d1087,TK-PB-Drahi_100-d1-HET-UHI-65bfec0e89-r4,SS-66f9b4fb4544,risk_neutral_expectation,4,MULTISTAGE_RH,NONE,none,9,12,1,1.0,0.0,0.0,55.25157688579736,55.25157688579736,0.0,0.0,false,0.0,0.0,0.0,0.0,0.0
shared_battery_mode_node_level_v1,SI-Drahi_100-d1-HET-UHI-BHI-c82d5d1087,TK-PB-Drahi_100-d1-HET-UHI-65bfec0e89-r4,SS-913f9bd8400b,risk_neutral_expectation,4,MULTISTAGE_RH,NONE,none,13,13,1,0.10977749950511617,0.0,28.487120015836283,55.25157688579736,25.26513476386443,0.0,0.0,false,0.0,0.10977749950511617,3.552713678800501e-15,0.0,0.0
shared_battery_mode_node_level_v1,SI-Drahi_100-d1-HET-UHI-BHI-c82d5d1087,TK-PB-Drahi_100-d1-HET-UHI-65bfec0e89-r4,SS-913f9bd8400b,risk_neutral_expectation,4,MULTISTAGE_RH,NONE,none,13,14,1,1.0,0.0,0.0,25.26513476386443,25.26513476386443,0.0,0.0,false,0.0,0.0,3.552713678800501e-15,0.0,0.0
shared_battery_mode_node_level_v1,SI-Drahi_100-d1-HET-UHI-BHI-c82d5d1087,TK-PB-Drahi_100-d1-HET-UHI-65bfec0e89-r4,SS-913f9bd8400b,risk_neutral_expectation,4,MULTISTAGE_RH,NONE,none,13,15,1,1.0,9.072711328896165,0.0,25.26513476386443,33.88421052631578,0.0,0.0,false,0.0,0.0,7.105427357601002e-15,0.0,0.0
shared_battery_mode_node_level_v1,SI-Drahi_100-d1-HET-UHI-BHI-c82d5d1087,TK-PB-Drahi_100-d1-HET-UHI-65bfec0e89-r4,SS-913f9bd8400b,risk_neutral_expectation,4,MULTISTAGE_RH,NONE,none,13,16,1,1.0,0.0,0.0,33.88421052631578,33.88421052631578,0.0,0.0,false,0.0,0.0,7.105427357601002e-15,0.0,0.0
shared_battery_mode_node_level_v1,SI-Drahi_100-d1-HET-UHI-BHI-c82d5d1087,TK-PB-Drahi_100-d1-HET-UHI-65bfec0e89-r4,SS-3c542c310e20,risk_neutral_expectation,4,MULTISTAGE_RH,NONE,none,17,17,1,0.0,0.0,32.0,33.88421052631578,0.19999999999999574,0.0,0.0,false,0.0,0.0,0.0,4.274358644806853e-15,0.0
shared_battery_mode_node_level_v1,SI-Drahi_100-d1-HET-UHI-BHI-c82d5d1087,TK-PB-Drahi_100-d1-HET-UHI-65bfec0e89-r4,SS-3c542c310e20,risk_neutral_expectation,4,MULTISTAGE_RH,NONE,none,17,18,1,1.0,0.0,0.0,0.19999999999999574,0.19999999999999574,0.0,0.0,false,0.0,0.0,0.0,4.274358644806853e-15,0.0
shared_battery_mode_node_level_v1,SI-Drahi_100-d1-HET-UHI-BHI-c82d5d1087,TK-PB-Drahi_100-d1-HET-UHI-65bfec0e89-r4,SS-3c542c310e20,risk_neutral_expectation,4,MULTISTAGE_RH,NONE,none,17,19,1,1.0,32.0,0.0,0.19999999999999574,30.599999999999994,0.0,0.0,false,0.0,0.0,0.0,0.0,0.0
shared_battery_mode_node_level_v1,SI-Drahi_100-d1-HET-UHI-BHI-c82d5d1087,TK-PB-Drahi_100-d1-HET-UHI-65bfec0e89-r4,SS-3c542c310e20,risk_neutral_expectation,4,MULTISTAGE_RH,NONE,none,17,20,1,1.0,0.0,0.0,30.599999999999994,30.599999999999994,0.0,0.0,false,0.0,0.0,0.0,0.0,0.0
shared_battery_mode_node_level_v1,SI-Drahi_100-d1-HET-UHI-BHI-c82d5d1087,TK-PB-Drahi_100-d1-HET-UHI-65bfec0e89-r4,SS-041e3670d673,risk_neutral_expectation,4,MULTISTAGE_RH,NONE,none,21,21,1,1.0,0.0,0.0,30.599999999999994,30.599999999999994,0.0,0.0,false,0.0,0.0,0.0,0.0,0.0
shared_battery_mode_node_level_v1,SI-Drahi_100-d1-HET-UHI-BHI-c82d5d1087,TK-PB-Drahi_100-d1-HET-UHI-65bfec0e89-r4,SS-041e3670d673,risk_neutral_expectation,4,MULTISTAGE_RH,NONE,none,21,22,1,1.0,0.0,0.0,30.599999999999994,30.599999999999994,0.0,0.0,false,0.0,0.0,0.0,0.0,0.0
shared_battery_mode_node_level_v1,SI-Drahi_100-d1-HET-UHI-BHI-c82d5d1087,TK-PB-Drahi_100-d1-HET-UHI-65bfec0e89-r4,SS-041e3670d673,risk_neutral_expectation,4,MULTISTAGE_RH,NONE,none,21,23,1,1.0,27.56425775317242,0.0,30.599999999999994,56.78604486551379,0.0,0.0,false,0.0,0.0,7.105427357601002e-15,0.0,0.0
shared_battery_mode_node_level_v1,SI-Drahi_100-d1-HET-UHI-BHI-c82d5d1087,TK-PB-Drahi_100-d1-HET-UHI-65bfec0e89-r4,SS-041e3670d673,risk_neutral_expectation,4,MULTISTAGE_RH,NONE,none,21,24,1,1.0,32.0,0.0,56.78604486551379,87.1860448655138,0.0,0.0,false,0.0,0.0,0.0,0.0,0.0
shared_battery_mode_node_level_v1,SI-Drahi_100-d1-HET-UHI-BHI-c82d5d1087,TK-PB-Drahi_100-d1-HET-UHI-65bfec0e89-r4,SS-2a2d2fbd84a2,risk_neutral_expectation,4,MULTISTAGE_RH,PEA,pv,1,1,1,1.0,0.0,0.0,0.2,0.2,0.0,0.0,false,0.0,0.0,0.0,0.0,0.0
shared_battery_mode_node_level_v1,SI-Drahi_100-d1-HET-UHI-BHI-c82d5d1087,TK-PB-Drahi_100-d1-HET-UHI-65bfec0e89-r4,SS-2a2d2fbd84a2,risk_neutral_expectation,4,MULTISTAGE_RH,PEA,pv,1,2,1,1.0,32.0,0.0,0.2,30.599999999999998,0.0,0.0,false,0.0,0.0,0.0,0.0,0.0
shared_battery_mode_node_level_v1,SI-Drahi_100-d1-HET-UHI-BHI-c82d5d1087,TK-PB-Drahi_100-d1-HET-UHI-65bfec0e89-r4,SS-2a2d2fbd84a2,risk_neutral_expectation,4,MULTISTAGE_RH,PEA,pv,1,3,1,1.0,0.0,0.0,30.599999999999998,30.599999999999998,0.0,0.0,false,0.0,0.0,0.0,0.0,0.0
shared_battery_mode_node_level_v1,SI-Drahi_100-d1-HET-UHI-BHI-c82d5d1087,TK-PB-Drahi_100-d1-HET-UHI-65bfec0e89-r4,SS-2a2d2fbd84a2,risk_neutral_expectation,4,MULTISTAGE_RH,PEA,pv,1,4,1,1.0,32.0,0.0,30.599999999999998,61.0,0.0,0.0,false,0.0,0.0,0.0,0.0,0.0
shared_battery_mode_node_level_v1,SI-Drahi_100-d1-HET-UHI-BHI-c82d5d1087,TK-PB-Drahi_100-d1-HET-UHI-65bfec0e89-r4,SS-6c80fd11a123,risk_neutral_expectation,4,MULTISTAGE_RH,PEA,pv,5,5,1,1.0,0.0,0.0,61.0,61.0,0.0,0.0,false,0.0,0.0,0.0,0.0,0.0
shared_battery_mode_node_level_v1,SI-Drahi_100-d1-HET-UHI-BHI-c82d5d1087,TK-PB-Drahi_100-d1-HET-UHI-65bfec0e89-r4,SS-6c80fd11a123,risk_neutral_expectation,4,MULTISTAGE_RH,PEA,pv,5,6,1,0.0,0.0,32.0,61.0,27.315789473684212,0.0,0.0,false,0.0,0.0,0.0,0.0,0.0
shared_battery_mode_node_level_v1,SI-Drahi_100-d1-HET-UHI-BHI-c82d5d1087,TK-PB-Drahi_100-d1-HET-UHI-65bfec0e89-r4,SS-6c80fd11a123,risk_neutral_expectation,4,MULTISTAGE_RH,PEA,pv,5,7,1,1.0,6.914127423822716,0.0,27.315789473684212,33.88421052631579,0.0,0.0,false,0.0,0.0,0.0,0.0,0.0
shared_battery_mode_node_level_v1,SI-Drahi_100-d1-HET-UHI-BHI-c82d5d1087,TK-PB-Drahi_100-d1-HET-UHI-65bfec0e89-r4,SS-6c80fd11a123,risk_neutral_expectation,4,MULTISTAGE_RH,PEA,pv,5,8,1,0.0,0.0,32.0,33.88421052631579,0.20000000000000284,0.0,0.0,false,0.0,0.0,2.831068712794149e-15,0.0,0.0
shared_battery_mode_node_level_v1,SI-Drahi_100-d1-HET-UHI-BHI-c82d5d1087,TK-PB-Drahi_100-d1-HET-UHI-65bfec0e89-r4,SS-66f9b4fb4544,risk_neutral_expectation,4,MULTISTAGE_RH,PEA,pv,9,9,1,1.0,32.0,0.0,0.20000000000000284,30.6,0.0,0.0,false,0.0,0.0,0.0,0.0,0.0
shared_battery_mode_node_level_v1,SI-Drahi_100-d1-HET-UHI-BHI-c82d5d1087,TK-PB-Drahi_100-d1-HET-UHI-65bfec0e89-r4,SS-66f9b4fb4544,risk_neutral_expectation,4,MULTISTAGE_RH,PEA,pv,9,10,1,1.0,32.0,0.0,30.6,61.0,0.0,0.0,false,0.0,0.0,0.0,0.0,0.0
shared_battery_mode_node_level_v1,SI-Drahi_100-d1-HET-UHI-BHI-c82d5d1087,TK-PB-Drahi_100-d1-HET-UHI-65bfec0e89-r4,SS-66f9b4fb4544,risk_neutral_expectation,4,MULTISTAGE_RH,PEA,pv,9,11,1,0.07094559202884954,2.270258944923187,29.729741055076815,61.0,31.862281729175116,1.7763568394002505e-15,0.0,true,2.270258944923187,0.07094559202884954,3.552713678800501e-15,0.0,0.0
shared_battery_mode_node_level_v1,SI-Drahi_100-d1-HET-UHI-BHI-c82d5d1087,TK-PB-Drahi_100-d1-HET-UHI-65bfec0e89-r4,SS-66f9b4fb4544,risk_neutral_expectation,4,MULTISTAGE_RH,PEA,pv,9,12,1,1.0,32.0,0.0,31.862281729175116,62.262281729175115,0.0,0.0,false,0.0,0.0,0.0,0.0,0.0
shared_battery_mode_node_level_v1,SI-Drahi_100-d1-HET-UHI-BHI-c82d5d1087,TK-PB-Drahi_100-d1-HET-UHI-65bfec0e89-r4,SS-913f9bd8400b,risk_neutral_expectation,4,MULTISTAGE_RH,PEA,pv,13,13,1,0.09708988760321335,3.106876403302829,28.893123596697173,62.262281729175115,34.79999999999999,1.7763568394002505e-15,0.0,true,3.106876403302829,0.09708988760321335,7.105427357601002e-15,0.0,0.0
shared_battery_mode_node_level_v1,SI-Drahi_100-d1-HET-UHI-BHI-c82d5d1087,TK-PB-Drahi_100-d1-HET-UHI-65bfec0e89-r4,SS-913f9bd8400b,risk_neutral_expectation,4,MULTISTAGE_RH,PEA,pv,13,14,1,1.0,32.0,0.0,34.79999999999999,65.19999999999999,0.0,0.0,false,0.0,0.0,0.0,0.0,0.0
shared_battery_mode_node_level_v1,SI-Drahi_100-d1-HET-UHI-BHI-c82d5d1087,TK-PB-Drahi_100-d1-HET-UHI-65bfec0e89-r4,SS-913f9bd8400b,risk_neutral_expectation,4,MULTISTAGE_RH,PEA,pv,13,15,1,1.0,32.0,0.0,65.19999999999999,95.6,0.0,0.0,false,0.0,0.0,0.0,0.0,0.0
shared_battery_mode_node_level_v1,SI-Drahi_100-d1-HET-UHI-BHI-c82d5d1087,TK-PB-Drahi_100-d1-HET-UHI-65bfec0e89-r4,SS-913f9bd8400b,risk_neutral_expectation,4,MULTISTAGE_RH,PEA,pv,13,16,1,1.0,32.0,0.0,95.6,126.0,0.0,0.0,false,0.0,0.0,0.0,0.0,0.0
shared_battery_mode_node_level_v1,SI-Drahi_100-d1-HET-UHI-BHI-c82d5d1087,TK-PB-Drahi_100-d1-HET-UHI-65bfec0e89-r4,SS-3c542c310e20,risk_neutral_expectation,4,MULTISTAGE_RH,PEA,pv,17,17,1,0.0,0.0,32.0,126.0,92.31578947368422,0.0,0.0,false,0.0,0.0,0.0,0.0,0.0
shared_battery_mode_node_level_v1,SI-Drahi_100-d1-HET-UHI-BHI-c82d5d1087,TK-PB-Drahi_100-d1-HET-UHI-65bfec0e89-r4,SS-3c542c310e20,risk_neutral_expectation,4,MULTISTAGE_RH,PEA,pv,17,18,1,1.0,0.0,0.0,92.31578947368422,92.31578947368422,0.0,0.0,false,0.0,0.0,0.0,0.0,0.0
shared_battery_mode_node_level_v1,SI-Drahi_100-d1-HET-UHI-BHI-c82d5d1087,TK-PB-Drahi_100-d1-HET-UHI-65bfec0e89-r4,SS-3c542c310e20,risk_neutral_expectation,4,MULTISTAGE_RH,PEA,pv,17,19,1,1.0,32.0,0.0,92.31578947368422,122.71578947368423,0.0,0.0,false,0.0,0.0,0.0,0.0,0.0
shared_battery_mode_node_level_v1,SI-Drahi_100-d1-HET-UHI-BHI-c82d5d1087,TK-PB-Drahi_100-d1-HET-UHI-65bfec0e89-r4,SS-3c542c310e20,risk_neutral_expectation,4,MULTISTAGE_RH,PEA,pv,17,20,1,1.0,0.0,0.0,122.71578947368423,122.71578947368423,0.0,0.0,false,0.0,0.0,0.0,0.0,0.0
shared_battery_mode_node_level_v1,SI-Drahi_100-d1-HET-UHI-BHI-c82d5d1087,TK-PB-Drahi_100-d1-HET-UHI-65bfec0e89-r4,SS-041e3670d673,risk_neutral_expectation,4,MULTISTAGE_RH,PEA,pv,21,21,1,1.0,0.0,0.0,122.71578947368423,122.71578947368423,0.0,0.0,false,0.0,0.0,0.0,0.0,0.0
shared_battery_mode_node_level_v1,SI-Drahi_100-d1-HET-UHI-BHI-c82d5d1087,TK-PB-Drahi_100-d1-HET-UHI-65bfec0e89-r4,SS-041e3670d673,risk_neutral_expectation,4,MULTISTAGE_RH,PEA,pv,21,22,1,0.0,0.0,32.0,122.71578947368423,89.03157894736844,0.0,0.0,false,0.0,0.0,0.0,0.0,0.0
shared_battery_mode_node_level_v1,SI-Drahi_100-d1-HET-UHI-BHI-c82d5d1087,TK-PB-Drahi_100-d1-HET-UHI-65bfec0e89-r4,SS-041e3670d673,risk_neutral_expectation,4,MULTISTAGE_RH,PEA,pv,21,23,1,1.0,0.0,0.0,89.03157894736844,89.03157894736844,0.0,0.0,false,0.0,0.0,0.0,0.0,0.0
shared_battery_mode_node_level_v1,SI-Drahi_100-d1-HET-UHI-BHI-c82d5d1087,TK-PB-Drahi_100-d1-HET-UHI-65bfec0e89-r4,SS-041e3670d673,risk_neutral_expectation,4,MULTISTAGE_RH,PEA,pv,21,24,1,1.0,0.0,0.0,89.03157894736844,89.03157894736844,0.0,0.0,false,0.0,0.0,0.0,0.0,0.0
shared_battery_mode_node_level_v1,SI-Drahi_100-d1-HET-UHI-BHI-c82d5d1087,TK-PB-Drahi_100-d1-HET-UHI-65bfec0e89-r4,SS-2a2d2fbd84a2,risk_neutral_expectation,4,MULTISTAGE_RH,SA,savings,1,1,1,0.5768725361366622,18.45992115637319,13.540078843626809,0.2,3.484210526315783,0.0,0.0,true,13.540078843626809,0.42312746386333777,1.7763568394002505e-15,0.0,0.0
shared_battery_mode_node_level_v1,SI-Drahi_100-d1-HET-UHI-BHI-c82d5d1087,TK-PB-Drahi_100-d1-HET-UHI-65bfec0e89-r4,SS-2a2d2fbd84a2,risk_neutral_expectation,4,MULTISTAGE_RH,SA,savings,1,2,1,1.0,32.0,0.0,3.484210526315783,33.88421052631578,0.0,0.0,false,0.0,0.0,0.0,0.0,0.0
shared_battery_mode_node_level_v1,SI-Drahi_100-d1-HET-UHI-BHI-c82d5d1087,TK-PB-Drahi_100-d1-HET-UHI-65bfec0e89-r4,SS-2a2d2fbd84a2,risk_neutral_expectation,4,MULTISTAGE_RH,SA,savings,1,3,1,0.0,0.0,31.999999999999996,33.88421052631578,0.19999999999999574,0.0,0.0,false,0.0,0.0,4.274358644806853e-15,4.274358644806853e-15,0.0
shared_battery_mode_node_level_v1,SI-Drahi_100-d1-HET-UHI-BHI-c82d5d1087,TK-PB-Drahi_100-d1-HET-UHI-65bfec0e89-r4,SS-2a2d2fbd84a2,risk_neutral_expectation,4,MULTISTAGE_RH,SA,savings,1,4,1,1.0,32.0,0.0,0.19999999999999574,30.599999999999994,0.0,0.0,false,0.0,0.0,3.552713678800501e-15,0.0,0.0
shared_battery_mode_node_level_v1,SI-Drahi_100-d1-HET-UHI-BHI-c82d5d1087,TK-PB-Drahi_100-d1-HET-UHI-65bfec0e89-r4,SS-6c80fd11a123,risk_neutral_expectation,4,MULTISTAGE_RH,SA,savings,5,5,1,0.6281208935611038,20.09986859395532,11.90013140604468,30.599999999999994,37.16842105263157,0.0,1.7763568394002505e-15,true,11.90013140604468,0.3718791064388962,0.0,0.0,0.0
shared_battery_mode_node_level_v1,SI-Drahi_100-d1-HET-UHI-BHI-c82d5d1087,TK-PB-Drahi_100-d1-HET-UHI-65bfec0e89-r4,SS-6c80fd11a123,risk_neutral_expectation,4,MULTISTAGE_RH,SA,savings,5,6,1,0.0,0.0,32.0,37.16842105263157,3.4842105263157848,0.0,0.0,false,0.0,0.0,0.0,0.0,0.0
shared_battery_mode_node_level_v1,SI-Drahi_100-d1-HET-UHI-BHI-c82d5d1087,TK-PB-Drahi_100-d1-HET-UHI-65bfec0e89-r4,SS-6c80fd11a123,risk_neutral_expectation,4,MULTISTAGE_RH,SA,savings,5,7,1,1.0,32.0,0.0,3.4842105263157848,33.88421052631578,0.0,0.0,false,0.0,0.0,0.0,0.0,0.0
shared_battery_mode_node_level_v1,SI-Drahi_100-d1-HET-UHI-BHI-c82d5d1087,TK-PB-Drahi_100-d1-HET-UHI-65bfec0e89-r4,SS-6c80fd11a123,risk_neutral_expectation,4,MULTISTAGE_RH,SA,savings,5,8,1,0.0,0.0,31.999999999999993,33.88421052631578,0.20000000000000284,0.0,0.0,false,0.0,0.0,2.831068712794149e-15,0.0,0.0
shared_battery_mode_node_level_v1,SI-Drahi_100-d1-HET-UHI-BHI-c82d5d1087,TK-PB-Drahi_100-d1-HET-UHI-65bfec0e89-r4,SS-66f9b4fb4544,risk_neutral_expectation,4,MULTISTAGE_RH,SA,savings,9,9,1,1.0,32.0,0.0,0.20000000000000284,30.6,0.0,0.0,false,0.0,0.0,0.0,0.0,0.0
shared_battery_mode_node_level_v1,SI-Drahi_100-d1-HET-UHI-BHI-c82d5d1087,TK-PB-Drahi_100-d1-HET-UHI-65bfec0e89-r4,SS-66f9b4fb4544,risk_neutral_expectation,4,MULTISTAGE_RH,SA,savings,9,10,1,1.0,0.0,0.0,30.6,30.6,0.0,0.0,false,0.0,0.0,0.0,0.0,0.0
shared_battery_mode_node_level_v1,SI-Drahi_100-d1-HET-UHI-BHI-c82d5d1087,TK-PB-Drahi_100-d1-HET-UHI-65bfec0e89-r4,SS-66f9b4fb4544,risk_neutral_expectation,4,MULTISTAGE_RH,SA,savings,9,11,1,1.0,0.0,0.0,30.6,30.6,0.0,0.0,false,0.0,0.0,0.0,0.0,0.0
shared_battery_mode_node_level_v1,SI-Drahi_100-d1-HET-UHI-BHI-c82d5d1087,TK-PB-Drahi_100-d1-HET-UHI-65bfec0e89-r4,SS-66f9b4fb4544,risk_neutral_expectation,4,MULTISTAGE_RH,SA,savings,9,12,1,1.0,32.0,0.0,30.6,61.0,0.0,0.0,false,0.0,0.0,0.0,0.0,0.0
shared_battery_mode_node_level_v1,SI-Drahi_100-d1-HET-UHI-BHI-c82d5d1087,TK-PB-Drahi_100-d1-HET-UHI-65bfec0e89-r4,SS-913f9bd8400b,risk_neutral_expectation,4,MULTISTAGE_RH,SA,savings,13,13,1,1.0,0.0,0.0,61.0,61.0,0.0,0.0,false,0.0,0.0,0.0,0.0,0.0
shared_battery_mode_node_level_v1,SI-Drahi_100-d1-HET-UHI-BHI-c82d5d1087,TK-PB-Drahi_100-d1-HET-UHI-65bfec0e89-r4,SS-913f9bd8400b,risk_neutral_expectation,4,MULTISTAGE_RH,SA,savings,13,14,1,1.0,32.0,0.0,61.0,91.4,0.0,0.0,false,0.0,0.0,0.0,0.0,0.0
shared_battery_mode_node_level_v1,SI-Drahi_100-d1-HET-UHI-BHI-c82d5d1087,TK-PB-Drahi_100-d1-HET-UHI-65bfec0e89-r4,SS-913f9bd8400b,risk_neutral_expectation,4,MULTISTAGE_RH,SA,savings,13,15,1,1.0,32.0,0.0,91.4,121.80000000000001,0.0,0.0,false,0.0,0.0,0.0,0.0,0.0
shared_battery_mode_node_level_v1,SI-Drahi_100-d1-HET-UHI-BHI-c82d5d1087,TK-PB-Drahi_100-d1-HET-UHI-65bfec0e89-r4,SS-913f9bd8400b,risk_neutral_expectation,4,MULTISTAGE_RH,SA,savings,13,16,1,1.0,4.421052631578935,0.0,121.80000000000001,126.0,0.0,0.0,false,0.0,0.0,0.0,0.0,0.0
shared_battery_mode_node_level_v1,SI-Drahi_100-d1-HET-UHI-BHI-c82d5d1087,TK-PB-Drahi_100-d1-HET-UHI-65bfec0e89-r4,SS-3c542c310e20,risk_neutral_expectation,4,MULTISTAGE_RH,SA,savings,17,17,1,0.0,0.0,32.0,126.0,92.31578947368422,0.0,0.0,false,0.0,0.0,0.0,0.0,0.0
shared_battery_mode_node_level_v1,SI-Drahi_100-d1-HET-UHI-BHI-c82d5d1087,TK-PB-Drahi_100-d1-HET-UHI-65bfec0e89-r4,SS-3c542c310e20,risk_neutral_expectation,4,MULTISTAGE_RH,SA,savings,17,18,1,0.44694480946123505,14.302233902759522,17.69776609724048,92.31578947368422,87.27368421052631,0.0,0.0,true,14.302233902759522,0.44694480946123505,0.0,0.0,0.0
shared_battery_mode_node_level_v1,SI-Drahi_100-d1-HET-UHI-BHI-c82d5d1087,TK-PB-Drahi_100-d1-HET-UHI-65bfec0e89-r4,SS-3c542c310e20,risk_neutral_expectation,4,MULTISTAGE_RH,SA,savings,17,19,1,1.0,32.0,0.0,87.27368421052631,117.67368421052632,0.0,0.0,false,0.0,0.0,0.0,0.0,0.0
shared_battery_mode_node_level_v1,SI-Drahi_100-d1-HET-UHI-BHI-c82d5d1087,TK-PB-Drahi_100-d1-HET-UHI-65bfec0e89-r4,SS-3c542c310e20,risk_neutral_expectation,4,MULTISTAGE_RH,SA,savings,17,20,1,0.0,0.0,32.0,117.67368421052632,83.98947368421054,0.0,0.0,false,0.0,0.0,1.4210854715202004e-14,0.0,0.0
shared_battery_mode_node_level_v1,SI-Drahi_100-d1-HET-UHI-BHI-c82d5d1087,TK-PB-Drahi_100-d1-HET-UHI-65bfec0e89-r4,SS-041e3670d673,risk_neutral_expectation,4,MULTISTAGE_RH,SA,savings,21,21,1,0.602301982701764,19.27366344645645,12.72633655354355,83.98947368421054,88.903310217772,0.0,0.0,true,12.72633655354355,0.39769801729823595,0.0,0.0,0.0
shared_battery_mode_node_level_v1,SI-Drahi_100-d1-HET-UHI-BHI-c82d5d1087,TK-PB-Drahi_100-d1-HET-UHI-65bfec0e89-r4,SS-041e3670d673,risk_neutral_expectation,4,MULTISTAGE_RH,SA,savings,21,22,1,0.0,0.0,32.0,88.903310217772,55.219099691456215,0.0,0.0,false,0.0,0.0,7.105427357601002e-15,0.0,0.0
shared_battery_mode_node_level_v1,SI-Drahi_100-d1-HET-UHI-BHI-c82d5d1087,TK-PB-Drahi_100-d1-HET-UHI-65bfec0e89-r4,SS-041e3670d673,risk_neutral_expectation,4,MULTISTAGE_RH,SA,savings,21,23,1,1.0,32.0,0.0,55.219099691456215,85.61909969145621,0.0,0.0,false,0.0,0.0,1.4210854715202004e-14,0.0,0.0
shared_battery_mode_node_level_v1,SI-Drahi_100-d1-HET-UHI-BHI-c82d5d1087,TK-PB-Drahi_100-d1-HET-UHI-65bfec0e89-r4,SS-041e3670d673,risk_neutral_expectation,4,MULTISTAGE_RH,SA,savings,21,24,1,1.0,32.0,0.0,85.61909969145621,116.0190996914562,0.0,0.0,false,0.0,0.0,1.4210854715202004e-14,0.0,0.0
shared_battery_mode_node_level_v1,SI-Drahi_100-d1-HET-UHI-BHI-c82d5d1087,TK-PB-Drahi_100-d1-HET-UHI-65bfec0e89-r4,SS-2a2d2fbd84a2,risk_neutral_expectation,4,MULTISTAGE_RH,STATIC_DEMAND_SHARE,pv,1,1,1,1.0,0.0,0.0,0.2,0.2,0.0,0.0,false,0.0,0.0,0.0,0.0,0.0
shared_battery_mode_node_level_v1,SI-Drahi_100-d1-HET-UHI-BHI-c82d5d1087,TK-PB-Drahi_100-d1-HET-UHI-65bfec0e89-r4,SS-2a2d2fbd84a2,risk_neutral_expectation,4,MULTISTAGE_RH,STATIC_DEMAND_SHARE,pv,1,2,1,1.0,32.0,0.0,0.2,30.599999999999998,0.0,0.0,false,0.0,0.0,0.0,0.0,0.0
shared_battery_mode_node_level_v1,SI-Drahi_100-d1-HET-UHI-BHI-c82d5d1087,TK-PB-Drahi_100-d1-HET-UHI-65bfec0e89-r4,SS-2a2d2fbd84a2,risk_neutral_expectation,4,MULTISTAGE_RH,STATIC_DEMAND_SHARE,pv,1,3,1,1.0,0.0,0.0,30.599999999999998,30.599999999999998,0.0,0.0,false,0.0,0.0,0.0,0.0,0.0
shared_battery_mode_node_level_v1,SI-Drahi_100-d1-HET-UHI-BHI-c82d5d1087,TK-PB-Drahi_100-d1-HET-UHI-65bfec0e89-r4,SS-2a2d2fbd84a2,risk_neutral_expectation,4,MULTISTAGE_RH,STATIC_DEMAND_SHARE,pv,1,4,1,1.0,32.0,0.0,30.599999999999998,61.0,0.0,0.0,false,0.0,0.0,0.0,0.0,0.0
shared_battery_mode_node_level_v1,SI-Drahi_100-d1-HET-UHI-BHI-c82d5d1087,TK-PB-Drahi_100-d1-HET-UHI-65bfec0e89-r4,SS-6c80fd11a123,risk_neutral_expectation,4,MULTISTAGE_RH,STATIC_DEMAND_SHARE,pv,5,5,1,1.0,0.0,0.0,61.0,61.0,0.0,0.0,false,0.0,0.0,0.0,0.0,0.0
shared_battery_mode_node_level_v1,SI-Drahi_100-d1-HET-UHI-BHI-c82d5d1087,TK-PB-Drahi_100-d1-HET-UHI-65bfec0e89-r4,SS-6c80fd11a123,risk_neutral_expectation,4,MULTISTAGE_RH,STATIC_DEMAND_SHARE,pv,5,6,1,0.0,0.0,32.0,61.0,27.315789473684212,0.0,0.0,false,0.0,0.0,0.0,0.0,0.0
shared_battery_mode_node_level_v1,SI-Drahi_100-d1-HET-UHI-BHI-c82d5d1087,TK-PB-Drahi_100-d1-HET-UHI-65bfec0e89-r4,SS-6c80fd11a123,risk_neutral_expectation,4,MULTISTAGE_RH,STATIC_DEMAND_SHARE,pv,5,7,1,1.0,32.0,0.0,27.315789473684212,57.71578947368421,0.0,0.0,false,0.0,0.0,0.0,0.0,0.0
shared_battery_mode_node_level_v1,SI-Drahi_100-d1-HET-UHI-BHI-c82d5d1087,TK-PB-Drahi_100-d1-HET-UHI-65bfec0e89-r4,SS-6c80fd11a123,risk_neutral_expectation,4,MULTISTAGE_RH,STATIC_DEMAND_SHARE,pv,5,8,1,0.024343688797109353,0.0,31.2210019584925,57.71578947368421,24.851576885797364,0.0,0.0,false,0.0,0.024343688797109353,7.105427357601002e-15,0.0,0.0
shared_battery_mode_node_level_v1,SI-Drahi_100-d1-HET-UHI-BHI-c82d5d1087,TK-PB-Drahi_100-d1-HET-UHI-65bfec0e89-r4,SS-66f9b4fb4544,risk_neutral_expectation,4,MULTISTAGE_RH,STATIC_DEMAND_SHARE,pv,9,9,1,1.0,32.0,0.0,24.851576885797364,55.25157688579736,0.0,0.0,false,0.0,0.0,0.0,0.0,0.0
shared_battery_mode_node_level_v1,SI-Drahi_100-d1-HET-UHI-BHI-c82d5d1087,TK-PB-Drahi_100-d1-HET-UHI-65bfec0e89-r4,SS-66f9b4fb4544,risk_neutral_expectation,4,MULTISTAGE_RH,STATIC_DEMAND_SHARE,pv,9,10,1,1.0,0.0,0.0,55.25157688579736,55.25157688579736,0.0,0.0,false,0.0,0.0,0.0,0.0,0.0
shared_battery_mode_node_level_v1,SI-Drahi_100-d1-HET-UHI-BHI-c82d5d1087,TK-PB-Drahi_100-d1-HET-UHI-65bfec0e89-r4,SS-66f9b4fb4544,risk_neutral_expectation,4,MULTISTAGE_RH,STATIC_DEMAND_SHARE,pv,9,11,1,1.0,0.0,0.0,55.25157688579736,55.25157688579736,0.0,0.0,false,0.0,0.0,0.0,0.0,0.0
shared_battery_mode_node_level_v1,SI-Drahi_100-d1-HET-UHI-BHI-c82d5d1087,TK-PB-Drahi_100-d1-HET-UHI-65bfec0e89-r4,SS-66f9b4fb4544,risk_neutral_expectation,4,MULTISTAGE_RH,STATIC_DEMAND_SHARE,pv,9,12,1,1.0,0.0,0.0,55.25157688579736,55.25157688579736,0.0,0.0,false,0.0,0.0,0.0,0.0,0.0
shared_battery_mode_node_level_v1,SI-Drahi_100-d1-HET-UHI-BHI-c82d5d1087,TK-PB-Drahi_100-d1-HET-UHI-65bfec0e89-r4,SS-913f9bd8400b,risk_neutral_expectation,4,MULTISTAGE_RH,STATIC_DEMAND_SHARE,pv,13,13,1,0.10977749950511617,0.0,28.487120015836283,55.25157688579736,25.26513476386443,0.0,0.0,false,0.0,0.10977749950511617,3.552713678800501e-15,0.0,0.0
shared_battery_mode_node_level_v1,SI-Drahi_100-d1-HET-UHI-BHI-c82d5d1087,TK-PB-Drahi_100-d1-HET-UHI-65bfec0e89-r4,SS-913f9bd8400b,risk_neutral_expectation,4,MULTISTAGE_RH,STATIC_DEMAND_SHARE,pv,13,14,1,1.0,0.0,0.0,25.26513476386443,25.26513476386443,0.0,0.0,false,0.0,0.0,3.552713678800501e-15,0.0,0.0
shared_battery_mode_node_level_v1,SI-Drahi_100-d1-HET-UHI-BHI-c82d5d1087,TK-PB-Drahi_100-d1-HET-UHI-65bfec0e89-r4,SS-913f9bd8400b,risk_neutral_expectation,4,MULTISTAGE_RH,STATIC_DEMAND_SHARE,pv,13,15,1,1.0,9.072711328896165,0.0,25.26513476386443,33.88421052631578,0.0,0.0,false,0.0,0.0,7.105427357601002e-15,0.0,0.0
shared_battery_mode_node_level_v1,SI-Drahi_100-d1-HET-UHI-BHI-c82d5d1087,TK-PB-Drahi_100-d1-HET-UHI-65bfec0e89-r4,SS-913f9bd8400b,risk_neutral_expectation,4,MULTISTAGE_RH,STATIC_DEMAND_SHARE,pv,13,16,1,1.0,0.0,0.0,33.88421052631578,33.88421052631578,0.0,0.0,false,0.0,0.0,7.105427357601002e-15,0.0,0.0
shared_battery_mode_node_level_v1,SI-Drahi_100-d1-HET-UHI-BHI-c82d5d1087,TK-PB-Drahi_100-d1-HET-UHI-65bfec0e89-r4,SS-3c542c310e20,risk_neutral_expectation,4,MULTISTAGE_RH,STATIC_DEMAND_SHARE,pv,17,17,1,0.0,0.0,31.999999999999996,33.88421052631578,0.19999999999999574,0.0,0.0,false,0.0,0.0,4.274358644806853e-15,4.274358644806853e-15,0.0
shared_battery_mode_node_level_v1,SI-Drahi_100-d1-HET-UHI-BHI-c82d5d1087,TK-PB-Drahi_100-d1-HET-UHI-65bfec0e89-r4,SS-3c542c310e20,risk_neutral_expectation,4,MULTISTAGE_RH,STATIC_DEMAND_SHARE,pv,17,18,1,1.0,0.0,0.0,0.19999999999999574,0.19999999999999574,0.0,0.0,false,0.0,0.0,4.274358644806853e-15,4.274358644806853e-15,0.0
shared_battery_mode_node_level_v1,SI-Drahi_100-d1-HET-UHI-BHI-c82d5d1087,TK-PB-Drahi_100-d1-HET-UHI-65bfec0e89-r4,SS-3c542c310e20,risk_neutral_expectation,4,MULTISTAGE_RH,STATIC_DEMAND_SHARE,pv,17,19,1,1.0,32.0,0.0,0.19999999999999574,30.599999999999994,0.0,0.0,false,0.0,0.0,3.552713678800501e-15,0.0,0.0
shared_battery_mode_node_level_v1,SI-Drahi_100-d1-HET-UHI-BHI-c82d5d1087,TK-PB-Drahi_100-d1-HET-UHI-65bfec0e89-r4,SS-3c542c310e20,risk_neutral_expectation,4,MULTISTAGE_RH,STATIC_DEMAND_SHARE,pv,17,20,1,1.0,0.0,0.0,30.599999999999994,30.599999999999994,0.0,0.0,false,0.0,0.0,3.552713678800501e-15,0.0,0.0
shared_battery_mode_node_level_v1,SI-Drahi_100-d1-HET-UHI-BHI-c82d5d1087,TK-PB-Drahi_100-d1-HET-UHI-65bfec0e89-r4,SS-041e3670d673,risk_neutral_expectation,4,MULTISTAGE_RH,STATIC_DEMAND_SHARE,pv,21,21,1,1.0,0.0,0.0,30.599999999999994,30.599999999999994,0.0,0.0,false,0.0,0.0,0.0,0.0,0.0
shared_battery_mode_node_level_v1,SI-Drahi_100-d1-HET-UHI-BHI-c82d5d1087,TK-PB-Drahi_100-d1-HET-UHI-65bfec0e89-r4,SS-041e3670d673,risk_neutral_expectation,4,MULTISTAGE_RH,STATIC_DEMAND_SHARE,pv,21,22,1,1.0,0.0,0.0,30.599999999999994,30.599999999999994,0.0,0.0,false,0.0,0.0,0.0,0.0,0.0
shared_battery_mode_node_level_v1,SI-Drahi_100-d1-HET-UHI-BHI-c82d5d1087,TK-PB-Drahi_100-d1-HET-UHI-65bfec0e89-r4,SS-041e3670d673,risk_neutral_expectation,4,MULTISTAGE_RH,STATIC_DEMAND_SHARE,pv,21,23,1,1.0,27.56425775317242,0.0,30.599999999999994,56.78604486551379,0.0,0.0,false,0.0,0.0,7.105427357601002e-15,0.0,0.0
shared_battery_mode_node_level_v1,SI-Drahi_100-d1-HET-UHI-BHI-c82d5d1087,TK-PB-Drahi_100-d1-HET-UHI-65bfec0e89-r4,SS-041e3670d673,risk_neutral_expectation,4,MULTISTAGE_RH,STATIC_DEMAND_SHARE,pv,21,24,1,1.0,32.0,0.0,56.78604486551379,87.1860448655138,0.0,0.0,false,0.0,0.0,0.0,0.0,0.0
shared_battery_mode_node_level_v1,SI-Drahi_100-d1-HET-UHI-BHI-c82d5d1087,TK-PB-Drahi_100-d1-HET-UHI-65bfec0e89-r4,SS-2a2d2fbd84a2,risk_neutral_expectation,4,TWO_STAGE_RH,LEXMMFPEA,pv,1,1,1,1.0,0.0,0.0,0.2,0.2,0.0,0.0,false,0.0,0.0,0.0,0.0,0.0
shared_battery_mode_node_level_v1,SI-Drahi_100-d1-HET-UHI-BHI-c82d5d1087,TK-PB-Drahi_100-d1-HET-UHI-65bfec0e89-r4,SS-2a2d2fbd84a2,risk_neutral_expectation,4,TWO_STAGE_RH,LEXMMFPEA,pv,1,2,1,1.0,32.0,0.0,0.2,30.599999999999998,0.0,0.0,false,0.0,0.0,0.0,0.0,0.0
shared_battery_mode_node_level_v1,SI-Drahi_100-d1-HET-UHI-BHI-c82d5d1087,TK-PB-Drahi_100-d1-HET-UHI-65bfec0e89-r4,SS-2a2d2fbd84a2,risk_neutral_expectation,4,TWO_STAGE_RH,LEXMMFPEA,pv,1,3,1,1.0,0.0,0.0,30.599999999999998,30.599999999999998,0.0,0.0,false,0.0,0.0,0.0,0.0,0.0
shared_battery_mode_node_level_v1,SI-Drahi_100-d1-HET-UHI-BHI-c82d5d1087,TK-PB-Drahi_100-d1-HET-UHI-65bfec0e89-r4,SS-2a2d2fbd84a2,risk_neutral_expectation,4,TWO_STAGE_RH,LEXMMFPEA,pv,1,4,1,1.0,32.0,0.0,30.599999999999998,61.0,0.0,0.0,false,0.0,0.0,0.0,0.0,0.0
shared_battery_mode_node_level_v1,SI-Drahi_100-d1-HET-UHI-BHI-c82d5d1087,TK-PB-Drahi_100-d1-HET-UHI-65bfec0e89-r4,SS-6c80fd11a123,risk_neutral_expectation,4,TWO_STAGE_RH,LEXMMFPEA,pv,5,5,1,1.0,0.0,0.0,61.0,61.0,0.0,0.0,false,0.0,0.0,0.0,0.0,0.0
shared_battery_mode_node_level_v1,SI-Drahi_100-d1-HET-UHI-BHI-c82d5d1087,TK-PB-Drahi_100-d1-HET-UHI-65bfec0e89-r4,SS-6c80fd11a123,risk_neutral_expectation,4,TWO_STAGE_RH,LEXMMFPEA,pv,5,6,1,0.0,0.0,32.0,61.0,27.315789473684212,0.0,0.0,false,0.0,0.0,0.0,0.0,0.0
shared_battery_mode_node_level_v1,SI-Drahi_100-d1-HET-UHI-BHI-c82d5d1087,TK-PB-Drahi_100-d1-HET-UHI-65bfec0e89-r4,SS-6c80fd11a123,risk_neutral_expectation,4,TWO_STAGE_RH,LEXMMFPEA,pv,5,7,1,1.0,6.9141274238227135,0.0,27.315789473684212,33.88421052631579,0.0,0.0,false,0.0,0.0,0.0,0.0,0.0
shared_battery_mode_node_level_v1,SI-Drahi_100-d1-HET-UHI-BHI-c82d5d1087,TK-PB-Drahi_100-d1-HET-UHI-65bfec0e89-r4,SS-6c80fd11a123,risk_neutral_expectation,4,TWO_STAGE_RH,LEXMMFPEA,pv,5,8,1,0.0,0.0,32.0,33.88421052631579,0.20000000000000284,0.0,0.0,false,0.0,0.0,2.831068712794149e-15,0.0,0.0
shared_battery_mode_node_level_v1,SI-Drahi_100-d1-HET-UHI-BHI-c82d5d1087,TK-PB-Drahi_100-d1-HET-UHI-65bfec0e89-r4,SS-66f9b4fb4544,risk_neutral_expectation,4,TWO_STAGE_RH,LEXMMFPEA,pv,9,9,1,1.0,32.0,0.0,0.20000000000000284,30.6,0.0,0.0,false,0.0,0.0,0.0,0.0,0.0
shared_battery_mode_node_level_v1,SI-Drahi_100-d1-HET-UHI-BHI-c82d5d1087,TK-PB-Drahi_100-d1-HET-UHI-65bfec0e89-r4,SS-66f9b4fb4544,risk_neutral_expectation,4,TWO_STAGE_RH,LEXMMFPEA,pv,9,10,1,1.0,32.0,0.0,30.6,61.0,0.0,0.0,false,0.0,0.0,0.0,0.0,0.0
shared_battery_mode_node_level_v1,SI-Drahi_100-d1-HET-UHI-BHI-c82d5d1087,TK-PB-Drahi_100-d1-HET-UHI-65bfec0e89-r4,SS-66f9b4fb4544,risk_neutral_expectation,4,TWO_STAGE_RH,LEXMMFPEA,pv,9,11,1,0.16803547963206292,5.3771353482260125,26.622864651773988,61.0,38.08421052631577,0.0,0.0,true,5.3771353482260125,0.16803547963206292,7.105427357601002e-15,0.0,0.0
shared_battery_mode_node_level_v1,SI-Drahi_100-d1-HET-UHI-BHI-c82d5d1087,TK-PB-Drahi_100-d1-HET-UHI-65bfec0e89-r4,SS-66f9b4fb4544,risk_neutral_expectation,4,TWO_STAGE_RH,LEXMMFPEA,pv,9,12,1,1.0,32.0,0.0,38.08421052631577,68.48421052631576,0.0,0.0,false,0.0,0.0,1.4210854715202004e-14,0.0,0.0
shared_battery_mode_node_level_v1,SI-Drahi_100-d1-HET-UHI-BHI-c82d5d1087,TK-PB-Drahi_100-d1-HET-UHI-65bfec0e89-r4,SS-913f9bd8400b,risk_neutral_expectation,4,TWO_STAGE_RH,LEXMMFPEA,pv,13,13,1,0.0,0.0,32.0,68.48421052631576,34.799999999999976,0.0,0.0,false,0.0,0.0,0.0,0.0,0.0
shared_battery_mode_node_level_v1,SI-Drahi_100-d1-HET-UHI-BHI-c82d5d1087,TK-PB-Drahi_100-d1-HET-UHI-65bfec0e89-r4,SS-913f9bd8400b,risk_neutral_expectation,4,TWO_STAGE_RH,LEXMMFPEA,pv,13,14,1,1.0,32.0,0.0,34.799999999999976,65.19999999999997,0.0,0.0,false,0.0,0.0,0.0,0.0,0.0
shared_battery_mode_node_level_v1,SI-Drahi_100-d1-HET-UHI-BHI-c82d5d1087,TK-PB-Drahi_100-d1-HET-UHI-65bfec0e89-r4,SS-913f9bd8400b,risk_neutral_expectation,4,TWO_STAGE_RH,LEXMMFPEA,pv,13,15,1,1.0,32.0,0.0,65.19999999999997,95.59999999999997,0.0,0.0,false,0.0,0.0,0.0,0.0,0.0
shared_battery_mode_node_level_v1,SI-Drahi_100-d1-HET-UHI-BHI-c82d5d1087,TK-PB-Drahi_100-d1-HET-UHI-65bfec0e89-r4,SS-913f9bd8400b,risk_neutral_expectation,4,TWO_STAGE_RH,LEXMMFPEA,pv,13,16,1,1.0000000000000007,32.000000000000036,0.0,95.59999999999997,126.0,1.4210854715202004e-14,2.1316282072803006e-14,false,0.0,6.661338147750939e-16,0.0,0.0,0.0
shared_battery_mode_node_level_v1,SI-Drahi_100-d1-HET-UHI-BHI-c82d5d1087,TK-PB-Drahi_100-d1-HET-UHI-65bfec0e89-r4,SS-3c542c310e20,risk_neutral_expectation,4,TWO_STAGE_RH,LEXMMFPEA,pv,17,17,1,0.0,0.0,32.0,126.0,92.31578947368422,0.0,0.0,false,0.0,0.0,0.0,0.0,0.0
shared_battery_mode_node_level_v1,SI-Drahi_100-d1-HET-UHI-BHI-c82d5d1087,TK-PB-Drahi_100-d1-HET-UHI-65bfec0e89-r4,SS-3c542c310e20,risk_neutral_expectation,4,TWO_STAGE_RH,LEXMMFPEA,pv,17,18,1,0.0,0.0,0.0,92.31578947368422,92.31578947368422,0.0,0.0,false,0.0,0.0,0.0,0.0,0.0
shared_battery_mode_node_level_v1,SI-Drahi_100-d1-HET-UHI-BHI-c82d5d1087,TK-PB-Drahi_100-d1-HET-UHI-65bfec0e89-r4,SS-3c542c310e20,risk_neutral_expectation,4,TWO_STAGE_RH,LEXMMFPEA,pv,17,19,1,1.0,32.0,0.0,92.31578947368422,122.71578947368423,0.0,0.0,false,0.0,0.0,0.0,0.0,0.0
shared_battery_mode_node_level_v1,SI-Drahi_100-d1-HET-UHI-BHI-c82d5d1087,TK-PB-Drahi_100-d1-HET-UHI-65bfec0e89-r4,SS-3c542c310e20,risk_neutral_expectation,4,TWO_STAGE_RH,LEXMMFPEA,pv,17,20,1,0.0,0.0,0.0,122.71578947368423,122.71578947368423,0.0,0.0,false,0.0,0.0,0.0,0.0,0.0
shared_battery_mode_node_level_v1,SI-Drahi_100-d1-HET-UHI-BHI-c82d5d1087,TK-PB-Drahi_100-d1-HET-UHI-65bfec0e89-r4,SS-041e3670d673,risk_neutral_expectation,4,TWO_STAGE_RH,LEXMMFPEA,pv,21,21,1,0.0,0.0,0.0,122.71578947368423,122.71578947368423,0.0,0.0,false,0.0,0.0,0.0,0.0,0.0
shared_battery_mode_node_level_v1,SI-Drahi_100-d1-HET-UHI-BHI-c82d5d1087,TK-PB-Drahi_100-d1-HET-UHI-65bfec0e89-r4,SS-041e3670d673,risk_neutral_expectation,4,TWO_STAGE_RH,LEXMMFPEA,pv,21,22,1,0.0,0.0,32.0,122.71578947368423,89.03157894736844,0.0,0.0,false,0.0,0.0,0.0,0.0,0.0
shared_battery_mode_node_level_v1,SI-Drahi_100-d1-HET-UHI-BHI-c82d5d1087,TK-PB-Drahi_100-d1-HET-UHI-65bfec0e89-r4,SS-041e3670d673,risk_neutral_expectation,4,TWO_STAGE_RH,LEXMMFPEA,pv,21,23,1,0.0,0.0,0.0,89.03157894736844,89.03157894736844,0.0,0.0,false,0.0,0.0,0.0,0.0,0.0
shared_battery_mode_node_level_v1,SI-Drahi_100-d1-HET-UHI-BHI-c82d5d1087,TK-PB-Drahi_100-d1-HET-UHI-65bfec0e89-r4,SS-041e3670d673,risk_neutral_expectation,4,TWO_STAGE_RH,LEXMMFPEA,pv,21,24,1,1.0,0.0,0.0,89.03157894736844,89.03157894736844,0.0,0.0,false,0.0,0.0,0.0,0.0,0.0
shared_battery_mode_node_level_v1,SI-Drahi_100-d1-HET-UHI-BHI-c82d5d1087,TK-PB-Drahi_100-d1-HET-UHI-65bfec0e89-r4,SS-2a2d2fbd84a2,risk_neutral_expectation,4,TWO_STAGE_RH,LEXMMFSA,savings,1,1,1,0.5768725361366623,18.459921156373195,13.540078843626805,0.2,3.48421052631579,0.0,0.0,true,13.540078843626805,0.42312746386333766,1.7763568394002505e-15,0.0,0.0
shared_battery_mode_node_level_v1,SI-Drahi_100-d1-HET-UHI-BHI-c82d5d1087,TK-PB-Drahi_100-d1-HET-UHI-65bfec0e89-r4,SS-2a2d2fbd84a2,risk_neutral_expectation,4,TWO_STAGE_RH,LEXMMFSA,savings,1,2,1,1.0,32.0,0.0,3.48421052631579,33.88421052631579,0.0,0.0,false,0.0,0.0,0.0,0.0,0.0
shared_battery_mode_node_level_v1,SI-Drahi_100-d1-HET-UHI-BHI-c82d5d1087,TK-PB-Drahi_100-d1-HET-UHI-65bfec0e89-r4,SS-2a2d2fbd84a2,risk_neutral_expectation,4,TWO_STAGE_RH,LEXMMFSA,savings,1,3,1,0.0,0.0,32.0,33.88421052631579,0.20000000000000284,0.0,0.0,false,0.0,0.0,2.831068712794149e-15,0.0,0.0
shared_battery_mode_node_level_v1,SI-Drahi_100-d1-HET-UHI-BHI-c82d5d1087,TK-PB-Drahi_100-d1-HET-UHI-65bfec0e89-r4,SS-2a2d2fbd84a2,risk_neutral_expectation,4,TWO_STAGE_RH,LEXMMFSA,savings,1,4,1,1.0,32.0,0.0,0.20000000000000284,30.6,0.0,0.0,false,0.0,0.0,3.552713678800501e-15,0.0,0.0
shared_battery_mode_node_level_v1,SI-Drahi_100-d1-HET-UHI-BHI-c82d5d1087,TK-PB-Drahi_100-d1-HET-UHI-65bfec0e89-r4,SS-6c80fd11a123,risk_neutral_expectation,4,TWO_STAGE_RH,LEXMMFSA,savings,5,5,1,0.6281208935611039,20.099868593955325,11.900131406044682,30.6,37.16842105263158,0.0,7.105427357601002e-15,true,11.900131406044682,0.3718791064388961,0.0,0.0,0.0
shared_battery_mode_node_level_v1,SI-Drahi_100-d1-HET-UHI-BHI-c82d5d1087,TK-PB-Drahi_100-d1-HET-UHI-65bfec0e89-r4,SS-6c80fd11a123,risk_neutral_expectation,4,TWO_STAGE_RH,LEXMMFSA,savings,5,6,1,0.0,0.0,32.0,37.16842105263158,3.484210526315792,0.0,0.0,false,0.0,0.0,0.0,0.0,0.0
shared_battery_mode_node_level_v1,SI-Drahi_100-d1-HET-UHI-BHI-c82d5d1087,TK-PB-Drahi_100-d1-HET-UHI-65bfec0e89-r4,SS-6c80fd11a123,risk_neutral_expectation,4,TWO_STAGE_RH,LEXMMFSA,savings,5,7,1,1.0,32.0,0.0,3.484210526315792,33.88421052631579,0.0,0.0,false,0.0,0.0,0.0,0.0,0.0
shared_battery_mode_node_level_v1,SI-Drahi_100-d1-HET-UHI-BHI-c82d5d1087,TK-PB-Drahi_100-d1-HET-UHI-65bfec0e89-r4,SS-6c80fd11a123,risk_neutral_expectation,4,TWO_STAGE_RH,LEXMMFSA,savings,5,8,1,0.0,0.0,32.0,33.88421052631579,0.20000000000000284,0.0,0.0,false,0.0,0.0,2.831068712794149e-15,0.0,0.0
shared_battery_mode_node_level_v1,SI-Drahi_100-d1-HET-UHI-BHI-c82d5d1087,TK-PB-Drahi_100-d1-HET-UHI-65bfec0e89-r4,SS-66f9b4fb4544,risk_neutral_expectation,4,TWO_STAGE_RH,LEXMMFSA,savings,9,9,1,1.0,32.0,0.0,0.20000000000000284,30.6,0.0,0.0,false,0.0,0.0,0.0,0.0,0.0
shared_battery_mode_node_level_v1,SI-Drahi_100-d1-HET-UHI-BHI-c82d5d1087,TK-PB-Drahi_100-d1-HET-UHI-65bfec0e89-r4,SS-66f9b4fb4544,risk_neutral_expectation,4,TWO_STAGE_RH,LEXMMFSA,savings,9,10,1,1.0,0.0,0.0,30.6,30.6,0.0,0.0,false,0.0,0.0,0.0,0.0,0.0
shared_battery_mode_node_level_v1,SI-Drahi_100-d1-HET-UHI-BHI-c82d5d1087,TK-PB-Drahi_100-d1-HET-UHI-65bfec0e89-r4,SS-66f9b4fb4544,risk_neutral_expectation,4,TWO_STAGE_RH,LEXMMFSA,savings,9,11,1,1.0,0.0,0.0,30.6,30.6,0.0,0.0,false,0.0,0.0,0.0,0.0,0.0
shared_battery_mode_node_level_v1,SI-Drahi_100-d1-HET-UHI-BHI-c82d5d1087,TK-PB-Drahi_100-d1-HET-UHI-65bfec0e89-r4,SS-66f9b4fb4544,risk_neutral_expectation,4,TWO_STAGE_RH,LEXMMFSA,savings,9,12,1,1.0,32.0,0.0,30.6,61.0,0.0,0.0,false,0.0,0.0,0.0,0.0,0.0
shared_battery_mode_node_level_v1,SI-Drahi_100-d1-HET-UHI-BHI-c82d5d1087,TK-PB-Drahi_100-d1-HET-UHI-65bfec0e89-r4,SS-913f9bd8400b,risk_neutral_expectation,4,TWO_STAGE_RH,LEXMMFSA,savings,13,13,1,1.0,0.0,0.0,61.0,61.0,0.0,0.0,false,0.0,0.0,0.0,0.0,0.0
shared_battery_mode_node_level_v1,SI-Drahi_100-d1-HET-UHI-BHI-c82d5d1087,TK-PB-Drahi_100-d1-HET-UHI-65bfec0e89-r4,SS-913f9bd8400b,risk_neutral_expectation,4,TWO_STAGE_RH,LEXMMFSA,savings,13,14,1,1.0,32.0,0.0,61.0,91.4,0.0,0.0,false,0.0,0.0,0.0,0.0,0.0
shared_battery_mode_node_level_v1,SI-Drahi_100-d1-HET-UHI-BHI-c82d5d1087,TK-PB-Drahi_100-d1-HET-UHI-65bfec0e89-r4,SS-913f9bd8400b,risk_neutral_expectation,4,TWO_STAGE_RH,LEXMMFSA,savings,13,15,1,1.0,32.0,0.0,91.4,121.80000000000001,0.0,0.0,false,0.0,0.0,0.0,0.0,0.0
shared_battery_mode_node_level_v1,SI-Drahi_100-d1-HET-UHI-BHI-c82d5d1087,TK-PB-Drahi_100-d1-HET-UHI-65bfec0e89-r4,SS-913f9bd8400b,risk_neutral_expectation,4,TWO_STAGE_RH,LEXMMFSA,savings,13,16,1,1.0,4.421052631578931,0.0,121.80000000000001,126.0,0.0,0.0,false,0.0,0.0,0.0,0.0,0.0
shared_battery_mode_node_level_v1,SI-Drahi_100-d1-HET-UHI-BHI-c82d5d1087,TK-PB-Drahi_100-d1-HET-UHI-65bfec0e89-r4,SS-3c542c310e20,risk_neutral_expectation,4,TWO_STAGE_RH,LEXMMFSA,savings,17,17,1,0.0,0.0,32.0,126.0,92.31578947368422,0.0,0.0,false,0.0,0.0,0.0,0.0,0.0
shared_battery_mode_node_level_v1,SI-Drahi_100-d1-HET-UHI-BHI-c82d5d1087,TK-PB-Drahi_100-d1-HET-UHI-65bfec0e89-r4,SS-3c542c310e20,risk_neutral_expectation,4,TWO_STAGE_RH,LEXMMFSA,savings,17,18,1,0.19070302233902725,6.102496714848872,25.897503285151128,92.31578947368422,70.85263157894735,0.0,0.0,true,6.102496714848872,0.19070302233902725,0.0,0.0,0.0
shared_battery_mode_node_level_v1,SI-Drahi_100-d1-HET-UHI-BHI-c82d5d1087,TK-PB-Drahi_100-d1-HET-UHI-65bfec0e89-r4,SS-3c542c310e20,risk_neutral_expectation,4,TWO_STAGE_RH,LEXMMFSA,savings,17,19,1,1.0,32.0,0.0,70.85263157894735,101.25263157894736,0.0,0.0,false,0.0,0.0,0.0,0.0,0.0
shared_battery_mode_node_level_v1,SI-Drahi_100-d1-HET-UHI-BHI-c82d5d1087,TK-PB-Drahi_100-d1-HET-UHI-65bfec0e89-r4,SS-3c542c310e20,risk_neutral_expectation,4,TWO_STAGE_RH,LEXMMFSA,savings,17,20,1,0.0,0.0,32.0,101.25263157894736,67.56842105263158,0.0,0.0,false,0.0,0.0,0.0,0.0,0.0
shared_battery_mode_node_level_v1,SI-Drahi_100-d1-HET-UHI-BHI-c82d5d1087,TK-PB-Drahi_100-d1-HET-UHI-65bfec0e89-r4,SS-041e3670d673,risk_neutral_expectation,4,TWO_STAGE_RH,LEXMMFSA,savings,21,21,1,0.14908400348845996,4.770688111630719,27.22931188836928,67.56842105263158,43.43814119197626,0.0,0.0,true,4.770688111630719,0.14908400348845996,7.105427357601002e-15,0.0,0.0
shared_battery_mode_node_level_v1,SI-Drahi_100-d1-HET-UHI-BHI-c82d5d1087,TK-PB-Drahi_100-d1-HET-UHI-65bfec0e89-r4,SS-041e3670d673,risk_neutral_expectation,4,TWO_STAGE_RH,LEXMMFSA,savings,21,22,1,0.0,0.0,32.0,43.43814119197626,9.75393066566047,0.0,0.0,false,0.0,0.0,7.105427357601002e-15,0.0,0.0
shared_battery_mode_node_level_v1,SI-Drahi_100-d1-HET-UHI-BHI-c82d5d1087,TK-PB-Drahi_100-d1-HET-UHI-65bfec0e89-r4,SS-041e3670d673,risk_neutral_expectation,4,TWO_STAGE_RH,LEXMMFSA,savings,21,23,1,1.0,32.0,0.0,9.75393066566047,40.15393066566047,0.0,0.0,false,0.0,0.0,7.105427357601002e-15,0.0,0.0
shared_battery_mode_node_level_v1,SI-Drahi_100-d1-HET-UHI-BHI-c82d5d1087,TK-PB-Drahi_100-d1-HET-UHI-65bfec0e89-r4,SS-041e3670d673,risk_neutral_expectation,4,TWO_STAGE_RH,LEXMMFSA,savings,21,24,1,1.0,32.0,0.0,40.15393066566047,70.55393066566046,0.0,0.0,false,0.0,0.0,1.4210854715202004e-14,0.0,0.0
shared_battery_mode_node_level_v1,SI-Drahi_100-d1-HET-UHI-BHI-c82d5d1087,TK-PB-Drahi_100-d1-HET-UHI-65bfec0e89-r4,SS-2a2d2fbd84a2,risk_neutral_expectation,4,TWO_STAGE_RH,NONE,none,1,1,1,1.0,0.0,0.0,0.2,0.2,0.0,0.0,false,0.0,0.0,0.0,0.0,0.0
shared_battery_mode_node_level_v1,SI-Drahi_100-d1-HET-UHI-BHI-c82d5d1087,TK-PB-Drahi_100-d1-HET-UHI-65bfec0e89-r4,SS-2a2d2fbd84a2,risk_neutral_expectation,4,TWO_STAGE_RH,NONE,none,1,2,1,1.0,32.0,0.0,0.2,30.599999999999998,0.0,0.0,false,0.0,0.0,0.0,0.0,0.0
shared_battery_mode_node_level_v1,SI-Drahi_100-d1-HET-UHI-BHI-c82d5d1087,TK-PB-Drahi_100-d1-HET-UHI-65bfec0e89-r4,SS-2a2d2fbd84a2,risk_neutral_expectation,4,TWO_STAGE_RH,NONE,none,1,3,1,1.0,0.0,0.0,30.599999999999998,30.599999999999998,0.0,0.0,false,0.0,0.0,0.0,0.0,0.0
shared_battery_mode_node_level_v1,SI-Drahi_100-d1-HET-UHI-BHI-c82d5d1087,TK-PB-Drahi_100-d1-HET-UHI-65bfec0e89-r4,SS-2a2d2fbd84a2,risk_neutral_expectation,4,TWO_STAGE_RH,NONE,none,1,4,1,1.0,32.0,0.0,30.599999999999998,61.0,0.0,0.0,false,0.0,0.0,0.0,0.0,0.0
shared_battery_mode_node_level_v1,SI-Drahi_100-d1-HET-UHI-BHI-c82d5d1087,TK-PB-Drahi_100-d1-HET-UHI-65bfec0e89-r4,SS-6c80fd11a123,risk_neutral_expectation,4,TWO_STAGE_RH,NONE,none,5,5,1,1.0,0.0,0.0,61.0,61.0,0.0,0.0,false,0.0,0.0,0.0,0.0,0.0
shared_battery_mode_node_level_v1,SI-Drahi_100-d1-HET-UHI-BHI-c82d5d1087,TK-PB-Drahi_100-d1-HET-UHI-65bfec0e89-r4,SS-6c80fd11a123,risk_neutral_expectation,4,TWO_STAGE_RH,NONE,none,5,6,1,0.0,0.0,32.0,61.0,27.315789473684212,0.0,0.0,false,0.0,0.0,0.0,0.0,0.0
shared_battery_mode_node_level_v1,SI-Drahi_100-d1-HET-UHI-BHI-c82d5d1087,TK-PB-Drahi_100-d1-HET-UHI-65bfec0e89-r4,SS-6c80fd11a123,risk_neutral_expectation,4,TWO_STAGE_RH,NONE,none,5,7,1,1.0,23.564503565211186,0.0,27.315789473684212,49.70206786063484,0.0,0.0,false,0.0,0.0,0.0,0.0,0.0
shared_battery_mode_node_level_v1,SI-Drahi_100-d1-HET-UHI-BHI-c82d5d1087,TK-PB-Drahi_100-d1-HET-UHI-65bfec0e89-r4,SS-6c80fd11a123,risk_neutral_expectation,4,TWO_STAGE_RH,NONE,none,5,8,1,0.0,0.0,32.0,49.70206786063484,16.017857334319054,0.0,0.0,false,0.0,0.0,0.0,0.0,0.0
shared_battery_mode_node_level_v1,SI-Drahi_100-d1-HET-UHI-BHI-c82d5d1087,TK-PB-Drahi_100-d1-HET-UHI-65bfec0e89-r4,SS-66f9b4fb4544,risk_neutral_expectation,4,TWO_STAGE_RH,NONE,none,9,9,1,1.0,32.0,0.0,16.017857334319054,46.41785733431905,0.0,0.0,false,0.0,0.0,0.0,0.0,0.0
shared_battery_mode_node_level_v1,SI-Drahi_100-d1-HET-UHI-BHI-c82d5d1087,TK-PB-Drahi_100-d1-HET-UHI-65bfec0e89-r4,SS-66f9b4fb4544,risk_neutral_expectation,4,TWO_STAGE_RH,NONE,none,9,10,1,1.0,0.0,0.0,46.41785733431905,46.41785733431905,0.0,0.0,false,0.0,0.0,0.0,0.0,0.0
shared_battery_mode_node_level_v1,SI-Drahi_100-d1-HET-UHI-BHI-c82d5d1087,TK-PB-Drahi_100-d1-HET-UHI-65bfec0e89-r4,SS-66f9b4fb4544,risk_neutral_expectation,4,TWO_STAGE_RH,NONE,none,9,11,1,1.0,0.0,0.0,46.41785733431905,46.41785733431905,0.0,0.0,false,0.0,0.0,0.0,0.0,0.0
shared_battery_mode_node_level_v1,SI-Drahi_100-d1-HET-UHI-BHI-c82d5d1087,TK-PB-Drahi_100-d1-HET-UHI-65bfec0e89-r4,SS-66f9b4fb4544,risk_neutral_expectation,4,TWO_STAGE_RH,NONE,none,9,12,1,1.0,2.4894126577009317,0.0,46.41785733431905,48.782799359134934,0.0,0.0,false,0.0,0.0,7.105427357601002e-15,0.0,0.0
shared_battery_mode_node_level_v1,SI-Drahi_100-d1-HET-UHI-BHI-c82d5d1087,TK-PB-Drahi_100-d1-HET-UHI-65bfec0e89-r4,SS-913f9bd8400b,risk_neutral_expectation,4,TWO_STAGE_RH,NONE,none,13,13,1,0.10977749950511617,0.0,28.487120015836283,48.782799359134934,18.796357237202002,0.0,0.0,false,0.0,0.10977749950511617,3.552713678800501e-15,0.0,0.0
shared_battery_mode_node_level_v1,SI-Drahi_100-d1-HET-UHI-BHI-c82d5d1087,TK-PB-Drahi_100-d1-HET-UHI-65bfec0e89-r4,SS-913f9bd8400b,risk_neutral_expectation,4,TWO_STAGE_RH,NONE,none,13,14,1,1.0,0.0,0.0,18.796357237202002,18.796357237202002,0.0,0.0,false,0.0,0.0,3.552713678800501e-15,0.0,0.0
shared_battery_mode_node_level_v1,SI-Drahi_100-d1-HET-UHI-BHI-c82d5d1087,TK-PB-Drahi_100-d1-HET-UHI-65bfec0e89-r4,SS-913f9bd8400b,risk_neutral_expectation,4,TWO_STAGE_RH,NONE,none,13,15,1,1.0,15.88195083064609,0.0,18.796357237202002,33.88421052631578,0.0,0.0,false,0.0,0.0,7.105427357601002e-15,0.0,0.0
shared_battery_mode_node_level_v1,SI-Drahi_100-d1-HET-UHI-BHI-c82d5d1087,TK-PB-Drahi_100-d1-HET-UHI-65bfec0e89-r4,SS-913f9bd8400b,risk_neutral_expectation,4,TWO_STAGE_RH,NONE,none,13,16,1,1.0,0.0,0.0,33.88421052631578,33.88421052631578,0.0,0.0,false,0.0,0.0,7.105427357601002e-15,0.0,0.0
shared_battery_mode_node_level_v1,SI-Drahi_100-d1-HET-UHI-BHI-c82d5d1087,TK-PB-Drahi_100-d1-HET-UHI-65bfec0e89-r4,SS-3c542c310e20,risk_neutral_expectation,4,TWO_STAGE_RH,NONE,none,17,17,1,0.0,0.0,32.0,33.88421052631578,0.19999999999999574,0.0,0.0,false,0.0,0.0,0.0,4.274358644806853e-15,0.0
shared_battery_mode_node_level_v1,SI-Drahi_100-d1-HET-UHI-BHI-c82d5d1087,TK-PB-Drahi_100-d1-HET-UHI-65bfec0e89-r4,SS-3c542c310e20,risk_neutral_expectation,4,TWO_STAGE_RH,NONE,none,17,18,1,1.0,0.0,0.0,0.19999999999999574,0.19999999999999574,0.0,0.0,false,0.0,0.0,0.0,4.274358644806853e-15,0.0
shared_battery_mode_node_level_v1,SI-Drahi_100-d1-HET-UHI-BHI-c82d5d1087,TK-PB-Drahi_100-d1-HET-UHI-65bfec0e89-r4,SS-3c542c310e20,risk_neutral_expectation,4,TWO_STAGE_RH,NONE,none,17,19,1,1.0,32.0,0.0,0.19999999999999574,30.599999999999994,0.0,0.0,false,0.0,0.0,0.0,0.0,0.0
shared_battery_mode_node_level_v1,SI-Drahi_100-d1-HET-UHI-BHI-c82d5d1087,TK-PB-Drahi_100-d1-HET-UHI-65bfec0e89-r4,SS-3c542c310e20,risk_neutral_expectation,4,TWO_STAGE_RH,NONE,none,17,20,1,1.0,0.0,0.0,30.599999999999994,30.599999999999994,0.0,0.0,false,0.0,0.0,0.0,0.0,0.0
shared_battery_mode_node_level_v1,SI-Drahi_100-d1-HET-UHI-BHI-c82d5d1087,TK-PB-Drahi_100-d1-HET-UHI-65bfec0e89-r4,SS-041e3670d673,risk_neutral_expectation,4,TWO_STAGE_RH,NONE,none,21,21,1,1.0,0.0,0.0,30.599999999999994,30.599999999999994,0.0,0.0,false,0.0,0.0,0.0,0.0,0.0
shared_battery_mode_node_level_v1,SI-Drahi_100-d1-HET-UHI-BHI-c82d5d1087,TK-PB-Drahi_100-d1-HET-UHI-65bfec0e89-r4,SS-041e3670d673,risk_neutral_expectation,4,TWO_STAGE_RH,NONE,none,21,22,1,1.0,0.0,0.0,30.599999999999994,30.599999999999994,0.0,0.0,false,0.0,0.0,0.0,0.0,0.0
shared_battery_mode_node_level_v1,SI-Drahi_100-d1-HET-UHI-BHI-c82d5d1087,TK-PB-Drahi_100-d1-HET-UHI-65bfec0e89-r4,SS-041e3670d673,risk_neutral_expectation,4,TWO_STAGE_RH,NONE,none,21,23,1,1.0,17.285318559556778,0.0,30.599999999999994,47.02105263157893,0.0,0.0,false,0.0,0.0,0.0,0.0,0.0
shared_battery_mode_node_level_v1,SI-Drahi_100-d1-HET-UHI-BHI-c82d5d1087,TK-PB-Drahi_100-d1-HET-UHI-65bfec0e89-r4,SS-041e3670d673,risk_neutral_expectation,4,TWO_STAGE_RH,NONE,none,21,24,1,1.0,32.0,0.0,47.02105263157893,77.42105263157893,0.0,0.0,false,0.0,0.0,0.0,0.0,0.0
shared_battery_mode_node_level_v1,SI-Drahi_100-d1-HET-UHI-BHI-c82d5d1087,TK-PB-Drahi_100-d1-HET-UHI-65bfec0e89-r4,SS-2a2d2fbd84a2,risk_neutral_expectation,4,TWO_STAGE_RH,PEA,pv,1,1,1,1.0,0.0,0.0,0.2,0.2,0.0,0.0,false,0.0,0.0,0.0,0.0,0.0
shared_battery_mode_node_level_v1,SI-Drahi_100-d1-HET-UHI-BHI-c82d5d1087,TK-PB-Drahi_100-d1-HET-UHI-65bfec0e89-r4,SS-2a2d2fbd84a2,risk_neutral_expectation,4,TWO_STAGE_RH,PEA,pv,1,2,1,1.0,32.0,0.0,0.2,30.599999999999998,0.0,0.0,false,0.0,0.0,0.0,0.0,0.0
shared_battery_mode_node_level_v1,SI-Drahi_100-d1-HET-UHI-BHI-c82d5d1087,TK-PB-Drahi_100-d1-HET-UHI-65bfec0e89-r4,SS-2a2d2fbd84a2,risk_neutral_expectation,4,TWO_STAGE_RH,PEA,pv,1,3,1,1.0,0.0,0.0,30.599999999999998,30.599999999999998,0.0,0.0,false,0.0,0.0,0.0,0.0,0.0
shared_battery_mode_node_level_v1,SI-Drahi_100-d1-HET-UHI-BHI-c82d5d1087,TK-PB-Drahi_100-d1-HET-UHI-65bfec0e89-r4,SS-2a2d2fbd84a2,risk_neutral_expectation,4,TWO_STAGE_RH,PEA,pv,1,4,1,1.0,32.0,0.0,30.599999999999998,61.0,0.0,0.0,false,0.0,0.0,0.0,0.0,0.0
shared_battery_mode_node_level_v1,SI-Drahi_100-d1-HET-UHI-BHI-c82d5d1087,TK-PB-Drahi_100-d1-HET-UHI-65bfec0e89-r4,SS-6c80fd11a123,risk_neutral_expectation,4,TWO_STAGE_RH,PEA,pv,5,5,1,1.0,0.0,0.0,61.0,61.0,0.0,0.0,false,0.0,0.0,0.0,0.0,0.0
shared_battery_mode_node_level_v1,SI-Drahi_100-d1-HET-UHI-BHI-c82d5d1087,TK-PB-Drahi_100-d1-HET-UHI-65bfec0e89-r4,SS-6c80fd11a123,risk_neutral_expectation,4,TWO_STAGE_RH,PEA,pv,5,6,1,0.0,0.0,32.0,61.0,27.315789473684212,0.0,0.0,false,0.0,0.0,0.0,0.0,0.0
shared_battery_mode_node_level_v1,SI-Drahi_100-d1-HET-UHI-BHI-c82d5d1087,TK-PB-Drahi_100-d1-HET-UHI-65bfec0e89-r4,SS-6c80fd11a123,risk_neutral_expectation,4,TWO_STAGE_RH,PEA,pv,5,7,1,1.0,6.914127423822716,0.0,27.315789473684212,33.88421052631579,0.0,0.0,false,0.0,0.0,0.0,0.0,0.0
shared_battery_mode_node_level_v1,SI-Drahi_100-d1-HET-UHI-BHI-c82d5d1087,TK-PB-Drahi_100-d1-HET-UHI-65bfec0e89-r4,SS-6c80fd11a123,risk_neutral_expectation,4,TWO_STAGE_RH,PEA,pv,5,8,1,0.0,0.0,32.0,33.88421052631579,0.20000000000000284,0.0,0.0,false,0.0,0.0,2.831068712794149e-15,0.0,0.0
shared_battery_mode_node_level_v1,SI-Drahi_100-d1-HET-UHI-BHI-c82d5d1087,TK-PB-Drahi_100-d1-HET-UHI-65bfec0e89-r4,SS-66f9b4fb4544,risk_neutral_expectation,4,TWO_STAGE_RH,PEA,pv,9,9,1,1.0,32.0,0.0,0.20000000000000284,30.6,0.0,0.0,false,0.0,0.0,0.0,0.0,0.0
shared_battery_mode_node_level_v1,SI-Drahi_100-d1-HET-UHI-BHI-c82d5d1087,TK-PB-Drahi_100-d1-HET-UHI-65bfec0e89-r4,SS-66f9b4fb4544,risk_neutral_expectation,4,TWO_STAGE_RH,PEA,pv,9,10,1,1.0,32.0,0.0,30.6,61.0,0.0,0.0,false,0.0,0.0,0.0,0.0,0.0
shared_battery_mode_node_level_v1,SI-Drahi_100-d1-HET-UHI-BHI-c82d5d1087,TK-PB-Drahi_100-d1-HET-UHI-65bfec0e89-r4,SS-66f9b4fb4544,risk_neutral_expectation,4,TWO_STAGE_RH,PEA,pv,9,11,1,0.07094559202884976,2.2702589449231922,29.729741055076808,61.0,31.86228172917513,0.0,0.0,true,2.2702589449231922,0.07094559202884976,0.0,0.0,0.0
shared_battery_mode_node_level_v1,SI-Drahi_100-d1-HET-UHI-BHI-c82d5d1087,TK-PB-Drahi_100-d1-HET-UHI-65bfec0e89-r4,SS-66f9b4fb4544,risk_neutral_expectation,4,TWO_STAGE_RH,PEA,pv,9,12,1,1.0,32.0,0.0,31.86228172917513,62.26228172917513,0.0,0.0,false,0.0,0.0,0.0,0.0,0.0
shared_battery_mode_node_level_v1,SI-Drahi_100-d1-HET-UHI-BHI-c82d5d1087,TK-PB-Drahi_100-d1-HET-UHI-65bfec0e89-r4,SS-913f9bd8400b,risk_neutral_expectation,4,TWO_STAGE_RH,PEA,pv,13,13,1,0.09708988760321313,3.1068764033028184,28.89312359669718,62.26228172917513,34.79999999999998,0.0,0.0,true,3.1068764033028184,0.09708988760321313,7.105427357601002e-15,0.0,0.0
shared_battery_mode_node_level_v1,SI-Drahi_100-d1-HET-UHI-BHI-c82d5d1087,TK-PB-Drahi_100-d1-HET-UHI-65bfec0e89-r4,SS-913f9bd8400b,risk_neutral_expectation,4,TWO_STAGE_RH,PEA,pv,13,14,1,1.0,32.0,0.0,34.79999999999998,65.19999999999999,0.0,0.0,false,0.0,0.0,0.0,0.0,0.0
shared_battery_mode_node_level_v1,SI-Drahi_100-d1-HET-UHI-BHI-c82d5d1087,TK-PB-Drahi_100-d1-HET-UHI-65bfec0e89-r4,SS-913f9bd8400b,risk_neutral_expectation,4,TWO_STAGE_RH,PEA,pv,13,15,1,1.0,32.0,0.0,65.19999999999999,95.6,0.0,0.0,false,0.0,0.0,0.0,0.0,0.0
shared_battery_mode_node_level_v1,SI-Drahi_100-d1-HET-UHI-BHI-c82d5d1087,TK-PB-Drahi_100-d1-HET-UHI-65bfec0e89-r4,SS-913f9bd8400b,risk_neutral_expectation,4,TWO_STAGE_RH,PEA,pv,13,16,1,1.0,32.0,0.0,95.6,126.0,0.0,0.0,false,0.0,0.0,0.0,0.0,0.0
shared_battery_mode_node_level_v1,SI-Drahi_100-d1-HET-UHI-BHI-c82d5d1087,TK-PB-Drahi_100-d1-HET-UHI-65bfec0e89-r4,SS-3c542c310e20,risk_neutral_expectation,4,TWO_STAGE_RH,PEA,pv,17,17,1,0.0,0.0,32.0,126.0,92.31578947368422,0.0,0.0,false,0.0,0.0,0.0,0.0,0.0
shared_battery_mode_node_level_v1,SI-Drahi_100-d1-HET-UHI-BHI-c82d5d1087,TK-PB-Drahi_100-d1-HET-UHI-65bfec0e89-r4,SS-3c542c310e20,risk_neutral_expectation,4,TWO_STAGE_RH,PEA,pv,17,18,1,1.0,0.0,0.0,92.31578947368422,92.31578947368422,0.0,0.0,false,0.0,0.0,0.0,0.0,0.0
shared_battery_mode_node_level_v1,SI-Drahi_100-d1-HET-UHI-BHI-c82d5d1087,TK-PB-Drahi_100-d1-HET-UHI-65bfec0e89-r4,SS-3c542c310e20,risk_neutral_expectation,4,TWO_STAGE_RH,PEA,pv,17,19,1,1.0,32.0,0.0,92.31578947368422,122.71578947368423,0.0,0.0,false,0.0,0.0,0.0,0.0,0.0
shared_battery_mode_node_level_v1,SI-Drahi_100-d1-HET-UHI-BHI-c82d5d1087,TK-PB-Drahi_100-d1-HET-UHI-65bfec0e89-r4,SS-3c542c310e20,risk_neutral_expectation,4,TWO_STAGE_RH,PEA,pv,17,20,1,1.0,0.0,0.0,122.71578947368423,122.71578947368423,0.0,0.0,false,0.0,0.0,0.0,0.0,0.0
shared_battery_mode_node_level_v1,SI-Drahi_100-d1-HET-UHI-BHI-c82d5d1087,TK-PB-Drahi_100-d1-HET-UHI-65bfec0e89-r4,SS-041e3670d673,risk_neutral_expectation,4,TWO_STAGE_RH,PEA,pv,21,21,1,1.0,0.0,0.0,122.71578947368423,122.71578947368423,0.0,0.0,false,0.0,0.0,0.0,0.0,0.0
shared_battery_mode_node_level_v1,SI-Drahi_100-d1-HET-UHI-BHI-c82d5d1087,TK-PB-Drahi_100-d1-HET-UHI-65bfec0e89-r4,SS-041e3670d673,risk_neutral_expectation,4,TWO_STAGE_RH,PEA,pv,21,22,1,0.0,0.0,32.0,122.71578947368423,89.03157894736844,0.0,0.0,false,0.0,0.0,0.0,0.0,0.0
shared_battery_mode_node_level_v1,SI-Drahi_100-d1-HET-UHI-BHI-c82d5d1087,TK-PB-Drahi_100-d1-HET-UHI-65bfec0e89-r4,SS-041e3670d673,risk_neutral_expectation,4,TWO_STAGE_RH,PEA,pv,21,23,1,1.0,0.0,0.0,89.03157894736844,89.03157894736844,0.0,0.0,false,0.0,0.0,0.0,0.0,0.0
shared_battery_mode_node_level_v1,SI-Drahi_100-d1-HET-UHI-BHI-c82d5d1087,TK-PB-Drahi_100-d1-HET-UHI-65bfec0e89-r4,SS-041e3670d673,risk_neutral_expectation,4,TWO_STAGE_RH,PEA,pv,21,24,1,1.0,0.0,0.0,89.03157894736844,89.03157894736844,0.0,0.0,false,0.0,0.0,0.0,0.0,0.0
shared_battery_mode_node_level_v1,SI-Drahi_100-d1-HET-UHI-BHI-c82d5d1087,TK-PB-Drahi_100-d1-HET-UHI-65bfec0e89-r4,SS-2a2d2fbd84a2,risk_neutral_expectation,4,TWO_STAGE_RH,SA,savings,1,1,1,0.5768725361366623,18.459921156373195,13.540078843626805,0.2,3.48421052631579,0.0,0.0,true,13.540078843626805,0.42312746386333766,1.7763568394002505e-15,0.0,0.0
shared_battery_mode_node_level_v1,SI-Drahi_100-d1-HET-UHI-BHI-c82d5d1087,TK-PB-Drahi_100-d1-HET-UHI-65bfec0e89-r4,SS-2a2d2fbd84a2,risk_neutral_expectation,4,TWO_STAGE_RH,SA,savings,1,2,1,1.0,32.0,0.0,3.48421052631579,33.88421052631579,0.0,0.0,false,0.0,0.0,0.0,0.0,0.0
shared_battery_mode_node_level_v1,SI-Drahi_100-d1-HET-UHI-BHI-c82d5d1087,TK-PB-Drahi_100-d1-HET-UHI-65bfec0e89-r4,SS-2a2d2fbd84a2,risk_neutral_expectation,4,TWO_STAGE_RH,SA,savings,1,3,1,0.0,0.0,32.0,33.88421052631579,0.20000000000000284,0.0,0.0,false,0.0,0.0,2.831068712794149e-15,0.0,0.0
shared_battery_mode_node_level_v1,SI-Drahi_100-d1-HET-UHI-BHI-c82d5d1087,TK-PB-Drahi_100-d1-HET-UHI-65bfec0e89-r4,SS-2a2d2fbd84a2,risk_neutral_expectation,4,TWO_STAGE_RH,SA,savings,1,4,1,1.0,32.0,0.0,0.20000000000000284,30.6,0.0,0.0,false,0.0,0.0,3.552713678800501e-15,0.0,0.0
shared_battery_mode_node_level_v1,SI-Drahi_100-d1-HET-UHI-BHI-c82d5d1087,TK-PB-Drahi_100-d1-HET-UHI-65bfec0e89-r4,SS-6c80fd11a123,risk_neutral_expectation,4,TWO_STAGE_RH,SA,savings,5,5,1,0.6281208935611037,20.099868593955318,11.900131406044682,30.6,37.16842105263157,0.0,0.0,true,11.900131406044682,0.3718791064388963,0.0,0.0,0.0
shared_battery_mode_node_level_v1,SI-Drahi_100-d1-HET-UHI-BHI-c82d5d1087,TK-PB-Drahi_100-d1-HET-UHI-65bfec0e89-r4,SS-6c80fd11a123,risk_neutral_expectation,4,TWO_STAGE_RH,SA,savings,5,6,1,0.0,0.0,32.0,37.16842105263157,3.4842105263157848,0.0,0.0,false,0.0,0.0,7.105427357601002e-15,0.0,0.0
shared_battery_mode_node_level_v1,SI-Drahi_100-d1-HET-UHI-BHI-c82d5d1087,TK-PB-Drahi_100-d1-HET-UHI-65bfec0e89-r4,SS-6c80fd11a123,risk_neutral_expectation,4,TWO_STAGE_RH,SA,savings,5,7,1,1.0,32.0,0.0,3.4842105263157848,33.88421052631578,0.0,0.0,false,0.0,0.0,7.105427357601002e-15,0.0,0.0
shared_battery_mode_node_level_v1,SI-Drahi_100-d1-HET-UHI-BHI-c82d5d1087,TK-PB-Drahi_100-d1-HET-UHI-65bfec0e89-r4,SS-6c80fd11a123,risk_neutral_expectation,4,TWO_STAGE_RH,SA,savings,5,8,1,0.0,0.0,32.0,33.88421052631578,0.19999999999999574,0.0,0.0,false,0.0,0.0,4.274358644806853e-15,4.274358644806853e-15,0.0
shared_battery_mode_node_level_v1,SI-Drahi_100-d1-HET-UHI-BHI-c82d5d1087,TK-PB-Drahi_100-d1-HET-UHI-65bfec0e89-r4,SS-66f9b4fb4544,risk_neutral_expectation,4,TWO_STAGE_RH,SA,savings,9,9,1,1.0,32.0,0.0,0.19999999999999574,30.599999999999994,0.0,0.0,false,0.0,0.0,0.0,0.0,0.0
shared_battery_mode_node_level_v1,SI-Drahi_100-d1-HET-UHI-BHI-c82d5d1087,TK-PB-Drahi_100-d1-HET-UHI-65bfec0e89-r4,SS-66f9b4fb4544,risk_neutral_expectation,4,TWO_STAGE_RH,SA,savings,9,10,1,1.0,0.0,0.0,30.599999999999994,30.599999999999994,0.0,0.0,false,0.0,0.0,0.0,0.0,0.0
shared_battery_mode_node_level_v1,SI-Drahi_100-d1-HET-UHI-BHI-c82d5d1087,TK-PB-Drahi_100-d1-HET-UHI-65bfec0e89-r4,SS-66f9b4fb4544,risk_neutral_expectation,4,TWO_STAGE_RH,SA,savings,9,11,1,1.0,0.0,0.0,30.599999999999994,30.599999999999994,0.0,0.0,false,0.0,0.0,0.0,0.0,0.0
shared_battery_mode_node_level_v1,SI-Drahi_100-d1-HET-UHI-BHI-c82d5d1087,TK-PB-Drahi_100-d1-HET-UHI-65bfec0e89-r4,SS-66f9b4fb4544,risk_neutral_expectation,4,TWO_STAGE_RH,SA,savings,9,12,1,1.0,32.0,0.0,30.599999999999994,60.99999999999999,0.0,0.0,false,0.0,0.0,0.0,0.0,0.0
shared_battery_mode_node_level_v1,SI-Drahi_100-d1-HET-UHI-BHI-c82d5d1087,TK-PB-Drahi_100-d1-HET-UHI-65bfec0e89-r4,SS-913f9bd8400b,risk_neutral_expectation,4,TWO_STAGE_RH,SA,savings,13,13,1,1.0,0.0,0.0,60.99999999999999,60.99999999999999,0.0,0.0,false,0.0,0.0,0.0,0.0,0.0
shared_battery_mode_node_level_v1,SI-Drahi_100-d1-HET-UHI-BHI-c82d5d1087,TK-PB-Drahi_100-d1-HET-UHI-65bfec0e89-r4,SS-913f9bd8400b,risk_neutral_expectation,4,TWO_STAGE_RH,SA,savings,13,14,1,1.0,32.0,0.0,60.99999999999999,91.39999999999999,0.0,0.0,false,0.0,0.0,0.0,0.0,0.0
shared_battery_mode_node_level_v1,SI-Drahi_100-d1-HET-UHI-BHI-c82d5d1087,TK-PB-Drahi_100-d1-HET-UHI-65bfec0e89-r4,SS-913f9bd8400b,risk_neutral_expectation,4,TWO_STAGE_RH,SA,savings,13,15,1,1.0,32.0,0.0,91.39999999999999,121.79999999999998,0.0,0.0,false,0.0,0.0,0.0,0.0,0.0
shared_battery_mode_node_level_v1,SI-Drahi_100-d1-HET-UHI-BHI-c82d5d1087,TK-PB-Drahi_100-d1-HET-UHI-65bfec0e89-r4,SS-913f9bd8400b,risk_neutral_expectation,4,TWO_STAGE_RH,SA,savings,13,16,1,1.0,4.421052631578965,0.0,121.79999999999998,126.0,0.0,0.0,false,0.0,0.0,0.0,0.0,0.0
shared_battery_mode_node_level_v1,SI-Drahi_100-d1-HET-UHI-BHI-c82d5d1087,TK-PB-Drahi_100-d1-HET-UHI-65bfec0e89-r4,SS-3c542c310e20,risk_neutral_expectation,4,TWO_STAGE_RH,SA,savings,17,17,1,0.0,0.0,32.0,126.0,92.31578947368422,0.0,0.0,false,0.0,0.0,0.0,0.0,0.0
shared_battery_mode_node_level_v1,SI-Drahi_100-d1-HET-UHI-BHI-c82d5d1087,TK-PB-Drahi_100-d1-HET-UHI-65bfec0e89-r4,SS-3c542c310e20,risk_neutral_expectation,4,TWO_STAGE_RH,SA,savings,17,18,1,0.446944809461235,14.30223390275952,17.69776609724048,92.31578947368422,87.27368421052631,0.0,0.0,true,14.30223390275952,0.446944809461235,0.0,0.0,0.0
shared_battery_mode_node_level_v1,SI-Drahi_100-d1-HET-UHI-BHI-c82d5d1087,TK-PB-Drahi_100-d1-HET-UHI-65bfec0e89-r4,SS-3c542c310e20,risk_neutral_expectation,4,TWO_STAGE_RH,SA,savings,17,19,1,1.0,32.0,0.0,87.27368421052631,117.67368421052632,0.0,0.0,false,0.0,0.0,0.0,0.0,0.0
shared_battery_mode_node_level_v1,SI-Drahi_100-d1-HET-UHI-BHI-c82d5d1087,TK-PB-Drahi_100-d1-HET-UHI-65bfec0e89-r4,SS-3c542c310e20,risk_neutral_expectation,4,TWO_STAGE_RH,SA,savings,17,20,1,0.0,0.0,32.0,117.67368421052632,83.98947368421054,0.0,0.0,false,0.0,0.0,1.4210854715202004e-14,0.0,0.0
shared_battery_mode_node_level_v1,SI-Drahi_100-d1-HET-UHI-BHI-c82d5d1087,TK-PB-Drahi_100-d1-HET-UHI-65bfec0e89-r4,SS-041e3670d673,risk_neutral_expectation,4,TWO_STAGE_RH,SA,savings,21,21,1,0.5191623899519613,16.61319647846276,15.386803521537239,83.98947368421054,83.57537505292149,0.0,0.0,true,15.386803521537239,0.4808376100480387,0.0,0.0,0.0
shared_battery_mode_node_level_v1,SI-Drahi_100-d1-HET-UHI-BHI-c82d5d1087,TK-PB-Drahi_100-d1-HET-UHI-65bfec0e89-r4,SS-041e3670d673,risk_neutral_expectation,4,TWO_STAGE_RH,SA,savings,21,22,1,0.0,0.0,32.00000000000001,83.57537505292149,49.891164526605685,0.0,7.105427357601002e-15,false,0.0,0.0,2.1316282072803006e-14,0.0,0.0
shared_battery_mode_node_level_v1,SI-Drahi_100-d1-HET-UHI-BHI-c82d5d1087,TK-PB-Drahi_100-d1-HET-UHI-65bfec0e89-r4,SS-041e3670d673,risk_neutral_expectation,4,TWO_STAGE_RH,SA,savings,21,23,1,1.0,32.0,0.0,49.891164526605685,80.29116452660568,0.0,0.0,false,0.0,0.0,2.842170943040401e-14,0.0,0.0
shared_battery_mode_node_level_v1,SI-Drahi_100-d1-HET-UHI-BHI-c82d5d1087,TK-PB-Drahi_100-d1-HET-UHI-65bfec0e89-r4,SS-041e3670d673,risk_neutral_expectation,4,TWO_STAGE_RH,SA,savings,21,24,1,1.0,32.0,0.0,80.29116452660568,110.69116452660569,0.0,0.0,false,0.0,0.0,2.842170943040401e-14,0.0,0.0
shared_battery_mode_node_level_v1,SI-Drahi_100-d1-HET-UHI-BHI-c82d5d1087,TK-PB-Drahi_100-d1-HET-UHI-65bfec0e89-r4,SS-2a2d2fbd84a2,risk_neutral_expectation,4,TWO_STAGE_RH,STATIC_DEMAND_SHARE,pv,1,1,1,1.0,0.0,0.0,0.2,0.2,0.0,0.0,false,0.0,0.0,0.0,0.0,0.0
shared_battery_mode_node_level_v1,SI-Drahi_100-d1-HET-UHI-BHI-c82d5d1087,TK-PB-Drahi_100-d1-HET-UHI-65bfec0e89-r4,SS-2a2d2fbd84a2,risk_neutral_expectation,4,TWO_STAGE_RH,STATIC_DEMAND_SHARE,pv,1,2,1,1.0,32.0,0.0,0.2,30.599999999999998,0.0,0.0,false,0.0,0.0,0.0,0.0,0.0
shared_battery_mode_node_level_v1,SI-Drahi_100-d1-HET-UHI-BHI-c82d5d1087,TK-PB-Drahi_100-d1-HET-UHI-65bfec0e89-r4,SS-2a2d2fbd84a2,risk_neutral_expectation,4,TWO_STAGE_RH,STATIC_DEMAND_SHARE,pv,1,3,1,1.0,0.0,0.0,30.599999999999998,30.599999999999998,0.0,0.0,false,0.0,0.0,0.0,0.0,0.0
shared_battery_mode_node_level_v1,SI-Drahi_100-d1-HET-UHI-BHI-c82d5d1087,TK-PB-Drahi_100-d1-HET-UHI-65bfec0e89-r4,SS-2a2d2fbd84a2,risk_neutral_expectation,4,TWO_STAGE_RH,STATIC_DEMAND_SHARE,pv,1,4,1,1.0,32.0,0.0,30.599999999999998,61.0,0.0,0.0,false,0.0,0.0,0.0,0.0,0.0
shared_battery_mode_node_level_v1,SI-Drahi_100-d1-HET-UHI-BHI-c82d5d1087,TK-PB-Drahi_100-d1-HET-UHI-65bfec0e89-r4,SS-6c80fd11a123,risk_neutral_expectation,4,TWO_STAGE_RH,STATIC_DEMAND_SHARE,pv,5,5,1,1.0,0.0,0.0,61.0,61.0,0.0,0.0,false,0.0,0.0,0.0,0.0,0.0
shared_battery_mode_node_level_v1,SI-Drahi_100-d1-HET-UHI-BHI-c82d5d1087,TK-PB-Drahi_100-d1-HET-UHI-65bfec0e89-r4,SS-6c80fd11a123,risk_neutral_expectation,4,TWO_STAGE_RH,STATIC_DEMAND_SHARE,pv,5,6,1,0.0,0.0,32.0,61.0,27.315789473684212,0.0,0.0,false,0.0,0.0,0.0,0.0,0.0
shared_battery_mode_node_level_v1,SI-Drahi_100-d1-HET-UHI-BHI-c82d5d1087,TK-PB-Drahi_100-d1-HET-UHI-65bfec0e89-r4,SS-6c80fd11a123,risk_neutral_expectation,4,TWO_STAGE_RH,STATIC_DEMAND_SHARE,pv,5,7,1,1.0,23.564503565211186,0.0,27.315789473684212,49.70206786063484,0.0,0.0,false,0.0,0.0,0.0,0.0,0.0
shared_battery_mode_node_level_v1,SI-Drahi_100-d1-HET-UHI-BHI-c82d5d1087,TK-PB-Drahi_100-d1-HET-UHI-65bfec0e89-r4,SS-6c80fd11a123,risk_neutral_expectation,4,TWO_STAGE_RH,STATIC_DEMAND_SHARE,pv,5,8,1,0.0,0.0,32.0,49.70206786063484,16.017857334319054,0.0,0.0,false,0.0,0.0,0.0,0.0,0.0
shared_battery_mode_node_level_v1,SI-Drahi_100-d1-HET-UHI-BHI-c82d5d1087,TK-PB-Drahi_100-d1-HET-UHI-65bfec0e89-r4,SS-66f9b4fb4544,risk_neutral_expectation,4,TWO_STAGE_RH,STATIC_DEMAND_SHARE,pv,9,9,1,1.0,32.0,0.0,16.017857334319054,46.41785733431905,0.0,0.0,false,0.0,0.0,0.0,0.0,0.0
shared_battery_mode_node_level_v1,SI-Drahi_100-d1-HET-UHI-BHI-c82d5d1087,TK-PB-Drahi_100-d1-HET-UHI-65bfec0e89-r4,SS-66f9b4fb4544,risk_neutral_expectation,4,TWO_STAGE_RH,STATIC_DEMAND_SHARE,pv,9,10,1,1.0,0.0,0.0,46.41785733431905,46.41785733431905,0.0,0.0,false,0.0,0.0,0.0,0.0,0.0
shared_battery_mode_node_level_v1,SI-Drahi_100-d1-HET-UHI-BHI-c82d5d1087,TK-PB-Drahi_100-d1-HET-UHI-65bfec0e89-r4,SS-66f9b4fb4544,risk_neutral_expectation,4,TWO_STAGE_RH,STATIC_DEMAND_SHARE,pv,9,11,1,1.0,0.0,0.0,46.41785733431905,46.41785733431905,0.0,0.0,false,0.0,0.0,0.0,0.0,0.0
shared_battery_mode_node_level_v1,SI-Drahi_100-d1-HET-UHI-BHI-c82d5d1087,TK-PB-Drahi_100-d1-HET-UHI-65bfec0e89-r4,SS-66f9b4fb4544,risk_neutral_expectation,4,TWO_STAGE_RH,STATIC_DEMAND_SHARE,pv,9,12,1,1.0,2.4894126577009317,0.0,46.41785733431905,48.782799359134934,0.0,0.0,false,0.0,0.0,7.105427357601002e-15,0.0,0.0
shared_battery_mode_node_level_v1,SI-Drahi_100-d1-HET-UHI-BHI-c82d5d1087,TK-PB-Drahi_100-d1-HET-UHI-65bfec0e89-r4,SS-913f9bd8400b,risk_neutral_expectation,4,TWO_STAGE_RH,STATIC_DEMAND_SHARE,pv,13,13,1,0.10977749950511617,0.0,28.487120015836283,48.782799359134934,18.796357237202002,0.0,0.0,false,0.0,0.10977749950511617,3.552713678800501e-15,0.0,0.0
shared_battery_mode_node_level_v1,SI-Drahi_100-d1-HET-UHI-BHI-c82d5d1087,TK-PB-Drahi_100-d1-HET-UHI-65bfec0e89-r4,SS-913f9bd8400b,risk_neutral_expectation,4,TWO_STAGE_RH,STATIC_DEMAND_SHARE,pv,13,14,1,1.0,0.0,0.0,18.796357237202002,18.796357237202002,0.0,0.0,false,0.0,0.0,3.552713678800501e-15,0.0,0.0
shared_battery_mode_node_level_v1,SI-Drahi_100-d1-HET-UHI-BHI-c82d5d1087,TK-PB-Drahi_100-d1-HET-UHI-65bfec0e89-r4,SS-913f9bd8400b,risk_neutral_expectation,4,TWO_STAGE_RH,STATIC_DEMAND_SHARE,pv,13,15,1,1.0,15.88195083064609,0.0,18.796357237202002,33.88421052631578,0.0,0.0,false,0.0,0.0,7.105427357601002e-15,0.0,0.0
shared_battery_mode_node_level_v1,SI-Drahi_100-d1-HET-UHI-BHI-c82d5d1087,TK-PB-Drahi_100-d1-HET-UHI-65bfec0e89-r4,SS-913f9bd8400b,risk_neutral_expectation,4,TWO_STAGE_RH,STATIC_DEMAND_SHARE,pv,13,16,1,1.0,0.0,0.0,33.88421052631578,33.88421052631578,0.0,0.0,false,0.0,0.0,7.105427357601002e-15,0.0,0.0
shared_battery_mode_node_level_v1,SI-Drahi_100-d1-HET-UHI-BHI-c82d5d1087,TK-PB-Drahi_100-d1-HET-UHI-65bfec0e89-r4,SS-3c542c310e20,risk_neutral_expectation,4,TWO_STAGE_RH,STATIC_DEMAND_SHARE,pv,17,17,1,0.0,0.0,31.999999999999996,33.88421052631578,0.19999999999999574,0.0,0.0,false,0.0,0.0,4.274358644806853e-15,4.274358644806853e-15,0.0
shared_battery_mode_node_level_v1,SI-Drahi_100-d1-HET-UHI-BHI-c82d5d1087,TK-PB-Drahi_100-d1-HET-UHI-65bfec0e89-r4,SS-3c542c310e20,risk_neutral_expectation,4,TWO_STAGE_RH,STATIC_DEMAND_SHARE,pv,17,18,1,1.0,0.0,0.0,0.19999999999999574,0.19999999999999574,0.0,0.0,false,0.0,0.0,4.274358644806853e-15,4.274358644806853e-15,0.0
shared_battery_mode_node_level_v1,SI-Drahi_100-d1-HET-UHI-BHI-c82d5d1087,TK-PB-Drahi_100-d1-HET-UHI-65bfec0e89-r4,SS-3c542c310e20,risk_neutral_expectation,4,TWO_STAGE_RH,STATIC_DEMAND_SHARE,pv,17,19,1,1.0,32.0,0.0,0.19999999999999574,30.599999999999994,0.0,0.0,false,0.0,0.0,3.552713678800501e-15,0.0,0.0
shared_battery_mode_node_level_v1,SI-Drahi_100-d1-HET-UHI-BHI-c82d5d1087,TK-PB-Drahi_100-d1-HET-UHI-65bfec0e89-r4,SS-3c542c310e20,risk_neutral_expectation,4,TWO_STAGE_RH,STATIC_DEMAND_SHARE,pv,17,20,1,1.0,0.0,0.0,30.599999999999994,30.599999999999994,0.0,0.0,false,0.0,0.0,3.552713678800501e-15,0.0,0.0
shared_battery_mode_node_level_v1,SI-Drahi_100-d1-HET-UHI-BHI-c82d5d1087,TK-PB-Drahi_100-d1-HET-UHI-65bfec0e89-r4,SS-041e3670d673,risk_neutral_expectation,4,TWO_STAGE_RH,STATIC_DEMAND_SHARE,pv,21,21,1,1.0,0.0,0.0,30.599999999999994,30.599999999999994,0.0,0.0,false,0.0,0.0,0.0,0.0,0.0
shared_battery_mode_node_level_v1,SI-Drahi_100-d1-HET-UHI-BHI-c82d5d1087,TK-PB-Drahi_100-d1-HET-UHI-65bfec0e89-r4,SS-041e3670d673,risk_neutral_expectation,4,TWO_STAGE_RH,STATIC_DEMAND_SHARE,pv,21,22,1,1.0,0.0,0.0,30.599999999999994,30.599999999999994,0.0,0.0,false,0.0,0.0,0.0,0.0,0.0
shared_battery_mode_node_level_v1,SI-Drahi_100-d1-HET-UHI-BHI-c82d5d1087,TK-PB-Drahi_100-d1-HET-UHI-65bfec0e89-r4,SS-041e3670d673,risk_neutral_expectation,4,TWO_STAGE_RH,STATIC_DEMAND_SHARE,pv,21,23,1,1.0,17.285318559556778,0.0,30.599999999999994,47.02105263157893,0.0,0.0,false,0.0,0.0,0.0,0.0,0.0
shared_battery_mode_node_level_v1,SI-Drahi_100-d1-HET-UHI-BHI-c82d5d1087,TK-PB-Drahi_100-d1-HET-UHI-65bfec0e89-r4,SS-041e3670d673,risk_neutral_expectation,4,TWO_STAGE_RH,STATIC_DEMAND_SHARE,pv,21,24,1,1.0,32.0,0.0,47.02105263157893,77.42105263157893,0.0,0.0,false,0.0,0.0,0.0,0.0,0.0
shared_battery_mode_node_level_v1,SI-Drahi_100-d1-HET-UHI-BLO-58585d40ab,TK-PB-Drahi_100-d1-HET-UHI-65bfec0e89-r4,SS-2a2d2fbd84a2,risk_neutral_expectation,4,DETERMINISTIC_RH,LEXMMFPEA,pv,1,1,1,1.0,0.0,0.0,0.2,0.2,0.0,0.0,false,0.0,0.0,0.0,0.0,0.0
shared_battery_mode_node_level_v1,SI-Drahi_100-d1-HET-UHI-BLO-58585d40ab,TK-PB-Drahi_100-d1-HET-UHI-65bfec0e89-r4,SS-2a2d2fbd84a2,risk_neutral_expectation,4,DETERMINISTIC_RH,LEXMMFPEA,pv,1,2,1,1.0,8.0,0.0,0.2,7.8,0.0,0.0,false,0.0,0.0,0.0,0.0,0.0
shared_battery_mode_node_level_v1,SI-Drahi_100-d1-HET-UHI-BLO-58585d40ab,TK-PB-Drahi_100-d1-HET-UHI-65bfec0e89-r4,SS-2a2d2fbd84a2,risk_neutral_expectation,4,DETERMINISTIC_RH,LEXMMFPEA,pv,1,3,1,1.0,0.0,0.0,7.8,7.8,0.0,0.0,false,0.0,0.0,0.0,0.0,0.0
shared_battery_mode_node_level_v1,SI-Drahi_100-d1-HET-UHI-BLO-58585d40ab,TK-PB-Drahi_100-d1-HET-UHI-65bfec0e89-r4,SS-2a2d2fbd84a2,risk_neutral_expectation,4,DETERMINISTIC_RH,LEXMMFPEA,pv,1,4,1,1.0,8.0,0.0,7.8,15.399999999999999,0.0,0.0,false,0.0,0.0,0.0,0.0,0.0
shared_battery_mode_node_level_v1,SI-Drahi_100-d1-HET-UHI-BLO-58585d40ab,TK-PB-Drahi_100-d1-HET-UHI-65bfec0e89-r4,SS-6c80fd11a123,risk_neutral_expectation,4,DETERMINISTIC_RH,LEXMMFPEA,pv,5,5,1,0.0,0.0,0.0,15.399999999999999,15.399999999999999,0.0,0.0,false,0.0,0.0,0.0,0.0,0.0
shared_battery_mode_node_level_v1,SI-Drahi_100-d1-HET-UHI-BLO-58585d40ab,TK-PB-Drahi_100-d1-HET-UHI-65bfec0e89-r4,SS-6c80fd11a123,risk_neutral_expectation,4,DETERMINISTIC_RH,LEXMMFPEA,pv,5,6,1,0.0,0.0,8.0,15.399999999999999,6.978947368421052,0.0,0.0,false,0.0,0.0,0.0,0.0,0.0
shared_battery_mode_node_level_v1,SI-Drahi_100-d1-HET-UHI-BLO-58585d40ab,TK-PB-Drahi_100-d1-HET-UHI-65bfec0e89-r4,SS-6c80fd11a123,risk_neutral_expectation,4,DETERMINISTIC_RH,LEXMMFPEA,pv,5,7,1,1.0,1.7285318559556782,0.0,6.978947368421052,8.621052631578946,0.0,0.0,false,0.0,0.0,0.0,0.0,0.0
shared_battery_mode_node_level_v1,SI-Drahi_100-d1-HET-UHI-BLO-58585d40ab,TK-PB-Drahi_100-d1-HET-UHI-65bfec0e89-r4,SS-6c80fd11a123,risk_neutral_expectation,4,DETERMINISTIC_RH,LEXMMFPEA,pv,5,8,1,0.0,0.0,8.0,8.621052631578946,0.1999999999999993,0.0,0.0,false,0.0,0.0,7.216449660063518e-16,7.216449660063518e-16,0.0
shared_battery_mode_node_level_v1,SI-Drahi_100-d1-HET-UHI-BLO-58585d40ab,TK-PB-Drahi_100-d1-HET-UHI-65bfec0e89-r4,SS-66f9b4fb4544,risk_neutral_expectation,4,DETERMINISTIC_RH,LEXMMFPEA,pv,9,9,1,1.0,8.0,0.0,0.1999999999999993,7.799999999999999,0.0,0.0,false,0.0,0.0,0.0,0.0,0.0
shared_battery_mode_node_level_v1,SI-Drahi_100-d1-HET-UHI-BLO-58585d40ab,TK-PB-Drahi_100-d1-HET-UHI-65bfec0e89-r4,SS-66f9b4fb4544,risk_neutral_expectation,4,DETERMINISTIC_RH,LEXMMFPEA,pv,9,10,1,1.0,8.0,0.0,7.799999999999999,15.399999999999999,0.0,0.0,false,0.0,0.0,0.0,0.0,0.0
shared_battery_mode_node_level_v1,SI-Drahi_100-d1-HET-UHI-BLO-58585d40ab,TK-PB-Drahi_100-d1-HET-UHI-65bfec0e89-r4,SS-66f9b4fb4544,risk_neutral_expectation,4,DETERMINISTIC_RH,LEXMMFPEA,pv,9,11,1,0.15867279894875158,1.2693823915900122,6.730617608409988,15.399999999999999,9.521052631578945,0.0,0.0,true,1.2693823915900122,0.15867279894875158,0.0,0.0,0.0
shared_battery_mode_node_level_v1,SI-Drahi_100-d1-HET-UHI-BLO-58585d40ab,TK-PB-Drahi_100-d1-HET-UHI-65bfec0e89-r4,SS-66f9b4fb4544,risk_neutral_expectation,4,DETERMINISTIC_RH,LEXMMFPEA,pv,9,12,1,1.0,8.0,0.0,9.521052631578945,17.121052631578944,0.0,0.0,false,0.0,0.0,0.0,0.0,0.0
shared_battery_mode_node_level_v1,SI-Drahi_100-d1-HET-UHI-BLO-58585d40ab,TK-PB-Drahi_100-d1-HET-UHI-65bfec0e89-r4,SS-913f9bd8400b,risk_neutral_expectation,4,DETERMINISTIC_RH,LEXMMFPEA,pv,13,13,1,0.0,0.0,8.0,17.121052631578944,8.699999999999998,0.0,0.0,false,0.0,0.0,0.0,0.0,0.0
shared_battery_mode_node_level_v1,SI-Drahi_100-d1-HET-UHI-BLO-58585d40ab,TK-PB-Drahi_100-d1-HET-UHI-65bfec0e89-r4,SS-913f9bd8400b,risk_neutral_expectation,4,DETERMINISTIC_RH,LEXMMFPEA,pv,13,14,1,1.0,8.0,0.0,8.699999999999998,16.299999999999997,0.0,0.0,false,0.0,0.0,0.0,0.0,0.0
shared_battery_mode_node_level_v1,SI-Drahi_100-d1-HET-UHI-BLO-58585d40ab,TK-PB-Drahi_100-d1-HET-UHI-65bfec0e89-r4,SS-913f9bd8400b,risk_neutral_expectation,4,DETERMINISTIC_RH,LEXMMFPEA,pv,13,15,1,1.0,8.0,0.0,16.299999999999997,23.9,0.0,0.0,false,0.0,0.0,0.0,0.0,0.0
shared_battery_mode_node_level_v1,SI-Drahi_100-d1-HET-UHI-BLO-58585d40ab,TK-PB-Drahi_100-d1-HET-UHI-65bfec0e89-r4,SS-913f9bd8400b,risk_neutral_expectation,4,DETERMINISTIC_RH,LEXMMFPEA,pv,13,16,1,1.0,8.0,0.0,23.9,31.5,0.0,0.0,false,0.0,0.0,0.0,0.0,0.0
shared_battery_mode_node_level_v1,SI-Drahi_100-d1-HET-UHI-BLO-58585d40ab,TK-PB-Drahi_100-d1-HET-UHI-65bfec0e89-r4,SS-3c542c310e20,risk_neutral_expectation,4,DETERMINISTIC_RH,LEXMMFPEA,pv,17,17,1,0.0,0.0,8.0,31.5,23.078947368421055,0.0,0.0,false,0.0,0.0,0.0,0.0,0.0
shared_battery_mode_node_level_v1,SI-Drahi_100-d1-HET-UHI-BLO-58585d40ab,TK-PB-Drahi_100-d1-HET-UHI-65bfec0e89-r4,SS-3c542c310e20,risk_neutral_expectation,4,DETERMINISTIC_RH,LEXMMFPEA,pv,17,18,1,0.0,0.0,0.0,23.078947368421055,23.078947368421055,0.0,0.0,false,0.0,0.0,0.0,0.0,0.0
shared_battery_mode_node_level_v1,SI-Drahi_100-d1-HET-UHI-BLO-58585d40ab,TK-PB-Drahi_100-d1-HET-UHI-65bfec0e89-r4,SS-3c542c310e20,risk_neutral_expectation,4,DETERMINISTIC_RH,LEXMMFPEA,pv,17,19,1,1.0,8.0,0.0,23.078947368421055,30.678947368421056,0.0,0.0,false,0.0,0.0,0.0,0.0,0.0
shared_battery_mode_node_level_v1,SI-Drahi_100-d1-HET-UHI-BLO-58585d40ab,TK-PB-Drahi_100-d1-HET-UHI-65bfec0e89-r4,SS-3c542c310e20,risk_neutral_expectation,4,DETERMINISTIC_RH,LEXMMFPEA,pv,17,20,1,0.0,0.0,0.0,30.678947368421056,30.678947368421056,0.0,0.0,false,0.0,0.0,0.0,0.0,0.0
shared_battery_mode_node_level_v1,SI-Drahi_100-d1-HET-UHI-BLO-58585d40ab,TK-PB-Drahi_100-d1-HET-UHI-65bfec0e89-r4,SS-041e3670d673,risk_neutral_expectation,4,DETERMINISTIC_RH,LEXMMFPEA,pv,21,21,1,1.0,0.0,0.0,30.678947368421056,30.678947368421056,0.0,0.0,false,0.0,0.0,0.0,0.0,0.0
shared_battery_mode_node_level_v1,SI-Drahi_100-d1-HET-UHI-BLO-58585d40ab,TK-PB-Drahi_100-d1-HET-UHI-65bfec0e89-r4,SS-041e3670d673,risk_neutral_expectation,4,DETERMINISTIC_RH,LEXMMFPEA,pv,21,22,1,0.0,0.0,8.0,30.678947368421056,22.25789473684211,0.0,0.0,false,0.0,0.0,0.0,0.0,0.0
shared_battery_mode_node_level_v1,SI-Drahi_100-d1-HET-UHI-BLO-58585d40ab,TK-PB-Drahi_100-d1-HET-UHI-65bfec0e89-r4,SS-041e3670d673,risk_neutral_expectation,4,DETERMINISTIC_RH,LEXMMFPEA,pv,21,23,1,0.0,0.0,0.0,22.25789473684211,22.25789473684211,0.0,0.0,false,0.0,0.0,0.0,0.0,0.0
shared_battery_mode_node_level_v1,SI-Drahi_100-d1-HET-UHI-BLO-58585d40ab,TK-PB-Drahi_100-d1-HET-UHI-65bfec0e89-r4,SS-041e3670d673,risk_neutral_expectation,4,DETERMINISTIC_RH,LEXMMFPEA,pv,21,24,1,1.0,0.0,0.0,22.25789473684211,22.25789473684211,0.0,0.0,false,0.0,0.0,0.0,0.0,0.0
shared_battery_mode_node_level_v1,SI-Drahi_100-d1-HET-UHI-BLO-58585d40ab,TK-PB-Drahi_100-d1-HET-UHI-65bfec0e89-r4,SS-2a2d2fbd84a2,risk_neutral_expectation,4,DETERMINISTIC_RH,LEXMMFSA,savings,1,1,1,0.5768725361366622,4.614980289093298,3.385019710906702,0.2,1.021052631578946,0.0,0.0,true,3.385019710906702,0.42312746386333777,4.440892098500626e-16,0.0,0.0
shared_battery_mode_node_level_v1,SI-Drahi_100-d1-HET-UHI-BLO-58585d40ab,TK-PB-Drahi_100-d1-HET-UHI-65bfec0e89-r4,SS-2a2d2fbd84a2,risk_neutral_expectation,4,DETERMINISTIC_RH,LEXMMFSA,savings,1,2,1,1.0,8.0,0.0,1.021052631578946,8.621052631578946,0.0,0.0,false,0.0,0.0,0.0,0.0,0.0
shared_battery_mode_node_level_v1,SI-Drahi_100-d1-HET-UHI-BLO-58585d40ab,TK-PB-Drahi_100-d1-HET-UHI-65bfec0e89-r4,SS-2a2d2fbd84a2,risk_neutral_expectation,4,DETERMINISTIC_RH,LEXMMFSA,savings,1,3,1,0.0,0.0,8.0,8.621052631578946,0.1999999999999993,0.0,0.0,false,0.0,0.0,7.216449660063518e-16,7.216449660063518e-16,0.0
shared_battery_mode_node_level_v1,SI-Drahi_100-d1-HET-UHI-BLO-58585d40ab,TK-PB-Drahi_100-d1-HET-UHI-65bfec0e89-r4,SS-2a2d2fbd84a2,risk_neutral_expectation,4,DETERMINISTIC_RH,LEXMMFSA,savings,1,4,1,1.0,8.0,0.0,0.1999999999999993,7.799999999999999,0.0,0.0,false,0.0,0.0,8.881784197001252e-16,0.0,0.0
shared_battery_mode_node_level_v1,SI-Drahi_100-d1-HET-UHI-BLO-58585d40ab,TK-PB-Drahi_100-d1-HET-UHI-65bfec0e89-r4,SS-6c80fd11a123,risk_neutral_expectation,4,DETERMINISTIC_RH,LEXMMFSA,savings,5,5,1,0.6281208935611038,5.02496714848883,2.9750328515111697,7.799999999999999,9.442105263157892,0.0,0.0,true,2.9750328515111697,0.3718791064388962,1.7763568394002505e-15,0.0,0.0
shared_battery_mode_node_level_v1,SI-Drahi_100-d1-HET-UHI-BLO-58585d40ab,TK-PB-Drahi_100-d1-HET-UHI-65bfec0e89-r4,SS-6c80fd11a123,risk_neutral_expectation,4,DETERMINISTIC_RH,LEXMMFSA,savings,5,6,1,0.0,0.0,8.0,9.442105263157892,1.0210526315789448,0.0,0.0,false,0.0,0.0,1.7763568394002505e-15,0.0,0.0
shared_battery_mode_node_level_v1,SI-Drahi_100-d1-HET-UHI-BLO-58585d40ab,TK-PB-Drahi_100-d1-HET-UHI-65bfec0e89-r4,SS-6c80fd11a123,risk_neutral_expectation,4,DETERMINISTIC_RH,LEXMMFSA,savings,5,7,1,1.0,8.0,0.0,1.0210526315789448,8.621052631578944,0.0,0.0,false,0.0,0.0,1.7763568394002505e-15,0.0,0.0
shared_battery_mode_node_level_v1,SI-Drahi_100-d1-HET-UHI-BLO-58585d40ab,TK-PB-Drahi_100-d1-HET-UHI-65bfec0e89-r4,SS-6c80fd11a123,risk_neutral_expectation,4,DETERMINISTIC_RH,LEXMMFSA,savings,5,8,1,0.0,0.0,8.0,8.621052631578944,0.1999999999999975,0.0,0.0,false,0.0,0.0,2.4980018054066022e-15,2.4980018054066022e-15,0.0
shared_battery_mode_node_level_v1,SI-Drahi_100-d1-HET-UHI-BLO-58585d40ab,TK-PB-Drahi_100-d1-HET-UHI-65bfec0e89-r4,SS-66f9b4fb4544,risk_neutral_expectation,4,DETERMINISTIC_RH,LEXMMFSA,savings,9,9,1,1.0,8.0,0.0,0.1999999999999975,7.799999999999997,0.0,0.0,false,0.0,0.0,0.0,0.0,0.0
shared_battery_mode_node_level_v1,SI-Drahi_100-d1-HET-UHI-BLO-58585d40ab,TK-PB-Drahi_100-d1-HET-UHI-65bfec0e89-r4,SS-66f9b4fb4544,risk_neutral_expectation,4,DETERMINISTIC_RH,LEXMMFSA,savings,9,10,1,1.0,0.0,0.0,7.799999999999997,7.799999999999997,0.0,0.0,false,0.0,0.0,0.0,0.0,0.0
shared_battery_mode_node_level_v1,SI-Drahi_100-d1-HET-UHI-BLO-58585d40ab,TK-PB-Drahi_100-d1-HET-UHI-65bfec0e89-r4,SS-66f9b4fb4544,risk_neutral_expectation,4,DETERMINISTIC_RH,LEXMMFSA,savings,9,11,1,1.0,0.0,0.0,7.799999999999997,7.799999999999997,0.0,0.0,false,0.0,0.0,0.0,0.0,0.0
shared_battery_mode_node_level_v1,SI-Drahi_100-d1-HET-UHI-BLO-58585d40ab,TK-PB-Drahi_100-d1-HET-UHI-65bfec0e89-r4,SS-66f9b4fb4544,risk_neutral_expectation,4,DETERMINISTIC_RH,LEXMMFSA,savings,9,12,1,1.0,8.0,0.0,7.799999999999997,15.399999999999997,0.0,0.0,false,0.0,0.0,0.0,0.0,0.0
shared_battery_mode_node_level_v1,SI-Drahi_100-d1-HET-UHI-BLO-58585d40ab,TK-PB-Drahi_100-d1-HET-UHI-65bfec0e89-r4,SS-913f9bd8400b,risk_neutral_expectation,4,DETERMINISTIC_RH,LEXMMFSA,savings,13,13,1,1.0,0.0,0.0,15.399999999999997,15.399999999999997,0.0,0.0,false,0.0,0.0,0.0,0.0,0.0
shared_battery_mode_node_level_v1,SI-Drahi_100-d1-HET-UHI-BLO-58585d40ab,TK-PB-Drahi_100-d1-HET-UHI-65bfec0e89-r4,SS-913f9bd8400b,risk_neutral_expectation,4,DETERMINISTIC_RH,LEXMMFSA,savings,13,14,1,1.0,8.0,0.0,15.399999999999997,22.999999999999996,0.0,0.0,false,0.0,0.0,0.0,0.0,0.0
shared_battery_mode_node_level_v1,SI-Drahi_100-d1-HET-UHI-BLO-58585d40ab,TK-PB-Drahi_100-d1-HET-UHI-65bfec0e89-r4,SS-913f9bd8400b,risk_neutral_expectation,4,DETERMINISTIC_RH,LEXMMFSA,savings,13,15,1,1.0,8.0,0.0,22.999999999999996,30.599999999999994,0.0,0.0,false,0.0,0.0,0.0,0.0,0.0
shared_battery_mode_node_level_v1,SI-Drahi_100-d1-HET-UHI-BLO-58585d40ab,TK-PB-Drahi_100-d1-HET-UHI-65bfec0e89-r4,SS-913f9bd8400b,risk_neutral_expectation,4,DETERMINISTIC_RH,LEXMMFSA,savings,13,16,1,1.0,0.9473684210526375,0.0,30.599999999999994,31.5,0.0,0.0,false,0.0,0.0,0.0,0.0,0.0
shared_battery_mode_node_level_v1,SI-Drahi_100-d1-HET-UHI-BLO-58585d40ab,TK-PB-Drahi_100-d1-HET-UHI-65bfec0e89-r4,SS-3c542c310e20,risk_neutral_expectation,4,DETERMINISTIC_RH,LEXMMFSA,savings,17,17,1,0.0,0.0,8.0,31.5,23.078947368421055,0.0,0.0,false,0.0,0.0,0.0,0.0,0.0
shared_battery_mode_node_level_v1,SI-Drahi_100-d1-HET-UHI-BLO-58585d40ab,TK-PB-Drahi_100-d1-HET-UHI-65bfec0e89-r4,SS-3c542c310e20,risk_neutral_expectation,4,DETERMINISTIC_RH,LEXMMFSA,savings,17,18,1,0.4563074901445464,3.6504599211563713,4.349540078843629,23.078947368421055,21.968421052631577,0.0,0.0,true,3.6504599211563713,0.4563074901445464,0.0,0.0,0.0
shared_battery_mode_node_level_v1,SI-Drahi_100-d1-HET-UHI-BLO-58585d40ab,TK-PB-Drahi_100-d1-HET-UHI-65bfec0e89-r4,SS-3c542c310e20,risk_neutral_expectation,4,DETERMINISTIC_RH,LEXMMFSA,savings,17,19,1,1.0,8.0,0.0,21.968421052631577,29.568421052631578,0.0,0.0,false,0.0,0.0,0.0,0.0,0.0
shared_battery_mode_node_level_v1,SI-Drahi_100-d1-HET-UHI-BLO-58585d40ab,TK-PB-Drahi_100-d1-HET-UHI-65bfec0e89-r4,SS-3c542c310e20,risk_neutral_expectation,4,DETERMINISTIC_RH,LEXMMFSA,savings,17,20,1,0.0,0.0,8.0,29.568421052631578,21.147368421052633,0.0,0.0,false,0.0,0.0,0.0,0.0,0.0
shared_battery_mode_node_level_v1,SI-Drahi_100-d1-HET-UHI-BLO-58585d40ab,TK-PB-Drahi_100-d1-HET-UHI-65bfec0e89-r4,SS-041e3670d673,risk_neutral_expectation,4,DETERMINISTIC_RH,LEXMMFSA,savings,21,21,1,0.0,0.0,8.000000000000004,21.147368421052633,12.72631578947368,0.0,3.552713678800501e-15,false,0.0,0.0,0.0,0.0,0.0
shared_battery_mode_node_level_v1,SI-Drahi_100-d1-HET-UHI-BLO-58585d40ab,TK-PB-Drahi_100-d1-HET-UHI-65bfec0e89-r4,SS-041e3670d673,risk_neutral_expectation,4,DETERMINISTIC_RH,LEXMMFSA,savings,21,22,1,0.0,0.0,8.0,12.72631578947368,4.305263157894734,0.0,0.0,false,0.0,0.0,1.7763568394002505e-15,0.0,0.0
shared_battery_mode_node_level_v1,SI-Drahi_100-d1-HET-UHI-BLO-58585d40ab,TK-PB-Drahi_100-d1-HET-UHI-65bfec0e89-r4,SS-041e3670d673,risk_neutral_expectation,4,DETERMINISTIC_RH,LEXMMFSA,savings,21,23,1,1.0,8.0,0.0,4.305263157894734,11.905263157894733,0.0,0.0,false,0.0,0.0,1.7763568394002505e-15,0.0,0.0
shared_battery_mode_node_level_v1,SI-Drahi_100-d1-HET-UHI-BLO-58585d40ab,TK-PB-Drahi_100-d1-HET-UHI-65bfec0e89-r4,SS-041e3670d673,risk_neutral_expectation,4,DETERMINISTIC_RH,LEXMMFSA,savings,21,24,1,1.0,8.0,0.0,11.905263157894733,19.50526315789473,0.0,0.0,false,0.0,0.0,3.552713678800501e-15,0.0,0.0
shared_battery_mode_node_level_v1,SI-Drahi_100-d1-HET-UHI-BLO-58585d40ab,TK-PB-Drahi_100-d1-HET-UHI-65bfec0e89-r4,SS-2a2d2fbd84a2,risk_neutral_expectation,4,DETERMINISTIC_RH,NONE,none,1,1,1,1.0,0.0,0.0,0.2,0.2,0.0,0.0,false,0.0,0.0,0.0,0.0,0.0
shared_battery_mode_node_level_v1,SI-Drahi_100-d1-HET-UHI-BLO-58585d40ab,TK-PB-Drahi_100-d1-HET-UHI-65bfec0e89-r4,SS-2a2d2fbd84a2,risk_neutral_expectation,4,DETERMINISTIC_RH,NONE,none,1,2,1,1.0,8.0,0.0,0.2,7.8,0.0,0.0,false,0.0,0.0,0.0,0.0,0.0
shared_battery_mode_node_level_v1,SI-Drahi_100-d1-HET-UHI-BLO-58585d40ab,TK-PB-Drahi_100-d1-HET-UHI-65bfec0e89-r4,SS-2a2d2fbd84a2,risk_neutral_expectation,4,DETERMINISTIC_RH,NONE,none,1,3,1,1.0,0.0,0.0,7.8,7.8,0.0,0.0,false,0.0,0.0,0.0,0.0,0.0
shared_battery_mode_node_level_v1,SI-Drahi_100-d1-HET-UHI-BLO-58585d40ab,TK-PB-Drahi_100-d1-HET-UHI-65bfec0e89-r4,SS-2a2d2fbd84a2,risk_neutral_expectation,4,DETERMINISTIC_RH,NONE,none,1,4,1,1.0,8.0,0.0,7.8,15.399999999999999,0.0,0.0,false,0.0,0.0,0.0,0.0,0.0
shared_battery_mode_node_level_v1,SI-Drahi_100-d1-HET-UHI-BLO-58585d40ab,TK-PB-Drahi_100-d1-HET-UHI-65bfec0e89-r4,SS-6c80fd11a123,risk_neutral_expectation,4,DETERMINISTIC_RH,NONE,none,5,5,1,1.0,0.0,0.0,15.399999999999999,15.399999999999999,0.0,0.0,false,0.0,0.0,0.0,0.0,0.0
shared_battery_mode_node_level_v1,SI-Drahi_100-d1-HET-UHI-BLO-58585d40ab,TK-PB-Drahi_100-d1-HET-UHI-65bfec0e89-r4,SS-6c80fd11a123,risk_neutral_expectation,4,DETERMINISTIC_RH,NONE,none,5,6,1,0.0,0.0,8.0,15.399999999999999,6.978947368421052,0.0,0.0,false,0.0,0.0,0.0,0.0,0.0
shared_battery_mode_node_level_v1,SI-Drahi_100-d1-HET-UHI-BLO-58585d40ab,TK-PB-Drahi_100-d1-HET-UHI-65bfec0e89-r4,SS-6c80fd11a123,risk_neutral_expectation,4,DETERMINISTIC_RH,NONE,none,5,7,1,1.0,8.0,0.0,6.978947368421052,14.578947368421051,0.0,0.0,false,0.0,0.0,0.0,0.0,0.0
shared_battery_mode_node_level_v1,SI-Drahi_100-d1-HET-UHI-BLO-58585d40ab,TK-PB-Drahi_100-d1-HET-UHI-65bfec0e89-r4,SS-6c80fd11a123,risk_neutral_expectation,4,DETERMINISTIC_RH,NONE,none,5,8,1,0.6972214383253816,0.0,2.422228493396947,14.578947368421051,12.029233164845317,0.0,0.0,false,0.0,0.30277856167461836,0.0,0.0,0.0
shared_battery_mode_node_level_v1,SI-Drahi_100-d1-HET-UHI-BLO-58585d40ab,TK-PB-Drahi_100-d1-HET-UHI-65bfec0e89-r4,SS-66f9b4fb4544,risk_neutral_expectation,4,DETERMINISTIC_RH,NONE,none,9,9,1,1.0,8.0,0.0,12.029233164845317,19.629233164845317,0.0,0.0,false,0.0,0.0,0.0,0.0,0.0
shared_battery_mode_node_level_v1,SI-Drahi_100-d1-HET-UHI-BLO-58585d40ab,TK-PB-Drahi_100-d1-HET-UHI-65bfec0e89-r4,SS-66f9b4fb4544,risk_neutral_expectation,4,DETERMINISTIC_RH,NONE,none,9,10,1,1.0,0.0,0.0,19.629233164845317,19.629233164845317,0.0,0.0,false,0.0,0.0,0.0,0.0,0.0
shared_battery_mode_node_level_v1,SI-Drahi_100-d1-HET-UHI-BLO-58585d40ab,TK-PB-Drahi_100-d1-HET-UHI-65bfec0e89-r4,SS-66f9b4fb4544,risk_neutral_expectation,4,DETERMINISTIC_RH,NONE,none,9,11,1,1.0,0.0,0.0,19.629233164845317,19.629233164845317,0.0,0.0,false,0.0,0.0,0.0,0.0,0.0
shared_battery_mode_node_level_v1,SI-Drahi_100-d1-HET-UHI-BLO-58585d40ab,TK-PB-Drahi_100-d1-HET-UHI-65bfec0e89-r4,SS-66f9b4fb4544,risk_neutral_expectation,4,DETERMINISTIC_RH,NONE,none,9,12,1,1.0,0.0,0.0,19.629233164845317,19.629233164845317,0.0,0.0,false,0.0,0.0,0.0,0.0,0.0
shared_battery_mode_node_level_v1,SI-Drahi_100-d1-HET-UHI-BLO-58585d40ab,TK-PB-Drahi_100-d1-HET-UHI-65bfec0e89-r4,SS-913f9bd8400b,risk_neutral_expectation,4,DETERMINISTIC_RH,NONE,none,13,13,1,0.0,0.0,8.0,19.629233164845317,11.20818053326637,0.0,0.0,false,0.0,0.0,0.0,0.0,0.0
shared_battery_mode_node_level_v1,SI-Drahi_100-d1-HET-UHI-BLO-58585d40ab,TK-PB-Drahi_100-d1-HET-UHI-65bfec0e89-r4,SS-913f9bd8400b,risk_neutral_expectation,4,DETERMINISTIC_RH,NONE,none,13,14,1,1.0,0.0,0.0,11.20818053326637,11.20818053326637,0.0,0.0,false,0.0,0.0,0.0,0.0,0.0
shared_battery_mode_node_level_v1,SI-Drahi_100-d1-HET-UHI-BLO-58585d40ab,TK-PB-Drahi_100-d1-HET-UHI-65bfec0e89-r4,SS-913f9bd8400b,risk_neutral_expectation,4,DETERMINISTIC_RH,NONE,none,13,15,1,1.0,0.0,0.0,11.20818053326637,11.20818053326637,0.0,0.0,false,0.0,0.0,0.0,0.0,0.0
shared_battery_mode_node_level_v1,SI-Drahi_100-d1-HET-UHI-BLO-58585d40ab,TK-PB-Drahi_100-d1-HET-UHI-65bfec0e89-r4,SS-913f9bd8400b,risk_neutral_expectation,4,DETERMINISTIC_RH,NONE,none,13,16,1,1.0,0.0,0.0,11.20818053326637,11.20818053326637,0.0,0.0,false,0.0,0.0,0.0,0.0,0.0
shared_battery_mode_node_level_v1,SI-Drahi_100-d1-HET-UHI-BLO-58585d40ab,TK-PB-Drahi_100-d1-HET-UHI-65bfec0e89-r4,SS-3c542c310e20,risk_neutral_expectation,4,DETERMINISTIC_RH,NONE,none,17,17,1,0.0,0.0,8.0,11.20818053326637,2.7871279016874233,0.0,0.0,false,0.0,0.0,0.0,0.0,0.0
shared_battery_mode_node_level_v1,SI-Drahi_100-d1-HET-UHI-BLO-58585d40ab,TK-PB-Drahi_100-d1-HET-UHI-65bfec0e89-r4,SS-3c542c310e20,risk_neutral_expectation,4,DETERMINISTIC_RH,NONE,none,17,18,1,1.0,0.0,0.0,2.7871279016874233,2.7871279016874233,0.0,0.0,false,0.0,0.0,0.0,0.0,0.0
shared_battery_mode_node_level_v1,SI-Drahi_100-d1-HET-UHI-BLO-58585d40ab,TK-PB-Drahi_100-d1-HET-UHI-65bfec0e89-r4,SS-3c542c310e20,risk_neutral_expectation,4,DETERMINISTIC_RH,NONE,none,17,19,1,1.0,8.0,0.0,2.7871279016874233,10.387127901687423,0.0,0.0,false,0.0,0.0,0.0,0.0,0.0
shared_battery_mode_node_level_v1,SI-Drahi_100-d1-HET-UHI-BLO-58585d40ab,TK-PB-Drahi_100-d1-HET-UHI-65bfec0e89-r4,SS-3c542c310e20,risk_neutral_expectation,4,DETERMINISTIC_RH,NONE,none,17,20,1,1.0,0.0,0.0,10.387127901687423,10.387127901687423,0.0,0.0,false,0.0,0.0,0.0,0.0,0.0
shared_battery_mode_node_level_v1,SI-Drahi_100-d1-HET-UHI-BLO-58585d40ab,TK-PB-Drahi_100-d1-HET-UHI-65bfec0e89-r4,SS-041e3670d673,risk_neutral_expectation,4,DETERMINISTIC_RH,NONE,none,21,21,1,1.0,0.0,0.0,10.387127901687423,10.387127901687423,0.0,0.0,false,0.0,0.0,0.0,0.0,0.0
shared_battery_mode_node_level_v1,SI-Drahi_100-d1-HET-UHI-BLO-58585d40ab,TK-PB-Drahi_100-d1-HET-UHI-65bfec0e89-r4,SS-041e3670d673,risk_neutral_expectation,4,DETERMINISTIC_RH,NONE,none,21,22,1,1.0,0.0,0.0,10.387127901687423,10.387127901687423,0.0,0.0,false,0.0,0.0,0.0,0.0,0.0
shared_battery_mode_node_level_v1,SI-Drahi_100-d1-HET-UHI-BLO-58585d40ab,TK-PB-Drahi_100-d1-HET-UHI-65bfec0e89-r4,SS-041e3670d673,risk_neutral_expectation,4,DETERMINISTIC_RH,NONE,none,21,23,1,1.0,6.224075892960606,0.0,10.387127901687423,16.299999999999997,0.0,0.0,false,0.0,0.0,0.0,0.0,0.0
shared_battery_mode_node_level_v1,SI-Drahi_100-d1-HET-UHI-BLO-58585d40ab,TK-PB-Drahi_100-d1-HET-UHI-65bfec0e89-r4,SS-041e3670d673,risk_neutral_expectation,4,DETERMINISTIC_RH,NONE,none,21,24,1,1.0,8.0,0.0,16.299999999999997,23.9,0.0,0.0,false,0.0,0.0,0.0,0.0,0.0
shared_battery_mode_node_level_v1,SI-Drahi_100-d1-HET-UHI-BLO-58585d40ab,TK-PB-Drahi_100-d1-HET-UHI-65bfec0e89-r4,SS-2a2d2fbd84a2,risk_neutral_expectation,4,DETERMINISTIC_RH,PEA,pv,1,1,1,1.0,0.0,0.0,0.2,0.2,0.0,0.0,false,0.0,0.0,0.0,0.0,0.0
shared_battery_mode_node_level_v1,SI-Drahi_100-d1-HET-UHI-BLO-58585d40ab,TK-PB-Drahi_100-d1-HET-UHI-65bfec0e89-r4,SS-2a2d2fbd84a2,risk_neutral_expectation,4,DETERMINISTIC_RH,PEA,pv,1,2,1,1.0,8.0,0.0,0.2,7.8,0.0,0.0,false,0.0,0.0,0.0,0.0,0.0
shared_battery_mode_node_level_v1,SI-Drahi_100-d1-HET-UHI-BLO-58585d40ab,TK-PB-Drahi_100-d1-HET-UHI-65bfec0e89-r4,SS-2a2d2fbd84a2,risk_neutral_expectation,4,DETERMINISTIC_RH,PEA,pv,1,3,1,1.0,0.0,0.0,7.8,7.8,0.0,0.0,false,0.0,0.0,0.0,0.0,0.0
shared_battery_mode_node_level_v1,SI-Drahi_100-d1-HET-UHI-BLO-58585d40ab,TK-PB-Drahi_100-d1-HET-UHI-65bfec0e89-r4,SS-2a2d2fbd84a2,risk_neutral_expectation,4,DETERMINISTIC_RH,PEA,pv,1,4,1,1.0,8.0,0.0,7.8,15.399999999999999,0.0,0.0,false,0.0,0.0,0.0,0.0,0.0
shared_battery_mode_node_level_v1,SI-Drahi_100-d1-HET-UHI-BLO-58585d40ab,TK-PB-Drahi_100-d1-HET-UHI-65bfec0e89-r4,SS-6c80fd11a123,risk_neutral_expectation,4,DETERMINISTIC_RH,PEA,pv,5,5,1,1.0,0.0,0.0,15.399999999999999,15.399999999999999,0.0,0.0,false,0.0,0.0,0.0,0.0,0.0
shared_battery_mode_node_level_v1,SI-Drahi_100-d1-HET-UHI-BLO-58585d40ab,TK-PB-Drahi_100-d1-HET-UHI-65bfec0e89-r4,SS-6c80fd11a123,risk_neutral_expectation,4,DETERMINISTIC_RH,PEA,pv,5,6,1,0.0,0.0,8.0,15.399999999999999,6.978947368421052,0.0,0.0,false,0.0,0.0,0.0,0.0,0.0
shared_battery_mode_node_level_v1,SI-Drahi_100-d1-HET-UHI-BLO-58585d40ab,TK-PB-Drahi_100-d1-HET-UHI-65bfec0e89-r4,SS-6c80fd11a123,risk_neutral_expectation,4,DETERMINISTIC_RH,PEA,pv,5,7,1,1.0,1.7285318559556782,0.0,6.978947368421052,8.621052631578946,0.0,0.0,false,0.0,0.0,0.0,0.0,0.0
shared_battery_mode_node_level_v1,SI-Drahi_100-d1-HET-UHI-BLO-58585d40ab,TK-PB-Drahi_100-d1-HET-UHI-65bfec0e89-r4,SS-6c80fd11a123,risk_neutral_expectation,4,DETERMINISTIC_RH,PEA,pv,5,8,1,0.0,0.0,8.0,8.621052631578946,0.1999999999999993,0.0,0.0,false,0.0,0.0,7.216449660063518e-16,7.216449660063518e-16,0.0
shared_battery_mode_node_level_v1,SI-Drahi_100-d1-HET-UHI-BLO-58585d40ab,TK-PB-Drahi_100-d1-HET-UHI-65bfec0e89-r4,SS-66f9b4fb4544,risk_neutral_expectation,4,DETERMINISTIC_RH,PEA,pv,9,9,1,1.0,8.0,0.0,0.1999999999999993,7.799999999999999,0.0,0.0,false,0.0,0.0,0.0,0.0,0.0
shared_battery_mode_node_level_v1,SI-Drahi_100-d1-HET-UHI-BLO-58585d40ab,TK-PB-Drahi_100-d1-HET-UHI-65bfec0e89-r4,SS-66f9b4fb4544,risk_neutral_expectation,4,DETERMINISTIC_RH,PEA,pv,9,10,1,1.0,8.0,0.0,7.799999999999999,15.399999999999999,0.0,0.0,false,0.0,0.0,0.0,0.0,0.0
shared_battery_mode_node_level_v1,SI-Drahi_100-d1-HET-UHI-BLO-58585d40ab,TK-PB-Drahi_100-d1-HET-UHI-65bfec0e89-r4,SS-66f9b4fb4544,risk_neutral_expectation,4,DETERMINISTIC_RH,PEA,pv,9,11,1,0.15867279894875153,1.2693823915900122,6.730617608409988,15.399999999999999,9.521052631578945,0.0,0.0,true,1.2693823915900122,0.15867279894875153,0.0,0.0,0.0
shared_battery_mode_node_level_v1,SI-Drahi_100-d1-HET-UHI-BLO-58585d40ab,TK-PB-Drahi_100-d1-HET-UHI-65bfec0e89-r4,SS-66f9b4fb4544,risk_neutral_expectation,4,DETERMINISTIC_RH,PEA,pv,9,12,1,1.0,8.0,0.0,9.521052631578945,17.121052631578944,0.0,0.0,false,0.0,0.0,0.0,0.0,0.0
shared_battery_mode_node_level_v1,SI-Drahi_100-d1-HET-UHI-BLO-58585d40ab,TK-PB-Drahi_100-d1-HET-UHI-65bfec0e89-r4,SS-913f9bd8400b,risk_neutral_expectation,4,DETERMINISTIC_RH,PEA,pv,13,13,1,0.0,0.0,8.0,17.121052631578944,8.699999999999998,0.0,0.0,false,0.0,0.0,0.0,0.0,0.0
shared_battery_mode_node_level_v1,SI-Drahi_100-d1-HET-UHI-BLO-58585d40ab,TK-PB-Drahi_100-d1-HET-UHI-65bfec0e89-r4,SS-913f9bd8400b,risk_neutral_expectation,4,DETERMINISTIC_RH,PEA,pv,13,14,1,1.0,8.0,0.0,8.699999999999998,16.299999999999997,0.0,0.0,false,0.0,0.0,0.0,0.0,0.0
shared_battery_mode_node_level_v1,SI-Drahi_100-d1-HET-UHI-BLO-58585d40ab,TK-PB-Drahi_100-d1-HET-UHI-65bfec0e89-r4,SS-913f9bd8400b,risk_neutral_expectation,4,DETERMINISTIC_RH,PEA,pv,13,15,1,1.0,8.0,0.0,16.299999999999997,23.9,0.0,0.0,false,0.0,0.0,0.0,0.0,0.0
shared_battery_mode_node_level_v1,SI-Drahi_100-d1-HET-UHI-BLO-58585d40ab,TK-PB-Drahi_100-d1-HET-UHI-65bfec0e89-r4,SS-913f9bd8400b,risk_neutral_expectation,4,DETERMINISTIC_RH,PEA,pv,13,16,1,1.0,8.0,0.0,23.9,31.5,0.0,0.0,false,0.0,0.0,0.0,0.0,0.0
shared_battery_mode_node_level_v1,SI-Drahi_100-d1-HET-UHI-BLO-58585d40ab,TK-PB-Drahi_100-d1-HET-UHI-65bfec0e89-r4,SS-3c542c310e20,risk_neutral_expectation,4,DETERMINISTIC_RH,PEA,pv,17,17,1,0.0,0.0,8.0,31.5,23.078947368421055,0.0,0.0,false,0.0,0.0,0.0,0.0,0.0
shared_battery_mode_node_level_v1,SI-Drahi_100-d1-HET-UHI-BLO-58585d40ab,TK-PB-Drahi_100-d1-HET-UHI-65bfec0e89-r4,SS-3c542c310e20,risk_neutral_expectation,4,DETERMINISTIC_RH,PEA,pv,17,18,1,1.0,0.0,0.0,23.078947368421055,23.078947368421055,0.0,0.0,false,0.0,0.0,0.0,0.0,0.0
shared_battery_mode_node_level_v1,SI-Drahi_100-d1-HET-UHI-BLO-58585d40ab,TK-PB-Drahi_100-d1-HET-UHI-65bfec0e89-r4,SS-3c542c310e20,risk_neutral_expectation,4,DETERMINISTIC_RH,PEA,pv,17,19,1,1.0,8.0,0.0,23.078947368421055,30.678947368421056,0.0,0.0,false,0.0,0.0,0.0,0.0,0.0
shared_battery_mode_node_level_v1,SI-Drahi_100-d1-HET-UHI-BLO-58585d40ab,TK-PB-Drahi_100-d1-HET-UHI-65bfec0e89-r4,SS-3c542c310e20,risk_neutral_expectation,4,DETERMINISTIC_RH,PEA,pv,17,20,1,1.0,0.0,0.0,30.678947368421056,30.678947368421056,0.0,0.0,false,0.0,0.0,0.0,0.0,0.0
shared_battery_mode_node_level_v1,SI-Drahi_100-d1-HET-UHI-BLO-58585d40ab,TK-PB-Drahi_100-d1-HET-UHI-65bfec0e89-r4,SS-041e3670d673,risk_neutral_expectation,4,DETERMINISTIC_RH,PEA,pv,21,21,1,1.0,0.0,0.0,30.678947368421056,30.678947368421056,0.0,0.0,false,0.0,0.0,0.0,0.0,0.0
shared_battery_mode_node_level_v1,SI-Drahi_100-d1-HET-UHI-BLO-58585d40ab,TK-PB-Drahi_100-d1-HET-UHI-65bfec0e89-r4,SS-041e3670d673,risk_neutral_expectation,4,DETERMINISTIC_RH,PEA,pv,21,22,1,0.0,0.0,8.0,30.678947368421056,22.25789473684211,0.0,0.0,false,0.0,0.0,0.0,0.0,0.0
shared_battery_mode_node_level_v1,SI-Drahi_100-d1-HET-UHI-BLO-58585d40ab,TK-PB-Drahi_100-d1-HET-UHI-65bfec0e89-r4,SS-041e3670d673,risk_neutral_expectation,4,DETERMINISTIC_RH,PEA,pv,21,23,1,1.0,0.0,0.0,22.25789473684211,22.25789473684211,0.0,0.0,false,0.0,0.0,0.0,0.0,0.0
shared_battery_mode_node_level_v1,SI-Drahi_100-d1-HET-UHI-BLO-58585d40ab,TK-PB-Drahi_100-d1-HET-UHI-65bfec0e89-r4,SS-041e3670d673,risk_neutral_expectation,4,DETERMINISTIC_RH,PEA,pv,21,24,1,1.0,0.0,0.0,22.25789473684211,22.25789473684211,0.0,0.0,false,0.0,0.0,0.0,0.0,0.0
shared_battery_mode_node_level_v1,SI-Drahi_100-d1-HET-UHI-BLO-58585d40ab,TK-PB-Drahi_100-d1-HET-UHI-65bfec0e89-r4,SS-2a2d2fbd84a2,risk_neutral_expectation,4,DETERMINISTIC_RH,SA,savings,1,1,1,0.5768725361366622,4.614980289093298,3.385019710906702,0.2,1.021052631578946,0.0,0.0,true,3.385019710906702,0.42312746386333777,4.440892098500626e-16,0.0,0.0
shared_battery_mode_node_level_v1,SI-Drahi_100-d1-HET-UHI-BLO-58585d40ab,TK-PB-Drahi_100-d1-HET-UHI-65bfec0e89-r4,SS-2a2d2fbd84a2,risk_neutral_expectation,4,DETERMINISTIC_RH,SA,savings,1,2,1,1.0,8.0,0.0,1.021052631578946,8.621052631578946,0.0,0.0,false,0.0,0.0,0.0,0.0,0.0
shared_battery_mode_node_level_v1,SI-Drahi_100-d1-HET-UHI-BLO-58585d40ab,TK-PB-Drahi_100-d1-HET-UHI-65bfec0e89-r4,SS-2a2d2fbd84a2,risk_neutral_expectation,4,DETERMINISTIC_RH,SA,savings,1,3,1,0.0,0.0,8.0,8.621052631578946,0.1999999999999993,0.0,0.0,false,0.0,0.0,7.216449660063518e-16,7.216449660063518e-16,0.0
shared_battery_mode_node_level_v1,SI-Drahi_100-d1-HET-UHI-BLO-58585d40ab,TK-PB-Drahi_100-d1-HET-UHI-65bfec0e89-r4,SS-2a2d2fbd84a2,risk_neutral_expectation,4,DETERMINISTIC_RH,SA,savings,1,4,1,1.0,8.0,0.0,0.1999999999999993,7.799999999999999,0.0,0.0,false,0.0,0.0,8.881784197001252e-16,0.0,0.0
shared_battery_mode_node_level_v1,SI-Drahi_100-d1-HET-UHI-BLO-58585d40ab,TK-PB-Drahi_100-d1-HET-UHI-65bfec0e89-r4,SS-6c80fd11a123,risk_neutral_expectation,4,DETERMINISTIC_RH,SA,savings,5,5,1,0.6281208935611038,5.02496714848883,2.9750328515111697,7.799999999999999,9.442105263157892,0.0,0.0,true,2.9750328515111697,0.3718791064388962,1.7763568394002505e-15,0.0,0.0
shared_battery_mode_node_level_v1,SI-Drahi_100-d1-HET-UHI-BLO-58585d40ab,TK-PB-Drahi_100-d1-HET-UHI-65bfec0e89-r4,SS-6c80fd11a123,risk_neutral_expectation,4,DETERMINISTIC_RH,SA,savings,5,6,1,0.0,0.0,8.0,9.442105263157892,1.0210526315789448,0.0,0.0,false,0.0,0.0,1.7763568394002505e-15,0.0,0.0
shared_battery_mode_node_level_v1,SI-Drahi_100-d1-HET-UHI-BLO-58585d40ab,TK-PB-Drahi_100-d1-HET-UHI-65bfec0e89-r4,SS-6c80fd11a123,risk_neutral_expectation,4,DETERMINISTIC_RH,SA,savings,5,7,1,1.0,8.0,0.0,1.0210526315789448,8.621052631578944,0.0,0.0,false,0.0,0.0,1.7763568394002505e-15,0.0,0.0
shared_battery_mode_node_level_v1,SI-Drahi_100-d1-HET-UHI-BLO-58585d40ab,TK-PB-Drahi_100-d1-HET-UHI-65bfec0e89-r4,SS-6c80fd11a123,risk_neutral_expectation,4,DETERMINISTIC_RH,SA,savings,5,8,1,0.0,0.0,8.0,8.621052631578944,0.1999999999999975,0.0,0.0,false,0.0,0.0,2.4980018054066022e-15,2.4980018054066022e-15,0.0
shared_battery_mode_node_level_v1,SI-Drahi_100-d1-HET-UHI-BLO-58585d40ab,TK-PB-Drahi_100-d1-HET-UHI-65bfec0e89-r4,SS-66f9b4fb4544,risk_neutral_expectation,4,DETERMINISTIC_RH,SA,savings,9,9,1,1.0,8.0,0.0,0.1999999999999975,7.799999999999997,0.0,0.0,false,0.0,0.0,0.0,0.0,0.0
shared_battery_mode_node_level_v1,SI-Drahi_100-d1-HET-UHI-BLO-58585d40ab,TK-PB-Drahi_100-d1-HET-UHI-65bfec0e89-r4,SS-66f9b4fb4544,risk_neutral_expectation,4,DETERMINISTIC_RH,SA,savings,9,10,1,1.0,0.0,0.0,7.799999999999997,7.799999999999997,0.0,0.0,false,0.0,0.0,0.0,0.0,0.0
shared_battery_mode_node_level_v1,SI-Drahi_100-d1-HET-UHI-BLO-58585d40ab,TK-PB-Drahi_100-d1-HET-UHI-65bfec0e89-r4,SS-66f9b4fb4544,risk_neutral_expectation,4,DETERMINISTIC_RH,SA,savings,9,11,1,1.0,0.0,0.0,7.799999999999997,7.799999999999997,0.0,0.0,false,0.0,0.0,0.0,0.0,0.0
shared_battery_mode_node_level_v1,SI-Drahi_100-d1-HET-UHI-BLO-58585d40ab,TK-PB-Drahi_100-d1-HET-UHI-65bfec0e89-r4,SS-66f9b4fb4544,risk_neutral_expectation,4,DETERMINISTIC_RH,SA,savings,9,12,1,1.0,8.0,0.0,7.799999999999997,15.399999999999997,0.0,0.0,false,0.0,0.0,0.0,0.0,0.0
shared_battery_mode_node_level_v1,SI-Drahi_100-d1-HET-UHI-BLO-58585d40ab,TK-PB-Drahi_100-d1-HET-UHI-65bfec0e89-r4,SS-913f9bd8400b,risk_neutral_expectation,4,DETERMINISTIC_RH,SA,savings,13,13,1,1.0,0.0,0.0,15.399999999999997,15.399999999999997,0.0,0.0,false,0.0,0.0,0.0,0.0,0.0
shared_battery_mode_node_level_v1,SI-Drahi_100-d1-HET-UHI-BLO-58585d40ab,TK-PB-Drahi_100-d1-HET-UHI-65bfec0e89-r4,SS-913f9bd8400b,risk_neutral_expectation,4,DETERMINISTIC_RH,SA,savings,13,14,1,1.0,8.0,0.0,15.399999999999997,22.999999999999996,0.0,0.0,false,0.0,0.0,0.0,0.0,0.0
shared_battery_mode_node_level_v1,SI-Drahi_100-d1-HET-UHI-BLO-58585d40ab,TK-PB-Drahi_100-d1-HET-UHI-65bfec0e89-r4,SS-913f9bd8400b,risk_neutral_expectation,4,DETERMINISTIC_RH,SA,savings,13,15,1,1.0,8.0,0.0,22.999999999999996,30.599999999999994,0.0,0.0,false,0.0,0.0,0.0,0.0,0.0
shared_battery_mode_node_level_v1,SI-Drahi_100-d1-HET-UHI-BLO-58585d40ab,TK-PB-Drahi_100-d1-HET-UHI-65bfec0e89-r4,SS-913f9bd8400b,risk_neutral_expectation,4,DETERMINISTIC_RH,SA,savings,13,16,1,1.0,0.9473684210526375,0.0,30.599999999999994,31.5,0.0,0.0,false,0.0,0.0,0.0,0.0,0.0
shared_battery_mode_node_level_v1,SI-Drahi_100-d1-HET-UHI-BLO-58585d40ab,TK-PB-Drahi_100-d1-HET-UHI-65bfec0e89-r4,SS-3c542c310e20,risk_neutral_expectation,4,DETERMINISTIC_RH,SA,savings,17,17,1,0.0,0.0,8.0,31.5,23.078947368421055,0.0,0.0,false,0.0,0.0,0.0,0.0,0.0
shared_battery_mode_node_level_v1,SI-Drahi_100-d1-HET-UHI-BLO-58585d40ab,TK-PB-Drahi_100-d1-HET-UHI-65bfec0e89-r4,SS-3c542c310e20,risk_neutral_expectation,4,DETERMINISTIC_RH,SA,savings,17,18,1,0.4563074901445464,3.6504599211563713,4.349540078843629,23.078947368421055,21.968421052631577,0.0,0.0,true,3.6504599211563713,0.4563074901445464,0.0,0.0,0.0
shared_battery_mode_node_level_v1,SI-Drahi_100-d1-HET-UHI-BLO-58585d40ab,TK-PB-Drahi_100-d1-HET-UHI-65bfec0e89-r4,SS-3c542c310e20,risk_neutral_expectation,4,DETERMINISTIC_RH,SA,savings,17,19,1,1.0,8.0,0.0,21.968421052631577,29.568421052631578,0.0,0.0,false,0.0,0.0,0.0,0.0,0.0
shared_battery_mode_node_level_v1,SI-Drahi_100-d1-HET-UHI-BLO-58585d40ab,TK-PB-Drahi_100-d1-HET-UHI-65bfec0e89-r4,SS-3c542c310e20,risk_neutral_expectation,4,DETERMINISTIC_RH,SA,savings,17,20,1,0.0,0.0,8.0,29.568421052631578,21.147368421052633,0.0,0.0,false,0.0,0.0,3.552713678800501e-15,0.0,0.0
shared_battery_mode_node_level_v1,SI-Drahi_100-d1-HET-UHI-BLO-58585d40ab,TK-PB-Drahi_100-d1-HET-UHI-65bfec0e89-r4,SS-041e3670d673,risk_neutral_expectation,4,DETERMINISTIC_RH,SA,savings,21,21,1,0.0,0.0,8.000000000000004,21.147368421052633,12.72631578947368,0.0,3.552713678800501e-15,false,0.0,0.0,1.7763568394002505e-15,0.0,0.0
shared_battery_mode_node_level_v1,SI-Drahi_100-d1-HET-UHI-BLO-58585d40ab,TK-PB-Drahi_100-d1-HET-UHI-65bfec0e89-r4,SS-041e3670d673,risk_neutral_expectation,4,DETERMINISTIC_RH,SA,savings,21,22,1,0.0,0.0,8.0,12.72631578947368,4.305263157894734,0.0,0.0,false,0.0,0.0,1.7763568394002505e-15,0.0,0.0
shared_battery_mode_node_level_v1,SI-Drahi_100-d1-HET-UHI-BLO-58585d40ab,TK-PB-Drahi_100-d1-HET-UHI-65bfec0e89-r4,SS-041e3670d673,risk_neutral_expectation,4,DETERMINISTIC_RH,SA,savings,21,23,1,1.0,8.0,0.0,4.305263157894734,11.905263157894733,0.0,0.0,false,0.0,0.0,1.7763568394002505e-15,0.0,0.0
shared_battery_mode_node_level_v1,SI-Drahi_100-d1-HET-UHI-BLO-58585d40ab,TK-PB-Drahi_100-d1-HET-UHI-65bfec0e89-r4,SS-041e3670d673,risk_neutral_expectation,4,DETERMINISTIC_RH,SA,savings,21,24,1,1.0,8.0,0.0,11.905263157894733,19.50526315789473,0.0,0.0,false,0.0,0.0,3.552713678800501e-15,0.0,0.0
shared_battery_mode_node_level_v1,SI-Drahi_100-d1-HET-UHI-BLO-58585d40ab,TK-PB-Drahi_100-d1-HET-UHI-65bfec0e89-r4,SS-2a2d2fbd84a2,risk_neutral_expectation,4,DETERMINISTIC_RH,STATIC_DEMAND_SHARE,pv,1,1,1,1.0,0.0,0.0,0.2,0.2,0.0,0.0,false,0.0,0.0,0.0,0.0,0.0
shared_battery_mode_node_level_v1,SI-Drahi_100-d1-HET-UHI-BLO-58585d40ab,TK-PB-Drahi_100-d1-HET-UHI-65bfec0e89-r4,SS-2a2d2fbd84a2,risk_neutral_expectation,4,DETERMINISTIC_RH,STATIC_DEMAND_SHARE,pv,1,2,1,1.0,8.0,0.0,0.2,7.8,0.0,0.0,false,0.0,0.0,0.0,0.0,0.0
shared_battery_mode_node_level_v1,SI-Drahi_100-d1-HET-UHI-BLO-58585d40ab,TK-PB-Drahi_100-d1-HET-UHI-65bfec0e89-r4,SS-2a2d2fbd84a2,risk_neutral_expectation,4,DETERMINISTIC_RH,STATIC_DEMAND_SHARE,pv,1,3,1,1.0,0.0,0.0,7.8,7.8,0.0,0.0,false,0.0,0.0,0.0,0.0,0.0
shared_battery_mode_node_level_v1,SI-Drahi_100-d1-HET-UHI-BLO-58585d40ab,TK-PB-Drahi_100-d1-HET-UHI-65bfec0e89-r4,SS-2a2d2fbd84a2,risk_neutral_expectation,4,DETERMINISTIC_RH,STATIC_DEMAND_SHARE,pv,1,4,1,1.0,8.0,0.0,7.8,15.399999999999999,0.0,0.0,false,0.0,0.0,0.0,0.0,0.0
shared_battery_mode_node_level_v1,SI-Drahi_100-d1-HET-UHI-BLO-58585d40ab,TK-PB-Drahi_100-d1-HET-UHI-65bfec0e89-r4,SS-6c80fd11a123,risk_neutral_expectation,4,DETERMINISTIC_RH,STATIC_DEMAND_SHARE,pv,5,5,1,1.0,0.0,0.0,15.399999999999999,15.399999999999999,0.0,0.0,false,0.0,0.0,0.0,0.0,0.0
shared_battery_mode_node_level_v1,SI-Drahi_100-d1-HET-UHI-BLO-58585d40ab,TK-PB-Drahi_100-d1-HET-UHI-65bfec0e89-r4,SS-6c80fd11a123,risk_neutral_expectation,4,DETERMINISTIC_RH,STATIC_DEMAND_SHARE,pv,5,6,1,0.0,0.0,8.0,15.399999999999999,6.978947368421052,0.0,0.0,false,0.0,0.0,0.0,0.0,0.0
shared_battery_mode_node_level_v1,SI-Drahi_100-d1-HET-UHI-BLO-58585d40ab,TK-PB-Drahi_100-d1-HET-UHI-65bfec0e89-r4,SS-6c80fd11a123,risk_neutral_expectation,4,DETERMINISTIC_RH,STATIC_DEMAND_SHARE,pv,5,7,1,1.0,8.0,0.0,6.978947368421052,14.578947368421051,0.0,0.0,false,0.0,0.0,0.0,0.0,0.0
shared_battery_mode_node_level_v1,SI-Drahi_100-d1-HET-UHI-BLO-58585d40ab,TK-PB-Drahi_100-d1-HET-UHI-65bfec0e89-r4,SS-6c80fd11a123,risk_neutral_expectation,4,DETERMINISTIC_RH,STATIC_DEMAND_SHARE,pv,5,8,1,0.6972214383253816,0.0,2.422228493396947,14.578947368421051,12.029233164845317,0.0,0.0,false,0.0,0.30277856167461836,0.0,0.0,0.0
shared_battery_mode_node_level_v1,SI-Drahi_100-d1-HET-UHI-BLO-58585d40ab,TK-PB-Drahi_100-d1-HET-UHI-65bfec0e89-r4,SS-66f9b4fb4544,risk_neutral_expectation,4,DETERMINISTIC_RH,STATIC_DEMAND_SHARE,pv,9,9,1,1.0,8.0,0.0,12.029233164845317,19.629233164845317,0.0,0.0,false,0.0,0.0,0.0,0.0,0.0
shared_battery_mode_node_level_v1,SI-Drahi_100-d1-HET-UHI-BLO-58585d40ab,TK-PB-Drahi_100-d1-HET-UHI-65bfec0e89-r4,SS-66f9b4fb4544,risk_neutral_expectation,4,DETERMINISTIC_RH,STATIC_DEMAND_SHARE,pv,9,10,1,1.0,0.0,0.0,19.629233164845317,19.629233164845317,0.0,0.0,false,0.0,0.0,0.0,0.0,0.0
shared_battery_mode_node_level_v1,SI-Drahi_100-d1-HET-UHI-BLO-58585d40ab,TK-PB-Drahi_100-d1-HET-UHI-65bfec0e89-r4,SS-66f9b4fb4544,risk_neutral_expectation,4,DETERMINISTIC_RH,STATIC_DEMAND_SHARE,pv,9,11,1,1.0,0.0,0.0,19.629233164845317,19.629233164845317,0.0,0.0,false,0.0,0.0,0.0,0.0,0.0
shared_battery_mode_node_level_v1,SI-Drahi_100-d1-HET-UHI-BLO-58585d40ab,TK-PB-Drahi_100-d1-HET-UHI-65bfec0e89-r4,SS-66f9b4fb4544,risk_neutral_expectation,4,DETERMINISTIC_RH,STATIC_DEMAND_SHARE,pv,9,12,1,1.0,0.0,0.0,19.629233164845317,19.629233164845317,0.0,0.0,false,0.0,0.0,0.0,0.0,0.0
shared_battery_mode_node_level_v1,SI-Drahi_100-d1-HET-UHI-BLO-58585d40ab,TK-PB-Drahi_100-d1-HET-UHI-65bfec0e89-r4,SS-913f9bd8400b,risk_neutral_expectation,4,DETERMINISTIC_RH,STATIC_DEMAND_SHARE,pv,13,13,1,0.0,0.0,8.0,19.629233164845317,11.20818053326637,0.0,0.0,false,0.0,0.0,0.0,0.0,0.0
shared_battery_mode_node_level_v1,SI-Drahi_100-d1-HET-UHI-BLO-58585d40ab,TK-PB-Drahi_100-d1-HET-UHI-65bfec0e89-r4,SS-913f9bd8400b,risk_neutral_expectation,4,DETERMINISTIC_RH,STATIC_DEMAND_SHARE,pv,13,14,1,1.0,0.0,0.0,11.20818053326637,11.20818053326637,0.0,0.0,false,0.0,0.0,0.0,0.0,0.0
shared_battery_mode_node_level_v1,SI-Drahi_100-d1-HET-UHI-BLO-58585d40ab,TK-PB-Drahi_100-d1-HET-UHI-65bfec0e89-r4,SS-913f9bd8400b,risk_neutral_expectation,4,DETERMINISTIC_RH,STATIC_DEMAND_SHARE,pv,13,15,1,1.0,0.0,0.0,11.20818053326637,11.20818053326637,0.0,0.0,false,0.0,0.0,0.0,0.0,0.0
shared_battery_mode_node_level_v1,SI-Drahi_100-d1-HET-UHI-BLO-58585d40ab,TK-PB-Drahi_100-d1-HET-UHI-65bfec0e89-r4,SS-913f9bd8400b,risk_neutral_expectation,4,DETERMINISTIC_RH,STATIC_DEMAND_SHARE,pv,13,16,1,1.0,0.0,0.0,11.20818053326637,11.20818053326637,0.0,0.0,false,0.0,0.0,0.0,0.0,0.0
shared_battery_mode_node_level_v1,SI-Drahi_100-d1-HET-UHI-BLO-58585d40ab,TK-PB-Drahi_100-d1-HET-UHI-65bfec0e89-r4,SS-3c542c310e20,risk_neutral_expectation,4,DETERMINISTIC_RH,STATIC_DEMAND_SHARE,pv,17,17,1,0.0,0.0,8.0,11.20818053326637,2.7871279016874233,0.0,0.0,false,0.0,0.0,0.0,0.0,0.0
shared_battery_mode_node_level_v1,SI-Drahi_100-d1-HET-UHI-BLO-58585d40ab,TK-PB-Drahi_100-d1-HET-UHI-65bfec0e89-r4,SS-3c542c310e20,risk_neutral_expectation,4,DETERMINISTIC_RH,STATIC_DEMAND_SHARE,pv,17,18,1,1.0,0.0,0.0,2.7871279016874233,2.7871279016874233,0.0,0.0,false,0.0,0.0,0.0,0.0,0.0
shared_battery_mode_node_level_v1,SI-Drahi_100-d1-HET-UHI-BLO-58585d40ab,TK-PB-Drahi_100-d1-HET-UHI-65bfec0e89-r4,SS-3c542c310e20,risk_neutral_expectation,4,DETERMINISTIC_RH,STATIC_DEMAND_SHARE,pv,17,19,1,1.0,8.0,0.0,2.7871279016874233,10.387127901687423,0.0,0.0,false,0.0,0.0,0.0,0.0,0.0
shared_battery_mode_node_level_v1,SI-Drahi_100-d1-HET-UHI-BLO-58585d40ab,TK-PB-Drahi_100-d1-HET-UHI-65bfec0e89-r4,SS-3c542c310e20,risk_neutral_expectation,4,DETERMINISTIC_RH,STATIC_DEMAND_SHARE,pv,17,20,1,1.0,0.0,0.0,10.387127901687423,10.387127901687423,0.0,0.0,false,0.0,0.0,0.0,0.0,0.0
shared_battery_mode_node_level_v1,SI-Drahi_100-d1-HET-UHI-BLO-58585d40ab,TK-PB-Drahi_100-d1-HET-UHI-65bfec0e89-r4,SS-041e3670d673,risk_neutral_expectation,4,DETERMINISTIC_RH,STATIC_DEMAND_SHARE,pv,21,21,1,1.0,0.0,0.0,10.387127901687423,10.387127901687423,0.0,0.0,false,0.0,0.0,0.0,0.0,0.0
shared_battery_mode_node_level_v1,SI-Drahi_100-d1-HET-UHI-BLO-58585d40ab,TK-PB-Drahi_100-d1-HET-UHI-65bfec0e89-r4,SS-041e3670d673,risk_neutral_expectation,4,DETERMINISTIC_RH,STATIC_DEMAND_SHARE,pv,21,22,1,1.0,0.0,0.0,10.387127901687423,10.387127901687423,0.0,0.0,false,0.0,0.0,0.0,0.0,0.0
shared_battery_mode_node_level_v1,SI-Drahi_100-d1-HET-UHI-BLO-58585d40ab,TK-PB-Drahi_100-d1-HET-UHI-65bfec0e89-r4,SS-041e3670d673,risk_neutral_expectation,4,DETERMINISTIC_RH,STATIC_DEMAND_SHARE,pv,21,23,1,1.0,6.224075892960606,0.0,10.387127901687423,16.299999999999997,0.0,0.0,false,0.0,0.0,0.0,0.0,0.0
shared_battery_mode_node_level_v1,SI-Drahi_100-d1-HET-UHI-BLO-58585d40ab,TK-PB-Drahi_100-d1-HET-UHI-65bfec0e89-r4,SS-041e3670d673,risk_neutral_expectation,4,DETERMINISTIC_RH,STATIC_DEMAND_SHARE,pv,21,24,1,1.0,8.0,0.0,16.299999999999997,23.9,0.0,0.0,false,0.0,0.0,0.0,0.0,0.0
shared_battery_mode_node_level_v1,SI-Drahi_100-d1-HET-UHI-BLO-58585d40ab,TK-PB-Drahi_100-d1-HET-UHI-65bfec0e89-r4,SS-2a2d2fbd84a2,risk_neutral_expectation,4,MULTISTAGE_RH,LEXMMFPEA,pv,1,1,1,1.0,0.0,0.0,0.2,0.2,0.0,0.0,false,0.0,0.0,0.0,0.0,0.0
shared_battery_mode_node_level_v1,SI-Drahi_100-d1-HET-UHI-BLO-58585d40ab,TK-PB-Drahi_100-d1-HET-UHI-65bfec0e89-r4,SS-2a2d2fbd84a2,risk_neutral_expectation,4,MULTISTAGE_RH,LEXMMFPEA,pv,1,2,1,1.0,8.0,0.0,0.2,7.8,0.0,0.0,false,0.0,0.0,0.0,0.0,0.0
shared_battery_mode_node_level_v1,SI-Drahi_100-d1-HET-UHI-BLO-58585d40ab,TK-PB-Drahi_100-d1-HET-UHI-65bfec0e89-r4,SS-2a2d2fbd84a2,risk_neutral_expectation,4,MULTISTAGE_RH,LEXMMFPEA,pv,1,3,1,1.0,0.0,0.0,7.8,7.8,0.0,0.0,false,0.0,0.0,0.0,0.0,0.0
shared_battery_mode_node_level_v1,SI-Drahi_100-d1-HET-UHI-BLO-58585d40ab,TK-PB-Drahi_100-d1-HET-UHI-65bfec0e89-r4,SS-2a2d2fbd84a2,risk_neutral_expectation,4,MULTISTAGE_RH,LEXMMFPEA,pv,1,4,1,1.0,8.0,0.0,7.8,15.399999999999999,0.0,0.0,false,0.0,0.0,0.0,0.0,0.0
shared_battery_mode_node_level_v1,SI-Drahi_100-d1-HET-UHI-BLO-58585d40ab,TK-PB-Drahi_100-d1-HET-UHI-65bfec0e89-r4,SS-6c80fd11a123,risk_neutral_expectation,4,MULTISTAGE_RH,LEXMMFPEA,pv,5,5,1,0.0,0.0,0.0,15.399999999999999,15.399999999999999,0.0,0.0,false,0.0,0.0,0.0,0.0,0.0
shared_battery_mode_node_level_v1,SI-Drahi_100-d1-HET-UHI-BLO-58585d40ab,TK-PB-Drahi_100-d1-HET-UHI-65bfec0e89-r4,SS-6c80fd11a123,risk_neutral_expectation,4,MULTISTAGE_RH,LEXMMFPEA,pv,5,6,1,0.0,0.0,8.0,15.399999999999999,6.978947368421052,0.0,0.0,false,0.0,0.0,0.0,0.0,0.0
shared_battery_mode_node_level_v1,SI-Drahi_100-d1-HET-UHI-BLO-58585d40ab,TK-PB-Drahi_100-d1-HET-UHI-65bfec0e89-r4,SS-6c80fd11a123,risk_neutral_expectation,4,MULTISTAGE_RH,LEXMMFPEA,pv,5,7,1,1.0,1.7285318559556784,0.0,6.978947368421052,8.621052631578946,0.0,0.0,false,0.0,0.0,0.0,0.0,0.0
shared_battery_mode_node_level_v1,SI-Drahi_100-d1-HET-UHI-BLO-58585d40ab,TK-PB-Drahi_100-d1-HET-UHI-65bfec0e89-r4,SS-6c80fd11a123,risk_neutral_expectation,4,MULTISTAGE_RH,LEXMMFPEA,pv,5,8,1,0.0,0.0,8.0,8.621052631578946,0.1999999999999993,0.0,0.0,false,0.0,0.0,7.216449660063518e-16,7.216449660063518e-16,0.0
shared_battery_mode_node_level_v1,SI-Drahi_100-d1-HET-UHI-BLO-58585d40ab,TK-PB-Drahi_100-d1-HET-UHI-65bfec0e89-r4,SS-66f9b4fb4544,risk_neutral_expectation,4,MULTISTAGE_RH,LEXMMFPEA,pv,9,9,1,1.0,8.0,0.0,0.1999999999999993,7.799999999999999,0.0,0.0,false,0.0,0.0,0.0,0.0,0.0
shared_battery_mode_node_level_v1,SI-Drahi_100-d1-HET-UHI-BLO-58585d40ab,TK-PB-Drahi_100-d1-HET-UHI-65bfec0e89-r4,SS-66f9b4fb4544,risk_neutral_expectation,4,MULTISTAGE_RH,LEXMMFPEA,pv,9,10,1,1.0,8.0,0.0,7.799999999999999,15.399999999999999,0.0,0.0,false,0.0,0.0,0.0,0.0,0.0
shared_battery_mode_node_level_v1,SI-Drahi_100-d1-HET-UHI-BLO-58585d40ab,TK-PB-Drahi_100-d1-HET-UHI-65bfec0e89-r4,SS-66f9b4fb4544,risk_neutral_expectation,4,MULTISTAGE_RH,LEXMMFPEA,pv,9,11,1,0.15867279894875153,1.2693823915900122,6.730617608409988,15.399999999999999,9.521052631578945,0.0,0.0,true,1.2693823915900122,0.15867279894875153,0.0,0.0,0.0
shared_battery_mode_node_level_v1,SI-Drahi_100-d1-HET-UHI-BLO-58585d40ab,TK-PB-Drahi_100-d1-HET-UHI-65bfec0e89-r4,SS-66f9b4fb4544,risk_neutral_expectation,4,MULTISTAGE_RH,LEXMMFPEA,pv,9,12,1,1.0,8.0,0.0,9.521052631578945,17.121052631578944,0.0,0.0,false,0.0,0.0,0.0,0.0,0.0
shared_battery_mode_node_level_v1,SI-Drahi_100-d1-HET-UHI-BLO-58585d40ab,TK-PB-Drahi_100-d1-HET-UHI-65bfec0e89-r4,SS-913f9bd8400b,risk_neutral_expectation,4,MULTISTAGE_RH,LEXMMFPEA,pv,13,13,1,0.0,0.0,8.0,17.121052631578944,8.699999999999998,0.0,0.0,false,0.0,0.0,0.0,0.0,0.0
shared_battery_mode_node_level_v1,SI-Drahi_100-d1-HET-UHI-BLO-58585d40ab,TK-PB-Drahi_100-d1-HET-UHI-65bfec0e89-r4,SS-913f9bd8400b,risk_neutral_expectation,4,MULTISTAGE_RH,LEXMMFPEA,pv,13,14,1,1.0,8.0,0.0,8.699999999999998,16.299999999999997,0.0,0.0,false,0.0,0.0,0.0,0.0,0.0
shared_battery_mode_node_level_v1,SI-Drahi_100-d1-HET-UHI-BLO-58585d40ab,TK-PB-Drahi_100-d1-HET-UHI-65bfec0e89-r4,SS-913f9bd8400b,risk_neutral_expectation,4,MULTISTAGE_RH,LEXMMFPEA,pv,13,15,1,1.0,8.0,0.0,16.299999999999997,23.9,0.0,0.0,false,0.0,0.0,0.0,0.0,0.0
shared_battery_mode_node_level_v1,SI-Drahi_100-d1-HET-UHI-BLO-58585d40ab,TK-PB-Drahi_100-d1-HET-UHI-65bfec0e89-r4,SS-913f9bd8400b,risk_neutral_expectation,4,MULTISTAGE_RH,LEXMMFPEA,pv,13,16,1,1.0000000000000002,8.000000000000002,0.0,23.9,31.5,0.0,1.7763568394002505e-15,false,0.0,2.220446049250313e-16,0.0,0.0,0.0
shared_battery_mode_node_level_v1,SI-Drahi_100-d1-HET-UHI-BLO-58585d40ab,TK-PB-Drahi_100-d1-HET-UHI-65bfec0e89-r4,SS-3c542c310e20,risk_neutral_expectation,4,MULTISTAGE_RH,LEXMMFPEA,pv,17,17,1,0.0,0.0,8.0,31.5,23.078947368421055,0.0,0.0,false,0.0,0.0,0.0,0.0,0.0
shared_battery_mode_node_level_v1,SI-Drahi_100-d1-HET-UHI-BLO-58585d40ab,TK-PB-Drahi_100-d1-HET-UHI-65bfec0e89-r4,SS-3c542c310e20,risk_neutral_expectation,4,MULTISTAGE_RH,LEXMMFPEA,pv,17,18,1,0.0,0.0,0.0,23.078947368421055,23.078947368421055,0.0,0.0,false,0.0,0.0,0.0,0.0,0.0
shared_battery_mode_node_level_v1,SI-Drahi_100-d1-HET-UHI-BLO-58585d40ab,TK-PB-Drahi_100-d1-HET-UHI-65bfec0e89-r4,SS-3c542c310e20,risk_neutral_expectation,4,MULTISTAGE_RH,LEXMMFPEA,pv,17,19,1,1.0,8.0,0.0,23.078947368421055,30.678947368421056,0.0,0.0,false,0.0,0.0,0.0,0.0,0.0
shared_battery_mode_node_level_v1,SI-Drahi_100-d1-HET-UHI-BLO-58585d40ab,TK-PB-Drahi_100-d1-HET-UHI-65bfec0e89-r4,SS-3c542c310e20,risk_neutral_expectation,4,MULTISTAGE_RH,LEXMMFPEA,pv,17,20,1,0.0,0.0,0.0,30.678947368421056,30.678947368421056,0.0,0.0,false,0.0,0.0,0.0,0.0,0.0
shared_battery_mode_node_level_v1,SI-Drahi_100-d1-HET-UHI-BLO-58585d40ab,TK-PB-Drahi_100-d1-HET-UHI-65bfec0e89-r4,SS-041e3670d673,risk_neutral_expectation,4,MULTISTAGE_RH,LEXMMFPEA,pv,21,21,1,0.0,0.0,0.0,30.678947368421056,30.678947368421056,0.0,0.0,false,0.0,0.0,0.0,0.0,0.0
shared_battery_mode_node_level_v1,SI-Drahi_100-d1-HET-UHI-BLO-58585d40ab,TK-PB-Drahi_100-d1-HET-UHI-65bfec0e89-r4,SS-041e3670d673,risk_neutral_expectation,4,MULTISTAGE_RH,LEXMMFPEA,pv,21,22,1,0.0,0.0,8.0,30.678947368421056,22.25789473684211,0.0,0.0,false,0.0,0.0,0.0,0.0,0.0
shared_battery_mode_node_level_v1,SI-Drahi_100-d1-HET-UHI-BLO-58585d40ab,TK-PB-Drahi_100-d1-HET-UHI-65bfec0e89-r4,SS-041e3670d673,risk_neutral_expectation,4,MULTISTAGE_RH,LEXMMFPEA,pv,21,23,1,0.0,0.0,0.0,22.25789473684211,22.25789473684211,0.0,0.0,false,0.0,0.0,0.0,0.0,0.0
shared_battery_mode_node_level_v1,SI-Drahi_100-d1-HET-UHI-BLO-58585d40ab,TK-PB-Drahi_100-d1-HET-UHI-65bfec0e89-r4,SS-041e3670d673,risk_neutral_expectation,4,MULTISTAGE_RH,LEXMMFPEA,pv,21,24,1,0.0,0.0,0.0,22.25789473684211,22.25789473684211,0.0,0.0,false,0.0,0.0,0.0,0.0,0.0
shared_battery_mode_node_level_v1,SI-Drahi_100-d1-HET-UHI-BLO-58585d40ab,TK-PB-Drahi_100-d1-HET-UHI-65bfec0e89-r4,SS-2a2d2fbd84a2,risk_neutral_expectation,4,MULTISTAGE_RH,LEXMMFSA,savings,1,1,1,0.5768725361366622,4.614980289093298,3.385019710906702,0.2,1.021052631578946,0.0,0.0,true,3.385019710906702,0.42312746386333777,4.440892098500626e-16,0.0,0.0
shared_battery_mode_node_level_v1,SI-Drahi_100-d1-HET-UHI-BLO-58585d40ab,TK-PB-Drahi_100-d1-HET-UHI-65bfec0e89-r4,SS-2a2d2fbd84a2,risk_neutral_expectation,4,MULTISTAGE_RH,LEXMMFSA,savings,1,2,1,1.0,8.0,0.0,1.021052631578946,8.621052631578946,0.0,0.0,false,0.0,0.0,0.0,0.0,0.0
shared_battery_mode_node_level_v1,SI-Drahi_100-d1-HET-UHI-BLO-58585d40ab,TK-PB-Drahi_100-d1-HET-UHI-65bfec0e89-r4,SS-2a2d2fbd84a2,risk_neutral_expectation,4,MULTISTAGE_RH,LEXMMFSA,savings,1,3,1,0.0,0.0,8.0,8.621052631578946,0.1999999999999993,0.0,0.0,false,0.0,0.0,7.216449660063518e-16,7.216449660063518e-16,0.0
shared_battery_mode_node_level_v1,SI-Drahi_100-d1-HET-UHI-BLO-58585d40ab,TK-PB-Drahi_100-d1-HET-UHI-65bfec0e89-r4,SS-2a2d2fbd84a2,risk_neutral_expectation,4,MULTISTAGE_RH,LEXMMFSA,savings,1,4,1,1.0,8.0,0.0,0.1999999999999993,7.799999999999999,0.0,0.0,false,0.0,0.0,8.881784197001252e-16,0.0,0.0
shared_battery_mode_node_level_v1,SI-Drahi_100-d1-HET-UHI-BLO-58585d40ab,TK-PB-Drahi_100-d1-HET-UHI-65bfec0e89-r4,SS-6c80fd11a123,risk_neutral_expectation,4,MULTISTAGE_RH,LEXMMFSA,savings,5,5,1,0.6281208935611039,5.024967148488831,2.9750328515111706,7.799999999999999,9.442105263157893,0.0,1.7763568394002505e-15,true,2.9750328515111706,0.3718791064388961,0.0,0.0,0.0
shared_battery_mode_node_level_v1,SI-Drahi_100-d1-HET-UHI-BLO-58585d40ab,TK-PB-Drahi_100-d1-HET-UHI-65bfec0e89-r4,SS-6c80fd11a123,risk_neutral_expectation,4,MULTISTAGE_RH,LEXMMFSA,savings,5,6,1,0.0,0.0,8.0,9.442105263157893,1.0210526315789465,0.0,0.0,false,0.0,0.0,0.0,0.0,0.0
shared_battery_mode_node_level_v1,SI-Drahi_100-d1-HET-UHI-BLO-58585d40ab,TK-PB-Drahi_100-d1-HET-UHI-65bfec0e89-r4,SS-6c80fd11a123,risk_neutral_expectation,4,MULTISTAGE_RH,LEXMMFSA,savings,5,7,1,1.0,8.0,0.0,1.0210526315789465,8.621052631578946,0.0,0.0,false,0.0,0.0,0.0,0.0,0.0
shared_battery_mode_node_level_v1,SI-Drahi_100-d1-HET-UHI-BLO-58585d40ab,TK-PB-Drahi_100-d1-HET-UHI-65bfec0e89-r4,SS-6c80fd11a123,risk_neutral_expectation,4,MULTISTAGE_RH,LEXMMFSA,savings,5,8,1,0.0,0.0,8.0,8.621052631578946,0.1999999999999993,0.0,0.0,false,0.0,0.0,7.216449660063518e-16,7.216449660063518e-16,0.0
shared_battery_mode_node_level_v1,SI-Drahi_100-d1-HET-UHI-BLO-58585d40ab,TK-PB-Drahi_100-d1-HET-UHI-65bfec0e89-r4,SS-66f9b4fb4544,risk_neutral_expectation,4,MULTISTAGE_RH,LEXMMFSA,savings,9,9,1,1.0,8.0,0.0,0.1999999999999993,7.799999999999999,0.0,0.0,false,0.0,0.0,0.0,0.0,0.0
shared_battery_mode_node_level_v1,SI-Drahi_100-d1-HET-UHI-BLO-58585d40ab,TK-PB-Drahi_100-d1-HET-UHI-65bfec0e89-r4,SS-66f9b4fb4544,risk_neutral_expectation,4,MULTISTAGE_RH,LEXMMFSA,savings,9,10,1,1.0,0.0,0.0,7.799999999999999,7.799999999999999,0.0,0.0,false,0.0,0.0,0.0,0.0,0.0
shared_battery_mode_node_level_v1,SI-Drahi_100-d1-HET-UHI-BLO-58585d40ab,TK-PB-Drahi_100-d1-HET-UHI-65bfec0e89-r4,SS-66f9b4fb4544,risk_neutral_expectation,4,MULTISTAGE_RH,LEXMMFSA,savings,9,11,1,1.0,0.0,0.0,7.799999999999999,7.799999999999999,0.0,0.0,false,0.0,0.0,0.0,0.0,0.0
shared_battery_mode_node_level_v1,SI-Drahi_100-d1-HET-UHI-BLO-58585d40ab,TK-PB-Drahi_100-d1-HET-UHI-65bfec0e89-r4,SS-66f9b4fb4544,risk_neutral_expectation,4,MULTISTAGE_RH,LEXMMFSA,savings,9,12,1,1.0,8.0,0.0,7.799999999999999,15.399999999999999,0.0,0.0,false,0.0,0.0,0.0,0.0,0.0
shared_battery_mode_node_level_v1,SI-Drahi_100-d1-HET-UHI-BLO-58585d40ab,TK-PB-Drahi_100-d1-HET-UHI-65bfec0e89-r4,SS-913f9bd8400b,risk_neutral_expectation,4,MULTISTAGE_RH,LEXMMFSA,savings,13,13,1,1.0,0.0,0.0,15.399999999999999,15.399999999999999,0.0,0.0,false,0.0,0.0,0.0,0.0,0.0
shared_battery_mode_node_level_v1,SI-Drahi_100-d1-HET-UHI-BLO-58585d40ab,TK-PB-Drahi_100-d1-HET-UHI-65bfec0e89-r4,SS-913f9bd8400b,risk_neutral_expectation,4,MULTISTAGE_RH,LEXMMFSA,savings,13,14,1,1.0,8.0,0.0,15.399999999999999,23.0,0.0,0.0,false,0.0,0.0,0.0,0.0,0.0
shared_battery_mode_node_level_v1,SI-Drahi_100-d1-HET-UHI-BLO-58585d40ab,TK-PB-Drahi_100-d1-HET-UHI-65bfec0e89-r4,SS-913f9bd8400b,risk_neutral_expectation,4,MULTISTAGE_RH,LEXMMFSA,savings,13,15,1,1.0,8.0,0.0,23.0,30.6,0.0,0.0,false,0.0,0.0,0.0,0.0,0.0
shared_battery_mode_node_level_v1,SI-Drahi_100-d1-HET-UHI-BLO-58585d40ab,TK-PB-Drahi_100-d1-HET-UHI-65bfec0e89-r4,SS-913f9bd8400b,risk_neutral_expectation,4,MULTISTAGE_RH,LEXMMFSA,savings,13,16,1,1.0,0.9473684210526301,0.0,30.6,31.5,0.0,0.0,false,0.0,0.0,0.0,0.0,0.0
shared_battery_mode_node_level_v1,SI-Drahi_100-d1-HET-UHI-BLO-58585d40ab,TK-PB-Drahi_100-d1-HET-UHI-65bfec0e89-r4,SS-3c542c310e20,risk_neutral_expectation,4,MULTISTAGE_RH,LEXMMFSA,savings,17,17,1,0.0,0.0,8.0,31.5,23.078947368421055,0.0,0.0,false,0.0,0.0,0.0,0.0,0.0
shared_battery_mode_node_level_v1,SI-Drahi_100-d1-HET-UHI-BLO-58585d40ab,TK-PB-Drahi_100-d1-HET-UHI-65bfec0e89-r4,SS-3c542c310e20,risk_neutral_expectation,4,MULTISTAGE_RH,LEXMMFSA,savings,17,18,1,0.4563074901445463,3.650459921156371,4.34954007884363,23.078947368421055,21.968421052631577,4.440892098500626e-16,0.0,true,3.650459921156371,0.4563074901445463,0.0,0.0,0.0
shared_battery_mode_node_level_v1,SI-Drahi_100-d1-HET-UHI-BLO-58585d40ab,TK-PB-Drahi_100-d1-HET-UHI-65bfec0e89-r4,SS-3c542c310e20,risk_neutral_expectation,4,MULTISTAGE_RH,LEXMMFSA,savings,17,19,1,1.0,8.0,0.0,21.968421052631577,29.568421052631578,0.0,0.0,false,0.0,0.0,0.0,0.0,0.0
shared_battery_mode_node_level_v1,SI-Drahi_100-d1-HET-UHI-BLO-58585d40ab,TK-PB-Drahi_100-d1-HET-UHI-65bfec0e89-r4,SS-3c542c310e20,risk_neutral_expectation,4,MULTISTAGE_RH,LEXMMFSA,savings,17,20,1,0.0,0.0,8.0,29.568421052631578,21.147368421052633,0.0,0.0,false,0.0,0.0,3.552713678800501e-15,0.0,0.0
shared_battery_mode_node_level_v1,SI-Drahi_100-d1-HET-UHI-BLO-58585d40ab,TK-PB-Drahi_100-d1-HET-UHI-65bfec0e89-r4,SS-041e3670d673,risk_neutral_expectation,4,MULTISTAGE_RH,LEXMMFSA,savings,21,21,1,0.0,0.0,8.000000000000004,21.147368421052633,12.72631578947368,0.0,3.552713678800501e-15,false,0.0,0.0,1.7763568394002505e-15,0.0,0.0
shared_battery_mode_node_level_v1,SI-Drahi_100-d1-HET-UHI-BLO-58585d40ab,TK-PB-Drahi_100-d1-HET-UHI-65bfec0e89-r4,SS-041e3670d673,risk_neutral_expectation,4,MULTISTAGE_RH,LEXMMFSA,savings,21,22,1,0.0,0.0,8.0,12.72631578947368,4.305263157894734,0.0,0.0,false,0.0,0.0,1.7763568394002505e-15,0.0,0.0
shared_battery_mode_node_level_v1,SI-Drahi_100-d1-HET-UHI-BLO-58585d40ab,TK-PB-Drahi_100-d1-HET-UHI-65bfec0e89-r4,SS-041e3670d673,risk_neutral_expectation,4,MULTISTAGE_RH,LEXMMFSA,savings,21,23,1,1.0,8.0,0.0,4.305263157894734,11.905263157894733,0.0,0.0,false,0.0,0.0,1.7763568394002505e-15,0.0,0.0
shared_battery_mode_node_level_v1,SI-Drahi_100-d1-HET-UHI-BLO-58585d40ab,TK-PB-Drahi_100-d1-HET-UHI-65bfec0e89-r4,SS-041e3670d673,risk_neutral_expectation,4,MULTISTAGE_RH,LEXMMFSA,savings,21,24,1,1.0,8.0,0.0,11.905263157894733,19.50526315789473,0.0,0.0,false,0.0,0.0,3.552713678800501e-15,0.0,0.0
shared_battery_mode_node_level_v1,SI-Drahi_100-d1-HET-UHI-BLO-58585d40ab,TK-PB-Drahi_100-d1-HET-UHI-65bfec0e89-r4,SS-2a2d2fbd84a2,risk_neutral_expectation,4,MULTISTAGE_RH,NONE,none,1,1,1,1.0,0.0,0.0,0.2,0.2,0.0,0.0,false,0.0,0.0,0.0,0.0,0.0
shared_battery_mode_node_level_v1,SI-Drahi_100-d1-HET-UHI-BLO-58585d40ab,TK-PB-Drahi_100-d1-HET-UHI-65bfec0e89-r4,SS-2a2d2fbd84a2,risk_neutral_expectation,4,MULTISTAGE_RH,NONE,none,1,2,1,1.0,8.0,0.0,0.2,7.8,0.0,0.0,false,0.0,0.0,0.0,0.0,0.0
shared_battery_mode_node_level_v1,SI-Drahi_100-d1-HET-UHI-BLO-58585d40ab,TK-PB-Drahi_100-d1-HET-UHI-65bfec0e89-r4,SS-2a2d2fbd84a2,risk_neutral_expectation,4,MULTISTAGE_RH,NONE,none,1,3,1,1.0,0.0,0.0,7.8,7.8,0.0,0.0,false,0.0,0.0,0.0,0.0,0.0
shared_battery_mode_node_level_v1,SI-Drahi_100-d1-HET-UHI-BLO-58585d40ab,TK-PB-Drahi_100-d1-HET-UHI-65bfec0e89-r4,SS-2a2d2fbd84a2,risk_neutral_expectation,4,MULTISTAGE_RH,NONE,none,1,4,1,1.0,8.0,0.0,7.8,15.399999999999999,0.0,0.0,false,0.0,0.0,0.0,0.0,0.0
shared_battery_mode_node_level_v1,SI-Drahi_100-d1-HET-UHI-BLO-58585d40ab,TK-PB-Drahi_100-d1-HET-UHI-65bfec0e89-r4,SS-6c80fd11a123,risk_neutral_expectation,4,MULTISTAGE_RH,NONE,none,5,5,1,1.0,0.0,0.0,15.399999999999999,15.399999999999999,0.0,0.0,false,0.0,0.0,0.0,0.0,0.0
shared_battery_mode_node_level_v1,SI-Drahi_100-d1-HET-UHI-BLO-58585d40ab,TK-PB-Drahi_100-d1-HET-UHI-65bfec0e89-r4,SS-6c80fd11a123,risk_neutral_expectation,4,MULTISTAGE_RH,NONE,none,5,6,1,0.0,0.0,8.0,15.399999999999999,6.978947368421052,0.0,0.0,false,0.0,0.0,0.0,0.0,0.0
shared_battery_mode_node_level_v1,SI-Drahi_100-d1-HET-UHI-BLO-58585d40ab,TK-PB-Drahi_100-d1-HET-UHI-65bfec0e89-r4,SS-6c80fd11a123,risk_neutral_expectation,4,MULTISTAGE_RH,NONE,none,5,7,1,1.0,8.0,0.0,6.978947368421052,14.578947368421051,0.0,0.0,false,0.0,0.0,0.0,0.0,0.0
shared_battery_mode_node_level_v1,SI-Drahi_100-d1-HET-UHI-BLO-58585d40ab,TK-PB-Drahi_100-d1-HET-UHI-65bfec0e89-r4,SS-6c80fd11a123,risk_neutral_expectation,4,MULTISTAGE_RH,NONE,none,5,8,1,0.3899999999999999,0.0,4.880000000000001,14.578947368421051,9.442105263157892,0.0,0.0,false,0.0,0.3899999999999999,1.7763568394002505e-15,0.0,0.0
shared_battery_mode_node_level_v1,SI-Drahi_100-d1-HET-UHI-BLO-58585d40ab,TK-PB-Drahi_100-d1-HET-UHI-65bfec0e89-r4,SS-66f9b4fb4544,risk_neutral_expectation,4,MULTISTAGE_RH,NONE,none,9,9,1,1.0,8.0,0.0,9.442105263157892,17.042105263157893,0.0,0.0,false,0.0,0.0,0.0,0.0,0.0
shared_battery_mode_node_level_v1,SI-Drahi_100-d1-HET-UHI-BLO-58585d40ab,TK-PB-Drahi_100-d1-HET-UHI-65bfec0e89-r4,SS-66f9b4fb4544,risk_neutral_expectation,4,MULTISTAGE_RH,NONE,none,9,10,1,1.0,0.0,0.0,17.042105263157893,17.042105263157893,0.0,0.0,false,0.0,0.0,0.0,0.0,0.0
shared_battery_mode_node_level_v1,SI-Drahi_100-d1-HET-UHI-BLO-58585d40ab,TK-PB-Drahi_100-d1-HET-UHI-65bfec0e89-r4,SS-66f9b4fb4544,risk_neutral_expectation,4,MULTISTAGE_RH,NONE,none,9,11,1,1.0,0.0,0.0,17.042105263157893,17.042105263157893,0.0,0.0,false,0.0,0.0,0.0,0.0,0.0
shared_battery_mode_node_level_v1,SI-Drahi_100-d1-HET-UHI-BLO-58585d40ab,TK-PB-Drahi_100-d1-HET-UHI-65bfec0e89-r4,SS-66f9b4fb4544,risk_neutral_expectation,4,MULTISTAGE_RH,NONE,none,9,12,1,1.0,0.0,0.0,17.042105263157893,17.042105263157893,0.0,0.0,false,0.0,0.0,0.0,0.0,0.0
shared_battery_mode_node_level_v1,SI-Drahi_100-d1-HET-UHI-BLO-58585d40ab,TK-PB-Drahi_100-d1-HET-UHI-65bfec0e89-r4,SS-913f9bd8400b,risk_neutral_expectation,4,MULTISTAGE_RH,NONE,none,13,13,1,0.0,0.0,8.0,17.042105263157893,8.621052631578946,0.0,0.0,false,0.0,0.0,0.0,0.0,0.0
shared_battery_mode_node_level_v1,SI-Drahi_100-d1-HET-UHI-BLO-58585d40ab,TK-PB-Drahi_100-d1-HET-UHI-65bfec0e89-r4,SS-913f9bd8400b,risk_neutral_expectation,4,MULTISTAGE_RH,NONE,none,13,14,1,1.0,0.0,0.0,8.621052631578946,8.621052631578946,0.0,0.0,false,0.0,0.0,0.0,0.0,0.0
shared_battery_mode_node_level_v1,SI-Drahi_100-d1-HET-UHI-BLO-58585d40ab,TK-PB-Drahi_100-d1-HET-UHI-65bfec0e89-r4,SS-913f9bd8400b,risk_neutral_expectation,4,MULTISTAGE_RH,NONE,none,13,15,1,1.0,0.0,0.0,8.621052631578946,8.621052631578946,0.0,0.0,false,0.0,0.0,0.0,0.0,0.0
shared_battery_mode_node_level_v1,SI-Drahi_100-d1-HET-UHI-BLO-58585d40ab,TK-PB-Drahi_100-d1-HET-UHI-65bfec0e89-r4,SS-913f9bd8400b,risk_neutral_expectation,4,MULTISTAGE_RH,NONE,none,13,16,1,1.0,0.0,0.0,8.621052631578946,8.621052631578946,0.0,0.0,false,0.0,0.0,0.0,0.0,0.0
shared_battery_mode_node_level_v1,SI-Drahi_100-d1-HET-UHI-BLO-58585d40ab,TK-PB-Drahi_100-d1-HET-UHI-65bfec0e89-r4,SS-3c542c310e20,risk_neutral_expectation,4,MULTISTAGE_RH,NONE,none,17,17,1,0.0,0.0,8.0,8.621052631578946,0.1999999999999993,0.0,0.0,false,0.0,0.0,0.0,7.216449660063518e-16,0.0
shared_battery_mode_node_level_v1,SI-Drahi_100-d1-HET-UHI-BLO-58585d40ab,TK-PB-Drahi_100-d1-HET-UHI-65bfec0e89-r4,SS-3c542c310e20,risk_neutral_expectation,4,MULTISTAGE_RH,NONE,none,17,18,1,1.0,0.0,0.0,0.1999999999999993,0.1999999999999993,0.0,0.0,false,0.0,0.0,0.0,7.216449660063518e-16,0.0
shared_battery_mode_node_level_v1,SI-Drahi_100-d1-HET-UHI-BLO-58585d40ab,TK-PB-Drahi_100-d1-HET-UHI-65bfec0e89-r4,SS-3c542c310e20,risk_neutral_expectation,4,MULTISTAGE_RH,NONE,none,17,19,1,1.0,8.0,0.0,0.1999999999999993,7.799999999999999,0.0,0.0,false,0.0,0.0,0.0,0.0,0.0
shared_battery_mode_node_level_v1,SI-Drahi_100-d1-HET-UHI-BLO-58585d40ab,TK-PB-Drahi_100-d1-HET-UHI-65bfec0e89-r4,SS-3c542c310e20,risk_neutral_expectation,4,MULTISTAGE_RH,NONE,none,17,20,1,1.0,0.0,0.0,7.799999999999999,7.799999999999999,0.0,0.0,false,0.0,0.0,0.0,0.0,0.0
shared_battery_mode_node_level_v1,SI-Drahi_100-d1-HET-UHI-BLO-58585d40ab,TK-PB-Drahi_100-d1-HET-UHI-65bfec0e89-r4,SS-041e3670d673,risk_neutral_expectation,4,MULTISTAGE_RH,NONE,none,21,21,1,1.0,0.0,0.0,7.799999999999999,7.799999999999999,0.0,0.0,false,0.0,0.0,0.0,0.0,0.0
shared_battery_mode_node_level_v1,SI-Drahi_100-d1-HET-UHI-BLO-58585d40ab,TK-PB-Drahi_100-d1-HET-UHI-65bfec0e89-r4,SS-041e3670d673,risk_neutral_expectation,4,MULTISTAGE_RH,NONE,none,21,22,1,1.0,0.0,0.0,7.799999999999999,7.799999999999999,0.0,0.0,false,0.0,0.0,0.0,0.0,0.0
shared_battery_mode_node_level_v1,SI-Drahi_100-d1-HET-UHI-BLO-58585d40ab,TK-PB-Drahi_100-d1-HET-UHI-65bfec0e89-r4,SS-041e3670d673,risk_neutral_expectation,4,MULTISTAGE_RH,NONE,none,21,23,1,1.0,8.0,0.0,7.799999999999999,15.399999999999999,0.0,0.0,false,0.0,0.0,0.0,0.0,0.0
shared_battery_mode_node_level_v1,SI-Drahi_100-d1-HET-UHI-BLO-58585d40ab,TK-PB-Drahi_100-d1-HET-UHI-65bfec0e89-r4,SS-041e3670d673,risk_neutral_expectation,4,MULTISTAGE_RH,NONE,none,21,24,1,1.0,8.0,0.0,15.399999999999999,23.0,0.0,0.0,false,0.0,0.0,0.0,0.0,0.0
shared_battery_mode_node_level_v1,SI-Drahi_100-d1-HET-UHI-BLO-58585d40ab,TK-PB-Drahi_100-d1-HET-UHI-65bfec0e89-r4,SS-2a2d2fbd84a2,risk_neutral_expectation,4,MULTISTAGE_RH,PEA,pv,1,1,1,1.0,0.0,0.0,0.2,0.2,0.0,0.0,false,0.0,0.0,0.0,0.0,0.0
shared_battery_mode_node_level_v1,SI-Drahi_100-d1-HET-UHI-BLO-58585d40ab,TK-PB-Drahi_100-d1-HET-UHI-65bfec0e89-r4,SS-2a2d2fbd84a2,risk_neutral_expectation,4,MULTISTAGE_RH,PEA,pv,1,2,1,1.0,8.0,0.0,0.2,7.8,0.0,0.0,false,0.0,0.0,0.0,0.0,0.0
shared_battery_mode_node_level_v1,SI-Drahi_100-d1-HET-UHI-BLO-58585d40ab,TK-PB-Drahi_100-d1-HET-UHI-65bfec0e89-r4,SS-2a2d2fbd84a2,risk_neutral_expectation,4,MULTISTAGE_RH,PEA,pv,1,3,1,1.0,0.0,0.0,7.8,7.8,0.0,0.0,false,0.0,0.0,0.0,0.0,0.0
shared_battery_mode_node_level_v1,SI-Drahi_100-d1-HET-UHI-BLO-58585d40ab,TK-PB-Drahi_100-d1-HET-UHI-65bfec0e89-r4,SS-2a2d2fbd84a2,risk_neutral_expectation,4,MULTISTAGE_RH,PEA,pv,1,4,1,1.0,8.0,0.0,7.8,15.399999999999999,0.0,0.0,false,0.0,0.0,0.0,0.0,0.0
shared_battery_mode_node_level_v1,SI-Drahi_100-d1-HET-UHI-BLO-58585d40ab,TK-PB-Drahi_100-d1-HET-UHI-65bfec0e89-r4,SS-6c80fd11a123,risk_neutral_expectation,4,MULTISTAGE_RH,PEA,pv,5,5,1,1.0,0.0,0.0,15.399999999999999,15.399999999999999,0.0,0.0,false,0.0,0.0,0.0,0.0,0.0
shared_battery_mode_node_level_v1,SI-Drahi_100-d1-HET-UHI-BLO-58585d40ab,TK-PB-Drahi_100-d1-HET-UHI-65bfec0e89-r4,SS-6c80fd11a123,risk_neutral_expectation,4,MULTISTAGE_RH,PEA,pv,5,6,1,0.0,0.0,8.0,15.399999999999999,6.978947368421052,0.0,0.0,false,0.0,0.0,0.0,0.0,0.0
shared_battery_mode_node_level_v1,SI-Drahi_100-d1-HET-UHI-BLO-58585d40ab,TK-PB-Drahi_100-d1-HET-UHI-65bfec0e89-r4,SS-6c80fd11a123,risk_neutral_expectation,4,MULTISTAGE_RH,PEA,pv,5,7,1,1.0,1.7285318559556782,0.0,6.978947368421052,8.621052631578946,0.0,0.0,false,0.0,0.0,0.0,0.0,0.0
shared_battery_mode_node_level_v1,SI-Drahi_100-d1-HET-UHI-BLO-58585d40ab,TK-PB-Drahi_100-d1-HET-UHI-65bfec0e89-r4,SS-6c80fd11a123,risk_neutral_expectation,4,MULTISTAGE_RH,PEA,pv,5,8,1,0.0,0.0,8.0,8.621052631578946,0.1999999999999993,0.0,0.0,false,0.0,0.0,7.216449660063518e-16,7.216449660063518e-16,0.0
shared_battery_mode_node_level_v1,SI-Drahi_100-d1-HET-UHI-BLO-58585d40ab,TK-PB-Drahi_100-d1-HET-UHI-65bfec0e89-r4,SS-66f9b4fb4544,risk_neutral_expectation,4,MULTISTAGE_RH,PEA,pv,9,9,1,1.0,8.0,0.0,0.1999999999999993,7.799999999999999,0.0,0.0,false,0.0,0.0,0.0,0.0,0.0
shared_battery_mode_node_level_v1,SI-Drahi_100-d1-HET-UHI-BLO-58585d40ab,TK-PB-Drahi_100-d1-HET-UHI-65bfec0e89-r4,SS-66f9b4fb4544,risk_neutral_expectation,4,MULTISTAGE_RH,PEA,pv,9,10,1,1.0,8.0,0.0,7.799999999999999,15.399999999999999,0.0,0.0,false,0.0,0.0,0.0,0.0,0.0
shared_battery_mode_node_level_v1,SI-Drahi_100-d1-HET-UHI-BLO-58585d40ab,TK-PB-Drahi_100-d1-HET-UHI-65bfec0e89-r4,SS-66f9b4fb4544,risk_neutral_expectation,4,MULTISTAGE_RH,PEA,pv,9,11,1,0.15867279894875153,1.2693823915900122,6.730617608409988,15.399999999999999,9.521052631578945,0.0,0.0,true,1.2693823915900122,0.15867279894875153,0.0,0.0,0.0
shared_battery_mode_node_level_v1,SI-Drahi_100-d1-HET-UHI-BLO-58585d40ab,TK-PB-Drahi_100-d1-HET-UHI-65bfec0e89-r4,SS-66f9b4fb4544,risk_neutral_expectation,4,MULTISTAGE_RH,PEA,pv,9,12,1,1.0,8.0,0.0,9.521052631578945,17.121052631578944,0.0,0.0,false,0.0,0.0,0.0,0.0,0.0
shared_battery_mode_node_level_v1,SI-Drahi_100-d1-HET-UHI-BLO-58585d40ab,TK-PB-Drahi_100-d1-HET-UHI-65bfec0e89-r4,SS-913f9bd8400b,risk_neutral_expectation,4,MULTISTAGE_RH,PEA,pv,13,13,1,0.0,0.0,8.0,17.121052631578944,8.699999999999998,0.0,0.0,false,0.0,0.0,0.0,0.0,0.0
shared_battery_mode_node_level_v1,SI-Drahi_100-d1-HET-UHI-BLO-58585d40ab,TK-PB-Drahi_100-d1-HET-UHI-65bfec0e89-r4,SS-913f9bd8400b,risk_neutral_expectation,4,MULTISTAGE_RH,PEA,pv,13,14,1,1.0,8.0,0.0,8.699999999999998,16.299999999999997,0.0,0.0,false,0.0,0.0,0.0,0.0,0.0
shared_battery_mode_node_level_v1,SI-Drahi_100-d1-HET-UHI-BLO-58585d40ab,TK-PB-Drahi_100-d1-HET-UHI-65bfec0e89-r4,SS-913f9bd8400b,risk_neutral_expectation,4,MULTISTAGE_RH,PEA,pv,13,15,1,1.0,8.0,0.0,16.299999999999997,23.9,0.0,0.0,false,0.0,0.0,0.0,0.0,0.0
shared_battery_mode_node_level_v1,SI-Drahi_100-d1-HET-UHI-BLO-58585d40ab,TK-PB-Drahi_100-d1-HET-UHI-65bfec0e89-r4,SS-913f9bd8400b,risk_neutral_expectation,4,MULTISTAGE_RH,PEA,pv,13,16,1,1.0,8.000000000000002,0.0,23.9,31.5,1.7763568394002505e-15,0.0,false,0.0,0.0,0.0,0.0,0.0
shared_battery_mode_node_level_v1,SI-Drahi_100-d1-HET-UHI-BLO-58585d40ab,TK-PB-Drahi_100-d1-HET-UHI-65bfec0e89-r4,SS-3c542c310e20,risk_neutral_expectation,4,MULTISTAGE_RH,PEA,pv,17,17,1,0.0,0.0,8.0,31.5,23.078947368421055,0.0,0.0,false,0.0,0.0,0.0,0.0,0.0
shared_battery_mode_node_level_v1,SI-Drahi_100-d1-HET-UHI-BLO-58585d40ab,TK-PB-Drahi_100-d1-HET-UHI-65bfec0e89-r4,SS-3c542c310e20,risk_neutral_expectation,4,MULTISTAGE_RH,PEA,pv,17,18,1,1.0,0.0,0.0,23.078947368421055,23.078947368421055,0.0,0.0,false,0.0,0.0,0.0,0.0,0.0
shared_battery_mode_node_level_v1,SI-Drahi_100-d1-HET-UHI-BLO-58585d40ab,TK-PB-Drahi_100-d1-HET-UHI-65bfec0e89-r4,SS-3c542c310e20,risk_neutral_expectation,4,MULTISTAGE_RH,PEA,pv,17,19,1,1.0,8.0,0.0,23.078947368421055,30.678947368421056,0.0,0.0,false,0.0,0.0,0.0,0.0,0.0
shared_battery_mode_node_level_v1,SI-Drahi_100-d1-HET-UHI-BLO-58585d40ab,TK-PB-Drahi_100-d1-HET-UHI-65bfec0e89-r4,SS-3c542c310e20,risk_neutral_expectation,4,MULTISTAGE_RH,PEA,pv,17,20,1,1.0,0.0,0.0,30.678947368421056,30.678947368421056,0.0,0.0,false,0.0,0.0,0.0,0.0,0.0
shared_battery_mode_node_level_v1,SI-Drahi_100-d1-HET-UHI-BLO-58585d40ab,TK-PB-Drahi_100-d1-HET-UHI-65bfec0e89-r4,SS-041e3670d673,risk_neutral_expectation,4,MULTISTAGE_RH,PEA,pv,21,21,1,1.0,0.0,0.0,30.678947368421056,30.678947368421056,0.0,0.0,false,0.0,0.0,0.0,0.0,0.0
shared_battery_mode_node_level_v1,SI-Drahi_100-d1-HET-UHI-BLO-58585d40ab,TK-PB-Drahi_100-d1-HET-UHI-65bfec0e89-r4,SS-041e3670d673,risk_neutral_expectation,4,MULTISTAGE_RH,PEA,pv,21,22,1,0.0,0.0,8.0,30.678947368421056,22.25789473684211,0.0,0.0,false,0.0,0.0,0.0,0.0,0.0
shared_battery_mode_node_level_v1,SI-Drahi_100-d1-HET-UHI-BLO-58585d40ab,TK-PB-Drahi_100-d1-HET-UHI-65bfec0e89-r4,SS-041e3670d673,risk_neutral_expectation,4,MULTISTAGE_RH,PEA,pv,21,23,1,1.0,0.0,0.0,22.25789473684211,22.25789473684211,0.0,0.0,false,0.0,0.0,0.0,0.0,0.0
shared_battery_mode_node_level_v1,SI-Drahi_100-d1-HET-UHI-BLO-58585d40ab,TK-PB-Drahi_100-d1-HET-UHI-65bfec0e89-r4,SS-041e3670d673,risk_neutral_expectation,4,MULTISTAGE_RH,PEA,pv,21,24,1,1.0,0.0,0.0,22.25789473684211,22.25789473684211,0.0,0.0,false,0.0,0.0,0.0,0.0,0.0
shared_battery_mode_node_level_v1,SI-Drahi_100-d1-HET-UHI-BLO-58585d40ab,TK-PB-Drahi_100-d1-HET-UHI-65bfec0e89-r4,SS-2a2d2fbd84a2,risk_neutral_expectation,4,MULTISTAGE_RH,SA,savings,1,1,1,0.5768725361366622,4.614980289093298,3.3850197109067017,0.2,1.0210526315789465,0.0,0.0,true,3.3850197109067017,0.42312746386333777,4.440892098500626e-16,0.0,0.0
shared_battery_mode_node_level_v1,SI-Drahi_100-d1-HET-UHI-BLO-58585d40ab,TK-PB-Drahi_100-d1-HET-UHI-65bfec0e89-r4,SS-2a2d2fbd84a2,risk_neutral_expectation,4,MULTISTAGE_RH,SA,savings,1,2,1,1.0,8.0,0.0,1.0210526315789465,8.621052631578946,0.0,0.0,false,0.0,0.0,0.0,0.0,0.0
shared_battery_mode_node_level_v1,SI-Drahi_100-d1-HET-UHI-BLO-58585d40ab,TK-PB-Drahi_100-d1-HET-UHI-65bfec0e89-r4,SS-2a2d2fbd84a2,risk_neutral_expectation,4,MULTISTAGE_RH,SA,savings,1,3,1,0.0,0.0,8.0,8.621052631578946,0.1999999999999993,0.0,0.0,false,0.0,0.0,7.216449660063518e-16,7.216449660063518e-16,0.0
shared_battery_mode_node_level_v1,SI-Drahi_100-d1-HET-UHI-BLO-58585d40ab,TK-PB-Drahi_100-d1-HET-UHI-65bfec0e89-r4,SS-2a2d2fbd84a2,risk_neutral_expectation,4,MULTISTAGE_RH,SA,savings,1,4,1,1.0,8.0,0.0,0.1999999999999993,7.799999999999999,0.0,0.0,false,0.0,0.0,8.881784197001252e-16,0.0,0.0
shared_battery_mode_node_level_v1,SI-Drahi_100-d1-HET-UHI-BLO-58585d40ab,TK-PB-Drahi_100-d1-HET-UHI-65bfec0e89-r4,SS-6c80fd11a123,risk_neutral_expectation,4,MULTISTAGE_RH,SA,savings,5,5,1,0.6281208935611038,5.02496714848883,2.9750328515111697,7.799999999999999,9.442105263157892,0.0,0.0,true,2.9750328515111697,0.3718791064388962,1.7763568394002505e-15,0.0,0.0
shared_battery_mode_node_level_v1,SI-Drahi_100-d1-HET-UHI-BLO-58585d40ab,TK-PB-Drahi_100-d1-HET-UHI-65bfec0e89-r4,SS-6c80fd11a123,risk_neutral_expectation,4,MULTISTAGE_RH,SA,savings,5,6,1,0.0,0.0,8.0,9.442105263157892,1.0210526315789448,0.0,0.0,false,0.0,0.0,1.7763568394002505e-15,0.0,0.0
shared_battery_mode_node_level_v1,SI-Drahi_100-d1-HET-UHI-BLO-58585d40ab,TK-PB-Drahi_100-d1-HET-UHI-65bfec0e89-r4,SS-6c80fd11a123,risk_neutral_expectation,4,MULTISTAGE_RH,SA,savings,5,7,1,1.0,8.0,0.0,1.0210526315789448,8.621052631578944,0.0,0.0,false,0.0,0.0,1.7763568394002505e-15,0.0,0.0
shared_battery_mode_node_level_v1,SI-Drahi_100-d1-HET-UHI-BLO-58585d40ab,TK-PB-Drahi_100-d1-HET-UHI-65bfec0e89-r4,SS-6c80fd11a123,risk_neutral_expectation,4,MULTISTAGE_RH,SA,savings,5,8,1,0.0,0.0,8.0,8.621052631578944,0.1999999999999975,0.0,0.0,false,0.0,0.0,2.4980018054066022e-15,2.4980018054066022e-15,0.0
shared_battery_mode_node_level_v1,SI-Drahi_100-d1-HET-UHI-BLO-58585d40ab,TK-PB-Drahi_100-d1-HET-UHI-65bfec0e89-r4,SS-66f9b4fb4544,risk_neutral_expectation,4,MULTISTAGE_RH,SA,savings,9,9,1,1.0,8.0,0.0,0.1999999999999975,7.799999999999997,0.0,0.0,false,0.0,0.0,0.0,0.0,0.0
shared_battery_mode_node_level_v1,SI-Drahi_100-d1-HET-UHI-BLO-58585d40ab,TK-PB-Drahi_100-d1-HET-UHI-65bfec0e89-r4,SS-66f9b4fb4544,risk_neutral_expectation,4,MULTISTAGE_RH,SA,savings,9,10,1,1.0,0.0,0.0,7.799999999999997,7.799999999999997,0.0,0.0,false,0.0,0.0,0.0,0.0,0.0
shared_battery_mode_node_level_v1,SI-Drahi_100-d1-HET-UHI-BLO-58585d40ab,TK-PB-Drahi_100-d1-HET-UHI-65bfec0e89-r4,SS-66f9b4fb4544,risk_neutral_expectation,4,MULTISTAGE_RH,SA,savings,9,11,1,1.0,0.0,0.0,7.799999999999997,7.799999999999997,0.0,0.0,false,0.0,0.0,0.0,0.0,0.0
shared_battery_mode_node_level_v1,SI-Drahi_100-d1-HET-UHI-BLO-58585d40ab,TK-PB-Drahi_100-d1-HET-UHI-65bfec0e89-r4,SS-66f9b4fb4544,risk_neutral_expectation,4,MULTISTAGE_RH,SA,savings,9,12,1,1.0,8.0,0.0,7.799999999999997,15.399999999999997,0.0,0.0,false,0.0,0.0,0.0,0.0,0.0
shared_battery_mode_node_level_v1,SI-Drahi_100-d1-HET-UHI-BLO-58585d40ab,TK-PB-Drahi_100-d1-HET-UHI-65bfec0e89-r4,SS-913f9bd8400b,risk_neutral_expectation,4,MULTISTAGE_RH,SA,savings,13,13,1,1.0,0.0,0.0,15.399999999999997,15.399999999999997,0.0,0.0,false,0.0,0.0,0.0,0.0,0.0
shared_battery_mode_node_level_v1,SI-Drahi_100-d1-HET-UHI-BLO-58585d40ab,TK-PB-Drahi_100-d1-HET-UHI-65bfec0e89-r4,SS-913f9bd8400b,risk_neutral_expectation,4,MULTISTAGE_RH,SA,savings,13,14,1,1.0,8.0,0.0,15.399999999999997,22.999999999999996,0.0,0.0,false,0.0,0.0,0.0,0.0,0.0
shared_battery_mode_node_level_v1,SI-Drahi_100-d1-HET-UHI-BLO-58585d40ab,TK-PB-Drahi_100-d1-HET-UHI-65bfec0e89-r4,SS-913f9bd8400b,risk_neutral_expectation,4,MULTISTAGE_RH,SA,savings,13,15,1,1.0,8.0,0.0,22.999999999999996,30.599999999999994,0.0,0.0,false,0.0,0.0,0.0,0.0,0.0
shared_battery_mode_node_level_v1,SI-Drahi_100-d1-HET-UHI-BLO-58585d40ab,TK-PB-Drahi_100-d1-HET-UHI-65bfec0e89-r4,SS-913f9bd8400b,risk_neutral_expectation,4,MULTISTAGE_RH,SA,savings,13,16,1,1.0,0.9473684210526375,0.0,30.599999999999994,31.5,0.0,0.0,false,0.0,0.0,0.0,0.0,0.0
shared_battery_mode_node_level_v1,SI-Drahi_100-d1-HET-UHI-BLO-58585d40ab,TK-PB-Drahi_100-d1-HET-UHI-65bfec0e89-r4,SS-3c542c310e20,risk_neutral_expectation,4,MULTISTAGE_RH,SA,savings,17,17,1,0.0,0.0,8.0,31.5,23.078947368421055,0.0,0.0,false,0.0,0.0,0.0,0.0,0.0
shared_battery_mode_node_level_v1,SI-Drahi_100-d1-HET-UHI-BLO-58585d40ab,TK-PB-Drahi_100-d1-HET-UHI-65bfec0e89-r4,SS-3c542c310e20,risk_neutral_expectation,4,MULTISTAGE_RH,SA,savings,17,18,1,0.4563074901445464,3.6504599211563713,4.349540078843629,23.078947368421055,21.968421052631577,0.0,0.0,true,3.6504599211563713,0.4563074901445464,0.0,0.0,0.0
shared_battery_mode_node_level_v1,SI-Drahi_100-d1-HET-UHI-BLO-58585d40ab,TK-PB-Drahi_100-d1-HET-UHI-65bfec0e89-r4,SS-3c542c310e20,risk_neutral_expectation,4,MULTISTAGE_RH,SA,savings,17,19,1,1.0,8.0,0.0,21.968421052631577,29.568421052631578,0.0,0.0,false,0.0,0.0,0.0,0.0,0.0
shared_battery_mode_node_level_v1,SI-Drahi_100-d1-HET-UHI-BLO-58585d40ab,TK-PB-Drahi_100-d1-HET-UHI-65bfec0e89-r4,SS-3c542c310e20,risk_neutral_expectation,4,MULTISTAGE_RH,SA,savings,17,20,1,0.0,0.0,8.0,29.568421052631578,21.147368421052633,0.0,0.0,false,0.0,0.0,3.552713678800501e-15,0.0,0.0
shared_battery_mode_node_level_v1,SI-Drahi_100-d1-HET-UHI-BLO-58585d40ab,TK-PB-Drahi_100-d1-HET-UHI-65bfec0e89-r4,SS-041e3670d673,risk_neutral_expectation,4,MULTISTAGE_RH,SA,savings,21,21,1,0.0,0.0,8.000000000000004,21.147368421052633,12.72631578947368,0.0,3.552713678800501e-15,false,0.0,0.0,1.7763568394002505e-15,0.0,0.0
shared_battery_mode_node_level_v1,SI-Drahi_100-d1-HET-UHI-BLO-58585d40ab,TK-PB-Drahi_100-d1-HET-UHI-65bfec0e89-r4,SS-041e3670d673,risk_neutral_expectation,4,MULTISTAGE_RH,SA,savings,21,22,1,0.0,0.0,8.0,12.72631578947368,4.305263157894734,0.0,0.0,false,0.0,0.0,1.7763568394002505e-15,0.0,0.0
shared_battery_mode_node_level_v1,SI-Drahi_100-d1-HET-UHI-BLO-58585d40ab,TK-PB-Drahi_100-d1-HET-UHI-65bfec0e89-r4,SS-041e3670d673,risk_neutral_expectation,4,MULTISTAGE_RH,SA,savings,21,23,1,1.0,8.0,0.0,4.305263157894734,11.905263157894733,0.0,0.0,false,0.0,0.0,1.7763568394002505e-15,0.0,0.0
shared_battery_mode_node_level_v1,SI-Drahi_100-d1-HET-UHI-BLO-58585d40ab,TK-PB-Drahi_100-d1-HET-UHI-65bfec0e89-r4,SS-041e3670d673,risk_neutral_expectation,4,MULTISTAGE_RH,SA,savings,21,24,1,1.0,8.0,0.0,11.905263157894733,19.50526315789473,0.0,0.0,false,0.0,0.0,3.552713678800501e-15,0.0,0.0
shared_battery_mode_node_level_v1,SI-Drahi_100-d1-HET-UHI-BLO-58585d40ab,TK-PB-Drahi_100-d1-HET-UHI-65bfec0e89-r4,SS-2a2d2fbd84a2,risk_neutral_expectation,4,MULTISTAGE_RH,STATIC_DEMAND_SHARE,pv,1,1,1,1.0,0.0,0.0,0.2,0.2,0.0,0.0,false,0.0,0.0,0.0,0.0,0.0
shared_battery_mode_node_level_v1,SI-Drahi_100-d1-HET-UHI-BLO-58585d40ab,TK-PB-Drahi_100-d1-HET-UHI-65bfec0e89-r4,SS-2a2d2fbd84a2,risk_neutral_expectation,4,MULTISTAGE_RH,STATIC_DEMAND_SHARE,pv,1,2,1,1.0,8.0,0.0,0.2,7.8,0.0,0.0,false,0.0,0.0,0.0,0.0,0.0
shared_battery_mode_node_level_v1,SI-Drahi_100-d1-HET-UHI-BLO-58585d40ab,TK-PB-Drahi_100-d1-HET-UHI-65bfec0e89-r4,SS-2a2d2fbd84a2,risk_neutral_expectation,4,MULTISTAGE_RH,STATIC_DEMAND_SHARE,pv,1,3,1,1.0,0.0,0.0,7.8,7.8,0.0,0.0,false,0.0,0.0,0.0,0.0,0.0
shared_battery_mode_node_level_v1,SI-Drahi_100-d1-HET-UHI-BLO-58585d40ab,TK-PB-Drahi_100-d1-HET-UHI-65bfec0e89-r4,SS-2a2d2fbd84a2,risk_neutral_expectation,4,MULTISTAGE_RH,STATIC_DEMAND_SHARE,pv,1,4,1,1.0,8.0,0.0,7.8,15.399999999999999,0.0,0.0,false,0.0,0.0,0.0,0.0,0.0
shared_battery_mode_node_level_v1,SI-Drahi_100-d1-HET-UHI-BLO-58585d40ab,TK-PB-Drahi_100-d1-HET-UHI-65bfec0e89-r4,SS-6c80fd11a123,risk_neutral_expectation,4,MULTISTAGE_RH,STATIC_DEMAND_SHARE,pv,5,5,1,1.0,0.0,0.0,15.399999999999999,15.399999999999999,0.0,0.0,false,0.0,0.0,0.0,0.0,0.0
shared_battery_mode_node_level_v1,SI-Drahi_100-d1-HET-UHI-BLO-58585d40ab,TK-PB-Drahi_100-d1-HET-UHI-65bfec0e89-r4,SS-6c80fd11a123,risk_neutral_expectation,4,MULTISTAGE_RH,STATIC_DEMAND_SHARE,pv,5,6,1,0.0,0.0,8.0,15.399999999999999,6.978947368421052,0.0,0.0,false,0.0,0.0,0.0,0.0,0.0
shared_battery_mode_node_level_v1,SI-Drahi_100-d1-HET-UHI-BLO-58585d40ab,TK-PB-Drahi_100-d1-HET-UHI-65bfec0e89-r4,SS-6c80fd11a123,risk_neutral_expectation,4,MULTISTAGE_RH,STATIC_DEMAND_SHARE,pv,5,7,1,1.0,8.0,0.0,6.978947368421052,14.578947368421051,0.0,0.0,false,0.0,0.0,0.0,0.0,0.0
shared_battery_mode_node_level_v1,SI-Drahi_100-d1-HET-UHI-BLO-58585d40ab,TK-PB-Drahi_100-d1-HET-UHI-65bfec0e89-r4,SS-6c80fd11a123,risk_neutral_expectation,4,MULTISTAGE_RH,STATIC_DEMAND_SHARE,pv,5,8,1,0.3899999999999999,0.0,4.880000000000001,14.578947368421051,9.442105263157892,0.0,0.0,false,0.0,0.3899999999999999,1.7763568394002505e-15,0.0,0.0
shared_battery_mode_node_level_v1,SI-Drahi_100-d1-HET-UHI-BLO-58585d40ab,TK-PB-Drahi_100-d1-HET-UHI-65bfec0e89-r4,SS-66f9b4fb4544,risk_neutral_expectation,4,MULTISTAGE_RH,STATIC_DEMAND_SHARE,pv,9,9,1,1.0,8.0,0.0,9.442105263157892,17.042105263157893,0.0,0.0,false,0.0,0.0,0.0,0.0,0.0
shared_battery_mode_node_level_v1,SI-Drahi_100-d1-HET-UHI-BLO-58585d40ab,TK-PB-Drahi_100-d1-HET-UHI-65bfec0e89-r4,SS-66f9b4fb4544,risk_neutral_expectation,4,MULTISTAGE_RH,STATIC_DEMAND_SHARE,pv,9,10,1,1.0,0.0,0.0,17.042105263157893,17.042105263157893,0.0,0.0,false,0.0,0.0,0.0,0.0,0.0
shared_battery_mode_node_level_v1,SI-Drahi_100-d1-HET-UHI-BLO-58585d40ab,TK-PB-Drahi_100-d1-HET-UHI-65bfec0e89-r4,SS-66f9b4fb4544,risk_neutral_expectation,4,MULTISTAGE_RH,STATIC_DEMAND_SHARE,pv,9,11,1,1.0,0.0,0.0,17.042105263157893,17.042105263157893,0.0,0.0,false,0.0,0.0,0.0,0.0,0.0
shared_battery_mode_node_level_v1,SI-Drahi_100-d1-HET-UHI-BLO-58585d40ab,TK-PB-Drahi_100-d1-HET-UHI-65bfec0e89-r4,SS-66f9b4fb4544,risk_neutral_expectation,4,MULTISTAGE_RH,STATIC_DEMAND_SHARE,pv,9,12,1,1.0,0.0,0.0,17.042105263157893,17.042105263157893,0.0,0.0,false,0.0,0.0,0.0,0.0,0.0
shared_battery_mode_node_level_v1,SI-Drahi_100-d1-HET-UHI-BLO-58585d40ab,TK-PB-Drahi_100-d1-HET-UHI-65bfec0e89-r4,SS-913f9bd8400b,risk_neutral_expectation,4,MULTISTAGE_RH,STATIC_DEMAND_SHARE,pv,13,13,1,0.0,0.0,8.0,17.042105263157893,8.621052631578946,0.0,0.0,false,0.0,0.0,0.0,0.0,0.0
shared_battery_mode_node_level_v1,SI-Drahi_100-d1-HET-UHI-BLO-58585d40ab,TK-PB-Drahi_100-d1-HET-UHI-65bfec0e89-r4,SS-913f9bd8400b,risk_neutral_expectation,4,MULTISTAGE_RH,STATIC_DEMAND_SHARE,pv,13,14,1,1.0,0.0,0.0,8.621052631578946,8.621052631578946,0.0,0.0,false,0.0,0.0,0.0,0.0,0.0
shared_battery_mode_node_level_v1,SI-Drahi_100-d1-HET-UHI-BLO-58585d40ab,TK-PB-Drahi_100-d1-HET-UHI-65bfec0e89-r4,SS-913f9bd8400b,risk_neutral_expectation,4,MULTISTAGE_RH,STATIC_DEMAND_SHARE,pv,13,15,1,1.0,0.0,0.0,8.621052631578946,8.621052631578946,0.0,0.0,false,0.0,0.0,0.0,0.0,0.0
shared_battery_mode_node_level_v1,SI-Drahi_100-d1-HET-UHI-BLO-58585d40ab,TK-PB-Drahi_100-d1-HET-UHI-65bfec0e89-r4,SS-913f9bd8400b,risk_neutral_expectation,4,MULTISTAGE_RH,STATIC_DEMAND_SHARE,pv,13,16,1,1.0,0.0,0.0,8.621052631578946,8.621052631578946,0.0,0.0,false,0.0,0.0,0.0,0.0,0.0
shared_battery_mode_node_level_v1,SI-Drahi_100-d1-HET-UHI-BLO-58585d40ab,TK-PB-Drahi_100-d1-HET-UHI-65bfec0e89-r4,SS-3c542c310e20,risk_neutral_expectation,4,MULTISTAGE_RH,STATIC_DEMAND_SHARE,pv,17,17,1,0.0,0.0,7.999999999999999,8.621052631578946,0.1999999999999993,0.0,0.0,false,0.0,0.0,7.216449660063518e-16,7.216449660063518e-16,0.0
shared_battery_mode_node_level_v1,SI-Drahi_100-d1-HET-UHI-BLO-58585d40ab,TK-PB-Drahi_100-d1-HET-UHI-65bfec0e89-r4,SS-3c542c310e20,risk_neutral_expectation,4,MULTISTAGE_RH,STATIC_DEMAND_SHARE,pv,17,18,1,1.0,0.0,0.0,0.1999999999999993,0.1999999999999993,0.0,0.0,false,0.0,0.0,7.216449660063518e-16,7.216449660063518e-16,0.0
shared_battery_mode_node_level_v1,SI-Drahi_100-d1-HET-UHI-BLO-58585d40ab,TK-PB-Drahi_100-d1-HET-UHI-65bfec0e89-r4,SS-3c542c310e20,risk_neutral_expectation,4,MULTISTAGE_RH,STATIC_DEMAND_SHARE,pv,17,19,1,1.0,8.0,0.0,0.1999999999999993,7.799999999999999,0.0,0.0,false,0.0,0.0,8.881784197001252e-16,0.0,0.0
shared_battery_mode_node_level_v1,SI-Drahi_100-d1-HET-UHI-BLO-58585d40ab,TK-PB-Drahi_100-d1-HET-UHI-65bfec0e89-r4,SS-3c542c310e20,risk_neutral_expectation,4,MULTISTAGE_RH,STATIC_DEMAND_SHARE,pv,17,20,1,1.0,0.0,0.0,7.799999999999999,7.799999999999999,0.0,0.0,false,0.0,0.0,8.881784197001252e-16,0.0,0.0
shared_battery_mode_node_level_v1,SI-Drahi_100-d1-HET-UHI-BLO-58585d40ab,TK-PB-Drahi_100-d1-HET-UHI-65bfec0e89-r4,SS-041e3670d673,risk_neutral_expectation,4,MULTISTAGE_RH,STATIC_DEMAND_SHARE,pv,21,21,1,1.0,0.0,0.0,7.799999999999999,7.799999999999999,0.0,0.0,false,0.0,0.0,0.0,0.0,0.0
shared_battery_mode_node_level_v1,SI-Drahi_100-d1-HET-UHI-BLO-58585d40ab,TK-PB-Drahi_100-d1-HET-UHI-65bfec0e89-r4,SS-041e3670d673,risk_neutral_expectation,4,MULTISTAGE_RH,STATIC_DEMAND_SHARE,pv,21,22,1,1.0,0.0,0.0,7.799999999999999,7.799999999999999,0.0,0.0,false,0.0,0.0,0.0,0.0,0.0
shared_battery_mode_node_level_v1,SI-Drahi_100-d1-HET-UHI-BLO-58585d40ab,TK-PB-Drahi_100-d1-HET-UHI-65bfec0e89-r4,SS-041e3670d673,risk_neutral_expectation,4,MULTISTAGE_RH,STATIC_DEMAND_SHARE,pv,21,23,1,1.0,8.0,0.0,7.799999999999999,15.399999999999999,0.0,0.0,false,0.0,0.0,0.0,0.0,0.0
shared_battery_mode_node_level_v1,SI-Drahi_100-d1-HET-UHI-BLO-58585d40ab,TK-PB-Drahi_100-d1-HET-UHI-65bfec0e89-r4,SS-041e3670d673,risk_neutral_expectation,4,MULTISTAGE_RH,STATIC_DEMAND_SHARE,pv,21,24,1,1.0,8.0,0.0,15.399999999999999,23.0,0.0,0.0,false,0.0,0.0,0.0,0.0,0.0
shared_battery_mode_node_level_v1,SI-Drahi_100-d1-HET-UHI-BLO-58585d40ab,TK-PB-Drahi_100-d1-HET-UHI-65bfec0e89-r4,SS-2a2d2fbd84a2,risk_neutral_expectation,4,TWO_STAGE_RH,LEXMMFPEA,pv,1,1,1,1.0,0.0,0.0,0.2,0.2,0.0,0.0,false,0.0,0.0,0.0,0.0,0.0
shared_battery_mode_node_level_v1,SI-Drahi_100-d1-HET-UHI-BLO-58585d40ab,TK-PB-Drahi_100-d1-HET-UHI-65bfec0e89-r4,SS-2a2d2fbd84a2,risk_neutral_expectation,4,TWO_STAGE_RH,LEXMMFPEA,pv,1,2,1,1.0,8.0,0.0,0.2,7.8,0.0,0.0,false,0.0,0.0,0.0,0.0,0.0
shared_battery_mode_node_level_v1,SI-Drahi_100-d1-HET-UHI-BLO-58585d40ab,TK-PB-Drahi_100-d1-HET-UHI-65bfec0e89-r4,SS-2a2d2fbd84a2,risk_neutral_expectation,4,TWO_STAGE_RH,LEXMMFPEA,pv,1,3,1,1.0,0.0,0.0,7.8,7.8,0.0,0.0,false,0.0,0.0,0.0,0.0,0.0
shared_battery_mode_node_level_v1,SI-Drahi_100-d1-HET-UHI-BLO-58585d40ab,TK-PB-Drahi_100-d1-HET-UHI-65bfec0e89-r4,SS-2a2d2fbd84a2,risk_neutral_expectation,4,TWO_STAGE_RH,LEXMMFPEA,pv,1,4,1,1.0,8.0,0.0,7.8,15.399999999999999,0.0,0.0,false,0.0,0.0,0.0,0.0,0.0
shared_battery_mode_node_level_v1,SI-Drahi_100-d1-HET-UHI-BLO-58585d40ab,TK-PB-Drahi_100-d1-HET-UHI-65bfec0e89-r4,SS-6c80fd11a123,risk_neutral_expectation,4,TWO_STAGE_RH,LEXMMFPEA,pv,5,5,1,1.0,0.0,0.0,15.399999999999999,15.399999999999999,0.0,0.0,false,0.0,0.0,0.0,0.0,0.0
shared_battery_mode_node_level_v1,SI-Drahi_100-d1-HET-UHI-BLO-58585d40ab,TK-PB-Drahi_100-d1-HET-UHI-65bfec0e89-r4,SS-6c80fd11a123,risk_neutral_expectation,4,TWO_STAGE_RH,LEXMMFPEA,pv,5,6,1,0.0,0.0,8.0,15.399999999999999,6.978947368421052,0.0,0.0,false,0.0,0.0,0.0,0.0,0.0
shared_battery_mode_node_level_v1,SI-Drahi_100-d1-HET-UHI-BLO-58585d40ab,TK-PB-Drahi_100-d1-HET-UHI-65bfec0e89-r4,SS-6c80fd11a123,risk_neutral_expectation,4,TWO_STAGE_RH,LEXMMFPEA,pv,5,7,1,1.0,1.7285318559556782,0.0,6.978947368421052,8.621052631578946,0.0,0.0,false,0.0,0.0,0.0,0.0,0.0
shared_battery_mode_node_level_v1,SI-Drahi_100-d1-HET-UHI-BLO-58585d40ab,TK-PB-Drahi_100-d1-HET-UHI-65bfec0e89-r4,SS-6c80fd11a123,risk_neutral_expectation,4,TWO_STAGE_RH,LEXMMFPEA,pv,5,8,1,0.0,0.0,8.0,8.621052631578946,0.1999999999999993,0.0,0.0,false,0.0,0.0,7.216449660063518e-16,7.216449660063518e-16,0.0
shared_battery_mode_node_level_v1,SI-Drahi_100-d1-HET-UHI-BLO-58585d40ab,TK-PB-Drahi_100-d1-HET-UHI-65bfec0e89-r4,SS-66f9b4fb4544,risk_neutral_expectation,4,TWO_STAGE_RH,LEXMMFPEA,pv,9,9,1,1.0,8.0,0.0,0.1999999999999993,7.799999999999999,0.0,0.0,false,0.0,0.0,0.0,0.0,0.0
shared_battery_mode_node_level_v1,SI-Drahi_100-d1-HET-UHI-BLO-58585d40ab,TK-PB-Drahi_100-d1-HET-UHI-65bfec0e89-r4,SS-66f9b4fb4544,risk_neutral_expectation,4,TWO_STAGE_RH,LEXMMFPEA,pv,9,10,1,1.0,8.0,0.0,7.799999999999999,15.399999999999999,0.0,0.0,false,0.0,0.0,0.0,0.0,0.0
shared_battery_mode_node_level_v1,SI-Drahi_100-d1-HET-UHI-BLO-58585d40ab,TK-PB-Drahi_100-d1-HET-UHI-65bfec0e89-r4,SS-66f9b4fb4544,risk_neutral_expectation,4,TWO_STAGE_RH,LEXMMFPEA,pv,9,11,1,0.15867279894875153,1.2693823915900122,6.730617608409988,15.399999999999999,9.521052631578945,0.0,0.0,true,1.2693823915900122,0.15867279894875153,0.0,0.0,0.0
shared_battery_mode_node_level_v1,SI-Drahi_100-d1-HET-UHI-BLO-58585d40ab,TK-PB-Drahi_100-d1-HET-UHI-65bfec0e89-r4,SS-66f9b4fb4544,risk_neutral_expectation,4,TWO_STAGE_RH,LEXMMFPEA,pv,9,12,1,1.0,8.0,0.0,9.521052631578945,17.121052631578944,0.0,0.0,false,0.0,0.0,0.0,0.0,0.0
shared_battery_mode_node_level_v1,SI-Drahi_100-d1-HET-UHI-BLO-58585d40ab,TK-PB-Drahi_100-d1-HET-UHI-65bfec0e89-r4,SS-913f9bd8400b,risk_neutral_expectation,4,TWO_STAGE_RH,LEXMMFPEA,pv,13,13,1,0.0,0.0,8.0,17.121052631578944,8.699999999999998,0.0,0.0,false,0.0,0.0,0.0,0.0,0.0
shared_battery_mode_node_level_v1,SI-Drahi_100-d1-HET-UHI-BLO-58585d40ab,TK-PB-Drahi_100-d1-HET-UHI-65bfec0e89-r4,SS-913f9bd8400b,risk_neutral_expectation,4,TWO_STAGE_RH,LEXMMFPEA,pv,13,14,1,1.0,8.0,0.0,8.699999999999998,16.299999999999997,0.0,0.0,false,0.0,0.0,0.0,0.0,0.0
shared_battery_mode_node_level_v1,SI-Drahi_100-d1-HET-UHI-BLO-58585d40ab,TK-PB-Drahi_100-d1-HET-UHI-65bfec0e89-r4,SS-913f9bd8400b,risk_neutral_expectation,4,TWO_STAGE_RH,LEXMMFPEA,pv,13,15,1,1.0,8.0,0.0,16.299999999999997,23.9,0.0,0.0,false,0.0,0.0,0.0,0.0,0.0
shared_battery_mode_node_level_v1,SI-Drahi_100-d1-HET-UHI-BLO-58585d40ab,TK-PB-Drahi_100-d1-HET-UHI-65bfec0e89-r4,SS-913f9bd8400b,risk_neutral_expectation,4,TWO_STAGE_RH,LEXMMFPEA,pv,13,16,1,1.0,8.0,0.0,23.9,31.5,0.0,0.0,false,0.0,0.0,0.0,0.0,0.0
shared_battery_mode_node_level_v1,SI-Drahi_100-d1-HET-UHI-BLO-58585d40ab,TK-PB-Drahi_100-d1-HET-UHI-65bfec0e89-r4,SS-3c542c310e20,risk_neutral_expectation,4,TWO_STAGE_RH,LEXMMFPEA,pv,17,17,1,0.0,0.0,8.0,31.5,23.078947368421055,0.0,0.0,false,0.0,0.0,0.0,0.0,0.0
shared_battery_mode_node_level_v1,SI-Drahi_100-d1-HET-UHI-BLO-58585d40ab,TK-PB-Drahi_100-d1-HET-UHI-65bfec0e89-r4,SS-3c542c310e20,risk_neutral_expectation,4,TWO_STAGE_RH,LEXMMFPEA,pv,17,18,1,0.0,0.0,0.0,23.078947368421055,23.078947368421055,0.0,0.0,false,0.0,0.0,0.0,0.0,0.0
shared_battery_mode_node_level_v1,SI-Drahi_100-d1-HET-UHI-BLO-58585d40ab,TK-PB-Drahi_100-d1-HET-UHI-65bfec0e89-r4,SS-3c542c310e20,risk_neutral_expectation,4,TWO_STAGE_RH,LEXMMFPEA,pv,17,19,1,1.0,8.0,0.0,23.078947368421055,30.678947368421056,0.0,0.0,false,0.0,0.0,0.0,0.0,0.0
shared_battery_mode_node_level_v1,SI-Drahi_100-d1-HET-UHI-BLO-58585d40ab,TK-PB-Drahi_100-d1-HET-UHI-65bfec0e89-r4,SS-3c542c310e20,risk_neutral_expectation,4,TWO_STAGE_RH,LEXMMFPEA,pv,17,20,1,0.0,0.0,0.0,30.678947368421056,30.678947368421056,0.0,0.0,false,0.0,0.0,0.0,0.0,0.0
shared_battery_mode_node_level_v1,SI-Drahi_100-d1-HET-UHI-BLO-58585d40ab,TK-PB-Drahi_100-d1-HET-UHI-65bfec0e89-r4,SS-041e3670d673,risk_neutral_expectation,4,TWO_STAGE_RH,LEXMMFPEA,pv,21,21,1,0.0,0.0,0.0,30.678947368421056,30.678947368421056,0.0,0.0,false,0.0,0.0,0.0,0.0,0.0
shared_battery_mode_node_level_v1,SI-Drahi_100-d1-HET-UHI-BLO-58585d40ab,TK-PB-Drahi_100-d1-HET-UHI-65bfec0e89-r4,SS-041e3670d673,risk_neutral_expectation,4,TWO_STAGE_RH,LEXMMFPEA,pv,21,22,1,0.0,0.0,8.0,30.678947368421056,22.25789473684211,0.0,0.0,false,0.0,0.0,0.0,0.0,0.0
shared_battery_mode_node_level_v1,SI-Drahi_100-d1-HET-UHI-BLO-58585d40ab,TK-PB-Drahi_100-d1-HET-UHI-65bfec0e89-r4,SS-041e3670d673,risk_neutral_expectation,4,TWO_STAGE_RH,LEXMMFPEA,pv,21,23,1,0.0,0.0,0.0,22.25789473684211,22.25789473684211,0.0,0.0,false,0.0,0.0,0.0,0.0,0.0
shared_battery_mode_node_level_v1,SI-Drahi_100-d1-HET-UHI-BLO-58585d40ab,TK-PB-Drahi_100-d1-HET-UHI-65bfec0e89-r4,SS-041e3670d673,risk_neutral_expectation,4,TWO_STAGE_RH,LEXMMFPEA,pv,21,24,1,0.0,0.0,0.0,22.25789473684211,22.25789473684211,0.0,0.0,false,0.0,0.0,0.0,0.0,0.0
shared_battery_mode_node_level_v1,SI-Drahi_100-d1-HET-UHI-BLO-58585d40ab,TK-PB-Drahi_100-d1-HET-UHI-65bfec0e89-r4,SS-2a2d2fbd84a2,risk_neutral_expectation,4,TWO_STAGE_RH,LEXMMFSA,savings,1,1,1,0.5768725361366623,4.614980289093299,3.3850197109067013,0.2,1.0210526315789479,0.0,0.0,true,3.3850197109067013,0.42312746386333766,4.440892098500626e-16,0.0,0.0
shared_battery_mode_node_level_v1,SI-Drahi_100-d1-HET-UHI-BLO-58585d40ab,TK-PB-Drahi_100-d1-HET-UHI-65bfec0e89-r4,SS-2a2d2fbd84a2,risk_neutral_expectation,4,TWO_STAGE_RH,LEXMMFSA,savings,1,2,1,1.0,8.0,0.0,1.0210526315789479,8.621052631578948,0.0,0.0,false,0.0,0.0,0.0,0.0,0.0
shared_battery_mode_node_level_v1,SI-Drahi_100-d1-HET-UHI-BLO-58585d40ab,TK-PB-Drahi_100-d1-HET-UHI-65bfec0e89-r4,SS-2a2d2fbd84a2,risk_neutral_expectation,4,TWO_STAGE_RH,LEXMMFSA,savings,1,3,1,0.0,0.0,8.0,8.621052631578948,0.20000000000000107,0.0,0.0,false,0.0,0.0,1.0547118733938987e-15,0.0,0.0
shared_battery_mode_node_level_v1,SI-Drahi_100-d1-HET-UHI-BLO-58585d40ab,TK-PB-Drahi_100-d1-HET-UHI-65bfec0e89-r4,SS-2a2d2fbd84a2,risk_neutral_expectation,4,TWO_STAGE_RH,LEXMMFSA,savings,1,4,1,1.0,8.0,0.0,0.20000000000000107,7.800000000000001,0.0,0.0,false,0.0,0.0,8.881784197001252e-16,0.0,0.0
shared_battery_mode_node_level_v1,SI-Drahi_100-d1-HET-UHI-BLO-58585d40ab,TK-PB-Drahi_100-d1-HET-UHI-65bfec0e89-r4,SS-6c80fd11a123,risk_neutral_expectation,4,TWO_STAGE_RH,LEXMMFSA,savings,5,5,1,0.6281208935611037,5.0249671484888285,2.9750328515111706,7.800000000000001,9.442105263157892,0.0,0.0,true,2.9750328515111706,0.3718791064388963,1.7763568394002505e-15,0.0,0.0
shared_battery_mode_node_level_v1,SI-Drahi_100-d1-HET-UHI-BLO-58585d40ab,TK-PB-Drahi_100-d1-HET-UHI-65bfec0e89-r4,SS-6c80fd11a123,risk_neutral_expectation,4,TWO_STAGE_RH,LEXMMFSA,savings,5,6,1,0.0,0.0,8.0,9.442105263157892,1.0210526315789448,0.0,0.0,false,0.0,0.0,1.7763568394002505e-15,0.0,0.0
shared_battery_mode_node_level_v1,SI-Drahi_100-d1-HET-UHI-BLO-58585d40ab,TK-PB-Drahi_100-d1-HET-UHI-65bfec0e89-r4,SS-6c80fd11a123,risk_neutral_expectation,4,TWO_STAGE_RH,LEXMMFSA,savings,5,7,1,1.0,8.0,0.0,1.0210526315789448,8.621052631578944,0.0,0.0,false,0.0,0.0,1.7763568394002505e-15,0.0,0.0
shared_battery_mode_node_level_v1,SI-Drahi_100-d1-HET-UHI-BLO-58585d40ab,TK-PB-Drahi_100-d1-HET-UHI-65bfec0e89-r4,SS-6c80fd11a123,risk_neutral_expectation,4,TWO_STAGE_RH,LEXMMFSA,savings,5,8,1,0.0,0.0,8.0,8.621052631578944,0.1999999999999975,0.0,0.0,false,0.0,0.0,2.4980018054066022e-15,2.4980018054066022e-15,0.0
shared_battery_mode_node_level_v1,SI-Drahi_100-d1-HET-UHI-BLO-58585d40ab,TK-PB-Drahi_100-d1-HET-UHI-65bfec0e89-r4,SS-66f9b4fb4544,risk_neutral_expectation,4,TWO_STAGE_RH,LEXMMFSA,savings,9,9,1,1.0,8.0,0.0,0.1999999999999975,7.799999999999997,0.0,0.0,false,0.0,0.0,0.0,0.0,0.0
shared_battery_mode_node_level_v1,SI-Drahi_100-d1-HET-UHI-BLO-58585d40ab,TK-PB-Drahi_100-d1-HET-UHI-65bfec0e89-r4,SS-66f9b4fb4544,risk_neutral_expectation,4,TWO_STAGE_RH,LEXMMFSA,savings,9,10,1,1.0,0.0,0.0,7.799999999999997,7.799999999999997,0.0,0.0,false,0.0,0.0,0.0,0.0,0.0
shared_battery_mode_node_level_v1,SI-Drahi_100-d1-HET-UHI-BLO-58585d40ab,TK-PB-Drahi_100-d1-HET-UHI-65bfec0e89-r4,SS-66f9b4fb4544,risk_neutral_expectation,4,TWO_STAGE_RH,LEXMMFSA,savings,9,11,1,1.0,0.0,0.0,7.799999999999997,7.799999999999997,0.0,0.0,false,0.0,0.0,0.0,0.0,0.0
shared_battery_mode_node_level_v1,SI-Drahi_100-d1-HET-UHI-BLO-58585d40ab,TK-PB-Drahi_100-d1-HET-UHI-65bfec0e89-r4,SS-66f9b4fb4544,risk_neutral_expectation,4,TWO_STAGE_RH,LEXMMFSA,savings,9,12,1,1.0,8.0,0.0,7.799999999999997,15.399999999999997,0.0,0.0,false,0.0,0.0,0.0,0.0,0.0
shared_battery_mode_node_level_v1,SI-Drahi_100-d1-HET-UHI-BLO-58585d40ab,TK-PB-Drahi_100-d1-HET-UHI-65bfec0e89-r4,SS-913f9bd8400b,risk_neutral_expectation,4,TWO_STAGE_RH,LEXMMFSA,savings,13,13,1,1.0,0.0,0.0,15.399999999999997,15.399999999999997,0.0,0.0,false,0.0,0.0,0.0,0.0,0.0
shared_battery_mode_node_level_v1,SI-Drahi_100-d1-HET-UHI-BLO-58585d40ab,TK-PB-Drahi_100-d1-HET-UHI-65bfec0e89-r4,SS-913f9bd8400b,risk_neutral_expectation,4,TWO_STAGE_RH,LEXMMFSA,savings,13,14,1,1.0,8.0,0.0,15.399999999999997,22.999999999999996,0.0,0.0,false,0.0,0.0,0.0,0.0,0.0
shared_battery_mode_node_level_v1,SI-Drahi_100-d1-HET-UHI-BLO-58585d40ab,TK-PB-Drahi_100-d1-HET-UHI-65bfec0e89-r4,SS-913f9bd8400b,risk_neutral_expectation,4,TWO_STAGE_RH,LEXMMFSA,savings,13,15,1,1.0,8.0,0.0,22.999999999999996,30.599999999999994,0.0,0.0,false,0.0,0.0,0.0,0.0,0.0
shared_battery_mode_node_level_v1,SI-Drahi_100-d1-HET-UHI-BLO-58585d40ab,TK-PB-Drahi_100-d1-HET-UHI-65bfec0e89-r4,SS-913f9bd8400b,risk_neutral_expectation,4,TWO_STAGE_RH,LEXMMFSA,savings,13,16,1,1.0,0.9473684210526372,0.0,30.599999999999994,31.5,0.0,0.0,false,0.0,0.0,0.0,0.0,0.0
shared_battery_mode_node_level_v1,SI-Drahi_100-d1-HET-UHI-BLO-58585d40ab,TK-PB-Drahi_100-d1-HET-UHI-65bfec0e89-r4,SS-3c542c310e20,risk_neutral_expectation,4,TWO_STAGE_RH,LEXMMFSA,savings,17,17,1,0.0,0.0,8.0,31.5,23.078947368421055,0.0,0.0,false,0.0,0.0,0.0,0.0,0.0
shared_battery_mode_node_level_v1,SI-Drahi_100-d1-HET-UHI-BLO-58585d40ab,TK-PB-Drahi_100-d1-HET-UHI-65bfec0e89-r4,SS-3c542c310e20,risk_neutral_expectation,4,TWO_STAGE_RH,LEXMMFSA,savings,17,18,1,0.4563074901445463,3.6504599211563704,4.34954007884363,23.078947368421055,21.968421052631577,0.0,0.0,true,3.6504599211563704,0.4563074901445463,0.0,0.0,0.0
shared_battery_mode_node_level_v1,SI-Drahi_100-d1-HET-UHI-BLO-58585d40ab,TK-PB-Drahi_100-d1-HET-UHI-65bfec0e89-r4,SS-3c542c310e20,risk_neutral_expectation,4,TWO_STAGE_RH,LEXMMFSA,savings,17,19,1,1.0,8.0,0.0,21.968421052631577,29.568421052631578,0.0,0.0,false,0.0,0.0,0.0,0.0,0.0
shared_battery_mode_node_level_v1,SI-Drahi_100-d1-HET-UHI-BLO-58585d40ab,TK-PB-Drahi_100-d1-HET-UHI-65bfec0e89-r4,SS-3c542c310e20,risk_neutral_expectation,4,TWO_STAGE_RH,LEXMMFSA,savings,17,20,1,0.0,0.0,8.0,29.568421052631578,21.147368421052633,0.0,0.0,false,0.0,0.0,3.552713678800501e-15,0.0,0.0
shared_battery_mode_node_level_v1,SI-Drahi_100-d1-HET-UHI-BLO-58585d40ab,TK-PB-Drahi_100-d1-HET-UHI-65bfec0e89-r4,SS-041e3670d673,risk_neutral_expectation,4,TWO_STAGE_RH,LEXMMFSA,savings,21,21,1,0.0,0.0,8.0,21.147368421052633,12.726315789473686,0.0,0.0,false,0.0,0.0,3.552713678800501e-15,0.0,0.0
shared_battery_mode_node_level_v1,SI-Drahi_100-d1-HET-UHI-BLO-58585d40ab,TK-PB-Drahi_100-d1-HET-UHI-65bfec0e89-r4,SS-041e3670d673,risk_neutral_expectation,4,TWO_STAGE_RH,LEXMMFSA,savings,21,22,1,0.0,0.0,8.0,12.726315789473686,4.305263157894739,0.0,0.0,false,0.0,0.0,3.552713678800501e-15,0.0,0.0
shared_battery_mode_node_level_v1,SI-Drahi_100-d1-HET-UHI-BLO-58585d40ab,TK-PB-Drahi_100-d1-HET-UHI-65bfec0e89-r4,SS-041e3670d673,risk_neutral_expectation,4,TWO_STAGE_RH,LEXMMFSA,savings,21,23,1,1.0,8.0,0.0,4.305263157894739,11.905263157894739,0.0,0.0,false,0.0,0.0,3.552713678800501e-15,0.0,0.0
shared_battery_mode_node_level_v1,SI-Drahi_100-d1-HET-UHI-BLO-58585d40ab,TK-PB-Drahi_100-d1-HET-UHI-65bfec0e89-r4,SS-041e3670d673,risk_neutral_expectation,4,TWO_STAGE_RH,LEXMMFSA,savings,21,24,1,1.0,8.0,0.0,11.905263157894739,19.50526315789474,0.0,0.0,false,0.0,0.0,3.552713678800501e-15,0.0,0.0
shared_battery_mode_node_level_v1,SI-Drahi_100-d1-HET-UHI-BLO-58585d40ab,TK-PB-Drahi_100-d1-HET-UHI-65bfec0e89-r4,SS-2a2d2fbd84a2,risk_neutral_expectation,4,TWO_STAGE_RH,NONE,none,1,1,1,1.0,0.0,0.0,0.2,0.2,0.0,0.0,false,0.0,0.0,0.0,0.0,0.0
shared_battery_mode_node_level_v1,SI-Drahi_100-d1-HET-UHI-BLO-58585d40ab,TK-PB-Drahi_100-d1-HET-UHI-65bfec0e89-r4,SS-2a2d2fbd84a2,risk_neutral_expectation,4,TWO_STAGE_RH,NONE,none,1,2,1,1.0,8.0,0.0,0.2,7.8,0.0,0.0,false,0.0,0.0,0.0,0.0,0.0
shared_battery_mode_node_level_v1,SI-Drahi_100-d1-HET-UHI-BLO-58585d40ab,TK-PB-Drahi_100-d1-HET-UHI-65bfec0e89-r4,SS-2a2d2fbd84a2,risk_neutral_expectation,4,TWO_STAGE_RH,NONE,none,1,3,1,1.0,0.0,0.0,7.8,7.8,0.0,0.0,false,0.0,0.0,0.0,0.0,0.0
shared_battery_mode_node_level_v1,SI-Drahi_100-d1-HET-UHI-BLO-58585d40ab,TK-PB-Drahi_100-d1-HET-UHI-65bfec0e89-r4,SS-2a2d2fbd84a2,risk_neutral_expectation,4,TWO_STAGE_RH,NONE,none,1,4,1,1.0,8.0,0.0,7.8,15.399999999999999,0.0,0.0,false,0.0,0.0,0.0,0.0,0.0
shared_battery_mode_node_level_v1,SI-Drahi_100-d1-HET-UHI-BLO-58585d40ab,TK-PB-Drahi_100-d1-HET-UHI-65bfec0e89-r4,SS-6c80fd11a123,risk_neutral_expectation,4,TWO_STAGE_RH,NONE,none,5,5,1,1.0,0.0,0.0,15.399999999999999,15.399999999999999,0.0,0.0,false,0.0,0.0,0.0,0.0,0.0
shared_battery_mode_node_level_v1,SI-Drahi_100-d1-HET-UHI-BLO-58585d40ab,TK-PB-Drahi_100-d1-HET-UHI-65bfec0e89-r4,SS-6c80fd11a123,risk_neutral_expectation,4,TWO_STAGE_RH,NONE,none,5,6,1,0.0,0.0,8.0,15.399999999999999,6.978947368421052,0.0,0.0,false,0.0,0.0,0.0,0.0,0.0
shared_battery_mode_node_level_v1,SI-Drahi_100-d1-HET-UHI-BLO-58585d40ab,TK-PB-Drahi_100-d1-HET-UHI-65bfec0e89-r4,SS-6c80fd11a123,risk_neutral_expectation,4,TWO_STAGE_RH,NONE,none,5,7,1,1.0,8.0,0.0,6.978947368421052,14.578947368421051,0.0,0.0,false,0.0,0.0,0.0,0.0,0.0
shared_battery_mode_node_level_v1,SI-Drahi_100-d1-HET-UHI-BLO-58585d40ab,TK-PB-Drahi_100-d1-HET-UHI-65bfec0e89-r4,SS-6c80fd11a123,risk_neutral_expectation,4,TWO_STAGE_RH,NONE,none,5,8,1,0.3899999999999999,0.0,4.880000000000001,14.578947368421051,9.442105263157892,0.0,0.0,false,0.0,0.3899999999999999,1.7763568394002505e-15,0.0,0.0
shared_battery_mode_node_level_v1,SI-Drahi_100-d1-HET-UHI-BLO-58585d40ab,TK-PB-Drahi_100-d1-HET-UHI-65bfec0e89-r4,SS-66f9b4fb4544,risk_neutral_expectation,4,TWO_STAGE_RH,NONE,none,9,9,1,1.0,8.0,0.0,9.442105263157892,17.042105263157893,0.0,0.0,false,0.0,0.0,0.0,0.0,0.0
shared_battery_mode_node_level_v1,SI-Drahi_100-d1-HET-UHI-BLO-58585d40ab,TK-PB-Drahi_100-d1-HET-UHI-65bfec0e89-r4,SS-66f9b4fb4544,risk_neutral_expectation,4,TWO_STAGE_RH,NONE,none,9,10,1,1.0,0.0,0.0,17.042105263157893,17.042105263157893,0.0,0.0,false,0.0,0.0,0.0,0.0,0.0
shared_battery_mode_node_level_v1,SI-Drahi_100-d1-HET-UHI-BLO-58585d40ab,TK-PB-Drahi_100-d1-HET-UHI-65bfec0e89-r4,SS-66f9b4fb4544,risk_neutral_expectation,4,TWO_STAGE_RH,NONE,none,9,11,1,1.0,0.0,0.0,17.042105263157893,17.042105263157893,0.0,0.0,false,0.0,0.0,0.0,0.0,0.0
shared_battery_mode_node_level_v1,SI-Drahi_100-d1-HET-UHI-BLO-58585d40ab,TK-PB-Drahi_100-d1-HET-UHI-65bfec0e89-r4,SS-66f9b4fb4544,risk_neutral_expectation,4,TWO_STAGE_RH,NONE,none,9,12,1,1.0,0.0,0.0,17.042105263157893,17.042105263157893,0.0,0.0,false,0.0,0.0,0.0,0.0,0.0
shared_battery_mode_node_level_v1,SI-Drahi_100-d1-HET-UHI-BLO-58585d40ab,TK-PB-Drahi_100-d1-HET-UHI-65bfec0e89-r4,SS-913f9bd8400b,risk_neutral_expectation,4,TWO_STAGE_RH,NONE,none,13,13,1,0.0,0.0,8.0,17.042105263157893,8.621052631578946,0.0,0.0,false,0.0,0.0,0.0,0.0,0.0
shared_battery_mode_node_level_v1,SI-Drahi_100-d1-HET-UHI-BLO-58585d40ab,TK-PB-Drahi_100-d1-HET-UHI-65bfec0e89-r4,SS-913f9bd8400b,risk_neutral_expectation,4,TWO_STAGE_RH,NONE,none,13,14,1,1.0,0.0,0.0,8.621052631578946,8.621052631578946,0.0,0.0,false,0.0,0.0,0.0,0.0,0.0
shared_battery_mode_node_level_v1,SI-Drahi_100-d1-HET-UHI-BLO-58585d40ab,TK-PB-Drahi_100-d1-HET-UHI-65bfec0e89-r4,SS-913f9bd8400b,risk_neutral_expectation,4,TWO_STAGE_RH,NONE,none,13,15,1,1.0,0.0,0.0,8.621052631578946,8.621052631578946,0.0,0.0,false,0.0,0.0,0.0,0.0,0.0
shared_battery_mode_node_level_v1,SI-Drahi_100-d1-HET-UHI-BLO-58585d40ab,TK-PB-Drahi_100-d1-HET-UHI-65bfec0e89-r4,SS-913f9bd8400b,risk_neutral_expectation,4,TWO_STAGE_RH,NONE,none,13,16,1,1.0,0.0,0.0,8.621052631578946,8.621052631578946,0.0,0.0,false,0.0,0.0,0.0,0.0,0.0
shared_battery_mode_node_level_v1,SI-Drahi_100-d1-HET-UHI-BLO-58585d40ab,TK-PB-Drahi_100-d1-HET-UHI-65bfec0e89-r4,SS-3c542c310e20,risk_neutral_expectation,4,TWO_STAGE_RH,NONE,none,17,17,1,0.0,0.0,8.0,8.621052631578946,0.1999999999999993,0.0,0.0,false,0.0,0.0,0.0,7.216449660063518e-16,0.0
shared_battery_mode_node_level_v1,SI-Drahi_100-d1-HET-UHI-BLO-58585d40ab,TK-PB-Drahi_100-d1-HET-UHI-65bfec0e89-r4,SS-3c542c310e20,risk_neutral_expectation,4,TWO_STAGE_RH,NONE,none,17,18,1,1.0,0.0,0.0,0.1999999999999993,0.1999999999999993,0.0,0.0,false,0.0,0.0,0.0,7.216449660063518e-16,0.0
shared_battery_mode_node_level_v1,SI-Drahi_100-d1-HET-UHI-BLO-58585d40ab,TK-PB-Drahi_100-d1-HET-UHI-65bfec0e89-r4,SS-3c542c310e20,risk_neutral_expectation,4,TWO_STAGE_RH,NONE,none,17,19,1,1.0,8.0,0.0,0.1999999999999993,7.799999999999999,0.0,0.0,false,0.0,0.0,0.0,0.0,0.0
shared_battery_mode_node_level_v1,SI-Drahi_100-d1-HET-UHI-BLO-58585d40ab,TK-PB-Drahi_100-d1-HET-UHI-65bfec0e89-r4,SS-3c542c310e20,risk_neutral_expectation,4,TWO_STAGE_RH,NONE,none,17,20,1,1.0,0.0,0.0,7.799999999999999,7.799999999999999,0.0,0.0,false,0.0,0.0,0.0,0.0,0.0
shared_battery_mode_node_level_v1,SI-Drahi_100-d1-HET-UHI-BLO-58585d40ab,TK-PB-Drahi_100-d1-HET-UHI-65bfec0e89-r4,SS-041e3670d673,risk_neutral_expectation,4,TWO_STAGE_RH,NONE,none,21,21,1,1.0,0.0,0.0,7.799999999999999,7.799999999999999,0.0,0.0,false,0.0,0.0,0.0,0.0,0.0
shared_battery_mode_node_level_v1,SI-Drahi_100-d1-HET-UHI-BLO-58585d40ab,TK-PB-Drahi_100-d1-HET-UHI-65bfec0e89-r4,SS-041e3670d673,risk_neutral_expectation,4,TWO_STAGE_RH,NONE,none,21,22,1,1.0,0.0,0.0,7.799999999999999,7.799999999999999,0.0,0.0,false,0.0,0.0,0.0,0.0,0.0
shared_battery_mode_node_level_v1,SI-Drahi_100-d1-HET-UHI-BLO-58585d40ab,TK-PB-Drahi_100-d1-HET-UHI-65bfec0e89-r4,SS-041e3670d673,risk_neutral_expectation,4,TWO_STAGE_RH,NONE,none,21,23,1,1.0,4.321329639889196,0.0,7.799999999999999,11.905263157894735,0.0,0.0,false,0.0,0.0,0.0,0.0,0.0
shared_battery_mode_node_level_v1,SI-Drahi_100-d1-HET-UHI-BLO-58585d40ab,TK-PB-Drahi_100-d1-HET-UHI-65bfec0e89-r4,SS-041e3670d673,risk_neutral_expectation,4,TWO_STAGE_RH,NONE,none,21,24,1,1.0,8.0,0.0,11.905263157894735,19.505263157894735,0.0,0.0,false,0.0,0.0,0.0,0.0,0.0
shared_battery_mode_node_level_v1,SI-Drahi_100-d1-HET-UHI-BLO-58585d40ab,TK-PB-Drahi_100-d1-HET-UHI-65bfec0e89-r4,SS-2a2d2fbd84a2,risk_neutral_expectation,4,TWO_STAGE_RH,PEA,pv,1,1,1,1.0,0.0,0.0,0.2,0.2,0.0,0.0,false,0.0,0.0,0.0,0.0,0.0
shared_battery_mode_node_level_v1,SI-Drahi_100-d1-HET-UHI-BLO-58585d40ab,TK-PB-Drahi_100-d1-HET-UHI-65bfec0e89-r4,SS-2a2d2fbd84a2,risk_neutral_expectation,4,TWO_STAGE_RH,PEA,pv,1,2,1,1.0,8.0,0.0,0.2,7.8,0.0,0.0,false,0.0,0.0,0.0,0.0,0.0
shared_battery_mode_node_level_v1,SI-Drahi_100-d1-HET-UHI-BLO-58585d40ab,TK-PB-Drahi_100-d1-HET-UHI-65bfec0e89-r4,SS-2a2d2fbd84a2,risk_neutral_expectation,4,TWO_STAGE_RH,PEA,pv,1,3,1,1.0,0.0,0.0,7.8,7.8,0.0,0.0,false,0.0,0.0,0.0,0.0,0.0
shared_battery_mode_node_level_v1,SI-Drahi_100-d1-HET-UHI-BLO-58585d40ab,TK-PB-Drahi_100-d1-HET-UHI-65bfec0e89-r4,SS-2a2d2fbd84a2,risk_neutral_expectation,4,TWO_STAGE_RH,PEA,pv,1,4,1,1.0,8.0,0.0,7.8,15.399999999999999,0.0,0.0,false,0.0,0.0,0.0,0.0,0.0
shared_battery_mode_node_level_v1,SI-Drahi_100-d1-HET-UHI-BLO-58585d40ab,TK-PB-Drahi_100-d1-HET-UHI-65bfec0e89-r4,SS-6c80fd11a123,risk_neutral_expectation,4,TWO_STAGE_RH,PEA,pv,5,5,1,1.0,0.0,0.0,15.399999999999999,15.399999999999999,0.0,0.0,false,0.0,0.0,0.0,0.0,0.0
shared_battery_mode_node_level_v1,SI-Drahi_100-d1-HET-UHI-BLO-58585d40ab,TK-PB-Drahi_100-d1-HET-UHI-65bfec0e89-r4,SS-6c80fd11a123,risk_neutral_expectation,4,TWO_STAGE_RH,PEA,pv,5,6,1,0.0,0.0,8.0,15.399999999999999,6.978947368421052,0.0,0.0,false,0.0,0.0,0.0,0.0,0.0
shared_battery_mode_node_level_v1,SI-Drahi_100-d1-HET-UHI-BLO-58585d40ab,TK-PB-Drahi_100-d1-HET-UHI-65bfec0e89-r4,SS-6c80fd11a123,risk_neutral_expectation,4,TWO_STAGE_RH,PEA,pv,5,7,1,1.0,1.7285318559556782,0.0,6.978947368421052,8.621052631578946,0.0,0.0,false,0.0,0.0,0.0,0.0,0.0
shared_battery_mode_node_level_v1,SI-Drahi_100-d1-HET-UHI-BLO-58585d40ab,TK-PB-Drahi_100-d1-HET-UHI-65bfec0e89-r4,SS-6c80fd11a123,risk_neutral_expectation,4,TWO_STAGE_RH,PEA,pv,5,8,1,0.0,0.0,8.0,8.621052631578946,0.1999999999999993,0.0,0.0,false,0.0,0.0,7.216449660063518e-16,7.216449660063518e-16,0.0
shared_battery_mode_node_level_v1,SI-Drahi_100-d1-HET-UHI-BLO-58585d40ab,TK-PB-Drahi_100-d1-HET-UHI-65bfec0e89-r4,SS-66f9b4fb4544,risk_neutral_expectation,4,TWO_STAGE_RH,PEA,pv,9,9,1,1.0,8.0,0.0,0.1999999999999993,7.799999999999999,0.0,0.0,false,0.0,0.0,0.0,0.0,0.0
shared_battery_mode_node_level_v1,SI-Drahi_100-d1-HET-UHI-BLO-58585d40ab,TK-PB-Drahi_100-d1-HET-UHI-65bfec0e89-r4,SS-66f9b4fb4544,risk_neutral_expectation,4,TWO_STAGE_RH,PEA,pv,9,10,1,1.0,8.0,0.0,7.799999999999999,15.399999999999999,0.0,0.0,false,0.0,0.0,0.0,0.0,0.0
shared_battery_mode_node_level_v1,SI-Drahi_100-d1-HET-UHI-BLO-58585d40ab,TK-PB-Drahi_100-d1-HET-UHI-65bfec0e89-r4,SS-66f9b4fb4544,risk_neutral_expectation,4,TWO_STAGE_RH,PEA,pv,9,11,1,0.15867279894875153,1.2693823915900122,6.730617608409988,15.399999999999999,9.521052631578945,0.0,0.0,true,1.2693823915900122,0.15867279894875153,0.0,0.0,0.0
shared_battery_mode_node_level_v1,SI-Drahi_100-d1-HET-UHI-BLO-58585d40ab,TK-PB-Drahi_100-d1-HET-UHI-65bfec0e89-r4,SS-66f9b4fb4544,risk_neutral_expectation,4,TWO_STAGE_RH,PEA,pv,9,12,1,1.0,8.0,0.0,9.521052631578945,17.121052631578944,0.0,0.0,false,0.0,0.0,0.0,0.0,0.0
shared_battery_mode_node_level_v1,SI-Drahi_100-d1-HET-UHI-BLO-58585d40ab,TK-PB-Drahi_100-d1-HET-UHI-65bfec0e89-r4,SS-913f9bd8400b,risk_neutral_expectation,4,TWO_STAGE_RH,PEA,pv,13,13,1,0.0,0.0,8.0,17.121052631578944,8.699999999999998,0.0,0.0,false,0.0,0.0,0.0,0.0,0.0
shared_battery_mode_node_level_v1,SI-Drahi_100-d1-HET-UHI-BLO-58585d40ab,TK-PB-Drahi_100-d1-HET-UHI-65bfec0e89-r4,SS-913f9bd8400b,risk_neutral_expectation,4,TWO_STAGE_RH,PEA,pv,13,14,1,1.0,8.0,0.0,8.699999999999998,16.299999999999997,0.0,0.0,false,0.0,0.0,0.0,0.0,0.0
shared_battery_mode_node_level_v1,SI-Drahi_100-d1-HET-UHI-BLO-58585d40ab,TK-PB-Drahi_100-d1-HET-UHI-65bfec0e89-r4,SS-913f9bd8400b,risk_neutral_expectation,4,TWO_STAGE_RH,PEA,pv,13,15,1,1.0,8.0,0.0,16.299999999999997,23.9,0.0,0.0,false,0.0,0.0,0.0,0.0,0.0
shared_battery_mode_node_level_v1,SI-Drahi_100-d1-HET-UHI-BLO-58585d40ab,TK-PB-Drahi_100-d1-HET-UHI-65bfec0e89-r4,SS-913f9bd8400b,risk_neutral_expectation,4,TWO_STAGE_RH,PEA,pv,13,16,1,1.0,8.000000000000002,0.0,23.9,31.5,1.7763568394002505e-15,0.0,false,0.0,0.0,0.0,0.0,0.0
shared_battery_mode_node_level_v1,SI-Drahi_100-d1-HET-UHI-BLO-58585d40ab,TK-PB-Drahi_100-d1-HET-UHI-65bfec0e89-r4,SS-3c542c310e20,risk_neutral_expectation,4,TWO_STAGE_RH,PEA,pv,17,17,1,0.0,0.0,8.0,31.5,23.078947368421055,0.0,0.0,false,0.0,0.0,0.0,0.0,0.0
shared_battery_mode_node_level_v1,SI-Drahi_100-d1-HET-UHI-BLO-58585d40ab,TK-PB-Drahi_100-d1-HET-UHI-65bfec0e89-r4,SS-3c542c310e20,risk_neutral_expectation,4,TWO_STAGE_RH,PEA,pv,17,18,1,1.0,0.0,0.0,23.078947368421055,23.078947368421055,0.0,0.0,false,0.0,0.0,0.0,0.0,0.0
shared_battery_mode_node_level_v1,SI-Drahi_100-d1-HET-UHI-BLO-58585d40ab,TK-PB-Drahi_100-d1-HET-UHI-65bfec0e89-r4,SS-3c542c310e20,risk_neutral_expectation,4,TWO_STAGE_RH,PEA,pv,17,19,1,1.0,8.0,0.0,23.078947368421055,30.678947368421056,0.0,0.0,false,0.0,0.0,0.0,0.0,0.0
shared_battery_mode_node_level_v1,SI-Drahi_100-d1-HET-UHI-BLO-58585d40ab,TK-PB-Drahi_100-d1-HET-UHI-65bfec0e89-r4,SS-3c542c310e20,risk_neutral_expectation,4,TWO_STAGE_RH,PEA,pv,17,20,1,1.0,0.0,0.0,30.678947368421056,30.678947368421056,0.0,0.0,false,0.0,0.0,0.0,0.0,0.0
shared_battery_mode_node_level_v1,SI-Drahi_100-d1-HET-UHI-BLO-58585d40ab,TK-PB-Drahi_100-d1-HET-UHI-65bfec0e89-r4,SS-041e3670d673,risk_neutral_expectation,4,TWO_STAGE_RH,PEA,pv,21,21,1,1.0,0.0,0.0,30.678947368421056,30.678947368421056,0.0,0.0,false,0.0,0.0,0.0,0.0,0.0
shared_battery_mode_node_level_v1,SI-Drahi_100-d1-HET-UHI-BLO-58585d40ab,TK-PB-Drahi_100-d1-HET-UHI-65bfec0e89-r4,SS-041e3670d673,risk_neutral_expectation,4,TWO_STAGE_RH,PEA,pv,21,22,1,0.0,0.0,8.0,30.678947368421056,22.25789473684211,0.0,0.0,false,0.0,0.0,0.0,0.0,0.0
shared_battery_mode_node_level_v1,SI-Drahi_100-d1-HET-UHI-BLO-58585d40ab,TK-PB-Drahi_100-d1-HET-UHI-65bfec0e89-r4,SS-041e3670d673,risk_neutral_expectation,4,TWO_STAGE_RH,PEA,pv,21,23,1,1.0,0.0,0.0,22.25789473684211,22.25789473684211,0.0,0.0,false,0.0,0.0,0.0,0.0,0.0
shared_battery_mode_node_level_v1,SI-Drahi_100-d1-HET-UHI-BLO-58585d40ab,TK-PB-Drahi_100-d1-HET-UHI-65bfec0e89-r4,SS-041e3670d673,risk_neutral_expectation,4,TWO_STAGE_RH,PEA,pv,21,24,1,1.0,0.0,0.0,22.25789473684211,22.25789473684211,0.0,0.0,false,0.0,0.0,0.0,0.0,0.0
shared_battery_mode_node_level_v1,SI-Drahi_100-d1-HET-UHI-BLO-58585d40ab,TK-PB-Drahi_100-d1-HET-UHI-65bfec0e89-r4,SS-2a2d2fbd84a2,risk_neutral_expectation,4,TWO_STAGE_RH,SA,savings,1,1,1,0.5768725361366621,4.614980289093297,3.385019710906703,0.2,1.0210526315789443,0.0,0.0,true,3.385019710906703,0.4231274638633379,0.0,0.0,0.0
shared_battery_mode_node_level_v1,SI-Drahi_100-d1-HET-UHI-BLO-58585d40ab,TK-PB-Drahi_100-d1-HET-UHI-65bfec0e89-r4,SS-2a2d2fbd84a2,risk_neutral_expectation,4,TWO_STAGE_RH,SA,savings,1,2,1,1.0,8.0,0.0,1.0210526315789443,8.621052631578944,0.0,0.0,false,0.0,0.0,0.0,0.0,0.0
shared_battery_mode_node_level_v1,SI-Drahi_100-d1-HET-UHI-BLO-58585d40ab,TK-PB-Drahi_100-d1-HET-UHI-65bfec0e89-r4,SS-2a2d2fbd84a2,risk_neutral_expectation,4,TWO_STAGE_RH,SA,savings,1,3,1,0.0,0.0,7.999999999999997,8.621052631578944,0.1999999999999993,0.0,0.0,false,0.0,0.0,7.216449660063518e-16,7.216449660063518e-16,0.0
shared_battery_mode_node_level_v1,SI-Drahi_100-d1-HET-UHI-BLO-58585d40ab,TK-PB-Drahi_100-d1-HET-UHI-65bfec0e89-r4,SS-2a2d2fbd84a2,risk_neutral_expectation,4,TWO_STAGE_RH,SA,savings,1,4,1,1.0,8.0,0.0,0.1999999999999993,7.799999999999999,0.0,0.0,false,0.0,0.0,8.881784197001252e-16,0.0,0.0
shared_battery_mode_node_level_v1,SI-Drahi_100-d1-HET-UHI-BLO-58585d40ab,TK-PB-Drahi_100-d1-HET-UHI-65bfec0e89-r4,SS-6c80fd11a123,risk_neutral_expectation,4,TWO_STAGE_RH,SA,savings,5,5,1,0.6281208935611038,5.02496714848883,2.9750328515111697,7.799999999999999,9.442105263157892,0.0,0.0,true,2.9750328515111697,0.3718791064388962,1.7763568394002505e-15,0.0,0.0
shared_battery_mode_node_level_v1,SI-Drahi_100-d1-HET-UHI-BLO-58585d40ab,TK-PB-Drahi_100-d1-HET-UHI-65bfec0e89-r4,SS-6c80fd11a123,risk_neutral_expectation,4,TWO_STAGE_RH,SA,savings,5,6,1,0.0,0.0,8.0,9.442105263157892,1.0210526315789448,0.0,0.0,false,0.0,0.0,1.7763568394002505e-15,0.0,0.0
shared_battery_mode_node_level_v1,SI-Drahi_100-d1-HET-UHI-BLO-58585d40ab,TK-PB-Drahi_100-d1-HET-UHI-65bfec0e89-r4,SS-6c80fd11a123,risk_neutral_expectation,4,TWO_STAGE_RH,SA,savings,5,7,1,1.0,8.0,0.0,1.0210526315789448,8.621052631578944,0.0,0.0,false,0.0,0.0,1.7763568394002505e-15,0.0,0.0
shared_battery_mode_node_level_v1,SI-Drahi_100-d1-HET-UHI-BLO-58585d40ab,TK-PB-Drahi_100-d1-HET-UHI-65bfec0e89-r4,SS-6c80fd11a123,risk_neutral_expectation,4,TWO_STAGE_RH,SA,savings,5,8,1,0.0,0.0,8.0,8.621052631578944,0.1999999999999975,0.0,0.0,false,0.0,0.0,2.4980018054066022e-15,2.4980018054066022e-15,0.0
shared_battery_mode_node_level_v1,SI-Drahi_100-d1-HET-UHI-BLO-58585d40ab,TK-PB-Drahi_100-d1-HET-UHI-65bfec0e89-r4,SS-66f9b4fb4544,risk_neutral_expectation,4,TWO_STAGE_RH,SA,savings,9,9,1,1.0,8.0,0.0,0.1999999999999975,7.799999999999997,0.0,0.0,false,0.0,0.0,0.0,0.0,0.0
shared_battery_mode_node_level_v1,SI-Drahi_100-d1-HET-UHI-BLO-58585d40ab,TK-PB-Drahi_100-d1-HET-UHI-65bfec0e89-r4,SS-66f9b4fb4544,risk_neutral_expectation,4,TWO_STAGE_RH,SA,savings,9,10,1,1.0,0.0,0.0,7.799999999999997,7.799999999999997,0.0,0.0,false,0.0,0.0,0.0,0.0,0.0
shared_battery_mode_node_level_v1,SI-Drahi_100-d1-HET-UHI-BLO-58585d40ab,TK-PB-Drahi_100-d1-HET-UHI-65bfec0e89-r4,SS-66f9b4fb4544,risk_neutral_expectation,4,TWO_STAGE_RH,SA,savings,9,11,1,1.0,0.0,0.0,7.799999999999997,7.799999999999997,0.0,0.0,false,0.0,0.0,0.0,0.0,0.0
shared_battery_mode_node_level_v1,SI-Drahi_100-d1-HET-UHI-BLO-58585d40ab,TK-PB-Drahi_100-d1-HET-UHI-65bfec0e89-r4,SS-66f9b4fb4544,risk_neutral_expectation,4,TWO_STAGE_RH,SA,savings,9,12,1,1.0,8.0,0.0,7.799999999999997,15.399999999999997,0.0,0.0,false,0.0,0.0,0.0,0.0,0.0
shared_battery_mode_node_level_v1,SI-Drahi_100-d1-HET-UHI-BLO-58585d40ab,TK-PB-Drahi_100-d1-HET-UHI-65bfec0e89-r4,SS-913f9bd8400b,risk_neutral_expectation,4,TWO_STAGE_RH,SA,savings,13,13,1,1.0,0.0,0.0,15.399999999999997,15.399999999999997,0.0,0.0,false,0.0,0.0,0.0,0.0,0.0
shared_battery_mode_node_level_v1,SI-Drahi_100-d1-HET-UHI-BLO-58585d40ab,TK-PB-Drahi_100-d1-HET-UHI-65bfec0e89-r4,SS-913f9bd8400b,risk_neutral_expectation,4,TWO_STAGE_RH,SA,savings,13,14,1,1.0,8.0,0.0,15.399999999999997,22.999999999999996,0.0,0.0,false,0.0,0.0,0.0,0.0,0.0
shared_battery_mode_node_level_v1,SI-Drahi_100-d1-HET-UHI-BLO-58585d40ab,TK-PB-Drahi_100-d1-HET-UHI-65bfec0e89-r4,SS-913f9bd8400b,risk_neutral_expectation,4,TWO_STAGE_RH,SA,savings,13,15,1,1.0,8.0,0.0,22.999999999999996,30.599999999999994,0.0,0.0,false,0.0,0.0,0.0,0.0,0.0
shared_battery_mode_node_level_v1,SI-Drahi_100-d1-HET-UHI-BLO-58585d40ab,TK-PB-Drahi_100-d1-HET-UHI-65bfec0e89-r4,SS-913f9bd8400b,risk_neutral_expectation,4,TWO_STAGE_RH,SA,savings,13,16,1,1.0,0.9473684210526375,0.0,30.599999999999994,31.5,0.0,0.0,false,0.0,0.0,0.0,0.0,0.0
shared_battery_mode_node_level_v1,SI-Drahi_100-d1-HET-UHI-BLO-58585d40ab,TK-PB-Drahi_100-d1-HET-UHI-65bfec0e89-r4,SS-3c542c310e20,risk_neutral_expectation,4,TWO_STAGE_RH,SA,savings,17,17,1,0.0,0.0,8.0,31.5,23.078947368421055,0.0,0.0,false,0.0,0.0,0.0,0.0,0.0
shared_battery_mode_node_level_v1,SI-Drahi_100-d1-HET-UHI-BLO-58585d40ab,TK-PB-Drahi_100-d1-HET-UHI-65bfec0e89-r4,SS-3c542c310e20,risk_neutral_expectation,4,TWO_STAGE_RH,SA,savings,17,18,1,0.4563074901445463,3.6504599211563704,4.34954007884363,23.078947368421055,21.968421052631577,0.0,0.0,true,3.6504599211563704,0.4563074901445463,0.0,0.0,0.0
shared_battery_mode_node_level_v1,SI-Drahi_100-d1-HET-UHI-BLO-58585d40ab,TK-PB-Drahi_100-d1-HET-UHI-65bfec0e89-r4,SS-3c542c310e20,risk_neutral_expectation,4,TWO_STAGE_RH,SA,savings,17,19,1,1.0,8.0,0.0,21.968421052631577,29.568421052631578,0.0,0.0,false,0.0,0.0,0.0,0.0,0.0
shared_battery_mode_node_level_v1,SI-Drahi_100-d1-HET-UHI-BLO-58585d40ab,TK-PB-Drahi_100-d1-HET-UHI-65bfec0e89-r4,SS-3c542c310e20,risk_neutral_expectation,4,TWO_STAGE_RH,SA,savings,17,20,1,0.0,0.0,8.0,29.568421052631578,21.147368421052633,0.0,0.0,false,0.0,0.0,3.552713678800501e-15,0.0,0.0
shared_battery_mode_node_level_v1,SI-Drahi_100-d1-HET-UHI-BLO-58585d40ab,TK-PB-Drahi_100-d1-HET-UHI-65bfec0e89-r4,SS-041e3670d673,risk_neutral_expectation,4,TWO_STAGE_RH,SA,savings,21,21,1,0.0,0.0,8.000000000000002,21.147368421052633,12.726315789473682,0.0,1.7763568394002505e-15,false,0.0,0.0,1.7763568394002505e-15,0.0,0.0
shared_battery_mode_node_level_v1,SI-Drahi_100-d1-HET-UHI-BLO-58585d40ab,TK-PB-Drahi_100-d1-HET-UHI-65bfec0e89-r4,SS-041e3670d673,risk_neutral_expectation,4,TWO_STAGE_RH,SA,savings,21,22,1,0.0,0.0,8.0,12.726315789473682,4.305263157894736,0.0,0.0,false,0.0,0.0,0.0,0.0,0.0
shared_battery_mode_node_level_v1,SI-Drahi_100-d1-HET-UHI-BLO-58585d40ab,TK-PB-Drahi_100-d1-HET-UHI-65bfec0e89-r4,SS-041e3670d673,risk_neutral_expectation,4,TWO_STAGE_RH,SA,savings,21,23,1,1.0,8.0,0.0,4.305263157894736,11.905263157894735,0.0,0.0,false,0.0,0.0,0.0,0.0,0.0
shared_battery_mode_node_level_v1,SI-Drahi_100-d1-HET-UHI-BLO-58585d40ab,TK-PB-Drahi_100-d1-HET-UHI-65bfec0e89-r4,SS-041e3670d673,risk_neutral_expectation,4,TWO_STAGE_RH,SA,savings,21,24,1,1.0,8.0,0.0,11.905263157894735,19.505263157894735,0.0,0.0,false,0.0,0.0,0.0,0.0,0.0
shared_battery_mode_node_level_v1,SI-Drahi_100-d1-HET-UHI-BLO-58585d40ab,TK-PB-Drahi_100-d1-HET-UHI-65bfec0e89-r4,SS-2a2d2fbd84a2,risk_neutral_expectation,4,TWO_STAGE_RH,STATIC_DEMAND_SHARE,pv,1,1,1,1.0,0.0,0.0,0.2,0.2,0.0,0.0,false,0.0,0.0,0.0,0.0,0.0
shared_battery_mode_node_level_v1,SI-Drahi_100-d1-HET-UHI-BLO-58585d40ab,TK-PB-Drahi_100-d1-HET-UHI-65bfec0e89-r4,SS-2a2d2fbd84a2,risk_neutral_expectation,4,TWO_STAGE_RH,STATIC_DEMAND_SHARE,pv,1,2,1,1.0,8.0,0.0,0.2,7.8,0.0,0.0,false,0.0,0.0,0.0,0.0,0.0
shared_battery_mode_node_level_v1,SI-Drahi_100-d1-HET-UHI-BLO-58585d40ab,TK-PB-Drahi_100-d1-HET-UHI-65bfec0e89-r4,SS-2a2d2fbd84a2,risk_neutral_expectation,4,TWO_STAGE_RH,STATIC_DEMAND_SHARE,pv,1,3,1,1.0,0.0,0.0,7.8,7.8,0.0,0.0,false,0.0,0.0,0.0,0.0,0.0
shared_battery_mode_node_level_v1,SI-Drahi_100-d1-HET-UHI-BLO-58585d40ab,TK-PB-Drahi_100-d1-HET-UHI-65bfec0e89-r4,SS-2a2d2fbd84a2,risk_neutral_expectation,4,TWO_STAGE_RH,STATIC_DEMAND_SHARE,pv,1,4,1,1.0,8.0,0.0,7.8,15.399999999999999,0.0,0.0,false,0.0,0.0,0.0,0.0,0.0
shared_battery_mode_node_level_v1,SI-Drahi_100-d1-HET-UHI-BLO-58585d40ab,TK-PB-Drahi_100-d1-HET-UHI-65bfec0e89-r4,SS-6c80fd11a123,risk_neutral_expectation,4,TWO_STAGE_RH,STATIC_DEMAND_SHARE,pv,5,5,1,1.0,0.0,0.0,15.399999999999999,15.399999999999999,0.0,0.0,false,0.0,0.0,0.0,0.0,0.0
shared_battery_mode_node_level_v1,SI-Drahi_100-d1-HET-UHI-BLO-58585d40ab,TK-PB-Drahi_100-d1-HET-UHI-65bfec0e89-r4,SS-6c80fd11a123,risk_neutral_expectation,4,TWO_STAGE_RH,STATIC_DEMAND_SHARE,pv,5,6,1,0.0,0.0,8.0,15.399999999999999,6.978947368421052,0.0,0.0,false,0.0,0.0,0.0,0.0,0.0
shared_battery_mode_node_level_v1,SI-Drahi_100-d1-HET-UHI-BLO-58585d40ab,TK-PB-Drahi_100-d1-HET-UHI-65bfec0e89-r4,SS-6c80fd11a123,risk_neutral_expectation,4,TWO_STAGE_RH,STATIC_DEMAND_SHARE,pv,5,7,1,1.0,8.0,0.0,6.978947368421052,14.578947368421051,0.0,0.0,false,0.0,0.0,0.0,0.0,0.0
shared_battery_mode_node_level_v1,SI-Drahi_100-d1-HET-UHI-BLO-58585d40ab,TK-PB-Drahi_100-d1-HET-UHI-65bfec0e89-r4,SS-6c80fd11a123,risk_neutral_expectation,4,TWO_STAGE_RH,STATIC_DEMAND_SHARE,pv,5,8,1,0.3899999999999999,0.0,4.880000000000001,14.578947368421051,9.442105263157892,0.0,0.0,false,0.0,0.3899999999999999,1.7763568394002505e-15,0.0,0.0
shared_battery_mode_node_level_v1,SI-Drahi_100-d1-HET-UHI-BLO-58585d40ab,TK-PB-Drahi_100-d1-HET-UHI-65bfec0e89-r4,SS-66f9b4fb4544,risk_neutral_expectation,4,TWO_STAGE_RH,STATIC_DEMAND_SHARE,pv,9,9,1,1.0,8.0,0.0,9.442105263157892,17.042105263157893,0.0,0.0,false,0.0,0.0,0.0,0.0,0.0
shared_battery_mode_node_level_v1,SI-Drahi_100-d1-HET-UHI-BLO-58585d40ab,TK-PB-Drahi_100-d1-HET-UHI-65bfec0e89-r4,SS-66f9b4fb4544,risk_neutral_expectation,4,TWO_STAGE_RH,STATIC_DEMAND_SHARE,pv,9,10,1,1.0,0.0,0.0,17.042105263157893,17.042105263157893,0.0,0.0,false,0.0,0.0,0.0,0.0,0.0
shared_battery_mode_node_level_v1,SI-Drahi_100-d1-HET-UHI-BLO-58585d40ab,TK-PB-Drahi_100-d1-HET-UHI-65bfec0e89-r4,SS-66f9b4fb4544,risk_neutral_expectation,4,TWO_STAGE_RH,STATIC_DEMAND_SHARE,pv,9,11,1,1.0,0.0,0.0,17.042105263157893,17.042105263157893,0.0,0.0,false,0.0,0.0,0.0,0.0,0.0
shared_battery_mode_node_level_v1,SI-Drahi_100-d1-HET-UHI-BLO-58585d40ab,TK-PB-Drahi_100-d1-HET-UHI-65bfec0e89-r4,SS-66f9b4fb4544,risk_neutral_expectation,4,TWO_STAGE_RH,STATIC_DEMAND_SHARE,pv,9,12,1,1.0,0.0,0.0,17.042105263157893,17.042105263157893,0.0,0.0,false,0.0,0.0,0.0,0.0,0.0
shared_battery_mode_node_level_v1,SI-Drahi_100-d1-HET-UHI-BLO-58585d40ab,TK-PB-Drahi_100-d1-HET-UHI-65bfec0e89-r4,SS-913f9bd8400b,risk_neutral_expectation,4,TWO_STAGE_RH,STATIC_DEMAND_SHARE,pv,13,13,1,0.0,0.0,8.0,17.042105263157893,8.621052631578946,0.0,0.0,false,0.0,0.0,0.0,0.0,0.0
shared_battery_mode_node_level_v1,SI-Drahi_100-d1-HET-UHI-BLO-58585d40ab,TK-PB-Drahi_100-d1-HET-UHI-65bfec0e89-r4,SS-913f9bd8400b,risk_neutral_expectation,4,TWO_STAGE_RH,STATIC_DEMAND_SHARE,pv,13,14,1,1.0,0.0,0.0,8.621052631578946,8.621052631578946,0.0,0.0,false,0.0,0.0,0.0,0.0,0.0
shared_battery_mode_node_level_v1,SI-Drahi_100-d1-HET-UHI-BLO-58585d40ab,TK-PB-Drahi_100-d1-HET-UHI-65bfec0e89-r4,SS-913f9bd8400b,risk_neutral_expectation,4,TWO_STAGE_RH,STATIC_DEMAND_SHARE,pv,13,15,1,1.0,0.0,0.0,8.621052631578946,8.621052631578946,0.0,0.0,false,0.0,0.0,0.0,0.0,0.0
shared_battery_mode_node_level_v1,SI-Drahi_100-d1-HET-UHI-BLO-58585d40ab,TK-PB-Drahi_100-d1-HET-UHI-65bfec0e89-r4,SS-913f9bd8400b,risk_neutral_expectation,4,TWO_STAGE_RH,STATIC_DEMAND_SHARE,pv,13,16,1,1.0,0.0,0.0,8.621052631578946,8.621052631578946,0.0,0.0,false,0.0,0.0,0.0,0.0,0.0
shared_battery_mode_node_level_v1,SI-Drahi_100-d1-HET-UHI-BLO-58585d40ab,TK-PB-Drahi_100-d1-HET-UHI-65bfec0e89-r4,SS-3c542c310e20,risk_neutral_expectation,4,TWO_STAGE_RH,STATIC_DEMAND_SHARE,pv,17,17,1,0.0,0.0,7.999999999999999,8.621052631578946,0.1999999999999993,0.0,0.0,false,0.0,0.0,7.216449660063518e-16,7.216449660063518e-16,0.0
shared_battery_mode_node_level_v1,SI-Drahi_100-d1-HET-UHI-BLO-58585d40ab,TK-PB-Drahi_100-d1-HET-UHI-65bfec0e89-r4,SS-3c542c310e20,risk_neutral_expectation,4,TWO_STAGE_RH,STATIC_DEMAND_SHARE,pv,17,18,1,1.0,0.0,0.0,0.1999999999999993,0.1999999999999993,0.0,0.0,false,0.0,0.0,7.216449660063518e-16,7.216449660063518e-16,0.0
shared_battery_mode_node_level_v1,SI-Drahi_100-d1-HET-UHI-BLO-58585d40ab,TK-PB-Drahi_100-d1-HET-UHI-65bfec0e89-r4,SS-3c542c310e20,risk_neutral_expectation,4,TWO_STAGE_RH,STATIC_DEMAND_SHARE,pv,17,19,1,1.0,8.0,0.0,0.1999999999999993,7.799999999999999,0.0,0.0,false,0.0,0.0,8.881784197001252e-16,0.0,0.0
shared_battery_mode_node_level_v1,SI-Drahi_100-d1-HET-UHI-BLO-58585d40ab,TK-PB-Drahi_100-d1-HET-UHI-65bfec0e89-r4,SS-3c542c310e20,risk_neutral_expectation,4,TWO_STAGE_RH,STATIC_DEMAND_SHARE,pv,17,20,1,1.0,0.0,0.0,7.799999999999999,7.799999999999999,0.0,0.0,false,0.0,0.0,8.881784197001252e-16,0.0,0.0
shared_battery_mode_node_level_v1,SI-Drahi_100-d1-HET-UHI-BLO-58585d40ab,TK-PB-Drahi_100-d1-HET-UHI-65bfec0e89-r4,SS-041e3670d673,risk_neutral_expectation,4,TWO_STAGE_RH,STATIC_DEMAND_SHARE,pv,21,21,1,1.0,0.0,0.0,7.799999999999999,7.799999999999999,0.0,0.0,false,0.0,0.0,0.0,0.0,0.0
shared_battery_mode_node_level_v1,SI-Drahi_100-d1-HET-UHI-BLO-58585d40ab,TK-PB-Drahi_100-d1-HET-UHI-65bfec0e89-r4,SS-041e3670d673,risk_neutral_expectation,4,TWO_STAGE_RH,STATIC_DEMAND_SHARE,pv,21,22,1,1.0,0.0,0.0,7.799999999999999,7.799999999999999,0.0,0.0,false,0.0,0.0,0.0,0.0,0.0
shared_battery_mode_node_level_v1,SI-Drahi_100-d1-HET-UHI-BLO-58585d40ab,TK-PB-Drahi_100-d1-HET-UHI-65bfec0e89-r4,SS-041e3670d673,risk_neutral_expectation,4,TWO_STAGE_RH,STATIC_DEMAND_SHARE,pv,21,23,1,1.0,4.321329639889191,0.0,7.799999999999999,11.90526315789473,0.0,0.0,false,0.0,0.0,1.7763568394002505e-15,0.0,0.0
shared_battery_mode_node_level_v1,SI-Drahi_100-d1-HET-UHI-BLO-58585d40ab,TK-PB-Drahi_100-d1-HET-UHI-65bfec0e89-r4,SS-041e3670d673,risk_neutral_expectation,4,TWO_STAGE_RH,STATIC_DEMAND_SHARE,pv,21,24,1,1.0,8.0,0.0,11.90526315789473,19.50526315789473,0.0,0.0,false,0.0,0.0,0.0,0.0,0.0
