FormulationID,StructuralInstanceID,ParallelTaskID,ScenarioSupportID,ObjectiveCriterion,Replication,Controller,Fairness,Resource,RollingStart,Period,RealizedNode,SharedBatteryMode,AggregateCharge,AggregateDischarge,StateOfChargeBefore,StateOfChargeAfter,ChargingLinkResidual,DischargingLinkResidual,SimultaneousFlowFlag,SimultaneousFlowResidual,IntegralityResidual,BatteryTransitionResidual,StateOfChargeBoundResidual,TerminalResidual
shared_battery_mode_node_level_v1,SI-Drahi_12-d1-HOM-ULO-BHI-3823bd76d5,TK-PB-Drahi_12-d1-HOM-ULO-60e05de704-r2,SS-34f937f9703a,risk_neutral_expectation,2,DETERMINISTIC_RH,LEXMMFPEA,pv,1,1,1,1.0,0.0,0.0,0.2,0.2,0.0,0.0,false,0.0,0.0,0.0,0.0,0.0
shared_battery_mode_node_level_v1,SI-Drahi_12-d1-HOM-ULO-BHI-3823bd76d5,TK-PB-Drahi_12-d1-HOM-ULO-60e05de704-r2,SS-34f937f9703a,risk_neutral_expectation,2,DETERMINISTIC_RH,LEXMMFPEA,pv,1,2,1,1.0,3.45706371191136,0.0,0.2,3.484210526315792,0.0,0.0,false,0.0,0.0,0.0,0.0,0.0
shared_battery_mode_node_level_v1,SI-Drahi_12-d1-HOM-ULO-BHI-3823bd76d5,TK-PB-Drahi_12-d1-HOM-ULO-60e05de704-r2,SS-34f937f9703a,risk_neutral_expectation,2,DETERMINISTIC_RH,LEXMMFPEA,pv,1,3,1,1.0,0.0,0.0,3.484210526315792,3.484210526315792,0.0,0.0,false,0.0,0.0,0.0,0.0,0.0
shared_battery_mode_node_level_v1,SI-Drahi_12-d1-HOM-ULO-BHI-3823bd76d5,TK-PB-Drahi_12-d1-HOM-ULO-60e05de704-r2,SS-34f937f9703a,risk_neutral_expectation,2,DETERMINISTIC_RH,LEXMMFPEA,pv,1,4,1,1.0,32.0,0.0,3.484210526315792,33.88421052631579,0.0,0.0,false,0.0,0.0,0.0,0.0,0.0
shared_battery_mode_node_level_v1,SI-Drahi_12-d1-HOM-ULO-BHI-3823bd76d5,TK-PB-Drahi_12-d1-HOM-ULO-60e05de704-r2,SS-e5e057e5b318,risk_neutral_expectation,2,DETERMINISTIC_RH,LEXMMFPEA,pv,5,5,1,1.0,0.0,0.0,33.88421052631579,33.88421052631579,0.0,0.0,false,0.0,0.0,0.0,0.0,0.0
shared_battery_mode_node_level_v1,SI-Drahi_12-d1-HOM-ULO-BHI-3823bd76d5,TK-PB-Drahi_12-d1-HOM-ULO-60e05de704-r2,SS-e5e057e5b318,risk_neutral_expectation,2,DETERMINISTIC_RH,LEXMMFPEA,pv,5,6,1,1.0,0.0,0.0,33.88421052631579,33.88421052631579,0.0,0.0,false,0.0,0.0,0.0,0.0,0.0
shared_battery_mode_node_level_v1,SI-Drahi_12-d1-HOM-ULO-BHI-3823bd76d5,TK-PB-Drahi_12-d1-HOM-ULO-60e05de704-r2,SS-e5e057e5b318,risk_neutral_expectation,2,DETERMINISTIC_RH,LEXMMFPEA,pv,5,7,1,0.0,0.0,32.00000000000001,33.88421052631579,0.19999999999998863,0.0,7.105427357601002e-15,false,0.0,0.0,1.1379786002407855e-14,1.1379786002407855e-14,0.0
shared_battery_mode_node_level_v1,SI-Drahi_12-d1-HOM-ULO-BHI-3823bd76d5,TK-PB-Drahi_12-d1-HOM-ULO-60e05de704-r2,SS-e5e057e5b318,risk_neutral_expectation,2,DETERMINISTIC_RH,LEXMMFPEA,pv,5,8,1,1.0,0.0,0.0,0.19999999999998863,0.19999999999998863,0.0,0.0,false,0.0,0.0,1.1379786002407855e-14,1.1379786002407855e-14,0.0
shared_battery_mode_node_level_v1,SI-Drahi_12-d1-HOM-ULO-BHI-3823bd76d5,TK-PB-Drahi_12-d1-HOM-ULO-60e05de704-r2,SS-dd27c4cd5d46,risk_neutral_expectation,2,DETERMINISTIC_RH,LEXMMFPEA,pv,9,9,1,1.0,0.0,0.0,0.19999999999998863,0.19999999999998863,0.0,0.0,false,0.0,0.0,0.0,1.1379786002407855e-14,0.0
shared_battery_mode_node_level_v1,SI-Drahi_12-d1-HOM-ULO-BHI-3823bd76d5,TK-PB-Drahi_12-d1-HOM-ULO-60e05de704-r2,SS-dd27c4cd5d46,risk_neutral_expectation,2,DETERMINISTIC_RH,LEXMMFPEA,pv,9,10,1,1.0,0.0,0.0,0.19999999999998863,0.19999999999998863,0.0,0.0,false,0.0,0.0,0.0,1.1379786002407855e-14,0.0
shared_battery_mode_node_level_v1,SI-Drahi_12-d1-HOM-ULO-BHI-3823bd76d5,TK-PB-Drahi_12-d1-HOM-ULO-60e05de704-r2,SS-dd27c4cd5d46,risk_neutral_expectation,2,DETERMINISTIC_RH,LEXMMFPEA,pv,9,11,1,1.0,4.421052631578249,0.0,0.19999999999998863,4.3999999999993245,0.0,0.0,false,0.0,0.0,3.552713678800501e-15,0.0,0.0
shared_battery_mode_node_level_v1,SI-Drahi_12-d1-HOM-ULO-BHI-3823bd76d5,TK-PB-Drahi_12-d1-HOM-ULO-60e05de704-r2,SS-dd27c4cd5d46,risk_neutral_expectation,2,DETERMINISTIC_RH,LEXMMFPEA,pv,9,12,1,0.0,-1.5987211554602254e-13,0.0,4.3999999999993245,4.399999999999173,0.0,0.0,false,0.0,0.0,3.552713678800501e-15,0.0,0.0
shared_battery_mode_node_level_v1,SI-Drahi_12-d1-HOM-ULO-BHI-3823bd76d5,TK-PB-Drahi_12-d1-HOM-ULO-60e05de704-r2,SS-ab7d85e13b5a,risk_neutral_expectation,2,DETERMINISTIC_RH,LEXMMFPEA,pv,13,13,1,0.0,0.0,0.0,4.399999999999173,4.399999999999173,0.0,0.0,false,0.0,0.0,0.0,0.0,0.0
shared_battery_mode_node_level_v1,SI-Drahi_12-d1-HOM-ULO-BHI-3823bd76d5,TK-PB-Drahi_12-d1-HOM-ULO-60e05de704-r2,SS-ab7d85e13b5a,risk_neutral_expectation,2,DETERMINISTIC_RH,LEXMMFPEA,pv,13,14,1,0.0,0.0,0.0,4.399999999999173,4.399999999999173,0.0,0.0,false,0.0,0.0,0.0,0.0,0.0
shared_battery_mode_node_level_v1,SI-Drahi_12-d1-HOM-ULO-BHI-3823bd76d5,TK-PB-Drahi_12-d1-HOM-ULO-60e05de704-r2,SS-ab7d85e13b5a,risk_neutral_expectation,2,DETERMINISTIC_RH,LEXMMFPEA,pv,13,15,1,0.0,1.1084466677857563e-12,0.0,4.399999999999173,4.400000000000226,1.1084466677857563e-12,0.0,false,0.0,0.0,0.0,0.0,0.0
shared_battery_mode_node_level_v1,SI-Drahi_12-d1-HOM-ULO-BHI-3823bd76d5,TK-PB-Drahi_12-d1-HOM-ULO-60e05de704-r2,SS-ab7d85e13b5a,risk_neutral_expectation,2,DETERMINISTIC_RH,LEXMMFPEA,pv,13,16,1,1.0,32.0,0.0,4.400000000000226,34.800000000000225,0.0,0.0,false,0.0,0.0,0.0,0.0,0.0
shared_battery_mode_node_level_v1,SI-Drahi_12-d1-HOM-ULO-BHI-3823bd76d5,TK-PB-Drahi_12-d1-HOM-ULO-60e05de704-r2,SS-d9e9642706a1,risk_neutral_expectation,2,DETERMINISTIC_RH,LEXMMFPEA,pv,17,17,1,0.0,0.0,0.0,34.800000000000225,34.800000000000225,0.0,0.0,false,0.0,0.0,0.0,0.0,0.0
shared_battery_mode_node_level_v1,SI-Drahi_12-d1-HOM-ULO-BHI-3823bd76d5,TK-PB-Drahi_12-d1-HOM-ULO-60e05de704-r2,SS-d9e9642706a1,risk_neutral_expectation,2,DETERMINISTIC_RH,LEXMMFPEA,pv,17,18,1,0.0,0.0,0.0,34.800000000000225,34.800000000000225,0.0,0.0,false,0.0,0.0,0.0,0.0,0.0
shared_battery_mode_node_level_v1,SI-Drahi_12-d1-HOM-ULO-BHI-3823bd76d5,TK-PB-Drahi_12-d1-HOM-ULO-60e05de704-r2,SS-d9e9642706a1,risk_neutral_expectation,2,DETERMINISTIC_RH,LEXMMFPEA,pv,17,19,1,1.0,0.0,0.0,34.800000000000225,34.800000000000225,0.0,0.0,false,0.0,0.0,0.0,0.0,0.0
shared_battery_mode_node_level_v1,SI-Drahi_12-d1-HOM-ULO-BHI-3823bd76d5,TK-PB-Drahi_12-d1-HOM-ULO-60e05de704-r2,SS-d9e9642706a1,risk_neutral_expectation,2,DETERMINISTIC_RH,LEXMMFPEA,pv,17,20,1,1.0,32.0,0.0,34.800000000000225,65.20000000000022,0.0,0.0,false,0.0,0.0,0.0,0.0,0.0
shared_battery_mode_node_level_v1,SI-Drahi_12-d1-HOM-ULO-BHI-3823bd76d5,TK-PB-Drahi_12-d1-HOM-ULO-60e05de704-r2,SS-34ce05b803eb,risk_neutral_expectation,2,DETERMINISTIC_RH,LEXMMFPEA,pv,21,21,1,0.0,0.0,0.0,65.20000000000022,65.20000000000022,0.0,0.0,false,0.0,0.0,0.0,0.0,0.0
shared_battery_mode_node_level_v1,SI-Drahi_12-d1-HOM-ULO-BHI-3823bd76d5,TK-PB-Drahi_12-d1-HOM-ULO-60e05de704-r2,SS-34ce05b803eb,risk_neutral_expectation,2,DETERMINISTIC_RH,LEXMMFPEA,pv,21,22,1,1.0,32.0,0.0,65.20000000000022,95.60000000000022,0.0,0.0,false,0.0,0.0,0.0,0.0,0.0
shared_battery_mode_node_level_v1,SI-Drahi_12-d1-HOM-ULO-BHI-3823bd76d5,TK-PB-Drahi_12-d1-HOM-ULO-60e05de704-r2,SS-34ce05b803eb,risk_neutral_expectation,2,DETERMINISTIC_RH,LEXMMFPEA,pv,21,23,1,1.0,0.0,0.0,95.60000000000022,95.60000000000022,0.0,0.0,false,0.0,0.0,0.0,0.0,0.0
shared_battery_mode_node_level_v1,SI-Drahi_12-d1-HOM-ULO-BHI-3823bd76d5,TK-PB-Drahi_12-d1-HOM-ULO-60e05de704-r2,SS-34ce05b803eb,risk_neutral_expectation,2,DETERMINISTIC_RH,LEXMMFPEA,pv,21,24,1,1.0,31.99999999999976,0.0,95.60000000000022,125.99999999999999,0.0,0.0,false,0.0,0.0,1.4210854715202004e-14,0.0,0.0
shared_battery_mode_node_level_v1,SI-Drahi_12-d1-HOM-ULO-BHI-3823bd76d5,TK-PB-Drahi_12-d1-HOM-ULO-60e05de704-r2,SS-34f937f9703a,risk_neutral_expectation,2,DETERMINISTIC_RH,LEXMMFSA,savings,1,1,1,1.0,0.0,0.0,0.2,0.2,0.0,0.0,false,0.0,0.0,0.0,0.0,0.0
shared_battery_mode_node_level_v1,SI-Drahi_12-d1-HOM-ULO-BHI-3823bd76d5,TK-PB-Drahi_12-d1-HOM-ULO-60e05de704-r2,SS-34f937f9703a,risk_neutral_expectation,2,DETERMINISTIC_RH,LEXMMFSA,savings,1,2,1,1.0,3.4570637119113172,0.0,0.2,3.4842105263157515,0.0,0.0,false,0.0,0.0,1.199040866595169e-14,0.0,0.0
shared_battery_mode_node_level_v1,SI-Drahi_12-d1-HOM-ULO-BHI-3823bd76d5,TK-PB-Drahi_12-d1-HOM-ULO-60e05de704-r2,SS-34f937f9703a,risk_neutral_expectation,2,DETERMINISTIC_RH,LEXMMFSA,savings,1,3,1,1.0,0.0,0.0,3.4842105263157515,3.4842105263157515,0.0,0.0,false,0.0,0.0,1.199040866595169e-14,0.0,0.0
shared_battery_mode_node_level_v1,SI-Drahi_12-d1-HOM-ULO-BHI-3823bd76d5,TK-PB-Drahi_12-d1-HOM-ULO-60e05de704-r2,SS-34f937f9703a,risk_neutral_expectation,2,DETERMINISTIC_RH,LEXMMFSA,savings,1,4,1,1.0,32.0,0.0,3.4842105263157515,33.88421052631575,0.0,0.0,false,0.0,0.0,1.4210854715202004e-14,0.0,0.0
shared_battery_mode_node_level_v1,SI-Drahi_12-d1-HOM-ULO-BHI-3823bd76d5,TK-PB-Drahi_12-d1-HOM-ULO-60e05de704-r2,SS-e5e057e5b318,risk_neutral_expectation,2,DETERMINISTIC_RH,LEXMMFSA,savings,5,5,1,1.0,0.0,0.0,33.88421052631575,33.88421052631575,0.0,0.0,false,0.0,0.0,0.0,0.0,0.0
shared_battery_mode_node_level_v1,SI-Drahi_12-d1-HOM-ULO-BHI-3823bd76d5,TK-PB-Drahi_12-d1-HOM-ULO-60e05de704-r2,SS-e5e057e5b318,risk_neutral_expectation,2,DETERMINISTIC_RH,LEXMMFSA,savings,5,6,1,1.0,0.0,0.0,33.88421052631575,33.88421052631575,0.0,0.0,false,0.0,0.0,0.0,0.0,0.0
shared_battery_mode_node_level_v1,SI-Drahi_12-d1-HOM-ULO-BHI-3823bd76d5,TK-PB-Drahi_12-d1-HOM-ULO-60e05de704-r2,SS-e5e057e5b318,risk_neutral_expectation,2,DETERMINISTIC_RH,LEXMMFSA,savings,5,7,1,0.0,0.0,31.99999999999996,33.88421052631575,0.19999999999999574,0.0,0.0,false,0.0,0.0,4.274358644806853e-15,4.274358644806853e-15,0.0
shared_battery_mode_node_level_v1,SI-Drahi_12-d1-HOM-ULO-BHI-3823bd76d5,TK-PB-Drahi_12-d1-HOM-ULO-60e05de704-r2,SS-e5e057e5b318,risk_neutral_expectation,2,DETERMINISTIC_RH,LEXMMFSA,savings,5,8,1,1.0,0.0,0.0,0.19999999999999574,0.19999999999999574,0.0,0.0,false,0.0,0.0,4.274358644806853e-15,4.274358644806853e-15,0.0
shared_battery_mode_node_level_v1,SI-Drahi_12-d1-HOM-ULO-BHI-3823bd76d5,TK-PB-Drahi_12-d1-HOM-ULO-60e05de704-r2,SS-dd27c4cd5d46,risk_neutral_expectation,2,DETERMINISTIC_RH,LEXMMFSA,savings,9,9,1,1.0,0.0,0.0,0.19999999999999574,0.19999999999999574,0.0,0.0,false,0.0,0.0,0.0,4.274358644806853e-15,0.0
shared_battery_mode_node_level_v1,SI-Drahi_12-d1-HOM-ULO-BHI-3823bd76d5,TK-PB-Drahi_12-d1-HOM-ULO-60e05de704-r2,SS-dd27c4cd5d46,risk_neutral_expectation,2,DETERMINISTIC_RH,LEXMMFSA,savings,9,10,1,1.0,0.0,0.0,0.19999999999999574,0.19999999999999574,0.0,0.0,false,0.0,0.0,0.0,4.274358644806853e-15,0.0
shared_battery_mode_node_level_v1,SI-Drahi_12-d1-HOM-ULO-BHI-3823bd76d5,TK-PB-Drahi_12-d1-HOM-ULO-60e05de704-r2,SS-dd27c4cd5d46,risk_neutral_expectation,2,DETERMINISTIC_RH,LEXMMFSA,savings,9,11,1,1.0,4.4210526315776315,0.0,0.19999999999999574,4.399999999998745,0.0,0.0,false,0.0,0.0,0.0,0.0,0.0
shared_battery_mode_node_level_v1,SI-Drahi_12-d1-HOM-ULO-BHI-3823bd76d5,TK-PB-Drahi_12-d1-HOM-ULO-60e05de704-r2,SS-dd27c4cd5d46,risk_neutral_expectation,2,DETERMINISTIC_RH,LEXMMFSA,savings,9,12,1,1.0,-1.5987211554602254e-13,0.0,4.399999999998745,4.3999999999985935,0.0,0.0,false,0.0,0.0,0.0,0.0,0.0
shared_battery_mode_node_level_v1,SI-Drahi_12-d1-HOM-ULO-BHI-3823bd76d5,TK-PB-Drahi_12-d1-HOM-ULO-60e05de704-r2,SS-ab7d85e13b5a,risk_neutral_expectation,2,DETERMINISTIC_RH,LEXMMFSA,savings,13,13,1,1.0,0.0,0.0,4.3999999999985935,4.3999999999985935,0.0,0.0,false,0.0,0.0,0.0,0.0,0.0
shared_battery_mode_node_level_v1,SI-Drahi_12-d1-HOM-ULO-BHI-3823bd76d5,TK-PB-Drahi_12-d1-HOM-ULO-60e05de704-r2,SS-ab7d85e13b5a,risk_neutral_expectation,2,DETERMINISTIC_RH,LEXMMFSA,savings,13,14,1,1.0,-8.242295734817162e-13,0.0,4.3999999999985935,4.39999999999781,0.0,0.0,false,0.0,0.0,0.0,0.0,0.0
shared_battery_mode_node_level_v1,SI-Drahi_12-d1-HOM-ULO-BHI-3823bd76d5,TK-PB-Drahi_12-d1-HOM-ULO-60e05de704-r2,SS-ab7d85e13b5a,risk_neutral_expectation,2,DETERMINISTIC_RH,LEXMMFSA,savings,13,15,1,1.0000000000000346,0.0,-1.1084466677857563e-12,4.39999999999781,4.399999999998977,0.0,0.0,false,0.0,3.4638958368304884e-14,0.0,0.0,0.0
shared_battery_mode_node_level_v1,SI-Drahi_12-d1-HOM-ULO-BHI-3823bd76d5,TK-PB-Drahi_12-d1-HOM-ULO-60e05de704-r2,SS-ab7d85e13b5a,risk_neutral_expectation,2,DETERMINISTIC_RH,LEXMMFSA,savings,13,16,1,1.0,32.0,0.0,4.399999999998977,34.799999999998974,0.0,0.0,false,0.0,0.0,0.0,0.0,0.0
shared_battery_mode_node_level_v1,SI-Drahi_12-d1-HOM-ULO-BHI-3823bd76d5,TK-PB-Drahi_12-d1-HOM-ULO-60e05de704-r2,SS-d9e9642706a1,risk_neutral_expectation,2,DETERMINISTIC_RH,LEXMMFSA,savings,17,17,1,1.0,0.0,0.0,34.799999999998974,34.799999999998974,0.0,0.0,false,0.0,0.0,0.0,0.0,0.0
shared_battery_mode_node_level_v1,SI-Drahi_12-d1-HOM-ULO-BHI-3823bd76d5,TK-PB-Drahi_12-d1-HOM-ULO-60e05de704-r2,SS-d9e9642706a1,risk_neutral_expectation,2,DETERMINISTIC_RH,LEXMMFSA,savings,17,18,1,1.0,0.0,0.0,34.799999999998974,34.799999999998974,0.0,0.0,false,0.0,0.0,0.0,0.0,0.0
shared_battery_mode_node_level_v1,SI-Drahi_12-d1-HOM-ULO-BHI-3823bd76d5,TK-PB-Drahi_12-d1-HOM-ULO-60e05de704-r2,SS-d9e9642706a1,risk_neutral_expectation,2,DETERMINISTIC_RH,LEXMMFSA,savings,17,19,1,1.0,0.0,0.0,34.799999999998974,34.799999999998974,0.0,0.0,false,0.0,0.0,0.0,0.0,0.0
shared_battery_mode_node_level_v1,SI-Drahi_12-d1-HOM-ULO-BHI-3823bd76d5,TK-PB-Drahi_12-d1-HOM-ULO-60e05de704-r2,SS-d9e9642706a1,risk_neutral_expectation,2,DETERMINISTIC_RH,LEXMMFSA,savings,17,20,1,1.0,32.0,0.0,34.799999999998974,65.19999999999897,0.0,0.0,false,0.0,0.0,0.0,0.0,0.0
shared_battery_mode_node_level_v1,SI-Drahi_12-d1-HOM-ULO-BHI-3823bd76d5,TK-PB-Drahi_12-d1-HOM-ULO-60e05de704-r2,SS-34ce05b803eb,risk_neutral_expectation,2,DETERMINISTIC_RH,LEXMMFSA,savings,21,21,1,1.0,0.0,0.0,65.19999999999897,65.19999999999897,0.0,0.0,false,0.0,0.0,0.0,0.0,0.0
shared_battery_mode_node_level_v1,SI-Drahi_12-d1-HOM-ULO-BHI-3823bd76d5,TK-PB-Drahi_12-d1-HOM-ULO-60e05de704-r2,SS-34ce05b803eb,risk_neutral_expectation,2,DETERMINISTIC_RH,LEXMMFSA,savings,21,22,1,1.0,32.0,0.0,65.19999999999897,95.59999999999897,0.0,0.0,false,0.0,0.0,0.0,0.0,0.0
shared_battery_mode_node_level_v1,SI-Drahi_12-d1-HOM-ULO-BHI-3823bd76d5,TK-PB-Drahi_12-d1-HOM-ULO-60e05de704-r2,SS-34ce05b803eb,risk_neutral_expectation,2,DETERMINISTIC_RH,LEXMMFSA,savings,21,23,1,1.0,0.0,0.0,95.59999999999897,95.59999999999897,0.0,0.0,false,0.0,0.0,0.0,0.0,0.0
shared_battery_mode_node_level_v1,SI-Drahi_12-d1-HOM-ULO-BHI-3823bd76d5,TK-PB-Drahi_12-d1-HOM-ULO-60e05de704-r2,SS-34ce05b803eb,risk_neutral_expectation,2,DETERMINISTIC_RH,LEXMMFSA,savings,21,24,1,1.0,32.0,0.0,95.59999999999897,125.99999999999898,0.0,0.0,false,0.0,0.0,0.0,0.0,0.0
shared_battery_mode_node_level_v1,SI-Drahi_12-d1-HOM-ULO-BHI-3823bd76d5,TK-PB-Drahi_12-d1-HOM-ULO-60e05de704-r2,SS-34f937f9703a,risk_neutral_expectation,2,DETERMINISTIC_RH,NONE,none,1,1,1,1.0,0.0,0.0,0.2,0.2,0.0,0.0,false,0.0,0.0,0.0,0.0,0.0
shared_battery_mode_node_level_v1,SI-Drahi_12-d1-HOM-ULO-BHI-3823bd76d5,TK-PB-Drahi_12-d1-HOM-ULO-60e05de704-r2,SS-34f937f9703a,risk_neutral_expectation,2,DETERMINISTIC_RH,NONE,none,1,2,1,1.0,3.45706371191136,0.0,0.2,3.484210526315792,0.0,0.0,false,0.0,0.0,0.0,0.0,0.0
shared_battery_mode_node_level_v1,SI-Drahi_12-d1-HOM-ULO-BHI-3823bd76d5,TK-PB-Drahi_12-d1-HOM-ULO-60e05de704-r2,SS-34f937f9703a,risk_neutral_expectation,2,DETERMINISTIC_RH,NONE,none,1,3,1,1.0,0.0,0.0,3.484210526315792,3.484210526315792,0.0,0.0,false,0.0,0.0,0.0,0.0,0.0
shared_battery_mode_node_level_v1,SI-Drahi_12-d1-HOM-ULO-BHI-3823bd76d5,TK-PB-Drahi_12-d1-HOM-ULO-60e05de704-r2,SS-34f937f9703a,risk_neutral_expectation,2,DETERMINISTIC_RH,NONE,none,1,4,1,1.0,32.0,0.0,3.484210526315792,33.88421052631579,0.0,0.0,false,0.0,0.0,0.0,0.0,0.0
shared_battery_mode_node_level_v1,SI-Drahi_12-d1-HOM-ULO-BHI-3823bd76d5,TK-PB-Drahi_12-d1-HOM-ULO-60e05de704-r2,SS-e5e057e5b318,risk_neutral_expectation,2,DETERMINISTIC_RH,NONE,none,5,5,1,1.0,0.0,0.0,33.88421052631579,33.88421052631579,0.0,0.0,false,0.0,0.0,0.0,0.0,0.0
shared_battery_mode_node_level_v1,SI-Drahi_12-d1-HOM-ULO-BHI-3823bd76d5,TK-PB-Drahi_12-d1-HOM-ULO-60e05de704-r2,SS-e5e057e5b318,risk_neutral_expectation,2,DETERMINISTIC_RH,NONE,none,5,6,1,1.0,0.0,0.0,33.88421052631579,33.88421052631579,0.0,0.0,false,0.0,0.0,0.0,0.0,0.0
shared_battery_mode_node_level_v1,SI-Drahi_12-d1-HOM-ULO-BHI-3823bd76d5,TK-PB-Drahi_12-d1-HOM-ULO-60e05de704-r2,SS-e5e057e5b318,risk_neutral_expectation,2,DETERMINISTIC_RH,NONE,none,5,7,1,0.0,0.0,32.0,33.88421052631579,0.20000000000000284,0.0,0.0,false,0.0,0.0,2.831068712794149e-15,0.0,0.0
shared_battery_mode_node_level_v1,SI-Drahi_12-d1-HOM-ULO-BHI-3823bd76d5,TK-PB-Drahi_12-d1-HOM-ULO-60e05de704-r2,SS-e5e057e5b318,risk_neutral_expectation,2,DETERMINISTIC_RH,NONE,none,5,8,1,1.0,0.0,0.0,0.20000000000000284,0.20000000000000284,0.0,0.0,false,0.0,0.0,2.831068712794149e-15,0.0,0.0
shared_battery_mode_node_level_v1,SI-Drahi_12-d1-HOM-ULO-BHI-3823bd76d5,TK-PB-Drahi_12-d1-HOM-ULO-60e05de704-r2,SS-dd27c4cd5d46,risk_neutral_expectation,2,DETERMINISTIC_RH,NONE,none,9,9,1,1.0,0.0,0.0,0.20000000000000284,0.20000000000000284,0.0,0.0,false,0.0,0.0,0.0,0.0,0.0
shared_battery_mode_node_level_v1,SI-Drahi_12-d1-HOM-ULO-BHI-3823bd76d5,TK-PB-Drahi_12-d1-HOM-ULO-60e05de704-r2,SS-dd27c4cd5d46,risk_neutral_expectation,2,DETERMINISTIC_RH,NONE,none,9,10,1,1.0,6.323830348264892e-13,0.0,0.20000000000000284,0.2000000000006036,0.0,0.0,false,0.0,0.0,0.0,0.0,0.0
shared_battery_mode_node_level_v1,SI-Drahi_12-d1-HOM-ULO-BHI-3823bd76d5,TK-PB-Drahi_12-d1-HOM-ULO-60e05de704-r2,SS-dd27c4cd5d46,risk_neutral_expectation,2,DETERMINISTIC_RH,NONE,none,9,11,1,1.0,4.421052631576992,0.0,0.2000000000006036,4.399999999998745,0.0,0.0,false,0.0,0.0,8.881784197001252e-16,0.0,0.0
shared_battery_mode_node_level_v1,SI-Drahi_12-d1-HOM-ULO-BHI-3823bd76d5,TK-PB-Drahi_12-d1-HOM-ULO-60e05de704-r2,SS-dd27c4cd5d46,risk_neutral_expectation,2,DETERMINISTIC_RH,NONE,none,9,12,1,1.0,-1.5987211554602254e-13,0.0,4.399999999998745,4.3999999999985935,0.0,0.0,false,0.0,0.0,8.881784197001252e-16,0.0,0.0
shared_battery_mode_node_level_v1,SI-Drahi_12-d1-HOM-ULO-BHI-3823bd76d5,TK-PB-Drahi_12-d1-HOM-ULO-60e05de704-r2,SS-ab7d85e13b5a,risk_neutral_expectation,2,DETERMINISTIC_RH,NONE,none,13,13,1,1.0,0.0,0.0,4.3999999999985935,4.3999999999985935,0.0,0.0,false,0.0,0.0,0.0,0.0,0.0
shared_battery_mode_node_level_v1,SI-Drahi_12-d1-HOM-ULO-BHI-3823bd76d5,TK-PB-Drahi_12-d1-HOM-ULO-60e05de704-r2,SS-ab7d85e13b5a,risk_neutral_expectation,2,DETERMINISTIC_RH,NONE,none,13,14,1,1.0,-8.242295734817162e-13,0.0,4.3999999999985935,4.39999999999781,0.0,0.0,false,0.0,0.0,0.0,0.0,0.0
shared_battery_mode_node_level_v1,SI-Drahi_12-d1-HOM-ULO-BHI-3823bd76d5,TK-PB-Drahi_12-d1-HOM-ULO-60e05de704-r2,SS-ab7d85e13b5a,risk_neutral_expectation,2,DETERMINISTIC_RH,NONE,none,13,15,1,1.0,1.1084466677857563e-12,0.0,4.39999999999781,4.3999999999988635,0.0,0.0,false,0.0,0.0,0.0,0.0,0.0
shared_battery_mode_node_level_v1,SI-Drahi_12-d1-HOM-ULO-BHI-3823bd76d5,TK-PB-Drahi_12-d1-HOM-ULO-60e05de704-r2,SS-ab7d85e13b5a,risk_neutral_expectation,2,DETERMINISTIC_RH,NONE,none,13,16,1,1.0,32.0,0.0,4.3999999999988635,34.79999999999886,0.0,0.0,false,0.0,0.0,0.0,0.0,0.0
shared_battery_mode_node_level_v1,SI-Drahi_12-d1-HOM-ULO-BHI-3823bd76d5,TK-PB-Drahi_12-d1-HOM-ULO-60e05de704-r2,SS-d9e9642706a1,risk_neutral_expectation,2,DETERMINISTIC_RH,NONE,none,17,17,1,1.0,0.0,0.0,34.79999999999886,34.79999999999886,0.0,0.0,false,0.0,0.0,0.0,0.0,0.0
shared_battery_mode_node_level_v1,SI-Drahi_12-d1-HOM-ULO-BHI-3823bd76d5,TK-PB-Drahi_12-d1-HOM-ULO-60e05de704-r2,SS-d9e9642706a1,risk_neutral_expectation,2,DETERMINISTIC_RH,NONE,none,17,18,1,1.0,-2.6290081223123707e-13,0.0,34.79999999999886,34.79999999999861,0.0,0.0,false,0.0,0.0,0.0,0.0,0.0
shared_battery_mode_node_level_v1,SI-Drahi_12-d1-HOM-ULO-BHI-3823bd76d5,TK-PB-Drahi_12-d1-HOM-ULO-60e05de704-r2,SS-d9e9642706a1,risk_neutral_expectation,2,DETERMINISTIC_RH,NONE,none,17,19,1,1.0,0.0,0.0,34.79999999999861,34.79999999999861,0.0,0.0,false,0.0,0.0,0.0,0.0,0.0
shared_battery_mode_node_level_v1,SI-Drahi_12-d1-HOM-ULO-BHI-3823bd76d5,TK-PB-Drahi_12-d1-HOM-ULO-60e05de704-r2,SS-d9e9642706a1,risk_neutral_expectation,2,DETERMINISTIC_RH,NONE,none,17,20,1,1.0,32.0,0.0,34.79999999999861,65.19999999999861,0.0,0.0,false,0.0,0.0,0.0,0.0,0.0
shared_battery_mode_node_level_v1,SI-Drahi_12-d1-HOM-ULO-BHI-3823bd76d5,TK-PB-Drahi_12-d1-HOM-ULO-60e05de704-r2,SS-34ce05b803eb,risk_neutral_expectation,2,DETERMINISTIC_RH,NONE,none,21,21,1,1.0,0.0,0.0,65.19999999999861,65.19999999999861,0.0,0.0,false,0.0,0.0,0.0,0.0,0.0
shared_battery_mode_node_level_v1,SI-Drahi_12-d1-HOM-ULO-BHI-3823bd76d5,TK-PB-Drahi_12-d1-HOM-ULO-60e05de704-r2,SS-34ce05b803eb,risk_neutral_expectation,2,DETERMINISTIC_RH,NONE,none,21,22,1,1.0,32.0,0.0,65.19999999999861,95.5999999999986,0.0,0.0,false,0.0,0.0,0.0,0.0,0.0
shared_battery_mode_node_level_v1,SI-Drahi_12-d1-HOM-ULO-BHI-3823bd76d5,TK-PB-Drahi_12-d1-HOM-ULO-60e05de704-r2,SS-34ce05b803eb,risk_neutral_expectation,2,DETERMINISTIC_RH,NONE,none,21,23,1,1.0,0.0,0.0,95.5999999999986,95.5999999999986,0.0,0.0,false,0.0,0.0,0.0,0.0,0.0
shared_battery_mode_node_level_v1,SI-Drahi_12-d1-HOM-ULO-BHI-3823bd76d5,TK-PB-Drahi_12-d1-HOM-ULO-60e05de704-r2,SS-34ce05b803eb,risk_neutral_expectation,2,DETERMINISTIC_RH,NONE,none,21,24,1,1.0,32.000000000001464,0.0,95.5999999999986,125.99999999999999,1.4637180356658064e-12,0.0,false,0.0,0.0,1.4210854715202004e-14,0.0,0.0
shared_battery_mode_node_level_v1,SI-Drahi_12-d1-HOM-ULO-BHI-3823bd76d5,TK-PB-Drahi_12-d1-HOM-ULO-60e05de704-r2,SS-34f937f9703a,risk_neutral_expectation,2,DETERMINISTIC_RH,PEA,pv,1,1,1,1.0,0.0,0.0,0.2,0.2,0.0,0.0,false,0.0,0.0,0.0,0.0,0.0
shared_battery_mode_node_level_v1,SI-Drahi_12-d1-HOM-ULO-BHI-3823bd76d5,TK-PB-Drahi_12-d1-HOM-ULO-60e05de704-r2,SS-34f937f9703a,risk_neutral_expectation,2,DETERMINISTIC_RH,PEA,pv,1,2,1,1.0,3.45706371191136,0.0,0.2,3.484210526315792,0.0,0.0,false,0.0,0.0,0.0,0.0,0.0
shared_battery_mode_node_level_v1,SI-Drahi_12-d1-HOM-ULO-BHI-3823bd76d5,TK-PB-Drahi_12-d1-HOM-ULO-60e05de704-r2,SS-34f937f9703a,risk_neutral_expectation,2,DETERMINISTIC_RH,PEA,pv,1,3,1,1.0,0.0,0.0,3.484210526315792,3.484210526315792,0.0,0.0,false,0.0,0.0,0.0,0.0,0.0
shared_battery_mode_node_level_v1,SI-Drahi_12-d1-HOM-ULO-BHI-3823bd76d5,TK-PB-Drahi_12-d1-HOM-ULO-60e05de704-r2,SS-34f937f9703a,risk_neutral_expectation,2,DETERMINISTIC_RH,PEA,pv,1,4,1,1.0,32.0,0.0,3.484210526315792,33.88421052631579,0.0,0.0,false,0.0,0.0,0.0,0.0,0.0
shared_battery_mode_node_level_v1,SI-Drahi_12-d1-HOM-ULO-BHI-3823bd76d5,TK-PB-Drahi_12-d1-HOM-ULO-60e05de704-r2,SS-e5e057e5b318,risk_neutral_expectation,2,DETERMINISTIC_RH,PEA,pv,5,5,1,1.0,0.0,0.0,33.88421052631579,33.88421052631579,0.0,0.0,false,0.0,0.0,0.0,0.0,0.0
shared_battery_mode_node_level_v1,SI-Drahi_12-d1-HOM-ULO-BHI-3823bd76d5,TK-PB-Drahi_12-d1-HOM-ULO-60e05de704-r2,SS-e5e057e5b318,risk_neutral_expectation,2,DETERMINISTIC_RH,PEA,pv,5,6,1,1.0,0.0,0.0,33.88421052631579,33.88421052631579,0.0,0.0,false,0.0,0.0,0.0,0.0,0.0
shared_battery_mode_node_level_v1,SI-Drahi_12-d1-HOM-ULO-BHI-3823bd76d5,TK-PB-Drahi_12-d1-HOM-ULO-60e05de704-r2,SS-e5e057e5b318,risk_neutral_expectation,2,DETERMINISTIC_RH,PEA,pv,5,7,1,0.0,0.0,32.0,33.88421052631579,0.20000000000000284,0.0,0.0,false,0.0,0.0,2.831068712794149e-15,0.0,0.0
shared_battery_mode_node_level_v1,SI-Drahi_12-d1-HOM-ULO-BHI-3823bd76d5,TK-PB-Drahi_12-d1-HOM-ULO-60e05de704-r2,SS-e5e057e5b318,risk_neutral_expectation,2,DETERMINISTIC_RH,PEA,pv,5,8,1,1.0,0.0,0.0,0.20000000000000284,0.20000000000000284,0.0,0.0,false,0.0,0.0,2.831068712794149e-15,0.0,0.0
shared_battery_mode_node_level_v1,SI-Drahi_12-d1-HOM-ULO-BHI-3823bd76d5,TK-PB-Drahi_12-d1-HOM-ULO-60e05de704-r2,SS-dd27c4cd5d46,risk_neutral_expectation,2,DETERMINISTIC_RH,PEA,pv,9,9,1,1.0,0.0,0.0,0.20000000000000284,0.20000000000000284,0.0,0.0,false,0.0,0.0,0.0,0.0,0.0
shared_battery_mode_node_level_v1,SI-Drahi_12-d1-HOM-ULO-BHI-3823bd76d5,TK-PB-Drahi_12-d1-HOM-ULO-60e05de704-r2,SS-dd27c4cd5d46,risk_neutral_expectation,2,DETERMINISTIC_RH,PEA,pv,9,10,1,1.0,6.323830348264892e-13,0.0,0.20000000000000284,0.2000000000006036,0.0,0.0,false,0.0,0.0,0.0,0.0,0.0
shared_battery_mode_node_level_v1,SI-Drahi_12-d1-HOM-ULO-BHI-3823bd76d5,TK-PB-Drahi_12-d1-HOM-ULO-60e05de704-r2,SS-dd27c4cd5d46,risk_neutral_expectation,2,DETERMINISTIC_RH,PEA,pv,9,11,1,1.0,4.421052631576998,0.0,0.2000000000006036,4.399999999998752,0.0,0.0,false,0.0,0.0,5.329070518200751e-15,0.0,0.0
shared_battery_mode_node_level_v1,SI-Drahi_12-d1-HOM-ULO-BHI-3823bd76d5,TK-PB-Drahi_12-d1-HOM-ULO-60e05de704-r2,SS-dd27c4cd5d46,risk_neutral_expectation,2,DETERMINISTIC_RH,PEA,pv,9,12,1,1.0,-1.5987211554602254e-13,0.0,4.399999999998752,4.3999999999986,0.0,0.0,false,0.0,0.0,5.329070518200751e-15,0.0,0.0
shared_battery_mode_node_level_v1,SI-Drahi_12-d1-HOM-ULO-BHI-3823bd76d5,TK-PB-Drahi_12-d1-HOM-ULO-60e05de704-r2,SS-ab7d85e13b5a,risk_neutral_expectation,2,DETERMINISTIC_RH,PEA,pv,13,13,1,1.0,0.0,0.0,4.3999999999986,4.3999999999986,0.0,0.0,false,0.0,0.0,0.0,0.0,0.0
shared_battery_mode_node_level_v1,SI-Drahi_12-d1-HOM-ULO-BHI-3823bd76d5,TK-PB-Drahi_12-d1-HOM-ULO-60e05de704-r2,SS-ab7d85e13b5a,risk_neutral_expectation,2,DETERMINISTIC_RH,PEA,pv,13,14,1,1.0,-8.242295734817162e-13,0.0,4.3999999999986,4.399999999997816,0.0,0.0,false,0.0,0.0,0.0,0.0,0.0
shared_battery_mode_node_level_v1,SI-Drahi_12-d1-HOM-ULO-BHI-3823bd76d5,TK-PB-Drahi_12-d1-HOM-ULO-60e05de704-r2,SS-ab7d85e13b5a,risk_neutral_expectation,2,DETERMINISTIC_RH,PEA,pv,13,15,1,1.0,1.1084466677857563e-12,0.0,4.399999999997816,4.39999999999887,0.0,0.0,false,0.0,0.0,0.0,0.0,0.0
shared_battery_mode_node_level_v1,SI-Drahi_12-d1-HOM-ULO-BHI-3823bd76d5,TK-PB-Drahi_12-d1-HOM-ULO-60e05de704-r2,SS-ab7d85e13b5a,risk_neutral_expectation,2,DETERMINISTIC_RH,PEA,pv,13,16,1,1.0,32.0,0.0,4.39999999999887,34.79999999999887,0.0,0.0,false,0.0,0.0,0.0,0.0,0.0
shared_battery_mode_node_level_v1,SI-Drahi_12-d1-HOM-ULO-BHI-3823bd76d5,TK-PB-Drahi_12-d1-HOM-ULO-60e05de704-r2,SS-d9e9642706a1,risk_neutral_expectation,2,DETERMINISTIC_RH,PEA,pv,17,17,1,1.0,0.0,0.0,34.79999999999887,34.79999999999887,0.0,0.0,false,0.0,0.0,0.0,0.0,0.0
shared_battery_mode_node_level_v1,SI-Drahi_12-d1-HOM-ULO-BHI-3823bd76d5,TK-PB-Drahi_12-d1-HOM-ULO-60e05de704-r2,SS-d9e9642706a1,risk_neutral_expectation,2,DETERMINISTIC_RH,PEA,pv,17,18,1,1.0,-2.6290081223123707e-13,0.0,34.79999999999887,34.79999999999862,0.0,0.0,false,0.0,0.0,0.0,0.0,0.0
shared_battery_mode_node_level_v1,SI-Drahi_12-d1-HOM-ULO-BHI-3823bd76d5,TK-PB-Drahi_12-d1-HOM-ULO-60e05de704-r2,SS-d9e9642706a1,risk_neutral_expectation,2,DETERMINISTIC_RH,PEA,pv,17,19,1,1.0,0.0,0.0,34.79999999999862,34.79999999999862,0.0,0.0,false,0.0,0.0,0.0,0.0,0.0
shared_battery_mode_node_level_v1,SI-Drahi_12-d1-HOM-ULO-BHI-3823bd76d5,TK-PB-Drahi_12-d1-HOM-ULO-60e05de704-r2,SS-d9e9642706a1,risk_neutral_expectation,2,DETERMINISTIC_RH,PEA,pv,17,20,1,1.0,32.0,0.0,34.79999999999862,65.19999999999862,0.0,0.0,false,0.0,0.0,0.0,0.0,0.0
shared_battery_mode_node_level_v1,SI-Drahi_12-d1-HOM-ULO-BHI-3823bd76d5,TK-PB-Drahi_12-d1-HOM-ULO-60e05de704-r2,SS-34ce05b803eb,risk_neutral_expectation,2,DETERMINISTIC_RH,PEA,pv,21,21,1,1.0,0.0,0.0,65.19999999999862,65.19999999999862,0.0,0.0,false,0.0,0.0,0.0,0.0,0.0
shared_battery_mode_node_level_v1,SI-Drahi_12-d1-HOM-ULO-BHI-3823bd76d5,TK-PB-Drahi_12-d1-HOM-ULO-60e05de704-r2,SS-34ce05b803eb,risk_neutral_expectation,2,DETERMINISTIC_RH,PEA,pv,21,22,1,1.0,32.0,0.0,65.19999999999862,95.59999999999863,0.0,0.0,false,0.0,0.0,0.0,0.0,0.0
shared_battery_mode_node_level_v1,SI-Drahi_12-d1-HOM-ULO-BHI-3823bd76d5,TK-PB-Drahi_12-d1-HOM-ULO-60e05de704-r2,SS-34ce05b803eb,risk_neutral_expectation,2,DETERMINISTIC_RH,PEA,pv,21,23,1,1.0,0.0,0.0,95.59999999999863,95.59999999999863,0.0,0.0,false,0.0,0.0,0.0,0.0,0.0
shared_battery_mode_node_level_v1,SI-Drahi_12-d1-HOM-ULO-BHI-3823bd76d5,TK-PB-Drahi_12-d1-HOM-ULO-60e05de704-r2,SS-34ce05b803eb,risk_neutral_expectation,2,DETERMINISTIC_RH,PEA,pv,21,24,1,1.0,32.000000000001435,0.0,95.59999999999863,126.0,1.4352963262354024e-12,0.0,false,0.0,0.0,0.0,0.0,0.0
shared_battery_mode_node_level_v1,SI-Drahi_12-d1-HOM-ULO-BHI-3823bd76d5,TK-PB-Drahi_12-d1-HOM-ULO-60e05de704-r2,SS-34f937f9703a,risk_neutral_expectation,2,DETERMINISTIC_RH,SA,savings,1,1,1,1.0,0.0,0.0,0.2,0.2,0.0,0.0,false,0.0,0.0,0.0,0.0,0.0
shared_battery_mode_node_level_v1,SI-Drahi_12-d1-HOM-ULO-BHI-3823bd76d5,TK-PB-Drahi_12-d1-HOM-ULO-60e05de704-r2,SS-34f937f9703a,risk_neutral_expectation,2,DETERMINISTIC_RH,SA,savings,1,2,1,1.0,3.4570637119113594,0.0,0.2,3.4842105263157914,0.0,0.0,false,0.0,0.0,4.440892098500626e-16,0.0,0.0
shared_battery_mode_node_level_v1,SI-Drahi_12-d1-HOM-ULO-BHI-3823bd76d5,TK-PB-Drahi_12-d1-HOM-ULO-60e05de704-r2,SS-34f937f9703a,risk_neutral_expectation,2,DETERMINISTIC_RH,SA,savings,1,3,1,1.0,0.0,0.0,3.4842105263157914,3.4842105263157914,0.0,0.0,false,0.0,0.0,4.440892098500626e-16,0.0,0.0
shared_battery_mode_node_level_v1,SI-Drahi_12-d1-HOM-ULO-BHI-3823bd76d5,TK-PB-Drahi_12-d1-HOM-ULO-60e05de704-r2,SS-34f937f9703a,risk_neutral_expectation,2,DETERMINISTIC_RH,SA,savings,1,4,1,1.0,32.0,0.0,3.4842105263157914,33.88421052631579,0.0,0.0,false,0.0,0.0,0.0,0.0,0.0
shared_battery_mode_node_level_v1,SI-Drahi_12-d1-HOM-ULO-BHI-3823bd76d5,TK-PB-Drahi_12-d1-HOM-ULO-60e05de704-r2,SS-e5e057e5b318,risk_neutral_expectation,2,DETERMINISTIC_RH,SA,savings,5,5,1,1.0,0.0,0.0,33.88421052631579,33.88421052631579,0.0,0.0,false,0.0,0.0,0.0,0.0,0.0
shared_battery_mode_node_level_v1,SI-Drahi_12-d1-HOM-ULO-BHI-3823bd76d5,TK-PB-Drahi_12-d1-HOM-ULO-60e05de704-r2,SS-e5e057e5b318,risk_neutral_expectation,2,DETERMINISTIC_RH,SA,savings,5,6,1,1.0,0.0,0.0,33.88421052631579,33.88421052631579,0.0,0.0,false,0.0,0.0,0.0,0.0,0.0
shared_battery_mode_node_level_v1,SI-Drahi_12-d1-HOM-ULO-BHI-3823bd76d5,TK-PB-Drahi_12-d1-HOM-ULO-60e05de704-r2,SS-e5e057e5b318,risk_neutral_expectation,2,DETERMINISTIC_RH,SA,savings,5,7,1,0.0,0.0,32.0,33.88421052631579,0.20000000000000284,0.0,0.0,false,0.0,0.0,2.831068712794149e-15,0.0,0.0
shared_battery_mode_node_level_v1,SI-Drahi_12-d1-HOM-ULO-BHI-3823bd76d5,TK-PB-Drahi_12-d1-HOM-ULO-60e05de704-r2,SS-e5e057e5b318,risk_neutral_expectation,2,DETERMINISTIC_RH,SA,savings,5,8,1,1.0,0.0,0.0,0.20000000000000284,0.20000000000000284,0.0,0.0,false,0.0,0.0,2.831068712794149e-15,0.0,0.0
shared_battery_mode_node_level_v1,SI-Drahi_12-d1-HOM-ULO-BHI-3823bd76d5,TK-PB-Drahi_12-d1-HOM-ULO-60e05de704-r2,SS-dd27c4cd5d46,risk_neutral_expectation,2,DETERMINISTIC_RH,SA,savings,9,9,1,1.0,0.0,0.0,0.20000000000000284,0.20000000000000284,0.0,0.0,false,0.0,0.0,0.0,0.0,0.0
shared_battery_mode_node_level_v1,SI-Drahi_12-d1-HOM-ULO-BHI-3823bd76d5,TK-PB-Drahi_12-d1-HOM-ULO-60e05de704-r2,SS-dd27c4cd5d46,risk_neutral_expectation,2,DETERMINISTIC_RH,SA,savings,9,10,1,1.0,6.323830348264892e-13,0.0,0.20000000000000284,0.2000000000006036,0.0,0.0,false,0.0,0.0,0.0,0.0,0.0
shared_battery_mode_node_level_v1,SI-Drahi_12-d1-HOM-ULO-BHI-3823bd76d5,TK-PB-Drahi_12-d1-HOM-ULO-60e05de704-r2,SS-dd27c4cd5d46,risk_neutral_expectation,2,DETERMINISTIC_RH,SA,savings,9,11,1,1.0,4.421052631576992,0.0,0.2000000000006036,4.399999999998745,0.0,0.0,false,0.0,0.0,8.881784197001252e-16,0.0,0.0
shared_battery_mode_node_level_v1,SI-Drahi_12-d1-HOM-ULO-BHI-3823bd76d5,TK-PB-Drahi_12-d1-HOM-ULO-60e05de704-r2,SS-dd27c4cd5d46,risk_neutral_expectation,2,DETERMINISTIC_RH,SA,savings,9,12,1,1.0,-1.5987211554602254e-13,0.0,4.399999999998745,4.3999999999985935,0.0,0.0,false,0.0,0.0,8.881784197001252e-16,0.0,0.0
shared_battery_mode_node_level_v1,SI-Drahi_12-d1-HOM-ULO-BHI-3823bd76d5,TK-PB-Drahi_12-d1-HOM-ULO-60e05de704-r2,SS-ab7d85e13b5a,risk_neutral_expectation,2,DETERMINISTIC_RH,SA,savings,13,13,1,1.0,0.0,0.0,4.3999999999985935,4.3999999999985935,0.0,0.0,false,0.0,0.0,0.0,0.0,0.0
shared_battery_mode_node_level_v1,SI-Drahi_12-d1-HOM-ULO-BHI-3823bd76d5,TK-PB-Drahi_12-d1-HOM-ULO-60e05de704-r2,SS-ab7d85e13b5a,risk_neutral_expectation,2,DETERMINISTIC_RH,SA,savings,13,14,1,1.0,-8.242295734817162e-13,0.0,4.3999999999985935,4.39999999999781,0.0,0.0,false,0.0,0.0,0.0,0.0,0.0
shared_battery_mode_node_level_v1,SI-Drahi_12-d1-HOM-ULO-BHI-3823bd76d5,TK-PB-Drahi_12-d1-HOM-ULO-60e05de704-r2,SS-ab7d85e13b5a,risk_neutral_expectation,2,DETERMINISTIC_RH,SA,savings,13,15,1,1.0,1.1084466677857563e-12,0.0,4.39999999999781,4.3999999999988635,0.0,0.0,false,0.0,0.0,0.0,0.0,0.0
shared_battery_mode_node_level_v1,SI-Drahi_12-d1-HOM-ULO-BHI-3823bd76d5,TK-PB-Drahi_12-d1-HOM-ULO-60e05de704-r2,SS-ab7d85e13b5a,risk_neutral_expectation,2,DETERMINISTIC_RH,SA,savings,13,16,1,1.0,32.0,0.0,4.3999999999988635,34.79999999999886,0.0,0.0,false,0.0,0.0,0.0,0.0,0.0
shared_battery_mode_node_level_v1,SI-Drahi_12-d1-HOM-ULO-BHI-3823bd76d5,TK-PB-Drahi_12-d1-HOM-ULO-60e05de704-r2,SS-d9e9642706a1,risk_neutral_expectation,2,DETERMINISTIC_RH,SA,savings,17,17,1,1.0,0.0,0.0,34.79999999999886,34.79999999999886,0.0,0.0,false,0.0,0.0,0.0,0.0,0.0
shared_battery_mode_node_level_v1,SI-Drahi_12-d1-HOM-ULO-BHI-3823bd76d5,TK-PB-Drahi_12-d1-HOM-ULO-60e05de704-r2,SS-d9e9642706a1,risk_neutral_expectation,2,DETERMINISTIC_RH,SA,savings,17,18,1,1.0,-2.6290081223123707e-13,0.0,34.79999999999886,34.79999999999861,0.0,0.0,false,0.0,0.0,0.0,0.0,0.0
shared_battery_mode_node_level_v1,SI-Drahi_12-d1-HOM-ULO-BHI-3823bd76d5,TK-PB-Drahi_12-d1-HOM-ULO-60e05de704-r2,SS-d9e9642706a1,risk_neutral_expectation,2,DETERMINISTIC_RH,SA,savings,17,19,1,1.0,0.0,0.0,34.79999999999861,34.79999999999861,0.0,0.0,false,0.0,0.0,0.0,0.0,0.0
shared_battery_mode_node_level_v1,SI-Drahi_12-d1-HOM-ULO-BHI-3823bd76d5,TK-PB-Drahi_12-d1-HOM-ULO-60e05de704-r2,SS-d9e9642706a1,risk_neutral_expectation,2,DETERMINISTIC_RH,SA,savings,17,20,1,1.0,32.0,0.0,34.79999999999861,65.19999999999861,0.0,0.0,false,0.0,0.0,0.0,0.0,0.0
shared_battery_mode_node_level_v1,SI-Drahi_12-d1-HOM-ULO-BHI-3823bd76d5,TK-PB-Drahi_12-d1-HOM-ULO-60e05de704-r2,SS-34ce05b803eb,risk_neutral_expectation,2,DETERMINISTIC_RH,SA,savings,21,21,1,1.0,0.0,0.0,65.19999999999861,65.19999999999861,0.0,0.0,false,0.0,0.0,0.0,0.0,0.0
shared_battery_mode_node_level_v1,SI-Drahi_12-d1-HOM-ULO-BHI-3823bd76d5,TK-PB-Drahi_12-d1-HOM-ULO-60e05de704-r2,SS-34ce05b803eb,risk_neutral_expectation,2,DETERMINISTIC_RH,SA,savings,21,22,1,1.0,32.0,0.0,65.19999999999861,95.5999999999986,0.0,0.0,false,0.0,0.0,0.0,0.0,0.0
shared_battery_mode_node_level_v1,SI-Drahi_12-d1-HOM-ULO-BHI-3823bd76d5,TK-PB-Drahi_12-d1-HOM-ULO-60e05de704-r2,SS-34ce05b803eb,risk_neutral_expectation,2,DETERMINISTIC_RH,SA,savings,21,23,1,1.0,0.0,0.0,95.5999999999986,95.5999999999986,0.0,0.0,false,0.0,0.0,0.0,0.0,0.0
shared_battery_mode_node_level_v1,SI-Drahi_12-d1-HOM-ULO-BHI-3823bd76d5,TK-PB-Drahi_12-d1-HOM-ULO-60e05de704-r2,SS-34ce05b803eb,risk_neutral_expectation,2,DETERMINISTIC_RH,SA,savings,21,24,1,1.0,32.00000000000147,0.0,95.5999999999986,126.0,1.4708234630234074e-12,0.0,false,0.0,0.0,0.0,0.0,0.0
shared_battery_mode_node_level_v1,SI-Drahi_12-d1-HOM-ULO-BHI-3823bd76d5,TK-PB-Drahi_12-d1-HOM-ULO-60e05de704-r2,SS-34f937f9703a,risk_neutral_expectation,2,DETERMINISTIC_RH,STATIC_DEMAND_SHARE,pv,1,1,1,1.0,0.0,0.0,0.2,0.2,0.0,0.0,false,0.0,0.0,0.0,0.0,0.0
shared_battery_mode_node_level_v1,SI-Drahi_12-d1-HOM-ULO-BHI-3823bd76d5,TK-PB-Drahi_12-d1-HOM-ULO-60e05de704-r2,SS-34f937f9703a,risk_neutral_expectation,2,DETERMINISTIC_RH,STATIC_DEMAND_SHARE,pv,1,2,1,1.0,3.45706371191136,0.0,0.2,3.484210526315792,0.0,0.0,false,0.0,0.0,0.0,0.0,0.0
shared_battery_mode_node_level_v1,SI-Drahi_12-d1-HOM-ULO-BHI-3823bd76d5,TK-PB-Drahi_12-d1-HOM-ULO-60e05de704-r2,SS-34f937f9703a,risk_neutral_expectation,2,DETERMINISTIC_RH,STATIC_DEMAND_SHARE,pv,1,3,1,1.0,0.0,0.0,3.484210526315792,3.484210526315792,0.0,0.0,false,0.0,0.0,0.0,0.0,0.0
shared_battery_mode_node_level_v1,SI-Drahi_12-d1-HOM-ULO-BHI-3823bd76d5,TK-PB-Drahi_12-d1-HOM-ULO-60e05de704-r2,SS-34f937f9703a,risk_neutral_expectation,2,DETERMINISTIC_RH,STATIC_DEMAND_SHARE,pv,1,4,1,1.0,32.0,0.0,3.484210526315792,33.88421052631579,0.0,0.0,false,0.0,0.0,0.0,0.0,0.0
shared_battery_mode_node_level_v1,SI-Drahi_12-d1-HOM-ULO-BHI-3823bd76d5,TK-PB-Drahi_12-d1-HOM-ULO-60e05de704-r2,SS-e5e057e5b318,risk_neutral_expectation,2,DETERMINISTIC_RH,STATIC_DEMAND_SHARE,pv,5,5,1,1.0,0.0,0.0,33.88421052631579,33.88421052631579,0.0,0.0,false,0.0,0.0,0.0,0.0,0.0
shared_battery_mode_node_level_v1,SI-Drahi_12-d1-HOM-ULO-BHI-3823bd76d5,TK-PB-Drahi_12-d1-HOM-ULO-60e05de704-r2,SS-e5e057e5b318,risk_neutral_expectation,2,DETERMINISTIC_RH,STATIC_DEMAND_SHARE,pv,5,6,1,1.0,0.0,0.0,33.88421052631579,33.88421052631579,0.0,0.0,false,0.0,0.0,0.0,0.0,0.0
shared_battery_mode_node_level_v1,SI-Drahi_12-d1-HOM-ULO-BHI-3823bd76d5,TK-PB-Drahi_12-d1-HOM-ULO-60e05de704-r2,SS-e5e057e5b318,risk_neutral_expectation,2,DETERMINISTIC_RH,STATIC_DEMAND_SHARE,pv,5,7,1,0.0,0.0,32.0,33.88421052631579,0.20000000000000284,0.0,0.0,false,0.0,0.0,2.831068712794149e-15,0.0,0.0
shared_battery_mode_node_level_v1,SI-Drahi_12-d1-HOM-ULO-BHI-3823bd76d5,TK-PB-Drahi_12-d1-HOM-ULO-60e05de704-r2,SS-e5e057e5b318,risk_neutral_expectation,2,DETERMINISTIC_RH,STATIC_DEMAND_SHARE,pv,5,8,1,1.0,0.0,0.0,0.20000000000000284,0.20000000000000284,0.0,0.0,false,0.0,0.0,2.831068712794149e-15,0.0,0.0
shared_battery_mode_node_level_v1,SI-Drahi_12-d1-HOM-ULO-BHI-3823bd76d5,TK-PB-Drahi_12-d1-HOM-ULO-60e05de704-r2,SS-dd27c4cd5d46,risk_neutral_expectation,2,DETERMINISTIC_RH,STATIC_DEMAND_SHARE,pv,9,9,1,1.0,0.0,0.0,0.20000000000000284,0.20000000000000284,0.0,0.0,false,0.0,0.0,0.0,0.0,0.0
shared_battery_mode_node_level_v1,SI-Drahi_12-d1-HOM-ULO-BHI-3823bd76d5,TK-PB-Drahi_12-d1-HOM-ULO-60e05de704-r2,SS-dd27c4cd5d46,risk_neutral_expectation,2,DETERMINISTIC_RH,STATIC_DEMAND_SHARE,pv,9,10,1,1.0,6.394884621840902e-13,0.0,0.20000000000000284,0.20000000000061036,0.0,0.0,false,0.0,0.0,0.0,0.0,0.0
shared_battery_mode_node_level_v1,SI-Drahi_12-d1-HOM-ULO-BHI-3823bd76d5,TK-PB-Drahi_12-d1-HOM-ULO-60e05de704-r2,SS-dd27c4cd5d46,risk_neutral_expectation,2,DETERMINISTIC_RH,STATIC_DEMAND_SHARE,pv,9,11,1,1.0,4.421052631577069,0.0,0.20000000000061036,4.399999999998826,0.0,0.0,false,0.0,0.0,8.881784197001252e-16,0.0,0.0
shared_battery_mode_node_level_v1,SI-Drahi_12-d1-HOM-ULO-BHI-3823bd76d5,TK-PB-Drahi_12-d1-HOM-ULO-60e05de704-r2,SS-dd27c4cd5d46,risk_neutral_expectation,2,DETERMINISTIC_RH,STATIC_DEMAND_SHARE,pv,9,12,1,1.0,0.0,0.0,4.399999999998826,4.399999999998826,0.0,0.0,false,0.0,0.0,8.881784197001252e-16,0.0,0.0
shared_battery_mode_node_level_v1,SI-Drahi_12-d1-HOM-ULO-BHI-3823bd76d5,TK-PB-Drahi_12-d1-HOM-ULO-60e05de704-r2,SS-ab7d85e13b5a,risk_neutral_expectation,2,DETERMINISTIC_RH,STATIC_DEMAND_SHARE,pv,13,13,1,1.0,0.0,0.0,4.399999999998826,4.399999999998826,0.0,0.0,false,0.0,0.0,0.0,0.0,0.0
shared_battery_mode_node_level_v1,SI-Drahi_12-d1-HOM-ULO-BHI-3823bd76d5,TK-PB-Drahi_12-d1-HOM-ULO-60e05de704-r2,SS-ab7d85e13b5a,risk_neutral_expectation,2,DETERMINISTIC_RH,STATIC_DEMAND_SHARE,pv,13,14,1,1.0,-8.171241461241152e-13,0.0,4.399999999998826,4.39999999999805,0.0,0.0,false,0.0,0.0,0.0,0.0,0.0
shared_battery_mode_node_level_v1,SI-Drahi_12-d1-HOM-ULO-BHI-3823bd76d5,TK-PB-Drahi_12-d1-HOM-ULO-60e05de704-r2,SS-ab7d85e13b5a,risk_neutral_expectation,2,DETERMINISTIC_RH,STATIC_DEMAND_SHARE,pv,13,15,1,1.0,1.1191048088221578e-12,0.0,4.39999999999805,4.399999999999113,0.0,0.0,false,0.0,0.0,0.0,0.0,0.0
shared_battery_mode_node_level_v1,SI-Drahi_12-d1-HOM-ULO-BHI-3823bd76d5,TK-PB-Drahi_12-d1-HOM-ULO-60e05de704-r2,SS-ab7d85e13b5a,risk_neutral_expectation,2,DETERMINISTIC_RH,STATIC_DEMAND_SHARE,pv,13,16,1,1.0,32.0,0.0,4.399999999999113,34.79999999999911,0.0,0.0,false,0.0,0.0,0.0,0.0,0.0
shared_battery_mode_node_level_v1,SI-Drahi_12-d1-HOM-ULO-BHI-3823bd76d5,TK-PB-Drahi_12-d1-HOM-ULO-60e05de704-r2,SS-d9e9642706a1,risk_neutral_expectation,2,DETERMINISTIC_RH,STATIC_DEMAND_SHARE,pv,17,17,1,1.0,0.0,0.0,34.79999999999911,34.79999999999911,0.0,0.0,false,0.0,0.0,0.0,0.0,0.0
shared_battery_mode_node_level_v1,SI-Drahi_12-d1-HOM-ULO-BHI-3823bd76d5,TK-PB-Drahi_12-d1-HOM-ULO-60e05de704-r2,SS-d9e9642706a1,risk_neutral_expectation,2,DETERMINISTIC_RH,STATIC_DEMAND_SHARE,pv,17,18,1,1.0,0.0,0.0,34.79999999999911,34.79999999999911,0.0,0.0,false,0.0,0.0,0.0,0.0,0.0
shared_battery_mode_node_level_v1,SI-Drahi_12-d1-HOM-ULO-BHI-3823bd76d5,TK-PB-Drahi_12-d1-HOM-ULO-60e05de704-r2,SS-d9e9642706a1,risk_neutral_expectation,2,DETERMINISTIC_RH,STATIC_DEMAND_SHARE,pv,17,19,1,1.0,0.0,0.0,34.79999999999911,34.79999999999911,0.0,0.0,false,0.0,0.0,0.0,0.0,0.0
shared_battery_mode_node_level_v1,SI-Drahi_12-d1-HOM-ULO-BHI-3823bd76d5,TK-PB-Drahi_12-d1-HOM-ULO-60e05de704-r2,SS-d9e9642706a1,risk_neutral_expectation,2,DETERMINISTIC_RH,STATIC_DEMAND_SHARE,pv,17,20,1,1.0,32.0,0.0,34.79999999999911,65.19999999999911,0.0,0.0,false,0.0,0.0,0.0,0.0,0.0
shared_battery_mode_node_level_v1,SI-Drahi_12-d1-HOM-ULO-BHI-3823bd76d5,TK-PB-Drahi_12-d1-HOM-ULO-60e05de704-r2,SS-34ce05b803eb,risk_neutral_expectation,2,DETERMINISTIC_RH,STATIC_DEMAND_SHARE,pv,21,21,1,1.0,0.0,0.0,65.19999999999911,65.19999999999911,0.0,0.0,false,0.0,0.0,0.0,0.0,0.0
shared_battery_mode_node_level_v1,SI-Drahi_12-d1-HOM-ULO-BHI-3823bd76d5,TK-PB-Drahi_12-d1-HOM-ULO-60e05de704-r2,SS-34ce05b803eb,risk_neutral_expectation,2,DETERMINISTIC_RH,STATIC_DEMAND_SHARE,pv,21,22,1,1.0,32.0,0.0,65.19999999999911,95.59999999999911,0.0,0.0,false,0.0,0.0,0.0,0.0,0.0
shared_battery_mode_node_level_v1,SI-Drahi_12-d1-HOM-ULO-BHI-3823bd76d5,TK-PB-Drahi_12-d1-HOM-ULO-60e05de704-r2,SS-34ce05b803eb,risk_neutral_expectation,2,DETERMINISTIC_RH,STATIC_DEMAND_SHARE,pv,21,23,1,1.0,0.0,0.0,95.59999999999911,95.59999999999911,0.0,0.0,false,0.0,0.0,0.0,0.0,0.0
shared_battery_mode_node_level_v1,SI-Drahi_12-d1-HOM-ULO-BHI-3823bd76d5,TK-PB-Drahi_12-d1-HOM-ULO-60e05de704-r2,SS-34ce05b803eb,risk_neutral_expectation,2,DETERMINISTIC_RH,STATIC_DEMAND_SHARE,pv,21,24,1,1.0,32.000000000000924,0.0,95.59999999999911,125.99999999999999,9.237055564881302e-13,0.0,false,0.0,0.0,1.4210854715202004e-14,0.0,0.0
shared_battery_mode_node_level_v1,SI-Drahi_12-d1-HOM-ULO-BHI-3823bd76d5,TK-PB-Drahi_12-d1-HOM-ULO-60e05de704-r2,SS-34f937f9703a,risk_neutral_expectation,2,MULTISTAGE_RH,LEXMMFPEA,pv,1,1,1,1.0,0.0,0.0,0.2,0.2,0.0,0.0,false,0.0,0.0,0.0,0.0,0.0
shared_battery_mode_node_level_v1,SI-Drahi_12-d1-HOM-ULO-BHI-3823bd76d5,TK-PB-Drahi_12-d1-HOM-ULO-60e05de704-r2,SS-34f937f9703a,risk_neutral_expectation,2,MULTISTAGE_RH,LEXMMFPEA,pv,1,2,1,1.0,3.45706371191136,0.0,0.2,3.484210526315792,0.0,0.0,false,0.0,0.0,0.0,0.0,0.0
shared_battery_mode_node_level_v1,SI-Drahi_12-d1-HOM-ULO-BHI-3823bd76d5,TK-PB-Drahi_12-d1-HOM-ULO-60e05de704-r2,SS-34f937f9703a,risk_neutral_expectation,2,MULTISTAGE_RH,LEXMMFPEA,pv,1,3,1,1.0,0.0,0.0,3.484210526315792,3.484210526315792,0.0,0.0,false,0.0,0.0,0.0,0.0,0.0
shared_battery_mode_node_level_v1,SI-Drahi_12-d1-HOM-ULO-BHI-3823bd76d5,TK-PB-Drahi_12-d1-HOM-ULO-60e05de704-r2,SS-34f937f9703a,risk_neutral_expectation,2,MULTISTAGE_RH,LEXMMFPEA,pv,1,4,1,1.0,32.0,0.0,3.484210526315792,33.88421052631579,0.0,0.0,false,0.0,0.0,0.0,0.0,0.0
shared_battery_mode_node_level_v1,SI-Drahi_12-d1-HOM-ULO-BHI-3823bd76d5,TK-PB-Drahi_12-d1-HOM-ULO-60e05de704-r2,SS-e5e057e5b318,risk_neutral_expectation,2,MULTISTAGE_RH,LEXMMFPEA,pv,5,5,1,1.0,0.0,0.0,33.88421052631579,33.88421052631579,0.0,0.0,false,0.0,0.0,0.0,0.0,0.0
shared_battery_mode_node_level_v1,SI-Drahi_12-d1-HOM-ULO-BHI-3823bd76d5,TK-PB-Drahi_12-d1-HOM-ULO-60e05de704-r2,SS-e5e057e5b318,risk_neutral_expectation,2,MULTISTAGE_RH,LEXMMFPEA,pv,5,6,1,0.0,0.0,0.0,33.88421052631579,33.88421052631579,0.0,0.0,false,0.0,0.0,0.0,0.0,0.0
shared_battery_mode_node_level_v1,SI-Drahi_12-d1-HOM-ULO-BHI-3823bd76d5,TK-PB-Drahi_12-d1-HOM-ULO-60e05de704-r2,SS-e5e057e5b318,risk_neutral_expectation,2,MULTISTAGE_RH,LEXMMFPEA,pv,5,7,1,0.0,0.0,32.00000000000001,33.88421052631579,0.19999999999998863,0.0,7.105427357601002e-15,false,0.0,0.0,1.1379786002407855e-14,1.1379786002407855e-14,0.0
shared_battery_mode_node_level_v1,SI-Drahi_12-d1-HOM-ULO-BHI-3823bd76d5,TK-PB-Drahi_12-d1-HOM-ULO-60e05de704-r2,SS-e5e057e5b318,risk_neutral_expectation,2,MULTISTAGE_RH,LEXMMFPEA,pv,5,8,1,1.0,0.0,0.0,0.19999999999998863,0.19999999999998863,0.0,0.0,false,0.0,0.0,1.1379786002407855e-14,1.1379786002407855e-14,0.0
shared_battery_mode_node_level_v1,SI-Drahi_12-d1-HOM-ULO-BHI-3823bd76d5,TK-PB-Drahi_12-d1-HOM-ULO-60e05de704-r2,SS-dd27c4cd5d46,risk_neutral_expectation,2,MULTISTAGE_RH,LEXMMFPEA,pv,9,9,1,0.0,0.0,0.0,0.19999999999998863,0.19999999999998863,0.0,0.0,false,0.0,0.0,0.0,1.1379786002407855e-14,0.0
shared_battery_mode_node_level_v1,SI-Drahi_12-d1-HOM-ULO-BHI-3823bd76d5,TK-PB-Drahi_12-d1-HOM-ULO-60e05de704-r2,SS-dd27c4cd5d46,risk_neutral_expectation,2,MULTISTAGE_RH,LEXMMFPEA,pv,9,10,1,1.0,0.0,0.0,0.19999999999998863,0.19999999999998863,0.0,0.0,false,0.0,0.0,0.0,1.1379786002407855e-14,0.0
shared_battery_mode_node_level_v1,SI-Drahi_12-d1-HOM-ULO-BHI-3823bd76d5,TK-PB-Drahi_12-d1-HOM-ULO-60e05de704-r2,SS-dd27c4cd5d46,risk_neutral_expectation,2,MULTISTAGE_RH,LEXMMFPEA,pv,9,11,1,1.0,4.4210526315789505,0.0,0.19999999999998863,4.3999999999999915,0.0,0.0,false,0.0,0.0,0.0,0.0,0.0
shared_battery_mode_node_level_v1,SI-Drahi_12-d1-HOM-ULO-BHI-3823bd76d5,TK-PB-Drahi_12-d1-HOM-ULO-60e05de704-r2,SS-dd27c4cd5d46,risk_neutral_expectation,2,MULTISTAGE_RH,LEXMMFPEA,pv,9,12,1,0.0,0.0,0.0,4.3999999999999915,4.3999999999999915,0.0,0.0,false,0.0,0.0,0.0,0.0,0.0
shared_battery_mode_node_level_v1,SI-Drahi_12-d1-HOM-ULO-BHI-3823bd76d5,TK-PB-Drahi_12-d1-HOM-ULO-60e05de704-r2,SS-ab7d85e13b5a,risk_neutral_expectation,2,MULTISTAGE_RH,LEXMMFPEA,pv,13,13,1,0.0,0.0,0.0,4.3999999999999915,4.3999999999999915,0.0,0.0,false,0.0,0.0,0.0,0.0,0.0
shared_battery_mode_node_level_v1,SI-Drahi_12-d1-HOM-ULO-BHI-3823bd76d5,TK-PB-Drahi_12-d1-HOM-ULO-60e05de704-r2,SS-ab7d85e13b5a,risk_neutral_expectation,2,MULTISTAGE_RH,LEXMMFPEA,pv,13,14,1,0.0,0.0,0.0,4.3999999999999915,4.3999999999999915,0.0,0.0,false,0.0,0.0,0.0,0.0,0.0
shared_battery_mode_node_level_v1,SI-Drahi_12-d1-HOM-ULO-BHI-3823bd76d5,TK-PB-Drahi_12-d1-HOM-ULO-60e05de704-r2,SS-ab7d85e13b5a,risk_neutral_expectation,2,MULTISTAGE_RH,LEXMMFPEA,pv,13,15,1,0.0,0.0,0.0,4.3999999999999915,4.3999999999999915,0.0,0.0,false,0.0,0.0,0.0,0.0,0.0
shared_battery_mode_node_level_v1,SI-Drahi_12-d1-HOM-ULO-BHI-3823bd76d5,TK-PB-Drahi_12-d1-HOM-ULO-60e05de704-r2,SS-ab7d85e13b5a,risk_neutral_expectation,2,MULTISTAGE_RH,LEXMMFPEA,pv,13,16,1,1.0,31.999999999999996,0.0,4.3999999999999915,34.79999999999998,0.0,0.0,false,0.0,0.0,0.0,0.0,0.0
shared_battery_mode_node_level_v1,SI-Drahi_12-d1-HOM-ULO-BHI-3823bd76d5,TK-PB-Drahi_12-d1-HOM-ULO-60e05de704-r2,SS-d9e9642706a1,risk_neutral_expectation,2,MULTISTAGE_RH,LEXMMFPEA,pv,17,17,1,0.0,0.0,0.0,34.79999999999998,34.79999999999998,0.0,0.0,false,0.0,0.0,0.0,0.0,0.0
shared_battery_mode_node_level_v1,SI-Drahi_12-d1-HOM-ULO-BHI-3823bd76d5,TK-PB-Drahi_12-d1-HOM-ULO-60e05de704-r2,SS-d9e9642706a1,risk_neutral_expectation,2,MULTISTAGE_RH,LEXMMFPEA,pv,17,18,1,0.0,0.0,0.0,34.79999999999998,34.79999999999998,0.0,0.0,false,0.0,0.0,0.0,0.0,0.0
shared_battery_mode_node_level_v1,SI-Drahi_12-d1-HOM-ULO-BHI-3823bd76d5,TK-PB-Drahi_12-d1-HOM-ULO-60e05de704-r2,SS-d9e9642706a1,risk_neutral_expectation,2,MULTISTAGE_RH,LEXMMFPEA,pv,17,19,1,1.0,0.0,0.0,34.79999999999998,34.79999999999998,0.0,0.0,false,0.0,0.0,0.0,0.0,0.0
shared_battery_mode_node_level_v1,SI-Drahi_12-d1-HOM-ULO-BHI-3823bd76d5,TK-PB-Drahi_12-d1-HOM-ULO-60e05de704-r2,SS-d9e9642706a1,risk_neutral_expectation,2,MULTISTAGE_RH,LEXMMFPEA,pv,17,20,1,1.0,32.0,0.0,34.79999999999998,65.19999999999999,0.0,0.0,false,0.0,0.0,0.0,0.0,0.0
shared_battery_mode_node_level_v1,SI-Drahi_12-d1-HOM-ULO-BHI-3823bd76d5,TK-PB-Drahi_12-d1-HOM-ULO-60e05de704-r2,SS-34ce05b803eb,risk_neutral_expectation,2,MULTISTAGE_RH,LEXMMFPEA,pv,21,21,1,0.0,0.0,0.0,65.19999999999999,65.19999999999999,0.0,0.0,false,0.0,0.0,0.0,0.0,0.0
shared_battery_mode_node_level_v1,SI-Drahi_12-d1-HOM-ULO-BHI-3823bd76d5,TK-PB-Drahi_12-d1-HOM-ULO-60e05de704-r2,SS-34ce05b803eb,risk_neutral_expectation,2,MULTISTAGE_RH,LEXMMFPEA,pv,21,22,1,1.0,32.0,0.0,65.19999999999999,95.6,0.0,0.0,false,0.0,0.0,0.0,0.0,0.0
shared_battery_mode_node_level_v1,SI-Drahi_12-d1-HOM-ULO-BHI-3823bd76d5,TK-PB-Drahi_12-d1-HOM-ULO-60e05de704-r2,SS-34ce05b803eb,risk_neutral_expectation,2,MULTISTAGE_RH,LEXMMFPEA,pv,21,23,1,1.0,0.0,0.0,95.6,95.6,0.0,0.0,false,0.0,0.0,0.0,0.0,0.0
shared_battery_mode_node_level_v1,SI-Drahi_12-d1-HOM-ULO-BHI-3823bd76d5,TK-PB-Drahi_12-d1-HOM-ULO-60e05de704-r2,SS-34ce05b803eb,risk_neutral_expectation,2,MULTISTAGE_RH,LEXMMFPEA,pv,21,24,1,1.0,32.0,0.0,95.6,126.0,0.0,0.0,false,0.0,0.0,0.0,0.0,0.0
shared_battery_mode_node_level_v1,SI-Drahi_12-d1-HOM-ULO-BHI-3823bd76d5,TK-PB-Drahi_12-d1-HOM-ULO-60e05de704-r2,SS-34f937f9703a,risk_neutral_expectation,2,MULTISTAGE_RH,LEXMMFSA,savings,1,1,1,1.0,0.0,0.0,0.2,0.2,0.0,0.0,false,0.0,0.0,0.0,0.0,0.0
shared_battery_mode_node_level_v1,SI-Drahi_12-d1-HOM-ULO-BHI-3823bd76d5,TK-PB-Drahi_12-d1-HOM-ULO-60e05de704-r2,SS-34f937f9703a,risk_neutral_expectation,2,MULTISTAGE_RH,LEXMMFSA,savings,1,2,1,1.0,3.4570637119113594,0.0,0.2,3.4842105263157914,0.0,0.0,false,0.0,0.0,4.440892098500626e-16,0.0,0.0
shared_battery_mode_node_level_v1,SI-Drahi_12-d1-HOM-ULO-BHI-3823bd76d5,TK-PB-Drahi_12-d1-HOM-ULO-60e05de704-r2,SS-34f937f9703a,risk_neutral_expectation,2,MULTISTAGE_RH,LEXMMFSA,savings,1,3,1,1.0,0.0,0.0,3.4842105263157914,3.4842105263157914,0.0,0.0,false,0.0,0.0,4.440892098500626e-16,0.0,0.0
shared_battery_mode_node_level_v1,SI-Drahi_12-d1-HOM-ULO-BHI-3823bd76d5,TK-PB-Drahi_12-d1-HOM-ULO-60e05de704-r2,SS-34f937f9703a,risk_neutral_expectation,2,MULTISTAGE_RH,LEXMMFSA,savings,1,4,1,1.0,32.0,0.0,3.4842105263157914,33.88421052631579,0.0,0.0,false,0.0,0.0,0.0,0.0,0.0
shared_battery_mode_node_level_v1,SI-Drahi_12-d1-HOM-ULO-BHI-3823bd76d5,TK-PB-Drahi_12-d1-HOM-ULO-60e05de704-r2,SS-e5e057e5b318,risk_neutral_expectation,2,MULTISTAGE_RH,LEXMMFSA,savings,5,5,1,1.0,0.0,0.0,33.88421052631579,33.88421052631579,0.0,0.0,false,0.0,0.0,0.0,0.0,0.0
shared_battery_mode_node_level_v1,SI-Drahi_12-d1-HOM-ULO-BHI-3823bd76d5,TK-PB-Drahi_12-d1-HOM-ULO-60e05de704-r2,SS-e5e057e5b318,risk_neutral_expectation,2,MULTISTAGE_RH,LEXMMFSA,savings,5,6,1,1.0,0.0,0.0,33.88421052631579,33.88421052631579,0.0,0.0,false,0.0,0.0,0.0,0.0,0.0
shared_battery_mode_node_level_v1,SI-Drahi_12-d1-HOM-ULO-BHI-3823bd76d5,TK-PB-Drahi_12-d1-HOM-ULO-60e05de704-r2,SS-e5e057e5b318,risk_neutral_expectation,2,MULTISTAGE_RH,LEXMMFSA,savings,5,7,1,0.0,0.0,32.0,33.88421052631579,0.20000000000000284,0.0,0.0,false,0.0,0.0,2.831068712794149e-15,0.0,0.0
shared_battery_mode_node_level_v1,SI-Drahi_12-d1-HOM-ULO-BHI-3823bd76d5,TK-PB-Drahi_12-d1-HOM-ULO-60e05de704-r2,SS-e5e057e5b318,risk_neutral_expectation,2,MULTISTAGE_RH,LEXMMFSA,savings,5,8,1,1.0,0.0,0.0,0.20000000000000284,0.20000000000000284,0.0,0.0,false,0.0,0.0,2.831068712794149e-15,0.0,0.0
shared_battery_mode_node_level_v1,SI-Drahi_12-d1-HOM-ULO-BHI-3823bd76d5,TK-PB-Drahi_12-d1-HOM-ULO-60e05de704-r2,SS-dd27c4cd5d46,risk_neutral_expectation,2,MULTISTAGE_RH,LEXMMFSA,savings,9,9,1,1.0,0.0,0.0,0.20000000000000284,0.20000000000000284,0.0,0.0,false,0.0,0.0,0.0,0.0,0.0
shared_battery_mode_node_level_v1,SI-Drahi_12-d1-HOM-ULO-BHI-3823bd76d5,TK-PB-Drahi_12-d1-HOM-ULO-60e05de704-r2,SS-dd27c4cd5d46,risk_neutral_expectation,2,MULTISTAGE_RH,LEXMMFSA,savings,9,10,1,1.0,0.0,0.0,0.20000000000000284,0.20000000000000284,0.0,0.0,false,0.0,0.0,0.0,0.0,0.0
shared_battery_mode_node_level_v1,SI-Drahi_12-d1-HOM-ULO-BHI-3823bd76d5,TK-PB-Drahi_12-d1-HOM-ULO-60e05de704-r2,SS-dd27c4cd5d46,risk_neutral_expectation,2,MULTISTAGE_RH,LEXMMFSA,savings,9,11,1,1.0,4.421052631578935,0.0,0.20000000000000284,4.3999999999999915,0.0,0.0,false,0.0,0.0,0.0,0.0,0.0
shared_battery_mode_node_level_v1,SI-Drahi_12-d1-HOM-ULO-BHI-3823bd76d5,TK-PB-Drahi_12-d1-HOM-ULO-60e05de704-r2,SS-dd27c4cd5d46,risk_neutral_expectation,2,MULTISTAGE_RH,LEXMMFSA,savings,9,12,1,1.0,0.0,0.0,4.3999999999999915,4.3999999999999915,0.0,0.0,false,0.0,0.0,0.0,0.0,0.0
shared_battery_mode_node_level_v1,SI-Drahi_12-d1-HOM-ULO-BHI-3823bd76d5,TK-PB-Drahi_12-d1-HOM-ULO-60e05de704-r2,SS-ab7d85e13b5a,risk_neutral_expectation,2,MULTISTAGE_RH,LEXMMFSA,savings,13,13,1,1.0,0.0,0.0,4.3999999999999915,4.3999999999999915,0.0,0.0,false,0.0,0.0,0.0,0.0,0.0
shared_battery_mode_node_level_v1,SI-Drahi_12-d1-HOM-ULO-BHI-3823bd76d5,TK-PB-Drahi_12-d1-HOM-ULO-60e05de704-r2,SS-ab7d85e13b5a,risk_neutral_expectation,2,MULTISTAGE_RH,LEXMMFSA,savings,13,14,1,1.0,0.0,0.0,4.3999999999999915,4.3999999999999915,0.0,0.0,false,0.0,0.0,0.0,0.0,0.0
shared_battery_mode_node_level_v1,SI-Drahi_12-d1-HOM-ULO-BHI-3823bd76d5,TK-PB-Drahi_12-d1-HOM-ULO-60e05de704-r2,SS-ab7d85e13b5a,risk_neutral_expectation,2,MULTISTAGE_RH,LEXMMFSA,savings,13,15,1,1.0,0.0,0.0,4.3999999999999915,4.3999999999999915,0.0,0.0,false,0.0,0.0,0.0,0.0,0.0
shared_battery_mode_node_level_v1,SI-Drahi_12-d1-HOM-ULO-BHI-3823bd76d5,TK-PB-Drahi_12-d1-HOM-ULO-60e05de704-r2,SS-ab7d85e13b5a,risk_neutral_expectation,2,MULTISTAGE_RH,LEXMMFSA,savings,13,16,1,1.0,32.0,0.0,4.3999999999999915,34.79999999999999,0.0,0.0,false,0.0,0.0,0.0,0.0,0.0
shared_battery_mode_node_level_v1,SI-Drahi_12-d1-HOM-ULO-BHI-3823bd76d5,TK-PB-Drahi_12-d1-HOM-ULO-60e05de704-r2,SS-d9e9642706a1,risk_neutral_expectation,2,MULTISTAGE_RH,LEXMMFSA,savings,17,17,1,1.0,0.0,0.0,34.79999999999999,34.79999999999999,0.0,0.0,false,0.0,0.0,0.0,0.0,0.0
shared_battery_mode_node_level_v1,SI-Drahi_12-d1-HOM-ULO-BHI-3823bd76d5,TK-PB-Drahi_12-d1-HOM-ULO-60e05de704-r2,SS-d9e9642706a1,risk_neutral_expectation,2,MULTISTAGE_RH,LEXMMFSA,savings,17,18,1,1.0,0.0,0.0,34.79999999999999,34.79999999999999,0.0,0.0,false,0.0,0.0,0.0,0.0,0.0
shared_battery_mode_node_level_v1,SI-Drahi_12-d1-HOM-ULO-BHI-3823bd76d5,TK-PB-Drahi_12-d1-HOM-ULO-60e05de704-r2,SS-d9e9642706a1,risk_neutral_expectation,2,MULTISTAGE_RH,LEXMMFSA,savings,17,19,1,1.0,0.0,0.0,34.79999999999999,34.79999999999999,0.0,0.0,false,0.0,0.0,0.0,0.0,0.0
shared_battery_mode_node_level_v1,SI-Drahi_12-d1-HOM-ULO-BHI-3823bd76d5,TK-PB-Drahi_12-d1-HOM-ULO-60e05de704-r2,SS-d9e9642706a1,risk_neutral_expectation,2,MULTISTAGE_RH,LEXMMFSA,savings,17,20,1,1.0,32.0,0.0,34.79999999999999,65.19999999999999,0.0,0.0,false,0.0,0.0,0.0,0.0,0.0
shared_battery_mode_node_level_v1,SI-Drahi_12-d1-HOM-ULO-BHI-3823bd76d5,TK-PB-Drahi_12-d1-HOM-ULO-60e05de704-r2,SS-34ce05b803eb,risk_neutral_expectation,2,MULTISTAGE_RH,LEXMMFSA,savings,21,21,1,1.0,0.0,0.0,65.19999999999999,65.19999999999999,0.0,0.0,false,0.0,0.0,0.0,0.0,0.0
shared_battery_mode_node_level_v1,SI-Drahi_12-d1-HOM-ULO-BHI-3823bd76d5,TK-PB-Drahi_12-d1-HOM-ULO-60e05de704-r2,SS-34ce05b803eb,risk_neutral_expectation,2,MULTISTAGE_RH,LEXMMFSA,savings,21,22,1,1.0,32.0,0.0,65.19999999999999,95.6,0.0,0.0,false,0.0,0.0,1.4210854715202004e-14,0.0,0.0
shared_battery_mode_node_level_v1,SI-Drahi_12-d1-HOM-ULO-BHI-3823bd76d5,TK-PB-Drahi_12-d1-HOM-ULO-60e05de704-r2,SS-34ce05b803eb,risk_neutral_expectation,2,MULTISTAGE_RH,LEXMMFSA,savings,21,23,1,1.0,0.0,0.0,95.6,95.6,0.0,0.0,false,0.0,0.0,1.4210854715202004e-14,0.0,0.0
shared_battery_mode_node_level_v1,SI-Drahi_12-d1-HOM-ULO-BHI-3823bd76d5,TK-PB-Drahi_12-d1-HOM-ULO-60e05de704-r2,SS-34ce05b803eb,risk_neutral_expectation,2,MULTISTAGE_RH,LEXMMFSA,savings,21,24,1,1.0,32.00000000000004,0.0,95.6,126.00000000000003,4.263256414560601e-14,0.0,false,0.0,0.0,2.842170943040401e-14,2.842170943040401e-14,0.0
shared_battery_mode_node_level_v1,SI-Drahi_12-d1-HOM-ULO-BHI-3823bd76d5,TK-PB-Drahi_12-d1-HOM-ULO-60e05de704-r2,SS-34f937f9703a,risk_neutral_expectation,2,MULTISTAGE_RH,NONE,none,1,1,1,1.0,0.0,0.0,0.2,0.2,0.0,0.0,false,0.0,0.0,0.0,0.0,0.0
shared_battery_mode_node_level_v1,SI-Drahi_12-d1-HOM-ULO-BHI-3823bd76d5,TK-PB-Drahi_12-d1-HOM-ULO-60e05de704-r2,SS-34f937f9703a,risk_neutral_expectation,2,MULTISTAGE_RH,NONE,none,1,2,1,1.0,3.45706371191136,0.0,0.2,3.484210526315792,0.0,0.0,false,0.0,0.0,0.0,0.0,0.0
shared_battery_mode_node_level_v1,SI-Drahi_12-d1-HOM-ULO-BHI-3823bd76d5,TK-PB-Drahi_12-d1-HOM-ULO-60e05de704-r2,SS-34f937f9703a,risk_neutral_expectation,2,MULTISTAGE_RH,NONE,none,1,3,1,1.0,0.0,0.0,3.484210526315792,3.484210526315792,0.0,0.0,false,0.0,0.0,0.0,0.0,0.0
shared_battery_mode_node_level_v1,SI-Drahi_12-d1-HOM-ULO-BHI-3823bd76d5,TK-PB-Drahi_12-d1-HOM-ULO-60e05de704-r2,SS-34f937f9703a,risk_neutral_expectation,2,MULTISTAGE_RH,NONE,none,1,4,1,1.0,32.0,0.0,3.484210526315792,33.88421052631579,0.0,0.0,false,0.0,0.0,0.0,0.0,0.0
shared_battery_mode_node_level_v1,SI-Drahi_12-d1-HOM-ULO-BHI-3823bd76d5,TK-PB-Drahi_12-d1-HOM-ULO-60e05de704-r2,SS-e5e057e5b318,risk_neutral_expectation,2,MULTISTAGE_RH,NONE,none,5,5,1,1.0,0.0,0.0,33.88421052631579,33.88421052631579,0.0,0.0,false,0.0,0.0,0.0,0.0,0.0
shared_battery_mode_node_level_v1,SI-Drahi_12-d1-HOM-ULO-BHI-3823bd76d5,TK-PB-Drahi_12-d1-HOM-ULO-60e05de704-r2,SS-e5e057e5b318,risk_neutral_expectation,2,MULTISTAGE_RH,NONE,none,5,6,1,1.0,0.0,0.0,33.88421052631579,33.88421052631579,0.0,0.0,false,0.0,0.0,0.0,0.0,0.0
shared_battery_mode_node_level_v1,SI-Drahi_12-d1-HOM-ULO-BHI-3823bd76d5,TK-PB-Drahi_12-d1-HOM-ULO-60e05de704-r2,SS-e5e057e5b318,risk_neutral_expectation,2,MULTISTAGE_RH,NONE,none,5,7,1,0.0,0.0,32.0,33.88421052631579,0.20000000000000284,0.0,0.0,false,0.0,0.0,2.831068712794149e-15,0.0,0.0
shared_battery_mode_node_level_v1,SI-Drahi_12-d1-HOM-ULO-BHI-3823bd76d5,TK-PB-Drahi_12-d1-HOM-ULO-60e05de704-r2,SS-e5e057e5b318,risk_neutral_expectation,2,MULTISTAGE_RH,NONE,none,5,8,1,1.0,0.0,0.0,0.20000000000000284,0.20000000000000284,0.0,0.0,false,0.0,0.0,2.831068712794149e-15,0.0,0.0
shared_battery_mode_node_level_v1,SI-Drahi_12-d1-HOM-ULO-BHI-3823bd76d5,TK-PB-Drahi_12-d1-HOM-ULO-60e05de704-r2,SS-dd27c4cd5d46,risk_neutral_expectation,2,MULTISTAGE_RH,NONE,none,9,9,1,1.0,0.0,0.0,0.20000000000000284,0.20000000000000284,0.0,0.0,false,0.0,0.0,0.0,0.0,0.0
shared_battery_mode_node_level_v1,SI-Drahi_12-d1-HOM-ULO-BHI-3823bd76d5,TK-PB-Drahi_12-d1-HOM-ULO-60e05de704-r2,SS-dd27c4cd5d46,risk_neutral_expectation,2,MULTISTAGE_RH,NONE,none,9,10,1,1.0,0.0,0.0,0.20000000000000284,0.20000000000000284,0.0,0.0,false,0.0,0.0,0.0,0.0,0.0
shared_battery_mode_node_level_v1,SI-Drahi_12-d1-HOM-ULO-BHI-3823bd76d5,TK-PB-Drahi_12-d1-HOM-ULO-60e05de704-r2,SS-dd27c4cd5d46,risk_neutral_expectation,2,MULTISTAGE_RH,NONE,none,9,11,1,1.0,4.4210526315789345,0.0,0.20000000000000284,4.399999999999991,0.0,0.0,false,0.0,0.0,8.881784197001252e-16,0.0,0.0
shared_battery_mode_node_level_v1,SI-Drahi_12-d1-HOM-ULO-BHI-3823bd76d5,TK-PB-Drahi_12-d1-HOM-ULO-60e05de704-r2,SS-dd27c4cd5d46,risk_neutral_expectation,2,MULTISTAGE_RH,NONE,none,9,12,1,1.0,0.0,0.0,4.399999999999991,4.399999999999991,0.0,0.0,false,0.0,0.0,8.881784197001252e-16,0.0,0.0
shared_battery_mode_node_level_v1,SI-Drahi_12-d1-HOM-ULO-BHI-3823bd76d5,TK-PB-Drahi_12-d1-HOM-ULO-60e05de704-r2,SS-ab7d85e13b5a,risk_neutral_expectation,2,MULTISTAGE_RH,NONE,none,13,13,1,1.0,0.0,0.0,4.399999999999991,4.399999999999991,0.0,0.0,false,0.0,0.0,0.0,0.0,0.0
shared_battery_mode_node_level_v1,SI-Drahi_12-d1-HOM-ULO-BHI-3823bd76d5,TK-PB-Drahi_12-d1-HOM-ULO-60e05de704-r2,SS-ab7d85e13b5a,risk_neutral_expectation,2,MULTISTAGE_RH,NONE,none,13,14,1,1.0,0.0,0.0,4.399999999999991,4.399999999999991,0.0,0.0,false,0.0,0.0,0.0,0.0,0.0
shared_battery_mode_node_level_v1,SI-Drahi_12-d1-HOM-ULO-BHI-3823bd76d5,TK-PB-Drahi_12-d1-HOM-ULO-60e05de704-r2,SS-ab7d85e13b5a,risk_neutral_expectation,2,MULTISTAGE_RH,NONE,none,13,15,1,1.0,0.0,0.0,4.399999999999991,4.399999999999991,0.0,0.0,false,0.0,0.0,0.0,0.0,0.0
shared_battery_mode_node_level_v1,SI-Drahi_12-d1-HOM-ULO-BHI-3823bd76d5,TK-PB-Drahi_12-d1-HOM-ULO-60e05de704-r2,SS-ab7d85e13b5a,risk_neutral_expectation,2,MULTISTAGE_RH,NONE,none,13,16,1,1.0,32.0,0.0,4.399999999999991,34.79999999999999,0.0,0.0,false,0.0,0.0,0.0,0.0,0.0
shared_battery_mode_node_level_v1,SI-Drahi_12-d1-HOM-ULO-BHI-3823bd76d5,TK-PB-Drahi_12-d1-HOM-ULO-60e05de704-r2,SS-d9e9642706a1,risk_neutral_expectation,2,MULTISTAGE_RH,NONE,none,17,17,1,1.0,0.0,0.0,34.79999999999999,34.79999999999999,0.0,0.0,false,0.0,0.0,0.0,0.0,0.0
shared_battery_mode_node_level_v1,SI-Drahi_12-d1-HOM-ULO-BHI-3823bd76d5,TK-PB-Drahi_12-d1-HOM-ULO-60e05de704-r2,SS-d9e9642706a1,risk_neutral_expectation,2,MULTISTAGE_RH,NONE,none,17,18,1,1.0,0.0,0.0,34.79999999999999,34.79999999999999,0.0,0.0,false,0.0,0.0,0.0,0.0,0.0
shared_battery_mode_node_level_v1,SI-Drahi_12-d1-HOM-ULO-BHI-3823bd76d5,TK-PB-Drahi_12-d1-HOM-ULO-60e05de704-r2,SS-d9e9642706a1,risk_neutral_expectation,2,MULTISTAGE_RH,NONE,none,17,19,1,1.0,0.0,0.0,34.79999999999999,34.79999999999999,0.0,0.0,false,0.0,0.0,0.0,0.0,0.0
shared_battery_mode_node_level_v1,SI-Drahi_12-d1-HOM-ULO-BHI-3823bd76d5,TK-PB-Drahi_12-d1-HOM-ULO-60e05de704-r2,SS-d9e9642706a1,risk_neutral_expectation,2,MULTISTAGE_RH,NONE,none,17,20,1,1.0,32.0,0.0,34.79999999999999,65.19999999999999,0.0,0.0,false,0.0,0.0,0.0,0.0,0.0
shared_battery_mode_node_level_v1,SI-Drahi_12-d1-HOM-ULO-BHI-3823bd76d5,TK-PB-Drahi_12-d1-HOM-ULO-60e05de704-r2,SS-34ce05b803eb,risk_neutral_expectation,2,MULTISTAGE_RH,NONE,none,21,21,1,1.0,0.0,0.0,65.19999999999999,65.19999999999999,0.0,0.0,false,0.0,0.0,0.0,0.0,0.0
shared_battery_mode_node_level_v1,SI-Drahi_12-d1-HOM-ULO-BHI-3823bd76d5,TK-PB-Drahi_12-d1-HOM-ULO-60e05de704-r2,SS-34ce05b803eb,risk_neutral_expectation,2,MULTISTAGE_RH,NONE,none,21,22,1,1.0,32.0,0.0,65.19999999999999,95.6,0.0,0.0,false,0.0,0.0,0.0,0.0,0.0
shared_battery_mode_node_level_v1,SI-Drahi_12-d1-HOM-ULO-BHI-3823bd76d5,TK-PB-Drahi_12-d1-HOM-ULO-60e05de704-r2,SS-34ce05b803eb,risk_neutral_expectation,2,MULTISTAGE_RH,NONE,none,21,23,1,1.0,0.0,0.0,95.6,95.6,0.0,0.0,false,0.0,0.0,0.0,0.0,0.0
shared_battery_mode_node_level_v1,SI-Drahi_12-d1-HOM-ULO-BHI-3823bd76d5,TK-PB-Drahi_12-d1-HOM-ULO-60e05de704-r2,SS-34ce05b803eb,risk_neutral_expectation,2,MULTISTAGE_RH,NONE,none,21,24,1,1.0,32.0,0.0,95.6,126.0,0.0,0.0,false,0.0,0.0,0.0,0.0,0.0
shared_battery_mode_node_level_v1,SI-Drahi_12-d1-HOM-ULO-BHI-3823bd76d5,TK-PB-Drahi_12-d1-HOM-ULO-60e05de704-r2,SS-34f937f9703a,risk_neutral_expectation,2,MULTISTAGE_RH,PEA,pv,1,1,1,1.0,0.0,0.0,0.2,0.2,0.0,0.0,false,0.0,0.0,0.0,0.0,0.0
shared_battery_mode_node_level_v1,SI-Drahi_12-d1-HOM-ULO-BHI-3823bd76d5,TK-PB-Drahi_12-d1-HOM-ULO-60e05de704-r2,SS-34f937f9703a,risk_neutral_expectation,2,MULTISTAGE_RH,PEA,pv,1,2,1,1.0,3.45706371191136,0.0,0.2,3.484210526315792,0.0,0.0,false,0.0,0.0,0.0,0.0,0.0
shared_battery_mode_node_level_v1,SI-Drahi_12-d1-HOM-ULO-BHI-3823bd76d5,TK-PB-Drahi_12-d1-HOM-ULO-60e05de704-r2,SS-34f937f9703a,risk_neutral_expectation,2,MULTISTAGE_RH,PEA,pv,1,3,1,1.0,0.0,0.0,3.484210526315792,3.484210526315792,0.0,0.0,false,0.0,0.0,0.0,0.0,0.0
shared_battery_mode_node_level_v1,SI-Drahi_12-d1-HOM-ULO-BHI-3823bd76d5,TK-PB-Drahi_12-d1-HOM-ULO-60e05de704-r2,SS-34f937f9703a,risk_neutral_expectation,2,MULTISTAGE_RH,PEA,pv,1,4,1,1.0,32.0,0.0,3.484210526315792,33.88421052631579,0.0,0.0,false,0.0,0.0,0.0,0.0,0.0
shared_battery_mode_node_level_v1,SI-Drahi_12-d1-HOM-ULO-BHI-3823bd76d5,TK-PB-Drahi_12-d1-HOM-ULO-60e05de704-r2,SS-e5e057e5b318,risk_neutral_expectation,2,MULTISTAGE_RH,PEA,pv,5,5,1,1.0,0.0,0.0,33.88421052631579,33.88421052631579,0.0,0.0,false,0.0,0.0,0.0,0.0,0.0
shared_battery_mode_node_level_v1,SI-Drahi_12-d1-HOM-ULO-BHI-3823bd76d5,TK-PB-Drahi_12-d1-HOM-ULO-60e05de704-r2,SS-e5e057e5b318,risk_neutral_expectation,2,MULTISTAGE_RH,PEA,pv,5,6,1,1.0,0.0,0.0,33.88421052631579,33.88421052631579,0.0,0.0,false,0.0,0.0,0.0,0.0,0.0
shared_battery_mode_node_level_v1,SI-Drahi_12-d1-HOM-ULO-BHI-3823bd76d5,TK-PB-Drahi_12-d1-HOM-ULO-60e05de704-r2,SS-e5e057e5b318,risk_neutral_expectation,2,MULTISTAGE_RH,PEA,pv,5,7,1,0.0,0.0,32.0,33.88421052631579,0.20000000000000284,0.0,0.0,false,0.0,0.0,2.831068712794149e-15,0.0,0.0
shared_battery_mode_node_level_v1,SI-Drahi_12-d1-HOM-ULO-BHI-3823bd76d5,TK-PB-Drahi_12-d1-HOM-ULO-60e05de704-r2,SS-e5e057e5b318,risk_neutral_expectation,2,MULTISTAGE_RH,PEA,pv,5,8,1,1.0,0.0,0.0,0.20000000000000284,0.20000000000000284,0.0,0.0,false,0.0,0.0,2.831068712794149e-15,0.0,0.0
shared_battery_mode_node_level_v1,SI-Drahi_12-d1-HOM-ULO-BHI-3823bd76d5,TK-PB-Drahi_12-d1-HOM-ULO-60e05de704-r2,SS-dd27c4cd5d46,risk_neutral_expectation,2,MULTISTAGE_RH,PEA,pv,9,9,1,1.0,0.0,0.0,0.20000000000000284,0.20000000000000284,0.0,0.0,false,0.0,0.0,0.0,0.0,0.0
shared_battery_mode_node_level_v1,SI-Drahi_12-d1-HOM-ULO-BHI-3823bd76d5,TK-PB-Drahi_12-d1-HOM-ULO-60e05de704-r2,SS-dd27c4cd5d46,risk_neutral_expectation,2,MULTISTAGE_RH,PEA,pv,9,10,1,1.0,0.0,0.0,0.20000000000000284,0.20000000000000284,0.0,0.0,false,0.0,0.0,0.0,0.0,0.0
shared_battery_mode_node_level_v1,SI-Drahi_12-d1-HOM-ULO-BHI-3823bd76d5,TK-PB-Drahi_12-d1-HOM-ULO-60e05de704-r2,SS-dd27c4cd5d46,risk_neutral_expectation,2,MULTISTAGE_RH,PEA,pv,9,11,1,1.0,4.421052631578933,0.0,0.20000000000000284,4.399999999999989,0.0,0.0,false,0.0,0.0,8.881784197001252e-16,0.0,0.0
shared_battery_mode_node_level_v1,SI-Drahi_12-d1-HOM-ULO-BHI-3823bd76d5,TK-PB-Drahi_12-d1-HOM-ULO-60e05de704-r2,SS-dd27c4cd5d46,risk_neutral_expectation,2,MULTISTAGE_RH,PEA,pv,9,12,1,1.0,0.0,0.0,4.399999999999989,4.399999999999989,0.0,0.0,false,0.0,0.0,8.881784197001252e-16,0.0,0.0
shared_battery_mode_node_level_v1,SI-Drahi_12-d1-HOM-ULO-BHI-3823bd76d5,TK-PB-Drahi_12-d1-HOM-ULO-60e05de704-r2,SS-ab7d85e13b5a,risk_neutral_expectation,2,MULTISTAGE_RH,PEA,pv,13,13,1,1.0,0.0,0.0,4.399999999999989,4.399999999999989,0.0,0.0,false,0.0,0.0,0.0,0.0,0.0
shared_battery_mode_node_level_v1,SI-Drahi_12-d1-HOM-ULO-BHI-3823bd76d5,TK-PB-Drahi_12-d1-HOM-ULO-60e05de704-r2,SS-ab7d85e13b5a,risk_neutral_expectation,2,MULTISTAGE_RH,PEA,pv,13,14,1,1.0,0.0,0.0,4.399999999999989,4.399999999999989,0.0,0.0,false,0.0,0.0,0.0,0.0,0.0
shared_battery_mode_node_level_v1,SI-Drahi_12-d1-HOM-ULO-BHI-3823bd76d5,TK-PB-Drahi_12-d1-HOM-ULO-60e05de704-r2,SS-ab7d85e13b5a,risk_neutral_expectation,2,MULTISTAGE_RH,PEA,pv,13,15,1,1.0,0.0,0.0,4.399999999999989,4.399999999999989,0.0,0.0,false,0.0,0.0,0.0,0.0,0.0
shared_battery_mode_node_level_v1,SI-Drahi_12-d1-HOM-ULO-BHI-3823bd76d5,TK-PB-Drahi_12-d1-HOM-ULO-60e05de704-r2,SS-ab7d85e13b5a,risk_neutral_expectation,2,MULTISTAGE_RH,PEA,pv,13,16,1,1.0,32.0,0.0,4.399999999999989,34.79999999999999,0.0,0.0,false,0.0,0.0,0.0,0.0,0.0
shared_battery_mode_node_level_v1,SI-Drahi_12-d1-HOM-ULO-BHI-3823bd76d5,TK-PB-Drahi_12-d1-HOM-ULO-60e05de704-r2,SS-d9e9642706a1,risk_neutral_expectation,2,MULTISTAGE_RH,PEA,pv,17,17,1,1.0,0.0,0.0,34.79999999999999,34.79999999999999,0.0,0.0,false,0.0,0.0,0.0,0.0,0.0
shared_battery_mode_node_level_v1,SI-Drahi_12-d1-HOM-ULO-BHI-3823bd76d5,TK-PB-Drahi_12-d1-HOM-ULO-60e05de704-r2,SS-d9e9642706a1,risk_neutral_expectation,2,MULTISTAGE_RH,PEA,pv,17,18,1,1.0,0.0,0.0,34.79999999999999,34.79999999999999,0.0,0.0,false,0.0,0.0,0.0,0.0,0.0
shared_battery_mode_node_level_v1,SI-Drahi_12-d1-HOM-ULO-BHI-3823bd76d5,TK-PB-Drahi_12-d1-HOM-ULO-60e05de704-r2,SS-d9e9642706a1,risk_neutral_expectation,2,MULTISTAGE_RH,PEA,pv,17,19,1,1.0,0.0,0.0,34.79999999999999,34.79999999999999,0.0,0.0,false,0.0,0.0,0.0,0.0,0.0
shared_battery_mode_node_level_v1,SI-Drahi_12-d1-HOM-ULO-BHI-3823bd76d5,TK-PB-Drahi_12-d1-HOM-ULO-60e05de704-r2,SS-d9e9642706a1,risk_neutral_expectation,2,MULTISTAGE_RH,PEA,pv,17,20,1,1.0,32.0,0.0,34.79999999999999,65.19999999999999,0.0,0.0,false,0.0,0.0,0.0,0.0,0.0
shared_battery_mode_node_level_v1,SI-Drahi_12-d1-HOM-ULO-BHI-3823bd76d5,TK-PB-Drahi_12-d1-HOM-ULO-60e05de704-r2,SS-34ce05b803eb,risk_neutral_expectation,2,MULTISTAGE_RH,PEA,pv,21,21,1,1.0,0.0,0.0,65.19999999999999,65.19999999999999,0.0,0.0,false,0.0,0.0,0.0,0.0,0.0
shared_battery_mode_node_level_v1,SI-Drahi_12-d1-HOM-ULO-BHI-3823bd76d5,TK-PB-Drahi_12-d1-HOM-ULO-60e05de704-r2,SS-34ce05b803eb,risk_neutral_expectation,2,MULTISTAGE_RH,PEA,pv,21,22,1,1.0,32.0,0.0,65.19999999999999,95.6,0.0,0.0,false,0.0,0.0,0.0,0.0,0.0
shared_battery_mode_node_level_v1,SI-Drahi_12-d1-HOM-ULO-BHI-3823bd76d5,TK-PB-Drahi_12-d1-HOM-ULO-60e05de704-r2,SS-34ce05b803eb,risk_neutral_expectation,2,MULTISTAGE_RH,PEA,pv,21,23,1,1.0,0.0,0.0,95.6,95.6,0.0,0.0,false,0.0,0.0,0.0,0.0,0.0
shared_battery_mode_node_level_v1,SI-Drahi_12-d1-HOM-ULO-BHI-3823bd76d5,TK-PB-Drahi_12-d1-HOM-ULO-60e05de704-r2,SS-34ce05b803eb,risk_neutral_expectation,2,MULTISTAGE_RH,PEA,pv,21,24,1,1.0,32.0,0.0,95.6,126.0,0.0,0.0,false,0.0,0.0,0.0,0.0,0.0
shared_battery_mode_node_level_v1,SI-Drahi_12-d1-HOM-ULO-BHI-3823bd76d5,TK-PB-Drahi_12-d1-HOM-ULO-60e05de704-r2,SS-34f937f9703a,risk_neutral_expectation,2,MULTISTAGE_RH,SA,savings,1,1,1,1.0,0.0,0.0,0.2,0.2,0.0,0.0,false,0.0,0.0,0.0,0.0,0.0
shared_battery_mode_node_level_v1,SI-Drahi_12-d1-HOM-ULO-BHI-3823bd76d5,TK-PB-Drahi_12-d1-HOM-ULO-60e05de704-r2,SS-34f937f9703a,risk_neutral_expectation,2,MULTISTAGE_RH,SA,savings,1,2,1,1.0,3.4570637119113172,0.0,0.2,3.4842105263157515,0.0,0.0,false,0.0,0.0,2.220446049250313e-15,0.0,0.0
shared_battery_mode_node_level_v1,SI-Drahi_12-d1-HOM-ULO-BHI-3823bd76d5,TK-PB-Drahi_12-d1-HOM-ULO-60e05de704-r2,SS-34f937f9703a,risk_neutral_expectation,2,MULTISTAGE_RH,SA,savings,1,3,1,1.0,0.0,0.0,3.4842105263157515,3.4842105263157515,0.0,0.0,false,0.0,0.0,2.220446049250313e-15,0.0,0.0
shared_battery_mode_node_level_v1,SI-Drahi_12-d1-HOM-ULO-BHI-3823bd76d5,TK-PB-Drahi_12-d1-HOM-ULO-60e05de704-r2,SS-34f937f9703a,risk_neutral_expectation,2,MULTISTAGE_RH,SA,savings,1,4,1,1.0,32.00000000000003,0.0,3.4842105263157515,33.884210526315776,2.842170943040401e-14,0.0,false,0.0,0.0,1.4210854715202004e-14,0.0,0.0
shared_battery_mode_node_level_v1,SI-Drahi_12-d1-HOM-ULO-BHI-3823bd76d5,TK-PB-Drahi_12-d1-HOM-ULO-60e05de704-r2,SS-e5e057e5b318,risk_neutral_expectation,2,MULTISTAGE_RH,SA,savings,5,5,1,1.0,0.0,0.0,33.884210526315776,33.884210526315776,0.0,0.0,false,0.0,0.0,0.0,0.0,0.0
shared_battery_mode_node_level_v1,SI-Drahi_12-d1-HOM-ULO-BHI-3823bd76d5,TK-PB-Drahi_12-d1-HOM-ULO-60e05de704-r2,SS-e5e057e5b318,risk_neutral_expectation,2,MULTISTAGE_RH,SA,savings,5,6,1,1.0,0.0,0.0,33.884210526315776,33.884210526315776,0.0,0.0,false,0.0,0.0,0.0,0.0,0.0
shared_battery_mode_node_level_v1,SI-Drahi_12-d1-HOM-ULO-BHI-3823bd76d5,TK-PB-Drahi_12-d1-HOM-ULO-60e05de704-r2,SS-e5e057e5b318,risk_neutral_expectation,2,MULTISTAGE_RH,SA,savings,5,7,1,0.0,0.0,31.999999999999986,33.884210526315776,0.20000000000000284,0.0,0.0,false,0.0,0.0,2.831068712794149e-15,0.0,0.0
shared_battery_mode_node_level_v1,SI-Drahi_12-d1-HOM-ULO-BHI-3823bd76d5,TK-PB-Drahi_12-d1-HOM-ULO-60e05de704-r2,SS-e5e057e5b318,risk_neutral_expectation,2,MULTISTAGE_RH,SA,savings,5,8,1,1.0,0.0,0.0,0.20000000000000284,0.20000000000000284,0.0,0.0,false,0.0,0.0,2.831068712794149e-15,0.0,0.0
shared_battery_mode_node_level_v1,SI-Drahi_12-d1-HOM-ULO-BHI-3823bd76d5,TK-PB-Drahi_12-d1-HOM-ULO-60e05de704-r2,SS-dd27c4cd5d46,risk_neutral_expectation,2,MULTISTAGE_RH,SA,savings,9,9,1,1.0,0.0,0.0,0.20000000000000284,0.20000000000000284,0.0,0.0,false,0.0,0.0,0.0,0.0,0.0
shared_battery_mode_node_level_v1,SI-Drahi_12-d1-HOM-ULO-BHI-3823bd76d5,TK-PB-Drahi_12-d1-HOM-ULO-60e05de704-r2,SS-dd27c4cd5d46,risk_neutral_expectation,2,MULTISTAGE_RH,SA,savings,9,10,1,1.0,0.0,0.0,0.20000000000000284,0.20000000000000284,0.0,0.0,false,0.0,0.0,0.0,0.0,0.0
shared_battery_mode_node_level_v1,SI-Drahi_12-d1-HOM-ULO-BHI-3823bd76d5,TK-PB-Drahi_12-d1-HOM-ULO-60e05de704-r2,SS-dd27c4cd5d46,risk_neutral_expectation,2,MULTISTAGE_RH,SA,savings,9,11,1,1.0,4.421052631578935,0.0,0.20000000000000284,4.3999999999999915,0.0,0.0,false,0.0,0.0,0.0,0.0,0.0
shared_battery_mode_node_level_v1,SI-Drahi_12-d1-HOM-ULO-BHI-3823bd76d5,TK-PB-Drahi_12-d1-HOM-ULO-60e05de704-r2,SS-dd27c4cd5d46,risk_neutral_expectation,2,MULTISTAGE_RH,SA,savings,9,12,1,1.0,0.0,0.0,4.3999999999999915,4.3999999999999915,0.0,0.0,false,0.0,0.0,0.0,0.0,0.0
shared_battery_mode_node_level_v1,SI-Drahi_12-d1-HOM-ULO-BHI-3823bd76d5,TK-PB-Drahi_12-d1-HOM-ULO-60e05de704-r2,SS-ab7d85e13b5a,risk_neutral_expectation,2,MULTISTAGE_RH,SA,savings,13,13,1,1.0,0.0,0.0,4.3999999999999915,4.3999999999999915,0.0,0.0,false,0.0,0.0,0.0,0.0,0.0
shared_battery_mode_node_level_v1,SI-Drahi_12-d1-HOM-ULO-BHI-3823bd76d5,TK-PB-Drahi_12-d1-HOM-ULO-60e05de704-r2,SS-ab7d85e13b5a,risk_neutral_expectation,2,MULTISTAGE_RH,SA,savings,13,14,1,1.0,0.0,0.0,4.3999999999999915,4.3999999999999915,0.0,0.0,false,0.0,0.0,0.0,0.0,0.0
shared_battery_mode_node_level_v1,SI-Drahi_12-d1-HOM-ULO-BHI-3823bd76d5,TK-PB-Drahi_12-d1-HOM-ULO-60e05de704-r2,SS-ab7d85e13b5a,risk_neutral_expectation,2,MULTISTAGE_RH,SA,savings,13,15,1,1.0,0.0,0.0,4.3999999999999915,4.3999999999999915,0.0,0.0,false,0.0,0.0,0.0,0.0,0.0
shared_battery_mode_node_level_v1,SI-Drahi_12-d1-HOM-ULO-BHI-3823bd76d5,TK-PB-Drahi_12-d1-HOM-ULO-60e05de704-r2,SS-ab7d85e13b5a,risk_neutral_expectation,2,MULTISTAGE_RH,SA,savings,13,16,1,1.0,32.0,0.0,4.3999999999999915,34.79999999999999,0.0,0.0,false,0.0,0.0,0.0,0.0,0.0
shared_battery_mode_node_level_v1,SI-Drahi_12-d1-HOM-ULO-BHI-3823bd76d5,TK-PB-Drahi_12-d1-HOM-ULO-60e05de704-r2,SS-d9e9642706a1,risk_neutral_expectation,2,MULTISTAGE_RH,SA,savings,17,17,1,1.0,0.0,0.0,34.79999999999999,34.79999999999999,0.0,0.0,false,0.0,0.0,0.0,0.0,0.0
shared_battery_mode_node_level_v1,SI-Drahi_12-d1-HOM-ULO-BHI-3823bd76d5,TK-PB-Drahi_12-d1-HOM-ULO-60e05de704-r2,SS-d9e9642706a1,risk_neutral_expectation,2,MULTISTAGE_RH,SA,savings,17,18,1,1.0,0.0,0.0,34.79999999999999,34.79999999999999,0.0,0.0,false,0.0,0.0,0.0,0.0,0.0
shared_battery_mode_node_level_v1,SI-Drahi_12-d1-HOM-ULO-BHI-3823bd76d5,TK-PB-Drahi_12-d1-HOM-ULO-60e05de704-r2,SS-d9e9642706a1,risk_neutral_expectation,2,MULTISTAGE_RH,SA,savings,17,19,1,1.0,0.0,0.0,34.79999999999999,34.79999999999999,0.0,0.0,false,0.0,0.0,0.0,0.0,0.0
shared_battery_mode_node_level_v1,SI-Drahi_12-d1-HOM-ULO-BHI-3823bd76d5,TK-PB-Drahi_12-d1-HOM-ULO-60e05de704-r2,SS-d9e9642706a1,risk_neutral_expectation,2,MULTISTAGE_RH,SA,savings,17,20,1,1.0,32.0,0.0,34.79999999999999,65.19999999999999,0.0,0.0,false,0.0,0.0,0.0,0.0,0.0
shared_battery_mode_node_level_v1,SI-Drahi_12-d1-HOM-ULO-BHI-3823bd76d5,TK-PB-Drahi_12-d1-HOM-ULO-60e05de704-r2,SS-34ce05b803eb,risk_neutral_expectation,2,MULTISTAGE_RH,SA,savings,21,21,1,1.0,0.0,0.0,65.19999999999999,65.19999999999999,0.0,0.0,false,0.0,0.0,0.0,0.0,0.0
shared_battery_mode_node_level_v1,SI-Drahi_12-d1-HOM-ULO-BHI-3823bd76d5,TK-PB-Drahi_12-d1-HOM-ULO-60e05de704-r2,SS-34ce05b803eb,risk_neutral_expectation,2,MULTISTAGE_RH,SA,savings,21,22,1,1.0,32.0,0.0,65.19999999999999,95.6,0.0,0.0,false,0.0,0.0,0.0,0.0,0.0
shared_battery_mode_node_level_v1,SI-Drahi_12-d1-HOM-ULO-BHI-3823bd76d5,TK-PB-Drahi_12-d1-HOM-ULO-60e05de704-r2,SS-34ce05b803eb,risk_neutral_expectation,2,MULTISTAGE_RH,SA,savings,21,23,1,1.0,0.0,0.0,95.6,95.6,0.0,0.0,false,0.0,0.0,0.0,0.0,0.0
shared_battery_mode_node_level_v1,SI-Drahi_12-d1-HOM-ULO-BHI-3823bd76d5,TK-PB-Drahi_12-d1-HOM-ULO-60e05de704-r2,SS-34ce05b803eb,risk_neutral_expectation,2,MULTISTAGE_RH,SA,savings,21,24,1,1.0,32.000000000000014,0.0,95.6,126.0,1.4210854715202004e-14,0.0,false,0.0,0.0,0.0,0.0,0.0
shared_battery_mode_node_level_v1,SI-Drahi_12-d1-HOM-ULO-BHI-3823bd76d5,TK-PB-Drahi_12-d1-HOM-ULO-60e05de704-r2,SS-34f937f9703a,risk_neutral_expectation,2,MULTISTAGE_RH,STATIC_DEMAND_SHARE,pv,1,1,1,1.0,0.0,0.0,0.2,0.2,0.0,0.0,false,0.0,0.0,0.0,0.0,0.0
shared_battery_mode_node_level_v1,SI-Drahi_12-d1-HOM-ULO-BHI-3823bd76d5,TK-PB-Drahi_12-d1-HOM-ULO-60e05de704-r2,SS-34f937f9703a,risk_neutral_expectation,2,MULTISTAGE_RH,STATIC_DEMAND_SHARE,pv,1,2,1,1.0,3.45706371191136,0.0,0.2,3.484210526315792,0.0,0.0,false,0.0,0.0,0.0,0.0,0.0
shared_battery_mode_node_level_v1,SI-Drahi_12-d1-HOM-ULO-BHI-3823bd76d5,TK-PB-Drahi_12-d1-HOM-ULO-60e05de704-r2,SS-34f937f9703a,risk_neutral_expectation,2,MULTISTAGE_RH,STATIC_DEMAND_SHARE,pv,1,3,1,1.0,0.0,0.0,3.484210526315792,3.484210526315792,0.0,0.0,false,0.0,0.0,0.0,0.0,0.0
shared_battery_mode_node_level_v1,SI-Drahi_12-d1-HOM-ULO-BHI-3823bd76d5,TK-PB-Drahi_12-d1-HOM-ULO-60e05de704-r2,SS-34f937f9703a,risk_neutral_expectation,2,MULTISTAGE_RH,STATIC_DEMAND_SHARE,pv,1,4,1,1.0,32.0,0.0,3.484210526315792,33.88421052631579,0.0,0.0,false,0.0,0.0,0.0,0.0,0.0
shared_battery_mode_node_level_v1,SI-Drahi_12-d1-HOM-ULO-BHI-3823bd76d5,TK-PB-Drahi_12-d1-HOM-ULO-60e05de704-r2,SS-e5e057e5b318,risk_neutral_expectation,2,MULTISTAGE_RH,STATIC_DEMAND_SHARE,pv,5,5,1,1.0,0.0,0.0,33.88421052631579,33.88421052631579,0.0,0.0,false,0.0,0.0,0.0,0.0,0.0
shared_battery_mode_node_level_v1,SI-Drahi_12-d1-HOM-ULO-BHI-3823bd76d5,TK-PB-Drahi_12-d1-HOM-ULO-60e05de704-r2,SS-e5e057e5b318,risk_neutral_expectation,2,MULTISTAGE_RH,STATIC_DEMAND_SHARE,pv,5,6,1,1.0,0.0,0.0,33.88421052631579,33.88421052631579,0.0,0.0,false,0.0,0.0,0.0,0.0,0.0
shared_battery_mode_node_level_v1,SI-Drahi_12-d1-HOM-ULO-BHI-3823bd76d5,TK-PB-Drahi_12-d1-HOM-ULO-60e05de704-r2,SS-e5e057e5b318,risk_neutral_expectation,2,MULTISTAGE_RH,STATIC_DEMAND_SHARE,pv,5,7,1,0.0,0.0,32.0,33.88421052631579,0.20000000000000284,0.0,0.0,false,0.0,0.0,2.831068712794149e-15,0.0,0.0
shared_battery_mode_node_level_v1,SI-Drahi_12-d1-HOM-ULO-BHI-3823bd76d5,TK-PB-Drahi_12-d1-HOM-ULO-60e05de704-r2,SS-e5e057e5b318,risk_neutral_expectation,2,MULTISTAGE_RH,STATIC_DEMAND_SHARE,pv,5,8,1,1.0,0.0,0.0,0.20000000000000284,0.20000000000000284,0.0,0.0,false,0.0,0.0,2.831068712794149e-15,0.0,0.0
shared_battery_mode_node_level_v1,SI-Drahi_12-d1-HOM-ULO-BHI-3823bd76d5,TK-PB-Drahi_12-d1-HOM-ULO-60e05de704-r2,SS-dd27c4cd5d46,risk_neutral_expectation,2,MULTISTAGE_RH,STATIC_DEMAND_SHARE,pv,9,9,1,1.0,0.0,0.0,0.20000000000000284,0.20000000000000284,0.0,0.0,false,0.0,0.0,0.0,0.0,0.0
shared_battery_mode_node_level_v1,SI-Drahi_12-d1-HOM-ULO-BHI-3823bd76d5,TK-PB-Drahi_12-d1-HOM-ULO-60e05de704-r2,SS-dd27c4cd5d46,risk_neutral_expectation,2,MULTISTAGE_RH,STATIC_DEMAND_SHARE,pv,9,10,1,1.0,0.0,0.0,0.20000000000000284,0.20000000000000284,0.0,0.0,false,0.0,0.0,0.0,0.0,0.0
shared_battery_mode_node_level_v1,SI-Drahi_12-d1-HOM-ULO-BHI-3823bd76d5,TK-PB-Drahi_12-d1-HOM-ULO-60e05de704-r2,SS-dd27c4cd5d46,risk_neutral_expectation,2,MULTISTAGE_RH,STATIC_DEMAND_SHARE,pv,9,11,1,1.0,4.4210526315789345,0.0,0.20000000000000284,4.399999999999991,0.0,0.0,false,0.0,0.0,8.881784197001252e-16,0.0,0.0
shared_battery_mode_node_level_v1,SI-Drahi_12-d1-HOM-ULO-BHI-3823bd76d5,TK-PB-Drahi_12-d1-HOM-ULO-60e05de704-r2,SS-dd27c4cd5d46,risk_neutral_expectation,2,MULTISTAGE_RH,STATIC_DEMAND_SHARE,pv,9,12,1,1.0,0.0,0.0,4.399999999999991,4.399999999999991,0.0,0.0,false,0.0,0.0,8.881784197001252e-16,0.0,0.0
shared_battery_mode_node_level_v1,SI-Drahi_12-d1-HOM-ULO-BHI-3823bd76d5,TK-PB-Drahi_12-d1-HOM-ULO-60e05de704-r2,SS-ab7d85e13b5a,risk_neutral_expectation,2,MULTISTAGE_RH,STATIC_DEMAND_SHARE,pv,13,13,1,1.0,0.0,0.0,4.399999999999991,4.399999999999991,0.0,0.0,false,0.0,0.0,0.0,0.0,0.0
shared_battery_mode_node_level_v1,SI-Drahi_12-d1-HOM-ULO-BHI-3823bd76d5,TK-PB-Drahi_12-d1-HOM-ULO-60e05de704-r2,SS-ab7d85e13b5a,risk_neutral_expectation,2,MULTISTAGE_RH,STATIC_DEMAND_SHARE,pv,13,14,1,1.0,0.0,0.0,4.399999999999991,4.399999999999991,0.0,0.0,false,0.0,0.0,0.0,0.0,0.0
shared_battery_mode_node_level_v1,SI-Drahi_12-d1-HOM-ULO-BHI-3823bd76d5,TK-PB-Drahi_12-d1-HOM-ULO-60e05de704-r2,SS-ab7d85e13b5a,risk_neutral_expectation,2,MULTISTAGE_RH,STATIC_DEMAND_SHARE,pv,13,15,1,1.0,0.0,0.0,4.399999999999991,4.399999999999991,0.0,0.0,false,0.0,0.0,0.0,0.0,0.0
shared_battery_mode_node_level_v1,SI-Drahi_12-d1-HOM-ULO-BHI-3823bd76d5,TK-PB-Drahi_12-d1-HOM-ULO-60e05de704-r2,SS-ab7d85e13b5a,risk_neutral_expectation,2,MULTISTAGE_RH,STATIC_DEMAND_SHARE,pv,13,16,1,1.0,32.0,0.0,4.399999999999991,34.79999999999999,0.0,0.0,false,0.0,0.0,0.0,0.0,0.0
shared_battery_mode_node_level_v1,SI-Drahi_12-d1-HOM-ULO-BHI-3823bd76d5,TK-PB-Drahi_12-d1-HOM-ULO-60e05de704-r2,SS-d9e9642706a1,risk_neutral_expectation,2,MULTISTAGE_RH,STATIC_DEMAND_SHARE,pv,17,17,1,1.0,0.0,0.0,34.79999999999999,34.79999999999999,0.0,0.0,false,0.0,0.0,0.0,0.0,0.0
shared_battery_mode_node_level_v1,SI-Drahi_12-d1-HOM-ULO-BHI-3823bd76d5,TK-PB-Drahi_12-d1-HOM-ULO-60e05de704-r2,SS-d9e9642706a1,risk_neutral_expectation,2,MULTISTAGE_RH,STATIC_DEMAND_SHARE,pv,17,18,1,1.0,0.0,0.0,34.79999999999999,34.79999999999999,0.0,0.0,false,0.0,0.0,0.0,0.0,0.0
shared_battery_mode_node_level_v1,SI-Drahi_12-d1-HOM-ULO-BHI-3823bd76d5,TK-PB-Drahi_12-d1-HOM-ULO-60e05de704-r2,SS-d9e9642706a1,risk_neutral_expectation,2,MULTISTAGE_RH,STATIC_DEMAND_SHARE,pv,17,19,1,1.0,0.0,0.0,34.79999999999999,34.79999999999999,0.0,0.0,false,0.0,0.0,0.0,0.0,0.0
shared_battery_mode_node_level_v1,SI-Drahi_12-d1-HOM-ULO-BHI-3823bd76d5,TK-PB-Drahi_12-d1-HOM-ULO-60e05de704-r2,SS-d9e9642706a1,risk_neutral_expectation,2,MULTISTAGE_RH,STATIC_DEMAND_SHARE,pv,17,20,1,1.0,32.0,0.0,34.79999999999999,65.19999999999999,0.0,0.0,false,0.0,0.0,0.0,0.0,0.0
shared_battery_mode_node_level_v1,SI-Drahi_12-d1-HOM-ULO-BHI-3823bd76d5,TK-PB-Drahi_12-d1-HOM-ULO-60e05de704-r2,SS-34ce05b803eb,risk_neutral_expectation,2,MULTISTAGE_RH,STATIC_DEMAND_SHARE,pv,21,21,1,1.0,0.0,0.0,65.19999999999999,65.19999999999999,0.0,0.0,false,0.0,0.0,0.0,0.0,0.0
shared_battery_mode_node_level_v1,SI-Drahi_12-d1-HOM-ULO-BHI-3823bd76d5,TK-PB-Drahi_12-d1-HOM-ULO-60e05de704-r2,SS-34ce05b803eb,risk_neutral_expectation,2,MULTISTAGE_RH,STATIC_DEMAND_SHARE,pv,21,22,1,1.0,32.0,0.0,65.19999999999999,95.6,0.0,0.0,false,0.0,0.0,0.0,0.0,0.0
shared_battery_mode_node_level_v1,SI-Drahi_12-d1-HOM-ULO-BHI-3823bd76d5,TK-PB-Drahi_12-d1-HOM-ULO-60e05de704-r2,SS-34ce05b803eb,risk_neutral_expectation,2,MULTISTAGE_RH,STATIC_DEMAND_SHARE,pv,21,23,1,1.0,0.0,0.0,95.6,95.6,0.0,0.0,false,0.0,0.0,0.0,0.0,0.0
shared_battery_mode_node_level_v1,SI-Drahi_12-d1-HOM-ULO-BHI-3823bd76d5,TK-PB-Drahi_12-d1-HOM-ULO-60e05de704-r2,SS-34ce05b803eb,risk_neutral_expectation,2,MULTISTAGE_RH,STATIC_DEMAND_SHARE,pv,21,24,1,1.0,32.0,0.0,95.6,126.0,0.0,0.0,false,0.0,0.0,0.0,0.0,0.0
shared_battery_mode_node_level_v1,SI-Drahi_12-d1-HOM-ULO-BHI-3823bd76d5,TK-PB-Drahi_12-d1-HOM-ULO-60e05de704-r2,SS-34f937f9703a,risk_neutral_expectation,2,TWO_STAGE_RH,LEXMMFPEA,pv,1,1,1,1.0,0.0,0.0,0.2,0.2,0.0,0.0,false,0.0,0.0,0.0,0.0,0.0
shared_battery_mode_node_level_v1,SI-Drahi_12-d1-HOM-ULO-BHI-3823bd76d5,TK-PB-Drahi_12-d1-HOM-ULO-60e05de704-r2,SS-34f937f9703a,risk_neutral_expectation,2,TWO_STAGE_RH,LEXMMFPEA,pv,1,2,1,1.0,3.4570637119113594,0.0,0.2,3.4842105263157914,0.0,0.0,false,0.0,0.0,4.440892098500626e-16,0.0,0.0
shared_battery_mode_node_level_v1,SI-Drahi_12-d1-HOM-ULO-BHI-3823bd76d5,TK-PB-Drahi_12-d1-HOM-ULO-60e05de704-r2,SS-34f937f9703a,risk_neutral_expectation,2,TWO_STAGE_RH,LEXMMFPEA,pv,1,3,1,1.0,0.0,0.0,3.4842105263157914,3.4842105263157914,0.0,0.0,false,0.0,0.0,4.440892098500626e-16,0.0,0.0
shared_battery_mode_node_level_v1,SI-Drahi_12-d1-HOM-ULO-BHI-3823bd76d5,TK-PB-Drahi_12-d1-HOM-ULO-60e05de704-r2,SS-34f937f9703a,risk_neutral_expectation,2,TWO_STAGE_RH,LEXMMFPEA,pv,1,4,1,1.0,32.0,0.0,3.4842105263157914,33.88421052631579,0.0,0.0,false,0.0,0.0,0.0,0.0,0.0
shared_battery_mode_node_level_v1,SI-Drahi_12-d1-HOM-ULO-BHI-3823bd76d5,TK-PB-Drahi_12-d1-HOM-ULO-60e05de704-r2,SS-e5e057e5b318,risk_neutral_expectation,2,TWO_STAGE_RH,LEXMMFPEA,pv,5,5,1,1.0,0.0,0.0,33.88421052631579,33.88421052631579,0.0,0.0,false,0.0,0.0,0.0,0.0,0.0
shared_battery_mode_node_level_v1,SI-Drahi_12-d1-HOM-ULO-BHI-3823bd76d5,TK-PB-Drahi_12-d1-HOM-ULO-60e05de704-r2,SS-e5e057e5b318,risk_neutral_expectation,2,TWO_STAGE_RH,LEXMMFPEA,pv,5,6,1,0.0,0.0,0.0,33.88421052631579,33.88421052631579,0.0,0.0,false,0.0,0.0,0.0,0.0,0.0
shared_battery_mode_node_level_v1,SI-Drahi_12-d1-HOM-ULO-BHI-3823bd76d5,TK-PB-Drahi_12-d1-HOM-ULO-60e05de704-r2,SS-e5e057e5b318,risk_neutral_expectation,2,TWO_STAGE_RH,LEXMMFPEA,pv,5,7,1,0.0,0.0,32.0,33.88421052631579,0.20000000000000284,0.0,0.0,false,0.0,0.0,2.831068712794149e-15,0.0,0.0
shared_battery_mode_node_level_v1,SI-Drahi_12-d1-HOM-ULO-BHI-3823bd76d5,TK-PB-Drahi_12-d1-HOM-ULO-60e05de704-r2,SS-e5e057e5b318,risk_neutral_expectation,2,TWO_STAGE_RH,LEXMMFPEA,pv,5,8,1,1.0,0.0,0.0,0.20000000000000284,0.20000000000000284,0.0,0.0,false,0.0,0.0,2.831068712794149e-15,0.0,0.0
shared_battery_mode_node_level_v1,SI-Drahi_12-d1-HOM-ULO-BHI-3823bd76d5,TK-PB-Drahi_12-d1-HOM-ULO-60e05de704-r2,SS-dd27c4cd5d46,risk_neutral_expectation,2,TWO_STAGE_RH,LEXMMFPEA,pv,9,9,1,1.0,0.0,0.0,0.20000000000000284,0.20000000000000284,0.0,0.0,false,0.0,0.0,0.0,0.0,0.0
shared_battery_mode_node_level_v1,SI-Drahi_12-d1-HOM-ULO-BHI-3823bd76d5,TK-PB-Drahi_12-d1-HOM-ULO-60e05de704-r2,SS-dd27c4cd5d46,risk_neutral_expectation,2,TWO_STAGE_RH,LEXMMFPEA,pv,9,10,1,0.0,0.0,0.0,0.20000000000000284,0.20000000000000284,0.0,0.0,false,0.0,0.0,0.0,0.0,0.0
shared_battery_mode_node_level_v1,SI-Drahi_12-d1-HOM-ULO-BHI-3823bd76d5,TK-PB-Drahi_12-d1-HOM-ULO-60e05de704-r2,SS-dd27c4cd5d46,risk_neutral_expectation,2,TWO_STAGE_RH,LEXMMFPEA,pv,9,11,1,1.0,4.421052631578995,0.0,0.20000000000000284,4.400000000000047,0.0,0.0,false,0.0,0.0,5.595524044110789e-14,0.0,0.0
shared_battery_mode_node_level_v1,SI-Drahi_12-d1-HOM-ULO-BHI-3823bd76d5,TK-PB-Drahi_12-d1-HOM-ULO-60e05de704-r2,SS-dd27c4cd5d46,risk_neutral_expectation,2,TWO_STAGE_RH,LEXMMFPEA,pv,9,12,1,0.0,0.0,0.0,4.400000000000047,4.400000000000047,0.0,0.0,false,0.0,0.0,5.595524044110789e-14,0.0,0.0
shared_battery_mode_node_level_v1,SI-Drahi_12-d1-HOM-ULO-BHI-3823bd76d5,TK-PB-Drahi_12-d1-HOM-ULO-60e05de704-r2,SS-ab7d85e13b5a,risk_neutral_expectation,2,TWO_STAGE_RH,LEXMMFPEA,pv,13,13,1,1.0,0.0,0.0,4.400000000000047,4.400000000000047,0.0,0.0,false,0.0,0.0,0.0,0.0,0.0
shared_battery_mode_node_level_v1,SI-Drahi_12-d1-HOM-ULO-BHI-3823bd76d5,TK-PB-Drahi_12-d1-HOM-ULO-60e05de704-r2,SS-ab7d85e13b5a,risk_neutral_expectation,2,TWO_STAGE_RH,LEXMMFPEA,pv,13,14,1,1.0,0.0,0.0,4.400000000000047,4.400000000000047,0.0,0.0,false,0.0,0.0,0.0,0.0,0.0
shared_battery_mode_node_level_v1,SI-Drahi_12-d1-HOM-ULO-BHI-3823bd76d5,TK-PB-Drahi_12-d1-HOM-ULO-60e05de704-r2,SS-ab7d85e13b5a,risk_neutral_expectation,2,TWO_STAGE_RH,LEXMMFPEA,pv,13,15,1,0.0,0.0,0.0,4.400000000000047,4.400000000000047,0.0,0.0,false,0.0,0.0,0.0,0.0,0.0
shared_battery_mode_node_level_v1,SI-Drahi_12-d1-HOM-ULO-BHI-3823bd76d5,TK-PB-Drahi_12-d1-HOM-ULO-60e05de704-r2,SS-ab7d85e13b5a,risk_neutral_expectation,2,TWO_STAGE_RH,LEXMMFPEA,pv,13,16,1,1.0,32.00000000000002,0.0,4.400000000000047,34.80000000000007,2.1316282072803006e-14,0.0,false,0.0,0.0,0.0,0.0,0.0
shared_battery_mode_node_level_v1,SI-Drahi_12-d1-HOM-ULO-BHI-3823bd76d5,TK-PB-Drahi_12-d1-HOM-ULO-60e05de704-r2,SS-d9e9642706a1,risk_neutral_expectation,2,TWO_STAGE_RH,LEXMMFPEA,pv,17,17,1,1.0,0.0,0.0,34.80000000000007,34.80000000000007,0.0,0.0,false,0.0,0.0,0.0,0.0,0.0
shared_battery_mode_node_level_v1,SI-Drahi_12-d1-HOM-ULO-BHI-3823bd76d5,TK-PB-Drahi_12-d1-HOM-ULO-60e05de704-r2,SS-d9e9642706a1,risk_neutral_expectation,2,TWO_STAGE_RH,LEXMMFPEA,pv,17,18,1,0.0,0.0,0.0,34.80000000000007,34.80000000000007,0.0,0.0,false,0.0,0.0,0.0,0.0,0.0
shared_battery_mode_node_level_v1,SI-Drahi_12-d1-HOM-ULO-BHI-3823bd76d5,TK-PB-Drahi_12-d1-HOM-ULO-60e05de704-r2,SS-d9e9642706a1,risk_neutral_expectation,2,TWO_STAGE_RH,LEXMMFPEA,pv,17,19,1,1.0,0.0,0.0,34.80000000000007,34.80000000000007,0.0,0.0,false,0.0,0.0,0.0,0.0,0.0
shared_battery_mode_node_level_v1,SI-Drahi_12-d1-HOM-ULO-BHI-3823bd76d5,TK-PB-Drahi_12-d1-HOM-ULO-60e05de704-r2,SS-d9e9642706a1,risk_neutral_expectation,2,TWO_STAGE_RH,LEXMMFPEA,pv,17,20,1,1.0,32.0,0.0,34.80000000000007,65.20000000000007,0.0,0.0,false,0.0,0.0,0.0,0.0,0.0
shared_battery_mode_node_level_v1,SI-Drahi_12-d1-HOM-ULO-BHI-3823bd76d5,TK-PB-Drahi_12-d1-HOM-ULO-60e05de704-r2,SS-34ce05b803eb,risk_neutral_expectation,2,TWO_STAGE_RH,LEXMMFPEA,pv,21,21,1,0.0,0.0,0.0,65.20000000000007,65.20000000000007,0.0,0.0,false,0.0,0.0,0.0,0.0,0.0
shared_battery_mode_node_level_v1,SI-Drahi_12-d1-HOM-ULO-BHI-3823bd76d5,TK-PB-Drahi_12-d1-HOM-ULO-60e05de704-r2,SS-34ce05b803eb,risk_neutral_expectation,2,TWO_STAGE_RH,LEXMMFPEA,pv,21,22,1,1.0,32.0,0.0,65.20000000000007,95.60000000000008,0.0,0.0,false,0.0,0.0,0.0,0.0,0.0
shared_battery_mode_node_level_v1,SI-Drahi_12-d1-HOM-ULO-BHI-3823bd76d5,TK-PB-Drahi_12-d1-HOM-ULO-60e05de704-r2,SS-34ce05b803eb,risk_neutral_expectation,2,TWO_STAGE_RH,LEXMMFPEA,pv,21,23,1,1.0,0.0,0.0,95.60000000000008,95.60000000000008,0.0,0.0,false,0.0,0.0,0.0,0.0,0.0
shared_battery_mode_node_level_v1,SI-Drahi_12-d1-HOM-ULO-BHI-3823bd76d5,TK-PB-Drahi_12-d1-HOM-ULO-60e05de704-r2,SS-34ce05b803eb,risk_neutral_expectation,2,TWO_STAGE_RH,LEXMMFPEA,pv,21,24,1,1.0,31.999999999999915,0.0,95.60000000000008,126.0,0.0,0.0,false,0.0,0.0,0.0,0.0,0.0
shared_battery_mode_node_level_v1,SI-Drahi_12-d1-HOM-ULO-BHI-3823bd76d5,TK-PB-Drahi_12-d1-HOM-ULO-60e05de704-r2,SS-34f937f9703a,risk_neutral_expectation,2,TWO_STAGE_RH,LEXMMFSA,savings,1,1,1,1.0,0.0,0.0,0.2,0.2,0.0,0.0,false,0.0,0.0,0.0,0.0,0.0
shared_battery_mode_node_level_v1,SI-Drahi_12-d1-HOM-ULO-BHI-3823bd76d5,TK-PB-Drahi_12-d1-HOM-ULO-60e05de704-r2,SS-34f937f9703a,risk_neutral_expectation,2,TWO_STAGE_RH,LEXMMFSA,savings,1,2,1,1.0,3.457063711911303,0.0,0.2,3.4842105263157377,0.0,0.0,false,0.0,0.0,1.1546319456101628e-14,0.0,0.0
shared_battery_mode_node_level_v1,SI-Drahi_12-d1-HOM-ULO-BHI-3823bd76d5,TK-PB-Drahi_12-d1-HOM-ULO-60e05de704-r2,SS-34f937f9703a,risk_neutral_expectation,2,TWO_STAGE_RH,LEXMMFSA,savings,1,3,1,1.0,0.0,0.0,3.4842105263157377,3.4842105263157377,0.0,0.0,false,0.0,0.0,1.1546319456101628e-14,0.0,0.0
shared_battery_mode_node_level_v1,SI-Drahi_12-d1-HOM-ULO-BHI-3823bd76d5,TK-PB-Drahi_12-d1-HOM-ULO-60e05de704-r2,SS-34f937f9703a,risk_neutral_expectation,2,TWO_STAGE_RH,LEXMMFSA,savings,1,4,1,1.0,32.0,0.0,3.4842105263157377,33.884210526315734,0.0,0.0,false,0.0,0.0,5.684341886080802e-14,0.0,0.0
shared_battery_mode_node_level_v1,SI-Drahi_12-d1-HOM-ULO-BHI-3823bd76d5,TK-PB-Drahi_12-d1-HOM-ULO-60e05de704-r2,SS-e5e057e5b318,risk_neutral_expectation,2,TWO_STAGE_RH,LEXMMFSA,savings,5,5,1,1.0,0.0,0.0,33.884210526315734,33.884210526315734,0.0,0.0,false,0.0,0.0,0.0,0.0,0.0
shared_battery_mode_node_level_v1,SI-Drahi_12-d1-HOM-ULO-BHI-3823bd76d5,TK-PB-Drahi_12-d1-HOM-ULO-60e05de704-r2,SS-e5e057e5b318,risk_neutral_expectation,2,TWO_STAGE_RH,LEXMMFSA,savings,5,6,1,1.0,0.0,0.0,33.884210526315734,33.884210526315734,0.0,0.0,false,0.0,0.0,0.0,0.0,0.0
shared_battery_mode_node_level_v1,SI-Drahi_12-d1-HOM-ULO-BHI-3823bd76d5,TK-PB-Drahi_12-d1-HOM-ULO-60e05de704-r2,SS-e5e057e5b318,risk_neutral_expectation,2,TWO_STAGE_RH,LEXMMFSA,savings,5,7,1,0.0,0.0,31.999999999999947,33.884210526315734,0.19999999999999574,0.0,0.0,false,0.0,0.0,4.274358644806853e-15,4.274358644806853e-15,0.0
shared_battery_mode_node_level_v1,SI-Drahi_12-d1-HOM-ULO-BHI-3823bd76d5,TK-PB-Drahi_12-d1-HOM-ULO-60e05de704-r2,SS-e5e057e5b318,risk_neutral_expectation,2,TWO_STAGE_RH,LEXMMFSA,savings,5,8,1,1.0,0.0,0.0,0.19999999999999574,0.19999999999999574,0.0,0.0,false,0.0,0.0,4.274358644806853e-15,4.274358644806853e-15,0.0
shared_battery_mode_node_level_v1,SI-Drahi_12-d1-HOM-ULO-BHI-3823bd76d5,TK-PB-Drahi_12-d1-HOM-ULO-60e05de704-r2,SS-dd27c4cd5d46,risk_neutral_expectation,2,TWO_STAGE_RH,LEXMMFSA,savings,9,9,1,1.0,0.0,0.0,0.19999999999999574,0.19999999999999574,0.0,0.0,false,0.0,0.0,4.274358644806853e-15,4.274358644806853e-15,0.0
shared_battery_mode_node_level_v1,SI-Drahi_12-d1-HOM-ULO-BHI-3823bd76d5,TK-PB-Drahi_12-d1-HOM-ULO-60e05de704-r2,SS-dd27c4cd5d46,risk_neutral_expectation,2,TWO_STAGE_RH,LEXMMFSA,savings,9,10,1,1.0,0.0,0.0,0.19999999999999574,0.19999999999999574,0.0,0.0,false,0.0,0.0,4.274358644806853e-15,4.274358644806853e-15,0.0
shared_battery_mode_node_level_v1,SI-Drahi_12-d1-HOM-ULO-BHI-3823bd76d5,TK-PB-Drahi_12-d1-HOM-ULO-60e05de704-r2,SS-dd27c4cd5d46,risk_neutral_expectation,2,TWO_STAGE_RH,LEXMMFSA,savings,9,11,1,1.0,4.421052631578938,0.0,0.19999999999999574,4.399999999999987,0.0,0.0,false,0.0,0.0,4.440892098500626e-15,0.0,0.0
shared_battery_mode_node_level_v1,SI-Drahi_12-d1-HOM-ULO-BHI-3823bd76d5,TK-PB-Drahi_12-d1-HOM-ULO-60e05de704-r2,SS-dd27c4cd5d46,risk_neutral_expectation,2,TWO_STAGE_RH,LEXMMFSA,savings,9,12,1,1.0,0.0,0.0,4.399999999999987,4.399999999999987,0.0,0.0,false,0.0,0.0,4.440892098500626e-15,0.0,0.0
shared_battery_mode_node_level_v1,SI-Drahi_12-d1-HOM-ULO-BHI-3823bd76d5,TK-PB-Drahi_12-d1-HOM-ULO-60e05de704-r2,SS-ab7d85e13b5a,risk_neutral_expectation,2,TWO_STAGE_RH,LEXMMFSA,savings,13,13,1,1.0,0.0,0.0,4.399999999999987,4.399999999999987,0.0,0.0,false,0.0,0.0,0.0,0.0,0.0
shared_battery_mode_node_level_v1,SI-Drahi_12-d1-HOM-ULO-BHI-3823bd76d5,TK-PB-Drahi_12-d1-HOM-ULO-60e05de704-r2,SS-ab7d85e13b5a,risk_neutral_expectation,2,TWO_STAGE_RH,LEXMMFSA,savings,13,14,1,1.0,0.0,0.0,4.399999999999987,4.399999999999987,0.0,0.0,false,0.0,0.0,0.0,0.0,0.0
shared_battery_mode_node_level_v1,SI-Drahi_12-d1-HOM-ULO-BHI-3823bd76d5,TK-PB-Drahi_12-d1-HOM-ULO-60e05de704-r2,SS-ab7d85e13b5a,risk_neutral_expectation,2,TWO_STAGE_RH,LEXMMFSA,savings,13,15,1,1.0,0.0,0.0,4.399999999999987,4.399999999999987,0.0,0.0,false,0.0,0.0,0.0,0.0,0.0
shared_battery_mode_node_level_v1,SI-Drahi_12-d1-HOM-ULO-BHI-3823bd76d5,TK-PB-Drahi_12-d1-HOM-ULO-60e05de704-r2,SS-ab7d85e13b5a,risk_neutral_expectation,2,TWO_STAGE_RH,LEXMMFSA,savings,13,16,1,1.0,32.0,0.0,4.399999999999987,34.79999999999998,0.0,0.0,false,0.0,0.0,0.0,0.0,0.0
shared_battery_mode_node_level_v1,SI-Drahi_12-d1-HOM-ULO-BHI-3823bd76d5,TK-PB-Drahi_12-d1-HOM-ULO-60e05de704-r2,SS-d9e9642706a1,risk_neutral_expectation,2,TWO_STAGE_RH,LEXMMFSA,savings,17,17,1,1.0,0.0,0.0,34.79999999999998,34.79999999999998,0.0,0.0,false,0.0,0.0,0.0,0.0,0.0
shared_battery_mode_node_level_v1,SI-Drahi_12-d1-HOM-ULO-BHI-3823bd76d5,TK-PB-Drahi_12-d1-HOM-ULO-60e05de704-r2,SS-d9e9642706a1,risk_neutral_expectation,2,TWO_STAGE_RH,LEXMMFSA,savings,17,18,1,1.0,0.0,0.0,34.79999999999998,34.79999999999998,0.0,0.0,false,0.0,0.0,0.0,0.0,0.0
shared_battery_mode_node_level_v1,SI-Drahi_12-d1-HOM-ULO-BHI-3823bd76d5,TK-PB-Drahi_12-d1-HOM-ULO-60e05de704-r2,SS-d9e9642706a1,risk_neutral_expectation,2,TWO_STAGE_RH,LEXMMFSA,savings,17,19,1,1.0,0.0,0.0,34.79999999999998,34.79999999999998,0.0,0.0,false,0.0,0.0,0.0,0.0,0.0
shared_battery_mode_node_level_v1,SI-Drahi_12-d1-HOM-ULO-BHI-3823bd76d5,TK-PB-Drahi_12-d1-HOM-ULO-60e05de704-r2,SS-d9e9642706a1,risk_neutral_expectation,2,TWO_STAGE_RH,LEXMMFSA,savings,17,20,1,1.0,32.00000000000001,0.0,34.79999999999998,65.19999999999999,7.105427357601002e-15,0.0,false,0.0,0.0,0.0,0.0,0.0
shared_battery_mode_node_level_v1,SI-Drahi_12-d1-HOM-ULO-BHI-3823bd76d5,TK-PB-Drahi_12-d1-HOM-ULO-60e05de704-r2,SS-34ce05b803eb,risk_neutral_expectation,2,TWO_STAGE_RH,LEXMMFSA,savings,21,21,1,1.0,0.0,0.0,65.19999999999999,65.19999999999999,0.0,0.0,false,0.0,0.0,0.0,0.0,0.0
shared_battery_mode_node_level_v1,SI-Drahi_12-d1-HOM-ULO-BHI-3823bd76d5,TK-PB-Drahi_12-d1-HOM-ULO-60e05de704-r2,SS-34ce05b803eb,risk_neutral_expectation,2,TWO_STAGE_RH,LEXMMFSA,savings,21,22,1,1.0,32.0,0.0,65.19999999999999,95.6,0.0,0.0,false,0.0,0.0,0.0,0.0,0.0
shared_battery_mode_node_level_v1,SI-Drahi_12-d1-HOM-ULO-BHI-3823bd76d5,TK-PB-Drahi_12-d1-HOM-ULO-60e05de704-r2,SS-34ce05b803eb,risk_neutral_expectation,2,TWO_STAGE_RH,LEXMMFSA,savings,21,23,1,1.0,0.0,0.0,95.6,95.6,0.0,0.0,false,0.0,0.0,0.0,0.0,0.0
shared_battery_mode_node_level_v1,SI-Drahi_12-d1-HOM-ULO-BHI-3823bd76d5,TK-PB-Drahi_12-d1-HOM-ULO-60e05de704-r2,SS-34ce05b803eb,risk_neutral_expectation,2,TWO_STAGE_RH,LEXMMFSA,savings,21,24,1,1.0,32.0,0.0,95.6,126.0,0.0,0.0,false,0.0,0.0,0.0,0.0,0.0
shared_battery_mode_node_level_v1,SI-Drahi_12-d1-HOM-ULO-BHI-3823bd76d5,TK-PB-Drahi_12-d1-HOM-ULO-60e05de704-r2,SS-34f937f9703a,risk_neutral_expectation,2,TWO_STAGE_RH,NONE,none,1,1,1,1.0,0.0,0.0,0.2,0.2,0.0,0.0,false,0.0,0.0,0.0,0.0,0.0
shared_battery_mode_node_level_v1,SI-Drahi_12-d1-HOM-ULO-BHI-3823bd76d5,TK-PB-Drahi_12-d1-HOM-ULO-60e05de704-r2,SS-34f937f9703a,risk_neutral_expectation,2,TWO_STAGE_RH,NONE,none,1,2,1,1.0,3.45706371191136,0.0,0.2,3.484210526315792,0.0,0.0,false,0.0,0.0,0.0,0.0,0.0
shared_battery_mode_node_level_v1,SI-Drahi_12-d1-HOM-ULO-BHI-3823bd76d5,TK-PB-Drahi_12-d1-HOM-ULO-60e05de704-r2,SS-34f937f9703a,risk_neutral_expectation,2,TWO_STAGE_RH,NONE,none,1,3,1,1.0,0.0,0.0,3.484210526315792,3.484210526315792,0.0,0.0,false,0.0,0.0,0.0,0.0,0.0
shared_battery_mode_node_level_v1,SI-Drahi_12-d1-HOM-ULO-BHI-3823bd76d5,TK-PB-Drahi_12-d1-HOM-ULO-60e05de704-r2,SS-34f937f9703a,risk_neutral_expectation,2,TWO_STAGE_RH,NONE,none,1,4,1,1.0,32.0,0.0,3.484210526315792,33.88421052631579,0.0,0.0,false,0.0,0.0,0.0,0.0,0.0
shared_battery_mode_node_level_v1,SI-Drahi_12-d1-HOM-ULO-BHI-3823bd76d5,TK-PB-Drahi_12-d1-HOM-ULO-60e05de704-r2,SS-e5e057e5b318,risk_neutral_expectation,2,TWO_STAGE_RH,NONE,none,5,5,1,1.0,0.0,0.0,33.88421052631579,33.88421052631579,0.0,0.0,false,0.0,0.0,0.0,0.0,0.0
shared_battery_mode_node_level_v1,SI-Drahi_12-d1-HOM-ULO-BHI-3823bd76d5,TK-PB-Drahi_12-d1-HOM-ULO-60e05de704-r2,SS-e5e057e5b318,risk_neutral_expectation,2,TWO_STAGE_RH,NONE,none,5,6,1,1.0,0.0,0.0,33.88421052631579,33.88421052631579,0.0,0.0,false,0.0,0.0,0.0,0.0,0.0
shared_battery_mode_node_level_v1,SI-Drahi_12-d1-HOM-ULO-BHI-3823bd76d5,TK-PB-Drahi_12-d1-HOM-ULO-60e05de704-r2,SS-e5e057e5b318,risk_neutral_expectation,2,TWO_STAGE_RH,NONE,none,5,7,1,0.0,0.0,32.0,33.88421052631579,0.20000000000000284,0.0,0.0,false,0.0,0.0,2.831068712794149e-15,0.0,0.0
shared_battery_mode_node_level_v1,SI-Drahi_12-d1-HOM-ULO-BHI-3823bd76d5,TK-PB-Drahi_12-d1-HOM-ULO-60e05de704-r2,SS-e5e057e5b318,risk_neutral_expectation,2,TWO_STAGE_RH,NONE,none,5,8,1,1.0,0.0,0.0,0.20000000000000284,0.20000000000000284,0.0,0.0,false,0.0,0.0,2.831068712794149e-15,0.0,0.0
shared_battery_mode_node_level_v1,SI-Drahi_12-d1-HOM-ULO-BHI-3823bd76d5,TK-PB-Drahi_12-d1-HOM-ULO-60e05de704-r2,SS-dd27c4cd5d46,risk_neutral_expectation,2,TWO_STAGE_RH,NONE,none,9,9,1,1.0,0.0,0.0,0.20000000000000284,0.20000000000000284,0.0,0.0,false,0.0,0.0,0.0,0.0,0.0
shared_battery_mode_node_level_v1,SI-Drahi_12-d1-HOM-ULO-BHI-3823bd76d5,TK-PB-Drahi_12-d1-HOM-ULO-60e05de704-r2,SS-dd27c4cd5d46,risk_neutral_expectation,2,TWO_STAGE_RH,NONE,none,9,10,1,1.0,0.0,0.0,0.20000000000000284,0.20000000000000284,0.0,0.0,false,0.0,0.0,0.0,0.0,0.0
shared_battery_mode_node_level_v1,SI-Drahi_12-d1-HOM-ULO-BHI-3823bd76d5,TK-PB-Drahi_12-d1-HOM-ULO-60e05de704-r2,SS-dd27c4cd5d46,risk_neutral_expectation,2,TWO_STAGE_RH,NONE,none,9,11,1,1.0,4.4210526315789345,0.0,0.20000000000000284,4.399999999999991,0.0,0.0,false,0.0,0.0,8.881784197001252e-16,0.0,0.0
shared_battery_mode_node_level_v1,SI-Drahi_12-d1-HOM-ULO-BHI-3823bd76d5,TK-PB-Drahi_12-d1-HOM-ULO-60e05de704-r2,SS-dd27c4cd5d46,risk_neutral_expectation,2,TWO_STAGE_RH,NONE,none,9,12,1,1.0,0.0,0.0,4.399999999999991,4.399999999999991,0.0,0.0,false,0.0,0.0,8.881784197001252e-16,0.0,0.0
shared_battery_mode_node_level_v1,SI-Drahi_12-d1-HOM-ULO-BHI-3823bd76d5,TK-PB-Drahi_12-d1-HOM-ULO-60e05de704-r2,SS-ab7d85e13b5a,risk_neutral_expectation,2,TWO_STAGE_RH,NONE,none,13,13,1,1.0,0.0,0.0,4.399999999999991,4.399999999999991,0.0,0.0,false,0.0,0.0,0.0,0.0,0.0
shared_battery_mode_node_level_v1,SI-Drahi_12-d1-HOM-ULO-BHI-3823bd76d5,TK-PB-Drahi_12-d1-HOM-ULO-60e05de704-r2,SS-ab7d85e13b5a,risk_neutral_expectation,2,TWO_STAGE_RH,NONE,none,13,14,1,1.0,0.0,0.0,4.399999999999991,4.399999999999991,0.0,0.0,false,0.0,0.0,0.0,0.0,0.0
shared_battery_mode_node_level_v1,SI-Drahi_12-d1-HOM-ULO-BHI-3823bd76d5,TK-PB-Drahi_12-d1-HOM-ULO-60e05de704-r2,SS-ab7d85e13b5a,risk_neutral_expectation,2,TWO_STAGE_RH,NONE,none,13,15,1,1.0,0.0,0.0,4.399999999999991,4.399999999999991,0.0,0.0,false,0.0,0.0,0.0,0.0,0.0
shared_battery_mode_node_level_v1,SI-Drahi_12-d1-HOM-ULO-BHI-3823bd76d5,TK-PB-Drahi_12-d1-HOM-ULO-60e05de704-r2,SS-ab7d85e13b5a,risk_neutral_expectation,2,TWO_STAGE_RH,NONE,none,13,16,1,1.0,32.0,0.0,4.399999999999991,34.79999999999999,0.0,0.0,false,0.0,0.0,0.0,0.0,0.0
shared_battery_mode_node_level_v1,SI-Drahi_12-d1-HOM-ULO-BHI-3823bd76d5,TK-PB-Drahi_12-d1-HOM-ULO-60e05de704-r2,SS-d9e9642706a1,risk_neutral_expectation,2,TWO_STAGE_RH,NONE,none,17,17,1,1.0,0.0,0.0,34.79999999999999,34.79999999999999,0.0,0.0,false,0.0,0.0,0.0,0.0,0.0
shared_battery_mode_node_level_v1,SI-Drahi_12-d1-HOM-ULO-BHI-3823bd76d5,TK-PB-Drahi_12-d1-HOM-ULO-60e05de704-r2,SS-d9e9642706a1,risk_neutral_expectation,2,TWO_STAGE_RH,NONE,none,17,18,1,1.0,0.0,0.0,34.79999999999999,34.79999999999999,0.0,0.0,false,0.0,0.0,0.0,0.0,0.0
shared_battery_mode_node_level_v1,SI-Drahi_12-d1-HOM-ULO-BHI-3823bd76d5,TK-PB-Drahi_12-d1-HOM-ULO-60e05de704-r2,SS-d9e9642706a1,risk_neutral_expectation,2,TWO_STAGE_RH,NONE,none,17,19,1,1.0,0.0,0.0,34.79999999999999,34.79999999999999,0.0,0.0,false,0.0,0.0,0.0,0.0,0.0
shared_battery_mode_node_level_v1,SI-Drahi_12-d1-HOM-ULO-BHI-3823bd76d5,TK-PB-Drahi_12-d1-HOM-ULO-60e05de704-r2,SS-d9e9642706a1,risk_neutral_expectation,2,TWO_STAGE_RH,NONE,none,17,20,1,1.0,32.0,0.0,34.79999999999999,65.19999999999999,0.0,0.0,false,0.0,0.0,0.0,0.0,0.0
shared_battery_mode_node_level_v1,SI-Drahi_12-d1-HOM-ULO-BHI-3823bd76d5,TK-PB-Drahi_12-d1-HOM-ULO-60e05de704-r2,SS-34ce05b803eb,risk_neutral_expectation,2,TWO_STAGE_RH,NONE,none,21,21,1,1.0,0.0,0.0,65.19999999999999,65.19999999999999,0.0,0.0,false,0.0,0.0,0.0,0.0,0.0
shared_battery_mode_node_level_v1,SI-Drahi_12-d1-HOM-ULO-BHI-3823bd76d5,TK-PB-Drahi_12-d1-HOM-ULO-60e05de704-r2,SS-34ce05b803eb,risk_neutral_expectation,2,TWO_STAGE_RH,NONE,none,21,22,1,1.0,32.0,0.0,65.19999999999999,95.6,0.0,0.0,false,0.0,0.0,0.0,0.0,0.0
shared_battery_mode_node_level_v1,SI-Drahi_12-d1-HOM-ULO-BHI-3823bd76d5,TK-PB-Drahi_12-d1-HOM-ULO-60e05de704-r2,SS-34ce05b803eb,risk_neutral_expectation,2,TWO_STAGE_RH,NONE,none,21,23,1,1.0,0.0,0.0,95.6,95.6,0.0,0.0,false,0.0,0.0,0.0,0.0,0.0
shared_battery_mode_node_level_v1,SI-Drahi_12-d1-HOM-ULO-BHI-3823bd76d5,TK-PB-Drahi_12-d1-HOM-ULO-60e05de704-r2,SS-34ce05b803eb,risk_neutral_expectation,2,TWO_STAGE_RH,NONE,none,21,24,1,1.0,32.0,0.0,95.6,126.0,0.0,0.0,false,0.0,0.0,0.0,0.0,0.0
shared_battery_mode_node_level_v1,SI-Drahi_12-d1-HOM-ULO-BHI-3823bd76d5,TK-PB-Drahi_12-d1-HOM-ULO-60e05de704-r2,SS-34f937f9703a,risk_neutral_expectation,2,TWO_STAGE_RH,PEA,pv,1,1,1,1.0,0.0,0.0,0.2,0.2,0.0,0.0,false,0.0,0.0,0.0,0.0,0.0
shared_battery_mode_node_level_v1,SI-Drahi_12-d1-HOM-ULO-BHI-3823bd76d5,TK-PB-Drahi_12-d1-HOM-ULO-60e05de704-r2,SS-34f937f9703a,risk_neutral_expectation,2,TWO_STAGE_RH,PEA,pv,1,2,1,1.0,3.45706371191136,0.0,0.2,3.484210526315792,0.0,0.0,false,0.0,0.0,0.0,0.0,0.0
shared_battery_mode_node_level_v1,SI-Drahi_12-d1-HOM-ULO-BHI-3823bd76d5,TK-PB-Drahi_12-d1-HOM-ULO-60e05de704-r2,SS-34f937f9703a,risk_neutral_expectation,2,TWO_STAGE_RH,PEA,pv,1,3,1,1.0,0.0,0.0,3.484210526315792,3.484210526315792,0.0,0.0,false,0.0,0.0,0.0,0.0,0.0
shared_battery_mode_node_level_v1,SI-Drahi_12-d1-HOM-ULO-BHI-3823bd76d5,TK-PB-Drahi_12-d1-HOM-ULO-60e05de704-r2,SS-34f937f9703a,risk_neutral_expectation,2,TWO_STAGE_RH,PEA,pv,1,4,1,1.0,32.0,0.0,3.484210526315792,33.88421052631579,0.0,0.0,false,0.0,0.0,0.0,0.0,0.0
shared_battery_mode_node_level_v1,SI-Drahi_12-d1-HOM-ULO-BHI-3823bd76d5,TK-PB-Drahi_12-d1-HOM-ULO-60e05de704-r2,SS-e5e057e5b318,risk_neutral_expectation,2,TWO_STAGE_RH,PEA,pv,5,5,1,1.0,0.0,0.0,33.88421052631579,33.88421052631579,0.0,0.0,false,0.0,0.0,0.0,0.0,0.0
shared_battery_mode_node_level_v1,SI-Drahi_12-d1-HOM-ULO-BHI-3823bd76d5,TK-PB-Drahi_12-d1-HOM-ULO-60e05de704-r2,SS-e5e057e5b318,risk_neutral_expectation,2,TWO_STAGE_RH,PEA,pv,5,6,1,1.0,0.0,0.0,33.88421052631579,33.88421052631579,0.0,0.0,false,0.0,0.0,0.0,0.0,0.0
shared_battery_mode_node_level_v1,SI-Drahi_12-d1-HOM-ULO-BHI-3823bd76d5,TK-PB-Drahi_12-d1-HOM-ULO-60e05de704-r2,SS-e5e057e5b318,risk_neutral_expectation,2,TWO_STAGE_RH,PEA,pv,5,7,1,0.0,0.0,32.0,33.88421052631579,0.20000000000000284,0.0,0.0,false,0.0,0.0,2.831068712794149e-15,0.0,0.0
shared_battery_mode_node_level_v1,SI-Drahi_12-d1-HOM-ULO-BHI-3823bd76d5,TK-PB-Drahi_12-d1-HOM-ULO-60e05de704-r2,SS-e5e057e5b318,risk_neutral_expectation,2,TWO_STAGE_RH,PEA,pv,5,8,1,1.0,0.0,0.0,0.20000000000000284,0.20000000000000284,0.0,0.0,false,0.0,0.0,2.831068712794149e-15,0.0,0.0
shared_battery_mode_node_level_v1,SI-Drahi_12-d1-HOM-ULO-BHI-3823bd76d5,TK-PB-Drahi_12-d1-HOM-ULO-60e05de704-r2,SS-dd27c4cd5d46,risk_neutral_expectation,2,TWO_STAGE_RH,PEA,pv,9,9,1,1.0,0.0,0.0,0.20000000000000284,0.20000000000000284,0.0,0.0,false,0.0,0.0,0.0,0.0,0.0
shared_battery_mode_node_level_v1,SI-Drahi_12-d1-HOM-ULO-BHI-3823bd76d5,TK-PB-Drahi_12-d1-HOM-ULO-60e05de704-r2,SS-dd27c4cd5d46,risk_neutral_expectation,2,TWO_STAGE_RH,PEA,pv,9,10,1,1.0,0.0,0.0,0.20000000000000284,0.20000000000000284,0.0,0.0,false,0.0,0.0,0.0,0.0,0.0
shared_battery_mode_node_level_v1,SI-Drahi_12-d1-HOM-ULO-BHI-3823bd76d5,TK-PB-Drahi_12-d1-HOM-ULO-60e05de704-r2,SS-dd27c4cd5d46,risk_neutral_expectation,2,TWO_STAGE_RH,PEA,pv,9,11,1,1.0,4.4210526315789345,0.0,0.20000000000000284,4.399999999999991,0.0,0.0,false,0.0,0.0,8.881784197001252e-16,0.0,0.0
shared_battery_mode_node_level_v1,SI-Drahi_12-d1-HOM-ULO-BHI-3823bd76d5,TK-PB-Drahi_12-d1-HOM-ULO-60e05de704-r2,SS-dd27c4cd5d46,risk_neutral_expectation,2,TWO_STAGE_RH,PEA,pv,9,12,1,1.0,0.0,0.0,4.399999999999991,4.399999999999991,0.0,0.0,false,0.0,0.0,8.881784197001252e-16,0.0,0.0
shared_battery_mode_node_level_v1,SI-Drahi_12-d1-HOM-ULO-BHI-3823bd76d5,TK-PB-Drahi_12-d1-HOM-ULO-60e05de704-r2,SS-ab7d85e13b5a,risk_neutral_expectation,2,TWO_STAGE_RH,PEA,pv,13,13,1,1.0,0.0,0.0,4.399999999999991,4.399999999999991,0.0,0.0,false,0.0,0.0,0.0,0.0,0.0
shared_battery_mode_node_level_v1,SI-Drahi_12-d1-HOM-ULO-BHI-3823bd76d5,TK-PB-Drahi_12-d1-HOM-ULO-60e05de704-r2,SS-ab7d85e13b5a,risk_neutral_expectation,2,TWO_STAGE_RH,PEA,pv,13,14,1,1.0,0.0,0.0,4.399999999999991,4.399999999999991,0.0,0.0,false,0.0,0.0,0.0,0.0,0.0
shared_battery_mode_node_level_v1,SI-Drahi_12-d1-HOM-ULO-BHI-3823bd76d5,TK-PB-Drahi_12-d1-HOM-ULO-60e05de704-r2,SS-ab7d85e13b5a,risk_neutral_expectation,2,TWO_STAGE_RH,PEA,pv,13,15,1,1.0,0.0,0.0,4.399999999999991,4.399999999999991,0.0,0.0,false,0.0,0.0,0.0,0.0,0.0
shared_battery_mode_node_level_v1,SI-Drahi_12-d1-HOM-ULO-BHI-3823bd76d5,TK-PB-Drahi_12-d1-HOM-ULO-60e05de704-r2,SS-ab7d85e13b5a,risk_neutral_expectation,2,TWO_STAGE_RH,PEA,pv,13,16,1,1.0,32.0,0.0,4.399999999999991,34.79999999999999,0.0,0.0,false,0.0,0.0,0.0,0.0,0.0
shared_battery_mode_node_level_v1,SI-Drahi_12-d1-HOM-ULO-BHI-3823bd76d5,TK-PB-Drahi_12-d1-HOM-ULO-60e05de704-r2,SS-d9e9642706a1,risk_neutral_expectation,2,TWO_STAGE_RH,PEA,pv,17,17,1,1.0,0.0,0.0,34.79999999999999,34.79999999999999,0.0,0.0,false,0.0,0.0,0.0,0.0,0.0
shared_battery_mode_node_level_v1,SI-Drahi_12-d1-HOM-ULO-BHI-3823bd76d5,TK-PB-Drahi_12-d1-HOM-ULO-60e05de704-r2,SS-d9e9642706a1,risk_neutral_expectation,2,TWO_STAGE_RH,PEA,pv,17,18,1,1.0,0.0,0.0,34.79999999999999,34.79999999999999,0.0,0.0,false,0.0,0.0,0.0,0.0,0.0
shared_battery_mode_node_level_v1,SI-Drahi_12-d1-HOM-ULO-BHI-3823bd76d5,TK-PB-Drahi_12-d1-HOM-ULO-60e05de704-r2,SS-d9e9642706a1,risk_neutral_expectation,2,TWO_STAGE_RH,PEA,pv,17,19,1,1.0,0.0,0.0,34.79999999999999,34.79999999999999,0.0,0.0,false,0.0,0.0,0.0,0.0,0.0
shared_battery_mode_node_level_v1,SI-Drahi_12-d1-HOM-ULO-BHI-3823bd76d5,TK-PB-Drahi_12-d1-HOM-ULO-60e05de704-r2,SS-d9e9642706a1,risk_neutral_expectation,2,TWO_STAGE_RH,PEA,pv,17,20,1,1.0,32.0,0.0,34.79999999999999,65.19999999999999,0.0,0.0,false,0.0,0.0,0.0,0.0,0.0
shared_battery_mode_node_level_v1,SI-Drahi_12-d1-HOM-ULO-BHI-3823bd76d5,TK-PB-Drahi_12-d1-HOM-ULO-60e05de704-r2,SS-34ce05b803eb,risk_neutral_expectation,2,TWO_STAGE_RH,PEA,pv,21,21,1,1.0,0.0,0.0,65.19999999999999,65.19999999999999,0.0,0.0,false,0.0,0.0,0.0,0.0,0.0
shared_battery_mode_node_level_v1,SI-Drahi_12-d1-HOM-ULO-BHI-3823bd76d5,TK-PB-Drahi_12-d1-HOM-ULO-60e05de704-r2,SS-34ce05b803eb,risk_neutral_expectation,2,TWO_STAGE_RH,PEA,pv,21,22,1,1.0,32.0,0.0,65.19999999999999,95.6,0.0,0.0,false,0.0,0.0,0.0,0.0,0.0
shared_battery_mode_node_level_v1,SI-Drahi_12-d1-HOM-ULO-BHI-3823bd76d5,TK-PB-Drahi_12-d1-HOM-ULO-60e05de704-r2,SS-34ce05b803eb,risk_neutral_expectation,2,TWO_STAGE_RH,PEA,pv,21,23,1,1.0,0.0,0.0,95.6,95.6,0.0,0.0,false,0.0,0.0,0.0,0.0,0.0
shared_battery_mode_node_level_v1,SI-Drahi_12-d1-HOM-ULO-BHI-3823bd76d5,TK-PB-Drahi_12-d1-HOM-ULO-60e05de704-r2,SS-34ce05b803eb,risk_neutral_expectation,2,TWO_STAGE_RH,PEA,pv,21,24,1,1.0,32.0,0.0,95.6,126.0,0.0,0.0,false,0.0,0.0,0.0,0.0,0.0
shared_battery_mode_node_level_v1,SI-Drahi_12-d1-HOM-ULO-BHI-3823bd76d5,TK-PB-Drahi_12-d1-HOM-ULO-60e05de704-r2,SS-34f937f9703a,risk_neutral_expectation,2,TWO_STAGE_RH,SA,savings,1,1,1,1.0,0.0,0.0,0.2,0.2,0.0,0.0,false,0.0,0.0,0.0,0.0,0.0
shared_battery_mode_node_level_v1,SI-Drahi_12-d1-HOM-ULO-BHI-3823bd76d5,TK-PB-Drahi_12-d1-HOM-ULO-60e05de704-r2,SS-34f937f9703a,risk_neutral_expectation,2,TWO_STAGE_RH,SA,savings,1,2,1,1.0,3.4570637119112746,0.0,0.2,3.484210526315711,0.0,0.0,false,0.0,0.0,4.440892098500626e-15,0.0,0.0
shared_battery_mode_node_level_v1,SI-Drahi_12-d1-HOM-ULO-BHI-3823bd76d5,TK-PB-Drahi_12-d1-HOM-ULO-60e05de704-r2,SS-34f937f9703a,risk_neutral_expectation,2,TWO_STAGE_RH,SA,savings,1,3,1,1.0,0.0,0.0,3.484210526315711,3.484210526315711,0.0,0.0,false,0.0,0.0,4.440892098500626e-15,0.0,0.0
shared_battery_mode_node_level_v1,SI-Drahi_12-d1-HOM-ULO-BHI-3823bd76d5,TK-PB-Drahi_12-d1-HOM-ULO-60e05de704-r2,SS-34f937f9703a,risk_neutral_expectation,2,TWO_STAGE_RH,SA,savings,1,4,1,1.0,32.00000000000004,0.0,3.484210526315711,33.88421052631575,4.263256414560601e-14,0.0,false,0.0,0.0,4.263256414560601e-14,0.0,0.0
shared_battery_mode_node_level_v1,SI-Drahi_12-d1-HOM-ULO-BHI-3823bd76d5,TK-PB-Drahi_12-d1-HOM-ULO-60e05de704-r2,SS-e5e057e5b318,risk_neutral_expectation,2,TWO_STAGE_RH,SA,savings,5,5,1,1.0,0.0,0.0,33.88421052631575,33.88421052631575,0.0,0.0,false,0.0,0.0,0.0,0.0,0.0
shared_battery_mode_node_level_v1,SI-Drahi_12-d1-HOM-ULO-BHI-3823bd76d5,TK-PB-Drahi_12-d1-HOM-ULO-60e05de704-r2,SS-e5e057e5b318,risk_neutral_expectation,2,TWO_STAGE_RH,SA,savings,5,6,1,1.0,0.0,0.0,33.88421052631575,33.88421052631575,0.0,0.0,false,0.0,0.0,0.0,0.0,0.0
shared_battery_mode_node_level_v1,SI-Drahi_12-d1-HOM-ULO-BHI-3823bd76d5,TK-PB-Drahi_12-d1-HOM-ULO-60e05de704-r2,SS-e5e057e5b318,risk_neutral_expectation,2,TWO_STAGE_RH,SA,savings,5,7,1,0.0,0.0,31.99999999999996,33.88421052631575,0.19999999999999574,0.0,0.0,false,0.0,0.0,4.274358644806853e-15,4.274358644806853e-15,0.0
shared_battery_mode_node_level_v1,SI-Drahi_12-d1-HOM-ULO-BHI-3823bd76d5,TK-PB-Drahi_12-d1-HOM-ULO-60e05de704-r2,SS-e5e057e5b318,risk_neutral_expectation,2,TWO_STAGE_RH,SA,savings,5,8,1,1.0,0.0,0.0,0.19999999999999574,0.19999999999999574,0.0,0.0,false,0.0,0.0,4.274358644806853e-15,4.274358644806853e-15,0.0
shared_battery_mode_node_level_v1,SI-Drahi_12-d1-HOM-ULO-BHI-3823bd76d5,TK-PB-Drahi_12-d1-HOM-ULO-60e05de704-r2,SS-dd27c4cd5d46,risk_neutral_expectation,2,TWO_STAGE_RH,SA,savings,9,9,1,1.0,0.0,0.0,0.19999999999999574,0.19999999999999574,0.0,0.0,false,0.0,0.0,0.0,4.274358644806853e-15,0.0
shared_battery_mode_node_level_v1,SI-Drahi_12-d1-HOM-ULO-BHI-3823bd76d5,TK-PB-Drahi_12-d1-HOM-ULO-60e05de704-r2,SS-dd27c4cd5d46,risk_neutral_expectation,2,TWO_STAGE_RH,SA,savings,9,10,1,1.0,0.0,0.0,0.19999999999999574,0.19999999999999574,0.0,0.0,false,0.0,0.0,0.0,4.274358644806853e-15,0.0
shared_battery_mode_node_level_v1,SI-Drahi_12-d1-HOM-ULO-BHI-3823bd76d5,TK-PB-Drahi_12-d1-HOM-ULO-60e05de704-r2,SS-dd27c4cd5d46,risk_neutral_expectation,2,TWO_STAGE_RH,SA,savings,9,11,1,1.0,4.4210526315789425,0.0,0.19999999999999574,4.399999999999991,0.0,0.0,false,0.0,0.0,8.881784197001252e-16,0.0,0.0
shared_battery_mode_node_level_v1,SI-Drahi_12-d1-HOM-ULO-BHI-3823bd76d5,TK-PB-Drahi_12-d1-HOM-ULO-60e05de704-r2,SS-dd27c4cd5d46,risk_neutral_expectation,2,TWO_STAGE_RH,SA,savings,9,12,1,1.0,0.0,0.0,4.399999999999991,4.399999999999991,0.0,0.0,false,0.0,0.0,8.881784197001252e-16,0.0,0.0
shared_battery_mode_node_level_v1,SI-Drahi_12-d1-HOM-ULO-BHI-3823bd76d5,TK-PB-Drahi_12-d1-HOM-ULO-60e05de704-r2,SS-ab7d85e13b5a,risk_neutral_expectation,2,TWO_STAGE_RH,SA,savings,13,13,1,1.0,0.0,0.0,4.399999999999991,4.399999999999991,0.0,0.0,false,0.0,0.0,0.0,0.0,0.0
shared_battery_mode_node_level_v1,SI-Drahi_12-d1-HOM-ULO-BHI-3823bd76d5,TK-PB-Drahi_12-d1-HOM-ULO-60e05de704-r2,SS-ab7d85e13b5a,risk_neutral_expectation,2,TWO_STAGE_RH,SA,savings,13,14,1,1.0,0.0,0.0,4.399999999999991,4.399999999999991,0.0,0.0,false,0.0,0.0,0.0,0.0,0.0
shared_battery_mode_node_level_v1,SI-Drahi_12-d1-HOM-ULO-BHI-3823bd76d5,TK-PB-Drahi_12-d1-HOM-ULO-60e05de704-r2,SS-ab7d85e13b5a,risk_neutral_expectation,2,TWO_STAGE_RH,SA,savings,13,15,1,1.0,0.0,0.0,4.399999999999991,4.399999999999991,0.0,0.0,false,0.0,0.0,0.0,0.0,0.0
shared_battery_mode_node_level_v1,SI-Drahi_12-d1-HOM-ULO-BHI-3823bd76d5,TK-PB-Drahi_12-d1-HOM-ULO-60e05de704-r2,SS-ab7d85e13b5a,risk_neutral_expectation,2,TWO_STAGE_RH,SA,savings,13,16,1,1.0,32.0,0.0,4.399999999999991,34.79999999999999,0.0,0.0,false,0.0,0.0,0.0,0.0,0.0
shared_battery_mode_node_level_v1,SI-Drahi_12-d1-HOM-ULO-BHI-3823bd76d5,TK-PB-Drahi_12-d1-HOM-ULO-60e05de704-r2,SS-d9e9642706a1,risk_neutral_expectation,2,TWO_STAGE_RH,SA,savings,17,17,1,1.0,0.0,0.0,34.79999999999999,34.79999999999999,0.0,0.0,false,0.0,0.0,0.0,0.0,0.0
shared_battery_mode_node_level_v1,SI-Drahi_12-d1-HOM-ULO-BHI-3823bd76d5,TK-PB-Drahi_12-d1-HOM-ULO-60e05de704-r2,SS-d9e9642706a1,risk_neutral_expectation,2,TWO_STAGE_RH,SA,savings,17,18,1,1.0,0.0,0.0,34.79999999999999,34.79999999999999,0.0,0.0,false,0.0,0.0,0.0,0.0,0.0
shared_battery_mode_node_level_v1,SI-Drahi_12-d1-HOM-ULO-BHI-3823bd76d5,TK-PB-Drahi_12-d1-HOM-ULO-60e05de704-r2,SS-d9e9642706a1,risk_neutral_expectation,2,TWO_STAGE_RH,SA,savings,17,19,1,1.0,0.0,0.0,34.79999999999999,34.79999999999999,0.0,0.0,false,0.0,0.0,0.0,0.0,0.0
shared_battery_mode_node_level_v1,SI-Drahi_12-d1-HOM-ULO-BHI-3823bd76d5,TK-PB-Drahi_12-d1-HOM-ULO-60e05de704-r2,SS-d9e9642706a1,risk_neutral_expectation,2,TWO_STAGE_RH,SA,savings,17,20,1,1.0,32.0,0.0,34.79999999999999,65.19999999999999,0.0,0.0,false,0.0,0.0,0.0,0.0,0.0
shared_battery_mode_node_level_v1,SI-Drahi_12-d1-HOM-ULO-BHI-3823bd76d5,TK-PB-Drahi_12-d1-HOM-ULO-60e05de704-r2,SS-34ce05b803eb,risk_neutral_expectation,2,TWO_STAGE_RH,SA,savings,21,21,1,1.0,0.0,0.0,65.19999999999999,65.19999999999999,0.0,0.0,false,0.0,0.0,0.0,0.0,0.0
shared_battery_mode_node_level_v1,SI-Drahi_12-d1-HOM-ULO-BHI-3823bd76d5,TK-PB-Drahi_12-d1-HOM-ULO-60e05de704-r2,SS-34ce05b803eb,risk_neutral_expectation,2,TWO_STAGE_RH,SA,savings,21,22,1,1.0,32.0,0.0,65.19999999999999,95.6,0.0,0.0,false,0.0,0.0,0.0,0.0,0.0
shared_battery_mode_node_level_v1,SI-Drahi_12-d1-HOM-ULO-BHI-3823bd76d5,TK-PB-Drahi_12-d1-HOM-ULO-60e05de704-r2,SS-34ce05b803eb,risk_neutral_expectation,2,TWO_STAGE_RH,SA,savings,21,23,1,1.0,0.0,0.0,95.6,95.6,0.0,0.0,false,0.0,0.0,0.0,0.0,0.0
shared_battery_mode_node_level_v1,SI-Drahi_12-d1-HOM-ULO-BHI-3823bd76d5,TK-PB-Drahi_12-d1-HOM-ULO-60e05de704-r2,SS-34ce05b803eb,risk_neutral_expectation,2,TWO_STAGE_RH,SA,savings,21,24,1,1.0,32.000000000000014,0.0,95.6,126.0,1.4210854715202004e-14,0.0,false,0.0,0.0,0.0,0.0,0.0
shared_battery_mode_node_level_v1,SI-Drahi_12-d1-HOM-ULO-BHI-3823bd76d5,TK-PB-Drahi_12-d1-HOM-ULO-60e05de704-r2,SS-34f937f9703a,risk_neutral_expectation,2,TWO_STAGE_RH,STATIC_DEMAND_SHARE,pv,1,1,1,1.0,0.0,0.0,0.2,0.2,0.0,0.0,false,0.0,0.0,0.0,0.0,0.0
shared_battery_mode_node_level_v1,SI-Drahi_12-d1-HOM-ULO-BHI-3823bd76d5,TK-PB-Drahi_12-d1-HOM-ULO-60e05de704-r2,SS-34f937f9703a,risk_neutral_expectation,2,TWO_STAGE_RH,STATIC_DEMAND_SHARE,pv,1,2,1,1.0,3.45706371191136,0.0,0.2,3.484210526315792,0.0,0.0,false,0.0,0.0,0.0,0.0,0.0
shared_battery_mode_node_level_v1,SI-Drahi_12-d1-HOM-ULO-BHI-3823bd76d5,TK-PB-Drahi_12-d1-HOM-ULO-60e05de704-r2,SS-34f937f9703a,risk_neutral_expectation,2,TWO_STAGE_RH,STATIC_DEMAND_SHARE,pv,1,3,1,1.0,0.0,0.0,3.484210526315792,3.484210526315792,0.0,0.0,false,0.0,0.0,0.0,0.0,0.0
shared_battery_mode_node_level_v1,SI-Drahi_12-d1-HOM-ULO-BHI-3823bd76d5,TK-PB-Drahi_12-d1-HOM-ULO-60e05de704-r2,SS-34f937f9703a,risk_neutral_expectation,2,TWO_STAGE_RH,STATIC_DEMAND_SHARE,pv,1,4,1,1.0,32.0,0.0,3.484210526315792,33.88421052631579,0.0,0.0,false,0.0,0.0,0.0,0.0,0.0
shared_battery_mode_node_level_v1,SI-Drahi_12-d1-HOM-ULO-BHI-3823bd76d5,TK-PB-Drahi_12-d1-HOM-ULO-60e05de704-r2,SS-e5e057e5b318,risk_neutral_expectation,2,TWO_STAGE_RH,STATIC_DEMAND_SHARE,pv,5,5,1,1.0,0.0,0.0,33.88421052631579,33.88421052631579,0.0,0.0,false,0.0,0.0,0.0,0.0,0.0
shared_battery_mode_node_level_v1,SI-Drahi_12-d1-HOM-ULO-BHI-3823bd76d5,TK-PB-Drahi_12-d1-HOM-ULO-60e05de704-r2,SS-e5e057e5b318,risk_neutral_expectation,2,TWO_STAGE_RH,STATIC_DEMAND_SHARE,pv,5,6,1,1.0,0.0,0.0,33.88421052631579,33.88421052631579,0.0,0.0,false,0.0,0.0,0.0,0.0,0.0
shared_battery_mode_node_level_v1,SI-Drahi_12-d1-HOM-ULO-BHI-3823bd76d5,TK-PB-Drahi_12-d1-HOM-ULO-60e05de704-r2,SS-e5e057e5b318,risk_neutral_expectation,2,TWO_STAGE_RH,STATIC_DEMAND_SHARE,pv,5,7,1,0.0,0.0,32.0,33.88421052631579,0.20000000000000284,0.0,0.0,false,0.0,0.0,2.831068712794149e-15,0.0,0.0
shared_battery_mode_node_level_v1,SI-Drahi_12-d1-HOM-ULO-BHI-3823bd76d5,TK-PB-Drahi_12-d1-HOM-ULO-60e05de704-r2,SS-e5e057e5b318,risk_neutral_expectation,2,TWO_STAGE_RH,STATIC_DEMAND_SHARE,pv,5,8,1,1.0,0.0,0.0,0.20000000000000284,0.20000000000000284,0.0,0.0,false,0.0,0.0,2.831068712794149e-15,0.0,0.0
shared_battery_mode_node_level_v1,SI-Drahi_12-d1-HOM-ULO-BHI-3823bd76d5,TK-PB-Drahi_12-d1-HOM-ULO-60e05de704-r2,SS-dd27c4cd5d46,risk_neutral_expectation,2,TWO_STAGE_RH,STATIC_DEMAND_SHARE,pv,9,9,1,1.0,0.0,0.0,0.20000000000000284,0.20000000000000284,0.0,0.0,false,0.0,0.0,0.0,0.0,0.0
shared_battery_mode_node_level_v1,SI-Drahi_12-d1-HOM-ULO-BHI-3823bd76d5,TK-PB-Drahi_12-d1-HOM-ULO-60e05de704-r2,SS-dd27c4cd5d46,risk_neutral_expectation,2,TWO_STAGE_RH,STATIC_DEMAND_SHARE,pv,9,10,1,1.0,0.0,0.0,0.20000000000000284,0.20000000000000284,0.0,0.0,false,0.0,0.0,0.0,0.0,0.0
shared_battery_mode_node_level_v1,SI-Drahi_12-d1-HOM-ULO-BHI-3823bd76d5,TK-PB-Drahi_12-d1-HOM-ULO-60e05de704-r2,SS-dd27c4cd5d46,risk_neutral_expectation,2,TWO_STAGE_RH,STATIC_DEMAND_SHARE,pv,9,11,1,1.0,4.4210526315789345,0.0,0.20000000000000284,4.399999999999991,0.0,0.0,false,0.0,0.0,8.881784197001252e-16,0.0,0.0
shared_battery_mode_node_level_v1,SI-Drahi_12-d1-HOM-ULO-BHI-3823bd76d5,TK-PB-Drahi_12-d1-HOM-ULO-60e05de704-r2,SS-dd27c4cd5d46,risk_neutral_expectation,2,TWO_STAGE_RH,STATIC_DEMAND_SHARE,pv,9,12,1,1.0,0.0,0.0,4.399999999999991,4.399999999999991,0.0,0.0,false,0.0,0.0,8.881784197001252e-16,0.0,0.0
shared_battery_mode_node_level_v1,SI-Drahi_12-d1-HOM-ULO-BHI-3823bd76d5,TK-PB-Drahi_12-d1-HOM-ULO-60e05de704-r2,SS-ab7d85e13b5a,risk_neutral_expectation,2,TWO_STAGE_RH,STATIC_DEMAND_SHARE,pv,13,13,1,1.0,0.0,0.0,4.399999999999991,4.399999999999991,0.0,0.0,false,0.0,0.0,0.0,0.0,0.0
shared_battery_mode_node_level_v1,SI-Drahi_12-d1-HOM-ULO-BHI-3823bd76d5,TK-PB-Drahi_12-d1-HOM-ULO-60e05de704-r2,SS-ab7d85e13b5a,risk_neutral_expectation,2,TWO_STAGE_RH,STATIC_DEMAND_SHARE,pv,13,14,1,1.0,0.0,0.0,4.399999999999991,4.399999999999991,0.0,0.0,false,0.0,0.0,0.0,0.0,0.0
shared_battery_mode_node_level_v1,SI-Drahi_12-d1-HOM-ULO-BHI-3823bd76d5,TK-PB-Drahi_12-d1-HOM-ULO-60e05de704-r2,SS-ab7d85e13b5a,risk_neutral_expectation,2,TWO_STAGE_RH,STATIC_DEMAND_SHARE,pv,13,15,1,1.0,0.0,0.0,4.399999999999991,4.399999999999991,0.0,0.0,false,0.0,0.0,0.0,0.0,0.0
shared_battery_mode_node_level_v1,SI-Drahi_12-d1-HOM-ULO-BHI-3823bd76d5,TK-PB-Drahi_12-d1-HOM-ULO-60e05de704-r2,SS-ab7d85e13b5a,risk_neutral_expectation,2,TWO_STAGE_RH,STATIC_DEMAND_SHARE,pv,13,16,1,1.0,32.0,0.0,4.399999999999991,34.79999999999999,0.0,0.0,false,0.0,0.0,0.0,0.0,0.0
shared_battery_mode_node_level_v1,SI-Drahi_12-d1-HOM-ULO-BHI-3823bd76d5,TK-PB-Drahi_12-d1-HOM-ULO-60e05de704-r2,SS-d9e9642706a1,risk_neutral_expectation,2,TWO_STAGE_RH,STATIC_DEMAND_SHARE,pv,17,17,1,1.0,0.0,0.0,34.79999999999999,34.79999999999999,0.0,0.0,false,0.0,0.0,0.0,0.0,0.0
shared_battery_mode_node_level_v1,SI-Drahi_12-d1-HOM-ULO-BHI-3823bd76d5,TK-PB-Drahi_12-d1-HOM-ULO-60e05de704-r2,SS-d9e9642706a1,risk_neutral_expectation,2,TWO_STAGE_RH,STATIC_DEMAND_SHARE,pv,17,18,1,1.0,0.0,0.0,34.79999999999999,34.79999999999999,0.0,0.0,false,0.0,0.0,0.0,0.0,0.0
shared_battery_mode_node_level_v1,SI-Drahi_12-d1-HOM-ULO-BHI-3823bd76d5,TK-PB-Drahi_12-d1-HOM-ULO-60e05de704-r2,SS-d9e9642706a1,risk_neutral_expectation,2,TWO_STAGE_RH,STATIC_DEMAND_SHARE,pv,17,19,1,1.0,0.0,0.0,34.79999999999999,34.79999999999999,0.0,0.0,false,0.0,0.0,0.0,0.0,0.0
shared_battery_mode_node_level_v1,SI-Drahi_12-d1-HOM-ULO-BHI-3823bd76d5,TK-PB-Drahi_12-d1-HOM-ULO-60e05de704-r2,SS-d9e9642706a1,risk_neutral_expectation,2,TWO_STAGE_RH,STATIC_DEMAND_SHARE,pv,17,20,1,1.0,32.0,0.0,34.79999999999999,65.19999999999999,0.0,0.0,false,0.0,0.0,0.0,0.0,0.0
shared_battery_mode_node_level_v1,SI-Drahi_12-d1-HOM-ULO-BHI-3823bd76d5,TK-PB-Drahi_12-d1-HOM-ULO-60e05de704-r2,SS-34ce05b803eb,risk_neutral_expectation,2,TWO_STAGE_RH,STATIC_DEMAND_SHARE,pv,21,21,1,1.0,0.0,0.0,65.19999999999999,65.19999999999999,0.0,0.0,false,0.0,0.0,0.0,0.0,0.0
shared_battery_mode_node_level_v1,SI-Drahi_12-d1-HOM-ULO-BHI-3823bd76d5,TK-PB-Drahi_12-d1-HOM-ULO-60e05de704-r2,SS-34ce05b803eb,risk_neutral_expectation,2,TWO_STAGE_RH,STATIC_DEMAND_SHARE,pv,21,22,1,1.0,32.0,0.0,65.19999999999999,95.6,0.0,0.0,false,0.0,0.0,0.0,0.0,0.0
shared_battery_mode_node_level_v1,SI-Drahi_12-d1-HOM-ULO-BHI-3823bd76d5,TK-PB-Drahi_12-d1-HOM-ULO-60e05de704-r2,SS-34ce05b803eb,risk_neutral_expectation,2,TWO_STAGE_RH,STATIC_DEMAND_SHARE,pv,21,23,1,1.0,0.0,0.0,95.6,95.6,0.0,0.0,false,0.0,0.0,0.0,0.0,0.0
shared_battery_mode_node_level_v1,SI-Drahi_12-d1-HOM-ULO-BHI-3823bd76d5,TK-PB-Drahi_12-d1-HOM-ULO-60e05de704-r2,SS-34ce05b803eb,risk_neutral_expectation,2,TWO_STAGE_RH,STATIC_DEMAND_SHARE,pv,21,24,1,1.0,32.0,0.0,95.6,126.0,0.0,0.0,false,0.0,0.0,0.0,0.0,0.0
shared_battery_mode_node_level_v1,SI-Drahi_12-d1-HOM-ULO-BLO-14218af0ed,TK-PB-Drahi_12-d1-HOM-ULO-60e05de704-r2,SS-34f937f9703a,risk_neutral_expectation,2,DETERMINISTIC_RH,LEXMMFPEA,pv,1,1,1,1.0,0.0,0.0,0.2,0.2,0.0,0.0,false,0.0,0.0,0.0,0.0,0.0
shared_battery_mode_node_level_v1,SI-Drahi_12-d1-HOM-ULO-BLO-14218af0ed,TK-PB-Drahi_12-d1-HOM-ULO-60e05de704-r2,SS-34f937f9703a,risk_neutral_expectation,2,DETERMINISTIC_RH,LEXMMFPEA,pv,1,2,1,1.0,0.8642659279778384,0.0,0.2,1.0210526315789465,0.0,0.0,false,0.0,0.0,0.0,0.0,0.0
shared_battery_mode_node_level_v1,SI-Drahi_12-d1-HOM-ULO-BLO-14218af0ed,TK-PB-Drahi_12-d1-HOM-ULO-60e05de704-r2,SS-34f937f9703a,risk_neutral_expectation,2,DETERMINISTIC_RH,LEXMMFPEA,pv,1,3,1,1.0,0.0,0.0,1.0210526315789465,1.0210526315789465,0.0,0.0,false,0.0,0.0,0.0,0.0,0.0
shared_battery_mode_node_level_v1,SI-Drahi_12-d1-HOM-ULO-BLO-14218af0ed,TK-PB-Drahi_12-d1-HOM-ULO-60e05de704-r2,SS-34f937f9703a,risk_neutral_expectation,2,DETERMINISTIC_RH,LEXMMFPEA,pv,1,4,1,1.0,8.0,0.0,1.0210526315789465,8.621052631578946,0.0,0.0,false,0.0,0.0,0.0,0.0,0.0
shared_battery_mode_node_level_v1,SI-Drahi_12-d1-HOM-ULO-BLO-14218af0ed,TK-PB-Drahi_12-d1-HOM-ULO-60e05de704-r2,SS-e5e057e5b318,risk_neutral_expectation,2,DETERMINISTIC_RH,LEXMMFPEA,pv,5,5,1,1.0,0.0,0.0,8.621052631578946,8.621052631578946,0.0,0.0,false,0.0,0.0,0.0,0.0,0.0
shared_battery_mode_node_level_v1,SI-Drahi_12-d1-HOM-ULO-BLO-14218af0ed,TK-PB-Drahi_12-d1-HOM-ULO-60e05de704-r2,SS-e5e057e5b318,risk_neutral_expectation,2,DETERMINISTIC_RH,LEXMMFPEA,pv,5,6,1,1.0,0.0,0.0,8.621052631578946,8.621052631578946,0.0,0.0,false,0.0,0.0,0.0,0.0,0.0
shared_battery_mode_node_level_v1,SI-Drahi_12-d1-HOM-ULO-BLO-14218af0ed,TK-PB-Drahi_12-d1-HOM-ULO-60e05de704-r2,SS-e5e057e5b318,risk_neutral_expectation,2,DETERMINISTIC_RH,LEXMMFPEA,pv,5,7,1,0.0,0.0,7.999999999999999,8.621052631578946,0.1999999999999993,0.0,0.0,false,0.0,0.0,7.216449660063518e-16,7.216449660063518e-16,0.0
shared_battery_mode_node_level_v1,SI-Drahi_12-d1-HOM-ULO-BLO-14218af0ed,TK-PB-Drahi_12-d1-HOM-ULO-60e05de704-r2,SS-e5e057e5b318,risk_neutral_expectation,2,DETERMINISTIC_RH,LEXMMFPEA,pv,5,8,1,1.0,0.0,0.0,0.1999999999999993,0.1999999999999993,0.0,0.0,false,0.0,0.0,7.216449660063518e-16,7.216449660063518e-16,0.0
shared_battery_mode_node_level_v1,SI-Drahi_12-d1-HOM-ULO-BLO-14218af0ed,TK-PB-Drahi_12-d1-HOM-ULO-60e05de704-r2,SS-dd27c4cd5d46,risk_neutral_expectation,2,DETERMINISTIC_RH,LEXMMFPEA,pv,9,9,1,0.0,0.0,0.0,0.1999999999999993,0.1999999999999993,0.0,0.0,false,0.0,0.0,0.0,7.216449660063518e-16,0.0
shared_battery_mode_node_level_v1,SI-Drahi_12-d1-HOM-ULO-BLO-14218af0ed,TK-PB-Drahi_12-d1-HOM-ULO-60e05de704-r2,SS-dd27c4cd5d46,risk_neutral_expectation,2,DETERMINISTIC_RH,LEXMMFPEA,pv,9,10,1,0.0,0.0,0.0,0.1999999999999993,0.1999999999999993,0.0,0.0,false,0.0,0.0,0.0,7.216449660063518e-16,0.0
shared_battery_mode_node_level_v1,SI-Drahi_12-d1-HOM-ULO-BLO-14218af0ed,TK-PB-Drahi_12-d1-HOM-ULO-60e05de704-r2,SS-dd27c4cd5d46,risk_neutral_expectation,2,DETERMINISTIC_RH,LEXMMFPEA,pv,9,11,1,0.11842105263149365,0.9473684210519492,0.0,0.1999999999999993,1.0999999999993508,0.0,0.0,false,0.0,0.11842105263149365,2.220446049250313e-16,0.0,0.0
shared_battery_mode_node_level_v1,SI-Drahi_12-d1-HOM-ULO-BLO-14218af0ed,TK-PB-Drahi_12-d1-HOM-ULO-60e05de704-r2,SS-dd27c4cd5d46,risk_neutral_expectation,2,DETERMINISTIC_RH,LEXMMFPEA,pv,9,12,1,0.0,0.0,1.5987211554602254e-13,1.0999999999993508,1.0999999999991825,0.0,0.0,false,0.0,0.0,2.220446049250313e-16,0.0,0.0
shared_battery_mode_node_level_v1,SI-Drahi_12-d1-HOM-ULO-BLO-14218af0ed,TK-PB-Drahi_12-d1-HOM-ULO-60e05de704-r2,SS-ab7d85e13b5a,risk_neutral_expectation,2,DETERMINISTIC_RH,LEXMMFPEA,pv,13,13,1,0.0,0.0,0.0,1.0999999999991825,1.0999999999991825,0.0,0.0,false,0.0,0.0,0.0,0.0,0.0
shared_battery_mode_node_level_v1,SI-Drahi_12-d1-HOM-ULO-BLO-14218af0ed,TK-PB-Drahi_12-d1-HOM-ULO-60e05de704-r2,SS-ab7d85e13b5a,risk_neutral_expectation,2,DETERMINISTIC_RH,LEXMMFPEA,pv,13,14,1,-1.0302869668521453e-13,-8.242295734817162e-13,0.0,1.0999999999991825,1.0999999999983996,0.0,0.0,false,0.0,1.0302869668521453e-13,0.0,0.0,0.0
shared_battery_mode_node_level_v1,SI-Drahi_12-d1-HOM-ULO-BLO-14218af0ed,TK-PB-Drahi_12-d1-HOM-ULO-60e05de704-r2,SS-ab7d85e13b5a,risk_neutral_expectation,2,DETERMINISTIC_RH,LEXMMFPEA,pv,13,15,1,1.3855583347321954e-13,1.1084466677857563e-12,0.0,1.0999999999983996,1.0999999999994525,0.0,0.0,false,0.0,1.3855583347321954e-13,0.0,0.0,0.0
shared_battery_mode_node_level_v1,SI-Drahi_12-d1-HOM-ULO-BLO-14218af0ed,TK-PB-Drahi_12-d1-HOM-ULO-60e05de704-r2,SS-ab7d85e13b5a,risk_neutral_expectation,2,DETERMINISTIC_RH,LEXMMFPEA,pv,13,16,1,1.0,8.0,0.0,1.0999999999994525,8.699999999999452,0.0,0.0,false,0.0,0.0,0.0,0.0,0.0
shared_battery_mode_node_level_v1,SI-Drahi_12-d1-HOM-ULO-BLO-14218af0ed,TK-PB-Drahi_12-d1-HOM-ULO-60e05de704-r2,SS-d9e9642706a1,risk_neutral_expectation,2,DETERMINISTIC_RH,LEXMMFPEA,pv,17,17,1,0.0,0.0,0.0,8.699999999999452,8.699999999999452,0.0,0.0,false,0.0,0.0,0.0,0.0,0.0
shared_battery_mode_node_level_v1,SI-Drahi_12-d1-HOM-ULO-BLO-14218af0ed,TK-PB-Drahi_12-d1-HOM-ULO-60e05de704-r2,SS-d9e9642706a1,risk_neutral_expectation,2,DETERMINISTIC_RH,LEXMMFPEA,pv,17,18,1,0.0,0.0,0.0,8.699999999999452,8.699999999999452,0.0,0.0,false,0.0,0.0,0.0,0.0,0.0
shared_battery_mode_node_level_v1,SI-Drahi_12-d1-HOM-ULO-BLO-14218af0ed,TK-PB-Drahi_12-d1-HOM-ULO-60e05de704-r2,SS-d9e9642706a1,risk_neutral_expectation,2,DETERMINISTIC_RH,LEXMMFPEA,pv,17,19,1,1.0,0.0,0.0,8.699999999999452,8.699999999999452,0.0,0.0,false,0.0,0.0,0.0,0.0,0.0
shared_battery_mode_node_level_v1,SI-Drahi_12-d1-HOM-ULO-BLO-14218af0ed,TK-PB-Drahi_12-d1-HOM-ULO-60e05de704-r2,SS-d9e9642706a1,risk_neutral_expectation,2,DETERMINISTIC_RH,LEXMMFPEA,pv,17,20,1,1.0,8.0,0.0,8.699999999999452,16.29999999999945,0.0,0.0,false,0.0,0.0,0.0,0.0,0.0
shared_battery_mode_node_level_v1,SI-Drahi_12-d1-HOM-ULO-BLO-14218af0ed,TK-PB-Drahi_12-d1-HOM-ULO-60e05de704-r2,SS-34ce05b803eb,risk_neutral_expectation,2,DETERMINISTIC_RH,LEXMMFPEA,pv,21,21,1,0.0,0.0,0.0,16.29999999999945,16.29999999999945,0.0,0.0,false,0.0,0.0,0.0,0.0,0.0
shared_battery_mode_node_level_v1,SI-Drahi_12-d1-HOM-ULO-BLO-14218af0ed,TK-PB-Drahi_12-d1-HOM-ULO-60e05de704-r2,SS-34ce05b803eb,risk_neutral_expectation,2,DETERMINISTIC_RH,LEXMMFPEA,pv,21,22,1,1.0,8.0,0.0,16.29999999999945,23.89999999999945,0.0,0.0,false,0.0,0.0,0.0,0.0,0.0
shared_battery_mode_node_level_v1,SI-Drahi_12-d1-HOM-ULO-BLO-14218af0ed,TK-PB-Drahi_12-d1-HOM-ULO-60e05de704-r2,SS-34ce05b803eb,risk_neutral_expectation,2,DETERMINISTIC_RH,LEXMMFPEA,pv,21,23,1,1.0,0.0,0.0,23.89999999999945,23.89999999999945,0.0,0.0,false,0.0,0.0,0.0,0.0,0.0
shared_battery_mode_node_level_v1,SI-Drahi_12-d1-HOM-ULO-BLO-14218af0ed,TK-PB-Drahi_12-d1-HOM-ULO-60e05de704-r2,SS-34ce05b803eb,risk_neutral_expectation,2,DETERMINISTIC_RH,LEXMMFPEA,pv,21,24,1,1.0,8.000000000000576,0.0,23.89999999999945,31.5,5.755396159656812e-13,0.0,false,0.0,0.0,0.0,0.0,0.0
shared_battery_mode_node_level_v1,SI-Drahi_12-d1-HOM-ULO-BLO-14218af0ed,TK-PB-Drahi_12-d1-HOM-ULO-60e05de704-r2,SS-34f937f9703a,risk_neutral_expectation,2,DETERMINISTIC_RH,LEXMMFSA,savings,1,1,1,1.0,0.0,0.0,0.2,0.2,0.0,0.0,false,0.0,0.0,0.0,0.0,0.0
shared_battery_mode_node_level_v1,SI-Drahi_12-d1-HOM-ULO-BLO-14218af0ed,TK-PB-Drahi_12-d1-HOM-ULO-60e05de704-r2,SS-34f937f9703a,risk_neutral_expectation,2,DETERMINISTIC_RH,LEXMMFSA,savings,1,2,1,1.0,0.8642659279778385,0.0,0.2,1.0210526315789465,0.0,0.0,false,0.0,0.0,0.0,0.0,0.0
shared_battery_mode_node_level_v1,SI-Drahi_12-d1-HOM-ULO-BLO-14218af0ed,TK-PB-Drahi_12-d1-HOM-ULO-60e05de704-r2,SS-34f937f9703a,risk_neutral_expectation,2,DETERMINISTIC_RH,LEXMMFSA,savings,1,3,1,1.0,0.0,0.0,1.0210526315789465,1.0210526315789465,0.0,0.0,false,0.0,0.0,0.0,0.0,0.0
shared_battery_mode_node_level_v1,SI-Drahi_12-d1-HOM-ULO-BLO-14218af0ed,TK-PB-Drahi_12-d1-HOM-ULO-60e05de704-r2,SS-34f937f9703a,risk_neutral_expectation,2,DETERMINISTIC_RH,LEXMMFSA,savings,1,4,1,1.0,8.0,0.0,1.0210526315789465,8.621052631578946,0.0,0.0,false,0.0,0.0,0.0,0.0,0.0
shared_battery_mode_node_level_v1,SI-Drahi_12-d1-HOM-ULO-BLO-14218af0ed,TK-PB-Drahi_12-d1-HOM-ULO-60e05de704-r2,SS-e5e057e5b318,risk_neutral_expectation,2,DETERMINISTIC_RH,LEXMMFSA,savings,5,5,1,1.0,0.0,0.0,8.621052631578946,8.621052631578946,0.0,0.0,false,0.0,0.0,0.0,0.0,0.0
shared_battery_mode_node_level_v1,SI-Drahi_12-d1-HOM-ULO-BLO-14218af0ed,TK-PB-Drahi_12-d1-HOM-ULO-60e05de704-r2,SS-e5e057e5b318,risk_neutral_expectation,2,DETERMINISTIC_RH,LEXMMFSA,savings,5,6,1,1.0,0.0,0.0,8.621052631578946,8.621052631578946,0.0,0.0,false,0.0,0.0,0.0,0.0,0.0
shared_battery_mode_node_level_v1,SI-Drahi_12-d1-HOM-ULO-BLO-14218af0ed,TK-PB-Drahi_12-d1-HOM-ULO-60e05de704-r2,SS-e5e057e5b318,risk_neutral_expectation,2,DETERMINISTIC_RH,LEXMMFSA,savings,5,7,1,0.0,0.0,8.0,8.621052631578946,0.1999999999999993,0.0,0.0,false,0.0,0.0,7.216449660063518e-16,7.216449660063518e-16,0.0
shared_battery_mode_node_level_v1,SI-Drahi_12-d1-HOM-ULO-BLO-14218af0ed,TK-PB-Drahi_12-d1-HOM-ULO-60e05de704-r2,SS-e5e057e5b318,risk_neutral_expectation,2,DETERMINISTIC_RH,LEXMMFSA,savings,5,8,1,1.0,0.0,0.0,0.1999999999999993,0.1999999999999993,0.0,0.0,false,0.0,0.0,7.216449660063518e-16,7.216449660063518e-16,0.0
shared_battery_mode_node_level_v1,SI-Drahi_12-d1-HOM-ULO-BLO-14218af0ed,TK-PB-Drahi_12-d1-HOM-ULO-60e05de704-r2,SS-dd27c4cd5d46,risk_neutral_expectation,2,DETERMINISTIC_RH,LEXMMFSA,savings,9,9,1,1.0,0.0,0.0,0.1999999999999993,0.1999999999999993,0.0,0.0,false,0.0,0.0,7.216449660063518e-16,7.216449660063518e-16,0.0
shared_battery_mode_node_level_v1,SI-Drahi_12-d1-HOM-ULO-BLO-14218af0ed,TK-PB-Drahi_12-d1-HOM-ULO-60e05de704-r2,SS-dd27c4cd5d46,risk_neutral_expectation,2,DETERMINISTIC_RH,LEXMMFSA,savings,9,10,1,1.0,0.0,0.0,0.1999999999999993,0.1999999999999993,0.0,0.0,false,0.0,0.0,7.216449660063518e-16,7.216449660063518e-16,0.0
shared_battery_mode_node_level_v1,SI-Drahi_12-d1-HOM-ULO-BLO-14218af0ed,TK-PB-Drahi_12-d1-HOM-ULO-60e05de704-r2,SS-dd27c4cd5d46,risk_neutral_expectation,2,DETERMINISTIC_RH,LEXMMFSA,savings,9,11,1,1.0,0.9473684210513184,0.0,0.1999999999999993,1.0999999999987518,0.0,0.0,false,0.0,0.0,6.661338147750939e-16,0.0,0.0
shared_battery_mode_node_level_v1,SI-Drahi_12-d1-HOM-ULO-BLO-14218af0ed,TK-PB-Drahi_12-d1-HOM-ULO-60e05de704-r2,SS-dd27c4cd5d46,risk_neutral_expectation,2,DETERMINISTIC_RH,LEXMMFSA,savings,9,12,1,1.0,-1.5987211554602254e-13,0.0,1.0999999999987518,1.0999999999985999,0.0,0.0,false,0.0,0.0,6.661338147750939e-16,0.0,0.0
shared_battery_mode_node_level_v1,SI-Drahi_12-d1-HOM-ULO-BLO-14218af0ed,TK-PB-Drahi_12-d1-HOM-ULO-60e05de704-r2,SS-ab7d85e13b5a,risk_neutral_expectation,2,DETERMINISTIC_RH,LEXMMFSA,savings,13,13,1,1.0,0.0,0.0,1.0999999999985999,1.0999999999985999,0.0,0.0,false,0.0,0.0,0.0,0.0,0.0
shared_battery_mode_node_level_v1,SI-Drahi_12-d1-HOM-ULO-BLO-14218af0ed,TK-PB-Drahi_12-d1-HOM-ULO-60e05de704-r2,SS-ab7d85e13b5a,risk_neutral_expectation,2,DETERMINISTIC_RH,LEXMMFSA,savings,13,14,1,1.0,-8.242295734817162e-13,0.0,1.0999999999985999,1.099999999997817,0.0,0.0,false,0.0,0.0,0.0,0.0,0.0
shared_battery_mode_node_level_v1,SI-Drahi_12-d1-HOM-ULO-BLO-14218af0ed,TK-PB-Drahi_12-d1-HOM-ULO-60e05de704-r2,SS-ab7d85e13b5a,risk_neutral_expectation,2,DETERMINISTIC_RH,LEXMMFSA,savings,13,15,1,1.0000000000001386,0.0,-1.1084466677857563e-12,1.099999999997817,1.0999999999989838,0.0,0.0,false,0.0,1.3855583347321954e-13,0.0,0.0,0.0
shared_battery_mode_node_level_v1,SI-Drahi_12-d1-HOM-ULO-BLO-14218af0ed,TK-PB-Drahi_12-d1-HOM-ULO-60e05de704-r2,SS-ab7d85e13b5a,risk_neutral_expectation,2,DETERMINISTIC_RH,LEXMMFSA,savings,13,16,1,1.0,8.0,0.0,1.0999999999989838,8.699999999998983,0.0,0.0,false,0.0,0.0,0.0,0.0,0.0
shared_battery_mode_node_level_v1,SI-Drahi_12-d1-HOM-ULO-BLO-14218af0ed,TK-PB-Drahi_12-d1-HOM-ULO-60e05de704-r2,SS-d9e9642706a1,risk_neutral_expectation,2,DETERMINISTIC_RH,LEXMMFSA,savings,17,17,1,1.0,0.0,0.0,8.699999999998983,8.699999999998983,0.0,0.0,false,0.0,0.0,0.0,0.0,0.0
shared_battery_mode_node_level_v1,SI-Drahi_12-d1-HOM-ULO-BLO-14218af0ed,TK-PB-Drahi_12-d1-HOM-ULO-60e05de704-r2,SS-d9e9642706a1,risk_neutral_expectation,2,DETERMINISTIC_RH,LEXMMFSA,savings,17,18,1,1.0,0.0,0.0,8.699999999998983,8.699999999998983,0.0,0.0,false,0.0,0.0,0.0,0.0,0.0
shared_battery_mode_node_level_v1,SI-Drahi_12-d1-HOM-ULO-BLO-14218af0ed,TK-PB-Drahi_12-d1-HOM-ULO-60e05de704-r2,SS-d9e9642706a1,risk_neutral_expectation,2,DETERMINISTIC_RH,LEXMMFSA,savings,17,19,1,1.0,0.0,0.0,8.699999999998983,8.699999999998983,0.0,0.0,false,0.0,0.0,0.0,0.0,0.0
shared_battery_mode_node_level_v1,SI-Drahi_12-d1-HOM-ULO-BLO-14218af0ed,TK-PB-Drahi_12-d1-HOM-ULO-60e05de704-r2,SS-d9e9642706a1,risk_neutral_expectation,2,DETERMINISTIC_RH,LEXMMFSA,savings,17,20,1,1.0,8.0,0.0,8.699999999998983,16.29999999999898,0.0,0.0,false,0.0,0.0,0.0,0.0,0.0
shared_battery_mode_node_level_v1,SI-Drahi_12-d1-HOM-ULO-BLO-14218af0ed,TK-PB-Drahi_12-d1-HOM-ULO-60e05de704-r2,SS-34ce05b803eb,risk_neutral_expectation,2,DETERMINISTIC_RH,LEXMMFSA,savings,21,21,1,1.0,0.0,0.0,16.29999999999898,16.29999999999898,0.0,0.0,false,0.0,0.0,0.0,0.0,0.0
shared_battery_mode_node_level_v1,SI-Drahi_12-d1-HOM-ULO-BLO-14218af0ed,TK-PB-Drahi_12-d1-HOM-ULO-60e05de704-r2,SS-34ce05b803eb,risk_neutral_expectation,2,DETERMINISTIC_RH,LEXMMFSA,savings,21,22,1,1.0,8.0,0.0,16.29999999999898,23.899999999998983,0.0,0.0,false,0.0,0.0,0.0,0.0,0.0
shared_battery_mode_node_level_v1,SI-Drahi_12-d1-HOM-ULO-BLO-14218af0ed,TK-PB-Drahi_12-d1-HOM-ULO-60e05de704-r2,SS-34ce05b803eb,risk_neutral_expectation,2,DETERMINISTIC_RH,LEXMMFSA,savings,21,23,1,1.0,0.0,0.0,23.899999999998983,23.899999999998983,0.0,0.0,false,0.0,0.0,0.0,0.0,0.0
shared_battery_mode_node_level_v1,SI-Drahi_12-d1-HOM-ULO-BLO-14218af0ed,TK-PB-Drahi_12-d1-HOM-ULO-60e05de704-r2,SS-34ce05b803eb,risk_neutral_expectation,2,DETERMINISTIC_RH,LEXMMFSA,savings,21,24,1,1.0,8.0,0.0,23.899999999998983,31.499999999998984,0.0,0.0,false,0.0,0.0,0.0,0.0,0.0
shared_battery_mode_node_level_v1,SI-Drahi_12-d1-HOM-ULO-BLO-14218af0ed,TK-PB-Drahi_12-d1-HOM-ULO-60e05de704-r2,SS-34f937f9703a,risk_neutral_expectation,2,DETERMINISTIC_RH,NONE,none,1,1,1,1.0,0.0,0.0,0.2,0.2,0.0,0.0,false,0.0,0.0,0.0,0.0,0.0
shared_battery_mode_node_level_v1,SI-Drahi_12-d1-HOM-ULO-BLO-14218af0ed,TK-PB-Drahi_12-d1-HOM-ULO-60e05de704-r2,SS-34f937f9703a,risk_neutral_expectation,2,DETERMINISTIC_RH,NONE,none,1,2,1,1.0,0.8642659279778384,0.0,0.2,1.0210526315789465,0.0,0.0,false,0.0,0.0,0.0,0.0,0.0
shared_battery_mode_node_level_v1,SI-Drahi_12-d1-HOM-ULO-BLO-14218af0ed,TK-PB-Drahi_12-d1-HOM-ULO-60e05de704-r2,SS-34f937f9703a,risk_neutral_expectation,2,DETERMINISTIC_RH,NONE,none,1,3,1,1.0,0.0,0.0,1.0210526315789465,1.0210526315789465,0.0,0.0,false,0.0,0.0,0.0,0.0,0.0
shared_battery_mode_node_level_v1,SI-Drahi_12-d1-HOM-ULO-BLO-14218af0ed,TK-PB-Drahi_12-d1-HOM-ULO-60e05de704-r2,SS-34f937f9703a,risk_neutral_expectation,2,DETERMINISTIC_RH,NONE,none,1,4,1,1.0,8.0,0.0,1.0210526315789465,8.621052631578946,0.0,0.0,false,0.0,0.0,0.0,0.0,0.0
shared_battery_mode_node_level_v1,SI-Drahi_12-d1-HOM-ULO-BLO-14218af0ed,TK-PB-Drahi_12-d1-HOM-ULO-60e05de704-r2,SS-e5e057e5b318,risk_neutral_expectation,2,DETERMINISTIC_RH,NONE,none,5,5,1,1.0,0.0,0.0,8.621052631578946,8.621052631578946,0.0,0.0,false,0.0,0.0,0.0,0.0,0.0
shared_battery_mode_node_level_v1,SI-Drahi_12-d1-HOM-ULO-BLO-14218af0ed,TK-PB-Drahi_12-d1-HOM-ULO-60e05de704-r2,SS-e5e057e5b318,risk_neutral_expectation,2,DETERMINISTIC_RH,NONE,none,5,6,1,1.0,0.0,0.0,8.621052631578946,8.621052631578946,0.0,0.0,false,0.0,0.0,0.0,0.0,0.0
shared_battery_mode_node_level_v1,SI-Drahi_12-d1-HOM-ULO-BLO-14218af0ed,TK-PB-Drahi_12-d1-HOM-ULO-60e05de704-r2,SS-e5e057e5b318,risk_neutral_expectation,2,DETERMINISTIC_RH,NONE,none,5,7,1,0.0,0.0,8.0,8.621052631578946,0.1999999999999993,0.0,0.0,false,0.0,0.0,7.216449660063518e-16,7.216449660063518e-16,0.0
shared_battery_mode_node_level_v1,SI-Drahi_12-d1-HOM-ULO-BLO-14218af0ed,TK-PB-Drahi_12-d1-HOM-ULO-60e05de704-r2,SS-e5e057e5b318,risk_neutral_expectation,2,DETERMINISTIC_RH,NONE,none,5,8,1,1.0,0.0,0.0,0.1999999999999993,0.1999999999999993,0.0,0.0,false,0.0,0.0,7.216449660063518e-16,7.216449660063518e-16,0.0
shared_battery_mode_node_level_v1,SI-Drahi_12-d1-HOM-ULO-BLO-14218af0ed,TK-PB-Drahi_12-d1-HOM-ULO-60e05de704-r2,SS-dd27c4cd5d46,risk_neutral_expectation,2,DETERMINISTIC_RH,NONE,none,9,9,1,1.0,0.0,0.0,0.1999999999999993,0.1999999999999993,0.0,0.0,false,0.0,0.0,0.0,7.216449660063518e-16,0.0
shared_battery_mode_node_level_v1,SI-Drahi_12-d1-HOM-ULO-BLO-14218af0ed,TK-PB-Drahi_12-d1-HOM-ULO-60e05de704-r2,SS-dd27c4cd5d46,risk_neutral_expectation,2,DETERMINISTIC_RH,NONE,none,9,10,1,1.0,6.323830348264892e-13,0.0,0.1999999999999993,0.20000000000060006,0.0,0.0,false,0.0,0.0,0.0,0.0,0.0
shared_battery_mode_node_level_v1,SI-Drahi_12-d1-HOM-ULO-BLO-14218af0ed,TK-PB-Drahi_12-d1-HOM-ULO-60e05de704-r2,SS-dd27c4cd5d46,risk_neutral_expectation,2,DETERMINISTIC_RH,NONE,none,9,11,1,1.0,0.9473684210506866,0.0,0.20000000000060006,1.0999999999987524,0.0,0.0,false,0.0,0.0,0.0,0.0,0.0
shared_battery_mode_node_level_v1,SI-Drahi_12-d1-HOM-ULO-BLO-14218af0ed,TK-PB-Drahi_12-d1-HOM-ULO-60e05de704-r2,SS-dd27c4cd5d46,risk_neutral_expectation,2,DETERMINISTIC_RH,NONE,none,9,12,1,1.0,-1.5987211554602254e-13,0.0,1.0999999999987524,1.0999999999986005,0.0,0.0,false,0.0,0.0,0.0,0.0,0.0
shared_battery_mode_node_level_v1,SI-Drahi_12-d1-HOM-ULO-BLO-14218af0ed,TK-PB-Drahi_12-d1-HOM-ULO-60e05de704-r2,SS-ab7d85e13b5a,risk_neutral_expectation,2,DETERMINISTIC_RH,NONE,none,13,13,1,1.0,0.0,0.0,1.0999999999986005,1.0999999999986005,0.0,0.0,false,0.0,0.0,0.0,0.0,0.0
shared_battery_mode_node_level_v1,SI-Drahi_12-d1-HOM-ULO-BLO-14218af0ed,TK-PB-Drahi_12-d1-HOM-ULO-60e05de704-r2,SS-ab7d85e13b5a,risk_neutral_expectation,2,DETERMINISTIC_RH,NONE,none,13,14,1,1.0,-8.242295734817162e-13,0.0,1.0999999999986005,1.0999999999978176,0.0,0.0,false,0.0,0.0,0.0,0.0,0.0
shared_battery_mode_node_level_v1,SI-Drahi_12-d1-HOM-ULO-BLO-14218af0ed,TK-PB-Drahi_12-d1-HOM-ULO-60e05de704-r2,SS-ab7d85e13b5a,risk_neutral_expectation,2,DETERMINISTIC_RH,NONE,none,13,15,1,1.0,1.1084466677857563e-12,0.0,1.0999999999978176,1.0999999999988705,0.0,0.0,false,0.0,0.0,0.0,0.0,0.0
shared_battery_mode_node_level_v1,SI-Drahi_12-d1-HOM-ULO-BLO-14218af0ed,TK-PB-Drahi_12-d1-HOM-ULO-60e05de704-r2,SS-ab7d85e13b5a,risk_neutral_expectation,2,DETERMINISTIC_RH,NONE,none,13,16,1,1.0,8.0,0.0,1.0999999999988705,8.69999999999887,0.0,0.0,false,0.0,0.0,0.0,0.0,0.0
shared_battery_mode_node_level_v1,SI-Drahi_12-d1-HOM-ULO-BLO-14218af0ed,TK-PB-Drahi_12-d1-HOM-ULO-60e05de704-r2,SS-d9e9642706a1,risk_neutral_expectation,2,DETERMINISTIC_RH,NONE,none,17,17,1,1.0,0.0,0.0,8.69999999999887,8.69999999999887,0.0,0.0,false,0.0,0.0,0.0,0.0,0.0
shared_battery_mode_node_level_v1,SI-Drahi_12-d1-HOM-ULO-BLO-14218af0ed,TK-PB-Drahi_12-d1-HOM-ULO-60e05de704-r2,SS-d9e9642706a1,risk_neutral_expectation,2,DETERMINISTIC_RH,NONE,none,17,18,1,1.0,-2.6290081223123707e-13,0.0,8.69999999999887,8.699999999998619,0.0,0.0,false,0.0,0.0,0.0,0.0,0.0
shared_battery_mode_node_level_v1,SI-Drahi_12-d1-HOM-ULO-BLO-14218af0ed,TK-PB-Drahi_12-d1-HOM-ULO-60e05de704-r2,SS-d9e9642706a1,risk_neutral_expectation,2,DETERMINISTIC_RH,NONE,none,17,19,1,1.0,0.0,0.0,8.699999999998619,8.699999999998619,0.0,0.0,false,0.0,0.0,0.0,0.0,0.0
shared_battery_mode_node_level_v1,SI-Drahi_12-d1-HOM-ULO-BLO-14218af0ed,TK-PB-Drahi_12-d1-HOM-ULO-60e05de704-r2,SS-d9e9642706a1,risk_neutral_expectation,2,DETERMINISTIC_RH,NONE,none,17,20,1,1.0,8.0,0.0,8.699999999998619,16.29999999999862,0.0,0.0,false,0.0,0.0,0.0,0.0,0.0
shared_battery_mode_node_level_v1,SI-Drahi_12-d1-HOM-ULO-BLO-14218af0ed,TK-PB-Drahi_12-d1-HOM-ULO-60e05de704-r2,SS-34ce05b803eb,risk_neutral_expectation,2,DETERMINISTIC_RH,NONE,none,21,21,1,1.0,0.0,0.0,16.29999999999862,16.29999999999862,0.0,0.0,false,0.0,0.0,0.0,0.0,0.0
shared_battery_mode_node_level_v1,SI-Drahi_12-d1-HOM-ULO-BLO-14218af0ed,TK-PB-Drahi_12-d1-HOM-ULO-60e05de704-r2,SS-34ce05b803eb,risk_neutral_expectation,2,DETERMINISTIC_RH,NONE,none,21,22,1,1.0,8.0,0.0,16.29999999999862,23.89999999999862,0.0,0.0,false,0.0,0.0,0.0,0.0,0.0
shared_battery_mode_node_level_v1,SI-Drahi_12-d1-HOM-ULO-BLO-14218af0ed,TK-PB-Drahi_12-d1-HOM-ULO-60e05de704-r2,SS-34ce05b803eb,risk_neutral_expectation,2,DETERMINISTIC_RH,NONE,none,21,23,1,1.0,0.0,0.0,23.89999999999862,23.89999999999862,0.0,0.0,false,0.0,0.0,0.0,0.0,0.0
shared_battery_mode_node_level_v1,SI-Drahi_12-d1-HOM-ULO-BLO-14218af0ed,TK-PB-Drahi_12-d1-HOM-ULO-60e05de704-r2,SS-34ce05b803eb,risk_neutral_expectation,2,DETERMINISTIC_RH,NONE,none,21,24,1,1.0,8.00000000000145,0.0,23.89999999999862,31.499999999999996,1.4495071809506044e-12,0.0,false,0.0,0.0,3.552713678800501e-15,0.0,0.0
shared_battery_mode_node_level_v1,SI-Drahi_12-d1-HOM-ULO-BLO-14218af0ed,TK-PB-Drahi_12-d1-HOM-ULO-60e05de704-r2,SS-34f937f9703a,risk_neutral_expectation,2,DETERMINISTIC_RH,PEA,pv,1,1,1,1.0,0.0,0.0,0.2,0.2,0.0,0.0,false,0.0,0.0,0.0,0.0,0.0
shared_battery_mode_node_level_v1,SI-Drahi_12-d1-HOM-ULO-BLO-14218af0ed,TK-PB-Drahi_12-d1-HOM-ULO-60e05de704-r2,SS-34f937f9703a,risk_neutral_expectation,2,DETERMINISTIC_RH,PEA,pv,1,2,1,1.0,0.8642659279778384,0.0,0.2,1.0210526315789465,0.0,0.0,false,0.0,0.0,0.0,0.0,0.0
shared_battery_mode_node_level_v1,SI-Drahi_12-d1-HOM-ULO-BLO-14218af0ed,TK-PB-Drahi_12-d1-HOM-ULO-60e05de704-r2,SS-34f937f9703a,risk_neutral_expectation,2,DETERMINISTIC_RH,PEA,pv,1,3,1,1.0,0.0,0.0,1.0210526315789465,1.0210526315789465,0.0,0.0,false,0.0,0.0,0.0,0.0,0.0
shared_battery_mode_node_level_v1,SI-Drahi_12-d1-HOM-ULO-BLO-14218af0ed,TK-PB-Drahi_12-d1-HOM-ULO-60e05de704-r2,SS-34f937f9703a,risk_neutral_expectation,2,DETERMINISTIC_RH,PEA,pv,1,4,1,1.0,8.0,0.0,1.0210526315789465,8.621052631578946,0.0,0.0,false,0.0,0.0,0.0,0.0,0.0
shared_battery_mode_node_level_v1,SI-Drahi_12-d1-HOM-ULO-BLO-14218af0ed,TK-PB-Drahi_12-d1-HOM-ULO-60e05de704-r2,SS-e5e057e5b318,risk_neutral_expectation,2,DETERMINISTIC_RH,PEA,pv,5,5,1,1.0,0.0,0.0,8.621052631578946,8.621052631578946,0.0,0.0,false,0.0,0.0,0.0,0.0,0.0
shared_battery_mode_node_level_v1,SI-Drahi_12-d1-HOM-ULO-BLO-14218af0ed,TK-PB-Drahi_12-d1-HOM-ULO-60e05de704-r2,SS-e5e057e5b318,risk_neutral_expectation,2,DETERMINISTIC_RH,PEA,pv,5,6,1,1.0,0.0,0.0,8.621052631578946,8.621052631578946,0.0,0.0,false,0.0,0.0,0.0,0.0,0.0
shared_battery_mode_node_level_v1,SI-Drahi_12-d1-HOM-ULO-BLO-14218af0ed,TK-PB-Drahi_12-d1-HOM-ULO-60e05de704-r2,SS-e5e057e5b318,risk_neutral_expectation,2,DETERMINISTIC_RH,PEA,pv,5,7,1,0.0,0.0,8.0,8.621052631578946,0.1999999999999993,0.0,0.0,false,0.0,0.0,7.216449660063518e-16,7.216449660063518e-16,0.0
shared_battery_mode_node_level_v1,SI-Drahi_12-d1-HOM-ULO-BLO-14218af0ed,TK-PB-Drahi_12-d1-HOM-ULO-60e05de704-r2,SS-e5e057e5b318,risk_neutral_expectation,2,DETERMINISTIC_RH,PEA,pv,5,8,1,1.0,0.0,0.0,0.1999999999999993,0.1999999999999993,0.0,0.0,false,0.0,0.0,7.216449660063518e-16,7.216449660063518e-16,0.0
shared_battery_mode_node_level_v1,SI-Drahi_12-d1-HOM-ULO-BLO-14218af0ed,TK-PB-Drahi_12-d1-HOM-ULO-60e05de704-r2,SS-dd27c4cd5d46,risk_neutral_expectation,2,DETERMINISTIC_RH,PEA,pv,9,9,1,1.0,0.0,0.0,0.1999999999999993,0.1999999999999993,0.0,0.0,false,0.0,0.0,0.0,7.216449660063518e-16,0.0
shared_battery_mode_node_level_v1,SI-Drahi_12-d1-HOM-ULO-BLO-14218af0ed,TK-PB-Drahi_12-d1-HOM-ULO-60e05de704-r2,SS-dd27c4cd5d46,risk_neutral_expectation,2,DETERMINISTIC_RH,PEA,pv,9,10,1,1.0,6.323830348264892e-13,0.0,0.1999999999999993,0.20000000000060006,0.0,0.0,false,0.0,0.0,0.0,0.0,0.0
shared_battery_mode_node_level_v1,SI-Drahi_12-d1-HOM-ULO-BLO-14218af0ed,TK-PB-Drahi_12-d1-HOM-ULO-60e05de704-r2,SS-dd27c4cd5d46,risk_neutral_expectation,2,DETERMINISTIC_RH,PEA,pv,9,11,1,1.0,0.9473684210506866,0.0,0.20000000000060006,1.0999999999987524,0.0,0.0,false,0.0,0.0,0.0,0.0,0.0
shared_battery_mode_node_level_v1,SI-Drahi_12-d1-HOM-ULO-BLO-14218af0ed,TK-PB-Drahi_12-d1-HOM-ULO-60e05de704-r2,SS-dd27c4cd5d46,risk_neutral_expectation,2,DETERMINISTIC_RH,PEA,pv,9,12,1,1.0,-1.5987211554602254e-13,0.0,1.0999999999987524,1.0999999999986005,0.0,0.0,false,0.0,0.0,0.0,0.0,0.0
shared_battery_mode_node_level_v1,SI-Drahi_12-d1-HOM-ULO-BLO-14218af0ed,TK-PB-Drahi_12-d1-HOM-ULO-60e05de704-r2,SS-ab7d85e13b5a,risk_neutral_expectation,2,DETERMINISTIC_RH,PEA,pv,13,13,1,1.0,0.0,0.0,1.0999999999986005,1.0999999999986005,0.0,0.0,false,0.0,0.0,0.0,0.0,0.0
shared_battery_mode_node_level_v1,SI-Drahi_12-d1-HOM-ULO-BLO-14218af0ed,TK-PB-Drahi_12-d1-HOM-ULO-60e05de704-r2,SS-ab7d85e13b5a,risk_neutral_expectation,2,DETERMINISTIC_RH,PEA,pv,13,14,1,1.0,-8.242295734817162e-13,0.0,1.0999999999986005,1.0999999999978176,0.0,0.0,false,0.0,0.0,0.0,0.0,0.0
shared_battery_mode_node_level_v1,SI-Drahi_12-d1-HOM-ULO-BLO-14218af0ed,TK-PB-Drahi_12-d1-HOM-ULO-60e05de704-r2,SS-ab7d85e13b5a,risk_neutral_expectation,2,DETERMINISTIC_RH,PEA,pv,13,15,1,1.0,1.1084466677857563e-12,0.0,1.0999999999978176,1.0999999999988705,0.0,0.0,false,0.0,0.0,0.0,0.0,0.0
shared_battery_mode_node_level_v1,SI-Drahi_12-d1-HOM-ULO-BLO-14218af0ed,TK-PB-Drahi_12-d1-HOM-ULO-60e05de704-r2,SS-ab7d85e13b5a,risk_neutral_expectation,2,DETERMINISTIC_RH,PEA,pv,13,16,1,1.0,8.0,0.0,1.0999999999988705,8.69999999999887,0.0,0.0,false,0.0,0.0,0.0,0.0,0.0
shared_battery_mode_node_level_v1,SI-Drahi_12-d1-HOM-ULO-BLO-14218af0ed,TK-PB-Drahi_12-d1-HOM-ULO-60e05de704-r2,SS-d9e9642706a1,risk_neutral_expectation,2,DETERMINISTIC_RH,PEA,pv,17,17,1,1.0,0.0,0.0,8.69999999999887,8.69999999999887,0.0,0.0,false,0.0,0.0,0.0,0.0,0.0
shared_battery_mode_node_level_v1,SI-Drahi_12-d1-HOM-ULO-BLO-14218af0ed,TK-PB-Drahi_12-d1-HOM-ULO-60e05de704-r2,SS-d9e9642706a1,risk_neutral_expectation,2,DETERMINISTIC_RH,PEA,pv,17,18,1,1.0,-2.6290081223123707e-13,0.0,8.69999999999887,8.699999999998619,0.0,0.0,false,0.0,0.0,0.0,0.0,0.0
shared_battery_mode_node_level_v1,SI-Drahi_12-d1-HOM-ULO-BLO-14218af0ed,TK-PB-Drahi_12-d1-HOM-ULO-60e05de704-r2,SS-d9e9642706a1,risk_neutral_expectation,2,DETERMINISTIC_RH,PEA,pv,17,19,1,1.0,0.0,0.0,8.699999999998619,8.699999999998619,0.0,0.0,false,0.0,0.0,0.0,0.0,0.0
shared_battery_mode_node_level_v1,SI-Drahi_12-d1-HOM-ULO-BLO-14218af0ed,TK-PB-Drahi_12-d1-HOM-ULO-60e05de704-r2,SS-d9e9642706a1,risk_neutral_expectation,2,DETERMINISTIC_RH,PEA,pv,17,20,1,1.0,8.0,0.0,8.699999999998619,16.29999999999862,0.0,0.0,false,0.0,0.0,0.0,0.0,0.0
shared_battery_mode_node_level_v1,SI-Drahi_12-d1-HOM-ULO-BLO-14218af0ed,TK-PB-Drahi_12-d1-HOM-ULO-60e05de704-r2,SS-34ce05b803eb,risk_neutral_expectation,2,DETERMINISTIC_RH,PEA,pv,21,21,1,1.0,0.0,0.0,16.29999999999862,16.29999999999862,0.0,0.0,false,0.0,0.0,0.0,0.0,0.0
shared_battery_mode_node_level_v1,SI-Drahi_12-d1-HOM-ULO-BLO-14218af0ed,TK-PB-Drahi_12-d1-HOM-ULO-60e05de704-r2,SS-34ce05b803eb,risk_neutral_expectation,2,DETERMINISTIC_RH,PEA,pv,21,22,1,1.0,8.0,0.0,16.29999999999862,23.89999999999862,0.0,0.0,false,0.0,0.0,0.0,0.0,0.0
shared_battery_mode_node_level_v1,SI-Drahi_12-d1-HOM-ULO-BLO-14218af0ed,TK-PB-Drahi_12-d1-HOM-ULO-60e05de704-r2,SS-34ce05b803eb,risk_neutral_expectation,2,DETERMINISTIC_RH,PEA,pv,21,23,1,1.0,0.0,0.0,23.89999999999862,23.89999999999862,0.0,0.0,false,0.0,0.0,0.0,0.0,0.0
shared_battery_mode_node_level_v1,SI-Drahi_12-d1-HOM-ULO-BLO-14218af0ed,TK-PB-Drahi_12-d1-HOM-ULO-60e05de704-r2,SS-34ce05b803eb,risk_neutral_expectation,2,DETERMINISTIC_RH,PEA,pv,21,24,1,1.0,8.00000000000145,0.0,23.89999999999862,31.499999999999996,1.4495071809506044e-12,0.0,false,0.0,0.0,3.552713678800501e-15,0.0,0.0
shared_battery_mode_node_level_v1,SI-Drahi_12-d1-HOM-ULO-BLO-14218af0ed,TK-PB-Drahi_12-d1-HOM-ULO-60e05de704-r2,SS-34f937f9703a,risk_neutral_expectation,2,DETERMINISTIC_RH,SA,savings,1,1,1,1.0,0.0,0.0,0.2,0.2,0.0,0.0,false,0.0,0.0,0.0,0.0,0.0
shared_battery_mode_node_level_v1,SI-Drahi_12-d1-HOM-ULO-BLO-14218af0ed,TK-PB-Drahi_12-d1-HOM-ULO-60e05de704-r2,SS-34f937f9703a,risk_neutral_expectation,2,DETERMINISTIC_RH,SA,savings,1,2,1,1.0,0.8642659279778385,0.0,0.2,1.0210526315789465,0.0,0.0,false,0.0,0.0,0.0,0.0,0.0
shared_battery_mode_node_level_v1,SI-Drahi_12-d1-HOM-ULO-BLO-14218af0ed,TK-PB-Drahi_12-d1-HOM-ULO-60e05de704-r2,SS-34f937f9703a,risk_neutral_expectation,2,DETERMINISTIC_RH,SA,savings,1,3,1,1.0,0.0,0.0,1.0210526315789465,1.0210526315789465,0.0,0.0,false,0.0,0.0,0.0,0.0,0.0
shared_battery_mode_node_level_v1,SI-Drahi_12-d1-HOM-ULO-BLO-14218af0ed,TK-PB-Drahi_12-d1-HOM-ULO-60e05de704-r2,SS-34f937f9703a,risk_neutral_expectation,2,DETERMINISTIC_RH,SA,savings,1,4,1,1.0,8.0,0.0,1.0210526315789465,8.621052631578946,0.0,0.0,false,0.0,0.0,0.0,0.0,0.0
shared_battery_mode_node_level_v1,SI-Drahi_12-d1-HOM-ULO-BLO-14218af0ed,TK-PB-Drahi_12-d1-HOM-ULO-60e05de704-r2,SS-e5e057e5b318,risk_neutral_expectation,2,DETERMINISTIC_RH,SA,savings,5,5,1,1.0,0.0,0.0,8.621052631578946,8.621052631578946,0.0,0.0,false,0.0,0.0,0.0,0.0,0.0
shared_battery_mode_node_level_v1,SI-Drahi_12-d1-HOM-ULO-BLO-14218af0ed,TK-PB-Drahi_12-d1-HOM-ULO-60e05de704-r2,SS-e5e057e5b318,risk_neutral_expectation,2,DETERMINISTIC_RH,SA,savings,5,6,1,1.0,0.0,0.0,8.621052631578946,8.621052631578946,0.0,0.0,false,0.0,0.0,0.0,0.0,0.0
shared_battery_mode_node_level_v1,SI-Drahi_12-d1-HOM-ULO-BLO-14218af0ed,TK-PB-Drahi_12-d1-HOM-ULO-60e05de704-r2,SS-e5e057e5b318,risk_neutral_expectation,2,DETERMINISTIC_RH,SA,savings,5,7,1,0.0,0.0,8.0,8.621052631578946,0.1999999999999993,0.0,0.0,false,0.0,0.0,7.216449660063518e-16,7.216449660063518e-16,0.0
shared_battery_mode_node_level_v1,SI-Drahi_12-d1-HOM-ULO-BLO-14218af0ed,TK-PB-Drahi_12-d1-HOM-ULO-60e05de704-r2,SS-e5e057e5b318,risk_neutral_expectation,2,DETERMINISTIC_RH,SA,savings,5,8,1,1.0,0.0,0.0,0.1999999999999993,0.1999999999999993,0.0,0.0,false,0.0,0.0,7.216449660063518e-16,7.216449660063518e-16,0.0
shared_battery_mode_node_level_v1,SI-Drahi_12-d1-HOM-ULO-BLO-14218af0ed,TK-PB-Drahi_12-d1-HOM-ULO-60e05de704-r2,SS-dd27c4cd5d46,risk_neutral_expectation,2,DETERMINISTIC_RH,SA,savings,9,9,1,1.0,0.0,0.0,0.1999999999999993,0.1999999999999993,0.0,0.0,false,0.0,0.0,0.0,7.216449660063518e-16,0.0
shared_battery_mode_node_level_v1,SI-Drahi_12-d1-HOM-ULO-BLO-14218af0ed,TK-PB-Drahi_12-d1-HOM-ULO-60e05de704-r2,SS-dd27c4cd5d46,risk_neutral_expectation,2,DETERMINISTIC_RH,SA,savings,9,10,1,1.0,6.323830348264892e-13,0.0,0.1999999999999993,0.20000000000060006,0.0,0.0,false,0.0,0.0,0.0,0.0,0.0
shared_battery_mode_node_level_v1,SI-Drahi_12-d1-HOM-ULO-BLO-14218af0ed,TK-PB-Drahi_12-d1-HOM-ULO-60e05de704-r2,SS-dd27c4cd5d46,risk_neutral_expectation,2,DETERMINISTIC_RH,SA,savings,9,11,1,1.0,0.9473684210506866,0.0,0.20000000000060006,1.0999999999987524,0.0,0.0,false,0.0,0.0,0.0,0.0,0.0
shared_battery_mode_node_level_v1,SI-Drahi_12-d1-HOM-ULO-BLO-14218af0ed,TK-PB-Drahi_12-d1-HOM-ULO-60e05de704-r2,SS-dd27c4cd5d46,risk_neutral_expectation,2,DETERMINISTIC_RH,SA,savings,9,12,1,1.0,-1.5987211554602254e-13,0.0,1.0999999999987524,1.0999999999986005,0.0,0.0,false,0.0,0.0,0.0,0.0,0.0
shared_battery_mode_node_level_v1,SI-Drahi_12-d1-HOM-ULO-BLO-14218af0ed,TK-PB-Drahi_12-d1-HOM-ULO-60e05de704-r2,SS-ab7d85e13b5a,risk_neutral_expectation,2,DETERMINISTIC_RH,SA,savings,13,13,1,1.0,0.0,0.0,1.0999999999986005,1.0999999999986005,0.0,0.0,false,0.0,0.0,0.0,0.0,0.0
shared_battery_mode_node_level_v1,SI-Drahi_12-d1-HOM-ULO-BLO-14218af0ed,TK-PB-Drahi_12-d1-HOM-ULO-60e05de704-r2,SS-ab7d85e13b5a,risk_neutral_expectation,2,DETERMINISTIC_RH,SA,savings,13,14,1,1.0,-8.242295734817162e-13,0.0,1.0999999999986005,1.0999999999978176,0.0,0.0,false,0.0,0.0,0.0,0.0,0.0
shared_battery_mode_node_level_v1,SI-Drahi_12-d1-HOM-ULO-BLO-14218af0ed,TK-PB-Drahi_12-d1-HOM-ULO-60e05de704-r2,SS-ab7d85e13b5a,risk_neutral_expectation,2,DETERMINISTIC_RH,SA,savings,13,15,1,1.0,1.1084466677857563e-12,0.0,1.0999999999978176,1.0999999999988705,0.0,0.0,false,0.0,0.0,0.0,0.0,0.0
shared_battery_mode_node_level_v1,SI-Drahi_12-d1-HOM-ULO-BLO-14218af0ed,TK-PB-Drahi_12-d1-HOM-ULO-60e05de704-r2,SS-ab7d85e13b5a,risk_neutral_expectation,2,DETERMINISTIC_RH,SA,savings,13,16,1,1.0,8.0,0.0,1.0999999999988705,8.69999999999887,0.0,0.0,false,0.0,0.0,0.0,0.0,0.0
shared_battery_mode_node_level_v1,SI-Drahi_12-d1-HOM-ULO-BLO-14218af0ed,TK-PB-Drahi_12-d1-HOM-ULO-60e05de704-r2,SS-d9e9642706a1,risk_neutral_expectation,2,DETERMINISTIC_RH,SA,savings,17,17,1,1.0,0.0,0.0,8.69999999999887,8.69999999999887,0.0,0.0,false,0.0,0.0,0.0,0.0,0.0
shared_battery_mode_node_level_v1,SI-Drahi_12-d1-HOM-ULO-BLO-14218af0ed,TK-PB-Drahi_12-d1-HOM-ULO-60e05de704-r2,SS-d9e9642706a1,risk_neutral_expectation,2,DETERMINISTIC_RH,SA,savings,17,18,1,1.0,-2.6290081223123707e-13,0.0,8.69999999999887,8.699999999998619,0.0,0.0,false,0.0,0.0,0.0,0.0,0.0
shared_battery_mode_node_level_v1,SI-Drahi_12-d1-HOM-ULO-BLO-14218af0ed,TK-PB-Drahi_12-d1-HOM-ULO-60e05de704-r2,SS-d9e9642706a1,risk_neutral_expectation,2,DETERMINISTIC_RH,SA,savings,17,19,1,1.0,0.0,0.0,8.699999999998619,8.699999999998619,0.0,0.0,false,0.0,0.0,0.0,0.0,0.0
shared_battery_mode_node_level_v1,SI-Drahi_12-d1-HOM-ULO-BLO-14218af0ed,TK-PB-Drahi_12-d1-HOM-ULO-60e05de704-r2,SS-d9e9642706a1,risk_neutral_expectation,2,DETERMINISTIC_RH,SA,savings,17,20,1,1.0,8.0,0.0,8.699999999998619,16.29999999999862,0.0,0.0,false,0.0,0.0,0.0,0.0,0.0
shared_battery_mode_node_level_v1,SI-Drahi_12-d1-HOM-ULO-BLO-14218af0ed,TK-PB-Drahi_12-d1-HOM-ULO-60e05de704-r2,SS-34ce05b803eb,risk_neutral_expectation,2,DETERMINISTIC_RH,SA,savings,21,21,1,1.0,0.0,0.0,16.29999999999862,16.29999999999862,0.0,0.0,false,0.0,0.0,0.0,0.0,0.0
shared_battery_mode_node_level_v1,SI-Drahi_12-d1-HOM-ULO-BLO-14218af0ed,TK-PB-Drahi_12-d1-HOM-ULO-60e05de704-r2,SS-34ce05b803eb,risk_neutral_expectation,2,DETERMINISTIC_RH,SA,savings,21,22,1,1.0,8.0,0.0,16.29999999999862,23.89999999999862,0.0,0.0,false,0.0,0.0,0.0,0.0,0.0
shared_battery_mode_node_level_v1,SI-Drahi_12-d1-HOM-ULO-BLO-14218af0ed,TK-PB-Drahi_12-d1-HOM-ULO-60e05de704-r2,SS-34ce05b803eb,risk_neutral_expectation,2,DETERMINISTIC_RH,SA,savings,21,23,1,1.0,0.0,0.0,23.89999999999862,23.89999999999862,0.0,0.0,false,0.0,0.0,0.0,0.0,0.0
shared_battery_mode_node_level_v1,SI-Drahi_12-d1-HOM-ULO-BLO-14218af0ed,TK-PB-Drahi_12-d1-HOM-ULO-60e05de704-r2,SS-34ce05b803eb,risk_neutral_expectation,2,DETERMINISTIC_RH,SA,savings,21,24,1,1.0,8.000000000001451,0.0,23.89999999999862,31.5,1.4512835377900046e-12,0.0,false,0.0,0.0,0.0,0.0,0.0
shared_battery_mode_node_level_v1,SI-Drahi_12-d1-HOM-ULO-BLO-14218af0ed,TK-PB-Drahi_12-d1-HOM-ULO-60e05de704-r2,SS-34f937f9703a,risk_neutral_expectation,2,DETERMINISTIC_RH,STATIC_DEMAND_SHARE,pv,1,1,1,1.0,0.0,0.0,0.2,0.2,0.0,0.0,false,0.0,0.0,0.0,0.0,0.0
shared_battery_mode_node_level_v1,SI-Drahi_12-d1-HOM-ULO-BLO-14218af0ed,TK-PB-Drahi_12-d1-HOM-ULO-60e05de704-r2,SS-34f937f9703a,risk_neutral_expectation,2,DETERMINISTIC_RH,STATIC_DEMAND_SHARE,pv,1,2,1,1.0,0.8642659279778384,0.0,0.2,1.0210526315789465,0.0,0.0,false,0.0,0.0,0.0,0.0,0.0
shared_battery_mode_node_level_v1,SI-Drahi_12-d1-HOM-ULO-BLO-14218af0ed,TK-PB-Drahi_12-d1-HOM-ULO-60e05de704-r2,SS-34f937f9703a,risk_neutral_expectation,2,DETERMINISTIC_RH,STATIC_DEMAND_SHARE,pv,1,3,1,1.0,0.0,0.0,1.0210526315789465,1.0210526315789465,0.0,0.0,false,0.0,0.0,0.0,0.0,0.0
shared_battery_mode_node_level_v1,SI-Drahi_12-d1-HOM-ULO-BLO-14218af0ed,TK-PB-Drahi_12-d1-HOM-ULO-60e05de704-r2,SS-34f937f9703a,risk_neutral_expectation,2,DETERMINISTIC_RH,STATIC_DEMAND_SHARE,pv,1,4,1,1.0,8.0,0.0,1.0210526315789465,8.621052631578946,0.0,0.0,false,0.0,0.0,0.0,0.0,0.0
shared_battery_mode_node_level_v1,SI-Drahi_12-d1-HOM-ULO-BLO-14218af0ed,TK-PB-Drahi_12-d1-HOM-ULO-60e05de704-r2,SS-e5e057e5b318,risk_neutral_expectation,2,DETERMINISTIC_RH,STATIC_DEMAND_SHARE,pv,5,5,1,1.0,0.0,0.0,8.621052631578946,8.621052631578946,0.0,0.0,false,0.0,0.0,0.0,0.0,0.0
shared_battery_mode_node_level_v1,SI-Drahi_12-d1-HOM-ULO-BLO-14218af0ed,TK-PB-Drahi_12-d1-HOM-ULO-60e05de704-r2,SS-e5e057e5b318,risk_neutral_expectation,2,DETERMINISTIC_RH,STATIC_DEMAND_SHARE,pv,5,6,1,1.0,0.0,0.0,8.621052631578946,8.621052631578946,0.0,0.0,false,0.0,0.0,0.0,0.0,0.0
shared_battery_mode_node_level_v1,SI-Drahi_12-d1-HOM-ULO-BLO-14218af0ed,TK-PB-Drahi_12-d1-HOM-ULO-60e05de704-r2,SS-e5e057e5b318,risk_neutral_expectation,2,DETERMINISTIC_RH,STATIC_DEMAND_SHARE,pv,5,7,1,0.0,0.0,8.0,8.621052631578946,0.1999999999999993,0.0,0.0,false,0.0,0.0,7.216449660063518e-16,7.216449660063518e-16,0.0
shared_battery_mode_node_level_v1,SI-Drahi_12-d1-HOM-ULO-BLO-14218af0ed,TK-PB-Drahi_12-d1-HOM-ULO-60e05de704-r2,SS-e5e057e5b318,risk_neutral_expectation,2,DETERMINISTIC_RH,STATIC_DEMAND_SHARE,pv,5,8,1,1.0,0.0,0.0,0.1999999999999993,0.1999999999999993,0.0,0.0,false,0.0,0.0,7.216449660063518e-16,7.216449660063518e-16,0.0
shared_battery_mode_node_level_v1,SI-Drahi_12-d1-HOM-ULO-BLO-14218af0ed,TK-PB-Drahi_12-d1-HOM-ULO-60e05de704-r2,SS-dd27c4cd5d46,risk_neutral_expectation,2,DETERMINISTIC_RH,STATIC_DEMAND_SHARE,pv,9,9,1,1.0,0.0,0.0,0.1999999999999993,0.1999999999999993,0.0,0.0,false,0.0,0.0,0.0,7.216449660063518e-16,0.0
shared_battery_mode_node_level_v1,SI-Drahi_12-d1-HOM-ULO-BLO-14218af0ed,TK-PB-Drahi_12-d1-HOM-ULO-60e05de704-r2,SS-dd27c4cd5d46,risk_neutral_expectation,2,DETERMINISTIC_RH,STATIC_DEMAND_SHARE,pv,9,10,1,1.0,6.394884621840902e-13,0.0,0.1999999999999993,0.2000000000006068,0.0,0.0,false,0.0,0.0,0.0,0.0,0.0
shared_battery_mode_node_level_v1,SI-Drahi_12-d1-HOM-ULO-BLO-14218af0ed,TK-PB-Drahi_12-d1-HOM-ULO-60e05de704-r2,SS-dd27c4cd5d46,risk_neutral_expectation,2,DETERMINISTIC_RH,STATIC_DEMAND_SHARE,pv,9,11,1,1.0,0.9473684210507648,0.0,0.2000000000006068,1.0999999999988335,0.0,0.0,false,0.0,0.0,0.0,0.0,0.0
shared_battery_mode_node_level_v1,SI-Drahi_12-d1-HOM-ULO-BLO-14218af0ed,TK-PB-Drahi_12-d1-HOM-ULO-60e05de704-r2,SS-dd27c4cd5d46,risk_neutral_expectation,2,DETERMINISTIC_RH,STATIC_DEMAND_SHARE,pv,9,12,1,1.0,0.0,0.0,1.0999999999988335,1.0999999999988335,0.0,0.0,false,0.0,0.0,0.0,0.0,0.0
shared_battery_mode_node_level_v1,SI-Drahi_12-d1-HOM-ULO-BLO-14218af0ed,TK-PB-Drahi_12-d1-HOM-ULO-60e05de704-r2,SS-ab7d85e13b5a,risk_neutral_expectation,2,DETERMINISTIC_RH,STATIC_DEMAND_SHARE,pv,13,13,1,1.0,0.0,0.0,1.0999999999988335,1.0999999999988335,0.0,0.0,false,0.0,0.0,0.0,0.0,0.0
shared_battery_mode_node_level_v1,SI-Drahi_12-d1-HOM-ULO-BLO-14218af0ed,TK-PB-Drahi_12-d1-HOM-ULO-60e05de704-r2,SS-ab7d85e13b5a,risk_neutral_expectation,2,DETERMINISTIC_RH,STATIC_DEMAND_SHARE,pv,13,14,1,1.0,-8.171241461241152e-13,0.0,1.0999999999988335,1.0999999999980572,0.0,0.0,false,0.0,0.0,0.0,0.0,0.0
shared_battery_mode_node_level_v1,SI-Drahi_12-d1-HOM-ULO-BLO-14218af0ed,TK-PB-Drahi_12-d1-HOM-ULO-60e05de704-r2,SS-ab7d85e13b5a,risk_neutral_expectation,2,DETERMINISTIC_RH,STATIC_DEMAND_SHARE,pv,13,15,1,1.0,1.1191048088221578e-12,0.0,1.0999999999980572,1.0999999999991203,0.0,0.0,false,0.0,0.0,0.0,0.0,0.0
shared_battery_mode_node_level_v1,SI-Drahi_12-d1-HOM-ULO-BLO-14218af0ed,TK-PB-Drahi_12-d1-HOM-ULO-60e05de704-r2,SS-ab7d85e13b5a,risk_neutral_expectation,2,DETERMINISTIC_RH,STATIC_DEMAND_SHARE,pv,13,16,1,1.0,8.0,0.0,1.0999999999991203,8.69999999999912,0.0,0.0,false,0.0,0.0,0.0,0.0,0.0
shared_battery_mode_node_level_v1,SI-Drahi_12-d1-HOM-ULO-BLO-14218af0ed,TK-PB-Drahi_12-d1-HOM-ULO-60e05de704-r2,SS-d9e9642706a1,risk_neutral_expectation,2,DETERMINISTIC_RH,STATIC_DEMAND_SHARE,pv,17,17,1,1.0,0.0,0.0,8.69999999999912,8.69999999999912,0.0,0.0,false,0.0,0.0,0.0,0.0,0.0
shared_battery_mode_node_level_v1,SI-Drahi_12-d1-HOM-ULO-BLO-14218af0ed,TK-PB-Drahi_12-d1-HOM-ULO-60e05de704-r2,SS-d9e9642706a1,risk_neutral_expectation,2,DETERMINISTIC_RH,STATIC_DEMAND_SHARE,pv,17,18,1,1.0,0.0,0.0,8.69999999999912,8.69999999999912,0.0,0.0,false,0.0,0.0,0.0,0.0,0.0
shared_battery_mode_node_level_v1,SI-Drahi_12-d1-HOM-ULO-BLO-14218af0ed,TK-PB-Drahi_12-d1-HOM-ULO-60e05de704-r2,SS-d9e9642706a1,risk_neutral_expectation,2,DETERMINISTIC_RH,STATIC_DEMAND_SHARE,pv,17,19,1,1.0,0.0,0.0,8.69999999999912,8.69999999999912,0.0,0.0,false,0.0,0.0,0.0,0.0,0.0
shared_battery_mode_node_level_v1,SI-Drahi_12-d1-HOM-ULO-BLO-14218af0ed,TK-PB-Drahi_12-d1-HOM-ULO-60e05de704-r2,SS-d9e9642706a1,risk_neutral_expectation,2,DETERMINISTIC_RH,STATIC_DEMAND_SHARE,pv,17,20,1,1.0,8.0,0.0,8.69999999999912,16.29999999999912,0.0,0.0,false,0.0,0.0,0.0,0.0,0.0
shared_battery_mode_node_level_v1,SI-Drahi_12-d1-HOM-ULO-BLO-14218af0ed,TK-PB-Drahi_12-d1-HOM-ULO-60e05de704-r2,SS-34ce05b803eb,risk_neutral_expectation,2,DETERMINISTIC_RH,STATIC_DEMAND_SHARE,pv,21,21,1,1.0,0.0,0.0,16.29999999999912,16.29999999999912,0.0,0.0,false,0.0,0.0,0.0,0.0,0.0
shared_battery_mode_node_level_v1,SI-Drahi_12-d1-HOM-ULO-BLO-14218af0ed,TK-PB-Drahi_12-d1-HOM-ULO-60e05de704-r2,SS-34ce05b803eb,risk_neutral_expectation,2,DETERMINISTIC_RH,STATIC_DEMAND_SHARE,pv,21,22,1,1.0,8.0,0.0,16.29999999999912,23.899999999999118,0.0,0.0,false,0.0,0.0,0.0,0.0,0.0
shared_battery_mode_node_level_v1,SI-Drahi_12-d1-HOM-ULO-BLO-14218af0ed,TK-PB-Drahi_12-d1-HOM-ULO-60e05de704-r2,SS-34ce05b803eb,risk_neutral_expectation,2,DETERMINISTIC_RH,STATIC_DEMAND_SHARE,pv,21,23,1,1.0,0.0,0.0,23.899999999999118,23.899999999999118,0.0,0.0,false,0.0,0.0,0.0,0.0,0.0
shared_battery_mode_node_level_v1,SI-Drahi_12-d1-HOM-ULO-BLO-14218af0ed,TK-PB-Drahi_12-d1-HOM-ULO-60e05de704-r2,SS-34ce05b803eb,risk_neutral_expectation,2,DETERMINISTIC_RH,STATIC_DEMAND_SHARE,pv,21,24,1,1.0,8.000000000000927,0.0,23.899999999999118,31.5,9.272582701669307e-13,0.0,false,0.0,0.0,0.0,0.0,0.0
shared_battery_mode_node_level_v1,SI-Drahi_12-d1-HOM-ULO-BLO-14218af0ed,TK-PB-Drahi_12-d1-HOM-ULO-60e05de704-r2,SS-34f937f9703a,risk_neutral_expectation,2,MULTISTAGE_RH,LEXMMFPEA,pv,1,1,1,1.0,0.0,0.0,0.2,0.2,0.0,0.0,false,0.0,0.0,0.0,0.0,0.0
shared_battery_mode_node_level_v1,SI-Drahi_12-d1-HOM-ULO-BLO-14218af0ed,TK-PB-Drahi_12-d1-HOM-ULO-60e05de704-r2,SS-34f937f9703a,risk_neutral_expectation,2,MULTISTAGE_RH,LEXMMFPEA,pv,1,2,1,1.0,0.8642659279778384,0.0,0.2,1.0210526315789465,0.0,0.0,false,0.0,0.0,0.0,0.0,0.0
shared_battery_mode_node_level_v1,SI-Drahi_12-d1-HOM-ULO-BLO-14218af0ed,TK-PB-Drahi_12-d1-HOM-ULO-60e05de704-r2,SS-34f937f9703a,risk_neutral_expectation,2,MULTISTAGE_RH,LEXMMFPEA,pv,1,3,1,1.0,0.0,0.0,1.0210526315789465,1.0210526315789465,0.0,0.0,false,0.0,0.0,0.0,0.0,0.0
shared_battery_mode_node_level_v1,SI-Drahi_12-d1-HOM-ULO-BLO-14218af0ed,TK-PB-Drahi_12-d1-HOM-ULO-60e05de704-r2,SS-34f937f9703a,risk_neutral_expectation,2,MULTISTAGE_RH,LEXMMFPEA,pv,1,4,1,1.0,8.0,0.0,1.0210526315789465,8.621052631578946,0.0,0.0,false,0.0,0.0,0.0,0.0,0.0
shared_battery_mode_node_level_v1,SI-Drahi_12-d1-HOM-ULO-BLO-14218af0ed,TK-PB-Drahi_12-d1-HOM-ULO-60e05de704-r2,SS-e5e057e5b318,risk_neutral_expectation,2,MULTISTAGE_RH,LEXMMFPEA,pv,5,5,1,1.0,0.0,0.0,8.621052631578946,8.621052631578946,0.0,0.0,false,0.0,0.0,0.0,0.0,0.0
shared_battery_mode_node_level_v1,SI-Drahi_12-d1-HOM-ULO-BLO-14218af0ed,TK-PB-Drahi_12-d1-HOM-ULO-60e05de704-r2,SS-e5e057e5b318,risk_neutral_expectation,2,MULTISTAGE_RH,LEXMMFPEA,pv,5,6,1,1.0,0.0,0.0,8.621052631578946,8.621052631578946,0.0,0.0,false,0.0,0.0,0.0,0.0,0.0
shared_battery_mode_node_level_v1,SI-Drahi_12-d1-HOM-ULO-BLO-14218af0ed,TK-PB-Drahi_12-d1-HOM-ULO-60e05de704-r2,SS-e5e057e5b318,risk_neutral_expectation,2,MULTISTAGE_RH,LEXMMFPEA,pv,5,7,1,0.0,0.0,7.999999999999999,8.621052631578946,0.1999999999999993,0.0,0.0,false,0.0,0.0,7.216449660063518e-16,7.216449660063518e-16,0.0
shared_battery_mode_node_level_v1,SI-Drahi_12-d1-HOM-ULO-BLO-14218af0ed,TK-PB-Drahi_12-d1-HOM-ULO-60e05de704-r2,SS-e5e057e5b318,risk_neutral_expectation,2,MULTISTAGE_RH,LEXMMFPEA,pv,5,8,1,0.0,0.0,0.0,0.1999999999999993,0.1999999999999993,0.0,0.0,false,0.0,0.0,7.216449660063518e-16,7.216449660063518e-16,0.0
shared_battery_mode_node_level_v1,SI-Drahi_12-d1-HOM-ULO-BLO-14218af0ed,TK-PB-Drahi_12-d1-HOM-ULO-60e05de704-r2,SS-dd27c4cd5d46,risk_neutral_expectation,2,MULTISTAGE_RH,LEXMMFPEA,pv,9,9,1,1.0,0.0,0.0,0.1999999999999993,0.1999999999999993,0.0,0.0,false,0.0,0.0,0.0,7.216449660063518e-16,0.0
shared_battery_mode_node_level_v1,SI-Drahi_12-d1-HOM-ULO-BLO-14218af0ed,TK-PB-Drahi_12-d1-HOM-ULO-60e05de704-r2,SS-dd27c4cd5d46,risk_neutral_expectation,2,MULTISTAGE_RH,LEXMMFPEA,pv,9,10,1,1.0,0.0,0.0,0.1999999999999993,0.1999999999999993,0.0,0.0,false,0.0,0.0,0.0,7.216449660063518e-16,0.0
shared_battery_mode_node_level_v1,SI-Drahi_12-d1-HOM-ULO-BLO-14218af0ed,TK-PB-Drahi_12-d1-HOM-ULO-60e05de704-r2,SS-dd27c4cd5d46,risk_neutral_expectation,2,MULTISTAGE_RH,LEXMMFPEA,pv,9,11,1,1.0,0.94736842105263,0.0,0.1999999999999993,1.0999999999999979,0.0,0.0,false,0.0,0.0,0.0,0.0,0.0
shared_battery_mode_node_level_v1,SI-Drahi_12-d1-HOM-ULO-BLO-14218af0ed,TK-PB-Drahi_12-d1-HOM-ULO-60e05de704-r2,SS-dd27c4cd5d46,risk_neutral_expectation,2,MULTISTAGE_RH,LEXMMFPEA,pv,9,12,1,0.0,0.0,0.0,1.0999999999999979,1.0999999999999979,0.0,0.0,false,0.0,0.0,0.0,0.0,0.0
shared_battery_mode_node_level_v1,SI-Drahi_12-d1-HOM-ULO-BLO-14218af0ed,TK-PB-Drahi_12-d1-HOM-ULO-60e05de704-r2,SS-ab7d85e13b5a,risk_neutral_expectation,2,MULTISTAGE_RH,LEXMMFPEA,pv,13,13,1,1.0,0.0,0.0,1.0999999999999979,1.0999999999999979,0.0,0.0,false,0.0,0.0,0.0,0.0,0.0
shared_battery_mode_node_level_v1,SI-Drahi_12-d1-HOM-ULO-BLO-14218af0ed,TK-PB-Drahi_12-d1-HOM-ULO-60e05de704-r2,SS-ab7d85e13b5a,risk_neutral_expectation,2,MULTISTAGE_RH,LEXMMFPEA,pv,13,14,1,1.0,0.0,0.0,1.0999999999999979,1.0999999999999979,0.0,0.0,false,0.0,0.0,0.0,0.0,0.0
shared_battery_mode_node_level_v1,SI-Drahi_12-d1-HOM-ULO-BLO-14218af0ed,TK-PB-Drahi_12-d1-HOM-ULO-60e05de704-r2,SS-ab7d85e13b5a,risk_neutral_expectation,2,MULTISTAGE_RH,LEXMMFPEA,pv,13,15,1,0.0,0.0,0.0,1.0999999999999979,1.0999999999999979,0.0,0.0,false,0.0,0.0,0.0,0.0,0.0
shared_battery_mode_node_level_v1,SI-Drahi_12-d1-HOM-ULO-BLO-14218af0ed,TK-PB-Drahi_12-d1-HOM-ULO-60e05de704-r2,SS-ab7d85e13b5a,risk_neutral_expectation,2,MULTISTAGE_RH,LEXMMFPEA,pv,13,16,1,1.0,8.0,0.0,1.0999999999999979,8.699999999999998,0.0,0.0,false,0.0,0.0,0.0,0.0,0.0
shared_battery_mode_node_level_v1,SI-Drahi_12-d1-HOM-ULO-BLO-14218af0ed,TK-PB-Drahi_12-d1-HOM-ULO-60e05de704-r2,SS-d9e9642706a1,risk_neutral_expectation,2,MULTISTAGE_RH,LEXMMFPEA,pv,17,17,1,0.0,0.0,0.0,8.699999999999998,8.699999999999998,0.0,0.0,false,0.0,0.0,0.0,0.0,0.0
shared_battery_mode_node_level_v1,SI-Drahi_12-d1-HOM-ULO-BLO-14218af0ed,TK-PB-Drahi_12-d1-HOM-ULO-60e05de704-r2,SS-d9e9642706a1,risk_neutral_expectation,2,MULTISTAGE_RH,LEXMMFPEA,pv,17,18,1,1.0,0.0,0.0,8.699999999999998,8.699999999999998,0.0,0.0,false,0.0,0.0,0.0,0.0,0.0
shared_battery_mode_node_level_v1,SI-Drahi_12-d1-HOM-ULO-BLO-14218af0ed,TK-PB-Drahi_12-d1-HOM-ULO-60e05de704-r2,SS-d9e9642706a1,risk_neutral_expectation,2,MULTISTAGE_RH,LEXMMFPEA,pv,17,19,1,0.0,0.0,0.0,8.699999999999998,8.699999999999998,0.0,0.0,false,0.0,0.0,0.0,0.0,0.0
shared_battery_mode_node_level_v1,SI-Drahi_12-d1-HOM-ULO-BLO-14218af0ed,TK-PB-Drahi_12-d1-HOM-ULO-60e05de704-r2,SS-d9e9642706a1,risk_neutral_expectation,2,MULTISTAGE_RH,LEXMMFPEA,pv,17,20,1,1.0,8.0,0.0,8.699999999999998,16.299999999999997,0.0,0.0,false,0.0,0.0,0.0,0.0,0.0
shared_battery_mode_node_level_v1,SI-Drahi_12-d1-HOM-ULO-BLO-14218af0ed,TK-PB-Drahi_12-d1-HOM-ULO-60e05de704-r2,SS-34ce05b803eb,risk_neutral_expectation,2,MULTISTAGE_RH,LEXMMFPEA,pv,21,21,1,0.0,0.0,0.0,16.299999999999997,16.299999999999997,0.0,0.0,false,0.0,0.0,0.0,0.0,0.0
shared_battery_mode_node_level_v1,SI-Drahi_12-d1-HOM-ULO-BLO-14218af0ed,TK-PB-Drahi_12-d1-HOM-ULO-60e05de704-r2,SS-34ce05b803eb,risk_neutral_expectation,2,MULTISTAGE_RH,LEXMMFPEA,pv,21,22,1,1.0,8.0,0.0,16.299999999999997,23.9,0.0,0.0,false,0.0,0.0,0.0,0.0,0.0
shared_battery_mode_node_level_v1,SI-Drahi_12-d1-HOM-ULO-BLO-14218af0ed,TK-PB-Drahi_12-d1-HOM-ULO-60e05de704-r2,SS-34ce05b803eb,risk_neutral_expectation,2,MULTISTAGE_RH,LEXMMFPEA,pv,21,23,1,1.0,0.0,0.0,23.9,23.9,0.0,0.0,false,0.0,0.0,0.0,0.0,0.0
shared_battery_mode_node_level_v1,SI-Drahi_12-d1-HOM-ULO-BLO-14218af0ed,TK-PB-Drahi_12-d1-HOM-ULO-60e05de704-r2,SS-34ce05b803eb,risk_neutral_expectation,2,MULTISTAGE_RH,LEXMMFPEA,pv,21,24,1,1.0,8.0,0.0,23.9,31.5,0.0,0.0,false,0.0,0.0,0.0,0.0,0.0
shared_battery_mode_node_level_v1,SI-Drahi_12-d1-HOM-ULO-BLO-14218af0ed,TK-PB-Drahi_12-d1-HOM-ULO-60e05de704-r2,SS-34f937f9703a,risk_neutral_expectation,2,MULTISTAGE_RH,LEXMMFSA,savings,1,1,1,1.0,0.0,0.0,0.2,0.2,0.0,0.0,false,0.0,0.0,0.0,0.0,0.0
shared_battery_mode_node_level_v1,SI-Drahi_12-d1-HOM-ULO-BLO-14218af0ed,TK-PB-Drahi_12-d1-HOM-ULO-60e05de704-r2,SS-34f937f9703a,risk_neutral_expectation,2,MULTISTAGE_RH,LEXMMFSA,savings,1,2,1,1.0,0.8642659279778385,0.0,0.2,1.0210526315789465,0.0,0.0,false,0.0,0.0,0.0,0.0,0.0
shared_battery_mode_node_level_v1,SI-Drahi_12-d1-HOM-ULO-BLO-14218af0ed,TK-PB-Drahi_12-d1-HOM-ULO-60e05de704-r2,SS-34f937f9703a,risk_neutral_expectation,2,MULTISTAGE_RH,LEXMMFSA,savings,1,3,1,1.0,0.0,0.0,1.0210526315789465,1.0210526315789465,0.0,0.0,false,0.0,0.0,0.0,0.0,0.0
shared_battery_mode_node_level_v1,SI-Drahi_12-d1-HOM-ULO-BLO-14218af0ed,TK-PB-Drahi_12-d1-HOM-ULO-60e05de704-r2,SS-34f937f9703a,risk_neutral_expectation,2,MULTISTAGE_RH,LEXMMFSA,savings,1,4,1,1.0,8.0,0.0,1.0210526315789465,8.621052631578946,0.0,0.0,false,0.0,0.0,0.0,0.0,0.0
shared_battery_mode_node_level_v1,SI-Drahi_12-d1-HOM-ULO-BLO-14218af0ed,TK-PB-Drahi_12-d1-HOM-ULO-60e05de704-r2,SS-e5e057e5b318,risk_neutral_expectation,2,MULTISTAGE_RH,LEXMMFSA,savings,5,5,1,1.0,0.0,0.0,8.621052631578946,8.621052631578946,0.0,0.0,false,0.0,0.0,0.0,0.0,0.0
shared_battery_mode_node_level_v1,SI-Drahi_12-d1-HOM-ULO-BLO-14218af0ed,TK-PB-Drahi_12-d1-HOM-ULO-60e05de704-r2,SS-e5e057e5b318,risk_neutral_expectation,2,MULTISTAGE_RH,LEXMMFSA,savings,5,6,1,1.0,0.0,0.0,8.621052631578946,8.621052631578946,0.0,0.0,false,0.0,0.0,0.0,0.0,0.0
shared_battery_mode_node_level_v1,SI-Drahi_12-d1-HOM-ULO-BLO-14218af0ed,TK-PB-Drahi_12-d1-HOM-ULO-60e05de704-r2,SS-e5e057e5b318,risk_neutral_expectation,2,MULTISTAGE_RH,LEXMMFSA,savings,5,7,1,0.0,0.0,8.0,8.621052631578946,0.1999999999999993,0.0,0.0,false,0.0,0.0,7.216449660063518e-16,7.216449660063518e-16,0.0
shared_battery_mode_node_level_v1,SI-Drahi_12-d1-HOM-ULO-BLO-14218af0ed,TK-PB-Drahi_12-d1-HOM-ULO-60e05de704-r2,SS-e5e057e5b318,risk_neutral_expectation,2,MULTISTAGE_RH,LEXMMFSA,savings,5,8,1,1.0,0.0,0.0,0.1999999999999993,0.1999999999999993,0.0,0.0,false,0.0,0.0,7.216449660063518e-16,7.216449660063518e-16,0.0
shared_battery_mode_node_level_v1,SI-Drahi_12-d1-HOM-ULO-BLO-14218af0ed,TK-PB-Drahi_12-d1-HOM-ULO-60e05de704-r2,SS-dd27c4cd5d46,risk_neutral_expectation,2,MULTISTAGE_RH,LEXMMFSA,savings,9,9,1,1.0,0.0,0.0,0.1999999999999993,0.1999999999999993,0.0,0.0,false,0.0,0.0,0.0,7.216449660063518e-16,0.0
shared_battery_mode_node_level_v1,SI-Drahi_12-d1-HOM-ULO-BLO-14218af0ed,TK-PB-Drahi_12-d1-HOM-ULO-60e05de704-r2,SS-dd27c4cd5d46,risk_neutral_expectation,2,MULTISTAGE_RH,LEXMMFSA,savings,9,10,1,1.0,0.0,0.0,0.1999999999999993,0.1999999999999993,0.0,0.0,false,0.0,0.0,0.0,7.216449660063518e-16,0.0
shared_battery_mode_node_level_v1,SI-Drahi_12-d1-HOM-ULO-BLO-14218af0ed,TK-PB-Drahi_12-d1-HOM-ULO-60e05de704-r2,SS-dd27c4cd5d46,risk_neutral_expectation,2,MULTISTAGE_RH,LEXMMFSA,savings,9,11,1,1.0,0.9473684210526301,0.0,0.1999999999999993,1.0999999999999979,0.0,0.0,false,0.0,0.0,0.0,0.0,0.0
shared_battery_mode_node_level_v1,SI-Drahi_12-d1-HOM-ULO-BLO-14218af0ed,TK-PB-Drahi_12-d1-HOM-ULO-60e05de704-r2,SS-dd27c4cd5d46,risk_neutral_expectation,2,MULTISTAGE_RH,LEXMMFSA,savings,9,12,1,1.0,0.0,0.0,1.0999999999999979,1.0999999999999979,0.0,0.0,false,0.0,0.0,0.0,0.0,0.0
shared_battery_mode_node_level_v1,SI-Drahi_12-d1-HOM-ULO-BLO-14218af0ed,TK-PB-Drahi_12-d1-HOM-ULO-60e05de704-r2,SS-ab7d85e13b5a,risk_neutral_expectation,2,MULTISTAGE_RH,LEXMMFSA,savings,13,13,1,1.0,0.0,0.0,1.0999999999999979,1.0999999999999979,0.0,0.0,false,0.0,0.0,0.0,0.0,0.0
shared_battery_mode_node_level_v1,SI-Drahi_12-d1-HOM-ULO-BLO-14218af0ed,TK-PB-Drahi_12-d1-HOM-ULO-60e05de704-r2,SS-ab7d85e13b5a,risk_neutral_expectation,2,MULTISTAGE_RH,LEXMMFSA,savings,13,14,1,1.0,0.0,0.0,1.0999999999999979,1.0999999999999979,0.0,0.0,false,0.0,0.0,0.0,0.0,0.0
shared_battery_mode_node_level_v1,SI-Drahi_12-d1-HOM-ULO-BLO-14218af0ed,TK-PB-Drahi_12-d1-HOM-ULO-60e05de704-r2,SS-ab7d85e13b5a,risk_neutral_expectation,2,MULTISTAGE_RH,LEXMMFSA,savings,13,15,1,1.0,0.0,0.0,1.0999999999999979,1.0999999999999979,0.0,0.0,false,0.0,0.0,0.0,0.0,0.0
shared_battery_mode_node_level_v1,SI-Drahi_12-d1-HOM-ULO-BLO-14218af0ed,TK-PB-Drahi_12-d1-HOM-ULO-60e05de704-r2,SS-ab7d85e13b5a,risk_neutral_expectation,2,MULTISTAGE_RH,LEXMMFSA,savings,13,16,1,1.0,8.0,0.0,1.0999999999999979,8.699999999999998,0.0,0.0,false,0.0,0.0,0.0,0.0,0.0
shared_battery_mode_node_level_v1,SI-Drahi_12-d1-HOM-ULO-BLO-14218af0ed,TK-PB-Drahi_12-d1-HOM-ULO-60e05de704-r2,SS-d9e9642706a1,risk_neutral_expectation,2,MULTISTAGE_RH,LEXMMFSA,savings,17,17,1,1.0,0.0,0.0,8.699999999999998,8.699999999999998,0.0,0.0,false,0.0,0.0,0.0,0.0,0.0
shared_battery_mode_node_level_v1,SI-Drahi_12-d1-HOM-ULO-BLO-14218af0ed,TK-PB-Drahi_12-d1-HOM-ULO-60e05de704-r2,SS-d9e9642706a1,risk_neutral_expectation,2,MULTISTAGE_RH,LEXMMFSA,savings,17,18,1,1.0,0.0,0.0,8.699999999999998,8.699999999999998,0.0,0.0,false,0.0,0.0,0.0,0.0,0.0
shared_battery_mode_node_level_v1,SI-Drahi_12-d1-HOM-ULO-BLO-14218af0ed,TK-PB-Drahi_12-d1-HOM-ULO-60e05de704-r2,SS-d9e9642706a1,risk_neutral_expectation,2,MULTISTAGE_RH,LEXMMFSA,savings,17,19,1,1.0,0.0,0.0,8.699999999999998,8.699999999999998,0.0,0.0,false,0.0,0.0,0.0,0.0,0.0
shared_battery_mode_node_level_v1,SI-Drahi_12-d1-HOM-ULO-BLO-14218af0ed,TK-PB-Drahi_12-d1-HOM-ULO-60e05de704-r2,SS-d9e9642706a1,risk_neutral_expectation,2,MULTISTAGE_RH,LEXMMFSA,savings,17,20,1,1.0,8.0,0.0,8.699999999999998,16.299999999999997,0.0,0.0,false,0.0,0.0,0.0,0.0,0.0
shared_battery_mode_node_level_v1,SI-Drahi_12-d1-HOM-ULO-BLO-14218af0ed,TK-PB-Drahi_12-d1-HOM-ULO-60e05de704-r2,SS-34ce05b803eb,risk_neutral_expectation,2,MULTISTAGE_RH,LEXMMFSA,savings,21,21,1,1.0,0.0,0.0,16.299999999999997,16.299999999999997,0.0,0.0,false,0.0,0.0,0.0,0.0,0.0
shared_battery_mode_node_level_v1,SI-Drahi_12-d1-HOM-ULO-BLO-14218af0ed,TK-PB-Drahi_12-d1-HOM-ULO-60e05de704-r2,SS-34ce05b803eb,risk_neutral_expectation,2,MULTISTAGE_RH,LEXMMFSA,savings,21,22,1,1.0,8.0,0.0,16.299999999999997,23.9,0.0,0.0,false,0.0,0.0,0.0,0.0,0.0
shared_battery_mode_node_level_v1,SI-Drahi_12-d1-HOM-ULO-BLO-14218af0ed,TK-PB-Drahi_12-d1-HOM-ULO-60e05de704-r2,SS-34ce05b803eb,risk_neutral_expectation,2,MULTISTAGE_RH,LEXMMFSA,savings,21,23,1,1.0,0.0,0.0,23.9,23.9,0.0,0.0,false,0.0,0.0,0.0,0.0,0.0
shared_battery_mode_node_level_v1,SI-Drahi_12-d1-HOM-ULO-BLO-14218af0ed,TK-PB-Drahi_12-d1-HOM-ULO-60e05de704-r2,SS-34ce05b803eb,risk_neutral_expectation,2,MULTISTAGE_RH,LEXMMFSA,savings,21,24,1,1.0,8.0,0.0,23.9,31.5,0.0,0.0,false,0.0,0.0,0.0,0.0,0.0
shared_battery_mode_node_level_v1,SI-Drahi_12-d1-HOM-ULO-BLO-14218af0ed,TK-PB-Drahi_12-d1-HOM-ULO-60e05de704-r2,SS-34f937f9703a,risk_neutral_expectation,2,MULTISTAGE_RH,NONE,none,1,1,1,1.0,0.0,0.0,0.2,0.2,0.0,0.0,false,0.0,0.0,0.0,0.0,0.0
shared_battery_mode_node_level_v1,SI-Drahi_12-d1-HOM-ULO-BLO-14218af0ed,TK-PB-Drahi_12-d1-HOM-ULO-60e05de704-r2,SS-34f937f9703a,risk_neutral_expectation,2,MULTISTAGE_RH,NONE,none,1,2,1,1.0,0.8642659279778384,0.0,0.2,1.0210526315789465,0.0,0.0,false,0.0,0.0,0.0,0.0,0.0
shared_battery_mode_node_level_v1,SI-Drahi_12-d1-HOM-ULO-BLO-14218af0ed,TK-PB-Drahi_12-d1-HOM-ULO-60e05de704-r2,SS-34f937f9703a,risk_neutral_expectation,2,MULTISTAGE_RH,NONE,none,1,3,1,1.0,0.0,0.0,1.0210526315789465,1.0210526315789465,0.0,0.0,false,0.0,0.0,0.0,0.0,0.0
shared_battery_mode_node_level_v1,SI-Drahi_12-d1-HOM-ULO-BLO-14218af0ed,TK-PB-Drahi_12-d1-HOM-ULO-60e05de704-r2,SS-34f937f9703a,risk_neutral_expectation,2,MULTISTAGE_RH,NONE,none,1,4,1,1.0,8.0,0.0,1.0210526315789465,8.621052631578946,0.0,0.0,false,0.0,0.0,0.0,0.0,0.0
shared_battery_mode_node_level_v1,SI-Drahi_12-d1-HOM-ULO-BLO-14218af0ed,TK-PB-Drahi_12-d1-HOM-ULO-60e05de704-r2,SS-e5e057e5b318,risk_neutral_expectation,2,MULTISTAGE_RH,NONE,none,5,5,1,1.0,0.0,0.0,8.621052631578946,8.621052631578946,0.0,0.0,false,0.0,0.0,0.0,0.0,0.0
shared_battery_mode_node_level_v1,SI-Drahi_12-d1-HOM-ULO-BLO-14218af0ed,TK-PB-Drahi_12-d1-HOM-ULO-60e05de704-r2,SS-e5e057e5b318,risk_neutral_expectation,2,MULTISTAGE_RH,NONE,none,5,6,1,1.0,0.0,0.0,8.621052631578946,8.621052631578946,0.0,0.0,false,0.0,0.0,0.0,0.0,0.0
shared_battery_mode_node_level_v1,SI-Drahi_12-d1-HOM-ULO-BLO-14218af0ed,TK-PB-Drahi_12-d1-HOM-ULO-60e05de704-r2,SS-e5e057e5b318,risk_neutral_expectation,2,MULTISTAGE_RH,NONE,none,5,7,1,0.0,0.0,8.0,8.621052631578946,0.1999999999999993,0.0,0.0,false,0.0,0.0,7.216449660063518e-16,7.216449660063518e-16,0.0
shared_battery_mode_node_level_v1,SI-Drahi_12-d1-HOM-ULO-BLO-14218af0ed,TK-PB-Drahi_12-d1-HOM-ULO-60e05de704-r2,SS-e5e057e5b318,risk_neutral_expectation,2,MULTISTAGE_RH,NONE,none,5,8,1,1.0,0.0,0.0,0.1999999999999993,0.1999999999999993,0.0,0.0,false,0.0,0.0,7.216449660063518e-16,7.216449660063518e-16,0.0
shared_battery_mode_node_level_v1,SI-Drahi_12-d1-HOM-ULO-BLO-14218af0ed,TK-PB-Drahi_12-d1-HOM-ULO-60e05de704-r2,SS-dd27c4cd5d46,risk_neutral_expectation,2,MULTISTAGE_RH,NONE,none,9,9,1,1.0,0.0,0.0,0.1999999999999993,0.1999999999999993,0.0,0.0,false,0.0,0.0,0.0,7.216449660063518e-16,0.0
shared_battery_mode_node_level_v1,SI-Drahi_12-d1-HOM-ULO-BLO-14218af0ed,TK-PB-Drahi_12-d1-HOM-ULO-60e05de704-r2,SS-dd27c4cd5d46,risk_neutral_expectation,2,MULTISTAGE_RH,NONE,none,9,10,1,1.0,0.0,0.0,0.1999999999999993,0.1999999999999993,0.0,0.0,false,0.0,0.0,0.0,7.216449660063518e-16,0.0
shared_battery_mode_node_level_v1,SI-Drahi_12-d1-HOM-ULO-BLO-14218af0ed,TK-PB-Drahi_12-d1-HOM-ULO-60e05de704-r2,SS-dd27c4cd5d46,risk_neutral_expectation,2,MULTISTAGE_RH,NONE,none,9,11,1,1.0,0.94736842105263,0.0,0.1999999999999993,1.0999999999999979,0.0,0.0,false,0.0,0.0,0.0,0.0,0.0
shared_battery_mode_node_level_v1,SI-Drahi_12-d1-HOM-ULO-BLO-14218af0ed,TK-PB-Drahi_12-d1-HOM-ULO-60e05de704-r2,SS-dd27c4cd5d46,risk_neutral_expectation,2,MULTISTAGE_RH,NONE,none,9,12,1,1.0,0.0,0.0,1.0999999999999979,1.0999999999999979,0.0,0.0,false,0.0,0.0,0.0,0.0,0.0
shared_battery_mode_node_level_v1,SI-Drahi_12-d1-HOM-ULO-BLO-14218af0ed,TK-PB-Drahi_12-d1-HOM-ULO-60e05de704-r2,SS-ab7d85e13b5a,risk_neutral_expectation,2,MULTISTAGE_RH,NONE,none,13,13,1,1.0,0.0,0.0,1.0999999999999979,1.0999999999999979,0.0,0.0,false,0.0,0.0,0.0,0.0,0.0
shared_battery_mode_node_level_v1,SI-Drahi_12-d1-HOM-ULO-BLO-14218af0ed,TK-PB-Drahi_12-d1-HOM-ULO-60e05de704-r2,SS-ab7d85e13b5a,risk_neutral_expectation,2,MULTISTAGE_RH,NONE,none,13,14,1,1.0,0.0,0.0,1.0999999999999979,1.0999999999999979,0.0,0.0,false,0.0,0.0,0.0,0.0,0.0
shared_battery_mode_node_level_v1,SI-Drahi_12-d1-HOM-ULO-BLO-14218af0ed,TK-PB-Drahi_12-d1-HOM-ULO-60e05de704-r2,SS-ab7d85e13b5a,risk_neutral_expectation,2,MULTISTAGE_RH,NONE,none,13,15,1,1.0,0.0,0.0,1.0999999999999979,1.0999999999999979,0.0,0.0,false,0.0,0.0,0.0,0.0,0.0
shared_battery_mode_node_level_v1,SI-Drahi_12-d1-HOM-ULO-BLO-14218af0ed,TK-PB-Drahi_12-d1-HOM-ULO-60e05de704-r2,SS-ab7d85e13b5a,risk_neutral_expectation,2,MULTISTAGE_RH,NONE,none,13,16,1,1.0,8.0,0.0,1.0999999999999979,8.699999999999998,0.0,0.0,false,0.0,0.0,0.0,0.0,0.0
shared_battery_mode_node_level_v1,SI-Drahi_12-d1-HOM-ULO-BLO-14218af0ed,TK-PB-Drahi_12-d1-HOM-ULO-60e05de704-r2,SS-d9e9642706a1,risk_neutral_expectation,2,MULTISTAGE_RH,NONE,none,17,17,1,1.0,0.0,0.0,8.699999999999998,8.699999999999998,0.0,0.0,false,0.0,0.0,0.0,0.0,0.0
shared_battery_mode_node_level_v1,SI-Drahi_12-d1-HOM-ULO-BLO-14218af0ed,TK-PB-Drahi_12-d1-HOM-ULO-60e05de704-r2,SS-d9e9642706a1,risk_neutral_expectation,2,MULTISTAGE_RH,NONE,none,17,18,1,1.0,0.0,0.0,8.699999999999998,8.699999999999998,0.0,0.0,false,0.0,0.0,0.0,0.0,0.0
shared_battery_mode_node_level_v1,SI-Drahi_12-d1-HOM-ULO-BLO-14218af0ed,TK-PB-Drahi_12-d1-HOM-ULO-60e05de704-r2,SS-d9e9642706a1,risk_neutral_expectation,2,MULTISTAGE_RH,NONE,none,17,19,1,1.0,0.0,0.0,8.699999999999998,8.699999999999998,0.0,0.0,false,0.0,0.0,0.0,0.0,0.0
shared_battery_mode_node_level_v1,SI-Drahi_12-d1-HOM-ULO-BLO-14218af0ed,TK-PB-Drahi_12-d1-HOM-ULO-60e05de704-r2,SS-d9e9642706a1,risk_neutral_expectation,2,MULTISTAGE_RH,NONE,none,17,20,1,1.0,8.0,0.0,8.699999999999998,16.299999999999997,0.0,0.0,false,0.0,0.0,0.0,0.0,0.0
shared_battery_mode_node_level_v1,SI-Drahi_12-d1-HOM-ULO-BLO-14218af0ed,TK-PB-Drahi_12-d1-HOM-ULO-60e05de704-r2,SS-34ce05b803eb,risk_neutral_expectation,2,MULTISTAGE_RH,NONE,none,21,21,1,1.0,0.0,0.0,16.299999999999997,16.299999999999997,0.0,0.0,false,0.0,0.0,0.0,0.0,0.0
shared_battery_mode_node_level_v1,SI-Drahi_12-d1-HOM-ULO-BLO-14218af0ed,TK-PB-Drahi_12-d1-HOM-ULO-60e05de704-r2,SS-34ce05b803eb,risk_neutral_expectation,2,MULTISTAGE_RH,NONE,none,21,22,1,1.0,8.0,0.0,16.299999999999997,23.9,0.0,0.0,false,0.0,0.0,0.0,0.0,0.0
shared_battery_mode_node_level_v1,SI-Drahi_12-d1-HOM-ULO-BLO-14218af0ed,TK-PB-Drahi_12-d1-HOM-ULO-60e05de704-r2,SS-34ce05b803eb,risk_neutral_expectation,2,MULTISTAGE_RH,NONE,none,21,23,1,1.0,0.0,0.0,23.9,23.9,0.0,0.0,false,0.0,0.0,0.0,0.0,0.0
shared_battery_mode_node_level_v1,SI-Drahi_12-d1-HOM-ULO-BLO-14218af0ed,TK-PB-Drahi_12-d1-HOM-ULO-60e05de704-r2,SS-34ce05b803eb,risk_neutral_expectation,2,MULTISTAGE_RH,NONE,none,21,24,1,1.0,8.0,0.0,23.9,31.5,0.0,0.0,false,0.0,0.0,0.0,0.0,0.0
shared_battery_mode_node_level_v1,SI-Drahi_12-d1-HOM-ULO-BLO-14218af0ed,TK-PB-Drahi_12-d1-HOM-ULO-60e05de704-r2,SS-34f937f9703a,risk_neutral_expectation,2,MULTISTAGE_RH,PEA,pv,1,1,1,1.0,0.0,0.0,0.2,0.2,0.0,0.0,false,0.0,0.0,0.0,0.0,0.0
shared_battery_mode_node_level_v1,SI-Drahi_12-d1-HOM-ULO-BLO-14218af0ed,TK-PB-Drahi_12-d1-HOM-ULO-60e05de704-r2,SS-34f937f9703a,risk_neutral_expectation,2,MULTISTAGE_RH,PEA,pv,1,2,1,1.0,0.8642659279778384,0.0,0.2,1.0210526315789465,0.0,0.0,false,0.0,0.0,0.0,0.0,0.0
shared_battery_mode_node_level_v1,SI-Drahi_12-d1-HOM-ULO-BLO-14218af0ed,TK-PB-Drahi_12-d1-HOM-ULO-60e05de704-r2,SS-34f937f9703a,risk_neutral_expectation,2,MULTISTAGE_RH,PEA,pv,1,3,1,1.0,0.0,0.0,1.0210526315789465,1.0210526315789465,0.0,0.0,false,0.0,0.0,0.0,0.0,0.0
shared_battery_mode_node_level_v1,SI-Drahi_12-d1-HOM-ULO-BLO-14218af0ed,TK-PB-Drahi_12-d1-HOM-ULO-60e05de704-r2,SS-34f937f9703a,risk_neutral_expectation,2,MULTISTAGE_RH,PEA,pv,1,4,1,1.0,8.0,0.0,1.0210526315789465,8.621052631578946,0.0,0.0,false,0.0,0.0,0.0,0.0,0.0
shared_battery_mode_node_level_v1,SI-Drahi_12-d1-HOM-ULO-BLO-14218af0ed,TK-PB-Drahi_12-d1-HOM-ULO-60e05de704-r2,SS-e5e057e5b318,risk_neutral_expectation,2,MULTISTAGE_RH,PEA,pv,5,5,1,1.0,0.0,0.0,8.621052631578946,8.621052631578946,0.0,0.0,false,0.0,0.0,0.0,0.0,0.0
shared_battery_mode_node_level_v1,SI-Drahi_12-d1-HOM-ULO-BLO-14218af0ed,TK-PB-Drahi_12-d1-HOM-ULO-60e05de704-r2,SS-e5e057e5b318,risk_neutral_expectation,2,MULTISTAGE_RH,PEA,pv,5,6,1,1.0,0.0,0.0,8.621052631578946,8.621052631578946,0.0,0.0,false,0.0,0.0,0.0,0.0,0.0
shared_battery_mode_node_level_v1,SI-Drahi_12-d1-HOM-ULO-BLO-14218af0ed,TK-PB-Drahi_12-d1-HOM-ULO-60e05de704-r2,SS-e5e057e5b318,risk_neutral_expectation,2,MULTISTAGE_RH,PEA,pv,5,7,1,0.0,0.0,8.0,8.621052631578946,0.1999999999999993,0.0,0.0,false,0.0,0.0,7.216449660063518e-16,7.216449660063518e-16,0.0
shared_battery_mode_node_level_v1,SI-Drahi_12-d1-HOM-ULO-BLO-14218af0ed,TK-PB-Drahi_12-d1-HOM-ULO-60e05de704-r2,SS-e5e057e5b318,risk_neutral_expectation,2,MULTISTAGE_RH,PEA,pv,5,8,1,1.0,0.0,0.0,0.1999999999999993,0.1999999999999993,0.0,0.0,false,0.0,0.0,7.216449660063518e-16,7.216449660063518e-16,0.0
shared_battery_mode_node_level_v1,SI-Drahi_12-d1-HOM-ULO-BLO-14218af0ed,TK-PB-Drahi_12-d1-HOM-ULO-60e05de704-r2,SS-dd27c4cd5d46,risk_neutral_expectation,2,MULTISTAGE_RH,PEA,pv,9,9,1,1.0,0.0,0.0,0.1999999999999993,0.1999999999999993,0.0,0.0,false,0.0,0.0,0.0,7.216449660063518e-16,0.0
shared_battery_mode_node_level_v1,SI-Drahi_12-d1-HOM-ULO-BLO-14218af0ed,TK-PB-Drahi_12-d1-HOM-ULO-60e05de704-r2,SS-dd27c4cd5d46,risk_neutral_expectation,2,MULTISTAGE_RH,PEA,pv,9,10,1,1.0,0.0,0.0,0.1999999999999993,0.1999999999999993,0.0,0.0,false,0.0,0.0,0.0,7.216449660063518e-16,0.0
shared_battery_mode_node_level_v1,SI-Drahi_12-d1-HOM-ULO-BLO-14218af0ed,TK-PB-Drahi_12-d1-HOM-ULO-60e05de704-r2,SS-dd27c4cd5d46,risk_neutral_expectation,2,MULTISTAGE_RH,PEA,pv,9,11,1,1.0,0.94736842105263,0.0,0.1999999999999993,1.0999999999999979,0.0,0.0,false,0.0,0.0,0.0,0.0,0.0
shared_battery_mode_node_level_v1,SI-Drahi_12-d1-HOM-ULO-BLO-14218af0ed,TK-PB-Drahi_12-d1-HOM-ULO-60e05de704-r2,SS-dd27c4cd5d46,risk_neutral_expectation,2,MULTISTAGE_RH,PEA,pv,9,12,1,1.0,0.0,0.0,1.0999999999999979,1.0999999999999979,0.0,0.0,false,0.0,0.0,0.0,0.0,0.0
shared_battery_mode_node_level_v1,SI-Drahi_12-d1-HOM-ULO-BLO-14218af0ed,TK-PB-Drahi_12-d1-HOM-ULO-60e05de704-r2,SS-ab7d85e13b5a,risk_neutral_expectation,2,MULTISTAGE_RH,PEA,pv,13,13,1,1.0,0.0,0.0,1.0999999999999979,1.0999999999999979,0.0,0.0,false,0.0,0.0,0.0,0.0,0.0
shared_battery_mode_node_level_v1,SI-Drahi_12-d1-HOM-ULO-BLO-14218af0ed,TK-PB-Drahi_12-d1-HOM-ULO-60e05de704-r2,SS-ab7d85e13b5a,risk_neutral_expectation,2,MULTISTAGE_RH,PEA,pv,13,14,1,1.0,0.0,0.0,1.0999999999999979,1.0999999999999979,0.0,0.0,false,0.0,0.0,0.0,0.0,0.0
shared_battery_mode_node_level_v1,SI-Drahi_12-d1-HOM-ULO-BLO-14218af0ed,TK-PB-Drahi_12-d1-HOM-ULO-60e05de704-r2,SS-ab7d85e13b5a,risk_neutral_expectation,2,MULTISTAGE_RH,PEA,pv,13,15,1,1.0,0.0,0.0,1.0999999999999979,1.0999999999999979,0.0,0.0,false,0.0,0.0,0.0,0.0,0.0
shared_battery_mode_node_level_v1,SI-Drahi_12-d1-HOM-ULO-BLO-14218af0ed,TK-PB-Drahi_12-d1-HOM-ULO-60e05de704-r2,SS-ab7d85e13b5a,risk_neutral_expectation,2,MULTISTAGE_RH,PEA,pv,13,16,1,1.0,8.0,0.0,1.0999999999999979,8.699999999999998,0.0,0.0,false,0.0,0.0,0.0,0.0,0.0
shared_battery_mode_node_level_v1,SI-Drahi_12-d1-HOM-ULO-BLO-14218af0ed,TK-PB-Drahi_12-d1-HOM-ULO-60e05de704-r2,SS-d9e9642706a1,risk_neutral_expectation,2,MULTISTAGE_RH,PEA,pv,17,17,1,1.0,0.0,0.0,8.699999999999998,8.699999999999998,0.0,0.0,false,0.0,0.0,0.0,0.0,0.0
shared_battery_mode_node_level_v1,SI-Drahi_12-d1-HOM-ULO-BLO-14218af0ed,TK-PB-Drahi_12-d1-HOM-ULO-60e05de704-r2,SS-d9e9642706a1,risk_neutral_expectation,2,MULTISTAGE_RH,PEA,pv,17,18,1,1.0,0.0,0.0,8.699999999999998,8.699999999999998,0.0,0.0,false,0.0,0.0,0.0,0.0,0.0
shared_battery_mode_node_level_v1,SI-Drahi_12-d1-HOM-ULO-BLO-14218af0ed,TK-PB-Drahi_12-d1-HOM-ULO-60e05de704-r2,SS-d9e9642706a1,risk_neutral_expectation,2,MULTISTAGE_RH,PEA,pv,17,19,1,1.0,0.0,0.0,8.699999999999998,8.699999999999998,0.0,0.0,false,0.0,0.0,0.0,0.0,0.0
shared_battery_mode_node_level_v1,SI-Drahi_12-d1-HOM-ULO-BLO-14218af0ed,TK-PB-Drahi_12-d1-HOM-ULO-60e05de704-r2,SS-d9e9642706a1,risk_neutral_expectation,2,MULTISTAGE_RH,PEA,pv,17,20,1,1.0,8.0,0.0,8.699999999999998,16.299999999999997,0.0,0.0,false,0.0,0.0,0.0,0.0,0.0
shared_battery_mode_node_level_v1,SI-Drahi_12-d1-HOM-ULO-BLO-14218af0ed,TK-PB-Drahi_12-d1-HOM-ULO-60e05de704-r2,SS-34ce05b803eb,risk_neutral_expectation,2,MULTISTAGE_RH,PEA,pv,21,21,1,1.0,0.0,0.0,16.299999999999997,16.299999999999997,0.0,0.0,false,0.0,0.0,0.0,0.0,0.0
shared_battery_mode_node_level_v1,SI-Drahi_12-d1-HOM-ULO-BLO-14218af0ed,TK-PB-Drahi_12-d1-HOM-ULO-60e05de704-r2,SS-34ce05b803eb,risk_neutral_expectation,2,MULTISTAGE_RH,PEA,pv,21,22,1,1.0,8.0,0.0,16.299999999999997,23.9,0.0,0.0,false,0.0,0.0,0.0,0.0,0.0
shared_battery_mode_node_level_v1,SI-Drahi_12-d1-HOM-ULO-BLO-14218af0ed,TK-PB-Drahi_12-d1-HOM-ULO-60e05de704-r2,SS-34ce05b803eb,risk_neutral_expectation,2,MULTISTAGE_RH,PEA,pv,21,23,1,1.0,0.0,0.0,23.9,23.9,0.0,0.0,false,0.0,0.0,0.0,0.0,0.0
shared_battery_mode_node_level_v1,SI-Drahi_12-d1-HOM-ULO-BLO-14218af0ed,TK-PB-Drahi_12-d1-HOM-ULO-60e05de704-r2,SS-34ce05b803eb,risk_neutral_expectation,2,MULTISTAGE_RH,PEA,pv,21,24,1,1.0,8.0,0.0,23.9,31.5,0.0,0.0,false,0.0,0.0,0.0,0.0,0.0
shared_battery_mode_node_level_v1,SI-Drahi_12-d1-HOM-ULO-BLO-14218af0ed,TK-PB-Drahi_12-d1-HOM-ULO-60e05de704-r2,SS-34f937f9703a,risk_neutral_expectation,2,MULTISTAGE_RH,SA,savings,1,1,1,1.0,0.0,0.0,0.2,0.2,0.0,0.0,false,0.0,0.0,0.0,0.0,0.0
shared_battery_mode_node_level_v1,SI-Drahi_12-d1-HOM-ULO-BLO-14218af0ed,TK-PB-Drahi_12-d1-HOM-ULO-60e05de704-r2,SS-34f937f9703a,risk_neutral_expectation,2,MULTISTAGE_RH,SA,savings,1,2,1,1.0,0.86426592797784,0.0,0.2,1.0210526315789479,0.0,0.0,false,0.0,0.0,1.3322676295501878e-15,0.0,0.0
shared_battery_mode_node_level_v1,SI-Drahi_12-d1-HOM-ULO-BLO-14218af0ed,TK-PB-Drahi_12-d1-HOM-ULO-60e05de704-r2,SS-34f937f9703a,risk_neutral_expectation,2,MULTISTAGE_RH,SA,savings,1,3,1,1.0,0.0,0.0,1.0210526315789479,1.0210526315789479,0.0,0.0,false,0.0,0.0,1.3322676295501878e-15,0.0,0.0
shared_battery_mode_node_level_v1,SI-Drahi_12-d1-HOM-ULO-BLO-14218af0ed,TK-PB-Drahi_12-d1-HOM-ULO-60e05de704-r2,SS-34f937f9703a,risk_neutral_expectation,2,MULTISTAGE_RH,SA,savings,1,4,1,1.0,8.0,0.0,1.0210526315789479,8.621052631578948,0.0,0.0,false,0.0,0.0,1.7763568394002505e-15,0.0,0.0
shared_battery_mode_node_level_v1,SI-Drahi_12-d1-HOM-ULO-BLO-14218af0ed,TK-PB-Drahi_12-d1-HOM-ULO-60e05de704-r2,SS-e5e057e5b318,risk_neutral_expectation,2,MULTISTAGE_RH,SA,savings,5,5,1,1.0,0.0,0.0,8.621052631578948,8.621052631578948,0.0,0.0,false,0.0,0.0,0.0,0.0,0.0
shared_battery_mode_node_level_v1,SI-Drahi_12-d1-HOM-ULO-BLO-14218af0ed,TK-PB-Drahi_12-d1-HOM-ULO-60e05de704-r2,SS-e5e057e5b318,risk_neutral_expectation,2,MULTISTAGE_RH,SA,savings,5,6,1,1.0,0.0,0.0,8.621052631578948,8.621052631578948,0.0,0.0,false,0.0,0.0,0.0,0.0,0.0
shared_battery_mode_node_level_v1,SI-Drahi_12-d1-HOM-ULO-BLO-14218af0ed,TK-PB-Drahi_12-d1-HOM-ULO-60e05de704-r2,SS-e5e057e5b318,risk_neutral_expectation,2,MULTISTAGE_RH,SA,savings,5,7,1,0.0,0.0,8.000000000000002,8.621052631578948,0.1999999999999975,0.0,1.7763568394002505e-15,false,0.0,0.0,2.4980018054066022e-15,2.4980018054066022e-15,0.0
shared_battery_mode_node_level_v1,SI-Drahi_12-d1-HOM-ULO-BLO-14218af0ed,TK-PB-Drahi_12-d1-HOM-ULO-60e05de704-r2,SS-e5e057e5b318,risk_neutral_expectation,2,MULTISTAGE_RH,SA,savings,5,8,1,1.0,0.0,0.0,0.1999999999999975,0.1999999999999975,0.0,0.0,false,0.0,0.0,2.4980018054066022e-15,2.4980018054066022e-15,0.0
shared_battery_mode_node_level_v1,SI-Drahi_12-d1-HOM-ULO-BLO-14218af0ed,TK-PB-Drahi_12-d1-HOM-ULO-60e05de704-r2,SS-dd27c4cd5d46,risk_neutral_expectation,2,MULTISTAGE_RH,SA,savings,9,9,1,1.0,0.0,0.0,0.1999999999999975,0.1999999999999975,0.0,0.0,false,0.0,0.0,0.0,2.4980018054066022e-15,0.0
shared_battery_mode_node_level_v1,SI-Drahi_12-d1-HOM-ULO-BLO-14218af0ed,TK-PB-Drahi_12-d1-HOM-ULO-60e05de704-r2,SS-dd27c4cd5d46,risk_neutral_expectation,2,MULTISTAGE_RH,SA,savings,9,10,1,1.0,0.0,0.0,0.1999999999999975,0.1999999999999975,0.0,0.0,false,0.0,0.0,0.0,2.4980018054066022e-15,0.0
shared_battery_mode_node_level_v1,SI-Drahi_12-d1-HOM-ULO-BLO-14218af0ed,TK-PB-Drahi_12-d1-HOM-ULO-60e05de704-r2,SS-dd27c4cd5d46,risk_neutral_expectation,2,MULTISTAGE_RH,SA,savings,9,11,1,1.0,0.9473684210526319,0.0,0.1999999999999975,1.0999999999999979,0.0,0.0,false,0.0,0.0,0.0,0.0,0.0
shared_battery_mode_node_level_v1,SI-Drahi_12-d1-HOM-ULO-BLO-14218af0ed,TK-PB-Drahi_12-d1-HOM-ULO-60e05de704-r2,SS-dd27c4cd5d46,risk_neutral_expectation,2,MULTISTAGE_RH,SA,savings,9,12,1,1.0,0.0,0.0,1.0999999999999979,1.0999999999999979,0.0,0.0,false,0.0,0.0,0.0,0.0,0.0
shared_battery_mode_node_level_v1,SI-Drahi_12-d1-HOM-ULO-BLO-14218af0ed,TK-PB-Drahi_12-d1-HOM-ULO-60e05de704-r2,SS-ab7d85e13b5a,risk_neutral_expectation,2,MULTISTAGE_RH,SA,savings,13,13,1,1.0,0.0,0.0,1.0999999999999979,1.0999999999999979,0.0,0.0,false,0.0,0.0,0.0,0.0,0.0
shared_battery_mode_node_level_v1,SI-Drahi_12-d1-HOM-ULO-BLO-14218af0ed,TK-PB-Drahi_12-d1-HOM-ULO-60e05de704-r2,SS-ab7d85e13b5a,risk_neutral_expectation,2,MULTISTAGE_RH,SA,savings,13,14,1,1.0,0.0,0.0,1.0999999999999979,1.0999999999999979,0.0,0.0,false,0.0,0.0,0.0,0.0,0.0
shared_battery_mode_node_level_v1,SI-Drahi_12-d1-HOM-ULO-BLO-14218af0ed,TK-PB-Drahi_12-d1-HOM-ULO-60e05de704-r2,SS-ab7d85e13b5a,risk_neutral_expectation,2,MULTISTAGE_RH,SA,savings,13,15,1,1.0,0.0,0.0,1.0999999999999979,1.0999999999999979,0.0,0.0,false,0.0,0.0,0.0,0.0,0.0
shared_battery_mode_node_level_v1,SI-Drahi_12-d1-HOM-ULO-BLO-14218af0ed,TK-PB-Drahi_12-d1-HOM-ULO-60e05de704-r2,SS-ab7d85e13b5a,risk_neutral_expectation,2,MULTISTAGE_RH,SA,savings,13,16,1,1.0,8.0,0.0,1.0999999999999979,8.699999999999998,0.0,0.0,false,0.0,0.0,0.0,0.0,0.0
shared_battery_mode_node_level_v1,SI-Drahi_12-d1-HOM-ULO-BLO-14218af0ed,TK-PB-Drahi_12-d1-HOM-ULO-60e05de704-r2,SS-d9e9642706a1,risk_neutral_expectation,2,MULTISTAGE_RH,SA,savings,17,17,1,1.0,0.0,0.0,8.699999999999998,8.699999999999998,0.0,0.0,false,0.0,0.0,0.0,0.0,0.0
shared_battery_mode_node_level_v1,SI-Drahi_12-d1-HOM-ULO-BLO-14218af0ed,TK-PB-Drahi_12-d1-HOM-ULO-60e05de704-r2,SS-d9e9642706a1,risk_neutral_expectation,2,MULTISTAGE_RH,SA,savings,17,18,1,1.0,0.0,0.0,8.699999999999998,8.699999999999998,0.0,0.0,false,0.0,0.0,0.0,0.0,0.0
shared_battery_mode_node_level_v1,SI-Drahi_12-d1-HOM-ULO-BLO-14218af0ed,TK-PB-Drahi_12-d1-HOM-ULO-60e05de704-r2,SS-d9e9642706a1,risk_neutral_expectation,2,MULTISTAGE_RH,SA,savings,17,19,1,1.0,0.0,0.0,8.699999999999998,8.699999999999998,0.0,0.0,false,0.0,0.0,0.0,0.0,0.0
shared_battery_mode_node_level_v1,SI-Drahi_12-d1-HOM-ULO-BLO-14218af0ed,TK-PB-Drahi_12-d1-HOM-ULO-60e05de704-r2,SS-d9e9642706a1,risk_neutral_expectation,2,MULTISTAGE_RH,SA,savings,17,20,1,1.0,8.0,0.0,8.699999999999998,16.299999999999997,0.0,0.0,false,0.0,0.0,0.0,0.0,0.0
shared_battery_mode_node_level_v1,SI-Drahi_12-d1-HOM-ULO-BLO-14218af0ed,TK-PB-Drahi_12-d1-HOM-ULO-60e05de704-r2,SS-34ce05b803eb,risk_neutral_expectation,2,MULTISTAGE_RH,SA,savings,21,21,1,1.0,0.0,0.0,16.299999999999997,16.299999999999997,0.0,0.0,false,0.0,0.0,0.0,0.0,0.0
shared_battery_mode_node_level_v1,SI-Drahi_12-d1-HOM-ULO-BLO-14218af0ed,TK-PB-Drahi_12-d1-HOM-ULO-60e05de704-r2,SS-34ce05b803eb,risk_neutral_expectation,2,MULTISTAGE_RH,SA,savings,21,22,1,1.0,8.0,0.0,16.299999999999997,23.9,0.0,0.0,false,0.0,0.0,0.0,0.0,0.0
shared_battery_mode_node_level_v1,SI-Drahi_12-d1-HOM-ULO-BLO-14218af0ed,TK-PB-Drahi_12-d1-HOM-ULO-60e05de704-r2,SS-34ce05b803eb,risk_neutral_expectation,2,MULTISTAGE_RH,SA,savings,21,23,1,1.0,0.0,0.0,23.9,23.9,0.0,0.0,false,0.0,0.0,0.0,0.0,0.0
shared_battery_mode_node_level_v1,SI-Drahi_12-d1-HOM-ULO-BLO-14218af0ed,TK-PB-Drahi_12-d1-HOM-ULO-60e05de704-r2,SS-34ce05b803eb,risk_neutral_expectation,2,MULTISTAGE_RH,SA,savings,21,24,1,1.0,8.000000000000004,0.0,23.9,31.5,3.552713678800501e-15,0.0,false,0.0,0.0,0.0,0.0,0.0
shared_battery_mode_node_level_v1,SI-Drahi_12-d1-HOM-ULO-BLO-14218af0ed,TK-PB-Drahi_12-d1-HOM-ULO-60e05de704-r2,SS-34f937f9703a,risk_neutral_expectation,2,MULTISTAGE_RH,STATIC_DEMAND_SHARE,pv,1,1,1,1.0,0.0,0.0,0.2,0.2,0.0,0.0,false,0.0,0.0,0.0,0.0,0.0
shared_battery_mode_node_level_v1,SI-Drahi_12-d1-HOM-ULO-BLO-14218af0ed,TK-PB-Drahi_12-d1-HOM-ULO-60e05de704-r2,SS-34f937f9703a,risk_neutral_expectation,2,MULTISTAGE_RH,STATIC_DEMAND_SHARE,pv,1,2,1,1.0,0.8642659279778384,0.0,0.2,1.0210526315789465,0.0,0.0,false,0.0,0.0,0.0,0.0,0.0
shared_battery_mode_node_level_v1,SI-Drahi_12-d1-HOM-ULO-BLO-14218af0ed,TK-PB-Drahi_12-d1-HOM-ULO-60e05de704-r2,SS-34f937f9703a,risk_neutral_expectation,2,MULTISTAGE_RH,STATIC_DEMAND_SHARE,pv,1,3,1,1.0,0.0,0.0,1.0210526315789465,1.0210526315789465,0.0,0.0,false,0.0,0.0,0.0,0.0,0.0
shared_battery_mode_node_level_v1,SI-Drahi_12-d1-HOM-ULO-BLO-14218af0ed,TK-PB-Drahi_12-d1-HOM-ULO-60e05de704-r2,SS-34f937f9703a,risk_neutral_expectation,2,MULTISTAGE_RH,STATIC_DEMAND_SHARE,pv,1,4,1,1.0,8.0,0.0,1.0210526315789465,8.621052631578946,0.0,0.0,false,0.0,0.0,0.0,0.0,0.0
shared_battery_mode_node_level_v1,SI-Drahi_12-d1-HOM-ULO-BLO-14218af0ed,TK-PB-Drahi_12-d1-HOM-ULO-60e05de704-r2,SS-e5e057e5b318,risk_neutral_expectation,2,MULTISTAGE_RH,STATIC_DEMAND_SHARE,pv,5,5,1,1.0,0.0,0.0,8.621052631578946,8.621052631578946,0.0,0.0,false,0.0,0.0,0.0,0.0,0.0
shared_battery_mode_node_level_v1,SI-Drahi_12-d1-HOM-ULO-BLO-14218af0ed,TK-PB-Drahi_12-d1-HOM-ULO-60e05de704-r2,SS-e5e057e5b318,risk_neutral_expectation,2,MULTISTAGE_RH,STATIC_DEMAND_SHARE,pv,5,6,1,1.0,0.0,0.0,8.621052631578946,8.621052631578946,0.0,0.0,false,0.0,0.0,0.0,0.0,0.0
shared_battery_mode_node_level_v1,SI-Drahi_12-d1-HOM-ULO-BLO-14218af0ed,TK-PB-Drahi_12-d1-HOM-ULO-60e05de704-r2,SS-e5e057e5b318,risk_neutral_expectation,2,MULTISTAGE_RH,STATIC_DEMAND_SHARE,pv,5,7,1,0.0,0.0,8.0,8.621052631578946,0.1999999999999993,0.0,0.0,false,0.0,0.0,7.216449660063518e-16,7.216449660063518e-16,0.0
shared_battery_mode_node_level_v1,SI-Drahi_12-d1-HOM-ULO-BLO-14218af0ed,TK-PB-Drahi_12-d1-HOM-ULO-60e05de704-r2,SS-e5e057e5b318,risk_neutral_expectation,2,MULTISTAGE_RH,STATIC_DEMAND_SHARE,pv,5,8,1,1.0,0.0,0.0,0.1999999999999993,0.1999999999999993,0.0,0.0,false,0.0,0.0,7.216449660063518e-16,7.216449660063518e-16,0.0
shared_battery_mode_node_level_v1,SI-Drahi_12-d1-HOM-ULO-BLO-14218af0ed,TK-PB-Drahi_12-d1-HOM-ULO-60e05de704-r2,SS-dd27c4cd5d46,risk_neutral_expectation,2,MULTISTAGE_RH,STATIC_DEMAND_SHARE,pv,9,9,1,1.0,0.0,0.0,0.1999999999999993,0.1999999999999993,0.0,0.0,false,0.0,0.0,0.0,7.216449660063518e-16,0.0
shared_battery_mode_node_level_v1,SI-Drahi_12-d1-HOM-ULO-BLO-14218af0ed,TK-PB-Drahi_12-d1-HOM-ULO-60e05de704-r2,SS-dd27c4cd5d46,risk_neutral_expectation,2,MULTISTAGE_RH,STATIC_DEMAND_SHARE,pv,9,10,1,1.0,0.0,0.0,0.1999999999999993,0.1999999999999993,0.0,0.0,false,0.0,0.0,0.0,7.216449660063518e-16,0.0
shared_battery_mode_node_level_v1,SI-Drahi_12-d1-HOM-ULO-BLO-14218af0ed,TK-PB-Drahi_12-d1-HOM-ULO-60e05de704-r2,SS-dd27c4cd5d46,risk_neutral_expectation,2,MULTISTAGE_RH,STATIC_DEMAND_SHARE,pv,9,11,1,1.0,0.94736842105263,0.0,0.1999999999999993,1.0999999999999979,0.0,0.0,false,0.0,0.0,0.0,0.0,0.0
shared_battery_mode_node_level_v1,SI-Drahi_12-d1-HOM-ULO-BLO-14218af0ed,TK-PB-Drahi_12-d1-HOM-ULO-60e05de704-r2,SS-dd27c4cd5d46,risk_neutral_expectation,2,MULTISTAGE_RH,STATIC_DEMAND_SHARE,pv,9,12,1,1.0,0.0,0.0,1.0999999999999979,1.0999999999999979,0.0,0.0,false,0.0,0.0,0.0,0.0,0.0
shared_battery_mode_node_level_v1,SI-Drahi_12-d1-HOM-ULO-BLO-14218af0ed,TK-PB-Drahi_12-d1-HOM-ULO-60e05de704-r2,SS-ab7d85e13b5a,risk_neutral_expectation,2,MULTISTAGE_RH,STATIC_DEMAND_SHARE,pv,13,13,1,1.0,0.0,0.0,1.0999999999999979,1.0999999999999979,0.0,0.0,false,0.0,0.0,0.0,0.0,0.0
shared_battery_mode_node_level_v1,SI-Drahi_12-d1-HOM-ULO-BLO-14218af0ed,TK-PB-Drahi_12-d1-HOM-ULO-60e05de704-r2,SS-ab7d85e13b5a,risk_neutral_expectation,2,MULTISTAGE_RH,STATIC_DEMAND_SHARE,pv,13,14,1,1.0,0.0,0.0,1.0999999999999979,1.0999999999999979,0.0,0.0,false,0.0,0.0,0.0,0.0,0.0
shared_battery_mode_node_level_v1,SI-Drahi_12-d1-HOM-ULO-BLO-14218af0ed,TK-PB-Drahi_12-d1-HOM-ULO-60e05de704-r2,SS-ab7d85e13b5a,risk_neutral_expectation,2,MULTISTAGE_RH,STATIC_DEMAND_SHARE,pv,13,15,1,1.0,0.0,0.0,1.0999999999999979,1.0999999999999979,0.0,0.0,false,0.0,0.0,0.0,0.0,0.0
shared_battery_mode_node_level_v1,SI-Drahi_12-d1-HOM-ULO-BLO-14218af0ed,TK-PB-Drahi_12-d1-HOM-ULO-60e05de704-r2,SS-ab7d85e13b5a,risk_neutral_expectation,2,MULTISTAGE_RH,STATIC_DEMAND_SHARE,pv,13,16,1,1.0,8.0,0.0,1.0999999999999979,8.699999999999998,0.0,0.0,false,0.0,0.0,0.0,0.0,0.0
shared_battery_mode_node_level_v1,SI-Drahi_12-d1-HOM-ULO-BLO-14218af0ed,TK-PB-Drahi_12-d1-HOM-ULO-60e05de704-r2,SS-d9e9642706a1,risk_neutral_expectation,2,MULTISTAGE_RH,STATIC_DEMAND_SHARE,pv,17,17,1,1.0,0.0,0.0,8.699999999999998,8.699999999999998,0.0,0.0,false,0.0,0.0,0.0,0.0,0.0
shared_battery_mode_node_level_v1,SI-Drahi_12-d1-HOM-ULO-BLO-14218af0ed,TK-PB-Drahi_12-d1-HOM-ULO-60e05de704-r2,SS-d9e9642706a1,risk_neutral_expectation,2,MULTISTAGE_RH,STATIC_DEMAND_SHARE,pv,17,18,1,1.0,0.0,0.0,8.699999999999998,8.699999999999998,0.0,0.0,false,0.0,0.0,0.0,0.0,0.0
shared_battery_mode_node_level_v1,SI-Drahi_12-d1-HOM-ULO-BLO-14218af0ed,TK-PB-Drahi_12-d1-HOM-ULO-60e05de704-r2,SS-d9e9642706a1,risk_neutral_expectation,2,MULTISTAGE_RH,STATIC_DEMAND_SHARE,pv,17,19,1,1.0,0.0,0.0,8.699999999999998,8.699999999999998,0.0,0.0,false,0.0,0.0,0.0,0.0,0.0
shared_battery_mode_node_level_v1,SI-Drahi_12-d1-HOM-ULO-BLO-14218af0ed,TK-PB-Drahi_12-d1-HOM-ULO-60e05de704-r2,SS-d9e9642706a1,risk_neutral_expectation,2,MULTISTAGE_RH,STATIC_DEMAND_SHARE,pv,17,20,1,1.0,8.0,0.0,8.699999999999998,16.299999999999997,0.0,0.0,false,0.0,0.0,0.0,0.0,0.0
shared_battery_mode_node_level_v1,SI-Drahi_12-d1-HOM-ULO-BLO-14218af0ed,TK-PB-Drahi_12-d1-HOM-ULO-60e05de704-r2,SS-34ce05b803eb,risk_neutral_expectation,2,MULTISTAGE_RH,STATIC_DEMAND_SHARE,pv,21,21,1,1.0,0.0,0.0,16.299999999999997,16.299999999999997,0.0,0.0,false,0.0,0.0,0.0,0.0,0.0
shared_battery_mode_node_level_v1,SI-Drahi_12-d1-HOM-ULO-BLO-14218af0ed,TK-PB-Drahi_12-d1-HOM-ULO-60e05de704-r2,SS-34ce05b803eb,risk_neutral_expectation,2,MULTISTAGE_RH,STATIC_DEMAND_SHARE,pv,21,22,1,1.0,8.0,0.0,16.299999999999997,23.9,0.0,0.0,false,0.0,0.0,0.0,0.0,0.0
shared_battery_mode_node_level_v1,SI-Drahi_12-d1-HOM-ULO-BLO-14218af0ed,TK-PB-Drahi_12-d1-HOM-ULO-60e05de704-r2,SS-34ce05b803eb,risk_neutral_expectation,2,MULTISTAGE_RH,STATIC_DEMAND_SHARE,pv,21,23,1,1.0,0.0,0.0,23.9,23.9,0.0,0.0,false,0.0,0.0,0.0,0.0,0.0
shared_battery_mode_node_level_v1,SI-Drahi_12-d1-HOM-ULO-BLO-14218af0ed,TK-PB-Drahi_12-d1-HOM-ULO-60e05de704-r2,SS-34ce05b803eb,risk_neutral_expectation,2,MULTISTAGE_RH,STATIC_DEMAND_SHARE,pv,21,24,1,1.0,8.0,0.0,23.9,31.5,0.0,0.0,false,0.0,0.0,0.0,0.0,0.0
shared_battery_mode_node_level_v1,SI-Drahi_12-d1-HOM-ULO-BLO-14218af0ed,TK-PB-Drahi_12-d1-HOM-ULO-60e05de704-r2,SS-34f937f9703a,risk_neutral_expectation,2,TWO_STAGE_RH,LEXMMFPEA,pv,1,1,1,1.0,0.0,0.0,0.2,0.2,0.0,0.0,false,0.0,0.0,0.0,0.0,0.0
shared_battery_mode_node_level_v1,SI-Drahi_12-d1-HOM-ULO-BLO-14218af0ed,TK-PB-Drahi_12-d1-HOM-ULO-60e05de704-r2,SS-34f937f9703a,risk_neutral_expectation,2,TWO_STAGE_RH,LEXMMFPEA,pv,1,2,1,1.0,0.8642659279778385,0.0,0.2,1.0210526315789465,0.0,0.0,false,0.0,0.0,0.0,0.0,0.0
shared_battery_mode_node_level_v1,SI-Drahi_12-d1-HOM-ULO-BLO-14218af0ed,TK-PB-Drahi_12-d1-HOM-ULO-60e05de704-r2,SS-34f937f9703a,risk_neutral_expectation,2,TWO_STAGE_RH,LEXMMFPEA,pv,1,3,1,1.0,0.0,0.0,1.0210526315789465,1.0210526315789465,0.0,0.0,false,0.0,0.0,0.0,0.0,0.0
shared_battery_mode_node_level_v1,SI-Drahi_12-d1-HOM-ULO-BLO-14218af0ed,TK-PB-Drahi_12-d1-HOM-ULO-60e05de704-r2,SS-34f937f9703a,risk_neutral_expectation,2,TWO_STAGE_RH,LEXMMFPEA,pv,1,4,1,1.0,8.0,0.0,1.0210526315789465,8.621052631578946,0.0,0.0,false,0.0,0.0,0.0,0.0,0.0
shared_battery_mode_node_level_v1,SI-Drahi_12-d1-HOM-ULO-BLO-14218af0ed,TK-PB-Drahi_12-d1-HOM-ULO-60e05de704-r2,SS-e5e057e5b318,risk_neutral_expectation,2,TWO_STAGE_RH,LEXMMFPEA,pv,5,5,1,1.0,0.0,0.0,8.621052631578946,8.621052631578946,0.0,0.0,false,0.0,0.0,0.0,0.0,0.0
shared_battery_mode_node_level_v1,SI-Drahi_12-d1-HOM-ULO-BLO-14218af0ed,TK-PB-Drahi_12-d1-HOM-ULO-60e05de704-r2,SS-e5e057e5b318,risk_neutral_expectation,2,TWO_STAGE_RH,LEXMMFPEA,pv,5,6,1,0.0,0.0,0.0,8.621052631578946,8.621052631578946,0.0,0.0,false,0.0,0.0,0.0,0.0,0.0
shared_battery_mode_node_level_v1,SI-Drahi_12-d1-HOM-ULO-BLO-14218af0ed,TK-PB-Drahi_12-d1-HOM-ULO-60e05de704-r2,SS-e5e057e5b318,risk_neutral_expectation,2,TWO_STAGE_RH,LEXMMFPEA,pv,5,7,1,0.0,0.0,8.0,8.621052631578946,0.1999999999999993,0.0,0.0,false,0.0,0.0,7.216449660063518e-16,7.216449660063518e-16,0.0
shared_battery_mode_node_level_v1,SI-Drahi_12-d1-HOM-ULO-BLO-14218af0ed,TK-PB-Drahi_12-d1-HOM-ULO-60e05de704-r2,SS-e5e057e5b318,risk_neutral_expectation,2,TWO_STAGE_RH,LEXMMFPEA,pv,5,8,1,1.0,0.0,0.0,0.1999999999999993,0.1999999999999993,0.0,0.0,false,0.0,0.0,7.216449660063518e-16,7.216449660063518e-16,0.0
shared_battery_mode_node_level_v1,SI-Drahi_12-d1-HOM-ULO-BLO-14218af0ed,TK-PB-Drahi_12-d1-HOM-ULO-60e05de704-r2,SS-dd27c4cd5d46,risk_neutral_expectation,2,TWO_STAGE_RH,LEXMMFPEA,pv,9,9,1,0.0,0.0,0.0,0.1999999999999993,0.1999999999999993,0.0,0.0,false,0.0,0.0,0.0,7.216449660063518e-16,0.0
shared_battery_mode_node_level_v1,SI-Drahi_12-d1-HOM-ULO-BLO-14218af0ed,TK-PB-Drahi_12-d1-HOM-ULO-60e05de704-r2,SS-dd27c4cd5d46,risk_neutral_expectation,2,TWO_STAGE_RH,LEXMMFPEA,pv,9,10,1,1.0,0.0,0.0,0.1999999999999993,0.1999999999999993,0.0,0.0,false,0.0,0.0,0.0,7.216449660063518e-16,0.0
shared_battery_mode_node_level_v1,SI-Drahi_12-d1-HOM-ULO-BLO-14218af0ed,TK-PB-Drahi_12-d1-HOM-ULO-60e05de704-r2,SS-dd27c4cd5d46,risk_neutral_expectation,2,TWO_STAGE_RH,LEXMMFPEA,pv,9,11,1,1.0,0.9473684210526301,0.0,0.1999999999999993,1.0999999999999979,0.0,0.0,false,0.0,0.0,0.0,0.0,0.0
shared_battery_mode_node_level_v1,SI-Drahi_12-d1-HOM-ULO-BLO-14218af0ed,TK-PB-Drahi_12-d1-HOM-ULO-60e05de704-r2,SS-dd27c4cd5d46,risk_neutral_expectation,2,TWO_STAGE_RH,LEXMMFPEA,pv,9,12,1,0.0,0.0,0.0,1.0999999999999979,1.0999999999999979,0.0,0.0,false,0.0,0.0,0.0,0.0,0.0
shared_battery_mode_node_level_v1,SI-Drahi_12-d1-HOM-ULO-BLO-14218af0ed,TK-PB-Drahi_12-d1-HOM-ULO-60e05de704-r2,SS-ab7d85e13b5a,risk_neutral_expectation,2,TWO_STAGE_RH,LEXMMFPEA,pv,13,13,1,0.0,0.0,0.0,1.0999999999999979,1.0999999999999979,0.0,0.0,false,0.0,0.0,0.0,0.0,0.0
shared_battery_mode_node_level_v1,SI-Drahi_12-d1-HOM-ULO-BLO-14218af0ed,TK-PB-Drahi_12-d1-HOM-ULO-60e05de704-r2,SS-ab7d85e13b5a,risk_neutral_expectation,2,TWO_STAGE_RH,LEXMMFPEA,pv,13,14,1,1.0,0.0,0.0,1.0999999999999979,1.0999999999999979,0.0,0.0,false,0.0,0.0,0.0,0.0,0.0
shared_battery_mode_node_level_v1,SI-Drahi_12-d1-HOM-ULO-BLO-14218af0ed,TK-PB-Drahi_12-d1-HOM-ULO-60e05de704-r2,SS-ab7d85e13b5a,risk_neutral_expectation,2,TWO_STAGE_RH,LEXMMFPEA,pv,13,15,1,1.0,0.0,0.0,1.0999999999999979,1.0999999999999979,0.0,0.0,false,0.0,0.0,0.0,0.0,0.0
shared_battery_mode_node_level_v1,SI-Drahi_12-d1-HOM-ULO-BLO-14218af0ed,TK-PB-Drahi_12-d1-HOM-ULO-60e05de704-r2,SS-ab7d85e13b5a,risk_neutral_expectation,2,TWO_STAGE_RH,LEXMMFPEA,pv,13,16,1,1.0,8.0,0.0,1.0999999999999979,8.699999999999998,0.0,0.0,false,0.0,0.0,0.0,0.0,0.0
shared_battery_mode_node_level_v1,SI-Drahi_12-d1-HOM-ULO-BLO-14218af0ed,TK-PB-Drahi_12-d1-HOM-ULO-60e05de704-r2,SS-d9e9642706a1,risk_neutral_expectation,2,TWO_STAGE_RH,LEXMMFPEA,pv,17,17,1,0.0,0.0,0.0,8.699999999999998,8.699999999999998,0.0,0.0,false,0.0,0.0,0.0,0.0,0.0
shared_battery_mode_node_level_v1,SI-Drahi_12-d1-HOM-ULO-BLO-14218af0ed,TK-PB-Drahi_12-d1-HOM-ULO-60e05de704-r2,SS-d9e9642706a1,risk_neutral_expectation,2,TWO_STAGE_RH,LEXMMFPEA,pv,17,18,1,1.0,0.0,0.0,8.699999999999998,8.699999999999998,0.0,0.0,false,0.0,0.0,0.0,0.0,0.0
shared_battery_mode_node_level_v1,SI-Drahi_12-d1-HOM-ULO-BLO-14218af0ed,TK-PB-Drahi_12-d1-HOM-ULO-60e05de704-r2,SS-d9e9642706a1,risk_neutral_expectation,2,TWO_STAGE_RH,LEXMMFPEA,pv,17,19,1,0.0,0.0,0.0,8.699999999999998,8.699999999999998,0.0,0.0,false,0.0,0.0,0.0,0.0,0.0
shared_battery_mode_node_level_v1,SI-Drahi_12-d1-HOM-ULO-BLO-14218af0ed,TK-PB-Drahi_12-d1-HOM-ULO-60e05de704-r2,SS-d9e9642706a1,risk_neutral_expectation,2,TWO_STAGE_RH,LEXMMFPEA,pv,17,20,1,1.0,8.0,0.0,8.699999999999998,16.299999999999997,0.0,0.0,false,0.0,0.0,0.0,0.0,0.0
shared_battery_mode_node_level_v1,SI-Drahi_12-d1-HOM-ULO-BLO-14218af0ed,TK-PB-Drahi_12-d1-HOM-ULO-60e05de704-r2,SS-34ce05b803eb,risk_neutral_expectation,2,TWO_STAGE_RH,LEXMMFPEA,pv,21,21,1,0.0,0.0,0.0,16.299999999999997,16.299999999999997,0.0,0.0,false,0.0,0.0,0.0,0.0,0.0
shared_battery_mode_node_level_v1,SI-Drahi_12-d1-HOM-ULO-BLO-14218af0ed,TK-PB-Drahi_12-d1-HOM-ULO-60e05de704-r2,SS-34ce05b803eb,risk_neutral_expectation,2,TWO_STAGE_RH,LEXMMFPEA,pv,21,22,1,1.0,8.0,0.0,16.299999999999997,23.9,0.0,0.0,false,0.0,0.0,0.0,0.0,0.0
shared_battery_mode_node_level_v1,SI-Drahi_12-d1-HOM-ULO-BLO-14218af0ed,TK-PB-Drahi_12-d1-HOM-ULO-60e05de704-r2,SS-34ce05b803eb,risk_neutral_expectation,2,TWO_STAGE_RH,LEXMMFPEA,pv,21,23,1,1.0,0.0,0.0,23.9,23.9,0.0,0.0,false,0.0,0.0,0.0,0.0,0.0
shared_battery_mode_node_level_v1,SI-Drahi_12-d1-HOM-ULO-BLO-14218af0ed,TK-PB-Drahi_12-d1-HOM-ULO-60e05de704-r2,SS-34ce05b803eb,risk_neutral_expectation,2,TWO_STAGE_RH,LEXMMFPEA,pv,21,24,1,1.0,8.0,0.0,23.9,31.5,0.0,0.0,false,0.0,0.0,0.0,0.0,0.0
shared_battery_mode_node_level_v1,SI-Drahi_12-d1-HOM-ULO-BLO-14218af0ed,TK-PB-Drahi_12-d1-HOM-ULO-60e05de704-r2,SS-34f937f9703a,risk_neutral_expectation,2,TWO_STAGE_RH,LEXMMFSA,savings,1,1,1,1.0,0.0,0.0,0.2,0.2,0.0,0.0,false,0.0,0.0,0.0,0.0,0.0
shared_battery_mode_node_level_v1,SI-Drahi_12-d1-HOM-ULO-BLO-14218af0ed,TK-PB-Drahi_12-d1-HOM-ULO-60e05de704-r2,SS-34f937f9703a,risk_neutral_expectation,2,TWO_STAGE_RH,LEXMMFSA,savings,1,2,1,1.0,0.8642659279778258,0.0,0.2,1.0210526315789343,0.0,0.0,false,0.0,0.0,1.2212453270876722e-14,0.0,0.0
shared_battery_mode_node_level_v1,SI-Drahi_12-d1-HOM-ULO-BLO-14218af0ed,TK-PB-Drahi_12-d1-HOM-ULO-60e05de704-r2,SS-34f937f9703a,risk_neutral_expectation,2,TWO_STAGE_RH,LEXMMFSA,savings,1,3,1,1.0,0.0,0.0,1.0210526315789343,1.0210526315789343,0.0,0.0,false,0.0,0.0,1.2212453270876722e-14,0.0,0.0
shared_battery_mode_node_level_v1,SI-Drahi_12-d1-HOM-ULO-BLO-14218af0ed,TK-PB-Drahi_12-d1-HOM-ULO-60e05de704-r2,SS-34f937f9703a,risk_neutral_expectation,2,TWO_STAGE_RH,LEXMMFSA,savings,1,4,1,1.0,8.0,0.0,1.0210526315789343,8.621052631578934,0.0,0.0,false,0.0,0.0,1.2434497875801753e-14,0.0,0.0
shared_battery_mode_node_level_v1,SI-Drahi_12-d1-HOM-ULO-BLO-14218af0ed,TK-PB-Drahi_12-d1-HOM-ULO-60e05de704-r2,SS-e5e057e5b318,risk_neutral_expectation,2,TWO_STAGE_RH,LEXMMFSA,savings,5,5,1,1.0,0.0,0.0,8.621052631578934,8.621052631578934,0.0,0.0,false,0.0,0.0,0.0,0.0,0.0
shared_battery_mode_node_level_v1,SI-Drahi_12-d1-HOM-ULO-BLO-14218af0ed,TK-PB-Drahi_12-d1-HOM-ULO-60e05de704-r2,SS-e5e057e5b318,risk_neutral_expectation,2,TWO_STAGE_RH,LEXMMFSA,savings,5,6,1,1.0,0.0,0.0,8.621052631578934,8.621052631578934,0.0,0.0,false,0.0,0.0,0.0,0.0,0.0
shared_battery_mode_node_level_v1,SI-Drahi_12-d1-HOM-ULO-BLO-14218af0ed,TK-PB-Drahi_12-d1-HOM-ULO-60e05de704-r2,SS-e5e057e5b318,risk_neutral_expectation,2,TWO_STAGE_RH,LEXMMFSA,savings,5,7,1,0.0,0.0,7.9999999999999885,8.621052631578934,0.1999999999999975,0.0,0.0,false,0.0,0.0,2.4980018054066022e-15,2.4980018054066022e-15,0.0
shared_battery_mode_node_level_v1,SI-Drahi_12-d1-HOM-ULO-BLO-14218af0ed,TK-PB-Drahi_12-d1-HOM-ULO-60e05de704-r2,SS-e5e057e5b318,risk_neutral_expectation,2,TWO_STAGE_RH,LEXMMFSA,savings,5,8,1,1.0,0.0,0.0,0.1999999999999975,0.1999999999999975,0.0,0.0,false,0.0,0.0,2.4980018054066022e-15,2.4980018054066022e-15,0.0
shared_battery_mode_node_level_v1,SI-Drahi_12-d1-HOM-ULO-BLO-14218af0ed,TK-PB-Drahi_12-d1-HOM-ULO-60e05de704-r2,SS-dd27c4cd5d46,risk_neutral_expectation,2,TWO_STAGE_RH,LEXMMFSA,savings,9,9,1,1.0,0.0,0.0,0.1999999999999975,0.1999999999999975,0.0,0.0,false,0.0,0.0,0.0,2.4980018054066022e-15,0.0
shared_battery_mode_node_level_v1,SI-Drahi_12-d1-HOM-ULO-BLO-14218af0ed,TK-PB-Drahi_12-d1-HOM-ULO-60e05de704-r2,SS-dd27c4cd5d46,risk_neutral_expectation,2,TWO_STAGE_RH,LEXMMFSA,savings,9,10,1,1.0,0.0,0.0,0.1999999999999975,0.1999999999999975,0.0,0.0,false,0.0,0.0,0.0,2.4980018054066022e-15,0.0
shared_battery_mode_node_level_v1,SI-Drahi_12-d1-HOM-ULO-BLO-14218af0ed,TK-PB-Drahi_12-d1-HOM-ULO-60e05de704-r2,SS-dd27c4cd5d46,risk_neutral_expectation,2,TWO_STAGE_RH,LEXMMFSA,savings,9,11,1,1.0,0.9473684210526319,0.0,0.1999999999999975,1.0999999999999979,0.0,0.0,false,0.0,0.0,0.0,0.0,0.0
shared_battery_mode_node_level_v1,SI-Drahi_12-d1-HOM-ULO-BLO-14218af0ed,TK-PB-Drahi_12-d1-HOM-ULO-60e05de704-r2,SS-dd27c4cd5d46,risk_neutral_expectation,2,TWO_STAGE_RH,LEXMMFSA,savings,9,12,1,1.0,0.0,0.0,1.0999999999999979,1.0999999999999979,0.0,0.0,false,0.0,0.0,0.0,0.0,0.0
shared_battery_mode_node_level_v1,SI-Drahi_12-d1-HOM-ULO-BLO-14218af0ed,TK-PB-Drahi_12-d1-HOM-ULO-60e05de704-r2,SS-ab7d85e13b5a,risk_neutral_expectation,2,TWO_STAGE_RH,LEXMMFSA,savings,13,13,1,1.0,0.0,0.0,1.0999999999999979,1.0999999999999979,0.0,0.0,false,0.0,0.0,0.0,0.0,0.0
shared_battery_mode_node_level_v1,SI-Drahi_12-d1-HOM-ULO-BLO-14218af0ed,TK-PB-Drahi_12-d1-HOM-ULO-60e05de704-r2,SS-ab7d85e13b5a,risk_neutral_expectation,2,TWO_STAGE_RH,LEXMMFSA,savings,13,14,1,1.0,0.0,0.0,1.0999999999999979,1.0999999999999979,0.0,0.0,false,0.0,0.0,0.0,0.0,0.0
shared_battery_mode_node_level_v1,SI-Drahi_12-d1-HOM-ULO-BLO-14218af0ed,TK-PB-Drahi_12-d1-HOM-ULO-60e05de704-r2,SS-ab7d85e13b5a,risk_neutral_expectation,2,TWO_STAGE_RH,LEXMMFSA,savings,13,15,1,1.0,0.0,0.0,1.0999999999999979,1.0999999999999979,0.0,0.0,false,0.0,0.0,0.0,0.0,0.0
shared_battery_mode_node_level_v1,SI-Drahi_12-d1-HOM-ULO-BLO-14218af0ed,TK-PB-Drahi_12-d1-HOM-ULO-60e05de704-r2,SS-ab7d85e13b5a,risk_neutral_expectation,2,TWO_STAGE_RH,LEXMMFSA,savings,13,16,1,1.0,8.0,0.0,1.0999999999999979,8.699999999999998,0.0,0.0,false,0.0,0.0,0.0,0.0,0.0
shared_battery_mode_node_level_v1,SI-Drahi_12-d1-HOM-ULO-BLO-14218af0ed,TK-PB-Drahi_12-d1-HOM-ULO-60e05de704-r2,SS-d9e9642706a1,risk_neutral_expectation,2,TWO_STAGE_RH,LEXMMFSA,savings,17,17,1,1.0,0.0,0.0,8.699999999999998,8.699999999999998,0.0,0.0,false,0.0,0.0,0.0,0.0,0.0
shared_battery_mode_node_level_v1,SI-Drahi_12-d1-HOM-ULO-BLO-14218af0ed,TK-PB-Drahi_12-d1-HOM-ULO-60e05de704-r2,SS-d9e9642706a1,risk_neutral_expectation,2,TWO_STAGE_RH,LEXMMFSA,savings,17,18,1,1.0,0.0,0.0,8.699999999999998,8.699999999999998,0.0,0.0,false,0.0,0.0,0.0,0.0,0.0
shared_battery_mode_node_level_v1,SI-Drahi_12-d1-HOM-ULO-BLO-14218af0ed,TK-PB-Drahi_12-d1-HOM-ULO-60e05de704-r2,SS-d9e9642706a1,risk_neutral_expectation,2,TWO_STAGE_RH,LEXMMFSA,savings,17,19,1,1.0,0.0,0.0,8.699999999999998,8.699999999999998,0.0,0.0,false,0.0,0.0,0.0,0.0,0.0
shared_battery_mode_node_level_v1,SI-Drahi_12-d1-HOM-ULO-BLO-14218af0ed,TK-PB-Drahi_12-d1-HOM-ULO-60e05de704-r2,SS-d9e9642706a1,risk_neutral_expectation,2,TWO_STAGE_RH,LEXMMFSA,savings,17,20,1,1.0,8.0,0.0,8.699999999999998,16.299999999999997,0.0,0.0,false,0.0,0.0,0.0,0.0,0.0
shared_battery_mode_node_level_v1,SI-Drahi_12-d1-HOM-ULO-BLO-14218af0ed,TK-PB-Drahi_12-d1-HOM-ULO-60e05de704-r2,SS-34ce05b803eb,risk_neutral_expectation,2,TWO_STAGE_RH,LEXMMFSA,savings,21,21,1,1.0,0.0,0.0,16.299999999999997,16.299999999999997,0.0,0.0,false,0.0,0.0,0.0,0.0,0.0
shared_battery_mode_node_level_v1,SI-Drahi_12-d1-HOM-ULO-BLO-14218af0ed,TK-PB-Drahi_12-d1-HOM-ULO-60e05de704-r2,SS-34ce05b803eb,risk_neutral_expectation,2,TWO_STAGE_RH,LEXMMFSA,savings,21,22,1,1.0,8.0,0.0,16.299999999999997,23.9,0.0,0.0,false,0.0,0.0,0.0,0.0,0.0
shared_battery_mode_node_level_v1,SI-Drahi_12-d1-HOM-ULO-BLO-14218af0ed,TK-PB-Drahi_12-d1-HOM-ULO-60e05de704-r2,SS-34ce05b803eb,risk_neutral_expectation,2,TWO_STAGE_RH,LEXMMFSA,savings,21,23,1,1.0,0.0,0.0,23.9,23.9,0.0,0.0,false,0.0,0.0,0.0,0.0,0.0
shared_battery_mode_node_level_v1,SI-Drahi_12-d1-HOM-ULO-BLO-14218af0ed,TK-PB-Drahi_12-d1-HOM-ULO-60e05de704-r2,SS-34ce05b803eb,risk_neutral_expectation,2,TWO_STAGE_RH,LEXMMFSA,savings,21,24,1,1.0,8.000000000000002,0.0,23.9,31.5,1.7763568394002505e-15,0.0,false,0.0,0.0,0.0,0.0,0.0
shared_battery_mode_node_level_v1,SI-Drahi_12-d1-HOM-ULO-BLO-14218af0ed,TK-PB-Drahi_12-d1-HOM-ULO-60e05de704-r2,SS-34f937f9703a,risk_neutral_expectation,2,TWO_STAGE_RH,NONE,none,1,1,1,1.0,0.0,0.0,0.2,0.2,0.0,0.0,false,0.0,0.0,0.0,0.0,0.0
shared_battery_mode_node_level_v1,SI-Drahi_12-d1-HOM-ULO-BLO-14218af0ed,TK-PB-Drahi_12-d1-HOM-ULO-60e05de704-r2,SS-34f937f9703a,risk_neutral_expectation,2,TWO_STAGE_RH,NONE,none,1,2,1,1.0,0.8642659279778384,0.0,0.2,1.0210526315789465,0.0,0.0,false,0.0,0.0,0.0,0.0,0.0
shared_battery_mode_node_level_v1,SI-Drahi_12-d1-HOM-ULO-BLO-14218af0ed,TK-PB-Drahi_12-d1-HOM-ULO-60e05de704-r2,SS-34f937f9703a,risk_neutral_expectation,2,TWO_STAGE_RH,NONE,none,1,3,1,1.0,0.0,0.0,1.0210526315789465,1.0210526315789465,0.0,0.0,false,0.0,0.0,0.0,0.0,0.0
shared_battery_mode_node_level_v1,SI-Drahi_12-d1-HOM-ULO-BLO-14218af0ed,TK-PB-Drahi_12-d1-HOM-ULO-60e05de704-r2,SS-34f937f9703a,risk_neutral_expectation,2,TWO_STAGE_RH,NONE,none,1,4,1,1.0,8.0,0.0,1.0210526315789465,8.621052631578946,0.0,0.0,false,0.0,0.0,0.0,0.0,0.0
shared_battery_mode_node_level_v1,SI-Drahi_12-d1-HOM-ULO-BLO-14218af0ed,TK-PB-Drahi_12-d1-HOM-ULO-60e05de704-r2,SS-e5e057e5b318,risk_neutral_expectation,2,TWO_STAGE_RH,NONE,none,5,5,1,1.0,0.0,0.0,8.621052631578946,8.621052631578946,0.0,0.0,false,0.0,0.0,0.0,0.0,0.0
shared_battery_mode_node_level_v1,SI-Drahi_12-d1-HOM-ULO-BLO-14218af0ed,TK-PB-Drahi_12-d1-HOM-ULO-60e05de704-r2,SS-e5e057e5b318,risk_neutral_expectation,2,TWO_STAGE_RH,NONE,none,5,6,1,1.0,0.0,0.0,8.621052631578946,8.621052631578946,0.0,0.0,false,0.0,0.0,0.0,0.0,0.0
shared_battery_mode_node_level_v1,SI-Drahi_12-d1-HOM-ULO-BLO-14218af0ed,TK-PB-Drahi_12-d1-HOM-ULO-60e05de704-r2,SS-e5e057e5b318,risk_neutral_expectation,2,TWO_STAGE_RH,NONE,none,5,7,1,0.0,0.0,8.0,8.621052631578946,0.1999999999999993,0.0,0.0,false,0.0,0.0,7.216449660063518e-16,7.216449660063518e-16,0.0
shared_battery_mode_node_level_v1,SI-Drahi_12-d1-HOM-ULO-BLO-14218af0ed,TK-PB-Drahi_12-d1-HOM-ULO-60e05de704-r2,SS-e5e057e5b318,risk_neutral_expectation,2,TWO_STAGE_RH,NONE,none,5,8,1,1.0,0.0,0.0,0.1999999999999993,0.1999999999999993,0.0,0.0,false,0.0,0.0,7.216449660063518e-16,7.216449660063518e-16,0.0
shared_battery_mode_node_level_v1,SI-Drahi_12-d1-HOM-ULO-BLO-14218af0ed,TK-PB-Drahi_12-d1-HOM-ULO-60e05de704-r2,SS-dd27c4cd5d46,risk_neutral_expectation,2,TWO_STAGE_RH,NONE,none,9,9,1,1.0,0.0,0.0,0.1999999999999993,0.1999999999999993,0.0,0.0,false,0.0,0.0,0.0,7.216449660063518e-16,0.0
shared_battery_mode_node_level_v1,SI-Drahi_12-d1-HOM-ULO-BLO-14218af0ed,TK-PB-Drahi_12-d1-HOM-ULO-60e05de704-r2,SS-dd27c4cd5d46,risk_neutral_expectation,2,TWO_STAGE_RH,NONE,none,9,10,1,1.0,0.0,0.0,0.1999999999999993,0.1999999999999993,0.0,0.0,false,0.0,0.0,0.0,7.216449660063518e-16,0.0
shared_battery_mode_node_level_v1,SI-Drahi_12-d1-HOM-ULO-BLO-14218af0ed,TK-PB-Drahi_12-d1-HOM-ULO-60e05de704-r2,SS-dd27c4cd5d46,risk_neutral_expectation,2,TWO_STAGE_RH,NONE,none,9,11,1,1.0,0.94736842105263,0.0,0.1999999999999993,1.0999999999999979,0.0,0.0,false,0.0,0.0,0.0,0.0,0.0
shared_battery_mode_node_level_v1,SI-Drahi_12-d1-HOM-ULO-BLO-14218af0ed,TK-PB-Drahi_12-d1-HOM-ULO-60e05de704-r2,SS-dd27c4cd5d46,risk_neutral_expectation,2,TWO_STAGE_RH,NONE,none,9,12,1,1.0,0.0,0.0,1.0999999999999979,1.0999999999999979,0.0,0.0,false,0.0,0.0,0.0,0.0,0.0
shared_battery_mode_node_level_v1,SI-Drahi_12-d1-HOM-ULO-BLO-14218af0ed,TK-PB-Drahi_12-d1-HOM-ULO-60e05de704-r2,SS-ab7d85e13b5a,risk_neutral_expectation,2,TWO_STAGE_RH,NONE,none,13,13,1,1.0,0.0,0.0,1.0999999999999979,1.0999999999999979,0.0,0.0,false,0.0,0.0,0.0,0.0,0.0
shared_battery_mode_node_level_v1,SI-Drahi_12-d1-HOM-ULO-BLO-14218af0ed,TK-PB-Drahi_12-d1-HOM-ULO-60e05de704-r2,SS-ab7d85e13b5a,risk_neutral_expectation,2,TWO_STAGE_RH,NONE,none,13,14,1,1.0,0.0,0.0,1.0999999999999979,1.0999999999999979,0.0,0.0,false,0.0,0.0,0.0,0.0,0.0
shared_battery_mode_node_level_v1,SI-Drahi_12-d1-HOM-ULO-BLO-14218af0ed,TK-PB-Drahi_12-d1-HOM-ULO-60e05de704-r2,SS-ab7d85e13b5a,risk_neutral_expectation,2,TWO_STAGE_RH,NONE,none,13,15,1,1.0,0.0,0.0,1.0999999999999979,1.0999999999999979,0.0,0.0,false,0.0,0.0,0.0,0.0,0.0
shared_battery_mode_node_level_v1,SI-Drahi_12-d1-HOM-ULO-BLO-14218af0ed,TK-PB-Drahi_12-d1-HOM-ULO-60e05de704-r2,SS-ab7d85e13b5a,risk_neutral_expectation,2,TWO_STAGE_RH,NONE,none,13,16,1,1.0,8.0,0.0,1.0999999999999979,8.699999999999998,0.0,0.0,false,0.0,0.0,0.0,0.0,0.0
shared_battery_mode_node_level_v1,SI-Drahi_12-d1-HOM-ULO-BLO-14218af0ed,TK-PB-Drahi_12-d1-HOM-ULO-60e05de704-r2,SS-d9e9642706a1,risk_neutral_expectation,2,TWO_STAGE_RH,NONE,none,17,17,1,1.0,0.0,0.0,8.699999999999998,8.699999999999998,0.0,0.0,false,0.0,0.0,0.0,0.0,0.0
shared_battery_mode_node_level_v1,SI-Drahi_12-d1-HOM-ULO-BLO-14218af0ed,TK-PB-Drahi_12-d1-HOM-ULO-60e05de704-r2,SS-d9e9642706a1,risk_neutral_expectation,2,TWO_STAGE_RH,NONE,none,17,18,1,1.0,0.0,0.0,8.699999999999998,8.699999999999998,0.0,0.0,false,0.0,0.0,0.0,0.0,0.0
shared_battery_mode_node_level_v1,SI-Drahi_12-d1-HOM-ULO-BLO-14218af0ed,TK-PB-Drahi_12-d1-HOM-ULO-60e05de704-r2,SS-d9e9642706a1,risk_neutral_expectation,2,TWO_STAGE_RH,NONE,none,17,19,1,1.0,0.0,0.0,8.699999999999998,8.699999999999998,0.0,0.0,false,0.0,0.0,0.0,0.0,0.0
shared_battery_mode_node_level_v1,SI-Drahi_12-d1-HOM-ULO-BLO-14218af0ed,TK-PB-Drahi_12-d1-HOM-ULO-60e05de704-r2,SS-d9e9642706a1,risk_neutral_expectation,2,TWO_STAGE_RH,NONE,none,17,20,1,1.0,8.0,0.0,8.699999999999998,16.299999999999997,0.0,0.0,false,0.0,0.0,0.0,0.0,0.0
shared_battery_mode_node_level_v1,SI-Drahi_12-d1-HOM-ULO-BLO-14218af0ed,TK-PB-Drahi_12-d1-HOM-ULO-60e05de704-r2,SS-34ce05b803eb,risk_neutral_expectation,2,TWO_STAGE_RH,NONE,none,21,21,1,1.0,0.0,0.0,16.299999999999997,16.299999999999997,0.0,0.0,false,0.0,0.0,0.0,0.0,0.0
shared_battery_mode_node_level_v1,SI-Drahi_12-d1-HOM-ULO-BLO-14218af0ed,TK-PB-Drahi_12-d1-HOM-ULO-60e05de704-r2,SS-34ce05b803eb,risk_neutral_expectation,2,TWO_STAGE_RH,NONE,none,21,22,1,1.0,8.0,0.0,16.299999999999997,23.9,0.0,0.0,false,0.0,0.0,0.0,0.0,0.0
shared_battery_mode_node_level_v1,SI-Drahi_12-d1-HOM-ULO-BLO-14218af0ed,TK-PB-Drahi_12-d1-HOM-ULO-60e05de704-r2,SS-34ce05b803eb,risk_neutral_expectation,2,TWO_STAGE_RH,NONE,none,21,23,1,1.0,0.0,0.0,23.9,23.9,0.0,0.0,false,0.0,0.0,0.0,0.0,0.0
shared_battery_mode_node_level_v1,SI-Drahi_12-d1-HOM-ULO-BLO-14218af0ed,TK-PB-Drahi_12-d1-HOM-ULO-60e05de704-r2,SS-34ce05b803eb,risk_neutral_expectation,2,TWO_STAGE_RH,NONE,none,21,24,1,1.0,8.0,0.0,23.9,31.5,0.0,0.0,false,0.0,0.0,0.0,0.0,0.0
shared_battery_mode_node_level_v1,SI-Drahi_12-d1-HOM-ULO-BLO-14218af0ed,TK-PB-Drahi_12-d1-HOM-ULO-60e05de704-r2,SS-34f937f9703a,risk_neutral_expectation,2,TWO_STAGE_RH,PEA,pv,1,1,1,1.0,0.0,0.0,0.2,0.2,0.0,0.0,false,0.0,0.0,0.0,0.0,0.0
shared_battery_mode_node_level_v1,SI-Drahi_12-d1-HOM-ULO-BLO-14218af0ed,TK-PB-Drahi_12-d1-HOM-ULO-60e05de704-r2,SS-34f937f9703a,risk_neutral_expectation,2,TWO_STAGE_RH,PEA,pv,1,2,1,1.0,0.8642659279778384,0.0,0.2,1.0210526315789465,0.0,0.0,false,0.0,0.0,0.0,0.0,0.0
shared_battery_mode_node_level_v1,SI-Drahi_12-d1-HOM-ULO-BLO-14218af0ed,TK-PB-Drahi_12-d1-HOM-ULO-60e05de704-r2,SS-34f937f9703a,risk_neutral_expectation,2,TWO_STAGE_RH,PEA,pv,1,3,1,1.0,0.0,0.0,1.0210526315789465,1.0210526315789465,0.0,0.0,false,0.0,0.0,0.0,0.0,0.0
shared_battery_mode_node_level_v1,SI-Drahi_12-d1-HOM-ULO-BLO-14218af0ed,TK-PB-Drahi_12-d1-HOM-ULO-60e05de704-r2,SS-34f937f9703a,risk_neutral_expectation,2,TWO_STAGE_RH,PEA,pv,1,4,1,1.0,8.0,0.0,1.0210526315789465,8.621052631578946,0.0,0.0,false,0.0,0.0,0.0,0.0,0.0
shared_battery_mode_node_level_v1,SI-Drahi_12-d1-HOM-ULO-BLO-14218af0ed,TK-PB-Drahi_12-d1-HOM-ULO-60e05de704-r2,SS-e5e057e5b318,risk_neutral_expectation,2,TWO_STAGE_RH,PEA,pv,5,5,1,1.0,0.0,0.0,8.621052631578946,8.621052631578946,0.0,0.0,false,0.0,0.0,0.0,0.0,0.0
shared_battery_mode_node_level_v1,SI-Drahi_12-d1-HOM-ULO-BLO-14218af0ed,TK-PB-Drahi_12-d1-HOM-ULO-60e05de704-r2,SS-e5e057e5b318,risk_neutral_expectation,2,TWO_STAGE_RH,PEA,pv,5,6,1,1.0,0.0,0.0,8.621052631578946,8.621052631578946,0.0,0.0,false,0.0,0.0,0.0,0.0,0.0
shared_battery_mode_node_level_v1,SI-Drahi_12-d1-HOM-ULO-BLO-14218af0ed,TK-PB-Drahi_12-d1-HOM-ULO-60e05de704-r2,SS-e5e057e5b318,risk_neutral_expectation,2,TWO_STAGE_RH,PEA,pv,5,7,1,0.0,0.0,8.0,8.621052631578946,0.1999999999999993,0.0,0.0,false,0.0,0.0,7.216449660063518e-16,7.216449660063518e-16,0.0
shared_battery_mode_node_level_v1,SI-Drahi_12-d1-HOM-ULO-BLO-14218af0ed,TK-PB-Drahi_12-d1-HOM-ULO-60e05de704-r2,SS-e5e057e5b318,risk_neutral_expectation,2,TWO_STAGE_RH,PEA,pv,5,8,1,1.0,0.0,0.0,0.1999999999999993,0.1999999999999993,0.0,0.0,false,0.0,0.0,7.216449660063518e-16,7.216449660063518e-16,0.0
shared_battery_mode_node_level_v1,SI-Drahi_12-d1-HOM-ULO-BLO-14218af0ed,TK-PB-Drahi_12-d1-HOM-ULO-60e05de704-r2,SS-dd27c4cd5d46,risk_neutral_expectation,2,TWO_STAGE_RH,PEA,pv,9,9,1,1.0,0.0,0.0,0.1999999999999993,0.1999999999999993,0.0,0.0,false,0.0,0.0,0.0,7.216449660063518e-16,0.0
shared_battery_mode_node_level_v1,SI-Drahi_12-d1-HOM-ULO-BLO-14218af0ed,TK-PB-Drahi_12-d1-HOM-ULO-60e05de704-r2,SS-dd27c4cd5d46,risk_neutral_expectation,2,TWO_STAGE_RH,PEA,pv,9,10,1,1.0,0.0,0.0,0.1999999999999993,0.1999999999999993,0.0,0.0,false,0.0,0.0,0.0,7.216449660063518e-16,0.0
shared_battery_mode_node_level_v1,SI-Drahi_12-d1-HOM-ULO-BLO-14218af0ed,TK-PB-Drahi_12-d1-HOM-ULO-60e05de704-r2,SS-dd27c4cd5d46,risk_neutral_expectation,2,TWO_STAGE_RH,PEA,pv,9,11,1,1.0,0.94736842105263,0.0,0.1999999999999993,1.0999999999999979,0.0,0.0,false,0.0,0.0,0.0,0.0,0.0
shared_battery_mode_node_level_v1,SI-Drahi_12-d1-HOM-ULO-BLO-14218af0ed,TK-PB-Drahi_12-d1-HOM-ULO-60e05de704-r2,SS-dd27c4cd5d46,risk_neutral_expectation,2,TWO_STAGE_RH,PEA,pv,9,12,1,1.0,0.0,0.0,1.0999999999999979,1.0999999999999979,0.0,0.0,false,0.0,0.0,0.0,0.0,0.0
shared_battery_mode_node_level_v1,SI-Drahi_12-d1-HOM-ULO-BLO-14218af0ed,TK-PB-Drahi_12-d1-HOM-ULO-60e05de704-r2,SS-ab7d85e13b5a,risk_neutral_expectation,2,TWO_STAGE_RH,PEA,pv,13,13,1,1.0,0.0,0.0,1.0999999999999979,1.0999999999999979,0.0,0.0,false,0.0,0.0,0.0,0.0,0.0
shared_battery_mode_node_level_v1,SI-Drahi_12-d1-HOM-ULO-BLO-14218af0ed,TK-PB-Drahi_12-d1-HOM-ULO-60e05de704-r2,SS-ab7d85e13b5a,risk_neutral_expectation,2,TWO_STAGE_RH,PEA,pv,13,14,1,1.0,0.0,0.0,1.0999999999999979,1.0999999999999979,0.0,0.0,false,0.0,0.0,0.0,0.0,0.0
shared_battery_mode_node_level_v1,SI-Drahi_12-d1-HOM-ULO-BLO-14218af0ed,TK-PB-Drahi_12-d1-HOM-ULO-60e05de704-r2,SS-ab7d85e13b5a,risk_neutral_expectation,2,TWO_STAGE_RH,PEA,pv,13,15,1,1.0,0.0,0.0,1.0999999999999979,1.0999999999999979,0.0,0.0,false,0.0,0.0,0.0,0.0,0.0
shared_battery_mode_node_level_v1,SI-Drahi_12-d1-HOM-ULO-BLO-14218af0ed,TK-PB-Drahi_12-d1-HOM-ULO-60e05de704-r2,SS-ab7d85e13b5a,risk_neutral_expectation,2,TWO_STAGE_RH,PEA,pv,13,16,1,1.0,8.0,0.0,1.0999999999999979,8.699999999999998,0.0,0.0,false,0.0,0.0,1.7763568394002505e-15,0.0,0.0
shared_battery_mode_node_level_v1,SI-Drahi_12-d1-HOM-ULO-BLO-14218af0ed,TK-PB-Drahi_12-d1-HOM-ULO-60e05de704-r2,SS-d9e9642706a1,risk_neutral_expectation,2,TWO_STAGE_RH,PEA,pv,17,17,1,1.0,0.0,0.0,8.699999999999998,8.699999999999998,0.0,0.0,false,0.0,0.0,0.0,0.0,0.0
shared_battery_mode_node_level_v1,SI-Drahi_12-d1-HOM-ULO-BLO-14218af0ed,TK-PB-Drahi_12-d1-HOM-ULO-60e05de704-r2,SS-d9e9642706a1,risk_neutral_expectation,2,TWO_STAGE_RH,PEA,pv,17,18,1,1.0,0.0,0.0,8.699999999999998,8.699999999999998,0.0,0.0,false,0.0,0.0,0.0,0.0,0.0
shared_battery_mode_node_level_v1,SI-Drahi_12-d1-HOM-ULO-BLO-14218af0ed,TK-PB-Drahi_12-d1-HOM-ULO-60e05de704-r2,SS-d9e9642706a1,risk_neutral_expectation,2,TWO_STAGE_RH,PEA,pv,17,19,1,1.0,0.0,0.0,8.699999999999998,8.699999999999998,0.0,0.0,false,0.0,0.0,0.0,0.0,0.0
shared_battery_mode_node_level_v1,SI-Drahi_12-d1-HOM-ULO-BLO-14218af0ed,TK-PB-Drahi_12-d1-HOM-ULO-60e05de704-r2,SS-d9e9642706a1,risk_neutral_expectation,2,TWO_STAGE_RH,PEA,pv,17,20,1,1.0,8.0,0.0,8.699999999999998,16.299999999999997,0.0,0.0,false,0.0,0.0,0.0,0.0,0.0
shared_battery_mode_node_level_v1,SI-Drahi_12-d1-HOM-ULO-BLO-14218af0ed,TK-PB-Drahi_12-d1-HOM-ULO-60e05de704-r2,SS-34ce05b803eb,risk_neutral_expectation,2,TWO_STAGE_RH,PEA,pv,21,21,1,1.0,0.0,0.0,16.299999999999997,16.299999999999997,0.0,0.0,false,0.0,0.0,0.0,0.0,0.0
shared_battery_mode_node_level_v1,SI-Drahi_12-d1-HOM-ULO-BLO-14218af0ed,TK-PB-Drahi_12-d1-HOM-ULO-60e05de704-r2,SS-34ce05b803eb,risk_neutral_expectation,2,TWO_STAGE_RH,PEA,pv,21,22,1,1.0,8.0,0.0,16.299999999999997,23.9,0.0,0.0,false,0.0,0.0,0.0,0.0,0.0
shared_battery_mode_node_level_v1,SI-Drahi_12-d1-HOM-ULO-BLO-14218af0ed,TK-PB-Drahi_12-d1-HOM-ULO-60e05de704-r2,SS-34ce05b803eb,risk_neutral_expectation,2,TWO_STAGE_RH,PEA,pv,21,23,1,1.0,0.0,0.0,23.9,23.9,0.0,0.0,false,0.0,0.0,0.0,0.0,0.0
shared_battery_mode_node_level_v1,SI-Drahi_12-d1-HOM-ULO-BLO-14218af0ed,TK-PB-Drahi_12-d1-HOM-ULO-60e05de704-r2,SS-34ce05b803eb,risk_neutral_expectation,2,TWO_STAGE_RH,PEA,pv,21,24,1,1.0,8.0,0.0,23.9,31.5,0.0,0.0,false,0.0,0.0,0.0,0.0,0.0
shared_battery_mode_node_level_v1,SI-Drahi_12-d1-HOM-ULO-BLO-14218af0ed,TK-PB-Drahi_12-d1-HOM-ULO-60e05de704-r2,SS-34f937f9703a,risk_neutral_expectation,2,TWO_STAGE_RH,SA,savings,1,1,1,1.0,0.0,0.0,0.2,0.2,0.0,0.0,false,0.0,0.0,0.0,0.0,0.0
shared_battery_mode_node_level_v1,SI-Drahi_12-d1-HOM-ULO-BLO-14218af0ed,TK-PB-Drahi_12-d1-HOM-ULO-60e05de704-r2,SS-34f937f9703a,risk_neutral_expectation,2,TWO_STAGE_RH,SA,savings,1,2,1,1.0,0.8642659279778385,0.0,0.2,1.0210526315789465,0.0,0.0,false,0.0,0.0,0.0,0.0,0.0
shared_battery_mode_node_level_v1,SI-Drahi_12-d1-HOM-ULO-BLO-14218af0ed,TK-PB-Drahi_12-d1-HOM-ULO-60e05de704-r2,SS-34f937f9703a,risk_neutral_expectation,2,TWO_STAGE_RH,SA,savings,1,3,1,1.0,0.0,0.0,1.0210526315789465,1.0210526315789465,0.0,0.0,false,0.0,0.0,0.0,0.0,0.0
shared_battery_mode_node_level_v1,SI-Drahi_12-d1-HOM-ULO-BLO-14218af0ed,TK-PB-Drahi_12-d1-HOM-ULO-60e05de704-r2,SS-34f937f9703a,risk_neutral_expectation,2,TWO_STAGE_RH,SA,savings,1,4,1,1.0,8.0,0.0,1.0210526315789465,8.621052631578946,0.0,0.0,false,0.0,0.0,0.0,0.0,0.0
shared_battery_mode_node_level_v1,SI-Drahi_12-d1-HOM-ULO-BLO-14218af0ed,TK-PB-Drahi_12-d1-HOM-ULO-60e05de704-r2,SS-e5e057e5b318,risk_neutral_expectation,2,TWO_STAGE_RH,SA,savings,5,5,1,1.0,0.0,0.0,8.621052631578946,8.621052631578946,0.0,0.0,false,0.0,0.0,0.0,0.0,0.0
shared_battery_mode_node_level_v1,SI-Drahi_12-d1-HOM-ULO-BLO-14218af0ed,TK-PB-Drahi_12-d1-HOM-ULO-60e05de704-r2,SS-e5e057e5b318,risk_neutral_expectation,2,TWO_STAGE_RH,SA,savings,5,6,1,1.0,0.0,0.0,8.621052631578946,8.621052631578946,0.0,0.0,false,0.0,0.0,0.0,0.0,0.0
shared_battery_mode_node_level_v1,SI-Drahi_12-d1-HOM-ULO-BLO-14218af0ed,TK-PB-Drahi_12-d1-HOM-ULO-60e05de704-r2,SS-e5e057e5b318,risk_neutral_expectation,2,TWO_STAGE_RH,SA,savings,5,7,1,0.0,0.0,8.0,8.621052631578946,0.1999999999999993,0.0,0.0,false,0.0,0.0,7.216449660063518e-16,7.216449660063518e-16,0.0
shared_battery_mode_node_level_v1,SI-Drahi_12-d1-HOM-ULO-BLO-14218af0ed,TK-PB-Drahi_12-d1-HOM-ULO-60e05de704-r2,SS-e5e057e5b318,risk_neutral_expectation,2,TWO_STAGE_RH,SA,savings,5,8,1,1.0,0.0,0.0,0.1999999999999993,0.1999999999999993,0.0,0.0,false,0.0,0.0,7.216449660063518e-16,7.216449660063518e-16,0.0
shared_battery_mode_node_level_v1,SI-Drahi_12-d1-HOM-ULO-BLO-14218af0ed,TK-PB-Drahi_12-d1-HOM-ULO-60e05de704-r2,SS-dd27c4cd5d46,risk_neutral_expectation,2,TWO_STAGE_RH,SA,savings,9,9,1,1.0,0.0,0.0,0.1999999999999993,0.1999999999999993,0.0,0.0,false,0.0,0.0,0.0,7.216449660063518e-16,0.0
shared_battery_mode_node_level_v1,SI-Drahi_12-d1-HOM-ULO-BLO-14218af0ed,TK-PB-Drahi_12-d1-HOM-ULO-60e05de704-r2,SS-dd27c4cd5d46,risk_neutral_expectation,2,TWO_STAGE_RH,SA,savings,9,10,1,1.0,0.0,0.0,0.1999999999999993,0.1999999999999993,0.0,0.0,false,0.0,0.0,0.0,7.216449660063518e-16,0.0
shared_battery_mode_node_level_v1,SI-Drahi_12-d1-HOM-ULO-BLO-14218af0ed,TK-PB-Drahi_12-d1-HOM-ULO-60e05de704-r2,SS-dd27c4cd5d46,risk_neutral_expectation,2,TWO_STAGE_RH,SA,savings,9,11,1,1.0,0.9473684210526301,0.0,0.1999999999999993,1.0999999999999979,0.0,0.0,false,0.0,0.0,0.0,0.0,0.0
shared_battery_mode_node_level_v1,SI-Drahi_12-d1-HOM-ULO-BLO-14218af0ed,TK-PB-Drahi_12-d1-HOM-ULO-60e05de704-r2,SS-dd27c4cd5d46,risk_neutral_expectation,2,TWO_STAGE_RH,SA,savings,9,12,1,1.0,0.0,0.0,1.0999999999999979,1.0999999999999979,0.0,0.0,false,0.0,0.0,0.0,0.0,0.0
shared_battery_mode_node_level_v1,SI-Drahi_12-d1-HOM-ULO-BLO-14218af0ed,TK-PB-Drahi_12-d1-HOM-ULO-60e05de704-r2,SS-ab7d85e13b5a,risk_neutral_expectation,2,TWO_STAGE_RH,SA,savings,13,13,1,1.0,0.0,0.0,1.0999999999999979,1.0999999999999979,0.0,0.0,false,0.0,0.0,0.0,0.0,0.0
shared_battery_mode_node_level_v1,SI-Drahi_12-d1-HOM-ULO-BLO-14218af0ed,TK-PB-Drahi_12-d1-HOM-ULO-60e05de704-r2,SS-ab7d85e13b5a,risk_neutral_expectation,2,TWO_STAGE_RH,SA,savings,13,14,1,1.0,0.0,0.0,1.0999999999999979,1.0999999999999979,0.0,0.0,false,0.0,0.0,0.0,0.0,0.0
shared_battery_mode_node_level_v1,SI-Drahi_12-d1-HOM-ULO-BLO-14218af0ed,TK-PB-Drahi_12-d1-HOM-ULO-60e05de704-r2,SS-ab7d85e13b5a,risk_neutral_expectation,2,TWO_STAGE_RH,SA,savings,13,15,1,1.0,0.0,0.0,1.0999999999999979,1.0999999999999979,0.0,0.0,false,0.0,0.0,0.0,0.0,0.0
shared_battery_mode_node_level_v1,SI-Drahi_12-d1-HOM-ULO-BLO-14218af0ed,TK-PB-Drahi_12-d1-HOM-ULO-60e05de704-r2,SS-ab7d85e13b5a,risk_neutral_expectation,2,TWO_STAGE_RH,SA,savings,13,16,1,1.0,8.0,0.0,1.0999999999999979,8.699999999999998,0.0,0.0,false,0.0,0.0,0.0,0.0,0.0
shared_battery_mode_node_level_v1,SI-Drahi_12-d1-HOM-ULO-BLO-14218af0ed,TK-PB-Drahi_12-d1-HOM-ULO-60e05de704-r2,SS-d9e9642706a1,risk_neutral_expectation,2,TWO_STAGE_RH,SA,savings,17,17,1,1.0,0.0,0.0,8.699999999999998,8.699999999999998,0.0,0.0,false,0.0,0.0,0.0,0.0,0.0
shared_battery_mode_node_level_v1,SI-Drahi_12-d1-HOM-ULO-BLO-14218af0ed,TK-PB-Drahi_12-d1-HOM-ULO-60e05de704-r2,SS-d9e9642706a1,risk_neutral_expectation,2,TWO_STAGE_RH,SA,savings,17,18,1,1.0,0.0,0.0,8.699999999999998,8.699999999999998,0.0,0.0,false,0.0,0.0,0.0,0.0,0.0
shared_battery_mode_node_level_v1,SI-Drahi_12-d1-HOM-ULO-BLO-14218af0ed,TK-PB-Drahi_12-d1-HOM-ULO-60e05de704-r2,SS-d9e9642706a1,risk_neutral_expectation,2,TWO_STAGE_RH,SA,savings,17,19,1,1.0,0.0,0.0,8.699999999999998,8.699999999999998,0.0,0.0,false,0.0,0.0,0.0,0.0,0.0
shared_battery_mode_node_level_v1,SI-Drahi_12-d1-HOM-ULO-BLO-14218af0ed,TK-PB-Drahi_12-d1-HOM-ULO-60e05de704-r2,SS-d9e9642706a1,risk_neutral_expectation,2,TWO_STAGE_RH,SA,savings,17,20,1,1.0,8.0,0.0,8.699999999999998,16.299999999999997,0.0,0.0,false,0.0,0.0,0.0,0.0,0.0
shared_battery_mode_node_level_v1,SI-Drahi_12-d1-HOM-ULO-BLO-14218af0ed,TK-PB-Drahi_12-d1-HOM-ULO-60e05de704-r2,SS-34ce05b803eb,risk_neutral_expectation,2,TWO_STAGE_RH,SA,savings,21,21,1,1.0,0.0,0.0,16.299999999999997,16.299999999999997,0.0,0.0,false,0.0,0.0,0.0,0.0,0.0
shared_battery_mode_node_level_v1,SI-Drahi_12-d1-HOM-ULO-BLO-14218af0ed,TK-PB-Drahi_12-d1-HOM-ULO-60e05de704-r2,SS-34ce05b803eb,risk_neutral_expectation,2,TWO_STAGE_RH,SA,savings,21,22,1,1.0,8.0,0.0,16.299999999999997,23.9,0.0,0.0,false,0.0,0.0,0.0,0.0,0.0
shared_battery_mode_node_level_v1,SI-Drahi_12-d1-HOM-ULO-BLO-14218af0ed,TK-PB-Drahi_12-d1-HOM-ULO-60e05de704-r2,SS-34ce05b803eb,risk_neutral_expectation,2,TWO_STAGE_RH,SA,savings,21,23,1,1.0,0.0,0.0,23.9,23.9,0.0,0.0,false,0.0,0.0,0.0,0.0,0.0
shared_battery_mode_node_level_v1,SI-Drahi_12-d1-HOM-ULO-BLO-14218af0ed,TK-PB-Drahi_12-d1-HOM-ULO-60e05de704-r2,SS-34ce05b803eb,risk_neutral_expectation,2,TWO_STAGE_RH,SA,savings,21,24,1,1.0,8.000000000000004,0.0,23.9,31.5,3.552713678800501e-15,0.0,false,0.0,0.0,0.0,0.0,0.0
shared_battery_mode_node_level_v1,SI-Drahi_12-d1-HOM-ULO-BLO-14218af0ed,TK-PB-Drahi_12-d1-HOM-ULO-60e05de704-r2,SS-34f937f9703a,risk_neutral_expectation,2,TWO_STAGE_RH,STATIC_DEMAND_SHARE,pv,1,1,1,1.0,0.0,0.0,0.2,0.2,0.0,0.0,false,0.0,0.0,0.0,0.0,0.0
shared_battery_mode_node_level_v1,SI-Drahi_12-d1-HOM-ULO-BLO-14218af0ed,TK-PB-Drahi_12-d1-HOM-ULO-60e05de704-r2,SS-34f937f9703a,risk_neutral_expectation,2,TWO_STAGE_RH,STATIC_DEMAND_SHARE,pv,1,2,1,1.0,0.8642659279778384,0.0,0.2,1.0210526315789465,0.0,0.0,false,0.0,0.0,0.0,0.0,0.0
shared_battery_mode_node_level_v1,SI-Drahi_12-d1-HOM-ULO-BLO-14218af0ed,TK-PB-Drahi_12-d1-HOM-ULO-60e05de704-r2,SS-34f937f9703a,risk_neutral_expectation,2,TWO_STAGE_RH,STATIC_DEMAND_SHARE,pv,1,3,1,1.0,0.0,0.0,1.0210526315789465,1.0210526315789465,0.0,0.0,false,0.0,0.0,0.0,0.0,0.0
shared_battery_mode_node_level_v1,SI-Drahi_12-d1-HOM-ULO-BLO-14218af0ed,TK-PB-Drahi_12-d1-HOM-ULO-60e05de704-r2,SS-34f937f9703a,risk_neutral_expectation,2,TWO_STAGE_RH,STATIC_DEMAND_SHARE,pv,1,4,1,1.0,8.0,0.0,1.0210526315789465,8.621052631578946,0.0,0.0,false,0.0,0.0,0.0,0.0,0.0
shared_battery_mode_node_level_v1,SI-Drahi_12-d1-HOM-ULO-BLO-14218af0ed,TK-PB-Drahi_12-d1-HOM-ULO-60e05de704-r2,SS-e5e057e5b318,risk_neutral_expectation,2,TWO_STAGE_RH,STATIC_DEMAND_SHARE,pv,5,5,1,1.0,0.0,0.0,8.621052631578946,8.621052631578946,0.0,0.0,false,0.0,0.0,0.0,0.0,0.0
shared_battery_mode_node_level_v1,SI-Drahi_12-d1-HOM-ULO-BLO-14218af0ed,TK-PB-Drahi_12-d1-HOM-ULO-60e05de704-r2,SS-e5e057e5b318,risk_neutral_expectation,2,TWO_STAGE_RH,STATIC_DEMAND_SHARE,pv,5,6,1,1.0,0.0,0.0,8.621052631578946,8.621052631578946,0.0,0.0,false,0.0,0.0,0.0,0.0,0.0
shared_battery_mode_node_level_v1,SI-Drahi_12-d1-HOM-ULO-BLO-14218af0ed,TK-PB-Drahi_12-d1-HOM-ULO-60e05de704-r2,SS-e5e057e5b318,risk_neutral_expectation,2,TWO_STAGE_RH,STATIC_DEMAND_SHARE,pv,5,7,1,0.0,0.0,8.0,8.621052631578946,0.1999999999999993,0.0,0.0,false,0.0,0.0,7.216449660063518e-16,7.216449660063518e-16,0.0
shared_battery_mode_node_level_v1,SI-Drahi_12-d1-HOM-ULO-BLO-14218af0ed,TK-PB-Drahi_12-d1-HOM-ULO-60e05de704-r2,SS-e5e057e5b318,risk_neutral_expectation,2,TWO_STAGE_RH,STATIC_DEMAND_SHARE,pv,5,8,1,1.0,0.0,0.0,0.1999999999999993,0.1999999999999993,0.0,0.0,false,0.0,0.0,7.216449660063518e-16,7.216449660063518e-16,0.0
shared_battery_mode_node_level_v1,SI-Drahi_12-d1-HOM-ULO-BLO-14218af0ed,TK-PB-Drahi_12-d1-HOM-ULO-60e05de704-r2,SS-dd27c4cd5d46,risk_neutral_expectation,2,TWO_STAGE_RH,STATIC_DEMAND_SHARE,pv,9,9,1,1.0,0.0,0.0,0.1999999999999993,0.1999999999999993,0.0,0.0,false,0.0,0.0,0.0,7.216449660063518e-16,0.0
shared_battery_mode_node_level_v1,SI-Drahi_12-d1-HOM-ULO-BLO-14218af0ed,TK-PB-Drahi_12-d1-HOM-ULO-60e05de704-r2,SS-dd27c4cd5d46,risk_neutral_expectation,2,TWO_STAGE_RH,STATIC_DEMAND_SHARE,pv,9,10,1,1.0,0.0,0.0,0.1999999999999993,0.1999999999999993,0.0,0.0,false,0.0,0.0,0.0,7.216449660063518e-16,0.0
shared_battery_mode_node_level_v1,SI-Drahi_12-d1-HOM-ULO-BLO-14218af0ed,TK-PB-Drahi_12-d1-HOM-ULO-60e05de704-r2,SS-dd27c4cd5d46,risk_neutral_expectation,2,TWO_STAGE_RH,STATIC_DEMAND_SHARE,pv,9,11,1,1.0,0.94736842105263,0.0,0.1999999999999993,1.0999999999999979,0.0,0.0,false,0.0,0.0,0.0,0.0,0.0
shared_battery_mode_node_level_v1,SI-Drahi_12-d1-HOM-ULO-BLO-14218af0ed,TK-PB-Drahi_12-d1-HOM-ULO-60e05de704-r2,SS-dd27c4cd5d46,risk_neutral_expectation,2,TWO_STAGE_RH,STATIC_DEMAND_SHARE,pv,9,12,1,1.0,0.0,0.0,1.0999999999999979,1.0999999999999979,0.0,0.0,false,0.0,0.0,0.0,0.0,0.0
shared_battery_mode_node_level_v1,SI-Drahi_12-d1-HOM-ULO-BLO-14218af0ed,TK-PB-Drahi_12-d1-HOM-ULO-60e05de704-r2,SS-ab7d85e13b5a,risk_neutral_expectation,2,TWO_STAGE_RH,STATIC_DEMAND_SHARE,pv,13,13,1,1.0,0.0,0.0,1.0999999999999979,1.0999999999999979,0.0,0.0,false,0.0,0.0,0.0,0.0,0.0
shared_battery_mode_node_level_v1,SI-Drahi_12-d1-HOM-ULO-BLO-14218af0ed,TK-PB-Drahi_12-d1-HOM-ULO-60e05de704-r2,SS-ab7d85e13b5a,risk_neutral_expectation,2,TWO_STAGE_RH,STATIC_DEMAND_SHARE,pv,13,14,1,1.0,0.0,0.0,1.0999999999999979,1.0999999999999979,0.0,0.0,false,0.0,0.0,0.0,0.0,0.0
shared_battery_mode_node_level_v1,SI-Drahi_12-d1-HOM-ULO-BLO-14218af0ed,TK-PB-Drahi_12-d1-HOM-ULO-60e05de704-r2,SS-ab7d85e13b5a,risk_neutral_expectation,2,TWO_STAGE_RH,STATIC_DEMAND_SHARE,pv,13,15,1,1.0,0.0,0.0,1.0999999999999979,1.0999999999999979,0.0,0.0,false,0.0,0.0,0.0,0.0,0.0
shared_battery_mode_node_level_v1,SI-Drahi_12-d1-HOM-ULO-BLO-14218af0ed,TK-PB-Drahi_12-d1-HOM-ULO-60e05de704-r2,SS-ab7d85e13b5a,risk_neutral_expectation,2,TWO_STAGE_RH,STATIC_DEMAND_SHARE,pv,13,16,1,1.0,8.0,0.0,1.0999999999999979,8.699999999999998,0.0,0.0,false,0.0,0.0,0.0,0.0,0.0
shared_battery_mode_node_level_v1,SI-Drahi_12-d1-HOM-ULO-BLO-14218af0ed,TK-PB-Drahi_12-d1-HOM-ULO-60e05de704-r2,SS-d9e9642706a1,risk_neutral_expectation,2,TWO_STAGE_RH,STATIC_DEMAND_SHARE,pv,17,17,1,1.0,0.0,0.0,8.699999999999998,8.699999999999998,0.0,0.0,false,0.0,0.0,0.0,0.0,0.0
shared_battery_mode_node_level_v1,SI-Drahi_12-d1-HOM-ULO-BLO-14218af0ed,TK-PB-Drahi_12-d1-HOM-ULO-60e05de704-r2,SS-d9e9642706a1,risk_neutral_expectation,2,TWO_STAGE_RH,STATIC_DEMAND_SHARE,pv,17,18,1,1.0,0.0,0.0,8.699999999999998,8.699999999999998,0.0,0.0,false,0.0,0.0,0.0,0.0,0.0
shared_battery_mode_node_level_v1,SI-Drahi_12-d1-HOM-ULO-BLO-14218af0ed,TK-PB-Drahi_12-d1-HOM-ULO-60e05de704-r2,SS-d9e9642706a1,risk_neutral_expectation,2,TWO_STAGE_RH,STATIC_DEMAND_SHARE,pv,17,19,1,1.0,0.0,0.0,8.699999999999998,8.699999999999998,0.0,0.0,false,0.0,0.0,0.0,0.0,0.0
shared_battery_mode_node_level_v1,SI-Drahi_12-d1-HOM-ULO-BLO-14218af0ed,TK-PB-Drahi_12-d1-HOM-ULO-60e05de704-r2,SS-d9e9642706a1,risk_neutral_expectation,2,TWO_STAGE_RH,STATIC_DEMAND_SHARE,pv,17,20,1,1.0,8.0,0.0,8.699999999999998,16.299999999999997,0.0,0.0,false,0.0,0.0,0.0,0.0,0.0
shared_battery_mode_node_level_v1,SI-Drahi_12-d1-HOM-ULO-BLO-14218af0ed,TK-PB-Drahi_12-d1-HOM-ULO-60e05de704-r2,SS-34ce05b803eb,risk_neutral_expectation,2,TWO_STAGE_RH,STATIC_DEMAND_SHARE,pv,21,21,1,1.0,0.0,0.0,16.299999999999997,16.299999999999997,0.0,0.0,false,0.0,0.0,0.0,0.0,0.0
shared_battery_mode_node_level_v1,SI-Drahi_12-d1-HOM-ULO-BLO-14218af0ed,TK-PB-Drahi_12-d1-HOM-ULO-60e05de704-r2,SS-34ce05b803eb,risk_neutral_expectation,2,TWO_STAGE_RH,STATIC_DEMAND_SHARE,pv,21,22,1,1.0,8.0,0.0,16.299999999999997,23.9,0.0,0.0,false,0.0,0.0,0.0,0.0,0.0
shared_battery_mode_node_level_v1,SI-Drahi_12-d1-HOM-ULO-BLO-14218af0ed,TK-PB-Drahi_12-d1-HOM-ULO-60e05de704-r2,SS-34ce05b803eb,risk_neutral_expectation,2,TWO_STAGE_RH,STATIC_DEMAND_SHARE,pv,21,23,1,1.0,0.0,0.0,23.9,23.9,0.0,0.0,false,0.0,0.0,0.0,0.0,0.0
shared_battery_mode_node_level_v1,SI-Drahi_12-d1-HOM-ULO-BLO-14218af0ed,TK-PB-Drahi_12-d1-HOM-ULO-60e05de704-r2,SS-34ce05b803eb,risk_neutral_expectation,2,TWO_STAGE_RH,STATIC_DEMAND_SHARE,pv,21,24,1,1.0,8.0,0.0,23.9,31.5,0.0,0.0,false,0.0,0.0,0.0,0.0,0.0
