ExperimentID,ParallelTaskID,Replication,Controller,Fairness,Period,Phase,PhaseLabel,BuildTimeSec,SolveWallTimeSec,SolverTimeSec,PeakMemoryMB
oos_experiment,TK-PB-Drahi_17-d1-HET-ULO-8c673aa6e5-r4,4,DETERMINISTIC_RH,LEXMMFPEA,1,1,lex_phase_1,0.0018301010131835938,0.0025119781494140625,0.0012559890747070312,2076.71484375
oos_experiment,TK-PB-Drahi_17-d1-HET-ULO-8c673aa6e5-r4,4,DETERMINISTIC_RH,LEXMMFPEA,1,1,lex_phase_1,0.0024619102478027344,0.004602909088134766,0.0024149417877197266,2076.71484375
oos_experiment,TK-PB-Drahi_17-d1-HET-ULO-8c673aa6e5-r4,4,DETERMINISTIC_RH,LEXMMFPEA,1,2,lex_phase_2,0.0018301010131835938,0.0006058216094970703,0.0005850791931152344,2076.71484375
oos_experiment,TK-PB-Drahi_17-d1-HET-ULO-8c673aa6e5-r4,4,DETERMINISTIC_RH,LEXMMFPEA,1,2,lex_phase_2,0.0024619102478027344,0.0012469291687011719,0.0012087821960449219,2076.71484375
oos_experiment,TK-PB-Drahi_17-d1-HET-ULO-8c673aa6e5-r4,4,DETERMINISTIC_RH,LEXMMFPEA,1,3,lex_phase_3,0.0018301010131835938,0.00043392181396484375,0.0004191398620605469,2076.71484375
oos_experiment,TK-PB-Drahi_17-d1-HET-ULO-8c673aa6e5-r4,4,DETERMINISTIC_RH,LEXMMFPEA,1,3,lex_phase_3,0.0024619102478027344,0.0011830329895019531,0.0011451244354248047,2076.71484375
oos_experiment,TK-PB-Drahi_17-d1-HET-ULO-8c673aa6e5-r4,4,DETERMINISTIC_RH,LEXMMFPEA,1,4,lex_phase_4,0.0018301010131835938,0.0004849433898925781,0.00046515464782714844,2076.71484375
oos_experiment,TK-PB-Drahi_17-d1-HET-ULO-8c673aa6e5-r4,4,DETERMINISTIC_RH,LEXMMFPEA,1,4,lex_phase_4,0.0024619102478027344,0.0011661052703857422,0.0011289119720458984,2076.71484375
oos_experiment,TK-PB-Drahi_17-d1-HET-ULO-8c673aa6e5-r4,4,DETERMINISTIC_RH,LEXMMFPEA,1,5,lex_phase_5,0.0018301010131835938,0.00044798851013183594,0.0004298686981201172,2076.71484375
oos_experiment,TK-PB-Drahi_17-d1-HET-ULO-8c673aa6e5-r4,4,DETERMINISTIC_RH,LEXMMFPEA,1,5,lex_phase_5,0.0024619102478027344,0.001135110855102539,0.0010960102081298828,2076.71484375
oos_experiment,TK-PB-Drahi_17-d1-HET-ULO-8c673aa6e5-r4,4,DETERMINISTIC_RH,LEXMMFPEA,1,6,economic_tie_break,0.0018301010131835938,0.0009739398956298828,0.0009582042694091797,2076.71484375
oos_experiment,TK-PB-Drahi_17-d1-HET-ULO-8c673aa6e5-r4,4,DETERMINISTIC_RH,LEXMMFPEA,1,6,economic_tie_break,0.0024619102478027344,0.0018260478973388672,0.0017819404602050781,2076.71484375
oos_experiment,TK-PB-Drahi_17-d1-HET-ULO-8c673aa6e5-r4,4,DETERMINISTIC_RH,LEXMMFPEA,2,1,lex_phase_1,0.0018301010131835938,0.0025119781494140625,0.0012559890747070312,2076.71484375
oos_experiment,TK-PB-Drahi_17-d1-HET-ULO-8c673aa6e5-r4,4,DETERMINISTIC_RH,LEXMMFPEA,2,1,lex_phase_1,0.0024619102478027344,0.004602909088134766,0.0024149417877197266,2076.71484375
oos_experiment,TK-PB-Drahi_17-d1-HET-ULO-8c673aa6e5-r4,4,DETERMINISTIC_RH,LEXMMFPEA,2,2,lex_phase_2,0.0018301010131835938,0.0006058216094970703,0.0005850791931152344,2076.71484375
oos_experiment,TK-PB-Drahi_17-d1-HET-ULO-8c673aa6e5-r4,4,DETERMINISTIC_RH,LEXMMFPEA,2,2,lex_phase_2,0.0024619102478027344,0.0012469291687011719,0.0012087821960449219,2076.71484375
oos_experiment,TK-PB-Drahi_17-d1-HET-ULO-8c673aa6e5-r4,4,DETERMINISTIC_RH,LEXMMFPEA,2,3,lex_phase_3,0.0018301010131835938,0.00043392181396484375,0.0004191398620605469,2076.71484375
oos_experiment,TK-PB-Drahi_17-d1-HET-ULO-8c673aa6e5-r4,4,DETERMINISTIC_RH,LEXMMFPEA,2,3,lex_phase_3,0.0024619102478027344,0.0011830329895019531,0.0011451244354248047,2076.71484375
oos_experiment,TK-PB-Drahi_17-d1-HET-ULO-8c673aa6e5-r4,4,DETERMINISTIC_RH,LEXMMFPEA,2,4,lex_phase_4,0.0018301010131835938,0.0004849433898925781,0.00046515464782714844,2076.71484375
oos_experiment,TK-PB-Drahi_17-d1-HET-ULO-8c673aa6e5-r4,4,DETERMINISTIC_RH,LEXMMFPEA,2,4,lex_phase_4,0.0024619102478027344,0.0011661052703857422,0.0011289119720458984,2076.71484375
oos_experiment,TK-PB-Drahi_17-d1-HET-ULO-8c673aa6e5-r4,4,DETERMINISTIC_RH,LEXMMFPEA,2,5,lex_phase_5,0.0018301010131835938,0.00044798851013183594,0.0004298686981201172,2076.71484375
oos_experiment,TK-PB-Drahi_17-d1-HET-ULO-8c673aa6e5-r4,4,DETERMINISTIC_RH,LEXMMFPEA,2,5,lex_phase_5,0.0024619102478027344,0.001135110855102539,0.0010960102081298828,2076.71484375
oos_experiment,TK-PB-Drahi_17-d1-HET-ULO-8c673aa6e5-r4,4,DETERMINISTIC_RH,LEXMMFPEA,2,6,economic_tie_break,0.0018301010131835938,0.0009739398956298828,0.0009582042694091797,2076.71484375
oos_experiment,TK-PB-Drahi_17-d1-HET-ULO-8c673aa6e5-r4,4,DETERMINISTIC_RH,LEXMMFPEA,2,6,economic_tie_break,0.0024619102478027344,0.0018260478973388672,0.0017819404602050781,2076.71484375
oos_experiment,TK-PB-Drahi_17-d1-HET-ULO-8c673aa6e5-r4,4,DETERMINISTIC_RH,LEXMMFPEA,3,1,lex_phase_1,0.0018301010131835938,0.0025119781494140625,0.0012559890747070312,2076.71484375
oos_experiment,TK-PB-Drahi_17-d1-HET-ULO-8c673aa6e5-r4,4,DETERMINISTIC_RH,LEXMMFPEA,3,1,lex_phase_1,0.0024619102478027344,0.004602909088134766,0.0024149417877197266,2076.71484375
oos_experiment,TK-PB-Drahi_17-d1-HET-ULO-8c673aa6e5-r4,4,DETERMINISTIC_RH,LEXMMFPEA,3,2,lex_phase_2,0.0018301010131835938,0.0006058216094970703,0.0005850791931152344,2076.71484375
oos_experiment,TK-PB-Drahi_17-d1-HET-ULO-8c673aa6e5-r4,4,DETERMINISTIC_RH,LEXMMFPEA,3,2,lex_phase_2,0.0024619102478027344,0.0012469291687011719,0.0012087821960449219,2076.71484375
oos_experiment,TK-PB-Drahi_17-d1-HET-ULO-8c673aa6e5-r4,4,DETERMINISTIC_RH,LEXMMFPEA,3,3,lex_phase_3,0.0018301010131835938,0.00043392181396484375,0.0004191398620605469,2076.71484375
oos_experiment,TK-PB-Drahi_17-d1-HET-ULO-8c673aa6e5-r4,4,DETERMINISTIC_RH,LEXMMFPEA,3,3,lex_phase_3,0.0024619102478027344,0.0011830329895019531,0.0011451244354248047,2076.71484375
oos_experiment,TK-PB-Drahi_17-d1-HET-ULO-8c673aa6e5-r4,4,DETERMINISTIC_RH,LEXMMFPEA,3,4,lex_phase_4,0.0018301010131835938,0.0004849433898925781,0.00046515464782714844,2076.71484375
oos_experiment,TK-PB-Drahi_17-d1-HET-ULO-8c673aa6e5-r4,4,DETERMINISTIC_RH,LEXMMFPEA,3,4,lex_phase_4,0.0024619102478027344,0.0011661052703857422,0.0011289119720458984,2076.71484375
oos_experiment,TK-PB-Drahi_17-d1-HET-ULO-8c673aa6e5-r4,4,DETERMINISTIC_RH,LEXMMFPEA,3,5,lex_phase_5,0.0018301010131835938,0.00044798851013183594,0.0004298686981201172,2076.71484375
oos_experiment,TK-PB-Drahi_17-d1-HET-ULO-8c673aa6e5-r4,4,DETERMINISTIC_RH,LEXMMFPEA,3,5,lex_phase_5,0.0024619102478027344,0.001135110855102539,0.0010960102081298828,2076.71484375
oos_experiment,TK-PB-Drahi_17-d1-HET-ULO-8c673aa6e5-r4,4,DETERMINISTIC_RH,LEXMMFPEA,3,6,economic_tie_break,0.0018301010131835938,0.0009739398956298828,0.0009582042694091797,2076.71484375
oos_experiment,TK-PB-Drahi_17-d1-HET-ULO-8c673aa6e5-r4,4,DETERMINISTIC_RH,LEXMMFPEA,3,6,economic_tie_break,0.0024619102478027344,0.0018260478973388672,0.0017819404602050781,2076.71484375
oos_experiment,TK-PB-Drahi_17-d1-HET-ULO-8c673aa6e5-r4,4,DETERMINISTIC_RH,LEXMMFPEA,4,1,lex_phase_1,0.0018301010131835938,0.0025119781494140625,0.0012559890747070312,2076.71484375
oos_experiment,TK-PB-Drahi_17-d1-HET-ULO-8c673aa6e5-r4,4,DETERMINISTIC_RH,LEXMMFPEA,4,1,lex_phase_1,0.0024619102478027344,0.004602909088134766,0.0024149417877197266,2076.71484375
oos_experiment,TK-PB-Drahi_17-d1-HET-ULO-8c673aa6e5-r4,4,DETERMINISTIC_RH,LEXMMFPEA,4,2,lex_phase_2,0.0018301010131835938,0.0006058216094970703,0.0005850791931152344,2076.71484375
oos_experiment,TK-PB-Drahi_17-d1-HET-ULO-8c673aa6e5-r4,4,DETERMINISTIC_RH,LEXMMFPEA,4,2,lex_phase_2,0.0024619102478027344,0.0012469291687011719,0.0012087821960449219,2076.71484375
oos_experiment,TK-PB-Drahi_17-d1-HET-ULO-8c673aa6e5-r4,4,DETERMINISTIC_RH,LEXMMFPEA,4,3,lex_phase_3,0.0018301010131835938,0.00043392181396484375,0.0004191398620605469,2076.71484375
oos_experiment,TK-PB-Drahi_17-d1-HET-ULO-8c673aa6e5-r4,4,DETERMINISTIC_RH,LEXMMFPEA,4,3,lex_phase_3,0.0024619102478027344,0.0011830329895019531,0.0011451244354248047,2076.71484375
oos_experiment,TK-PB-Drahi_17-d1-HET-ULO-8c673aa6e5-r4,4,DETERMINISTIC_RH,LEXMMFPEA,4,4,lex_phase_4,0.0018301010131835938,0.0004849433898925781,0.00046515464782714844,2076.71484375
oos_experiment,TK-PB-Drahi_17-d1-HET-ULO-8c673aa6e5-r4,4,DETERMINISTIC_RH,LEXMMFPEA,4,4,lex_phase_4,0.0024619102478027344,0.0011661052703857422,0.0011289119720458984,2076.71484375
oos_experiment,TK-PB-Drahi_17-d1-HET-ULO-8c673aa6e5-r4,4,DETERMINISTIC_RH,LEXMMFPEA,4,5,lex_phase_5,0.0018301010131835938,0.00044798851013183594,0.0004298686981201172,2076.71484375
oos_experiment,TK-PB-Drahi_17-d1-HET-ULO-8c673aa6e5-r4,4,DETERMINISTIC_RH,LEXMMFPEA,4,5,lex_phase_5,0.0024619102478027344,0.001135110855102539,0.0010960102081298828,2076.71484375
oos_experiment,TK-PB-Drahi_17-d1-HET-ULO-8c673aa6e5-r4,4,DETERMINISTIC_RH,LEXMMFPEA,4,6,economic_tie_break,0.0018301010131835938,0.0009739398956298828,0.0009582042694091797,2076.71484375
oos_experiment,TK-PB-Drahi_17-d1-HET-ULO-8c673aa6e5-r4,4,DETERMINISTIC_RH,LEXMMFPEA,4,6,economic_tie_break,0.0024619102478027344,0.0018260478973388672,0.0017819404602050781,2076.71484375
oos_experiment,TK-PB-Drahi_17-d1-HET-ULO-8c673aa6e5-r4,4,DETERMINISTIC_RH,LEXMMFPEA,5,1,lex_phase_1,0.0018160343170166016,0.0028319358825683594,0.001361846923828125,2076.71484375
oos_experiment,TK-PB-Drahi_17-d1-HET-ULO-8c673aa6e5-r4,4,DETERMINISTIC_RH,LEXMMFPEA,5,1,lex_phase_1,0.002496004104614258,0.004084110260009766,0.0019001960754394531,2076.71484375
oos_experiment,TK-PB-Drahi_17-d1-HET-ULO-8c673aa6e5-r4,4,DETERMINISTIC_RH,LEXMMFPEA,5,2,lex_phase_2,0.0018160343170166016,0.0006120204925537109,0.0005869865417480469,2076.71484375
oos_experiment,TK-PB-Drahi_17-d1-HET-ULO-8c673aa6e5-r4,4,DETERMINISTIC_RH,LEXMMFPEA,5,2,lex_phase_2,0.002496004104614258,0.0008280277252197266,0.0007989406585693359,2076.71484375
oos_experiment,TK-PB-Drahi_17-d1-HET-ULO-8c673aa6e5-r4,4,DETERMINISTIC_RH,LEXMMFPEA,5,3,lex_phase_3,0.0018160343170166016,0.0005619525909423828,0.0005400180816650391,2076.71484375
oos_experiment,TK-PB-Drahi_17-d1-HET-ULO-8c673aa6e5-r4,4,DETERMINISTIC_RH,LEXMMFPEA,5,3,lex_phase_3,0.002496004104614258,0.0008070468902587891,0.0007779598236083984,2076.71484375
oos_experiment,TK-PB-Drahi_17-d1-HET-ULO-8c673aa6e5-r4,4,DETERMINISTIC_RH,LEXMMFPEA,5,4,lex_phase_4,0.0018160343170166016,0.0004899501800537109,0.0004730224609375,2076.71484375
oos_experiment,TK-PB-Drahi_17-d1-HET-ULO-8c673aa6e5-r4,4,DETERMINISTIC_RH,LEXMMFPEA,5,4,lex_phase_4,0.002496004104614258,0.0007371902465820312,0.0007109642028808594,2076.71484375
oos_experiment,TK-PB-Drahi_17-d1-HET-ULO-8c673aa6e5-r4,4,DETERMINISTIC_RH,LEXMMFPEA,5,5,lex_phase_5,0.0018160343170166016,0.0004458427429199219,0.00043201446533203125,2076.71484375
oos_experiment,TK-PB-Drahi_17-d1-HET-ULO-8c673aa6e5-r4,4,DETERMINISTIC_RH,LEXMMFPEA,5,5,lex_phase_5,0.002496004104614258,0.0007679462432861328,0.00074005126953125,2076.71484375
oos_experiment,TK-PB-Drahi_17-d1-HET-ULO-8c673aa6e5-r4,4,DETERMINISTIC_RH,LEXMMFPEA,5,6,economic_tie_break,0.0018160343170166016,0.001007080078125,0.000993967056274414,2076.71484375
oos_experiment,TK-PB-Drahi_17-d1-HET-ULO-8c673aa6e5-r4,4,DETERMINISTIC_RH,LEXMMFPEA,5,6,economic_tie_break,0.002496004104614258,0.0015540122985839844,0.0015249252319335938,2076.71484375
oos_experiment,TK-PB-Drahi_17-d1-HET-ULO-8c673aa6e5-r4,4,DETERMINISTIC_RH,LEXMMFPEA,6,1,lex_phase_1,0.0018160343170166016,0.0028319358825683594,0.001361846923828125,2076.71484375
oos_experiment,TK-PB-Drahi_17-d1-HET-ULO-8c673aa6e5-r4,4,DETERMINISTIC_RH,LEXMMFPEA,6,1,lex_phase_1,0.002496004104614258,0.004084110260009766,0.0019001960754394531,2076.71484375
oos_experiment,TK-PB-Drahi_17-d1-HET-ULO-8c673aa6e5-r4,4,DETERMINISTIC_RH,LEXMMFPEA,6,2,lex_phase_2,0.0018160343170166016,0.0006120204925537109,0.0005869865417480469,2076.71484375
oos_experiment,TK-PB-Drahi_17-d1-HET-ULO-8c673aa6e5-r4,4,DETERMINISTIC_RH,LEXMMFPEA,6,2,lex_phase_2,0.002496004104614258,0.0008280277252197266,0.0007989406585693359,2076.71484375
oos_experiment,TK-PB-Drahi_17-d1-HET-ULO-8c673aa6e5-r4,4,DETERMINISTIC_RH,LEXMMFPEA,6,3,lex_phase_3,0.0018160343170166016,0.0005619525909423828,0.0005400180816650391,2076.71484375
oos_experiment,TK-PB-Drahi_17-d1-HET-ULO-8c673aa6e5-r4,4,DETERMINISTIC_RH,LEXMMFPEA,6,3,lex_phase_3,0.002496004104614258,0.0008070468902587891,0.0007779598236083984,2076.71484375
oos_experiment,TK-PB-Drahi_17-d1-HET-ULO-8c673aa6e5-r4,4,DETERMINISTIC_RH,LEXMMFPEA,6,4,lex_phase_4,0.0018160343170166016,0.0004899501800537109,0.0004730224609375,2076.71484375
oos_experiment,TK-PB-Drahi_17-d1-HET-ULO-8c673aa6e5-r4,4,DETERMINISTIC_RH,LEXMMFPEA,6,4,lex_phase_4,0.002496004104614258,0.0007371902465820312,0.0007109642028808594,2076.71484375
oos_experiment,TK-PB-Drahi_17-d1-HET-ULO-8c673aa6e5-r4,4,DETERMINISTIC_RH,LEXMMFPEA,6,5,lex_phase_5,0.0018160343170166016,0.0004458427429199219,0.00043201446533203125,2076.71484375
oos_experiment,TK-PB-Drahi_17-d1-HET-ULO-8c673aa6e5-r4,4,DETERMINISTIC_RH,LEXMMFPEA,6,5,lex_phase_5,0.002496004104614258,0.0007679462432861328,0.00074005126953125,2076.71484375
oos_experiment,TK-PB-Drahi_17-d1-HET-ULO-8c673aa6e5-r4,4,DETERMINISTIC_RH,LEXMMFPEA,6,6,economic_tie_break,0.0018160343170166016,0.001007080078125,0.000993967056274414,2076.71484375
oos_experiment,TK-PB-Drahi_17-d1-HET-ULO-8c673aa6e5-r4,4,DETERMINISTIC_RH,LEXMMFPEA,6,6,economic_tie_break,0.002496004104614258,0.0015540122985839844,0.0015249252319335938,2076.71484375
oos_experiment,TK-PB-Drahi_17-d1-HET-ULO-8c673aa6e5-r4,4,DETERMINISTIC_RH,LEXMMFPEA,7,1,lex_phase_1,0.0018160343170166016,0.0028319358825683594,0.001361846923828125,2076.71484375
oos_experiment,TK-PB-Drahi_17-d1-HET-ULO-8c673aa6e5-r4,4,DETERMINISTIC_RH,LEXMMFPEA,7,1,lex_phase_1,0.002496004104614258,0.004084110260009766,0.0019001960754394531,2076.71484375
oos_experiment,TK-PB-Drahi_17-d1-HET-ULO-8c673aa6e5-r4,4,DETERMINISTIC_RH,LEXMMFPEA,7,2,lex_phase_2,0.0018160343170166016,0.0006120204925537109,0.0005869865417480469,2076.71484375
oos_experiment,TK-PB-Drahi_17-d1-HET-ULO-8c673aa6e5-r4,4,DETERMINISTIC_RH,LEXMMFPEA,7,2,lex_phase_2,0.002496004104614258,0.0008280277252197266,0.0007989406585693359,2076.71484375
oos_experiment,TK-PB-Drahi_17-d1-HET-ULO-8c673aa6e5-r4,4,DETERMINISTIC_RH,LEXMMFPEA,7,3,lex_phase_3,0.0018160343170166016,0.0005619525909423828,0.0005400180816650391,2076.71484375
oos_experiment,TK-PB-Drahi_17-d1-HET-ULO-8c673aa6e5-r4,4,DETERMINISTIC_RH,LEXMMFPEA,7,3,lex_phase_3,0.002496004104614258,0.0008070468902587891,0.0007779598236083984,2076.71484375
oos_experiment,TK-PB-Drahi_17-d1-HET-ULO-8c673aa6e5-r4,4,DETERMINISTIC_RH,LEXMMFPEA,7,4,lex_phase_4,0.0018160343170166016,0.0004899501800537109,0.0004730224609375,2076.71484375
oos_experiment,TK-PB-Drahi_17-d1-HET-ULO-8c673aa6e5-r4,4,DETERMINISTIC_RH,LEXMMFPEA,7,4,lex_phase_4,0.002496004104614258,0.0007371902465820312,0.0007109642028808594,2076.71484375
oos_experiment,TK-PB-Drahi_17-d1-HET-ULO-8c673aa6e5-r4,4,DETERMINISTIC_RH,LEXMMFPEA,7,5,lex_phase_5,0.0018160343170166016,0.0004458427429199219,0.00043201446533203125,2076.71484375
oos_experiment,TK-PB-Drahi_17-d1-HET-ULO-8c673aa6e5-r4,4,DETERMINISTIC_RH,LEXMMFPEA,7,5,lex_phase_5,0.002496004104614258,0.0007679462432861328,0.00074005126953125,2076.71484375
oos_experiment,TK-PB-Drahi_17-d1-HET-ULO-8c673aa6e5-r4,4,DETERMINISTIC_RH,LEXMMFPEA,7,6,economic_tie_break,0.0018160343170166016,0.001007080078125,0.000993967056274414,2076.71484375
oos_experiment,TK-PB-Drahi_17-d1-HET-ULO-8c673aa6e5-r4,4,DETERMINISTIC_RH,LEXMMFPEA,7,6,economic_tie_break,0.002496004104614258,0.0015540122985839844,0.0015249252319335938,2076.71484375
oos_experiment,TK-PB-Drahi_17-d1-HET-ULO-8c673aa6e5-r4,4,DETERMINISTIC_RH,LEXMMFPEA,8,1,lex_phase_1,0.0018160343170166016,0.0028319358825683594,0.001361846923828125,2076.71484375
oos_experiment,TK-PB-Drahi_17-d1-HET-ULO-8c673aa6e5-r4,4,DETERMINISTIC_RH,LEXMMFPEA,8,1,lex_phase_1,0.002496004104614258,0.004084110260009766,0.0019001960754394531,2076.71484375
oos_experiment,TK-PB-Drahi_17-d1-HET-ULO-8c673aa6e5-r4,4,DETERMINISTIC_RH,LEXMMFPEA,8,2,lex_phase_2,0.0018160343170166016,0.0006120204925537109,0.0005869865417480469,2076.71484375
oos_experiment,TK-PB-Drahi_17-d1-HET-ULO-8c673aa6e5-r4,4,DETERMINISTIC_RH,LEXMMFPEA,8,2,lex_phase_2,0.002496004104614258,0.0008280277252197266,0.0007989406585693359,2076.71484375
oos_experiment,TK-PB-Drahi_17-d1-HET-ULO-8c673aa6e5-r4,4,DETERMINISTIC_RH,LEXMMFPEA,8,3,lex_phase_3,0.0018160343170166016,0.0005619525909423828,0.0005400180816650391,2076.71484375
oos_experiment,TK-PB-Drahi_17-d1-HET-ULO-8c673aa6e5-r4,4,DETERMINISTIC_RH,LEXMMFPEA,8,3,lex_phase_3,0.002496004104614258,0.0008070468902587891,0.0007779598236083984,2076.71484375
oos_experiment,TK-PB-Drahi_17-d1-HET-ULO-8c673aa6e5-r4,4,DETERMINISTIC_RH,LEXMMFPEA,8,4,lex_phase_4,0.0018160343170166016,0.0004899501800537109,0.0004730224609375,2076.71484375
oos_experiment,TK-PB-Drahi_17-d1-HET-ULO-8c673aa6e5-r4,4,DETERMINISTIC_RH,LEXMMFPEA,8,4,lex_phase_4,0.002496004104614258,0.0007371902465820312,0.0007109642028808594,2076.71484375
oos_experiment,TK-PB-Drahi_17-d1-HET-ULO-8c673aa6e5-r4,4,DETERMINISTIC_RH,LEXMMFPEA,8,5,lex_phase_5,0.0018160343170166016,0.0004458427429199219,0.00043201446533203125,2076.71484375
oos_experiment,TK-PB-Drahi_17-d1-HET-ULO-8c673aa6e5-r4,4,DETERMINISTIC_RH,LEXMMFPEA,8,5,lex_phase_5,0.002496004104614258,0.0007679462432861328,0.00074005126953125,2076.71484375
oos_experiment,TK-PB-Drahi_17-d1-HET-ULO-8c673aa6e5-r4,4,DETERMINISTIC_RH,LEXMMFPEA,8,6,economic_tie_break,0.0018160343170166016,0.001007080078125,0.000993967056274414,2076.71484375
oos_experiment,TK-PB-Drahi_17-d1-HET-ULO-8c673aa6e5-r4,4,DETERMINISTIC_RH,LEXMMFPEA,8,6,economic_tie_break,0.002496004104614258,0.0015540122985839844,0.0015249252319335938,2076.71484375
oos_experiment,TK-PB-Drahi_17-d1-HET-ULO-8c673aa6e5-r4,4,DETERMINISTIC_RH,LEXMMFPEA,9,1,lex_phase_1,0.001837015151977539,0.002538919448852539,0.0012331008911132812,2076.71484375
oos_experiment,TK-PB-Drahi_17-d1-HET-ULO-8c673aa6e5-r4,4,DETERMINISTIC_RH,LEXMMFPEA,9,1,lex_phase_1,0.002532958984375,0.003857135772705078,0.0017960071563720703,2076.71484375
oos_experiment,TK-PB-Drahi_17-d1-HET-ULO-8c673aa6e5-r4,4,DETERMINISTIC_RH,LEXMMFPEA,9,2,lex_phase_2,0.001837015151977539,0.0006051063537597656,0.0005819797515869141,2076.71484375
oos_experiment,TK-PB-Drahi_17-d1-HET-ULO-8c673aa6e5-r4,4,DETERMINISTIC_RH,LEXMMFPEA,9,2,lex_phase_2,0.002532958984375,0.0007791519165039062,0.0007500648498535156,2076.71484375
oos_experiment,TK-PB-Drahi_17-d1-HET-ULO-8c673aa6e5-r4,4,DETERMINISTIC_RH,LEXMMFPEA,9,3,lex_phase_3,0.001837015151977539,0.00046896934509277344,0.00044798851013183594,2076.71484375
oos_experiment,TK-PB-Drahi_17-d1-HET-ULO-8c673aa6e5-r4,4,DETERMINISTIC_RH,LEXMMFPEA,9,3,lex_phase_3,0.002532958984375,0.0007529258728027344,0.0007281303405761719,2076.71484375
oos_experiment,TK-PB-Drahi_17-d1-HET-ULO-8c673aa6e5-r4,4,DETERMINISTIC_RH,LEXMMFPEA,9,4,lex_phase_4,0.001837015151977539,0.00042891502380371094,0.00041294097900390625,2076.71484375
oos_experiment,TK-PB-Drahi_17-d1-HET-ULO-8c673aa6e5-r4,4,DETERMINISTIC_RH,LEXMMFPEA,9,4,lex_phase_4,0.002532958984375,0.0007901191711425781,0.0007598400115966797,2076.71484375
oos_experiment,TK-PB-Drahi_17-d1-HET-ULO-8c673aa6e5-r4,4,DETERMINISTIC_RH,LEXMMFPEA,9,5,lex_phase_5,0.001837015151977539,0.00042700767517089844,0.0004119873046875,2076.71484375
oos_experiment,TK-PB-Drahi_17-d1-HET-ULO-8c673aa6e5-r4,4,DETERMINISTIC_RH,LEXMMFPEA,9,5,lex_phase_5,0.002532958984375,0.0006999969482421875,0.0006749629974365234,2076.71484375
oos_experiment,TK-PB-Drahi_17-d1-HET-ULO-8c673aa6e5-r4,4,DETERMINISTIC_RH,LEXMMFPEA,9,6,economic_tie_break,0.001837015151977539,0.0009968280792236328,0.0009829998016357422,2076.71484375
oos_experiment,TK-PB-Drahi_17-d1-HET-ULO-8c673aa6e5-r4,4,DETERMINISTIC_RH,LEXMMFPEA,9,6,economic_tie_break,0.002532958984375,0.0013651847839355469,0.0013430118560791016,2076.71484375
oos_experiment,TK-PB-Drahi_17-d1-HET-ULO-8c673aa6e5-r4,4,DETERMINISTIC_RH,LEXMMFPEA,10,1,lex_phase_1,0.001837015151977539,0.002538919448852539,0.0012331008911132812,2076.71484375
oos_experiment,TK-PB-Drahi_17-d1-HET-ULO-8c673aa6e5-r4,4,DETERMINISTIC_RH,LEXMMFPEA,10,1,lex_phase_1,0.002532958984375,0.003857135772705078,0.0017960071563720703,2076.71484375
oos_experiment,TK-PB-Drahi_17-d1-HET-ULO-8c673aa6e5-r4,4,DETERMINISTIC_RH,LEXMMFPEA,10,2,lex_phase_2,0.001837015151977539,0.0006051063537597656,0.0005819797515869141,2076.71484375
oos_experiment,TK-PB-Drahi_17-d1-HET-ULO-8c673aa6e5-r4,4,DETERMINISTIC_RH,LEXMMFPEA,10,2,lex_phase_2,0.002532958984375,0.0007791519165039062,0.0007500648498535156,2076.71484375
oos_experiment,TK-PB-Drahi_17-d1-HET-ULO-8c673aa6e5-r4,4,DETERMINISTIC_RH,LEXMMFPEA,10,3,lex_phase_3,0.001837015151977539,0.00046896934509277344,0.00044798851013183594,2076.71484375
oos_experiment,TK-PB-Drahi_17-d1-HET-ULO-8c673aa6e5-r4,4,DETERMINISTIC_RH,LEXMMFPEA,10,3,lex_phase_3,0.002532958984375,0.0007529258728027344,0.0007281303405761719,2076.71484375
oos_experiment,TK-PB-Drahi_17-d1-HET-ULO-8c673aa6e5-r4,4,DETERMINISTIC_RH,LEXMMFPEA,10,4,lex_phase_4,0.001837015151977539,0.00042891502380371094,0.00041294097900390625,2076.71484375
oos_experiment,TK-PB-Drahi_17-d1-HET-ULO-8c673aa6e5-r4,4,DETERMINISTIC_RH,LEXMMFPEA,10,4,lex_phase_4,0.002532958984375,0.0007901191711425781,0.0007598400115966797,2076.71484375
oos_experiment,TK-PB-Drahi_17-d1-HET-ULO-8c673aa6e5-r4,4,DETERMINISTIC_RH,LEXMMFPEA,10,5,lex_phase_5,0.001837015151977539,0.00042700767517089844,0.0004119873046875,2076.71484375
oos_experiment,TK-PB-Drahi_17-d1-HET-ULO-8c673aa6e5-r4,4,DETERMINISTIC_RH,LEXMMFPEA,10,5,lex_phase_5,0.002532958984375,0.0006999969482421875,0.0006749629974365234,2076.71484375
oos_experiment,TK-PB-Drahi_17-d1-HET-ULO-8c673aa6e5-r4,4,DETERMINISTIC_RH,LEXMMFPEA,10,6,economic_tie_break,0.001837015151977539,0.0009968280792236328,0.0009829998016357422,2076.71484375
oos_experiment,TK-PB-Drahi_17-d1-HET-ULO-8c673aa6e5-r4,4,DETERMINISTIC_RH,LEXMMFPEA,10,6,economic_tie_break,0.002532958984375,0.0013651847839355469,0.0013430118560791016,2076.71484375
oos_experiment,TK-PB-Drahi_17-d1-HET-ULO-8c673aa6e5-r4,4,DETERMINISTIC_RH,LEXMMFPEA,11,1,lex_phase_1,0.001837015151977539,0.002538919448852539,0.0012331008911132812,2076.71484375
oos_experiment,TK-PB-Drahi_17-d1-HET-ULO-8c673aa6e5-r4,4,DETERMINISTIC_RH,LEXMMFPEA,11,1,lex_phase_1,0.002532958984375,0.003857135772705078,0.0017960071563720703,2076.71484375
oos_experiment,TK-PB-Drahi_17-d1-HET-ULO-8c673aa6e5-r4,4,DETERMINISTIC_RH,LEXMMFPEA,11,2,lex_phase_2,0.001837015151977539,0.0006051063537597656,0.0005819797515869141,2076.71484375
oos_experiment,TK-PB-Drahi_17-d1-HET-ULO-8c673aa6e5-r4,4,DETERMINISTIC_RH,LEXMMFPEA,11,2,lex_phase_2,0.002532958984375,0.0007791519165039062,0.0007500648498535156,2076.71484375
oos_experiment,TK-PB-Drahi_17-d1-HET-ULO-8c673aa6e5-r4,4,DETERMINISTIC_RH,LEXMMFPEA,11,3,lex_phase_3,0.001837015151977539,0.00046896934509277344,0.00044798851013183594,2076.71484375
oos_experiment,TK-PB-Drahi_17-d1-HET-ULO-8c673aa6e5-r4,4,DETERMINISTIC_RH,LEXMMFPEA,11,3,lex_phase_3,0.002532958984375,0.0007529258728027344,0.0007281303405761719,2076.71484375
oos_experiment,TK-PB-Drahi_17-d1-HET-ULO-8c673aa6e5-r4,4,DETERMINISTIC_RH,LEXMMFPEA,11,4,lex_phase_4,0.001837015151977539,0.00042891502380371094,0.00041294097900390625,2076.71484375
oos_experiment,TK-PB-Drahi_17-d1-HET-ULO-8c673aa6e5-r4,4,DETERMINISTIC_RH,LEXMMFPEA,11,4,lex_phase_4,0.002532958984375,0.0007901191711425781,0.0007598400115966797,2076.71484375
oos_experiment,TK-PB-Drahi_17-d1-HET-ULO-8c673aa6e5-r4,4,DETERMINISTIC_RH,LEXMMFPEA,11,5,lex_phase_5,0.001837015151977539,0.00042700767517089844,0.0004119873046875,2076.71484375
oos_experiment,TK-PB-Drahi_17-d1-HET-ULO-8c673aa6e5-r4,4,DETERMINISTIC_RH,LEXMMFPEA,11,5,lex_phase_5,0.002532958984375,0.0006999969482421875,0.0006749629974365234,2076.71484375
oos_experiment,TK-PB-Drahi_17-d1-HET-ULO-8c673aa6e5-r4,4,DETERMINISTIC_RH,LEXMMFPEA,11,6,economic_tie_break,0.001837015151977539,0.0009968280792236328,0.0009829998016357422,2076.71484375
oos_experiment,TK-PB-Drahi_17-d1-HET-ULO-8c673aa6e5-r4,4,DETERMINISTIC_RH,LEXMMFPEA,11,6,economic_tie_break,0.002532958984375,0.0013651847839355469,0.0013430118560791016,2076.71484375
oos_experiment,TK-PB-Drahi_17-d1-HET-ULO-8c673aa6e5-r4,4,DETERMINISTIC_RH,LEXMMFPEA,12,1,lex_phase_1,0.001837015151977539,0.002538919448852539,0.0012331008911132812,2076.71484375
oos_experiment,TK-PB-Drahi_17-d1-HET-ULO-8c673aa6e5-r4,4,DETERMINISTIC_RH,LEXMMFPEA,12,1,lex_phase_1,0.002532958984375,0.003857135772705078,0.0017960071563720703,2076.71484375
oos_experiment,TK-PB-Drahi_17-d1-HET-ULO-8c673aa6e5-r4,4,DETERMINISTIC_RH,LEXMMFPEA,12,2,lex_phase_2,0.001837015151977539,0.0006051063537597656,0.0005819797515869141,2076.71484375
oos_experiment,TK-PB-Drahi_17-d1-HET-ULO-8c673aa6e5-r4,4,DETERMINISTIC_RH,LEXMMFPEA,12,2,lex_phase_2,0.002532958984375,0.0007791519165039062,0.0007500648498535156,2076.71484375
oos_experiment,TK-PB-Drahi_17-d1-HET-ULO-8c673aa6e5-r4,4,DETERMINISTIC_RH,LEXMMFPEA,12,3,lex_phase_3,0.001837015151977539,0.00046896934509277344,0.00044798851013183594,2076.71484375
oos_experiment,TK-PB-Drahi_17-d1-HET-ULO-8c673aa6e5-r4,4,DETERMINISTIC_RH,LEXMMFPEA,12,3,lex_phase_3,0.002532958984375,0.0007529258728027344,0.0007281303405761719,2076.71484375
oos_experiment,TK-PB-Drahi_17-d1-HET-ULO-8c673aa6e5-r4,4,DETERMINISTIC_RH,LEXMMFPEA,12,4,lex_phase_4,0.001837015151977539,0.00042891502380371094,0.00041294097900390625,2076.71484375
oos_experiment,TK-PB-Drahi_17-d1-HET-ULO-8c673aa6e5-r4,4,DETERMINISTIC_RH,LEXMMFPEA,12,4,lex_phase_4,0.002532958984375,0.0007901191711425781,0.0007598400115966797,2076.71484375
oos_experiment,TK-PB-Drahi_17-d1-HET-ULO-8c673aa6e5-r4,4,DETERMINISTIC_RH,LEXMMFPEA,12,5,lex_phase_5,0.001837015151977539,0.00042700767517089844,0.0004119873046875,2076.71484375
oos_experiment,TK-PB-Drahi_17-d1-HET-ULO-8c673aa6e5-r4,4,DETERMINISTIC_RH,LEXMMFPEA,12,5,lex_phase_5,0.002532958984375,0.0006999969482421875,0.0006749629974365234,2076.71484375
oos_experiment,TK-PB-Drahi_17-d1-HET-ULO-8c673aa6e5-r4,4,DETERMINISTIC_RH,LEXMMFPEA,12,6,economic_tie_break,0.001837015151977539,0.0009968280792236328,0.0009829998016357422,2076.71484375
oos_experiment,TK-PB-Drahi_17-d1-HET-ULO-8c673aa6e5-r4,4,DETERMINISTIC_RH,LEXMMFPEA,12,6,economic_tie_break,0.002532958984375,0.0013651847839355469,0.0013430118560791016,2076.71484375
oos_experiment,TK-PB-Drahi_17-d1-HET-ULO-8c673aa6e5-r4,4,DETERMINISTIC_RH,LEXMMFPEA,13,1,lex_phase_1,0.0017440319061279297,0.002518892288208008,0.0012280941009521484,2076.71484375
oos_experiment,TK-PB-Drahi_17-d1-HET-ULO-8c673aa6e5-r4,4,DETERMINISTIC_RH,LEXMMFPEA,13,1,lex_phase_1,0.0023691654205322266,0.003818988800048828,0.0017969608306884766,2076.71484375
oos_experiment,TK-PB-Drahi_17-d1-HET-ULO-8c673aa6e5-r4,4,DETERMINISTIC_RH,LEXMMFPEA,13,2,lex_phase_2,0.0017440319061279297,0.0006101131439208984,0.0005869865417480469,2076.71484375
oos_experiment,TK-PB-Drahi_17-d1-HET-ULO-8c673aa6e5-r4,4,DETERMINISTIC_RH,LEXMMFPEA,13,2,lex_phase_2,0.0023691654205322266,0.0007901191711425781,0.0007610321044921875,2076.71484375
oos_experiment,TK-PB-Drahi_17-d1-HET-ULO-8c673aa6e5-r4,4,DETERMINISTIC_RH,LEXMMFPEA,13,3,lex_phase_3,0.0017440319061279297,0.0005309581756591797,0.0005130767822265625,2076.71484375
oos_experiment,TK-PB-Drahi_17-d1-HET-ULO-8c673aa6e5-r4,4,DETERMINISTIC_RH,LEXMMFPEA,13,3,lex_phase_3,0.0023691654205322266,0.0007891654968261719,0.0007600784301757812,2076.71484375
oos_experiment,TK-PB-Drahi_17-d1-HET-ULO-8c673aa6e5-r4,4,DETERMINISTIC_RH,LEXMMFPEA,13,4,lex_phase_4,0.0017440319061279297,0.00045609474182128906,0.0004379749298095703,2076.71484375
oos_experiment,TK-PB-Drahi_17-d1-HET-ULO-8c673aa6e5-r4,4,DETERMINISTIC_RH,LEXMMFPEA,13,4,lex_phase_4,0.0023691654205322266,0.0007028579711914062,0.0006761550903320312,2076.71484375
oos_experiment,TK-PB-Drahi_17-d1-HET-ULO-8c673aa6e5-r4,4,DETERMINISTIC_RH,LEXMMFPEA,13,5,lex_phase_5,0.0017440319061279297,0.00044989585876464844,0.0004329681396484375,2076.71484375
oos_experiment,TK-PB-Drahi_17-d1-HET-ULO-8c673aa6e5-r4,4,DETERMINISTIC_RH,LEXMMFPEA,13,5,lex_phase_5,0.0023691654205322266,0.0007078647613525391,0.0006840229034423828,2076.71484375
oos_experiment,TK-PB-Drahi_17-d1-HET-ULO-8c673aa6e5-r4,4,DETERMINISTIC_RH,LEXMMFPEA,13,6,economic_tie_break,0.0017440319061279297,0.0008249282836914062,0.0008120536804199219,2076.71484375
oos_experiment,TK-PB-Drahi_17-d1-HET-ULO-8c673aa6e5-r4,4,DETERMINISTIC_RH,LEXMMFPEA,13,6,economic_tie_break,0.0023691654205322266,0.0013790130615234375,0.0013580322265625,2076.71484375
oos_experiment,TK-PB-Drahi_17-d1-HET-ULO-8c673aa6e5-r4,4,DETERMINISTIC_RH,LEXMMFPEA,14,1,lex_phase_1,0.0017440319061279297,0.002518892288208008,0.0012280941009521484,2076.71484375
oos_experiment,TK-PB-Drahi_17-d1-HET-ULO-8c673aa6e5-r4,4,DETERMINISTIC_RH,LEXMMFPEA,14,1,lex_phase_1,0.0023691654205322266,0.003818988800048828,0.0017969608306884766,2076.71484375
oos_experiment,TK-PB-Drahi_17-d1-HET-ULO-8c673aa6e5-r4,4,DETERMINISTIC_RH,LEXMMFPEA,14,2,lex_phase_2,0.0017440319061279297,0.0006101131439208984,0.0005869865417480469,2076.71484375
oos_experiment,TK-PB-Drahi_17-d1-HET-ULO-8c673aa6e5-r4,4,DETERMINISTIC_RH,LEXMMFPEA,14,2,lex_phase_2,0.0023691654205322266,0.0007901191711425781,0.0007610321044921875,2076.71484375
oos_experiment,TK-PB-Drahi_17-d1-HET-ULO-8c673aa6e5-r4,4,DETERMINISTIC_RH,LEXMMFPEA,14,3,lex_phase_3,0.0017440319061279297,0.0005309581756591797,0.0005130767822265625,2076.71484375
oos_experiment,TK-PB-Drahi_17-d1-HET-ULO-8c673aa6e5-r4,4,DETERMINISTIC_RH,LEXMMFPEA,14,3,lex_phase_3,0.0023691654205322266,0.0007891654968261719,0.0007600784301757812,2076.71484375
oos_experiment,TK-PB-Drahi_17-d1-HET-ULO-8c673aa6e5-r4,4,DETERMINISTIC_RH,LEXMMFPEA,14,4,lex_phase_4,0.0017440319061279297,0.00045609474182128906,0.0004379749298095703,2076.71484375
oos_experiment,TK-PB-Drahi_17-d1-HET-ULO-8c673aa6e5-r4,4,DETERMINISTIC_RH,LEXMMFPEA,14,4,lex_phase_4,0.0023691654205322266,0.0007028579711914062,0.0006761550903320312,2076.71484375
oos_experiment,TK-PB-Drahi_17-d1-HET-ULO-8c673aa6e5-r4,4,DETERMINISTIC_RH,LEXMMFPEA,14,5,lex_phase_5,0.0017440319061279297,0.00044989585876464844,0.0004329681396484375,2076.71484375
oos_experiment,TK-PB-Drahi_17-d1-HET-ULO-8c673aa6e5-r4,4,DETERMINISTIC_RH,LEXMMFPEA,14,5,lex_phase_5,0.0023691654205322266,0.0007078647613525391,0.0006840229034423828,2076.71484375
oos_experiment,TK-PB-Drahi_17-d1-HET-ULO-8c673aa6e5-r4,4,DETERMINISTIC_RH,LEXMMFPEA,14,6,economic_tie_break,0.0017440319061279297,0.0008249282836914062,0.0008120536804199219,2076.71484375
oos_experiment,TK-PB-Drahi_17-d1-HET-ULO-8c673aa6e5-r4,4,DETERMINISTIC_RH,LEXMMFPEA,14,6,economic_tie_break,0.0023691654205322266,0.0013790130615234375,0.0013580322265625,2076.71484375
oos_experiment,TK-PB-Drahi_17-d1-HET-ULO-8c673aa6e5-r4,4,DETERMINISTIC_RH,LEXMMFPEA,15,1,lex_phase_1,0.0017440319061279297,0.002518892288208008,0.0012280941009521484,2076.71484375
oos_experiment,TK-PB-Drahi_17-d1-HET-ULO-8c673aa6e5-r4,4,DETERMINISTIC_RH,LEXMMFPEA,15,1,lex_phase_1,0.0023691654205322266,0.003818988800048828,0.0017969608306884766,2076.71484375
oos_experiment,TK-PB-Drahi_17-d1-HET-ULO-8c673aa6e5-r4,4,DETERMINISTIC_RH,LEXMMFPEA,15,2,lex_phase_2,0.0017440319061279297,0.0006101131439208984,0.0005869865417480469,2076.71484375
oos_experiment,TK-PB-Drahi_17-d1-HET-ULO-8c673aa6e5-r4,4,DETERMINISTIC_RH,LEXMMFPEA,15,2,lex_phase_2,0.0023691654205322266,0.0007901191711425781,0.0007610321044921875,2076.71484375
oos_experiment,TK-PB-Drahi_17-d1-HET-ULO-8c673aa6e5-r4,4,DETERMINISTIC_RH,LEXMMFPEA,15,3,lex_phase_3,0.0017440319061279297,0.0005309581756591797,0.0005130767822265625,2076.71484375
oos_experiment,TK-PB-Drahi_17-d1-HET-ULO-8c673aa6e5-r4,4,DETERMINISTIC_RH,LEXMMFPEA,15,3,lex_phase_3,0.0023691654205322266,0.0007891654968261719,0.0007600784301757812,2076.71484375
oos_experiment,TK-PB-Drahi_17-d1-HET-ULO-8c673aa6e5-r4,4,DETERMINISTIC_RH,LEXMMFPEA,15,4,lex_phase_4,0.0017440319061279297,0.00045609474182128906,0.0004379749298095703,2076.71484375
oos_experiment,TK-PB-Drahi_17-d1-HET-ULO-8c673aa6e5-r4,4,DETERMINISTIC_RH,LEXMMFPEA,15,4,lex_phase_4,0.0023691654205322266,0.0007028579711914062,0.0006761550903320312,2076.71484375
oos_experiment,TK-PB-Drahi_17-d1-HET-ULO-8c673aa6e5-r4,4,DETERMINISTIC_RH,LEXMMFPEA,15,5,lex_phase_5,0.0017440319061279297,0.00044989585876464844,0.0004329681396484375,2076.71484375
oos_experiment,TK-PB-Drahi_17-d1-HET-ULO-8c673aa6e5-r4,4,DETERMINISTIC_RH,LEXMMFPEA,15,5,lex_phase_5,0.0023691654205322266,0.0007078647613525391,0.0006840229034423828,2076.71484375
oos_experiment,TK-PB-Drahi_17-d1-HET-ULO-8c673aa6e5-r4,4,DETERMINISTIC_RH,LEXMMFPEA,15,6,economic_tie_break,0.0017440319061279297,0.0008249282836914062,0.0008120536804199219,2076.71484375
oos_experiment,TK-PB-Drahi_17-d1-HET-ULO-8c673aa6e5-r4,4,DETERMINISTIC_RH,LEXMMFPEA,15,6,economic_tie_break,0.0023691654205322266,0.0013790130615234375,0.0013580322265625,2076.71484375
oos_experiment,TK-PB-Drahi_17-d1-HET-ULO-8c673aa6e5-r4,4,DETERMINISTIC_RH,LEXMMFPEA,16,1,lex_phase_1,0.0017440319061279297,0.002518892288208008,0.0012280941009521484,2076.71484375
oos_experiment,TK-PB-Drahi_17-d1-HET-ULO-8c673aa6e5-r4,4,DETERMINISTIC_RH,LEXMMFPEA,16,1,lex_phase_1,0.0023691654205322266,0.003818988800048828,0.0017969608306884766,2076.71484375
oos_experiment,TK-PB-Drahi_17-d1-HET-ULO-8c673aa6e5-r4,4,DETERMINISTIC_RH,LEXMMFPEA,16,2,lex_phase_2,0.0017440319061279297,0.0006101131439208984,0.0005869865417480469,2076.71484375
oos_experiment,TK-PB-Drahi_17-d1-HET-ULO-8c673aa6e5-r4,4,DETERMINISTIC_RH,LEXMMFPEA,16,2,lex_phase_2,0.0023691654205322266,0.0007901191711425781,0.0007610321044921875,2076.71484375
oos_experiment,TK-PB-Drahi_17-d1-HET-ULO-8c673aa6e5-r4,4,DETERMINISTIC_RH,LEXMMFPEA,16,3,lex_phase_3,0.0017440319061279297,0.0005309581756591797,0.0005130767822265625,2076.71484375
oos_experiment,TK-PB-Drahi_17-d1-HET-ULO-8c673aa6e5-r4,4,DETERMINISTIC_RH,LEXMMFPEA,16,3,lex_phase_3,0.0023691654205322266,0.0007891654968261719,0.0007600784301757812,2076.71484375
oos_experiment,TK-PB-Drahi_17-d1-HET-ULO-8c673aa6e5-r4,4,DETERMINISTIC_RH,LEXMMFPEA,16,4,lex_phase_4,0.0017440319061279297,0.00045609474182128906,0.0004379749298095703,2076.71484375
oos_experiment,TK-PB-Drahi_17-d1-HET-ULO-8c673aa6e5-r4,4,DETERMINISTIC_RH,LEXMMFPEA,16,4,lex_phase_4,0.0023691654205322266,0.0007028579711914062,0.0006761550903320312,2076.71484375
oos_experiment,TK-PB-Drahi_17-d1-HET-ULO-8c673aa6e5-r4,4,DETERMINISTIC_RH,LEXMMFPEA,16,5,lex_phase_5,0.0017440319061279297,0.00044989585876464844,0.0004329681396484375,2076.71484375
oos_experiment,TK-PB-Drahi_17-d1-HET-ULO-8c673aa6e5-r4,4,DETERMINISTIC_RH,LEXMMFPEA,16,5,lex_phase_5,0.0023691654205322266,0.0007078647613525391,0.0006840229034423828,2076.71484375
oos_experiment,TK-PB-Drahi_17-d1-HET-ULO-8c673aa6e5-r4,4,DETERMINISTIC_RH,LEXMMFPEA,16,6,economic_tie_break,0.0017440319061279297,0.0008249282836914062,0.0008120536804199219,2076.71484375
oos_experiment,TK-PB-Drahi_17-d1-HET-ULO-8c673aa6e5-r4,4,DETERMINISTIC_RH,LEXMMFPEA,16,6,economic_tie_break,0.0023691654205322266,0.0013790130615234375,0.0013580322265625,2076.71484375
oos_experiment,TK-PB-Drahi_17-d1-HET-ULO-8c673aa6e5-r4,4,DETERMINISTIC_RH,LEXMMFPEA,17,1,lex_phase_1,0.0017199516296386719,0.0025491714477539062,0.001230001449584961,2076.71484375
oos_experiment,TK-PB-Drahi_17-d1-HET-ULO-8c673aa6e5-r4,4,DETERMINISTIC_RH,LEXMMFPEA,17,1,lex_phase_1,0.002505779266357422,0.003892183303833008,0.0017588138580322266,2076.71484375
oos_experiment,TK-PB-Drahi_17-d1-HET-ULO-8c673aa6e5-r4,4,DETERMINISTIC_RH,LEXMMFPEA,17,2,lex_phase_2,0.0017199516296386719,0.0005691051483154297,0.0005469322204589844,2076.71484375
oos_experiment,TK-PB-Drahi_17-d1-HET-ULO-8c673aa6e5-r4,4,DETERMINISTIC_RH,LEXMMFPEA,17,2,lex_phase_2,0.002505779266357422,0.0008060932159423828,0.0007779598236083984,2076.71484375
oos_experiment,TK-PB-Drahi_17-d1-HET-ULO-8c673aa6e5-r4,4,DETERMINISTIC_RH,LEXMMFPEA,17,3,lex_phase_3,0.0017199516296386719,0.0004792213439941406,0.0004608631134033203,2076.71484375
oos_experiment,TK-PB-Drahi_17-d1-HET-ULO-8c673aa6e5-r4,4,DETERMINISTIC_RH,LEXMMFPEA,17,3,lex_phase_3,0.002505779266357422,0.0007681846618652344,0.0007419586181640625,2076.71484375
oos_experiment,TK-PB-Drahi_17-d1-HET-ULO-8c673aa6e5-r4,4,DETERMINISTIC_RH,LEXMMFPEA,17,4,lex_phase_4,0.0017199516296386719,0.0004508495330810547,0.00043702125549316406,2076.71484375
oos_experiment,TK-PB-Drahi_17-d1-HET-ULO-8c673aa6e5-r4,4,DETERMINISTIC_RH,LEXMMFPEA,17,4,lex_phase_4,0.002505779266357422,0.0007550716400146484,0.0007250308990478516,2076.71484375
oos_experiment,TK-PB-Drahi_17-d1-HET-ULO-8c673aa6e5-r4,4,DETERMINISTIC_RH,LEXMMFPEA,17,5,lex_phase_5,0.0017199516296386719,0.0003859996795654297,0.00036907196044921875,2076.71484375
oos_experiment,TK-PB-Drahi_17-d1-HET-ULO-8c673aa6e5-r4,4,DETERMINISTIC_RH,LEXMMFPEA,17,5,lex_phase_5,0.002505779266357422,0.0006670951843261719,0.0006399154663085938,2076.71484375
oos_experiment,TK-PB-Drahi_17-d1-HET-ULO-8c673aa6e5-r4,4,DETERMINISTIC_RH,LEXMMFPEA,17,6,economic_tie_break,0.0017199516296386719,0.0010008811950683594,0.0009849071502685547,2076.71484375
oos_experiment,TK-PB-Drahi_17-d1-HET-ULO-8c673aa6e5-r4,4,DETERMINISTIC_RH,LEXMMFPEA,17,6,economic_tie_break,0.002505779266357422,0.001402139663696289,0.0013799667358398438,2076.71484375
oos_experiment,TK-PB-Drahi_17-d1-HET-ULO-8c673aa6e5-r4,4,DETERMINISTIC_RH,LEXMMFPEA,18,1,lex_phase_1,0.0017199516296386719,0.0025491714477539062,0.001230001449584961,2076.71484375
oos_experiment,TK-PB-Drahi_17-d1-HET-ULO-8c673aa6e5-r4,4,DETERMINISTIC_RH,LEXMMFPEA,18,1,lex_phase_1,0.002505779266357422,0.003892183303833008,0.0017588138580322266,2076.71484375
oos_experiment,TK-PB-Drahi_17-d1-HET-ULO-8c673aa6e5-r4,4,DETERMINISTIC_RH,LEXMMFPEA,18,2,lex_phase_2,0.0017199516296386719,0.0005691051483154297,0.0005469322204589844,2076.71484375
oos_experiment,TK-PB-Drahi_17-d1-HET-ULO-8c673aa6e5-r4,4,DETERMINISTIC_RH,LEXMMFPEA,18,2,lex_phase_2,0.002505779266357422,0.0008060932159423828,0.0007779598236083984,2076.71484375
oos_experiment,TK-PB-Drahi_17-d1-HET-ULO-8c673aa6e5-r4,4,DETERMINISTIC_RH,LEXMMFPEA,18,3,lex_phase_3,0.0017199516296386719,0.0004792213439941406,0.0004608631134033203,2076.71484375
oos_experiment,TK-PB-Drahi_17-d1-HET-ULO-8c673aa6e5-r4,4,DETERMINISTIC_RH,LEXMMFPEA,18,3,lex_phase_3,0.002505779266357422,0.0007681846618652344,0.0007419586181640625,2076.71484375
oos_experiment,TK-PB-Drahi_17-d1-HET-ULO-8c673aa6e5-r4,4,DETERMINISTIC_RH,LEXMMFPEA,18,4,lex_phase_4,0.0017199516296386719,0.0004508495330810547,0.00043702125549316406,2076.71484375
oos_experiment,TK-PB-Drahi_17-d1-HET-ULO-8c673aa6e5-r4,4,DETERMINISTIC_RH,LEXMMFPEA,18,4,lex_phase_4,0.002505779266357422,0.0007550716400146484,0.0007250308990478516,2076.71484375
oos_experiment,TK-PB-Drahi_17-d1-HET-ULO-8c673aa6e5-r4,4,DETERMINISTIC_RH,LEXMMFPEA,18,5,lex_phase_5,0.0017199516296386719,0.0003859996795654297,0.00036907196044921875,2076.71484375
oos_experiment,TK-PB-Drahi_17-d1-HET-ULO-8c673aa6e5-r4,4,DETERMINISTIC_RH,LEXMMFPEA,18,5,lex_phase_5,0.002505779266357422,0.0006670951843261719,0.0006399154663085938,2076.71484375
oos_experiment,TK-PB-Drahi_17-d1-HET-ULO-8c673aa6e5-r4,4,DETERMINISTIC_RH,LEXMMFPEA,18,6,economic_tie_break,0.0017199516296386719,0.0010008811950683594,0.0009849071502685547,2076.71484375
oos_experiment,TK-PB-Drahi_17-d1-HET-ULO-8c673aa6e5-r4,4,DETERMINISTIC_RH,LEXMMFPEA,18,6,economic_tie_break,0.002505779266357422,0.001402139663696289,0.0013799667358398438,2076.71484375
oos_experiment,TK-PB-Drahi_17-d1-HET-ULO-8c673aa6e5-r4,4,DETERMINISTIC_RH,LEXMMFPEA,19,1,lex_phase_1,0.0017199516296386719,0.0025491714477539062,0.001230001449584961,2076.71484375
oos_experiment,TK-PB-Drahi_17-d1-HET-ULO-8c673aa6e5-r4,4,DETERMINISTIC_RH,LEXMMFPEA,19,1,lex_phase_1,0.002505779266357422,0.003892183303833008,0.0017588138580322266,2076.71484375
oos_experiment,TK-PB-Drahi_17-d1-HET-ULO-8c673aa6e5-r4,4,DETERMINISTIC_RH,LEXMMFPEA,19,2,lex_phase_2,0.0017199516296386719,0.0005691051483154297,0.0005469322204589844,2076.71484375
oos_experiment,TK-PB-Drahi_17-d1-HET-ULO-8c673aa6e5-r4,4,DETERMINISTIC_RH,LEXMMFPEA,19,2,lex_phase_2,0.002505779266357422,0.0008060932159423828,0.0007779598236083984,2076.71484375
oos_experiment,TK-PB-Drahi_17-d1-HET-ULO-8c673aa6e5-r4,4,DETERMINISTIC_RH,LEXMMFPEA,19,3,lex_phase_3,0.0017199516296386719,0.0004792213439941406,0.0004608631134033203,2076.71484375
oos_experiment,TK-PB-Drahi_17-d1-HET-ULO-8c673aa6e5-r4,4,DETERMINISTIC_RH,LEXMMFPEA,19,3,lex_phase_3,0.002505779266357422,0.0007681846618652344,0.0007419586181640625,2076.71484375
oos_experiment,TK-PB-Drahi_17-d1-HET-ULO-8c673aa6e5-r4,4,DETERMINISTIC_RH,LEXMMFPEA,19,4,lex_phase_4,0.0017199516296386719,0.0004508495330810547,0.00043702125549316406,2076.71484375
oos_experiment,TK-PB-Drahi_17-d1-HET-ULO-8c673aa6e5-r4,4,DETERMINISTIC_RH,LEXMMFPEA,19,4,lex_phase_4,0.002505779266357422,0.0007550716400146484,0.0007250308990478516,2076.71484375
oos_experiment,TK-PB-Drahi_17-d1-HET-ULO-8c673aa6e5-r4,4,DETERMINISTIC_RH,LEXMMFPEA,19,5,lex_phase_5,0.0017199516296386719,0.0003859996795654297,0.00036907196044921875,2076.71484375
oos_experiment,TK-PB-Drahi_17-d1-HET-ULO-8c673aa6e5-r4,4,DETERMINISTIC_RH,LEXMMFPEA,19,5,lex_phase_5,0.002505779266357422,0.0006670951843261719,0.0006399154663085938,2076.71484375
oos_experiment,TK-PB-Drahi_17-d1-HET-ULO-8c673aa6e5-r4,4,DETERMINISTIC_RH,LEXMMFPEA,19,6,economic_tie_break,0.0017199516296386719,0.0010008811950683594,0.0009849071502685547,2076.71484375
oos_experiment,TK-PB-Drahi_17-d1-HET-ULO-8c673aa6e5-r4,4,DETERMINISTIC_RH,LEXMMFPEA,19,6,economic_tie_break,0.002505779266357422,0.001402139663696289,0.0013799667358398438,2076.71484375
oos_experiment,TK-PB-Drahi_17-d1-HET-ULO-8c673aa6e5-r4,4,DETERMINISTIC_RH,LEXMMFPEA,20,1,lex_phase_1,0.0017199516296386719,0.0025491714477539062,0.001230001449584961,2076.71484375
oos_experiment,TK-PB-Drahi_17-d1-HET-ULO-8c673aa6e5-r4,4,DETERMINISTIC_RH,LEXMMFPEA,20,1,lex_phase_1,0.002505779266357422,0.003892183303833008,0.0017588138580322266,2076.71484375
oos_experiment,TK-PB-Drahi_17-d1-HET-ULO-8c673aa6e5-r4,4,DETERMINISTIC_RH,LEXMMFPEA,20,2,lex_phase_2,0.0017199516296386719,0.0005691051483154297,0.0005469322204589844,2076.71484375
oos_experiment,TK-PB-Drahi_17-d1-HET-ULO-8c673aa6e5-r4,4,DETERMINISTIC_RH,LEXMMFPEA,20,2,lex_phase_2,0.002505779266357422,0.0008060932159423828,0.0007779598236083984,2076.71484375
oos_experiment,TK-PB-Drahi_17-d1-HET-ULO-8c673aa6e5-r4,4,DETERMINISTIC_RH,LEXMMFPEA,20,3,lex_phase_3,0.0017199516296386719,0.0004792213439941406,0.0004608631134033203,2076.71484375
oos_experiment,TK-PB-Drahi_17-d1-HET-ULO-8c673aa6e5-r4,4,DETERMINISTIC_RH,LEXMMFPEA,20,3,lex_phase_3,0.002505779266357422,0.0007681846618652344,0.0007419586181640625,2076.71484375
oos_experiment,TK-PB-Drahi_17-d1-HET-ULO-8c673aa6e5-r4,4,DETERMINISTIC_RH,LEXMMFPEA,20,4,lex_phase_4,0.0017199516296386719,0.0004508495330810547,0.00043702125549316406,2076.71484375
oos_experiment,TK-PB-Drahi_17-d1-HET-ULO-8c673aa6e5-r4,4,DETERMINISTIC_RH,LEXMMFPEA,20,4,lex_phase_4,0.002505779266357422,0.0007550716400146484,0.0007250308990478516,2076.71484375
oos_experiment,TK-PB-Drahi_17-d1-HET-ULO-8c673aa6e5-r4,4,DETERMINISTIC_RH,LEXMMFPEA,20,5,lex_phase_5,0.0017199516296386719,0.0003859996795654297,0.00036907196044921875,2076.71484375
oos_experiment,TK-PB-Drahi_17-d1-HET-ULO-8c673aa6e5-r4,4,DETERMINISTIC_RH,LEXMMFPEA,20,5,lex_phase_5,0.002505779266357422,0.0006670951843261719,0.0006399154663085938,2076.71484375
oos_experiment,TK-PB-Drahi_17-d1-HET-ULO-8c673aa6e5-r4,4,DETERMINISTIC_RH,LEXMMFPEA,20,6,economic_tie_break,0.0017199516296386719,0.0010008811950683594,0.0009849071502685547,2076.71484375
oos_experiment,TK-PB-Drahi_17-d1-HET-ULO-8c673aa6e5-r4,4,DETERMINISTIC_RH,LEXMMFPEA,20,6,economic_tie_break,0.002505779266357422,0.001402139663696289,0.0013799667358398438,2076.71484375
oos_experiment,TK-PB-Drahi_17-d1-HET-ULO-8c673aa6e5-r4,4,DETERMINISTIC_RH,LEXMMFPEA,21,1,lex_phase_1,0.0017368793487548828,0.0026428699493408203,0.0012259483337402344,2076.71484375
oos_experiment,TK-PB-Drahi_17-d1-HET-ULO-8c673aa6e5-r4,4,DETERMINISTIC_RH,LEXMMFPEA,21,1,lex_phase_1,0.0024950504302978516,0.003838062286376953,0.0018169879913330078,2076.71484375
oos_experiment,TK-PB-Drahi_17-d1-HET-ULO-8c673aa6e5-r4,4,DETERMINISTIC_RH,LEXMMFPEA,21,2,lex_phase_2,0.0017368793487548828,0.0005991458892822266,0.000576019287109375,2076.71484375
oos_experiment,TK-PB-Drahi_17-d1-HET-ULO-8c673aa6e5-r4,4,DETERMINISTIC_RH,LEXMMFPEA,21,2,lex_phase_2,0.0024950504302978516,0.0007798671722412109,0.0007491111755371094,2076.71484375
oos_experiment,TK-PB-Drahi_17-d1-HET-ULO-8c673aa6e5-r4,4,DETERMINISTIC_RH,LEXMMFPEA,21,3,lex_phase_3,0.0017368793487548828,0.00047397613525390625,0.00045609474182128906,2076.71484375
oos_experiment,TK-PB-Drahi_17-d1-HET-ULO-8c673aa6e5-r4,4,DETERMINISTIC_RH,LEXMMFPEA,21,3,lex_phase_3,0.0024950504302978516,0.0007579326629638672,0.0007328987121582031,2076.71484375
oos_experiment,TK-PB-Drahi_17-d1-HET-ULO-8c673aa6e5-r4,4,DETERMINISTIC_RH,LEXMMFPEA,21,4,lex_phase_4,0.0017368793487548828,0.0004601478576660156,0.0004448890686035156,2076.71484375
oos_experiment,TK-PB-Drahi_17-d1-HET-ULO-8c673aa6e5-r4,4,DETERMINISTIC_RH,LEXMMFPEA,21,4,lex_phase_4,0.0024950504302978516,0.0007338523864746094,0.0007090568542480469,2076.71484375
oos_experiment,TK-PB-Drahi_17-d1-HET-ULO-8c673aa6e5-r4,4,DETERMINISTIC_RH,LEXMMFPEA,21,5,lex_phase_5,0.0017368793487548828,0.0004169940948486328,0.0004019737243652344,2076.71484375
oos_experiment,TK-PB-Drahi_17-d1-HET-ULO-8c673aa6e5-r4,4,DETERMINISTIC_RH,LEXMMFPEA,21,5,lex_phase_5,0.0024950504302978516,0.0006918907165527344,0.0006639957427978516,2076.71484375
oos_experiment,TK-PB-Drahi_17-d1-HET-ULO-8c673aa6e5-r4,4,DETERMINISTIC_RH,LEXMMFPEA,21,6,economic_tie_break,0.0017368793487548828,0.0007431507110595703,0.0007297992706298828,2076.71484375
oos_experiment,TK-PB-Drahi_17-d1-HET-ULO-8c673aa6e5-r4,4,DETERMINISTIC_RH,LEXMMFPEA,21,6,economic_tie_break,0.0024950504302978516,0.0014040470123291016,0.0013799667358398438,2076.71484375
oos_experiment,TK-PB-Drahi_17-d1-HET-ULO-8c673aa6e5-r4,4,DETERMINISTIC_RH,LEXMMFPEA,22,1,lex_phase_1,0.0017368793487548828,0.0026428699493408203,0.0012259483337402344,2076.71484375
oos_experiment,TK-PB-Drahi_17-d1-HET-ULO-8c673aa6e5-r4,4,DETERMINISTIC_RH,LEXMMFPEA,22,1,lex_phase_1,0.0024950504302978516,0.003838062286376953,0.0018169879913330078,2076.71484375
oos_experiment,TK-PB-Drahi_17-d1-HET-ULO-8c673aa6e5-r4,4,DETERMINISTIC_RH,LEXMMFPEA,22,2,lex_phase_2,0.0017368793487548828,0.0005991458892822266,0.000576019287109375,2076.71484375
oos_experiment,TK-PB-Drahi_17-d1-HET-ULO-8c673aa6e5-r4,4,DETERMINISTIC_RH,LEXMMFPEA,22,2,lex_phase_2,0.0024950504302978516,0.0007798671722412109,0.0007491111755371094,2076.71484375
oos_experiment,TK-PB-Drahi_17-d1-HET-ULO-8c673aa6e5-r4,4,DETERMINISTIC_RH,LEXMMFPEA,22,3,lex_phase_3,0.0017368793487548828,0.00047397613525390625,0.00045609474182128906,2076.71484375
oos_experiment,TK-PB-Drahi_17-d1-HET-ULO-8c673aa6e5-r4,4,DETERMINISTIC_RH,LEXMMFPEA,22,3,lex_phase_3,0.0024950504302978516,0.0007579326629638672,0.0007328987121582031,2076.71484375
oos_experiment,TK-PB-Drahi_17-d1-HET-ULO-8c673aa6e5-r4,4,DETERMINISTIC_RH,LEXMMFPEA,22,4,lex_phase_4,0.0017368793487548828,0.0004601478576660156,0.0004448890686035156,2076.71484375
oos_experiment,TK-PB-Drahi_17-d1-HET-ULO-8c673aa6e5-r4,4,DETERMINISTIC_RH,LEXMMFPEA,22,4,lex_phase_4,0.0024950504302978516,0.0007338523864746094,0.0007090568542480469,2076.71484375
oos_experiment,TK-PB-Drahi_17-d1-HET-ULO-8c673aa6e5-r4,4,DETERMINISTIC_RH,LEXMMFPEA,22,5,lex_phase_5,0.0017368793487548828,0.0004169940948486328,0.0004019737243652344,2076.71484375
oos_experiment,TK-PB-Drahi_17-d1-HET-ULO-8c673aa6e5-r4,4,DETERMINISTIC_RH,LEXMMFPEA,22,5,lex_phase_5,0.0024950504302978516,0.0006918907165527344,0.0006639957427978516,2076.71484375
oos_experiment,TK-PB-Drahi_17-d1-HET-ULO-8c673aa6e5-r4,4,DETERMINISTIC_RH,LEXMMFPEA,22,6,economic_tie_break,0.0017368793487548828,0.0007431507110595703,0.0007297992706298828,2076.71484375
oos_experiment,TK-PB-Drahi_17-d1-HET-ULO-8c673aa6e5-r4,4,DETERMINISTIC_RH,LEXMMFPEA,22,6,economic_tie_break,0.0024950504302978516,0.0014040470123291016,0.0013799667358398438,2076.71484375
oos_experiment,TK-PB-Drahi_17-d1-HET-ULO-8c673aa6e5-r4,4,DETERMINISTIC_RH,LEXMMFPEA,23,1,lex_phase_1,0.0017368793487548828,0.0026428699493408203,0.0012259483337402344,2076.71484375
oos_experiment,TK-PB-Drahi_17-d1-HET-ULO-8c673aa6e5-r4,4,DETERMINISTIC_RH,LEXMMFPEA,23,1,lex_phase_1,0.0024950504302978516,0.003838062286376953,0.0018169879913330078,2076.71484375
oos_experiment,TK-PB-Drahi_17-d1-HET-ULO-8c673aa6e5-r4,4,DETERMINISTIC_RH,LEXMMFPEA,23,2,lex_phase_2,0.0017368793487548828,0.0005991458892822266,0.000576019287109375,2076.71484375
oos_experiment,TK-PB-Drahi_17-d1-HET-ULO-8c673aa6e5-r4,4,DETERMINISTIC_RH,LEXMMFPEA,23,2,lex_phase_2,0.0024950504302978516,0.0007798671722412109,0.0007491111755371094,2076.71484375
oos_experiment,TK-PB-Drahi_17-d1-HET-ULO-8c673aa6e5-r4,4,DETERMINISTIC_RH,LEXMMFPEA,23,3,lex_phase_3,0.0017368793487548828,0.00047397613525390625,0.00045609474182128906,2076.71484375
oos_experiment,TK-PB-Drahi_17-d1-HET-ULO-8c673aa6e5-r4,4,DETERMINISTIC_RH,LEXMMFPEA,23,3,lex_phase_3,0.0024950504302978516,0.0007579326629638672,0.0007328987121582031,2076.71484375
oos_experiment,TK-PB-Drahi_17-d1-HET-ULO-8c673aa6e5-r4,4,DETERMINISTIC_RH,LEXMMFPEA,23,4,lex_phase_4,0.0017368793487548828,0.0004601478576660156,0.0004448890686035156,2076.71484375
oos_experiment,TK-PB-Drahi_17-d1-HET-ULO-8c673aa6e5-r4,4,DETERMINISTIC_RH,LEXMMFPEA,23,4,lex_phase_4,0.0024950504302978516,0.0007338523864746094,0.0007090568542480469,2076.71484375
oos_experiment,TK-PB-Drahi_17-d1-HET-ULO-8c673aa6e5-r4,4,DETERMINISTIC_RH,LEXMMFPEA,23,5,lex_phase_5,0.0017368793487548828,0.0004169940948486328,0.0004019737243652344,2076.71484375
oos_experiment,TK-PB-Drahi_17-d1-HET-ULO-8c673aa6e5-r4,4,DETERMINISTIC_RH,LEXMMFPEA,23,5,lex_phase_5,0.0024950504302978516,0.0006918907165527344,0.0006639957427978516,2076.71484375
oos_experiment,TK-PB-Drahi_17-d1-HET-ULO-8c673aa6e5-r4,4,DETERMINISTIC_RH,LEXMMFPEA,23,6,economic_tie_break,0.0017368793487548828,0.0007431507110595703,0.0007297992706298828,2076.71484375
oos_experiment,TK-PB-Drahi_17-d1-HET-ULO-8c673aa6e5-r4,4,DETERMINISTIC_RH,LEXMMFPEA,23,6,economic_tie_break,0.0024950504302978516,0.0014040470123291016,0.0013799667358398438,2076.71484375
oos_experiment,TK-PB-Drahi_17-d1-HET-ULO-8c673aa6e5-r4,4,DETERMINISTIC_RH,LEXMMFPEA,24,1,lex_phase_1,0.0017368793487548828,0.0026428699493408203,0.0012259483337402344,2076.71484375
oos_experiment,TK-PB-Drahi_17-d1-HET-ULO-8c673aa6e5-r4,4,DETERMINISTIC_RH,LEXMMFPEA,24,1,lex_phase_1,0.0024950504302978516,0.003838062286376953,0.0018169879913330078,2076.71484375
oos_experiment,TK-PB-Drahi_17-d1-HET-ULO-8c673aa6e5-r4,4,DETERMINISTIC_RH,LEXMMFPEA,24,2,lex_phase_2,0.0017368793487548828,0.0005991458892822266,0.000576019287109375,2076.71484375
oos_experiment,TK-PB-Drahi_17-d1-HET-ULO-8c673aa6e5-r4,4,DETERMINISTIC_RH,LEXMMFPEA,24,2,lex_phase_2,0.0024950504302978516,0.0007798671722412109,0.0007491111755371094,2076.71484375
oos_experiment,TK-PB-Drahi_17-d1-HET-ULO-8c673aa6e5-r4,4,DETERMINISTIC_RH,LEXMMFPEA,24,3,lex_phase_3,0.0017368793487548828,0.00047397613525390625,0.00045609474182128906,2076.71484375
oos_experiment,TK-PB-Drahi_17-d1-HET-ULO-8c673aa6e5-r4,4,DETERMINISTIC_RH,LEXMMFPEA,24,3,lex_phase_3,0.0024950504302978516,0.0007579326629638672,0.0007328987121582031,2076.71484375
oos_experiment,TK-PB-Drahi_17-d1-HET-ULO-8c673aa6e5-r4,4,DETERMINISTIC_RH,LEXMMFPEA,24,4,lex_phase_4,0.0017368793487548828,0.0004601478576660156,0.0004448890686035156,2076.71484375
oos_experiment,TK-PB-Drahi_17-d1-HET-ULO-8c673aa6e5-r4,4,DETERMINISTIC_RH,LEXMMFPEA,24,4,lex_phase_4,0.0024950504302978516,0.0007338523864746094,0.0007090568542480469,2076.71484375
oos_experiment,TK-PB-Drahi_17-d1-HET-ULO-8c673aa6e5-r4,4,DETERMINISTIC_RH,LEXMMFPEA,24,5,lex_phase_5,0.0017368793487548828,0.0004169940948486328,0.0004019737243652344,2076.71484375
oos_experiment,TK-PB-Drahi_17-d1-HET-ULO-8c673aa6e5-r4,4,DETERMINISTIC_RH,LEXMMFPEA,24,5,lex_phase_5,0.0024950504302978516,0.0006918907165527344,0.0006639957427978516,2076.71484375
oos_experiment,TK-PB-Drahi_17-d1-HET-ULO-8c673aa6e5-r4,4,DETERMINISTIC_RH,LEXMMFPEA,24,6,economic_tie_break,0.0017368793487548828,0.0007431507110595703,0.0007297992706298828,2076.71484375
oos_experiment,TK-PB-Drahi_17-d1-HET-ULO-8c673aa6e5-r4,4,DETERMINISTIC_RH,LEXMMFPEA,24,6,economic_tie_break,0.0024950504302978516,0.0014040470123291016,0.0013799667358398438,2076.71484375
oos_experiment,TK-PB-Drahi_17-d1-HET-ULO-8c673aa6e5-r4,4,DETERMINISTIC_RH,LEXMMFSA,1,1,lex_phase_1,0.0016829967498779297,0.0045299530029296875,0.002995014190673828,2076.71484375
oos_experiment,TK-PB-Drahi_17-d1-HET-ULO-8c673aa6e5-r4,4,DETERMINISTIC_RH,LEXMMFSA,1,1,lex_phase_1,0.0023610591888427734,0.007581949234008789,0.00569605827331543,2076.71484375
oos_experiment,TK-PB-Drahi_17-d1-HET-ULO-8c673aa6e5-r4,4,DETERMINISTIC_RH,LEXMMFSA,1,2,lex_phase_2,0.0016829967498779297,0.0005741119384765625,0.0005478858947753906,2076.71484375
oos_experiment,TK-PB-Drahi_17-d1-HET-ULO-8c673aa6e5-r4,4,DETERMINISTIC_RH,LEXMMFSA,1,2,lex_phase_2,0.0023610591888427734,0.0007228851318359375,0.0006978511810302734,2076.71484375
oos_experiment,TK-PB-Drahi_17-d1-HET-ULO-8c673aa6e5-r4,4,DETERMINISTIC_RH,LEXMMFSA,1,3,lex_phase_3,0.0016829967498779297,0.0004611015319824219,0.00044417381286621094,2076.71484375
oos_experiment,TK-PB-Drahi_17-d1-HET-ULO-8c673aa6e5-r4,4,DETERMINISTIC_RH,LEXMMFSA,1,3,lex_phase_3,0.0023610591888427734,0.0008950233459472656,0.0008590221405029297,2076.71484375
oos_experiment,TK-PB-Drahi_17-d1-HET-ULO-8c673aa6e5-r4,4,DETERMINISTIC_RH,LEXMMFSA,1,4,lex_phase_4,0.0016829967498779297,0.0003981590270996094,0.0003788471221923828,2076.71484375
oos_experiment,TK-PB-Drahi_17-d1-HET-ULO-8c673aa6e5-r4,4,DETERMINISTIC_RH,LEXMMFSA,1,4,lex_phase_4,0.0023610591888427734,0.0007240772247314453,0.0006940364837646484,2076.71484375
oos_experiment,TK-PB-Drahi_17-d1-HET-ULO-8c673aa6e5-r4,4,DETERMINISTIC_RH,LEXMMFSA,1,5,lex_phase_5,0.0016829967498779297,0.0004010200500488281,0.0003809928894042969,2076.71484375
oos_experiment,TK-PB-Drahi_17-d1-HET-ULO-8c673aa6e5-r4,4,DETERMINISTIC_RH,LEXMMFSA,1,5,lex_phase_5,0.0023610591888427734,0.0007889270782470703,0.0007541179656982422,2076.71484375
oos_experiment,TK-PB-Drahi_17-d1-HET-ULO-8c673aa6e5-r4,4,DETERMINISTIC_RH,LEXMMFSA,1,6,economic_tie_break,0.0016829967498779297,0.0002779960632324219,0.00026297569274902344,2076.71484375
oos_experiment,TK-PB-Drahi_17-d1-HET-ULO-8c673aa6e5-r4,4,DETERMINISTIC_RH,LEXMMFSA,1,6,economic_tie_break,0.0023610591888427734,0.0006120204925537109,0.0005850791931152344,2076.71484375
oos_experiment,TK-PB-Drahi_17-d1-HET-ULO-8c673aa6e5-r4,4,DETERMINISTIC_RH,LEXMMFSA,2,1,lex_phase_1,0.0016829967498779297,0.0045299530029296875,0.002995014190673828,2076.71484375
oos_experiment,TK-PB-Drahi_17-d1-HET-ULO-8c673aa6e5-r4,4,DETERMINISTIC_RH,LEXMMFSA,2,1,lex_phase_1,0.0023610591888427734,0.007581949234008789,0.00569605827331543,2076.71484375
oos_experiment,TK-PB-Drahi_17-d1-HET-ULO-8c673aa6e5-r4,4,DETERMINISTIC_RH,LEXMMFSA,2,2,lex_phase_2,0.0016829967498779297,0.0005741119384765625,0.0005478858947753906,2076.71484375
oos_experiment,TK-PB-Drahi_17-d1-HET-ULO-8c673aa6e5-r4,4,DETERMINISTIC_RH,LEXMMFSA,2,2,lex_phase_2,0.0023610591888427734,0.0007228851318359375,0.0006978511810302734,2076.71484375
oos_experiment,TK-PB-Drahi_17-d1-HET-ULO-8c673aa6e5-r4,4,DETERMINISTIC_RH,LEXMMFSA,2,3,lex_phase_3,0.0016829967498779297,0.0004611015319824219,0.00044417381286621094,2076.71484375
oos_experiment,TK-PB-Drahi_17-d1-HET-ULO-8c673aa6e5-r4,4,DETERMINISTIC_RH,LEXMMFSA,2,3,lex_phase_3,0.0023610591888427734,0.0008950233459472656,0.0008590221405029297,2076.71484375
oos_experiment,TK-PB-Drahi_17-d1-HET-ULO-8c673aa6e5-r4,4,DETERMINISTIC_RH,LEXMMFSA,2,4,lex_phase_4,0.0016829967498779297,0.0003981590270996094,0.0003788471221923828,2076.71484375
oos_experiment,TK-PB-Drahi_17-d1-HET-ULO-8c673aa6e5-r4,4,DETERMINISTIC_RH,LEXMMFSA,2,4,lex_phase_4,0.0023610591888427734,0.0007240772247314453,0.0006940364837646484,2076.71484375
oos_experiment,TK-PB-Drahi_17-d1-HET-ULO-8c673aa6e5-r4,4,DETERMINISTIC_RH,LEXMMFSA,2,5,lex_phase_5,0.0016829967498779297,0.0004010200500488281,0.0003809928894042969,2076.71484375
oos_experiment,TK-PB-Drahi_17-d1-HET-ULO-8c673aa6e5-r4,4,DETERMINISTIC_RH,LEXMMFSA,2,5,lex_phase_5,0.0023610591888427734,0.0007889270782470703,0.0007541179656982422,2076.71484375
oos_experiment,TK-PB-Drahi_17-d1-HET-ULO-8c673aa6e5-r4,4,DETERMINISTIC_RH,LEXMMFSA,2,6,economic_tie_break,0.0016829967498779297,0.0002779960632324219,0.00026297569274902344,2076.71484375
oos_experiment,TK-PB-Drahi_17-d1-HET-ULO-8c673aa6e5-r4,4,DETERMINISTIC_RH,LEXMMFSA,2,6,economic_tie_break,0.0023610591888427734,0.0006120204925537109,0.0005850791931152344,2076.71484375
oos_experiment,TK-PB-Drahi_17-d1-HET-ULO-8c673aa6e5-r4,4,DETERMINISTIC_RH,LEXMMFSA,3,1,lex_phase_1,0.0016829967498779297,0.0045299530029296875,0.002995014190673828,2076.71484375
oos_experiment,TK-PB-Drahi_17-d1-HET-ULO-8c673aa6e5-r4,4,DETERMINISTIC_RH,LEXMMFSA,3,1,lex_phase_1,0.0023610591888427734,0.007581949234008789,0.00569605827331543,2076.71484375
oos_experiment,TK-PB-Drahi_17-d1-HET-ULO-8c673aa6e5-r4,4,DETERMINISTIC_RH,LEXMMFSA,3,2,lex_phase_2,0.0016829967498779297,0.0005741119384765625,0.0005478858947753906,2076.71484375
oos_experiment,TK-PB-Drahi_17-d1-HET-ULO-8c673aa6e5-r4,4,DETERMINISTIC_RH,LEXMMFSA,3,2,lex_phase_2,0.0023610591888427734,0.0007228851318359375,0.0006978511810302734,2076.71484375
oos_experiment,TK-PB-Drahi_17-d1-HET-ULO-8c673aa6e5-r4,4,DETERMINISTIC_RH,LEXMMFSA,3,3,lex_phase_3,0.0016829967498779297,0.0004611015319824219,0.00044417381286621094,2076.71484375
oos_experiment,TK-PB-Drahi_17-d1-HET-ULO-8c673aa6e5-r4,4,DETERMINISTIC_RH,LEXMMFSA,3,3,lex_phase_3,0.0023610591888427734,0.0008950233459472656,0.0008590221405029297,2076.71484375
oos_experiment,TK-PB-Drahi_17-d1-HET-ULO-8c673aa6e5-r4,4,DETERMINISTIC_RH,LEXMMFSA,3,4,lex_phase_4,0.0016829967498779297,0.0003981590270996094,0.0003788471221923828,2076.71484375
oos_experiment,TK-PB-Drahi_17-d1-HET-ULO-8c673aa6e5-r4,4,DETERMINISTIC_RH,LEXMMFSA,3,4,lex_phase_4,0.0023610591888427734,0.0007240772247314453,0.0006940364837646484,2076.71484375
oos_experiment,TK-PB-Drahi_17-d1-HET-ULO-8c673aa6e5-r4,4,DETERMINISTIC_RH,LEXMMFSA,3,5,lex_phase_5,0.0016829967498779297,0.0004010200500488281,0.0003809928894042969,2076.71484375
oos_experiment,TK-PB-Drahi_17-d1-HET-ULO-8c673aa6e5-r4,4,DETERMINISTIC_RH,LEXMMFSA,3,5,lex_phase_5,0.0023610591888427734,0.0007889270782470703,0.0007541179656982422,2076.71484375
oos_experiment,TK-PB-Drahi_17-d1-HET-ULO-8c673aa6e5-r4,4,DETERMINISTIC_RH,LEXMMFSA,3,6,economic_tie_break,0.0016829967498779297,0.0002779960632324219,0.00026297569274902344,2076.71484375
oos_experiment,TK-PB-Drahi_17-d1-HET-ULO-8c673aa6e5-r4,4,DETERMINISTIC_RH,LEXMMFSA,3,6,economic_tie_break,0.0023610591888427734,0.0006120204925537109,0.0005850791931152344,2076.71484375
oos_experiment,TK-PB-Drahi_17-d1-HET-ULO-8c673aa6e5-r4,4,DETERMINISTIC_RH,LEXMMFSA,4,1,lex_phase_1,0.0016829967498779297,0.0045299530029296875,0.002995014190673828,2076.71484375
oos_experiment,TK-PB-Drahi_17-d1-HET-ULO-8c673aa6e5-r4,4,DETERMINISTIC_RH,LEXMMFSA,4,1,lex_phase_1,0.0023610591888427734,0.007581949234008789,0.00569605827331543,2076.71484375
oos_experiment,TK-PB-Drahi_17-d1-HET-ULO-8c673aa6e5-r4,4,DETERMINISTIC_RH,LEXMMFSA,4,2,lex_phase_2,0.0016829967498779297,0.0005741119384765625,0.0005478858947753906,2076.71484375
oos_experiment,TK-PB-Drahi_17-d1-HET-ULO-8c673aa6e5-r4,4,DETERMINISTIC_RH,LEXMMFSA,4,2,lex_phase_2,0.0023610591888427734,0.0007228851318359375,0.0006978511810302734,2076.71484375
oos_experiment,TK-PB-Drahi_17-d1-HET-ULO-8c673aa6e5-r4,4,DETERMINISTIC_RH,LEXMMFSA,4,3,lex_phase_3,0.0016829967498779297,0.0004611015319824219,0.00044417381286621094,2076.71484375
oos_experiment,TK-PB-Drahi_17-d1-HET-ULO-8c673aa6e5-r4,4,DETERMINISTIC_RH,LEXMMFSA,4,3,lex_phase_3,0.0023610591888427734,0.0008950233459472656,0.0008590221405029297,2076.71484375
oos_experiment,TK-PB-Drahi_17-d1-HET-ULO-8c673aa6e5-r4,4,DETERMINISTIC_RH,LEXMMFSA,4,4,lex_phase_4,0.0016829967498779297,0.0003981590270996094,0.0003788471221923828,2076.71484375
oos_experiment,TK-PB-Drahi_17-d1-HET-ULO-8c673aa6e5-r4,4,DETERMINISTIC_RH,LEXMMFSA,4,4,lex_phase_4,0.0023610591888427734,0.0007240772247314453,0.0006940364837646484,2076.71484375
oos_experiment,TK-PB-Drahi_17-d1-HET-ULO-8c673aa6e5-r4,4,DETERMINISTIC_RH,LEXMMFSA,4,5,lex_phase_5,0.0016829967498779297,0.0004010200500488281,0.0003809928894042969,2076.71484375
oos_experiment,TK-PB-Drahi_17-d1-HET-ULO-8c673aa6e5-r4,4,DETERMINISTIC_RH,LEXMMFSA,4,5,lex_phase_5,0.0023610591888427734,0.0007889270782470703,0.0007541179656982422,2076.71484375
oos_experiment,TK-PB-Drahi_17-d1-HET-ULO-8c673aa6e5-r4,4,DETERMINISTIC_RH,LEXMMFSA,4,6,economic_tie_break,0.0016829967498779297,0.0002779960632324219,0.00026297569274902344,2076.71484375
oos_experiment,TK-PB-Drahi_17-d1-HET-ULO-8c673aa6e5-r4,4,DETERMINISTIC_RH,LEXMMFSA,4,6,economic_tie_break,0.0023610591888427734,0.0006120204925537109,0.0005850791931152344,2076.71484375
oos_experiment,TK-PB-Drahi_17-d1-HET-ULO-8c673aa6e5-r4,4,DETERMINISTIC_RH,LEXMMFSA,5,1,lex_phase_1,0.0017218589782714844,0.005106925964355469,0.0035500526428222656,2076.71484375
oos_experiment,TK-PB-Drahi_17-d1-HET-ULO-8c673aa6e5-r4,4,DETERMINISTIC_RH,LEXMMFSA,5,1,lex_phase_1,0.0024399757385253906,0.008373022079467773,0.00623011589050293,2076.71484375
oos_experiment,TK-PB-Drahi_17-d1-HET-ULO-8c673aa6e5-r4,4,DETERMINISTIC_RH,LEXMMFSA,5,2,lex_phase_2,0.0017218589782714844,0.0006170272827148438,0.0005929470062255859,2076.71484375
oos_experiment,TK-PB-Drahi_17-d1-HET-ULO-8c673aa6e5-r4,4,DETERMINISTIC_RH,LEXMMFSA,5,2,lex_phase_2,0.0024399757385253906,0.0009641647338867188,0.0009319782257080078,2076.71484375
oos_experiment,TK-PB-Drahi_17-d1-HET-ULO-8c673aa6e5-r4,4,DETERMINISTIC_RH,LEXMMFSA,5,3,lex_phase_3,0.0017218589782714844,0.00046896934509277344,0.00044798851013183594,2076.71484375
oos_experiment,TK-PB-Drahi_17-d1-HET-ULO-8c673aa6e5-r4,4,DETERMINISTIC_RH,LEXMMFSA,5,3,lex_phase_3,0.0024399757385253906,0.0009131431579589844,0.0008840560913085938,2076.71484375
oos_experiment,TK-PB-Drahi_17-d1-HET-ULO-8c673aa6e5-r4,4,DETERMINISTIC_RH,LEXMMFSA,5,4,lex_phase_4,0.0017218589782714844,0.0004048347473144531,0.0003859996795654297,2076.71484375
oos_experiment,TK-PB-Drahi_17-d1-HET-ULO-8c673aa6e5-r4,4,DETERMINISTIC_RH,LEXMMFSA,5,4,lex_phase_4,0.0024399757385253906,0.0007178783416748047,0.0006871223449707031,2076.71484375
oos_experiment,TK-PB-Drahi_17-d1-HET-ULO-8c673aa6e5-r4,4,DETERMINISTIC_RH,LEXMMFSA,5,5,lex_phase_5,0.0017218589782714844,0.0004069805145263672,0.00039005279541015625,2076.71484375
oos_experiment,TK-PB-Drahi_17-d1-HET-ULO-8c673aa6e5-r4,4,DETERMINISTIC_RH,LEXMMFSA,5,5,lex_phase_5,0.0024399757385253906,0.0008192062377929688,0.0007889270782470703,2076.71484375
oos_experiment,TK-PB-Drahi_17-d1-HET-ULO-8c673aa6e5-r4,4,DETERMINISTIC_RH,LEXMMFSA,5,6,economic_tie_break,0.0017218589782714844,0.00031304359436035156,0.00029397010803222656,2076.71484375
oos_experiment,TK-PB-Drahi_17-d1-HET-ULO-8c673aa6e5-r4,4,DETERMINISTIC_RH,LEXMMFSA,5,6,economic_tie_break,0.0024399757385253906,0.0005629062652587891,0.0005300045013427734,2076.71484375
oos_experiment,TK-PB-Drahi_17-d1-HET-ULO-8c673aa6e5-r4,4,DETERMINISTIC_RH,LEXMMFSA,6,1,lex_phase_1,0.0017218589782714844,0.005106925964355469,0.0035500526428222656,2076.71484375
oos_experiment,TK-PB-Drahi_17-d1-HET-ULO-8c673aa6e5-r4,4,DETERMINISTIC_RH,LEXMMFSA,6,1,lex_phase_1,0.0024399757385253906,0.008373022079467773,0.00623011589050293,2076.71484375
oos_experiment,TK-PB-Drahi_17-d1-HET-ULO-8c673aa6e5-r4,4,DETERMINISTIC_RH,LEXMMFSA,6,2,lex_phase_2,0.0017218589782714844,0.0006170272827148438,0.0005929470062255859,2076.71484375
oos_experiment,TK-PB-Drahi_17-d1-HET-ULO-8c673aa6e5-r4,4,DETERMINISTIC_RH,LEXMMFSA,6,2,lex_phase_2,0.0024399757385253906,0.0009641647338867188,0.0009319782257080078,2076.71484375
oos_experiment,TK-PB-Drahi_17-d1-HET-ULO-8c673aa6e5-r4,4,DETERMINISTIC_RH,LEXMMFSA,6,3,lex_phase_3,0.0017218589782714844,0.00046896934509277344,0.00044798851013183594,2076.71484375
oos_experiment,TK-PB-Drahi_17-d1-HET-ULO-8c673aa6e5-r4,4,DETERMINISTIC_RH,LEXMMFSA,6,3,lex_phase_3,0.0024399757385253906,0.0009131431579589844,0.0008840560913085938,2076.71484375
oos_experiment,TK-PB-Drahi_17-d1-HET-ULO-8c673aa6e5-r4,4,DETERMINISTIC_RH,LEXMMFSA,6,4,lex_phase_4,0.0017218589782714844,0.0004048347473144531,0.0003859996795654297,2076.71484375
oos_experiment,TK-PB-Drahi_17-d1-HET-ULO-8c673aa6e5-r4,4,DETERMINISTIC_RH,LEXMMFSA,6,4,lex_phase_4,0.0024399757385253906,0.0007178783416748047,0.0006871223449707031,2076.71484375
oos_experiment,TK-PB-Drahi_17-d1-HET-ULO-8c673aa6e5-r4,4,DETERMINISTIC_RH,LEXMMFSA,6,5,lex_phase_5,0.0017218589782714844,0.0004069805145263672,0.00039005279541015625,2076.71484375
oos_experiment,TK-PB-Drahi_17-d1-HET-ULO-8c673aa6e5-r4,4,DETERMINISTIC_RH,LEXMMFSA,6,5,lex_phase_5,0.0024399757385253906,0.0008192062377929688,0.0007889270782470703,2076.71484375
oos_experiment,TK-PB-Drahi_17-d1-HET-ULO-8c673aa6e5-r4,4,DETERMINISTIC_RH,LEXMMFSA,6,6,economic_tie_break,0.0017218589782714844,0.00031304359436035156,0.00029397010803222656,2076.71484375
oos_experiment,TK-PB-Drahi_17-d1-HET-ULO-8c673aa6e5-r4,4,DETERMINISTIC_RH,LEXMMFSA,6,6,economic_tie_break,0.0024399757385253906,0.0005629062652587891,0.0005300045013427734,2076.71484375
oos_experiment,TK-PB-Drahi_17-d1-HET-ULO-8c673aa6e5-r4,4,DETERMINISTIC_RH,LEXMMFSA,7,1,lex_phase_1,0.0017218589782714844,0.005106925964355469,0.0035500526428222656,2076.71484375
oos_experiment,TK-PB-Drahi_17-d1-HET-ULO-8c673aa6e5-r4,4,DETERMINISTIC_RH,LEXMMFSA,7,1,lex_phase_1,0.0024399757385253906,0.008373022079467773,0.00623011589050293,2076.71484375
oos_experiment,TK-PB-Drahi_17-d1-HET-ULO-8c673aa6e5-r4,4,DETERMINISTIC_RH,LEXMMFSA,7,2,lex_phase_2,0.0017218589782714844,0.0006170272827148438,0.0005929470062255859,2076.71484375
oos_experiment,TK-PB-Drahi_17-d1-HET-ULO-8c673aa6e5-r4,4,DETERMINISTIC_RH,LEXMMFSA,7,2,lex_phase_2,0.0024399757385253906,0.0009641647338867188,0.0009319782257080078,2076.71484375
oos_experiment,TK-PB-Drahi_17-d1-HET-ULO-8c673aa6e5-r4,4,DETERMINISTIC_RH,LEXMMFSA,7,3,lex_phase_3,0.0017218589782714844,0.00046896934509277344,0.00044798851013183594,2076.71484375
oos_experiment,TK-PB-Drahi_17-d1-HET-ULO-8c673aa6e5-r4,4,DETERMINISTIC_RH,LEXMMFSA,7,3,lex_phase_3,0.0024399757385253906,0.0009131431579589844,0.0008840560913085938,2076.71484375
oos_experiment,TK-PB-Drahi_17-d1-HET-ULO-8c673aa6e5-r4,4,DETERMINISTIC_RH,LEXMMFSA,7,4,lex_phase_4,0.0017218589782714844,0.0004048347473144531,0.0003859996795654297,2076.71484375
oos_experiment,TK-PB-Drahi_17-d1-HET-ULO-8c673aa6e5-r4,4,DETERMINISTIC_RH,LEXMMFSA,7,4,lex_phase_4,0.0024399757385253906,0.0007178783416748047,0.0006871223449707031,2076.71484375
oos_experiment,TK-PB-Drahi_17-d1-HET-ULO-8c673aa6e5-r4,4,DETERMINISTIC_RH,LEXMMFSA,7,5,lex_phase_5,0.0017218589782714844,0.0004069805145263672,0.00039005279541015625,2076.71484375
oos_experiment,TK-PB-Drahi_17-d1-HET-ULO-8c673aa6e5-r4,4,DETERMINISTIC_RH,LEXMMFSA,7,5,lex_phase_5,0.0024399757385253906,0.0008192062377929688,0.0007889270782470703,2076.71484375
oos_experiment,TK-PB-Drahi_17-d1-HET-ULO-8c673aa6e5-r4,4,DETERMINISTIC_RH,LEXMMFSA,7,6,economic_tie_break,0.0017218589782714844,0.00031304359436035156,0.00029397010803222656,2076.71484375
oos_experiment,TK-PB-Drahi_17-d1-HET-ULO-8c673aa6e5-r4,4,DETERMINISTIC_RH,LEXMMFSA,7,6,economic_tie_break,0.0024399757385253906,0.0005629062652587891,0.0005300045013427734,2076.71484375
oos_experiment,TK-PB-Drahi_17-d1-HET-ULO-8c673aa6e5-r4,4,DETERMINISTIC_RH,LEXMMFSA,8,1,lex_phase_1,0.0017218589782714844,0.005106925964355469,0.0035500526428222656,2076.71484375
oos_experiment,TK-PB-Drahi_17-d1-HET-ULO-8c673aa6e5-r4,4,DETERMINISTIC_RH,LEXMMFSA,8,1,lex_phase_1,0.0024399757385253906,0.008373022079467773,0.00623011589050293,2076.71484375
oos_experiment,TK-PB-Drahi_17-d1-HET-ULO-8c673aa6e5-r4,4,DETERMINISTIC_RH,LEXMMFSA,8,2,lex_phase_2,0.0017218589782714844,0.0006170272827148438,0.0005929470062255859,2076.71484375
oos_experiment,TK-PB-Drahi_17-d1-HET-ULO-8c673aa6e5-r4,4,DETERMINISTIC_RH,LEXMMFSA,8,2,lex_phase_2,0.0024399757385253906,0.0009641647338867188,0.0009319782257080078,2076.71484375
oos_experiment,TK-PB-Drahi_17-d1-HET-ULO-8c673aa6e5-r4,4,DETERMINISTIC_RH,LEXMMFSA,8,3,lex_phase_3,0.0017218589782714844,0.00046896934509277344,0.00044798851013183594,2076.71484375
oos_experiment,TK-PB-Drahi_17-d1-HET-ULO-8c673aa6e5-r4,4,DETERMINISTIC_RH,LEXMMFSA,8,3,lex_phase_3,0.0024399757385253906,0.0009131431579589844,0.0008840560913085938,2076.71484375
oos_experiment,TK-PB-Drahi_17-d1-HET-ULO-8c673aa6e5-r4,4,DETERMINISTIC_RH,LEXMMFSA,8,4,lex_phase_4,0.0017218589782714844,0.0004048347473144531,0.0003859996795654297,2076.71484375
oos_experiment,TK-PB-Drahi_17-d1-HET-ULO-8c673aa6e5-r4,4,DETERMINISTIC_RH,LEXMMFSA,8,4,lex_phase_4,0.0024399757385253906,0.0007178783416748047,0.0006871223449707031,2076.71484375
oos_experiment,TK-PB-Drahi_17-d1-HET-ULO-8c673aa6e5-r4,4,DETERMINISTIC_RH,LEXMMFSA,8,5,lex_phase_5,0.0017218589782714844,0.0004069805145263672,0.00039005279541015625,2076.71484375
oos_experiment,TK-PB-Drahi_17-d1-HET-ULO-8c673aa6e5-r4,4,DETERMINISTIC_RH,LEXMMFSA,8,5,lex_phase_5,0.0024399757385253906,0.0008192062377929688,0.0007889270782470703,2076.71484375
oos_experiment,TK-PB-Drahi_17-d1-HET-ULO-8c673aa6e5-r4,4,DETERMINISTIC_RH,LEXMMFSA,8,6,economic_tie_break,0.0017218589782714844,0.00031304359436035156,0.00029397010803222656,2076.71484375
oos_experiment,TK-PB-Drahi_17-d1-HET-ULO-8c673aa6e5-r4,4,DETERMINISTIC_RH,LEXMMFSA,8,6,economic_tie_break,0.0024399757385253906,0.0005629062652587891,0.0005300045013427734,2076.71484375
oos_experiment,TK-PB-Drahi_17-d1-HET-ULO-8c673aa6e5-r4,4,DETERMINISTIC_RH,LEXMMFSA,9,1,lex_phase_1,0.001795053482055664,0.004291057586669922,0.002786874771118164,2076.71484375
oos_experiment,TK-PB-Drahi_17-d1-HET-ULO-8c673aa6e5-r4,4,DETERMINISTIC_RH,LEXMMFSA,9,1,lex_phase_1,0.002413034439086914,0.006855010986328125,0.004527091979980469,2076.71484375
oos_experiment,TK-PB-Drahi_17-d1-HET-ULO-8c673aa6e5-r4,4,DETERMINISTIC_RH,LEXMMFSA,9,2,lex_phase_2,0.001795053482055664,0.0005719661712646484,0.0005431175231933594,2076.71484375
oos_experiment,TK-PB-Drahi_17-d1-HET-ULO-8c673aa6e5-r4,4,DETERMINISTIC_RH,LEXMMFSA,9,2,lex_phase_2,0.002413034439086914,0.0009050369262695312,0.0008680820465087891,2076.71484375
oos_experiment,TK-PB-Drahi_17-d1-HET-ULO-8c673aa6e5-r4,4,DETERMINISTIC_RH,LEXMMFSA,9,3,lex_phase_3,0.001795053482055664,0.0004279613494873047,0.0004069805145263672,2076.71484375
oos_experiment,TK-PB-Drahi_17-d1-HET-ULO-8c673aa6e5-r4,4,DETERMINISTIC_RH,LEXMMFSA,9,3,lex_phase_3,0.002413034439086914,0.0007848739624023438,0.0007569789886474609,2076.71484375
oos_experiment,TK-PB-Drahi_17-d1-HET-ULO-8c673aa6e5-r4,4,DETERMINISTIC_RH,LEXMMFSA,9,4,lex_phase_4,0.001795053482055664,0.00038695335388183594,0.00036978721618652344,2076.71484375
oos_experiment,TK-PB-Drahi_17-d1-HET-ULO-8c673aa6e5-r4,4,DETERMINISTIC_RH,LEXMMFSA,9,4,lex_phase_4,0.002413034439086914,0.0007760524749755859,0.0007441043853759766,2076.71484375
oos_experiment,TK-PB-Drahi_17-d1-HET-ULO-8c673aa6e5-r4,4,DETERMINISTIC_RH,LEXMMFSA,9,5,lex_phase_5,0.001795053482055664,0.00039196014404296875,0.00037407875061035156,2076.71484375
oos_experiment,TK-PB-Drahi_17-d1-HET-ULO-8c673aa6e5-r4,4,DETERMINISTIC_RH,LEXMMFSA,9,5,lex_phase_5,0.002413034439086914,0.0008080005645751953,0.0007760524749755859,2076.71484375
oos_experiment,TK-PB-Drahi_17-d1-HET-ULO-8c673aa6e5-r4,4,DETERMINISTIC_RH,LEXMMFSA,9,6,economic_tie_break,0.001795053482055664,0.00027489662170410156,0.0002598762512207031,2076.71484375
oos_experiment,TK-PB-Drahi_17-d1-HET-ULO-8c673aa6e5-r4,4,DETERMINISTIC_RH,LEXMMFSA,9,6,economic_tie_break,0.002413034439086914,0.0006079673767089844,0.000576019287109375,2076.71484375
oos_experiment,TK-PB-Drahi_17-d1-HET-ULO-8c673aa6e5-r4,4,DETERMINISTIC_RH,LEXMMFSA,10,1,lex_phase_1,0.001795053482055664,0.004291057586669922,0.002786874771118164,2076.71484375
oos_experiment,TK-PB-Drahi_17-d1-HET-ULO-8c673aa6e5-r4,4,DETERMINISTIC_RH,LEXMMFSA,10,1,lex_phase_1,0.002413034439086914,0.006855010986328125,0.004527091979980469,2076.71484375
oos_experiment,TK-PB-Drahi_17-d1-HET-ULO-8c673aa6e5-r4,4,DETERMINISTIC_RH,LEXMMFSA,10,2,lex_phase_2,0.001795053482055664,0.0005719661712646484,0.0005431175231933594,2076.71484375
oos_experiment,TK-PB-Drahi_17-d1-HET-ULO-8c673aa6e5-r4,4,DETERMINISTIC_RH,LEXMMFSA,10,2,lex_phase_2,0.002413034439086914,0.0009050369262695312,0.0008680820465087891,2076.71484375
oos_experiment,TK-PB-Drahi_17-d1-HET-ULO-8c673aa6e5-r4,4,DETERMINISTIC_RH,LEXMMFSA,10,3,lex_phase_3,0.001795053482055664,0.0004279613494873047,0.0004069805145263672,2076.71484375
oos_experiment,TK-PB-Drahi_17-d1-HET-ULO-8c673aa6e5-r4,4,DETERMINISTIC_RH,LEXMMFSA,10,3,lex_phase_3,0.002413034439086914,0.0007848739624023438,0.0007569789886474609,2076.71484375
oos_experiment,TK-PB-Drahi_17-d1-HET-ULO-8c673aa6e5-r4,4,DETERMINISTIC_RH,LEXMMFSA,10,4,lex_phase_4,0.001795053482055664,0.00038695335388183594,0.00036978721618652344,2076.71484375
oos_experiment,TK-PB-Drahi_17-d1-HET-ULO-8c673aa6e5-r4,4,DETERMINISTIC_RH,LEXMMFSA,10,4,lex_phase_4,0.002413034439086914,0.0007760524749755859,0.0007441043853759766,2076.71484375
oos_experiment,TK-PB-Drahi_17-d1-HET-ULO-8c673aa6e5-r4,4,DETERMINISTIC_RH,LEXMMFSA,10,5,lex_phase_5,0.001795053482055664,0.00039196014404296875,0.00037407875061035156,2076.71484375
oos_experiment,TK-PB-Drahi_17-d1-HET-ULO-8c673aa6e5-r4,4,DETERMINISTIC_RH,LEXMMFSA,10,5,lex_phase_5,0.002413034439086914,0.0008080005645751953,0.0007760524749755859,2076.71484375
oos_experiment,TK-PB-Drahi_17-d1-HET-ULO-8c673aa6e5-r4,4,DETERMINISTIC_RH,LEXMMFSA,10,6,economic_tie_break,0.001795053482055664,0.00027489662170410156,0.0002598762512207031,2076.71484375
oos_experiment,TK-PB-Drahi_17-d1-HET-ULO-8c673aa6e5-r4,4,DETERMINISTIC_RH,LEXMMFSA,10,6,economic_tie_break,0.002413034439086914,0.0006079673767089844,0.000576019287109375,2076.71484375
oos_experiment,TK-PB-Drahi_17-d1-HET-ULO-8c673aa6e5-r4,4,DETERMINISTIC_RH,LEXMMFSA,11,1,lex_phase_1,0.001795053482055664,0.004291057586669922,0.002786874771118164,2076.71484375
oos_experiment,TK-PB-Drahi_17-d1-HET-ULO-8c673aa6e5-r4,4,DETERMINISTIC_RH,LEXMMFSA,11,1,lex_phase_1,0.002413034439086914,0.006855010986328125,0.004527091979980469,2076.71484375
oos_experiment,TK-PB-Drahi_17-d1-HET-ULO-8c673aa6e5-r4,4,DETERMINISTIC_RH,LEXMMFSA,11,2,lex_phase_2,0.001795053482055664,0.0005719661712646484,0.0005431175231933594,2076.71484375
oos_experiment,TK-PB-Drahi_17-d1-HET-ULO-8c673aa6e5-r4,4,DETERMINISTIC_RH,LEXMMFSA,11,2,lex_phase_2,0.002413034439086914,0.0009050369262695312,0.0008680820465087891,2076.71484375
oos_experiment,TK-PB-Drahi_17-d1-HET-ULO-8c673aa6e5-r4,4,DETERMINISTIC_RH,LEXMMFSA,11,3,lex_phase_3,0.001795053482055664,0.0004279613494873047,0.0004069805145263672,2076.71484375
oos_experiment,TK-PB-Drahi_17-d1-HET-ULO-8c673aa6e5-r4,4,DETERMINISTIC_RH,LEXMMFSA,11,3,lex_phase_3,0.002413034439086914,0.0007848739624023438,0.0007569789886474609,2076.71484375
oos_experiment,TK-PB-Drahi_17-d1-HET-ULO-8c673aa6e5-r4,4,DETERMINISTIC_RH,LEXMMFSA,11,4,lex_phase_4,0.001795053482055664,0.00038695335388183594,0.00036978721618652344,2076.71484375
oos_experiment,TK-PB-Drahi_17-d1-HET-ULO-8c673aa6e5-r4,4,DETERMINISTIC_RH,LEXMMFSA,11,4,lex_phase_4,0.002413034439086914,0.0007760524749755859,0.0007441043853759766,2076.71484375
oos_experiment,TK-PB-Drahi_17-d1-HET-ULO-8c673aa6e5-r4,4,DETERMINISTIC_RH,LEXMMFSA,11,5,lex_phase_5,0.001795053482055664,0.00039196014404296875,0.00037407875061035156,2076.71484375
oos_experiment,TK-PB-Drahi_17-d1-HET-ULO-8c673aa6e5-r4,4,DETERMINISTIC_RH,LEXMMFSA,11,5,lex_phase_5,0.002413034439086914,0.0008080005645751953,0.0007760524749755859,2076.71484375
oos_experiment,TK-PB-Drahi_17-d1-HET-ULO-8c673aa6e5-r4,4,DETERMINISTIC_RH,LEXMMFSA,11,6,economic_tie_break,0.001795053482055664,0.00027489662170410156,0.0002598762512207031,2076.71484375
oos_experiment,TK-PB-Drahi_17-d1-HET-ULO-8c673aa6e5-r4,4,DETERMINISTIC_RH,LEXMMFSA,11,6,economic_tie_break,0.002413034439086914,0.0006079673767089844,0.000576019287109375,2076.71484375
oos_experiment,TK-PB-Drahi_17-d1-HET-ULO-8c673aa6e5-r4,4,DETERMINISTIC_RH,LEXMMFSA,12,1,lex_phase_1,0.001795053482055664,0.004291057586669922,0.002786874771118164,2076.71484375
oos_experiment,TK-PB-Drahi_17-d1-HET-ULO-8c673aa6e5-r4,4,DETERMINISTIC_RH,LEXMMFSA,12,1,lex_phase_1,0.002413034439086914,0.006855010986328125,0.004527091979980469,2076.71484375
oos_experiment,TK-PB-Drahi_17-d1-HET-ULO-8c673aa6e5-r4,4,DETERMINISTIC_RH,LEXMMFSA,12,2,lex_phase_2,0.001795053482055664,0.0005719661712646484,0.0005431175231933594,2076.71484375
oos_experiment,TK-PB-Drahi_17-d1-HET-ULO-8c673aa6e5-r4,4,DETERMINISTIC_RH,LEXMMFSA,12,2,lex_phase_2,0.002413034439086914,0.0009050369262695312,0.0008680820465087891,2076.71484375
oos_experiment,TK-PB-Drahi_17-d1-HET-ULO-8c673aa6e5-r4,4,DETERMINISTIC_RH,LEXMMFSA,12,3,lex_phase_3,0.001795053482055664,0.0004279613494873047,0.0004069805145263672,2076.71484375
oos_experiment,TK-PB-Drahi_17-d1-HET-ULO-8c673aa6e5-r4,4,DETERMINISTIC_RH,LEXMMFSA,12,3,lex_phase_3,0.002413034439086914,0.0007848739624023438,0.0007569789886474609,2076.71484375
oos_experiment,TK-PB-Drahi_17-d1-HET-ULO-8c673aa6e5-r4,4,DETERMINISTIC_RH,LEXMMFSA,12,4,lex_phase_4,0.001795053482055664,0.00038695335388183594,0.00036978721618652344,2076.71484375
oos_experiment,TK-PB-Drahi_17-d1-HET-ULO-8c673aa6e5-r4,4,DETERMINISTIC_RH,LEXMMFSA,12,4,lex_phase_4,0.002413034439086914,0.0007760524749755859,0.0007441043853759766,2076.71484375
oos_experiment,TK-PB-Drahi_17-d1-HET-ULO-8c673aa6e5-r4,4,DETERMINISTIC_RH,LEXMMFSA,12,5,lex_phase_5,0.001795053482055664,0.00039196014404296875,0.00037407875061035156,2076.71484375
oos_experiment,TK-PB-Drahi_17-d1-HET-ULO-8c673aa6e5-r4,4,DETERMINISTIC_RH,LEXMMFSA,12,5,lex_phase_5,0.002413034439086914,0.0008080005645751953,0.0007760524749755859,2076.71484375
oos_experiment,TK-PB-Drahi_17-d1-HET-ULO-8c673aa6e5-r4,4,DETERMINISTIC_RH,LEXMMFSA,12,6,economic_tie_break,0.001795053482055664,0.00027489662170410156,0.0002598762512207031,2076.71484375
oos_experiment,TK-PB-Drahi_17-d1-HET-ULO-8c673aa6e5-r4,4,DETERMINISTIC_RH,LEXMMFSA,12,6,economic_tie_break,0.002413034439086914,0.0006079673767089844,0.000576019287109375,2076.71484375
oos_experiment,TK-PB-Drahi_17-d1-HET-ULO-8c673aa6e5-r4,4,DETERMINISTIC_RH,LEXMMFSA,13,1,lex_phase_1,0.0017418861389160156,0.0049800872802734375,0.0034630298614501953,2076.71484375
oos_experiment,TK-PB-Drahi_17-d1-HET-ULO-8c673aa6e5-r4,4,DETERMINISTIC_RH,LEXMMFSA,13,1,lex_phase_1,0.0025370121002197266,0.0066869258880615234,0.004600048065185547,2076.71484375
oos_experiment,TK-PB-Drahi_17-d1-HET-ULO-8c673aa6e5-r4,4,DETERMINISTIC_RH,LEXMMFSA,13,2,lex_phase_2,0.0017418861389160156,0.0005950927734375,0.0005669593811035156,2076.71484375
oos_experiment,TK-PB-Drahi_17-d1-HET-ULO-8c673aa6e5-r4,4,DETERMINISTIC_RH,LEXMMFSA,13,2,lex_phase_2,0.0025370121002197266,0.0009038448333740234,0.0008690357208251953,2076.71484375
oos_experiment,TK-PB-Drahi_17-d1-HET-ULO-8c673aa6e5-r4,4,DETERMINISTIC_RH,LEXMMFSA,13,3,lex_phase_3,0.0017418861389160156,0.0004210472106933594,0.0004010200500488281,2076.71484375
oos_experiment,TK-PB-Drahi_17-d1-HET-ULO-8c673aa6e5-r4,4,DETERMINISTIC_RH,LEXMMFSA,13,3,lex_phase_3,0.0025370121002197266,0.000904083251953125,0.0008752346038818359,2076.71484375
oos_experiment,TK-PB-Drahi_17-d1-HET-ULO-8c673aa6e5-r4,4,DETERMINISTIC_RH,LEXMMFSA,13,4,lex_phase_4,0.0017418861389160156,0.00042700767517089844,0.00040602684020996094,2076.71484375
oos_experiment,TK-PB-Drahi_17-d1-HET-ULO-8c673aa6e5-r4,4,DETERMINISTIC_RH,LEXMMFSA,13,4,lex_phase_4,0.0025370121002197266,0.0007309913635253906,0.0007071495056152344,2076.71484375
oos_experiment,TK-PB-Drahi_17-d1-HET-ULO-8c673aa6e5-r4,4,DETERMINISTIC_RH,LEXMMFSA,13,5,lex_phase_5,0.0017418861389160156,0.0004341602325439453,0.00041794776916503906,2076.71484375
oos_experiment,TK-PB-Drahi_17-d1-HET-ULO-8c673aa6e5-r4,4,DETERMINISTIC_RH,LEXMMFSA,13,5,lex_phase_5,0.0025370121002197266,0.000759124755859375,0.0007259845733642578,2076.71484375
oos_experiment,TK-PB-Drahi_17-d1-HET-ULO-8c673aa6e5-r4,4,DETERMINISTIC_RH,LEXMMFSA,13,6,economic_tie_break,0.0017418861389160156,0.0002739429473876953,0.00025916099548339844,2076.71484375
oos_experiment,TK-PB-Drahi_17-d1-HET-ULO-8c673aa6e5-r4,4,DETERMINISTIC_RH,LEXMMFSA,13,6,economic_tie_break,0.0025370121002197266,0.0005710124969482422,0.0005438327789306641,2076.71484375
oos_experiment,TK-PB-Drahi_17-d1-HET-ULO-8c673aa6e5-r4,4,DETERMINISTIC_RH,LEXMMFSA,14,1,lex_phase_1,0.0017418861389160156,0.0049800872802734375,0.0034630298614501953,2076.71484375
oos_experiment,TK-PB-Drahi_17-d1-HET-ULO-8c673aa6e5-r4,4,DETERMINISTIC_RH,LEXMMFSA,14,1,lex_phase_1,0.0025370121002197266,0.0066869258880615234,0.004600048065185547,2076.71484375
oos_experiment,TK-PB-Drahi_17-d1-HET-ULO-8c673aa6e5-r4,4,DETERMINISTIC_RH,LEXMMFSA,14,2,lex_phase_2,0.0017418861389160156,0.0005950927734375,0.0005669593811035156,2076.71484375
oos_experiment,TK-PB-Drahi_17-d1-HET-ULO-8c673aa6e5-r4,4,DETERMINISTIC_RH,LEXMMFSA,14,2,lex_phase_2,0.0025370121002197266,0.0009038448333740234,0.0008690357208251953,2076.71484375
oos_experiment,TK-PB-Drahi_17-d1-HET-ULO-8c673aa6e5-r4,4,DETERMINISTIC_RH,LEXMMFSA,14,3,lex_phase_3,0.0017418861389160156,0.0004210472106933594,0.0004010200500488281,2076.71484375
oos_experiment,TK-PB-Drahi_17-d1-HET-ULO-8c673aa6e5-r4,4,DETERMINISTIC_RH,LEXMMFSA,14,3,lex_phase_3,0.0025370121002197266,0.000904083251953125,0.0008752346038818359,2076.71484375
oos_experiment,TK-PB-Drahi_17-d1-HET-ULO-8c673aa6e5-r4,4,DETERMINISTIC_RH,LEXMMFSA,14,4,lex_phase_4,0.0017418861389160156,0.00042700767517089844,0.00040602684020996094,2076.71484375
oos_experiment,TK-PB-Drahi_17-d1-HET-ULO-8c673aa6e5-r4,4,DETERMINISTIC_RH,LEXMMFSA,14,4,lex_phase_4,0.0025370121002197266,0.0007309913635253906,0.0007071495056152344,2076.71484375
oos_experiment,TK-PB-Drahi_17-d1-HET-ULO-8c673aa6e5-r4,4,DETERMINISTIC_RH,LEXMMFSA,14,5,lex_phase_5,0.0017418861389160156,0.0004341602325439453,0.00041794776916503906,2076.71484375
oos_experiment,TK-PB-Drahi_17-d1-HET-ULO-8c673aa6e5-r4,4,DETERMINISTIC_RH,LEXMMFSA,14,5,lex_phase_5,0.0025370121002197266,0.000759124755859375,0.0007259845733642578,2076.71484375
oos_experiment,TK-PB-Drahi_17-d1-HET-ULO-8c673aa6e5-r4,4,DETERMINISTIC_RH,LEXMMFSA,14,6,economic_tie_break,0.0017418861389160156,0.0002739429473876953,0.00025916099548339844,2076.71484375
oos_experiment,TK-PB-Drahi_17-d1-HET-ULO-8c673aa6e5-r4,4,DETERMINISTIC_RH,LEXMMFSA,14,6,economic_tie_break,0.0025370121002197266,0.0005710124969482422,0.0005438327789306641,2076.71484375
oos_experiment,TK-PB-Drahi_17-d1-HET-ULO-8c673aa6e5-r4,4,DETERMINISTIC_RH,LEXMMFSA,15,1,lex_phase_1,0.0017418861389160156,0.0049800872802734375,0.0034630298614501953,2076.71484375
oos_experiment,TK-PB-Drahi_17-d1-HET-ULO-8c673aa6e5-r4,4,DETERMINISTIC_RH,LEXMMFSA,15,1,lex_phase_1,0.0025370121002197266,0.0066869258880615234,0.004600048065185547,2076.71484375
oos_experiment,TK-PB-Drahi_17-d1-HET-ULO-8c673aa6e5-r4,4,DETERMINISTIC_RH,LEXMMFSA,15,2,lex_phase_2,0.0017418861389160156,0.0005950927734375,0.0005669593811035156,2076.71484375
oos_experiment,TK-PB-Drahi_17-d1-HET-ULO-8c673aa6e5-r4,4,DETERMINISTIC_RH,LEXMMFSA,15,2,lex_phase_2,0.0025370121002197266,0.0009038448333740234,0.0008690357208251953,2076.71484375
oos_experiment,TK-PB-Drahi_17-d1-HET-ULO-8c673aa6e5-r4,4,DETERMINISTIC_RH,LEXMMFSA,15,3,lex_phase_3,0.0017418861389160156,0.0004210472106933594,0.0004010200500488281,2076.71484375
oos_experiment,TK-PB-Drahi_17-d1-HET-ULO-8c673aa6e5-r4,4,DETERMINISTIC_RH,LEXMMFSA,15,3,lex_phase_3,0.0025370121002197266,0.000904083251953125,0.0008752346038818359,2076.71484375
oos_experiment,TK-PB-Drahi_17-d1-HET-ULO-8c673aa6e5-r4,4,DETERMINISTIC_RH,LEXMMFSA,15,4,lex_phase_4,0.0017418861389160156,0.00042700767517089844,0.00040602684020996094,2076.71484375
oos_experiment,TK-PB-Drahi_17-d1-HET-ULO-8c673aa6e5-r4,4,DETERMINISTIC_RH,LEXMMFSA,15,4,lex_phase_4,0.0025370121002197266,0.0007309913635253906,0.0007071495056152344,2076.71484375
oos_experiment,TK-PB-Drahi_17-d1-HET-ULO-8c673aa6e5-r4,4,DETERMINISTIC_RH,LEXMMFSA,15,5,lex_phase_5,0.0017418861389160156,0.0004341602325439453,0.00041794776916503906,2076.71484375
oos_experiment,TK-PB-Drahi_17-d1-HET-ULO-8c673aa6e5-r4,4,DETERMINISTIC_RH,LEXMMFSA,15,5,lex_phase_5,0.0025370121002197266,0.000759124755859375,0.0007259845733642578,2076.71484375
oos_experiment,TK-PB-Drahi_17-d1-HET-ULO-8c673aa6e5-r4,4,DETERMINISTIC_RH,LEXMMFSA,15,6,economic_tie_break,0.0017418861389160156,0.0002739429473876953,0.00025916099548339844,2076.71484375
oos_experiment,TK-PB-Drahi_17-d1-HET-ULO-8c673aa6e5-r4,4,DETERMINISTIC_RH,LEXMMFSA,15,6,economic_tie_break,0.0025370121002197266,0.0005710124969482422,0.0005438327789306641,2076.71484375
oos_experiment,TK-PB-Drahi_17-d1-HET-ULO-8c673aa6e5-r4,4,DETERMINISTIC_RH,LEXMMFSA,16,1,lex_phase_1,0.0017418861389160156,0.0049800872802734375,0.0034630298614501953,2076.71484375
oos_experiment,TK-PB-Drahi_17-d1-HET-ULO-8c673aa6e5-r4,4,DETERMINISTIC_RH,LEXMMFSA,16,1,lex_phase_1,0.0025370121002197266,0.0066869258880615234,0.004600048065185547,2076.71484375
oos_experiment,TK-PB-Drahi_17-d1-HET-ULO-8c673aa6e5-r4,4,DETERMINISTIC_RH,LEXMMFSA,16,2,lex_phase_2,0.0017418861389160156,0.0005950927734375,0.0005669593811035156,2076.71484375
oos_experiment,TK-PB-Drahi_17-d1-HET-ULO-8c673aa6e5-r4,4,DETERMINISTIC_RH,LEXMMFSA,16,2,lex_phase_2,0.0025370121002197266,0.0009038448333740234,0.0008690357208251953,2076.71484375
oos_experiment,TK-PB-Drahi_17-d1-HET-ULO-8c673aa6e5-r4,4,DETERMINISTIC_RH,LEXMMFSA,16,3,lex_phase_3,0.0017418861389160156,0.0004210472106933594,0.0004010200500488281,2076.71484375
oos_experiment,TK-PB-Drahi_17-d1-HET-ULO-8c673aa6e5-r4,4,DETERMINISTIC_RH,LEXMMFSA,16,3,lex_phase_3,0.0025370121002197266,0.000904083251953125,0.0008752346038818359,2076.71484375
oos_experiment,TK-PB-Drahi_17-d1-HET-ULO-8c673aa6e5-r4,4,DETERMINISTIC_RH,LEXMMFSA,16,4,lex_phase_4,0.0017418861389160156,0.00042700767517089844,0.00040602684020996094,2076.71484375
oos_experiment,TK-PB-Drahi_17-d1-HET-ULO-8c673aa6e5-r4,4,DETERMINISTIC_RH,LEXMMFSA,16,4,lex_phase_4,0.0025370121002197266,0.0007309913635253906,0.0007071495056152344,2076.71484375
oos_experiment,TK-PB-Drahi_17-d1-HET-ULO-8c673aa6e5-r4,4,DETERMINISTIC_RH,LEXMMFSA,16,5,lex_phase_5,0.0017418861389160156,0.0004341602325439453,0.00041794776916503906,2076.71484375
oos_experiment,TK-PB-Drahi_17-d1-HET-ULO-8c673aa6e5-r4,4,DETERMINISTIC_RH,LEXMMFSA,16,5,lex_phase_5,0.0025370121002197266,0.000759124755859375,0.0007259845733642578,2076.71484375
oos_experiment,TK-PB-Drahi_17-d1-HET-ULO-8c673aa6e5-r4,4,DETERMINISTIC_RH,LEXMMFSA,16,6,economic_tie_break,0.0017418861389160156,0.0002739429473876953,0.00025916099548339844,2076.71484375
oos_experiment,TK-PB-Drahi_17-d1-HET-ULO-8c673aa6e5-r4,4,DETERMINISTIC_RH,LEXMMFSA,16,6,economic_tie_break,0.0025370121002197266,0.0005710124969482422,0.0005438327789306641,2076.71484375
oos_experiment,TK-PB-Drahi_17-d1-HET-ULO-8c673aa6e5-r4,4,DETERMINISTIC_RH,LEXMMFSA,17,1,lex_phase_1,0.0018129348754882812,0.004308938980102539,0.0027658939361572266,2076.71484375
oos_experiment,TK-PB-Drahi_17-d1-HET-ULO-8c673aa6e5-r4,4,DETERMINISTIC_RH,LEXMMFSA,17,1,lex_phase_1,0.002499103546142578,0.006886005401611328,0.0046079158782958984,2076.71484375
oos_experiment,TK-PB-Drahi_17-d1-HET-ULO-8c673aa6e5-r4,4,DETERMINISTIC_RH,LEXMMFSA,17,2,lex_phase_2,0.0018129348754882812,0.0006079673767089844,0.0005800724029541016,2076.71484375
oos_experiment,TK-PB-Drahi_17-d1-HET-ULO-8c673aa6e5-r4,4,DETERMINISTIC_RH,LEXMMFSA,17,2,lex_phase_2,0.002499103546142578,0.0009279251098632812,0.0008959770202636719,2076.71484375
oos_experiment,TK-PB-Drahi_17-d1-HET-ULO-8c673aa6e5-r4,4,DETERMINISTIC_RH,LEXMMFSA,17,3,lex_phase_3,0.0018129348754882812,0.0004467964172363281,0.00042891502380371094,2076.71484375
oos_experiment,TK-PB-Drahi_17-d1-HET-ULO-8c673aa6e5-r4,4,DETERMINISTIC_RH,LEXMMFSA,17,3,lex_phase_3,0.002499103546142578,0.0007359981536865234,0.0007100105285644531,2076.71484375
oos_experiment,TK-PB-Drahi_17-d1-HET-ULO-8c673aa6e5-r4,4,DETERMINISTIC_RH,LEXMMFSA,17,4,lex_phase_4,0.0018129348754882812,0.0003800392150878906,0.00035691261291503906,2076.71484375
oos_experiment,TK-PB-Drahi_17-d1-HET-ULO-8c673aa6e5-r4,4,DETERMINISTIC_RH,LEXMMFSA,17,4,lex_phase_4,0.002499103546142578,0.0007150173187255859,0.0006868839263916016,2076.71484375
oos_experiment,TK-PB-Drahi_17-d1-HET-ULO-8c673aa6e5-r4,4,DETERMINISTIC_RH,LEXMMFSA,17,5,lex_phase_5,0.0018129348754882812,0.00042891502380371094,0.0004100799560546875,2076.71484375
oos_experiment,TK-PB-Drahi_17-d1-HET-ULO-8c673aa6e5-r4,4,DETERMINISTIC_RH,LEXMMFSA,17,5,lex_phase_5,0.002499103546142578,0.0007250308990478516,0.0006940364837646484,2076.71484375
oos_experiment,TK-PB-Drahi_17-d1-HET-ULO-8c673aa6e5-r4,4,DETERMINISTIC_RH,LEXMMFSA,17,6,economic_tie_break,0.0018129348754882812,0.00030303001403808594,0.0002880096435546875,2076.71484375
oos_experiment,TK-PB-Drahi_17-d1-HET-ULO-8c673aa6e5-r4,4,DETERMINISTIC_RH,LEXMMFSA,17,6,economic_tie_break,0.002499103546142578,0.0005810260772705078,0.0005509853363037109,2076.71484375
oos_experiment,TK-PB-Drahi_17-d1-HET-ULO-8c673aa6e5-r4,4,DETERMINISTIC_RH,LEXMMFSA,18,1,lex_phase_1,0.0018129348754882812,0.004308938980102539,0.0027658939361572266,2076.71484375
oos_experiment,TK-PB-Drahi_17-d1-HET-ULO-8c673aa6e5-r4,4,DETERMINISTIC_RH,LEXMMFSA,18,1,lex_phase_1,0.002499103546142578,0.006886005401611328,0.0046079158782958984,2076.71484375
oos_experiment,TK-PB-Drahi_17-d1-HET-ULO-8c673aa6e5-r4,4,DETERMINISTIC_RH,LEXMMFSA,18,2,lex_phase_2,0.0018129348754882812,0.0006079673767089844,0.0005800724029541016,2076.71484375
oos_experiment,TK-PB-Drahi_17-d1-HET-ULO-8c673aa6e5-r4,4,DETERMINISTIC_RH,LEXMMFSA,18,2,lex_phase_2,0.002499103546142578,0.0009279251098632812,0.0008959770202636719,2076.71484375
oos_experiment,TK-PB-Drahi_17-d1-HET-ULO-8c673aa6e5-r4,4,DETERMINISTIC_RH,LEXMMFSA,18,3,lex_phase_3,0.0018129348754882812,0.0004467964172363281,0.00042891502380371094,2076.71484375
oos_experiment,TK-PB-Drahi_17-d1-HET-ULO-8c673aa6e5-r4,4,DETERMINISTIC_RH,LEXMMFSA,18,3,lex_phase_3,0.002499103546142578,0.0007359981536865234,0.0007100105285644531,2076.71484375
oos_experiment,TK-PB-Drahi_17-d1-HET-ULO-8c673aa6e5-r4,4,DETERMINISTIC_RH,LEXMMFSA,18,4,lex_phase_4,0.0018129348754882812,0.0003800392150878906,0.00035691261291503906,2076.71484375
oos_experiment,TK-PB-Drahi_17-d1-HET-ULO-8c673aa6e5-r4,4,DETERMINISTIC_RH,LEXMMFSA,18,4,lex_phase_4,0.002499103546142578,0.0007150173187255859,0.0006868839263916016,2076.71484375
oos_experiment,TK-PB-Drahi_17-d1-HET-ULO-8c673aa6e5-r4,4,DETERMINISTIC_RH,LEXMMFSA,18,5,lex_phase_5,0.0018129348754882812,0.00042891502380371094,0.0004100799560546875,2076.71484375
oos_experiment,TK-PB-Drahi_17-d1-HET-ULO-8c673aa6e5-r4,4,DETERMINISTIC_RH,LEXMMFSA,18,5,lex_phase_5,0.002499103546142578,0.0007250308990478516,0.0006940364837646484,2076.71484375
oos_experiment,TK-PB-Drahi_17-d1-HET-ULO-8c673aa6e5-r4,4,DETERMINISTIC_RH,LEXMMFSA,18,6,economic_tie_break,0.0018129348754882812,0.00030303001403808594,0.0002880096435546875,2076.71484375
oos_experiment,TK-PB-Drahi_17-d1-HET-ULO-8c673aa6e5-r4,4,DETERMINISTIC_RH,LEXMMFSA,18,6,economic_tie_break,0.002499103546142578,0.0005810260772705078,0.0005509853363037109,2076.71484375
oos_experiment,TK-PB-Drahi_17-d1-HET-ULO-8c673aa6e5-r4,4,DETERMINISTIC_RH,LEXMMFSA,19,1,lex_phase_1,0.0018129348754882812,0.004308938980102539,0.0027658939361572266,2076.71484375
oos_experiment,TK-PB-Drahi_17-d1-HET-ULO-8c673aa6e5-r4,4,DETERMINISTIC_RH,LEXMMFSA,19,1,lex_phase_1,0.002499103546142578,0.006886005401611328,0.0046079158782958984,2076.71484375
oos_experiment,TK-PB-Drahi_17-d1-HET-ULO-8c673aa6e5-r4,4,DETERMINISTIC_RH,LEXMMFSA,19,2,lex_phase_2,0.0018129348754882812,0.0006079673767089844,0.0005800724029541016,2076.71484375
oos_experiment,TK-PB-Drahi_17-d1-HET-ULO-8c673aa6e5-r4,4,DETERMINISTIC_RH,LEXMMFSA,19,2,lex_phase_2,0.002499103546142578,0.0009279251098632812,0.0008959770202636719,2076.71484375
oos_experiment,TK-PB-Drahi_17-d1-HET-ULO-8c673aa6e5-r4,4,DETERMINISTIC_RH,LEXMMFSA,19,3,lex_phase_3,0.0018129348754882812,0.0004467964172363281,0.00042891502380371094,2076.71484375
oos_experiment,TK-PB-Drahi_17-d1-HET-ULO-8c673aa6e5-r4,4,DETERMINISTIC_RH,LEXMMFSA,19,3,lex_phase_3,0.002499103546142578,0.0007359981536865234,0.0007100105285644531,2076.71484375
oos_experiment,TK-PB-Drahi_17-d1-HET-ULO-8c673aa6e5-r4,4,DETERMINISTIC_RH,LEXMMFSA,19,4,lex_phase_4,0.0018129348754882812,0.0003800392150878906,0.00035691261291503906,2076.71484375
oos_experiment,TK-PB-Drahi_17-d1-HET-ULO-8c673aa6e5-r4,4,DETERMINISTIC_RH,LEXMMFSA,19,4,lex_phase_4,0.002499103546142578,0.0007150173187255859,0.0006868839263916016,2076.71484375
oos_experiment,TK-PB-Drahi_17-d1-HET-ULO-8c673aa6e5-r4,4,DETERMINISTIC_RH,LEXMMFSA,19,5,lex_phase_5,0.0018129348754882812,0.00042891502380371094,0.0004100799560546875,2076.71484375
oos_experiment,TK-PB-Drahi_17-d1-HET-ULO-8c673aa6e5-r4,4,DETERMINISTIC_RH,LEXMMFSA,19,5,lex_phase_5,0.002499103546142578,0.0007250308990478516,0.0006940364837646484,2076.71484375
oos_experiment,TK-PB-Drahi_17-d1-HET-ULO-8c673aa6e5-r4,4,DETERMINISTIC_RH,LEXMMFSA,19,6,economic_tie_break,0.0018129348754882812,0.00030303001403808594,0.0002880096435546875,2076.71484375
oos_experiment,TK-PB-Drahi_17-d1-HET-ULO-8c673aa6e5-r4,4,DETERMINISTIC_RH,LEXMMFSA,19,6,economic_tie_break,0.002499103546142578,0.0005810260772705078,0.0005509853363037109,2076.71484375
oos_experiment,TK-PB-Drahi_17-d1-HET-ULO-8c673aa6e5-r4,4,DETERMINISTIC_RH,LEXMMFSA,20,1,lex_phase_1,0.0018129348754882812,0.004308938980102539,0.0027658939361572266,2076.71484375
oos_experiment,TK-PB-Drahi_17-d1-HET-ULO-8c673aa6e5-r4,4,DETERMINISTIC_RH,LEXMMFSA,20,1,lex_phase_1,0.002499103546142578,0.006886005401611328,0.0046079158782958984,2076.71484375
oos_experiment,TK-PB-Drahi_17-d1-HET-ULO-8c673aa6e5-r4,4,DETERMINISTIC_RH,LEXMMFSA,20,2,lex_phase_2,0.0018129348754882812,0.0006079673767089844,0.0005800724029541016,2076.71484375
oos_experiment,TK-PB-Drahi_17-d1-HET-ULO-8c673aa6e5-r4,4,DETERMINISTIC_RH,LEXMMFSA,20,2,lex_phase_2,0.002499103546142578,0.0009279251098632812,0.0008959770202636719,2076.71484375
oos_experiment,TK-PB-Drahi_17-d1-HET-ULO-8c673aa6e5-r4,4,DETERMINISTIC_RH,LEXMMFSA,20,3,lex_phase_3,0.0018129348754882812,0.0004467964172363281,0.00042891502380371094,2076.71484375
oos_experiment,TK-PB-Drahi_17-d1-HET-ULO-8c673aa6e5-r4,4,DETERMINISTIC_RH,LEXMMFSA,20,3,lex_phase_3,0.002499103546142578,0.0007359981536865234,0.0007100105285644531,2076.71484375
oos_experiment,TK-PB-Drahi_17-d1-HET-ULO-8c673aa6e5-r4,4,DETERMINISTIC_RH,LEXMMFSA,20,4,lex_phase_4,0.0018129348754882812,0.0003800392150878906,0.00035691261291503906,2076.71484375
oos_experiment,TK-PB-Drahi_17-d1-HET-ULO-8c673aa6e5-r4,4,DETERMINISTIC_RH,LEXMMFSA,20,4,lex_phase_4,0.002499103546142578,0.0007150173187255859,0.0006868839263916016,2076.71484375
oos_experiment,TK-PB-Drahi_17-d1-HET-ULO-8c673aa6e5-r4,4,DETERMINISTIC_RH,LEXMMFSA,20,5,lex_phase_5,0.0018129348754882812,0.00042891502380371094,0.0004100799560546875,2076.71484375
oos_experiment,TK-PB-Drahi_17-d1-HET-ULO-8c673aa6e5-r4,4,DETERMINISTIC_RH,LEXMMFSA,20,5,lex_phase_5,0.002499103546142578,0.0007250308990478516,0.0006940364837646484,2076.71484375
oos_experiment,TK-PB-Drahi_17-d1-HET-ULO-8c673aa6e5-r4,4,DETERMINISTIC_RH,LEXMMFSA,20,6,economic_tie_break,0.0018129348754882812,0.00030303001403808594,0.0002880096435546875,2076.71484375
oos_experiment,TK-PB-Drahi_17-d1-HET-ULO-8c673aa6e5-r4,4,DETERMINISTIC_RH,LEXMMFSA,20,6,economic_tie_break,0.002499103546142578,0.0005810260772705078,0.0005509853363037109,2076.71484375
oos_experiment,TK-PB-Drahi_17-d1-HET-ULO-8c673aa6e5-r4,4,DETERMINISTIC_RH,LEXMMFSA,21,1,lex_phase_1,0.0018699169158935547,0.004289865493774414,0.002892017364501953,2076.71484375
oos_experiment,TK-PB-Drahi_17-d1-HET-ULO-8c673aa6e5-r4,4,DETERMINISTIC_RH,LEXMMFSA,21,1,lex_phase_1,0.002541065216064453,0.007368803024291992,0.005153179168701172,2076.71484375
oos_experiment,TK-PB-Drahi_17-d1-HET-ULO-8c673aa6e5-r4,4,DETERMINISTIC_RH,LEXMMFSA,21,2,lex_phase_2,0.0018699169158935547,0.0005300045013427734,0.0005099773406982422,2076.71484375
oos_experiment,TK-PB-Drahi_17-d1-HET-ULO-8c673aa6e5-r4,4,DETERMINISTIC_RH,LEXMMFSA,21,2,lex_phase_2,0.002541065216064453,0.0009150505065917969,0.0008838176727294922,2076.71484375
oos_experiment,TK-PB-Drahi_17-d1-HET-ULO-8c673aa6e5-r4,4,DETERMINISTIC_RH,LEXMMFSA,21,3,lex_phase_3,0.0018699169158935547,0.000392913818359375,0.00037407875061035156,2076.71484375
oos_experiment,TK-PB-Drahi_17-d1-HET-ULO-8c673aa6e5-r4,4,DETERMINISTIC_RH,LEXMMFSA,21,3,lex_phase_3,0.002541065216064453,0.0007829666137695312,0.0007519721984863281,2076.71484375
oos_experiment,TK-PB-Drahi_17-d1-HET-ULO-8c673aa6e5-r4,4,DETERMINISTIC_RH,LEXMMFSA,21,4,lex_phase_4,0.0018699169158935547,0.0004169940948486328,0.00039696693420410156,2076.71484375
oos_experiment,TK-PB-Drahi_17-d1-HET-ULO-8c673aa6e5-r4,4,DETERMINISTIC_RH,LEXMMFSA,21,4,lex_phase_4,0.002541065216064453,0.0007090568542480469,0.0006771087646484375,2076.71484375
oos_experiment,TK-PB-Drahi_17-d1-HET-ULO-8c673aa6e5-r4,4,DETERMINISTIC_RH,LEXMMFSA,21,5,lex_phase_5,0.0018699169158935547,0.00037288665771484375,0.0003578662872314453,2076.71484375
oos_experiment,TK-PB-Drahi_17-d1-HET-ULO-8c673aa6e5-r4,4,DETERMINISTIC_RH,LEXMMFSA,21,5,lex_phase_5,0.002541065216064453,0.0008020401000976562,0.0007719993591308594,2076.71484375
oos_experiment,TK-PB-Drahi_17-d1-HET-ULO-8c673aa6e5-r4,4,DETERMINISTIC_RH,LEXMMFSA,21,6,economic_tie_break,0.0018699169158935547,0.0002758502960205078,0.0002620220184326172,2076.71484375
oos_experiment,TK-PB-Drahi_17-d1-HET-ULO-8c673aa6e5-r4,4,DETERMINISTIC_RH,LEXMMFSA,21,6,economic_tie_break,0.002541065216064453,0.000537872314453125,0.0005140304565429688,2076.71484375
oos_experiment,TK-PB-Drahi_17-d1-HET-ULO-8c673aa6e5-r4,4,DETERMINISTIC_RH,LEXMMFSA,22,1,lex_phase_1,0.0018699169158935547,0.004289865493774414,0.002892017364501953,2076.71484375
oos_experiment,TK-PB-Drahi_17-d1-HET-ULO-8c673aa6e5-r4,4,DETERMINISTIC_RH,LEXMMFSA,22,1,lex_phase_1,0.002541065216064453,0.007368803024291992,0.005153179168701172,2076.71484375
oos_experiment,TK-PB-Drahi_17-d1-HET-ULO-8c673aa6e5-r4,4,DETERMINISTIC_RH,LEXMMFSA,22,2,lex_phase_2,0.0018699169158935547,0.0005300045013427734,0.0005099773406982422,2076.71484375
oos_experiment,TK-PB-Drahi_17-d1-HET-ULO-8c673aa6e5-r4,4,DETERMINISTIC_RH,LEXMMFSA,22,2,lex_phase_2,0.002541065216064453,0.0009150505065917969,0.0008838176727294922,2076.71484375
oos_experiment,TK-PB-Drahi_17-d1-HET-ULO-8c673aa6e5-r4,4,DETERMINISTIC_RH,LEXMMFSA,22,3,lex_phase_3,0.0018699169158935547,0.000392913818359375,0.00037407875061035156,2076.71484375
oos_experiment,TK-PB-Drahi_17-d1-HET-ULO-8c673aa6e5-r4,4,DETERMINISTIC_RH,LEXMMFSA,22,3,lex_phase_3,0.002541065216064453,0.0007829666137695312,0.0007519721984863281,2076.71484375
oos_experiment,TK-PB-Drahi_17-d1-HET-ULO-8c673aa6e5-r4,4,DETERMINISTIC_RH,LEXMMFSA,22,4,lex_phase_4,0.0018699169158935547,0.0004169940948486328,0.00039696693420410156,2076.71484375
oos_experiment,TK-PB-Drahi_17-d1-HET-ULO-8c673aa6e5-r4,4,DETERMINISTIC_RH,LEXMMFSA,22,4,lex_phase_4,0.002541065216064453,0.0007090568542480469,0.0006771087646484375,2076.71484375
oos_experiment,TK-PB-Drahi_17-d1-HET-ULO-8c673aa6e5-r4,4,DETERMINISTIC_RH,LEXMMFSA,22,5,lex_phase_5,0.0018699169158935547,0.00037288665771484375,0.0003578662872314453,2076.71484375
oos_experiment,TK-PB-Drahi_17-d1-HET-ULO-8c673aa6e5-r4,4,DETERMINISTIC_RH,LEXMMFSA,22,5,lex_phase_5,0.002541065216064453,0.0008020401000976562,0.0007719993591308594,2076.71484375
oos_experiment,TK-PB-Drahi_17-d1-HET-ULO-8c673aa6e5-r4,4,DETERMINISTIC_RH,LEXMMFSA,22,6,economic_tie_break,0.0018699169158935547,0.0002758502960205078,0.0002620220184326172,2076.71484375
oos_experiment,TK-PB-Drahi_17-d1-HET-ULO-8c673aa6e5-r4,4,DETERMINISTIC_RH,LEXMMFSA,22,6,economic_tie_break,0.002541065216064453,0.000537872314453125,0.0005140304565429688,2076.71484375
oos_experiment,TK-PB-Drahi_17-d1-HET-ULO-8c673aa6e5-r4,4,DETERMINISTIC_RH,LEXMMFSA,23,1,lex_phase_1,0.0018699169158935547,0.004289865493774414,0.002892017364501953,2076.71484375
oos_experiment,TK-PB-Drahi_17-d1-HET-ULO-8c673aa6e5-r4,4,DETERMINISTIC_RH,LEXMMFSA,23,1,lex_phase_1,0.002541065216064453,0.007368803024291992,0.005153179168701172,2076.71484375
oos_experiment,TK-PB-Drahi_17-d1-HET-ULO-8c673aa6e5-r4,4,DETERMINISTIC_RH,LEXMMFSA,23,2,lex_phase_2,0.0018699169158935547,0.0005300045013427734,0.0005099773406982422,2076.71484375
oos_experiment,TK-PB-Drahi_17-d1-HET-ULO-8c673aa6e5-r4,4,DETERMINISTIC_RH,LEXMMFSA,23,2,lex_phase_2,0.002541065216064453,0.0009150505065917969,0.0008838176727294922,2076.71484375
oos_experiment,TK-PB-Drahi_17-d1-HET-ULO-8c673aa6e5-r4,4,DETERMINISTIC_RH,LEXMMFSA,23,3,lex_phase_3,0.0018699169158935547,0.000392913818359375,0.00037407875061035156,2076.71484375
oos_experiment,TK-PB-Drahi_17-d1-HET-ULO-8c673aa6e5-r4,4,DETERMINISTIC_RH,LEXMMFSA,23,3,lex_phase_3,0.002541065216064453,0.0007829666137695312,0.0007519721984863281,2076.71484375
oos_experiment,TK-PB-Drahi_17-d1-HET-ULO-8c673aa6e5-r4,4,DETERMINISTIC_RH,LEXMMFSA,23,4,lex_phase_4,0.0018699169158935547,0.0004169940948486328,0.00039696693420410156,2076.71484375
oos_experiment,TK-PB-Drahi_17-d1-HET-ULO-8c673aa6e5-r4,4,DETERMINISTIC_RH,LEXMMFSA,23,4,lex_phase_4,0.002541065216064453,0.0007090568542480469,0.0006771087646484375,2076.71484375
oos_experiment,TK-PB-Drahi_17-d1-HET-ULO-8c673aa6e5-r4,4,DETERMINISTIC_RH,LEXMMFSA,23,5,lex_phase_5,0.0018699169158935547,0.00037288665771484375,0.0003578662872314453,2076.71484375
oos_experiment,TK-PB-Drahi_17-d1-HET-ULO-8c673aa6e5-r4,4,DETERMINISTIC_RH,LEXMMFSA,23,5,lex_phase_5,0.002541065216064453,0.0008020401000976562,0.0007719993591308594,2076.71484375
oos_experiment,TK-PB-Drahi_17-d1-HET-ULO-8c673aa6e5-r4,4,DETERMINISTIC_RH,LEXMMFSA,23,6,economic_tie_break,0.0018699169158935547,0.0002758502960205078,0.0002620220184326172,2076.71484375
oos_experiment,TK-PB-Drahi_17-d1-HET-ULO-8c673aa6e5-r4,4,DETERMINISTIC_RH,LEXMMFSA,23,6,economic_tie_break,0.002541065216064453,0.000537872314453125,0.0005140304565429688,2076.71484375
oos_experiment,TK-PB-Drahi_17-d1-HET-ULO-8c673aa6e5-r4,4,DETERMINISTIC_RH,LEXMMFSA,24,1,lex_phase_1,0.0018699169158935547,0.004289865493774414,0.002892017364501953,2076.71484375
oos_experiment,TK-PB-Drahi_17-d1-HET-ULO-8c673aa6e5-r4,4,DETERMINISTIC_RH,LEXMMFSA,24,1,lex_phase_1,0.002541065216064453,0.007368803024291992,0.005153179168701172,2076.71484375
oos_experiment,TK-PB-Drahi_17-d1-HET-ULO-8c673aa6e5-r4,4,DETERMINISTIC_RH,LEXMMFSA,24,2,lex_phase_2,0.0018699169158935547,0.0005300045013427734,0.0005099773406982422,2076.71484375
oos_experiment,TK-PB-Drahi_17-d1-HET-ULO-8c673aa6e5-r4,4,DETERMINISTIC_RH,LEXMMFSA,24,2,lex_phase_2,0.002541065216064453,0.0009150505065917969,0.0008838176727294922,2076.71484375
oos_experiment,TK-PB-Drahi_17-d1-HET-ULO-8c673aa6e5-r4,4,DETERMINISTIC_RH,LEXMMFSA,24,3,lex_phase_3,0.0018699169158935547,0.000392913818359375,0.00037407875061035156,2076.71484375
oos_experiment,TK-PB-Drahi_17-d1-HET-ULO-8c673aa6e5-r4,4,DETERMINISTIC_RH,LEXMMFSA,24,3,lex_phase_3,0.002541065216064453,0.0007829666137695312,0.0007519721984863281,2076.71484375
oos_experiment,TK-PB-Drahi_17-d1-HET-ULO-8c673aa6e5-r4,4,DETERMINISTIC_RH,LEXMMFSA,24,4,lex_phase_4,0.0018699169158935547,0.0004169940948486328,0.00039696693420410156,2076.71484375
oos_experiment,TK-PB-Drahi_17-d1-HET-ULO-8c673aa6e5-r4,4,DETERMINISTIC_RH,LEXMMFSA,24,4,lex_phase_4,0.002541065216064453,0.0007090568542480469,0.0006771087646484375,2076.71484375
oos_experiment,TK-PB-Drahi_17-d1-HET-ULO-8c673aa6e5-r4,4,DETERMINISTIC_RH,LEXMMFSA,24,5,lex_phase_5,0.0018699169158935547,0.00037288665771484375,0.0003578662872314453,2076.71484375
oos_experiment,TK-PB-Drahi_17-d1-HET-ULO-8c673aa6e5-r4,4,DETERMINISTIC_RH,LEXMMFSA,24,5,lex_phase_5,0.002541065216064453,0.0008020401000976562,0.0007719993591308594,2076.71484375
oos_experiment,TK-PB-Drahi_17-d1-HET-ULO-8c673aa6e5-r4,4,DETERMINISTIC_RH,LEXMMFSA,24,6,economic_tie_break,0.0018699169158935547,0.0002758502960205078,0.0002620220184326172,2076.71484375
oos_experiment,TK-PB-Drahi_17-d1-HET-ULO-8c673aa6e5-r4,4,DETERMINISTIC_RH,LEXMMFSA,24,6,economic_tie_break,0.002541065216064453,0.000537872314453125,0.0005140304565429688,2076.71484375
oos_experiment,TK-PB-Drahi_17-d1-HET-ULO-8c673aa6e5-r4,4,DETERMINISTIC_RH,NONE,1,0,single_solve,0.0018610954284667969,0.00347900390625,0.002048969268798828,2076.71484375
oos_experiment,TK-PB-Drahi_17-d1-HET-ULO-8c673aa6e5-r4,4,DETERMINISTIC_RH,NONE,1,0,single_solve,0.0031430721282958984,0.005221843719482422,0.0029129981994628906,2076.71484375
oos_experiment,TK-PB-Drahi_17-d1-HET-ULO-8c673aa6e5-r4,4,DETERMINISTIC_RH,NONE,2,0,single_solve,0.0018610954284667969,0.00347900390625,0.002048969268798828,2076.71484375
oos_experiment,TK-PB-Drahi_17-d1-HET-ULO-8c673aa6e5-r4,4,DETERMINISTIC_RH,NONE,2,0,single_solve,0.0031430721282958984,0.005221843719482422,0.0029129981994628906,2076.71484375
oos_experiment,TK-PB-Drahi_17-d1-HET-ULO-8c673aa6e5-r4,4,DETERMINISTIC_RH,NONE,3,0,single_solve,0.0018610954284667969,0.00347900390625,0.002048969268798828,2076.71484375
oos_experiment,TK-PB-Drahi_17-d1-HET-ULO-8c673aa6e5-r4,4,DETERMINISTIC_RH,NONE,3,0,single_solve,0.0031430721282958984,0.005221843719482422,0.0029129981994628906,2076.71484375
oos_experiment,TK-PB-Drahi_17-d1-HET-ULO-8c673aa6e5-r4,4,DETERMINISTIC_RH,NONE,4,0,single_solve,0.0018610954284667969,0.00347900390625,0.002048969268798828,2076.71484375
oos_experiment,TK-PB-Drahi_17-d1-HET-ULO-8c673aa6e5-r4,4,DETERMINISTIC_RH,NONE,4,0,single_solve,0.0031430721282958984,0.005221843719482422,0.0029129981994628906,2076.71484375
oos_experiment,TK-PB-Drahi_17-d1-HET-ULO-8c673aa6e5-r4,4,DETERMINISTIC_RH,NONE,5,0,single_solve,0.001909017562866211,0.0034890174865722656,0.002079010009765625,2076.71484375
oos_experiment,TK-PB-Drahi_17-d1-HET-ULO-8c673aa6e5-r4,4,DETERMINISTIC_RH,NONE,5,0,single_solve,0.002321958541870117,0.005471944808959961,0.0029249191284179688,2076.71484375
oos_experiment,TK-PB-Drahi_17-d1-HET-ULO-8c673aa6e5-r4,4,DETERMINISTIC_RH,NONE,6,0,single_solve,0.001909017562866211,0.0034890174865722656,0.002079010009765625,2076.71484375
oos_experiment,TK-PB-Drahi_17-d1-HET-ULO-8c673aa6e5-r4,4,DETERMINISTIC_RH,NONE,6,0,single_solve,0.002321958541870117,0.005471944808959961,0.0029249191284179688,2076.71484375
oos_experiment,TK-PB-Drahi_17-d1-HET-ULO-8c673aa6e5-r4,4,DETERMINISTIC_RH,NONE,7,0,single_solve,0.001909017562866211,0.0034890174865722656,0.002079010009765625,2076.71484375
oos_experiment,TK-PB-Drahi_17-d1-HET-ULO-8c673aa6e5-r4,4,DETERMINISTIC_RH,NONE,7,0,single_solve,0.002321958541870117,0.005471944808959961,0.0029249191284179688,2076.71484375
oos_experiment,TK-PB-Drahi_17-d1-HET-ULO-8c673aa6e5-r4,4,DETERMINISTIC_RH,NONE,8,0,single_solve,0.001909017562866211,0.0034890174865722656,0.002079010009765625,2076.71484375
oos_experiment,TK-PB-Drahi_17-d1-HET-ULO-8c673aa6e5-r4,4,DETERMINISTIC_RH,NONE,8,0,single_solve,0.002321958541870117,0.005471944808959961,0.0029249191284179688,2076.71484375
oos_experiment,TK-PB-Drahi_17-d1-HET-ULO-8c673aa6e5-r4,4,DETERMINISTIC_RH,NONE,9,0,single_solve,0.0018191337585449219,0.0032651424407958984,0.0019690990447998047,2076.71484375
oos_experiment,TK-PB-Drahi_17-d1-HET-ULO-8c673aa6e5-r4,4,DETERMINISTIC_RH,NONE,9,0,single_solve,0.002746105194091797,0.005120992660522461,0.0028409957885742188,2076.71484375
oos_experiment,TK-PB-Drahi_17-d1-HET-ULO-8c673aa6e5-r4,4,DETERMINISTIC_RH,NONE,10,0,single_solve,0.0018191337585449219,0.0032651424407958984,0.0019690990447998047,2076.71484375
oos_experiment,TK-PB-Drahi_17-d1-HET-ULO-8c673aa6e5-r4,4,DETERMINISTIC_RH,NONE,10,0,single_solve,0.002746105194091797,0.005120992660522461,0.0028409957885742188,2076.71484375
oos_experiment,TK-PB-Drahi_17-d1-HET-ULO-8c673aa6e5-r4,4,DETERMINISTIC_RH,NONE,11,0,single_solve,0.0018191337585449219,0.0032651424407958984,0.0019690990447998047,2076.71484375
oos_experiment,TK-PB-Drahi_17-d1-HET-ULO-8c673aa6e5-r4,4,DETERMINISTIC_RH,NONE,11,0,single_solve,0.002746105194091797,0.005120992660522461,0.0028409957885742188,2076.71484375
oos_experiment,TK-PB-Drahi_17-d1-HET-ULO-8c673aa6e5-r4,4,DETERMINISTIC_RH,NONE,12,0,single_solve,0.0018191337585449219,0.0032651424407958984,0.0019690990447998047,2076.71484375
oos_experiment,TK-PB-Drahi_17-d1-HET-ULO-8c673aa6e5-r4,4,DETERMINISTIC_RH,NONE,12,0,single_solve,0.002746105194091797,0.005120992660522461,0.0028409957885742188,2076.71484375
oos_experiment,TK-PB-Drahi_17-d1-HET-ULO-8c673aa6e5-r4,4,DETERMINISTIC_RH,NONE,13,0,single_solve,0.001764059066772461,0.003744840621948242,0.0022940635681152344,2076.71484375
oos_experiment,TK-PB-Drahi_17-d1-HET-ULO-8c673aa6e5-r4,4,DETERMINISTIC_RH,NONE,13,0,single_solve,0.002719879150390625,0.005363941192626953,0.0029990673065185547,2076.71484375
oos_experiment,TK-PB-Drahi_17-d1-HET-ULO-8c673aa6e5-r4,4,DETERMINISTIC_RH,NONE,14,0,single_solve,0.001764059066772461,0.003744840621948242,0.0022940635681152344,2076.71484375
oos_experiment,TK-PB-Drahi_17-d1-HET-ULO-8c673aa6e5-r4,4,DETERMINISTIC_RH,NONE,14,0,single_solve,0.002719879150390625,0.005363941192626953,0.0029990673065185547,2076.71484375
oos_experiment,TK-PB-Drahi_17-d1-HET-ULO-8c673aa6e5-r4,4,DETERMINISTIC_RH,NONE,15,0,single_solve,0.001764059066772461,0.003744840621948242,0.0022940635681152344,2076.71484375
oos_experiment,TK-PB-Drahi_17-d1-HET-ULO-8c673aa6e5-r4,4,DETERMINISTIC_RH,NONE,15,0,single_solve,0.002719879150390625,0.005363941192626953,0.0029990673065185547,2076.71484375
oos_experiment,TK-PB-Drahi_17-d1-HET-ULO-8c673aa6e5-r4,4,DETERMINISTIC_RH,NONE,16,0,single_solve,0.001764059066772461,0.003744840621948242,0.0022940635681152344,2076.71484375
oos_experiment,TK-PB-Drahi_17-d1-HET-ULO-8c673aa6e5-r4,4,DETERMINISTIC_RH,NONE,16,0,single_solve,0.002719879150390625,0.005363941192626953,0.0029990673065185547,2076.71484375
oos_experiment,TK-PB-Drahi_17-d1-HET-ULO-8c673aa6e5-r4,4,DETERMINISTIC_RH,NONE,17,0,single_solve,0.0017828941345214844,0.0031859874725341797,0.0019152164459228516,2076.71484375
oos_experiment,TK-PB-Drahi_17-d1-HET-ULO-8c673aa6e5-r4,4,DETERMINISTIC_RH,NONE,17,0,single_solve,0.0028409957885742188,0.00531005859375,0.002980947494506836,2076.71484375
oos_experiment,TK-PB-Drahi_17-d1-HET-ULO-8c673aa6e5-r4,4,DETERMINISTIC_RH,NONE,18,0,single_solve,0.0017828941345214844,0.0031859874725341797,0.0019152164459228516,2076.71484375
oos_experiment,TK-PB-Drahi_17-d1-HET-ULO-8c673aa6e5-r4,4,DETERMINISTIC_RH,NONE,18,0,single_solve,0.0028409957885742188,0.00531005859375,0.002980947494506836,2076.71484375
oos_experiment,TK-PB-Drahi_17-d1-HET-ULO-8c673aa6e5-r4,4,DETERMINISTIC_RH,NONE,19,0,single_solve,0.0017828941345214844,0.0031859874725341797,0.0019152164459228516,2076.71484375
oos_experiment,TK-PB-Drahi_17-d1-HET-ULO-8c673aa6e5-r4,4,DETERMINISTIC_RH,NONE,19,0,single_solve,0.0028409957885742188,0.00531005859375,0.002980947494506836,2076.71484375
oos_experiment,TK-PB-Drahi_17-d1-HET-ULO-8c673aa6e5-r4,4,DETERMINISTIC_RH,NONE,20,0,single_solve,0.0017828941345214844,0.0031859874725341797,0.0019152164459228516,2076.71484375
oos_experiment,TK-PB-Drahi_17-d1-HET-ULO-8c673aa6e5-r4,4,DETERMINISTIC_RH,NONE,20,0,single_solve,0.0028409957885742188,0.00531005859375,0.002980947494506836,2076.71484375
oos_experiment,TK-PB-Drahi_17-d1-HET-ULO-8c673aa6e5-r4,4,DETERMINISTIC_RH,NONE,21,0,single_solve,0.0017609596252441406,0.0033409595489501953,0.0020279884338378906,2076.71484375
oos_experiment,TK-PB-Drahi_17-d1-HET-ULO-8c673aa6e5-r4,4,DETERMINISTIC_RH,NONE,21,0,single_solve,0.0026950836181640625,0.005293130874633789,0.002972126007080078,2076.71484375
oos_experiment,TK-PB-Drahi_17-d1-HET-ULO-8c673aa6e5-r4,4,DETERMINISTIC_RH,NONE,22,0,single_solve,0.0017609596252441406,0.0033409595489501953,0.0020279884338378906,2076.71484375
oos_experiment,TK-PB-Drahi_17-d1-HET-ULO-8c673aa6e5-r4,4,DETERMINISTIC_RH,NONE,22,0,single_solve,0.0026950836181640625,0.005293130874633789,0.002972126007080078,2076.71484375
oos_experiment,TK-PB-Drahi_17-d1-HET-ULO-8c673aa6e5-r4,4,DETERMINISTIC_RH,NONE,23,0,single_solve,0.0017609596252441406,0.0033409595489501953,0.0020279884338378906,2076.71484375
oos_experiment,TK-PB-Drahi_17-d1-HET-ULO-8c673aa6e5-r4,4,DETERMINISTIC_RH,NONE,23,0,single_solve,0.0026950836181640625,0.005293130874633789,0.002972126007080078,2076.71484375
oos_experiment,TK-PB-Drahi_17-d1-HET-ULO-8c673aa6e5-r4,4,DETERMINISTIC_RH,NONE,24,0,single_solve,0.0017609596252441406,0.0033409595489501953,0.0020279884338378906,2076.71484375
oos_experiment,TK-PB-Drahi_17-d1-HET-ULO-8c673aa6e5-r4,4,DETERMINISTIC_RH,NONE,24,0,single_solve,0.0026950836181640625,0.005293130874633789,0.002972126007080078,2076.71484375
oos_experiment,TK-PB-Drahi_17-d1-HET-ULO-8c673aa6e5-r4,4,DETERMINISTIC_RH,PEA,1,0,single_solve,0.0020568370819091797,0.0035190582275390625,0.0020759105682373047,2076.71484375
oos_experiment,TK-PB-Drahi_17-d1-HET-ULO-8c673aa6e5-r4,4,DETERMINISTIC_RH,PEA,1,0,single_solve,0.003222942352294922,0.005821943283081055,0.0034329891204833984,2076.71484375
oos_experiment,TK-PB-Drahi_17-d1-HET-ULO-8c673aa6e5-r4,4,DETERMINISTIC_RH,PEA,2,0,single_solve,0.0020568370819091797,0.0035190582275390625,0.0020759105682373047,2076.71484375
oos_experiment,TK-PB-Drahi_17-d1-HET-ULO-8c673aa6e5-r4,4,DETERMINISTIC_RH,PEA,2,0,single_solve,0.003222942352294922,0.005821943283081055,0.0034329891204833984,2076.71484375
oos_experiment,TK-PB-Drahi_17-d1-HET-ULO-8c673aa6e5-r4,4,DETERMINISTIC_RH,PEA,3,0,single_solve,0.0020568370819091797,0.0035190582275390625,0.0020759105682373047,2076.71484375
oos_experiment,TK-PB-Drahi_17-d1-HET-ULO-8c673aa6e5-r4,4,DETERMINISTIC_RH,PEA,3,0,single_solve,0.003222942352294922,0.005821943283081055,0.0034329891204833984,2076.71484375
oos_experiment,TK-PB-Drahi_17-d1-HET-ULO-8c673aa6e5-r4,4,DETERMINISTIC_RH,PEA,4,0,single_solve,0.0020568370819091797,0.0035190582275390625,0.0020759105682373047,2076.71484375
oos_experiment,TK-PB-Drahi_17-d1-HET-ULO-8c673aa6e5-r4,4,DETERMINISTIC_RH,PEA,4,0,single_solve,0.003222942352294922,0.005821943283081055,0.0034329891204833984,2076.71484375
oos_experiment,TK-PB-Drahi_17-d1-HET-ULO-8c673aa6e5-r4,4,DETERMINISTIC_RH,PEA,5,0,single_solve,0.0018780231475830078,0.0037221908569335938,0.002259969711303711,2076.71484375
oos_experiment,TK-PB-Drahi_17-d1-HET-ULO-8c673aa6e5-r4,4,DETERMINISTIC_RH,PEA,5,0,single_solve,0.0030858516693115234,0.0055768489837646484,0.003217935562133789,2076.71484375
oos_experiment,TK-PB-Drahi_17-d1-HET-ULO-8c673aa6e5-r4,4,DETERMINISTIC_RH,PEA,6,0,single_solve,0.0018780231475830078,0.0037221908569335938,0.002259969711303711,2076.71484375
oos_experiment,TK-PB-Drahi_17-d1-HET-ULO-8c673aa6e5-r4,4,DETERMINISTIC_RH,PEA,6,0,single_solve,0.0030858516693115234,0.0055768489837646484,0.003217935562133789,2076.71484375
oos_experiment,TK-PB-Drahi_17-d1-HET-ULO-8c673aa6e5-r4,4,DETERMINISTIC_RH,PEA,7,0,single_solve,0.0018780231475830078,0.0037221908569335938,0.002259969711303711,2076.71484375
oos_experiment,TK-PB-Drahi_17-d1-HET-ULO-8c673aa6e5-r4,4,DETERMINISTIC_RH,PEA,7,0,single_solve,0.0030858516693115234,0.0055768489837646484,0.003217935562133789,2076.71484375
oos_experiment,TK-PB-Drahi_17-d1-HET-ULO-8c673aa6e5-r4,4,DETERMINISTIC_RH,PEA,8,0,single_solve,0.0018780231475830078,0.0037221908569335938,0.002259969711303711,2076.71484375
oos_experiment,TK-PB-Drahi_17-d1-HET-ULO-8c673aa6e5-r4,4,DETERMINISTIC_RH,PEA,8,0,single_solve,0.0030858516693115234,0.0055768489837646484,0.003217935562133789,2076.71484375
oos_experiment,TK-PB-Drahi_17-d1-HET-ULO-8c673aa6e5-r4,4,DETERMINISTIC_RH,PEA,9,0,single_solve,0.002089977264404297,0.0036439895629882812,0.0021848678588867188,2076.71484375
oos_experiment,TK-PB-Drahi_17-d1-HET-ULO-8c673aa6e5-r4,4,DETERMINISTIC_RH,PEA,9,0,single_solve,0.0031490325927734375,0.005316972732543945,0.003041982650756836,2076.71484375
oos_experiment,TK-PB-Drahi_17-d1-HET-ULO-8c673aa6e5-r4,4,DETERMINISTIC_RH,PEA,10,0,single_solve,0.002089977264404297,0.0036439895629882812,0.0021848678588867188,2076.71484375
oos_experiment,TK-PB-Drahi_17-d1-HET-ULO-8c673aa6e5-r4,4,DETERMINISTIC_RH,PEA,10,0,single_solve,0.0031490325927734375,0.005316972732543945,0.003041982650756836,2076.71484375
oos_experiment,TK-PB-Drahi_17-d1-HET-ULO-8c673aa6e5-r4,4,DETERMINISTIC_RH,PEA,11,0,single_solve,0.002089977264404297,0.0036439895629882812,0.0021848678588867188,2076.71484375
oos_experiment,TK-PB-Drahi_17-d1-HET-ULO-8c673aa6e5-r4,4,DETERMINISTIC_RH,PEA,11,0,single_solve,0.0031490325927734375,0.005316972732543945,0.003041982650756836,2076.71484375
oos_experiment,TK-PB-Drahi_17-d1-HET-ULO-8c673aa6e5-r4,4,DETERMINISTIC_RH,PEA,12,0,single_solve,0.002089977264404297,0.0036439895629882812,0.0021848678588867188,2076.71484375
oos_experiment,TK-PB-Drahi_17-d1-HET-ULO-8c673aa6e5-r4,4,DETERMINISTIC_RH,PEA,12,0,single_solve,0.0031490325927734375,0.005316972732543945,0.003041982650756836,2076.71484375
oos_experiment,TK-PB-Drahi_17-d1-HET-ULO-8c673aa6e5-r4,4,DETERMINISTIC_RH,PEA,13,0,single_solve,0.0018551349639892578,0.0034880638122558594,0.002131938934326172,2076.71484375
oos_experiment,TK-PB-Drahi_17-d1-HET-ULO-8c673aa6e5-r4,4,DETERMINISTIC_RH,PEA,13,0,single_solve,0.27309513092041016,0.005628108978271484,0.003340005874633789,2076.71484375
oos_experiment,TK-PB-Drahi_17-d1-HET-ULO-8c673aa6e5-r4,4,DETERMINISTIC_RH,PEA,14,0,single_solve,0.0018551349639892578,0.0034880638122558594,0.002131938934326172,2076.71484375
oos_experiment,TK-PB-Drahi_17-d1-HET-ULO-8c673aa6e5-r4,4,DETERMINISTIC_RH,PEA,14,0,single_solve,0.27309513092041016,0.005628108978271484,0.003340005874633789,2076.71484375
oos_experiment,TK-PB-Drahi_17-d1-HET-ULO-8c673aa6e5-r4,4,DETERMINISTIC_RH,PEA,15,0,single_solve,0.0018551349639892578,0.0034880638122558594,0.002131938934326172,2076.71484375
oos_experiment,TK-PB-Drahi_17-d1-HET-ULO-8c673aa6e5-r4,4,DETERMINISTIC_RH,PEA,15,0,single_solve,0.27309513092041016,0.005628108978271484,0.003340005874633789,2076.71484375
oos_experiment,TK-PB-Drahi_17-d1-HET-ULO-8c673aa6e5-r4,4,DETERMINISTIC_RH,PEA,16,0,single_solve,0.0018551349639892578,0.0034880638122558594,0.002131938934326172,2076.71484375
oos_experiment,TK-PB-Drahi_17-d1-HET-ULO-8c673aa6e5-r4,4,DETERMINISTIC_RH,PEA,16,0,single_solve,0.27309513092041016,0.005628108978271484,0.003340005874633789,2076.71484375
oos_experiment,TK-PB-Drahi_17-d1-HET-ULO-8c673aa6e5-r4,4,DETERMINISTIC_RH,PEA,17,0,single_solve,0.0019800662994384766,0.003699064254760742,0.0022270679473876953,2076.71484375
oos_experiment,TK-PB-Drahi_17-d1-HET-ULO-8c673aa6e5-r4,4,DETERMINISTIC_RH,PEA,17,0,single_solve,0.0028460025787353516,0.0054700374603271484,0.0032761096954345703,2076.71484375
oos_experiment,TK-PB-Drahi_17-d1-HET-ULO-8c673aa6e5-r4,4,DETERMINISTIC_RH,PEA,18,0,single_solve,0.0019800662994384766,0.003699064254760742,0.0022270679473876953,2076.71484375
oos_experiment,TK-PB-Drahi_17-d1-HET-ULO-8c673aa6e5-r4,4,DETERMINISTIC_RH,PEA,18,0,single_solve,0.0028460025787353516,0.0054700374603271484,0.0032761096954345703,2076.71484375
oos_experiment,TK-PB-Drahi_17-d1-HET-ULO-8c673aa6e5-r4,4,DETERMINISTIC_RH,PEA,19,0,single_solve,0.0019800662994384766,0.003699064254760742,0.0022270679473876953,2076.71484375
oos_experiment,TK-PB-Drahi_17-d1-HET-ULO-8c673aa6e5-r4,4,DETERMINISTIC_RH,PEA,19,0,single_solve,0.0028460025787353516,0.0054700374603271484,0.0032761096954345703,2076.71484375
oos_experiment,TK-PB-Drahi_17-d1-HET-ULO-8c673aa6e5-r4,4,DETERMINISTIC_RH,PEA,20,0,single_solve,0.0019800662994384766,0.003699064254760742,0.0022270679473876953,2076.71484375
oos_experiment,TK-PB-Drahi_17-d1-HET-ULO-8c673aa6e5-r4,4,DETERMINISTIC_RH,PEA,20,0,single_solve,0.0028460025787353516,0.0054700374603271484,0.0032761096954345703,2076.71484375
oos_experiment,TK-PB-Drahi_17-d1-HET-ULO-8c673aa6e5-r4,4,DETERMINISTIC_RH,PEA,21,0,single_solve,0.0021109580993652344,0.00347900390625,0.0020248889923095703,2076.71484375
oos_experiment,TK-PB-Drahi_17-d1-HET-ULO-8c673aa6e5-r4,4,DETERMINISTIC_RH,PEA,21,0,single_solve,0.002836942672729492,0.0052490234375,0.003039121627807617,2076.71484375
oos_experiment,TK-PB-Drahi_17-d1-HET-ULO-8c673aa6e5-r4,4,DETERMINISTIC_RH,PEA,22,0,single_solve,0.0021109580993652344,0.00347900390625,0.0020248889923095703,2076.71484375
oos_experiment,TK-PB-Drahi_17-d1-HET-ULO-8c673aa6e5-r4,4,DETERMINISTIC_RH,PEA,22,0,single_solve,0.002836942672729492,0.0052490234375,0.003039121627807617,2076.71484375
oos_experiment,TK-PB-Drahi_17-d1-HET-ULO-8c673aa6e5-r4,4,DETERMINISTIC_RH,PEA,23,0,single_solve,0.0021109580993652344,0.00347900390625,0.0020248889923095703,2076.71484375
oos_experiment,TK-PB-Drahi_17-d1-HET-ULO-8c673aa6e5-r4,4,DETERMINISTIC_RH,PEA,23,0,single_solve,0.002836942672729492,0.0052490234375,0.003039121627807617,2076.71484375
oos_experiment,TK-PB-Drahi_17-d1-HET-ULO-8c673aa6e5-r4,4,DETERMINISTIC_RH,PEA,24,0,single_solve,0.0021109580993652344,0.00347900390625,0.0020248889923095703,2076.71484375
oos_experiment,TK-PB-Drahi_17-d1-HET-ULO-8c673aa6e5-r4,4,DETERMINISTIC_RH,PEA,24,0,single_solve,0.002836942672729492,0.0052490234375,0.003039121627807617,2076.71484375
oos_experiment,TK-PB-Drahi_17-d1-HET-ULO-8c673aa6e5-r4,4,DETERMINISTIC_RH,SA,1,0,single_solve,0.002747058868408203,0.004807949066162109,0.003268003463745117,2076.71484375
oos_experiment,TK-PB-Drahi_17-d1-HET-ULO-8c673aa6e5-r4,4,DETERMINISTIC_RH,SA,1,0,single_solve,0.0037081241607666016,0.006498098373413086,0.004304170608520508,2076.71484375
oos_experiment,TK-PB-Drahi_17-d1-HET-ULO-8c673aa6e5-r4,4,DETERMINISTIC_RH,SA,2,0,single_solve,0.002747058868408203,0.004807949066162109,0.003268003463745117,2076.71484375
oos_experiment,TK-PB-Drahi_17-d1-HET-ULO-8c673aa6e5-r4,4,DETERMINISTIC_RH,SA,2,0,single_solve,0.0037081241607666016,0.006498098373413086,0.004304170608520508,2076.71484375
oos_experiment,TK-PB-Drahi_17-d1-HET-ULO-8c673aa6e5-r4,4,DETERMINISTIC_RH,SA,3,0,single_solve,0.002747058868408203,0.004807949066162109,0.003268003463745117,2076.71484375
oos_experiment,TK-PB-Drahi_17-d1-HET-ULO-8c673aa6e5-r4,4,DETERMINISTIC_RH,SA,3,0,single_solve,0.0037081241607666016,0.006498098373413086,0.004304170608520508,2076.71484375
oos_experiment,TK-PB-Drahi_17-d1-HET-ULO-8c673aa6e5-r4,4,DETERMINISTIC_RH,SA,4,0,single_solve,0.002747058868408203,0.004807949066162109,0.003268003463745117,2076.71484375
oos_experiment,TK-PB-Drahi_17-d1-HET-ULO-8c673aa6e5-r4,4,DETERMINISTIC_RH,SA,4,0,single_solve,0.0037081241607666016,0.006498098373413086,0.004304170608520508,2076.71484375
oos_experiment,TK-PB-Drahi_17-d1-HET-ULO-8c673aa6e5-r4,4,DETERMINISTIC_RH,SA,5,0,single_solve,0.0028810501098632812,0.004950046539306641,0.003523111343383789,2076.71484375
oos_experiment,TK-PB-Drahi_17-d1-HET-ULO-8c673aa6e5-r4,4,DETERMINISTIC_RH,SA,5,0,single_solve,0.06859707832336426,0.007126808166503906,0.005017995834350586,2076.71484375
oos_experiment,TK-PB-Drahi_17-d1-HET-ULO-8c673aa6e5-r4,4,DETERMINISTIC_RH,SA,6,0,single_solve,0.0028810501098632812,0.004950046539306641,0.003523111343383789,2076.71484375
oos_experiment,TK-PB-Drahi_17-d1-HET-ULO-8c673aa6e5-r4,4,DETERMINISTIC_RH,SA,6,0,single_solve,0.06859707832336426,0.007126808166503906,0.005017995834350586,2076.71484375
oos_experiment,TK-PB-Drahi_17-d1-HET-ULO-8c673aa6e5-r4,4,DETERMINISTIC_RH,SA,7,0,single_solve,0.0028810501098632812,0.004950046539306641,0.003523111343383789,2076.71484375
oos_experiment,TK-PB-Drahi_17-d1-HET-ULO-8c673aa6e5-r4,4,DETERMINISTIC_RH,SA,7,0,single_solve,0.06859707832336426,0.007126808166503906,0.005017995834350586,2076.71484375
oos_experiment,TK-PB-Drahi_17-d1-HET-ULO-8c673aa6e5-r4,4,DETERMINISTIC_RH,SA,8,0,single_solve,0.0028810501098632812,0.004950046539306641,0.003523111343383789,2076.71484375
oos_experiment,TK-PB-Drahi_17-d1-HET-ULO-8c673aa6e5-r4,4,DETERMINISTIC_RH,SA,8,0,single_solve,0.06859707832336426,0.007126808166503906,0.005017995834350586,2076.71484375
oos_experiment,TK-PB-Drahi_17-d1-HET-ULO-8c673aa6e5-r4,4,DETERMINISTIC_RH,SA,9,0,single_solve,0.002833127975463867,0.004960060119628906,0.0035309791564941406,2076.71484375
oos_experiment,TK-PB-Drahi_17-d1-HET-ULO-8c673aa6e5-r4,4,DETERMINISTIC_RH,SA,9,0,single_solve,0.0035250186920166016,0.00784611701965332,0.0056231021881103516,2076.71484375
oos_experiment,TK-PB-Drahi_17-d1-HET-ULO-8c673aa6e5-r4,4,DETERMINISTIC_RH,SA,10,0,single_solve,0.002833127975463867,0.004960060119628906,0.0035309791564941406,2076.71484375
oos_experiment,TK-PB-Drahi_17-d1-HET-ULO-8c673aa6e5-r4,4,DETERMINISTIC_RH,SA,10,0,single_solve,0.0035250186920166016,0.00784611701965332,0.0056231021881103516,2076.71484375
oos_experiment,TK-PB-Drahi_17-d1-HET-ULO-8c673aa6e5-r4,4,DETERMINISTIC_RH,SA,11,0,single_solve,0.002833127975463867,0.004960060119628906,0.0035309791564941406,2076.71484375
oos_experiment,TK-PB-Drahi_17-d1-HET-ULO-8c673aa6e5-r4,4,DETERMINISTIC_RH,SA,11,0,single_solve,0.0035250186920166016,0.00784611701965332,0.0056231021881103516,2076.71484375
oos_experiment,TK-PB-Drahi_17-d1-HET-ULO-8c673aa6e5-r4,4,DETERMINISTIC_RH,SA,12,0,single_solve,0.002833127975463867,0.004960060119628906,0.0035309791564941406,2076.71484375
oos_experiment,TK-PB-Drahi_17-d1-HET-ULO-8c673aa6e5-r4,4,DETERMINISTIC_RH,SA,12,0,single_solve,0.0035250186920166016,0.00784611701965332,0.0056231021881103516,2076.71484375
oos_experiment,TK-PB-Drahi_17-d1-HET-ULO-8c673aa6e5-r4,4,DETERMINISTIC_RH,SA,13,0,single_solve,0.0027618408203125,0.004797935485839844,0.0033371448516845703,2076.71484375
oos_experiment,TK-PB-Drahi_17-d1-HET-ULO-8c673aa6e5-r4,4,DETERMINISTIC_RH,SA,13,0,single_solve,0.0037140846252441406,0.007311820983886719,0.0050830841064453125,2076.71484375
oos_experiment,TK-PB-Drahi_17-d1-HET-ULO-8c673aa6e5-r4,4,DETERMINISTIC_RH,SA,14,0,single_solve,0.0027618408203125,0.004797935485839844,0.0033371448516845703,2076.71484375
oos_experiment,TK-PB-Drahi_17-d1-HET-ULO-8c673aa6e5-r4,4,DETERMINISTIC_RH,SA,14,0,single_solve,0.0037140846252441406,0.007311820983886719,0.0050830841064453125,2076.71484375
oos_experiment,TK-PB-Drahi_17-d1-HET-ULO-8c673aa6e5-r4,4,DETERMINISTIC_RH,SA,15,0,single_solve,0.0027618408203125,0.004797935485839844,0.0033371448516845703,2076.71484375
oos_experiment,TK-PB-Drahi_17-d1-HET-ULO-8c673aa6e5-r4,4,DETERMINISTIC_RH,SA,15,0,single_solve,0.0037140846252441406,0.007311820983886719,0.0050830841064453125,2076.71484375
oos_experiment,TK-PB-Drahi_17-d1-HET-ULO-8c673aa6e5-r4,4,DETERMINISTIC_RH,SA,16,0,single_solve,0.0027618408203125,0.004797935485839844,0.0033371448516845703,2076.71484375
oos_experiment,TK-PB-Drahi_17-d1-HET-ULO-8c673aa6e5-r4,4,DETERMINISTIC_RH,SA,16,0,single_solve,0.0037140846252441406,0.007311820983886719,0.0050830841064453125,2076.71484375
oos_experiment,TK-PB-Drahi_17-d1-HET-ULO-8c673aa6e5-r4,4,DETERMINISTIC_RH,SA,17,0,single_solve,0.0027599334716796875,0.004827976226806641,0.0033669471740722656,2076.71484375
oos_experiment,TK-PB-Drahi_17-d1-HET-ULO-8c673aa6e5-r4,4,DETERMINISTIC_RH,SA,17,0,single_solve,0.0036590099334716797,0.007715940475463867,0.005519866943359375,2076.71484375
oos_experiment,TK-PB-Drahi_17-d1-HET-ULO-8c673aa6e5-r4,4,DETERMINISTIC_RH,SA,18,0,single_solve,0.0027599334716796875,0.004827976226806641,0.0033669471740722656,2076.71484375
oos_experiment,TK-PB-Drahi_17-d1-HET-ULO-8c673aa6e5-r4,4,DETERMINISTIC_RH,SA,18,0,single_solve,0.0036590099334716797,0.007715940475463867,0.005519866943359375,2076.71484375
oos_experiment,TK-PB-Drahi_17-d1-HET-ULO-8c673aa6e5-r4,4,DETERMINISTIC_RH,SA,19,0,single_solve,0.0027599334716796875,0.004827976226806641,0.0033669471740722656,2076.71484375
oos_experiment,TK-PB-Drahi_17-d1-HET-ULO-8c673aa6e5-r4,4,DETERMINISTIC_RH,SA,19,0,single_solve,0.0036590099334716797,0.007715940475463867,0.005519866943359375,2076.71484375
oos_experiment,TK-PB-Drahi_17-d1-HET-ULO-8c673aa6e5-r4,4,DETERMINISTIC_RH,SA,20,0,single_solve,0.0027599334716796875,0.004827976226806641,0.0033669471740722656,2076.71484375
oos_experiment,TK-PB-Drahi_17-d1-HET-ULO-8c673aa6e5-r4,4,DETERMINISTIC_RH,SA,20,0,single_solve,0.0036590099334716797,0.007715940475463867,0.005519866943359375,2076.71484375
oos_experiment,TK-PB-Drahi_17-d1-HET-ULO-8c673aa6e5-r4,4,DETERMINISTIC_RH,SA,21,0,single_solve,0.0027968883514404297,0.004767894744873047,0.0033299922943115234,2076.71484375
oos_experiment,TK-PB-Drahi_17-d1-HET-ULO-8c673aa6e5-r4,4,DETERMINISTIC_RH,SA,21,0,single_solve,0.0042231082916259766,0.007899999618530273,0.005425214767456055,2076.71484375
oos_experiment,TK-PB-Drahi_17-d1-HET-ULO-8c673aa6e5-r4,4,DETERMINISTIC_RH,SA,22,0,single_solve,0.0027968883514404297,0.004767894744873047,0.0033299922943115234,2076.71484375
oos_experiment,TK-PB-Drahi_17-d1-HET-ULO-8c673aa6e5-r4,4,DETERMINISTIC_RH,SA,22,0,single_solve,0.0042231082916259766,0.007899999618530273,0.005425214767456055,2076.71484375
oos_experiment,TK-PB-Drahi_17-d1-HET-ULO-8c673aa6e5-r4,4,DETERMINISTIC_RH,SA,23,0,single_solve,0.0027968883514404297,0.004767894744873047,0.0033299922943115234,2076.71484375
oos_experiment,TK-PB-Drahi_17-d1-HET-ULO-8c673aa6e5-r4,4,DETERMINISTIC_RH,SA,23,0,single_solve,0.0042231082916259766,0.007899999618530273,0.005425214767456055,2076.71484375
oos_experiment,TK-PB-Drahi_17-d1-HET-ULO-8c673aa6e5-r4,4,DETERMINISTIC_RH,SA,24,0,single_solve,0.0027968883514404297,0.004767894744873047,0.0033299922943115234,2076.71484375
oos_experiment,TK-PB-Drahi_17-d1-HET-ULO-8c673aa6e5-r4,4,DETERMINISTIC_RH,SA,24,0,single_solve,0.0042231082916259766,0.007899999618530273,0.005425214767456055,2076.71484375
oos_experiment,TK-PB-Drahi_17-d1-HET-ULO-8c673aa6e5-r4,4,DETERMINISTIC_RH,STATIC_DEMAND_SHARE,1,0,single_solve,0.0022139549255371094,0.003426074981689453,0.0020401477813720703,2076.71484375
oos_experiment,TK-PB-Drahi_17-d1-HET-ULO-8c673aa6e5-r4,4,DETERMINISTIC_RH,STATIC_DEMAND_SHARE,1,0,single_solve,0.0027959346771240234,0.005304098129272461,0.003095865249633789,2076.71484375
oos_experiment,TK-PB-Drahi_17-d1-HET-ULO-8c673aa6e5-r4,4,DETERMINISTIC_RH,STATIC_DEMAND_SHARE,2,0,single_solve,0.0022139549255371094,0.003426074981689453,0.0020401477813720703,2076.71484375
oos_experiment,TK-PB-Drahi_17-d1-HET-ULO-8c673aa6e5-r4,4,DETERMINISTIC_RH,STATIC_DEMAND_SHARE,2,0,single_solve,0.0027959346771240234,0.005304098129272461,0.003095865249633789,2076.71484375
oos_experiment,TK-PB-Drahi_17-d1-HET-ULO-8c673aa6e5-r4,4,DETERMINISTIC_RH,STATIC_DEMAND_SHARE,3,0,single_solve,0.0022139549255371094,0.003426074981689453,0.0020401477813720703,2076.71484375
oos_experiment,TK-PB-Drahi_17-d1-HET-ULO-8c673aa6e5-r4,4,DETERMINISTIC_RH,STATIC_DEMAND_SHARE,3,0,single_solve,0.0027959346771240234,0.005304098129272461,0.003095865249633789,2076.71484375
oos_experiment,TK-PB-Drahi_17-d1-HET-ULO-8c673aa6e5-r4,4,DETERMINISTIC_RH,STATIC_DEMAND_SHARE,4,0,single_solve,0.0022139549255371094,0.003426074981689453,0.0020401477813720703,2076.71484375
oos_experiment,TK-PB-Drahi_17-d1-HET-ULO-8c673aa6e5-r4,4,DETERMINISTIC_RH,STATIC_DEMAND_SHARE,4,0,single_solve,0.0027959346771240234,0.005304098129272461,0.003095865249633789,2076.71484375
oos_experiment,TK-PB-Drahi_17-d1-HET-ULO-8c673aa6e5-r4,4,DETERMINISTIC_RH,STATIC_DEMAND_SHARE,5,0,single_solve,0.0020380020141601562,0.0033910274505615234,0.0019991397857666016,2076.71484375
oos_experiment,TK-PB-Drahi_17-d1-HET-ULO-8c673aa6e5-r4,4,DETERMINISTIC_RH,STATIC_DEMAND_SHARE,5,0,single_solve,0.002794027328491211,0.0052340030670166016,0.0030820369720458984,2076.71484375
oos_experiment,TK-PB-Drahi_17-d1-HET-ULO-8c673aa6e5-r4,4,DETERMINISTIC_RH,STATIC_DEMAND_SHARE,6,0,single_solve,0.0020380020141601562,0.0033910274505615234,0.0019991397857666016,2076.71484375
oos_experiment,TK-PB-Drahi_17-d1-HET-ULO-8c673aa6e5-r4,4,DETERMINISTIC_RH,STATIC_DEMAND_SHARE,6,0,single_solve,0.002794027328491211,0.0052340030670166016,0.0030820369720458984,2076.71484375
oos_experiment,TK-PB-Drahi_17-d1-HET-ULO-8c673aa6e5-r4,4,DETERMINISTIC_RH,STATIC_DEMAND_SHARE,7,0,single_solve,0.0020380020141601562,0.0033910274505615234,0.0019991397857666016,2076.71484375
oos_experiment,TK-PB-Drahi_17-d1-HET-ULO-8c673aa6e5-r4,4,DETERMINISTIC_RH,STATIC_DEMAND_SHARE,7,0,single_solve,0.002794027328491211,0.0052340030670166016,0.0030820369720458984,2076.71484375
oos_experiment,TK-PB-Drahi_17-d1-HET-ULO-8c673aa6e5-r4,4,DETERMINISTIC_RH,STATIC_DEMAND_SHARE,8,0,single_solve,0.0020380020141601562,0.0033910274505615234,0.0019991397857666016,2076.71484375
oos_experiment,TK-PB-Drahi_17-d1-HET-ULO-8c673aa6e5-r4,4,DETERMINISTIC_RH,STATIC_DEMAND_SHARE,8,0,single_solve,0.002794027328491211,0.0052340030670166016,0.0030820369720458984,2076.71484375
oos_experiment,TK-PB-Drahi_17-d1-HET-ULO-8c673aa6e5-r4,4,DETERMINISTIC_RH,STATIC_DEMAND_SHARE,9,0,single_solve,0.0021429061889648438,0.0031828880310058594,0.0018420219421386719,2076.71484375
oos_experiment,TK-PB-Drahi_17-d1-HET-ULO-8c673aa6e5-r4,4,DETERMINISTIC_RH,STATIC_DEMAND_SHARE,9,0,single_solve,0.0026979446411132812,0.005178213119506836,0.0030879974365234375,2076.71484375
oos_experiment,TK-PB-Drahi_17-d1-HET-ULO-8c673aa6e5-r4,4,DETERMINISTIC_RH,STATIC_DEMAND_SHARE,10,0,single_solve,0.0021429061889648438,0.0031828880310058594,0.0018420219421386719,2076.71484375
oos_experiment,TK-PB-Drahi_17-d1-HET-ULO-8c673aa6e5-r4,4,DETERMINISTIC_RH,STATIC_DEMAND_SHARE,10,0,single_solve,0.0026979446411132812,0.005178213119506836,0.0030879974365234375,2076.71484375
oos_experiment,TK-PB-Drahi_17-d1-HET-ULO-8c673aa6e5-r4,4,DETERMINISTIC_RH,STATIC_DEMAND_SHARE,11,0,single_solve,0.0021429061889648438,0.0031828880310058594,0.0018420219421386719,2076.71484375
oos_experiment,TK-PB-Drahi_17-d1-HET-ULO-8c673aa6e5-r4,4,DETERMINISTIC_RH,STATIC_DEMAND_SHARE,11,0,single_solve,0.0026979446411132812,0.005178213119506836,0.0030879974365234375,2076.71484375
oos_experiment,TK-PB-Drahi_17-d1-HET-ULO-8c673aa6e5-r4,4,DETERMINISTIC_RH,STATIC_DEMAND_SHARE,12,0,single_solve,0.0021429061889648438,0.0031828880310058594,0.0018420219421386719,2076.71484375
oos_experiment,TK-PB-Drahi_17-d1-HET-ULO-8c673aa6e5-r4,4,DETERMINISTIC_RH,STATIC_DEMAND_SHARE,12,0,single_solve,0.0026979446411132812,0.005178213119506836,0.0030879974365234375,2076.71484375
oos_experiment,TK-PB-Drahi_17-d1-HET-ULO-8c673aa6e5-r4,4,DETERMINISTIC_RH,STATIC_DEMAND_SHARE,13,0,single_solve,0.0024149417877197266,0.003033876419067383,0.0018391609191894531,2076.71484375
oos_experiment,TK-PB-Drahi_17-d1-HET-ULO-8c673aa6e5-r4,4,DETERMINISTIC_RH,STATIC_DEMAND_SHARE,13,0,single_solve,0.0026810169219970703,0.004963874816894531,0.0028350353240966797,2076.71484375
oos_experiment,TK-PB-Drahi_17-d1-HET-ULO-8c673aa6e5-r4,4,DETERMINISTIC_RH,STATIC_DEMAND_SHARE,14,0,single_solve,0.0024149417877197266,0.003033876419067383,0.0018391609191894531,2076.71484375
oos_experiment,TK-PB-Drahi_17-d1-HET-ULO-8c673aa6e5-r4,4,DETERMINISTIC_RH,STATIC_DEMAND_SHARE,14,0,single_solve,0.0026810169219970703,0.004963874816894531,0.0028350353240966797,2076.71484375
oos_experiment,TK-PB-Drahi_17-d1-HET-ULO-8c673aa6e5-r4,4,DETERMINISTIC_RH,STATIC_DEMAND_SHARE,15,0,single_solve,0.0024149417877197266,0.003033876419067383,0.0018391609191894531,2076.71484375
oos_experiment,TK-PB-Drahi_17-d1-HET-ULO-8c673aa6e5-r4,4,DETERMINISTIC_RH,STATIC_DEMAND_SHARE,15,0,single_solve,0.0026810169219970703,0.004963874816894531,0.0028350353240966797,2076.71484375
oos_experiment,TK-PB-Drahi_17-d1-HET-ULO-8c673aa6e5-r4,4,DETERMINISTIC_RH,STATIC_DEMAND_SHARE,16,0,single_solve,0.0024149417877197266,0.003033876419067383,0.0018391609191894531,2076.71484375
oos_experiment,TK-PB-Drahi_17-d1-HET-ULO-8c673aa6e5-r4,4,DETERMINISTIC_RH,STATIC_DEMAND_SHARE,16,0,single_solve,0.0026810169219970703,0.004963874816894531,0.0028350353240966797,2076.71484375
oos_experiment,TK-PB-Drahi_17-d1-HET-ULO-8c673aa6e5-r4,4,DETERMINISTIC_RH,STATIC_DEMAND_SHARE,17,0,single_solve,0.0018439292907714844,0.003134012222290039,0.0018439292907714844,2076.71484375
oos_experiment,TK-PB-Drahi_17-d1-HET-ULO-8c673aa6e5-r4,4,DETERMINISTIC_RH,STATIC_DEMAND_SHARE,17,0,single_solve,0.00273895263671875,0.005071878433227539,0.0028858184814453125,2076.71484375
oos_experiment,TK-PB-Drahi_17-d1-HET-ULO-8c673aa6e5-r4,4,DETERMINISTIC_RH,STATIC_DEMAND_SHARE,18,0,single_solve,0.0018439292907714844,0.003134012222290039,0.0018439292907714844,2076.71484375
oos_experiment,TK-PB-Drahi_17-d1-HET-ULO-8c673aa6e5-r4,4,DETERMINISTIC_RH,STATIC_DEMAND_SHARE,18,0,single_solve,0.00273895263671875,0.005071878433227539,0.0028858184814453125,2076.71484375
oos_experiment,TK-PB-Drahi_17-d1-HET-ULO-8c673aa6e5-r4,4,DETERMINISTIC_RH,STATIC_DEMAND_SHARE,19,0,single_solve,0.0018439292907714844,0.003134012222290039,0.0018439292907714844,2076.71484375
oos_experiment,TK-PB-Drahi_17-d1-HET-ULO-8c673aa6e5-r4,4,DETERMINISTIC_RH,STATIC_DEMAND_SHARE,19,0,single_solve,0.00273895263671875,0.005071878433227539,0.0028858184814453125,2076.71484375
oos_experiment,TK-PB-Drahi_17-d1-HET-ULO-8c673aa6e5-r4,4,DETERMINISTIC_RH,STATIC_DEMAND_SHARE,20,0,single_solve,0.0018439292907714844,0.003134012222290039,0.0018439292907714844,2076.71484375
oos_experiment,TK-PB-Drahi_17-d1-HET-ULO-8c673aa6e5-r4,4,DETERMINISTIC_RH,STATIC_DEMAND_SHARE,20,0,single_solve,0.00273895263671875,0.005071878433227539,0.0028858184814453125,2076.71484375
oos_experiment,TK-PB-Drahi_17-d1-HET-ULO-8c673aa6e5-r4,4,DETERMINISTIC_RH,STATIC_DEMAND_SHARE,21,0,single_solve,0.0019559860229492188,0.003251791000366211,0.001961946487426758,2076.71484375
oos_experiment,TK-PB-Drahi_17-d1-HET-ULO-8c673aa6e5-r4,4,DETERMINISTIC_RH,STATIC_DEMAND_SHARE,21,0,single_solve,0.0028510093688964844,0.0053539276123046875,0.0030090808868408203,2076.71484375
oos_experiment,TK-PB-Drahi_17-d1-HET-ULO-8c673aa6e5-r4,4,DETERMINISTIC_RH,STATIC_DEMAND_SHARE,22,0,single_solve,0.0019559860229492188,0.003251791000366211,0.001961946487426758,2076.71484375
oos_experiment,TK-PB-Drahi_17-d1-HET-ULO-8c673aa6e5-r4,4,DETERMINISTIC_RH,STATIC_DEMAND_SHARE,22,0,single_solve,0.0028510093688964844,0.0053539276123046875,0.0030090808868408203,2076.71484375
oos_experiment,TK-PB-Drahi_17-d1-HET-ULO-8c673aa6e5-r4,4,DETERMINISTIC_RH,STATIC_DEMAND_SHARE,23,0,single_solve,0.0019559860229492188,0.003251791000366211,0.001961946487426758,2076.71484375
oos_experiment,TK-PB-Drahi_17-d1-HET-ULO-8c673aa6e5-r4,4,DETERMINISTIC_RH,STATIC_DEMAND_SHARE,23,0,single_solve,0.0028510093688964844,0.0053539276123046875,0.0030090808868408203,2076.71484375
oos_experiment,TK-PB-Drahi_17-d1-HET-ULO-8c673aa6e5-r4,4,DETERMINISTIC_RH,STATIC_DEMAND_SHARE,24,0,single_solve,0.0019559860229492188,0.003251791000366211,0.001961946487426758,2076.71484375
oos_experiment,TK-PB-Drahi_17-d1-HET-ULO-8c673aa6e5-r4,4,DETERMINISTIC_RH,STATIC_DEMAND_SHARE,24,0,single_solve,0.0028510093688964844,0.0053539276123046875,0.0030090808868408203,2076.71484375
oos_experiment,TK-PB-Drahi_17-d1-HET-ULO-8c673aa6e5-r4,4,MULTISTAGE_RH,LEXMMFPEA,1,1,lex_phase_1,0.1954059600830078,0.2673938274383545,0.07349991798400879,2076.71484375
oos_experiment,TK-PB-Drahi_17-d1-HET-ULO-8c673aa6e5-r4,4,MULTISTAGE_RH,LEXMMFPEA,1,1,lex_phase_1,0.3938889503479004,0.3627359867095947,0.11023187637329102,2076.71484375
oos_experiment,TK-PB-Drahi_17-d1-HET-ULO-8c673aa6e5-r4,4,MULTISTAGE_RH,LEXMMFPEA,1,2,lex_phase_2,0.1954059600830078,0.023064136505126953,0.02225804328918457,2076.71484375
oos_experiment,TK-PB-Drahi_17-d1-HET-ULO-8c673aa6e5-r4,4,MULTISTAGE_RH,LEXMMFPEA,1,2,lex_phase_2,0.3938889503479004,0.03387618064880371,0.032981157302856445,2076.71484375
oos_experiment,TK-PB-Drahi_17-d1-HET-ULO-8c673aa6e5-r4,4,MULTISTAGE_RH,LEXMMFPEA,1,3,lex_phase_3,0.1954059600830078,0.022275924682617188,0.02136707305908203,2076.71484375
oos_experiment,TK-PB-Drahi_17-d1-HET-ULO-8c673aa6e5-r4,4,MULTISTAGE_RH,LEXMMFPEA,1,3,lex_phase_3,0.3938889503479004,0.033857107162475586,0.032898902893066406,2076.71484375
oos_experiment,TK-PB-Drahi_17-d1-HET-ULO-8c673aa6e5-r4,4,MULTISTAGE_RH,LEXMMFPEA,1,4,lex_phase_4,0.1954059600830078,0.021824121475219727,0.02097010612487793,2076.71484375
oos_experiment,TK-PB-Drahi_17-d1-HET-ULO-8c673aa6e5-r4,4,MULTISTAGE_RH,LEXMMFPEA,1,4,lex_phase_4,0.3938889503479004,0.03751993179321289,0.03649401664733887,2076.71484375
oos_experiment,TK-PB-Drahi_17-d1-HET-ULO-8c673aa6e5-r4,4,MULTISTAGE_RH,LEXMMFPEA,1,5,lex_phase_5,0.1954059600830078,0.021659135818481445,0.020821094512939453,2076.71484375
oos_experiment,TK-PB-Drahi_17-d1-HET-ULO-8c673aa6e5-r4,4,MULTISTAGE_RH,LEXMMFPEA,1,5,lex_phase_5,0.3938889503479004,0.03200793266296387,0.030959129333496094,2076.71484375
oos_experiment,TK-PB-Drahi_17-d1-HET-ULO-8c673aa6e5-r4,4,MULTISTAGE_RH,LEXMMFPEA,1,6,economic_tie_break,0.1954059600830078,0.3822150230407715,0.38133907318115234,2076.71484375
oos_experiment,TK-PB-Drahi_17-d1-HET-ULO-8c673aa6e5-r4,4,MULTISTAGE_RH,LEXMMFPEA,1,6,economic_tie_break,0.3938889503479004,0.5804998874664307,0.5794949531555176,2076.71484375
oos_experiment,TK-PB-Drahi_17-d1-HET-ULO-8c673aa6e5-r4,4,MULTISTAGE_RH,LEXMMFPEA,2,1,lex_phase_1,0.1954059600830078,0.2673938274383545,0.07349991798400879,2076.71484375
oos_experiment,TK-PB-Drahi_17-d1-HET-ULO-8c673aa6e5-r4,4,MULTISTAGE_RH,LEXMMFPEA,2,1,lex_phase_1,0.3938889503479004,0.3627359867095947,0.11023187637329102,2076.71484375
oos_experiment,TK-PB-Drahi_17-d1-HET-ULO-8c673aa6e5-r4,4,MULTISTAGE_RH,LEXMMFPEA,2,2,lex_phase_2,0.1954059600830078,0.023064136505126953,0.02225804328918457,2076.71484375
oos_experiment,TK-PB-Drahi_17-d1-HET-ULO-8c673aa6e5-r4,4,MULTISTAGE_RH,LEXMMFPEA,2,2,lex_phase_2,0.3938889503479004,0.03387618064880371,0.032981157302856445,2076.71484375
oos_experiment,TK-PB-Drahi_17-d1-HET-ULO-8c673aa6e5-r4,4,MULTISTAGE_RH,LEXMMFPEA,2,3,lex_phase_3,0.1954059600830078,0.022275924682617188,0.02136707305908203,2076.71484375
oos_experiment,TK-PB-Drahi_17-d1-HET-ULO-8c673aa6e5-r4,4,MULTISTAGE_RH,LEXMMFPEA,2,3,lex_phase_3,0.3938889503479004,0.033857107162475586,0.032898902893066406,2076.71484375
oos_experiment,TK-PB-Drahi_17-d1-HET-ULO-8c673aa6e5-r4,4,MULTISTAGE_RH,LEXMMFPEA,2,4,lex_phase_4,0.1954059600830078,0.021824121475219727,0.02097010612487793,2076.71484375
oos_experiment,TK-PB-Drahi_17-d1-HET-ULO-8c673aa6e5-r4,4,MULTISTAGE_RH,LEXMMFPEA,2,4,lex_phase_4,0.3938889503479004,0.03751993179321289,0.03649401664733887,2076.71484375
oos_experiment,TK-PB-Drahi_17-d1-HET-ULO-8c673aa6e5-r4,4,MULTISTAGE_RH,LEXMMFPEA,2,5,lex_phase_5,0.1954059600830078,0.021659135818481445,0.020821094512939453,2076.71484375
oos_experiment,TK-PB-Drahi_17-d1-HET-ULO-8c673aa6e5-r4,4,MULTISTAGE_RH,LEXMMFPEA,2,5,lex_phase_5,0.3938889503479004,0.03200793266296387,0.030959129333496094,2076.71484375
oos_experiment,TK-PB-Drahi_17-d1-HET-ULO-8c673aa6e5-r4,4,MULTISTAGE_RH,LEXMMFPEA,2,6,economic_tie_break,0.1954059600830078,0.3822150230407715,0.38133907318115234,2076.71484375
oos_experiment,TK-PB-Drahi_17-d1-HET-ULO-8c673aa6e5-r4,4,MULTISTAGE_RH,LEXMMFPEA,2,6,economic_tie_break,0.3938889503479004,0.5804998874664307,0.5794949531555176,2076.71484375
oos_experiment,TK-PB-Drahi_17-d1-HET-ULO-8c673aa6e5-r4,4,MULTISTAGE_RH,LEXMMFPEA,3,1,lex_phase_1,0.1954059600830078,0.2673938274383545,0.07349991798400879,2076.71484375
oos_experiment,TK-PB-Drahi_17-d1-HET-ULO-8c673aa6e5-r4,4,MULTISTAGE_RH,LEXMMFPEA,3,1,lex_phase_1,0.3938889503479004,0.3627359867095947,0.11023187637329102,2076.71484375
oos_experiment,TK-PB-Drahi_17-d1-HET-ULO-8c673aa6e5-r4,4,MULTISTAGE_RH,LEXMMFPEA,3,2,lex_phase_2,0.1954059600830078,0.023064136505126953,0.02225804328918457,2076.71484375
oos_experiment,TK-PB-Drahi_17-d1-HET-ULO-8c673aa6e5-r4,4,MULTISTAGE_RH,LEXMMFPEA,3,2,lex_phase_2,0.3938889503479004,0.03387618064880371,0.032981157302856445,2076.71484375
oos_experiment,TK-PB-Drahi_17-d1-HET-ULO-8c673aa6e5-r4,4,MULTISTAGE_RH,LEXMMFPEA,3,3,lex_phase_3,0.1954059600830078,0.022275924682617188,0.02136707305908203,2076.71484375
oos_experiment,TK-PB-Drahi_17-d1-HET-ULO-8c673aa6e5-r4,4,MULTISTAGE_RH,LEXMMFPEA,3,3,lex_phase_3,0.3938889503479004,0.033857107162475586,0.032898902893066406,2076.71484375
oos_experiment,TK-PB-Drahi_17-d1-HET-ULO-8c673aa6e5-r4,4,MULTISTAGE_RH,LEXMMFPEA,3,4,lex_phase_4,0.1954059600830078,0.021824121475219727,0.02097010612487793,2076.71484375
oos_experiment,TK-PB-Drahi_17-d1-HET-ULO-8c673aa6e5-r4,4,MULTISTAGE_RH,LEXMMFPEA,3,4,lex_phase_4,0.3938889503479004,0.03751993179321289,0.03649401664733887,2076.71484375
oos_experiment,TK-PB-Drahi_17-d1-HET-ULO-8c673aa6e5-r4,4,MULTISTAGE_RH,LEXMMFPEA,3,5,lex_phase_5,0.1954059600830078,0.021659135818481445,0.020821094512939453,2076.71484375
oos_experiment,TK-PB-Drahi_17-d1-HET-ULO-8c673aa6e5-r4,4,MULTISTAGE_RH,LEXMMFPEA,3,5,lex_phase_5,0.3938889503479004,0.03200793266296387,0.030959129333496094,2076.71484375
oos_experiment,TK-PB-Drahi_17-d1-HET-ULO-8c673aa6e5-r4,4,MULTISTAGE_RH,LEXMMFPEA,3,6,economic_tie_break,0.1954059600830078,0.3822150230407715,0.38133907318115234,2076.71484375
oos_experiment,TK-PB-Drahi_17-d1-HET-ULO-8c673aa6e5-r4,4,MULTISTAGE_RH,LEXMMFPEA,3,6,economic_tie_break,0.3938889503479004,0.5804998874664307,0.5794949531555176,2076.71484375
oos_experiment,TK-PB-Drahi_17-d1-HET-ULO-8c673aa6e5-r4,4,MULTISTAGE_RH,LEXMMFPEA,4,1,lex_phase_1,0.1954059600830078,0.2673938274383545,0.07349991798400879,2076.71484375
oos_experiment,TK-PB-Drahi_17-d1-HET-ULO-8c673aa6e5-r4,4,MULTISTAGE_RH,LEXMMFPEA,4,1,lex_phase_1,0.3938889503479004,0.3627359867095947,0.11023187637329102,2076.71484375
oos_experiment,TK-PB-Drahi_17-d1-HET-ULO-8c673aa6e5-r4,4,MULTISTAGE_RH,LEXMMFPEA,4,2,lex_phase_2,0.1954059600830078,0.023064136505126953,0.02225804328918457,2076.71484375
oos_experiment,TK-PB-Drahi_17-d1-HET-ULO-8c673aa6e5-r4,4,MULTISTAGE_RH,LEXMMFPEA,4,2,lex_phase_2,0.3938889503479004,0.03387618064880371,0.032981157302856445,2076.71484375
oos_experiment,TK-PB-Drahi_17-d1-HET-ULO-8c673aa6e5-r4,4,MULTISTAGE_RH,LEXMMFPEA,4,3,lex_phase_3,0.1954059600830078,0.022275924682617188,0.02136707305908203,2076.71484375
oos_experiment,TK-PB-Drahi_17-d1-HET-ULO-8c673aa6e5-r4,4,MULTISTAGE_RH,LEXMMFPEA,4,3,lex_phase_3,0.3938889503479004,0.033857107162475586,0.032898902893066406,2076.71484375
oos_experiment,TK-PB-Drahi_17-d1-HET-ULO-8c673aa6e5-r4,4,MULTISTAGE_RH,LEXMMFPEA,4,4,lex_phase_4,0.1954059600830078,0.021824121475219727,0.02097010612487793,2076.71484375
oos_experiment,TK-PB-Drahi_17-d1-HET-ULO-8c673aa6e5-r4,4,MULTISTAGE_RH,LEXMMFPEA,4,4,lex_phase_4,0.3938889503479004,0.03751993179321289,0.03649401664733887,2076.71484375
oos_experiment,TK-PB-Drahi_17-d1-HET-ULO-8c673aa6e5-r4,4,MULTISTAGE_RH,LEXMMFPEA,4,5,lex_phase_5,0.1954059600830078,0.021659135818481445,0.020821094512939453,2076.71484375
oos_experiment,TK-PB-Drahi_17-d1-HET-ULO-8c673aa6e5-r4,4,MULTISTAGE_RH,LEXMMFPEA,4,5,lex_phase_5,0.3938889503479004,0.03200793266296387,0.030959129333496094,2076.71484375
oos_experiment,TK-PB-Drahi_17-d1-HET-ULO-8c673aa6e5-r4,4,MULTISTAGE_RH,LEXMMFPEA,4,6,economic_tie_break,0.1954059600830078,0.3822150230407715,0.38133907318115234,2076.71484375
oos_experiment,TK-PB-Drahi_17-d1-HET-ULO-8c673aa6e5-r4,4,MULTISTAGE_RH,LEXMMFPEA,4,6,economic_tie_break,0.3938889503479004,0.5804998874664307,0.5794949531555176,2076.71484375
oos_experiment,TK-PB-Drahi_17-d1-HET-ULO-8c673aa6e5-r4,4,MULTISTAGE_RH,LEXMMFPEA,5,1,lex_phase_1,0.07970499992370605,0.26078104972839355,0.05937504768371582,2076.71484375
oos_experiment,TK-PB-Drahi_17-d1-HET-ULO-8c673aa6e5-r4,4,MULTISTAGE_RH,LEXMMFPEA,5,1,lex_phase_1,0.27194786071777344,0.32877087593078613,0.09143781661987305,2076.71484375
oos_experiment,TK-PB-Drahi_17-d1-HET-ULO-8c673aa6e5-r4,4,MULTISTAGE_RH,LEXMMFPEA,5,2,lex_phase_2,0.07970499992370605,0.02344202995300293,0.022597789764404297,2076.71484375
oos_experiment,TK-PB-Drahi_17-d1-HET-ULO-8c673aa6e5-r4,4,MULTISTAGE_RH,LEXMMFPEA,5,2,lex_phase_2,0.27194786071777344,0.033693790435791016,0.03277587890625,2076.71484375
oos_experiment,TK-PB-Drahi_17-d1-HET-ULO-8c673aa6e5-r4,4,MULTISTAGE_RH,LEXMMFPEA,5,3,lex_phase_3,0.07970499992370605,0.022446155548095703,0.02168893814086914,2076.71484375
oos_experiment,TK-PB-Drahi_17-d1-HET-ULO-8c673aa6e5-r4,4,MULTISTAGE_RH,LEXMMFPEA,5,3,lex_phase_3,0.27194786071777344,0.03472089767456055,0.033843994140625,2076.71484375
oos_experiment,TK-PB-Drahi_17-d1-HET-ULO-8c673aa6e5-r4,4,MULTISTAGE_RH,LEXMMFPEA,5,4,lex_phase_4,0.07970499992370605,0.022192955017089844,0.021338939666748047,2076.71484375
oos_experiment,TK-PB-Drahi_17-d1-HET-ULO-8c673aa6e5-r4,4,MULTISTAGE_RH,LEXMMFPEA,5,4,lex_phase_4,0.27194786071777344,0.033196210861206055,0.032183170318603516,2076.71484375
oos_experiment,TK-PB-Drahi_17-d1-HET-ULO-8c673aa6e5-r4,4,MULTISTAGE_RH,LEXMMFPEA,5,5,lex_phase_5,0.07970499992370605,0.015536069869995117,0.014734029769897461,2076.71484375
oos_experiment,TK-PB-Drahi_17-d1-HET-ULO-8c673aa6e5-r4,4,MULTISTAGE_RH,LEXMMFPEA,5,5,lex_phase_5,0.27194786071777344,0.02403402328491211,0.02302694320678711,2076.71484375
oos_experiment,TK-PB-Drahi_17-d1-HET-ULO-8c673aa6e5-r4,4,MULTISTAGE_RH,LEXMMFPEA,5,6,economic_tie_break,0.07970499992370605,0.21651291847229004,0.2157759666442871,2076.71484375
oos_experiment,TK-PB-Drahi_17-d1-HET-ULO-8c673aa6e5-r4,4,MULTISTAGE_RH,LEXMMFPEA,5,6,economic_tie_break,0.27194786071777344,0.2974569797515869,0.2963898181915283,2076.71484375
oos_experiment,TK-PB-Drahi_17-d1-HET-ULO-8c673aa6e5-r4,4,MULTISTAGE_RH,LEXMMFPEA,6,1,lex_phase_1,0.07970499992370605,0.26078104972839355,0.05937504768371582,2076.71484375
oos_experiment,TK-PB-Drahi_17-d1-HET-ULO-8c673aa6e5-r4,4,MULTISTAGE_RH,LEXMMFPEA,6,1,lex_phase_1,0.27194786071777344,0.32877087593078613,0.09143781661987305,2076.71484375
oos_experiment,TK-PB-Drahi_17-d1-HET-ULO-8c673aa6e5-r4,4,MULTISTAGE_RH,LEXMMFPEA,6,2,lex_phase_2,0.07970499992370605,0.02344202995300293,0.022597789764404297,2076.71484375
oos_experiment,TK-PB-Drahi_17-d1-HET-ULO-8c673aa6e5-r4,4,MULTISTAGE_RH,LEXMMFPEA,6,2,lex_phase_2,0.27194786071777344,0.033693790435791016,0.03277587890625,2076.71484375
oos_experiment,TK-PB-Drahi_17-d1-HET-ULO-8c673aa6e5-r4,4,MULTISTAGE_RH,LEXMMFPEA,6,3,lex_phase_3,0.07970499992370605,0.022446155548095703,0.02168893814086914,2076.71484375
oos_experiment,TK-PB-Drahi_17-d1-HET-ULO-8c673aa6e5-r4,4,MULTISTAGE_RH,LEXMMFPEA,6,3,lex_phase_3,0.27194786071777344,0.03472089767456055,0.033843994140625,2076.71484375
oos_experiment,TK-PB-Drahi_17-d1-HET-ULO-8c673aa6e5-r4,4,MULTISTAGE_RH,LEXMMFPEA,6,4,lex_phase_4,0.07970499992370605,0.022192955017089844,0.021338939666748047,2076.71484375
oos_experiment,TK-PB-Drahi_17-d1-HET-ULO-8c673aa6e5-r4,4,MULTISTAGE_RH,LEXMMFPEA,6,4,lex_phase_4,0.27194786071777344,0.033196210861206055,0.032183170318603516,2076.71484375
oos_experiment,TK-PB-Drahi_17-d1-HET-ULO-8c673aa6e5-r4,4,MULTISTAGE_RH,LEXMMFPEA,6,5,lex_phase_5,0.07970499992370605,0.015536069869995117,0.014734029769897461,2076.71484375
oos_experiment,TK-PB-Drahi_17-d1-HET-ULO-8c673aa6e5-r4,4,MULTISTAGE_RH,LEXMMFPEA,6,5,lex_phase_5,0.27194786071777344,0.02403402328491211,0.02302694320678711,2076.71484375
oos_experiment,TK-PB-Drahi_17-d1-HET-ULO-8c673aa6e5-r4,4,MULTISTAGE_RH,LEXMMFPEA,6,6,economic_tie_break,0.07970499992370605,0.21651291847229004,0.2157759666442871,2076.71484375
oos_experiment,TK-PB-Drahi_17-d1-HET-ULO-8c673aa6e5-r4,4,MULTISTAGE_RH,LEXMMFPEA,6,6,economic_tie_break,0.27194786071777344,0.2974569797515869,0.2963898181915283,2076.71484375
oos_experiment,TK-PB-Drahi_17-d1-HET-ULO-8c673aa6e5-r4,4,MULTISTAGE_RH,LEXMMFPEA,7,1,lex_phase_1,0.07970499992370605,0.26078104972839355,0.05937504768371582,2076.71484375
oos_experiment,TK-PB-Drahi_17-d1-HET-ULO-8c673aa6e5-r4,4,MULTISTAGE_RH,LEXMMFPEA,7,1,lex_phase_1,0.27194786071777344,0.32877087593078613,0.09143781661987305,2076.71484375
oos_experiment,TK-PB-Drahi_17-d1-HET-ULO-8c673aa6e5-r4,4,MULTISTAGE_RH,LEXMMFPEA,7,2,lex_phase_2,0.07970499992370605,0.02344202995300293,0.022597789764404297,2076.71484375
oos_experiment,TK-PB-Drahi_17-d1-HET-ULO-8c673aa6e5-r4,4,MULTISTAGE_RH,LEXMMFPEA,7,2,lex_phase_2,0.27194786071777344,0.033693790435791016,0.03277587890625,2076.71484375
oos_experiment,TK-PB-Drahi_17-d1-HET-ULO-8c673aa6e5-r4,4,MULTISTAGE_RH,LEXMMFPEA,7,3,lex_phase_3,0.07970499992370605,0.022446155548095703,0.02168893814086914,2076.71484375
oos_experiment,TK-PB-Drahi_17-d1-HET-ULO-8c673aa6e5-r4,4,MULTISTAGE_RH,LEXMMFPEA,7,3,lex_phase_3,0.27194786071777344,0.03472089767456055,0.033843994140625,2076.71484375
oos_experiment,TK-PB-Drahi_17-d1-HET-ULO-8c673aa6e5-r4,4,MULTISTAGE_RH,LEXMMFPEA,7,4,lex_phase_4,0.07970499992370605,0.022192955017089844,0.021338939666748047,2076.71484375
oos_experiment,TK-PB-Drahi_17-d1-HET-ULO-8c673aa6e5-r4,4,MULTISTAGE_RH,LEXMMFPEA,7,4,lex_phase_4,0.27194786071777344,0.033196210861206055,0.032183170318603516,2076.71484375
oos_experiment,TK-PB-Drahi_17-d1-HET-ULO-8c673aa6e5-r4,4,MULTISTAGE_RH,LEXMMFPEA,7,5,lex_phase_5,0.07970499992370605,0.015536069869995117,0.014734029769897461,2076.71484375
oos_experiment,TK-PB-Drahi_17-d1-HET-ULO-8c673aa6e5-r4,4,MULTISTAGE_RH,LEXMMFPEA,7,5,lex_phase_5,0.27194786071777344,0.02403402328491211,0.02302694320678711,2076.71484375
oos_experiment,TK-PB-Drahi_17-d1-HET-ULO-8c673aa6e5-r4,4,MULTISTAGE_RH,LEXMMFPEA,7,6,economic_tie_break,0.07970499992370605,0.21651291847229004,0.2157759666442871,2076.71484375
oos_experiment,TK-PB-Drahi_17-d1-HET-ULO-8c673aa6e5-r4,4,MULTISTAGE_RH,LEXMMFPEA,7,6,economic_tie_break,0.27194786071777344,0.2974569797515869,0.2963898181915283,2076.71484375
oos_experiment,TK-PB-Drahi_17-d1-HET-ULO-8c673aa6e5-r4,4,MULTISTAGE_RH,LEXMMFPEA,8,1,lex_phase_1,0.07970499992370605,0.26078104972839355,0.05937504768371582,2076.71484375
oos_experiment,TK-PB-Drahi_17-d1-HET-ULO-8c673aa6e5-r4,4,MULTISTAGE_RH,LEXMMFPEA,8,1,lex_phase_1,0.27194786071777344,0.32877087593078613,0.09143781661987305,2076.71484375
oos_experiment,TK-PB-Drahi_17-d1-HET-ULO-8c673aa6e5-r4,4,MULTISTAGE_RH,LEXMMFPEA,8,2,lex_phase_2,0.07970499992370605,0.02344202995300293,0.022597789764404297,2076.71484375
oos_experiment,TK-PB-Drahi_17-d1-HET-ULO-8c673aa6e5-r4,4,MULTISTAGE_RH,LEXMMFPEA,8,2,lex_phase_2,0.27194786071777344,0.033693790435791016,0.03277587890625,2076.71484375
oos_experiment,TK-PB-Drahi_17-d1-HET-ULO-8c673aa6e5-r4,4,MULTISTAGE_RH,LEXMMFPEA,8,3,lex_phase_3,0.07970499992370605,0.022446155548095703,0.02168893814086914,2076.71484375
oos_experiment,TK-PB-Drahi_17-d1-HET-ULO-8c673aa6e5-r4,4,MULTISTAGE_RH,LEXMMFPEA,8,3,lex_phase_3,0.27194786071777344,0.03472089767456055,0.033843994140625,2076.71484375
oos_experiment,TK-PB-Drahi_17-d1-HET-ULO-8c673aa6e5-r4,4,MULTISTAGE_RH,LEXMMFPEA,8,4,lex_phase_4,0.07970499992370605,0.022192955017089844,0.021338939666748047,2076.71484375
oos_experiment,TK-PB-Drahi_17-d1-HET-ULO-8c673aa6e5-r4,4,MULTISTAGE_RH,LEXMMFPEA,8,4,lex_phase_4,0.27194786071777344,0.033196210861206055,0.032183170318603516,2076.71484375
oos_experiment,TK-PB-Drahi_17-d1-HET-ULO-8c673aa6e5-r4,4,MULTISTAGE_RH,LEXMMFPEA,8,5,lex_phase_5,0.07970499992370605,0.015536069869995117,0.014734029769897461,2076.71484375
oos_experiment,TK-PB-Drahi_17-d1-HET-ULO-8c673aa6e5-r4,4,MULTISTAGE_RH,LEXMMFPEA,8,5,lex_phase_5,0.27194786071777344,0.02403402328491211,0.02302694320678711,2076.71484375
oos_experiment,TK-PB-Drahi_17-d1-HET-ULO-8c673aa6e5-r4,4,MULTISTAGE_RH,LEXMMFPEA,8,6,economic_tie_break,0.07970499992370605,0.21651291847229004,0.2157759666442871,2076.71484375
oos_experiment,TK-PB-Drahi_17-d1-HET-ULO-8c673aa6e5-r4,4,MULTISTAGE_RH,LEXMMFPEA,8,6,economic_tie_break,0.27194786071777344,0.2974569797515869,0.2963898181915283,2076.71484375
oos_experiment,TK-PB-Drahi_17-d1-HET-ULO-8c673aa6e5-r4,4,MULTISTAGE_RH,LEXMMFPEA,9,1,lex_phase_1,0.07598996162414551,0.26409292221069336,0.07526898384094238,2076.71484375
oos_experiment,TK-PB-Drahi_17-d1-HET-ULO-8c673aa6e5-r4,4,MULTISTAGE_RH,LEXMMFPEA,9,1,lex_phase_1,0.35756397247314453,0.4502129554748535,0.13202714920043945,2076.71484375
oos_experiment,TK-PB-Drahi_17-d1-HET-ULO-8c673aa6e5-r4,4,MULTISTAGE_RH,LEXMMFPEA,9,2,lex_phase_2,0.07598996162414551,0.022868871688842773,0.021997928619384766,2076.71484375
oos_experiment,TK-PB-Drahi_17-d1-HET-ULO-8c673aa6e5-r4,4,MULTISTAGE_RH,LEXMMFPEA,9,2,lex_phase_2,0.35756397247314453,0.038452863693237305,0.03718280792236328,2076.71484375
oos_experiment,TK-PB-Drahi_17-d1-HET-ULO-8c673aa6e5-r4,4,MULTISTAGE_RH,LEXMMFPEA,9,3,lex_phase_3,0.07598996162414551,0.022472143173217773,0.02169203758239746,2076.71484375
oos_experiment,TK-PB-Drahi_17-d1-HET-ULO-8c673aa6e5-r4,4,MULTISTAGE_RH,LEXMMFPEA,9,3,lex_phase_3,0.35756397247314453,0.034581899642944336,0.033637046813964844,2076.71484375
oos_experiment,TK-PB-Drahi_17-d1-HET-ULO-8c673aa6e5-r4,4,MULTISTAGE_RH,LEXMMFPEA,9,4,lex_phase_4,0.07598996162414551,0.021804094314575195,0.02097487449645996,2076.71484375
oos_experiment,TK-PB-Drahi_17-d1-HET-ULO-8c673aa6e5-r4,4,MULTISTAGE_RH,LEXMMFPEA,9,4,lex_phase_4,0.35756397247314453,0.03499603271484375,0.03411388397216797,2076.71484375
oos_experiment,TK-PB-Drahi_17-d1-HET-ULO-8c673aa6e5-r4,4,MULTISTAGE_RH,LEXMMFPEA,9,5,lex_phase_5,0.07598996162414551,0.020663976669311523,0.019842147827148438,2076.71484375
oos_experiment,TK-PB-Drahi_17-d1-HET-ULO-8c673aa6e5-r4,4,MULTISTAGE_RH,LEXMMFPEA,9,5,lex_phase_5,0.35756397247314453,0.0343930721282959,0.03348898887634277,2076.71484375
oos_experiment,TK-PB-Drahi_17-d1-HET-ULO-8c673aa6e5-r4,4,MULTISTAGE_RH,LEXMMFPEA,9,6,economic_tie_break,0.07598996162414551,0.19248604774475098,0.19159412384033203,2076.71484375
oos_experiment,TK-PB-Drahi_17-d1-HET-ULO-8c673aa6e5-r4,4,MULTISTAGE_RH,LEXMMFPEA,9,6,economic_tie_break,0.35756397247314453,0.24151301383972168,0.24060297012329102,2076.71484375
oos_experiment,TK-PB-Drahi_17-d1-HET-ULO-8c673aa6e5-r4,4,MULTISTAGE_RH,LEXMMFPEA,10,1,lex_phase_1,0.07598996162414551,0.26409292221069336,0.07526898384094238,2076.71484375
oos_experiment,TK-PB-Drahi_17-d1-HET-ULO-8c673aa6e5-r4,4,MULTISTAGE_RH,LEXMMFPEA,10,1,lex_phase_1,0.35756397247314453,0.4502129554748535,0.13202714920043945,2076.71484375
oos_experiment,TK-PB-Drahi_17-d1-HET-ULO-8c673aa6e5-r4,4,MULTISTAGE_RH,LEXMMFPEA,10,2,lex_phase_2,0.07598996162414551,0.022868871688842773,0.021997928619384766,2076.71484375
oos_experiment,TK-PB-Drahi_17-d1-HET-ULO-8c673aa6e5-r4,4,MULTISTAGE_RH,LEXMMFPEA,10,2,lex_phase_2,0.35756397247314453,0.038452863693237305,0.03718280792236328,2076.71484375
oos_experiment,TK-PB-Drahi_17-d1-HET-ULO-8c673aa6e5-r4,4,MULTISTAGE_RH,LEXMMFPEA,10,3,lex_phase_3,0.07598996162414551,0.022472143173217773,0.02169203758239746,2076.71484375
oos_experiment,TK-PB-Drahi_17-d1-HET-ULO-8c673aa6e5-r4,4,MULTISTAGE_RH,LEXMMFPEA,10,3,lex_phase_3,0.35756397247314453,0.034581899642944336,0.033637046813964844,2076.71484375
oos_experiment,TK-PB-Drahi_17-d1-HET-ULO-8c673aa6e5-r4,4,MULTISTAGE_RH,LEXMMFPEA,10,4,lex_phase_4,0.07598996162414551,0.021804094314575195,0.02097487449645996,2076.71484375
oos_experiment,TK-PB-Drahi_17-d1-HET-ULO-8c673aa6e5-r4,4,MULTISTAGE_RH,LEXMMFPEA,10,4,lex_phase_4,0.35756397247314453,0.03499603271484375,0.03411388397216797,2076.71484375
oos_experiment,TK-PB-Drahi_17-d1-HET-ULO-8c673aa6e5-r4,4,MULTISTAGE_RH,LEXMMFPEA,10,5,lex_phase_5,0.07598996162414551,0.020663976669311523,0.019842147827148438,2076.71484375
oos_experiment,TK-PB-Drahi_17-d1-HET-ULO-8c673aa6e5-r4,4,MULTISTAGE_RH,LEXMMFPEA,10,5,lex_phase_5,0.35756397247314453,0.0343930721282959,0.03348898887634277,2076.71484375
oos_experiment,TK-PB-Drahi_17-d1-HET-ULO-8c673aa6e5-r4,4,MULTISTAGE_RH,LEXMMFPEA,10,6,economic_tie_break,0.07598996162414551,0.19248604774475098,0.19159412384033203,2076.71484375
oos_experiment,TK-PB-Drahi_17-d1-HET-ULO-8c673aa6e5-r4,4,MULTISTAGE_RH,LEXMMFPEA,10,6,economic_tie_break,0.35756397247314453,0.24151301383972168,0.24060297012329102,2076.71484375
oos_experiment,TK-PB-Drahi_17-d1-HET-ULO-8c673aa6e5-r4,4,MULTISTAGE_RH,LEXMMFPEA,11,1,lex_phase_1,0.07598996162414551,0.26409292221069336,0.07526898384094238,2076.71484375
oos_experiment,TK-PB-Drahi_17-d1-HET-ULO-8c673aa6e5-r4,4,MULTISTAGE_RH,LEXMMFPEA,11,1,lex_phase_1,0.35756397247314453,0.4502129554748535,0.13202714920043945,2076.71484375
oos_experiment,TK-PB-Drahi_17-d1-HET-ULO-8c673aa6e5-r4,4,MULTISTAGE_RH,LEXMMFPEA,11,2,lex_phase_2,0.07598996162414551,0.022868871688842773,0.021997928619384766,2076.71484375
oos_experiment,TK-PB-Drahi_17-d1-HET-ULO-8c673aa6e5-r4,4,MULTISTAGE_RH,LEXMMFPEA,11,2,lex_phase_2,0.35756397247314453,0.038452863693237305,0.03718280792236328,2076.71484375
oos_experiment,TK-PB-Drahi_17-d1-HET-ULO-8c673aa6e5-r4,4,MULTISTAGE_RH,LEXMMFPEA,11,3,lex_phase_3,0.07598996162414551,0.022472143173217773,0.02169203758239746,2076.71484375
oos_experiment,TK-PB-Drahi_17-d1-HET-ULO-8c673aa6e5-r4,4,MULTISTAGE_RH,LEXMMFPEA,11,3,lex_phase_3,0.35756397247314453,0.034581899642944336,0.033637046813964844,2076.71484375
oos_experiment,TK-PB-Drahi_17-d1-HET-ULO-8c673aa6e5-r4,4,MULTISTAGE_RH,LEXMMFPEA,11,4,lex_phase_4,0.07598996162414551,0.021804094314575195,0.02097487449645996,2076.71484375
oos_experiment,TK-PB-Drahi_17-d1-HET-ULO-8c673aa6e5-r4,4,MULTISTAGE_RH,LEXMMFPEA,11,4,lex_phase_4,0.35756397247314453,0.03499603271484375,0.03411388397216797,2076.71484375
oos_experiment,TK-PB-Drahi_17-d1-HET-ULO-8c673aa6e5-r4,4,MULTISTAGE_RH,LEXMMFPEA,11,5,lex_phase_5,0.07598996162414551,0.020663976669311523,0.019842147827148438,2076.71484375
oos_experiment,TK-PB-Drahi_17-d1-HET-ULO-8c673aa6e5-r4,4,MULTISTAGE_RH,LEXMMFPEA,11,5,lex_phase_5,0.35756397247314453,0.0343930721282959,0.03348898887634277,2076.71484375
oos_experiment,TK-PB-Drahi_17-d1-HET-ULO-8c673aa6e5-r4,4,MULTISTAGE_RH,LEXMMFPEA,11,6,economic_tie_break,0.07598996162414551,0.19248604774475098,0.19159412384033203,2076.71484375
oos_experiment,TK-PB-Drahi_17-d1-HET-ULO-8c673aa6e5-r4,4,MULTISTAGE_RH,LEXMMFPEA,11,6,economic_tie_break,0.35756397247314453,0.24151301383972168,0.24060297012329102,2076.71484375
oos_experiment,TK-PB-Drahi_17-d1-HET-ULO-8c673aa6e5-r4,4,MULTISTAGE_RH,LEXMMFPEA,12,1,lex_phase_1,0.07598996162414551,0.26409292221069336,0.07526898384094238,2076.71484375
oos_experiment,TK-PB-Drahi_17-d1-HET-ULO-8c673aa6e5-r4,4,MULTISTAGE_RH,LEXMMFPEA,12,1,lex_phase_1,0.35756397247314453,0.4502129554748535,0.13202714920043945,2076.71484375
oos_experiment,TK-PB-Drahi_17-d1-HET-ULO-8c673aa6e5-r4,4,MULTISTAGE_RH,LEXMMFPEA,12,2,lex_phase_2,0.07598996162414551,0.022868871688842773,0.021997928619384766,2076.71484375
oos_experiment,TK-PB-Drahi_17-d1-HET-ULO-8c673aa6e5-r4,4,MULTISTAGE_RH,LEXMMFPEA,12,2,lex_phase_2,0.35756397247314453,0.038452863693237305,0.03718280792236328,2076.71484375
oos_experiment,TK-PB-Drahi_17-d1-HET-ULO-8c673aa6e5-r4,4,MULTISTAGE_RH,LEXMMFPEA,12,3,lex_phase_3,0.07598996162414551,0.022472143173217773,0.02169203758239746,2076.71484375
oos_experiment,TK-PB-Drahi_17-d1-HET-ULO-8c673aa6e5-r4,4,MULTISTAGE_RH,LEXMMFPEA,12,3,lex_phase_3,0.35756397247314453,0.034581899642944336,0.033637046813964844,2076.71484375
oos_experiment,TK-PB-Drahi_17-d1-HET-ULO-8c673aa6e5-r4,4,MULTISTAGE_RH,LEXMMFPEA,12,4,lex_phase_4,0.07598996162414551,0.021804094314575195,0.02097487449645996,2076.71484375
oos_experiment,TK-PB-Drahi_17-d1-HET-ULO-8c673aa6e5-r4,4,MULTISTAGE_RH,LEXMMFPEA,12,4,lex_phase_4,0.35756397247314453,0.03499603271484375,0.03411388397216797,2076.71484375
oos_experiment,TK-PB-Drahi_17-d1-HET-ULO-8c673aa6e5-r4,4,MULTISTAGE_RH,LEXMMFPEA,12,5,lex_phase_5,0.07598996162414551,0.020663976669311523,0.019842147827148438,2076.71484375
oos_experiment,TK-PB-Drahi_17-d1-HET-ULO-8c673aa6e5-r4,4,MULTISTAGE_RH,LEXMMFPEA,12,5,lex_phase_5,0.35756397247314453,0.0343930721282959,0.03348898887634277,2076.71484375
oos_experiment,TK-PB-Drahi_17-d1-HET-ULO-8c673aa6e5-r4,4,MULTISTAGE_RH,LEXMMFPEA,12,6,economic_tie_break,0.07598996162414551,0.19248604774475098,0.19159412384033203,2076.71484375
oos_experiment,TK-PB-Drahi_17-d1-HET-ULO-8c673aa6e5-r4,4,MULTISTAGE_RH,LEXMMFPEA,12,6,economic_tie_break,0.35756397247314453,0.24151301383972168,0.24060297012329102,2076.71484375
oos_experiment,TK-PB-Drahi_17-d1-HET-ULO-8c673aa6e5-r4,4,MULTISTAGE_RH,LEXMMFPEA,13,1,lex_phase_1,0.07808494567871094,0.2321770191192627,0.07517099380493164,2076.71484375
oos_experiment,TK-PB-Drahi_17-d1-HET-ULO-8c673aa6e5-r4,4,MULTISTAGE_RH,LEXMMFPEA,13,1,lex_phase_1,0.13032889366149902,0.34295105934143066,0.11482810974121094,2076.71484375
oos_experiment,TK-PB-Drahi_17-d1-HET-ULO-8c673aa6e5-r4,4,MULTISTAGE_RH,LEXMMFPEA,13,2,lex_phase_2,0.07808494567871094,0.02227783203125,0.02135610580444336,2076.71484375
oos_experiment,TK-PB-Drahi_17-d1-HET-ULO-8c673aa6e5-r4,4,MULTISTAGE_RH,LEXMMFPEA,13,2,lex_phase_2,0.13032889366149902,0.04134511947631836,0.04011797904968262,2076.71484375
oos_experiment,TK-PB-Drahi_17-d1-HET-ULO-8c673aa6e5-r4,4,MULTISTAGE_RH,LEXMMFPEA,13,3,lex_phase_3,0.07808494567871094,0.021069049835205078,0.02032017707824707,2076.71484375
oos_experiment,TK-PB-Drahi_17-d1-HET-ULO-8c673aa6e5-r4,4,MULTISTAGE_RH,LEXMMFPEA,13,3,lex_phase_3,0.13032889366149902,0.03555488586425781,0.034571170806884766,2076.71484375
oos_experiment,TK-PB-Drahi_17-d1-HET-ULO-8c673aa6e5-r4,4,MULTISTAGE_RH,LEXMMFPEA,13,4,lex_phase_4,0.07808494567871094,0.022652149200439453,0.02176690101623535,2076.71484375
oos_experiment,TK-PB-Drahi_17-d1-HET-ULO-8c673aa6e5-r4,4,MULTISTAGE_RH,LEXMMFPEA,13,4,lex_phase_4,0.13032889366149902,0.0380401611328125,0.03685808181762695,2076.71484375
oos_experiment,TK-PB-Drahi_17-d1-HET-ULO-8c673aa6e5-r4,4,MULTISTAGE_RH,LEXMMFPEA,13,5,lex_phase_5,0.07808494567871094,0.02100205421447754,0.020225048065185547,2076.71484375
oos_experiment,TK-PB-Drahi_17-d1-HET-ULO-8c673aa6e5-r4,4,MULTISTAGE_RH,LEXMMFPEA,13,5,lex_phase_5,0.13032889366149902,0.03588509559631348,0.03485894203186035,2076.71484375
oos_experiment,TK-PB-Drahi_17-d1-HET-ULO-8c673aa6e5-r4,4,MULTISTAGE_RH,LEXMMFPEA,13,6,economic_tie_break,0.07808494567871094,0.3895900249481201,0.38879990577697754,2076.71484375
oos_experiment,TK-PB-Drahi_17-d1-HET-ULO-8c673aa6e5-r4,4,MULTISTAGE_RH,LEXMMFPEA,13,6,economic_tie_break,0.13032889366149902,0.37403011322021484,0.3727600574493408,2076.71484375
oos_experiment,TK-PB-Drahi_17-d1-HET-ULO-8c673aa6e5-r4,4,MULTISTAGE_RH,LEXMMFPEA,14,1,lex_phase_1,0.07808494567871094,0.2321770191192627,0.07517099380493164,2076.71484375
oos_experiment,TK-PB-Drahi_17-d1-HET-ULO-8c673aa6e5-r4,4,MULTISTAGE_RH,LEXMMFPEA,14,1,lex_phase_1,0.13032889366149902,0.34295105934143066,0.11482810974121094,2076.71484375
oos_experiment,TK-PB-Drahi_17-d1-HET-ULO-8c673aa6e5-r4,4,MULTISTAGE_RH,LEXMMFPEA,14,2,lex_phase_2,0.07808494567871094,0.02227783203125,0.02135610580444336,2076.71484375
oos_experiment,TK-PB-Drahi_17-d1-HET-ULO-8c673aa6e5-r4,4,MULTISTAGE_RH,LEXMMFPEA,14,2,lex_phase_2,0.13032889366149902,0.04134511947631836,0.04011797904968262,2076.71484375
oos_experiment,TK-PB-Drahi_17-d1-HET-ULO-8c673aa6e5-r4,4,MULTISTAGE_RH,LEXMMFPEA,14,3,lex_phase_3,0.07808494567871094,0.021069049835205078,0.02032017707824707,2076.71484375
oos_experiment,TK-PB-Drahi_17-d1-HET-ULO-8c673aa6e5-r4,4,MULTISTAGE_RH,LEXMMFPEA,14,3,lex_phase_3,0.13032889366149902,0.03555488586425781,0.034571170806884766,2076.71484375
oos_experiment,TK-PB-Drahi_17-d1-HET-ULO-8c673aa6e5-r4,4,MULTISTAGE_RH,LEXMMFPEA,14,4,lex_phase_4,0.07808494567871094,0.022652149200439453,0.02176690101623535,2076.71484375
oos_experiment,TK-PB-Drahi_17-d1-HET-ULO-8c673aa6e5-r4,4,MULTISTAGE_RH,LEXMMFPEA,14,4,lex_phase_4,0.13032889366149902,0.0380401611328125,0.03685808181762695,2076.71484375
oos_experiment,TK-PB-Drahi_17-d1-HET-ULO-8c673aa6e5-r4,4,MULTISTAGE_RH,LEXMMFPEA,14,5,lex_phase_5,0.07808494567871094,0.02100205421447754,0.020225048065185547,2076.71484375
oos_experiment,TK-PB-Drahi_17-d1-HET-ULO-8c673aa6e5-r4,4,MULTISTAGE_RH,LEXMMFPEA,14,5,lex_phase_5,0.13032889366149902,0.03588509559631348,0.03485894203186035,2076.71484375
oos_experiment,TK-PB-Drahi_17-d1-HET-ULO-8c673aa6e5-r4,4,MULTISTAGE_RH,LEXMMFPEA,14,6,economic_tie_break,0.07808494567871094,0.3895900249481201,0.38879990577697754,2076.71484375
oos_experiment,TK-PB-Drahi_17-d1-HET-ULO-8c673aa6e5-r4,4,MULTISTAGE_RH,LEXMMFPEA,14,6,economic_tie_break,0.13032889366149902,0.37403011322021484,0.3727600574493408,2076.71484375
oos_experiment,TK-PB-Drahi_17-d1-HET-ULO-8c673aa6e5-r4,4,MULTISTAGE_RH,LEXMMFPEA,15,1,lex_phase_1,0.07808494567871094,0.2321770191192627,0.07517099380493164,2076.71484375
oos_experiment,TK-PB-Drahi_17-d1-HET-ULO-8c673aa6e5-r4,4,MULTISTAGE_RH,LEXMMFPEA,15,1,lex_phase_1,0.13032889366149902,0.34295105934143066,0.11482810974121094,2076.71484375
oos_experiment,TK-PB-Drahi_17-d1-HET-ULO-8c673aa6e5-r4,4,MULTISTAGE_RH,LEXMMFPEA,15,2,lex_phase_2,0.07808494567871094,0.02227783203125,0.02135610580444336,2076.71484375
oos_experiment,TK-PB-Drahi_17-d1-HET-ULO-8c673aa6e5-r4,4,MULTISTAGE_RH,LEXMMFPEA,15,2,lex_phase_2,0.13032889366149902,0.04134511947631836,0.04011797904968262,2076.71484375
oos_experiment,TK-PB-Drahi_17-d1-HET-ULO-8c673aa6e5-r4,4,MULTISTAGE_RH,LEXMMFPEA,15,3,lex_phase_3,0.07808494567871094,0.021069049835205078,0.02032017707824707,2076.71484375
oos_experiment,TK-PB-Drahi_17-d1-HET-ULO-8c673aa6e5-r4,4,MULTISTAGE_RH,LEXMMFPEA,15,3,lex_phase_3,0.13032889366149902,0.03555488586425781,0.034571170806884766,2076.71484375
oos_experiment,TK-PB-Drahi_17-d1-HET-ULO-8c673aa6e5-r4,4,MULTISTAGE_RH,LEXMMFPEA,15,4,lex_phase_4,0.07808494567871094,0.022652149200439453,0.02176690101623535,2076.71484375
oos_experiment,TK-PB-Drahi_17-d1-HET-ULO-8c673aa6e5-r4,4,MULTISTAGE_RH,LEXMMFPEA,15,4,lex_phase_4,0.13032889366149902,0.0380401611328125,0.03685808181762695,2076.71484375
oos_experiment,TK-PB-Drahi_17-d1-HET-ULO-8c673aa6e5-r4,4,MULTISTAGE_RH,LEXMMFPEA,15,5,lex_phase_5,0.07808494567871094,0.02100205421447754,0.020225048065185547,2076.71484375
oos_experiment,TK-PB-Drahi_17-d1-HET-ULO-8c673aa6e5-r4,4,MULTISTAGE_RH,LEXMMFPEA,15,5,lex_phase_5,0.13032889366149902,0.03588509559631348,0.03485894203186035,2076.71484375
oos_experiment,TK-PB-Drahi_17-d1-HET-ULO-8c673aa6e5-r4,4,MULTISTAGE_RH,LEXMMFPEA,15,6,economic_tie_break,0.07808494567871094,0.3895900249481201,0.38879990577697754,2076.71484375
oos_experiment,TK-PB-Drahi_17-d1-HET-ULO-8c673aa6e5-r4,4,MULTISTAGE_RH,LEXMMFPEA,15,6,economic_tie_break,0.13032889366149902,0.37403011322021484,0.3727600574493408,2076.71484375
oos_experiment,TK-PB-Drahi_17-d1-HET-ULO-8c673aa6e5-r4,4,MULTISTAGE_RH,LEXMMFPEA,16,1,lex_phase_1,0.07808494567871094,0.2321770191192627,0.07517099380493164,2076.71484375
oos_experiment,TK-PB-Drahi_17-d1-HET-ULO-8c673aa6e5-r4,4,MULTISTAGE_RH,LEXMMFPEA,16,1,lex_phase_1,0.13032889366149902,0.34295105934143066,0.11482810974121094,2076.71484375
oos_experiment,TK-PB-Drahi_17-d1-HET-ULO-8c673aa6e5-r4,4,MULTISTAGE_RH,LEXMMFPEA,16,2,lex_phase_2,0.07808494567871094,0.02227783203125,0.02135610580444336,2076.71484375
oos_experiment,TK-PB-Drahi_17-d1-HET-ULO-8c673aa6e5-r4,4,MULTISTAGE_RH,LEXMMFPEA,16,2,lex_phase_2,0.13032889366149902,0.04134511947631836,0.04011797904968262,2076.71484375
oos_experiment,TK-PB-Drahi_17-d1-HET-ULO-8c673aa6e5-r4,4,MULTISTAGE_RH,LEXMMFPEA,16,3,lex_phase_3,0.07808494567871094,0.021069049835205078,0.02032017707824707,2076.71484375
oos_experiment,TK-PB-Drahi_17-d1-HET-ULO-8c673aa6e5-r4,4,MULTISTAGE_RH,LEXMMFPEA,16,3,lex_phase_3,0.13032889366149902,0.03555488586425781,0.034571170806884766,2076.71484375
oos_experiment,TK-PB-Drahi_17-d1-HET-ULO-8c673aa6e5-r4,4,MULTISTAGE_RH,LEXMMFPEA,16,4,lex_phase_4,0.07808494567871094,0.022652149200439453,0.02176690101623535,2076.71484375
oos_experiment,TK-PB-Drahi_17-d1-HET-ULO-8c673aa6e5-r4,4,MULTISTAGE_RH,LEXMMFPEA,16,4,lex_phase_4,0.13032889366149902,0.0380401611328125,0.03685808181762695,2076.71484375
oos_experiment,TK-PB-Drahi_17-d1-HET-ULO-8c673aa6e5-r4,4,MULTISTAGE_RH,LEXMMFPEA,16,5,lex_phase_5,0.07808494567871094,0.02100205421447754,0.020225048065185547,2076.71484375
oos_experiment,TK-PB-Drahi_17-d1-HET-ULO-8c673aa6e5-r4,4,MULTISTAGE_RH,LEXMMFPEA,16,5,lex_phase_5,0.13032889366149902,0.03588509559631348,0.03485894203186035,2076.71484375
oos_experiment,TK-PB-Drahi_17-d1-HET-ULO-8c673aa6e5-r4,4,MULTISTAGE_RH,LEXMMFPEA,16,6,economic_tie_break,0.07808494567871094,0.3895900249481201,0.38879990577697754,2076.71484375
oos_experiment,TK-PB-Drahi_17-d1-HET-ULO-8c673aa6e5-r4,4,MULTISTAGE_RH,LEXMMFPEA,16,6,economic_tie_break,0.13032889366149902,0.37403011322021484,0.3727600574493408,2076.71484375
oos_experiment,TK-PB-Drahi_17-d1-HET-ULO-8c673aa6e5-r4,4,MULTISTAGE_RH,LEXMMFPEA,17,1,lex_phase_1,0.07861804962158203,0.27851200103759766,0.11055612564086914,2076.71484375
oos_experiment,TK-PB-Drahi_17-d1-HET-ULO-8c673aa6e5-r4,4,MULTISTAGE_RH,LEXMMFPEA,17,1,lex_phase_1,0.15089106559753418,0.41263794898986816,0.17716407775878906,2076.71484375
oos_experiment,TK-PB-Drahi_17-d1-HET-ULO-8c673aa6e5-r4,4,MULTISTAGE_RH,LEXMMFPEA,17,2,lex_phase_2,0.07861804962158203,0.023345947265625,0.0224609375,2076.71484375
oos_experiment,TK-PB-Drahi_17-d1-HET-ULO-8c673aa6e5-r4,4,MULTISTAGE_RH,LEXMMFPEA,17,2,lex_phase_2,0.15089106559753418,0.03776097297668457,0.0368499755859375,2076.71484375
oos_experiment,TK-PB-Drahi_17-d1-HET-ULO-8c673aa6e5-r4,4,MULTISTAGE_RH,LEXMMFPEA,17,3,lex_phase_3,0.07861804962158203,0.02250504493713379,0.021700143814086914,2076.71484375
oos_experiment,TK-PB-Drahi_17-d1-HET-ULO-8c673aa6e5-r4,4,MULTISTAGE_RH,LEXMMFPEA,17,3,lex_phase_3,0.15089106559753418,0.037751197814941406,0.036730051040649414,2076.71484375
oos_experiment,TK-PB-Drahi_17-d1-HET-ULO-8c673aa6e5-r4,4,MULTISTAGE_RH,LEXMMFPEA,17,4,lex_phase_4,0.07861804962158203,0.02176213264465332,0.021026134490966797,2076.71484375
oos_experiment,TK-PB-Drahi_17-d1-HET-ULO-8c673aa6e5-r4,4,MULTISTAGE_RH,LEXMMFPEA,17,4,lex_phase_4,0.15089106559753418,0.0364229679107666,0.03545689582824707,2076.71484375
oos_experiment,TK-PB-Drahi_17-d1-HET-ULO-8c673aa6e5-r4,4,MULTISTAGE_RH,LEXMMFPEA,17,5,lex_phase_5,0.07861804962158203,0.02105712890625,0.02024698257446289,2076.71484375
oos_experiment,TK-PB-Drahi_17-d1-HET-ULO-8c673aa6e5-r4,4,MULTISTAGE_RH,LEXMMFPEA,17,5,lex_phase_5,0.15089106559753418,0.03034210205078125,0.029439926147460938,2076.71484375
oos_experiment,TK-PB-Drahi_17-d1-HET-ULO-8c673aa6e5-r4,4,MULTISTAGE_RH,LEXMMFPEA,17,6,economic_tie_break,0.07861804962158203,1.442370891571045,1.4415690898895264,2076.71484375
oos_experiment,TK-PB-Drahi_17-d1-HET-ULO-8c673aa6e5-r4,4,MULTISTAGE_RH,LEXMMFPEA,17,6,economic_tie_break,0.15089106559753418,1.9186100959777832,1.9176430702209473,2076.71484375
oos_experiment,TK-PB-Drahi_17-d1-HET-ULO-8c673aa6e5-r4,4,MULTISTAGE_RH,LEXMMFPEA,18,1,lex_phase_1,0.07861804962158203,0.27851200103759766,0.11055612564086914,2076.71484375
oos_experiment,TK-PB-Drahi_17-d1-HET-ULO-8c673aa6e5-r4,4,MULTISTAGE_RH,LEXMMFPEA,18,1,lex_phase_1,0.15089106559753418,0.41263794898986816,0.17716407775878906,2076.71484375
oos_experiment,TK-PB-Drahi_17-d1-HET-ULO-8c673aa6e5-r4,4,MULTISTAGE_RH,LEXMMFPEA,18,2,lex_phase_2,0.07861804962158203,0.023345947265625,0.0224609375,2076.71484375
oos_experiment,TK-PB-Drahi_17-d1-HET-ULO-8c673aa6e5-r4,4,MULTISTAGE_RH,LEXMMFPEA,18,2,lex_phase_2,0.15089106559753418,0.03776097297668457,0.0368499755859375,2076.71484375
oos_experiment,TK-PB-Drahi_17-d1-HET-ULO-8c673aa6e5-r4,4,MULTISTAGE_RH,LEXMMFPEA,18,3,lex_phase_3,0.07861804962158203,0.02250504493713379,0.021700143814086914,2076.71484375
oos_experiment,TK-PB-Drahi_17-d1-HET-ULO-8c673aa6e5-r4,4,MULTISTAGE_RH,LEXMMFPEA,18,3,lex_phase_3,0.15089106559753418,0.037751197814941406,0.036730051040649414,2076.71484375
oos_experiment,TK-PB-Drahi_17-d1-HET-ULO-8c673aa6e5-r4,4,MULTISTAGE_RH,LEXMMFPEA,18,4,lex_phase_4,0.07861804962158203,0.02176213264465332,0.021026134490966797,2076.71484375
oos_experiment,TK-PB-Drahi_17-d1-HET-ULO-8c673aa6e5-r4,4,MULTISTAGE_RH,LEXMMFPEA,18,4,lex_phase_4,0.15089106559753418,0.0364229679107666,0.03545689582824707,2076.71484375
oos_experiment,TK-PB-Drahi_17-d1-HET-ULO-8c673aa6e5-r4,4,MULTISTAGE_RH,LEXMMFPEA,18,5,lex_phase_5,0.07861804962158203,0.02105712890625,0.02024698257446289,2076.71484375
oos_experiment,TK-PB-Drahi_17-d1-HET-ULO-8c673aa6e5-r4,4,MULTISTAGE_RH,LEXMMFPEA,18,5,lex_phase_5,0.15089106559753418,0.03034210205078125,0.029439926147460938,2076.71484375
oos_experiment,TK-PB-Drahi_17-d1-HET-ULO-8c673aa6e5-r4,4,MULTISTAGE_RH,LEXMMFPEA,18,6,economic_tie_break,0.07861804962158203,1.442370891571045,1.4415690898895264,2076.71484375
oos_experiment,TK-PB-Drahi_17-d1-HET-ULO-8c673aa6e5-r4,4,MULTISTAGE_RH,LEXMMFPEA,18,6,economic_tie_break,0.15089106559753418,1.9186100959777832,1.9176430702209473,2076.71484375
oos_experiment,TK-PB-Drahi_17-d1-HET-ULO-8c673aa6e5-r4,4,MULTISTAGE_RH,LEXMMFPEA,19,1,lex_phase_1,0.07861804962158203,0.27851200103759766,0.11055612564086914,2076.71484375
oos_experiment,TK-PB-Drahi_17-d1-HET-ULO-8c673aa6e5-r4,4,MULTISTAGE_RH,LEXMMFPEA,19,1,lex_phase_1,0.15089106559753418,0.41263794898986816,0.17716407775878906,2076.71484375
oos_experiment,TK-PB-Drahi_17-d1-HET-ULO-8c673aa6e5-r4,4,MULTISTAGE_RH,LEXMMFPEA,19,2,lex_phase_2,0.07861804962158203,0.023345947265625,0.0224609375,2076.71484375
oos_experiment,TK-PB-Drahi_17-d1-HET-ULO-8c673aa6e5-r4,4,MULTISTAGE_RH,LEXMMFPEA,19,2,lex_phase_2,0.15089106559753418,0.03776097297668457,0.0368499755859375,2076.71484375
oos_experiment,TK-PB-Drahi_17-d1-HET-ULO-8c673aa6e5-r4,4,MULTISTAGE_RH,LEXMMFPEA,19,3,lex_phase_3,0.07861804962158203,0.02250504493713379,0.021700143814086914,2076.71484375
oos_experiment,TK-PB-Drahi_17-d1-HET-ULO-8c673aa6e5-r4,4,MULTISTAGE_RH,LEXMMFPEA,19,3,lex_phase_3,0.15089106559753418,0.037751197814941406,0.036730051040649414,2076.71484375
oos_experiment,TK-PB-Drahi_17-d1-HET-ULO-8c673aa6e5-r4,4,MULTISTAGE_RH,LEXMMFPEA,19,4,lex_phase_4,0.07861804962158203,0.02176213264465332,0.021026134490966797,2076.71484375
oos_experiment,TK-PB-Drahi_17-d1-HET-ULO-8c673aa6e5-r4,4,MULTISTAGE_RH,LEXMMFPEA,19,4,lex_phase_4,0.15089106559753418,0.0364229679107666,0.03545689582824707,2076.71484375
oos_experiment,TK-PB-Drahi_17-d1-HET-ULO-8c673aa6e5-r4,4,MULTISTAGE_RH,LEXMMFPEA,19,5,lex_phase_5,0.07861804962158203,0.02105712890625,0.02024698257446289,2076.71484375
oos_experiment,TK-PB-Drahi_17-d1-HET-ULO-8c673aa6e5-r4,4,MULTISTAGE_RH,LEXMMFPEA,19,5,lex_phase_5,0.15089106559753418,0.03034210205078125,0.029439926147460938,2076.71484375
oos_experiment,TK-PB-Drahi_17-d1-HET-ULO-8c673aa6e5-r4,4,MULTISTAGE_RH,LEXMMFPEA,19,6,economic_tie_break,0.07861804962158203,1.442370891571045,1.4415690898895264,2076.71484375
oos_experiment,TK-PB-Drahi_17-d1-HET-ULO-8c673aa6e5-r4,4,MULTISTAGE_RH,LEXMMFPEA,19,6,economic_tie_break,0.15089106559753418,1.9186100959777832,1.9176430702209473,2076.71484375
oos_experiment,TK-PB-Drahi_17-d1-HET-ULO-8c673aa6e5-r4,4,MULTISTAGE_RH,LEXMMFPEA,20,1,lex_phase_1,0.07861804962158203,0.27851200103759766,0.11055612564086914,2076.71484375
oos_experiment,TK-PB-Drahi_17-d1-HET-ULO-8c673aa6e5-r4,4,MULTISTAGE_RH,LEXMMFPEA,20,1,lex_phase_1,0.15089106559753418,0.41263794898986816,0.17716407775878906,2076.71484375
oos_experiment,TK-PB-Drahi_17-d1-HET-ULO-8c673aa6e5-r4,4,MULTISTAGE_RH,LEXMMFPEA,20,2,lex_phase_2,0.07861804962158203,0.023345947265625,0.0224609375,2076.71484375
oos_experiment,TK-PB-Drahi_17-d1-HET-ULO-8c673aa6e5-r4,4,MULTISTAGE_RH,LEXMMFPEA,20,2,lex_phase_2,0.15089106559753418,0.03776097297668457,0.0368499755859375,2076.71484375
oos_experiment,TK-PB-Drahi_17-d1-HET-ULO-8c673aa6e5-r4,4,MULTISTAGE_RH,LEXMMFPEA,20,3,lex_phase_3,0.07861804962158203,0.02250504493713379,0.021700143814086914,2076.71484375
oos_experiment,TK-PB-Drahi_17-d1-HET-ULO-8c673aa6e5-r4,4,MULTISTAGE_RH,LEXMMFPEA,20,3,lex_phase_3,0.15089106559753418,0.037751197814941406,0.036730051040649414,2076.71484375
oos_experiment,TK-PB-Drahi_17-d1-HET-ULO-8c673aa6e5-r4,4,MULTISTAGE_RH,LEXMMFPEA,20,4,lex_phase_4,0.07861804962158203,0.02176213264465332,0.021026134490966797,2076.71484375
oos_experiment,TK-PB-Drahi_17-d1-HET-ULO-8c673aa6e5-r4,4,MULTISTAGE_RH,LEXMMFPEA,20,4,lex_phase_4,0.15089106559753418,0.0364229679107666,0.03545689582824707,2076.71484375
oos_experiment,TK-PB-Drahi_17-d1-HET-ULO-8c673aa6e5-r4,4,MULTISTAGE_RH,LEXMMFPEA,20,5,lex_phase_5,0.07861804962158203,0.02105712890625,0.02024698257446289,2076.71484375
oos_experiment,TK-PB-Drahi_17-d1-HET-ULO-8c673aa6e5-r4,4,MULTISTAGE_RH,LEXMMFPEA,20,5,lex_phase_5,0.15089106559753418,0.03034210205078125,0.029439926147460938,2076.71484375
oos_experiment,TK-PB-Drahi_17-d1-HET-ULO-8c673aa6e5-r4,4,MULTISTAGE_RH,LEXMMFPEA,20,6,economic_tie_break,0.07861804962158203,1.442370891571045,1.4415690898895264,2076.71484375
oos_experiment,TK-PB-Drahi_17-d1-HET-ULO-8c673aa6e5-r4,4,MULTISTAGE_RH,LEXMMFPEA,20,6,economic_tie_break,0.15089106559753418,1.9186100959777832,1.9176430702209473,2076.71484375
oos_experiment,TK-PB-Drahi_17-d1-HET-ULO-8c673aa6e5-r4,4,MULTISTAGE_RH,LEXMMFPEA,21,1,lex_phase_1,0.08439016342163086,0.23036813735961914,0.07079911231994629,2076.71484375
oos_experiment,TK-PB-Drahi_17-d1-HET-ULO-8c673aa6e5-r4,4,MULTISTAGE_RH,LEXMMFPEA,21,1,lex_phase_1,0.14903712272644043,0.3973081111907959,0.12897086143493652,2076.71484375
oos_experiment,TK-PB-Drahi_17-d1-HET-ULO-8c673aa6e5-r4,4,MULTISTAGE_RH,LEXMMFPEA,21,2,lex_phase_2,0.08439016342163086,0.020858049392700195,0.02010202407836914,2076.71484375
oos_experiment,TK-PB-Drahi_17-d1-HET-ULO-8c673aa6e5-r4,4,MULTISTAGE_RH,LEXMMFPEA,21,2,lex_phase_2,0.14903712272644043,0.03629112243652344,0.035302162170410156,2076.71484375
oos_experiment,TK-PB-Drahi_17-d1-HET-ULO-8c673aa6e5-r4,4,MULTISTAGE_RH,LEXMMFPEA,21,3,lex_phase_3,0.08439016342163086,0.02237987518310547,0.021546125411987305,2076.71484375
oos_experiment,TK-PB-Drahi_17-d1-HET-ULO-8c673aa6e5-r4,4,MULTISTAGE_RH,LEXMMFPEA,21,3,lex_phase_3,0.14903712272644043,0.03143906593322754,0.03081798553466797,2076.71484375
oos_experiment,TK-PB-Drahi_17-d1-HET-ULO-8c673aa6e5-r4,4,MULTISTAGE_RH,LEXMMFPEA,21,4,lex_phase_4,0.08439016342163086,0.021090984344482422,0.020205974578857422,2076.71484375
oos_experiment,TK-PB-Drahi_17-d1-HET-ULO-8c673aa6e5-r4,4,MULTISTAGE_RH,LEXMMFPEA,21,4,lex_phase_4,0.14903712272644043,0.03299307823181152,0.03198504447937012,2076.71484375
oos_experiment,TK-PB-Drahi_17-d1-HET-ULO-8c673aa6e5-r4,4,MULTISTAGE_RH,LEXMMFPEA,21,5,lex_phase_5,0.08439016342163086,0.02152395248413086,0.020708084106445312,2076.71484375
oos_experiment,TK-PB-Drahi_17-d1-HET-ULO-8c673aa6e5-r4,4,MULTISTAGE_RH,LEXMMFPEA,21,5,lex_phase_5,0.14903712272644043,0.029960155487060547,0.029046058654785156,2076.71484375
oos_experiment,TK-PB-Drahi_17-d1-HET-ULO-8c673aa6e5-r4,4,MULTISTAGE_RH,LEXMMFPEA,21,6,economic_tie_break,0.08439016342163086,1.0074760913848877,1.0066919326782227,2076.71484375
oos_experiment,TK-PB-Drahi_17-d1-HET-ULO-8c673aa6e5-r4,4,MULTISTAGE_RH,LEXMMFPEA,21,6,economic_tie_break,0.14903712272644043,1.2698571681976318,1.2688820362091064,2076.71484375
oos_experiment,TK-PB-Drahi_17-d1-HET-ULO-8c673aa6e5-r4,4,MULTISTAGE_RH,LEXMMFPEA,22,1,lex_phase_1,0.08439016342163086,0.23036813735961914,0.07079911231994629,2076.71484375
oos_experiment,TK-PB-Drahi_17-d1-HET-ULO-8c673aa6e5-r4,4,MULTISTAGE_RH,LEXMMFPEA,22,1,lex_phase_1,0.14903712272644043,0.3973081111907959,0.12897086143493652,2076.71484375
oos_experiment,TK-PB-Drahi_17-d1-HET-ULO-8c673aa6e5-r4,4,MULTISTAGE_RH,LEXMMFPEA,22,2,lex_phase_2,0.08439016342163086,0.020858049392700195,0.02010202407836914,2076.71484375
oos_experiment,TK-PB-Drahi_17-d1-HET-ULO-8c673aa6e5-r4,4,MULTISTAGE_RH,LEXMMFPEA,22,2,lex_phase_2,0.14903712272644043,0.03629112243652344,0.035302162170410156,2076.71484375
oos_experiment,TK-PB-Drahi_17-d1-HET-ULO-8c673aa6e5-r4,4,MULTISTAGE_RH,LEXMMFPEA,22,3,lex_phase_3,0.08439016342163086,0.02237987518310547,0.021546125411987305,2076.71484375
oos_experiment,TK-PB-Drahi_17-d1-HET-ULO-8c673aa6e5-r4,4,MULTISTAGE_RH,LEXMMFPEA,22,3,lex_phase_3,0.14903712272644043,0.03143906593322754,0.03081798553466797,2076.71484375
oos_experiment,TK-PB-Drahi_17-d1-HET-ULO-8c673aa6e5-r4,4,MULTISTAGE_RH,LEXMMFPEA,22,4,lex_phase_4,0.08439016342163086,0.021090984344482422,0.020205974578857422,2076.71484375
oos_experiment,TK-PB-Drahi_17-d1-HET-ULO-8c673aa6e5-r4,4,MULTISTAGE_RH,LEXMMFPEA,22,4,lex_phase_4,0.14903712272644043,0.03299307823181152,0.03198504447937012,2076.71484375
oos_experiment,TK-PB-Drahi_17-d1-HET-ULO-8c673aa6e5-r4,4,MULTISTAGE_RH,LEXMMFPEA,22,5,lex_phase_5,0.08439016342163086,0.02152395248413086,0.020708084106445312,2076.71484375
oos_experiment,TK-PB-Drahi_17-d1-HET-ULO-8c673aa6e5-r4,4,MULTISTAGE_RH,LEXMMFPEA,22,5,lex_phase_5,0.14903712272644043,0.029960155487060547,0.029046058654785156,2076.71484375
oos_experiment,TK-PB-Drahi_17-d1-HET-ULO-8c673aa6e5-r4,4,MULTISTAGE_RH,LEXMMFPEA,22,6,economic_tie_break,0.08439016342163086,1.0074760913848877,1.0066919326782227,2076.71484375
oos_experiment,TK-PB-Drahi_17-d1-HET-ULO-8c673aa6e5-r4,4,MULTISTAGE_RH,LEXMMFPEA,22,6,economic_tie_break,0.14903712272644043,1.2698571681976318,1.2688820362091064,2076.71484375
oos_experiment,TK-PB-Drahi_17-d1-HET-ULO-8c673aa6e5-r4,4,MULTISTAGE_RH,LEXMMFPEA,23,1,lex_phase_1,0.08439016342163086,0.23036813735961914,0.07079911231994629,2076.71484375
oos_experiment,TK-PB-Drahi_17-d1-HET-ULO-8c673aa6e5-r4,4,MULTISTAGE_RH,LEXMMFPEA,23,1,lex_phase_1,0.14903712272644043,0.3973081111907959,0.12897086143493652,2076.71484375
oos_experiment,TK-PB-Drahi_17-d1-HET-ULO-8c673aa6e5-r4,4,MULTISTAGE_RH,LEXMMFPEA,23,2,lex_phase_2,0.08439016342163086,0.020858049392700195,0.02010202407836914,2076.71484375
oos_experiment,TK-PB-Drahi_17-d1-HET-ULO-8c673aa6e5-r4,4,MULTISTAGE_RH,LEXMMFPEA,23,2,lex_phase_2,0.14903712272644043,0.03629112243652344,0.035302162170410156,2076.71484375
oos_experiment,TK-PB-Drahi_17-d1-HET-ULO-8c673aa6e5-r4,4,MULTISTAGE_RH,LEXMMFPEA,23,3,lex_phase_3,0.08439016342163086,0.02237987518310547,0.021546125411987305,2076.71484375
oos_experiment,TK-PB-Drahi_17-d1-HET-ULO-8c673aa6e5-r4,4,MULTISTAGE_RH,LEXMMFPEA,23,3,lex_phase_3,0.14903712272644043,0.03143906593322754,0.03081798553466797,2076.71484375
oos_experiment,TK-PB-Drahi_17-d1-HET-ULO-8c673aa6e5-r4,4,MULTISTAGE_RH,LEXMMFPEA,23,4,lex_phase_4,0.08439016342163086,0.021090984344482422,0.020205974578857422,2076.71484375
oos_experiment,TK-PB-Drahi_17-d1-HET-ULO-8c673aa6e5-r4,4,MULTISTAGE_RH,LEXMMFPEA,23,4,lex_phase_4,0.14903712272644043,0.03299307823181152,0.03198504447937012,2076.71484375
oos_experiment,TK-PB-Drahi_17-d1-HET-ULO-8c673aa6e5-r4,4,MULTISTAGE_RH,LEXMMFPEA,23,5,lex_phase_5,0.08439016342163086,0.02152395248413086,0.020708084106445312,2076.71484375
oos_experiment,TK-PB-Drahi_17-d1-HET-ULO-8c673aa6e5-r4,4,MULTISTAGE_RH,LEXMMFPEA,23,5,lex_phase_5,0.14903712272644043,0.029960155487060547,0.029046058654785156,2076.71484375
oos_experiment,TK-PB-Drahi_17-d1-HET-ULO-8c673aa6e5-r4,4,MULTISTAGE_RH,LEXMMFPEA,23,6,economic_tie_break,0.08439016342163086,1.0074760913848877,1.0066919326782227,2076.71484375
oos_experiment,TK-PB-Drahi_17-d1-HET-ULO-8c673aa6e5-r4,4,MULTISTAGE_RH,LEXMMFPEA,23,6,economic_tie_break,0.14903712272644043,1.2698571681976318,1.2688820362091064,2076.71484375
oos_experiment,TK-PB-Drahi_17-d1-HET-ULO-8c673aa6e5-r4,4,MULTISTAGE_RH,LEXMMFPEA,24,1,lex_phase_1,0.08439016342163086,0.23036813735961914,0.07079911231994629,2076.71484375
oos_experiment,TK-PB-Drahi_17-d1-HET-ULO-8c673aa6e5-r4,4,MULTISTAGE_RH,LEXMMFPEA,24,1,lex_phase_1,0.14903712272644043,0.3973081111907959,0.12897086143493652,2076.71484375
oos_experiment,TK-PB-Drahi_17-d1-HET-ULO-8c673aa6e5-r4,4,MULTISTAGE_RH,LEXMMFPEA,24,2,lex_phase_2,0.08439016342163086,0.020858049392700195,0.02010202407836914,2076.71484375
oos_experiment,TK-PB-Drahi_17-d1-HET-ULO-8c673aa6e5-r4,4,MULTISTAGE_RH,LEXMMFPEA,24,2,lex_phase_2,0.14903712272644043,0.03629112243652344,0.035302162170410156,2076.71484375
oos_experiment,TK-PB-Drahi_17-d1-HET-ULO-8c673aa6e5-r4,4,MULTISTAGE_RH,LEXMMFPEA,24,3,lex_phase_3,0.08439016342163086,0.02237987518310547,0.021546125411987305,2076.71484375
oos_experiment,TK-PB-Drahi_17-d1-HET-ULO-8c673aa6e5-r4,4,MULTISTAGE_RH,LEXMMFPEA,24,3,lex_phase_3,0.14903712272644043,0.03143906593322754,0.03081798553466797,2076.71484375
oos_experiment,TK-PB-Drahi_17-d1-HET-ULO-8c673aa6e5-r4,4,MULTISTAGE_RH,LEXMMFPEA,24,4,lex_phase_4,0.08439016342163086,0.021090984344482422,0.020205974578857422,2076.71484375
oos_experiment,TK-PB-Drahi_17-d1-HET-ULO-8c673aa6e5-r4,4,MULTISTAGE_RH,LEXMMFPEA,24,4,lex_phase_4,0.14903712272644043,0.03299307823181152,0.03198504447937012,2076.71484375
oos_experiment,TK-PB-Drahi_17-d1-HET-ULO-8c673aa6e5-r4,4,MULTISTAGE_RH,LEXMMFPEA,24,5,lex_phase_5,0.08439016342163086,0.02152395248413086,0.020708084106445312,2076.71484375
oos_experiment,TK-PB-Drahi_17-d1-HET-ULO-8c673aa6e5-r4,4,MULTISTAGE_RH,LEXMMFPEA,24,5,lex_phase_5,0.14903712272644043,0.029960155487060547,0.029046058654785156,2076.71484375
oos_experiment,TK-PB-Drahi_17-d1-HET-ULO-8c673aa6e5-r4,4,MULTISTAGE_RH,LEXMMFPEA,24,6,economic_tie_break,0.08439016342163086,1.0074760913848877,1.0066919326782227,2076.71484375
oos_experiment,TK-PB-Drahi_17-d1-HET-ULO-8c673aa6e5-r4,4,MULTISTAGE_RH,LEXMMFPEA,24,6,economic_tie_break,0.14903712272644043,1.2698571681976318,1.2688820362091064,2076.71484375
oos_experiment,TK-PB-Drahi_17-d1-HET-ULO-8c673aa6e5-r4,4,MULTISTAGE_RH,LEXMMFSA,1,1,lex_phase_1,0.18976402282714844,13.709238052368164,13.394756078720093,2076.71484375
oos_experiment,TK-PB-Drahi_17-d1-HET-ULO-8c673aa6e5-r4,4,MULTISTAGE_RH,LEXMMFSA,1,1,lex_phase_1,0.33338093757629395,11.27424693107605,10.959918022155762,2076.71484375
oos_experiment,TK-PB-Drahi_17-d1-HET-ULO-8c673aa6e5-r4,4,MULTISTAGE_RH,LEXMMFSA,1,2,lex_phase_2,0.18976402282714844,0.0614781379699707,0.060400962829589844,2076.71484375
oos_experiment,TK-PB-Drahi_17-d1-HET-ULO-8c673aa6e5-r4,4,MULTISTAGE_RH,LEXMMFSA,1,2,lex_phase_2,0.33338093757629395,0.07098197937011719,0.06994295120239258,2076.71484375
oos_experiment,TK-PB-Drahi_17-d1-HET-ULO-8c673aa6e5-r4,4,MULTISTAGE_RH,LEXMMFSA,1,3,lex_phase_3,0.18976402282714844,0.061302900314331055,0.060179948806762695,2076.71484375
oos_experiment,TK-PB-Drahi_17-d1-HET-ULO-8c673aa6e5-r4,4,MULTISTAGE_RH,LEXMMFSA,1,3,lex_phase_3,0.33338093757629395,0.080841064453125,0.07990384101867676,2076.71484375
oos_experiment,TK-PB-Drahi_17-d1-HET-ULO-8c673aa6e5-r4,4,MULTISTAGE_RH,LEXMMFSA,1,4,lex_phase_4,0.18976402282714844,0.04839205741882324,0.047348976135253906,2076.71484375
oos_experiment,TK-PB-Drahi_17-d1-HET-ULO-8c673aa6e5-r4,4,MULTISTAGE_RH,LEXMMFSA,1,4,lex_phase_4,0.33338093757629395,0.06692218780517578,0.06592798233032227,2076.71484375
oos_experiment,TK-PB-Drahi_17-d1-HET-ULO-8c673aa6e5-r4,4,MULTISTAGE_RH,LEXMMFSA,1,5,lex_phase_5,0.18976402282714844,0.05856800079345703,0.05751514434814453,2076.71484375
oos_experiment,TK-PB-Drahi_17-d1-HET-ULO-8c673aa6e5-r4,4,MULTISTAGE_RH,LEXMMFSA,1,5,lex_phase_5,0.33338093757629395,0.06215691566467285,0.06106686592102051,2076.71484375
oos_experiment,TK-PB-Drahi_17-d1-HET-ULO-8c673aa6e5-r4,4,MULTISTAGE_RH,LEXMMFSA,1,6,economic_tie_break,0.18976402282714844,0.038413047790527344,0.037088871002197266,2076.71484375
oos_experiment,TK-PB-Drahi_17-d1-HET-ULO-8c673aa6e5-r4,4,MULTISTAGE_RH,LEXMMFSA,1,6,economic_tie_break,0.33338093757629395,0.03924894332885742,0.03832292556762695,2076.71484375
oos_experiment,TK-PB-Drahi_17-d1-HET-ULO-8c673aa6e5-r4,4,MULTISTAGE_RH,LEXMMFSA,2,1,lex_phase_1,0.18976402282714844,13.709238052368164,13.394756078720093,2076.71484375
oos_experiment,TK-PB-Drahi_17-d1-HET-ULO-8c673aa6e5-r4,4,MULTISTAGE_RH,LEXMMFSA,2,1,lex_phase_1,0.33338093757629395,11.27424693107605,10.959918022155762,2076.71484375
oos_experiment,TK-PB-Drahi_17-d1-HET-ULO-8c673aa6e5-r4,4,MULTISTAGE_RH,LEXMMFSA,2,2,lex_phase_2,0.18976402282714844,0.0614781379699707,0.060400962829589844,2076.71484375
oos_experiment,TK-PB-Drahi_17-d1-HET-ULO-8c673aa6e5-r4,4,MULTISTAGE_RH,LEXMMFSA,2,2,lex_phase_2,0.33338093757629395,0.07098197937011719,0.06994295120239258,2076.71484375
oos_experiment,TK-PB-Drahi_17-d1-HET-ULO-8c673aa6e5-r4,4,MULTISTAGE_RH,LEXMMFSA,2,3,lex_phase_3,0.18976402282714844,0.061302900314331055,0.060179948806762695,2076.71484375
oos_experiment,TK-PB-Drahi_17-d1-HET-ULO-8c673aa6e5-r4,4,MULTISTAGE_RH,LEXMMFSA,2,3,lex_phase_3,0.33338093757629395,0.080841064453125,0.07990384101867676,2076.71484375
oos_experiment,TK-PB-Drahi_17-d1-HET-ULO-8c673aa6e5-r4,4,MULTISTAGE_RH,LEXMMFSA,2,4,lex_phase_4,0.18976402282714844,0.04839205741882324,0.047348976135253906,2076.71484375
oos_experiment,TK-PB-Drahi_17-d1-HET-ULO-8c673aa6e5-r4,4,MULTISTAGE_RH,LEXMMFSA,2,4,lex_phase_4,0.33338093757629395,0.06692218780517578,0.06592798233032227,2076.71484375
oos_experiment,TK-PB-Drahi_17-d1-HET-ULO-8c673aa6e5-r4,4,MULTISTAGE_RH,LEXMMFSA,2,5,lex_phase_5,0.18976402282714844,0.05856800079345703,0.05751514434814453,2076.71484375
oos_experiment,TK-PB-Drahi_17-d1-HET-ULO-8c673aa6e5-r4,4,MULTISTAGE_RH,LEXMMFSA,2,5,lex_phase_5,0.33338093757629395,0.06215691566467285,0.06106686592102051,2076.71484375
oos_experiment,TK-PB-Drahi_17-d1-HET-ULO-8c673aa6e5-r4,4,MULTISTAGE_RH,LEXMMFSA,2,6,economic_tie_break,0.18976402282714844,0.038413047790527344,0.037088871002197266,2076.71484375
oos_experiment,TK-PB-Drahi_17-d1-HET-ULO-8c673aa6e5-r4,4,MULTISTAGE_RH,LEXMMFSA,2,6,economic_tie_break,0.33338093757629395,0.03924894332885742,0.03832292556762695,2076.71484375
oos_experiment,TK-PB-Drahi_17-d1-HET-ULO-8c673aa6e5-r4,4,MULTISTAGE_RH,LEXMMFSA,3,1,lex_phase_1,0.18976402282714844,13.709238052368164,13.394756078720093,2076.71484375
oos_experiment,TK-PB-Drahi_17-d1-HET-ULO-8c673aa6e5-r4,4,MULTISTAGE_RH,LEXMMFSA,3,1,lex_phase_1,0.33338093757629395,11.27424693107605,10.959918022155762,2076.71484375
oos_experiment,TK-PB-Drahi_17-d1-HET-ULO-8c673aa6e5-r4,4,MULTISTAGE_RH,LEXMMFSA,3,2,lex_phase_2,0.18976402282714844,0.0614781379699707,0.060400962829589844,2076.71484375
oos_experiment,TK-PB-Drahi_17-d1-HET-ULO-8c673aa6e5-r4,4,MULTISTAGE_RH,LEXMMFSA,3,2,lex_phase_2,0.33338093757629395,0.07098197937011719,0.06994295120239258,2076.71484375
oos_experiment,TK-PB-Drahi_17-d1-HET-ULO-8c673aa6e5-r4,4,MULTISTAGE_RH,LEXMMFSA,3,3,lex_phase_3,0.18976402282714844,0.061302900314331055,0.060179948806762695,2076.71484375
oos_experiment,TK-PB-Drahi_17-d1-HET-ULO-8c673aa6e5-r4,4,MULTISTAGE_RH,LEXMMFSA,3,3,lex_phase_3,0.33338093757629395,0.080841064453125,0.07990384101867676,2076.71484375
oos_experiment,TK-PB-Drahi_17-d1-HET-ULO-8c673aa6e5-r4,4,MULTISTAGE_RH,LEXMMFSA,3,4,lex_phase_4,0.18976402282714844,0.04839205741882324,0.047348976135253906,2076.71484375
oos_experiment,TK-PB-Drahi_17-d1-HET-ULO-8c673aa6e5-r4,4,MULTISTAGE_RH,LEXMMFSA,3,4,lex_phase_4,0.33338093757629395,0.06692218780517578,0.06592798233032227,2076.71484375
oos_experiment,TK-PB-Drahi_17-d1-HET-ULO-8c673aa6e5-r4,4,MULTISTAGE_RH,LEXMMFSA,3,5,lex_phase_5,0.18976402282714844,0.05856800079345703,0.05751514434814453,2076.71484375
oos_experiment,TK-PB-Drahi_17-d1-HET-ULO-8c673aa6e5-r4,4,MULTISTAGE_RH,LEXMMFSA,3,5,lex_phase_5,0.33338093757629395,0.06215691566467285,0.06106686592102051,2076.71484375
oos_experiment,TK-PB-Drahi_17-d1-HET-ULO-8c673aa6e5-r4,4,MULTISTAGE_RH,LEXMMFSA,3,6,economic_tie_break,0.18976402282714844,0.038413047790527344,0.037088871002197266,2076.71484375
oos_experiment,TK-PB-Drahi_17-d1-HET-ULO-8c673aa6e5-r4,4,MULTISTAGE_RH,LEXMMFSA,3,6,economic_tie_break,0.33338093757629395,0.03924894332885742,0.03832292556762695,2076.71484375
oos_experiment,TK-PB-Drahi_17-d1-HET-ULO-8c673aa6e5-r4,4,MULTISTAGE_RH,LEXMMFSA,4,1,lex_phase_1,0.18976402282714844,13.709238052368164,13.394756078720093,2076.71484375
oos_experiment,TK-PB-Drahi_17-d1-HET-ULO-8c673aa6e5-r4,4,MULTISTAGE_RH,LEXMMFSA,4,1,lex_phase_1,0.33338093757629395,11.27424693107605,10.959918022155762,2076.71484375
oos_experiment,TK-PB-Drahi_17-d1-HET-ULO-8c673aa6e5-r4,4,MULTISTAGE_RH,LEXMMFSA,4,2,lex_phase_2,0.18976402282714844,0.0614781379699707,0.060400962829589844,2076.71484375
oos_experiment,TK-PB-Drahi_17-d1-HET-ULO-8c673aa6e5-r4,4,MULTISTAGE_RH,LEXMMFSA,4,2,lex_phase_2,0.33338093757629395,0.07098197937011719,0.06994295120239258,2076.71484375
oos_experiment,TK-PB-Drahi_17-d1-HET-ULO-8c673aa6e5-r4,4,MULTISTAGE_RH,LEXMMFSA,4,3,lex_phase_3,0.18976402282714844,0.061302900314331055,0.060179948806762695,2076.71484375
oos_experiment,TK-PB-Drahi_17-d1-HET-ULO-8c673aa6e5-r4,4,MULTISTAGE_RH,LEXMMFSA,4,3,lex_phase_3,0.33338093757629395,0.080841064453125,0.07990384101867676,2076.71484375
oos_experiment,TK-PB-Drahi_17-d1-HET-ULO-8c673aa6e5-r4,4,MULTISTAGE_RH,LEXMMFSA,4,4,lex_phase_4,0.18976402282714844,0.04839205741882324,0.047348976135253906,2076.71484375
oos_experiment,TK-PB-Drahi_17-d1-HET-ULO-8c673aa6e5-r4,4,MULTISTAGE_RH,LEXMMFSA,4,4,lex_phase_4,0.33338093757629395,0.06692218780517578,0.06592798233032227,2076.71484375
oos_experiment,TK-PB-Drahi_17-d1-HET-ULO-8c673aa6e5-r4,4,MULTISTAGE_RH,LEXMMFSA,4,5,lex_phase_5,0.18976402282714844,0.05856800079345703,0.05751514434814453,2076.71484375
oos_experiment,TK-PB-Drahi_17-d1-HET-ULO-8c673aa6e5-r4,4,MULTISTAGE_RH,LEXMMFSA,4,5,lex_phase_5,0.33338093757629395,0.06215691566467285,0.06106686592102051,2076.71484375
oos_experiment,TK-PB-Drahi_17-d1-HET-ULO-8c673aa6e5-r4,4,MULTISTAGE_RH,LEXMMFSA,4,6,economic_tie_break,0.18976402282714844,0.038413047790527344,0.037088871002197266,2076.71484375
oos_experiment,TK-PB-Drahi_17-d1-HET-ULO-8c673aa6e5-r4,4,MULTISTAGE_RH,LEXMMFSA,4,6,economic_tie_break,0.33338093757629395,0.03924894332885742,0.03832292556762695,2076.71484375
oos_experiment,TK-PB-Drahi_17-d1-HET-ULO-8c673aa6e5-r4,4,MULTISTAGE_RH,LEXMMFSA,5,1,lex_phase_1,0.2749359607696533,11.448199033737183,10.97220492362976,2076.71484375
oos_experiment,TK-PB-Drahi_17-d1-HET-ULO-8c673aa6e5-r4,4,MULTISTAGE_RH,LEXMMFSA,5,1,lex_phase_1,0.1930379867553711,3.8934900760650635,3.552794933319092,2076.71484375
oos_experiment,TK-PB-Drahi_17-d1-HET-ULO-8c673aa6e5-r4,4,MULTISTAGE_RH,LEXMMFSA,5,2,lex_phase_2,0.2749359607696533,0.07619810104370117,0.07500410079956055,2076.71484375
oos_experiment,TK-PB-Drahi_17-d1-HET-ULO-8c673aa6e5-r4,4,MULTISTAGE_RH,LEXMMFSA,5,2,lex_phase_2,0.1930379867553711,0.06264090538024902,0.06177210807800293,2076.71484375
oos_experiment,TK-PB-Drahi_17-d1-HET-ULO-8c673aa6e5-r4,4,MULTISTAGE_RH,LEXMMFSA,5,3,lex_phase_3,0.2749359607696533,0.07667016983032227,0.0754251480102539,2076.71484375
oos_experiment,TK-PB-Drahi_17-d1-HET-ULO-8c673aa6e5-r4,4,MULTISTAGE_RH,LEXMMFSA,5,3,lex_phase_3,0.1930379867553711,0.06841111183166504,0.06727814674377441,2076.71484375
oos_experiment,TK-PB-Drahi_17-d1-HET-ULO-8c673aa6e5-r4,4,MULTISTAGE_RH,LEXMMFSA,5,4,lex_phase_4,0.2749359607696533,0.05271291732788086,0.051348209381103516,2076.71484375
oos_experiment,TK-PB-Drahi_17-d1-HET-ULO-8c673aa6e5-r4,4,MULTISTAGE_RH,LEXMMFSA,5,4,lex_phase_4,0.1930379867553711,0.05859208106994629,0.05754494667053223,2076.71484375
oos_experiment,TK-PB-Drahi_17-d1-HET-ULO-8c673aa6e5-r4,4,MULTISTAGE_RH,LEXMMFSA,5,5,lex_phase_5,0.2749359607696533,0.054934024810791016,0.05395388603210449,2076.71484375
oos_experiment,TK-PB-Drahi_17-d1-HET-ULO-8c673aa6e5-r4,4,MULTISTAGE_RH,LEXMMFSA,5,5,lex_phase_5,0.1930379867553711,0.06573009490966797,0.0647740364074707,2076.71484375
oos_experiment,TK-PB-Drahi_17-d1-HET-ULO-8c673aa6e5-r4,4,MULTISTAGE_RH,LEXMMFSA,5,6,economic_tie_break,0.2749359607696533,0.03873896598815918,0.03766512870788574,2076.71484375
oos_experiment,TK-PB-Drahi_17-d1-HET-ULO-8c673aa6e5-r4,4,MULTISTAGE_RH,LEXMMFSA,5,6,economic_tie_break,0.1930379867553711,0.03814506530761719,0.037120819091796875,2076.71484375
oos_experiment,TK-PB-Drahi_17-d1-HET-ULO-8c673aa6e5-r4,4,MULTISTAGE_RH,LEXMMFSA,6,1,lex_phase_1,0.2749359607696533,11.448199033737183,10.97220492362976,2076.71484375
oos_experiment,TK-PB-Drahi_17-d1-HET-ULO-8c673aa6e5-r4,4,MULTISTAGE_RH,LEXMMFSA,6,1,lex_phase_1,0.1930379867553711,3.8934900760650635,3.552794933319092,2076.71484375
oos_experiment,TK-PB-Drahi_17-d1-HET-ULO-8c673aa6e5-r4,4,MULTISTAGE_RH,LEXMMFSA,6,2,lex_phase_2,0.2749359607696533,0.07619810104370117,0.07500410079956055,2076.71484375
oos_experiment,TK-PB-Drahi_17-d1-HET-ULO-8c673aa6e5-r4,4,MULTISTAGE_RH,LEXMMFSA,6,2,lex_phase_2,0.1930379867553711,0.06264090538024902,0.06177210807800293,2076.71484375
oos_experiment,TK-PB-Drahi_17-d1-HET-ULO-8c673aa6e5-r4,4,MULTISTAGE_RH,LEXMMFSA,6,3,lex_phase_3,0.2749359607696533,0.07667016983032227,0.0754251480102539,2076.71484375
oos_experiment,TK-PB-Drahi_17-d1-HET-ULO-8c673aa6e5-r4,4,MULTISTAGE_RH,LEXMMFSA,6,3,lex_phase_3,0.1930379867553711,0.06841111183166504,0.06727814674377441,2076.71484375
oos_experiment,TK-PB-Drahi_17-d1-HET-ULO-8c673aa6e5-r4,4,MULTISTAGE_RH,LEXMMFSA,6,4,lex_phase_4,0.2749359607696533,0.05271291732788086,0.051348209381103516,2076.71484375
oos_experiment,TK-PB-Drahi_17-d1-HET-ULO-8c673aa6e5-r4,4,MULTISTAGE_RH,LEXMMFSA,6,4,lex_phase_4,0.1930379867553711,0.05859208106994629,0.05754494667053223,2076.71484375
oos_experiment,TK-PB-Drahi_17-d1-HET-ULO-8c673aa6e5-r4,4,MULTISTAGE_RH,LEXMMFSA,6,5,lex_phase_5,0.2749359607696533,0.054934024810791016,0.05395388603210449,2076.71484375
oos_experiment,TK-PB-Drahi_17-d1-HET-ULO-8c673aa6e5-r4,4,MULTISTAGE_RH,LEXMMFSA,6,5,lex_phase_5,0.1930379867553711,0.06573009490966797,0.0647740364074707,2076.71484375
oos_experiment,TK-PB-Drahi_17-d1-HET-ULO-8c673aa6e5-r4,4,MULTISTAGE_RH,LEXMMFSA,6,6,economic_tie_break,0.2749359607696533,0.03873896598815918,0.03766512870788574,2076.71484375
oos_experiment,TK-PB-Drahi_17-d1-HET-ULO-8c673aa6e5-r4,4,MULTISTAGE_RH,LEXMMFSA,6,6,economic_tie_break,0.1930379867553711,0.03814506530761719,0.037120819091796875,2076.71484375
oos_experiment,TK-PB-Drahi_17-d1-HET-ULO-8c673aa6e5-r4,4,MULTISTAGE_RH,LEXMMFSA,7,1,lex_phase_1,0.2749359607696533,11.448199033737183,10.97220492362976,2076.71484375
oos_experiment,TK-PB-Drahi_17-d1-HET-ULO-8c673aa6e5-r4,4,MULTISTAGE_RH,LEXMMFSA,7,1,lex_phase_1,0.1930379867553711,3.8934900760650635,3.552794933319092,2076.71484375
oos_experiment,TK-PB-Drahi_17-d1-HET-ULO-8c673aa6e5-r4,4,MULTISTAGE_RH,LEXMMFSA,7,2,lex_phase_2,0.2749359607696533,0.07619810104370117,0.07500410079956055,2076.71484375
oos_experiment,TK-PB-Drahi_17-d1-HET-ULO-8c673aa6e5-r4,4,MULTISTAGE_RH,LEXMMFSA,7,2,lex_phase_2,0.1930379867553711,0.06264090538024902,0.06177210807800293,2076.71484375
oos_experiment,TK-PB-Drahi_17-d1-HET-ULO-8c673aa6e5-r4,4,MULTISTAGE_RH,LEXMMFSA,7,3,lex_phase_3,0.2749359607696533,0.07667016983032227,0.0754251480102539,2076.71484375
oos_experiment,TK-PB-Drahi_17-d1-HET-ULO-8c673aa6e5-r4,4,MULTISTAGE_RH,LEXMMFSA,7,3,lex_phase_3,0.1930379867553711,0.06841111183166504,0.06727814674377441,2076.71484375
oos_experiment,TK-PB-Drahi_17-d1-HET-ULO-8c673aa6e5-r4,4,MULTISTAGE_RH,LEXMMFSA,7,4,lex_phase_4,0.2749359607696533,0.05271291732788086,0.051348209381103516,2076.71484375
oos_experiment,TK-PB-Drahi_17-d1-HET-ULO-8c673aa6e5-r4,4,MULTISTAGE_RH,LEXMMFSA,7,4,lex_phase_4,0.1930379867553711,0.05859208106994629,0.05754494667053223,2076.71484375
oos_experiment,TK-PB-Drahi_17-d1-HET-ULO-8c673aa6e5-r4,4,MULTISTAGE_RH,LEXMMFSA,7,5,lex_phase_5,0.2749359607696533,0.054934024810791016,0.05395388603210449,2076.71484375
oos_experiment,TK-PB-Drahi_17-d1-HET-ULO-8c673aa6e5-r4,4,MULTISTAGE_RH,LEXMMFSA,7,5,lex_phase_5,0.1930379867553711,0.06573009490966797,0.0647740364074707,2076.71484375
oos_experiment,TK-PB-Drahi_17-d1-HET-ULO-8c673aa6e5-r4,4,MULTISTAGE_RH,LEXMMFSA,7,6,economic_tie_break,0.2749359607696533,0.03873896598815918,0.03766512870788574,2076.71484375
oos_experiment,TK-PB-Drahi_17-d1-HET-ULO-8c673aa6e5-r4,4,MULTISTAGE_RH,LEXMMFSA,7,6,economic_tie_break,0.1930379867553711,0.03814506530761719,0.037120819091796875,2076.71484375
oos_experiment,TK-PB-Drahi_17-d1-HET-ULO-8c673aa6e5-r4,4,MULTISTAGE_RH,LEXMMFSA,8,1,lex_phase_1,0.2749359607696533,11.448199033737183,10.97220492362976,2076.71484375
oos_experiment,TK-PB-Drahi_17-d1-HET-ULO-8c673aa6e5-r4,4,MULTISTAGE_RH,LEXMMFSA,8,1,lex_phase_1,0.1930379867553711,3.8934900760650635,3.552794933319092,2076.71484375
oos_experiment,TK-PB-Drahi_17-d1-HET-ULO-8c673aa6e5-r4,4,MULTISTAGE_RH,LEXMMFSA,8,2,lex_phase_2,0.2749359607696533,0.07619810104370117,0.07500410079956055,2076.71484375
oos_experiment,TK-PB-Drahi_17-d1-HET-ULO-8c673aa6e5-r4,4,MULTISTAGE_RH,LEXMMFSA,8,2,lex_phase_2,0.1930379867553711,0.06264090538024902,0.06177210807800293,2076.71484375
oos_experiment,TK-PB-Drahi_17-d1-HET-ULO-8c673aa6e5-r4,4,MULTISTAGE_RH,LEXMMFSA,8,3,lex_phase_3,0.2749359607696533,0.07667016983032227,0.0754251480102539,2076.71484375
oos_experiment,TK-PB-Drahi_17-d1-HET-ULO-8c673aa6e5-r4,4,MULTISTAGE_RH,LEXMMFSA,8,3,lex_phase_3,0.1930379867553711,0.06841111183166504,0.06727814674377441,2076.71484375
oos_experiment,TK-PB-Drahi_17-d1-HET-ULO-8c673aa6e5-r4,4,MULTISTAGE_RH,LEXMMFSA,8,4,lex_phase_4,0.2749359607696533,0.05271291732788086,0.051348209381103516,2076.71484375
oos_experiment,TK-PB-Drahi_17-d1-HET-ULO-8c673aa6e5-r4,4,MULTISTAGE_RH,LEXMMFSA,8,4,lex_phase_4,0.1930379867553711,0.05859208106994629,0.05754494667053223,2076.71484375
oos_experiment,TK-PB-Drahi_17-d1-HET-ULO-8c673aa6e5-r4,4,MULTISTAGE_RH,LEXMMFSA,8,5,lex_phase_5,0.2749359607696533,0.054934024810791016,0.05395388603210449,2076.71484375
oos_experiment,TK-PB-Drahi_17-d1-HET-ULO-8c673aa6e5-r4,4,MULTISTAGE_RH,LEXMMFSA,8,5,lex_phase_5,0.1930379867553711,0.06573009490966797,0.0647740364074707,2076.71484375
oos_experiment,TK-PB-Drahi_17-d1-HET-ULO-8c673aa6e5-r4,4,MULTISTAGE_RH,LEXMMFSA,8,6,economic_tie_break,0.2749359607696533,0.03873896598815918,0.03766512870788574,2076.71484375
oos_experiment,TK-PB-Drahi_17-d1-HET-ULO-8c673aa6e5-r4,4,MULTISTAGE_RH,LEXMMFSA,8,6,economic_tie_break,0.1930379867553711,0.03814506530761719,0.037120819091796875,2076.71484375
oos_experiment,TK-PB-Drahi_17-d1-HET-ULO-8c673aa6e5-r4,4,MULTISTAGE_RH,LEXMMFSA,9,1,lex_phase_1,0.20215702056884766,8.076412916183472,7.726956844329834,2076.71484375
oos_experiment,TK-PB-Drahi_17-d1-HET-ULO-8c673aa6e5-r4,4,MULTISTAGE_RH,LEXMMFSA,9,1,lex_phase_1,0.13634419441223145,8.8225679397583,8.5400869846344,2076.71484375
oos_experiment,TK-PB-Drahi_17-d1-HET-ULO-8c673aa6e5-r4,4,MULTISTAGE_RH,LEXMMFSA,9,2,lex_phase_2,0.20215702056884766,0.06335687637329102,0.06208395957946777,2076.71484375
oos_experiment,TK-PB-Drahi_17-d1-HET-ULO-8c673aa6e5-r4,4,MULTISTAGE_RH,LEXMMFSA,9,2,lex_phase_2,0.13634419441223145,0.0728611946105957,0.07176089286804199,2076.71484375
oos_experiment,TK-PB-Drahi_17-d1-HET-ULO-8c673aa6e5-r4,4,MULTISTAGE_RH,LEXMMFSA,9,3,lex_phase_3,0.20215702056884766,0.06139183044433594,0.06021690368652344,2076.71484375
oos_experiment,TK-PB-Drahi_17-d1-HET-ULO-8c673aa6e5-r4,4,MULTISTAGE_RH,LEXMMFSA,9,3,lex_phase_3,0.13634419441223145,0.09972095489501953,0.09862399101257324,2076.71484375
oos_experiment,TK-PB-Drahi_17-d1-HET-ULO-8c673aa6e5-r4,4,MULTISTAGE_RH,LEXMMFSA,9,4,lex_phase_4,0.20215702056884766,0.051602840423583984,0.05036187171936035,2076.71484375
oos_experiment,TK-PB-Drahi_17-d1-HET-ULO-8c673aa6e5-r4,4,MULTISTAGE_RH,LEXMMFSA,9,4,lex_phase_4,0.13634419441223145,0.0581669807434082,0.05712103843688965,2076.71484375
oos_experiment,TK-PB-Drahi_17-d1-HET-ULO-8c673aa6e5-r4,4,MULTISTAGE_RH,LEXMMFSA,9,5,lex_phase_5,0.20215702056884766,0.05655407905578613,0.05542588233947754,2076.71484375
oos_experiment,TK-PB-Drahi_17-d1-HET-ULO-8c673aa6e5-r4,4,MULTISTAGE_RH,LEXMMFSA,9,5,lex_phase_5,0.13634419441223145,0.08221101760864258,0.08111906051635742,2076.71484375
oos_experiment,TK-PB-Drahi_17-d1-HET-ULO-8c673aa6e5-r4,4,MULTISTAGE_RH,LEXMMFSA,9,6,economic_tie_break,0.20215702056884766,0.033560991287231445,0.032472848892211914,2076.71484375
oos_experiment,TK-PB-Drahi_17-d1-HET-ULO-8c673aa6e5-r4,4,MULTISTAGE_RH,LEXMMFSA,9,6,economic_tie_break,0.13634419441223145,0.0410919189453125,0.04004812240600586,2076.71484375
oos_experiment,TK-PB-Drahi_17-d1-HET-ULO-8c673aa6e5-r4,4,MULTISTAGE_RH,LEXMMFSA,10,1,lex_phase_1,0.20215702056884766,8.076412916183472,7.726956844329834,2076.71484375
oos_experiment,TK-PB-Drahi_17-d1-HET-ULO-8c673aa6e5-r4,4,MULTISTAGE_RH,LEXMMFSA,10,1,lex_phase_1,0.13634419441223145,8.8225679397583,8.5400869846344,2076.71484375
oos_experiment,TK-PB-Drahi_17-d1-HET-ULO-8c673aa6e5-r4,4,MULTISTAGE_RH,LEXMMFSA,10,2,lex_phase_2,0.20215702056884766,0.06335687637329102,0.06208395957946777,2076.71484375
oos_experiment,TK-PB-Drahi_17-d1-HET-ULO-8c673aa6e5-r4,4,MULTISTAGE_RH,LEXMMFSA,10,2,lex_phase_2,0.13634419441223145,0.0728611946105957,0.07176089286804199,2076.71484375
oos_experiment,TK-PB-Drahi_17-d1-HET-ULO-8c673aa6e5-r4,4,MULTISTAGE_RH,LEXMMFSA,10,3,lex_phase_3,0.20215702056884766,0.06139183044433594,0.06021690368652344,2076.71484375
oos_experiment,TK-PB-Drahi_17-d1-HET-ULO-8c673aa6e5-r4,4,MULTISTAGE_RH,LEXMMFSA,10,3,lex_phase_3,0.13634419441223145,0.09972095489501953,0.09862399101257324,2076.71484375
oos_experiment,TK-PB-Drahi_17-d1-HET-ULO-8c673aa6e5-r4,4,MULTISTAGE_RH,LEXMMFSA,10,4,lex_phase_4,0.20215702056884766,0.051602840423583984,0.05036187171936035,2076.71484375
oos_experiment,TK-PB-Drahi_17-d1-HET-ULO-8c673aa6e5-r4,4,MULTISTAGE_RH,LEXMMFSA,10,4,lex_phase_4,0.13634419441223145,0.0581669807434082,0.05712103843688965,2076.71484375
oos_experiment,TK-PB-Drahi_17-d1-HET-ULO-8c673aa6e5-r4,4,MULTISTAGE_RH,LEXMMFSA,10,5,lex_phase_5,0.20215702056884766,0.05655407905578613,0.05542588233947754,2076.71484375
oos_experiment,TK-PB-Drahi_17-d1-HET-ULO-8c673aa6e5-r4,4,MULTISTAGE_RH,LEXMMFSA,10,5,lex_phase_5,0.13634419441223145,0.08221101760864258,0.08111906051635742,2076.71484375
oos_experiment,TK-PB-Drahi_17-d1-HET-ULO-8c673aa6e5-r4,4,MULTISTAGE_RH,LEXMMFSA,10,6,economic_tie_break,0.20215702056884766,0.033560991287231445,0.032472848892211914,2076.71484375
oos_experiment,TK-PB-Drahi_17-d1-HET-ULO-8c673aa6e5-r4,4,MULTISTAGE_RH,LEXMMFSA,10,6,economic_tie_break,0.13634419441223145,0.0410919189453125,0.04004812240600586,2076.71484375
oos_experiment,TK-PB-Drahi_17-d1-HET-ULO-8c673aa6e5-r4,4,MULTISTAGE_RH,LEXMMFSA,11,1,lex_phase_1,0.20215702056884766,8.076412916183472,7.726956844329834,2076.71484375
oos_experiment,TK-PB-Drahi_17-d1-HET-ULO-8c673aa6e5-r4,4,MULTISTAGE_RH,LEXMMFSA,11,1,lex_phase_1,0.13634419441223145,8.8225679397583,8.5400869846344,2076.71484375
oos_experiment,TK-PB-Drahi_17-d1-HET-ULO-8c673aa6e5-r4,4,MULTISTAGE_RH,LEXMMFSA,11,2,lex_phase_2,0.20215702056884766,0.06335687637329102,0.06208395957946777,2076.71484375
oos_experiment,TK-PB-Drahi_17-d1-HET-ULO-8c673aa6e5-r4,4,MULTISTAGE_RH,LEXMMFSA,11,2,lex_phase_2,0.13634419441223145,0.0728611946105957,0.07176089286804199,2076.71484375
oos_experiment,TK-PB-Drahi_17-d1-HET-ULO-8c673aa6e5-r4,4,MULTISTAGE_RH,LEXMMFSA,11,3,lex_phase_3,0.20215702056884766,0.06139183044433594,0.06021690368652344,2076.71484375
oos_experiment,TK-PB-Drahi_17-d1-HET-ULO-8c673aa6e5-r4,4,MULTISTAGE_RH,LEXMMFSA,11,3,lex_phase_3,0.13634419441223145,0.09972095489501953,0.09862399101257324,2076.71484375
oos_experiment,TK-PB-Drahi_17-d1-HET-ULO-8c673aa6e5-r4,4,MULTISTAGE_RH,LEXMMFSA,11,4,lex_phase_4,0.20215702056884766,0.051602840423583984,0.05036187171936035,2076.71484375
oos_experiment,TK-PB-Drahi_17-d1-HET-ULO-8c673aa6e5-r4,4,MULTISTAGE_RH,LEXMMFSA,11,4,lex_phase_4,0.13634419441223145,0.0581669807434082,0.05712103843688965,2076.71484375
oos_experiment,TK-PB-Drahi_17-d1-HET-ULO-8c673aa6e5-r4,4,MULTISTAGE_RH,LEXMMFSA,11,5,lex_phase_5,0.20215702056884766,0.05655407905578613,0.05542588233947754,2076.71484375
oos_experiment,TK-PB-Drahi_17-d1-HET-ULO-8c673aa6e5-r4,4,MULTISTAGE_RH,LEXMMFSA,11,5,lex_phase_5,0.13634419441223145,0.08221101760864258,0.08111906051635742,2076.71484375
oos_experiment,TK-PB-Drahi_17-d1-HET-ULO-8c673aa6e5-r4,4,MULTISTAGE_RH,LEXMMFSA,11,6,economic_tie_break,0.20215702056884766,0.033560991287231445,0.032472848892211914,2076.71484375
oos_experiment,TK-PB-Drahi_17-d1-HET-ULO-8c673aa6e5-r4,4,MULTISTAGE_RH,LEXMMFSA,11,6,economic_tie_break,0.13634419441223145,0.0410919189453125,0.04004812240600586,2076.71484375
oos_experiment,TK-PB-Drahi_17-d1-HET-ULO-8c673aa6e5-r4,4,MULTISTAGE_RH,LEXMMFSA,12,1,lex_phase_1,0.20215702056884766,8.076412916183472,7.726956844329834,2076.71484375
oos_experiment,TK-PB-Drahi_17-d1-HET-ULO-8c673aa6e5-r4,4,MULTISTAGE_RH,LEXMMFSA,12,1,lex_phase_1,0.13634419441223145,8.8225679397583,8.5400869846344,2076.71484375
oos_experiment,TK-PB-Drahi_17-d1-HET-ULO-8c673aa6e5-r4,4,MULTISTAGE_RH,LEXMMFSA,12,2,lex_phase_2,0.20215702056884766,0.06335687637329102,0.06208395957946777,2076.71484375
oos_experiment,TK-PB-Drahi_17-d1-HET-ULO-8c673aa6e5-r4,4,MULTISTAGE_RH,LEXMMFSA,12,2,lex_phase_2,0.13634419441223145,0.0728611946105957,0.07176089286804199,2076.71484375
oos_experiment,TK-PB-Drahi_17-d1-HET-ULO-8c673aa6e5-r4,4,MULTISTAGE_RH,LEXMMFSA,12,3,lex_phase_3,0.20215702056884766,0.06139183044433594,0.06021690368652344,2076.71484375
oos_experiment,TK-PB-Drahi_17-d1-HET-ULO-8c673aa6e5-r4,4,MULTISTAGE_RH,LEXMMFSA,12,3,lex_phase_3,0.13634419441223145,0.09972095489501953,0.09862399101257324,2076.71484375
oos_experiment,TK-PB-Drahi_17-d1-HET-ULO-8c673aa6e5-r4,4,MULTISTAGE_RH,LEXMMFSA,12,4,lex_phase_4,0.20215702056884766,0.051602840423583984,0.05036187171936035,2076.71484375
oos_experiment,TK-PB-Drahi_17-d1-HET-ULO-8c673aa6e5-r4,4,MULTISTAGE_RH,LEXMMFSA,12,4,lex_phase_4,0.13634419441223145,0.0581669807434082,0.05712103843688965,2076.71484375
oos_experiment,TK-PB-Drahi_17-d1-HET-ULO-8c673aa6e5-r4,4,MULTISTAGE_RH,LEXMMFSA,12,5,lex_phase_5,0.20215702056884766,0.05655407905578613,0.05542588233947754,2076.71484375
oos_experiment,TK-PB-Drahi_17-d1-HET-ULO-8c673aa6e5-r4,4,MULTISTAGE_RH,LEXMMFSA,12,5,lex_phase_5,0.13634419441223145,0.08221101760864258,0.08111906051635742,2076.71484375
oos_experiment,TK-PB-Drahi_17-d1-HET-ULO-8c673aa6e5-r4,4,MULTISTAGE_RH,LEXMMFSA,12,6,economic_tie_break,0.20215702056884766,0.033560991287231445,0.032472848892211914,2076.71484375
oos_experiment,TK-PB-Drahi_17-d1-HET-ULO-8c673aa6e5-r4,4,MULTISTAGE_RH,LEXMMFSA,12,6,economic_tie_break,0.13634419441223145,0.0410919189453125,0.04004812240600586,2076.71484375
oos_experiment,TK-PB-Drahi_17-d1-HET-ULO-8c673aa6e5-r4,4,MULTISTAGE_RH,LEXMMFSA,13,1,lex_phase_1,0.12847685813903809,19.706077098846436,19.398902893066406,2076.71484375
oos_experiment,TK-PB-Drahi_17-d1-HET-ULO-8c673aa6e5-r4,4,MULTISTAGE_RH,LEXMMFSA,13,1,lex_phase_1,0.14734411239624023,12.165953874588013,11.875081062316895,2076.71484375
oos_experiment,TK-PB-Drahi_17-d1-HET-ULO-8c673aa6e5-r4,4,MULTISTAGE_RH,LEXMMFSA,13,2,lex_phase_2,0.12847685813903809,0.05315589904785156,0.05205512046813965,2076.71484375
oos_experiment,TK-PB-Drahi_17-d1-HET-ULO-8c673aa6e5-r4,4,MULTISTAGE_RH,LEXMMFSA,13,2,lex_phase_2,0.14734411239624023,0.07530403137207031,0.07433199882507324,2076.71484375
oos_experiment,TK-PB-Drahi_17-d1-HET-ULO-8c673aa6e5-r4,4,MULTISTAGE_RH,LEXMMFSA,13,3,lex_phase_3,0.12847685813903809,0.0655069351196289,0.06425881385803223,2076.71484375
oos_experiment,TK-PB-Drahi_17-d1-HET-ULO-8c673aa6e5-r4,4,MULTISTAGE_RH,LEXMMFSA,13,3,lex_phase_3,0.14734411239624023,0.07314014434814453,0.07198190689086914,2076.71484375
oos_experiment,TK-PB-Drahi_17-d1-HET-ULO-8c673aa6e5-r4,4,MULTISTAGE_RH,LEXMMFSA,13,4,lex_phase_4,0.12847685813903809,0.05216217041015625,0.05094003677368164,2076.71484375
oos_experiment,TK-PB-Drahi_17-d1-HET-ULO-8c673aa6e5-r4,4,MULTISTAGE_RH,LEXMMFSA,13,4,lex_phase_4,0.14734411239624023,0.05913996696472168,0.05813717842102051,2076.71484375
oos_experiment,TK-PB-Drahi_17-d1-HET-ULO-8c673aa6e5-r4,4,MULTISTAGE_RH,LEXMMFSA,13,5,lex_phase_5,0.12847685813903809,0.05585789680480957,0.05451321601867676,2076.71484375
oos_experiment,TK-PB-Drahi_17-d1-HET-ULO-8c673aa6e5-r4,4,MULTISTAGE_RH,LEXMMFSA,13,5,lex_phase_5,0.14734411239624023,0.07655096054077148,0.0754241943359375,2076.71484375
oos_experiment,TK-PB-Drahi_17-d1-HET-ULO-8c673aa6e5-r4,4,MULTISTAGE_RH,LEXMMFSA,13,6,economic_tie_break,0.12847685813903809,0.03607892990112305,0.034854888916015625,2076.71484375
oos_experiment,TK-PB-Drahi_17-d1-HET-ULO-8c673aa6e5-r4,4,MULTISTAGE_RH,LEXMMFSA,13,6,economic_tie_break,0.14734411239624023,0.043612003326416016,0.04245305061340332,2076.71484375
oos_experiment,TK-PB-Drahi_17-d1-HET-ULO-8c673aa6e5-r4,4,MULTISTAGE_RH,LEXMMFSA,14,1,lex_phase_1,0.12847685813903809,19.706077098846436,19.398902893066406,2076.71484375
oos_experiment,TK-PB-Drahi_17-d1-HET-ULO-8c673aa6e5-r4,4,MULTISTAGE_RH,LEXMMFSA,14,1,lex_phase_1,0.14734411239624023,12.165953874588013,11.875081062316895,2076.71484375
oos_experiment,TK-PB-Drahi_17-d1-HET-ULO-8c673aa6e5-r4,4,MULTISTAGE_RH,LEXMMFSA,14,2,lex_phase_2,0.12847685813903809,0.05315589904785156,0.05205512046813965,2076.71484375
oos_experiment,TK-PB-Drahi_17-d1-HET-ULO-8c673aa6e5-r4,4,MULTISTAGE_RH,LEXMMFSA,14,2,lex_phase_2,0.14734411239624023,0.07530403137207031,0.07433199882507324,2076.71484375
oos_experiment,TK-PB-Drahi_17-d1-HET-ULO-8c673aa6e5-r4,4,MULTISTAGE_RH,LEXMMFSA,14,3,lex_phase_3,0.12847685813903809,0.0655069351196289,0.06425881385803223,2076.71484375
oos_experiment,TK-PB-Drahi_17-d1-HET-ULO-8c673aa6e5-r4,4,MULTISTAGE_RH,LEXMMFSA,14,3,lex_phase_3,0.14734411239624023,0.07314014434814453,0.07198190689086914,2076.71484375
oos_experiment,TK-PB-Drahi_17-d1-HET-ULO-8c673aa6e5-r4,4,MULTISTAGE_RH,LEXMMFSA,14,4,lex_phase_4,0.12847685813903809,0.05216217041015625,0.05094003677368164,2076.71484375
oos_experiment,TK-PB-Drahi_17-d1-HET-ULO-8c673aa6e5-r4,4,MULTISTAGE_RH,LEXMMFSA,14,4,lex_phase_4,0.14734411239624023,0.05913996696472168,0.05813717842102051,2076.71484375
oos_experiment,TK-PB-Drahi_17-d1-HET-ULO-8c673aa6e5-r4,4,MULTISTAGE_RH,LEXMMFSA,14,5,lex_phase_5,0.12847685813903809,0.05585789680480957,0.05451321601867676,2076.71484375
oos_experiment,TK-PB-Drahi_17-d1-HET-ULO-8c673aa6e5-r4,4,MULTISTAGE_RH,LEXMMFSA,14,5,lex_phase_5,0.14734411239624023,0.07655096054077148,0.0754241943359375,2076.71484375
oos_experiment,TK-PB-Drahi_17-d1-HET-ULO-8c673aa6e5-r4,4,MULTISTAGE_RH,LEXMMFSA,14,6,economic_tie_break,0.12847685813903809,0.03607892990112305,0.034854888916015625,2076.71484375
oos_experiment,TK-PB-Drahi_17-d1-HET-ULO-8c673aa6e5-r4,4,MULTISTAGE_RH,LEXMMFSA,14,6,economic_tie_break,0.14734411239624023,0.043612003326416016,0.04245305061340332,2076.71484375
oos_experiment,TK-PB-Drahi_17-d1-HET-ULO-8c673aa6e5-r4,4,MULTISTAGE_RH,LEXMMFSA,15,1,lex_phase_1,0.12847685813903809,19.706077098846436,19.398902893066406,2076.71484375
oos_experiment,TK-PB-Drahi_17-d1-HET-ULO-8c673aa6e5-r4,4,MULTISTAGE_RH,LEXMMFSA,15,1,lex_phase_1,0.14734411239624023,12.165953874588013,11.875081062316895,2076.71484375
oos_experiment,TK-PB-Drahi_17-d1-HET-ULO-8c673aa6e5-r4,4,MULTISTAGE_RH,LEXMMFSA,15,2,lex_phase_2,0.12847685813903809,0.05315589904785156,0.05205512046813965,2076.71484375
oos_experiment,TK-PB-Drahi_17-d1-HET-ULO-8c673aa6e5-r4,4,MULTISTAGE_RH,LEXMMFSA,15,2,lex_phase_2,0.14734411239624023,0.07530403137207031,0.07433199882507324,2076.71484375
oos_experiment,TK-PB-Drahi_17-d1-HET-ULO-8c673aa6e5-r4,4,MULTISTAGE_RH,LEXMMFSA,15,3,lex_phase_3,0.12847685813903809,0.0655069351196289,0.06425881385803223,2076.71484375
oos_experiment,TK-PB-Drahi_17-d1-HET-ULO-8c673aa6e5-r4,4,MULTISTAGE_RH,LEXMMFSA,15,3,lex_phase_3,0.14734411239624023,0.07314014434814453,0.07198190689086914,2076.71484375
oos_experiment,TK-PB-Drahi_17-d1-HET-ULO-8c673aa6e5-r4,4,MULTISTAGE_RH,LEXMMFSA,15,4,lex_phase_4,0.12847685813903809,0.05216217041015625,0.05094003677368164,2076.71484375
oos_experiment,TK-PB-Drahi_17-d1-HET-ULO-8c673aa6e5-r4,4,MULTISTAGE_RH,LEXMMFSA,15,4,lex_phase_4,0.14734411239624023,0.05913996696472168,0.05813717842102051,2076.71484375
oos_experiment,TK-PB-Drahi_17-d1-HET-ULO-8c673aa6e5-r4,4,MULTISTAGE_RH,LEXMMFSA,15,5,lex_phase_5,0.12847685813903809,0.05585789680480957,0.05451321601867676,2076.71484375
oos_experiment,TK-PB-Drahi_17-d1-HET-ULO-8c673aa6e5-r4,4,MULTISTAGE_RH,LEXMMFSA,15,5,lex_phase_5,0.14734411239624023,0.07655096054077148,0.0754241943359375,2076.71484375
oos_experiment,TK-PB-Drahi_17-d1-HET-ULO-8c673aa6e5-r4,4,MULTISTAGE_RH,LEXMMFSA,15,6,economic_tie_break,0.12847685813903809,0.03607892990112305,0.034854888916015625,2076.71484375
oos_experiment,TK-PB-Drahi_17-d1-HET-ULO-8c673aa6e5-r4,4,MULTISTAGE_RH,LEXMMFSA,15,6,economic_tie_break,0.14734411239624023,0.043612003326416016,0.04245305061340332,2076.71484375
oos_experiment,TK-PB-Drahi_17-d1-HET-ULO-8c673aa6e5-r4,4,MULTISTAGE_RH,LEXMMFSA,16,1,lex_phase_1,0.12847685813903809,19.706077098846436,19.398902893066406,2076.71484375
oos_experiment,TK-PB-Drahi_17-d1-HET-ULO-8c673aa6e5-r4,4,MULTISTAGE_RH,LEXMMFSA,16,1,lex_phase_1,0.14734411239624023,12.165953874588013,11.875081062316895,2076.71484375
oos_experiment,TK-PB-Drahi_17-d1-HET-ULO-8c673aa6e5-r4,4,MULTISTAGE_RH,LEXMMFSA,16,2,lex_phase_2,0.12847685813903809,0.05315589904785156,0.05205512046813965,2076.71484375
oos_experiment,TK-PB-Drahi_17-d1-HET-ULO-8c673aa6e5-r4,4,MULTISTAGE_RH,LEXMMFSA,16,2,lex_phase_2,0.14734411239624023,0.07530403137207031,0.07433199882507324,2076.71484375
oos_experiment,TK-PB-Drahi_17-d1-HET-ULO-8c673aa6e5-r4,4,MULTISTAGE_RH,LEXMMFSA,16,3,lex_phase_3,0.12847685813903809,0.0655069351196289,0.06425881385803223,2076.71484375
oos_experiment,TK-PB-Drahi_17-d1-HET-ULO-8c673aa6e5-r4,4,MULTISTAGE_RH,LEXMMFSA,16,3,lex_phase_3,0.14734411239624023,0.07314014434814453,0.07198190689086914,2076.71484375
oos_experiment,TK-PB-Drahi_17-d1-HET-ULO-8c673aa6e5-r4,4,MULTISTAGE_RH,LEXMMFSA,16,4,lex_phase_4,0.12847685813903809,0.05216217041015625,0.05094003677368164,2076.71484375
oos_experiment,TK-PB-Drahi_17-d1-HET-ULO-8c673aa6e5-r4,4,MULTISTAGE_RH,LEXMMFSA,16,4,lex_phase_4,0.14734411239624023,0.05913996696472168,0.05813717842102051,2076.71484375
oos_experiment,TK-PB-Drahi_17-d1-HET-ULO-8c673aa6e5-r4,4,MULTISTAGE_RH,LEXMMFSA,16,5,lex_phase_5,0.12847685813903809,0.05585789680480957,0.05451321601867676,2076.71484375
oos_experiment,TK-PB-Drahi_17-d1-HET-ULO-8c673aa6e5-r4,4,MULTISTAGE_RH,LEXMMFSA,16,5,lex_phase_5,0.14734411239624023,0.07655096054077148,0.0754241943359375,2076.71484375
oos_experiment,TK-PB-Drahi_17-d1-HET-ULO-8c673aa6e5-r4,4,MULTISTAGE_RH,LEXMMFSA,16,6,economic_tie_break,0.12847685813903809,0.03607892990112305,0.034854888916015625,2076.71484375
oos_experiment,TK-PB-Drahi_17-d1-HET-ULO-8c673aa6e5-r4,4,MULTISTAGE_RH,LEXMMFSA,16,6,economic_tie_break,0.14734411239624023,0.043612003326416016,0.04245305061340332,2076.71484375
oos_experiment,TK-PB-Drahi_17-d1-HET-ULO-8c673aa6e5-r4,4,MULTISTAGE_RH,LEXMMFSA,17,1,lex_phase_1,0.18080592155456543,5.160025119781494,4.874891996383667,2076.71484375
oos_experiment,TK-PB-Drahi_17-d1-HET-ULO-8c673aa6e5-r4,4,MULTISTAGE_RH,LEXMMFSA,17,1,lex_phase_1,0.15051794052124023,11.474040985107422,11.212815999984741,2076.71484375
oos_experiment,TK-PB-Drahi_17-d1-HET-ULO-8c673aa6e5-r4,4,MULTISTAGE_RH,LEXMMFSA,17,2,lex_phase_2,0.18080592155456543,0.06381106376647949,0.0626068115234375,2076.71484375
oos_experiment,TK-PB-Drahi_17-d1-HET-ULO-8c673aa6e5-r4,4,MULTISTAGE_RH,LEXMMFSA,17,2,lex_phase_2,0.15051794052124023,0.06310486793518066,0.062033891677856445,2076.71484375
oos_experiment,TK-PB-Drahi_17-d1-HET-ULO-8c673aa6e5-r4,4,MULTISTAGE_RH,LEXMMFSA,17,3,lex_phase_3,0.18080592155456543,0.06593799591064453,0.06490802764892578,2076.71484375
oos_experiment,TK-PB-Drahi_17-d1-HET-ULO-8c673aa6e5-r4,4,MULTISTAGE_RH,LEXMMFSA,17,3,lex_phase_3,0.15051794052124023,0.05807900428771973,0.05705618858337402,2076.71484375
oos_experiment,TK-PB-Drahi_17-d1-HET-ULO-8c673aa6e5-r4,4,MULTISTAGE_RH,LEXMMFSA,17,4,lex_phase_4,0.18080592155456543,0.046981096267700195,0.04591202735900879,2076.71484375
oos_experiment,TK-PB-Drahi_17-d1-HET-ULO-8c673aa6e5-r4,4,MULTISTAGE_RH,LEXMMFSA,17,4,lex_phase_4,0.15051794052124023,0.057096004486083984,0.05596184730529785,2076.71484375
oos_experiment,TK-PB-Drahi_17-d1-HET-ULO-8c673aa6e5-r4,4,MULTISTAGE_RH,LEXMMFSA,17,5,lex_phase_5,0.18080592155456543,0.061326026916503906,0.06003713607788086,2076.71484375
oos_experiment,TK-PB-Drahi_17-d1-HET-ULO-8c673aa6e5-r4,4,MULTISTAGE_RH,LEXMMFSA,17,5,lex_phase_5,0.15051794052124023,0.05221104621887207,0.05105900764465332,2076.71484375
oos_experiment,TK-PB-Drahi_17-d1-HET-ULO-8c673aa6e5-r4,4,MULTISTAGE_RH,LEXMMFSA,17,6,economic_tie_break,0.18080592155456543,0.03940296173095703,0.0381159782409668,2076.71484375
oos_experiment,TK-PB-Drahi_17-d1-HET-ULO-8c673aa6e5-r4,4,MULTISTAGE_RH,LEXMMFSA,17,6,economic_tie_break,0.15051794052124023,0.04268193244934082,0.04159903526306152,2076.71484375
oos_experiment,TK-PB-Drahi_17-d1-HET-ULO-8c673aa6e5-r4,4,MULTISTAGE_RH,LEXMMFSA,18,1,lex_phase_1,0.18080592155456543,5.160025119781494,4.874891996383667,2076.71484375
oos_experiment,TK-PB-Drahi_17-d1-HET-ULO-8c673aa6e5-r4,4,MULTISTAGE_RH,LEXMMFSA,18,1,lex_phase_1,0.15051794052124023,11.474040985107422,11.212815999984741,2076.71484375
oos_experiment,TK-PB-Drahi_17-d1-HET-ULO-8c673aa6e5-r4,4,MULTISTAGE_RH,LEXMMFSA,18,2,lex_phase_2,0.18080592155456543,0.06381106376647949,0.0626068115234375,2076.71484375
oos_experiment,TK-PB-Drahi_17-d1-HET-ULO-8c673aa6e5-r4,4,MULTISTAGE_RH,LEXMMFSA,18,2,lex_phase_2,0.15051794052124023,0.06310486793518066,0.062033891677856445,2076.71484375
oos_experiment,TK-PB-Drahi_17-d1-HET-ULO-8c673aa6e5-r4,4,MULTISTAGE_RH,LEXMMFSA,18,3,lex_phase_3,0.18080592155456543,0.06593799591064453,0.06490802764892578,2076.71484375
oos_experiment,TK-PB-Drahi_17-d1-HET-ULO-8c673aa6e5-r4,4,MULTISTAGE_RH,LEXMMFSA,18,3,lex_phase_3,0.15051794052124023,0.05807900428771973,0.05705618858337402,2076.71484375
oos_experiment,TK-PB-Drahi_17-d1-HET-ULO-8c673aa6e5-r4,4,MULTISTAGE_RH,LEXMMFSA,18,4,lex_phase_4,0.18080592155456543,0.046981096267700195,0.04591202735900879,2076.71484375
oos_experiment,TK-PB-Drahi_17-d1-HET-ULO-8c673aa6e5-r4,4,MULTISTAGE_RH,LEXMMFSA,18,4,lex_phase_4,0.15051794052124023,0.057096004486083984,0.05596184730529785,2076.71484375
oos_experiment,TK-PB-Drahi_17-d1-HET-ULO-8c673aa6e5-r4,4,MULTISTAGE_RH,LEXMMFSA,18,5,lex_phase_5,0.18080592155456543,0.061326026916503906,0.06003713607788086,2076.71484375
oos_experiment,TK-PB-Drahi_17-d1-HET-ULO-8c673aa6e5-r4,4,MULTISTAGE_RH,LEXMMFSA,18,5,lex_phase_5,0.15051794052124023,0.05221104621887207,0.05105900764465332,2076.71484375
oos_experiment,TK-PB-Drahi_17-d1-HET-ULO-8c673aa6e5-r4,4,MULTISTAGE_RH,LEXMMFSA,18,6,economic_tie_break,0.18080592155456543,0.03940296173095703,0.0381159782409668,2076.71484375
oos_experiment,TK-PB-Drahi_17-d1-HET-ULO-8c673aa6e5-r4,4,MULTISTAGE_RH,LEXMMFSA,18,6,economic_tie_break,0.15051794052124023,0.04268193244934082,0.04159903526306152,2076.71484375
oos_experiment,TK-PB-Drahi_17-d1-HET-ULO-8c673aa6e5-r4,4,MULTISTAGE_RH,LEXMMFSA,19,1,lex_phase_1,0.18080592155456543,5.160025119781494,4.874891996383667,2076.71484375
oos_experiment,TK-PB-Drahi_17-d1-HET-ULO-8c673aa6e5-r4,4,MULTISTAGE_RH,LEXMMFSA,19,1,lex_phase_1,0.15051794052124023,11.474040985107422,11.212815999984741,2076.71484375
oos_experiment,TK-PB-Drahi_17-d1-HET-ULO-8c673aa6e5-r4,4,MULTISTAGE_RH,LEXMMFSA,19,2,lex_phase_2,0.18080592155456543,0.06381106376647949,0.0626068115234375,2076.71484375
oos_experiment,TK-PB-Drahi_17-d1-HET-ULO-8c673aa6e5-r4,4,MULTISTAGE_RH,LEXMMFSA,19,2,lex_phase_2,0.15051794052124023,0.06310486793518066,0.062033891677856445,2076.71484375
oos_experiment,TK-PB-Drahi_17-d1-HET-ULO-8c673aa6e5-r4,4,MULTISTAGE_RH,LEXMMFSA,19,3,lex_phase_3,0.18080592155456543,0.06593799591064453,0.06490802764892578,2076.71484375
oos_experiment,TK-PB-Drahi_17-d1-HET-ULO-8c673aa6e5-r4,4,MULTISTAGE_RH,LEXMMFSA,19,3,lex_phase_3,0.15051794052124023,0.05807900428771973,0.05705618858337402,2076.71484375
oos_experiment,TK-PB-Drahi_17-d1-HET-ULO-8c673aa6e5-r4,4,MULTISTAGE_RH,LEXMMFSA,19,4,lex_phase_4,0.18080592155456543,0.046981096267700195,0.04591202735900879,2076.71484375
oos_experiment,TK-PB-Drahi_17-d1-HET-ULO-8c673aa6e5-r4,4,MULTISTAGE_RH,LEXMMFSA,19,4,lex_phase_4,0.15051794052124023,0.057096004486083984,0.05596184730529785,2076.71484375
oos_experiment,TK-PB-Drahi_17-d1-HET-ULO-8c673aa6e5-r4,4,MULTISTAGE_RH,LEXMMFSA,19,5,lex_phase_5,0.18080592155456543,0.061326026916503906,0.06003713607788086,2076.71484375
oos_experiment,TK-PB-Drahi_17-d1-HET-ULO-8c673aa6e5-r4,4,MULTISTAGE_RH,LEXMMFSA,19,5,lex_phase_5,0.15051794052124023,0.05221104621887207,0.05105900764465332,2076.71484375
oos_experiment,TK-PB-Drahi_17-d1-HET-ULO-8c673aa6e5-r4,4,MULTISTAGE_RH,LEXMMFSA,19,6,economic_tie_break,0.18080592155456543,0.03940296173095703,0.0381159782409668,2076.71484375
oos_experiment,TK-PB-Drahi_17-d1-HET-ULO-8c673aa6e5-r4,4,MULTISTAGE_RH,LEXMMFSA,19,6,economic_tie_break,0.15051794052124023,0.04268193244934082,0.04159903526306152,2076.71484375
oos_experiment,TK-PB-Drahi_17-d1-HET-ULO-8c673aa6e5-r4,4,MULTISTAGE_RH,LEXMMFSA,20,1,lex_phase_1,0.18080592155456543,5.160025119781494,4.874891996383667,2076.71484375
oos_experiment,TK-PB-Drahi_17-d1-HET-ULO-8c673aa6e5-r4,4,MULTISTAGE_RH,LEXMMFSA,20,1,lex_phase_1,0.15051794052124023,11.474040985107422,11.212815999984741,2076.71484375
oos_experiment,TK-PB-Drahi_17-d1-HET-ULO-8c673aa6e5-r4,4,MULTISTAGE_RH,LEXMMFSA,20,2,lex_phase_2,0.18080592155456543,0.06381106376647949,0.0626068115234375,2076.71484375
oos_experiment,TK-PB-Drahi_17-d1-HET-ULO-8c673aa6e5-r4,4,MULTISTAGE_RH,LEXMMFSA,20,2,lex_phase_2,0.15051794052124023,0.06310486793518066,0.062033891677856445,2076.71484375
oos_experiment,TK-PB-Drahi_17-d1-HET-ULO-8c673aa6e5-r4,4,MULTISTAGE_RH,LEXMMFSA,20,3,lex_phase_3,0.18080592155456543,0.06593799591064453,0.06490802764892578,2076.71484375
oos_experiment,TK-PB-Drahi_17-d1-HET-ULO-8c673aa6e5-r4,4,MULTISTAGE_RH,LEXMMFSA,20,3,lex_phase_3,0.15051794052124023,0.05807900428771973,0.05705618858337402,2076.71484375
oos_experiment,TK-PB-Drahi_17-d1-HET-ULO-8c673aa6e5-r4,4,MULTISTAGE_RH,LEXMMFSA,20,4,lex_phase_4,0.18080592155456543,0.046981096267700195,0.04591202735900879,2076.71484375
oos_experiment,TK-PB-Drahi_17-d1-HET-ULO-8c673aa6e5-r4,4,MULTISTAGE_RH,LEXMMFSA,20,4,lex_phase_4,0.15051794052124023,0.057096004486083984,0.05596184730529785,2076.71484375
oos_experiment,TK-PB-Drahi_17-d1-HET-ULO-8c673aa6e5-r4,4,MULTISTAGE_RH,LEXMMFSA,20,5,lex_phase_5,0.18080592155456543,0.061326026916503906,0.06003713607788086,2076.71484375
oos_experiment,TK-PB-Drahi_17-d1-HET-ULO-8c673aa6e5-r4,4,MULTISTAGE_RH,LEXMMFSA,20,5,lex_phase_5,0.15051794052124023,0.05221104621887207,0.05105900764465332,2076.71484375
oos_experiment,TK-PB-Drahi_17-d1-HET-ULO-8c673aa6e5-r4,4,MULTISTAGE_RH,LEXMMFSA,20,6,economic_tie_break,0.18080592155456543,0.03940296173095703,0.0381159782409668,2076.71484375
oos_experiment,TK-PB-Drahi_17-d1-HET-ULO-8c673aa6e5-r4,4,MULTISTAGE_RH,LEXMMFSA,20,6,economic_tie_break,0.15051794052124023,0.04268193244934082,0.04159903526306152,2076.71484375
oos_experiment,TK-PB-Drahi_17-d1-HET-ULO-8c673aa6e5-r4,4,MULTISTAGE_RH,LEXMMFSA,21,1,lex_phase_1,0.13657593727111816,13.36674189567566,13.049181938171387,2076.71484375
oos_experiment,TK-PB-Drahi_17-d1-HET-ULO-8c673aa6e5-r4,4,MULTISTAGE_RH,LEXMMFSA,21,1,lex_phase_1,0.1342170238494873,9.9096839427948,9.605123043060303,2076.71484375
oos_experiment,TK-PB-Drahi_17-d1-HET-ULO-8c673aa6e5-r4,4,MULTISTAGE_RH,LEXMMFSA,21,2,lex_phase_2,0.13657593727111816,0.05706000328063965,0.05598902702331543,2076.71484375
oos_experiment,TK-PB-Drahi_17-d1-HET-ULO-8c673aa6e5-r4,4,MULTISTAGE_RH,LEXMMFSA,21,2,lex_phase_2,0.1342170238494873,0.05990409851074219,0.05904793739318848,2076.71484375
oos_experiment,TK-PB-Drahi_17-d1-HET-ULO-8c673aa6e5-r4,4,MULTISTAGE_RH,LEXMMFSA,21,3,lex_phase_3,0.13657593727111816,0.06808590888977051,0.06704187393188477,2076.71484375
oos_experiment,TK-PB-Drahi_17-d1-HET-ULO-8c673aa6e5-r4,4,MULTISTAGE_RH,LEXMMFSA,21,3,lex_phase_3,0.1342170238494873,0.07243990898132324,0.07144308090209961,2076.71484375
oos_experiment,TK-PB-Drahi_17-d1-HET-ULO-8c673aa6e5-r4,4,MULTISTAGE_RH,LEXMMFSA,21,4,lex_phase_4,0.13657593727111816,0.0625450611114502,0.06136798858642578,2076.71484375
oos_experiment,TK-PB-Drahi_17-d1-HET-ULO-8c673aa6e5-r4,4,MULTISTAGE_RH,LEXMMFSA,21,4,lex_phase_4,0.1342170238494873,0.05426192283630371,0.05323600769042969,2076.71484375
oos_experiment,TK-PB-Drahi_17-d1-HET-ULO-8c673aa6e5-r4,4,MULTISTAGE_RH,LEXMMFSA,21,5,lex_phase_5,0.13657593727111816,0.05511808395385742,0.05408811569213867,2076.71484375
oos_experiment,TK-PB-Drahi_17-d1-HET-ULO-8c673aa6e5-r4,4,MULTISTAGE_RH,LEXMMFSA,21,5,lex_phase_5,0.1342170238494873,0.05511808395385742,0.054017066955566406,2076.71484375
oos_experiment,TK-PB-Drahi_17-d1-HET-ULO-8c673aa6e5-r4,4,MULTISTAGE_RH,LEXMMFSA,21,6,economic_tie_break,0.13657593727111816,0.03473210334777832,0.03365588188171387,2076.71484375
oos_experiment,TK-PB-Drahi_17-d1-HET-ULO-8c673aa6e5-r4,4,MULTISTAGE_RH,LEXMMFSA,21,6,economic_tie_break,0.1342170238494873,0.03837394714355469,0.037390947341918945,2076.71484375
oos_experiment,TK-PB-Drahi_17-d1-HET-ULO-8c673aa6e5-r4,4,MULTISTAGE_RH,LEXMMFSA,22,1,lex_phase_1,0.13657593727111816,13.36674189567566,13.049181938171387,2076.71484375
oos_experiment,TK-PB-Drahi_17-d1-HET-ULO-8c673aa6e5-r4,4,MULTISTAGE_RH,LEXMMFSA,22,1,lex_phase_1,0.1342170238494873,9.9096839427948,9.605123043060303,2076.71484375
oos_experiment,TK-PB-Drahi_17-d1-HET-ULO-8c673aa6e5-r4,4,MULTISTAGE_RH,LEXMMFSA,22,2,lex_phase_2,0.13657593727111816,0.05706000328063965,0.05598902702331543,2076.71484375
oos_experiment,TK-PB-Drahi_17-d1-HET-ULO-8c673aa6e5-r4,4,MULTISTAGE_RH,LEXMMFSA,22,2,lex_phase_2,0.1342170238494873,0.05990409851074219,0.05904793739318848,2076.71484375
oos_experiment,TK-PB-Drahi_17-d1-HET-ULO-8c673aa6e5-r4,4,MULTISTAGE_RH,LEXMMFSA,22,3,lex_phase_3,0.13657593727111816,0.06808590888977051,0.06704187393188477,2076.71484375
oos_experiment,TK-PB-Drahi_17-d1-HET-ULO-8c673aa6e5-r4,4,MULTISTAGE_RH,LEXMMFSA,22,3,lex_phase_3,0.1342170238494873,0.07243990898132324,0.07144308090209961,2076.71484375
oos_experiment,TK-PB-Drahi_17-d1-HET-ULO-8c673aa6e5-r4,4,MULTISTAGE_RH,LEXMMFSA,22,4,lex_phase_4,0.13657593727111816,0.0625450611114502,0.06136798858642578,2076.71484375
oos_experiment,TK-PB-Drahi_17-d1-HET-ULO-8c673aa6e5-r4,4,MULTISTAGE_RH,LEXMMFSA,22,4,lex_phase_4,0.1342170238494873,0.05426192283630371,0.05323600769042969,2076.71484375
oos_experiment,TK-PB-Drahi_17-d1-HET-ULO-8c673aa6e5-r4,4,MULTISTAGE_RH,LEXMMFSA,22,5,lex_phase_5,0.13657593727111816,0.05511808395385742,0.05408811569213867,2076.71484375
oos_experiment,TK-PB-Drahi_17-d1-HET-ULO-8c673aa6e5-r4,4,MULTISTAGE_RH,LEXMMFSA,22,5,lex_phase_5,0.1342170238494873,0.05511808395385742,0.054017066955566406,2076.71484375
oos_experiment,TK-PB-Drahi_17-d1-HET-ULO-8c673aa6e5-r4,4,MULTISTAGE_RH,LEXMMFSA,22,6,economic_tie_break,0.13657593727111816,0.03473210334777832,0.03365588188171387,2076.71484375
oos_experiment,TK-PB-Drahi_17-d1-HET-ULO-8c673aa6e5-r4,4,MULTISTAGE_RH,LEXMMFSA,22,6,economic_tie_break,0.1342170238494873,0.03837394714355469,0.037390947341918945,2076.71484375
oos_experiment,TK-PB-Drahi_17-d1-HET-ULO-8c673aa6e5-r4,4,MULTISTAGE_RH,LEXMMFSA,23,1,lex_phase_1,0.13657593727111816,13.36674189567566,13.049181938171387,2076.71484375
oos_experiment,TK-PB-Drahi_17-d1-HET-ULO-8c673aa6e5-r4,4,MULTISTAGE_RH,LEXMMFSA,23,1,lex_phase_1,0.1342170238494873,9.9096839427948,9.605123043060303,2076.71484375
oos_experiment,TK-PB-Drahi_17-d1-HET-ULO-8c673aa6e5-r4,4,MULTISTAGE_RH,LEXMMFSA,23,2,lex_phase_2,0.13657593727111816,0.05706000328063965,0.05598902702331543,2076.71484375
oos_experiment,TK-PB-Drahi_17-d1-HET-ULO-8c673aa6e5-r4,4,MULTISTAGE_RH,LEXMMFSA,23,2,lex_phase_2,0.1342170238494873,0.05990409851074219,0.05904793739318848,2076.71484375
oos_experiment,TK-PB-Drahi_17-d1-HET-ULO-8c673aa6e5-r4,4,MULTISTAGE_RH,LEXMMFSA,23,3,lex_phase_3,0.13657593727111816,0.06808590888977051,0.06704187393188477,2076.71484375
oos_experiment,TK-PB-Drahi_17-d1-HET-ULO-8c673aa6e5-r4,4,MULTISTAGE_RH,LEXMMFSA,23,3,lex_phase_3,0.1342170238494873,0.07243990898132324,0.07144308090209961,2076.71484375
oos_experiment,TK-PB-Drahi_17-d1-HET-ULO-8c673aa6e5-r4,4,MULTISTAGE_RH,LEXMMFSA,23,4,lex_phase_4,0.13657593727111816,0.0625450611114502,0.06136798858642578,2076.71484375
oos_experiment,TK-PB-Drahi_17-d1-HET-ULO-8c673aa6e5-r4,4,MULTISTAGE_RH,LEXMMFSA,23,4,lex_phase_4,0.1342170238494873,0.05426192283630371,0.05323600769042969,2076.71484375
oos_experiment,TK-PB-Drahi_17-d1-HET-ULO-8c673aa6e5-r4,4,MULTISTAGE_RH,LEXMMFSA,23,5,lex_phase_5,0.13657593727111816,0.05511808395385742,0.05408811569213867,2076.71484375
oos_experiment,TK-PB-Drahi_17-d1-HET-ULO-8c673aa6e5-r4,4,MULTISTAGE_RH,LEXMMFSA,23,5,lex_phase_5,0.1342170238494873,0.05511808395385742,0.054017066955566406,2076.71484375
oos_experiment,TK-PB-Drahi_17-d1-HET-ULO-8c673aa6e5-r4,4,MULTISTAGE_RH,LEXMMFSA,23,6,economic_tie_break,0.13657593727111816,0.03473210334777832,0.03365588188171387,2076.71484375
oos_experiment,TK-PB-Drahi_17-d1-HET-ULO-8c673aa6e5-r4,4,MULTISTAGE_RH,LEXMMFSA,23,6,economic_tie_break,0.1342170238494873,0.03837394714355469,0.037390947341918945,2076.71484375
oos_experiment,TK-PB-Drahi_17-d1-HET-ULO-8c673aa6e5-r4,4,MULTISTAGE_RH,LEXMMFSA,24,1,lex_phase_1,0.13657593727111816,13.36674189567566,13.049181938171387,2076.71484375
oos_experiment,TK-PB-Drahi_17-d1-HET-ULO-8c673aa6e5-r4,4,MULTISTAGE_RH,LEXMMFSA,24,1,lex_phase_1,0.1342170238494873,9.9096839427948,9.605123043060303,2076.71484375
oos_experiment,TK-PB-Drahi_17-d1-HET-ULO-8c673aa6e5-r4,4,MULTISTAGE_RH,LEXMMFSA,24,2,lex_phase_2,0.13657593727111816,0.05706000328063965,0.05598902702331543,2076.71484375
oos_experiment,TK-PB-Drahi_17-d1-HET-ULO-8c673aa6e5-r4,4,MULTISTAGE_RH,LEXMMFSA,24,2,lex_phase_2,0.1342170238494873,0.05990409851074219,0.05904793739318848,2076.71484375
oos_experiment,TK-PB-Drahi_17-d1-HET-ULO-8c673aa6e5-r4,4,MULTISTAGE_RH,LEXMMFSA,24,3,lex_phase_3,0.13657593727111816,0.06808590888977051,0.06704187393188477,2076.71484375
oos_experiment,TK-PB-Drahi_17-d1-HET-ULO-8c673aa6e5-r4,4,MULTISTAGE_RH,LEXMMFSA,24,3,lex_phase_3,0.1342170238494873,0.07243990898132324,0.07144308090209961,2076.71484375
oos_experiment,TK-PB-Drahi_17-d1-HET-ULO-8c673aa6e5-r4,4,MULTISTAGE_RH,LEXMMFSA,24,4,lex_phase_4,0.13657593727111816,0.0625450611114502,0.06136798858642578,2076.71484375
oos_experiment,TK-PB-Drahi_17-d1-HET-ULO-8c673aa6e5-r4,4,MULTISTAGE_RH,LEXMMFSA,24,4,lex_phase_4,0.1342170238494873,0.05426192283630371,0.05323600769042969,2076.71484375
oos_experiment,TK-PB-Drahi_17-d1-HET-ULO-8c673aa6e5-r4,4,MULTISTAGE_RH,LEXMMFSA,24,5,lex_phase_5,0.13657593727111816,0.05511808395385742,0.05408811569213867,2076.71484375
oos_experiment,TK-PB-Drahi_17-d1-HET-ULO-8c673aa6e5-r4,4,MULTISTAGE_RH,LEXMMFSA,24,5,lex_phase_5,0.1342170238494873,0.05511808395385742,0.054017066955566406,2076.71484375
oos_experiment,TK-PB-Drahi_17-d1-HET-ULO-8c673aa6e5-r4,4,MULTISTAGE_RH,LEXMMFSA,24,6,economic_tie_break,0.13657593727111816,0.03473210334777832,0.03365588188171387,2076.71484375
oos_experiment,TK-PB-Drahi_17-d1-HET-ULO-8c673aa6e5-r4,4,MULTISTAGE_RH,LEXMMFSA,24,6,economic_tie_break,0.1342170238494873,0.03837394714355469,0.037390947341918945,2076.71484375
oos_experiment,TK-PB-Drahi_17-d1-HET-ULO-8c673aa6e5-r4,4,MULTISTAGE_RH,NONE,1,0,single_solve,0.08123087882995605,0.479888916015625,0.3182849884033203,2076.71484375
oos_experiment,TK-PB-Drahi_17-d1-HET-ULO-8c673aa6e5-r4,4,MULTISTAGE_RH,NONE,1,0,single_solve,0.12970495223999023,1.1526150703430176,0.49631595611572266,2076.71484375
oos_experiment,TK-PB-Drahi_17-d1-HET-ULO-8c673aa6e5-r4,4,MULTISTAGE_RH,NONE,2,0,single_solve,0.08123087882995605,0.479888916015625,0.3182849884033203,2076.71484375
oos_experiment,TK-PB-Drahi_17-d1-HET-ULO-8c673aa6e5-r4,4,MULTISTAGE_RH,NONE,2,0,single_solve,0.12970495223999023,1.1526150703430176,0.49631595611572266,2076.71484375
oos_experiment,TK-PB-Drahi_17-d1-HET-ULO-8c673aa6e5-r4,4,MULTISTAGE_RH,NONE,3,0,single_solve,0.08123087882995605,0.479888916015625,0.3182849884033203,2076.71484375
oos_experiment,TK-PB-Drahi_17-d1-HET-ULO-8c673aa6e5-r4,4,MULTISTAGE_RH,NONE,3,0,single_solve,0.12970495223999023,1.1526150703430176,0.49631595611572266,2076.71484375
oos_experiment,TK-PB-Drahi_17-d1-HET-ULO-8c673aa6e5-r4,4,MULTISTAGE_RH,NONE,4,0,single_solve,0.08123087882995605,0.479888916015625,0.3182849884033203,2076.71484375
oos_experiment,TK-PB-Drahi_17-d1-HET-ULO-8c673aa6e5-r4,4,MULTISTAGE_RH,NONE,4,0,single_solve,0.12970495223999023,1.1526150703430176,0.49631595611572266,2076.71484375
oos_experiment,TK-PB-Drahi_17-d1-HET-ULO-8c673aa6e5-r4,4,MULTISTAGE_RH,NONE,5,0,single_solve,0.09320306777954102,0.7381761074066162,0.3229091167449951,2076.71484375
oos_experiment,TK-PB-Drahi_17-d1-HET-ULO-8c673aa6e5-r4,4,MULTISTAGE_RH,NONE,5,0,single_solve,0.1346888542175293,0.8032071590423584,0.5494120121002197,2076.71484375
oos_experiment,TK-PB-Drahi_17-d1-HET-ULO-8c673aa6e5-r4,4,MULTISTAGE_RH,NONE,6,0,single_solve,0.09320306777954102,0.7381761074066162,0.3229091167449951,2076.71484375
oos_experiment,TK-PB-Drahi_17-d1-HET-ULO-8c673aa6e5-r4,4,MULTISTAGE_RH,NONE,6,0,single_solve,0.1346888542175293,0.8032071590423584,0.5494120121002197,2076.71484375
oos_experiment,TK-PB-Drahi_17-d1-HET-ULO-8c673aa6e5-r4,4,MULTISTAGE_RH,NONE,7,0,single_solve,0.09320306777954102,0.7381761074066162,0.3229091167449951,2076.71484375
oos_experiment,TK-PB-Drahi_17-d1-HET-ULO-8c673aa6e5-r4,4,MULTISTAGE_RH,NONE,7,0,single_solve,0.1346888542175293,0.8032071590423584,0.5494120121002197,2076.71484375
oos_experiment,TK-PB-Drahi_17-d1-HET-ULO-8c673aa6e5-r4,4,MULTISTAGE_RH,NONE,8,0,single_solve,0.09320306777954102,0.7381761074066162,0.3229091167449951,2076.71484375
oos_experiment,TK-PB-Drahi_17-d1-HET-ULO-8c673aa6e5-r4,4,MULTISTAGE_RH,NONE,8,0,single_solve,0.1346888542175293,0.8032071590423584,0.5494120121002197,2076.71484375
oos_experiment,TK-PB-Drahi_17-d1-HET-ULO-8c673aa6e5-r4,4,MULTISTAGE_RH,NONE,9,0,single_solve,0.07707500457763672,0.5294721126556396,0.38207101821899414,2076.71484375
oos_experiment,TK-PB-Drahi_17-d1-HET-ULO-8c673aa6e5-r4,4,MULTISTAGE_RH,NONE,9,0,single_solve,0.9331240653991699,0.866649866104126,0.6209518909454346,2076.71484375
oos_experiment,TK-PB-Drahi_17-d1-HET-ULO-8c673aa6e5-r4,4,MULTISTAGE_RH,NONE,10,0,single_solve,0.07707500457763672,0.5294721126556396,0.38207101821899414,2076.71484375
oos_experiment,TK-PB-Drahi_17-d1-HET-ULO-8c673aa6e5-r4,4,MULTISTAGE_RH,NONE,10,0,single_solve,0.9331240653991699,0.866649866104126,0.6209518909454346,2076.71484375
oos_experiment,TK-PB-Drahi_17-d1-HET-ULO-8c673aa6e5-r4,4,MULTISTAGE_RH,NONE,11,0,single_solve,0.07707500457763672,0.5294721126556396,0.38207101821899414,2076.71484375
oos_experiment,TK-PB-Drahi_17-d1-HET-ULO-8c673aa6e5-r4,4,MULTISTAGE_RH,NONE,11,0,single_solve,0.9331240653991699,0.866649866104126,0.6209518909454346,2076.71484375
oos_experiment,TK-PB-Drahi_17-d1-HET-ULO-8c673aa6e5-r4,4,MULTISTAGE_RH,NONE,12,0,single_solve,0.07707500457763672,0.5294721126556396,0.38207101821899414,2076.71484375
oos_experiment,TK-PB-Drahi_17-d1-HET-ULO-8c673aa6e5-r4,4,MULTISTAGE_RH,NONE,12,0,single_solve,0.9331240653991699,0.866649866104126,0.6209518909454346,2076.71484375
oos_experiment,TK-PB-Drahi_17-d1-HET-ULO-8c673aa6e5-r4,4,MULTISTAGE_RH,NONE,13,0,single_solve,0.603391170501709,0.4455540180206299,0.2781519889831543,2076.71484375
oos_experiment,TK-PB-Drahi_17-d1-HET-ULO-8c673aa6e5-r4,4,MULTISTAGE_RH,NONE,13,0,single_solve,0.14042997360229492,0.869840145111084,0.4396789073944092,2076.71484375
oos_experiment,TK-PB-Drahi_17-d1-HET-ULO-8c673aa6e5-r4,4,MULTISTAGE_RH,NONE,14,0,single_solve,0.603391170501709,0.4455540180206299,0.2781519889831543,2076.71484375
oos_experiment,TK-PB-Drahi_17-d1-HET-ULO-8c673aa6e5-r4,4,MULTISTAGE_RH,NONE,14,0,single_solve,0.14042997360229492,0.869840145111084,0.4396789073944092,2076.71484375
oos_experiment,TK-PB-Drahi_17-d1-HET-ULO-8c673aa6e5-r4,4,MULTISTAGE_RH,NONE,15,0,single_solve,0.603391170501709,0.4455540180206299,0.2781519889831543,2076.71484375
oos_experiment,TK-PB-Drahi_17-d1-HET-ULO-8c673aa6e5-r4,4,MULTISTAGE_RH,NONE,15,0,single_solve,0.14042997360229492,0.869840145111084,0.4396789073944092,2076.71484375
oos_experiment,TK-PB-Drahi_17-d1-HET-ULO-8c673aa6e5-r4,4,MULTISTAGE_RH,NONE,16,0,single_solve,0.603391170501709,0.4455540180206299,0.2781519889831543,2076.71484375
oos_experiment,TK-PB-Drahi_17-d1-HET-ULO-8c673aa6e5-r4,4,MULTISTAGE_RH,NONE,16,0,single_solve,0.14042997360229492,0.869840145111084,0.4396789073944092,2076.71484375
oos_experiment,TK-PB-Drahi_17-d1-HET-ULO-8c673aa6e5-r4,4,MULTISTAGE_RH,NONE,17,0,single_solve,0.0899510383605957,0.5467338562011719,0.26825404167175293,2076.71484375
oos_experiment,TK-PB-Drahi_17-d1-HET-ULO-8c673aa6e5-r4,4,MULTISTAGE_RH,NONE,17,0,single_solve,0.14192700386047363,0.6982440948486328,0.4474010467529297,2076.71484375
oos_experiment,TK-PB-Drahi_17-d1-HET-ULO-8c673aa6e5-r4,4,MULTISTAGE_RH,NONE,18,0,single_solve,0.0899510383605957,0.5467338562011719,0.26825404167175293,2076.71484375
oos_experiment,TK-PB-Drahi_17-d1-HET-ULO-8c673aa6e5-r4,4,MULTISTAGE_RH,NONE,18,0,single_solve,0.14192700386047363,0.6982440948486328,0.4474010467529297,2076.71484375
oos_experiment,TK-PB-Drahi_17-d1-HET-ULO-8c673aa6e5-r4,4,MULTISTAGE_RH,NONE,19,0,single_solve,0.0899510383605957,0.5467338562011719,0.26825404167175293,2076.71484375
oos_experiment,TK-PB-Drahi_17-d1-HET-ULO-8c673aa6e5-r4,4,MULTISTAGE_RH,NONE,19,0,single_solve,0.14192700386047363,0.6982440948486328,0.4474010467529297,2076.71484375
oos_experiment,TK-PB-Drahi_17-d1-HET-ULO-8c673aa6e5-r4,4,MULTISTAGE_RH,NONE,20,0,single_solve,0.0899510383605957,0.5467338562011719,0.26825404167175293,2076.71484375
oos_experiment,TK-PB-Drahi_17-d1-HET-ULO-8c673aa6e5-r4,4,MULTISTAGE_RH,NONE,20,0,single_solve,0.14192700386047363,0.6982440948486328,0.4474010467529297,2076.71484375
oos_experiment,TK-PB-Drahi_17-d1-HET-ULO-8c673aa6e5-r4,4,MULTISTAGE_RH,NONE,21,0,single_solve,0.07626509666442871,0.6854751110076904,0.3241310119628906,2076.71484375
oos_experiment,TK-PB-Drahi_17-d1-HET-ULO-8c673aa6e5-r4,4,MULTISTAGE_RH,NONE,21,0,single_solve,0.14152908325195312,0.8351349830627441,0.5641779899597168,2076.71484375
oos_experiment,TK-PB-Drahi_17-d1-HET-ULO-8c673aa6e5-r4,4,MULTISTAGE_RH,NONE,22,0,single_solve,0.07626509666442871,0.6854751110076904,0.3241310119628906,2076.71484375
oos_experiment,TK-PB-Drahi_17-d1-HET-ULO-8c673aa6e5-r4,4,MULTISTAGE_RH,NONE,22,0,single_solve,0.14152908325195312,0.8351349830627441,0.5641779899597168,2076.71484375
oos_experiment,TK-PB-Drahi_17-d1-HET-ULO-8c673aa6e5-r4,4,MULTISTAGE_RH,NONE,23,0,single_solve,0.07626509666442871,0.6854751110076904,0.3241310119628906,2076.71484375
oos_experiment,TK-PB-Drahi_17-d1-HET-ULO-8c673aa6e5-r4,4,MULTISTAGE_RH,NONE,23,0,single_solve,0.14152908325195312,0.8351349830627441,0.5641779899597168,2076.71484375
oos_experiment,TK-PB-Drahi_17-d1-HET-ULO-8c673aa6e5-r4,4,MULTISTAGE_RH,NONE,24,0,single_solve,0.07626509666442871,0.6854751110076904,0.3241310119628906,2076.71484375
oos_experiment,TK-PB-Drahi_17-d1-HET-ULO-8c673aa6e5-r4,4,MULTISTAGE_RH,NONE,24,0,single_solve,0.14152908325195312,0.8351349830627441,0.5641779899597168,2076.71484375
oos_experiment,TK-PB-Drahi_17-d1-HET-ULO-8c673aa6e5-r4,4,MULTISTAGE_RH,PEA,1,0,single_solve,1.1770930290222168,0.5318009853363037,0.3634159564971924,2076.71484375
oos_experiment,TK-PB-Drahi_17-d1-HET-ULO-8c673aa6e5-r4,4,MULTISTAGE_RH,PEA,1,0,single_solve,1.388725996017456,0.9348740577697754,0.6528530120849609,2076.71484375
oos_experiment,TK-PB-Drahi_17-d1-HET-ULO-8c673aa6e5-r4,4,MULTISTAGE_RH,PEA,2,0,single_solve,1.1770930290222168,0.5318009853363037,0.3634159564971924,2076.71484375
oos_experiment,TK-PB-Drahi_17-d1-HET-ULO-8c673aa6e5-r4,4,MULTISTAGE_RH,PEA,2,0,single_solve,1.388725996017456,0.9348740577697754,0.6528530120849609,2076.71484375
oos_experiment,TK-PB-Drahi_17-d1-HET-ULO-8c673aa6e5-r4,4,MULTISTAGE_RH,PEA,3,0,single_solve,1.1770930290222168,0.5318009853363037,0.3634159564971924,2076.71484375
oos_experiment,TK-PB-Drahi_17-d1-HET-ULO-8c673aa6e5-r4,4,MULTISTAGE_RH,PEA,3,0,single_solve,1.388725996017456,0.9348740577697754,0.6528530120849609,2076.71484375
oos_experiment,TK-PB-Drahi_17-d1-HET-ULO-8c673aa6e5-r4,4,MULTISTAGE_RH,PEA,4,0,single_solve,1.1770930290222168,0.5318009853363037,0.3634159564971924,2076.71484375
oos_experiment,TK-PB-Drahi_17-d1-HET-ULO-8c673aa6e5-r4,4,MULTISTAGE_RH,PEA,4,0,single_solve,1.388725996017456,0.9348740577697754,0.6528530120849609,2076.71484375
oos_experiment,TK-PB-Drahi_17-d1-HET-ULO-8c673aa6e5-r4,4,MULTISTAGE_RH,PEA,5,0,single_solve,0.38840413093566895,0.4660811424255371,0.3075079917907715,2076.71484375
oos_experiment,TK-PB-Drahi_17-d1-HET-ULO-8c673aa6e5-r4,4,MULTISTAGE_RH,PEA,5,0,single_solve,1.398319959640503,0.7417349815368652,0.4459819793701172,2076.71484375
oos_experiment,TK-PB-Drahi_17-d1-HET-ULO-8c673aa6e5-r4,4,MULTISTAGE_RH,PEA,6,0,single_solve,0.38840413093566895,0.4660811424255371,0.3075079917907715,2076.71484375
oos_experiment,TK-PB-Drahi_17-d1-HET-ULO-8c673aa6e5-r4,4,MULTISTAGE_RH,PEA,6,0,single_solve,1.398319959640503,0.7417349815368652,0.4459819793701172,2076.71484375
oos_experiment,TK-PB-Drahi_17-d1-HET-ULO-8c673aa6e5-r4,4,MULTISTAGE_RH,PEA,7,0,single_solve,0.38840413093566895,0.4660811424255371,0.3075079917907715,2076.71484375
oos_experiment,TK-PB-Drahi_17-d1-HET-ULO-8c673aa6e5-r4,4,MULTISTAGE_RH,PEA,7,0,single_solve,1.398319959640503,0.7417349815368652,0.4459819793701172,2076.71484375
oos_experiment,TK-PB-Drahi_17-d1-HET-ULO-8c673aa6e5-r4,4,MULTISTAGE_RH,PEA,8,0,single_solve,0.38840413093566895,0.4660811424255371,0.3075079917907715,2076.71484375
oos_experiment,TK-PB-Drahi_17-d1-HET-ULO-8c673aa6e5-r4,4,MULTISTAGE_RH,PEA,8,0,single_solve,1.398319959640503,0.7417349815368652,0.4459819793701172,2076.71484375
oos_experiment,TK-PB-Drahi_17-d1-HET-ULO-8c673aa6e5-r4,4,MULTISTAGE_RH,PEA,9,0,single_solve,1.0342750549316406,0.5641269683837891,0.39765000343322754,2076.71484375
oos_experiment,TK-PB-Drahi_17-d1-HET-ULO-8c673aa6e5-r4,4,MULTISTAGE_RH,PEA,9,0,single_solve,0.5680360794067383,0.977423906326294,0.716270923614502,2076.71484375
oos_experiment,TK-PB-Drahi_17-d1-HET-ULO-8c673aa6e5-r4,4,MULTISTAGE_RH,PEA,10,0,single_solve,1.0342750549316406,0.5641269683837891,0.39765000343322754,2076.71484375
oos_experiment,TK-PB-Drahi_17-d1-HET-ULO-8c673aa6e5-r4,4,MULTISTAGE_RH,PEA,10,0,single_solve,0.5680360794067383,0.977423906326294,0.716270923614502,2076.71484375
oos_experiment,TK-PB-Drahi_17-d1-HET-ULO-8c673aa6e5-r4,4,MULTISTAGE_RH,PEA,11,0,single_solve,1.0342750549316406,0.5641269683837891,0.39765000343322754,2076.71484375
oos_experiment,TK-PB-Drahi_17-d1-HET-ULO-8c673aa6e5-r4,4,MULTISTAGE_RH,PEA,11,0,single_solve,0.5680360794067383,0.977423906326294,0.716270923614502,2076.71484375
oos_experiment,TK-PB-Drahi_17-d1-HET-ULO-8c673aa6e5-r4,4,MULTISTAGE_RH,PEA,12,0,single_solve,1.0342750549316406,0.5641269683837891,0.39765000343322754,2076.71484375
oos_experiment,TK-PB-Drahi_17-d1-HET-ULO-8c673aa6e5-r4,4,MULTISTAGE_RH,PEA,12,0,single_solve,0.5680360794067383,0.977423906326294,0.716270923614502,2076.71484375
oos_experiment,TK-PB-Drahi_17-d1-HET-ULO-8c673aa6e5-r4,4,MULTISTAGE_RH,PEA,13,0,single_solve,0.45957207679748535,0.7050039768218994,0.5360062122344971,2076.71484375
oos_experiment,TK-PB-Drahi_17-d1-HET-ULO-8c673aa6e5-r4,4,MULTISTAGE_RH,PEA,13,0,single_solve,1.384443998336792,0.9663820266723633,0.7402219772338867,2076.71484375
oos_experiment,TK-PB-Drahi_17-d1-HET-ULO-8c673aa6e5-r4,4,MULTISTAGE_RH,PEA,14,0,single_solve,0.45957207679748535,0.7050039768218994,0.5360062122344971,2076.71484375
oos_experiment,TK-PB-Drahi_17-d1-HET-ULO-8c673aa6e5-r4,4,MULTISTAGE_RH,PEA,14,0,single_solve,1.384443998336792,0.9663820266723633,0.7402219772338867,2076.71484375
oos_experiment,TK-PB-Drahi_17-d1-HET-ULO-8c673aa6e5-r4,4,MULTISTAGE_RH,PEA,15,0,single_solve,0.45957207679748535,0.7050039768218994,0.5360062122344971,2076.71484375
oos_experiment,TK-PB-Drahi_17-d1-HET-ULO-8c673aa6e5-r4,4,MULTISTAGE_RH,PEA,15,0,single_solve,1.384443998336792,0.9663820266723633,0.7402219772338867,2076.71484375
oos_experiment,TK-PB-Drahi_17-d1-HET-ULO-8c673aa6e5-r4,4,MULTISTAGE_RH,PEA,16,0,single_solve,0.45957207679748535,0.7050039768218994,0.5360062122344971,2076.71484375
oos_experiment,TK-PB-Drahi_17-d1-HET-ULO-8c673aa6e5-r4,4,MULTISTAGE_RH,PEA,16,0,single_solve,1.384443998336792,0.9663820266723633,0.7402219772338867,2076.71484375
oos_experiment,TK-PB-Drahi_17-d1-HET-ULO-8c673aa6e5-r4,4,MULTISTAGE_RH,PEA,17,0,single_solve,0.956183910369873,0.9331619739532471,0.7720608711242676,2076.71484375
oos_experiment,TK-PB-Drahi_17-d1-HET-ULO-8c673aa6e5-r4,4,MULTISTAGE_RH,PEA,17,0,single_solve,0.6156799793243408,1.8331940174102783,1.5190489292144775,2076.71484375
oos_experiment,TK-PB-Drahi_17-d1-HET-ULO-8c673aa6e5-r4,4,MULTISTAGE_RH,PEA,18,0,single_solve,0.956183910369873,0.9331619739532471,0.7720608711242676,2076.71484375
oos_experiment,TK-PB-Drahi_17-d1-HET-ULO-8c673aa6e5-r4,4,MULTISTAGE_RH,PEA,18,0,single_solve,0.6156799793243408,1.8331940174102783,1.5190489292144775,2076.71484375
oos_experiment,TK-PB-Drahi_17-d1-HET-ULO-8c673aa6e5-r4,4,MULTISTAGE_RH,PEA,19,0,single_solve,0.956183910369873,0.9331619739532471,0.7720608711242676,2076.71484375
oos_experiment,TK-PB-Drahi_17-d1-HET-ULO-8c673aa6e5-r4,4,MULTISTAGE_RH,PEA,19,0,single_solve,0.6156799793243408,1.8331940174102783,1.5190489292144775,2076.71484375
oos_experiment,TK-PB-Drahi_17-d1-HET-ULO-8c673aa6e5-r4,4,MULTISTAGE_RH,PEA,20,0,single_solve,0.956183910369873,0.9331619739532471,0.7720608711242676,2076.71484375
oos_experiment,TK-PB-Drahi_17-d1-HET-ULO-8c673aa6e5-r4,4,MULTISTAGE_RH,PEA,20,0,single_solve,0.6156799793243408,1.8331940174102783,1.5190489292144775,2076.71484375
oos_experiment,TK-PB-Drahi_17-d1-HET-ULO-8c673aa6e5-r4,4,MULTISTAGE_RH,PEA,21,0,single_solve,0.4258739948272705,1.2977790832519531,1.1298630237579346,2076.71484375
oos_experiment,TK-PB-Drahi_17-d1-HET-ULO-8c673aa6e5-r4,4,MULTISTAGE_RH,PEA,21,0,single_solve,1.3460509777069092,3.7872860431671143,3.5263350009918213,2076.71484375
oos_experiment,TK-PB-Drahi_17-d1-HET-ULO-8c673aa6e5-r4,4,MULTISTAGE_RH,PEA,22,0,single_solve,0.4258739948272705,1.2977790832519531,1.1298630237579346,2076.71484375
oos_experiment,TK-PB-Drahi_17-d1-HET-ULO-8c673aa6e5-r4,4,MULTISTAGE_RH,PEA,22,0,single_solve,1.3460509777069092,3.7872860431671143,3.5263350009918213,2076.71484375
oos_experiment,TK-PB-Drahi_17-d1-HET-ULO-8c673aa6e5-r4,4,MULTISTAGE_RH,PEA,23,0,single_solve,0.4258739948272705,1.2977790832519531,1.1298630237579346,2076.71484375
oos_experiment,TK-PB-Drahi_17-d1-HET-ULO-8c673aa6e5-r4,4,MULTISTAGE_RH,PEA,23,0,single_solve,1.3460509777069092,3.7872860431671143,3.5263350009918213,2076.71484375
oos_experiment,TK-PB-Drahi_17-d1-HET-ULO-8c673aa6e5-r4,4,MULTISTAGE_RH,PEA,24,0,single_solve,0.4258739948272705,1.2977790832519531,1.1298630237579346,2076.71484375
oos_experiment,TK-PB-Drahi_17-d1-HET-ULO-8c673aa6e5-r4,4,MULTISTAGE_RH,PEA,24,0,single_solve,1.3460509777069092,3.7872860431671143,3.5263350009918213,2076.71484375
oos_experiment,TK-PB-Drahi_17-d1-HET-ULO-8c673aa6e5-r4,4,MULTISTAGE_RH,SA,1,0,single_solve,2.1594929695129395,4.32790994644165,4.179327011108398,2076.71484375
oos_experiment,TK-PB-Drahi_17-d1-HET-ULO-8c673aa6e5-r4,4,MULTISTAGE_RH,SA,1,0,single_solve,2.8625710010528564,10.049278020858765,9.807916164398193,2076.71484375
oos_experiment,TK-PB-Drahi_17-d1-HET-ULO-8c673aa6e5-r4,4,MULTISTAGE_RH,SA,2,0,single_solve,2.1594929695129395,4.32790994644165,4.179327011108398,2076.71484375
oos_experiment,TK-PB-Drahi_17-d1-HET-ULO-8c673aa6e5-r4,4,MULTISTAGE_RH,SA,2,0,single_solve,2.8625710010528564,10.049278020858765,9.807916164398193,2076.71484375
oos_experiment,TK-PB-Drahi_17-d1-HET-ULO-8c673aa6e5-r4,4,MULTISTAGE_RH,SA,3,0,single_solve,2.1594929695129395,4.32790994644165,4.179327011108398,2076.71484375
oos_experiment,TK-PB-Drahi_17-d1-HET-ULO-8c673aa6e5-r4,4,MULTISTAGE_RH,SA,3,0,single_solve,2.8625710010528564,10.049278020858765,9.807916164398193,2076.71484375
oos_experiment,TK-PB-Drahi_17-d1-HET-ULO-8c673aa6e5-r4,4,MULTISTAGE_RH,SA,4,0,single_solve,2.1594929695129395,4.32790994644165,4.179327011108398,2076.71484375
oos_experiment,TK-PB-Drahi_17-d1-HET-ULO-8c673aa6e5-r4,4,MULTISTAGE_RH,SA,4,0,single_solve,2.8625710010528564,10.049278020858765,9.807916164398193,2076.71484375
oos_experiment,TK-PB-Drahi_17-d1-HET-ULO-8c673aa6e5-r4,4,MULTISTAGE_RH,SA,5,0,single_solve,1.6727020740509033,2.230739116668701,2.04111909866333,2076.71484375
oos_experiment,TK-PB-Drahi_17-d1-HET-ULO-8c673aa6e5-r4,4,MULTISTAGE_RH,SA,5,0,single_solve,2.0167479515075684,8.960710048675537,8.71501088142395,2076.71484375
oos_experiment,TK-PB-Drahi_17-d1-HET-ULO-8c673aa6e5-r4,4,MULTISTAGE_RH,SA,6,0,single_solve,1.6727020740509033,2.230739116668701,2.04111909866333,2076.71484375
oos_experiment,TK-PB-Drahi_17-d1-HET-ULO-8c673aa6e5-r4,4,MULTISTAGE_RH,SA,6,0,single_solve,2.0167479515075684,8.960710048675537,8.71501088142395,2076.71484375
oos_experiment,TK-PB-Drahi_17-d1-HET-ULO-8c673aa6e5-r4,4,MULTISTAGE_RH,SA,7,0,single_solve,1.6727020740509033,2.230739116668701,2.04111909866333,2076.71484375
oos_experiment,TK-PB-Drahi_17-d1-HET-ULO-8c673aa6e5-r4,4,MULTISTAGE_RH,SA,7,0,single_solve,2.0167479515075684,8.960710048675537,8.71501088142395,2076.71484375
oos_experiment,TK-PB-Drahi_17-d1-HET-ULO-8c673aa6e5-r4,4,MULTISTAGE_RH,SA,8,0,single_solve,1.6727020740509033,2.230739116668701,2.04111909866333,2076.71484375
oos_experiment,TK-PB-Drahi_17-d1-HET-ULO-8c673aa6e5-r4,4,MULTISTAGE_RH,SA,8,0,single_solve,2.0167479515075684,8.960710048675537,8.71501088142395,2076.71484375
oos_experiment,TK-PB-Drahi_17-d1-HET-ULO-8c673aa6e5-r4,4,MULTISTAGE_RH,SA,9,0,single_solve,1.5681078433990479,9.368632078170776,9.198402166366577,2076.71484375
oos_experiment,TK-PB-Drahi_17-d1-HET-ULO-8c673aa6e5-r4,4,MULTISTAGE_RH,SA,9,0,single_solve,1.9762678146362305,21.190895080566406,20.954833984375,2076.71484375
oos_experiment,TK-PB-Drahi_17-d1-HET-ULO-8c673aa6e5-r4,4,MULTISTAGE_RH,SA,10,0,single_solve,1.5681078433990479,9.368632078170776,9.198402166366577,2076.71484375
oos_experiment,TK-PB-Drahi_17-d1-HET-ULO-8c673aa6e5-r4,4,MULTISTAGE_RH,SA,10,0,single_solve,1.9762678146362305,21.190895080566406,20.954833984375,2076.71484375
oos_experiment,TK-PB-Drahi_17-d1-HET-ULO-8c673aa6e5-r4,4,MULTISTAGE_RH,SA,11,0,single_solve,1.5681078433990479,9.368632078170776,9.198402166366577,2076.71484375
oos_experiment,TK-PB-Drahi_17-d1-HET-ULO-8c673aa6e5-r4,4,MULTISTAGE_RH,SA,11,0,single_solve,1.9762678146362305,21.190895080566406,20.954833984375,2076.71484375
oos_experiment,TK-PB-Drahi_17-d1-HET-ULO-8c673aa6e5-r4,4,MULTISTAGE_RH,SA,12,0,single_solve,1.5681078433990479,9.368632078170776,9.198402166366577,2076.71484375
oos_experiment,TK-PB-Drahi_17-d1-HET-ULO-8c673aa6e5-r4,4,MULTISTAGE_RH,SA,12,0,single_solve,1.9762678146362305,21.190895080566406,20.954833984375,2076.71484375
oos_experiment,TK-PB-Drahi_17-d1-HET-ULO-8c673aa6e5-r4,4,MULTISTAGE_RH,SA,13,0,single_solve,2.256948947906494,12.172538995742798,12.003373146057129,2076.71484375
oos_experiment,TK-PB-Drahi_17-d1-HET-ULO-8c673aa6e5-r4,4,MULTISTAGE_RH,SA,13,0,single_solve,2.3002960681915283,18.289074897766113,18.00841188430786,2076.71484375
oos_experiment,TK-PB-Drahi_17-d1-HET-ULO-8c673aa6e5-r4,4,MULTISTAGE_RH,SA,14,0,single_solve,2.256948947906494,12.172538995742798,12.003373146057129,2076.71484375
oos_experiment,TK-PB-Drahi_17-d1-HET-ULO-8c673aa6e5-r4,4,MULTISTAGE_RH,SA,14,0,single_solve,2.3002960681915283,18.289074897766113,18.00841188430786,2076.71484375
oos_experiment,TK-PB-Drahi_17-d1-HET-ULO-8c673aa6e5-r4,4,MULTISTAGE_RH,SA,15,0,single_solve,2.256948947906494,12.172538995742798,12.003373146057129,2076.71484375
oos_experiment,TK-PB-Drahi_17-d1-HET-ULO-8c673aa6e5-r4,4,MULTISTAGE_RH,SA,15,0,single_solve,2.3002960681915283,18.289074897766113,18.00841188430786,2076.71484375
oos_experiment,TK-PB-Drahi_17-d1-HET-ULO-8c673aa6e5-r4,4,MULTISTAGE_RH,SA,16,0,single_solve,2.256948947906494,12.172538995742798,12.003373146057129,2076.71484375
oos_experiment,TK-PB-Drahi_17-d1-HET-ULO-8c673aa6e5-r4,4,MULTISTAGE_RH,SA,16,0,single_solve,2.3002960681915283,18.289074897766113,18.00841188430786,2076.71484375
oos_experiment,TK-PB-Drahi_17-d1-HET-ULO-8c673aa6e5-r4,4,MULTISTAGE_RH,SA,17,0,single_solve,1.7154209613800049,4.594274997711182,4.387582063674927,2076.71484375
oos_experiment,TK-PB-Drahi_17-d1-HET-ULO-8c673aa6e5-r4,4,MULTISTAGE_RH,SA,17,0,single_solve,2.7304320335388184,7.452010869979858,7.23538613319397,2076.71484375
oos_experiment,TK-PB-Drahi_17-d1-HET-ULO-8c673aa6e5-r4,4,MULTISTAGE_RH,SA,18,0,single_solve,1.7154209613800049,4.594274997711182,4.387582063674927,2076.71484375
oos_experiment,TK-PB-Drahi_17-d1-HET-ULO-8c673aa6e5-r4,4,MULTISTAGE_RH,SA,18,0,single_solve,2.7304320335388184,7.452010869979858,7.23538613319397,2076.71484375
oos_experiment,TK-PB-Drahi_17-d1-HET-ULO-8c673aa6e5-r4,4,MULTISTAGE_RH,SA,19,0,single_solve,1.7154209613800049,4.594274997711182,4.387582063674927,2076.71484375
oos_experiment,TK-PB-Drahi_17-d1-HET-ULO-8c673aa6e5-r4,4,MULTISTAGE_RH,SA,19,0,single_solve,2.7304320335388184,7.452010869979858,7.23538613319397,2076.71484375
oos_experiment,TK-PB-Drahi_17-d1-HET-ULO-8c673aa6e5-r4,4,MULTISTAGE_RH,SA,20,0,single_solve,1.7154209613800049,4.594274997711182,4.387582063674927,2076.71484375
oos_experiment,TK-PB-Drahi_17-d1-HET-ULO-8c673aa6e5-r4,4,MULTISTAGE_RH,SA,20,0,single_solve,2.7304320335388184,7.452010869979858,7.23538613319397,2076.71484375
oos_experiment,TK-PB-Drahi_17-d1-HET-ULO-8c673aa6e5-r4,4,MULTISTAGE_RH,SA,21,0,single_solve,1.695127010345459,5.001657009124756,4.805402040481567,2076.71484375
oos_experiment,TK-PB-Drahi_17-d1-HET-ULO-8c673aa6e5-r4,4,MULTISTAGE_RH,SA,21,0,single_solve,2.2374930381774902,9.61365294456482,9.37396502494812,2076.71484375
oos_experiment,TK-PB-Drahi_17-d1-HET-ULO-8c673aa6e5-r4,4,MULTISTAGE_RH,SA,22,0,single_solve,1.695127010345459,5.001657009124756,4.805402040481567,2076.71484375
oos_experiment,TK-PB-Drahi_17-d1-HET-ULO-8c673aa6e5-r4,4,MULTISTAGE_RH,SA,22,0,single_solve,2.2374930381774902,9.61365294456482,9.37396502494812,2076.71484375
oos_experiment,TK-PB-Drahi_17-d1-HET-ULO-8c673aa6e5-r4,4,MULTISTAGE_RH,SA,23,0,single_solve,1.695127010345459,5.001657009124756,4.805402040481567,2076.71484375
oos_experiment,TK-PB-Drahi_17-d1-HET-ULO-8c673aa6e5-r4,4,MULTISTAGE_RH,SA,23,0,single_solve,2.2374930381774902,9.61365294456482,9.37396502494812,2076.71484375
oos_experiment,TK-PB-Drahi_17-d1-HET-ULO-8c673aa6e5-r4,4,MULTISTAGE_RH,SA,24,0,single_solve,1.695127010345459,5.001657009124756,4.805402040481567,2076.71484375
oos_experiment,TK-PB-Drahi_17-d1-HET-ULO-8c673aa6e5-r4,4,MULTISTAGE_RH,SA,24,0,single_solve,2.2374930381774902,9.61365294456482,9.37396502494812,2076.71484375
oos_experiment,TK-PB-Drahi_17-d1-HET-ULO-8c673aa6e5-r4,4,MULTISTAGE_RH,STATIC_DEMAND_SHARE,1,0,single_solve,0.10287904739379883,0.412769079208374,0.2155618667602539,2076.71484375
oos_experiment,TK-PB-Drahi_17-d1-HET-ULO-8c673aa6e5-r4,4,MULTISTAGE_RH,STATIC_DEMAND_SHARE,1,0,single_solve,1.009984016418457,0.637991189956665,0.36165809631347656,2076.71484375
oos_experiment,TK-PB-Drahi_17-d1-HET-ULO-8c673aa6e5-r4,4,MULTISTAGE_RH,STATIC_DEMAND_SHARE,2,0,single_solve,0.10287904739379883,0.412769079208374,0.2155618667602539,2076.71484375
oos_experiment,TK-PB-Drahi_17-d1-HET-ULO-8c673aa6e5-r4,4,MULTISTAGE_RH,STATIC_DEMAND_SHARE,2,0,single_solve,1.009984016418457,0.637991189956665,0.36165809631347656,2076.71484375
oos_experiment,TK-PB-Drahi_17-d1-HET-ULO-8c673aa6e5-r4,4,MULTISTAGE_RH,STATIC_DEMAND_SHARE,3,0,single_solve,0.10287904739379883,0.412769079208374,0.2155618667602539,2076.71484375
oos_experiment,TK-PB-Drahi_17-d1-HET-ULO-8c673aa6e5-r4,4,MULTISTAGE_RH,STATIC_DEMAND_SHARE,3,0,single_solve,1.009984016418457,0.637991189956665,0.36165809631347656,2076.71484375
oos_experiment,TK-PB-Drahi_17-d1-HET-ULO-8c673aa6e5-r4,4,MULTISTAGE_RH,STATIC_DEMAND_SHARE,4,0,single_solve,0.10287904739379883,0.412769079208374,0.2155618667602539,2076.71484375
oos_experiment,TK-PB-Drahi_17-d1-HET-ULO-8c673aa6e5-r4,4,MULTISTAGE_RH,STATIC_DEMAND_SHARE,4,0,single_solve,1.009984016418457,0.637991189956665,0.36165809631347656,2076.71484375
oos_experiment,TK-PB-Drahi_17-d1-HET-ULO-8c673aa6e5-r4,4,MULTISTAGE_RH,STATIC_DEMAND_SHARE,5,0,single_solve,0.09279704093933105,0.39661693572998047,0.20812487602233887,2076.71484375
oos_experiment,TK-PB-Drahi_17-d1-HET-ULO-8c673aa6e5-r4,4,MULTISTAGE_RH,STATIC_DEMAND_SHARE,5,0,single_solve,0.3392760753631592,0.6411890983581543,0.3724400997161865,2076.71484375
oos_experiment,TK-PB-Drahi_17-d1-HET-ULO-8c673aa6e5-r4,4,MULTISTAGE_RH,STATIC_DEMAND_SHARE,6,0,single_solve,0.09279704093933105,0.39661693572998047,0.20812487602233887,2076.71484375
oos_experiment,TK-PB-Drahi_17-d1-HET-ULO-8c673aa6e5-r4,4,MULTISTAGE_RH,STATIC_DEMAND_SHARE,6,0,single_solve,0.3392760753631592,0.6411890983581543,0.3724400997161865,2076.71484375
oos_experiment,TK-PB-Drahi_17-d1-HET-ULO-8c673aa6e5-r4,4,MULTISTAGE_RH,STATIC_DEMAND_SHARE,7,0,single_solve,0.09279704093933105,0.39661693572998047,0.20812487602233887,2076.71484375
oos_experiment,TK-PB-Drahi_17-d1-HET-ULO-8c673aa6e5-r4,4,MULTISTAGE_RH,STATIC_DEMAND_SHARE,7,0,single_solve,0.3392760753631592,0.6411890983581543,0.3724400997161865,2076.71484375
oos_experiment,TK-PB-Drahi_17-d1-HET-ULO-8c673aa6e5-r4,4,MULTISTAGE_RH,STATIC_DEMAND_SHARE,8,0,single_solve,0.09279704093933105,0.39661693572998047,0.20812487602233887,2076.71484375
oos_experiment,TK-PB-Drahi_17-d1-HET-ULO-8c673aa6e5-r4,4,MULTISTAGE_RH,STATIC_DEMAND_SHARE,8,0,single_solve,0.3392760753631592,0.6411890983581543,0.3724400997161865,2076.71484375
oos_experiment,TK-PB-Drahi_17-d1-HET-ULO-8c673aa6e5-r4,4,MULTISTAGE_RH,STATIC_DEMAND_SHARE,9,0,single_solve,0.1085660457611084,0.6861729621887207,0.22783780097961426,2076.71484375
oos_experiment,TK-PB-Drahi_17-d1-HET-ULO-8c673aa6e5-r4,4,MULTISTAGE_RH,STATIC_DEMAND_SHARE,9,0,single_solve,0.41419196128845215,0.6586258411407471,0.37856602668762207,2076.71484375
oos_experiment,TK-PB-Drahi_17-d1-HET-ULO-8c673aa6e5-r4,4,MULTISTAGE_RH,STATIC_DEMAND_SHARE,10,0,single_solve,0.1085660457611084,0.6861729621887207,0.22783780097961426,2076.71484375
oos_experiment,TK-PB-Drahi_17-d1-HET-ULO-8c673aa6e5-r4,4,MULTISTAGE_RH,STATIC_DEMAND_SHARE,10,0,single_solve,0.41419196128845215,0.6586258411407471,0.37856602668762207,2076.71484375
oos_experiment,TK-PB-Drahi_17-d1-HET-ULO-8c673aa6e5-r4,4,MULTISTAGE_RH,STATIC_DEMAND_SHARE,11,0,single_solve,0.1085660457611084,0.6861729621887207,0.22783780097961426,2076.71484375
oos_experiment,TK-PB-Drahi_17-d1-HET-ULO-8c673aa6e5-r4,4,MULTISTAGE_RH,STATIC_DEMAND_SHARE,11,0,single_solve,0.41419196128845215,0.6586258411407471,0.37856602668762207,2076.71484375
oos_experiment,TK-PB-Drahi_17-d1-HET-ULO-8c673aa6e5-r4,4,MULTISTAGE_RH,STATIC_DEMAND_SHARE,12,0,single_solve,0.1085660457611084,0.6861729621887207,0.22783780097961426,2076.71484375
oos_experiment,TK-PB-Drahi_17-d1-HET-ULO-8c673aa6e5-r4,4,MULTISTAGE_RH,STATIC_DEMAND_SHARE,12,0,single_solve,0.41419196128845215,0.6586258411407471,0.37856602668762207,2076.71484375
oos_experiment,TK-PB-Drahi_17-d1-HET-ULO-8c673aa6e5-r4,4,MULTISTAGE_RH,STATIC_DEMAND_SHARE,13,0,single_solve,0.09476900100708008,0.37497997283935547,0.19117999076843262,2076.71484375
oos_experiment,TK-PB-Drahi_17-d1-HET-ULO-8c673aa6e5-r4,4,MULTISTAGE_RH,STATIC_DEMAND_SHARE,13,0,single_solve,0.15871906280517578,1.2528090476989746,0.27680206298828125,2076.71484375
oos_experiment,TK-PB-Drahi_17-d1-HET-ULO-8c673aa6e5-r4,4,MULTISTAGE_RH,STATIC_DEMAND_SHARE,14,0,single_solve,0.09476900100708008,0.37497997283935547,0.19117999076843262,2076.71484375
oos_experiment,TK-PB-Drahi_17-d1-HET-ULO-8c673aa6e5-r4,4,MULTISTAGE_RH,STATIC_DEMAND_SHARE,14,0,single_solve,0.15871906280517578,1.2528090476989746,0.27680206298828125,2076.71484375
oos_experiment,TK-PB-Drahi_17-d1-HET-ULO-8c673aa6e5-r4,4,MULTISTAGE_RH,STATIC_DEMAND_SHARE,15,0,single_solve,0.09476900100708008,0.37497997283935547,0.19117999076843262,2076.71484375
oos_experiment,TK-PB-Drahi_17-d1-HET-ULO-8c673aa6e5-r4,4,MULTISTAGE_RH,STATIC_DEMAND_SHARE,15,0,single_solve,0.15871906280517578,1.2528090476989746,0.27680206298828125,2076.71484375
oos_experiment,TK-PB-Drahi_17-d1-HET-ULO-8c673aa6e5-r4,4,MULTISTAGE_RH,STATIC_DEMAND_SHARE,16,0,single_solve,0.09476900100708008,0.37497997283935547,0.19117999076843262,2076.71484375
oos_experiment,TK-PB-Drahi_17-d1-HET-ULO-8c673aa6e5-r4,4,MULTISTAGE_RH,STATIC_DEMAND_SHARE,16,0,single_solve,0.15871906280517578,1.2528090476989746,0.27680206298828125,2076.71484375
oos_experiment,TK-PB-Drahi_17-d1-HET-ULO-8c673aa6e5-r4,4,MULTISTAGE_RH,STATIC_DEMAND_SHARE,17,0,single_solve,0.09206604957580566,0.34507203102111816,0.17086219787597656,2076.71484375
oos_experiment,TK-PB-Drahi_17-d1-HET-ULO-8c673aa6e5-r4,4,MULTISTAGE_RH,STATIC_DEMAND_SHARE,17,0,single_solve,0.18576788902282715,0.5482730865478516,0.25350189208984375,2076.71484375
oos_experiment,TK-PB-Drahi_17-d1-HET-ULO-8c673aa6e5-r4,4,MULTISTAGE_RH,STATIC_DEMAND_SHARE,18,0,single_solve,0.09206604957580566,0.34507203102111816,0.17086219787597656,2076.71484375
oos_experiment,TK-PB-Drahi_17-d1-HET-ULO-8c673aa6e5-r4,4,MULTISTAGE_RH,STATIC_DEMAND_SHARE,18,0,single_solve,0.18576788902282715,0.5482730865478516,0.25350189208984375,2076.71484375
oos_experiment,TK-PB-Drahi_17-d1-HET-ULO-8c673aa6e5-r4,4,MULTISTAGE_RH,STATIC_DEMAND_SHARE,19,0,single_solve,0.09206604957580566,0.34507203102111816,0.17086219787597656,2076.71484375
oos_experiment,TK-PB-Drahi_17-d1-HET-ULO-8c673aa6e5-r4,4,MULTISTAGE_RH,STATIC_DEMAND_SHARE,19,0,single_solve,0.18576788902282715,0.5482730865478516,0.25350189208984375,2076.71484375
oos_experiment,TK-PB-Drahi_17-d1-HET-ULO-8c673aa6e5-r4,4,MULTISTAGE_RH,STATIC_DEMAND_SHARE,20,0,single_solve,0.09206604957580566,0.34507203102111816,0.17086219787597656,2076.71484375
oos_experiment,TK-PB-Drahi_17-d1-HET-ULO-8c673aa6e5-r4,4,MULTISTAGE_RH,STATIC_DEMAND_SHARE,20,0,single_solve,0.18576788902282715,0.5482730865478516,0.25350189208984375,2076.71484375
oos_experiment,TK-PB-Drahi_17-d1-HET-ULO-8c673aa6e5-r4,4,MULTISTAGE_RH,STATIC_DEMAND_SHARE,21,0,single_solve,0.10953998565673828,0.5904779434204102,0.21340322494506836,2076.71484375
oos_experiment,TK-PB-Drahi_17-d1-HET-ULO-8c673aa6e5-r4,4,MULTISTAGE_RH,STATIC_DEMAND_SHARE,21,0,single_solve,0.15416622161865234,0.6666219234466553,0.3755960464477539,2076.71484375
oos_experiment,TK-PB-Drahi_17-d1-HET-ULO-8c673aa6e5-r4,4,MULTISTAGE_RH,STATIC_DEMAND_SHARE,22,0,single_solve,0.10953998565673828,0.5904779434204102,0.21340322494506836,2076.71484375
oos_experiment,TK-PB-Drahi_17-d1-HET-ULO-8c673aa6e5-r4,4,MULTISTAGE_RH,STATIC_DEMAND_SHARE,22,0,single_solve,0.15416622161865234,0.6666219234466553,0.3755960464477539,2076.71484375
oos_experiment,TK-PB-Drahi_17-d1-HET-ULO-8c673aa6e5-r4,4,MULTISTAGE_RH,STATIC_DEMAND_SHARE,23,0,single_solve,0.10953998565673828,0.5904779434204102,0.21340322494506836,2076.71484375
oos_experiment,TK-PB-Drahi_17-d1-HET-ULO-8c673aa6e5-r4,4,MULTISTAGE_RH,STATIC_DEMAND_SHARE,23,0,single_solve,0.15416622161865234,0.6666219234466553,0.3755960464477539,2076.71484375
oos_experiment,TK-PB-Drahi_17-d1-HET-ULO-8c673aa6e5-r4,4,MULTISTAGE_RH,STATIC_DEMAND_SHARE,24,0,single_solve,0.10953998565673828,0.5904779434204102,0.21340322494506836,2076.71484375
oos_experiment,TK-PB-Drahi_17-d1-HET-ULO-8c673aa6e5-r4,4,MULTISTAGE_RH,STATIC_DEMAND_SHARE,24,0,single_solve,0.15416622161865234,0.6666219234466553,0.3755960464477539,2076.71484375
oos_experiment,TK-PB-Drahi_17-d1-HET-ULO-8c673aa6e5-r4,4,TWO_STAGE_RH,LEXMMFPEA,1,1,lex_phase_1,0.37268805503845215,0.6374821662902832,0.21889281272888184,2076.71484375
oos_experiment,TK-PB-Drahi_17-d1-HET-ULO-8c673aa6e5-r4,4,TWO_STAGE_RH,LEXMMFPEA,1,1,lex_phase_1,0.41902780532836914,0.8506259918212891,0.30439209938049316,2076.71484375
oos_experiment,TK-PB-Drahi_17-d1-HET-ULO-8c673aa6e5-r4,4,TWO_STAGE_RH,LEXMMFPEA,1,2,lex_phase_2,0.37268805503845215,0.06275701522827148,0.06059098243713379,2076.71484375
oos_experiment,TK-PB-Drahi_17-d1-HET-ULO-8c673aa6e5-r4,4,TWO_STAGE_RH,LEXMMFPEA,1,2,lex_phase_2,0.41902780532836914,0.07114601135253906,0.0694129467010498,2076.71484375
oos_experiment,TK-PB-Drahi_17-d1-HET-ULO-8c673aa6e5-r4,4,TWO_STAGE_RH,LEXMMFPEA,1,3,lex_phase_3,0.37268805503845215,0.0579829216003418,0.056365013122558594,2076.71484375
oos_experiment,TK-PB-Drahi_17-d1-HET-ULO-8c673aa6e5-r4,4,TWO_STAGE_RH,LEXMMFPEA,1,3,lex_phase_3,0.41902780532836914,0.09475994110107422,0.09262204170227051,2076.71484375
oos_experiment,TK-PB-Drahi_17-d1-HET-ULO-8c673aa6e5-r4,4,TWO_STAGE_RH,LEXMMFPEA,1,4,lex_phase_4,0.37268805503845215,0.0563509464263916,0.05456399917602539,2076.71484375
oos_experiment,TK-PB-Drahi_17-d1-HET-ULO-8c673aa6e5-r4,4,TWO_STAGE_RH,LEXMMFPEA,1,4,lex_phase_4,0.41902780532836914,0.06890988349914551,0.06704378128051758,2076.71484375
oos_experiment,TK-PB-Drahi_17-d1-HET-ULO-8c673aa6e5-r4,4,TWO_STAGE_RH,LEXMMFPEA,1,5,lex_phase_5,0.37268805503845215,0.050089120864868164,0.048307180404663086,2076.71484375
oos_experiment,TK-PB-Drahi_17-d1-HET-ULO-8c673aa6e5-r4,4,TWO_STAGE_RH,LEXMMFPEA,1,5,lex_phase_5,0.41902780532836914,0.06898903846740723,0.0665440559387207,2076.71484375
oos_experiment,TK-PB-Drahi_17-d1-HET-ULO-8c673aa6e5-r4,4,TWO_STAGE_RH,LEXMMFPEA,1,6,economic_tie_break,0.37268805503845215,7.492188930511475,7.490306854248047,2076.71484375
oos_experiment,TK-PB-Drahi_17-d1-HET-ULO-8c673aa6e5-r4,4,TWO_STAGE_RH,LEXMMFPEA,1,6,economic_tie_break,0.41902780532836914,8.530339002609253,8.528718948364258,2076.71484375
oos_experiment,TK-PB-Drahi_17-d1-HET-ULO-8c673aa6e5-r4,4,TWO_STAGE_RH,LEXMMFPEA,2,1,lex_phase_1,0.37268805503845215,0.6374821662902832,0.21889281272888184,2076.71484375
oos_experiment,TK-PB-Drahi_17-d1-HET-ULO-8c673aa6e5-r4,4,TWO_STAGE_RH,LEXMMFPEA,2,1,lex_phase_1,0.41902780532836914,0.8506259918212891,0.30439209938049316,2076.71484375
oos_experiment,TK-PB-Drahi_17-d1-HET-ULO-8c673aa6e5-r4,4,TWO_STAGE_RH,LEXMMFPEA,2,2,lex_phase_2,0.37268805503845215,0.06275701522827148,0.06059098243713379,2076.71484375
oos_experiment,TK-PB-Drahi_17-d1-HET-ULO-8c673aa6e5-r4,4,TWO_STAGE_RH,LEXMMFPEA,2,2,lex_phase_2,0.41902780532836914,0.07114601135253906,0.0694129467010498,2076.71484375
oos_experiment,TK-PB-Drahi_17-d1-HET-ULO-8c673aa6e5-r4,4,TWO_STAGE_RH,LEXMMFPEA,2,3,lex_phase_3,0.37268805503845215,0.0579829216003418,0.056365013122558594,2076.71484375
oos_experiment,TK-PB-Drahi_17-d1-HET-ULO-8c673aa6e5-r4,4,TWO_STAGE_RH,LEXMMFPEA,2,3,lex_phase_3,0.41902780532836914,0.09475994110107422,0.09262204170227051,2076.71484375
oos_experiment,TK-PB-Drahi_17-d1-HET-ULO-8c673aa6e5-r4,4,TWO_STAGE_RH,LEXMMFPEA,2,4,lex_phase_4,0.37268805503845215,0.0563509464263916,0.05456399917602539,2076.71484375
oos_experiment,TK-PB-Drahi_17-d1-HET-ULO-8c673aa6e5-r4,4,TWO_STAGE_RH,LEXMMFPEA,2,4,lex_phase_4,0.41902780532836914,0.06890988349914551,0.06704378128051758,2076.71484375
oos_experiment,TK-PB-Drahi_17-d1-HET-ULO-8c673aa6e5-r4,4,TWO_STAGE_RH,LEXMMFPEA,2,5,lex_phase_5,0.37268805503845215,0.050089120864868164,0.048307180404663086,2076.71484375
oos_experiment,TK-PB-Drahi_17-d1-HET-ULO-8c673aa6e5-r4,4,TWO_STAGE_RH,LEXMMFPEA,2,5,lex_phase_5,0.41902780532836914,0.06898903846740723,0.0665440559387207,2076.71484375
oos_experiment,TK-PB-Drahi_17-d1-HET-ULO-8c673aa6e5-r4,4,TWO_STAGE_RH,LEXMMFPEA,2,6,economic_tie_break,0.37268805503845215,7.492188930511475,7.490306854248047,2076.71484375
oos_experiment,TK-PB-Drahi_17-d1-HET-ULO-8c673aa6e5-r4,4,TWO_STAGE_RH,LEXMMFPEA,2,6,economic_tie_break,0.41902780532836914,8.530339002609253,8.528718948364258,2076.71484375
oos_experiment,TK-PB-Drahi_17-d1-HET-ULO-8c673aa6e5-r4,4,TWO_STAGE_RH,LEXMMFPEA,3,1,lex_phase_1,0.37268805503845215,0.6374821662902832,0.21889281272888184,2076.71484375
oos_experiment,TK-PB-Drahi_17-d1-HET-ULO-8c673aa6e5-r4,4,TWO_STAGE_RH,LEXMMFPEA,3,1,lex_phase_1,0.41902780532836914,0.8506259918212891,0.30439209938049316,2076.71484375
oos_experiment,TK-PB-Drahi_17-d1-HET-ULO-8c673aa6e5-r4,4,TWO_STAGE_RH,LEXMMFPEA,3,2,lex_phase_2,0.37268805503845215,0.06275701522827148,0.06059098243713379,2076.71484375
oos_experiment,TK-PB-Drahi_17-d1-HET-ULO-8c673aa6e5-r4,4,TWO_STAGE_RH,LEXMMFPEA,3,2,lex_phase_2,0.41902780532836914,0.07114601135253906,0.0694129467010498,2076.71484375
oos_experiment,TK-PB-Drahi_17-d1-HET-ULO-8c673aa6e5-r4,4,TWO_STAGE_RH,LEXMMFPEA,3,3,lex_phase_3,0.37268805503845215,0.0579829216003418,0.056365013122558594,2076.71484375
oos_experiment,TK-PB-Drahi_17-d1-HET-ULO-8c673aa6e5-r4,4,TWO_STAGE_RH,LEXMMFPEA,3,3,lex_phase_3,0.41902780532836914,0.09475994110107422,0.09262204170227051,2076.71484375
oos_experiment,TK-PB-Drahi_17-d1-HET-ULO-8c673aa6e5-r4,4,TWO_STAGE_RH,LEXMMFPEA,3,4,lex_phase_4,0.37268805503845215,0.0563509464263916,0.05456399917602539,2076.71484375
oos_experiment,TK-PB-Drahi_17-d1-HET-ULO-8c673aa6e5-r4,4,TWO_STAGE_RH,LEXMMFPEA,3,4,lex_phase_4,0.41902780532836914,0.06890988349914551,0.06704378128051758,2076.71484375
oos_experiment,TK-PB-Drahi_17-d1-HET-ULO-8c673aa6e5-r4,4,TWO_STAGE_RH,LEXMMFPEA,3,5,lex_phase_5,0.37268805503845215,0.050089120864868164,0.048307180404663086,2076.71484375
oos_experiment,TK-PB-Drahi_17-d1-HET-ULO-8c673aa6e5-r4,4,TWO_STAGE_RH,LEXMMFPEA,3,5,lex_phase_5,0.41902780532836914,0.06898903846740723,0.0665440559387207,2076.71484375
oos_experiment,TK-PB-Drahi_17-d1-HET-ULO-8c673aa6e5-r4,4,TWO_STAGE_RH,LEXMMFPEA,3,6,economic_tie_break,0.37268805503845215,7.492188930511475,7.490306854248047,2076.71484375
oos_experiment,TK-PB-Drahi_17-d1-HET-ULO-8c673aa6e5-r4,4,TWO_STAGE_RH,LEXMMFPEA,3,6,economic_tie_break,0.41902780532836914,8.530339002609253,8.528718948364258,2076.71484375
oos_experiment,TK-PB-Drahi_17-d1-HET-ULO-8c673aa6e5-r4,4,TWO_STAGE_RH,LEXMMFPEA,4,1,lex_phase_1,0.37268805503845215,0.6374821662902832,0.21889281272888184,2076.71484375
oos_experiment,TK-PB-Drahi_17-d1-HET-ULO-8c673aa6e5-r4,4,TWO_STAGE_RH,LEXMMFPEA,4,1,lex_phase_1,0.41902780532836914,0.8506259918212891,0.30439209938049316,2076.71484375
oos_experiment,TK-PB-Drahi_17-d1-HET-ULO-8c673aa6e5-r4,4,TWO_STAGE_RH,LEXMMFPEA,4,2,lex_phase_2,0.37268805503845215,0.06275701522827148,0.06059098243713379,2076.71484375
oos_experiment,TK-PB-Drahi_17-d1-HET-ULO-8c673aa6e5-r4,4,TWO_STAGE_RH,LEXMMFPEA,4,2,lex_phase_2,0.41902780532836914,0.07114601135253906,0.0694129467010498,2076.71484375
oos_experiment,TK-PB-Drahi_17-d1-HET-ULO-8c673aa6e5-r4,4,TWO_STAGE_RH,LEXMMFPEA,4,3,lex_phase_3,0.37268805503845215,0.0579829216003418,0.056365013122558594,2076.71484375
oos_experiment,TK-PB-Drahi_17-d1-HET-ULO-8c673aa6e5-r4,4,TWO_STAGE_RH,LEXMMFPEA,4,3,lex_phase_3,0.41902780532836914,0.09475994110107422,0.09262204170227051,2076.71484375
oos_experiment,TK-PB-Drahi_17-d1-HET-ULO-8c673aa6e5-r4,4,TWO_STAGE_RH,LEXMMFPEA,4,4,lex_phase_4,0.37268805503845215,0.0563509464263916,0.05456399917602539,2076.71484375
oos_experiment,TK-PB-Drahi_17-d1-HET-ULO-8c673aa6e5-r4,4,TWO_STAGE_RH,LEXMMFPEA,4,4,lex_phase_4,0.41902780532836914,0.06890988349914551,0.06704378128051758,2076.71484375
oos_experiment,TK-PB-Drahi_17-d1-HET-ULO-8c673aa6e5-r4,4,TWO_STAGE_RH,LEXMMFPEA,4,5,lex_phase_5,0.37268805503845215,0.050089120864868164,0.048307180404663086,2076.71484375
oos_experiment,TK-PB-Drahi_17-d1-HET-ULO-8c673aa6e5-r4,4,TWO_STAGE_RH,LEXMMFPEA,4,5,lex_phase_5,0.41902780532836914,0.06898903846740723,0.0665440559387207,2076.71484375
oos_experiment,TK-PB-Drahi_17-d1-HET-ULO-8c673aa6e5-r4,4,TWO_STAGE_RH,LEXMMFPEA,4,6,economic_tie_break,0.37268805503845215,7.492188930511475,7.490306854248047,2076.71484375
oos_experiment,TK-PB-Drahi_17-d1-HET-ULO-8c673aa6e5-r4,4,TWO_STAGE_RH,LEXMMFPEA,4,6,economic_tie_break,0.41902780532836914,8.530339002609253,8.528718948364258,2076.71484375
oos_experiment,TK-PB-Drahi_17-d1-HET-ULO-8c673aa6e5-r4,4,TWO_STAGE_RH,LEXMMFPEA,5,1,lex_phase_1,0.763185977935791,0.6039130687713623,0.21198201179504395,2076.71484375
oos_experiment,TK-PB-Drahi_17-d1-HET-ULO-8c673aa6e5-r4,4,TWO_STAGE_RH,LEXMMFPEA,5,1,lex_phase_1,0.4773721694946289,0.7989091873168945,0.29635095596313477,2076.71484375
oos_experiment,TK-PB-Drahi_17-d1-HET-ULO-8c673aa6e5-r4,4,TWO_STAGE_RH,LEXMMFPEA,5,2,lex_phase_2,0.763185977935791,0.06128501892089844,0.05953502655029297,2076.71484375
oos_experiment,TK-PB-Drahi_17-d1-HET-ULO-8c673aa6e5-r4,4,TWO_STAGE_RH,LEXMMFPEA,5,2,lex_phase_2,0.4773721694946289,0.0783231258392334,0.07681512832641602,2076.71484375
oos_experiment,TK-PB-Drahi_17-d1-HET-ULO-8c673aa6e5-r4,4,TWO_STAGE_RH,LEXMMFPEA,5,3,lex_phase_3,0.763185977935791,0.0643150806427002,0.062497854232788086,2076.71484375
oos_experiment,TK-PB-Drahi_17-d1-HET-ULO-8c673aa6e5-r4,4,TWO_STAGE_RH,LEXMMFPEA,5,3,lex_phase_3,0.4773721694946289,0.08008790016174316,0.07812714576721191,2076.71484375
oos_experiment,TK-PB-Drahi_17-d1-HET-ULO-8c673aa6e5-r4,4,TWO_STAGE_RH,LEXMMFPEA,5,4,lex_phase_4,0.763185977935791,0.060243844985961914,0.05855298042297363,2076.71484375
oos_experiment,TK-PB-Drahi_17-d1-HET-ULO-8c673aa6e5-r4,4,TWO_STAGE_RH,LEXMMFPEA,5,4,lex_phase_4,0.4773721694946289,0.08167219161987305,0.07972908020019531,2076.71484375
oos_experiment,TK-PB-Drahi_17-d1-HET-ULO-8c673aa6e5-r4,4,TWO_STAGE_RH,LEXMMFPEA,5,5,lex_phase_5,0.763185977935791,0.051589012145996094,0.050024986267089844,2076.71484375
oos_experiment,TK-PB-Drahi_17-d1-HET-ULO-8c673aa6e5-r4,4,TWO_STAGE_RH,LEXMMFPEA,5,5,lex_phase_5,0.4773721694946289,0.07057380676269531,0.06844806671142578,2076.71484375
oos_experiment,TK-PB-Drahi_17-d1-HET-ULO-8c673aa6e5-r4,4,TWO_STAGE_RH,LEXMMFPEA,5,6,economic_tie_break,0.763185977935791,4.053261041641235,4.051630973815918,2076.71484375
oos_experiment,TK-PB-Drahi_17-d1-HET-ULO-8c673aa6e5-r4,4,TWO_STAGE_RH,LEXMMFPEA,5,6,economic_tie_break,0.4773721694946289,5.419173002243042,5.417366981506348,2076.71484375
oos_experiment,TK-PB-Drahi_17-d1-HET-ULO-8c673aa6e5-r4,4,TWO_STAGE_RH,LEXMMFPEA,6,1,lex_phase_1,0.763185977935791,0.6039130687713623,0.21198201179504395,2076.71484375
oos_experiment,TK-PB-Drahi_17-d1-HET-ULO-8c673aa6e5-r4,4,TWO_STAGE_RH,LEXMMFPEA,6,1,lex_phase_1,0.4773721694946289,0.7989091873168945,0.29635095596313477,2076.71484375
oos_experiment,TK-PB-Drahi_17-d1-HET-ULO-8c673aa6e5-r4,4,TWO_STAGE_RH,LEXMMFPEA,6,2,lex_phase_2,0.763185977935791,0.06128501892089844,0.05953502655029297,2076.71484375
oos_experiment,TK-PB-Drahi_17-d1-HET-ULO-8c673aa6e5-r4,4,TWO_STAGE_RH,LEXMMFPEA,6,2,lex_phase_2,0.4773721694946289,0.0783231258392334,0.07681512832641602,2076.71484375
oos_experiment,TK-PB-Drahi_17-d1-HET-ULO-8c673aa6e5-r4,4,TWO_STAGE_RH,LEXMMFPEA,6,3,lex_phase_3,0.763185977935791,0.0643150806427002,0.062497854232788086,2076.71484375
oos_experiment,TK-PB-Drahi_17-d1-HET-ULO-8c673aa6e5-r4,4,TWO_STAGE_RH,LEXMMFPEA,6,3,lex_phase_3,0.4773721694946289,0.08008790016174316,0.07812714576721191,2076.71484375
oos_experiment,TK-PB-Drahi_17-d1-HET-ULO-8c673aa6e5-r4,4,TWO_STAGE_RH,LEXMMFPEA,6,4,lex_phase_4,0.763185977935791,0.060243844985961914,0.05855298042297363,2076.71484375
oos_experiment,TK-PB-Drahi_17-d1-HET-ULO-8c673aa6e5-r4,4,TWO_STAGE_RH,LEXMMFPEA,6,4,lex_phase_4,0.4773721694946289,0.08167219161987305,0.07972908020019531,2076.71484375
oos_experiment,TK-PB-Drahi_17-d1-HET-ULO-8c673aa6e5-r4,4,TWO_STAGE_RH,LEXMMFPEA,6,5,lex_phase_5,0.763185977935791,0.051589012145996094,0.050024986267089844,2076.71484375
oos_experiment,TK-PB-Drahi_17-d1-HET-ULO-8c673aa6e5-r4,4,TWO_STAGE_RH,LEXMMFPEA,6,5,lex_phase_5,0.4773721694946289,0.07057380676269531,0.06844806671142578,2076.71484375
oos_experiment,TK-PB-Drahi_17-d1-HET-ULO-8c673aa6e5-r4,4,TWO_STAGE_RH,LEXMMFPEA,6,6,economic_tie_break,0.763185977935791,4.053261041641235,4.051630973815918,2076.71484375
oos_experiment,TK-PB-Drahi_17-d1-HET-ULO-8c673aa6e5-r4,4,TWO_STAGE_RH,LEXMMFPEA,6,6,economic_tie_break,0.4773721694946289,5.419173002243042,5.417366981506348,2076.71484375
oos_experiment,TK-PB-Drahi_17-d1-HET-ULO-8c673aa6e5-r4,4,TWO_STAGE_RH,LEXMMFPEA,7,1,lex_phase_1,0.763185977935791,0.6039130687713623,0.21198201179504395,2076.71484375
oos_experiment,TK-PB-Drahi_17-d1-HET-ULO-8c673aa6e5-r4,4,TWO_STAGE_RH,LEXMMFPEA,7,1,lex_phase_1,0.4773721694946289,0.7989091873168945,0.29635095596313477,2076.71484375
oos_experiment,TK-PB-Drahi_17-d1-HET-ULO-8c673aa6e5-r4,4,TWO_STAGE_RH,LEXMMFPEA,7,2,lex_phase_2,0.763185977935791,0.06128501892089844,0.05953502655029297,2076.71484375
oos_experiment,TK-PB-Drahi_17-d1-HET-ULO-8c673aa6e5-r4,4,TWO_STAGE_RH,LEXMMFPEA,7,2,lex_phase_2,0.4773721694946289,0.0783231258392334,0.07681512832641602,2076.71484375
oos_experiment,TK-PB-Drahi_17-d1-HET-ULO-8c673aa6e5-r4,4,TWO_STAGE_RH,LEXMMFPEA,7,3,lex_phase_3,0.763185977935791,0.0643150806427002,0.062497854232788086,2076.71484375
oos_experiment,TK-PB-Drahi_17-d1-HET-ULO-8c673aa6e5-r4,4,TWO_STAGE_RH,LEXMMFPEA,7,3,lex_phase_3,0.4773721694946289,0.08008790016174316,0.07812714576721191,2076.71484375
oos_experiment,TK-PB-Drahi_17-d1-HET-ULO-8c673aa6e5-r4,4,TWO_STAGE_RH,LEXMMFPEA,7,4,lex_phase_4,0.763185977935791,0.060243844985961914,0.05855298042297363,2076.71484375
oos_experiment,TK-PB-Drahi_17-d1-HET-ULO-8c673aa6e5-r4,4,TWO_STAGE_RH,LEXMMFPEA,7,4,lex_phase_4,0.4773721694946289,0.08167219161987305,0.07972908020019531,2076.71484375
oos_experiment,TK-PB-Drahi_17-d1-HET-ULO-8c673aa6e5-r4,4,TWO_STAGE_RH,LEXMMFPEA,7,5,lex_phase_5,0.763185977935791,0.051589012145996094,0.050024986267089844,2076.71484375
oos_experiment,TK-PB-Drahi_17-d1-HET-ULO-8c673aa6e5-r4,4,TWO_STAGE_RH,LEXMMFPEA,7,5,lex_phase_5,0.4773721694946289,0.07057380676269531,0.06844806671142578,2076.71484375
oos_experiment,TK-PB-Drahi_17-d1-HET-ULO-8c673aa6e5-r4,4,TWO_STAGE_RH,LEXMMFPEA,7,6,economic_tie_break,0.763185977935791,4.053261041641235,4.051630973815918,2076.71484375
oos_experiment,TK-PB-Drahi_17-d1-HET-ULO-8c673aa6e5-r4,4,TWO_STAGE_RH,LEXMMFPEA,7,6,economic_tie_break,0.4773721694946289,5.419173002243042,5.417366981506348,2076.71484375
oos_experiment,TK-PB-Drahi_17-d1-HET-ULO-8c673aa6e5-r4,4,TWO_STAGE_RH,LEXMMFPEA,8,1,lex_phase_1,0.763185977935791,0.6039130687713623,0.21198201179504395,2076.71484375
oos_experiment,TK-PB-Drahi_17-d1-HET-ULO-8c673aa6e5-r4,4,TWO_STAGE_RH,LEXMMFPEA,8,1,lex_phase_1,0.4773721694946289,0.7989091873168945,0.29635095596313477,2076.71484375
oos_experiment,TK-PB-Drahi_17-d1-HET-ULO-8c673aa6e5-r4,4,TWO_STAGE_RH,LEXMMFPEA,8,2,lex_phase_2,0.763185977935791,0.06128501892089844,0.05953502655029297,2076.71484375
oos_experiment,TK-PB-Drahi_17-d1-HET-ULO-8c673aa6e5-r4,4,TWO_STAGE_RH,LEXMMFPEA,8,2,lex_phase_2,0.4773721694946289,0.0783231258392334,0.07681512832641602,2076.71484375
oos_experiment,TK-PB-Drahi_17-d1-HET-ULO-8c673aa6e5-r4,4,TWO_STAGE_RH,LEXMMFPEA,8,3,lex_phase_3,0.763185977935791,0.0643150806427002,0.062497854232788086,2076.71484375
oos_experiment,TK-PB-Drahi_17-d1-HET-ULO-8c673aa6e5-r4,4,TWO_STAGE_RH,LEXMMFPEA,8,3,lex_phase_3,0.4773721694946289,0.08008790016174316,0.07812714576721191,2076.71484375
oos_experiment,TK-PB-Drahi_17-d1-HET-ULO-8c673aa6e5-r4,4,TWO_STAGE_RH,LEXMMFPEA,8,4,lex_phase_4,0.763185977935791,0.060243844985961914,0.05855298042297363,2076.71484375
oos_experiment,TK-PB-Drahi_17-d1-HET-ULO-8c673aa6e5-r4,4,TWO_STAGE_RH,LEXMMFPEA,8,4,lex_phase_4,0.4773721694946289,0.08167219161987305,0.07972908020019531,2076.71484375
oos_experiment,TK-PB-Drahi_17-d1-HET-ULO-8c673aa6e5-r4,4,TWO_STAGE_RH,LEXMMFPEA,8,5,lex_phase_5,0.763185977935791,0.051589012145996094,0.050024986267089844,2076.71484375
oos_experiment,TK-PB-Drahi_17-d1-HET-ULO-8c673aa6e5-r4,4,TWO_STAGE_RH,LEXMMFPEA,8,5,lex_phase_5,0.4773721694946289,0.07057380676269531,0.06844806671142578,2076.71484375
oos_experiment,TK-PB-Drahi_17-d1-HET-ULO-8c673aa6e5-r4,4,TWO_STAGE_RH,LEXMMFPEA,8,6,economic_tie_break,0.763185977935791,4.053261041641235,4.051630973815918,2076.71484375
oos_experiment,TK-PB-Drahi_17-d1-HET-ULO-8c673aa6e5-r4,4,TWO_STAGE_RH,LEXMMFPEA,8,6,economic_tie_break,0.4773721694946289,5.419173002243042,5.417366981506348,2076.71484375
oos_experiment,TK-PB-Drahi_17-d1-HET-ULO-8c673aa6e5-r4,4,TWO_STAGE_RH,LEXMMFPEA,9,1,lex_phase_1,0.2726161479949951,0.5726039409637451,0.16771793365478516,2076.71484375
oos_experiment,TK-PB-Drahi_17-d1-HET-ULO-8c673aa6e5-r4,4,TWO_STAGE_RH,LEXMMFPEA,9,1,lex_phase_1,0.28233909606933594,0.8315019607543945,0.26758599281311035,2076.71484375
oos_experiment,TK-PB-Drahi_17-d1-HET-ULO-8c673aa6e5-r4,4,TWO_STAGE_RH,LEXMMFPEA,9,2,lex_phase_2,0.2726161479949951,0.05524802207946777,0.05365490913391113,2076.71484375
oos_experiment,TK-PB-Drahi_17-d1-HET-ULO-8c673aa6e5-r4,4,TWO_STAGE_RH,LEXMMFPEA,9,2,lex_phase_2,0.28233909606933594,0.0774221420288086,0.07518196105957031,2076.71484375
oos_experiment,TK-PB-Drahi_17-d1-HET-ULO-8c673aa6e5-r4,4,TWO_STAGE_RH,LEXMMFPEA,9,3,lex_phase_3,0.2726161479949951,0.05630993843078613,0.05456805229187012,2076.71484375
oos_experiment,TK-PB-Drahi_17-d1-HET-ULO-8c673aa6e5-r4,4,TWO_STAGE_RH,LEXMMFPEA,9,3,lex_phase_3,0.28233909606933594,0.0857391357421875,0.08417701721191406,2076.71484375
oos_experiment,TK-PB-Drahi_17-d1-HET-ULO-8c673aa6e5-r4,4,TWO_STAGE_RH,LEXMMFPEA,9,4,lex_phase_4,0.2726161479949951,0.06073713302612305,0.05894804000854492,2076.71484375
oos_experiment,TK-PB-Drahi_17-d1-HET-ULO-8c673aa6e5-r4,4,TWO_STAGE_RH,LEXMMFPEA,9,4,lex_phase_4,0.28233909606933594,0.08785295486450195,0.08590388298034668,2076.71484375
oos_experiment,TK-PB-Drahi_17-d1-HET-ULO-8c673aa6e5-r4,4,TWO_STAGE_RH,LEXMMFPEA,9,5,lex_phase_5,0.2726161479949951,0.05575203895568848,0.05405616760253906,2076.71484375
oos_experiment,TK-PB-Drahi_17-d1-HET-ULO-8c673aa6e5-r4,4,TWO_STAGE_RH,LEXMMFPEA,9,5,lex_phase_5,0.28233909606933594,0.07837796211242676,0.07663202285766602,2076.71484375
oos_experiment,TK-PB-Drahi_17-d1-HET-ULO-8c673aa6e5-r4,4,TWO_STAGE_RH,LEXMMFPEA,9,6,economic_tie_break,0.2726161479949951,1.1865289211273193,1.1845040321350098,2076.71484375
oos_experiment,TK-PB-Drahi_17-d1-HET-ULO-8c673aa6e5-r4,4,TWO_STAGE_RH,LEXMMFPEA,9,6,economic_tie_break,0.28233909606933594,1.746973991394043,1.7447068691253662,2076.71484375
oos_experiment,TK-PB-Drahi_17-d1-HET-ULO-8c673aa6e5-r4,4,TWO_STAGE_RH,LEXMMFPEA,10,1,lex_phase_1,0.2726161479949951,0.5726039409637451,0.16771793365478516,2076.71484375
oos_experiment,TK-PB-Drahi_17-d1-HET-ULO-8c673aa6e5-r4,4,TWO_STAGE_RH,LEXMMFPEA,10,1,lex_phase_1,0.28233909606933594,0.8315019607543945,0.26758599281311035,2076.71484375
oos_experiment,TK-PB-Drahi_17-d1-HET-ULO-8c673aa6e5-r4,4,TWO_STAGE_RH,LEXMMFPEA,10,2,lex_phase_2,0.2726161479949951,0.05524802207946777,0.05365490913391113,2076.71484375
oos_experiment,TK-PB-Drahi_17-d1-HET-ULO-8c673aa6e5-r4,4,TWO_STAGE_RH,LEXMMFPEA,10,2,lex_phase_2,0.28233909606933594,0.0774221420288086,0.07518196105957031,2076.71484375
oos_experiment,TK-PB-Drahi_17-d1-HET-ULO-8c673aa6e5-r4,4,TWO_STAGE_RH,LEXMMFPEA,10,3,lex_phase_3,0.2726161479949951,0.05630993843078613,0.05456805229187012,2076.71484375
oos_experiment,TK-PB-Drahi_17-d1-HET-ULO-8c673aa6e5-r4,4,TWO_STAGE_RH,LEXMMFPEA,10,3,lex_phase_3,0.28233909606933594,0.0857391357421875,0.08417701721191406,2076.71484375
oos_experiment,TK-PB-Drahi_17-d1-HET-ULO-8c673aa6e5-r4,4,TWO_STAGE_RH,LEXMMFPEA,10,4,lex_phase_4,0.2726161479949951,0.06073713302612305,0.05894804000854492,2076.71484375
oos_experiment,TK-PB-Drahi_17-d1-HET-ULO-8c673aa6e5-r4,4,TWO_STAGE_RH,LEXMMFPEA,10,4,lex_phase_4,0.28233909606933594,0.08785295486450195,0.08590388298034668,2076.71484375
oos_experiment,TK-PB-Drahi_17-d1-HET-ULO-8c673aa6e5-r4,4,TWO_STAGE_RH,LEXMMFPEA,10,5,lex_phase_5,0.2726161479949951,0.05575203895568848,0.05405616760253906,2076.71484375
oos_experiment,TK-PB-Drahi_17-d1-HET-ULO-8c673aa6e5-r4,4,TWO_STAGE_RH,LEXMMFPEA,10,5,lex_phase_5,0.28233909606933594,0.07837796211242676,0.07663202285766602,2076.71484375
oos_experiment,TK-PB-Drahi_17-d1-HET-ULO-8c673aa6e5-r4,4,TWO_STAGE_RH,LEXMMFPEA,10,6,economic_tie_break,0.2726161479949951,1.1865289211273193,1.1845040321350098,2076.71484375
oos_experiment,TK-PB-Drahi_17-d1-HET-ULO-8c673aa6e5-r4,4,TWO_STAGE_RH,LEXMMFPEA,10,6,economic_tie_break,0.28233909606933594,1.746973991394043,1.7447068691253662,2076.71484375
oos_experiment,TK-PB-Drahi_17-d1-HET-ULO-8c673aa6e5-r4,4,TWO_STAGE_RH,LEXMMFPEA,11,1,lex_phase_1,0.2726161479949951,0.5726039409637451,0.16771793365478516,2076.71484375
oos_experiment,TK-PB-Drahi_17-d1-HET-ULO-8c673aa6e5-r4,4,TWO_STAGE_RH,LEXMMFPEA,11,1,lex_phase_1,0.28233909606933594,0.8315019607543945,0.26758599281311035,2076.71484375
oos_experiment,TK-PB-Drahi_17-d1-HET-ULO-8c673aa6e5-r4,4,TWO_STAGE_RH,LEXMMFPEA,11,2,lex_phase_2,0.2726161479949951,0.05524802207946777,0.05365490913391113,2076.71484375
oos_experiment,TK-PB-Drahi_17-d1-HET-ULO-8c673aa6e5-r4,4,TWO_STAGE_RH,LEXMMFPEA,11,2,lex_phase_2,0.28233909606933594,0.0774221420288086,0.07518196105957031,2076.71484375
oos_experiment,TK-PB-Drahi_17-d1-HET-ULO-8c673aa6e5-r4,4,TWO_STAGE_RH,LEXMMFPEA,11,3,lex_phase_3,0.2726161479949951,0.05630993843078613,0.05456805229187012,2076.71484375
oos_experiment,TK-PB-Drahi_17-d1-HET-ULO-8c673aa6e5-r4,4,TWO_STAGE_RH,LEXMMFPEA,11,3,lex_phase_3,0.28233909606933594,0.0857391357421875,0.08417701721191406,2076.71484375
oos_experiment,TK-PB-Drahi_17-d1-HET-ULO-8c673aa6e5-r4,4,TWO_STAGE_RH,LEXMMFPEA,11,4,lex_phase_4,0.2726161479949951,0.06073713302612305,0.05894804000854492,2076.71484375
oos_experiment,TK-PB-Drahi_17-d1-HET-ULO-8c673aa6e5-r4,4,TWO_STAGE_RH,LEXMMFPEA,11,4,lex_phase_4,0.28233909606933594,0.08785295486450195,0.08590388298034668,2076.71484375
oos_experiment,TK-PB-Drahi_17-d1-HET-ULO-8c673aa6e5-r4,4,TWO_STAGE_RH,LEXMMFPEA,11,5,lex_phase_5,0.2726161479949951,0.05575203895568848,0.05405616760253906,2076.71484375
oos_experiment,TK-PB-Drahi_17-d1-HET-ULO-8c673aa6e5-r4,4,TWO_STAGE_RH,LEXMMFPEA,11,5,lex_phase_5,0.28233909606933594,0.07837796211242676,0.07663202285766602,2076.71484375
oos_experiment,TK-PB-Drahi_17-d1-HET-ULO-8c673aa6e5-r4,4,TWO_STAGE_RH,LEXMMFPEA,11,6,economic_tie_break,0.2726161479949951,1.1865289211273193,1.1845040321350098,2076.71484375
oos_experiment,TK-PB-Drahi_17-d1-HET-ULO-8c673aa6e5-r4,4,TWO_STAGE_RH,LEXMMFPEA,11,6,economic_tie_break,0.28233909606933594,1.746973991394043,1.7447068691253662,2076.71484375
oos_experiment,TK-PB-Drahi_17-d1-HET-ULO-8c673aa6e5-r4,4,TWO_STAGE_RH,LEXMMFPEA,12,1,lex_phase_1,0.2726161479949951,0.5726039409637451,0.16771793365478516,2076.71484375
oos_experiment,TK-PB-Drahi_17-d1-HET-ULO-8c673aa6e5-r4,4,TWO_STAGE_RH,LEXMMFPEA,12,1,lex_phase_1,0.28233909606933594,0.8315019607543945,0.26758599281311035,2076.71484375
oos_experiment,TK-PB-Drahi_17-d1-HET-ULO-8c673aa6e5-r4,4,TWO_STAGE_RH,LEXMMFPEA,12,2,lex_phase_2,0.2726161479949951,0.05524802207946777,0.05365490913391113,2076.71484375
oos_experiment,TK-PB-Drahi_17-d1-HET-ULO-8c673aa6e5-r4,4,TWO_STAGE_RH,LEXMMFPEA,12,2,lex_phase_2,0.28233909606933594,0.0774221420288086,0.07518196105957031,2076.71484375
oos_experiment,TK-PB-Drahi_17-d1-HET-ULO-8c673aa6e5-r4,4,TWO_STAGE_RH,LEXMMFPEA,12,3,lex_phase_3,0.2726161479949951,0.05630993843078613,0.05456805229187012,2076.71484375
oos_experiment,TK-PB-Drahi_17-d1-HET-ULO-8c673aa6e5-r4,4,TWO_STAGE_RH,LEXMMFPEA,12,3,lex_phase_3,0.28233909606933594,0.0857391357421875,0.08417701721191406,2076.71484375
oos_experiment,TK-PB-Drahi_17-d1-HET-ULO-8c673aa6e5-r4,4,TWO_STAGE_RH,LEXMMFPEA,12,4,lex_phase_4,0.2726161479949951,0.06073713302612305,0.05894804000854492,2076.71484375
oos_experiment,TK-PB-Drahi_17-d1-HET-ULO-8c673aa6e5-r4,4,TWO_STAGE_RH,LEXMMFPEA,12,4,lex_phase_4,0.28233909606933594,0.08785295486450195,0.08590388298034668,2076.71484375
oos_experiment,TK-PB-Drahi_17-d1-HET-ULO-8c673aa6e5-r4,4,TWO_STAGE_RH,LEXMMFPEA,12,5,lex_phase_5,0.2726161479949951,0.05575203895568848,0.05405616760253906,2076.71484375
oos_experiment,TK-PB-Drahi_17-d1-HET-ULO-8c673aa6e5-r4,4,TWO_STAGE_RH,LEXMMFPEA,12,5,lex_phase_5,0.28233909606933594,0.07837796211242676,0.07663202285766602,2076.71484375
oos_experiment,TK-PB-Drahi_17-d1-HET-ULO-8c673aa6e5-r4,4,TWO_STAGE_RH,LEXMMFPEA,12,6,economic_tie_break,0.2726161479949951,1.1865289211273193,1.1845040321350098,2076.71484375
oos_experiment,TK-PB-Drahi_17-d1-HET-ULO-8c673aa6e5-r4,4,TWO_STAGE_RH,LEXMMFPEA,12,6,economic_tie_break,0.28233909606933594,1.746973991394043,1.7447068691253662,2076.71484375
oos_experiment,TK-PB-Drahi_17-d1-HET-ULO-8c673aa6e5-r4,4,TWO_STAGE_RH,LEXMMFPEA,13,1,lex_phase_1,0.1869368553161621,0.5876071453094482,0.19214510917663574,2076.71484375
oos_experiment,TK-PB-Drahi_17-d1-HET-ULO-8c673aa6e5-r4,4,TWO_STAGE_RH,LEXMMFPEA,13,1,lex_phase_1,0.5429589748382568,0.8286259174346924,0.2632720470428467,2076.71484375
oos_experiment,TK-PB-Drahi_17-d1-HET-ULO-8c673aa6e5-r4,4,TWO_STAGE_RH,LEXMMFPEA,13,2,lex_phase_2,0.1869368553161621,0.06062197685241699,0.058984994888305664,2076.71484375
oos_experiment,TK-PB-Drahi_17-d1-HET-ULO-8c673aa6e5-r4,4,TWO_STAGE_RH,LEXMMFPEA,13,2,lex_phase_2,0.5429589748382568,0.08599400520324707,0.0842888355255127,2076.71484375
oos_experiment,TK-PB-Drahi_17-d1-HET-ULO-8c673aa6e5-r4,4,TWO_STAGE_RH,LEXMMFPEA,13,3,lex_phase_3,0.1869368553161621,0.05951404571533203,0.05777096748352051,2076.71484375
oos_experiment,TK-PB-Drahi_17-d1-HET-ULO-8c673aa6e5-r4,4,TWO_STAGE_RH,LEXMMFPEA,13,3,lex_phase_3,0.5429589748382568,0.07160711288452148,0.06978082656860352,2076.71484375
oos_experiment,TK-PB-Drahi_17-d1-HET-ULO-8c673aa6e5-r4,4,TWO_STAGE_RH,LEXMMFPEA,13,4,lex_phase_4,0.1869368553161621,0.05913996696472168,0.05743217468261719,2076.71484375
oos_experiment,TK-PB-Drahi_17-d1-HET-ULO-8c673aa6e5-r4,4,TWO_STAGE_RH,LEXMMFPEA,13,4,lex_phase_4,0.5429589748382568,0.07788705825805664,0.0757899284362793,2076.71484375
oos_experiment,TK-PB-Drahi_17-d1-HET-ULO-8c673aa6e5-r4,4,TWO_STAGE_RH,LEXMMFPEA,13,5,lex_phase_5,0.1869368553161621,0.05329608917236328,0.051518917083740234,2076.71484375
oos_experiment,TK-PB-Drahi_17-d1-HET-ULO-8c673aa6e5-r4,4,TWO_STAGE_RH,LEXMMFPEA,13,5,lex_phase_5,0.5429589748382568,0.06607222557067871,0.06435799598693848,2076.71484375
oos_experiment,TK-PB-Drahi_17-d1-HET-ULO-8c673aa6e5-r4,4,TWO_STAGE_RH,LEXMMFPEA,13,6,economic_tie_break,0.1869368553161621,1.604841947555542,1.6030991077423096,2076.71484375
oos_experiment,TK-PB-Drahi_17-d1-HET-ULO-8c673aa6e5-r4,4,TWO_STAGE_RH,LEXMMFPEA,13,6,economic_tie_break,0.5429589748382568,2.8177061080932617,2.8161709308624268,2076.71484375
oos_experiment,TK-PB-Drahi_17-d1-HET-ULO-8c673aa6e5-r4,4,TWO_STAGE_RH,LEXMMFPEA,14,1,lex_phase_1,0.1869368553161621,0.5876071453094482,0.19214510917663574,2076.71484375
oos_experiment,TK-PB-Drahi_17-d1-HET-ULO-8c673aa6e5-r4,4,TWO_STAGE_RH,LEXMMFPEA,14,1,lex_phase_1,0.5429589748382568,0.8286259174346924,0.2632720470428467,2076.71484375
oos_experiment,TK-PB-Drahi_17-d1-HET-ULO-8c673aa6e5-r4,4,TWO_STAGE_RH,LEXMMFPEA,14,2,lex_phase_2,0.1869368553161621,0.06062197685241699,0.058984994888305664,2076.71484375
oos_experiment,TK-PB-Drahi_17-d1-HET-ULO-8c673aa6e5-r4,4,TWO_STAGE_RH,LEXMMFPEA,14,2,lex_phase_2,0.5429589748382568,0.08599400520324707,0.0842888355255127,2076.71484375
oos_experiment,TK-PB-Drahi_17-d1-HET-ULO-8c673aa6e5-r4,4,TWO_STAGE_RH,LEXMMFPEA,14,3,lex_phase_3,0.1869368553161621,0.05951404571533203,0.05777096748352051,2076.71484375
oos_experiment,TK-PB-Drahi_17-d1-HET-ULO-8c673aa6e5-r4,4,TWO_STAGE_RH,LEXMMFPEA,14,3,lex_phase_3,0.5429589748382568,0.07160711288452148,0.06978082656860352,2076.71484375
oos_experiment,TK-PB-Drahi_17-d1-HET-ULO-8c673aa6e5-r4,4,TWO_STAGE_RH,LEXMMFPEA,14,4,lex_phase_4,0.1869368553161621,0.05913996696472168,0.05743217468261719,2076.71484375
oos_experiment,TK-PB-Drahi_17-d1-HET-ULO-8c673aa6e5-r4,4,TWO_STAGE_RH,LEXMMFPEA,14,4,lex_phase_4,0.5429589748382568,0.07788705825805664,0.0757899284362793,2076.71484375
oos_experiment,TK-PB-Drahi_17-d1-HET-ULO-8c673aa6e5-r4,4,TWO_STAGE_RH,LEXMMFPEA,14,5,lex_phase_5,0.1869368553161621,0.05329608917236328,0.051518917083740234,2076.71484375
oos_experiment,TK-PB-Drahi_17-d1-HET-ULO-8c673aa6e5-r4,4,TWO_STAGE_RH,LEXMMFPEA,14,5,lex_phase_5,0.5429589748382568,0.06607222557067871,0.06435799598693848,2076.71484375
oos_experiment,TK-PB-Drahi_17-d1-HET-ULO-8c673aa6e5-r4,4,TWO_STAGE_RH,LEXMMFPEA,14,6,economic_tie_break,0.1869368553161621,1.604841947555542,1.6030991077423096,2076.71484375
oos_experiment,TK-PB-Drahi_17-d1-HET-ULO-8c673aa6e5-r4,4,TWO_STAGE_RH,LEXMMFPEA,14,6,economic_tie_break,0.5429589748382568,2.8177061080932617,2.8161709308624268,2076.71484375
oos_experiment,TK-PB-Drahi_17-d1-HET-ULO-8c673aa6e5-r4,4,TWO_STAGE_RH,LEXMMFPEA,15,1,lex_phase_1,0.1869368553161621,0.5876071453094482,0.19214510917663574,2076.71484375
oos_experiment,TK-PB-Drahi_17-d1-HET-ULO-8c673aa6e5-r4,4,TWO_STAGE_RH,LEXMMFPEA,15,1,lex_phase_1,0.5429589748382568,0.8286259174346924,0.2632720470428467,2076.71484375
oos_experiment,TK-PB-Drahi_17-d1-HET-ULO-8c673aa6e5-r4,4,TWO_STAGE_RH,LEXMMFPEA,15,2,lex_phase_2,0.1869368553161621,0.06062197685241699,0.058984994888305664,2076.71484375
oos_experiment,TK-PB-Drahi_17-d1-HET-ULO-8c673aa6e5-r4,4,TWO_STAGE_RH,LEXMMFPEA,15,2,lex_phase_2,0.5429589748382568,0.08599400520324707,0.0842888355255127,2076.71484375
oos_experiment,TK-PB-Drahi_17-d1-HET-ULO-8c673aa6e5-r4,4,TWO_STAGE_RH,LEXMMFPEA,15,3,lex_phase_3,0.1869368553161621,0.05951404571533203,0.05777096748352051,2076.71484375
oos_experiment,TK-PB-Drahi_17-d1-HET-ULO-8c673aa6e5-r4,4,TWO_STAGE_RH,LEXMMFPEA,15,3,lex_phase_3,0.5429589748382568,0.07160711288452148,0.06978082656860352,2076.71484375
oos_experiment,TK-PB-Drahi_17-d1-HET-ULO-8c673aa6e5-r4,4,TWO_STAGE_RH,LEXMMFPEA,15,4,lex_phase_4,0.1869368553161621,0.05913996696472168,0.05743217468261719,2076.71484375
oos_experiment,TK-PB-Drahi_17-d1-HET-ULO-8c673aa6e5-r4,4,TWO_STAGE_RH,LEXMMFPEA,15,4,lex_phase_4,0.5429589748382568,0.07788705825805664,0.0757899284362793,2076.71484375
oos_experiment,TK-PB-Drahi_17-d1-HET-ULO-8c673aa6e5-r4,4,TWO_STAGE_RH,LEXMMFPEA,15,5,lex_phase_5,0.1869368553161621,0.05329608917236328,0.051518917083740234,2076.71484375
oos_experiment,TK-PB-Drahi_17-d1-HET-ULO-8c673aa6e5-r4,4,TWO_STAGE_RH,LEXMMFPEA,15,5,lex_phase_5,0.5429589748382568,0.06607222557067871,0.06435799598693848,2076.71484375
oos_experiment,TK-PB-Drahi_17-d1-HET-ULO-8c673aa6e5-r4,4,TWO_STAGE_RH,LEXMMFPEA,15,6,economic_tie_break,0.1869368553161621,1.604841947555542,1.6030991077423096,2076.71484375
oos_experiment,TK-PB-Drahi_17-d1-HET-ULO-8c673aa6e5-r4,4,TWO_STAGE_RH,LEXMMFPEA,15,6,economic_tie_break,0.5429589748382568,2.8177061080932617,2.8161709308624268,2076.71484375
oos_experiment,TK-PB-Drahi_17-d1-HET-ULO-8c673aa6e5-r4,4,TWO_STAGE_RH,LEXMMFPEA,16,1,lex_phase_1,0.1869368553161621,0.5876071453094482,0.19214510917663574,2076.71484375
oos_experiment,TK-PB-Drahi_17-d1-HET-ULO-8c673aa6e5-r4,4,TWO_STAGE_RH,LEXMMFPEA,16,1,lex_phase_1,0.5429589748382568,0.8286259174346924,0.2632720470428467,2076.71484375
oos_experiment,TK-PB-Drahi_17-d1-HET-ULO-8c673aa6e5-r4,4,TWO_STAGE_RH,LEXMMFPEA,16,2,lex_phase_2,0.1869368553161621,0.06062197685241699,0.058984994888305664,2076.71484375
oos_experiment,TK-PB-Drahi_17-d1-HET-ULO-8c673aa6e5-r4,4,TWO_STAGE_RH,LEXMMFPEA,16,2,lex_phase_2,0.5429589748382568,0.08599400520324707,0.0842888355255127,2076.71484375
oos_experiment,TK-PB-Drahi_17-d1-HET-ULO-8c673aa6e5-r4,4,TWO_STAGE_RH,LEXMMFPEA,16,3,lex_phase_3,0.1869368553161621,0.05951404571533203,0.05777096748352051,2076.71484375
oos_experiment,TK-PB-Drahi_17-d1-HET-ULO-8c673aa6e5-r4,4,TWO_STAGE_RH,LEXMMFPEA,16,3,lex_phase_3,0.5429589748382568,0.07160711288452148,0.06978082656860352,2076.71484375
oos_experiment,TK-PB-Drahi_17-d1-HET-ULO-8c673aa6e5-r4,4,TWO_STAGE_RH,LEXMMFPEA,16,4,lex_phase_4,0.1869368553161621,0.05913996696472168,0.05743217468261719,2076.71484375
oos_experiment,TK-PB-Drahi_17-d1-HET-ULO-8c673aa6e5-r4,4,TWO_STAGE_RH,LEXMMFPEA,16,4,lex_phase_4,0.5429589748382568,0.07788705825805664,0.0757899284362793,2076.71484375
oos_experiment,TK-PB-Drahi_17-d1-HET-ULO-8c673aa6e5-r4,4,TWO_STAGE_RH,LEXMMFPEA,16,5,lex_phase_5,0.1869368553161621,0.05329608917236328,0.051518917083740234,2076.71484375
oos_experiment,TK-PB-Drahi_17-d1-HET-ULO-8c673aa6e5-r4,4,TWO_STAGE_RH,LEXMMFPEA,16,5,lex_phase_5,0.5429589748382568,0.06607222557067871,0.06435799598693848,2076.71484375
oos_experiment,TK-PB-Drahi_17-d1-HET-ULO-8c673aa6e5-r4,4,TWO_STAGE_RH,LEXMMFPEA,16,6,economic_tie_break,0.1869368553161621,1.604841947555542,1.6030991077423096,2076.71484375
oos_experiment,TK-PB-Drahi_17-d1-HET-ULO-8c673aa6e5-r4,4,TWO_STAGE_RH,LEXMMFPEA,16,6,economic_tie_break,0.5429589748382568,2.8177061080932617,2.8161709308624268,2076.71484375
oos_experiment,TK-PB-Drahi_17-d1-HET-ULO-8c673aa6e5-r4,4,TWO_STAGE_RH,LEXMMFPEA,17,1,lex_phase_1,0.33760905265808105,0.6258769035339355,0.2140059471130371,2076.71484375
oos_experiment,TK-PB-Drahi_17-d1-HET-ULO-8c673aa6e5-r4,4,TWO_STAGE_RH,LEXMMFPEA,17,1,lex_phase_1,1.0346860885620117,0.924177885055542,0.3144948482513428,2076.71484375
oos_experiment,TK-PB-Drahi_17-d1-HET-ULO-8c673aa6e5-r4,4,TWO_STAGE_RH,LEXMMFPEA,17,2,lex_phase_2,0.33760905265808105,0.06313300132751465,0.06134605407714844,2076.71484375
oos_experiment,TK-PB-Drahi_17-d1-HET-ULO-8c673aa6e5-r4,4,TWO_STAGE_RH,LEXMMFPEA,17,2,lex_phase_2,1.0346860885620117,0.09521293640136719,0.09315109252929688,2076.71484375
oos_experiment,TK-PB-Drahi_17-d1-HET-ULO-8c673aa6e5-r4,4,TWO_STAGE_RH,LEXMMFPEA,17,3,lex_phase_3,0.33760905265808105,0.06367087364196777,0.06188607215881348,2076.71484375
oos_experiment,TK-PB-Drahi_17-d1-HET-ULO-8c673aa6e5-r4,4,TWO_STAGE_RH,LEXMMFPEA,17,3,lex_phase_3,1.0346860885620117,0.10565590858459473,0.10352897644042969,2076.71484375
oos_experiment,TK-PB-Drahi_17-d1-HET-ULO-8c673aa6e5-r4,4,TWO_STAGE_RH,LEXMMFPEA,17,4,lex_phase_4,0.33760905265808105,0.059870004653930664,0.058073997497558594,2076.71484375
oos_experiment,TK-PB-Drahi_17-d1-HET-ULO-8c673aa6e5-r4,4,TWO_STAGE_RH,LEXMMFPEA,17,4,lex_phase_4,1.0346860885620117,0.09139108657836914,0.08858299255371094,2076.71484375
oos_experiment,TK-PB-Drahi_17-d1-HET-ULO-8c673aa6e5-r4,4,TWO_STAGE_RH,LEXMMFPEA,17,5,lex_phase_5,0.33760905265808105,0.05401492118835449,0.05223393440246582,2076.71484375
oos_experiment,TK-PB-Drahi_17-d1-HET-ULO-8c673aa6e5-r4,4,TWO_STAGE_RH,LEXMMFPEA,17,5,lex_phase_5,1.0346860885620117,0.08170580863952637,0.07954907417297363,2076.71484375
oos_experiment,TK-PB-Drahi_17-d1-HET-ULO-8c673aa6e5-r4,4,TWO_STAGE_RH,LEXMMFPEA,17,6,economic_tie_break,0.33760905265808105,4.268237113952637,4.266621112823486,2076.71484375
oos_experiment,TK-PB-Drahi_17-d1-HET-ULO-8c673aa6e5-r4,4,TWO_STAGE_RH,LEXMMFPEA,17,6,economic_tie_break,1.0346860885620117,5.790971994400024,5.788441896438599,2076.71484375
oos_experiment,TK-PB-Drahi_17-d1-HET-ULO-8c673aa6e5-r4,4,TWO_STAGE_RH,LEXMMFPEA,18,1,lex_phase_1,0.33760905265808105,0.6258769035339355,0.2140059471130371,2076.71484375
oos_experiment,TK-PB-Drahi_17-d1-HET-ULO-8c673aa6e5-r4,4,TWO_STAGE_RH,LEXMMFPEA,18,1,lex_phase_1,1.0346860885620117,0.924177885055542,0.3144948482513428,2076.71484375
oos_experiment,TK-PB-Drahi_17-d1-HET-ULO-8c673aa6e5-r4,4,TWO_STAGE_RH,LEXMMFPEA,18,2,lex_phase_2,0.33760905265808105,0.06313300132751465,0.06134605407714844,2076.71484375
oos_experiment,TK-PB-Drahi_17-d1-HET-ULO-8c673aa6e5-r4,4,TWO_STAGE_RH,LEXMMFPEA,18,2,lex_phase_2,1.0346860885620117,0.09521293640136719,0.09315109252929688,2076.71484375
oos_experiment,TK-PB-Drahi_17-d1-HET-ULO-8c673aa6e5-r4,4,TWO_STAGE_RH,LEXMMFPEA,18,3,lex_phase_3,0.33760905265808105,0.06367087364196777,0.06188607215881348,2076.71484375
oos_experiment,TK-PB-Drahi_17-d1-HET-ULO-8c673aa6e5-r4,4,TWO_STAGE_RH,LEXMMFPEA,18,3,lex_phase_3,1.0346860885620117,0.10565590858459473,0.10352897644042969,2076.71484375
oos_experiment,TK-PB-Drahi_17-d1-HET-ULO-8c673aa6e5-r4,4,TWO_STAGE_RH,LEXMMFPEA,18,4,lex_phase_4,0.33760905265808105,0.059870004653930664,0.058073997497558594,2076.71484375
oos_experiment,TK-PB-Drahi_17-d1-HET-ULO-8c673aa6e5-r4,4,TWO_STAGE_RH,LEXMMFPEA,18,4,lex_phase_4,1.0346860885620117,0.09139108657836914,0.08858299255371094,2076.71484375
oos_experiment,TK-PB-Drahi_17-d1-HET-ULO-8c673aa6e5-r4,4,TWO_STAGE_RH,LEXMMFPEA,18,5,lex_phase_5,0.33760905265808105,0.05401492118835449,0.05223393440246582,2076.71484375
oos_experiment,TK-PB-Drahi_17-d1-HET-ULO-8c673aa6e5-r4,4,TWO_STAGE_RH,LEXMMFPEA,18,5,lex_phase_5,1.0346860885620117,0.08170580863952637,0.07954907417297363,2076.71484375
oos_experiment,TK-PB-Drahi_17-d1-HET-ULO-8c673aa6e5-r4,4,TWO_STAGE_RH,LEXMMFPEA,18,6,economic_tie_break,0.33760905265808105,4.268237113952637,4.266621112823486,2076.71484375
oos_experiment,TK-PB-Drahi_17-d1-HET-ULO-8c673aa6e5-r4,4,TWO_STAGE_RH,LEXMMFPEA,18,6,economic_tie_break,1.0346860885620117,5.790971994400024,5.788441896438599,2076.71484375
oos_experiment,TK-PB-Drahi_17-d1-HET-ULO-8c673aa6e5-r4,4,TWO_STAGE_RH,LEXMMFPEA,19,1,lex_phase_1,0.33760905265808105,0.6258769035339355,0.2140059471130371,2076.71484375
oos_experiment,TK-PB-Drahi_17-d1-HET-ULO-8c673aa6e5-r4,4,TWO_STAGE_RH,LEXMMFPEA,19,1,lex_phase_1,1.0346860885620117,0.924177885055542,0.3144948482513428,2076.71484375
oos_experiment,TK-PB-Drahi_17-d1-HET-ULO-8c673aa6e5-r4,4,TWO_STAGE_RH,LEXMMFPEA,19,2,lex_phase_2,0.33760905265808105,0.06313300132751465,0.06134605407714844,2076.71484375
oos_experiment,TK-PB-Drahi_17-d1-HET-ULO-8c673aa6e5-r4,4,TWO_STAGE_RH,LEXMMFPEA,19,2,lex_phase_2,1.0346860885620117,0.09521293640136719,0.09315109252929688,2076.71484375
oos_experiment,TK-PB-Drahi_17-d1-HET-ULO-8c673aa6e5-r4,4,TWO_STAGE_RH,LEXMMFPEA,19,3,lex_phase_3,0.33760905265808105,0.06367087364196777,0.06188607215881348,2076.71484375
oos_experiment,TK-PB-Drahi_17-d1-HET-ULO-8c673aa6e5-r4,4,TWO_STAGE_RH,LEXMMFPEA,19,3,lex_phase_3,1.0346860885620117,0.10565590858459473,0.10352897644042969,2076.71484375
oos_experiment,TK-PB-Drahi_17-d1-HET-ULO-8c673aa6e5-r4,4,TWO_STAGE_RH,LEXMMFPEA,19,4,lex_phase_4,0.33760905265808105,0.059870004653930664,0.058073997497558594,2076.71484375
oos_experiment,TK-PB-Drahi_17-d1-HET-ULO-8c673aa6e5-r4,4,TWO_STAGE_RH,LEXMMFPEA,19,4,lex_phase_4,1.0346860885620117,0.09139108657836914,0.08858299255371094,2076.71484375
oos_experiment,TK-PB-Drahi_17-d1-HET-ULO-8c673aa6e5-r4,4,TWO_STAGE_RH,LEXMMFPEA,19,5,lex_phase_5,0.33760905265808105,0.05401492118835449,0.05223393440246582,2076.71484375
oos_experiment,TK-PB-Drahi_17-d1-HET-ULO-8c673aa6e5-r4,4,TWO_STAGE_RH,LEXMMFPEA,19,5,lex_phase_5,1.0346860885620117,0.08170580863952637,0.07954907417297363,2076.71484375
oos_experiment,TK-PB-Drahi_17-d1-HET-ULO-8c673aa6e5-r4,4,TWO_STAGE_RH,LEXMMFPEA,19,6,economic_tie_break,0.33760905265808105,4.268237113952637,4.266621112823486,2076.71484375
oos_experiment,TK-PB-Drahi_17-d1-HET-ULO-8c673aa6e5-r4,4,TWO_STAGE_RH,LEXMMFPEA,19,6,economic_tie_break,1.0346860885620117,5.790971994400024,5.788441896438599,2076.71484375
oos_experiment,TK-PB-Drahi_17-d1-HET-ULO-8c673aa6e5-r4,4,TWO_STAGE_RH,LEXMMFPEA,20,1,lex_phase_1,0.33760905265808105,0.6258769035339355,0.2140059471130371,2076.71484375
oos_experiment,TK-PB-Drahi_17-d1-HET-ULO-8c673aa6e5-r4,4,TWO_STAGE_RH,LEXMMFPEA,20,1,lex_phase_1,1.0346860885620117,0.924177885055542,0.3144948482513428,2076.71484375
oos_experiment,TK-PB-Drahi_17-d1-HET-ULO-8c673aa6e5-r4,4,TWO_STAGE_RH,LEXMMFPEA,20,2,lex_phase_2,0.33760905265808105,0.06313300132751465,0.06134605407714844,2076.71484375
oos_experiment,TK-PB-Drahi_17-d1-HET-ULO-8c673aa6e5-r4,4,TWO_STAGE_RH,LEXMMFPEA,20,2,lex_phase_2,1.0346860885620117,0.09521293640136719,0.09315109252929688,2076.71484375
oos_experiment,TK-PB-Drahi_17-d1-HET-ULO-8c673aa6e5-r4,4,TWO_STAGE_RH,LEXMMFPEA,20,3,lex_phase_3,0.33760905265808105,0.06367087364196777,0.06188607215881348,2076.71484375
oos_experiment,TK-PB-Drahi_17-d1-HET-ULO-8c673aa6e5-r4,4,TWO_STAGE_RH,LEXMMFPEA,20,3,lex_phase_3,1.0346860885620117,0.10565590858459473,0.10352897644042969,2076.71484375
oos_experiment,TK-PB-Drahi_17-d1-HET-ULO-8c673aa6e5-r4,4,TWO_STAGE_RH,LEXMMFPEA,20,4,lex_phase_4,0.33760905265808105,0.059870004653930664,0.058073997497558594,2076.71484375
oos_experiment,TK-PB-Drahi_17-d1-HET-ULO-8c673aa6e5-r4,4,TWO_STAGE_RH,LEXMMFPEA,20,4,lex_phase_4,1.0346860885620117,0.09139108657836914,0.08858299255371094,2076.71484375
oos_experiment,TK-PB-Drahi_17-d1-HET-ULO-8c673aa6e5-r4,4,TWO_STAGE_RH,LEXMMFPEA,20,5,lex_phase_5,0.33760905265808105,0.05401492118835449,0.05223393440246582,2076.71484375
oos_experiment,TK-PB-Drahi_17-d1-HET-ULO-8c673aa6e5-r4,4,TWO_STAGE_RH,LEXMMFPEA,20,5,lex_phase_5,1.0346860885620117,0.08170580863952637,0.07954907417297363,2076.71484375
oos_experiment,TK-PB-Drahi_17-d1-HET-ULO-8c673aa6e5-r4,4,TWO_STAGE_RH,LEXMMFPEA,20,6,economic_tie_break,0.33760905265808105,4.268237113952637,4.266621112823486,2076.71484375
oos_experiment,TK-PB-Drahi_17-d1-HET-ULO-8c673aa6e5-r4,4,TWO_STAGE_RH,LEXMMFPEA,20,6,economic_tie_break,1.0346860885620117,5.790971994400024,5.788441896438599,2076.71484375
oos_experiment,TK-PB-Drahi_17-d1-HET-ULO-8c673aa6e5-r4,4,TWO_STAGE_RH,LEXMMFPEA,21,1,lex_phase_1,0.3393828868865967,0.5524139404296875,0.17626404762268066,2076.71484375
oos_experiment,TK-PB-Drahi_17-d1-HET-ULO-8c673aa6e5-r4,4,TWO_STAGE_RH,LEXMMFPEA,21,1,lex_phase_1,0.4368460178375244,0.825659990310669,0.26773595809936523,2076.71484375
oos_experiment,TK-PB-Drahi_17-d1-HET-ULO-8c673aa6e5-r4,4,TWO_STAGE_RH,LEXMMFPEA,21,2,lex_phase_2,0.3393828868865967,0.06417512893676758,0.06243610382080078,2076.71484375
oos_experiment,TK-PB-Drahi_17-d1-HET-ULO-8c673aa6e5-r4,4,TWO_STAGE_RH,LEXMMFPEA,21,2,lex_phase_2,0.4368460178375244,0.07401800155639648,0.0720980167388916,2076.71484375
oos_experiment,TK-PB-Drahi_17-d1-HET-ULO-8c673aa6e5-r4,4,TWO_STAGE_RH,LEXMMFPEA,21,3,lex_phase_3,0.3393828868865967,0.06450605392456055,0.06269693374633789,2076.71484375
oos_experiment,TK-PB-Drahi_17-d1-HET-ULO-8c673aa6e5-r4,4,TWO_STAGE_RH,LEXMMFPEA,21,3,lex_phase_3,0.4368460178375244,0.07907819747924805,0.07700991630554199,2076.71484375
oos_experiment,TK-PB-Drahi_17-d1-HET-ULO-8c673aa6e5-r4,4,TWO_STAGE_RH,LEXMMFPEA,21,4,lex_phase_4,0.3393828868865967,0.058418989181518555,0.05668997764587402,2076.71484375
oos_experiment,TK-PB-Drahi_17-d1-HET-ULO-8c673aa6e5-r4,4,TWO_STAGE_RH,LEXMMFPEA,21,4,lex_phase_4,0.4368460178375244,0.07778596878051758,0.0753641128540039,2076.71484375
oos_experiment,TK-PB-Drahi_17-d1-HET-ULO-8c673aa6e5-r4,4,TWO_STAGE_RH,LEXMMFPEA,21,5,lex_phase_5,0.3393828868865967,0.053376197814941406,0.051629066467285156,2076.71484375
oos_experiment,TK-PB-Drahi_17-d1-HET-ULO-8c673aa6e5-r4,4,TWO_STAGE_RH,LEXMMFPEA,21,5,lex_phase_5,0.4368460178375244,0.08340692520141602,0.08127808570861816,2076.71484375
oos_experiment,TK-PB-Drahi_17-d1-HET-ULO-8c673aa6e5-r4,4,TWO_STAGE_RH,LEXMMFPEA,21,6,economic_tie_break,0.3393828868865967,6.830507040023804,6.828735113143921,2076.71484375
oos_experiment,TK-PB-Drahi_17-d1-HET-ULO-8c673aa6e5-r4,4,TWO_STAGE_RH,LEXMMFPEA,21,6,economic_tie_break,0.4368460178375244,8.787497997283936,8.785591125488281,2076.71484375
oos_experiment,TK-PB-Drahi_17-d1-HET-ULO-8c673aa6e5-r4,4,TWO_STAGE_RH,LEXMMFPEA,22,1,lex_phase_1,0.3393828868865967,0.5524139404296875,0.17626404762268066,2076.71484375
oos_experiment,TK-PB-Drahi_17-d1-HET-ULO-8c673aa6e5-r4,4,TWO_STAGE_RH,LEXMMFPEA,22,1,lex_phase_1,0.4368460178375244,0.825659990310669,0.26773595809936523,2076.71484375
oos_experiment,TK-PB-Drahi_17-d1-HET-ULO-8c673aa6e5-r4,4,TWO_STAGE_RH,LEXMMFPEA,22,2,lex_phase_2,0.3393828868865967,0.06417512893676758,0.06243610382080078,2076.71484375
oos_experiment,TK-PB-Drahi_17-d1-HET-ULO-8c673aa6e5-r4,4,TWO_STAGE_RH,LEXMMFPEA,22,2,lex_phase_2,0.4368460178375244,0.07401800155639648,0.0720980167388916,2076.71484375
oos_experiment,TK-PB-Drahi_17-d1-HET-ULO-8c673aa6e5-r4,4,TWO_STAGE_RH,LEXMMFPEA,22,3,lex_phase_3,0.3393828868865967,0.06450605392456055,0.06269693374633789,2076.71484375
oos_experiment,TK-PB-Drahi_17-d1-HET-ULO-8c673aa6e5-r4,4,TWO_STAGE_RH,LEXMMFPEA,22,3,lex_phase_3,0.4368460178375244,0.07907819747924805,0.07700991630554199,2076.71484375
oos_experiment,TK-PB-Drahi_17-d1-HET-ULO-8c673aa6e5-r4,4,TWO_STAGE_RH,LEXMMFPEA,22,4,lex_phase_4,0.3393828868865967,0.058418989181518555,0.05668997764587402,2076.71484375
oos_experiment,TK-PB-Drahi_17-d1-HET-ULO-8c673aa6e5-r4,4,TWO_STAGE_RH,LEXMMFPEA,22,4,lex_phase_4,0.4368460178375244,0.07778596878051758,0.0753641128540039,2076.71484375
oos_experiment,TK-PB-Drahi_17-d1-HET-ULO-8c673aa6e5-r4,4,TWO_STAGE_RH,LEXMMFPEA,22,5,lex_phase_5,0.3393828868865967,0.053376197814941406,0.051629066467285156,2076.71484375
oos_experiment,TK-PB-Drahi_17-d1-HET-ULO-8c673aa6e5-r4,4,TWO_STAGE_RH,LEXMMFPEA,22,5,lex_phase_5,0.4368460178375244,0.08340692520141602,0.08127808570861816,2076.71484375
oos_experiment,TK-PB-Drahi_17-d1-HET-ULO-8c673aa6e5-r4,4,TWO_STAGE_RH,LEXMMFPEA,22,6,economic_tie_break,0.3393828868865967,6.830507040023804,6.828735113143921,2076.71484375
oos_experiment,TK-PB-Drahi_17-d1-HET-ULO-8c673aa6e5-r4,4,TWO_STAGE_RH,LEXMMFPEA,22,6,economic_tie_break,0.4368460178375244,8.787497997283936,8.785591125488281,2076.71484375
oos_experiment,TK-PB-Drahi_17-d1-HET-ULO-8c673aa6e5-r4,4,TWO_STAGE_RH,LEXMMFPEA,23,1,lex_phase_1,0.3393828868865967,0.5524139404296875,0.17626404762268066,2076.71484375
oos_experiment,TK-PB-Drahi_17-d1-HET-ULO-8c673aa6e5-r4,4,TWO_STAGE_RH,LEXMMFPEA,23,1,lex_phase_1,0.4368460178375244,0.825659990310669,0.26773595809936523,2076.71484375
oos_experiment,TK-PB-Drahi_17-d1-HET-ULO-8c673aa6e5-r4,4,TWO_STAGE_RH,LEXMMFPEA,23,2,lex_phase_2,0.3393828868865967,0.06417512893676758,0.06243610382080078,2076.71484375
oos_experiment,TK-PB-Drahi_17-d1-HET-ULO-8c673aa6e5-r4,4,TWO_STAGE_RH,LEXMMFPEA,23,2,lex_phase_2,0.4368460178375244,0.07401800155639648,0.0720980167388916,2076.71484375
oos_experiment,TK-PB-Drahi_17-d1-HET-ULO-8c673aa6e5-r4,4,TWO_STAGE_RH,LEXMMFPEA,23,3,lex_phase_3,0.3393828868865967,0.06450605392456055,0.06269693374633789,2076.71484375
oos_experiment,TK-PB-Drahi_17-d1-HET-ULO-8c673aa6e5-r4,4,TWO_STAGE_RH,LEXMMFPEA,23,3,lex_phase_3,0.4368460178375244,0.07907819747924805,0.07700991630554199,2076.71484375
oos_experiment,TK-PB-Drahi_17-d1-HET-ULO-8c673aa6e5-r4,4,TWO_STAGE_RH,LEXMMFPEA,23,4,lex_phase_4,0.3393828868865967,0.058418989181518555,0.05668997764587402,2076.71484375
oos_experiment,TK-PB-Drahi_17-d1-HET-ULO-8c673aa6e5-r4,4,TWO_STAGE_RH,LEXMMFPEA,23,4,lex_phase_4,0.4368460178375244,0.07778596878051758,0.0753641128540039,2076.71484375
oos_experiment,TK-PB-Drahi_17-d1-HET-ULO-8c673aa6e5-r4,4,TWO_STAGE_RH,LEXMMFPEA,23,5,lex_phase_5,0.3393828868865967,0.053376197814941406,0.051629066467285156,2076.71484375
oos_experiment,TK-PB-Drahi_17-d1-HET-ULO-8c673aa6e5-r4,4,TWO_STAGE_RH,LEXMMFPEA,23,5,lex_phase_5,0.4368460178375244,0.08340692520141602,0.08127808570861816,2076.71484375
oos_experiment,TK-PB-Drahi_17-d1-HET-ULO-8c673aa6e5-r4,4,TWO_STAGE_RH,LEXMMFPEA,23,6,economic_tie_break,0.3393828868865967,6.830507040023804,6.828735113143921,2076.71484375
oos_experiment,TK-PB-Drahi_17-d1-HET-ULO-8c673aa6e5-r4,4,TWO_STAGE_RH,LEXMMFPEA,23,6,economic_tie_break,0.4368460178375244,8.787497997283936,8.785591125488281,2076.71484375
oos_experiment,TK-PB-Drahi_17-d1-HET-ULO-8c673aa6e5-r4,4,TWO_STAGE_RH,LEXMMFPEA,24,1,lex_phase_1,0.3393828868865967,0.5524139404296875,0.17626404762268066,2076.71484375
oos_experiment,TK-PB-Drahi_17-d1-HET-ULO-8c673aa6e5-r4,4,TWO_STAGE_RH,LEXMMFPEA,24,1,lex_phase_1,0.4368460178375244,0.825659990310669,0.26773595809936523,2076.71484375
oos_experiment,TK-PB-Drahi_17-d1-HET-ULO-8c673aa6e5-r4,4,TWO_STAGE_RH,LEXMMFPEA,24,2,lex_phase_2,0.3393828868865967,0.06417512893676758,0.06243610382080078,2076.71484375
oos_experiment,TK-PB-Drahi_17-d1-HET-ULO-8c673aa6e5-r4,4,TWO_STAGE_RH,LEXMMFPEA,24,2,lex_phase_2,0.4368460178375244,0.07401800155639648,0.0720980167388916,2076.71484375
oos_experiment,TK-PB-Drahi_17-d1-HET-ULO-8c673aa6e5-r4,4,TWO_STAGE_RH,LEXMMFPEA,24,3,lex_phase_3,0.3393828868865967,0.06450605392456055,0.06269693374633789,2076.71484375
oos_experiment,TK-PB-Drahi_17-d1-HET-ULO-8c673aa6e5-r4,4,TWO_STAGE_RH,LEXMMFPEA,24,3,lex_phase_3,0.4368460178375244,0.07907819747924805,0.07700991630554199,2076.71484375
oos_experiment,TK-PB-Drahi_17-d1-HET-ULO-8c673aa6e5-r4,4,TWO_STAGE_RH,LEXMMFPEA,24,4,lex_phase_4,0.3393828868865967,0.058418989181518555,0.05668997764587402,2076.71484375
oos_experiment,TK-PB-Drahi_17-d1-HET-ULO-8c673aa6e5-r4,4,TWO_STAGE_RH,LEXMMFPEA,24,4,lex_phase_4,0.4368460178375244,0.07778596878051758,0.0753641128540039,2076.71484375
oos_experiment,TK-PB-Drahi_17-d1-HET-ULO-8c673aa6e5-r4,4,TWO_STAGE_RH,LEXMMFPEA,24,5,lex_phase_5,0.3393828868865967,0.053376197814941406,0.051629066467285156,2076.71484375
oos_experiment,TK-PB-Drahi_17-d1-HET-ULO-8c673aa6e5-r4,4,TWO_STAGE_RH,LEXMMFPEA,24,5,lex_phase_5,0.4368460178375244,0.08340692520141602,0.08127808570861816,2076.71484375
oos_experiment,TK-PB-Drahi_17-d1-HET-ULO-8c673aa6e5-r4,4,TWO_STAGE_RH,LEXMMFPEA,24,6,economic_tie_break,0.3393828868865967,6.830507040023804,6.828735113143921,2076.71484375
oos_experiment,TK-PB-Drahi_17-d1-HET-ULO-8c673aa6e5-r4,4,TWO_STAGE_RH,LEXMMFPEA,24,6,economic_tie_break,0.4368460178375244,8.787497997283936,8.785591125488281,2076.71484375
oos_experiment,TK-PB-Drahi_17-d1-HET-ULO-8c673aa6e5-r4,4,TWO_STAGE_RH,LEXMMFSA,1,1,lex_phase_1,0.33722400665283203,172.2882580757141,171.88365292549133,2076.71484375
oos_experiment,TK-PB-Drahi_17-d1-HET-ULO-8c673aa6e5-r4,4,TWO_STAGE_RH,LEXMMFSA,1,1,lex_phase_1,0.2813751697540283,85.55042791366577,84.84837508201599,2076.71484375
oos_experiment,TK-PB-Drahi_17-d1-HET-ULO-8c673aa6e5-r4,4,TWO_STAGE_RH,LEXMMFSA,1,2,lex_phase_2,0.33722400665283203,0.1555190086364746,0.15338492393493652,2076.71484375
oos_experiment,TK-PB-Drahi_17-d1-HET-ULO-8c673aa6e5-r4,4,TWO_STAGE_RH,LEXMMFSA,1,2,lex_phase_2,0.2813751697540283,0.15613198280334473,0.15378189086914062,2076.71484375
oos_experiment,TK-PB-Drahi_17-d1-HET-ULO-8c673aa6e5-r4,4,TWO_STAGE_RH,LEXMMFSA,1,3,lex_phase_3,0.33722400665283203,0.3151710033416748,0.31290316581726074,2076.71484375
oos_experiment,TK-PB-Drahi_17-d1-HET-ULO-8c673aa6e5-r4,4,TWO_STAGE_RH,LEXMMFSA,1,3,lex_phase_3,0.2813751697540283,0.18048596382141113,0.1783609390258789,2076.71484375
oos_experiment,TK-PB-Drahi_17-d1-HET-ULO-8c673aa6e5-r4,4,TWO_STAGE_RH,LEXMMFSA,1,4,lex_phase_4,0.33722400665283203,0.1211400032043457,0.11905908584594727,2076.71484375
oos_experiment,TK-PB-Drahi_17-d1-HET-ULO-8c673aa6e5-r4,4,TWO_STAGE_RH,LEXMMFSA,1,4,lex_phase_4,0.2813751697540283,0.1323850154876709,0.13017892837524414,2076.71484375
oos_experiment,TK-PB-Drahi_17-d1-HET-ULO-8c673aa6e5-r4,4,TWO_STAGE_RH,LEXMMFSA,1,5,lex_phase_5,0.33722400665283203,0.12775397300720215,0.12572884559631348,2076.71484375
oos_experiment,TK-PB-Drahi_17-d1-HET-ULO-8c673aa6e5-r4,4,TWO_STAGE_RH,LEXMMFSA,1,5,lex_phase_5,0.2813751697540283,0.14378809928894043,0.14164018630981445,2076.71484375
oos_experiment,TK-PB-Drahi_17-d1-HET-ULO-8c673aa6e5-r4,4,TWO_STAGE_RH,LEXMMFSA,1,6,economic_tie_break,0.33722400665283203,0.08119606971740723,0.07904481887817383,2076.71484375
oos_experiment,TK-PB-Drahi_17-d1-HET-ULO-8c673aa6e5-r4,4,TWO_STAGE_RH,LEXMMFSA,1,6,economic_tie_break,0.2813751697540283,0.07987713813781738,0.07767391204833984,2076.71484375
oos_experiment,TK-PB-Drahi_17-d1-HET-ULO-8c673aa6e5-r4,4,TWO_STAGE_RH,LEXMMFSA,2,1,lex_phase_1,0.33722400665283203,172.2882580757141,171.88365292549133,2076.71484375
oos_experiment,TK-PB-Drahi_17-d1-HET-ULO-8c673aa6e5-r4,4,TWO_STAGE_RH,LEXMMFSA,2,1,lex_phase_1,0.2813751697540283,85.55042791366577,84.84837508201599,2076.71484375
oos_experiment,TK-PB-Drahi_17-d1-HET-ULO-8c673aa6e5-r4,4,TWO_STAGE_RH,LEXMMFSA,2,2,lex_phase_2,0.33722400665283203,0.1555190086364746,0.15338492393493652,2076.71484375
oos_experiment,TK-PB-Drahi_17-d1-HET-ULO-8c673aa6e5-r4,4,TWO_STAGE_RH,LEXMMFSA,2,2,lex_phase_2,0.2813751697540283,0.15613198280334473,0.15378189086914062,2076.71484375
oos_experiment,TK-PB-Drahi_17-d1-HET-ULO-8c673aa6e5-r4,4,TWO_STAGE_RH,LEXMMFSA,2,3,lex_phase_3,0.33722400665283203,0.3151710033416748,0.31290316581726074,2076.71484375
oos_experiment,TK-PB-Drahi_17-d1-HET-ULO-8c673aa6e5-r4,4,TWO_STAGE_RH,LEXMMFSA,2,3,lex_phase_3,0.2813751697540283,0.18048596382141113,0.1783609390258789,2076.71484375
oos_experiment,TK-PB-Drahi_17-d1-HET-ULO-8c673aa6e5-r4,4,TWO_STAGE_RH,LEXMMFSA,2,4,lex_phase_4,0.33722400665283203,0.1211400032043457,0.11905908584594727,2076.71484375
oos_experiment,TK-PB-Drahi_17-d1-HET-ULO-8c673aa6e5-r4,4,TWO_STAGE_RH,LEXMMFSA,2,4,lex_phase_4,0.2813751697540283,0.1323850154876709,0.13017892837524414,2076.71484375
oos_experiment,TK-PB-Drahi_17-d1-HET-ULO-8c673aa6e5-r4,4,TWO_STAGE_RH,LEXMMFSA,2,5,lex_phase_5,0.33722400665283203,0.12775397300720215,0.12572884559631348,2076.71484375
oos_experiment,TK-PB-Drahi_17-d1-HET-ULO-8c673aa6e5-r4,4,TWO_STAGE_RH,LEXMMFSA,2,5,lex_phase_5,0.2813751697540283,0.14378809928894043,0.14164018630981445,2076.71484375
oos_experiment,TK-PB-Drahi_17-d1-HET-ULO-8c673aa6e5-r4,4,TWO_STAGE_RH,LEXMMFSA,2,6,economic_tie_break,0.33722400665283203,0.08119606971740723,0.07904481887817383,2076.71484375
oos_experiment,TK-PB-Drahi_17-d1-HET-ULO-8c673aa6e5-r4,4,TWO_STAGE_RH,LEXMMFSA,2,6,economic_tie_break,0.2813751697540283,0.07987713813781738,0.07767391204833984,2076.71484375
oos_experiment,TK-PB-Drahi_17-d1-HET-ULO-8c673aa6e5-r4,4,TWO_STAGE_RH,LEXMMFSA,3,1,lex_phase_1,0.33722400665283203,172.2882580757141,171.88365292549133,2076.71484375
oos_experiment,TK-PB-Drahi_17-d1-HET-ULO-8c673aa6e5-r4,4,TWO_STAGE_RH,LEXMMFSA,3,1,lex_phase_1,0.2813751697540283,85.55042791366577,84.84837508201599,2076.71484375
oos_experiment,TK-PB-Drahi_17-d1-HET-ULO-8c673aa6e5-r4,4,TWO_STAGE_RH,LEXMMFSA,3,2,lex_phase_2,0.33722400665283203,0.1555190086364746,0.15338492393493652,2076.71484375
oos_experiment,TK-PB-Drahi_17-d1-HET-ULO-8c673aa6e5-r4,4,TWO_STAGE_RH,LEXMMFSA,3,2,lex_phase_2,0.2813751697540283,0.15613198280334473,0.15378189086914062,2076.71484375
oos_experiment,TK-PB-Drahi_17-d1-HET-ULO-8c673aa6e5-r4,4,TWO_STAGE_RH,LEXMMFSA,3,3,lex_phase_3,0.33722400665283203,0.3151710033416748,0.31290316581726074,2076.71484375
oos_experiment,TK-PB-Drahi_17-d1-HET-ULO-8c673aa6e5-r4,4,TWO_STAGE_RH,LEXMMFSA,3,3,lex_phase_3,0.2813751697540283,0.18048596382141113,0.1783609390258789,2076.71484375
oos_experiment,TK-PB-Drahi_17-d1-HET-ULO-8c673aa6e5-r4,4,TWO_STAGE_RH,LEXMMFSA,3,4,lex_phase_4,0.33722400665283203,0.1211400032043457,0.11905908584594727,2076.71484375
oos_experiment,TK-PB-Drahi_17-d1-HET-ULO-8c673aa6e5-r4,4,TWO_STAGE_RH,LEXMMFSA,3,4,lex_phase_4,0.2813751697540283,0.1323850154876709,0.13017892837524414,2076.71484375
oos_experiment,TK-PB-Drahi_17-d1-HET-ULO-8c673aa6e5-r4,4,TWO_STAGE_RH,LEXMMFSA,3,5,lex_phase_5,0.33722400665283203,0.12775397300720215,0.12572884559631348,2076.71484375
oos_experiment,TK-PB-Drahi_17-d1-HET-ULO-8c673aa6e5-r4,4,TWO_STAGE_RH,LEXMMFSA,3,5,lex_phase_5,0.2813751697540283,0.14378809928894043,0.14164018630981445,2076.71484375
oos_experiment,TK-PB-Drahi_17-d1-HET-ULO-8c673aa6e5-r4,4,TWO_STAGE_RH,LEXMMFSA,3,6,economic_tie_break,0.33722400665283203,0.08119606971740723,0.07904481887817383,2076.71484375
oos_experiment,TK-PB-Drahi_17-d1-HET-ULO-8c673aa6e5-r4,4,TWO_STAGE_RH,LEXMMFSA,3,6,economic_tie_break,0.2813751697540283,0.07987713813781738,0.07767391204833984,2076.71484375
oos_experiment,TK-PB-Drahi_17-d1-HET-ULO-8c673aa6e5-r4,4,TWO_STAGE_RH,LEXMMFSA,4,1,lex_phase_1,0.33722400665283203,172.2882580757141,171.88365292549133,2076.71484375
oos_experiment,TK-PB-Drahi_17-d1-HET-ULO-8c673aa6e5-r4,4,TWO_STAGE_RH,LEXMMFSA,4,1,lex_phase_1,0.2813751697540283,85.55042791366577,84.84837508201599,2076.71484375
oos_experiment,TK-PB-Drahi_17-d1-HET-ULO-8c673aa6e5-r4,4,TWO_STAGE_RH,LEXMMFSA,4,2,lex_phase_2,0.33722400665283203,0.1555190086364746,0.15338492393493652,2076.71484375
oos_experiment,TK-PB-Drahi_17-d1-HET-ULO-8c673aa6e5-r4,4,TWO_STAGE_RH,LEXMMFSA,4,2,lex_phase_2,0.2813751697540283,0.15613198280334473,0.15378189086914062,2076.71484375
oos_experiment,TK-PB-Drahi_17-d1-HET-ULO-8c673aa6e5-r4,4,TWO_STAGE_RH,LEXMMFSA,4,3,lex_phase_3,0.33722400665283203,0.3151710033416748,0.31290316581726074,2076.71484375
oos_experiment,TK-PB-Drahi_17-d1-HET-ULO-8c673aa6e5-r4,4,TWO_STAGE_RH,LEXMMFSA,4,3,lex_phase_3,0.2813751697540283,0.18048596382141113,0.1783609390258789,2076.71484375
oos_experiment,TK-PB-Drahi_17-d1-HET-ULO-8c673aa6e5-r4,4,TWO_STAGE_RH,LEXMMFSA,4,4,lex_phase_4,0.33722400665283203,0.1211400032043457,0.11905908584594727,2076.71484375
oos_experiment,TK-PB-Drahi_17-d1-HET-ULO-8c673aa6e5-r4,4,TWO_STAGE_RH,LEXMMFSA,4,4,lex_phase_4,0.2813751697540283,0.1323850154876709,0.13017892837524414,2076.71484375
oos_experiment,TK-PB-Drahi_17-d1-HET-ULO-8c673aa6e5-r4,4,TWO_STAGE_RH,LEXMMFSA,4,5,lex_phase_5,0.33722400665283203,0.12775397300720215,0.12572884559631348,2076.71484375
oos_experiment,TK-PB-Drahi_17-d1-HET-ULO-8c673aa6e5-r4,4,TWO_STAGE_RH,LEXMMFSA,4,5,lex_phase_5,0.2813751697540283,0.14378809928894043,0.14164018630981445,2076.71484375
oos_experiment,TK-PB-Drahi_17-d1-HET-ULO-8c673aa6e5-r4,4,TWO_STAGE_RH,LEXMMFSA,4,6,economic_tie_break,0.33722400665283203,0.08119606971740723,0.07904481887817383,2076.71484375
oos_experiment,TK-PB-Drahi_17-d1-HET-ULO-8c673aa6e5-r4,4,TWO_STAGE_RH,LEXMMFSA,4,6,economic_tie_break,0.2813751697540283,0.07987713813781738,0.07767391204833984,2076.71484375
oos_experiment,TK-PB-Drahi_17-d1-HET-ULO-8c673aa6e5-r4,4,TWO_STAGE_RH,LEXMMFSA,5,1,lex_phase_1,0.3679029941558838,92.76346611976624,91.98290801048279,2076.71484375
oos_experiment,TK-PB-Drahi_17-d1-HET-ULO-8c673aa6e5-r4,4,TWO_STAGE_RH,LEXMMFSA,5,1,lex_phase_1,0.5451920032501221,36.82879281044006,36.121405839920044,2076.71484375
oos_experiment,TK-PB-Drahi_17-d1-HET-ULO-8c673aa6e5-r4,4,TWO_STAGE_RH,LEXMMFSA,5,2,lex_phase_2,0.3679029941558838,0.17749905586242676,0.17527198791503906,2076.71484375
oos_experiment,TK-PB-Drahi_17-d1-HET-ULO-8c673aa6e5-r4,4,TWO_STAGE_RH,LEXMMFSA,5,2,lex_phase_2,0.5451920032501221,0.11898398399353027,0.11688613891601562,2076.71484375
oos_experiment,TK-PB-Drahi_17-d1-HET-ULO-8c673aa6e5-r4,4,TWO_STAGE_RH,LEXMMFSA,5,3,lex_phase_3,0.3679029941558838,0.2117750644683838,0.20930814743041992,2076.71484375
oos_experiment,TK-PB-Drahi_17-d1-HET-ULO-8c673aa6e5-r4,4,TWO_STAGE_RH,LEXMMFSA,5,3,lex_phase_3,0.5451920032501221,0.1748049259185791,0.1724100112915039,2076.71484375
oos_experiment,TK-PB-Drahi_17-d1-HET-ULO-8c673aa6e5-r4,4,TWO_STAGE_RH,LEXMMFSA,5,4,lex_phase_4,0.3679029941558838,0.14084506034851074,0.13839197158813477,2076.71484375
oos_experiment,TK-PB-Drahi_17-d1-HET-ULO-8c673aa6e5-r4,4,TWO_STAGE_RH,LEXMMFSA,5,4,lex_phase_4,0.5451920032501221,0.13680410385131836,0.1346580982208252,2076.71484375
oos_experiment,TK-PB-Drahi_17-d1-HET-ULO-8c673aa6e5-r4,4,TWO_STAGE_RH,LEXMMFSA,5,5,lex_phase_5,0.3679029941558838,0.15207195281982422,0.14996910095214844,2076.71484375
oos_experiment,TK-PB-Drahi_17-d1-HET-ULO-8c673aa6e5-r4,4,TWO_STAGE_RH,LEXMMFSA,5,5,lex_phase_5,0.5451920032501221,0.11318802833557129,0.11128997802734375,2076.71484375
oos_experiment,TK-PB-Drahi_17-d1-HET-ULO-8c673aa6e5-r4,4,TWO_STAGE_RH,LEXMMFSA,5,6,economic_tie_break,0.3679029941558838,0.09397196769714355,0.09179091453552246,2076.71484375
oos_experiment,TK-PB-Drahi_17-d1-HET-ULO-8c673aa6e5-r4,4,TWO_STAGE_RH,LEXMMFSA,5,6,economic_tie_break,0.5451920032501221,0.0789492130279541,0.0767979621887207,2076.71484375
oos_experiment,TK-PB-Drahi_17-d1-HET-ULO-8c673aa6e5-r4,4,TWO_STAGE_RH,LEXMMFSA,6,1,lex_phase_1,0.3679029941558838,92.76346611976624,91.98290801048279,2076.71484375
oos_experiment,TK-PB-Drahi_17-d1-HET-ULO-8c673aa6e5-r4,4,TWO_STAGE_RH,LEXMMFSA,6,1,lex_phase_1,0.5451920032501221,36.82879281044006,36.121405839920044,2076.71484375
oos_experiment,TK-PB-Drahi_17-d1-HET-ULO-8c673aa6e5-r4,4,TWO_STAGE_RH,LEXMMFSA,6,2,lex_phase_2,0.3679029941558838,0.17749905586242676,0.17527198791503906,2076.71484375
oos_experiment,TK-PB-Drahi_17-d1-HET-ULO-8c673aa6e5-r4,4,TWO_STAGE_RH,LEXMMFSA,6,2,lex_phase_2,0.5451920032501221,0.11898398399353027,0.11688613891601562,2076.71484375
oos_experiment,TK-PB-Drahi_17-d1-HET-ULO-8c673aa6e5-r4,4,TWO_STAGE_RH,LEXMMFSA,6,3,lex_phase_3,0.3679029941558838,0.2117750644683838,0.20930814743041992,2076.71484375
oos_experiment,TK-PB-Drahi_17-d1-HET-ULO-8c673aa6e5-r4,4,TWO_STAGE_RH,LEXMMFSA,6,3,lex_phase_3,0.5451920032501221,0.1748049259185791,0.1724100112915039,2076.71484375
oos_experiment,TK-PB-Drahi_17-d1-HET-ULO-8c673aa6e5-r4,4,TWO_STAGE_RH,LEXMMFSA,6,4,lex_phase_4,0.3679029941558838,0.14084506034851074,0.13839197158813477,2076.71484375
oos_experiment,TK-PB-Drahi_17-d1-HET-ULO-8c673aa6e5-r4,4,TWO_STAGE_RH,LEXMMFSA,6,4,lex_phase_4,0.5451920032501221,0.13680410385131836,0.1346580982208252,2076.71484375
oos_experiment,TK-PB-Drahi_17-d1-HET-ULO-8c673aa6e5-r4,4,TWO_STAGE_RH,LEXMMFSA,6,5,lex_phase_5,0.3679029941558838,0.15207195281982422,0.14996910095214844,2076.71484375
oos_experiment,TK-PB-Drahi_17-d1-HET-ULO-8c673aa6e5-r4,4,TWO_STAGE_RH,LEXMMFSA,6,5,lex_phase_5,0.5451920032501221,0.11318802833557129,0.11128997802734375,2076.71484375
oos_experiment,TK-PB-Drahi_17-d1-HET-ULO-8c673aa6e5-r4,4,TWO_STAGE_RH,LEXMMFSA,6,6,economic_tie_break,0.3679029941558838,0.09397196769714355,0.09179091453552246,2076.71484375
oos_experiment,TK-PB-Drahi_17-d1-HET-ULO-8c673aa6e5-r4,4,TWO_STAGE_RH,LEXMMFSA,6,6,economic_tie_break,0.5451920032501221,0.0789492130279541,0.0767979621887207,2076.71484375
oos_experiment,TK-PB-Drahi_17-d1-HET-ULO-8c673aa6e5-r4,4,TWO_STAGE_RH,LEXMMFSA,7,1,lex_phase_1,0.3679029941558838,92.76346611976624,91.98290801048279,2076.71484375
oos_experiment,TK-PB-Drahi_17-d1-HET-ULO-8c673aa6e5-r4,4,TWO_STAGE_RH,LEXMMFSA,7,1,lex_phase_1,0.5451920032501221,36.82879281044006,36.121405839920044,2076.71484375
oos_experiment,TK-PB-Drahi_17-d1-HET-ULO-8c673aa6e5-r4,4,TWO_STAGE_RH,LEXMMFSA,7,2,lex_phase_2,0.3679029941558838,0.17749905586242676,0.17527198791503906,2076.71484375
oos_experiment,TK-PB-Drahi_17-d1-HET-ULO-8c673aa6e5-r4,4,TWO_STAGE_RH,LEXMMFSA,7,2,lex_phase_2,0.5451920032501221,0.11898398399353027,0.11688613891601562,2076.71484375
oos_experiment,TK-PB-Drahi_17-d1-HET-ULO-8c673aa6e5-r4,4,TWO_STAGE_RH,LEXMMFSA,7,3,lex_phase_3,0.3679029941558838,0.2117750644683838,0.20930814743041992,2076.71484375
oos_experiment,TK-PB-Drahi_17-d1-HET-ULO-8c673aa6e5-r4,4,TWO_STAGE_RH,LEXMMFSA,7,3,lex_phase_3,0.5451920032501221,0.1748049259185791,0.1724100112915039,2076.71484375
oos_experiment,TK-PB-Drahi_17-d1-HET-ULO-8c673aa6e5-r4,4,TWO_STAGE_RH,LEXMMFSA,7,4,lex_phase_4,0.3679029941558838,0.14084506034851074,0.13839197158813477,2076.71484375
oos_experiment,TK-PB-Drahi_17-d1-HET-ULO-8c673aa6e5-r4,4,TWO_STAGE_RH,LEXMMFSA,7,4,lex_phase_4,0.5451920032501221,0.13680410385131836,0.1346580982208252,2076.71484375
oos_experiment,TK-PB-Drahi_17-d1-HET-ULO-8c673aa6e5-r4,4,TWO_STAGE_RH,LEXMMFSA,7,5,lex_phase_5,0.3679029941558838,0.15207195281982422,0.14996910095214844,2076.71484375
oos_experiment,TK-PB-Drahi_17-d1-HET-ULO-8c673aa6e5-r4,4,TWO_STAGE_RH,LEXMMFSA,7,5,lex_phase_5,0.5451920032501221,0.11318802833557129,0.11128997802734375,2076.71484375
oos_experiment,TK-PB-Drahi_17-d1-HET-ULO-8c673aa6e5-r4,4,TWO_STAGE_RH,LEXMMFSA,7,6,economic_tie_break,0.3679029941558838,0.09397196769714355,0.09179091453552246,2076.71484375
oos_experiment,TK-PB-Drahi_17-d1-HET-ULO-8c673aa6e5-r4,4,TWO_STAGE_RH,LEXMMFSA,7,6,economic_tie_break,0.5451920032501221,0.0789492130279541,0.0767979621887207,2076.71484375
oos_experiment,TK-PB-Drahi_17-d1-HET-ULO-8c673aa6e5-r4,4,TWO_STAGE_RH,LEXMMFSA,8,1,lex_phase_1,0.3679029941558838,92.76346611976624,91.98290801048279,2076.71484375
oos_experiment,TK-PB-Drahi_17-d1-HET-ULO-8c673aa6e5-r4,4,TWO_STAGE_RH,LEXMMFSA,8,1,lex_phase_1,0.5451920032501221,36.82879281044006,36.121405839920044,2076.71484375
oos_experiment,TK-PB-Drahi_17-d1-HET-ULO-8c673aa6e5-r4,4,TWO_STAGE_RH,LEXMMFSA,8,2,lex_phase_2,0.3679029941558838,0.17749905586242676,0.17527198791503906,2076.71484375
oos_experiment,TK-PB-Drahi_17-d1-HET-ULO-8c673aa6e5-r4,4,TWO_STAGE_RH,LEXMMFSA,8,2,lex_phase_2,0.5451920032501221,0.11898398399353027,0.11688613891601562,2076.71484375
oos_experiment,TK-PB-Drahi_17-d1-HET-ULO-8c673aa6e5-r4,4,TWO_STAGE_RH,LEXMMFSA,8,3,lex_phase_3,0.3679029941558838,0.2117750644683838,0.20930814743041992,2076.71484375
oos_experiment,TK-PB-Drahi_17-d1-HET-ULO-8c673aa6e5-r4,4,TWO_STAGE_RH,LEXMMFSA,8,3,lex_phase_3,0.5451920032501221,0.1748049259185791,0.1724100112915039,2076.71484375
oos_experiment,TK-PB-Drahi_17-d1-HET-ULO-8c673aa6e5-r4,4,TWO_STAGE_RH,LEXMMFSA,8,4,lex_phase_4,0.3679029941558838,0.14084506034851074,0.13839197158813477,2076.71484375
oos_experiment,TK-PB-Drahi_17-d1-HET-ULO-8c673aa6e5-r4,4,TWO_STAGE_RH,LEXMMFSA,8,4,lex_phase_4,0.5451920032501221,0.13680410385131836,0.1346580982208252,2076.71484375
oos_experiment,TK-PB-Drahi_17-d1-HET-ULO-8c673aa6e5-r4,4,TWO_STAGE_RH,LEXMMFSA,8,5,lex_phase_5,0.3679029941558838,0.15207195281982422,0.14996910095214844,2076.71484375
oos_experiment,TK-PB-Drahi_17-d1-HET-ULO-8c673aa6e5-r4,4,TWO_STAGE_RH,LEXMMFSA,8,5,lex_phase_5,0.5451920032501221,0.11318802833557129,0.11128997802734375,2076.71484375
oos_experiment,TK-PB-Drahi_17-d1-HET-ULO-8c673aa6e5-r4,4,TWO_STAGE_RH,LEXMMFSA,8,6,economic_tie_break,0.3679029941558838,0.09397196769714355,0.09179091453552246,2076.71484375
oos_experiment,TK-PB-Drahi_17-d1-HET-ULO-8c673aa6e5-r4,4,TWO_STAGE_RH,LEXMMFSA,8,6,economic_tie_break,0.5451920032501221,0.0789492130279541,0.0767979621887207,2076.71484375
oos_experiment,TK-PB-Drahi_17-d1-HET-ULO-8c673aa6e5-r4,4,TWO_STAGE_RH,LEXMMFSA,9,1,lex_phase_1,0.5468909740447998,104.92630314826965,104.19919800758362,2076.71484375
oos_experiment,TK-PB-Drahi_17-d1-HET-ULO-8c673aa6e5-r4,4,TWO_STAGE_RH,LEXMMFSA,9,1,lex_phase_1,0.43753910064697266,32.84905195236206,32.071171045303345,2076.71484375
oos_experiment,TK-PB-Drahi_17-d1-HET-ULO-8c673aa6e5-r4,4,TWO_STAGE_RH,LEXMMFSA,9,2,lex_phase_2,0.5468909740447998,0.1794438362121582,0.17716002464294434,2076.71484375
oos_experiment,TK-PB-Drahi_17-d1-HET-ULO-8c673aa6e5-r4,4,TWO_STAGE_RH,LEXMMFSA,9,2,lex_phase_2,0.43753910064697266,0.1344149112701416,0.13252902030944824,2076.71484375
oos_experiment,TK-PB-Drahi_17-d1-HET-ULO-8c673aa6e5-r4,4,TWO_STAGE_RH,LEXMMFSA,9,3,lex_phase_3,0.5468909740447998,0.1818101406097412,0.1797339916229248,2076.71484375
oos_experiment,TK-PB-Drahi_17-d1-HET-ULO-8c673aa6e5-r4,4,TWO_STAGE_RH,LEXMMFSA,9,3,lex_phase_3,0.43753910064697266,0.2500419616699219,0.2481069564819336,2076.71484375
oos_experiment,TK-PB-Drahi_17-d1-HET-ULO-8c673aa6e5-r4,4,TWO_STAGE_RH,LEXMMFSA,9,4,lex_phase_4,0.5468909740447998,0.12566494941711426,0.12359309196472168,2076.71484375
oos_experiment,TK-PB-Drahi_17-d1-HET-ULO-8c673aa6e5-r4,4,TWO_STAGE_RH,LEXMMFSA,9,4,lex_phase_4,0.43753910064697266,0.12547898292541504,0.12322020530700684,2076.71484375
oos_experiment,TK-PB-Drahi_17-d1-HET-ULO-8c673aa6e5-r4,4,TWO_STAGE_RH,LEXMMFSA,9,5,lex_phase_5,0.5468909740447998,0.13293194770812988,0.13040900230407715,2076.71484375
oos_experiment,TK-PB-Drahi_17-d1-HET-ULO-8c673aa6e5-r4,4,TWO_STAGE_RH,LEXMMFSA,9,5,lex_phase_5,0.43753910064697266,0.12949109077453613,0.12751317024230957,2076.71484375
oos_experiment,TK-PB-Drahi_17-d1-HET-ULO-8c673aa6e5-r4,4,TWO_STAGE_RH,LEXMMFSA,9,6,economic_tie_break,0.5468909740447998,0.09994006156921387,0.09802579879760742,2076.71484375
oos_experiment,TK-PB-Drahi_17-d1-HET-ULO-8c673aa6e5-r4,4,TWO_STAGE_RH,LEXMMFSA,9,6,economic_tie_break,0.43753910064697266,0.070648193359375,0.06882786750793457,2076.71484375
oos_experiment,TK-PB-Drahi_17-d1-HET-ULO-8c673aa6e5-r4,4,TWO_STAGE_RH,LEXMMFSA,10,1,lex_phase_1,0.5468909740447998,104.92630314826965,104.19919800758362,2076.71484375
oos_experiment,TK-PB-Drahi_17-d1-HET-ULO-8c673aa6e5-r4,4,TWO_STAGE_RH,LEXMMFSA,10,1,lex_phase_1,0.43753910064697266,32.84905195236206,32.071171045303345,2076.71484375
oos_experiment,TK-PB-Drahi_17-d1-HET-ULO-8c673aa6e5-r4,4,TWO_STAGE_RH,LEXMMFSA,10,2,lex_phase_2,0.5468909740447998,0.1794438362121582,0.17716002464294434,2076.71484375
oos_experiment,TK-PB-Drahi_17-d1-HET-ULO-8c673aa6e5-r4,4,TWO_STAGE_RH,LEXMMFSA,10,2,lex_phase_2,0.43753910064697266,0.1344149112701416,0.13252902030944824,2076.71484375
oos_experiment,TK-PB-Drahi_17-d1-HET-ULO-8c673aa6e5-r4,4,TWO_STAGE_RH,LEXMMFSA,10,3,lex_phase_3,0.5468909740447998,0.1818101406097412,0.1797339916229248,2076.71484375
oos_experiment,TK-PB-Drahi_17-d1-HET-ULO-8c673aa6e5-r4,4,TWO_STAGE_RH,LEXMMFSA,10,3,lex_phase_3,0.43753910064697266,0.2500419616699219,0.2481069564819336,2076.71484375
oos_experiment,TK-PB-Drahi_17-d1-HET-ULO-8c673aa6e5-r4,4,TWO_STAGE_RH,LEXMMFSA,10,4,lex_phase_4,0.5468909740447998,0.12566494941711426,0.12359309196472168,2076.71484375
oos_experiment,TK-PB-Drahi_17-d1-HET-ULO-8c673aa6e5-r4,4,TWO_STAGE_RH,LEXMMFSA,10,4,lex_phase_4,0.43753910064697266,0.12547898292541504,0.12322020530700684,2076.71484375
oos_experiment,TK-PB-Drahi_17-d1-HET-ULO-8c673aa6e5-r4,4,TWO_STAGE_RH,LEXMMFSA,10,5,lex_phase_5,0.5468909740447998,0.13293194770812988,0.13040900230407715,2076.71484375
oos_experiment,TK-PB-Drahi_17-d1-HET-ULO-8c673aa6e5-r4,4,TWO_STAGE_RH,LEXMMFSA,10,5,lex_phase_5,0.43753910064697266,0.12949109077453613,0.12751317024230957,2076.71484375
oos_experiment,TK-PB-Drahi_17-d1-HET-ULO-8c673aa6e5-r4,4,TWO_STAGE_RH,LEXMMFSA,10,6,economic_tie_break,0.5468909740447998,0.09994006156921387,0.09802579879760742,2076.71484375
oos_experiment,TK-PB-Drahi_17-d1-HET-ULO-8c673aa6e5-r4,4,TWO_STAGE_RH,LEXMMFSA,10,6,economic_tie_break,0.43753910064697266,0.070648193359375,0.06882786750793457,2076.71484375
oos_experiment,TK-PB-Drahi_17-d1-HET-ULO-8c673aa6e5-r4,4,TWO_STAGE_RH,LEXMMFSA,11,1,lex_phase_1,0.5468909740447998,104.92630314826965,104.19919800758362,2076.71484375
oos_experiment,TK-PB-Drahi_17-d1-HET-ULO-8c673aa6e5-r4,4,TWO_STAGE_RH,LEXMMFSA,11,1,lex_phase_1,0.43753910064697266,32.84905195236206,32.071171045303345,2076.71484375
oos_experiment,TK-PB-Drahi_17-d1-HET-ULO-8c673aa6e5-r4,4,TWO_STAGE_RH,LEXMMFSA,11,2,lex_phase_2,0.5468909740447998,0.1794438362121582,0.17716002464294434,2076.71484375
oos_experiment,TK-PB-Drahi_17-d1-HET-ULO-8c673aa6e5-r4,4,TWO_STAGE_RH,LEXMMFSA,11,2,lex_phase_2,0.43753910064697266,0.1344149112701416,0.13252902030944824,2076.71484375
oos_experiment,TK-PB-Drahi_17-d1-HET-ULO-8c673aa6e5-r4,4,TWO_STAGE_RH,LEXMMFSA,11,3,lex_phase_3,0.5468909740447998,0.1818101406097412,0.1797339916229248,2076.71484375
oos_experiment,TK-PB-Drahi_17-d1-HET-ULO-8c673aa6e5-r4,4,TWO_STAGE_RH,LEXMMFSA,11,3,lex_phase_3,0.43753910064697266,0.2500419616699219,0.2481069564819336,2076.71484375
oos_experiment,TK-PB-Drahi_17-d1-HET-ULO-8c673aa6e5-r4,4,TWO_STAGE_RH,LEXMMFSA,11,4,lex_phase_4,0.5468909740447998,0.12566494941711426,0.12359309196472168,2076.71484375
oos_experiment,TK-PB-Drahi_17-d1-HET-ULO-8c673aa6e5-r4,4,TWO_STAGE_RH,LEXMMFSA,11,4,lex_phase_4,0.43753910064697266,0.12547898292541504,0.12322020530700684,2076.71484375
oos_experiment,TK-PB-Drahi_17-d1-HET-ULO-8c673aa6e5-r4,4,TWO_STAGE_RH,LEXMMFSA,11,5,lex_phase_5,0.5468909740447998,0.13293194770812988,0.13040900230407715,2076.71484375
oos_experiment,TK-PB-Drahi_17-d1-HET-ULO-8c673aa6e5-r4,4,TWO_STAGE_RH,LEXMMFSA,11,5,lex_phase_5,0.43753910064697266,0.12949109077453613,0.12751317024230957,2076.71484375
oos_experiment,TK-PB-Drahi_17-d1-HET-ULO-8c673aa6e5-r4,4,TWO_STAGE_RH,LEXMMFSA,11,6,economic_tie_break,0.5468909740447998,0.09994006156921387,0.09802579879760742,2076.71484375
oos_experiment,TK-PB-Drahi_17-d1-HET-ULO-8c673aa6e5-r4,4,TWO_STAGE_RH,LEXMMFSA,11,6,economic_tie_break,0.43753910064697266,0.070648193359375,0.06882786750793457,2076.71484375
oos_experiment,TK-PB-Drahi_17-d1-HET-ULO-8c673aa6e5-r4,4,TWO_STAGE_RH,LEXMMFSA,12,1,lex_phase_1,0.5468909740447998,104.92630314826965,104.19919800758362,2076.71484375
oos_experiment,TK-PB-Drahi_17-d1-HET-ULO-8c673aa6e5-r4,4,TWO_STAGE_RH,LEXMMFSA,12,1,lex_phase_1,0.43753910064697266,32.84905195236206,32.071171045303345,2076.71484375
oos_experiment,TK-PB-Drahi_17-d1-HET-ULO-8c673aa6e5-r4,4,TWO_STAGE_RH,LEXMMFSA,12,2,lex_phase_2,0.5468909740447998,0.1794438362121582,0.17716002464294434,2076.71484375
oos_experiment,TK-PB-Drahi_17-d1-HET-ULO-8c673aa6e5-r4,4,TWO_STAGE_RH,LEXMMFSA,12,2,lex_phase_2,0.43753910064697266,0.1344149112701416,0.13252902030944824,2076.71484375
oos_experiment,TK-PB-Drahi_17-d1-HET-ULO-8c673aa6e5-r4,4,TWO_STAGE_RH,LEXMMFSA,12,3,lex_phase_3,0.5468909740447998,0.1818101406097412,0.1797339916229248,2076.71484375
oos_experiment,TK-PB-Drahi_17-d1-HET-ULO-8c673aa6e5-r4,4,TWO_STAGE_RH,LEXMMFSA,12,3,lex_phase_3,0.43753910064697266,0.2500419616699219,0.2481069564819336,2076.71484375
oos_experiment,TK-PB-Drahi_17-d1-HET-ULO-8c673aa6e5-r4,4,TWO_STAGE_RH,LEXMMFSA,12,4,lex_phase_4,0.5468909740447998,0.12566494941711426,0.12359309196472168,2076.71484375
oos_experiment,TK-PB-Drahi_17-d1-HET-ULO-8c673aa6e5-r4,4,TWO_STAGE_RH,LEXMMFSA,12,4,lex_phase_4,0.43753910064697266,0.12547898292541504,0.12322020530700684,2076.71484375
oos_experiment,TK-PB-Drahi_17-d1-HET-ULO-8c673aa6e5-r4,4,TWO_STAGE_RH,LEXMMFSA,12,5,lex_phase_5,0.5468909740447998,0.13293194770812988,0.13040900230407715,2076.71484375
oos_experiment,TK-PB-Drahi_17-d1-HET-ULO-8c673aa6e5-r4,4,TWO_STAGE_RH,LEXMMFSA,12,5,lex_phase_5,0.43753910064697266,0.12949109077453613,0.12751317024230957,2076.71484375
oos_experiment,TK-PB-Drahi_17-d1-HET-ULO-8c673aa6e5-r4,4,TWO_STAGE_RH,LEXMMFSA,12,6,economic_tie_break,0.5468909740447998,0.09994006156921387,0.09802579879760742,2076.71484375
oos_experiment,TK-PB-Drahi_17-d1-HET-ULO-8c673aa6e5-r4,4,TWO_STAGE_RH,LEXMMFSA,12,6,economic_tie_break,0.43753910064697266,0.070648193359375,0.06882786750793457,2076.71484375
oos_experiment,TK-PB-Drahi_17-d1-HET-ULO-8c673aa6e5-r4,4,TWO_STAGE_RH,LEXMMFSA,13,1,lex_phase_1,0.5510430335998535,75.93163514137268,74.93230104446411,2076.71484375
oos_experiment,TK-PB-Drahi_17-d1-HET-ULO-8c673aa6e5-r4,4,TWO_STAGE_RH,LEXMMFSA,13,1,lex_phase_1,0.40758800506591797,42.34800720214844,41.67626690864563,2076.71484375
oos_experiment,TK-PB-Drahi_17-d1-HET-ULO-8c673aa6e5-r4,4,TWO_STAGE_RH,LEXMMFSA,13,2,lex_phase_2,0.5510430335998535,0.15102601051330566,0.14897799491882324,2076.71484375
oos_experiment,TK-PB-Drahi_17-d1-HET-ULO-8c673aa6e5-r4,4,TWO_STAGE_RH,LEXMMFSA,13,2,lex_phase_2,0.40758800506591797,0.1433088779449463,0.14119815826416016,2076.71484375
oos_experiment,TK-PB-Drahi_17-d1-HET-ULO-8c673aa6e5-r4,4,TWO_STAGE_RH,LEXMMFSA,13,3,lex_phase_3,0.5510430335998535,0.17807888984680176,0.17591500282287598,2076.71484375
oos_experiment,TK-PB-Drahi_17-d1-HET-ULO-8c673aa6e5-r4,4,TWO_STAGE_RH,LEXMMFSA,13,3,lex_phase_3,0.40758800506591797,0.15041399002075195,0.14848113059997559,2076.71484375
oos_experiment,TK-PB-Drahi_17-d1-HET-ULO-8c673aa6e5-r4,4,TWO_STAGE_RH,LEXMMFSA,13,4,lex_phase_4,0.5510430335998535,0.13196587562561035,0.12952709197998047,2076.71484375
oos_experiment,TK-PB-Drahi_17-d1-HET-ULO-8c673aa6e5-r4,4,TWO_STAGE_RH,LEXMMFSA,13,4,lex_phase_4,0.40758800506591797,0.12536096572875977,0.1231989860534668,2076.71484375
oos_experiment,TK-PB-Drahi_17-d1-HET-ULO-8c673aa6e5-r4,4,TWO_STAGE_RH,LEXMMFSA,13,5,lex_phase_5,0.5510430335998535,0.16176795959472656,0.15999603271484375,2076.71484375
oos_experiment,TK-PB-Drahi_17-d1-HET-ULO-8c673aa6e5-r4,4,TWO_STAGE_RH,LEXMMFSA,13,5,lex_phase_5,0.40758800506591797,0.16977977752685547,0.16778779029846191,2076.71484375
oos_experiment,TK-PB-Drahi_17-d1-HET-ULO-8c673aa6e5-r4,4,TWO_STAGE_RH,LEXMMFSA,13,6,economic_tie_break,0.5510430335998535,0.08338499069213867,0.08113813400268555,2076.71484375
oos_experiment,TK-PB-Drahi_17-d1-HET-ULO-8c673aa6e5-r4,4,TWO_STAGE_RH,LEXMMFSA,13,6,economic_tie_break,0.40758800506591797,0.08711099624633789,0.08493709564208984,2076.71484375
oos_experiment,TK-PB-Drahi_17-d1-HET-ULO-8c673aa6e5-r4,4,TWO_STAGE_RH,LEXMMFSA,14,1,lex_phase_1,0.5510430335998535,75.93163514137268,74.93230104446411,2076.71484375
oos_experiment,TK-PB-Drahi_17-d1-HET-ULO-8c673aa6e5-r4,4,TWO_STAGE_RH,LEXMMFSA,14,1,lex_phase_1,0.40758800506591797,42.34800720214844,41.67626690864563,2076.71484375
oos_experiment,TK-PB-Drahi_17-d1-HET-ULO-8c673aa6e5-r4,4,TWO_STAGE_RH,LEXMMFSA,14,2,lex_phase_2,0.5510430335998535,0.15102601051330566,0.14897799491882324,2076.71484375
oos_experiment,TK-PB-Drahi_17-d1-HET-ULO-8c673aa6e5-r4,4,TWO_STAGE_RH,LEXMMFSA,14,2,lex_phase_2,0.40758800506591797,0.1433088779449463,0.14119815826416016,2076.71484375
oos_experiment,TK-PB-Drahi_17-d1-HET-ULO-8c673aa6e5-r4,4,TWO_STAGE_RH,LEXMMFSA,14,3,lex_phase_3,0.5510430335998535,0.17807888984680176,0.17591500282287598,2076.71484375
oos_experiment,TK-PB-Drahi_17-d1-HET-ULO-8c673aa6e5-r4,4,TWO_STAGE_RH,LEXMMFSA,14,3,lex_phase_3,0.40758800506591797,0.15041399002075195,0.14848113059997559,2076.71484375
oos_experiment,TK-PB-Drahi_17-d1-HET-ULO-8c673aa6e5-r4,4,TWO_STAGE_RH,LEXMMFSA,14,4,lex_phase_4,0.5510430335998535,0.13196587562561035,0.12952709197998047,2076.71484375
oos_experiment,TK-PB-Drahi_17-d1-HET-ULO-8c673aa6e5-r4,4,TWO_STAGE_RH,LEXMMFSA,14,4,lex_phase_4,0.40758800506591797,0.12536096572875977,0.1231989860534668,2076.71484375
oos_experiment,TK-PB-Drahi_17-d1-HET-ULO-8c673aa6e5-r4,4,TWO_STAGE_RH,LEXMMFSA,14,5,lex_phase_5,0.5510430335998535,0.16176795959472656,0.15999603271484375,2076.71484375
oos_experiment,TK-PB-Drahi_17-d1-HET-ULO-8c673aa6e5-r4,4,TWO_STAGE_RH,LEXMMFSA,14,5,lex_phase_5,0.40758800506591797,0.16977977752685547,0.16778779029846191,2076.71484375
oos_experiment,TK-PB-Drahi_17-d1-HET-ULO-8c673aa6e5-r4,4,TWO_STAGE_RH,LEXMMFSA,14,6,economic_tie_break,0.5510430335998535,0.08338499069213867,0.08113813400268555,2076.71484375
oos_experiment,TK-PB-Drahi_17-d1-HET-ULO-8c673aa6e5-r4,4,TWO_STAGE_RH,LEXMMFSA,14,6,economic_tie_break,0.40758800506591797,0.08711099624633789,0.08493709564208984,2076.71484375
oos_experiment,TK-PB-Drahi_17-d1-HET-ULO-8c673aa6e5-r4,4,TWO_STAGE_RH,LEXMMFSA,15,1,lex_phase_1,0.5510430335998535,75.93163514137268,74.93230104446411,2076.71484375
oos_experiment,TK-PB-Drahi_17-d1-HET-ULO-8c673aa6e5-r4,4,TWO_STAGE_RH,LEXMMFSA,15,1,lex_phase_1,0.40758800506591797,42.34800720214844,41.67626690864563,2076.71484375
oos_experiment,TK-PB-Drahi_17-d1-HET-ULO-8c673aa6e5-r4,4,TWO_STAGE_RH,LEXMMFSA,15,2,lex_phase_2,0.5510430335998535,0.15102601051330566,0.14897799491882324,2076.71484375
oos_experiment,TK-PB-Drahi_17-d1-HET-ULO-8c673aa6e5-r4,4,TWO_STAGE_RH,LEXMMFSA,15,2,lex_phase_2,0.40758800506591797,0.1433088779449463,0.14119815826416016,2076.71484375
oos_experiment,TK-PB-Drahi_17-d1-HET-ULO-8c673aa6e5-r4,4,TWO_STAGE_RH,LEXMMFSA,15,3,lex_phase_3,0.5510430335998535,0.17807888984680176,0.17591500282287598,2076.71484375
oos_experiment,TK-PB-Drahi_17-d1-HET-ULO-8c673aa6e5-r4,4,TWO_STAGE_RH,LEXMMFSA,15,3,lex_phase_3,0.40758800506591797,0.15041399002075195,0.14848113059997559,2076.71484375
oos_experiment,TK-PB-Drahi_17-d1-HET-ULO-8c673aa6e5-r4,4,TWO_STAGE_RH,LEXMMFSA,15,4,lex_phase_4,0.5510430335998535,0.13196587562561035,0.12952709197998047,2076.71484375
oos_experiment,TK-PB-Drahi_17-d1-HET-ULO-8c673aa6e5-r4,4,TWO_STAGE_RH,LEXMMFSA,15,4,lex_phase_4,0.40758800506591797,0.12536096572875977,0.1231989860534668,2076.71484375
oos_experiment,TK-PB-Drahi_17-d1-HET-ULO-8c673aa6e5-r4,4,TWO_STAGE_RH,LEXMMFSA,15,5,lex_phase_5,0.5510430335998535,0.16176795959472656,0.15999603271484375,2076.71484375
oos_experiment,TK-PB-Drahi_17-d1-HET-ULO-8c673aa6e5-r4,4,TWO_STAGE_RH,LEXMMFSA,15,5,lex_phase_5,0.40758800506591797,0.16977977752685547,0.16778779029846191,2076.71484375
oos_experiment,TK-PB-Drahi_17-d1-HET-ULO-8c673aa6e5-r4,4,TWO_STAGE_RH,LEXMMFSA,15,6,economic_tie_break,0.5510430335998535,0.08338499069213867,0.08113813400268555,2076.71484375
oos_experiment,TK-PB-Drahi_17-d1-HET-ULO-8c673aa6e5-r4,4,TWO_STAGE_RH,LEXMMFSA,15,6,economic_tie_break,0.40758800506591797,0.08711099624633789,0.08493709564208984,2076.71484375
oos_experiment,TK-PB-Drahi_17-d1-HET-ULO-8c673aa6e5-r4,4,TWO_STAGE_RH,LEXMMFSA,16,1,lex_phase_1,0.5510430335998535,75.93163514137268,74.93230104446411,2076.71484375
oos_experiment,TK-PB-Drahi_17-d1-HET-ULO-8c673aa6e5-r4,4,TWO_STAGE_RH,LEXMMFSA,16,1,lex_phase_1,0.40758800506591797,42.34800720214844,41.67626690864563,2076.71484375
oos_experiment,TK-PB-Drahi_17-d1-HET-ULO-8c673aa6e5-r4,4,TWO_STAGE_RH,LEXMMFSA,16,2,lex_phase_2,0.5510430335998535,0.15102601051330566,0.14897799491882324,2076.71484375
oos_experiment,TK-PB-Drahi_17-d1-HET-ULO-8c673aa6e5-r4,4,TWO_STAGE_RH,LEXMMFSA,16,2,lex_phase_2,0.40758800506591797,0.1433088779449463,0.14119815826416016,2076.71484375
oos_experiment,TK-PB-Drahi_17-d1-HET-ULO-8c673aa6e5-r4,4,TWO_STAGE_RH,LEXMMFSA,16,3,lex_phase_3,0.5510430335998535,0.17807888984680176,0.17591500282287598,2076.71484375
oos_experiment,TK-PB-Drahi_17-d1-HET-ULO-8c673aa6e5-r4,4,TWO_STAGE_RH,LEXMMFSA,16,3,lex_phase_3,0.40758800506591797,0.15041399002075195,0.14848113059997559,2076.71484375
oos_experiment,TK-PB-Drahi_17-d1-HET-ULO-8c673aa6e5-r4,4,TWO_STAGE_RH,LEXMMFSA,16,4,lex_phase_4,0.5510430335998535,0.13196587562561035,0.12952709197998047,2076.71484375
oos_experiment,TK-PB-Drahi_17-d1-HET-ULO-8c673aa6e5-r4,4,TWO_STAGE_RH,LEXMMFSA,16,4,lex_phase_4,0.40758800506591797,0.12536096572875977,0.1231989860534668,2076.71484375
oos_experiment,TK-PB-Drahi_17-d1-HET-ULO-8c673aa6e5-r4,4,TWO_STAGE_RH,LEXMMFSA,16,5,lex_phase_5,0.5510430335998535,0.16176795959472656,0.15999603271484375,2076.71484375
oos_experiment,TK-PB-Drahi_17-d1-HET-ULO-8c673aa6e5-r4,4,TWO_STAGE_RH,LEXMMFSA,16,5,lex_phase_5,0.40758800506591797,0.16977977752685547,0.16778779029846191,2076.71484375
oos_experiment,TK-PB-Drahi_17-d1-HET-ULO-8c673aa6e5-r4,4,TWO_STAGE_RH,LEXMMFSA,16,6,economic_tie_break,0.5510430335998535,0.08338499069213867,0.08113813400268555,2076.71484375
oos_experiment,TK-PB-Drahi_17-d1-HET-ULO-8c673aa6e5-r4,4,TWO_STAGE_RH,LEXMMFSA,16,6,economic_tie_break,0.40758800506591797,0.08711099624633789,0.08493709564208984,2076.71484375
oos_experiment,TK-PB-Drahi_17-d1-HET-ULO-8c673aa6e5-r4,4,TWO_STAGE_RH,LEXMMFSA,17,1,lex_phase_1,0.4870610237121582,57.43938612937927,55.969987869262695,2076.71484375
oos_experiment,TK-PB-Drahi_17-d1-HET-ULO-8c673aa6e5-r4,4,TWO_STAGE_RH,LEXMMFSA,17,1,lex_phase_1,0.40404486656188965,37.94619393348694,37.23274111747742,2076.71484375
oos_experiment,TK-PB-Drahi_17-d1-HET-ULO-8c673aa6e5-r4,4,TWO_STAGE_RH,LEXMMFSA,17,2,lex_phase_2,0.4870610237121582,0.16135811805725098,0.15886402130126953,2076.71484375
oos_experiment,TK-PB-Drahi_17-d1-HET-ULO-8c673aa6e5-r4,4,TWO_STAGE_RH,LEXMMFSA,17,2,lex_phase_2,0.40404486656188965,0.15714383125305176,0.1549389362335205,2076.71484375
oos_experiment,TK-PB-Drahi_17-d1-HET-ULO-8c673aa6e5-r4,4,TWO_STAGE_RH,LEXMMFSA,17,3,lex_phase_3,0.4870610237121582,0.18630504608154297,0.1839289665222168,2076.71484375
oos_experiment,TK-PB-Drahi_17-d1-HET-ULO-8c673aa6e5-r4,4,TWO_STAGE_RH,LEXMMFSA,17,3,lex_phase_3,0.40404486656188965,0.18483805656433105,0.1826789379119873,2076.71484375
oos_experiment,TK-PB-Drahi_17-d1-HET-ULO-8c673aa6e5-r4,4,TWO_STAGE_RH,LEXMMFSA,17,4,lex_phase_4,0.4870610237121582,0.13785099983215332,0.13543915748596191,2076.71484375
oos_experiment,TK-PB-Drahi_17-d1-HET-ULO-8c673aa6e5-r4,4,TWO_STAGE_RH,LEXMMFSA,17,4,lex_phase_4,0.40404486656188965,0.1449592113494873,0.14296507835388184,2076.71484375
oos_experiment,TK-PB-Drahi_17-d1-HET-ULO-8c673aa6e5-r4,4,TWO_STAGE_RH,LEXMMFSA,17,5,lex_phase_5,0.4870610237121582,0.14573287963867188,0.14350390434265137,2076.71484375
oos_experiment,TK-PB-Drahi_17-d1-HET-ULO-8c673aa6e5-r4,4,TWO_STAGE_RH,LEXMMFSA,17,5,lex_phase_5,0.40404486656188965,0.13312387466430664,0.13112497329711914,2076.71484375
oos_experiment,TK-PB-Drahi_17-d1-HET-ULO-8c673aa6e5-r4,4,TWO_STAGE_RH,LEXMMFSA,17,6,economic_tie_break,0.4870610237121582,0.08745503425598145,0.08525609970092773,2076.71484375
oos_experiment,TK-PB-Drahi_17-d1-HET-ULO-8c673aa6e5-r4,4,TWO_STAGE_RH,LEXMMFSA,17,6,economic_tie_break,0.40404486656188965,0.09383702278137207,0.09162402153015137,2076.71484375
oos_experiment,TK-PB-Drahi_17-d1-HET-ULO-8c673aa6e5-r4,4,TWO_STAGE_RH,LEXMMFSA,18,1,lex_phase_1,0.4870610237121582,57.43938612937927,55.969987869262695,2076.71484375
oos_experiment,TK-PB-Drahi_17-d1-HET-ULO-8c673aa6e5-r4,4,TWO_STAGE_RH,LEXMMFSA,18,1,lex_phase_1,0.40404486656188965,37.94619393348694,37.23274111747742,2076.71484375
oos_experiment,TK-PB-Drahi_17-d1-HET-ULO-8c673aa6e5-r4,4,TWO_STAGE_RH,LEXMMFSA,18,2,lex_phase_2,0.4870610237121582,0.16135811805725098,0.15886402130126953,2076.71484375
oos_experiment,TK-PB-Drahi_17-d1-HET-ULO-8c673aa6e5-r4,4,TWO_STAGE_RH,LEXMMFSA,18,2,lex_phase_2,0.40404486656188965,0.15714383125305176,0.1549389362335205,2076.71484375
oos_experiment,TK-PB-Drahi_17-d1-HET-ULO-8c673aa6e5-r4,4,TWO_STAGE_RH,LEXMMFSA,18,3,lex_phase_3,0.4870610237121582,0.18630504608154297,0.1839289665222168,2076.71484375
oos_experiment,TK-PB-Drahi_17-d1-HET-ULO-8c673aa6e5-r4,4,TWO_STAGE_RH,LEXMMFSA,18,3,lex_phase_3,0.40404486656188965,0.18483805656433105,0.1826789379119873,2076.71484375
oos_experiment,TK-PB-Drahi_17-d1-HET-ULO-8c673aa6e5-r4,4,TWO_STAGE_RH,LEXMMFSA,18,4,lex_phase_4,0.4870610237121582,0.13785099983215332,0.13543915748596191,2076.71484375
oos_experiment,TK-PB-Drahi_17-d1-HET-ULO-8c673aa6e5-r4,4,TWO_STAGE_RH,LEXMMFSA,18,4,lex_phase_4,0.40404486656188965,0.1449592113494873,0.14296507835388184,2076.71484375
oos_experiment,TK-PB-Drahi_17-d1-HET-ULO-8c673aa6e5-r4,4,TWO_STAGE_RH,LEXMMFSA,18,5,lex_phase_5,0.4870610237121582,0.14573287963867188,0.14350390434265137,2076.71484375
oos_experiment,TK-PB-Drahi_17-d1-HET-ULO-8c673aa6e5-r4,4,TWO_STAGE_RH,LEXMMFSA,18,5,lex_phase_5,0.40404486656188965,0.13312387466430664,0.13112497329711914,2076.71484375
oos_experiment,TK-PB-Drahi_17-d1-HET-ULO-8c673aa6e5-r4,4,TWO_STAGE_RH,LEXMMFSA,18,6,economic_tie_break,0.4870610237121582,0.08745503425598145,0.08525609970092773,2076.71484375
oos_experiment,TK-PB-Drahi_17-d1-HET-ULO-8c673aa6e5-r4,4,TWO_STAGE_RH,LEXMMFSA,18,6,economic_tie_break,0.40404486656188965,0.09383702278137207,0.09162402153015137,2076.71484375
oos_experiment,TK-PB-Drahi_17-d1-HET-ULO-8c673aa6e5-r4,4,TWO_STAGE_RH,LEXMMFSA,19,1,lex_phase_1,0.4870610237121582,57.43938612937927,55.969987869262695,2076.71484375
oos_experiment,TK-PB-Drahi_17-d1-HET-ULO-8c673aa6e5-r4,4,TWO_STAGE_RH,LEXMMFSA,19,1,lex_phase_1,0.40404486656188965,37.94619393348694,37.23274111747742,2076.71484375
oos_experiment,TK-PB-Drahi_17-d1-HET-ULO-8c673aa6e5-r4,4,TWO_STAGE_RH,LEXMMFSA,19,2,lex_phase_2,0.4870610237121582,0.16135811805725098,0.15886402130126953,2076.71484375
oos_experiment,TK-PB-Drahi_17-d1-HET-ULO-8c673aa6e5-r4,4,TWO_STAGE_RH,LEXMMFSA,19,2,lex_phase_2,0.40404486656188965,0.15714383125305176,0.1549389362335205,2076.71484375
oos_experiment,TK-PB-Drahi_17-d1-HET-ULO-8c673aa6e5-r4,4,TWO_STAGE_RH,LEXMMFSA,19,3,lex_phase_3,0.4870610237121582,0.18630504608154297,0.1839289665222168,2076.71484375
oos_experiment,TK-PB-Drahi_17-d1-HET-ULO-8c673aa6e5-r4,4,TWO_STAGE_RH,LEXMMFSA,19,3,lex_phase_3,0.40404486656188965,0.18483805656433105,0.1826789379119873,2076.71484375
oos_experiment,TK-PB-Drahi_17-d1-HET-ULO-8c673aa6e5-r4,4,TWO_STAGE_RH,LEXMMFSA,19,4,lex_phase_4,0.4870610237121582,0.13785099983215332,0.13543915748596191,2076.71484375
oos_experiment,TK-PB-Drahi_17-d1-HET-ULO-8c673aa6e5-r4,4,TWO_STAGE_RH,LEXMMFSA,19,4,lex_phase_4,0.40404486656188965,0.1449592113494873,0.14296507835388184,2076.71484375
oos_experiment,TK-PB-Drahi_17-d1-HET-ULO-8c673aa6e5-r4,4,TWO_STAGE_RH,LEXMMFSA,19,5,lex_phase_5,0.4870610237121582,0.14573287963867188,0.14350390434265137,2076.71484375
oos_experiment,TK-PB-Drahi_17-d1-HET-ULO-8c673aa6e5-r4,4,TWO_STAGE_RH,LEXMMFSA,19,5,lex_phase_5,0.40404486656188965,0.13312387466430664,0.13112497329711914,2076.71484375
oos_experiment,TK-PB-Drahi_17-d1-HET-ULO-8c673aa6e5-r4,4,TWO_STAGE_RH,LEXMMFSA,19,6,economic_tie_break,0.4870610237121582,0.08745503425598145,0.08525609970092773,2076.71484375
oos_experiment,TK-PB-Drahi_17-d1-HET-ULO-8c673aa6e5-r4,4,TWO_STAGE_RH,LEXMMFSA,19,6,economic_tie_break,0.40404486656188965,0.09383702278137207,0.09162402153015137,2076.71484375
oos_experiment,TK-PB-Drahi_17-d1-HET-ULO-8c673aa6e5-r4,4,TWO_STAGE_RH,LEXMMFSA,20,1,lex_phase_1,0.4870610237121582,57.43938612937927,55.969987869262695,2076.71484375
oos_experiment,TK-PB-Drahi_17-d1-HET-ULO-8c673aa6e5-r4,4,TWO_STAGE_RH,LEXMMFSA,20,1,lex_phase_1,0.40404486656188965,37.94619393348694,37.23274111747742,2076.71484375
oos_experiment,TK-PB-Drahi_17-d1-HET-ULO-8c673aa6e5-r4,4,TWO_STAGE_RH,LEXMMFSA,20,2,lex_phase_2,0.4870610237121582,0.16135811805725098,0.15886402130126953,2076.71484375
oos_experiment,TK-PB-Drahi_17-d1-HET-ULO-8c673aa6e5-r4,4,TWO_STAGE_RH,LEXMMFSA,20,2,lex_phase_2,0.40404486656188965,0.15714383125305176,0.1549389362335205,2076.71484375
oos_experiment,TK-PB-Drahi_17-d1-HET-ULO-8c673aa6e5-r4,4,TWO_STAGE_RH,LEXMMFSA,20,3,lex_phase_3,0.4870610237121582,0.18630504608154297,0.1839289665222168,2076.71484375
oos_experiment,TK-PB-Drahi_17-d1-HET-ULO-8c673aa6e5-r4,4,TWO_STAGE_RH,LEXMMFSA,20,3,lex_phase_3,0.40404486656188965,0.18483805656433105,0.1826789379119873,2076.71484375
oos_experiment,TK-PB-Drahi_17-d1-HET-ULO-8c673aa6e5-r4,4,TWO_STAGE_RH,LEXMMFSA,20,4,lex_phase_4,0.4870610237121582,0.13785099983215332,0.13543915748596191,2076.71484375
oos_experiment,TK-PB-Drahi_17-d1-HET-ULO-8c673aa6e5-r4,4,TWO_STAGE_RH,LEXMMFSA,20,4,lex_phase_4,0.40404486656188965,0.1449592113494873,0.14296507835388184,2076.71484375
oos_experiment,TK-PB-Drahi_17-d1-HET-ULO-8c673aa6e5-r4,4,TWO_STAGE_RH,LEXMMFSA,20,5,lex_phase_5,0.4870610237121582,0.14573287963867188,0.14350390434265137,2076.71484375
oos_experiment,TK-PB-Drahi_17-d1-HET-ULO-8c673aa6e5-r4,4,TWO_STAGE_RH,LEXMMFSA,20,5,lex_phase_5,0.40404486656188965,0.13312387466430664,0.13112497329711914,2076.71484375
oos_experiment,TK-PB-Drahi_17-d1-HET-ULO-8c673aa6e5-r4,4,TWO_STAGE_RH,LEXMMFSA,20,6,economic_tie_break,0.4870610237121582,0.08745503425598145,0.08525609970092773,2076.71484375
oos_experiment,TK-PB-Drahi_17-d1-HET-ULO-8c673aa6e5-r4,4,TWO_STAGE_RH,LEXMMFSA,20,6,economic_tie_break,0.40404486656188965,0.09383702278137207,0.09162402153015137,2076.71484375
oos_experiment,TK-PB-Drahi_17-d1-HET-ULO-8c673aa6e5-r4,4,TWO_STAGE_RH,LEXMMFSA,21,1,lex_phase_1,0.4539070129394531,68.17673802375793,67.41207313537598,2076.71484375
oos_experiment,TK-PB-Drahi_17-d1-HET-ULO-8c673aa6e5-r4,4,TWO_STAGE_RH,LEXMMFSA,21,1,lex_phase_1,0.44052696228027344,23.912595987319946,23.05195188522339,2076.71484375
oos_experiment,TK-PB-Drahi_17-d1-HET-ULO-8c673aa6e5-r4,4,TWO_STAGE_RH,LEXMMFSA,21,2,lex_phase_2,0.4539070129394531,0.16725897789001465,0.1651461124420166,2076.71484375
oos_experiment,TK-PB-Drahi_17-d1-HET-ULO-8c673aa6e5-r4,4,TWO_STAGE_RH,LEXMMFSA,21,2,lex_phase_2,0.44052696228027344,0.14344286918640137,0.14118504524230957,2076.71484375
oos_experiment,TK-PB-Drahi_17-d1-HET-ULO-8c673aa6e5-r4,4,TWO_STAGE_RH,LEXMMFSA,21,3,lex_phase_3,0.4539070129394531,0.18535780906677246,0.18308115005493164,2076.71484375
oos_experiment,TK-PB-Drahi_17-d1-HET-ULO-8c673aa6e5-r4,4,TWO_STAGE_RH,LEXMMFSA,21,3,lex_phase_3,0.44052696228027344,0.16809296607971191,0.1658930778503418,2076.71484375
oos_experiment,TK-PB-Drahi_17-d1-HET-ULO-8c673aa6e5-r4,4,TWO_STAGE_RH,LEXMMFSA,21,4,lex_phase_4,0.4539070129394531,0.13682913780212402,0.13479304313659668,2076.71484375
oos_experiment,TK-PB-Drahi_17-d1-HET-ULO-8c673aa6e5-r4,4,TWO_STAGE_RH,LEXMMFSA,21,4,lex_phase_4,0.44052696228027344,0.11634707450866699,0.11447405815124512,2076.71484375
oos_experiment,TK-PB-Drahi_17-d1-HET-ULO-8c673aa6e5-r4,4,TWO_STAGE_RH,LEXMMFSA,21,5,lex_phase_5,0.4539070129394531,0.15166997909545898,0.1495378017425537,2076.71484375
oos_experiment,TK-PB-Drahi_17-d1-HET-ULO-8c673aa6e5-r4,4,TWO_STAGE_RH,LEXMMFSA,21,5,lex_phase_5,0.44052696228027344,0.12591290473937988,0.1233210563659668,2076.71484375
oos_experiment,TK-PB-Drahi_17-d1-HET-ULO-8c673aa6e5-r4,4,TWO_STAGE_RH,LEXMMFSA,21,6,economic_tie_break,0.4539070129394531,0.0795741081237793,0.07766604423522949,2076.71484375
oos_experiment,TK-PB-Drahi_17-d1-HET-ULO-8c673aa6e5-r4,4,TWO_STAGE_RH,LEXMMFSA,21,6,economic_tie_break,0.44052696228027344,0.07146906852722168,0.06954813003540039,2076.71484375
oos_experiment,TK-PB-Drahi_17-d1-HET-ULO-8c673aa6e5-r4,4,TWO_STAGE_RH,LEXMMFSA,22,1,lex_phase_1,0.4539070129394531,68.17673802375793,67.41207313537598,2076.71484375
oos_experiment,TK-PB-Drahi_17-d1-HET-ULO-8c673aa6e5-r4,4,TWO_STAGE_RH,LEXMMFSA,22,1,lex_phase_1,0.44052696228027344,23.912595987319946,23.05195188522339,2076.71484375
oos_experiment,TK-PB-Drahi_17-d1-HET-ULO-8c673aa6e5-r4,4,TWO_STAGE_RH,LEXMMFSA,22,2,lex_phase_2,0.4539070129394531,0.16725897789001465,0.1651461124420166,2076.71484375
oos_experiment,TK-PB-Drahi_17-d1-HET-ULO-8c673aa6e5-r4,4,TWO_STAGE_RH,LEXMMFSA,22,2,lex_phase_2,0.44052696228027344,0.14344286918640137,0.14118504524230957,2076.71484375
oos_experiment,TK-PB-Drahi_17-d1-HET-ULO-8c673aa6e5-r4,4,TWO_STAGE_RH,LEXMMFSA,22,3,lex_phase_3,0.4539070129394531,0.18535780906677246,0.18308115005493164,2076.71484375
oos_experiment,TK-PB-Drahi_17-d1-HET-ULO-8c673aa6e5-r4,4,TWO_STAGE_RH,LEXMMFSA,22,3,lex_phase_3,0.44052696228027344,0.16809296607971191,0.1658930778503418,2076.71484375
oos_experiment,TK-PB-Drahi_17-d1-HET-ULO-8c673aa6e5-r4,4,TWO_STAGE_RH,LEXMMFSA,22,4,lex_phase_4,0.4539070129394531,0.13682913780212402,0.13479304313659668,2076.71484375
oos_experiment,TK-PB-Drahi_17-d1-HET-ULO-8c673aa6e5-r4,4,TWO_STAGE_RH,LEXMMFSA,22,4,lex_phase_4,0.44052696228027344,0.11634707450866699,0.11447405815124512,2076.71484375
oos_experiment,TK-PB-Drahi_17-d1-HET-ULO-8c673aa6e5-r4,4,TWO_STAGE_RH,LEXMMFSA,22,5,lex_phase_5,0.4539070129394531,0.15166997909545898,0.1495378017425537,2076.71484375
oos_experiment,TK-PB-Drahi_17-d1-HET-ULO-8c673aa6e5-r4,4,TWO_STAGE_RH,LEXMMFSA,22,5,lex_phase_5,0.44052696228027344,0.12591290473937988,0.1233210563659668,2076.71484375
oos_experiment,TK-PB-Drahi_17-d1-HET-ULO-8c673aa6e5-r4,4,TWO_STAGE_RH,LEXMMFSA,22,6,economic_tie_break,0.4539070129394531,0.0795741081237793,0.07766604423522949,2076.71484375
oos_experiment,TK-PB-Drahi_17-d1-HET-ULO-8c673aa6e5-r4,4,TWO_STAGE_RH,LEXMMFSA,22,6,economic_tie_break,0.44052696228027344,0.07146906852722168,0.06954813003540039,2076.71484375
oos_experiment,TK-PB-Drahi_17-d1-HET-ULO-8c673aa6e5-r4,4,TWO_STAGE_RH,LEXMMFSA,23,1,lex_phase_1,0.4539070129394531,68.17673802375793,67.41207313537598,2076.71484375
oos_experiment,TK-PB-Drahi_17-d1-HET-ULO-8c673aa6e5-r4,4,TWO_STAGE_RH,LEXMMFSA,23,1,lex_phase_1,0.44052696228027344,23.912595987319946,23.05195188522339,2076.71484375
oos_experiment,TK-PB-Drahi_17-d1-HET-ULO-8c673aa6e5-r4,4,TWO_STAGE_RH,LEXMMFSA,23,2,lex_phase_2,0.4539070129394531,0.16725897789001465,0.1651461124420166,2076.71484375
oos_experiment,TK-PB-Drahi_17-d1-HET-ULO-8c673aa6e5-r4,4,TWO_STAGE_RH,LEXMMFSA,23,2,lex_phase_2,0.44052696228027344,0.14344286918640137,0.14118504524230957,2076.71484375
oos_experiment,TK-PB-Drahi_17-d1-HET-ULO-8c673aa6e5-r4,4,TWO_STAGE_RH,LEXMMFSA,23,3,lex_phase_3,0.4539070129394531,0.18535780906677246,0.18308115005493164,2076.71484375
oos_experiment,TK-PB-Drahi_17-d1-HET-ULO-8c673aa6e5-r4,4,TWO_STAGE_RH,LEXMMFSA,23,3,lex_phase_3,0.44052696228027344,0.16809296607971191,0.1658930778503418,2076.71484375
oos_experiment,TK-PB-Drahi_17-d1-HET-ULO-8c673aa6e5-r4,4,TWO_STAGE_RH,LEXMMFSA,23,4,lex_phase_4,0.4539070129394531,0.13682913780212402,0.13479304313659668,2076.71484375
oos_experiment,TK-PB-Drahi_17-d1-HET-ULO-8c673aa6e5-r4,4,TWO_STAGE_RH,LEXMMFSA,23,4,lex_phase_4,0.44052696228027344,0.11634707450866699,0.11447405815124512,2076.71484375
oos_experiment,TK-PB-Drahi_17-d1-HET-ULO-8c673aa6e5-r4,4,TWO_STAGE_RH,LEXMMFSA,23,5,lex_phase_5,0.4539070129394531,0.15166997909545898,0.1495378017425537,2076.71484375
oos_experiment,TK-PB-Drahi_17-d1-HET-ULO-8c673aa6e5-r4,4,TWO_STAGE_RH,LEXMMFSA,23,5,lex_phase_5,0.44052696228027344,0.12591290473937988,0.1233210563659668,2076.71484375
oos_experiment,TK-PB-Drahi_17-d1-HET-ULO-8c673aa6e5-r4,4,TWO_STAGE_RH,LEXMMFSA,23,6,economic_tie_break,0.4539070129394531,0.0795741081237793,0.07766604423522949,2076.71484375
oos_experiment,TK-PB-Drahi_17-d1-HET-ULO-8c673aa6e5-r4,4,TWO_STAGE_RH,LEXMMFSA,23,6,economic_tie_break,0.44052696228027344,0.07146906852722168,0.06954813003540039,2076.71484375
oos_experiment,TK-PB-Drahi_17-d1-HET-ULO-8c673aa6e5-r4,4,TWO_STAGE_RH,LEXMMFSA,24,1,lex_phase_1,0.4539070129394531,68.17673802375793,67.41207313537598,2076.71484375
oos_experiment,TK-PB-Drahi_17-d1-HET-ULO-8c673aa6e5-r4,4,TWO_STAGE_RH,LEXMMFSA,24,1,lex_phase_1,0.44052696228027344,23.912595987319946,23.05195188522339,2076.71484375
oos_experiment,TK-PB-Drahi_17-d1-HET-ULO-8c673aa6e5-r4,4,TWO_STAGE_RH,LEXMMFSA,24,2,lex_phase_2,0.4539070129394531,0.16725897789001465,0.1651461124420166,2076.71484375
oos_experiment,TK-PB-Drahi_17-d1-HET-ULO-8c673aa6e5-r4,4,TWO_STAGE_RH,LEXMMFSA,24,2,lex_phase_2,0.44052696228027344,0.14344286918640137,0.14118504524230957,2076.71484375
oos_experiment,TK-PB-Drahi_17-d1-HET-ULO-8c673aa6e5-r4,4,TWO_STAGE_RH,LEXMMFSA,24,3,lex_phase_3,0.4539070129394531,0.18535780906677246,0.18308115005493164,2076.71484375
oos_experiment,TK-PB-Drahi_17-d1-HET-ULO-8c673aa6e5-r4,4,TWO_STAGE_RH,LEXMMFSA,24,3,lex_phase_3,0.44052696228027344,0.16809296607971191,0.1658930778503418,2076.71484375
oos_experiment,TK-PB-Drahi_17-d1-HET-ULO-8c673aa6e5-r4,4,TWO_STAGE_RH,LEXMMFSA,24,4,lex_phase_4,0.4539070129394531,0.13682913780212402,0.13479304313659668,2076.71484375
oos_experiment,TK-PB-Drahi_17-d1-HET-ULO-8c673aa6e5-r4,4,TWO_STAGE_RH,LEXMMFSA,24,4,lex_phase_4,0.44052696228027344,0.11634707450866699,0.11447405815124512,2076.71484375
oos_experiment,TK-PB-Drahi_17-d1-HET-ULO-8c673aa6e5-r4,4,TWO_STAGE_RH,LEXMMFSA,24,5,lex_phase_5,0.4539070129394531,0.15166997909545898,0.1495378017425537,2076.71484375
oos_experiment,TK-PB-Drahi_17-d1-HET-ULO-8c673aa6e5-r4,4,TWO_STAGE_RH,LEXMMFSA,24,5,lex_phase_5,0.44052696228027344,0.12591290473937988,0.1233210563659668,2076.71484375
oos_experiment,TK-PB-Drahi_17-d1-HET-ULO-8c673aa6e5-r4,4,TWO_STAGE_RH,LEXMMFSA,24,6,economic_tie_break,0.4539070129394531,0.0795741081237793,0.07766604423522949,2076.71484375
oos_experiment,TK-PB-Drahi_17-d1-HET-ULO-8c673aa6e5-r4,4,TWO_STAGE_RH,LEXMMFSA,24,6,economic_tie_break,0.44052696228027344,0.07146906852722168,0.06954813003540039,2076.71484375
oos_experiment,TK-PB-Drahi_17-d1-HET-ULO-8c673aa6e5-r4,4,TWO_STAGE_RH,NONE,1,0,single_solve,0.25248098373413086,1.7063097953796387,1.1295089721679688,2076.71484375
oos_experiment,TK-PB-Drahi_17-d1-HET-ULO-8c673aa6e5-r4,4,TWO_STAGE_RH,NONE,1,0,single_solve,0.4000558853149414,2.684708833694458,1.9004158973693848,2076.71484375
oos_experiment,TK-PB-Drahi_17-d1-HET-ULO-8c673aa6e5-r4,4,TWO_STAGE_RH,NONE,2,0,single_solve,0.25248098373413086,1.7063097953796387,1.1295089721679688,2076.71484375
oos_experiment,TK-PB-Drahi_17-d1-HET-ULO-8c673aa6e5-r4,4,TWO_STAGE_RH,NONE,2,0,single_solve,0.4000558853149414,2.684708833694458,1.9004158973693848,2076.71484375
oos_experiment,TK-PB-Drahi_17-d1-HET-ULO-8c673aa6e5-r4,4,TWO_STAGE_RH,NONE,3,0,single_solve,0.25248098373413086,1.7063097953796387,1.1295089721679688,2076.71484375
oos_experiment,TK-PB-Drahi_17-d1-HET-ULO-8c673aa6e5-r4,4,TWO_STAGE_RH,NONE,3,0,single_solve,0.4000558853149414,2.684708833694458,1.9004158973693848,2076.71484375
oos_experiment,TK-PB-Drahi_17-d1-HET-ULO-8c673aa6e5-r4,4,TWO_STAGE_RH,NONE,4,0,single_solve,0.25248098373413086,1.7063097953796387,1.1295089721679688,2076.71484375
oos_experiment,TK-PB-Drahi_17-d1-HET-ULO-8c673aa6e5-r4,4,TWO_STAGE_RH,NONE,4,0,single_solve,0.4000558853149414,2.684708833694458,1.9004158973693848,2076.71484375
oos_experiment,TK-PB-Drahi_17-d1-HET-ULO-8c673aa6e5-r4,4,TWO_STAGE_RH,NONE,5,0,single_solve,0.7700059413909912,1.3189120292663574,0.9815359115600586,2076.71484375
oos_experiment,TK-PB-Drahi_17-d1-HET-ULO-8c673aa6e5-r4,4,TWO_STAGE_RH,NONE,5,0,single_solve,0.7065980434417725,3.0101990699768066,1.523435115814209,2076.71484375
oos_experiment,TK-PB-Drahi_17-d1-HET-ULO-8c673aa6e5-r4,4,TWO_STAGE_RH,NONE,6,0,single_solve,0.7700059413909912,1.3189120292663574,0.9815359115600586,2076.71484375
oos_experiment,TK-PB-Drahi_17-d1-HET-ULO-8c673aa6e5-r4,4,TWO_STAGE_RH,NONE,6,0,single_solve,0.7065980434417725,3.0101990699768066,1.523435115814209,2076.71484375
oos_experiment,TK-PB-Drahi_17-d1-HET-ULO-8c673aa6e5-r4,4,TWO_STAGE_RH,NONE,7,0,single_solve,0.7700059413909912,1.3189120292663574,0.9815359115600586,2076.71484375
oos_experiment,TK-PB-Drahi_17-d1-HET-ULO-8c673aa6e5-r4,4,TWO_STAGE_RH,NONE,7,0,single_solve,0.7065980434417725,3.0101990699768066,1.523435115814209,2076.71484375
oos_experiment,TK-PB-Drahi_17-d1-HET-ULO-8c673aa6e5-r4,4,TWO_STAGE_RH,NONE,8,0,single_solve,0.7700059413909912,1.3189120292663574,0.9815359115600586,2076.71484375
oos_experiment,TK-PB-Drahi_17-d1-HET-ULO-8c673aa6e5-r4,4,TWO_STAGE_RH,NONE,8,0,single_solve,0.7065980434417725,3.0101990699768066,1.523435115814209,2076.71484375
oos_experiment,TK-PB-Drahi_17-d1-HET-ULO-8c673aa6e5-r4,4,TWO_STAGE_RH,NONE,9,0,single_solve,0.18633198738098145,1.8489570617675781,1.1396100521087646,2076.71484375
oos_experiment,TK-PB-Drahi_17-d1-HET-ULO-8c673aa6e5-r4,4,TWO_STAGE_RH,NONE,9,0,single_solve,0.7200639247894287,2.34375,1.7812891006469727,2076.71484375
oos_experiment,TK-PB-Drahi_17-d1-HET-ULO-8c673aa6e5-r4,4,TWO_STAGE_RH,NONE,10,0,single_solve,0.18633198738098145,1.8489570617675781,1.1396100521087646,2076.71484375
oos_experiment,TK-PB-Drahi_17-d1-HET-ULO-8c673aa6e5-r4,4,TWO_STAGE_RH,NONE,10,0,single_solve,0.7200639247894287,2.34375,1.7812891006469727,2076.71484375
oos_experiment,TK-PB-Drahi_17-d1-HET-ULO-8c673aa6e5-r4,4,TWO_STAGE_RH,NONE,11,0,single_solve,0.18633198738098145,1.8489570617675781,1.1396100521087646,2076.71484375
oos_experiment,TK-PB-Drahi_17-d1-HET-ULO-8c673aa6e5-r4,4,TWO_STAGE_RH,NONE,11,0,single_solve,0.7200639247894287,2.34375,1.7812891006469727,2076.71484375
oos_experiment,TK-PB-Drahi_17-d1-HET-ULO-8c673aa6e5-r4,4,TWO_STAGE_RH,NONE,12,0,single_solve,0.18633198738098145,1.8489570617675781,1.1396100521087646,2076.71484375
oos_experiment,TK-PB-Drahi_17-d1-HET-ULO-8c673aa6e5-r4,4,TWO_STAGE_RH,NONE,12,0,single_solve,0.7200639247894287,2.34375,1.7812891006469727,2076.71484375
oos_experiment,TK-PB-Drahi_17-d1-HET-ULO-8c673aa6e5-r4,4,TWO_STAGE_RH,NONE,13,0,single_solve,0.19920992851257324,2.0933339595794678,1.0151300430297852,2076.71484375
oos_experiment,TK-PB-Drahi_17-d1-HET-ULO-8c673aa6e5-r4,4,TWO_STAGE_RH,NONE,13,0,single_solve,1.1515851020812988,2.309561014175415,1.5245931148529053,2076.71484375
oos_experiment,TK-PB-Drahi_17-d1-HET-ULO-8c673aa6e5-r4,4,TWO_STAGE_RH,NONE,14,0,single_solve,0.19920992851257324,2.0933339595794678,1.0151300430297852,2076.71484375
oos_experiment,TK-PB-Drahi_17-d1-HET-ULO-8c673aa6e5-r4,4,TWO_STAGE_RH,NONE,14,0,single_solve,1.1515851020812988,2.309561014175415,1.5245931148529053,2076.71484375
oos_experiment,TK-PB-Drahi_17-d1-HET-ULO-8c673aa6e5-r4,4,TWO_STAGE_RH,NONE,15,0,single_solve,0.19920992851257324,2.0933339595794678,1.0151300430297852,2076.71484375
oos_experiment,TK-PB-Drahi_17-d1-HET-ULO-8c673aa6e5-r4,4,TWO_STAGE_RH,NONE,15,0,single_solve,1.1515851020812988,2.309561014175415,1.5245931148529053,2076.71484375
oos_experiment,TK-PB-Drahi_17-d1-HET-ULO-8c673aa6e5-r4,4,TWO_STAGE_RH,NONE,16,0,single_solve,0.19920992851257324,2.0933339595794678,1.0151300430297852,2076.71484375
oos_experiment,TK-PB-Drahi_17-d1-HET-ULO-8c673aa6e5-r4,4,TWO_STAGE_RH,NONE,16,0,single_solve,1.1515851020812988,2.309561014175415,1.5245931148529053,2076.71484375
oos_experiment,TK-PB-Drahi_17-d1-HET-ULO-8c673aa6e5-r4,4,TWO_STAGE_RH,NONE,17,0,single_solve,0.46905088424682617,1.2384939193725586,0.8864409923553467,2076.71484375
oos_experiment,TK-PB-Drahi_17-d1-HET-ULO-8c673aa6e5-r4,4,TWO_STAGE_RH,NONE,17,0,single_solve,0.7295610904693604,1.9933688640594482,1.4637110233306885,2076.71484375
oos_experiment,TK-PB-Drahi_17-d1-HET-ULO-8c673aa6e5-r4,4,TWO_STAGE_RH,NONE,18,0,single_solve,0.46905088424682617,1.2384939193725586,0.8864409923553467,2076.71484375
oos_experiment,TK-PB-Drahi_17-d1-HET-ULO-8c673aa6e5-r4,4,TWO_STAGE_RH,NONE,18,0,single_solve,0.7295610904693604,1.9933688640594482,1.4637110233306885,2076.71484375
oos_experiment,TK-PB-Drahi_17-d1-HET-ULO-8c673aa6e5-r4,4,TWO_STAGE_RH,NONE,19,0,single_solve,0.46905088424682617,1.2384939193725586,0.8864409923553467,2076.71484375
oos_experiment,TK-PB-Drahi_17-d1-HET-ULO-8c673aa6e5-r4,4,TWO_STAGE_RH,NONE,19,0,single_solve,0.7295610904693604,1.9933688640594482,1.4637110233306885,2076.71484375
oos_experiment,TK-PB-Drahi_17-d1-HET-ULO-8c673aa6e5-r4,4,TWO_STAGE_RH,NONE,20,0,single_solve,0.46905088424682617,1.2384939193725586,0.8864409923553467,2076.71484375
oos_experiment,TK-PB-Drahi_17-d1-HET-ULO-8c673aa6e5-r4,4,TWO_STAGE_RH,NONE,20,0,single_solve,0.7295610904693604,1.9933688640594482,1.4637110233306885,2076.71484375
oos_experiment,TK-PB-Drahi_17-d1-HET-ULO-8c673aa6e5-r4,4,TWO_STAGE_RH,NONE,21,0,single_solve,0.17455482482910156,1.3357300758361816,0.9686489105224609,2076.71484375
oos_experiment,TK-PB-Drahi_17-d1-HET-ULO-8c673aa6e5-r4,4,TWO_STAGE_RH,NONE,21,0,single_solve,1.1583759784698486,2.399833917617798,1.599532127380371,2076.71484375
oos_experiment,TK-PB-Drahi_17-d1-HET-ULO-8c673aa6e5-r4,4,TWO_STAGE_RH,NONE,22,0,single_solve,0.17455482482910156,1.3357300758361816,0.9686489105224609,2076.71484375
oos_experiment,TK-PB-Drahi_17-d1-HET-ULO-8c673aa6e5-r4,4,TWO_STAGE_RH,NONE,22,0,single_solve,1.1583759784698486,2.399833917617798,1.599532127380371,2076.71484375
oos_experiment,TK-PB-Drahi_17-d1-HET-ULO-8c673aa6e5-r4,4,TWO_STAGE_RH,NONE,23,0,single_solve,0.17455482482910156,1.3357300758361816,0.9686489105224609,2076.71484375
oos_experiment,TK-PB-Drahi_17-d1-HET-ULO-8c673aa6e5-r4,4,TWO_STAGE_RH,NONE,23,0,single_solve,1.1583759784698486,2.399833917617798,1.599532127380371,2076.71484375
oos_experiment,TK-PB-Drahi_17-d1-HET-ULO-8c673aa6e5-r4,4,TWO_STAGE_RH,NONE,24,0,single_solve,0.17455482482910156,1.3357300758361816,0.9686489105224609,2076.71484375
oos_experiment,TK-PB-Drahi_17-d1-HET-ULO-8c673aa6e5-r4,4,TWO_STAGE_RH,NONE,24,0,single_solve,1.1583759784698486,2.399833917617798,1.599532127380371,2076.71484375
oos_experiment,TK-PB-Drahi_17-d1-HET-ULO-8c673aa6e5-r4,4,TWO_STAGE_RH,PEA,1,0,single_solve,1.8101861476898193,9.04024600982666,8.641978025436401,2076.71484375
oos_experiment,TK-PB-Drahi_17-d1-HET-ULO-8c673aa6e5-r4,4,TWO_STAGE_RH,PEA,1,0,single_solve,2.3560001850128174,18.392005920410156,17.76986789703369,2076.71484375
oos_experiment,TK-PB-Drahi_17-d1-HET-ULO-8c673aa6e5-r4,4,TWO_STAGE_RH,PEA,2,0,single_solve,1.8101861476898193,9.04024600982666,8.641978025436401,2076.71484375
oos_experiment,TK-PB-Drahi_17-d1-HET-ULO-8c673aa6e5-r4,4,TWO_STAGE_RH,PEA,2,0,single_solve,2.3560001850128174,18.392005920410156,17.76986789703369,2076.71484375
oos_experiment,TK-PB-Drahi_17-d1-HET-ULO-8c673aa6e5-r4,4,TWO_STAGE_RH,PEA,3,0,single_solve,1.8101861476898193,9.04024600982666,8.641978025436401,2076.71484375
oos_experiment,TK-PB-Drahi_17-d1-HET-ULO-8c673aa6e5-r4,4,TWO_STAGE_RH,PEA,3,0,single_solve,2.3560001850128174,18.392005920410156,17.76986789703369,2076.71484375
oos_experiment,TK-PB-Drahi_17-d1-HET-ULO-8c673aa6e5-r4,4,TWO_STAGE_RH,PEA,4,0,single_solve,1.8101861476898193,9.04024600982666,8.641978025436401,2076.71484375
oos_experiment,TK-PB-Drahi_17-d1-HET-ULO-8c673aa6e5-r4,4,TWO_STAGE_RH,PEA,4,0,single_solve,2.3560001850128174,18.392005920410156,17.76986789703369,2076.71484375
oos_experiment,TK-PB-Drahi_17-d1-HET-ULO-8c673aa6e5-r4,4,TWO_STAGE_RH,PEA,5,0,single_solve,2.124440908432007,4.5702478885650635,4.181926965713501,2076.71484375
oos_experiment,TK-PB-Drahi_17-d1-HET-ULO-8c673aa6e5-r4,4,TWO_STAGE_RH,PEA,5,0,single_solve,2.663177013397217,7.049043893814087,6.454206943511963,2076.71484375
oos_experiment,TK-PB-Drahi_17-d1-HET-ULO-8c673aa6e5-r4,4,TWO_STAGE_RH,PEA,6,0,single_solve,2.124440908432007,4.5702478885650635,4.181926965713501,2076.71484375
oos_experiment,TK-PB-Drahi_17-d1-HET-ULO-8c673aa6e5-r4,4,TWO_STAGE_RH,PEA,6,0,single_solve,2.663177013397217,7.049043893814087,6.454206943511963,2076.71484375
oos_experiment,TK-PB-Drahi_17-d1-HET-ULO-8c673aa6e5-r4,4,TWO_STAGE_RH,PEA,7,0,single_solve,2.124440908432007,4.5702478885650635,4.181926965713501,2076.71484375
oos_experiment,TK-PB-Drahi_17-d1-HET-ULO-8c673aa6e5-r4,4,TWO_STAGE_RH,PEA,7,0,single_solve,2.663177013397217,7.049043893814087,6.454206943511963,2076.71484375
oos_experiment,TK-PB-Drahi_17-d1-HET-ULO-8c673aa6e5-r4,4,TWO_STAGE_RH,PEA,8,0,single_solve,2.124440908432007,4.5702478885650635,4.181926965713501,2076.71484375
oos_experiment,TK-PB-Drahi_17-d1-HET-ULO-8c673aa6e5-r4,4,TWO_STAGE_RH,PEA,8,0,single_solve,2.663177013397217,7.049043893814087,6.454206943511963,2076.71484375
oos_experiment,TK-PB-Drahi_17-d1-HET-ULO-8c673aa6e5-r4,4,TWO_STAGE_RH,PEA,9,0,single_solve,2.0792629718780518,2.199563980102539,1.7741930484771729,2076.71484375
oos_experiment,TK-PB-Drahi_17-d1-HET-ULO-8c673aa6e5-r4,4,TWO_STAGE_RH,PEA,9,0,single_solve,3.3082101345062256,3.843109130859375,3.294034004211426,2076.71484375
oos_experiment,TK-PB-Drahi_17-d1-HET-ULO-8c673aa6e5-r4,4,TWO_STAGE_RH,PEA,10,0,single_solve,2.0792629718780518,2.199563980102539,1.7741930484771729,2076.71484375
oos_experiment,TK-PB-Drahi_17-d1-HET-ULO-8c673aa6e5-r4,4,TWO_STAGE_RH,PEA,10,0,single_solve,3.3082101345062256,3.843109130859375,3.294034004211426,2076.71484375
oos_experiment,TK-PB-Drahi_17-d1-HET-ULO-8c673aa6e5-r4,4,TWO_STAGE_RH,PEA,11,0,single_solve,2.0792629718780518,2.199563980102539,1.7741930484771729,2076.71484375
oos_experiment,TK-PB-Drahi_17-d1-HET-ULO-8c673aa6e5-r4,4,TWO_STAGE_RH,PEA,11,0,single_solve,3.3082101345062256,3.843109130859375,3.294034004211426,2076.71484375
oos_experiment,TK-PB-Drahi_17-d1-HET-ULO-8c673aa6e5-r4,4,TWO_STAGE_RH,PEA,12,0,single_solve,2.0792629718780518,2.199563980102539,1.7741930484771729,2076.71484375
oos_experiment,TK-PB-Drahi_17-d1-HET-ULO-8c673aa6e5-r4,4,TWO_STAGE_RH,PEA,12,0,single_solve,3.3082101345062256,3.843109130859375,3.294034004211426,2076.71484375
oos_experiment,TK-PB-Drahi_17-d1-HET-ULO-8c673aa6e5-r4,4,TWO_STAGE_RH,PEA,13,0,single_solve,1.9442341327667236,1.8428759574890137,1.459535837173462,2076.71484375
oos_experiment,TK-PB-Drahi_17-d1-HET-ULO-8c673aa6e5-r4,4,TWO_STAGE_RH,PEA,13,0,single_solve,3.001110076904297,3.224353075027466,2.5526609420776367,2076.71484375
oos_experiment,TK-PB-Drahi_17-d1-HET-ULO-8c673aa6e5-r4,4,TWO_STAGE_RH,PEA,14,0,single_solve,1.9442341327667236,1.8428759574890137,1.459535837173462,2076.71484375
oos_experiment,TK-PB-Drahi_17-d1-HET-ULO-8c673aa6e5-r4,4,TWO_STAGE_RH,PEA,14,0,single_solve,3.001110076904297,3.224353075027466,2.5526609420776367,2076.71484375
oos_experiment,TK-PB-Drahi_17-d1-HET-ULO-8c673aa6e5-r4,4,TWO_STAGE_RH,PEA,15,0,single_solve,1.9442341327667236,1.8428759574890137,1.459535837173462,2076.71484375
oos_experiment,TK-PB-Drahi_17-d1-HET-ULO-8c673aa6e5-r4,4,TWO_STAGE_RH,PEA,15,0,single_solve,3.001110076904297,3.224353075027466,2.5526609420776367,2076.71484375
oos_experiment,TK-PB-Drahi_17-d1-HET-ULO-8c673aa6e5-r4,4,TWO_STAGE_RH,PEA,16,0,single_solve,1.9442341327667236,1.8428759574890137,1.459535837173462,2076.71484375
oos_experiment,TK-PB-Drahi_17-d1-HET-ULO-8c673aa6e5-r4,4,TWO_STAGE_RH,PEA,16,0,single_solve,3.001110076904297,3.224353075027466,2.5526609420776367,2076.71484375
oos_experiment,TK-PB-Drahi_17-d1-HET-ULO-8c673aa6e5-r4,4,TWO_STAGE_RH,PEA,17,0,single_solve,1.9808018207550049,2.948246955871582,2.549372911453247,2076.71484375
oos_experiment,TK-PB-Drahi_17-d1-HET-ULO-8c673aa6e5-r4,4,TWO_STAGE_RH,PEA,17,0,single_solve,2.871377944946289,4.205648899078369,3.6409549713134766,2076.71484375
oos_experiment,TK-PB-Drahi_17-d1-HET-ULO-8c673aa6e5-r4,4,TWO_STAGE_RH,PEA,18,0,single_solve,1.9808018207550049,2.948246955871582,2.549372911453247,2076.71484375
oos_experiment,TK-PB-Drahi_17-d1-HET-ULO-8c673aa6e5-r4,4,TWO_STAGE_RH,PEA,18,0,single_solve,2.871377944946289,4.205648899078369,3.6409549713134766,2076.71484375
oos_experiment,TK-PB-Drahi_17-d1-HET-ULO-8c673aa6e5-r4,4,TWO_STAGE_RH,PEA,19,0,single_solve,1.9808018207550049,2.948246955871582,2.549372911453247,2076.71484375
oos_experiment,TK-PB-Drahi_17-d1-HET-ULO-8c673aa6e5-r4,4,TWO_STAGE_RH,PEA,19,0,single_solve,2.871377944946289,4.205648899078369,3.6409549713134766,2076.71484375
oos_experiment,TK-PB-Drahi_17-d1-HET-ULO-8c673aa6e5-r4,4,TWO_STAGE_RH,PEA,20,0,single_solve,1.9808018207550049,2.948246955871582,2.549372911453247,2076.71484375
oos_experiment,TK-PB-Drahi_17-d1-HET-ULO-8c673aa6e5-r4,4,TWO_STAGE_RH,PEA,20,0,single_solve,2.871377944946289,4.205648899078369,3.6409549713134766,2076.71484375
oos_experiment,TK-PB-Drahi_17-d1-HET-ULO-8c673aa6e5-r4,4,TWO_STAGE_RH,PEA,21,0,single_solve,2.0497210025787354,8.044970989227295,7.594813823699951,2076.71484375
oos_experiment,TK-PB-Drahi_17-d1-HET-ULO-8c673aa6e5-r4,4,TWO_STAGE_RH,PEA,21,0,single_solve,3.1002109050750732,16.276171922683716,15.619699954986572,2076.71484375
oos_experiment,TK-PB-Drahi_17-d1-HET-ULO-8c673aa6e5-r4,4,TWO_STAGE_RH,PEA,22,0,single_solve,2.0497210025787354,8.044970989227295,7.594813823699951,2076.71484375
oos_experiment,TK-PB-Drahi_17-d1-HET-ULO-8c673aa6e5-r4,4,TWO_STAGE_RH,PEA,22,0,single_solve,3.1002109050750732,16.276171922683716,15.619699954986572,2076.71484375
oos_experiment,TK-PB-Drahi_17-d1-HET-ULO-8c673aa6e5-r4,4,TWO_STAGE_RH,PEA,23,0,single_solve,2.0497210025787354,8.044970989227295,7.594813823699951,2076.71484375
oos_experiment,TK-PB-Drahi_17-d1-HET-ULO-8c673aa6e5-r4,4,TWO_STAGE_RH,PEA,23,0,single_solve,3.1002109050750732,16.276171922683716,15.619699954986572,2076.71484375
oos_experiment,TK-PB-Drahi_17-d1-HET-ULO-8c673aa6e5-r4,4,TWO_STAGE_RH,PEA,24,0,single_solve,2.0497210025787354,8.044970989227295,7.594813823699951,2076.71484375
oos_experiment,TK-PB-Drahi_17-d1-HET-ULO-8c673aa6e5-r4,4,TWO_STAGE_RH,PEA,24,0,single_solve,3.1002109050750732,16.276171922683716,15.619699954986572,2076.71484375
oos_experiment,TK-PB-Drahi_17-d1-HET-ULO-8c673aa6e5-r4,4,TWO_STAGE_RH,SA,1,0,single_solve,2.8752269744873047,43.03579497337341,42.653833866119385,2076.71484375
oos_experiment,TK-PB-Drahi_17-d1-HET-ULO-8c673aa6e5-r4,4,TWO_STAGE_RH,SA,1,0,single_solve,4.173007011413574,69.78000020980835,69.20643997192383,2076.71484375
oos_experiment,TK-PB-Drahi_17-d1-HET-ULO-8c673aa6e5-r4,4,TWO_STAGE_RH,SA,2,0,single_solve,2.8752269744873047,43.03579497337341,42.653833866119385,2076.71484375
oos_experiment,TK-PB-Drahi_17-d1-HET-ULO-8c673aa6e5-r4,4,TWO_STAGE_RH,SA,2,0,single_solve,4.173007011413574,69.78000020980835,69.20643997192383,2076.71484375
oos_experiment,TK-PB-Drahi_17-d1-HET-ULO-8c673aa6e5-r4,4,TWO_STAGE_RH,SA,3,0,single_solve,2.8752269744873047,43.03579497337341,42.653833866119385,2076.71484375
oos_experiment,TK-PB-Drahi_17-d1-HET-ULO-8c673aa6e5-r4,4,TWO_STAGE_RH,SA,3,0,single_solve,4.173007011413574,69.78000020980835,69.20643997192383,2076.71484375
oos_experiment,TK-PB-Drahi_17-d1-HET-ULO-8c673aa6e5-r4,4,TWO_STAGE_RH,SA,4,0,single_solve,2.8752269744873047,43.03579497337341,42.653833866119385,2076.71484375
oos_experiment,TK-PB-Drahi_17-d1-HET-ULO-8c673aa6e5-r4,4,TWO_STAGE_RH,SA,4,0,single_solve,4.173007011413574,69.78000020980835,69.20643997192383,2076.71484375
oos_experiment,TK-PB-Drahi_17-d1-HET-ULO-8c673aa6e5-r4,4,TWO_STAGE_RH,SA,5,0,single_solve,4.243113040924072,29.099724054336548,28.709557056427002,2076.71484375
oos_experiment,TK-PB-Drahi_17-d1-HET-ULO-8c673aa6e5-r4,4,TWO_STAGE_RH,SA,5,0,single_solve,5.109162092208862,62.991748094558716,62.253217935562134,2076.71484375
oos_experiment,TK-PB-Drahi_17-d1-HET-ULO-8c673aa6e5-r4,4,TWO_STAGE_RH,SA,6,0,single_solve,4.243113040924072,29.099724054336548,28.709557056427002,2076.71484375
oos_experiment,TK-PB-Drahi_17-d1-HET-ULO-8c673aa6e5-r4,4,TWO_STAGE_RH,SA,6,0,single_solve,5.109162092208862,62.991748094558716,62.253217935562134,2076.71484375
oos_experiment,TK-PB-Drahi_17-d1-HET-ULO-8c673aa6e5-r4,4,TWO_STAGE_RH,SA,7,0,single_solve,4.243113040924072,29.099724054336548,28.709557056427002,2076.71484375
oos_experiment,TK-PB-Drahi_17-d1-HET-ULO-8c673aa6e5-r4,4,TWO_STAGE_RH,SA,7,0,single_solve,5.109162092208862,62.991748094558716,62.253217935562134,2076.71484375
oos_experiment,TK-PB-Drahi_17-d1-HET-ULO-8c673aa6e5-r4,4,TWO_STAGE_RH,SA,8,0,single_solve,4.243113040924072,29.099724054336548,28.709557056427002,2076.71484375
oos_experiment,TK-PB-Drahi_17-d1-HET-ULO-8c673aa6e5-r4,4,TWO_STAGE_RH,SA,8,0,single_solve,5.109162092208862,62.991748094558716,62.253217935562134,2076.71484375
oos_experiment,TK-PB-Drahi_17-d1-HET-ULO-8c673aa6e5-r4,4,TWO_STAGE_RH,SA,9,0,single_solve,4.116808891296387,70.57321000099182,70.1652250289917,2076.71484375
oos_experiment,TK-PB-Drahi_17-d1-HET-ULO-8c673aa6e5-r4,4,TWO_STAGE_RH,SA,9,0,single_solve,5.460413932800293,249.74396586418152,249.08669805526733,2076.71484375
oos_experiment,TK-PB-Drahi_17-d1-HET-ULO-8c673aa6e5-r4,4,TWO_STAGE_RH,SA,10,0,single_solve,4.116808891296387,70.57321000099182,70.1652250289917,2076.71484375
oos_experiment,TK-PB-Drahi_17-d1-HET-ULO-8c673aa6e5-r4,4,TWO_STAGE_RH,SA,10,0,single_solve,5.460413932800293,249.74396586418152,249.08669805526733,2076.71484375
oos_experiment,TK-PB-Drahi_17-d1-HET-ULO-8c673aa6e5-r4,4,TWO_STAGE_RH,SA,11,0,single_solve,4.116808891296387,70.57321000099182,70.1652250289917,2076.71484375
oos_experiment,TK-PB-Drahi_17-d1-HET-ULO-8c673aa6e5-r4,4,TWO_STAGE_RH,SA,11,0,single_solve,5.460413932800293,249.74396586418152,249.08669805526733,2076.71484375
oos_experiment,TK-PB-Drahi_17-d1-HET-ULO-8c673aa6e5-r4,4,TWO_STAGE_RH,SA,12,0,single_solve,4.116808891296387,70.57321000099182,70.1652250289917,2076.71484375
oos_experiment,TK-PB-Drahi_17-d1-HET-ULO-8c673aa6e5-r4,4,TWO_STAGE_RH,SA,12,0,single_solve,5.460413932800293,249.74396586418152,249.08669805526733,2076.71484375
oos_experiment,TK-PB-Drahi_17-d1-HET-ULO-8c673aa6e5-r4,4,TWO_STAGE_RH,SA,13,0,single_solve,3.6503729820251465,18.82318091392517,18.39588499069214,2076.71484375
oos_experiment,TK-PB-Drahi_17-d1-HET-ULO-8c673aa6e5-r4,4,TWO_STAGE_RH,SA,13,0,single_solve,5.5379838943481445,66.15019297599792,65.4471538066864,2076.71484375
oos_experiment,TK-PB-Drahi_17-d1-HET-ULO-8c673aa6e5-r4,4,TWO_STAGE_RH,SA,14,0,single_solve,3.6503729820251465,18.82318091392517,18.39588499069214,2076.71484375
oos_experiment,TK-PB-Drahi_17-d1-HET-ULO-8c673aa6e5-r4,4,TWO_STAGE_RH,SA,14,0,single_solve,5.5379838943481445,66.15019297599792,65.4471538066864,2076.71484375
oos_experiment,TK-PB-Drahi_17-d1-HET-ULO-8c673aa6e5-r4,4,TWO_STAGE_RH,SA,15,0,single_solve,3.6503729820251465,18.82318091392517,18.39588499069214,2076.71484375
oos_experiment,TK-PB-Drahi_17-d1-HET-ULO-8c673aa6e5-r4,4,TWO_STAGE_RH,SA,15,0,single_solve,5.5379838943481445,66.15019297599792,65.4471538066864,2076.71484375
oos_experiment,TK-PB-Drahi_17-d1-HET-ULO-8c673aa6e5-r4,4,TWO_STAGE_RH,SA,16,0,single_solve,3.6503729820251465,18.82318091392517,18.39588499069214,2076.71484375
oos_experiment,TK-PB-Drahi_17-d1-HET-ULO-8c673aa6e5-r4,4,TWO_STAGE_RH,SA,16,0,single_solve,5.5379838943481445,66.15019297599792,65.4471538066864,2076.71484375
oos_experiment,TK-PB-Drahi_17-d1-HET-ULO-8c673aa6e5-r4,4,TWO_STAGE_RH,SA,17,0,single_solve,3.9899041652679443,31.89613389968872,31.505977869033813,2076.71484375
oos_experiment,TK-PB-Drahi_17-d1-HET-ULO-8c673aa6e5-r4,4,TWO_STAGE_RH,SA,17,0,single_solve,5.345446825027466,38.05786490440369,37.34560203552246,2076.71484375
oos_experiment,TK-PB-Drahi_17-d1-HET-ULO-8c673aa6e5-r4,4,TWO_STAGE_RH,SA,18,0,single_solve,3.9899041652679443,31.89613389968872,31.505977869033813,2076.71484375
oos_experiment,TK-PB-Drahi_17-d1-HET-ULO-8c673aa6e5-r4,4,TWO_STAGE_RH,SA,18,0,single_solve,5.345446825027466,38.05786490440369,37.34560203552246,2076.71484375
oos_experiment,TK-PB-Drahi_17-d1-HET-ULO-8c673aa6e5-r4,4,TWO_STAGE_RH,SA,19,0,single_solve,3.9899041652679443,31.89613389968872,31.505977869033813,2076.71484375
oos_experiment,TK-PB-Drahi_17-d1-HET-ULO-8c673aa6e5-r4,4,TWO_STAGE_RH,SA,19,0,single_solve,5.345446825027466,38.05786490440369,37.34560203552246,2076.71484375
oos_experiment,TK-PB-Drahi_17-d1-HET-ULO-8c673aa6e5-r4,4,TWO_STAGE_RH,SA,20,0,single_solve,3.9899041652679443,31.89613389968872,31.505977869033813,2076.71484375
oos_experiment,TK-PB-Drahi_17-d1-HET-ULO-8c673aa6e5-r4,4,TWO_STAGE_RH,SA,20,0,single_solve,5.345446825027466,38.05786490440369,37.34560203552246,2076.71484375
oos_experiment,TK-PB-Drahi_17-d1-HET-ULO-8c673aa6e5-r4,4,TWO_STAGE_RH,SA,21,0,single_solve,3.746178150177002,47.73610186576843,47.342342138290405,2076.71484375
oos_experiment,TK-PB-Drahi_17-d1-HET-ULO-8c673aa6e5-r4,4,TWO_STAGE_RH,SA,21,0,single_solve,4.699956178665161,91.73439002037048,91.11693501472473,2076.71484375
oos_experiment,TK-PB-Drahi_17-d1-HET-ULO-8c673aa6e5-r4,4,TWO_STAGE_RH,SA,22,0,single_solve,3.746178150177002,47.73610186576843,47.342342138290405,2076.71484375
oos_experiment,TK-PB-Drahi_17-d1-HET-ULO-8c673aa6e5-r4,4,TWO_STAGE_RH,SA,22,0,single_solve,4.699956178665161,91.73439002037048,91.11693501472473,2076.71484375
oos_experiment,TK-PB-Drahi_17-d1-HET-ULO-8c673aa6e5-r4,4,TWO_STAGE_RH,SA,23,0,single_solve,3.746178150177002,47.73610186576843,47.342342138290405,2076.71484375
oos_experiment,TK-PB-Drahi_17-d1-HET-ULO-8c673aa6e5-r4,4,TWO_STAGE_RH,SA,23,0,single_solve,4.699956178665161,91.73439002037048,91.11693501472473,2076.71484375
oos_experiment,TK-PB-Drahi_17-d1-HET-ULO-8c673aa6e5-r4,4,TWO_STAGE_RH,SA,24,0,single_solve,3.746178150177002,47.73610186576843,47.342342138290405,2076.71484375
oos_experiment,TK-PB-Drahi_17-d1-HET-ULO-8c673aa6e5-r4,4,TWO_STAGE_RH,SA,24,0,single_solve,4.699956178665161,91.73439002037048,91.11693501472473,2076.71484375
oos_experiment,TK-PB-Drahi_17-d1-HET-ULO-8c673aa6e5-r4,4,TWO_STAGE_RH,STATIC_DEMAND_SHARE,1,0,single_solve,0.1978898048400879,1.6883220672607422,0.7537899017333984,2076.71484375
oos_experiment,TK-PB-Drahi_17-d1-HET-ULO-8c673aa6e5-r4,4,TWO_STAGE_RH,STATIC_DEMAND_SHARE,1,0,single_solve,0.3365509510040283,2.023529052734375,1.1695849895477295,2076.71484375
oos_experiment,TK-PB-Drahi_17-d1-HET-ULO-8c673aa6e5-r4,4,TWO_STAGE_RH,STATIC_DEMAND_SHARE,2,0,single_solve,0.1978898048400879,1.6883220672607422,0.7537899017333984,2076.71484375
oos_experiment,TK-PB-Drahi_17-d1-HET-ULO-8c673aa6e5-r4,4,TWO_STAGE_RH,STATIC_DEMAND_SHARE,2,0,single_solve,0.3365509510040283,2.023529052734375,1.1695849895477295,2076.71484375
oos_experiment,TK-PB-Drahi_17-d1-HET-ULO-8c673aa6e5-r4,4,TWO_STAGE_RH,STATIC_DEMAND_SHARE,3,0,single_solve,0.1978898048400879,1.6883220672607422,0.7537899017333984,2076.71484375
oos_experiment,TK-PB-Drahi_17-d1-HET-ULO-8c673aa6e5-r4,4,TWO_STAGE_RH,STATIC_DEMAND_SHARE,3,0,single_solve,0.3365509510040283,2.023529052734375,1.1695849895477295,2076.71484375
oos_experiment,TK-PB-Drahi_17-d1-HET-ULO-8c673aa6e5-r4,4,TWO_STAGE_RH,STATIC_DEMAND_SHARE,4,0,single_solve,0.1978898048400879,1.6883220672607422,0.7537899017333984,2076.71484375
oos_experiment,TK-PB-Drahi_17-d1-HET-ULO-8c673aa6e5-r4,4,TWO_STAGE_RH,STATIC_DEMAND_SHARE,4,0,single_solve,0.3365509510040283,2.023529052734375,1.1695849895477295,2076.71484375
oos_experiment,TK-PB-Drahi_17-d1-HET-ULO-8c673aa6e5-r4,4,TWO_STAGE_RH,STATIC_DEMAND_SHARE,5,0,single_solve,0.43311190605163574,0.9615199565887451,0.570030927658081,2076.71484375
oos_experiment,TK-PB-Drahi_17-d1-HET-ULO-8c673aa6e5-r4,4,TWO_STAGE_RH,STATIC_DEMAND_SHARE,5,0,single_solve,0.6859381198883057,2.4168410301208496,0.9646241664886475,2076.71484375
oos_experiment,TK-PB-Drahi_17-d1-HET-ULO-8c673aa6e5-r4,4,TWO_STAGE_RH,STATIC_DEMAND_SHARE,6,0,single_solve,0.43311190605163574,0.9615199565887451,0.570030927658081,2076.71484375
oos_experiment,TK-PB-Drahi_17-d1-HET-ULO-8c673aa6e5-r4,4,TWO_STAGE_RH,STATIC_DEMAND_SHARE,6,0,single_solve,0.6859381198883057,2.4168410301208496,0.9646241664886475,2076.71484375
oos_experiment,TK-PB-Drahi_17-d1-HET-ULO-8c673aa6e5-r4,4,TWO_STAGE_RH,STATIC_DEMAND_SHARE,7,0,single_solve,0.43311190605163574,0.9615199565887451,0.570030927658081,2076.71484375
oos_experiment,TK-PB-Drahi_17-d1-HET-ULO-8c673aa6e5-r4,4,TWO_STAGE_RH,STATIC_DEMAND_SHARE,7,0,single_solve,0.6859381198883057,2.4168410301208496,0.9646241664886475,2076.71484375
oos_experiment,TK-PB-Drahi_17-d1-HET-ULO-8c673aa6e5-r4,4,TWO_STAGE_RH,STATIC_DEMAND_SHARE,8,0,single_solve,0.43311190605163574,0.9615199565887451,0.570030927658081,2076.71484375
oos_experiment,TK-PB-Drahi_17-d1-HET-ULO-8c673aa6e5-r4,4,TWO_STAGE_RH,STATIC_DEMAND_SHARE,8,0,single_solve,0.6859381198883057,2.4168410301208496,0.9646241664886475,2076.71484375
oos_experiment,TK-PB-Drahi_17-d1-HET-ULO-8c673aa6e5-r4,4,TWO_STAGE_RH,STATIC_DEMAND_SHARE,9,0,single_solve,0.21609020233154297,1.756951093673706,0.6729719638824463,2076.71484375
oos_experiment,TK-PB-Drahi_17-d1-HET-ULO-8c673aa6e5-r4,4,TWO_STAGE_RH,STATIC_DEMAND_SHARE,9,0,single_solve,0.37574100494384766,2.0621449947357178,1.1208560466766357,2076.71484375
oos_experiment,TK-PB-Drahi_17-d1-HET-ULO-8c673aa6e5-r4,4,TWO_STAGE_RH,STATIC_DEMAND_SHARE,10,0,single_solve,0.21609020233154297,1.756951093673706,0.6729719638824463,2076.71484375
oos_experiment,TK-PB-Drahi_17-d1-HET-ULO-8c673aa6e5-r4,4,TWO_STAGE_RH,STATIC_DEMAND_SHARE,10,0,single_solve,0.37574100494384766,2.0621449947357178,1.1208560466766357,2076.71484375
oos_experiment,TK-PB-Drahi_17-d1-HET-ULO-8c673aa6e5-r4,4,TWO_STAGE_RH,STATIC_DEMAND_SHARE,11,0,single_solve,0.21609020233154297,1.756951093673706,0.6729719638824463,2076.71484375
oos_experiment,TK-PB-Drahi_17-d1-HET-ULO-8c673aa6e5-r4,4,TWO_STAGE_RH,STATIC_DEMAND_SHARE,11,0,single_solve,0.37574100494384766,2.0621449947357178,1.1208560466766357,2076.71484375
oos_experiment,TK-PB-Drahi_17-d1-HET-ULO-8c673aa6e5-r4,4,TWO_STAGE_RH,STATIC_DEMAND_SHARE,12,0,single_solve,0.21609020233154297,1.756951093673706,0.6729719638824463,2076.71484375
oos_experiment,TK-PB-Drahi_17-d1-HET-ULO-8c673aa6e5-r4,4,TWO_STAGE_RH,STATIC_DEMAND_SHARE,12,0,single_solve,0.37574100494384766,2.0621449947357178,1.1208560466766357,2076.71484375
oos_experiment,TK-PB-Drahi_17-d1-HET-ULO-8c673aa6e5-r4,4,TWO_STAGE_RH,STATIC_DEMAND_SHARE,13,0,single_solve,0.49434995651245117,0.9968760013580322,0.6186389923095703,2076.71484375
oos_experiment,TK-PB-Drahi_17-d1-HET-ULO-8c673aa6e5-r4,4,TWO_STAGE_RH,STATIC_DEMAND_SHARE,13,0,single_solve,0.7123620510101318,2.537209987640381,0.9689829349517822,2076.71484375
oos_experiment,TK-PB-Drahi_17-d1-HET-ULO-8c673aa6e5-r4,4,TWO_STAGE_RH,STATIC_DEMAND_SHARE,14,0,single_solve,0.49434995651245117,0.9968760013580322,0.6186389923095703,2076.71484375
oos_experiment,TK-PB-Drahi_17-d1-HET-ULO-8c673aa6e5-r4,4,TWO_STAGE_RH,STATIC_DEMAND_SHARE,14,0,single_solve,0.7123620510101318,2.537209987640381,0.9689829349517822,2076.71484375
oos_experiment,TK-PB-Drahi_17-d1-HET-ULO-8c673aa6e5-r4,4,TWO_STAGE_RH,STATIC_DEMAND_SHARE,15,0,single_solve,0.49434995651245117,0.9968760013580322,0.6186389923095703,2076.71484375
oos_experiment,TK-PB-Drahi_17-d1-HET-ULO-8c673aa6e5-r4,4,TWO_STAGE_RH,STATIC_DEMAND_SHARE,15,0,single_solve,0.7123620510101318,2.537209987640381,0.9689829349517822,2076.71484375
oos_experiment,TK-PB-Drahi_17-d1-HET-ULO-8c673aa6e5-r4,4,TWO_STAGE_RH,STATIC_DEMAND_SHARE,16,0,single_solve,0.49434995651245117,0.9968760013580322,0.6186389923095703,2076.71484375
oos_experiment,TK-PB-Drahi_17-d1-HET-ULO-8c673aa6e5-r4,4,TWO_STAGE_RH,STATIC_DEMAND_SHARE,16,0,single_solve,0.7123620510101318,2.537209987640381,0.9689829349517822,2076.71484375
oos_experiment,TK-PB-Drahi_17-d1-HET-ULO-8c673aa6e5-r4,4,TWO_STAGE_RH,STATIC_DEMAND_SHARE,17,0,single_solve,0.19516897201538086,1.037816047668457,0.6424870491027832,2076.71484375
oos_experiment,TK-PB-Drahi_17-d1-HET-ULO-8c673aa6e5-r4,4,TWO_STAGE_RH,STATIC_DEMAND_SHARE,17,0,single_solve,0.3652679920196533,1.9988000392913818,0.9741449356079102,2076.71484375
oos_experiment,TK-PB-Drahi_17-d1-HET-ULO-8c673aa6e5-r4,4,TWO_STAGE_RH,STATIC_DEMAND_SHARE,18,0,single_solve,0.19516897201538086,1.037816047668457,0.6424870491027832,2076.71484375
oos_experiment,TK-PB-Drahi_17-d1-HET-ULO-8c673aa6e5-r4,4,TWO_STAGE_RH,STATIC_DEMAND_SHARE,18,0,single_solve,0.3652679920196533,1.9988000392913818,0.9741449356079102,2076.71484375
oos_experiment,TK-PB-Drahi_17-d1-HET-ULO-8c673aa6e5-r4,4,TWO_STAGE_RH,STATIC_DEMAND_SHARE,19,0,single_solve,0.19516897201538086,1.037816047668457,0.6424870491027832,2076.71484375
oos_experiment,TK-PB-Drahi_17-d1-HET-ULO-8c673aa6e5-r4,4,TWO_STAGE_RH,STATIC_DEMAND_SHARE,19,0,single_solve,0.3652679920196533,1.9988000392913818,0.9741449356079102,2076.71484375
oos_experiment,TK-PB-Drahi_17-d1-HET-ULO-8c673aa6e5-r4,4,TWO_STAGE_RH,STATIC_DEMAND_SHARE,20,0,single_solve,0.19516897201538086,1.037816047668457,0.6424870491027832,2076.71484375
oos_experiment,TK-PB-Drahi_17-d1-HET-ULO-8c673aa6e5-r4,4,TWO_STAGE_RH,STATIC_DEMAND_SHARE,20,0,single_solve,0.3652679920196533,1.9988000392913818,0.9741449356079102,2076.71484375
oos_experiment,TK-PB-Drahi_17-d1-HET-ULO-8c673aa6e5-r4,4,TWO_STAGE_RH,STATIC_DEMAND_SHARE,21,0,single_solve,0.2237229347229004,1.4080419540405273,0.5990209579467773,2076.71484375
oos_experiment,TK-PB-Drahi_17-d1-HET-ULO-8c673aa6e5-r4,4,TWO_STAGE_RH,STATIC_DEMAND_SHARE,21,0,single_solve,0.7589190006256104,1.5135438442230225,0.9251539707183838,2076.71484375
oos_experiment,TK-PB-Drahi_17-d1-HET-ULO-8c673aa6e5-r4,4,TWO_STAGE_RH,STATIC_DEMAND_SHARE,22,0,single_solve,0.2237229347229004,1.4080419540405273,0.5990209579467773,2076.71484375
oos_experiment,TK-PB-Drahi_17-d1-HET-ULO-8c673aa6e5-r4,4,TWO_STAGE_RH,STATIC_DEMAND_SHARE,22,0,single_solve,0.7589190006256104,1.5135438442230225,0.9251539707183838,2076.71484375
oos_experiment,TK-PB-Drahi_17-d1-HET-ULO-8c673aa6e5-r4,4,TWO_STAGE_RH,STATIC_DEMAND_SHARE,23,0,single_solve,0.2237229347229004,1.4080419540405273,0.5990209579467773,2076.71484375
oos_experiment,TK-PB-Drahi_17-d1-HET-ULO-8c673aa6e5-r4,4,TWO_STAGE_RH,STATIC_DEMAND_SHARE,23,0,single_solve,0.7589190006256104,1.5135438442230225,0.9251539707183838,2076.71484375
oos_experiment,TK-PB-Drahi_17-d1-HET-ULO-8c673aa6e5-r4,4,TWO_STAGE_RH,STATIC_DEMAND_SHARE,24,0,single_solve,0.2237229347229004,1.4080419540405273,0.5990209579467773,2076.71484375
oos_experiment,TK-PB-Drahi_17-d1-HET-ULO-8c673aa6e5-r4,4,TWO_STAGE_RH,STATIC_DEMAND_SHARE,24,0,single_solve,0.7589190006256104,1.5135438442230225,0.9251539707183838,2076.71484375
