Replication,Period,Controller,Fairness,FormulationID,StructuralInstanceID,ParallelTaskID,ScenarioSupportID,RollingStart,Phase,PhaseLabel,TerminationStatus,PrimalStatus,Objective,ObjectiveBound,BinaryVariables,ContinuousVariables,TotalVariables,Constraints,Nonzeros,ExpectedModeNodes,GeneratedModeBinaries,UniquePolicyModes,LegacyHouseholdModeBinaries,LookaheadNodes,LookaheadScenarios,PresolveReducedVariables,PresolveReducedConstraints,RootRelaxation,BranchAndBoundNodes,FinalGap,MaxPhysicalResidual,FairnessResidual,FailureMessage
1,1,DETERMINISTIC_RH,LEXMMFPEA,shared_battery_mode_node_level_v1,SI-Drahi_17-d1-HOM-UHI-BHI-3cae609052,TK-PB-Drahi_17-d1-HOM-UHI-62618e628e-r1,SS-5d5bbea46d20,1,1,lex_phase_1,OPTIMAL,FEASIBLE_POINT,246.09492244238905,246.09492244238905,0,798,798,1227,2189,24,0,24,120,24,1,0,0,NaN,0,NaN,1.4210854715202004e-14,1.0,
1,1,DETERMINISTIC_RH,LEXMMFPEA,shared_battery_mode_node_level_v1,SI-Drahi_17-d1-HOM-UHI-BHI-3cae609052,TK-PB-Drahi_17-d1-HOM-UHI-62618e628e-r1,SS-5d5bbea46d20,1,2,lex_phase_2,OPTIMAL,FEASIBLE_POINT,492.1898448847781,492.1898448847781,0,798,798,1228,2195,24,0,24,120,24,1,0,0,NaN,0,NaN,1.4210854715202004e-14,1.0,
1,1,DETERMINISTIC_RH,LEXMMFPEA,shared_battery_mode_node_level_v1,SI-Drahi_17-d1-HOM-UHI-BHI-3cae609052,TK-PB-Drahi_17-d1-HOM-UHI-62618e628e-r1,SS-5d5bbea46d20,1,3,lex_phase_3,OPTIMAL,FEASIBLE_POINT,738.2847673271672,738.2847673271672,0,798,798,1229,2201,24,0,24,120,24,1,0,0,NaN,0,NaN,1.4210854715202004e-14,1.0,
1,1,DETERMINISTIC_RH,LEXMMFPEA,shared_battery_mode_node_level_v1,SI-Drahi_17-d1-HOM-UHI-BHI-3cae609052,TK-PB-Drahi_17-d1-HOM-UHI-62618e628e-r1,SS-5d5bbea46d20,1,4,lex_phase_4,OPTIMAL,FEASIBLE_POINT,984.3796897695562,984.3796897695562,0,798,798,1230,2207,24,0,24,120,24,1,0,0,NaN,0,NaN,1.4210854715202004e-14,1.0,
1,1,DETERMINISTIC_RH,LEXMMFPEA,shared_battery_mode_node_level_v1,SI-Drahi_17-d1-HOM-UHI-BHI-3cae609052,TK-PB-Drahi_17-d1-HOM-UHI-62618e628e-r1,SS-5d5bbea46d20,1,5,lex_phase_5,OPTIMAL,FEASIBLE_POINT,1230.474612211945,1230.474612211945,0,798,798,1231,2213,24,0,24,120,24,1,0,0,NaN,0,NaN,1.4210854715202004e-14,1.0,
1,1,DETERMINISTIC_RH,LEXMMFPEA,shared_battery_mode_node_level_v1,SI-Drahi_17-d1-HOM-UHI-BHI-3cae609052,TK-PB-Drahi_17-d1-HOM-UHI-62618e628e-r1,SS-5d5bbea46d20,1,6,economic_tie_break,OPTIMAL,FEASIBLE_POINT,741230.3442749949,741230.3442749949,0,798,798,1232,2219,24,0,24,120,24,1,0,0,NaN,0,NaN,1.4210854715202004e-14,1.0,
1,2,DETERMINISTIC_RH,LEXMMFPEA,shared_battery_mode_node_level_v1,SI-Drahi_17-d1-HOM-UHI-BHI-3cae609052,TK-PB-Drahi_17-d1-HOM-UHI-62618e628e-r1,SS-5d5bbea46d20,1,1,lex_phase_1,OPTIMAL,FEASIBLE_POINT,246.09492244238905,246.09492244238905,0,798,798,1227,2189,24,0,24,120,24,1,0,0,NaN,0,NaN,0.21606648199444312,1.0,
1,2,DETERMINISTIC_RH,LEXMMFPEA,shared_battery_mode_node_level_v1,SI-Drahi_17-d1-HOM-UHI-BHI-3cae609052,TK-PB-Drahi_17-d1-HOM-UHI-62618e628e-r1,SS-5d5bbea46d20,1,2,lex_phase_2,OPTIMAL,FEASIBLE_POINT,492.1898448847781,492.1898448847781,0,798,798,1228,2195,24,0,24,120,24,1,0,0,NaN,0,NaN,0.21606648199444312,1.0,
1,2,DETERMINISTIC_RH,LEXMMFPEA,shared_battery_mode_node_level_v1,SI-Drahi_17-d1-HOM-UHI-BHI-3cae609052,TK-PB-Drahi_17-d1-HOM-UHI-62618e628e-r1,SS-5d5bbea46d20,1,3,lex_phase_3,OPTIMAL,FEASIBLE_POINT,738.2847673271672,738.2847673271672,0,798,798,1229,2201,24,0,24,120,24,1,0,0,NaN,0,NaN,0.21606648199444312,1.0,
1,2,DETERMINISTIC_RH,LEXMMFPEA,shared_battery_mode_node_level_v1,SI-Drahi_17-d1-HOM-UHI-BHI-3cae609052,TK-PB-Drahi_17-d1-HOM-UHI-62618e628e-r1,SS-5d5bbea46d20,1,4,lex_phase_4,OPTIMAL,FEASIBLE_POINT,984.3796897695562,984.3796897695562,0,798,798,1230,2207,24,0,24,120,24,1,0,0,NaN,0,NaN,0.21606648199444312,1.0,
1,2,DETERMINISTIC_RH,LEXMMFPEA,shared_battery_mode_node_level_v1,SI-Drahi_17-d1-HOM-UHI-BHI-3cae609052,TK-PB-Drahi_17-d1-HOM-UHI-62618e628e-r1,SS-5d5bbea46d20,1,5,lex_phase_5,OPTIMAL,FEASIBLE_POINT,1230.474612211945,1230.474612211945,0,798,798,1231,2213,24,0,24,120,24,1,0,0,NaN,0,NaN,0.21606648199444312,1.0,
1,2,DETERMINISTIC_RH,LEXMMFPEA,shared_battery_mode_node_level_v1,SI-Drahi_17-d1-HOM-UHI-BHI-3cae609052,TK-PB-Drahi_17-d1-HOM-UHI-62618e628e-r1,SS-5d5bbea46d20,1,6,economic_tie_break,OPTIMAL,FEASIBLE_POINT,741230.3442749949,741230.3442749949,0,798,798,1232,2219,24,0,24,120,24,1,0,0,NaN,0,NaN,0.21606648199444312,1.0,
1,3,DETERMINISTIC_RH,LEXMMFPEA,shared_battery_mode_node_level_v1,SI-Drahi_17-d1-HOM-UHI-BHI-3cae609052,TK-PB-Drahi_17-d1-HOM-UHI-62618e628e-r1,SS-5d5bbea46d20,1,1,lex_phase_1,OPTIMAL,FEASIBLE_POINT,246.09492244238905,246.09492244238905,0,798,798,1227,2189,24,0,24,120,24,1,0,0,NaN,0,NaN,4.831690603168681e-13,1.0,
1,3,DETERMINISTIC_RH,LEXMMFPEA,shared_battery_mode_node_level_v1,SI-Drahi_17-d1-HOM-UHI-BHI-3cae609052,TK-PB-Drahi_17-d1-HOM-UHI-62618e628e-r1,SS-5d5bbea46d20,1,2,lex_phase_2,OPTIMAL,FEASIBLE_POINT,492.1898448847781,492.1898448847781,0,798,798,1228,2195,24,0,24,120,24,1,0,0,NaN,0,NaN,4.831690603168681e-13,1.0,
1,3,DETERMINISTIC_RH,LEXMMFPEA,shared_battery_mode_node_level_v1,SI-Drahi_17-d1-HOM-UHI-BHI-3cae609052,TK-PB-Drahi_17-d1-HOM-UHI-62618e628e-r1,SS-5d5bbea46d20,1,3,lex_phase_3,OPTIMAL,FEASIBLE_POINT,738.2847673271672,738.2847673271672,0,798,798,1229,2201,24,0,24,120,24,1,0,0,NaN,0,NaN,4.831690603168681e-13,1.0,
1,3,DETERMINISTIC_RH,LEXMMFPEA,shared_battery_mode_node_level_v1,SI-Drahi_17-d1-HOM-UHI-BHI-3cae609052,TK-PB-Drahi_17-d1-HOM-UHI-62618e628e-r1,SS-5d5bbea46d20,1,4,lex_phase_4,OPTIMAL,FEASIBLE_POINT,984.3796897695562,984.3796897695562,0,798,798,1230,2207,24,0,24,120,24,1,0,0,NaN,0,NaN,4.831690603168681e-13,1.0,
1,3,DETERMINISTIC_RH,LEXMMFPEA,shared_battery_mode_node_level_v1,SI-Drahi_17-d1-HOM-UHI-BHI-3cae609052,TK-PB-Drahi_17-d1-HOM-UHI-62618e628e-r1,SS-5d5bbea46d20,1,5,lex_phase_5,OPTIMAL,FEASIBLE_POINT,1230.474612211945,1230.474612211945,0,798,798,1231,2213,24,0,24,120,24,1,0,0,NaN,0,NaN,4.831690603168681e-13,1.0,
1,3,DETERMINISTIC_RH,LEXMMFPEA,shared_battery_mode_node_level_v1,SI-Drahi_17-d1-HOM-UHI-BHI-3cae609052,TK-PB-Drahi_17-d1-HOM-UHI-62618e628e-r1,SS-5d5bbea46d20,1,6,economic_tie_break,OPTIMAL,FEASIBLE_POINT,741230.3442749949,741230.3442749949,0,798,798,1232,2219,24,0,24,120,24,1,0,0,NaN,0,NaN,4.831690603168681e-13,1.0,
1,4,DETERMINISTIC_RH,LEXMMFPEA,shared_battery_mode_node_level_v1,SI-Drahi_17-d1-HOM-UHI-BHI-3cae609052,TK-PB-Drahi_17-d1-HOM-UHI-62618e628e-r1,SS-5d5bbea46d20,1,1,lex_phase_1,OPTIMAL,FEASIBLE_POINT,246.09492244238905,246.09492244238905,0,798,798,1227,2189,24,0,24,120,24,1,0,0,NaN,0,NaN,5.968558980384842e-13,1.0,
1,4,DETERMINISTIC_RH,LEXMMFPEA,shared_battery_mode_node_level_v1,SI-Drahi_17-d1-HOM-UHI-BHI-3cae609052,TK-PB-Drahi_17-d1-HOM-UHI-62618e628e-r1,SS-5d5bbea46d20,1,2,lex_phase_2,OPTIMAL,FEASIBLE_POINT,492.1898448847781,492.1898448847781,0,798,798,1228,2195,24,0,24,120,24,1,0,0,NaN,0,NaN,5.968558980384842e-13,1.0,
1,4,DETERMINISTIC_RH,LEXMMFPEA,shared_battery_mode_node_level_v1,SI-Drahi_17-d1-HOM-UHI-BHI-3cae609052,TK-PB-Drahi_17-d1-HOM-UHI-62618e628e-r1,SS-5d5bbea46d20,1,3,lex_phase_3,OPTIMAL,FEASIBLE_POINT,738.2847673271672,738.2847673271672,0,798,798,1229,2201,24,0,24,120,24,1,0,0,NaN,0,NaN,5.968558980384842e-13,1.0,
1,4,DETERMINISTIC_RH,LEXMMFPEA,shared_battery_mode_node_level_v1,SI-Drahi_17-d1-HOM-UHI-BHI-3cae609052,TK-PB-Drahi_17-d1-HOM-UHI-62618e628e-r1,SS-5d5bbea46d20,1,4,lex_phase_4,OPTIMAL,FEASIBLE_POINT,984.3796897695562,984.3796897695562,0,798,798,1230,2207,24,0,24,120,24,1,0,0,NaN,0,NaN,5.968558980384842e-13,1.0,
1,4,DETERMINISTIC_RH,LEXMMFPEA,shared_battery_mode_node_level_v1,SI-Drahi_17-d1-HOM-UHI-BHI-3cae609052,TK-PB-Drahi_17-d1-HOM-UHI-62618e628e-r1,SS-5d5bbea46d20,1,5,lex_phase_5,OPTIMAL,FEASIBLE_POINT,1230.474612211945,1230.474612211945,0,798,798,1231,2213,24,0,24,120,24,1,0,0,NaN,0,NaN,5.968558980384842e-13,1.0,
1,4,DETERMINISTIC_RH,LEXMMFPEA,shared_battery_mode_node_level_v1,SI-Drahi_17-d1-HOM-UHI-BHI-3cae609052,TK-PB-Drahi_17-d1-HOM-UHI-62618e628e-r1,SS-5d5bbea46d20,1,6,economic_tie_break,OPTIMAL,FEASIBLE_POINT,741230.3442749949,741230.3442749949,0,798,798,1232,2219,24,0,24,120,24,1,0,0,NaN,0,NaN,5.968558980384842e-13,1.0,
1,5,DETERMINISTIC_RH,LEXMMFPEA,shared_battery_mode_node_level_v1,SI-Drahi_17-d1-HOM-UHI-BHI-3cae609052,TK-PB-Drahi_17-d1-HOM-UHI-62618e628e-r1,SS-102adc95e052,5,1,lex_phase_1,OPTIMAL,FEASIBLE_POINT,457.6875539054427,457.6875539054427,0,798,798,1227,2189,24,0,24,120,24,1,0,0,NaN,0,NaN,0.0,1.0,
1,5,DETERMINISTIC_RH,LEXMMFPEA,shared_battery_mode_node_level_v1,SI-Drahi_17-d1-HOM-UHI-BHI-3cae609052,TK-PB-Drahi_17-d1-HOM-UHI-62618e628e-r1,SS-102adc95e052,5,2,lex_phase_2,OPTIMAL,FEASIBLE_POINT,915.3751078108853,915.3751078108853,0,798,798,1228,2195,24,0,24,120,24,1,0,0,NaN,0,NaN,0.0,1.0,
1,5,DETERMINISTIC_RH,LEXMMFPEA,shared_battery_mode_node_level_v1,SI-Drahi_17-d1-HOM-UHI-BHI-3cae609052,TK-PB-Drahi_17-d1-HOM-UHI-62618e628e-r1,SS-102adc95e052,5,3,lex_phase_3,OPTIMAL,FEASIBLE_POINT,1373.062661716328,1373.062661716328,0,798,798,1229,2201,24,0,24,120,24,1,0,0,NaN,0,NaN,0.0,1.0,
1,5,DETERMINISTIC_RH,LEXMMFPEA,shared_battery_mode_node_level_v1,SI-Drahi_17-d1-HOM-UHI-BHI-3cae609052,TK-PB-Drahi_17-d1-HOM-UHI-62618e628e-r1,SS-102adc95e052,5,4,lex_phase_4,OPTIMAL,FEASIBLE_POINT,1830.7502156217706,1830.7502156217706,0,798,798,1230,2207,24,0,24,120,24,1,0,0,NaN,0,NaN,0.0,1.0,
1,5,DETERMINISTIC_RH,LEXMMFPEA,shared_battery_mode_node_level_v1,SI-Drahi_17-d1-HOM-UHI-BHI-3cae609052,TK-PB-Drahi_17-d1-HOM-UHI-62618e628e-r1,SS-102adc95e052,5,5,lex_phase_5,OPTIMAL,FEASIBLE_POINT,2288.4377695272133,2288.4377695272133,0,798,798,1231,2213,24,0,24,120,24,1,0,0,NaN,0,NaN,0.0,1.0,
1,5,DETERMINISTIC_RH,LEXMMFPEA,shared_battery_mode_node_level_v1,SI-Drahi_17-d1-HOM-UHI-BHI-3cae609052,TK-PB-Drahi_17-d1-HOM-UHI-62618e628e-r1,SS-102adc95e052,5,6,economic_tie_break,OPTIMAL,FEASIBLE_POINT,682850.7072003668,682850.7072003668,0,798,798,1232,2219,24,0,24,120,24,1,0,0,NaN,0,NaN,0.0,1.0,
1,6,DETERMINISTIC_RH,LEXMMFPEA,shared_battery_mode_node_level_v1,SI-Drahi_17-d1-HOM-UHI-BHI-3cae609052,TK-PB-Drahi_17-d1-HOM-UHI-62618e628e-r1,SS-102adc95e052,5,1,lex_phase_1,OPTIMAL,FEASIBLE_POINT,457.6875539054427,457.6875539054427,0,798,798,1227,2189,24,0,24,120,24,1,0,0,NaN,0,NaN,5.968558980384842e-13,1.0,
1,6,DETERMINISTIC_RH,LEXMMFPEA,shared_battery_mode_node_level_v1,SI-Drahi_17-d1-HOM-UHI-BHI-3cae609052,TK-PB-Drahi_17-d1-HOM-UHI-62618e628e-r1,SS-102adc95e052,5,2,lex_phase_2,OPTIMAL,FEASIBLE_POINT,915.3751078108853,915.3751078108853,0,798,798,1228,2195,24,0,24,120,24,1,0,0,NaN,0,NaN,5.968558980384842e-13,1.0,
1,6,DETERMINISTIC_RH,LEXMMFPEA,shared_battery_mode_node_level_v1,SI-Drahi_17-d1-HOM-UHI-BHI-3cae609052,TK-PB-Drahi_17-d1-HOM-UHI-62618e628e-r1,SS-102adc95e052,5,3,lex_phase_3,OPTIMAL,FEASIBLE_POINT,1373.062661716328,1373.062661716328,0,798,798,1229,2201,24,0,24,120,24,1,0,0,NaN,0,NaN,5.968558980384842e-13,1.0,
1,6,DETERMINISTIC_RH,LEXMMFPEA,shared_battery_mode_node_level_v1,SI-Drahi_17-d1-HOM-UHI-BHI-3cae609052,TK-PB-Drahi_17-d1-HOM-UHI-62618e628e-r1,SS-102adc95e052,5,4,lex_phase_4,OPTIMAL,FEASIBLE_POINT,1830.7502156217706,1830.7502156217706,0,798,798,1230,2207,24,0,24,120,24,1,0,0,NaN,0,NaN,5.968558980384842e-13,1.0,
1,6,DETERMINISTIC_RH,LEXMMFPEA,shared_battery_mode_node_level_v1,SI-Drahi_17-d1-HOM-UHI-BHI-3cae609052,TK-PB-Drahi_17-d1-HOM-UHI-62618e628e-r1,SS-102adc95e052,5,5,lex_phase_5,OPTIMAL,FEASIBLE_POINT,2288.4377695272133,2288.4377695272133,0,798,798,1231,2213,24,0,24,120,24,1,0,0,NaN,0,NaN,5.968558980384842e-13,1.0,
1,6,DETERMINISTIC_RH,LEXMMFPEA,shared_battery_mode_node_level_v1,SI-Drahi_17-d1-HOM-UHI-BHI-3cae609052,TK-PB-Drahi_17-d1-HOM-UHI-62618e628e-r1,SS-102adc95e052,5,6,economic_tie_break,OPTIMAL,FEASIBLE_POINT,682850.7072003668,682850.7072003668,0,798,798,1232,2219,24,0,24,120,24,1,0,0,NaN,0,NaN,5.968558980384842e-13,1.0,
1,7,DETERMINISTIC_RH,LEXMMFPEA,shared_battery_mode_node_level_v1,SI-Drahi_17-d1-HOM-UHI-BHI-3cae609052,TK-PB-Drahi_17-d1-HOM-UHI-62618e628e-r1,SS-102adc95e052,5,1,lex_phase_1,OPTIMAL,FEASIBLE_POINT,457.6875539054427,457.6875539054427,0,798,798,1227,2189,24,0,24,120,24,1,0,0,NaN,0,NaN,5.115907697472721e-13,1.0,
1,7,DETERMINISTIC_RH,LEXMMFPEA,shared_battery_mode_node_level_v1,SI-Drahi_17-d1-HOM-UHI-BHI-3cae609052,TK-PB-Drahi_17-d1-HOM-UHI-62618e628e-r1,SS-102adc95e052,5,2,lex_phase_2,OPTIMAL,FEASIBLE_POINT,915.3751078108853,915.3751078108853,0,798,798,1228,2195,24,0,24,120,24,1,0,0,NaN,0,NaN,5.115907697472721e-13,1.0,
1,7,DETERMINISTIC_RH,LEXMMFPEA,shared_battery_mode_node_level_v1,SI-Drahi_17-d1-HOM-UHI-BHI-3cae609052,TK-PB-Drahi_17-d1-HOM-UHI-62618e628e-r1,SS-102adc95e052,5,3,lex_phase_3,OPTIMAL,FEASIBLE_POINT,1373.062661716328,1373.062661716328,0,798,798,1229,2201,24,0,24,120,24,1,0,0,NaN,0,NaN,5.115907697472721e-13,1.0,
1,7,DETERMINISTIC_RH,LEXMMFPEA,shared_battery_mode_node_level_v1,SI-Drahi_17-d1-HOM-UHI-BHI-3cae609052,TK-PB-Drahi_17-d1-HOM-UHI-62618e628e-r1,SS-102adc95e052,5,4,lex_phase_4,OPTIMAL,FEASIBLE_POINT,1830.7502156217706,1830.7502156217706,0,798,798,1230,2207,24,0,24,120,24,1,0,0,NaN,0,NaN,5.115907697472721e-13,1.0,
1,7,DETERMINISTIC_RH,LEXMMFPEA,shared_battery_mode_node_level_v1,SI-Drahi_17-d1-HOM-UHI-BHI-3cae609052,TK-PB-Drahi_17-d1-HOM-UHI-62618e628e-r1,SS-102adc95e052,5,5,lex_phase_5,OPTIMAL,FEASIBLE_POINT,2288.4377695272133,2288.4377695272133,0,798,798,1231,2213,24,0,24,120,24,1,0,0,NaN,0,NaN,5.115907697472721e-13,1.0,
1,7,DETERMINISTIC_RH,LEXMMFPEA,shared_battery_mode_node_level_v1,SI-Drahi_17-d1-HOM-UHI-BHI-3cae609052,TK-PB-Drahi_17-d1-HOM-UHI-62618e628e-r1,SS-102adc95e052,5,6,economic_tie_break,OPTIMAL,FEASIBLE_POINT,682850.7072003668,682850.7072003668,0,798,798,1232,2219,24,0,24,120,24,1,0,0,NaN,0,NaN,5.115907697472721e-13,1.0,
1,8,DETERMINISTIC_RH,LEXMMFPEA,shared_battery_mode_node_level_v1,SI-Drahi_17-d1-HOM-UHI-BHI-3cae609052,TK-PB-Drahi_17-d1-HOM-UHI-62618e628e-r1,SS-102adc95e052,5,1,lex_phase_1,OPTIMAL,FEASIBLE_POINT,457.6875539054427,457.6875539054427,0,798,798,1227,2189,24,0,24,120,24,1,0,0,NaN,0,NaN,7.673861546209082e-13,1.0,
1,8,DETERMINISTIC_RH,LEXMMFPEA,shared_battery_mode_node_level_v1,SI-Drahi_17-d1-HOM-UHI-BHI-3cae609052,TK-PB-Drahi_17-d1-HOM-UHI-62618e628e-r1,SS-102adc95e052,5,2,lex_phase_2,OPTIMAL,FEASIBLE_POINT,915.3751078108853,915.3751078108853,0,798,798,1228,2195,24,0,24,120,24,1,0,0,NaN,0,NaN,7.673861546209082e-13,1.0,
1,8,DETERMINISTIC_RH,LEXMMFPEA,shared_battery_mode_node_level_v1,SI-Drahi_17-d1-HOM-UHI-BHI-3cae609052,TK-PB-Drahi_17-d1-HOM-UHI-62618e628e-r1,SS-102adc95e052,5,3,lex_phase_3,OPTIMAL,FEASIBLE_POINT,1373.062661716328,1373.062661716328,0,798,798,1229,2201,24,0,24,120,24,1,0,0,NaN,0,NaN,7.673861546209082e-13,1.0,
1,8,DETERMINISTIC_RH,LEXMMFPEA,shared_battery_mode_node_level_v1,SI-Drahi_17-d1-HOM-UHI-BHI-3cae609052,TK-PB-Drahi_17-d1-HOM-UHI-62618e628e-r1,SS-102adc95e052,5,4,lex_phase_4,OPTIMAL,FEASIBLE_POINT,1830.7502156217706,1830.7502156217706,0,798,798,1230,2207,24,0,24,120,24,1,0,0,NaN,0,NaN,7.673861546209082e-13,1.0,
1,8,DETERMINISTIC_RH,LEXMMFPEA,shared_battery_mode_node_level_v1,SI-Drahi_17-d1-HOM-UHI-BHI-3cae609052,TK-PB-Drahi_17-d1-HOM-UHI-62618e628e-r1,SS-102adc95e052,5,5,lex_phase_5,OPTIMAL,FEASIBLE_POINT,2288.4377695272133,2288.4377695272133,0,798,798,1231,2213,24,0,24,120,24,1,0,0,NaN,0,NaN,7.673861546209082e-13,1.0,
1,8,DETERMINISTIC_RH,LEXMMFPEA,shared_battery_mode_node_level_v1,SI-Drahi_17-d1-HOM-UHI-BHI-3cae609052,TK-PB-Drahi_17-d1-HOM-UHI-62618e628e-r1,SS-102adc95e052,5,6,economic_tie_break,OPTIMAL,FEASIBLE_POINT,682850.7072003668,682850.7072003668,0,798,798,1232,2219,24,0,24,120,24,1,0,0,NaN,0,NaN,7.673861546209082e-13,1.0,
1,9,DETERMINISTIC_RH,LEXMMFPEA,shared_battery_mode_node_level_v1,SI-Drahi_17-d1-HOM-UHI-BHI-3cae609052,TK-PB-Drahi_17-d1-HOM-UHI-62618e628e-r1,SS-19da242d4543,9,1,lex_phase_1,OPTIMAL,FEASIBLE_POINT,363.58910255087596,363.58910255087596,0,798,798,1227,2189,24,0,24,120,24,1,0,0,NaN,0,NaN,2.842170943040401e-14,1.0,
1,9,DETERMINISTIC_RH,LEXMMFPEA,shared_battery_mode_node_level_v1,SI-Drahi_17-d1-HOM-UHI-BHI-3cae609052,TK-PB-Drahi_17-d1-HOM-UHI-62618e628e-r1,SS-19da242d4543,9,2,lex_phase_2,OPTIMAL,FEASIBLE_POINT,727.1782051017519,727.1782051017519,0,798,798,1228,2195,24,0,24,120,24,1,0,0,NaN,0,NaN,2.842170943040401e-14,1.0,
1,9,DETERMINISTIC_RH,LEXMMFPEA,shared_battery_mode_node_level_v1,SI-Drahi_17-d1-HOM-UHI-BHI-3cae609052,TK-PB-Drahi_17-d1-HOM-UHI-62618e628e-r1,SS-19da242d4543,9,3,lex_phase_3,OPTIMAL,FEASIBLE_POINT,1090.767307652628,1090.767307652628,0,798,798,1229,2201,24,0,24,120,24,1,0,0,NaN,0,NaN,2.842170943040401e-14,1.0,
1,9,DETERMINISTIC_RH,LEXMMFPEA,shared_battery_mode_node_level_v1,SI-Drahi_17-d1-HOM-UHI-BHI-3cae609052,TK-PB-Drahi_17-d1-HOM-UHI-62618e628e-r1,SS-19da242d4543,9,4,lex_phase_4,OPTIMAL,FEASIBLE_POINT,1454.3564102035039,1454.3564102035039,0,798,798,1230,2207,24,0,24,120,24,1,0,0,NaN,0,NaN,2.842170943040401e-14,1.0,
1,9,DETERMINISTIC_RH,LEXMMFPEA,shared_battery_mode_node_level_v1,SI-Drahi_17-d1-HOM-UHI-BHI-3cae609052,TK-PB-Drahi_17-d1-HOM-UHI-62618e628e-r1,SS-19da242d4543,9,5,lex_phase_5,OPTIMAL,FEASIBLE_POINT,1817.94551275438,1817.94551275438,0,798,798,1231,2213,24,0,24,120,24,1,0,0,NaN,0,NaN,2.842170943040401e-14,1.0,
1,9,DETERMINISTIC_RH,LEXMMFPEA,shared_battery_mode_node_level_v1,SI-Drahi_17-d1-HOM-UHI-BHI-3cae609052,TK-PB-Drahi_17-d1-HOM-UHI-62618e628e-r1,SS-19da242d4543,9,6,economic_tie_break,OPTIMAL,FEASIBLE_POINT,727763.7569541297,727763.7569541297,0,798,798,1232,2219,24,0,24,120,24,1,0,0,NaN,0,NaN,2.842170943040401e-14,1.0,
1,10,DETERMINISTIC_RH,LEXMMFPEA,shared_battery_mode_node_level_v1,SI-Drahi_17-d1-HOM-UHI-BHI-3cae609052,TK-PB-Drahi_17-d1-HOM-UHI-62618e628e-r1,SS-19da242d4543,9,1,lex_phase_1,OPTIMAL,FEASIBLE_POINT,363.58910255087596,363.58910255087596,0,798,798,1227,2189,24,0,24,120,24,1,0,0,NaN,0,NaN,3.694822225952521e-13,1.0,
1,10,DETERMINISTIC_RH,LEXMMFPEA,shared_battery_mode_node_level_v1,SI-Drahi_17-d1-HOM-UHI-BHI-3cae609052,TK-PB-Drahi_17-d1-HOM-UHI-62618e628e-r1,SS-19da242d4543,9,2,lex_phase_2,OPTIMAL,FEASIBLE_POINT,727.1782051017519,727.1782051017519,0,798,798,1228,2195,24,0,24,120,24,1,0,0,NaN,0,NaN,3.694822225952521e-13,1.0,
1,10,DETERMINISTIC_RH,LEXMMFPEA,shared_battery_mode_node_level_v1,SI-Drahi_17-d1-HOM-UHI-BHI-3cae609052,TK-PB-Drahi_17-d1-HOM-UHI-62618e628e-r1,SS-19da242d4543,9,3,lex_phase_3,OPTIMAL,FEASIBLE_POINT,1090.767307652628,1090.767307652628,0,798,798,1229,2201,24,0,24,120,24,1,0,0,NaN,0,NaN,3.694822225952521e-13,1.0,
1,10,DETERMINISTIC_RH,LEXMMFPEA,shared_battery_mode_node_level_v1,SI-Drahi_17-d1-HOM-UHI-BHI-3cae609052,TK-PB-Drahi_17-d1-HOM-UHI-62618e628e-r1,SS-19da242d4543,9,4,lex_phase_4,OPTIMAL,FEASIBLE_POINT,1454.3564102035039,1454.3564102035039,0,798,798,1230,2207,24,0,24,120,24,1,0,0,NaN,0,NaN,3.694822225952521e-13,1.0,
1,10,DETERMINISTIC_RH,LEXMMFPEA,shared_battery_mode_node_level_v1,SI-Drahi_17-d1-HOM-UHI-BHI-3cae609052,TK-PB-Drahi_17-d1-HOM-UHI-62618e628e-r1,SS-19da242d4543,9,5,lex_phase_5,OPTIMAL,FEASIBLE_POINT,1817.94551275438,1817.94551275438,0,798,798,1231,2213,24,0,24,120,24,1,0,0,NaN,0,NaN,3.694822225952521e-13,1.0,
1,10,DETERMINISTIC_RH,LEXMMFPEA,shared_battery_mode_node_level_v1,SI-Drahi_17-d1-HOM-UHI-BHI-3cae609052,TK-PB-Drahi_17-d1-HOM-UHI-62618e628e-r1,SS-19da242d4543,9,6,economic_tie_break,OPTIMAL,FEASIBLE_POINT,727763.7569541297,727763.7569541297,0,798,798,1232,2219,24,0,24,120,24,1,0,0,NaN,0,NaN,3.694822225952521e-13,1.0,
1,11,DETERMINISTIC_RH,LEXMMFPEA,shared_battery_mode_node_level_v1,SI-Drahi_17-d1-HOM-UHI-BHI-3cae609052,TK-PB-Drahi_17-d1-HOM-UHI-62618e628e-r1,SS-19da242d4543,9,1,lex_phase_1,OPTIMAL,FEASIBLE_POINT,363.58910255087596,363.58910255087596,0,798,798,1227,2189,24,0,24,120,24,1,0,0,NaN,0,NaN,3.410605131648481e-13,1.0,
1,11,DETERMINISTIC_RH,LEXMMFPEA,shared_battery_mode_node_level_v1,SI-Drahi_17-d1-HOM-UHI-BHI-3cae609052,TK-PB-Drahi_17-d1-HOM-UHI-62618e628e-r1,SS-19da242d4543,9,2,lex_phase_2,OPTIMAL,FEASIBLE_POINT,727.1782051017519,727.1782051017519,0,798,798,1228,2195,24,0,24,120,24,1,0,0,NaN,0,NaN,3.410605131648481e-13,1.0,
1,11,DETERMINISTIC_RH,LEXMMFPEA,shared_battery_mode_node_level_v1,SI-Drahi_17-d1-HOM-UHI-BHI-3cae609052,TK-PB-Drahi_17-d1-HOM-UHI-62618e628e-r1,SS-19da242d4543,9,3,lex_phase_3,OPTIMAL,FEASIBLE_POINT,1090.767307652628,1090.767307652628,0,798,798,1229,2201,24,0,24,120,24,1,0,0,NaN,0,NaN,3.410605131648481e-13,1.0,
1,11,DETERMINISTIC_RH,LEXMMFPEA,shared_battery_mode_node_level_v1,SI-Drahi_17-d1-HOM-UHI-BHI-3cae609052,TK-PB-Drahi_17-d1-HOM-UHI-62618e628e-r1,SS-19da242d4543,9,4,lex_phase_4,OPTIMAL,FEASIBLE_POINT,1454.3564102035039,1454.3564102035039,0,798,798,1230,2207,24,0,24,120,24,1,0,0,NaN,0,NaN,3.410605131648481e-13,1.0,
1,11,DETERMINISTIC_RH,LEXMMFPEA,shared_battery_mode_node_level_v1,SI-Drahi_17-d1-HOM-UHI-BHI-3cae609052,TK-PB-Drahi_17-d1-HOM-UHI-62618e628e-r1,SS-19da242d4543,9,5,lex_phase_5,OPTIMAL,FEASIBLE_POINT,1817.94551275438,1817.94551275438,0,798,798,1231,2213,24,0,24,120,24,1,0,0,NaN,0,NaN,3.410605131648481e-13,1.0,
1,11,DETERMINISTIC_RH,LEXMMFPEA,shared_battery_mode_node_level_v1,SI-Drahi_17-d1-HOM-UHI-BHI-3cae609052,TK-PB-Drahi_17-d1-HOM-UHI-62618e628e-r1,SS-19da242d4543,9,6,economic_tie_break,OPTIMAL,FEASIBLE_POINT,727763.7569541297,727763.7569541297,0,798,798,1232,2219,24,0,24,120,24,1,0,0,NaN,0,NaN,3.410605131648481e-13,1.0,
1,12,DETERMINISTIC_RH,LEXMMFPEA,shared_battery_mode_node_level_v1,SI-Drahi_17-d1-HOM-UHI-BHI-3cae609052,TK-PB-Drahi_17-d1-HOM-UHI-62618e628e-r1,SS-19da242d4543,9,1,lex_phase_1,OPTIMAL,FEASIBLE_POINT,363.58910255087596,363.58910255087596,0,798,798,1227,2189,24,0,24,120,24,1,0,0,NaN,0,NaN,2.2737367544323206e-13,1.0,
1,12,DETERMINISTIC_RH,LEXMMFPEA,shared_battery_mode_node_level_v1,SI-Drahi_17-d1-HOM-UHI-BHI-3cae609052,TK-PB-Drahi_17-d1-HOM-UHI-62618e628e-r1,SS-19da242d4543,9,2,lex_phase_2,OPTIMAL,FEASIBLE_POINT,727.1782051017519,727.1782051017519,0,798,798,1228,2195,24,0,24,120,24,1,0,0,NaN,0,NaN,2.2737367544323206e-13,1.0,
1,12,DETERMINISTIC_RH,LEXMMFPEA,shared_battery_mode_node_level_v1,SI-Drahi_17-d1-HOM-UHI-BHI-3cae609052,TK-PB-Drahi_17-d1-HOM-UHI-62618e628e-r1,SS-19da242d4543,9,3,lex_phase_3,OPTIMAL,FEASIBLE_POINT,1090.767307652628,1090.767307652628,0,798,798,1229,2201,24,0,24,120,24,1,0,0,NaN,0,NaN,2.2737367544323206e-13,1.0,
1,12,DETERMINISTIC_RH,LEXMMFPEA,shared_battery_mode_node_level_v1,SI-Drahi_17-d1-HOM-UHI-BHI-3cae609052,TK-PB-Drahi_17-d1-HOM-UHI-62618e628e-r1,SS-19da242d4543,9,4,lex_phase_4,OPTIMAL,FEASIBLE_POINT,1454.3564102035039,1454.3564102035039,0,798,798,1230,2207,24,0,24,120,24,1,0,0,NaN,0,NaN,2.2737367544323206e-13,1.0,
1,12,DETERMINISTIC_RH,LEXMMFPEA,shared_battery_mode_node_level_v1,SI-Drahi_17-d1-HOM-UHI-BHI-3cae609052,TK-PB-Drahi_17-d1-HOM-UHI-62618e628e-r1,SS-19da242d4543,9,5,lex_phase_5,OPTIMAL,FEASIBLE_POINT,1817.94551275438,1817.94551275438,0,798,798,1231,2213,24,0,24,120,24,1,0,0,NaN,0,NaN,2.2737367544323206e-13,1.0,
1,12,DETERMINISTIC_RH,LEXMMFPEA,shared_battery_mode_node_level_v1,SI-Drahi_17-d1-HOM-UHI-BHI-3cae609052,TK-PB-Drahi_17-d1-HOM-UHI-62618e628e-r1,SS-19da242d4543,9,6,economic_tie_break,OPTIMAL,FEASIBLE_POINT,727763.7569541297,727763.7569541297,0,798,798,1232,2219,24,0,24,120,24,1,0,0,NaN,0,NaN,2.2737367544323206e-13,1.0,
1,13,DETERMINISTIC_RH,LEXMMFPEA,shared_battery_mode_node_level_v1,SI-Drahi_17-d1-HOM-UHI-BHI-3cae609052,TK-PB-Drahi_17-d1-HOM-UHI-62618e628e-r1,SS-354317d12b7f,13,1,lex_phase_1,OPTIMAL,FEASIBLE_POINT,487.67672394195154,487.67672394195154,0,798,798,1227,2189,24,0,24,120,24,1,0,0,NaN,0,NaN,2.842170943040401e-14,4.547473508864641e-13,
1,13,DETERMINISTIC_RH,LEXMMFPEA,shared_battery_mode_node_level_v1,SI-Drahi_17-d1-HOM-UHI-BHI-3cae609052,TK-PB-Drahi_17-d1-HOM-UHI-62618e628e-r1,SS-354317d12b7f,13,2,lex_phase_2,OPTIMAL,FEASIBLE_POINT,975.3534478839031,975.3534478839031,0,798,798,1228,2195,24,0,24,120,24,1,0,0,NaN,0,NaN,2.842170943040401e-14,4.547473508864641e-13,
1,13,DETERMINISTIC_RH,LEXMMFPEA,shared_battery_mode_node_level_v1,SI-Drahi_17-d1-HOM-UHI-BHI-3cae609052,TK-PB-Drahi_17-d1-HOM-UHI-62618e628e-r1,SS-354317d12b7f,13,3,lex_phase_3,OPTIMAL,FEASIBLE_POINT,1463.0301718258547,1463.0301718258547,0,798,798,1229,2201,24,0,24,120,24,1,0,0,NaN,0,NaN,2.842170943040401e-14,4.547473508864641e-13,
1,13,DETERMINISTIC_RH,LEXMMFPEA,shared_battery_mode_node_level_v1,SI-Drahi_17-d1-HOM-UHI-BHI-3cae609052,TK-PB-Drahi_17-d1-HOM-UHI-62618e628e-r1,SS-354317d12b7f,13,4,lex_phase_4,OPTIMAL,FEASIBLE_POINT,1950.7068957678061,1950.7068957678061,0,798,798,1230,2207,24,0,24,120,24,1,0,0,NaN,0,NaN,2.842170943040401e-14,4.547473508864641e-13,
1,13,DETERMINISTIC_RH,LEXMMFPEA,shared_battery_mode_node_level_v1,SI-Drahi_17-d1-HOM-UHI-BHI-3cae609052,TK-PB-Drahi_17-d1-HOM-UHI-62618e628e-r1,SS-354317d12b7f,13,5,lex_phase_5,OPTIMAL,FEASIBLE_POINT,2438.383619709757,2438.383619709757,0,798,798,1231,2213,24,0,24,120,24,1,0,0,NaN,0,NaN,2.842170943040401e-14,4.547473508864641e-13,
1,13,DETERMINISTIC_RH,LEXMMFPEA,shared_battery_mode_node_level_v1,SI-Drahi_17-d1-HOM-UHI-BHI-3cae609052,TK-PB-Drahi_17-d1-HOM-UHI-62618e628e-r1,SS-354317d12b7f,13,6,economic_tie_break,OPTIMAL,FEASIBLE_POINT,725999.5418485701,725999.5418485701,0,798,798,1232,2219,24,0,24,120,24,1,0,0,NaN,0,NaN,2.842170943040401e-14,4.547473508864641e-13,
1,14,DETERMINISTIC_RH,LEXMMFPEA,shared_battery_mode_node_level_v1,SI-Drahi_17-d1-HOM-UHI-BHI-3cae609052,TK-PB-Drahi_17-d1-HOM-UHI-62618e628e-r1,SS-354317d12b7f,13,1,lex_phase_1,OPTIMAL,FEASIBLE_POINT,487.67672394195154,487.67672394195154,0,798,798,1227,2189,24,0,24,120,24,1,0,0,NaN,0,NaN,3.694822225952521e-13,4.547473508864641e-13,
1,14,DETERMINISTIC_RH,LEXMMFPEA,shared_battery_mode_node_level_v1,SI-Drahi_17-d1-HOM-UHI-BHI-3cae609052,TK-PB-Drahi_17-d1-HOM-UHI-62618e628e-r1,SS-354317d12b7f,13,2,lex_phase_2,OPTIMAL,FEASIBLE_POINT,975.3534478839031,975.3534478839031,0,798,798,1228,2195,24,0,24,120,24,1,0,0,NaN,0,NaN,3.694822225952521e-13,4.547473508864641e-13,
1,14,DETERMINISTIC_RH,LEXMMFPEA,shared_battery_mode_node_level_v1,SI-Drahi_17-d1-HOM-UHI-BHI-3cae609052,TK-PB-Drahi_17-d1-HOM-UHI-62618e628e-r1,SS-354317d12b7f,13,3,lex_phase_3,OPTIMAL,FEASIBLE_POINT,1463.0301718258547,1463.0301718258547,0,798,798,1229,2201,24,0,24,120,24,1,0,0,NaN,0,NaN,3.694822225952521e-13,4.547473508864641e-13,
1,14,DETERMINISTIC_RH,LEXMMFPEA,shared_battery_mode_node_level_v1,SI-Drahi_17-d1-HOM-UHI-BHI-3cae609052,TK-PB-Drahi_17-d1-HOM-UHI-62618e628e-r1,SS-354317d12b7f,13,4,lex_phase_4,OPTIMAL,FEASIBLE_POINT,1950.7068957678061,1950.7068957678061,0,798,798,1230,2207,24,0,24,120,24,1,0,0,NaN,0,NaN,3.694822225952521e-13,4.547473508864641e-13,
1,14,DETERMINISTIC_RH,LEXMMFPEA,shared_battery_mode_node_level_v1,SI-Drahi_17-d1-HOM-UHI-BHI-3cae609052,TK-PB-Drahi_17-d1-HOM-UHI-62618e628e-r1,SS-354317d12b7f,13,5,lex_phase_5,OPTIMAL,FEASIBLE_POINT,2438.383619709757,2438.383619709757,0,798,798,1231,2213,24,0,24,120,24,1,0,0,NaN,0,NaN,3.694822225952521e-13,4.547473508864641e-13,
1,14,DETERMINISTIC_RH,LEXMMFPEA,shared_battery_mode_node_level_v1,SI-Drahi_17-d1-HOM-UHI-BHI-3cae609052,TK-PB-Drahi_17-d1-HOM-UHI-62618e628e-r1,SS-354317d12b7f,13,6,economic_tie_break,OPTIMAL,FEASIBLE_POINT,725999.5418485701,725999.5418485701,0,798,798,1232,2219,24,0,24,120,24,1,0,0,NaN,0,NaN,3.694822225952521e-13,4.547473508864641e-13,
1,15,DETERMINISTIC_RH,LEXMMFPEA,shared_battery_mode_node_level_v1,SI-Drahi_17-d1-HOM-UHI-BHI-3cae609052,TK-PB-Drahi_17-d1-HOM-UHI-62618e628e-r1,SS-354317d12b7f,13,1,lex_phase_1,OPTIMAL,FEASIBLE_POINT,487.67672394195154,487.67672394195154,0,798,798,1227,2189,24,0,24,120,24,1,0,0,NaN,0,NaN,2.7711166694643907e-13,4.547473508864641e-13,
1,15,DETERMINISTIC_RH,LEXMMFPEA,shared_battery_mode_node_level_v1,SI-Drahi_17-d1-HOM-UHI-BHI-3cae609052,TK-PB-Drahi_17-d1-HOM-UHI-62618e628e-r1,SS-354317d12b7f,13,2,lex_phase_2,OPTIMAL,FEASIBLE_POINT,975.3534478839031,975.3534478839031,0,798,798,1228,2195,24,0,24,120,24,1,0,0,NaN,0,NaN,2.7711166694643907e-13,4.547473508864641e-13,
1,15,DETERMINISTIC_RH,LEXMMFPEA,shared_battery_mode_node_level_v1,SI-Drahi_17-d1-HOM-UHI-BHI-3cae609052,TK-PB-Drahi_17-d1-HOM-UHI-62618e628e-r1,SS-354317d12b7f,13,3,lex_phase_3,OPTIMAL,FEASIBLE_POINT,1463.0301718258547,1463.0301718258547,0,798,798,1229,2201,24,0,24,120,24,1,0,0,NaN,0,NaN,2.7711166694643907e-13,4.547473508864641e-13,
1,15,DETERMINISTIC_RH,LEXMMFPEA,shared_battery_mode_node_level_v1,SI-Drahi_17-d1-HOM-UHI-BHI-3cae609052,TK-PB-Drahi_17-d1-HOM-UHI-62618e628e-r1,SS-354317d12b7f,13,4,lex_phase_4,OPTIMAL,FEASIBLE_POINT,1950.7068957678061,1950.7068957678061,0,798,798,1230,2207,24,0,24,120,24,1,0,0,NaN,0,NaN,2.7711166694643907e-13,4.547473508864641e-13,
1,15,DETERMINISTIC_RH,LEXMMFPEA,shared_battery_mode_node_level_v1,SI-Drahi_17-d1-HOM-UHI-BHI-3cae609052,TK-PB-Drahi_17-d1-HOM-UHI-62618e628e-r1,SS-354317d12b7f,13,5,lex_phase_5,OPTIMAL,FEASIBLE_POINT,2438.383619709757,2438.383619709757,0,798,798,1231,2213,24,0,24,120,24,1,0,0,NaN,0,NaN,2.7711166694643907e-13,4.547473508864641e-13,
1,15,DETERMINISTIC_RH,LEXMMFPEA,shared_battery_mode_node_level_v1,SI-Drahi_17-d1-HOM-UHI-BHI-3cae609052,TK-PB-Drahi_17-d1-HOM-UHI-62618e628e-r1,SS-354317d12b7f,13,6,economic_tie_break,OPTIMAL,FEASIBLE_POINT,725999.5418485701,725999.5418485701,0,798,798,1232,2219,24,0,24,120,24,1,0,0,NaN,0,NaN,2.7711166694643907e-13,4.547473508864641e-13,
1,16,DETERMINISTIC_RH,LEXMMFPEA,shared_battery_mode_node_level_v1,SI-Drahi_17-d1-HOM-UHI-BHI-3cae609052,TK-PB-Drahi_17-d1-HOM-UHI-62618e628e-r1,SS-354317d12b7f,13,1,lex_phase_1,OPTIMAL,FEASIBLE_POINT,487.67672394195154,487.67672394195154,0,798,798,1227,2189,24,0,24,120,24,1,0,0,NaN,0,NaN,1.3500311979441904e-13,4.547473508864641e-13,
1,16,DETERMINISTIC_RH,LEXMMFPEA,shared_battery_mode_node_level_v1,SI-Drahi_17-d1-HOM-UHI-BHI-3cae609052,TK-PB-Drahi_17-d1-HOM-UHI-62618e628e-r1,SS-354317d12b7f,13,2,lex_phase_2,OPTIMAL,FEASIBLE_POINT,975.3534478839031,975.3534478839031,0,798,798,1228,2195,24,0,24,120,24,1,0,0,NaN,0,NaN,1.3500311979441904e-13,4.547473508864641e-13,
1,16,DETERMINISTIC_RH,LEXMMFPEA,shared_battery_mode_node_level_v1,SI-Drahi_17-d1-HOM-UHI-BHI-3cae609052,TK-PB-Drahi_17-d1-HOM-UHI-62618e628e-r1,SS-354317d12b7f,13,3,lex_phase_3,OPTIMAL,FEASIBLE_POINT,1463.0301718258547,1463.0301718258547,0,798,798,1229,2201,24,0,24,120,24,1,0,0,NaN,0,NaN,1.3500311979441904e-13,4.547473508864641e-13,
1,16,DETERMINISTIC_RH,LEXMMFPEA,shared_battery_mode_node_level_v1,SI-Drahi_17-d1-HOM-UHI-BHI-3cae609052,TK-PB-Drahi_17-d1-HOM-UHI-62618e628e-r1,SS-354317d12b7f,13,4,lex_phase_4,OPTIMAL,FEASIBLE_POINT,1950.7068957678061,1950.7068957678061,0,798,798,1230,2207,24,0,24,120,24,1,0,0,NaN,0,NaN,1.3500311979441904e-13,4.547473508864641e-13,
1,16,DETERMINISTIC_RH,LEXMMFPEA,shared_battery_mode_node_level_v1,SI-Drahi_17-d1-HOM-UHI-BHI-3cae609052,TK-PB-Drahi_17-d1-HOM-UHI-62618e628e-r1,SS-354317d12b7f,13,5,lex_phase_5,OPTIMAL,FEASIBLE_POINT,2438.383619709757,2438.383619709757,0,798,798,1231,2213,24,0,24,120,24,1,0,0,NaN,0,NaN,1.3500311979441904e-13,4.547473508864641e-13,
1,16,DETERMINISTIC_RH,LEXMMFPEA,shared_battery_mode_node_level_v1,SI-Drahi_17-d1-HOM-UHI-BHI-3cae609052,TK-PB-Drahi_17-d1-HOM-UHI-62618e628e-r1,SS-354317d12b7f,13,6,economic_tie_break,OPTIMAL,FEASIBLE_POINT,725999.5418485701,725999.5418485701,0,798,798,1232,2219,24,0,24,120,24,1,0,0,NaN,0,NaN,1.3500311979441904e-13,4.547473508864641e-13,
1,17,DETERMINISTIC_RH,LEXMMFPEA,shared_battery_mode_node_level_v1,SI-Drahi_17-d1-HOM-UHI-BHI-3cae609052,TK-PB-Drahi_17-d1-HOM-UHI-62618e628e-r1,SS-c81930d9c8ba,17,1,lex_phase_1,OPTIMAL,FEASIBLE_POINT,567.527667480384,567.527667480384,0,798,798,1227,2189,24,0,24,120,24,1,0,0,NaN,0,NaN,3.552713678800501e-15,1.0,
1,17,DETERMINISTIC_RH,LEXMMFPEA,shared_battery_mode_node_level_v1,SI-Drahi_17-d1-HOM-UHI-BHI-3cae609052,TK-PB-Drahi_17-d1-HOM-UHI-62618e628e-r1,SS-c81930d9c8ba,17,2,lex_phase_2,OPTIMAL,FEASIBLE_POINT,1135.055334960768,1135.055334960768,0,798,798,1228,2195,24,0,24,120,24,1,0,0,NaN,0,NaN,3.552713678800501e-15,1.0,
1,17,DETERMINISTIC_RH,LEXMMFPEA,shared_battery_mode_node_level_v1,SI-Drahi_17-d1-HOM-UHI-BHI-3cae609052,TK-PB-Drahi_17-d1-HOM-UHI-62618e628e-r1,SS-c81930d9c8ba,17,3,lex_phase_3,OPTIMAL,FEASIBLE_POINT,1702.583002441152,1702.583002441152,0,798,798,1229,2201,24,0,24,120,24,1,0,0,NaN,0,NaN,3.552713678800501e-15,1.0,
1,17,DETERMINISTIC_RH,LEXMMFPEA,shared_battery_mode_node_level_v1,SI-Drahi_17-d1-HOM-UHI-BHI-3cae609052,TK-PB-Drahi_17-d1-HOM-UHI-62618e628e-r1,SS-c81930d9c8ba,17,4,lex_phase_4,OPTIMAL,FEASIBLE_POINT,2270.110669921536,2270.110669921536,0,798,798,1230,2207,24,0,24,120,24,1,0,0,NaN,0,NaN,3.552713678800501e-15,1.0,
1,17,DETERMINISTIC_RH,LEXMMFPEA,shared_battery_mode_node_level_v1,SI-Drahi_17-d1-HOM-UHI-BHI-3cae609052,TK-PB-Drahi_17-d1-HOM-UHI-62618e628e-r1,SS-c81930d9c8ba,17,5,lex_phase_5,OPTIMAL,FEASIBLE_POINT,2837.6383374019206,2837.6383374019206,0,798,798,1231,2213,24,0,24,120,24,1,0,0,NaN,0,NaN,3.552713678800501e-15,1.0,
1,17,DETERMINISTIC_RH,LEXMMFPEA,shared_battery_mode_node_level_v1,SI-Drahi_17-d1-HOM-UHI-BHI-3cae609052,TK-PB-Drahi_17-d1-HOM-UHI-62618e628e-r1,SS-c81930d9c8ba,17,6,economic_tie_break,OPTIMAL,FEASIBLE_POINT,723993.6124260488,723993.6124260488,0,798,798,1232,2219,24,0,24,120,24,1,0,0,NaN,0,NaN,3.552713678800501e-15,1.0,
1,18,DETERMINISTIC_RH,LEXMMFPEA,shared_battery_mode_node_level_v1,SI-Drahi_17-d1-HOM-UHI-BHI-3cae609052,TK-PB-Drahi_17-d1-HOM-UHI-62618e628e-r1,SS-c81930d9c8ba,17,1,lex_phase_1,OPTIMAL,FEASIBLE_POINT,567.527667480384,567.527667480384,0,798,798,1227,2189,24,0,24,120,24,1,0,0,NaN,0,NaN,1.7763568394002505e-14,1.0,
1,18,DETERMINISTIC_RH,LEXMMFPEA,shared_battery_mode_node_level_v1,SI-Drahi_17-d1-HOM-UHI-BHI-3cae609052,TK-PB-Drahi_17-d1-HOM-UHI-62618e628e-r1,SS-c81930d9c8ba,17,2,lex_phase_2,OPTIMAL,FEASIBLE_POINT,1135.055334960768,1135.055334960768,0,798,798,1228,2195,24,0,24,120,24,1,0,0,NaN,0,NaN,1.7763568394002505e-14,1.0,
1,18,DETERMINISTIC_RH,LEXMMFPEA,shared_battery_mode_node_level_v1,SI-Drahi_17-d1-HOM-UHI-BHI-3cae609052,TK-PB-Drahi_17-d1-HOM-UHI-62618e628e-r1,SS-c81930d9c8ba,17,3,lex_phase_3,OPTIMAL,FEASIBLE_POINT,1702.583002441152,1702.583002441152,0,798,798,1229,2201,24,0,24,120,24,1,0,0,NaN,0,NaN,1.7763568394002505e-14,1.0,
1,18,DETERMINISTIC_RH,LEXMMFPEA,shared_battery_mode_node_level_v1,SI-Drahi_17-d1-HOM-UHI-BHI-3cae609052,TK-PB-Drahi_17-d1-HOM-UHI-62618e628e-r1,SS-c81930d9c8ba,17,4,lex_phase_4,OPTIMAL,FEASIBLE_POINT,2270.110669921536,2270.110669921536,0,798,798,1230,2207,24,0,24,120,24,1,0,0,NaN,0,NaN,1.7763568394002505e-14,1.0,
1,18,DETERMINISTIC_RH,LEXMMFPEA,shared_battery_mode_node_level_v1,SI-Drahi_17-d1-HOM-UHI-BHI-3cae609052,TK-PB-Drahi_17-d1-HOM-UHI-62618e628e-r1,SS-c81930d9c8ba,17,5,lex_phase_5,OPTIMAL,FEASIBLE_POINT,2837.6383374019206,2837.6383374019206,0,798,798,1231,2213,24,0,24,120,24,1,0,0,NaN,0,NaN,1.7763568394002505e-14,1.0,
1,18,DETERMINISTIC_RH,LEXMMFPEA,shared_battery_mode_node_level_v1,SI-Drahi_17-d1-HOM-UHI-BHI-3cae609052,TK-PB-Drahi_17-d1-HOM-UHI-62618e628e-r1,SS-c81930d9c8ba,17,6,economic_tie_break,OPTIMAL,FEASIBLE_POINT,723993.6124260488,723993.6124260488,0,798,798,1232,2219,24,0,24,120,24,1,0,0,NaN,0,NaN,1.7763568394002505e-14,1.0,
1,19,DETERMINISTIC_RH,LEXMMFPEA,shared_battery_mode_node_level_v1,SI-Drahi_17-d1-HOM-UHI-BHI-3cae609052,TK-PB-Drahi_17-d1-HOM-UHI-62618e628e-r1,SS-c81930d9c8ba,17,1,lex_phase_1,OPTIMAL,FEASIBLE_POINT,567.527667480384,567.527667480384,0,798,798,1227,2189,24,0,24,120,24,1,0,0,NaN,0,NaN,2.2898349882893854e-15,1.0,
1,19,DETERMINISTIC_RH,LEXMMFPEA,shared_battery_mode_node_level_v1,SI-Drahi_17-d1-HOM-UHI-BHI-3cae609052,TK-PB-Drahi_17-d1-HOM-UHI-62618e628e-r1,SS-c81930d9c8ba,17,2,lex_phase_2,OPTIMAL,FEASIBLE_POINT,1135.055334960768,1135.055334960768,0,798,798,1228,2195,24,0,24,120,24,1,0,0,NaN,0,NaN,2.2898349882893854e-15,1.0,
1,19,DETERMINISTIC_RH,LEXMMFPEA,shared_battery_mode_node_level_v1,SI-Drahi_17-d1-HOM-UHI-BHI-3cae609052,TK-PB-Drahi_17-d1-HOM-UHI-62618e628e-r1,SS-c81930d9c8ba,17,3,lex_phase_3,OPTIMAL,FEASIBLE_POINT,1702.583002441152,1702.583002441152,0,798,798,1229,2201,24,0,24,120,24,1,0,0,NaN,0,NaN,2.2898349882893854e-15,1.0,
1,19,DETERMINISTIC_RH,LEXMMFPEA,shared_battery_mode_node_level_v1,SI-Drahi_17-d1-HOM-UHI-BHI-3cae609052,TK-PB-Drahi_17-d1-HOM-UHI-62618e628e-r1,SS-c81930d9c8ba,17,4,lex_phase_4,OPTIMAL,FEASIBLE_POINT,2270.110669921536,2270.110669921536,0,798,798,1230,2207,24,0,24,120,24,1,0,0,NaN,0,NaN,2.2898349882893854e-15,1.0,
1,19,DETERMINISTIC_RH,LEXMMFPEA,shared_battery_mode_node_level_v1,SI-Drahi_17-d1-HOM-UHI-BHI-3cae609052,TK-PB-Drahi_17-d1-HOM-UHI-62618e628e-r1,SS-c81930d9c8ba,17,5,lex_phase_5,OPTIMAL,FEASIBLE_POINT,2837.6383374019206,2837.6383374019206,0,798,798,1231,2213,24,0,24,120,24,1,0,0,NaN,0,NaN,2.2898349882893854e-15,1.0,
1,19,DETERMINISTIC_RH,LEXMMFPEA,shared_battery_mode_node_level_v1,SI-Drahi_17-d1-HOM-UHI-BHI-3cae609052,TK-PB-Drahi_17-d1-HOM-UHI-62618e628e-r1,SS-c81930d9c8ba,17,6,economic_tie_break,OPTIMAL,FEASIBLE_POINT,723993.6124260488,723993.6124260488,0,798,798,1232,2219,24,0,24,120,24,1,0,0,NaN,0,NaN,2.2898349882893854e-15,1.0,
1,20,DETERMINISTIC_RH,LEXMMFPEA,shared_battery_mode_node_level_v1,SI-Drahi_17-d1-HOM-UHI-BHI-3cae609052,TK-PB-Drahi_17-d1-HOM-UHI-62618e628e-r1,SS-c81930d9c8ba,17,1,lex_phase_1,OPTIMAL,FEASIBLE_POINT,567.527667480384,567.527667480384,0,798,798,1227,2189,24,0,24,120,24,1,0,0,NaN,0,NaN,0.0,1.0,
1,20,DETERMINISTIC_RH,LEXMMFPEA,shared_battery_mode_node_level_v1,SI-Drahi_17-d1-HOM-UHI-BHI-3cae609052,TK-PB-Drahi_17-d1-HOM-UHI-62618e628e-r1,SS-c81930d9c8ba,17,2,lex_phase_2,OPTIMAL,FEASIBLE_POINT,1135.055334960768,1135.055334960768,0,798,798,1228,2195,24,0,24,120,24,1,0,0,NaN,0,NaN,0.0,1.0,
1,20,DETERMINISTIC_RH,LEXMMFPEA,shared_battery_mode_node_level_v1,SI-Drahi_17-d1-HOM-UHI-BHI-3cae609052,TK-PB-Drahi_17-d1-HOM-UHI-62618e628e-r1,SS-c81930d9c8ba,17,3,lex_phase_3,OPTIMAL,FEASIBLE_POINT,1702.583002441152,1702.583002441152,0,798,798,1229,2201,24,0,24,120,24,1,0,0,NaN,0,NaN,0.0,1.0,
1,20,DETERMINISTIC_RH,LEXMMFPEA,shared_battery_mode_node_level_v1,SI-Drahi_17-d1-HOM-UHI-BHI-3cae609052,TK-PB-Drahi_17-d1-HOM-UHI-62618e628e-r1,SS-c81930d9c8ba,17,4,lex_phase_4,OPTIMAL,FEASIBLE_POINT,2270.110669921536,2270.110669921536,0,798,798,1230,2207,24,0,24,120,24,1,0,0,NaN,0,NaN,0.0,1.0,
1,20,DETERMINISTIC_RH,LEXMMFPEA,shared_battery_mode_node_level_v1,SI-Drahi_17-d1-HOM-UHI-BHI-3cae609052,TK-PB-Drahi_17-d1-HOM-UHI-62618e628e-r1,SS-c81930d9c8ba,17,5,lex_phase_5,OPTIMAL,FEASIBLE_POINT,2837.6383374019206,2837.6383374019206,0,798,798,1231,2213,24,0,24,120,24,1,0,0,NaN,0,NaN,0.0,1.0,
1,20,DETERMINISTIC_RH,LEXMMFPEA,shared_battery_mode_node_level_v1,SI-Drahi_17-d1-HOM-UHI-BHI-3cae609052,TK-PB-Drahi_17-d1-HOM-UHI-62618e628e-r1,SS-c81930d9c8ba,17,6,economic_tie_break,OPTIMAL,FEASIBLE_POINT,723993.6124260488,723993.6124260488,0,798,798,1232,2219,24,0,24,120,24,1,0,0,NaN,0,NaN,0.0,1.0,
1,21,DETERMINISTIC_RH,LEXMMFPEA,shared_battery_mode_node_level_v1,SI-Drahi_17-d1-HOM-UHI-BHI-3cae609052,TK-PB-Drahi_17-d1-HOM-UHI-62618e628e-r1,SS-3cf9bda45ea4,21,1,lex_phase_1,OPTIMAL,FEASIBLE_POINT,535.4376085850394,535.4376085850394,0,798,798,1227,2189,24,0,24,120,24,1,0,0,NaN,0,NaN,0.0,1.0000000000002274,
1,21,DETERMINISTIC_RH,LEXMMFPEA,shared_battery_mode_node_level_v1,SI-Drahi_17-d1-HOM-UHI-BHI-3cae609052,TK-PB-Drahi_17-d1-HOM-UHI-62618e628e-r1,SS-3cf9bda45ea4,21,2,lex_phase_2,OPTIMAL,FEASIBLE_POINT,1070.8752171700787,1070.8752171700787,0,798,798,1228,2195,24,0,24,120,24,1,0,0,NaN,0,NaN,0.0,1.0000000000002274,
1,21,DETERMINISTIC_RH,LEXMMFPEA,shared_battery_mode_node_level_v1,SI-Drahi_17-d1-HOM-UHI-BHI-3cae609052,TK-PB-Drahi_17-d1-HOM-UHI-62618e628e-r1,SS-3cf9bda45ea4,21,3,lex_phase_3,OPTIMAL,FEASIBLE_POINT,1606.312825755118,1606.312825755118,0,798,798,1229,2201,24,0,24,120,24,1,0,0,NaN,0,NaN,0.0,1.0000000000002274,
1,21,DETERMINISTIC_RH,LEXMMFPEA,shared_battery_mode_node_level_v1,SI-Drahi_17-d1-HOM-UHI-BHI-3cae609052,TK-PB-Drahi_17-d1-HOM-UHI-62618e628e-r1,SS-3cf9bda45ea4,21,4,lex_phase_4,OPTIMAL,FEASIBLE_POINT,2141.7504343401574,2141.7504343401574,0,798,798,1230,2207,24,0,24,120,24,1,0,0,NaN,0,NaN,0.0,1.0000000000002274,
1,21,DETERMINISTIC_RH,LEXMMFPEA,shared_battery_mode_node_level_v1,SI-Drahi_17-d1-HOM-UHI-BHI-3cae609052,TK-PB-Drahi_17-d1-HOM-UHI-62618e628e-r1,SS-3cf9bda45ea4,21,5,lex_phase_5,OPTIMAL,FEASIBLE_POINT,2677.188042925197,2677.188042925197,0,798,798,1231,2213,24,0,24,120,24,1,0,0,NaN,0,NaN,0.0,1.0000000000002274,
1,21,DETERMINISTIC_RH,LEXMMFPEA,shared_battery_mode_node_level_v1,SI-Drahi_17-d1-HOM-UHI-BHI-3cae609052,TK-PB-Drahi_17-d1-HOM-UHI-62618e628e-r1,SS-3cf9bda45ea4,21,6,economic_tie_break,OPTIMAL,FEASIBLE_POINT,725559.9533900226,725559.9533900226,0,798,798,1232,2219,24,0,24,120,24,1,0,0,NaN,0,NaN,0.0,1.0000000000002274,
1,22,DETERMINISTIC_RH,LEXMMFPEA,shared_battery_mode_node_level_v1,SI-Drahi_17-d1-HOM-UHI-BHI-3cae609052,TK-PB-Drahi_17-d1-HOM-UHI-62618e628e-r1,SS-3cf9bda45ea4,21,1,lex_phase_1,OPTIMAL,FEASIBLE_POINT,535.4376085850394,535.4376085850394,0,798,798,1227,2189,24,0,24,120,24,1,0,0,NaN,0,NaN,0.0,1.0000000000002274,
1,22,DETERMINISTIC_RH,LEXMMFPEA,shared_battery_mode_node_level_v1,SI-Drahi_17-d1-HOM-UHI-BHI-3cae609052,TK-PB-Drahi_17-d1-HOM-UHI-62618e628e-r1,SS-3cf9bda45ea4,21,2,lex_phase_2,OPTIMAL,FEASIBLE_POINT,1070.8752171700787,1070.8752171700787,0,798,798,1228,2195,24,0,24,120,24,1,0,0,NaN,0,NaN,0.0,1.0000000000002274,
1,22,DETERMINISTIC_RH,LEXMMFPEA,shared_battery_mode_node_level_v1,SI-Drahi_17-d1-HOM-UHI-BHI-3cae609052,TK-PB-Drahi_17-d1-HOM-UHI-62618e628e-r1,SS-3cf9bda45ea4,21,3,lex_phase_3,OPTIMAL,FEASIBLE_POINT,1606.312825755118,1606.312825755118,0,798,798,1229,2201,24,0,24,120,24,1,0,0,NaN,0,NaN,0.0,1.0000000000002274,
1,22,DETERMINISTIC_RH,LEXMMFPEA,shared_battery_mode_node_level_v1,SI-Drahi_17-d1-HOM-UHI-BHI-3cae609052,TK-PB-Drahi_17-d1-HOM-UHI-62618e628e-r1,SS-3cf9bda45ea4,21,4,lex_phase_4,OPTIMAL,FEASIBLE_POINT,2141.7504343401574,2141.7504343401574,0,798,798,1230,2207,24,0,24,120,24,1,0,0,NaN,0,NaN,0.0,1.0000000000002274,
1,22,DETERMINISTIC_RH,LEXMMFPEA,shared_battery_mode_node_level_v1,SI-Drahi_17-d1-HOM-UHI-BHI-3cae609052,TK-PB-Drahi_17-d1-HOM-UHI-62618e628e-r1,SS-3cf9bda45ea4,21,5,lex_phase_5,OPTIMAL,FEASIBLE_POINT,2677.188042925197,2677.188042925197,0,798,798,1231,2213,24,0,24,120,24,1,0,0,NaN,0,NaN,0.0,1.0000000000002274,
1,22,DETERMINISTIC_RH,LEXMMFPEA,shared_battery_mode_node_level_v1,SI-Drahi_17-d1-HOM-UHI-BHI-3cae609052,TK-PB-Drahi_17-d1-HOM-UHI-62618e628e-r1,SS-3cf9bda45ea4,21,6,economic_tie_break,OPTIMAL,FEASIBLE_POINT,725559.9533900226,725559.9533900226,0,798,798,1232,2219,24,0,24,120,24,1,0,0,NaN,0,NaN,0.0,1.0000000000002274,
1,23,DETERMINISTIC_RH,LEXMMFPEA,shared_battery_mode_node_level_v1,SI-Drahi_17-d1-HOM-UHI-BHI-3cae609052,TK-PB-Drahi_17-d1-HOM-UHI-62618e628e-r1,SS-3cf9bda45ea4,21,1,lex_phase_1,OPTIMAL,FEASIBLE_POINT,535.4376085850394,535.4376085850394,0,798,798,1227,2189,24,0,24,120,24,1,0,0,NaN,0,NaN,0.0,1.0000000000002274,
1,23,DETERMINISTIC_RH,LEXMMFPEA,shared_battery_mode_node_level_v1,SI-Drahi_17-d1-HOM-UHI-BHI-3cae609052,TK-PB-Drahi_17-d1-HOM-UHI-62618e628e-r1,SS-3cf9bda45ea4,21,2,lex_phase_2,OPTIMAL,FEASIBLE_POINT,1070.8752171700787,1070.8752171700787,0,798,798,1228,2195,24,0,24,120,24,1,0,0,NaN,0,NaN,0.0,1.0000000000002274,
1,23,DETERMINISTIC_RH,LEXMMFPEA,shared_battery_mode_node_level_v1,SI-Drahi_17-d1-HOM-UHI-BHI-3cae609052,TK-PB-Drahi_17-d1-HOM-UHI-62618e628e-r1,SS-3cf9bda45ea4,21,3,lex_phase_3,OPTIMAL,FEASIBLE_POINT,1606.312825755118,1606.312825755118,0,798,798,1229,2201,24,0,24,120,24,1,0,0,NaN,0,NaN,0.0,1.0000000000002274,
1,23,DETERMINISTIC_RH,LEXMMFPEA,shared_battery_mode_node_level_v1,SI-Drahi_17-d1-HOM-UHI-BHI-3cae609052,TK-PB-Drahi_17-d1-HOM-UHI-62618e628e-r1,SS-3cf9bda45ea4,21,4,lex_phase_4,OPTIMAL,FEASIBLE_POINT,2141.7504343401574,2141.7504343401574,0,798,798,1230,2207,24,0,24,120,24,1,0,0,NaN,0,NaN,0.0,1.0000000000002274,
1,23,DETERMINISTIC_RH,LEXMMFPEA,shared_battery_mode_node_level_v1,SI-Drahi_17-d1-HOM-UHI-BHI-3cae609052,TK-PB-Drahi_17-d1-HOM-UHI-62618e628e-r1,SS-3cf9bda45ea4,21,5,lex_phase_5,OPTIMAL,FEASIBLE_POINT,2677.188042925197,2677.188042925197,0,798,798,1231,2213,24,0,24,120,24,1,0,0,NaN,0,NaN,0.0,1.0000000000002274,
1,23,DETERMINISTIC_RH,LEXMMFPEA,shared_battery_mode_node_level_v1,SI-Drahi_17-d1-HOM-UHI-BHI-3cae609052,TK-PB-Drahi_17-d1-HOM-UHI-62618e628e-r1,SS-3cf9bda45ea4,21,6,economic_tie_break,OPTIMAL,FEASIBLE_POINT,725559.9533900226,725559.9533900226,0,798,798,1232,2219,24,0,24,120,24,1,0,0,NaN,0,NaN,0.0,1.0000000000002274,
1,24,DETERMINISTIC_RH,LEXMMFPEA,shared_battery_mode_node_level_v1,SI-Drahi_17-d1-HOM-UHI-BHI-3cae609052,TK-PB-Drahi_17-d1-HOM-UHI-62618e628e-r1,SS-3cf9bda45ea4,21,1,lex_phase_1,OPTIMAL,FEASIBLE_POINT,535.4376085850394,535.4376085850394,0,798,798,1227,2189,24,0,24,120,24,1,0,0,NaN,0,NaN,0.0,1.0000000000002274,
1,24,DETERMINISTIC_RH,LEXMMFPEA,shared_battery_mode_node_level_v1,SI-Drahi_17-d1-HOM-UHI-BHI-3cae609052,TK-PB-Drahi_17-d1-HOM-UHI-62618e628e-r1,SS-3cf9bda45ea4,21,2,lex_phase_2,OPTIMAL,FEASIBLE_POINT,1070.8752171700787,1070.8752171700787,0,798,798,1228,2195,24,0,24,120,24,1,0,0,NaN,0,NaN,0.0,1.0000000000002274,
1,24,DETERMINISTIC_RH,LEXMMFPEA,shared_battery_mode_node_level_v1,SI-Drahi_17-d1-HOM-UHI-BHI-3cae609052,TK-PB-Drahi_17-d1-HOM-UHI-62618e628e-r1,SS-3cf9bda45ea4,21,3,lex_phase_3,OPTIMAL,FEASIBLE_POINT,1606.312825755118,1606.312825755118,0,798,798,1229,2201,24,0,24,120,24,1,0,0,NaN,0,NaN,0.0,1.0000000000002274,
1,24,DETERMINISTIC_RH,LEXMMFPEA,shared_battery_mode_node_level_v1,SI-Drahi_17-d1-HOM-UHI-BHI-3cae609052,TK-PB-Drahi_17-d1-HOM-UHI-62618e628e-r1,SS-3cf9bda45ea4,21,4,lex_phase_4,OPTIMAL,FEASIBLE_POINT,2141.7504343401574,2141.7504343401574,0,798,798,1230,2207,24,0,24,120,24,1,0,0,NaN,0,NaN,0.0,1.0000000000002274,
1,24,DETERMINISTIC_RH,LEXMMFPEA,shared_battery_mode_node_level_v1,SI-Drahi_17-d1-HOM-UHI-BHI-3cae609052,TK-PB-Drahi_17-d1-HOM-UHI-62618e628e-r1,SS-3cf9bda45ea4,21,5,lex_phase_5,OPTIMAL,FEASIBLE_POINT,2677.188042925197,2677.188042925197,0,798,798,1231,2213,24,0,24,120,24,1,0,0,NaN,0,NaN,0.0,1.0000000000002274,
1,24,DETERMINISTIC_RH,LEXMMFPEA,shared_battery_mode_node_level_v1,SI-Drahi_17-d1-HOM-UHI-BHI-3cae609052,TK-PB-Drahi_17-d1-HOM-UHI-62618e628e-r1,SS-3cf9bda45ea4,21,6,economic_tie_break,OPTIMAL,FEASIBLE_POINT,725559.9533900226,725559.9533900226,0,798,798,1232,2219,24,0,24,120,24,1,0,0,NaN,0,NaN,0.0,1.0000000000002274,
1,1,DETERMINISTIC_RH,LEXMMFSA,shared_battery_mode_node_level_v1,SI-Drahi_17-d1-HOM-UHI-BHI-3cae609052,TK-PB-Drahi_17-d1-HOM-UHI-62618e628e-r1,SS-5d5bbea46d20,1,1,lex_phase_1,OPTIMAL,FEASIBLE_POINT,47176.02437233596,47176.02437233596,0,798,798,1227,3389,24,0,24,120,24,1,0,0,NaN,0,NaN,1.4210854715202004e-14,8.731149137020111e-11,
1,1,DETERMINISTIC_RH,LEXMMFSA,shared_battery_mode_node_level_v1,SI-Drahi_17-d1-HOM-UHI-BHI-3cae609052,TK-PB-Drahi_17-d1-HOM-UHI-62618e628e-r1,SS-5d5bbea46d20,1,2,lex_phase_2,OPTIMAL,FEASIBLE_POINT,94352.04874467195,94352.04874467195,0,798,798,1228,3395,24,0,24,120,24,1,0,0,NaN,0,NaN,1.4210854715202004e-14,8.731149137020111e-11,
1,1,DETERMINISTIC_RH,LEXMMFSA,shared_battery_mode_node_level_v1,SI-Drahi_17-d1-HOM-UHI-BHI-3cae609052,TK-PB-Drahi_17-d1-HOM-UHI-62618e628e-r1,SS-5d5bbea46d20,1,3,lex_phase_3,OPTIMAL,FEASIBLE_POINT,141528.0731170079,141528.0731170079,0,798,798,1229,3401,24,0,24,120,24,1,0,0,NaN,0,NaN,1.4210854715202004e-14,8.731149137020111e-11,
1,1,DETERMINISTIC_RH,LEXMMFSA,shared_battery_mode_node_level_v1,SI-Drahi_17-d1-HOM-UHI-BHI-3cae609052,TK-PB-Drahi_17-d1-HOM-UHI-62618e628e-r1,SS-5d5bbea46d20,1,4,lex_phase_4,OPTIMAL,FEASIBLE_POINT,188704.0974893439,188704.0974893439,0,798,798,1230,3407,24,0,24,120,24,1,0,0,NaN,0,NaN,1.4210854715202004e-14,8.731149137020111e-11,
1,1,DETERMINISTIC_RH,LEXMMFSA,shared_battery_mode_node_level_v1,SI-Drahi_17-d1-HOM-UHI-BHI-3cae609052,TK-PB-Drahi_17-d1-HOM-UHI-62618e628e-r1,SS-5d5bbea46d20,1,5,lex_phase_5,OPTIMAL,FEASIBLE_POINT,235880.12186167992,235880.12186167992,0,798,798,1231,3413,24,0,24,120,24,1,0,0,NaN,0,NaN,1.4210854715202004e-14,8.731149137020111e-11,
1,1,DETERMINISTIC_RH,LEXMMFSA,shared_battery_mode_node_level_v1,SI-Drahi_17-d1-HOM-UHI-BHI-3cae609052,TK-PB-Drahi_17-d1-HOM-UHI-62618e628e-r1,SS-5d5bbea46d20,1,6,economic_tie_break,OPTIMAL,FEASIBLE_POINT,741230.3442749949,741230.3442749949,0,798,798,1232,3419,24,0,24,120,24,1,0,0,NaN,0,NaN,1.4210854715202004e-14,8.731149137020111e-11,
1,2,DETERMINISTIC_RH,LEXMMFSA,shared_battery_mode_node_level_v1,SI-Drahi_17-d1-HOM-UHI-BHI-3cae609052,TK-PB-Drahi_17-d1-HOM-UHI-62618e628e-r1,SS-5d5bbea46d20,1,1,lex_phase_1,OPTIMAL,FEASIBLE_POINT,47176.02437233596,47176.02437233596,0,798,798,1227,3389,24,0,24,120,24,1,0,0,NaN,0,NaN,6.821210263296962e-13,8.731149137020111e-11,
1,2,DETERMINISTIC_RH,LEXMMFSA,shared_battery_mode_node_level_v1,SI-Drahi_17-d1-HOM-UHI-BHI-3cae609052,TK-PB-Drahi_17-d1-HOM-UHI-62618e628e-r1,SS-5d5bbea46d20,1,2,lex_phase_2,OPTIMAL,FEASIBLE_POINT,94352.04874467195,94352.04874467195,0,798,798,1228,3395,24,0,24,120,24,1,0,0,NaN,0,NaN,6.821210263296962e-13,8.731149137020111e-11,
1,2,DETERMINISTIC_RH,LEXMMFSA,shared_battery_mode_node_level_v1,SI-Drahi_17-d1-HOM-UHI-BHI-3cae609052,TK-PB-Drahi_17-d1-HOM-UHI-62618e628e-r1,SS-5d5bbea46d20,1,3,lex_phase_3,OPTIMAL,FEASIBLE_POINT,141528.0731170079,141528.0731170079,0,798,798,1229,3401,24,0,24,120,24,1,0,0,NaN,0,NaN,6.821210263296962e-13,8.731149137020111e-11,
1,2,DETERMINISTIC_RH,LEXMMFSA,shared_battery_mode_node_level_v1,SI-Drahi_17-d1-HOM-UHI-BHI-3cae609052,TK-PB-Drahi_17-d1-HOM-UHI-62618e628e-r1,SS-5d5bbea46d20,1,4,lex_phase_4,OPTIMAL,FEASIBLE_POINT,188704.0974893439,188704.0974893439,0,798,798,1230,3407,24,0,24,120,24,1,0,0,NaN,0,NaN,6.821210263296962e-13,8.731149137020111e-11,
1,2,DETERMINISTIC_RH,LEXMMFSA,shared_battery_mode_node_level_v1,SI-Drahi_17-d1-HOM-UHI-BHI-3cae609052,TK-PB-Drahi_17-d1-HOM-UHI-62618e628e-r1,SS-5d5bbea46d20,1,5,lex_phase_5,OPTIMAL,FEASIBLE_POINT,235880.12186167992,235880.12186167992,0,798,798,1231,3413,24,0,24,120,24,1,0,0,NaN,0,NaN,6.821210263296962e-13,8.731149137020111e-11,
1,2,DETERMINISTIC_RH,LEXMMFSA,shared_battery_mode_node_level_v1,SI-Drahi_17-d1-HOM-UHI-BHI-3cae609052,TK-PB-Drahi_17-d1-HOM-UHI-62618e628e-r1,SS-5d5bbea46d20,1,6,economic_tie_break,OPTIMAL,FEASIBLE_POINT,741230.3442749949,741230.3442749949,0,798,798,1232,3419,24,0,24,120,24,1,0,0,NaN,0,NaN,6.821210263296962e-13,8.731149137020111e-11,
1,3,DETERMINISTIC_RH,LEXMMFSA,shared_battery_mode_node_level_v1,SI-Drahi_17-d1-HOM-UHI-BHI-3cae609052,TK-PB-Drahi_17-d1-HOM-UHI-62618e628e-r1,SS-5d5bbea46d20,1,1,lex_phase_1,OPTIMAL,FEASIBLE_POINT,47176.02437233596,47176.02437233596,0,798,798,1227,3389,24,0,24,120,24,1,0,0,NaN,0,NaN,4.831690603168681e-13,8.731149137020111e-11,
1,3,DETERMINISTIC_RH,LEXMMFSA,shared_battery_mode_node_level_v1,SI-Drahi_17-d1-HOM-UHI-BHI-3cae609052,TK-PB-Drahi_17-d1-HOM-UHI-62618e628e-r1,SS-5d5bbea46d20,1,2,lex_phase_2,OPTIMAL,FEASIBLE_POINT,94352.04874467195,94352.04874467195,0,798,798,1228,3395,24,0,24,120,24,1,0,0,NaN,0,NaN,4.831690603168681e-13,8.731149137020111e-11,
1,3,DETERMINISTIC_RH,LEXMMFSA,shared_battery_mode_node_level_v1,SI-Drahi_17-d1-HOM-UHI-BHI-3cae609052,TK-PB-Drahi_17-d1-HOM-UHI-62618e628e-r1,SS-5d5bbea46d20,1,3,lex_phase_3,OPTIMAL,FEASIBLE_POINT,141528.0731170079,141528.0731170079,0,798,798,1229,3401,24,0,24,120,24,1,0,0,NaN,0,NaN,4.831690603168681e-13,8.731149137020111e-11,
1,3,DETERMINISTIC_RH,LEXMMFSA,shared_battery_mode_node_level_v1,SI-Drahi_17-d1-HOM-UHI-BHI-3cae609052,TK-PB-Drahi_17-d1-HOM-UHI-62618e628e-r1,SS-5d5bbea46d20,1,4,lex_phase_4,OPTIMAL,FEASIBLE_POINT,188704.0974893439,188704.0974893439,0,798,798,1230,3407,24,0,24,120,24,1,0,0,NaN,0,NaN,4.831690603168681e-13,8.731149137020111e-11,
1,3,DETERMINISTIC_RH,LEXMMFSA,shared_battery_mode_node_level_v1,SI-Drahi_17-d1-HOM-UHI-BHI-3cae609052,TK-PB-Drahi_17-d1-HOM-UHI-62618e628e-r1,SS-5d5bbea46d20,1,5,lex_phase_5,OPTIMAL,FEASIBLE_POINT,235880.12186167992,235880.12186167992,0,798,798,1231,3413,24,0,24,120,24,1,0,0,NaN,0,NaN,4.831690603168681e-13,8.731149137020111e-11,
1,3,DETERMINISTIC_RH,LEXMMFSA,shared_battery_mode_node_level_v1,SI-Drahi_17-d1-HOM-UHI-BHI-3cae609052,TK-PB-Drahi_17-d1-HOM-UHI-62618e628e-r1,SS-5d5bbea46d20,1,6,economic_tie_break,OPTIMAL,FEASIBLE_POINT,741230.3442749949,741230.3442749949,0,798,798,1232,3419,24,0,24,120,24,1,0,0,NaN,0,NaN,4.831690603168681e-13,8.731149137020111e-11,
1,4,DETERMINISTIC_RH,LEXMMFSA,shared_battery_mode_node_level_v1,SI-Drahi_17-d1-HOM-UHI-BHI-3cae609052,TK-PB-Drahi_17-d1-HOM-UHI-62618e628e-r1,SS-5d5bbea46d20,1,1,lex_phase_1,OPTIMAL,FEASIBLE_POINT,47176.02437233596,47176.02437233596,0,798,798,1227,3389,24,0,24,120,24,1,0,0,NaN,0,NaN,5.968558980384842e-13,8.731149137020111e-11,
1,4,DETERMINISTIC_RH,LEXMMFSA,shared_battery_mode_node_level_v1,SI-Drahi_17-d1-HOM-UHI-BHI-3cae609052,TK-PB-Drahi_17-d1-HOM-UHI-62618e628e-r1,SS-5d5bbea46d20,1,2,lex_phase_2,OPTIMAL,FEASIBLE_POINT,94352.04874467195,94352.04874467195,0,798,798,1228,3395,24,0,24,120,24,1,0,0,NaN,0,NaN,5.968558980384842e-13,8.731149137020111e-11,
1,4,DETERMINISTIC_RH,LEXMMFSA,shared_battery_mode_node_level_v1,SI-Drahi_17-d1-HOM-UHI-BHI-3cae609052,TK-PB-Drahi_17-d1-HOM-UHI-62618e628e-r1,SS-5d5bbea46d20,1,3,lex_phase_3,OPTIMAL,FEASIBLE_POINT,141528.0731170079,141528.0731170079,0,798,798,1229,3401,24,0,24,120,24,1,0,0,NaN,0,NaN,5.968558980384842e-13,8.731149137020111e-11,
1,4,DETERMINISTIC_RH,LEXMMFSA,shared_battery_mode_node_level_v1,SI-Drahi_17-d1-HOM-UHI-BHI-3cae609052,TK-PB-Drahi_17-d1-HOM-UHI-62618e628e-r1,SS-5d5bbea46d20,1,4,lex_phase_4,OPTIMAL,FEASIBLE_POINT,188704.0974893439,188704.0974893439,0,798,798,1230,3407,24,0,24,120,24,1,0,0,NaN,0,NaN,5.968558980384842e-13,8.731149137020111e-11,
1,4,DETERMINISTIC_RH,LEXMMFSA,shared_battery_mode_node_level_v1,SI-Drahi_17-d1-HOM-UHI-BHI-3cae609052,TK-PB-Drahi_17-d1-HOM-UHI-62618e628e-r1,SS-5d5bbea46d20,1,5,lex_phase_5,OPTIMAL,FEASIBLE_POINT,235880.12186167992,235880.12186167992,0,798,798,1231,3413,24,0,24,120,24,1,0,0,NaN,0,NaN,5.968558980384842e-13,8.731149137020111e-11,
1,4,DETERMINISTIC_RH,LEXMMFSA,shared_battery_mode_node_level_v1,SI-Drahi_17-d1-HOM-UHI-BHI-3cae609052,TK-PB-Drahi_17-d1-HOM-UHI-62618e628e-r1,SS-5d5bbea46d20,1,6,economic_tie_break,OPTIMAL,FEASIBLE_POINT,741230.3442749949,741230.3442749949,0,798,798,1232,3419,24,0,24,120,24,1,0,0,NaN,0,NaN,5.968558980384842e-13,8.731149137020111e-11,
1,5,DETERMINISTIC_RH,LEXMMFSA,shared_battery_mode_node_level_v1,SI-Drahi_17-d1-HOM-UHI-BHI-3cae609052,TK-PB-Drahi_17-d1-HOM-UHI-62618e628e-r1,SS-102adc95e052,5,1,lex_phase_1,OPTIMAL,FEASIBLE_POINT,88971.71371744081,88971.71371744081,0,798,798,1227,3389,24,0,24,120,24,1,0,0,NaN,0,NaN,0.0,0.0,
1,5,DETERMINISTIC_RH,LEXMMFSA,shared_battery_mode_node_level_v1,SI-Drahi_17-d1-HOM-UHI-BHI-3cae609052,TK-PB-Drahi_17-d1-HOM-UHI-62618e628e-r1,SS-102adc95e052,5,2,lex_phase_2,OPTIMAL,FEASIBLE_POINT,177943.4274348816,177943.4274348816,0,798,798,1228,3395,24,0,24,120,24,1,0,0,NaN,0,NaN,0.0,0.0,
1,5,DETERMINISTIC_RH,LEXMMFSA,shared_battery_mode_node_level_v1,SI-Drahi_17-d1-HOM-UHI-BHI-3cae609052,TK-PB-Drahi_17-d1-HOM-UHI-62618e628e-r1,SS-102adc95e052,5,3,lex_phase_3,OPTIMAL,FEASIBLE_POINT,266915.1411523224,266915.1411523224,0,798,798,1229,3401,24,0,24,120,24,1,0,0,NaN,0,NaN,0.0,0.0,
1,5,DETERMINISTIC_RH,LEXMMFSA,shared_battery_mode_node_level_v1,SI-Drahi_17-d1-HOM-UHI-BHI-3cae609052,TK-PB-Drahi_17-d1-HOM-UHI-62618e628e-r1,SS-102adc95e052,5,4,lex_phase_4,OPTIMAL,FEASIBLE_POINT,355886.8548697632,355886.8548697632,0,798,798,1230,3407,24,0,24,120,24,1,0,0,NaN,0,NaN,0.0,0.0,
1,5,DETERMINISTIC_RH,LEXMMFSA,shared_battery_mode_node_level_v1,SI-Drahi_17-d1-HOM-UHI-BHI-3cae609052,TK-PB-Drahi_17-d1-HOM-UHI-62618e628e-r1,SS-102adc95e052,5,5,lex_phase_5,OPTIMAL,FEASIBLE_POINT,444858.5685872042,444858.5685872042,0,798,798,1231,3413,24,0,24,120,24,1,0,0,NaN,0,NaN,0.0,0.0,
1,5,DETERMINISTIC_RH,LEXMMFSA,shared_battery_mode_node_level_v1,SI-Drahi_17-d1-HOM-UHI-BHI-3cae609052,TK-PB-Drahi_17-d1-HOM-UHI-62618e628e-r1,SS-102adc95e052,5,6,economic_tie_break,OPTIMAL,FEASIBLE_POINT,682850.7072003664,682850.7072003664,0,798,798,1232,3419,24,0,24,120,24,1,0,0,NaN,0,NaN,0.0,0.0,
1,6,DETERMINISTIC_RH,LEXMMFSA,shared_battery_mode_node_level_v1,SI-Drahi_17-d1-HOM-UHI-BHI-3cae609052,TK-PB-Drahi_17-d1-HOM-UHI-62618e628e-r1,SS-102adc95e052,5,1,lex_phase_1,OPTIMAL,FEASIBLE_POINT,88971.71371744081,88971.71371744081,0,798,798,1227,3389,24,0,24,120,24,1,0,0,NaN,0,NaN,5.968558980384842e-13,0.0,
1,6,DETERMINISTIC_RH,LEXMMFSA,shared_battery_mode_node_level_v1,SI-Drahi_17-d1-HOM-UHI-BHI-3cae609052,TK-PB-Drahi_17-d1-HOM-UHI-62618e628e-r1,SS-102adc95e052,5,2,lex_phase_2,OPTIMAL,FEASIBLE_POINT,177943.4274348816,177943.4274348816,0,798,798,1228,3395,24,0,24,120,24,1,0,0,NaN,0,NaN,5.968558980384842e-13,0.0,
1,6,DETERMINISTIC_RH,LEXMMFSA,shared_battery_mode_node_level_v1,SI-Drahi_17-d1-HOM-UHI-BHI-3cae609052,TK-PB-Drahi_17-d1-HOM-UHI-62618e628e-r1,SS-102adc95e052,5,3,lex_phase_3,OPTIMAL,FEASIBLE_POINT,266915.1411523224,266915.1411523224,0,798,798,1229,3401,24,0,24,120,24,1,0,0,NaN,0,NaN,5.968558980384842e-13,0.0,
1,6,DETERMINISTIC_RH,LEXMMFSA,shared_battery_mode_node_level_v1,SI-Drahi_17-d1-HOM-UHI-BHI-3cae609052,TK-PB-Drahi_17-d1-HOM-UHI-62618e628e-r1,SS-102adc95e052,5,4,lex_phase_4,OPTIMAL,FEASIBLE_POINT,355886.8548697632,355886.8548697632,0,798,798,1230,3407,24,0,24,120,24,1,0,0,NaN,0,NaN,5.968558980384842e-13,0.0,
1,6,DETERMINISTIC_RH,LEXMMFSA,shared_battery_mode_node_level_v1,SI-Drahi_17-d1-HOM-UHI-BHI-3cae609052,TK-PB-Drahi_17-d1-HOM-UHI-62618e628e-r1,SS-102adc95e052,5,5,lex_phase_5,OPTIMAL,FEASIBLE_POINT,444858.5685872042,444858.5685872042,0,798,798,1231,3413,24,0,24,120,24,1,0,0,NaN,0,NaN,5.968558980384842e-13,0.0,
1,6,DETERMINISTIC_RH,LEXMMFSA,shared_battery_mode_node_level_v1,SI-Drahi_17-d1-HOM-UHI-BHI-3cae609052,TK-PB-Drahi_17-d1-HOM-UHI-62618e628e-r1,SS-102adc95e052,5,6,economic_tie_break,OPTIMAL,FEASIBLE_POINT,682850.7072003664,682850.7072003664,0,798,798,1232,3419,24,0,24,120,24,1,0,0,NaN,0,NaN,5.968558980384842e-13,0.0,
1,7,DETERMINISTIC_RH,LEXMMFSA,shared_battery_mode_node_level_v1,SI-Drahi_17-d1-HOM-UHI-BHI-3cae609052,TK-PB-Drahi_17-d1-HOM-UHI-62618e628e-r1,SS-102adc95e052,5,1,lex_phase_1,OPTIMAL,FEASIBLE_POINT,88971.71371744081,88971.71371744081,0,798,798,1227,3389,24,0,24,120,24,1,0,0,NaN,0,NaN,5.115907697472721e-13,0.0,
1,7,DETERMINISTIC_RH,LEXMMFSA,shared_battery_mode_node_level_v1,SI-Drahi_17-d1-HOM-UHI-BHI-3cae609052,TK-PB-Drahi_17-d1-HOM-UHI-62618e628e-r1,SS-102adc95e052,5,2,lex_phase_2,OPTIMAL,FEASIBLE_POINT,177943.4274348816,177943.4274348816,0,798,798,1228,3395,24,0,24,120,24,1,0,0,NaN,0,NaN,5.115907697472721e-13,0.0,
1,7,DETERMINISTIC_RH,LEXMMFSA,shared_battery_mode_node_level_v1,SI-Drahi_17-d1-HOM-UHI-BHI-3cae609052,TK-PB-Drahi_17-d1-HOM-UHI-62618e628e-r1,SS-102adc95e052,5,3,lex_phase_3,OPTIMAL,FEASIBLE_POINT,266915.1411523224,266915.1411523224,0,798,798,1229,3401,24,0,24,120,24,1,0,0,NaN,0,NaN,5.115907697472721e-13,0.0,
1,7,DETERMINISTIC_RH,LEXMMFSA,shared_battery_mode_node_level_v1,SI-Drahi_17-d1-HOM-UHI-BHI-3cae609052,TK-PB-Drahi_17-d1-HOM-UHI-62618e628e-r1,SS-102adc95e052,5,4,lex_phase_4,OPTIMAL,FEASIBLE_POINT,355886.8548697632,355886.8548697632,0,798,798,1230,3407,24,0,24,120,24,1,0,0,NaN,0,NaN,5.115907697472721e-13,0.0,
1,7,DETERMINISTIC_RH,LEXMMFSA,shared_battery_mode_node_level_v1,SI-Drahi_17-d1-HOM-UHI-BHI-3cae609052,TK-PB-Drahi_17-d1-HOM-UHI-62618e628e-r1,SS-102adc95e052,5,5,lex_phase_5,OPTIMAL,FEASIBLE_POINT,444858.5685872042,444858.5685872042,0,798,798,1231,3413,24,0,24,120,24,1,0,0,NaN,0,NaN,5.115907697472721e-13,0.0,
1,7,DETERMINISTIC_RH,LEXMMFSA,shared_battery_mode_node_level_v1,SI-Drahi_17-d1-HOM-UHI-BHI-3cae609052,TK-PB-Drahi_17-d1-HOM-UHI-62618e628e-r1,SS-102adc95e052,5,6,economic_tie_break,OPTIMAL,FEASIBLE_POINT,682850.7072003664,682850.7072003664,0,798,798,1232,3419,24,0,24,120,24,1,0,0,NaN,0,NaN,5.115907697472721e-13,0.0,
1,8,DETERMINISTIC_RH,LEXMMFSA,shared_battery_mode_node_level_v1,SI-Drahi_17-d1-HOM-UHI-BHI-3cae609052,TK-PB-Drahi_17-d1-HOM-UHI-62618e628e-r1,SS-102adc95e052,5,1,lex_phase_1,OPTIMAL,FEASIBLE_POINT,88971.71371744081,88971.71371744081,0,798,798,1227,3389,24,0,24,120,24,1,0,0,NaN,0,NaN,1.2789769243681803e-12,0.0,
1,8,DETERMINISTIC_RH,LEXMMFSA,shared_battery_mode_node_level_v1,SI-Drahi_17-d1-HOM-UHI-BHI-3cae609052,TK-PB-Drahi_17-d1-HOM-UHI-62618e628e-r1,SS-102adc95e052,5,2,lex_phase_2,OPTIMAL,FEASIBLE_POINT,177943.4274348816,177943.4274348816,0,798,798,1228,3395,24,0,24,120,24,1,0,0,NaN,0,NaN,1.2789769243681803e-12,0.0,
1,8,DETERMINISTIC_RH,LEXMMFSA,shared_battery_mode_node_level_v1,SI-Drahi_17-d1-HOM-UHI-BHI-3cae609052,TK-PB-Drahi_17-d1-HOM-UHI-62618e628e-r1,SS-102adc95e052,5,3,lex_phase_3,OPTIMAL,FEASIBLE_POINT,266915.1411523224,266915.1411523224,0,798,798,1229,3401,24,0,24,120,24,1,0,0,NaN,0,NaN,1.2789769243681803e-12,0.0,
1,8,DETERMINISTIC_RH,LEXMMFSA,shared_battery_mode_node_level_v1,SI-Drahi_17-d1-HOM-UHI-BHI-3cae609052,TK-PB-Drahi_17-d1-HOM-UHI-62618e628e-r1,SS-102adc95e052,5,4,lex_phase_4,OPTIMAL,FEASIBLE_POINT,355886.8548697632,355886.8548697632,0,798,798,1230,3407,24,0,24,120,24,1,0,0,NaN,0,NaN,1.2789769243681803e-12,0.0,
1,8,DETERMINISTIC_RH,LEXMMFSA,shared_battery_mode_node_level_v1,SI-Drahi_17-d1-HOM-UHI-BHI-3cae609052,TK-PB-Drahi_17-d1-HOM-UHI-62618e628e-r1,SS-102adc95e052,5,5,lex_phase_5,OPTIMAL,FEASIBLE_POINT,444858.5685872042,444858.5685872042,0,798,798,1231,3413,24,0,24,120,24,1,0,0,NaN,0,NaN,1.2789769243681803e-12,0.0,
1,8,DETERMINISTIC_RH,LEXMMFSA,shared_battery_mode_node_level_v1,SI-Drahi_17-d1-HOM-UHI-BHI-3cae609052,TK-PB-Drahi_17-d1-HOM-UHI-62618e628e-r1,SS-102adc95e052,5,6,economic_tie_break,OPTIMAL,FEASIBLE_POINT,682850.7072003664,682850.7072003664,0,798,798,1232,3419,24,0,24,120,24,1,0,0,NaN,0,NaN,1.2789769243681803e-12,0.0,
1,9,DETERMINISTIC_RH,LEXMMFSA,shared_battery_mode_node_level_v1,SI-Drahi_17-d1-HOM-UHI-BHI-3cae609052,TK-PB-Drahi_17-d1-HOM-UHI-62618e628e-r1,SS-19da242d4543,9,1,lex_phase_1,OPTIMAL,FEASIBLE_POINT,72085.71986563609,72085.71986563609,0,798,798,1227,3389,24,0,24,120,24,1,0,0,NaN,0,NaN,1.4210854715202004e-14,2.9103830456733704e-11,
1,9,DETERMINISTIC_RH,LEXMMFSA,shared_battery_mode_node_level_v1,SI-Drahi_17-d1-HOM-UHI-BHI-3cae609052,TK-PB-Drahi_17-d1-HOM-UHI-62618e628e-r1,SS-19da242d4543,9,2,lex_phase_2,OPTIMAL,FEASIBLE_POINT,144171.43973127214,144171.43973127214,0,798,798,1228,3395,24,0,24,120,24,1,0,0,NaN,0,NaN,1.4210854715202004e-14,2.9103830456733704e-11,
1,9,DETERMINISTIC_RH,LEXMMFSA,shared_battery_mode_node_level_v1,SI-Drahi_17-d1-HOM-UHI-BHI-3cae609052,TK-PB-Drahi_17-d1-HOM-UHI-62618e628e-r1,SS-19da242d4543,9,3,lex_phase_3,OPTIMAL,FEASIBLE_POINT,216257.1595969082,216257.1595969082,0,798,798,1229,3401,24,0,24,120,24,1,0,0,NaN,0,NaN,1.4210854715202004e-14,2.9103830456733704e-11,
1,9,DETERMINISTIC_RH,LEXMMFSA,shared_battery_mode_node_level_v1,SI-Drahi_17-d1-HOM-UHI-BHI-3cae609052,TK-PB-Drahi_17-d1-HOM-UHI-62618e628e-r1,SS-19da242d4543,9,4,lex_phase_4,OPTIMAL,FEASIBLE_POINT,288342.8794625443,288342.8794625443,0,798,798,1230,3407,24,0,24,120,24,1,0,0,NaN,0,NaN,1.4210854715202004e-14,2.9103830456733704e-11,
1,9,DETERMINISTIC_RH,LEXMMFSA,shared_battery_mode_node_level_v1,SI-Drahi_17-d1-HOM-UHI-BHI-3cae609052,TK-PB-Drahi_17-d1-HOM-UHI-62618e628e-r1,SS-19da242d4543,9,5,lex_phase_5,OPTIMAL,FEASIBLE_POINT,360428.59932818037,360428.59932818037,0,798,798,1231,3413,24,0,24,120,24,1,0,0,NaN,0,NaN,1.4210854715202004e-14,2.9103830456733704e-11,
1,9,DETERMINISTIC_RH,LEXMMFSA,shared_battery_mode_node_level_v1,SI-Drahi_17-d1-HOM-UHI-BHI-3cae609052,TK-PB-Drahi_17-d1-HOM-UHI-62618e628e-r1,SS-19da242d4543,9,6,economic_tie_break,OPTIMAL,FEASIBLE_POINT,727763.7569541298,727763.7569541298,0,798,798,1232,3419,24,0,24,120,24,1,0,0,NaN,0,NaN,1.4210854715202004e-14,2.9103830456733704e-11,
1,10,DETERMINISTIC_RH,LEXMMFSA,shared_battery_mode_node_level_v1,SI-Drahi_17-d1-HOM-UHI-BHI-3cae609052,TK-PB-Drahi_17-d1-HOM-UHI-62618e628e-r1,SS-19da242d4543,9,1,lex_phase_1,OPTIMAL,FEASIBLE_POINT,72085.71986563609,72085.71986563609,0,798,798,1227,3389,24,0,24,120,24,1,0,0,NaN,0,NaN,7.974731985882499e-13,2.9103830456733704e-11,
1,10,DETERMINISTIC_RH,LEXMMFSA,shared_battery_mode_node_level_v1,SI-Drahi_17-d1-HOM-UHI-BHI-3cae609052,TK-PB-Drahi_17-d1-HOM-UHI-62618e628e-r1,SS-19da242d4543,9,2,lex_phase_2,OPTIMAL,FEASIBLE_POINT,144171.43973127214,144171.43973127214,0,798,798,1228,3395,24,0,24,120,24,1,0,0,NaN,0,NaN,7.974731985882499e-13,2.9103830456733704e-11,
1,10,DETERMINISTIC_RH,LEXMMFSA,shared_battery_mode_node_level_v1,SI-Drahi_17-d1-HOM-UHI-BHI-3cae609052,TK-PB-Drahi_17-d1-HOM-UHI-62618e628e-r1,SS-19da242d4543,9,3,lex_phase_3,OPTIMAL,FEASIBLE_POINT,216257.1595969082,216257.1595969082,0,798,798,1229,3401,24,0,24,120,24,1,0,0,NaN,0,NaN,7.974731985882499e-13,2.9103830456733704e-11,
1,10,DETERMINISTIC_RH,LEXMMFSA,shared_battery_mode_node_level_v1,SI-Drahi_17-d1-HOM-UHI-BHI-3cae609052,TK-PB-Drahi_17-d1-HOM-UHI-62618e628e-r1,SS-19da242d4543,9,4,lex_phase_4,OPTIMAL,FEASIBLE_POINT,288342.8794625443,288342.8794625443,0,798,798,1230,3407,24,0,24,120,24,1,0,0,NaN,0,NaN,7.974731985882499e-13,2.9103830456733704e-11,
1,10,DETERMINISTIC_RH,LEXMMFSA,shared_battery_mode_node_level_v1,SI-Drahi_17-d1-HOM-UHI-BHI-3cae609052,TK-PB-Drahi_17-d1-HOM-UHI-62618e628e-r1,SS-19da242d4543,9,5,lex_phase_5,OPTIMAL,FEASIBLE_POINT,360428.59932818037,360428.59932818037,0,798,798,1231,3413,24,0,24,120,24,1,0,0,NaN,0,NaN,7.974731985882499e-13,2.9103830456733704e-11,
1,10,DETERMINISTIC_RH,LEXMMFSA,shared_battery_mode_node_level_v1,SI-Drahi_17-d1-HOM-UHI-BHI-3cae609052,TK-PB-Drahi_17-d1-HOM-UHI-62618e628e-r1,SS-19da242d4543,9,6,economic_tie_break,OPTIMAL,FEASIBLE_POINT,727763.7569541298,727763.7569541298,0,798,798,1232,3419,24,0,24,120,24,1,0,0,NaN,0,NaN,7.974731985882499e-13,2.9103830456733704e-11,
1,11,DETERMINISTIC_RH,LEXMMFSA,shared_battery_mode_node_level_v1,SI-Drahi_17-d1-HOM-UHI-BHI-3cae609052,TK-PB-Drahi_17-d1-HOM-UHI-62618e628e-r1,SS-19da242d4543,9,1,lex_phase_1,OPTIMAL,FEASIBLE_POINT,72085.71986563609,72085.71986563609,0,798,798,1227,3389,24,0,24,120,24,1,0,0,NaN,0,NaN,3.126388037344441e-13,2.9103830456733704e-11,
1,11,DETERMINISTIC_RH,LEXMMFSA,shared_battery_mode_node_level_v1,SI-Drahi_17-d1-HOM-UHI-BHI-3cae609052,TK-PB-Drahi_17-d1-HOM-UHI-62618e628e-r1,SS-19da242d4543,9,2,lex_phase_2,OPTIMAL,FEASIBLE_POINT,144171.43973127214,144171.43973127214,0,798,798,1228,3395,24,0,24,120,24,1,0,0,NaN,0,NaN,3.126388037344441e-13,2.9103830456733704e-11,
1,11,DETERMINISTIC_RH,LEXMMFSA,shared_battery_mode_node_level_v1,SI-Drahi_17-d1-HOM-UHI-BHI-3cae609052,TK-PB-Drahi_17-d1-HOM-UHI-62618e628e-r1,SS-19da242d4543,9,3,lex_phase_3,OPTIMAL,FEASIBLE_POINT,216257.1595969082,216257.1595969082,0,798,798,1229,3401,24,0,24,120,24,1,0,0,NaN,0,NaN,3.126388037344441e-13,2.9103830456733704e-11,
1,11,DETERMINISTIC_RH,LEXMMFSA,shared_battery_mode_node_level_v1,SI-Drahi_17-d1-HOM-UHI-BHI-3cae609052,TK-PB-Drahi_17-d1-HOM-UHI-62618e628e-r1,SS-19da242d4543,9,4,lex_phase_4,OPTIMAL,FEASIBLE_POINT,288342.8794625443,288342.8794625443,0,798,798,1230,3407,24,0,24,120,24,1,0,0,NaN,0,NaN,3.126388037344441e-13,2.9103830456733704e-11,
1,11,DETERMINISTIC_RH,LEXMMFSA,shared_battery_mode_node_level_v1,SI-Drahi_17-d1-HOM-UHI-BHI-3cae609052,TK-PB-Drahi_17-d1-HOM-UHI-62618e628e-r1,SS-19da242d4543,9,5,lex_phase_5,OPTIMAL,FEASIBLE_POINT,360428.59932818037,360428.59932818037,0,798,798,1231,3413,24,0,24,120,24,1,0,0,NaN,0,NaN,3.126388037344441e-13,2.9103830456733704e-11,
1,11,DETERMINISTIC_RH,LEXMMFSA,shared_battery_mode_node_level_v1,SI-Drahi_17-d1-HOM-UHI-BHI-3cae609052,TK-PB-Drahi_17-d1-HOM-UHI-62618e628e-r1,SS-19da242d4543,9,6,economic_tie_break,OPTIMAL,FEASIBLE_POINT,727763.7569541298,727763.7569541298,0,798,798,1232,3419,24,0,24,120,24,1,0,0,NaN,0,NaN,3.126388037344441e-13,2.9103830456733704e-11,
1,12,DETERMINISTIC_RH,LEXMMFSA,shared_battery_mode_node_level_v1,SI-Drahi_17-d1-HOM-UHI-BHI-3cae609052,TK-PB-Drahi_17-d1-HOM-UHI-62618e628e-r1,SS-19da242d4543,9,1,lex_phase_1,OPTIMAL,FEASIBLE_POINT,72085.71986563609,72085.71986563609,0,798,798,1227,3389,24,0,24,120,24,1,0,0,NaN,0,NaN,2.2737367544323206e-13,2.9103830456733704e-11,
1,12,DETERMINISTIC_RH,LEXMMFSA,shared_battery_mode_node_level_v1,SI-Drahi_17-d1-HOM-UHI-BHI-3cae609052,TK-PB-Drahi_17-d1-HOM-UHI-62618e628e-r1,SS-19da242d4543,9,2,lex_phase_2,OPTIMAL,FEASIBLE_POINT,144171.43973127214,144171.43973127214,0,798,798,1228,3395,24,0,24,120,24,1,0,0,NaN,0,NaN,2.2737367544323206e-13,2.9103830456733704e-11,
1,12,DETERMINISTIC_RH,LEXMMFSA,shared_battery_mode_node_level_v1,SI-Drahi_17-d1-HOM-UHI-BHI-3cae609052,TK-PB-Drahi_17-d1-HOM-UHI-62618e628e-r1,SS-19da242d4543,9,3,lex_phase_3,OPTIMAL,FEASIBLE_POINT,216257.1595969082,216257.1595969082,0,798,798,1229,3401,24,0,24,120,24,1,0,0,NaN,0,NaN,2.2737367544323206e-13,2.9103830456733704e-11,
1,12,DETERMINISTIC_RH,LEXMMFSA,shared_battery_mode_node_level_v1,SI-Drahi_17-d1-HOM-UHI-BHI-3cae609052,TK-PB-Drahi_17-d1-HOM-UHI-62618e628e-r1,SS-19da242d4543,9,4,lex_phase_4,OPTIMAL,FEASIBLE_POINT,288342.8794625443,288342.8794625443,0,798,798,1230,3407,24,0,24,120,24,1,0,0,NaN,0,NaN,2.2737367544323206e-13,2.9103830456733704e-11,
1,12,DETERMINISTIC_RH,LEXMMFSA,shared_battery_mode_node_level_v1,SI-Drahi_17-d1-HOM-UHI-BHI-3cae609052,TK-PB-Drahi_17-d1-HOM-UHI-62618e628e-r1,SS-19da242d4543,9,5,lex_phase_5,OPTIMAL,FEASIBLE_POINT,360428.59932818037,360428.59932818037,0,798,798,1231,3413,24,0,24,120,24,1,0,0,NaN,0,NaN,2.2737367544323206e-13,2.9103830456733704e-11,
1,12,DETERMINISTIC_RH,LEXMMFSA,shared_battery_mode_node_level_v1,SI-Drahi_17-d1-HOM-UHI-BHI-3cae609052,TK-PB-Drahi_17-d1-HOM-UHI-62618e628e-r1,SS-19da242d4543,9,6,economic_tie_break,OPTIMAL,FEASIBLE_POINT,727763.7569541298,727763.7569541298,0,798,798,1232,3419,24,0,24,120,24,1,0,0,NaN,0,NaN,2.2737367544323206e-13,2.9103830456733704e-11,
1,13,DETERMINISTIC_RH,LEXMMFSA,shared_battery_mode_node_level_v1,SI-Drahi_17-d1-HOM-UHI-BHI-3cae609052,TK-PB-Drahi_17-d1-HOM-UHI-62618e628e-r1,SS-354317d12b7f,13,1,lex_phase_1,OPTIMAL,FEASIBLE_POINT,95897.8191788616,95897.8191788616,0,798,798,1227,3389,24,0,24,120,24,1,0,0,NaN,0,NaN,2.842170943040401e-14,5.820766091346741e-11,
1,13,DETERMINISTIC_RH,LEXMMFSA,shared_battery_mode_node_level_v1,SI-Drahi_17-d1-HOM-UHI-BHI-3cae609052,TK-PB-Drahi_17-d1-HOM-UHI-62618e628e-r1,SS-354317d12b7f,13,2,lex_phase_2,OPTIMAL,FEASIBLE_POINT,191795.6383577232,191795.6383577232,0,798,798,1228,3395,24,0,24,120,24,1,0,0,NaN,0,NaN,2.842170943040401e-14,5.820766091346741e-11,
1,13,DETERMINISTIC_RH,LEXMMFSA,shared_battery_mode_node_level_v1,SI-Drahi_17-d1-HOM-UHI-BHI-3cae609052,TK-PB-Drahi_17-d1-HOM-UHI-62618e628e-r1,SS-354317d12b7f,13,3,lex_phase_3,OPTIMAL,FEASIBLE_POINT,287693.4575365848,287693.4575365848,0,798,798,1229,3401,24,0,24,120,24,1,0,0,NaN,0,NaN,2.842170943040401e-14,5.820766091346741e-11,
1,13,DETERMINISTIC_RH,LEXMMFSA,shared_battery_mode_node_level_v1,SI-Drahi_17-d1-HOM-UHI-BHI-3cae609052,TK-PB-Drahi_17-d1-HOM-UHI-62618e628e-r1,SS-354317d12b7f,13,4,lex_phase_4,OPTIMAL,FEASIBLE_POINT,383591.2767154464,383591.2767154464,0,798,798,1230,3407,24,0,24,120,24,1,0,0,NaN,0,NaN,2.842170943040401e-14,5.820766091346741e-11,
1,13,DETERMINISTIC_RH,LEXMMFSA,shared_battery_mode_node_level_v1,SI-Drahi_17-d1-HOM-UHI-BHI-3cae609052,TK-PB-Drahi_17-d1-HOM-UHI-62618e628e-r1,SS-354317d12b7f,13,5,lex_phase_5,OPTIMAL,FEASIBLE_POINT,479489.09589430795,479489.09589430795,0,798,798,1231,3413,24,0,24,120,24,1,0,0,NaN,0,NaN,2.842170943040401e-14,5.820766091346741e-11,
1,13,DETERMINISTIC_RH,LEXMMFSA,shared_battery_mode_node_level_v1,SI-Drahi_17-d1-HOM-UHI-BHI-3cae609052,TK-PB-Drahi_17-d1-HOM-UHI-62618e628e-r1,SS-354317d12b7f,13,6,economic_tie_break,OPTIMAL,FEASIBLE_POINT,725999.5418485701,725999.5418485701,0,798,798,1232,3419,24,0,24,120,24,1,0,0,NaN,0,NaN,2.842170943040401e-14,5.820766091346741e-11,
1,14,DETERMINISTIC_RH,LEXMMFSA,shared_battery_mode_node_level_v1,SI-Drahi_17-d1-HOM-UHI-BHI-3cae609052,TK-PB-Drahi_17-d1-HOM-UHI-62618e628e-r1,SS-354317d12b7f,13,1,lex_phase_1,OPTIMAL,FEASIBLE_POINT,95897.8191788616,95897.8191788616,0,798,798,1227,3389,24,0,24,120,24,1,0,0,NaN,0,NaN,3.694822225952521e-13,5.820766091346741e-11,
1,14,DETERMINISTIC_RH,LEXMMFSA,shared_battery_mode_node_level_v1,SI-Drahi_17-d1-HOM-UHI-BHI-3cae609052,TK-PB-Drahi_17-d1-HOM-UHI-62618e628e-r1,SS-354317d12b7f,13,2,lex_phase_2,OPTIMAL,FEASIBLE_POINT,191795.6383577232,191795.6383577232,0,798,798,1228,3395,24,0,24,120,24,1,0,0,NaN,0,NaN,3.694822225952521e-13,5.820766091346741e-11,
1,14,DETERMINISTIC_RH,LEXMMFSA,shared_battery_mode_node_level_v1,SI-Drahi_17-d1-HOM-UHI-BHI-3cae609052,TK-PB-Drahi_17-d1-HOM-UHI-62618e628e-r1,SS-354317d12b7f,13,3,lex_phase_3,OPTIMAL,FEASIBLE_POINT,287693.4575365848,287693.4575365848,0,798,798,1229,3401,24,0,24,120,24,1,0,0,NaN,0,NaN,3.694822225952521e-13,5.820766091346741e-11,
1,14,DETERMINISTIC_RH,LEXMMFSA,shared_battery_mode_node_level_v1,SI-Drahi_17-d1-HOM-UHI-BHI-3cae609052,TK-PB-Drahi_17-d1-HOM-UHI-62618e628e-r1,SS-354317d12b7f,13,4,lex_phase_4,OPTIMAL,FEASIBLE_POINT,383591.2767154464,383591.2767154464,0,798,798,1230,3407,24,0,24,120,24,1,0,0,NaN,0,NaN,3.694822225952521e-13,5.820766091346741e-11,
1,14,DETERMINISTIC_RH,LEXMMFSA,shared_battery_mode_node_level_v1,SI-Drahi_17-d1-HOM-UHI-BHI-3cae609052,TK-PB-Drahi_17-d1-HOM-UHI-62618e628e-r1,SS-354317d12b7f,13,5,lex_phase_5,OPTIMAL,FEASIBLE_POINT,479489.09589430795,479489.09589430795,0,798,798,1231,3413,24,0,24,120,24,1,0,0,NaN,0,NaN,3.694822225952521e-13,5.820766091346741e-11,
1,14,DETERMINISTIC_RH,LEXMMFSA,shared_battery_mode_node_level_v1,SI-Drahi_17-d1-HOM-UHI-BHI-3cae609052,TK-PB-Drahi_17-d1-HOM-UHI-62618e628e-r1,SS-354317d12b7f,13,6,economic_tie_break,OPTIMAL,FEASIBLE_POINT,725999.5418485701,725999.5418485701,0,798,798,1232,3419,24,0,24,120,24,1,0,0,NaN,0,NaN,3.694822225952521e-13,5.820766091346741e-11,
1,15,DETERMINISTIC_RH,LEXMMFSA,shared_battery_mode_node_level_v1,SI-Drahi_17-d1-HOM-UHI-BHI-3cae609052,TK-PB-Drahi_17-d1-HOM-UHI-62618e628e-r1,SS-354317d12b7f,13,1,lex_phase_1,OPTIMAL,FEASIBLE_POINT,95897.8191788616,95897.8191788616,0,798,798,1227,3389,24,0,24,120,24,1,0,0,NaN,0,NaN,2.7000623958883807e-13,5.820766091346741e-11,
1,15,DETERMINISTIC_RH,LEXMMFSA,shared_battery_mode_node_level_v1,SI-Drahi_17-d1-HOM-UHI-BHI-3cae609052,TK-PB-Drahi_17-d1-HOM-UHI-62618e628e-r1,SS-354317d12b7f,13,2,lex_phase_2,OPTIMAL,FEASIBLE_POINT,191795.6383577232,191795.6383577232,0,798,798,1228,3395,24,0,24,120,24,1,0,0,NaN,0,NaN,2.7000623958883807e-13,5.820766091346741e-11,
1,15,DETERMINISTIC_RH,LEXMMFSA,shared_battery_mode_node_level_v1,SI-Drahi_17-d1-HOM-UHI-BHI-3cae609052,TK-PB-Drahi_17-d1-HOM-UHI-62618e628e-r1,SS-354317d12b7f,13,3,lex_phase_3,OPTIMAL,FEASIBLE_POINT,287693.4575365848,287693.4575365848,0,798,798,1229,3401,24,0,24,120,24,1,0,0,NaN,0,NaN,2.7000623958883807e-13,5.820766091346741e-11,
1,15,DETERMINISTIC_RH,LEXMMFSA,shared_battery_mode_node_level_v1,SI-Drahi_17-d1-HOM-UHI-BHI-3cae609052,TK-PB-Drahi_17-d1-HOM-UHI-62618e628e-r1,SS-354317d12b7f,13,4,lex_phase_4,OPTIMAL,FEASIBLE_POINT,383591.2767154464,383591.2767154464,0,798,798,1230,3407,24,0,24,120,24,1,0,0,NaN,0,NaN,2.7000623958883807e-13,5.820766091346741e-11,
1,15,DETERMINISTIC_RH,LEXMMFSA,shared_battery_mode_node_level_v1,SI-Drahi_17-d1-HOM-UHI-BHI-3cae609052,TK-PB-Drahi_17-d1-HOM-UHI-62618e628e-r1,SS-354317d12b7f,13,5,lex_phase_5,OPTIMAL,FEASIBLE_POINT,479489.09589430795,479489.09589430795,0,798,798,1231,3413,24,0,24,120,24,1,0,0,NaN,0,NaN,2.7000623958883807e-13,5.820766091346741e-11,
1,15,DETERMINISTIC_RH,LEXMMFSA,shared_battery_mode_node_level_v1,SI-Drahi_17-d1-HOM-UHI-BHI-3cae609052,TK-PB-Drahi_17-d1-HOM-UHI-62618e628e-r1,SS-354317d12b7f,13,6,economic_tie_break,OPTIMAL,FEASIBLE_POINT,725999.5418485701,725999.5418485701,0,798,798,1232,3419,24,0,24,120,24,1,0,0,NaN,0,NaN,2.7000623958883807e-13,5.820766091346741e-11,
1,16,DETERMINISTIC_RH,LEXMMFSA,shared_battery_mode_node_level_v1,SI-Drahi_17-d1-HOM-UHI-BHI-3cae609052,TK-PB-Drahi_17-d1-HOM-UHI-62618e628e-r1,SS-354317d12b7f,13,1,lex_phase_1,OPTIMAL,FEASIBLE_POINT,95897.8191788616,95897.8191788616,0,798,798,1227,3389,24,0,24,120,24,1,0,0,NaN,0,NaN,1.3500311979441904e-13,5.820766091346741e-11,
1,16,DETERMINISTIC_RH,LEXMMFSA,shared_battery_mode_node_level_v1,SI-Drahi_17-d1-HOM-UHI-BHI-3cae609052,TK-PB-Drahi_17-d1-HOM-UHI-62618e628e-r1,SS-354317d12b7f,13,2,lex_phase_2,OPTIMAL,FEASIBLE_POINT,191795.6383577232,191795.6383577232,0,798,798,1228,3395,24,0,24,120,24,1,0,0,NaN,0,NaN,1.3500311979441904e-13,5.820766091346741e-11,
1,16,DETERMINISTIC_RH,LEXMMFSA,shared_battery_mode_node_level_v1,SI-Drahi_17-d1-HOM-UHI-BHI-3cae609052,TK-PB-Drahi_17-d1-HOM-UHI-62618e628e-r1,SS-354317d12b7f,13,3,lex_phase_3,OPTIMAL,FEASIBLE_POINT,287693.4575365848,287693.4575365848,0,798,798,1229,3401,24,0,24,120,24,1,0,0,NaN,0,NaN,1.3500311979441904e-13,5.820766091346741e-11,
1,16,DETERMINISTIC_RH,LEXMMFSA,shared_battery_mode_node_level_v1,SI-Drahi_17-d1-HOM-UHI-BHI-3cae609052,TK-PB-Drahi_17-d1-HOM-UHI-62618e628e-r1,SS-354317d12b7f,13,4,lex_phase_4,OPTIMAL,FEASIBLE_POINT,383591.2767154464,383591.2767154464,0,798,798,1230,3407,24,0,24,120,24,1,0,0,NaN,0,NaN,1.3500311979441904e-13,5.820766091346741e-11,
1,16,DETERMINISTIC_RH,LEXMMFSA,shared_battery_mode_node_level_v1,SI-Drahi_17-d1-HOM-UHI-BHI-3cae609052,TK-PB-Drahi_17-d1-HOM-UHI-62618e628e-r1,SS-354317d12b7f,13,5,lex_phase_5,OPTIMAL,FEASIBLE_POINT,479489.09589430795,479489.09589430795,0,798,798,1231,3413,24,0,24,120,24,1,0,0,NaN,0,NaN,1.3500311979441904e-13,5.820766091346741e-11,
1,16,DETERMINISTIC_RH,LEXMMFSA,shared_battery_mode_node_level_v1,SI-Drahi_17-d1-HOM-UHI-BHI-3cae609052,TK-PB-Drahi_17-d1-HOM-UHI-62618e628e-r1,SS-354317d12b7f,13,6,economic_tie_break,OPTIMAL,FEASIBLE_POINT,725999.5418485701,725999.5418485701,0,798,798,1232,3419,24,0,24,120,24,1,0,0,NaN,0,NaN,1.3500311979441904e-13,5.820766091346741e-11,
1,17,DETERMINISTIC_RH,LEXMMFSA,shared_battery_mode_node_level_v1,SI-Drahi_17-d1-HOM-UHI-BHI-3cae609052,TK-PB-Drahi_17-d1-HOM-UHI-62618e628e-r1,SS-c81930d9c8ba,17,1,lex_phase_1,OPTIMAL,FEASIBLE_POINT,110285.17451200119,110285.17451200119,0,798,798,1227,3389,24,0,24,120,24,1,0,0,NaN,0,NaN,7.105427357601002e-15,0.0,
1,17,DETERMINISTIC_RH,LEXMMFSA,shared_battery_mode_node_level_v1,SI-Drahi_17-d1-HOM-UHI-BHI-3cae609052,TK-PB-Drahi_17-d1-HOM-UHI-62618e628e-r1,SS-c81930d9c8ba,17,2,lex_phase_2,OPTIMAL,FEASIBLE_POINT,220570.3490240024,220570.3490240024,0,798,798,1228,3395,24,0,24,120,24,1,0,0,NaN,0,NaN,7.105427357601002e-15,0.0,
1,17,DETERMINISTIC_RH,LEXMMFSA,shared_battery_mode_node_level_v1,SI-Drahi_17-d1-HOM-UHI-BHI-3cae609052,TK-PB-Drahi_17-d1-HOM-UHI-62618e628e-r1,SS-c81930d9c8ba,17,3,lex_phase_3,OPTIMAL,FEASIBLE_POINT,330855.5235360036,330855.5235360036,0,798,798,1229,3401,24,0,24,120,24,1,0,0,NaN,0,NaN,7.105427357601002e-15,0.0,
1,17,DETERMINISTIC_RH,LEXMMFSA,shared_battery_mode_node_level_v1,SI-Drahi_17-d1-HOM-UHI-BHI-3cae609052,TK-PB-Drahi_17-d1-HOM-UHI-62618e628e-r1,SS-c81930d9c8ba,17,4,lex_phase_4,OPTIMAL,FEASIBLE_POINT,441140.6980480048,441140.6980480048,0,798,798,1230,3407,24,0,24,120,24,1,0,0,NaN,0,NaN,7.105427357601002e-15,0.0,
1,17,DETERMINISTIC_RH,LEXMMFSA,shared_battery_mode_node_level_v1,SI-Drahi_17-d1-HOM-UHI-BHI-3cae609052,TK-PB-Drahi_17-d1-HOM-UHI-62618e628e-r1,SS-c81930d9c8ba,17,5,lex_phase_5,OPTIMAL,FEASIBLE_POINT,551425.8725600061,551425.8725600061,0,798,798,1231,3413,24,0,24,120,24,1,0,0,NaN,0,NaN,7.105427357601002e-15,0.0,
1,17,DETERMINISTIC_RH,LEXMMFSA,shared_battery_mode_node_level_v1,SI-Drahi_17-d1-HOM-UHI-BHI-3cae609052,TK-PB-Drahi_17-d1-HOM-UHI-62618e628e-r1,SS-c81930d9c8ba,17,6,economic_tie_break,OPTIMAL,FEASIBLE_POINT,723991.2150451336,723991.2150451336,0,798,798,1232,3419,24,0,24,120,24,1,0,0,NaN,0,NaN,7.105427357601002e-15,0.0,
1,18,DETERMINISTIC_RH,LEXMMFSA,shared_battery_mode_node_level_v1,SI-Drahi_17-d1-HOM-UHI-BHI-3cae609052,TK-PB-Drahi_17-d1-HOM-UHI-62618e628e-r1,SS-c81930d9c8ba,17,1,lex_phase_1,OPTIMAL,FEASIBLE_POINT,110285.17451200119,110285.17451200119,0,798,798,1227,3389,24,0,24,120,24,1,0,0,NaN,0,NaN,1.9317880628477724e-14,0.0,
1,18,DETERMINISTIC_RH,LEXMMFSA,shared_battery_mode_node_level_v1,SI-Drahi_17-d1-HOM-UHI-BHI-3cae609052,TK-PB-Drahi_17-d1-HOM-UHI-62618e628e-r1,SS-c81930d9c8ba,17,2,lex_phase_2,OPTIMAL,FEASIBLE_POINT,220570.3490240024,220570.3490240024,0,798,798,1228,3395,24,0,24,120,24,1,0,0,NaN,0,NaN,1.9317880628477724e-14,0.0,
1,18,DETERMINISTIC_RH,LEXMMFSA,shared_battery_mode_node_level_v1,SI-Drahi_17-d1-HOM-UHI-BHI-3cae609052,TK-PB-Drahi_17-d1-HOM-UHI-62618e628e-r1,SS-c81930d9c8ba,17,3,lex_phase_3,OPTIMAL,FEASIBLE_POINT,330855.5235360036,330855.5235360036,0,798,798,1229,3401,24,0,24,120,24,1,0,0,NaN,0,NaN,1.9317880628477724e-14,0.0,
1,18,DETERMINISTIC_RH,LEXMMFSA,shared_battery_mode_node_level_v1,SI-Drahi_17-d1-HOM-UHI-BHI-3cae609052,TK-PB-Drahi_17-d1-HOM-UHI-62618e628e-r1,SS-c81930d9c8ba,17,4,lex_phase_4,OPTIMAL,FEASIBLE_POINT,441140.6980480048,441140.6980480048,0,798,798,1230,3407,24,0,24,120,24,1,0,0,NaN,0,NaN,1.9317880628477724e-14,0.0,
1,18,DETERMINISTIC_RH,LEXMMFSA,shared_battery_mode_node_level_v1,SI-Drahi_17-d1-HOM-UHI-BHI-3cae609052,TK-PB-Drahi_17-d1-HOM-UHI-62618e628e-r1,SS-c81930d9c8ba,17,5,lex_phase_5,OPTIMAL,FEASIBLE_POINT,551425.8725600061,551425.8725600061,0,798,798,1231,3413,24,0,24,120,24,1,0,0,NaN,0,NaN,1.9317880628477724e-14,0.0,
1,18,DETERMINISTIC_RH,LEXMMFSA,shared_battery_mode_node_level_v1,SI-Drahi_17-d1-HOM-UHI-BHI-3cae609052,TK-PB-Drahi_17-d1-HOM-UHI-62618e628e-r1,SS-c81930d9c8ba,17,6,economic_tie_break,OPTIMAL,FEASIBLE_POINT,723991.2150451336,723991.2150451336,0,798,798,1232,3419,24,0,24,120,24,1,0,0,NaN,0,NaN,1.9317880628477724e-14,0.0,
1,19,DETERMINISTIC_RH,LEXMMFSA,shared_battery_mode_node_level_v1,SI-Drahi_17-d1-HOM-UHI-BHI-3cae609052,TK-PB-Drahi_17-d1-HOM-UHI-62618e628e-r1,SS-c81930d9c8ba,17,1,lex_phase_1,OPTIMAL,FEASIBLE_POINT,110285.17451200119,110285.17451200119,0,798,798,1227,3389,24,0,24,120,24,1,0,0,NaN,0,NaN,2.2898349882893854e-15,0.0,
1,19,DETERMINISTIC_RH,LEXMMFSA,shared_battery_mode_node_level_v1,SI-Drahi_17-d1-HOM-UHI-BHI-3cae609052,TK-PB-Drahi_17-d1-HOM-UHI-62618e628e-r1,SS-c81930d9c8ba,17,2,lex_phase_2,OPTIMAL,FEASIBLE_POINT,220570.3490240024,220570.3490240024,0,798,798,1228,3395,24,0,24,120,24,1,0,0,NaN,0,NaN,2.2898349882893854e-15,0.0,
1,19,DETERMINISTIC_RH,LEXMMFSA,shared_battery_mode_node_level_v1,SI-Drahi_17-d1-HOM-UHI-BHI-3cae609052,TK-PB-Drahi_17-d1-HOM-UHI-62618e628e-r1,SS-c81930d9c8ba,17,3,lex_phase_3,OPTIMAL,FEASIBLE_POINT,330855.5235360036,330855.5235360036,0,798,798,1229,3401,24,0,24,120,24,1,0,0,NaN,0,NaN,2.2898349882893854e-15,0.0,
1,19,DETERMINISTIC_RH,LEXMMFSA,shared_battery_mode_node_level_v1,SI-Drahi_17-d1-HOM-UHI-BHI-3cae609052,TK-PB-Drahi_17-d1-HOM-UHI-62618e628e-r1,SS-c81930d9c8ba,17,4,lex_phase_4,OPTIMAL,FEASIBLE_POINT,441140.6980480048,441140.6980480048,0,798,798,1230,3407,24,0,24,120,24,1,0,0,NaN,0,NaN,2.2898349882893854e-15,0.0,
1,19,DETERMINISTIC_RH,LEXMMFSA,shared_battery_mode_node_level_v1,SI-Drahi_17-d1-HOM-UHI-BHI-3cae609052,TK-PB-Drahi_17-d1-HOM-UHI-62618e628e-r1,SS-c81930d9c8ba,17,5,lex_phase_5,OPTIMAL,FEASIBLE_POINT,551425.8725600061,551425.8725600061,0,798,798,1231,3413,24,0,24,120,24,1,0,0,NaN,0,NaN,2.2898349882893854e-15,0.0,
1,19,DETERMINISTIC_RH,LEXMMFSA,shared_battery_mode_node_level_v1,SI-Drahi_17-d1-HOM-UHI-BHI-3cae609052,TK-PB-Drahi_17-d1-HOM-UHI-62618e628e-r1,SS-c81930d9c8ba,17,6,economic_tie_break,OPTIMAL,FEASIBLE_POINT,723991.2150451336,723991.2150451336,0,798,798,1232,3419,24,0,24,120,24,1,0,0,NaN,0,NaN,2.2898349882893854e-15,0.0,
1,20,DETERMINISTIC_RH,LEXMMFSA,shared_battery_mode_node_level_v1,SI-Drahi_17-d1-HOM-UHI-BHI-3cae609052,TK-PB-Drahi_17-d1-HOM-UHI-62618e628e-r1,SS-c81930d9c8ba,17,1,lex_phase_1,OPTIMAL,FEASIBLE_POINT,110285.17451200119,110285.17451200119,0,798,798,1227,3389,24,0,24,120,24,1,0,0,NaN,0,NaN,0.0,0.0,
1,20,DETERMINISTIC_RH,LEXMMFSA,shared_battery_mode_node_level_v1,SI-Drahi_17-d1-HOM-UHI-BHI-3cae609052,TK-PB-Drahi_17-d1-HOM-UHI-62618e628e-r1,SS-c81930d9c8ba,17,2,lex_phase_2,OPTIMAL,FEASIBLE_POINT,220570.3490240024,220570.3490240024,0,798,798,1228,3395,24,0,24,120,24,1,0,0,NaN,0,NaN,0.0,0.0,
1,20,DETERMINISTIC_RH,LEXMMFSA,shared_battery_mode_node_level_v1,SI-Drahi_17-d1-HOM-UHI-BHI-3cae609052,TK-PB-Drahi_17-d1-HOM-UHI-62618e628e-r1,SS-c81930d9c8ba,17,3,lex_phase_3,OPTIMAL,FEASIBLE_POINT,330855.5235360036,330855.5235360036,0,798,798,1229,3401,24,0,24,120,24,1,0,0,NaN,0,NaN,0.0,0.0,
1,20,DETERMINISTIC_RH,LEXMMFSA,shared_battery_mode_node_level_v1,SI-Drahi_17-d1-HOM-UHI-BHI-3cae609052,TK-PB-Drahi_17-d1-HOM-UHI-62618e628e-r1,SS-c81930d9c8ba,17,4,lex_phase_4,OPTIMAL,FEASIBLE_POINT,441140.6980480048,441140.6980480048,0,798,798,1230,3407,24,0,24,120,24,1,0,0,NaN,0,NaN,0.0,0.0,
1,20,DETERMINISTIC_RH,LEXMMFSA,shared_battery_mode_node_level_v1,SI-Drahi_17-d1-HOM-UHI-BHI-3cae609052,TK-PB-Drahi_17-d1-HOM-UHI-62618e628e-r1,SS-c81930d9c8ba,17,5,lex_phase_5,OPTIMAL,FEASIBLE_POINT,551425.8725600061,551425.8725600061,0,798,798,1231,3413,24,0,24,120,24,1,0,0,NaN,0,NaN,0.0,0.0,
1,20,DETERMINISTIC_RH,LEXMMFSA,shared_battery_mode_node_level_v1,SI-Drahi_17-d1-HOM-UHI-BHI-3cae609052,TK-PB-Drahi_17-d1-HOM-UHI-62618e628e-r1,SS-c81930d9c8ba,17,6,economic_tie_break,OPTIMAL,FEASIBLE_POINT,723991.2150451336,723991.2150451336,0,798,798,1232,3419,24,0,24,120,24,1,0,0,NaN,0,NaN,0.0,0.0,
1,21,DETERMINISTIC_RH,LEXMMFSA,shared_battery_mode_node_level_v1,SI-Drahi_17-d1-HOM-UHI-BHI-3cae609052,TK-PB-Drahi_17-d1-HOM-UHI-62618e628e-r1,SS-3cf9bda45ea4,21,1,lex_phase_1,OPTIMAL,FEASIBLE_POINT,104409.73305943505,104409.73305943505,0,798,798,1227,3389,24,0,24,120,24,1,0,0,NaN,0,NaN,0.0,7.275957614183426e-11,
1,21,DETERMINISTIC_RH,LEXMMFSA,shared_battery_mode_node_level_v1,SI-Drahi_17-d1-HOM-UHI-BHI-3cae609052,TK-PB-Drahi_17-d1-HOM-UHI-62618e628e-r1,SS-3cf9bda45ea4,21,2,lex_phase_2,OPTIMAL,FEASIBLE_POINT,208819.46611887007,208819.46611887007,0,798,798,1228,3395,24,0,24,120,24,1,0,0,NaN,0,NaN,0.0,7.275957614183426e-11,
1,21,DETERMINISTIC_RH,LEXMMFSA,shared_battery_mode_node_level_v1,SI-Drahi_17-d1-HOM-UHI-BHI-3cae609052,TK-PB-Drahi_17-d1-HOM-UHI-62618e628e-r1,SS-3cf9bda45ea4,21,3,lex_phase_3,OPTIMAL,FEASIBLE_POINT,313229.1991783051,313229.1991783051,0,798,798,1229,3401,24,0,24,120,24,1,0,0,NaN,0,NaN,0.0,7.275957614183426e-11,
1,21,DETERMINISTIC_RH,LEXMMFSA,shared_battery_mode_node_level_v1,SI-Drahi_17-d1-HOM-UHI-BHI-3cae609052,TK-PB-Drahi_17-d1-HOM-UHI-62618e628e-r1,SS-3cf9bda45ea4,21,4,lex_phase_4,OPTIMAL,FEASIBLE_POINT,417638.93223774014,417638.93223774014,0,798,798,1230,3407,24,0,24,120,24,1,0,0,NaN,0,NaN,0.0,7.275957614183426e-11,
1,21,DETERMINISTIC_RH,LEXMMFSA,shared_battery_mode_node_level_v1,SI-Drahi_17-d1-HOM-UHI-BHI-3cae609052,TK-PB-Drahi_17-d1-HOM-UHI-62618e628e-r1,SS-3cf9bda45ea4,21,5,lex_phase_5,OPTIMAL,FEASIBLE_POINT,522048.66529717523,522048.66529717523,0,798,798,1231,3413,24,0,24,120,24,1,0,0,NaN,0,NaN,0.0,7.275957614183426e-11,
1,21,DETERMINISTIC_RH,LEXMMFSA,shared_battery_mode_node_level_v1,SI-Drahi_17-d1-HOM-UHI-BHI-3cae609052,TK-PB-Drahi_17-d1-HOM-UHI-62618e628e-r1,SS-3cf9bda45ea4,21,6,economic_tie_break,OPTIMAL,FEASIBLE_POINT,725584.5399225,725584.5399225,0,798,798,1232,3419,24,0,24,120,24,1,0,0,NaN,0,NaN,0.0,7.275957614183426e-11,
1,22,DETERMINISTIC_RH,LEXMMFSA,shared_battery_mode_node_level_v1,SI-Drahi_17-d1-HOM-UHI-BHI-3cae609052,TK-PB-Drahi_17-d1-HOM-UHI-62618e628e-r1,SS-3cf9bda45ea4,21,1,lex_phase_1,OPTIMAL,FEASIBLE_POINT,104409.73305943505,104409.73305943505,0,798,798,1227,3389,24,0,24,120,24,1,0,0,NaN,0,NaN,0.0,7.275957614183426e-11,
1,22,DETERMINISTIC_RH,LEXMMFSA,shared_battery_mode_node_level_v1,SI-Drahi_17-d1-HOM-UHI-BHI-3cae609052,TK-PB-Drahi_17-d1-HOM-UHI-62618e628e-r1,SS-3cf9bda45ea4,21,2,lex_phase_2,OPTIMAL,FEASIBLE_POINT,208819.46611887007,208819.46611887007,0,798,798,1228,3395,24,0,24,120,24,1,0,0,NaN,0,NaN,0.0,7.275957614183426e-11,
1,22,DETERMINISTIC_RH,LEXMMFSA,shared_battery_mode_node_level_v1,SI-Drahi_17-d1-HOM-UHI-BHI-3cae609052,TK-PB-Drahi_17-d1-HOM-UHI-62618e628e-r1,SS-3cf9bda45ea4,21,3,lex_phase_3,OPTIMAL,FEASIBLE_POINT,313229.1991783051,313229.1991783051,0,798,798,1229,3401,24,0,24,120,24,1,0,0,NaN,0,NaN,0.0,7.275957614183426e-11,
1,22,DETERMINISTIC_RH,LEXMMFSA,shared_battery_mode_node_level_v1,SI-Drahi_17-d1-HOM-UHI-BHI-3cae609052,TK-PB-Drahi_17-d1-HOM-UHI-62618e628e-r1,SS-3cf9bda45ea4,21,4,lex_phase_4,OPTIMAL,FEASIBLE_POINT,417638.93223774014,417638.93223774014,0,798,798,1230,3407,24,0,24,120,24,1,0,0,NaN,0,NaN,0.0,7.275957614183426e-11,
1,22,DETERMINISTIC_RH,LEXMMFSA,shared_battery_mode_node_level_v1,SI-Drahi_17-d1-HOM-UHI-BHI-3cae609052,TK-PB-Drahi_17-d1-HOM-UHI-62618e628e-r1,SS-3cf9bda45ea4,21,5,lex_phase_5,OPTIMAL,FEASIBLE_POINT,522048.66529717523,522048.66529717523,0,798,798,1231,3413,24,0,24,120,24,1,0,0,NaN,0,NaN,0.0,7.275957614183426e-11,
1,22,DETERMINISTIC_RH,LEXMMFSA,shared_battery_mode_node_level_v1,SI-Drahi_17-d1-HOM-UHI-BHI-3cae609052,TK-PB-Drahi_17-d1-HOM-UHI-62618e628e-r1,SS-3cf9bda45ea4,21,6,economic_tie_break,OPTIMAL,FEASIBLE_POINT,725584.5399225,725584.5399225,0,798,798,1232,3419,24,0,24,120,24,1,0,0,NaN,0,NaN,0.0,7.275957614183426e-11,
1,23,DETERMINISTIC_RH,LEXMMFSA,shared_battery_mode_node_level_v1,SI-Drahi_17-d1-HOM-UHI-BHI-3cae609052,TK-PB-Drahi_17-d1-HOM-UHI-62618e628e-r1,SS-3cf9bda45ea4,21,1,lex_phase_1,OPTIMAL,FEASIBLE_POINT,104409.73305943505,104409.73305943505,0,798,798,1227,3389,24,0,24,120,24,1,0,0,NaN,0,NaN,0.0,7.275957614183426e-11,
1,23,DETERMINISTIC_RH,LEXMMFSA,shared_battery_mode_node_level_v1,SI-Drahi_17-d1-HOM-UHI-BHI-3cae609052,TK-PB-Drahi_17-d1-HOM-UHI-62618e628e-r1,SS-3cf9bda45ea4,21,2,lex_phase_2,OPTIMAL,FEASIBLE_POINT,208819.46611887007,208819.46611887007,0,798,798,1228,3395,24,0,24,120,24,1,0,0,NaN,0,NaN,0.0,7.275957614183426e-11,
1,23,DETERMINISTIC_RH,LEXMMFSA,shared_battery_mode_node_level_v1,SI-Drahi_17-d1-HOM-UHI-BHI-3cae609052,TK-PB-Drahi_17-d1-HOM-UHI-62618e628e-r1,SS-3cf9bda45ea4,21,3,lex_phase_3,OPTIMAL,FEASIBLE_POINT,313229.1991783051,313229.1991783051,0,798,798,1229,3401,24,0,24,120,24,1,0,0,NaN,0,NaN,0.0,7.275957614183426e-11,
1,23,DETERMINISTIC_RH,LEXMMFSA,shared_battery_mode_node_level_v1,SI-Drahi_17-d1-HOM-UHI-BHI-3cae609052,TK-PB-Drahi_17-d1-HOM-UHI-62618e628e-r1,SS-3cf9bda45ea4,21,4,lex_phase_4,OPTIMAL,FEASIBLE_POINT,417638.93223774014,417638.93223774014,0,798,798,1230,3407,24,0,24,120,24,1,0,0,NaN,0,NaN,0.0,7.275957614183426e-11,
1,23,DETERMINISTIC_RH,LEXMMFSA,shared_battery_mode_node_level_v1,SI-Drahi_17-d1-HOM-UHI-BHI-3cae609052,TK-PB-Drahi_17-d1-HOM-UHI-62618e628e-r1,SS-3cf9bda45ea4,21,5,lex_phase_5,OPTIMAL,FEASIBLE_POINT,522048.66529717523,522048.66529717523,0,798,798,1231,3413,24,0,24,120,24,1,0,0,NaN,0,NaN,0.0,7.275957614183426e-11,
1,23,DETERMINISTIC_RH,LEXMMFSA,shared_battery_mode_node_level_v1,SI-Drahi_17-d1-HOM-UHI-BHI-3cae609052,TK-PB-Drahi_17-d1-HOM-UHI-62618e628e-r1,SS-3cf9bda45ea4,21,6,economic_tie_break,OPTIMAL,FEASIBLE_POINT,725584.5399225,725584.5399225,0,798,798,1232,3419,24,0,24,120,24,1,0,0,NaN,0,NaN,0.0,7.275957614183426e-11,
1,24,DETERMINISTIC_RH,LEXMMFSA,shared_battery_mode_node_level_v1,SI-Drahi_17-d1-HOM-UHI-BHI-3cae609052,TK-PB-Drahi_17-d1-HOM-UHI-62618e628e-r1,SS-3cf9bda45ea4,21,1,lex_phase_1,OPTIMAL,FEASIBLE_POINT,104409.73305943505,104409.73305943505,0,798,798,1227,3389,24,0,24,120,24,1,0,0,NaN,0,NaN,0.0,7.275957614183426e-11,
1,24,DETERMINISTIC_RH,LEXMMFSA,shared_battery_mode_node_level_v1,SI-Drahi_17-d1-HOM-UHI-BHI-3cae609052,TK-PB-Drahi_17-d1-HOM-UHI-62618e628e-r1,SS-3cf9bda45ea4,21,2,lex_phase_2,OPTIMAL,FEASIBLE_POINT,208819.46611887007,208819.46611887007,0,798,798,1228,3395,24,0,24,120,24,1,0,0,NaN,0,NaN,0.0,7.275957614183426e-11,
1,24,DETERMINISTIC_RH,LEXMMFSA,shared_battery_mode_node_level_v1,SI-Drahi_17-d1-HOM-UHI-BHI-3cae609052,TK-PB-Drahi_17-d1-HOM-UHI-62618e628e-r1,SS-3cf9bda45ea4,21,3,lex_phase_3,OPTIMAL,FEASIBLE_POINT,313229.1991783051,313229.1991783051,0,798,798,1229,3401,24,0,24,120,24,1,0,0,NaN,0,NaN,0.0,7.275957614183426e-11,
1,24,DETERMINISTIC_RH,LEXMMFSA,shared_battery_mode_node_level_v1,SI-Drahi_17-d1-HOM-UHI-BHI-3cae609052,TK-PB-Drahi_17-d1-HOM-UHI-62618e628e-r1,SS-3cf9bda45ea4,21,4,lex_phase_4,OPTIMAL,FEASIBLE_POINT,417638.93223774014,417638.93223774014,0,798,798,1230,3407,24,0,24,120,24,1,0,0,NaN,0,NaN,0.0,7.275957614183426e-11,
1,24,DETERMINISTIC_RH,LEXMMFSA,shared_battery_mode_node_level_v1,SI-Drahi_17-d1-HOM-UHI-BHI-3cae609052,TK-PB-Drahi_17-d1-HOM-UHI-62618e628e-r1,SS-3cf9bda45ea4,21,5,lex_phase_5,OPTIMAL,FEASIBLE_POINT,522048.66529717523,522048.66529717523,0,798,798,1231,3413,24,0,24,120,24,1,0,0,NaN,0,NaN,0.0,7.275957614183426e-11,
1,24,DETERMINISTIC_RH,LEXMMFSA,shared_battery_mode_node_level_v1,SI-Drahi_17-d1-HOM-UHI-BHI-3cae609052,TK-PB-Drahi_17-d1-HOM-UHI-62618e628e-r1,SS-3cf9bda45ea4,21,6,economic_tie_break,OPTIMAL,FEASIBLE_POINT,725584.5399225,725584.5399225,0,798,798,1232,3419,24,0,24,120,24,1,0,0,NaN,0,NaN,0.0,7.275957614183426e-11,
1,1,DETERMINISTIC_RH,NONE,shared_battery_mode_node_level_v1,SI-Drahi_17-d1-HOM-UHI-BHI-3cae609052,TK-PB-Drahi_17-d1-HOM-UHI-62618e628e-r1,SS-5d5bbea46d20,1,0,single_solve,OPTIMAL,FEASIBLE_POINT,741230.3442749949,741230.3442749949,0,768,768,1177,1539,24,0,24,120,24,1,0,0,NaN,0,NaN,1.4210854715202004e-14,0.0,
1,2,DETERMINISTIC_RH,NONE,shared_battery_mode_node_level_v1,SI-Drahi_17-d1-HOM-UHI-BHI-3cae609052,TK-PB-Drahi_17-d1-HOM-UHI-62618e628e-r1,SS-5d5bbea46d20,1,0,single_solve,OPTIMAL,FEASIBLE_POINT,741230.3442749949,741230.3442749949,0,768,768,1177,1539,24,0,24,120,24,1,0,0,NaN,0,NaN,6.821210263296962e-13,0.0,
1,3,DETERMINISTIC_RH,NONE,shared_battery_mode_node_level_v1,SI-Drahi_17-d1-HOM-UHI-BHI-3cae609052,TK-PB-Drahi_17-d1-HOM-UHI-62618e628e-r1,SS-5d5bbea46d20,1,0,single_solve,OPTIMAL,FEASIBLE_POINT,741230.3442749949,741230.3442749949,0,768,768,1177,1539,24,0,24,120,24,1,0,0,NaN,0,NaN,4.831690603168681e-13,0.0,
1,4,DETERMINISTIC_RH,NONE,shared_battery_mode_node_level_v1,SI-Drahi_17-d1-HOM-UHI-BHI-3cae609052,TK-PB-Drahi_17-d1-HOM-UHI-62618e628e-r1,SS-5d5bbea46d20,1,0,single_solve,OPTIMAL,FEASIBLE_POINT,741230.3442749949,741230.3442749949,0,768,768,1177,1539,24,0,24,120,24,1,0,0,NaN,0,NaN,5.968558980384842e-13,0.0,
1,5,DETERMINISTIC_RH,NONE,shared_battery_mode_node_level_v1,SI-Drahi_17-d1-HOM-UHI-BHI-3cae609052,TK-PB-Drahi_17-d1-HOM-UHI-62618e628e-r1,SS-102adc95e052,5,0,single_solve,OPTIMAL,FEASIBLE_POINT,682850.7072003665,682850.7072003665,0,768,768,1177,1539,24,0,24,120,24,1,0,0,NaN,0,NaN,0.0,0.0,
1,6,DETERMINISTIC_RH,NONE,shared_battery_mode_node_level_v1,SI-Drahi_17-d1-HOM-UHI-BHI-3cae609052,TK-PB-Drahi_17-d1-HOM-UHI-62618e628e-r1,SS-102adc95e052,5,0,single_solve,OPTIMAL,FEASIBLE_POINT,682850.7072003665,682850.7072003665,0,768,768,1177,1539,24,0,24,120,24,1,0,0,NaN,0,NaN,5.968558980384842e-13,0.0,
1,7,DETERMINISTIC_RH,NONE,shared_battery_mode_node_level_v1,SI-Drahi_17-d1-HOM-UHI-BHI-3cae609052,TK-PB-Drahi_17-d1-HOM-UHI-62618e628e-r1,SS-102adc95e052,5,0,single_solve,OPTIMAL,FEASIBLE_POINT,682850.7072003665,682850.7072003665,0,768,768,1177,1539,24,0,24,120,24,1,0,0,NaN,0,NaN,5.115907697472721e-13,0.0,
1,8,DETERMINISTIC_RH,NONE,shared_battery_mode_node_level_v1,SI-Drahi_17-d1-HOM-UHI-BHI-3cae609052,TK-PB-Drahi_17-d1-HOM-UHI-62618e628e-r1,SS-102adc95e052,5,0,single_solve,OPTIMAL,FEASIBLE_POINT,682850.7072003665,682850.7072003665,0,768,768,1177,1539,24,0,24,120,24,1,0,0,NaN,0,NaN,7.958078640513122e-13,0.0,
1,9,DETERMINISTIC_RH,NONE,shared_battery_mode_node_level_v1,SI-Drahi_17-d1-HOM-UHI-BHI-3cae609052,TK-PB-Drahi_17-d1-HOM-UHI-62618e628e-r1,SS-19da242d4543,9,0,single_solve,OPTIMAL,FEASIBLE_POINT,727763.7569541299,727763.7569541299,0,768,768,1177,1539,24,0,24,120,24,1,0,0,NaN,0,NaN,2.842170943040401e-14,0.0,
1,10,DETERMINISTIC_RH,NONE,shared_battery_mode_node_level_v1,SI-Drahi_17-d1-HOM-UHI-BHI-3cae609052,TK-PB-Drahi_17-d1-HOM-UHI-62618e628e-r1,SS-19da242d4543,9,0,single_solve,OPTIMAL,FEASIBLE_POINT,727763.7569541299,727763.7569541299,0,768,768,1177,1539,24,0,24,120,24,1,0,0,NaN,0,NaN,7.265299473147024e-13,0.0,
1,11,DETERMINISTIC_RH,NONE,shared_battery_mode_node_level_v1,SI-Drahi_17-d1-HOM-UHI-BHI-3cae609052,TK-PB-Drahi_17-d1-HOM-UHI-62618e628e-r1,SS-19da242d4543,9,0,single_solve,OPTIMAL,FEASIBLE_POINT,727763.7569541299,727763.7569541299,0,768,768,1177,1539,24,0,24,120,24,1,0,0,NaN,0,NaN,3.268496584496461e-13,0.0,
1,12,DETERMINISTIC_RH,NONE,shared_battery_mode_node_level_v1,SI-Drahi_17-d1-HOM-UHI-BHI-3cae609052,TK-PB-Drahi_17-d1-HOM-UHI-62618e628e-r1,SS-19da242d4543,9,0,single_solve,OPTIMAL,FEASIBLE_POINT,727763.7569541299,727763.7569541299,0,768,768,1177,1539,24,0,24,120,24,1,0,0,NaN,0,NaN,2.2737367544323206e-13,0.0,
1,13,DETERMINISTIC_RH,NONE,shared_battery_mode_node_level_v1,SI-Drahi_17-d1-HOM-UHI-BHI-3cae609052,TK-PB-Drahi_17-d1-HOM-UHI-62618e628e-r1,SS-354317d12b7f,13,0,single_solve,OPTIMAL,FEASIBLE_POINT,725999.5418485701,725999.5418485701,0,768,768,1177,1539,24,0,24,120,24,1,0,0,NaN,0,NaN,2.842170943040401e-14,0.0,
1,14,DETERMINISTIC_RH,NONE,shared_battery_mode_node_level_v1,SI-Drahi_17-d1-HOM-UHI-BHI-3cae609052,TK-PB-Drahi_17-d1-HOM-UHI-62618e628e-r1,SS-354317d12b7f,13,0,single_solve,OPTIMAL,FEASIBLE_POINT,725999.5418485701,725999.5418485701,0,768,768,1177,1539,24,0,24,120,24,1,0,0,NaN,0,NaN,3.694822225952521e-13,0.0,
1,15,DETERMINISTIC_RH,NONE,shared_battery_mode_node_level_v1,SI-Drahi_17-d1-HOM-UHI-BHI-3cae609052,TK-PB-Drahi_17-d1-HOM-UHI-62618e628e-r1,SS-354317d12b7f,13,0,single_solve,OPTIMAL,FEASIBLE_POINT,725999.5418485701,725999.5418485701,0,768,768,1177,1539,24,0,24,120,24,1,0,0,NaN,0,NaN,2.7000623958883807e-13,0.0,
1,16,DETERMINISTIC_RH,NONE,shared_battery_mode_node_level_v1,SI-Drahi_17-d1-HOM-UHI-BHI-3cae609052,TK-PB-Drahi_17-d1-HOM-UHI-62618e628e-r1,SS-354317d12b7f,13,0,single_solve,OPTIMAL,FEASIBLE_POINT,725999.5418485701,725999.5418485701,0,768,768,1177,1539,24,0,24,120,24,1,0,0,NaN,0,NaN,1.3500311979441904e-13,0.0,
1,17,DETERMINISTIC_RH,NONE,shared_battery_mode_node_level_v1,SI-Drahi_17-d1-HOM-UHI-BHI-3cae609052,TK-PB-Drahi_17-d1-HOM-UHI-62618e628e-r1,SS-c81930d9c8ba,17,0,single_solve,OPTIMAL,FEASIBLE_POINT,723991.2150451336,723991.2150451336,0,768,768,1177,1539,24,0,24,120,24,1,0,0,NaN,0,NaN,3.552713678800501e-15,0.0,
1,18,DETERMINISTIC_RH,NONE,shared_battery_mode_node_level_v1,SI-Drahi_17-d1-HOM-UHI-BHI-3cae609052,TK-PB-Drahi_17-d1-HOM-UHI-62618e628e-r1,SS-c81930d9c8ba,17,0,single_solve,OPTIMAL,FEASIBLE_POINT,723991.2150451336,723991.2150451336,0,768,768,1177,1539,24,0,24,120,24,1,0,0,NaN,0,NaN,1.9317880628477724e-14,0.0,
1,19,DETERMINISTIC_RH,NONE,shared_battery_mode_node_level_v1,SI-Drahi_17-d1-HOM-UHI-BHI-3cae609052,TK-PB-Drahi_17-d1-HOM-UHI-62618e628e-r1,SS-c81930d9c8ba,17,0,single_solve,OPTIMAL,FEASIBLE_POINT,723991.2150451336,723991.2150451336,0,768,768,1177,1539,24,0,24,120,24,1,0,0,NaN,0,NaN,2.2898349882893854e-15,0.0,
1,20,DETERMINISTIC_RH,NONE,shared_battery_mode_node_level_v1,SI-Drahi_17-d1-HOM-UHI-BHI-3cae609052,TK-PB-Drahi_17-d1-HOM-UHI-62618e628e-r1,SS-c81930d9c8ba,17,0,single_solve,OPTIMAL,FEASIBLE_POINT,723991.2150451336,723991.2150451336,0,768,768,1177,1539,24,0,24,120,24,1,0,0,NaN,0,NaN,0.0,0.0,
1,21,DETERMINISTIC_RH,NONE,shared_battery_mode_node_level_v1,SI-Drahi_17-d1-HOM-UHI-BHI-3cae609052,TK-PB-Drahi_17-d1-HOM-UHI-62618e628e-r1,SS-3cf9bda45ea4,21,0,single_solve,OPTIMAL,FEASIBLE_POINT,725584.5399224998,725584.5399224998,0,768,768,1177,1539,24,0,24,120,24,1,0,0,NaN,0,NaN,0.0,0.0,
1,22,DETERMINISTIC_RH,NONE,shared_battery_mode_node_level_v1,SI-Drahi_17-d1-HOM-UHI-BHI-3cae609052,TK-PB-Drahi_17-d1-HOM-UHI-62618e628e-r1,SS-3cf9bda45ea4,21,0,single_solve,OPTIMAL,FEASIBLE_POINT,725584.5399224998,725584.5399224998,0,768,768,1177,1539,24,0,24,120,24,1,0,0,NaN,0,NaN,0.0,0.0,
1,23,DETERMINISTIC_RH,NONE,shared_battery_mode_node_level_v1,SI-Drahi_17-d1-HOM-UHI-BHI-3cae609052,TK-PB-Drahi_17-d1-HOM-UHI-62618e628e-r1,SS-3cf9bda45ea4,21,0,single_solve,OPTIMAL,FEASIBLE_POINT,725584.5399224998,725584.5399224998,0,768,768,1177,1539,24,0,24,120,24,1,0,0,NaN,0,NaN,0.0,0.0,
1,24,DETERMINISTIC_RH,NONE,shared_battery_mode_node_level_v1,SI-Drahi_17-d1-HOM-UHI-BHI-3cae609052,TK-PB-Drahi_17-d1-HOM-UHI-62618e628e-r1,SS-3cf9bda45ea4,21,0,single_solve,OPTIMAL,FEASIBLE_POINT,725584.5399224998,725584.5399224998,0,768,768,1177,1539,24,0,24,120,24,1,0,0,NaN,0,NaN,0.0,0.0,
1,1,DETERMINISTIC_RH,PEA,shared_battery_mode_node_level_v1,SI-Drahi_17-d1-HOM-UHI-BHI-3cae609052,TK-PB-Drahi_17-d1-HOM-UHI-62618e628e-r1,SS-5d5bbea46d20,1,0,single_solve,OPTIMAL,FEASIBLE_POINT,741230.3442749948,741230.3442749948,0,768,768,1182,1659,24,0,24,120,24,1,0,0,NaN,0,NaN,1.4210854715202004e-14,1.4210854715202004e-13,
1,2,DETERMINISTIC_RH,PEA,shared_battery_mode_node_level_v1,SI-Drahi_17-d1-HOM-UHI-BHI-3cae609052,TK-PB-Drahi_17-d1-HOM-UHI-62618e628e-r1,SS-5d5bbea46d20,1,0,single_solve,OPTIMAL,FEASIBLE_POINT,741230.3442749948,741230.3442749948,0,768,768,1182,1659,24,0,24,120,24,1,0,0,NaN,0,NaN,6.821210263296962e-13,1.4210854715202004e-13,
1,3,DETERMINISTIC_RH,PEA,shared_battery_mode_node_level_v1,SI-Drahi_17-d1-HOM-UHI-BHI-3cae609052,TK-PB-Drahi_17-d1-HOM-UHI-62618e628e-r1,SS-5d5bbea46d20,1,0,single_solve,OPTIMAL,FEASIBLE_POINT,741230.3442749948,741230.3442749948,0,768,768,1182,1659,24,0,24,120,24,1,0,0,NaN,0,NaN,4.831690603168681e-13,1.4210854715202004e-13,
1,4,DETERMINISTIC_RH,PEA,shared_battery_mode_node_level_v1,SI-Drahi_17-d1-HOM-UHI-BHI-3cae609052,TK-PB-Drahi_17-d1-HOM-UHI-62618e628e-r1,SS-5d5bbea46d20,1,0,single_solve,OPTIMAL,FEASIBLE_POINT,741230.3442749948,741230.3442749948,0,768,768,1182,1659,24,0,24,120,24,1,0,0,NaN,0,NaN,5.968558980384842e-13,1.4210854715202004e-13,
1,5,DETERMINISTIC_RH,PEA,shared_battery_mode_node_level_v1,SI-Drahi_17-d1-HOM-UHI-BHI-3cae609052,TK-PB-Drahi_17-d1-HOM-UHI-62618e628e-r1,SS-102adc95e052,5,0,single_solve,OPTIMAL,FEASIBLE_POINT,682850.7072003665,682850.7072003665,0,768,768,1182,1659,24,0,24,120,24,1,0,0,NaN,0,NaN,0.0,1.1368683772161603e-13,
1,6,DETERMINISTIC_RH,PEA,shared_battery_mode_node_level_v1,SI-Drahi_17-d1-HOM-UHI-BHI-3cae609052,TK-PB-Drahi_17-d1-HOM-UHI-62618e628e-r1,SS-102adc95e052,5,0,single_solve,OPTIMAL,FEASIBLE_POINT,682850.7072003665,682850.7072003665,0,768,768,1182,1659,24,0,24,120,24,1,0,0,NaN,0,NaN,5.968558980384842e-13,1.1368683772161603e-13,
1,7,DETERMINISTIC_RH,PEA,shared_battery_mode_node_level_v1,SI-Drahi_17-d1-HOM-UHI-BHI-3cae609052,TK-PB-Drahi_17-d1-HOM-UHI-62618e628e-r1,SS-102adc95e052,5,0,single_solve,OPTIMAL,FEASIBLE_POINT,682850.7072003665,682850.7072003665,0,768,768,1182,1659,24,0,24,120,24,1,0,0,NaN,0,NaN,5.115907697472721e-13,1.1368683772161603e-13,
1,8,DETERMINISTIC_RH,PEA,shared_battery_mode_node_level_v1,SI-Drahi_17-d1-HOM-UHI-BHI-3cae609052,TK-PB-Drahi_17-d1-HOM-UHI-62618e628e-r1,SS-102adc95e052,5,0,single_solve,OPTIMAL,FEASIBLE_POINT,682850.7072003665,682850.7072003665,0,768,768,1182,1659,24,0,24,120,24,1,0,0,NaN,0,NaN,7.958078640513122e-13,1.1368683772161603e-13,
1,9,DETERMINISTIC_RH,PEA,shared_battery_mode_node_level_v1,SI-Drahi_17-d1-HOM-UHI-BHI-3cae609052,TK-PB-Drahi_17-d1-HOM-UHI-62618e628e-r1,SS-19da242d4543,9,0,single_solve,OPTIMAL,FEASIBLE_POINT,727763.7569541299,727763.7569541299,0,768,768,1182,1659,24,0,24,120,24,1,0,0,NaN,0,NaN,1.4210854715202004e-14,1.1368683772161603e-13,
1,10,DETERMINISTIC_RH,PEA,shared_battery_mode_node_level_v1,SI-Drahi_17-d1-HOM-UHI-BHI-3cae609052,TK-PB-Drahi_17-d1-HOM-UHI-62618e628e-r1,SS-19da242d4543,9,0,single_solve,OPTIMAL,FEASIBLE_POINT,727763.7569541299,727763.7569541299,0,768,768,1182,1659,24,0,24,120,24,1,0,0,NaN,0,NaN,7.265299473147024e-13,1.1368683772161603e-13,
1,11,DETERMINISTIC_RH,PEA,shared_battery_mode_node_level_v1,SI-Drahi_17-d1-HOM-UHI-BHI-3cae609052,TK-PB-Drahi_17-d1-HOM-UHI-62618e628e-r1,SS-19da242d4543,9,0,single_solve,OPTIMAL,FEASIBLE_POINT,727763.7569541299,727763.7569541299,0,768,768,1182,1659,24,0,24,120,24,1,0,0,NaN,0,NaN,3.126388037344441e-13,1.1368683772161603e-13,
1,12,DETERMINISTIC_RH,PEA,shared_battery_mode_node_level_v1,SI-Drahi_17-d1-HOM-UHI-BHI-3cae609052,TK-PB-Drahi_17-d1-HOM-UHI-62618e628e-r1,SS-19da242d4543,9,0,single_solve,OPTIMAL,FEASIBLE_POINT,727763.7569541299,727763.7569541299,0,768,768,1182,1659,24,0,24,120,24,1,0,0,NaN,0,NaN,2.2737367544323206e-13,1.1368683772161603e-13,
1,13,DETERMINISTIC_RH,PEA,shared_battery_mode_node_level_v1,SI-Drahi_17-d1-HOM-UHI-BHI-3cae609052,TK-PB-Drahi_17-d1-HOM-UHI-62618e628e-r1,SS-354317d12b7f,13,0,single_solve,OPTIMAL,FEASIBLE_POINT,725999.5418485701,725999.5418485701,0,768,768,1182,1659,24,0,24,120,24,1,0,0,NaN,0,NaN,2.842170943040401e-14,1.1368683772161603e-13,
1,14,DETERMINISTIC_RH,PEA,shared_battery_mode_node_level_v1,SI-Drahi_17-d1-HOM-UHI-BHI-3cae609052,TK-PB-Drahi_17-d1-HOM-UHI-62618e628e-r1,SS-354317d12b7f,13,0,single_solve,OPTIMAL,FEASIBLE_POINT,725999.5418485701,725999.5418485701,0,768,768,1182,1659,24,0,24,120,24,1,0,0,NaN,0,NaN,3.694822225952521e-13,1.1368683772161603e-13,
1,15,DETERMINISTIC_RH,PEA,shared_battery_mode_node_level_v1,SI-Drahi_17-d1-HOM-UHI-BHI-3cae609052,TK-PB-Drahi_17-d1-HOM-UHI-62618e628e-r1,SS-354317d12b7f,13,0,single_solve,OPTIMAL,FEASIBLE_POINT,725999.5418485701,725999.5418485701,0,768,768,1182,1659,24,0,24,120,24,1,0,0,NaN,0,NaN,2.7711166694643907e-13,1.1368683772161603e-13,
1,16,DETERMINISTIC_RH,PEA,shared_battery_mode_node_level_v1,SI-Drahi_17-d1-HOM-UHI-BHI-3cae609052,TK-PB-Drahi_17-d1-HOM-UHI-62618e628e-r1,SS-354317d12b7f,13,0,single_solve,OPTIMAL,FEASIBLE_POINT,725999.5418485701,725999.5418485701,0,768,768,1182,1659,24,0,24,120,24,1,0,0,NaN,0,NaN,1.3500311979441904e-13,1.1368683772161603e-13,
1,17,DETERMINISTIC_RH,PEA,shared_battery_mode_node_level_v1,SI-Drahi_17-d1-HOM-UHI-BHI-3cae609052,TK-PB-Drahi_17-d1-HOM-UHI-62618e628e-r1,SS-c81930d9c8ba,17,0,single_solve,OPTIMAL,FEASIBLE_POINT,723991.2150451336,723991.2150451336,0,768,768,1182,1659,24,0,24,120,24,1,0,0,NaN,0,NaN,3.552713678800501e-15,4.547473508864641e-13,
1,18,DETERMINISTIC_RH,PEA,shared_battery_mode_node_level_v1,SI-Drahi_17-d1-HOM-UHI-BHI-3cae609052,TK-PB-Drahi_17-d1-HOM-UHI-62618e628e-r1,SS-c81930d9c8ba,17,0,single_solve,OPTIMAL,FEASIBLE_POINT,723991.2150451336,723991.2150451336,0,768,768,1182,1659,24,0,24,120,24,1,0,0,NaN,0,NaN,1.9317880628477724e-14,4.547473508864641e-13,
1,19,DETERMINISTIC_RH,PEA,shared_battery_mode_node_level_v1,SI-Drahi_17-d1-HOM-UHI-BHI-3cae609052,TK-PB-Drahi_17-d1-HOM-UHI-62618e628e-r1,SS-c81930d9c8ba,17,0,single_solve,OPTIMAL,FEASIBLE_POINT,723991.2150451336,723991.2150451336,0,768,768,1182,1659,24,0,24,120,24,1,0,0,NaN,0,NaN,2.2898349882893854e-15,4.547473508864641e-13,
1,20,DETERMINISTIC_RH,PEA,shared_battery_mode_node_level_v1,SI-Drahi_17-d1-HOM-UHI-BHI-3cae609052,TK-PB-Drahi_17-d1-HOM-UHI-62618e628e-r1,SS-c81930d9c8ba,17,0,single_solve,OPTIMAL,FEASIBLE_POINT,723991.2150451336,723991.2150451336,0,768,768,1182,1659,24,0,24,120,24,1,0,0,NaN,0,NaN,0.0,4.547473508864641e-13,
1,21,DETERMINISTIC_RH,PEA,shared_battery_mode_node_level_v1,SI-Drahi_17-d1-HOM-UHI-BHI-3cae609052,TK-PB-Drahi_17-d1-HOM-UHI-62618e628e-r1,SS-3cf9bda45ea4,21,0,single_solve,OPTIMAL,FEASIBLE_POINT,725681.9474802586,725681.9474802586,0,768,768,1182,1659,24,0,24,120,24,1,0,0,NaN,0,NaN,0.0,4.547473508864641e-13,
1,22,DETERMINISTIC_RH,PEA,shared_battery_mode_node_level_v1,SI-Drahi_17-d1-HOM-UHI-BHI-3cae609052,TK-PB-Drahi_17-d1-HOM-UHI-62618e628e-r1,SS-3cf9bda45ea4,21,0,single_solve,OPTIMAL,FEASIBLE_POINT,725681.9474802586,725681.9474802586,0,768,768,1182,1659,24,0,24,120,24,1,0,0,NaN,0,NaN,0.0,4.547473508864641e-13,
1,23,DETERMINISTIC_RH,PEA,shared_battery_mode_node_level_v1,SI-Drahi_17-d1-HOM-UHI-BHI-3cae609052,TK-PB-Drahi_17-d1-HOM-UHI-62618e628e-r1,SS-3cf9bda45ea4,21,0,single_solve,OPTIMAL,FEASIBLE_POINT,725681.9474802586,725681.9474802586,0,768,768,1182,1659,24,0,24,120,24,1,0,0,NaN,0,NaN,0.0,4.547473508864641e-13,
1,24,DETERMINISTIC_RH,PEA,shared_battery_mode_node_level_v1,SI-Drahi_17-d1-HOM-UHI-BHI-3cae609052,TK-PB-Drahi_17-d1-HOM-UHI-62618e628e-r1,SS-3cf9bda45ea4,21,0,single_solve,OPTIMAL,FEASIBLE_POINT,725681.9474802586,725681.9474802586,0,768,768,1182,1659,24,0,24,120,24,1,0,0,NaN,0,NaN,0.0,4.547473508864641e-13,
1,1,DETERMINISTIC_RH,SA,shared_battery_mode_node_level_v1,SI-Drahi_17-d1-HOM-UHI-BHI-3cae609052,TK-PB-Drahi_17-d1-HOM-UHI-62618e628e-r1,SS-5d5bbea46d20,1,0,single_solve,OPTIMAL,FEASIBLE_POINT,741230.3442749949,741230.3442749949,0,768,768,1182,3339,24,0,24,120,24,1,0,0,NaN,0,NaN,1.4210854715202004e-14,3.637978807091713e-11,
1,2,DETERMINISTIC_RH,SA,shared_battery_mode_node_level_v1,SI-Drahi_17-d1-HOM-UHI-BHI-3cae609052,TK-PB-Drahi_17-d1-HOM-UHI-62618e628e-r1,SS-5d5bbea46d20,1,0,single_solve,OPTIMAL,FEASIBLE_POINT,741230.3442749949,741230.3442749949,0,768,768,1182,3339,24,0,24,120,24,1,0,0,NaN,0,NaN,6.821210263296962e-13,3.637978807091713e-11,
1,3,DETERMINISTIC_RH,SA,shared_battery_mode_node_level_v1,SI-Drahi_17-d1-HOM-UHI-BHI-3cae609052,TK-PB-Drahi_17-d1-HOM-UHI-62618e628e-r1,SS-5d5bbea46d20,1,0,single_solve,OPTIMAL,FEASIBLE_POINT,741230.3442749949,741230.3442749949,0,768,768,1182,3339,24,0,24,120,24,1,0,0,NaN,0,NaN,4.831690603168681e-13,3.637978807091713e-11,
1,4,DETERMINISTIC_RH,SA,shared_battery_mode_node_level_v1,SI-Drahi_17-d1-HOM-UHI-BHI-3cae609052,TK-PB-Drahi_17-d1-HOM-UHI-62618e628e-r1,SS-5d5bbea46d20,1,0,single_solve,OPTIMAL,FEASIBLE_POINT,741230.3442749949,741230.3442749949,0,768,768,1182,3339,24,0,24,120,24,1,0,0,NaN,0,NaN,5.968558980384842e-13,3.637978807091713e-11,
1,5,DETERMINISTIC_RH,SA,shared_battery_mode_node_level_v1,SI-Drahi_17-d1-HOM-UHI-BHI-3cae609052,TK-PB-Drahi_17-d1-HOM-UHI-62618e628e-r1,SS-102adc95e052,5,0,single_solve,OPTIMAL,FEASIBLE_POINT,682850.7072003667,682850.7072003667,0,768,768,1182,3339,24,0,24,120,24,1,0,0,NaN,0,NaN,0.0,2.9103830456733704e-11,
1,6,DETERMINISTIC_RH,SA,shared_battery_mode_node_level_v1,SI-Drahi_17-d1-HOM-UHI-BHI-3cae609052,TK-PB-Drahi_17-d1-HOM-UHI-62618e628e-r1,SS-102adc95e052,5,0,single_solve,OPTIMAL,FEASIBLE_POINT,682850.7072003667,682850.7072003667,0,768,768,1182,3339,24,0,24,120,24,1,0,0,NaN,0,NaN,5.968558980384842e-13,2.9103830456733704e-11,
1,7,DETERMINISTIC_RH,SA,shared_battery_mode_node_level_v1,SI-Drahi_17-d1-HOM-UHI-BHI-3cae609052,TK-PB-Drahi_17-d1-HOM-UHI-62618e628e-r1,SS-102adc95e052,5,0,single_solve,OPTIMAL,FEASIBLE_POINT,682850.7072003667,682850.7072003667,0,768,768,1182,3339,24,0,24,120,24,1,0,0,NaN,0,NaN,5.115907697472721e-13,2.9103830456733704e-11,
1,8,DETERMINISTIC_RH,SA,shared_battery_mode_node_level_v1,SI-Drahi_17-d1-HOM-UHI-BHI-3cae609052,TK-PB-Drahi_17-d1-HOM-UHI-62618e628e-r1,SS-102adc95e052,5,0,single_solve,OPTIMAL,FEASIBLE_POINT,682850.7072003667,682850.7072003667,0,768,768,1182,3339,24,0,24,120,24,1,0,0,NaN,0,NaN,8.526512829121202e-13,2.9103830456733704e-11,
1,9,DETERMINISTIC_RH,SA,shared_battery_mode_node_level_v1,SI-Drahi_17-d1-HOM-UHI-BHI-3cae609052,TK-PB-Drahi_17-d1-HOM-UHI-62618e628e-r1,SS-19da242d4543,9,0,single_solve,OPTIMAL,FEASIBLE_POINT,727763.7569541299,727763.7569541299,0,768,768,1182,3339,24,0,24,120,24,1,0,0,NaN,0,NaN,1.4210854715202004e-14,1.0186340659856796e-10,
1,10,DETERMINISTIC_RH,SA,shared_battery_mode_node_level_v1,SI-Drahi_17-d1-HOM-UHI-BHI-3cae609052,TK-PB-Drahi_17-d1-HOM-UHI-62618e628e-r1,SS-19da242d4543,9,0,single_solve,OPTIMAL,FEASIBLE_POINT,727763.7569541299,727763.7569541299,0,768,768,1182,3339,24,0,24,120,24,1,0,0,NaN,0,NaN,7.194245199571014e-13,1.0186340659856796e-10,
1,11,DETERMINISTIC_RH,SA,shared_battery_mode_node_level_v1,SI-Drahi_17-d1-HOM-UHI-BHI-3cae609052,TK-PB-Drahi_17-d1-HOM-UHI-62618e628e-r1,SS-19da242d4543,9,0,single_solve,OPTIMAL,FEASIBLE_POINT,727763.7569541299,727763.7569541299,0,768,768,1182,3339,24,0,24,120,24,1,0,0,NaN,0,NaN,3.126388037344441e-13,1.0186340659856796e-10,
1,12,DETERMINISTIC_RH,SA,shared_battery_mode_node_level_v1,SI-Drahi_17-d1-HOM-UHI-BHI-3cae609052,TK-PB-Drahi_17-d1-HOM-UHI-62618e628e-r1,SS-19da242d4543,9,0,single_solve,OPTIMAL,FEASIBLE_POINT,727763.7569541299,727763.7569541299,0,768,768,1182,3339,24,0,24,120,24,1,0,0,NaN,0,NaN,2.2737367544323206e-13,1.0186340659856796e-10,
1,13,DETERMINISTIC_RH,SA,shared_battery_mode_node_level_v1,SI-Drahi_17-d1-HOM-UHI-BHI-3cae609052,TK-PB-Drahi_17-d1-HOM-UHI-62618e628e-r1,SS-354317d12b7f,13,0,single_solve,OPTIMAL,FEASIBLE_POINT,725999.5418485702,725999.5418485702,0,768,768,1182,3339,24,0,24,120,24,1,0,0,NaN,0,NaN,2.842170943040401e-14,8.731149137020111e-11,
1,14,DETERMINISTIC_RH,SA,shared_battery_mode_node_level_v1,SI-Drahi_17-d1-HOM-UHI-BHI-3cae609052,TK-PB-Drahi_17-d1-HOM-UHI-62618e628e-r1,SS-354317d12b7f,13,0,single_solve,OPTIMAL,FEASIBLE_POINT,725999.5418485702,725999.5418485702,0,768,768,1182,3339,24,0,24,120,24,1,0,0,NaN,0,NaN,3.694822225952521e-13,8.731149137020111e-11,
1,15,DETERMINISTIC_RH,SA,shared_battery_mode_node_level_v1,SI-Drahi_17-d1-HOM-UHI-BHI-3cae609052,TK-PB-Drahi_17-d1-HOM-UHI-62618e628e-r1,SS-354317d12b7f,13,0,single_solve,OPTIMAL,FEASIBLE_POINT,725999.5418485702,725999.5418485702,0,768,768,1182,3339,24,0,24,120,24,1,0,0,NaN,0,NaN,2.7000623958883807e-13,8.731149137020111e-11,
1,16,DETERMINISTIC_RH,SA,shared_battery_mode_node_level_v1,SI-Drahi_17-d1-HOM-UHI-BHI-3cae609052,TK-PB-Drahi_17-d1-HOM-UHI-62618e628e-r1,SS-354317d12b7f,13,0,single_solve,OPTIMAL,FEASIBLE_POINT,725999.5418485702,725999.5418485702,0,768,768,1182,3339,24,0,24,120,24,1,0,0,NaN,0,NaN,1.3500311979441904e-13,8.731149137020111e-11,
1,17,DETERMINISTIC_RH,SA,shared_battery_mode_node_level_v1,SI-Drahi_17-d1-HOM-UHI-BHI-3cae609052,TK-PB-Drahi_17-d1-HOM-UHI-62618e628e-r1,SS-c81930d9c8ba,17,0,single_solve,OPTIMAL,FEASIBLE_POINT,723991.2150451337,723991.2150451337,0,768,768,1182,3339,24,0,24,120,24,1,0,0,NaN,0,NaN,7.105427357601002e-15,8.731149137020111e-11,
1,18,DETERMINISTIC_RH,SA,shared_battery_mode_node_level_v1,SI-Drahi_17-d1-HOM-UHI-BHI-3cae609052,TK-PB-Drahi_17-d1-HOM-UHI-62618e628e-r1,SS-c81930d9c8ba,17,0,single_solve,OPTIMAL,FEASIBLE_POINT,723991.2150451337,723991.2150451337,0,768,768,1182,3339,24,0,24,120,24,1,0,0,NaN,0,NaN,1.9317880628477724e-14,8.731149137020111e-11,
1,19,DETERMINISTIC_RH,SA,shared_battery_mode_node_level_v1,SI-Drahi_17-d1-HOM-UHI-BHI-3cae609052,TK-PB-Drahi_17-d1-HOM-UHI-62618e628e-r1,SS-c81930d9c8ba,17,0,single_solve,OPTIMAL,FEASIBLE_POINT,723991.2150451337,723991.2150451337,0,768,768,1182,3339,24,0,24,120,24,1,0,0,NaN,0,NaN,2.2898349882893854e-15,8.731149137020111e-11,
1,20,DETERMINISTIC_RH,SA,shared_battery_mode_node_level_v1,SI-Drahi_17-d1-HOM-UHI-BHI-3cae609052,TK-PB-Drahi_17-d1-HOM-UHI-62618e628e-r1,SS-c81930d9c8ba,17,0,single_solve,OPTIMAL,FEASIBLE_POINT,723991.2150451337,723991.2150451337,0,768,768,1182,3339,24,0,24,120,24,1,0,0,NaN,0,NaN,0.0,8.731149137020111e-11,
1,21,DETERMINISTIC_RH,SA,shared_battery_mode_node_level_v1,SI-Drahi_17-d1-HOM-UHI-BHI-3cae609052,TK-PB-Drahi_17-d1-HOM-UHI-62618e628e-r1,SS-3cf9bda45ea4,21,0,single_solve,OPTIMAL,FEASIBLE_POINT,725584.5399224998,725584.5399224998,0,768,768,1182,3339,24,0,24,120,24,1,0,0,NaN,0,NaN,0.0,4.3655745685100555e-11,
1,22,DETERMINISTIC_RH,SA,shared_battery_mode_node_level_v1,SI-Drahi_17-d1-HOM-UHI-BHI-3cae609052,TK-PB-Drahi_17-d1-HOM-UHI-62618e628e-r1,SS-3cf9bda45ea4,21,0,single_solve,OPTIMAL,FEASIBLE_POINT,725584.5399224998,725584.5399224998,0,768,768,1182,3339,24,0,24,120,24,1,0,0,NaN,0,NaN,0.0,4.3655745685100555e-11,
1,23,DETERMINISTIC_RH,SA,shared_battery_mode_node_level_v1,SI-Drahi_17-d1-HOM-UHI-BHI-3cae609052,TK-PB-Drahi_17-d1-HOM-UHI-62618e628e-r1,SS-3cf9bda45ea4,21,0,single_solve,OPTIMAL,FEASIBLE_POINT,725584.5399224998,725584.5399224998,0,768,768,1182,3339,24,0,24,120,24,1,0,0,NaN,0,NaN,0.0,4.3655745685100555e-11,
1,24,DETERMINISTIC_RH,SA,shared_battery_mode_node_level_v1,SI-Drahi_17-d1-HOM-UHI-BHI-3cae609052,TK-PB-Drahi_17-d1-HOM-UHI-62618e628e-r1,SS-3cf9bda45ea4,21,0,single_solve,OPTIMAL,FEASIBLE_POINT,725584.5399224998,725584.5399224998,0,768,768,1182,3339,24,0,24,120,24,1,0,0,NaN,0,NaN,0.0,4.3655745685100555e-11,
1,1,DETERMINISTIC_RH,STATIC_DEMAND_SHARE,shared_battery_mode_node_level_v1,SI-Drahi_17-d1-HOM-UHI-BHI-3cae609052,TK-PB-Drahi_17-d1-HOM-UHI-62618e628e-r1,SS-5d5bbea46d20,1,0,single_solve,OPTIMAL,FEASIBLE_POINT,741230.3442749949,741230.3442749949,0,768,768,1297,1659,24,0,24,120,24,1,0,0,NaN,0,NaN,1.4210854715202004e-14,0.0,
1,2,DETERMINISTIC_RH,STATIC_DEMAND_SHARE,shared_battery_mode_node_level_v1,SI-Drahi_17-d1-HOM-UHI-BHI-3cae609052,TK-PB-Drahi_17-d1-HOM-UHI-62618e628e-r1,SS-5d5bbea46d20,1,0,single_solve,OPTIMAL,FEASIBLE_POINT,741230.3442749949,741230.3442749949,0,768,768,1297,1659,24,0,24,120,24,1,0,0,NaN,0,NaN,6.821210263296962e-13,0.0,
1,3,DETERMINISTIC_RH,STATIC_DEMAND_SHARE,shared_battery_mode_node_level_v1,SI-Drahi_17-d1-HOM-UHI-BHI-3cae609052,TK-PB-Drahi_17-d1-HOM-UHI-62618e628e-r1,SS-5d5bbea46d20,1,0,single_solve,OPTIMAL,FEASIBLE_POINT,741230.3442749949,741230.3442749949,0,768,768,1297,1659,24,0,24,120,24,1,0,0,NaN,0,NaN,4.831690603168681e-13,0.0,
1,4,DETERMINISTIC_RH,STATIC_DEMAND_SHARE,shared_battery_mode_node_level_v1,SI-Drahi_17-d1-HOM-UHI-BHI-3cae609052,TK-PB-Drahi_17-d1-HOM-UHI-62618e628e-r1,SS-5d5bbea46d20,1,0,single_solve,OPTIMAL,FEASIBLE_POINT,741230.3442749949,741230.3442749949,0,768,768,1297,1659,24,0,24,120,24,1,0,0,NaN,0,NaN,5.968558980384842e-13,0.0,
1,5,DETERMINISTIC_RH,STATIC_DEMAND_SHARE,shared_battery_mode_node_level_v1,SI-Drahi_17-d1-HOM-UHI-BHI-3cae609052,TK-PB-Drahi_17-d1-HOM-UHI-62618e628e-r1,SS-102adc95e052,5,0,single_solve,OPTIMAL,FEASIBLE_POINT,682850.7072003665,682850.7072003665,0,768,768,1297,1659,24,0,24,120,24,1,0,0,NaN,0,NaN,0.0,0.0,
1,6,DETERMINISTIC_RH,STATIC_DEMAND_SHARE,shared_battery_mode_node_level_v1,SI-Drahi_17-d1-HOM-UHI-BHI-3cae609052,TK-PB-Drahi_17-d1-HOM-UHI-62618e628e-r1,SS-102adc95e052,5,0,single_solve,OPTIMAL,FEASIBLE_POINT,682850.7072003665,682850.7072003665,0,768,768,1297,1659,24,0,24,120,24,1,0,0,NaN,0,NaN,5.968558980384842e-13,0.0,
1,7,DETERMINISTIC_RH,STATIC_DEMAND_SHARE,shared_battery_mode_node_level_v1,SI-Drahi_17-d1-HOM-UHI-BHI-3cae609052,TK-PB-Drahi_17-d1-HOM-UHI-62618e628e-r1,SS-102adc95e052,5,0,single_solve,OPTIMAL,FEASIBLE_POINT,682850.7072003665,682850.7072003665,0,768,768,1297,1659,24,0,24,120,24,1,0,0,NaN,0,NaN,5.115907697472721e-13,0.0,
1,8,DETERMINISTIC_RH,STATIC_DEMAND_SHARE,shared_battery_mode_node_level_v1,SI-Drahi_17-d1-HOM-UHI-BHI-3cae609052,TK-PB-Drahi_17-d1-HOM-UHI-62618e628e-r1,SS-102adc95e052,5,0,single_solve,OPTIMAL,FEASIBLE_POINT,682850.7072003665,682850.7072003665,0,768,768,1297,1659,24,0,24,120,24,1,0,0,NaN,0,NaN,7.958078640513122e-13,0.0,
1,9,DETERMINISTIC_RH,STATIC_DEMAND_SHARE,shared_battery_mode_node_level_v1,SI-Drahi_17-d1-HOM-UHI-BHI-3cae609052,TK-PB-Drahi_17-d1-HOM-UHI-62618e628e-r1,SS-19da242d4543,9,0,single_solve,OPTIMAL,FEASIBLE_POINT,727763.7569541298,727763.7569541298,0,768,768,1297,1659,24,0,24,120,24,1,0,0,NaN,0,NaN,4.274358644806853e-15,0.0,
1,10,DETERMINISTIC_RH,STATIC_DEMAND_SHARE,shared_battery_mode_node_level_v1,SI-Drahi_17-d1-HOM-UHI-BHI-3cae609052,TK-PB-Drahi_17-d1-HOM-UHI-62618e628e-r1,SS-19da242d4543,9,0,single_solve,OPTIMAL,FEASIBLE_POINT,727763.7569541298,727763.7569541298,0,768,768,1297,1659,24,0,24,120,24,1,0,0,NaN,0,NaN,7.467915175141115e-13,0.0,
1,11,DETERMINISTIC_RH,STATIC_DEMAND_SHARE,shared_battery_mode_node_level_v1,SI-Drahi_17-d1-HOM-UHI-BHI-3cae609052,TK-PB-Drahi_17-d1-HOM-UHI-62618e628e-r1,SS-19da242d4543,9,0,single_solve,OPTIMAL,FEASIBLE_POINT,727763.7569541298,727763.7569541298,0,768,768,1297,1659,24,0,24,120,24,1,0,0,NaN,0,NaN,3.410605131648481e-13,0.0,
1,12,DETERMINISTIC_RH,STATIC_DEMAND_SHARE,shared_battery_mode_node_level_v1,SI-Drahi_17-d1-HOM-UHI-BHI-3cae609052,TK-PB-Drahi_17-d1-HOM-UHI-62618e628e-r1,SS-19da242d4543,9,0,single_solve,OPTIMAL,FEASIBLE_POINT,727763.7569541298,727763.7569541298,0,768,768,1297,1659,24,0,24,120,24,1,0,0,NaN,0,NaN,2.2737367544323206e-13,0.0,
1,13,DETERMINISTIC_RH,STATIC_DEMAND_SHARE,shared_battery_mode_node_level_v1,SI-Drahi_17-d1-HOM-UHI-BHI-3cae609052,TK-PB-Drahi_17-d1-HOM-UHI-62618e628e-r1,SS-354317d12b7f,13,0,single_solve,OPTIMAL,FEASIBLE_POINT,725999.5418485702,725999.5418485702,0,768,768,1297,1659,24,0,24,120,24,1,0,0,NaN,0,NaN,0.0,0.0,
1,14,DETERMINISTIC_RH,STATIC_DEMAND_SHARE,shared_battery_mode_node_level_v1,SI-Drahi_17-d1-HOM-UHI-BHI-3cae609052,TK-PB-Drahi_17-d1-HOM-UHI-62618e628e-r1,SS-354317d12b7f,13,0,single_solve,OPTIMAL,FEASIBLE_POINT,725999.5418485702,725999.5418485702,0,768,768,1297,1659,24,0,24,120,24,1,0,0,NaN,0,NaN,3.552713678800501e-13,0.0,
1,15,DETERMINISTIC_RH,STATIC_DEMAND_SHARE,shared_battery_mode_node_level_v1,SI-Drahi_17-d1-HOM-UHI-BHI-3cae609052,TK-PB-Drahi_17-d1-HOM-UHI-62618e628e-r1,SS-354317d12b7f,13,0,single_solve,OPTIMAL,FEASIBLE_POINT,725999.5418485702,725999.5418485702,0,768,768,1297,1659,24,0,24,120,24,1,0,0,NaN,0,NaN,2.7711166694643907e-13,0.0,
1,16,DETERMINISTIC_RH,STATIC_DEMAND_SHARE,shared_battery_mode_node_level_v1,SI-Drahi_17-d1-HOM-UHI-BHI-3cae609052,TK-PB-Drahi_17-d1-HOM-UHI-62618e628e-r1,SS-354317d12b7f,13,0,single_solve,OPTIMAL,FEASIBLE_POINT,725999.5418485702,725999.5418485702,0,768,768,1297,1659,24,0,24,120,24,1,0,0,NaN,0,NaN,1.3500311979441904e-13,0.0,
1,17,DETERMINISTIC_RH,STATIC_DEMAND_SHARE,shared_battery_mode_node_level_v1,SI-Drahi_17-d1-HOM-UHI-BHI-3cae609052,TK-PB-Drahi_17-d1-HOM-UHI-62618e628e-r1,SS-c81930d9c8ba,17,0,single_solve,OPTIMAL,FEASIBLE_POINT,723991.2150451336,723991.2150451336,0,768,768,1297,1659,24,0,24,120,24,1,0,0,NaN,0,NaN,8.881784197001252e-16,0.0,
1,18,DETERMINISTIC_RH,STATIC_DEMAND_SHARE,shared_battery_mode_node_level_v1,SI-Drahi_17-d1-HOM-UHI-BHI-3cae609052,TK-PB-Drahi_17-d1-HOM-UHI-62618e628e-r1,SS-c81930d9c8ba,17,0,single_solve,OPTIMAL,FEASIBLE_POINT,723991.2150451336,723991.2150451336,0,768,768,1297,1659,24,0,24,120,24,1,0,0,NaN,0,NaN,1.9539925233402755e-14,0.0,
1,19,DETERMINISTIC_RH,STATIC_DEMAND_SHARE,shared_battery_mode_node_level_v1,SI-Drahi_17-d1-HOM-UHI-BHI-3cae609052,TK-PB-Drahi_17-d1-HOM-UHI-62618e628e-r1,SS-c81930d9c8ba,17,0,single_solve,OPTIMAL,FEASIBLE_POINT,723991.2150451336,723991.2150451336,0,768,768,1297,1659,24,0,24,120,24,1,0,0,NaN,0,NaN,1.27675647831893e-15,0.0,
1,20,DETERMINISTIC_RH,STATIC_DEMAND_SHARE,shared_battery_mode_node_level_v1,SI-Drahi_17-d1-HOM-UHI-BHI-3cae609052,TK-PB-Drahi_17-d1-HOM-UHI-62618e628e-r1,SS-c81930d9c8ba,17,0,single_solve,OPTIMAL,FEASIBLE_POINT,723991.2150451336,723991.2150451336,0,768,768,1297,1659,24,0,24,120,24,1,0,0,NaN,0,NaN,0.0,0.0,
1,21,DETERMINISTIC_RH,STATIC_DEMAND_SHARE,shared_battery_mode_node_level_v1,SI-Drahi_17-d1-HOM-UHI-BHI-3cae609052,TK-PB-Drahi_17-d1-HOM-UHI-62618e628e-r1,SS-3cf9bda45ea4,21,0,single_solve,OPTIMAL,FEASIBLE_POINT,725584.5399224998,725584.5399224998,0,768,768,1297,1659,24,0,24,120,24,1,0,0,NaN,0,NaN,0.0,0.0,
1,22,DETERMINISTIC_RH,STATIC_DEMAND_SHARE,shared_battery_mode_node_level_v1,SI-Drahi_17-d1-HOM-UHI-BHI-3cae609052,TK-PB-Drahi_17-d1-HOM-UHI-62618e628e-r1,SS-3cf9bda45ea4,21,0,single_solve,OPTIMAL,FEASIBLE_POINT,725584.5399224998,725584.5399224998,0,768,768,1297,1659,24,0,24,120,24,1,0,0,NaN,0,NaN,0.0,0.0,
1,23,DETERMINISTIC_RH,STATIC_DEMAND_SHARE,shared_battery_mode_node_level_v1,SI-Drahi_17-d1-HOM-UHI-BHI-3cae609052,TK-PB-Drahi_17-d1-HOM-UHI-62618e628e-r1,SS-3cf9bda45ea4,21,0,single_solve,OPTIMAL,FEASIBLE_POINT,725584.5399224998,725584.5399224998,0,768,768,1297,1659,24,0,24,120,24,1,0,0,NaN,0,NaN,0.0,0.0,
1,24,DETERMINISTIC_RH,STATIC_DEMAND_SHARE,shared_battery_mode_node_level_v1,SI-Drahi_17-d1-HOM-UHI-BHI-3cae609052,TK-PB-Drahi_17-d1-HOM-UHI-62618e628e-r1,SS-3cf9bda45ea4,21,0,single_solve,OPTIMAL,FEASIBLE_POINT,725584.5399224998,725584.5399224998,0,768,768,1297,1659,24,0,24,120,24,1,0,0,NaN,0,NaN,0.0,0.0,
1,1,MULTISTAGE_RH,LEXMMFPEA,shared_battery_mode_node_level_v1,SI-Drahi_17-d1-HOM-UHI-BHI-3cae609052,TK-PB-Drahi_17-d1-HOM-UHI-62618e628e-r1,SS-5d5bbea46d20,1,1,lex_phase_1,OPTIMAL,FEASIBLE_POINT,246.09492244238902,246.09492244238902,0,76446,76446,117318,210528,2388,0,2388,11940,2388,256,0,0,NaN,0,NaN,1.4210854715202004e-14,1.0000000000001137,
1,1,MULTISTAGE_RH,LEXMMFPEA,shared_battery_mode_node_level_v1,SI-Drahi_17-d1-HOM-UHI-BHI-3cae609052,TK-PB-Drahi_17-d1-HOM-UHI-62618e628e-r1,SS-5d5bbea46d20,1,2,lex_phase_2,OPTIMAL,FEASIBLE_POINT,492.1898448847779,492.1898448847779,0,76446,76446,117319,210534,2388,0,2388,11940,2388,256,0,0,NaN,0,NaN,1.4210854715202004e-14,1.0000000000001137,
1,1,MULTISTAGE_RH,LEXMMFPEA,shared_battery_mode_node_level_v1,SI-Drahi_17-d1-HOM-UHI-BHI-3cae609052,TK-PB-Drahi_17-d1-HOM-UHI-62618e628e-r1,SS-5d5bbea46d20,1,3,lex_phase_3,OPTIMAL,FEASIBLE_POINT,738.284767327167,738.284767327167,0,76446,76446,117320,210540,2388,0,2388,11940,2388,256,0,0,NaN,0,NaN,1.4210854715202004e-14,1.0000000000001137,
1,1,MULTISTAGE_RH,LEXMMFPEA,shared_battery_mode_node_level_v1,SI-Drahi_17-d1-HOM-UHI-BHI-3cae609052,TK-PB-Drahi_17-d1-HOM-UHI-62618e628e-r1,SS-5d5bbea46d20,1,4,lex_phase_4,OPTIMAL,FEASIBLE_POINT,984.3796897695559,984.3796897695559,0,76446,76446,117321,210546,2388,0,2388,11940,2388,256,0,0,NaN,0,NaN,1.4210854715202004e-14,1.0000000000001137,
1,1,MULTISTAGE_RH,LEXMMFPEA,shared_battery_mode_node_level_v1,SI-Drahi_17-d1-HOM-UHI-BHI-3cae609052,TK-PB-Drahi_17-d1-HOM-UHI-62618e628e-r1,SS-5d5bbea46d20,1,5,lex_phase_5,OPTIMAL,FEASIBLE_POINT,1230.474612211945,1230.474612211945,0,76446,76446,117322,210552,2388,0,2388,11940,2388,256,0,0,NaN,0,NaN,1.4210854715202004e-14,1.0000000000001137,
1,1,MULTISTAGE_RH,LEXMMFPEA,shared_battery_mode_node_level_v1,SI-Drahi_17-d1-HOM-UHI-BHI-3cae609052,TK-PB-Drahi_17-d1-HOM-UHI-62618e628e-r1,SS-5d5bbea46d20,1,6,economic_tie_break,OPTIMAL,FEASIBLE_POINT,741230.3442749949,741230.3442749949,0,76446,76446,117323,210558,2388,0,2388,11940,2388,256,0,0,NaN,0,NaN,1.4210854715202004e-14,1.0000000000001137,
1,2,MULTISTAGE_RH,LEXMMFPEA,shared_battery_mode_node_level_v1,SI-Drahi_17-d1-HOM-UHI-BHI-3cae609052,TK-PB-Drahi_17-d1-HOM-UHI-62618e628e-r1,SS-5d5bbea46d20,1,1,lex_phase_1,OPTIMAL,FEASIBLE_POINT,246.09492244238902,246.09492244238902,0,76446,76446,117318,210528,2388,0,2388,11940,2388,256,0,0,NaN,0,NaN,7.105427357601002e-15,1.0000000000001137,
1,2,MULTISTAGE_RH,LEXMMFPEA,shared_battery_mode_node_level_v1,SI-Drahi_17-d1-HOM-UHI-BHI-3cae609052,TK-PB-Drahi_17-d1-HOM-UHI-62618e628e-r1,SS-5d5bbea46d20,1,2,lex_phase_2,OPTIMAL,FEASIBLE_POINT,492.1898448847779,492.1898448847779,0,76446,76446,117319,210534,2388,0,2388,11940,2388,256,0,0,NaN,0,NaN,7.105427357601002e-15,1.0000000000001137,
1,2,MULTISTAGE_RH,LEXMMFPEA,shared_battery_mode_node_level_v1,SI-Drahi_17-d1-HOM-UHI-BHI-3cae609052,TK-PB-Drahi_17-d1-HOM-UHI-62618e628e-r1,SS-5d5bbea46d20,1,3,lex_phase_3,OPTIMAL,FEASIBLE_POINT,738.284767327167,738.284767327167,0,76446,76446,117320,210540,2388,0,2388,11940,2388,256,0,0,NaN,0,NaN,7.105427357601002e-15,1.0000000000001137,
1,2,MULTISTAGE_RH,LEXMMFPEA,shared_battery_mode_node_level_v1,SI-Drahi_17-d1-HOM-UHI-BHI-3cae609052,TK-PB-Drahi_17-d1-HOM-UHI-62618e628e-r1,SS-5d5bbea46d20,1,4,lex_phase_4,OPTIMAL,FEASIBLE_POINT,984.3796897695559,984.3796897695559,0,76446,76446,117321,210546,2388,0,2388,11940,2388,256,0,0,NaN,0,NaN,7.105427357601002e-15,1.0000000000001137,
1,2,MULTISTAGE_RH,LEXMMFPEA,shared_battery_mode_node_level_v1,SI-Drahi_17-d1-HOM-UHI-BHI-3cae609052,TK-PB-Drahi_17-d1-HOM-UHI-62618e628e-r1,SS-5d5bbea46d20,1,5,lex_phase_5,OPTIMAL,FEASIBLE_POINT,1230.474612211945,1230.474612211945,0,76446,76446,117322,210552,2388,0,2388,11940,2388,256,0,0,NaN,0,NaN,7.105427357601002e-15,1.0000000000001137,
1,2,MULTISTAGE_RH,LEXMMFPEA,shared_battery_mode_node_level_v1,SI-Drahi_17-d1-HOM-UHI-BHI-3cae609052,TK-PB-Drahi_17-d1-HOM-UHI-62618e628e-r1,SS-5d5bbea46d20,1,6,economic_tie_break,OPTIMAL,FEASIBLE_POINT,741230.3442749949,741230.3442749949,0,76446,76446,117323,210558,2388,0,2388,11940,2388,256,0,0,NaN,0,NaN,7.105427357601002e-15,1.0000000000001137,
1,3,MULTISTAGE_RH,LEXMMFPEA,shared_battery_mode_node_level_v1,SI-Drahi_17-d1-HOM-UHI-BHI-3cae609052,TK-PB-Drahi_17-d1-HOM-UHI-62618e628e-r1,SS-5d5bbea46d20,1,1,lex_phase_1,OPTIMAL,FEASIBLE_POINT,246.09492244238902,246.09492244238902,0,76446,76446,117318,210528,2388,0,2388,11940,2388,256,0,0,NaN,0,NaN,7.105427357601002e-15,1.0000000000001137,
1,3,MULTISTAGE_RH,LEXMMFPEA,shared_battery_mode_node_level_v1,SI-Drahi_17-d1-HOM-UHI-BHI-3cae609052,TK-PB-Drahi_17-d1-HOM-UHI-62618e628e-r1,SS-5d5bbea46d20,1,2,lex_phase_2,OPTIMAL,FEASIBLE_POINT,492.1898448847779,492.1898448847779,0,76446,76446,117319,210534,2388,0,2388,11940,2388,256,0,0,NaN,0,NaN,7.105427357601002e-15,1.0000000000001137,
1,3,MULTISTAGE_RH,LEXMMFPEA,shared_battery_mode_node_level_v1,SI-Drahi_17-d1-HOM-UHI-BHI-3cae609052,TK-PB-Drahi_17-d1-HOM-UHI-62618e628e-r1,SS-5d5bbea46d20,1,3,lex_phase_3,OPTIMAL,FEASIBLE_POINT,738.284767327167,738.284767327167,0,76446,76446,117320,210540,2388,0,2388,11940,2388,256,0,0,NaN,0,NaN,7.105427357601002e-15,1.0000000000001137,
1,3,MULTISTAGE_RH,LEXMMFPEA,shared_battery_mode_node_level_v1,SI-Drahi_17-d1-HOM-UHI-BHI-3cae609052,TK-PB-Drahi_17-d1-HOM-UHI-62618e628e-r1,SS-5d5bbea46d20,1,4,lex_phase_4,OPTIMAL,FEASIBLE_POINT,984.3796897695559,984.3796897695559,0,76446,76446,117321,210546,2388,0,2388,11940,2388,256,0,0,NaN,0,NaN,7.105427357601002e-15,1.0000000000001137,
1,3,MULTISTAGE_RH,LEXMMFPEA,shared_battery_mode_node_level_v1,SI-Drahi_17-d1-HOM-UHI-BHI-3cae609052,TK-PB-Drahi_17-d1-HOM-UHI-62618e628e-r1,SS-5d5bbea46d20,1,5,lex_phase_5,OPTIMAL,FEASIBLE_POINT,1230.474612211945,1230.474612211945,0,76446,76446,117322,210552,2388,0,2388,11940,2388,256,0,0,NaN,0,NaN,7.105427357601002e-15,1.0000000000001137,
1,3,MULTISTAGE_RH,LEXMMFPEA,shared_battery_mode_node_level_v1,SI-Drahi_17-d1-HOM-UHI-BHI-3cae609052,TK-PB-Drahi_17-d1-HOM-UHI-62618e628e-r1,SS-5d5bbea46d20,1,6,economic_tie_break,OPTIMAL,FEASIBLE_POINT,741230.3442749949,741230.3442749949,0,76446,76446,117323,210558,2388,0,2388,11940,2388,256,0,0,NaN,0,NaN,7.105427357601002e-15,1.0000000000001137,
1,4,MULTISTAGE_RH,LEXMMFPEA,shared_battery_mode_node_level_v1,SI-Drahi_17-d1-HOM-UHI-BHI-3cae609052,TK-PB-Drahi_17-d1-HOM-UHI-62618e628e-r1,SS-5d5bbea46d20,1,1,lex_phase_1,OPTIMAL,FEASIBLE_POINT,246.09492244238902,246.09492244238902,0,76446,76446,117318,210528,2388,0,2388,11940,2388,256,0,0,NaN,0,NaN,7.105427357601002e-15,1.0000000000001137,
1,4,MULTISTAGE_RH,LEXMMFPEA,shared_battery_mode_node_level_v1,SI-Drahi_17-d1-HOM-UHI-BHI-3cae609052,TK-PB-Drahi_17-d1-HOM-UHI-62618e628e-r1,SS-5d5bbea46d20,1,2,lex_phase_2,OPTIMAL,FEASIBLE_POINT,492.1898448847779,492.1898448847779,0,76446,76446,117319,210534,2388,0,2388,11940,2388,256,0,0,NaN,0,NaN,7.105427357601002e-15,1.0000000000001137,
1,4,MULTISTAGE_RH,LEXMMFPEA,shared_battery_mode_node_level_v1,SI-Drahi_17-d1-HOM-UHI-BHI-3cae609052,TK-PB-Drahi_17-d1-HOM-UHI-62618e628e-r1,SS-5d5bbea46d20,1,3,lex_phase_3,OPTIMAL,FEASIBLE_POINT,738.284767327167,738.284767327167,0,76446,76446,117320,210540,2388,0,2388,11940,2388,256,0,0,NaN,0,NaN,7.105427357601002e-15,1.0000000000001137,
1,4,MULTISTAGE_RH,LEXMMFPEA,shared_battery_mode_node_level_v1,SI-Drahi_17-d1-HOM-UHI-BHI-3cae609052,TK-PB-Drahi_17-d1-HOM-UHI-62618e628e-r1,SS-5d5bbea46d20,1,4,lex_phase_4,OPTIMAL,FEASIBLE_POINT,984.3796897695559,984.3796897695559,0,76446,76446,117321,210546,2388,0,2388,11940,2388,256,0,0,NaN,0,NaN,7.105427357601002e-15,1.0000000000001137,
1,4,MULTISTAGE_RH,LEXMMFPEA,shared_battery_mode_node_level_v1,SI-Drahi_17-d1-HOM-UHI-BHI-3cae609052,TK-PB-Drahi_17-d1-HOM-UHI-62618e628e-r1,SS-5d5bbea46d20,1,5,lex_phase_5,OPTIMAL,FEASIBLE_POINT,1230.474612211945,1230.474612211945,0,76446,76446,117322,210552,2388,0,2388,11940,2388,256,0,0,NaN,0,NaN,7.105427357601002e-15,1.0000000000001137,
1,4,MULTISTAGE_RH,LEXMMFPEA,shared_battery_mode_node_level_v1,SI-Drahi_17-d1-HOM-UHI-BHI-3cae609052,TK-PB-Drahi_17-d1-HOM-UHI-62618e628e-r1,SS-5d5bbea46d20,1,6,economic_tie_break,OPTIMAL,FEASIBLE_POINT,741230.3442749949,741230.3442749949,0,76446,76446,117323,210558,2388,0,2388,11940,2388,256,0,0,NaN,0,NaN,7.105427357601002e-15,1.0000000000001137,
1,5,MULTISTAGE_RH,LEXMMFPEA,shared_battery_mode_node_level_v1,SI-Drahi_17-d1-HOM-UHI-BHI-3cae609052,TK-PB-Drahi_17-d1-HOM-UHI-62618e628e-r1,SS-102adc95e052,5,1,lex_phase_1,OPTIMAL,FEASIBLE_POINT,457.687553905443,457.687553905443,0,76446,76446,117318,206988,2388,0,2388,11940,2388,256,0,0,NaN,0,NaN,0.0,1.0000000000002274,
1,5,MULTISTAGE_RH,LEXMMFPEA,shared_battery_mode_node_level_v1,SI-Drahi_17-d1-HOM-UHI-BHI-3cae609052,TK-PB-Drahi_17-d1-HOM-UHI-62618e628e-r1,SS-102adc95e052,5,2,lex_phase_2,OPTIMAL,FEASIBLE_POINT,915.3751078108864,915.3751078108864,0,76446,76446,117319,206994,2388,0,2388,11940,2388,256,0,0,NaN,0,NaN,0.0,1.0000000000002274,
1,5,MULTISTAGE_RH,LEXMMFPEA,shared_battery_mode_node_level_v1,SI-Drahi_17-d1-HOM-UHI-BHI-3cae609052,TK-PB-Drahi_17-d1-HOM-UHI-62618e628e-r1,SS-102adc95e052,5,3,lex_phase_3,OPTIMAL,FEASIBLE_POINT,1373.0626617163298,1373.0626617163298,0,76446,76446,117320,207000,2388,0,2388,11940,2388,256,0,0,NaN,0,NaN,0.0,1.0000000000002274,
1,5,MULTISTAGE_RH,LEXMMFPEA,shared_battery_mode_node_level_v1,SI-Drahi_17-d1-HOM-UHI-BHI-3cae609052,TK-PB-Drahi_17-d1-HOM-UHI-62618e628e-r1,SS-102adc95e052,5,4,lex_phase_4,OPTIMAL,FEASIBLE_POINT,1830.750215621773,1830.750215621773,0,76446,76446,117321,207006,2388,0,2388,11940,2388,256,0,0,NaN,0,NaN,0.0,1.0000000000002274,
1,5,MULTISTAGE_RH,LEXMMFPEA,shared_battery_mode_node_level_v1,SI-Drahi_17-d1-HOM-UHI-BHI-3cae609052,TK-PB-Drahi_17-d1-HOM-UHI-62618e628e-r1,SS-102adc95e052,5,5,lex_phase_5,OPTIMAL,FEASIBLE_POINT,2288.4377695272156,2288.4377695272156,0,76446,76446,117322,207012,2388,0,2388,11940,2388,256,0,0,NaN,0,NaN,0.0,1.0000000000002274,
1,5,MULTISTAGE_RH,LEXMMFPEA,shared_battery_mode_node_level_v1,SI-Drahi_17-d1-HOM-UHI-BHI-3cae609052,TK-PB-Drahi_17-d1-HOM-UHI-62618e628e-r1,SS-102adc95e052,5,6,economic_tie_break,OPTIMAL,FEASIBLE_POINT,682850.7072003647,682850.7072003647,0,76446,76446,117323,207018,2388,0,2388,11940,2388,256,0,0,NaN,0,NaN,0.0,1.0000000000002274,
1,6,MULTISTAGE_RH,LEXMMFPEA,shared_battery_mode_node_level_v1,SI-Drahi_17-d1-HOM-UHI-BHI-3cae609052,TK-PB-Drahi_17-d1-HOM-UHI-62618e628e-r1,SS-102adc95e052,5,1,lex_phase_1,OPTIMAL,FEASIBLE_POINT,457.687553905443,457.687553905443,0,76446,76446,117318,206988,2388,0,2388,11940,2388,256,0,0,NaN,0,NaN,0.0,1.0000000000002274,
1,6,MULTISTAGE_RH,LEXMMFPEA,shared_battery_mode_node_level_v1,SI-Drahi_17-d1-HOM-UHI-BHI-3cae609052,TK-PB-Drahi_17-d1-HOM-UHI-62618e628e-r1,SS-102adc95e052,5,2,lex_phase_2,OPTIMAL,FEASIBLE_POINT,915.3751078108864,915.3751078108864,0,76446,76446,117319,206994,2388,0,2388,11940,2388,256,0,0,NaN,0,NaN,0.0,1.0000000000002274,
1,6,MULTISTAGE_RH,LEXMMFPEA,shared_battery_mode_node_level_v1,SI-Drahi_17-d1-HOM-UHI-BHI-3cae609052,TK-PB-Drahi_17-d1-HOM-UHI-62618e628e-r1,SS-102adc95e052,5,3,lex_phase_3,OPTIMAL,FEASIBLE_POINT,1373.0626617163298,1373.0626617163298,0,76446,76446,117320,207000,2388,0,2388,11940,2388,256,0,0,NaN,0,NaN,0.0,1.0000000000002274,
1,6,MULTISTAGE_RH,LEXMMFPEA,shared_battery_mode_node_level_v1,SI-Drahi_17-d1-HOM-UHI-BHI-3cae609052,TK-PB-Drahi_17-d1-HOM-UHI-62618e628e-r1,SS-102adc95e052,5,4,lex_phase_4,OPTIMAL,FEASIBLE_POINT,1830.750215621773,1830.750215621773,0,76446,76446,117321,207006,2388,0,2388,11940,2388,256,0,0,NaN,0,NaN,0.0,1.0000000000002274,
1,6,MULTISTAGE_RH,LEXMMFPEA,shared_battery_mode_node_level_v1,SI-Drahi_17-d1-HOM-UHI-BHI-3cae609052,TK-PB-Drahi_17-d1-HOM-UHI-62618e628e-r1,SS-102adc95e052,5,5,lex_phase_5,OPTIMAL,FEASIBLE_POINT,2288.4377695272156,2288.4377695272156,0,76446,76446,117322,207012,2388,0,2388,11940,2388,256,0,0,NaN,0,NaN,0.0,1.0000000000002274,
1,6,MULTISTAGE_RH,LEXMMFPEA,shared_battery_mode_node_level_v1,SI-Drahi_17-d1-HOM-UHI-BHI-3cae609052,TK-PB-Drahi_17-d1-HOM-UHI-62618e628e-r1,SS-102adc95e052,5,6,economic_tie_break,OPTIMAL,FEASIBLE_POINT,682850.7072003647,682850.7072003647,0,76446,76446,117323,207018,2388,0,2388,11940,2388,256,0,0,NaN,0,NaN,0.0,1.0000000000002274,
1,7,MULTISTAGE_RH,LEXMMFPEA,shared_battery_mode_node_level_v1,SI-Drahi_17-d1-HOM-UHI-BHI-3cae609052,TK-PB-Drahi_17-d1-HOM-UHI-62618e628e-r1,SS-102adc95e052,5,1,lex_phase_1,OPTIMAL,FEASIBLE_POINT,457.687553905443,457.687553905443,0,76446,76446,117318,206988,2388,0,2388,11940,2388,256,0,0,NaN,0,NaN,8.526512829121202e-14,1.0000000000002274,
1,7,MULTISTAGE_RH,LEXMMFPEA,shared_battery_mode_node_level_v1,SI-Drahi_17-d1-HOM-UHI-BHI-3cae609052,TK-PB-Drahi_17-d1-HOM-UHI-62618e628e-r1,SS-102adc95e052,5,2,lex_phase_2,OPTIMAL,FEASIBLE_POINT,915.3751078108864,915.3751078108864,0,76446,76446,117319,206994,2388,0,2388,11940,2388,256,0,0,NaN,0,NaN,8.526512829121202e-14,1.0000000000002274,
1,7,MULTISTAGE_RH,LEXMMFPEA,shared_battery_mode_node_level_v1,SI-Drahi_17-d1-HOM-UHI-BHI-3cae609052,TK-PB-Drahi_17-d1-HOM-UHI-62618e628e-r1,SS-102adc95e052,5,3,lex_phase_3,OPTIMAL,FEASIBLE_POINT,1373.0626617163298,1373.0626617163298,0,76446,76446,117320,207000,2388,0,2388,11940,2388,256,0,0,NaN,0,NaN,8.526512829121202e-14,1.0000000000002274,
1,7,MULTISTAGE_RH,LEXMMFPEA,shared_battery_mode_node_level_v1,SI-Drahi_17-d1-HOM-UHI-BHI-3cae609052,TK-PB-Drahi_17-d1-HOM-UHI-62618e628e-r1,SS-102adc95e052,5,4,lex_phase_4,OPTIMAL,FEASIBLE_POINT,1830.750215621773,1830.750215621773,0,76446,76446,117321,207006,2388,0,2388,11940,2388,256,0,0,NaN,0,NaN,8.526512829121202e-14,1.0000000000002274,
1,7,MULTISTAGE_RH,LEXMMFPEA,shared_battery_mode_node_level_v1,SI-Drahi_17-d1-HOM-UHI-BHI-3cae609052,TK-PB-Drahi_17-d1-HOM-UHI-62618e628e-r1,SS-102adc95e052,5,5,lex_phase_5,OPTIMAL,FEASIBLE_POINT,2288.4377695272156,2288.4377695272156,0,76446,76446,117322,207012,2388,0,2388,11940,2388,256,0,0,NaN,0,NaN,8.526512829121202e-14,1.0000000000002274,
1,7,MULTISTAGE_RH,LEXMMFPEA,shared_battery_mode_node_level_v1,SI-Drahi_17-d1-HOM-UHI-BHI-3cae609052,TK-PB-Drahi_17-d1-HOM-UHI-62618e628e-r1,SS-102adc95e052,5,6,economic_tie_break,OPTIMAL,FEASIBLE_POINT,682850.7072003647,682850.7072003647,0,76446,76446,117323,207018,2388,0,2388,11940,2388,256,0,0,NaN,0,NaN,8.526512829121202e-14,1.0000000000002274,
1,8,MULTISTAGE_RH,LEXMMFPEA,shared_battery_mode_node_level_v1,SI-Drahi_17-d1-HOM-UHI-BHI-3cae609052,TK-PB-Drahi_17-d1-HOM-UHI-62618e628e-r1,SS-102adc95e052,5,1,lex_phase_1,OPTIMAL,FEASIBLE_POINT,457.687553905443,457.687553905443,0,76446,76446,117318,206988,2388,0,2388,11940,2388,256,0,0,NaN,0,NaN,2.842170943040401e-14,1.0000000000002274,
1,8,MULTISTAGE_RH,LEXMMFPEA,shared_battery_mode_node_level_v1,SI-Drahi_17-d1-HOM-UHI-BHI-3cae609052,TK-PB-Drahi_17-d1-HOM-UHI-62618e628e-r1,SS-102adc95e052,5,2,lex_phase_2,OPTIMAL,FEASIBLE_POINT,915.3751078108864,915.3751078108864,0,76446,76446,117319,206994,2388,0,2388,11940,2388,256,0,0,NaN,0,NaN,2.842170943040401e-14,1.0000000000002274,
1,8,MULTISTAGE_RH,LEXMMFPEA,shared_battery_mode_node_level_v1,SI-Drahi_17-d1-HOM-UHI-BHI-3cae609052,TK-PB-Drahi_17-d1-HOM-UHI-62618e628e-r1,SS-102adc95e052,5,3,lex_phase_3,OPTIMAL,FEASIBLE_POINT,1373.0626617163298,1373.0626617163298,0,76446,76446,117320,207000,2388,0,2388,11940,2388,256,0,0,NaN,0,NaN,2.842170943040401e-14,1.0000000000002274,
1,8,MULTISTAGE_RH,LEXMMFPEA,shared_battery_mode_node_level_v1,SI-Drahi_17-d1-HOM-UHI-BHI-3cae609052,TK-PB-Drahi_17-d1-HOM-UHI-62618e628e-r1,SS-102adc95e052,5,4,lex_phase_4,OPTIMAL,FEASIBLE_POINT,1830.750215621773,1830.750215621773,0,76446,76446,117321,207006,2388,0,2388,11940,2388,256,0,0,NaN,0,NaN,2.842170943040401e-14,1.0000000000002274,
1,8,MULTISTAGE_RH,LEXMMFPEA,shared_battery_mode_node_level_v1,SI-Drahi_17-d1-HOM-UHI-BHI-3cae609052,TK-PB-Drahi_17-d1-HOM-UHI-62618e628e-r1,SS-102adc95e052,5,5,lex_phase_5,OPTIMAL,FEASIBLE_POINT,2288.4377695272156,2288.4377695272156,0,76446,76446,117322,207012,2388,0,2388,11940,2388,256,0,0,NaN,0,NaN,2.842170943040401e-14,1.0000000000002274,
1,8,MULTISTAGE_RH,LEXMMFPEA,shared_battery_mode_node_level_v1,SI-Drahi_17-d1-HOM-UHI-BHI-3cae609052,TK-PB-Drahi_17-d1-HOM-UHI-62618e628e-r1,SS-102adc95e052,5,6,economic_tie_break,OPTIMAL,FEASIBLE_POINT,682850.7072003647,682850.7072003647,0,76446,76446,117323,207018,2388,0,2388,11940,2388,256,0,0,NaN,0,NaN,2.842170943040401e-14,1.0000000000002274,
1,9,MULTISTAGE_RH,LEXMMFPEA,shared_battery_mode_node_level_v1,SI-Drahi_17-d1-HOM-UHI-BHI-3cae609052,TK-PB-Drahi_17-d1-HOM-UHI-62618e628e-r1,SS-19da242d4543,9,1,lex_phase_1,OPTIMAL,FEASIBLE_POINT,363.58910255087585,363.58910255087585,0,76446,76446,117318,210663,2388,0,2388,11940,2388,256,0,0,NaN,0,NaN,2.831068712794149e-15,0.7999999999994998,
1,9,MULTISTAGE_RH,LEXMMFPEA,shared_battery_mode_node_level_v1,SI-Drahi_17-d1-HOM-UHI-BHI-3cae609052,TK-PB-Drahi_17-d1-HOM-UHI-62618e628e-r1,SS-19da242d4543,9,2,lex_phase_2,OPTIMAL,FEASIBLE_POINT,727.1782051017515,727.1782051017515,0,76446,76446,117319,210669,2388,0,2388,11940,2388,256,0,0,NaN,0,NaN,2.831068712794149e-15,0.7999999999994998,
1,9,MULTISTAGE_RH,LEXMMFPEA,shared_battery_mode_node_level_v1,SI-Drahi_17-d1-HOM-UHI-BHI-3cae609052,TK-PB-Drahi_17-d1-HOM-UHI-62618e628e-r1,SS-19da242d4543,9,3,lex_phase_3,OPTIMAL,FEASIBLE_POINT,1090.767307652627,1090.767307652627,0,76446,76446,117320,210675,2388,0,2388,11940,2388,256,0,0,NaN,0,NaN,2.831068712794149e-15,0.7999999999994998,
1,9,MULTISTAGE_RH,LEXMMFPEA,shared_battery_mode_node_level_v1,SI-Drahi_17-d1-HOM-UHI-BHI-3cae609052,TK-PB-Drahi_17-d1-HOM-UHI-62618e628e-r1,SS-19da242d4543,9,4,lex_phase_4,OPTIMAL,FEASIBLE_POINT,1454.356410203503,1454.356410203503,0,76446,76446,117321,210681,2388,0,2388,11940,2388,256,0,0,NaN,0,NaN,2.831068712794149e-15,0.7999999999994998,
1,9,MULTISTAGE_RH,LEXMMFPEA,shared_battery_mode_node_level_v1,SI-Drahi_17-d1-HOM-UHI-BHI-3cae609052,TK-PB-Drahi_17-d1-HOM-UHI-62618e628e-r1,SS-19da242d4543,9,5,lex_phase_5,OPTIMAL,FEASIBLE_POINT,1817.9455127543788,1817.9455127543788,0,76446,76446,117322,210687,2388,0,2388,11940,2388,256,0,0,NaN,0,NaN,2.831068712794149e-15,0.7999999999994998,
1,9,MULTISTAGE_RH,LEXMMFPEA,shared_battery_mode_node_level_v1,SI-Drahi_17-d1-HOM-UHI-BHI-3cae609052,TK-PB-Drahi_17-d1-HOM-UHI-62618e628e-r1,SS-19da242d4543,9,6,economic_tie_break,OPTIMAL,FEASIBLE_POINT,727763.7569541311,727763.7569541311,0,76446,76446,117323,210693,2388,0,2388,11940,2388,256,0,0,NaN,0,NaN,2.831068712794149e-15,0.7999999999994998,
1,10,MULTISTAGE_RH,LEXMMFPEA,shared_battery_mode_node_level_v1,SI-Drahi_17-d1-HOM-UHI-BHI-3cae609052,TK-PB-Drahi_17-d1-HOM-UHI-62618e628e-r1,SS-19da242d4543,9,1,lex_phase_1,OPTIMAL,FEASIBLE_POINT,363.58910255087585,363.58910255087585,0,76446,76446,117318,210663,2388,0,2388,11940,2388,256,0,0,NaN,0,NaN,5.684341886080802e-14,0.7999999999994998,
1,10,MULTISTAGE_RH,LEXMMFPEA,shared_battery_mode_node_level_v1,SI-Drahi_17-d1-HOM-UHI-BHI-3cae609052,TK-PB-Drahi_17-d1-HOM-UHI-62618e628e-r1,SS-19da242d4543,9,2,lex_phase_2,OPTIMAL,FEASIBLE_POINT,727.1782051017515,727.1782051017515,0,76446,76446,117319,210669,2388,0,2388,11940,2388,256,0,0,NaN,0,NaN,5.684341886080802e-14,0.7999999999994998,
1,10,MULTISTAGE_RH,LEXMMFPEA,shared_battery_mode_node_level_v1,SI-Drahi_17-d1-HOM-UHI-BHI-3cae609052,TK-PB-Drahi_17-d1-HOM-UHI-62618e628e-r1,SS-19da242d4543,9,3,lex_phase_3,OPTIMAL,FEASIBLE_POINT,1090.767307652627,1090.767307652627,0,76446,76446,117320,210675,2388,0,2388,11940,2388,256,0,0,NaN,0,NaN,5.684341886080802e-14,0.7999999999994998,
1,10,MULTISTAGE_RH,LEXMMFPEA,shared_battery_mode_node_level_v1,SI-Drahi_17-d1-HOM-UHI-BHI-3cae609052,TK-PB-Drahi_17-d1-HOM-UHI-62618e628e-r1,SS-19da242d4543,9,4,lex_phase_4,OPTIMAL,FEASIBLE_POINT,1454.356410203503,1454.356410203503,0,76446,76446,117321,210681,2388,0,2388,11940,2388,256,0,0,NaN,0,NaN,5.684341886080802e-14,0.7999999999994998,
1,10,MULTISTAGE_RH,LEXMMFPEA,shared_battery_mode_node_level_v1,SI-Drahi_17-d1-HOM-UHI-BHI-3cae609052,TK-PB-Drahi_17-d1-HOM-UHI-62618e628e-r1,SS-19da242d4543,9,5,lex_phase_5,OPTIMAL,FEASIBLE_POINT,1817.9455127543788,1817.9455127543788,0,76446,76446,117322,210687,2388,0,2388,11940,2388,256,0,0,NaN,0,NaN,5.684341886080802e-14,0.7999999999994998,
1,10,MULTISTAGE_RH,LEXMMFPEA,shared_battery_mode_node_level_v1,SI-Drahi_17-d1-HOM-UHI-BHI-3cae609052,TK-PB-Drahi_17-d1-HOM-UHI-62618e628e-r1,SS-19da242d4543,9,6,economic_tie_break,OPTIMAL,FEASIBLE_POINT,727763.7569541311,727763.7569541311,0,76446,76446,117323,210693,2388,0,2388,11940,2388,256,0,0,NaN,0,NaN,5.684341886080802e-14,0.7999999999994998,
1,11,MULTISTAGE_RH,LEXMMFPEA,shared_battery_mode_node_level_v1,SI-Drahi_17-d1-HOM-UHI-BHI-3cae609052,TK-PB-Drahi_17-d1-HOM-UHI-62618e628e-r1,SS-19da242d4543,9,1,lex_phase_1,OPTIMAL,FEASIBLE_POINT,363.58910255087585,363.58910255087585,0,76446,76446,117318,210663,2388,0,2388,11940,2388,256,0,0,NaN,0,NaN,1.4210854715202004e-14,0.7999999999994998,
1,11,MULTISTAGE_RH,LEXMMFPEA,shared_battery_mode_node_level_v1,SI-Drahi_17-d1-HOM-UHI-BHI-3cae609052,TK-PB-Drahi_17-d1-HOM-UHI-62618e628e-r1,SS-19da242d4543,9,2,lex_phase_2,OPTIMAL,FEASIBLE_POINT,727.1782051017515,727.1782051017515,0,76446,76446,117319,210669,2388,0,2388,11940,2388,256,0,0,NaN,0,NaN,1.4210854715202004e-14,0.7999999999994998,
1,11,MULTISTAGE_RH,LEXMMFPEA,shared_battery_mode_node_level_v1,SI-Drahi_17-d1-HOM-UHI-BHI-3cae609052,TK-PB-Drahi_17-d1-HOM-UHI-62618e628e-r1,SS-19da242d4543,9,3,lex_phase_3,OPTIMAL,FEASIBLE_POINT,1090.767307652627,1090.767307652627,0,76446,76446,117320,210675,2388,0,2388,11940,2388,256,0,0,NaN,0,NaN,1.4210854715202004e-14,0.7999999999994998,
1,11,MULTISTAGE_RH,LEXMMFPEA,shared_battery_mode_node_level_v1,SI-Drahi_17-d1-HOM-UHI-BHI-3cae609052,TK-PB-Drahi_17-d1-HOM-UHI-62618e628e-r1,SS-19da242d4543,9,4,lex_phase_4,OPTIMAL,FEASIBLE_POINT,1454.356410203503,1454.356410203503,0,76446,76446,117321,210681,2388,0,2388,11940,2388,256,0,0,NaN,0,NaN,1.4210854715202004e-14,0.7999999999994998,
1,11,MULTISTAGE_RH,LEXMMFPEA,shared_battery_mode_node_level_v1,SI-Drahi_17-d1-HOM-UHI-BHI-3cae609052,TK-PB-Drahi_17-d1-HOM-UHI-62618e628e-r1,SS-19da242d4543,9,5,lex_phase_5,OPTIMAL,FEASIBLE_POINT,1817.9455127543788,1817.9455127543788,0,76446,76446,117322,210687,2388,0,2388,11940,2388,256,0,0,NaN,0,NaN,1.4210854715202004e-14,0.7999999999994998,
1,11,MULTISTAGE_RH,LEXMMFPEA,shared_battery_mode_node_level_v1,SI-Drahi_17-d1-HOM-UHI-BHI-3cae609052,TK-PB-Drahi_17-d1-HOM-UHI-62618e628e-r1,SS-19da242d4543,9,6,economic_tie_break,OPTIMAL,FEASIBLE_POINT,727763.7569541311,727763.7569541311,0,76446,76446,117323,210693,2388,0,2388,11940,2388,256,0,0,NaN,0,NaN,1.4210854715202004e-14,0.7999999999994998,
1,12,MULTISTAGE_RH,LEXMMFPEA,shared_battery_mode_node_level_v1,SI-Drahi_17-d1-HOM-UHI-BHI-3cae609052,TK-PB-Drahi_17-d1-HOM-UHI-62618e628e-r1,SS-19da242d4543,9,1,lex_phase_1,OPTIMAL,FEASIBLE_POINT,363.58910255087585,363.58910255087585,0,76446,76446,117318,210663,2388,0,2388,11940,2388,256,0,0,NaN,0,NaN,2.842170943040401e-14,0.7999999999994998,
1,12,MULTISTAGE_RH,LEXMMFPEA,shared_battery_mode_node_level_v1,SI-Drahi_17-d1-HOM-UHI-BHI-3cae609052,TK-PB-Drahi_17-d1-HOM-UHI-62618e628e-r1,SS-19da242d4543,9,2,lex_phase_2,OPTIMAL,FEASIBLE_POINT,727.1782051017515,727.1782051017515,0,76446,76446,117319,210669,2388,0,2388,11940,2388,256,0,0,NaN,0,NaN,2.842170943040401e-14,0.7999999999994998,
1,12,MULTISTAGE_RH,LEXMMFPEA,shared_battery_mode_node_level_v1,SI-Drahi_17-d1-HOM-UHI-BHI-3cae609052,TK-PB-Drahi_17-d1-HOM-UHI-62618e628e-r1,SS-19da242d4543,9,3,lex_phase_3,OPTIMAL,FEASIBLE_POINT,1090.767307652627,1090.767307652627,0,76446,76446,117320,210675,2388,0,2388,11940,2388,256,0,0,NaN,0,NaN,2.842170943040401e-14,0.7999999999994998,
1,12,MULTISTAGE_RH,LEXMMFPEA,shared_battery_mode_node_level_v1,SI-Drahi_17-d1-HOM-UHI-BHI-3cae609052,TK-PB-Drahi_17-d1-HOM-UHI-62618e628e-r1,SS-19da242d4543,9,4,lex_phase_4,OPTIMAL,FEASIBLE_POINT,1454.356410203503,1454.356410203503,0,76446,76446,117321,210681,2388,0,2388,11940,2388,256,0,0,NaN,0,NaN,2.842170943040401e-14,0.7999999999994998,
1,12,MULTISTAGE_RH,LEXMMFPEA,shared_battery_mode_node_level_v1,SI-Drahi_17-d1-HOM-UHI-BHI-3cae609052,TK-PB-Drahi_17-d1-HOM-UHI-62618e628e-r1,SS-19da242d4543,9,5,lex_phase_5,OPTIMAL,FEASIBLE_POINT,1817.9455127543788,1817.9455127543788,0,76446,76446,117322,210687,2388,0,2388,11940,2388,256,0,0,NaN,0,NaN,2.842170943040401e-14,0.7999999999994998,
1,12,MULTISTAGE_RH,LEXMMFPEA,shared_battery_mode_node_level_v1,SI-Drahi_17-d1-HOM-UHI-BHI-3cae609052,TK-PB-Drahi_17-d1-HOM-UHI-62618e628e-r1,SS-19da242d4543,9,6,economic_tie_break,OPTIMAL,FEASIBLE_POINT,727763.7569541311,727763.7569541311,0,76446,76446,117323,210693,2388,0,2388,11940,2388,256,0,0,NaN,0,NaN,2.842170943040401e-14,0.7999999999994998,
1,13,MULTISTAGE_RH,LEXMMFPEA,shared_battery_mode_node_level_v1,SI-Drahi_17-d1-HOM-UHI-BHI-3cae609052,TK-PB-Drahi_17-d1-HOM-UHI-62618e628e-r1,SS-354317d12b7f,13,1,lex_phase_1,OPTIMAL,FEASIBLE_POINT,487.67672394195137,487.67672394195137,0,76446,76446,117318,214743,2388,0,2388,11940,2388,256,0,0,NaN,0,NaN,0.0,0.9999999999997726,
1,13,MULTISTAGE_RH,LEXMMFPEA,shared_battery_mode_node_level_v1,SI-Drahi_17-d1-HOM-UHI-BHI-3cae609052,TK-PB-Drahi_17-d1-HOM-UHI-62618e628e-r1,SS-354317d12b7f,13,2,lex_phase_2,OPTIMAL,FEASIBLE_POINT,975.3534478839026,975.3534478839026,0,76446,76446,117319,214749,2388,0,2388,11940,2388,256,0,0,NaN,0,NaN,0.0,0.9999999999997726,
1,13,MULTISTAGE_RH,LEXMMFPEA,shared_battery_mode_node_level_v1,SI-Drahi_17-d1-HOM-UHI-BHI-3cae609052,TK-PB-Drahi_17-d1-HOM-UHI-62618e628e-r1,SS-354317d12b7f,13,3,lex_phase_3,OPTIMAL,FEASIBLE_POINT,1463.0301718258538,1463.0301718258538,0,76446,76446,117320,214755,2388,0,2388,11940,2388,256,0,0,NaN,0,NaN,0.0,0.9999999999997726,
1,13,MULTISTAGE_RH,LEXMMFPEA,shared_battery_mode_node_level_v1,SI-Drahi_17-d1-HOM-UHI-BHI-3cae609052,TK-PB-Drahi_17-d1-HOM-UHI-62618e628e-r1,SS-354317d12b7f,13,4,lex_phase_4,OPTIMAL,FEASIBLE_POINT,1950.7068957678052,1950.7068957678052,0,76446,76446,117321,214761,2388,0,2388,11940,2388,256,0,0,NaN,0,NaN,0.0,0.9999999999997726,
1,13,MULTISTAGE_RH,LEXMMFPEA,shared_battery_mode_node_level_v1,SI-Drahi_17-d1-HOM-UHI-BHI-3cae609052,TK-PB-Drahi_17-d1-HOM-UHI-62618e628e-r1,SS-354317d12b7f,13,5,lex_phase_5,OPTIMAL,FEASIBLE_POINT,2438.383619709757,2438.383619709757,0,76446,76446,117322,214767,2388,0,2388,11940,2388,256,0,0,NaN,0,NaN,0.0,0.9999999999997726,
1,13,MULTISTAGE_RH,LEXMMFPEA,shared_battery_mode_node_level_v1,SI-Drahi_17-d1-HOM-UHI-BHI-3cae609052,TK-PB-Drahi_17-d1-HOM-UHI-62618e628e-r1,SS-354317d12b7f,13,6,economic_tie_break,OPTIMAL,FEASIBLE_POINT,725999.541848569,725999.541848569,0,76446,76446,117323,214773,2388,0,2388,11940,2388,256,0,0,NaN,0,NaN,0.0,0.9999999999997726,
1,14,MULTISTAGE_RH,LEXMMFPEA,shared_battery_mode_node_level_v1,SI-Drahi_17-d1-HOM-UHI-BHI-3cae609052,TK-PB-Drahi_17-d1-HOM-UHI-62618e628e-r1,SS-354317d12b7f,13,1,lex_phase_1,OPTIMAL,FEASIBLE_POINT,487.67672394195137,487.67672394195137,0,76446,76446,117318,214743,2388,0,2388,11940,2388,256,0,0,NaN,0,NaN,1.4210854715202004e-14,0.9999999999997726,
1,14,MULTISTAGE_RH,LEXMMFPEA,shared_battery_mode_node_level_v1,SI-Drahi_17-d1-HOM-UHI-BHI-3cae609052,TK-PB-Drahi_17-d1-HOM-UHI-62618e628e-r1,SS-354317d12b7f,13,2,lex_phase_2,OPTIMAL,FEASIBLE_POINT,975.3534478839026,975.3534478839026,0,76446,76446,117319,214749,2388,0,2388,11940,2388,256,0,0,NaN,0,NaN,1.4210854715202004e-14,0.9999999999997726,
1,14,MULTISTAGE_RH,LEXMMFPEA,shared_battery_mode_node_level_v1,SI-Drahi_17-d1-HOM-UHI-BHI-3cae609052,TK-PB-Drahi_17-d1-HOM-UHI-62618e628e-r1,SS-354317d12b7f,13,3,lex_phase_3,OPTIMAL,FEASIBLE_POINT,1463.0301718258538,1463.0301718258538,0,76446,76446,117320,214755,2388,0,2388,11940,2388,256,0,0,NaN,0,NaN,1.4210854715202004e-14,0.9999999999997726,
1,14,MULTISTAGE_RH,LEXMMFPEA,shared_battery_mode_node_level_v1,SI-Drahi_17-d1-HOM-UHI-BHI-3cae609052,TK-PB-Drahi_17-d1-HOM-UHI-62618e628e-r1,SS-354317d12b7f,13,4,lex_phase_4,OPTIMAL,FEASIBLE_POINT,1950.7068957678052,1950.7068957678052,0,76446,76446,117321,214761,2388,0,2388,11940,2388,256,0,0,NaN,0,NaN,1.4210854715202004e-14,0.9999999999997726,
1,14,MULTISTAGE_RH,LEXMMFPEA,shared_battery_mode_node_level_v1,SI-Drahi_17-d1-HOM-UHI-BHI-3cae609052,TK-PB-Drahi_17-d1-HOM-UHI-62618e628e-r1,SS-354317d12b7f,13,5,lex_phase_5,OPTIMAL,FEASIBLE_POINT,2438.383619709757,2438.383619709757,0,76446,76446,117322,214767,2388,0,2388,11940,2388,256,0,0,NaN,0,NaN,1.4210854715202004e-14,0.9999999999997726,
1,14,MULTISTAGE_RH,LEXMMFPEA,shared_battery_mode_node_level_v1,SI-Drahi_17-d1-HOM-UHI-BHI-3cae609052,TK-PB-Drahi_17-d1-HOM-UHI-62618e628e-r1,SS-354317d12b7f,13,6,economic_tie_break,OPTIMAL,FEASIBLE_POINT,725999.541848569,725999.541848569,0,76446,76446,117323,214773,2388,0,2388,11940,2388,256,0,0,NaN,0,NaN,1.4210854715202004e-14,0.9999999999997726,
1,15,MULTISTAGE_RH,LEXMMFPEA,shared_battery_mode_node_level_v1,SI-Drahi_17-d1-HOM-UHI-BHI-3cae609052,TK-PB-Drahi_17-d1-HOM-UHI-62618e628e-r1,SS-354317d12b7f,13,1,lex_phase_1,OPTIMAL,FEASIBLE_POINT,487.67672394195137,487.67672394195137,0,76446,76446,117318,214743,2388,0,2388,11940,2388,256,0,0,NaN,0,NaN,0.0,0.9999999999997726,
1,15,MULTISTAGE_RH,LEXMMFPEA,shared_battery_mode_node_level_v1,SI-Drahi_17-d1-HOM-UHI-BHI-3cae609052,TK-PB-Drahi_17-d1-HOM-UHI-62618e628e-r1,SS-354317d12b7f,13,2,lex_phase_2,OPTIMAL,FEASIBLE_POINT,975.3534478839026,975.3534478839026,0,76446,76446,117319,214749,2388,0,2388,11940,2388,256,0,0,NaN,0,NaN,0.0,0.9999999999997726,
1,15,MULTISTAGE_RH,LEXMMFPEA,shared_battery_mode_node_level_v1,SI-Drahi_17-d1-HOM-UHI-BHI-3cae609052,TK-PB-Drahi_17-d1-HOM-UHI-62618e628e-r1,SS-354317d12b7f,13,3,lex_phase_3,OPTIMAL,FEASIBLE_POINT,1463.0301718258538,1463.0301718258538,0,76446,76446,117320,214755,2388,0,2388,11940,2388,256,0,0,NaN,0,NaN,0.0,0.9999999999997726,
1,15,MULTISTAGE_RH,LEXMMFPEA,shared_battery_mode_node_level_v1,SI-Drahi_17-d1-HOM-UHI-BHI-3cae609052,TK-PB-Drahi_17-d1-HOM-UHI-62618e628e-r1,SS-354317d12b7f,13,4,lex_phase_4,OPTIMAL,FEASIBLE_POINT,1950.7068957678052,1950.7068957678052,0,76446,76446,117321,214761,2388,0,2388,11940,2388,256,0,0,NaN,0,NaN,0.0,0.9999999999997726,
1,15,MULTISTAGE_RH,LEXMMFPEA,shared_battery_mode_node_level_v1,SI-Drahi_17-d1-HOM-UHI-BHI-3cae609052,TK-PB-Drahi_17-d1-HOM-UHI-62618e628e-r1,SS-354317d12b7f,13,5,lex_phase_5,OPTIMAL,FEASIBLE_POINT,2438.383619709757,2438.383619709757,0,76446,76446,117322,214767,2388,0,2388,11940,2388,256,0,0,NaN,0,NaN,0.0,0.9999999999997726,
1,15,MULTISTAGE_RH,LEXMMFPEA,shared_battery_mode_node_level_v1,SI-Drahi_17-d1-HOM-UHI-BHI-3cae609052,TK-PB-Drahi_17-d1-HOM-UHI-62618e628e-r1,SS-354317d12b7f,13,6,economic_tie_break,OPTIMAL,FEASIBLE_POINT,725999.541848569,725999.541848569,0,76446,76446,117323,214773,2388,0,2388,11940,2388,256,0,0,NaN,0,NaN,0.0,0.9999999999997726,
1,16,MULTISTAGE_RH,LEXMMFPEA,shared_battery_mode_node_level_v1,SI-Drahi_17-d1-HOM-UHI-BHI-3cae609052,TK-PB-Drahi_17-d1-HOM-UHI-62618e628e-r1,SS-354317d12b7f,13,1,lex_phase_1,OPTIMAL,FEASIBLE_POINT,487.67672394195137,487.67672394195137,0,76446,76446,117318,214743,2388,0,2388,11940,2388,256,0,0,NaN,0,NaN,0.0,0.9999999999997726,
1,16,MULTISTAGE_RH,LEXMMFPEA,shared_battery_mode_node_level_v1,SI-Drahi_17-d1-HOM-UHI-BHI-3cae609052,TK-PB-Drahi_17-d1-HOM-UHI-62618e628e-r1,SS-354317d12b7f,13,2,lex_phase_2,OPTIMAL,FEASIBLE_POINT,975.3534478839026,975.3534478839026,0,76446,76446,117319,214749,2388,0,2388,11940,2388,256,0,0,NaN,0,NaN,0.0,0.9999999999997726,
1,16,MULTISTAGE_RH,LEXMMFPEA,shared_battery_mode_node_level_v1,SI-Drahi_17-d1-HOM-UHI-BHI-3cae609052,TK-PB-Drahi_17-d1-HOM-UHI-62618e628e-r1,SS-354317d12b7f,13,3,lex_phase_3,OPTIMAL,FEASIBLE_POINT,1463.0301718258538,1463.0301718258538,0,76446,76446,117320,214755,2388,0,2388,11940,2388,256,0,0,NaN,0,NaN,0.0,0.9999999999997726,
1,16,MULTISTAGE_RH,LEXMMFPEA,shared_battery_mode_node_level_v1,SI-Drahi_17-d1-HOM-UHI-BHI-3cae609052,TK-PB-Drahi_17-d1-HOM-UHI-62618e628e-r1,SS-354317d12b7f,13,4,lex_phase_4,OPTIMAL,FEASIBLE_POINT,1950.7068957678052,1950.7068957678052,0,76446,76446,117321,214761,2388,0,2388,11940,2388,256,0,0,NaN,0,NaN,0.0,0.9999999999997726,
1,16,MULTISTAGE_RH,LEXMMFPEA,shared_battery_mode_node_level_v1,SI-Drahi_17-d1-HOM-UHI-BHI-3cae609052,TK-PB-Drahi_17-d1-HOM-UHI-62618e628e-r1,SS-354317d12b7f,13,5,lex_phase_5,OPTIMAL,FEASIBLE_POINT,2438.383619709757,2438.383619709757,0,76446,76446,117322,214767,2388,0,2388,11940,2388,256,0,0,NaN,0,NaN,0.0,0.9999999999997726,
1,16,MULTISTAGE_RH,LEXMMFPEA,shared_battery_mode_node_level_v1,SI-Drahi_17-d1-HOM-UHI-BHI-3cae609052,TK-PB-Drahi_17-d1-HOM-UHI-62618e628e-r1,SS-354317d12b7f,13,6,economic_tie_break,OPTIMAL,FEASIBLE_POINT,725999.541848569,725999.541848569,0,76446,76446,117323,214773,2388,0,2388,11940,2388,256,0,0,NaN,0,NaN,0.0,0.9999999999997726,
1,17,MULTISTAGE_RH,LEXMMFPEA,shared_battery_mode_node_level_v1,SI-Drahi_17-d1-HOM-UHI-BHI-3cae609052,TK-PB-Drahi_17-d1-HOM-UHI-62618e628e-r1,SS-c81930d9c8ba,17,1,lex_phase_1,OPTIMAL,FEASIBLE_POINT,567.5276674803839,567.5276674803839,0,76446,76446,117318,216183,2388,0,2388,11940,2388,256,0,0,NaN,0,NaN,7.105427357601002e-15,1.0000000000029559,
1,17,MULTISTAGE_RH,LEXMMFPEA,shared_battery_mode_node_level_v1,SI-Drahi_17-d1-HOM-UHI-BHI-3cae609052,TK-PB-Drahi_17-d1-HOM-UHI-62618e628e-r1,SS-c81930d9c8ba,17,2,lex_phase_2,OPTIMAL,FEASIBLE_POINT,1135.0553349607676,1135.0553349607676,0,76446,76446,117319,216189,2388,0,2388,11940,2388,256,0,0,NaN,0,NaN,7.105427357601002e-15,1.0000000000029559,
1,17,MULTISTAGE_RH,LEXMMFPEA,shared_battery_mode_node_level_v1,SI-Drahi_17-d1-HOM-UHI-BHI-3cae609052,TK-PB-Drahi_17-d1-HOM-UHI-62618e628e-r1,SS-c81930d9c8ba,17,3,lex_phase_3,OPTIMAL,FEASIBLE_POINT,1702.5830024411514,1702.5830024411514,0,76446,76446,117320,216195,2388,0,2388,11940,2388,256,0,0,NaN,0,NaN,7.105427357601002e-15,1.0000000000029559,
1,17,MULTISTAGE_RH,LEXMMFPEA,shared_battery_mode_node_level_v1,SI-Drahi_17-d1-HOM-UHI-BHI-3cae609052,TK-PB-Drahi_17-d1-HOM-UHI-62618e628e-r1,SS-c81930d9c8ba,17,4,lex_phase_4,OPTIMAL,FEASIBLE_POINT,2270.110669921535,2270.110669921535,0,76446,76446,117321,216201,2388,0,2388,11940,2388,256,0,0,NaN,0,NaN,7.105427357601002e-15,1.0000000000029559,
1,17,MULTISTAGE_RH,LEXMMFPEA,shared_battery_mode_node_level_v1,SI-Drahi_17-d1-HOM-UHI-BHI-3cae609052,TK-PB-Drahi_17-d1-HOM-UHI-62618e628e-r1,SS-c81930d9c8ba,17,5,lex_phase_5,OPTIMAL,FEASIBLE_POINT,2837.638337401921,2837.638337401921,0,76446,76446,117322,216207,2388,0,2388,11940,2388,256,0,0,NaN,0,NaN,7.105427357601002e-15,1.0000000000029559,
1,17,MULTISTAGE_RH,LEXMMFPEA,shared_battery_mode_node_level_v1,SI-Drahi_17-d1-HOM-UHI-BHI-3cae609052,TK-PB-Drahi_17-d1-HOM-UHI-62618e628e-r1,SS-c81930d9c8ba,17,6,economic_tie_break,OPTIMAL,FEASIBLE_POINT,723991.2150451312,723991.2150451312,0,76446,76446,117323,216213,2388,0,2388,11940,2388,256,0,0,NaN,0,NaN,7.105427357601002e-15,1.0000000000029559,
1,18,MULTISTAGE_RH,LEXMMFPEA,shared_battery_mode_node_level_v1,SI-Drahi_17-d1-HOM-UHI-BHI-3cae609052,TK-PB-Drahi_17-d1-HOM-UHI-62618e628e-r1,SS-c81930d9c8ba,17,1,lex_phase_1,OPTIMAL,FEASIBLE_POINT,567.5276674803839,567.5276674803839,0,76446,76446,117318,216183,2388,0,2388,11940,2388,256,0,0,NaN,0,NaN,0.0,1.0000000000029559,
1,18,MULTISTAGE_RH,LEXMMFPEA,shared_battery_mode_node_level_v1,SI-Drahi_17-d1-HOM-UHI-BHI-3cae609052,TK-PB-Drahi_17-d1-HOM-UHI-62618e628e-r1,SS-c81930d9c8ba,17,2,lex_phase_2,OPTIMAL,FEASIBLE_POINT,1135.0553349607676,1135.0553349607676,0,76446,76446,117319,216189,2388,0,2388,11940,2388,256,0,0,NaN,0,NaN,0.0,1.0000000000029559,
1,18,MULTISTAGE_RH,LEXMMFPEA,shared_battery_mode_node_level_v1,SI-Drahi_17-d1-HOM-UHI-BHI-3cae609052,TK-PB-Drahi_17-d1-HOM-UHI-62618e628e-r1,SS-c81930d9c8ba,17,3,lex_phase_3,OPTIMAL,FEASIBLE_POINT,1702.5830024411514,1702.5830024411514,0,76446,76446,117320,216195,2388,0,2388,11940,2388,256,0,0,NaN,0,NaN,0.0,1.0000000000029559,
1,18,MULTISTAGE_RH,LEXMMFPEA,shared_battery_mode_node_level_v1,SI-Drahi_17-d1-HOM-UHI-BHI-3cae609052,TK-PB-Drahi_17-d1-HOM-UHI-62618e628e-r1,SS-c81930d9c8ba,17,4,lex_phase_4,OPTIMAL,FEASIBLE_POINT,2270.110669921535,2270.110669921535,0,76446,76446,117321,216201,2388,0,2388,11940,2388,256,0,0,NaN,0,NaN,0.0,1.0000000000029559,
1,18,MULTISTAGE_RH,LEXMMFPEA,shared_battery_mode_node_level_v1,SI-Drahi_17-d1-HOM-UHI-BHI-3cae609052,TK-PB-Drahi_17-d1-HOM-UHI-62618e628e-r1,SS-c81930d9c8ba,17,5,lex_phase_5,OPTIMAL,FEASIBLE_POINT,2837.638337401921,2837.638337401921,0,76446,76446,117322,216207,2388,0,2388,11940,2388,256,0,0,NaN,0,NaN,0.0,1.0000000000029559,
1,18,MULTISTAGE_RH,LEXMMFPEA,shared_battery_mode_node_level_v1,SI-Drahi_17-d1-HOM-UHI-BHI-3cae609052,TK-PB-Drahi_17-d1-HOM-UHI-62618e628e-r1,SS-c81930d9c8ba,17,6,economic_tie_break,OPTIMAL,FEASIBLE_POINT,723991.2150451312,723991.2150451312,0,76446,76446,117323,216213,2388,0,2388,11940,2388,256,0,0,NaN,0,NaN,0.0,1.0000000000029559,
1,19,MULTISTAGE_RH,LEXMMFPEA,shared_battery_mode_node_level_v1,SI-Drahi_17-d1-HOM-UHI-BHI-3cae609052,TK-PB-Drahi_17-d1-HOM-UHI-62618e628e-r1,SS-c81930d9c8ba,17,1,lex_phase_1,OPTIMAL,FEASIBLE_POINT,567.5276674803839,567.5276674803839,0,76446,76446,117318,216183,2388,0,2388,11940,2388,256,0,0,NaN,0,NaN,1.1102230246251565e-16,1.0000000000029559,
1,19,MULTISTAGE_RH,LEXMMFPEA,shared_battery_mode_node_level_v1,SI-Drahi_17-d1-HOM-UHI-BHI-3cae609052,TK-PB-Drahi_17-d1-HOM-UHI-62618e628e-r1,SS-c81930d9c8ba,17,2,lex_phase_2,OPTIMAL,FEASIBLE_POINT,1135.0553349607676,1135.0553349607676,0,76446,76446,117319,216189,2388,0,2388,11940,2388,256,0,0,NaN,0,NaN,1.1102230246251565e-16,1.0000000000029559,
1,19,MULTISTAGE_RH,LEXMMFPEA,shared_battery_mode_node_level_v1,SI-Drahi_17-d1-HOM-UHI-BHI-3cae609052,TK-PB-Drahi_17-d1-HOM-UHI-62618e628e-r1,SS-c81930d9c8ba,17,3,lex_phase_3,OPTIMAL,FEASIBLE_POINT,1702.5830024411514,1702.5830024411514,0,76446,76446,117320,216195,2388,0,2388,11940,2388,256,0,0,NaN,0,NaN,1.1102230246251565e-16,1.0000000000029559,
1,19,MULTISTAGE_RH,LEXMMFPEA,shared_battery_mode_node_level_v1,SI-Drahi_17-d1-HOM-UHI-BHI-3cae609052,TK-PB-Drahi_17-d1-HOM-UHI-62618e628e-r1,SS-c81930d9c8ba,17,4,lex_phase_4,OPTIMAL,FEASIBLE_POINT,2270.110669921535,2270.110669921535,0,76446,76446,117321,216201,2388,0,2388,11940,2388,256,0,0,NaN,0,NaN,1.1102230246251565e-16,1.0000000000029559,
1,19,MULTISTAGE_RH,LEXMMFPEA,shared_battery_mode_node_level_v1,SI-Drahi_17-d1-HOM-UHI-BHI-3cae609052,TK-PB-Drahi_17-d1-HOM-UHI-62618e628e-r1,SS-c81930d9c8ba,17,5,lex_phase_5,OPTIMAL,FEASIBLE_POINT,2837.638337401921,2837.638337401921,0,76446,76446,117322,216207,2388,0,2388,11940,2388,256,0,0,NaN,0,NaN,1.1102230246251565e-16,1.0000000000029559,
1,19,MULTISTAGE_RH,LEXMMFPEA,shared_battery_mode_node_level_v1,SI-Drahi_17-d1-HOM-UHI-BHI-3cae609052,TK-PB-Drahi_17-d1-HOM-UHI-62618e628e-r1,SS-c81930d9c8ba,17,6,economic_tie_break,OPTIMAL,FEASIBLE_POINT,723991.2150451312,723991.2150451312,0,76446,76446,117323,216213,2388,0,2388,11940,2388,256,0,0,NaN,0,NaN,1.1102230246251565e-16,1.0000000000029559,
1,20,MULTISTAGE_RH,LEXMMFPEA,shared_battery_mode_node_level_v1,SI-Drahi_17-d1-HOM-UHI-BHI-3cae609052,TK-PB-Drahi_17-d1-HOM-UHI-62618e628e-r1,SS-c81930d9c8ba,17,1,lex_phase_1,OPTIMAL,FEASIBLE_POINT,567.5276674803839,567.5276674803839,0,76446,76446,117318,216183,2388,0,2388,11940,2388,256,0,0,NaN,0,NaN,0.0,1.0000000000029559,
1,20,MULTISTAGE_RH,LEXMMFPEA,shared_battery_mode_node_level_v1,SI-Drahi_17-d1-HOM-UHI-BHI-3cae609052,TK-PB-Drahi_17-d1-HOM-UHI-62618e628e-r1,SS-c81930d9c8ba,17,2,lex_phase_2,OPTIMAL,FEASIBLE_POINT,1135.0553349607676,1135.0553349607676,0,76446,76446,117319,216189,2388,0,2388,11940,2388,256,0,0,NaN,0,NaN,0.0,1.0000000000029559,
1,20,MULTISTAGE_RH,LEXMMFPEA,shared_battery_mode_node_level_v1,SI-Drahi_17-d1-HOM-UHI-BHI-3cae609052,TK-PB-Drahi_17-d1-HOM-UHI-62618e628e-r1,SS-c81930d9c8ba,17,3,lex_phase_3,OPTIMAL,FEASIBLE_POINT,1702.5830024411514,1702.5830024411514,0,76446,76446,117320,216195,2388,0,2388,11940,2388,256,0,0,NaN,0,NaN,0.0,1.0000000000029559,
1,20,MULTISTAGE_RH,LEXMMFPEA,shared_battery_mode_node_level_v1,SI-Drahi_17-d1-HOM-UHI-BHI-3cae609052,TK-PB-Drahi_17-d1-HOM-UHI-62618e628e-r1,SS-c81930d9c8ba,17,4,lex_phase_4,OPTIMAL,FEASIBLE_POINT,2270.110669921535,2270.110669921535,0,76446,76446,117321,216201,2388,0,2388,11940,2388,256,0,0,NaN,0,NaN,0.0,1.0000000000029559,
1,20,MULTISTAGE_RH,LEXMMFPEA,shared_battery_mode_node_level_v1,SI-Drahi_17-d1-HOM-UHI-BHI-3cae609052,TK-PB-Drahi_17-d1-HOM-UHI-62618e628e-r1,SS-c81930d9c8ba,17,5,lex_phase_5,OPTIMAL,FEASIBLE_POINT,2837.638337401921,2837.638337401921,0,76446,76446,117322,216207,2388,0,2388,11940,2388,256,0,0,NaN,0,NaN,0.0,1.0000000000029559,
1,20,MULTISTAGE_RH,LEXMMFPEA,shared_battery_mode_node_level_v1,SI-Drahi_17-d1-HOM-UHI-BHI-3cae609052,TK-PB-Drahi_17-d1-HOM-UHI-62618e628e-r1,SS-c81930d9c8ba,17,6,economic_tie_break,OPTIMAL,FEASIBLE_POINT,723991.2150451312,723991.2150451312,0,76446,76446,117323,216213,2388,0,2388,11940,2388,256,0,0,NaN,0,NaN,0.0,1.0000000000029559,
1,21,MULTISTAGE_RH,LEXMMFPEA,shared_battery_mode_node_level_v1,SI-Drahi_17-d1-HOM-UHI-BHI-3cae609052,TK-PB-Drahi_17-d1-HOM-UHI-62618e628e-r1,SS-3cf9bda45ea4,21,1,lex_phase_1,OPTIMAL,FEASIBLE_POINT,535.4376085850392,535.4376085850392,0,76446,76446,117318,214783,2388,0,2388,11940,2388,256,0,0,NaN,0,NaN,0.0,1.0000000000002274,
1,21,MULTISTAGE_RH,LEXMMFPEA,shared_battery_mode_node_level_v1,SI-Drahi_17-d1-HOM-UHI-BHI-3cae609052,TK-PB-Drahi_17-d1-HOM-UHI-62618e628e-r1,SS-3cf9bda45ea4,21,2,lex_phase_2,OPTIMAL,FEASIBLE_POINT,1070.8752171700785,1070.8752171700785,0,76446,76446,117319,214789,2388,0,2388,11940,2388,256,0,0,NaN,0,NaN,0.0,1.0000000000002274,
1,21,MULTISTAGE_RH,LEXMMFPEA,shared_battery_mode_node_level_v1,SI-Drahi_17-d1-HOM-UHI-BHI-3cae609052,TK-PB-Drahi_17-d1-HOM-UHI-62618e628e-r1,SS-3cf9bda45ea4,21,3,lex_phase_3,OPTIMAL,FEASIBLE_POINT,1606.3128257551177,1606.3128257551177,0,76446,76446,117320,214795,2388,0,2388,11940,2388,256,0,0,NaN,0,NaN,0.0,1.0000000000002274,
1,21,MULTISTAGE_RH,LEXMMFPEA,shared_battery_mode_node_level_v1,SI-Drahi_17-d1-HOM-UHI-BHI-3cae609052,TK-PB-Drahi_17-d1-HOM-UHI-62618e628e-r1,SS-3cf9bda45ea4,21,4,lex_phase_4,OPTIMAL,FEASIBLE_POINT,2141.750434340157,2141.750434340157,0,76446,76446,117321,214801,2388,0,2388,11940,2388,256,0,0,NaN,0,NaN,0.0,1.0000000000002274,
1,21,MULTISTAGE_RH,LEXMMFPEA,shared_battery_mode_node_level_v1,SI-Drahi_17-d1-HOM-UHI-BHI-3cae609052,TK-PB-Drahi_17-d1-HOM-UHI-62618e628e-r1,SS-3cf9bda45ea4,21,5,lex_phase_5,OPTIMAL,FEASIBLE_POINT,2677.188042925197,2677.188042925197,0,76446,76446,117322,214807,2388,0,2388,11940,2388,256,0,0,NaN,0,NaN,0.0,1.0000000000002274,
1,21,MULTISTAGE_RH,LEXMMFPEA,shared_battery_mode_node_level_v1,SI-Drahi_17-d1-HOM-UHI-BHI-3cae609052,TK-PB-Drahi_17-d1-HOM-UHI-62618e628e-r1,SS-3cf9bda45ea4,21,6,economic_tie_break,OPTIMAL,FEASIBLE_POINT,725584.5399224993,725584.5399224993,0,76446,76446,117323,214813,2388,0,2388,11940,2388,256,0,0,NaN,0,NaN,0.0,1.0000000000002274,
1,22,MULTISTAGE_RH,LEXMMFPEA,shared_battery_mode_node_level_v1,SI-Drahi_17-d1-HOM-UHI-BHI-3cae609052,TK-PB-Drahi_17-d1-HOM-UHI-62618e628e-r1,SS-3cf9bda45ea4,21,1,lex_phase_1,OPTIMAL,FEASIBLE_POINT,535.4376085850392,535.4376085850392,0,76446,76446,117318,214783,2388,0,2388,11940,2388,256,0,0,NaN,0,NaN,0.0,1.0000000000002274,
1,22,MULTISTAGE_RH,LEXMMFPEA,shared_battery_mode_node_level_v1,SI-Drahi_17-d1-HOM-UHI-BHI-3cae609052,TK-PB-Drahi_17-d1-HOM-UHI-62618e628e-r1,SS-3cf9bda45ea4,21,2,lex_phase_2,OPTIMAL,FEASIBLE_POINT,1070.8752171700785,1070.8752171700785,0,76446,76446,117319,214789,2388,0,2388,11940,2388,256,0,0,NaN,0,NaN,0.0,1.0000000000002274,
1,22,MULTISTAGE_RH,LEXMMFPEA,shared_battery_mode_node_level_v1,SI-Drahi_17-d1-HOM-UHI-BHI-3cae609052,TK-PB-Drahi_17-d1-HOM-UHI-62618e628e-r1,SS-3cf9bda45ea4,21,3,lex_phase_3,OPTIMAL,FEASIBLE_POINT,1606.3128257551177,1606.3128257551177,0,76446,76446,117320,214795,2388,0,2388,11940,2388,256,0,0,NaN,0,NaN,0.0,1.0000000000002274,
1,22,MULTISTAGE_RH,LEXMMFPEA,shared_battery_mode_node_level_v1,SI-Drahi_17-d1-HOM-UHI-BHI-3cae609052,TK-PB-Drahi_17-d1-HOM-UHI-62618e628e-r1,SS-3cf9bda45ea4,21,4,lex_phase_4,OPTIMAL,FEASIBLE_POINT,2141.750434340157,2141.750434340157,0,76446,76446,117321,214801,2388,0,2388,11940,2388,256,0,0,NaN,0,NaN,0.0,1.0000000000002274,
1,22,MULTISTAGE_RH,LEXMMFPEA,shared_battery_mode_node_level_v1,SI-Drahi_17-d1-HOM-UHI-BHI-3cae609052,TK-PB-Drahi_17-d1-HOM-UHI-62618e628e-r1,SS-3cf9bda45ea4,21,5,lex_phase_5,OPTIMAL,FEASIBLE_POINT,2677.188042925197,2677.188042925197,0,76446,76446,117322,214807,2388,0,2388,11940,2388,256,0,0,NaN,0,NaN,0.0,1.0000000000002274,
1,22,MULTISTAGE_RH,LEXMMFPEA,shared_battery_mode_node_level_v1,SI-Drahi_17-d1-HOM-UHI-BHI-3cae609052,TK-PB-Drahi_17-d1-HOM-UHI-62618e628e-r1,SS-3cf9bda45ea4,21,6,economic_tie_break,OPTIMAL,FEASIBLE_POINT,725584.5399224993,725584.5399224993,0,76446,76446,117323,214813,2388,0,2388,11940,2388,256,0,0,NaN,0,NaN,0.0,1.0000000000002274,
1,23,MULTISTAGE_RH,LEXMMFPEA,shared_battery_mode_node_level_v1,SI-Drahi_17-d1-HOM-UHI-BHI-3cae609052,TK-PB-Drahi_17-d1-HOM-UHI-62618e628e-r1,SS-3cf9bda45ea4,21,1,lex_phase_1,OPTIMAL,FEASIBLE_POINT,535.4376085850392,535.4376085850392,0,76446,76446,117318,214783,2388,0,2388,11940,2388,256,0,0,NaN,0,NaN,0.0,1.0000000000002274,
1,23,MULTISTAGE_RH,LEXMMFPEA,shared_battery_mode_node_level_v1,SI-Drahi_17-d1-HOM-UHI-BHI-3cae609052,TK-PB-Drahi_17-d1-HOM-UHI-62618e628e-r1,SS-3cf9bda45ea4,21,2,lex_phase_2,OPTIMAL,FEASIBLE_POINT,1070.8752171700785,1070.8752171700785,0,76446,76446,117319,214789,2388,0,2388,11940,2388,256,0,0,NaN,0,NaN,0.0,1.0000000000002274,
1,23,MULTISTAGE_RH,LEXMMFPEA,shared_battery_mode_node_level_v1,SI-Drahi_17-d1-HOM-UHI-BHI-3cae609052,TK-PB-Drahi_17-d1-HOM-UHI-62618e628e-r1,SS-3cf9bda45ea4,21,3,lex_phase_3,OPTIMAL,FEASIBLE_POINT,1606.3128257551177,1606.3128257551177,0,76446,76446,117320,214795,2388,0,2388,11940,2388,256,0,0,NaN,0,NaN,0.0,1.0000000000002274,
1,23,MULTISTAGE_RH,LEXMMFPEA,shared_battery_mode_node_level_v1,SI-Drahi_17-d1-HOM-UHI-BHI-3cae609052,TK-PB-Drahi_17-d1-HOM-UHI-62618e628e-r1,SS-3cf9bda45ea4,21,4,lex_phase_4,OPTIMAL,FEASIBLE_POINT,2141.750434340157,2141.750434340157,0,76446,76446,117321,214801,2388,0,2388,11940,2388,256,0,0,NaN,0,NaN,0.0,1.0000000000002274,
1,23,MULTISTAGE_RH,LEXMMFPEA,shared_battery_mode_node_level_v1,SI-Drahi_17-d1-HOM-UHI-BHI-3cae609052,TK-PB-Drahi_17-d1-HOM-UHI-62618e628e-r1,SS-3cf9bda45ea4,21,5,lex_phase_5,OPTIMAL,FEASIBLE_POINT,2677.188042925197,2677.188042925197,0,76446,76446,117322,214807,2388,0,2388,11940,2388,256,0,0,NaN,0,NaN,0.0,1.0000000000002274,
1,23,MULTISTAGE_RH,LEXMMFPEA,shared_battery_mode_node_level_v1,SI-Drahi_17-d1-HOM-UHI-BHI-3cae609052,TK-PB-Drahi_17-d1-HOM-UHI-62618e628e-r1,SS-3cf9bda45ea4,21,6,economic_tie_break,OPTIMAL,FEASIBLE_POINT,725584.5399224993,725584.5399224993,0,76446,76446,117323,214813,2388,0,2388,11940,2388,256,0,0,NaN,0,NaN,0.0,1.0000000000002274,
1,24,MULTISTAGE_RH,LEXMMFPEA,shared_battery_mode_node_level_v1,SI-Drahi_17-d1-HOM-UHI-BHI-3cae609052,TK-PB-Drahi_17-d1-HOM-UHI-62618e628e-r1,SS-3cf9bda45ea4,21,1,lex_phase_1,OPTIMAL,FEASIBLE_POINT,535.4376085850392,535.4376085850392,0,76446,76446,117318,214783,2388,0,2388,11940,2388,256,0,0,NaN,0,NaN,0.0,1.0000000000002274,
1,24,MULTISTAGE_RH,LEXMMFPEA,shared_battery_mode_node_level_v1,SI-Drahi_17-d1-HOM-UHI-BHI-3cae609052,TK-PB-Drahi_17-d1-HOM-UHI-62618e628e-r1,SS-3cf9bda45ea4,21,2,lex_phase_2,OPTIMAL,FEASIBLE_POINT,1070.8752171700785,1070.8752171700785,0,76446,76446,117319,214789,2388,0,2388,11940,2388,256,0,0,NaN,0,NaN,0.0,1.0000000000002274,
1,24,MULTISTAGE_RH,LEXMMFPEA,shared_battery_mode_node_level_v1,SI-Drahi_17-d1-HOM-UHI-BHI-3cae609052,TK-PB-Drahi_17-d1-HOM-UHI-62618e628e-r1,SS-3cf9bda45ea4,21,3,lex_phase_3,OPTIMAL,FEASIBLE_POINT,1606.3128257551177,1606.3128257551177,0,76446,76446,117320,214795,2388,0,2388,11940,2388,256,0,0,NaN,0,NaN,0.0,1.0000000000002274,
1,24,MULTISTAGE_RH,LEXMMFPEA,shared_battery_mode_node_level_v1,SI-Drahi_17-d1-HOM-UHI-BHI-3cae609052,TK-PB-Drahi_17-d1-HOM-UHI-62618e628e-r1,SS-3cf9bda45ea4,21,4,lex_phase_4,OPTIMAL,FEASIBLE_POINT,2141.750434340157,2141.750434340157,0,76446,76446,117321,214801,2388,0,2388,11940,2388,256,0,0,NaN,0,NaN,0.0,1.0000000000002274,
1,24,MULTISTAGE_RH,LEXMMFPEA,shared_battery_mode_node_level_v1,SI-Drahi_17-d1-HOM-UHI-BHI-3cae609052,TK-PB-Drahi_17-d1-HOM-UHI-62618e628e-r1,SS-3cf9bda45ea4,21,5,lex_phase_5,OPTIMAL,FEASIBLE_POINT,2677.188042925197,2677.188042925197,0,76446,76446,117322,214807,2388,0,2388,11940,2388,256,0,0,NaN,0,NaN,0.0,1.0000000000002274,
1,24,MULTISTAGE_RH,LEXMMFPEA,shared_battery_mode_node_level_v1,SI-Drahi_17-d1-HOM-UHI-BHI-3cae609052,TK-PB-Drahi_17-d1-HOM-UHI-62618e628e-r1,SS-3cf9bda45ea4,21,6,economic_tie_break,OPTIMAL,FEASIBLE_POINT,725584.5399224993,725584.5399224993,0,76446,76446,117323,214813,2388,0,2388,11940,2388,256,0,0,NaN,0,NaN,0.0,1.0000000000002274,
1,1,MULTISTAGE_RH,LEXMMFSA,shared_battery_mode_node_level_v1,SI-Drahi_17-d1-HOM-UHI-BHI-3cae609052,TK-PB-Drahi_17-d1-HOM-UHI-62618e628e-r1,SS-5d5bbea46d20,1,1,lex_phase_1,OPTIMAL,FEASIBLE_POINT,47176.02437233599,47176.02437233599,0,76446,76446,117318,329928,2388,0,2388,11940,2388,256,0,0,NaN,0,NaN,1.4210854715202004e-14,5.820766091346741e-11,
1,1,MULTISTAGE_RH,LEXMMFSA,shared_battery_mode_node_level_v1,SI-Drahi_17-d1-HOM-UHI-BHI-3cae609052,TK-PB-Drahi_17-d1-HOM-UHI-62618e628e-r1,SS-5d5bbea46d20,1,2,lex_phase_2,OPTIMAL,FEASIBLE_POINT,94352.04874467185,94352.04874467185,0,76446,76446,117319,329934,2388,0,2388,11940,2388,256,0,0,NaN,0,NaN,1.4210854715202004e-14,5.820766091346741e-11,
1,1,MULTISTAGE_RH,LEXMMFSA,shared_battery_mode_node_level_v1,SI-Drahi_17-d1-HOM-UHI-BHI-3cae609052,TK-PB-Drahi_17-d1-HOM-UHI-62618e628e-r1,SS-5d5bbea46d20,1,3,lex_phase_3,OPTIMAL,FEASIBLE_POINT,141528.07311700776,141528.07311700776,0,76446,76446,117320,329940,2388,0,2388,11940,2388,256,0,0,NaN,0,NaN,1.4210854715202004e-14,5.820766091346741e-11,
1,1,MULTISTAGE_RH,LEXMMFSA,shared_battery_mode_node_level_v1,SI-Drahi_17-d1-HOM-UHI-BHI-3cae609052,TK-PB-Drahi_17-d1-HOM-UHI-62618e628e-r1,SS-5d5bbea46d20,1,4,lex_phase_4,OPTIMAL,FEASIBLE_POINT,188704.0974893437,188704.0974893437,0,76446,76446,117321,329946,2388,0,2388,11940,2388,256,0,0,NaN,0,NaN,1.4210854715202004e-14,5.820766091346741e-11,
1,1,MULTISTAGE_RH,LEXMMFSA,shared_battery_mode_node_level_v1,SI-Drahi_17-d1-HOM-UHI-BHI-3cae609052,TK-PB-Drahi_17-d1-HOM-UHI-62618e628e-r1,SS-5d5bbea46d20,1,5,lex_phase_5,OPTIMAL,FEASIBLE_POINT,235880.12186167974,235880.12186167974,0,76446,76446,117322,329952,2388,0,2388,11940,2388,256,0,0,NaN,0,NaN,1.4210854715202004e-14,5.820766091346741e-11,
1,1,MULTISTAGE_RH,LEXMMFSA,shared_battery_mode_node_level_v1,SI-Drahi_17-d1-HOM-UHI-BHI-3cae609052,TK-PB-Drahi_17-d1-HOM-UHI-62618e628e-r1,SS-5d5bbea46d20,1,6,economic_tie_break,OPTIMAL,FEASIBLE_POINT,741230.3442749943,741230.3442749943,0,76446,76446,117323,329958,2388,0,2388,11940,2388,256,0,0,NaN,0,NaN,1.4210854715202004e-14,5.820766091346741e-11,
1,2,MULTISTAGE_RH,LEXMMFSA,shared_battery_mode_node_level_v1,SI-Drahi_17-d1-HOM-UHI-BHI-3cae609052,TK-PB-Drahi_17-d1-HOM-UHI-62618e628e-r1,SS-5d5bbea46d20,1,1,lex_phase_1,OPTIMAL,FEASIBLE_POINT,47176.02437233599,47176.02437233599,0,76446,76446,117318,329928,2388,0,2388,11940,2388,256,0,0,NaN,0,NaN,1.4210854715202004e-14,5.820766091346741e-11,
1,2,MULTISTAGE_RH,LEXMMFSA,shared_battery_mode_node_level_v1,SI-Drahi_17-d1-HOM-UHI-BHI-3cae609052,TK-PB-Drahi_17-d1-HOM-UHI-62618e628e-r1,SS-5d5bbea46d20,1,2,lex_phase_2,OPTIMAL,FEASIBLE_POINT,94352.04874467185,94352.04874467185,0,76446,76446,117319,329934,2388,0,2388,11940,2388,256,0,0,NaN,0,NaN,1.4210854715202004e-14,5.820766091346741e-11,
1,2,MULTISTAGE_RH,LEXMMFSA,shared_battery_mode_node_level_v1,SI-Drahi_17-d1-HOM-UHI-BHI-3cae609052,TK-PB-Drahi_17-d1-HOM-UHI-62618e628e-r1,SS-5d5bbea46d20,1,3,lex_phase_3,OPTIMAL,FEASIBLE_POINT,141528.07311700776,141528.07311700776,0,76446,76446,117320,329940,2388,0,2388,11940,2388,256,0,0,NaN,0,NaN,1.4210854715202004e-14,5.820766091346741e-11,
1,2,MULTISTAGE_RH,LEXMMFSA,shared_battery_mode_node_level_v1,SI-Drahi_17-d1-HOM-UHI-BHI-3cae609052,TK-PB-Drahi_17-d1-HOM-UHI-62618e628e-r1,SS-5d5bbea46d20,1,4,lex_phase_4,OPTIMAL,FEASIBLE_POINT,188704.0974893437,188704.0974893437,0,76446,76446,117321,329946,2388,0,2388,11940,2388,256,0,0,NaN,0,NaN,1.4210854715202004e-14,5.820766091346741e-11,
1,2,MULTISTAGE_RH,LEXMMFSA,shared_battery_mode_node_level_v1,SI-Drahi_17-d1-HOM-UHI-BHI-3cae609052,TK-PB-Drahi_17-d1-HOM-UHI-62618e628e-r1,SS-5d5bbea46d20,1,5,lex_phase_5,OPTIMAL,FEASIBLE_POINT,235880.12186167974,235880.12186167974,0,76446,76446,117322,329952,2388,0,2388,11940,2388,256,0,0,NaN,0,NaN,1.4210854715202004e-14,5.820766091346741e-11,
1,2,MULTISTAGE_RH,LEXMMFSA,shared_battery_mode_node_level_v1,SI-Drahi_17-d1-HOM-UHI-BHI-3cae609052,TK-PB-Drahi_17-d1-HOM-UHI-62618e628e-r1,SS-5d5bbea46d20,1,6,economic_tie_break,OPTIMAL,FEASIBLE_POINT,741230.3442749943,741230.3442749943,0,76446,76446,117323,329958,2388,0,2388,11940,2388,256,0,0,NaN,0,NaN,1.4210854715202004e-14,5.820766091346741e-11,
1,3,MULTISTAGE_RH,LEXMMFSA,shared_battery_mode_node_level_v1,SI-Drahi_17-d1-HOM-UHI-BHI-3cae609052,TK-PB-Drahi_17-d1-HOM-UHI-62618e628e-r1,SS-5d5bbea46d20,1,1,lex_phase_1,OPTIMAL,FEASIBLE_POINT,47176.02437233599,47176.02437233599,0,76446,76446,117318,329928,2388,0,2388,11940,2388,256,0,0,NaN,0,NaN,7.105427357601002e-15,5.820766091346741e-11,
1,3,MULTISTAGE_RH,LEXMMFSA,shared_battery_mode_node_level_v1,SI-Drahi_17-d1-HOM-UHI-BHI-3cae609052,TK-PB-Drahi_17-d1-HOM-UHI-62618e628e-r1,SS-5d5bbea46d20,1,2,lex_phase_2,OPTIMAL,FEASIBLE_POINT,94352.04874467185,94352.04874467185,0,76446,76446,117319,329934,2388,0,2388,11940,2388,256,0,0,NaN,0,NaN,7.105427357601002e-15,5.820766091346741e-11,
1,3,MULTISTAGE_RH,LEXMMFSA,shared_battery_mode_node_level_v1,SI-Drahi_17-d1-HOM-UHI-BHI-3cae609052,TK-PB-Drahi_17-d1-HOM-UHI-62618e628e-r1,SS-5d5bbea46d20,1,3,lex_phase_3,OPTIMAL,FEASIBLE_POINT,141528.07311700776,141528.07311700776,0,76446,76446,117320,329940,2388,0,2388,11940,2388,256,0,0,NaN,0,NaN,7.105427357601002e-15,5.820766091346741e-11,
1,3,MULTISTAGE_RH,LEXMMFSA,shared_battery_mode_node_level_v1,SI-Drahi_17-d1-HOM-UHI-BHI-3cae609052,TK-PB-Drahi_17-d1-HOM-UHI-62618e628e-r1,SS-5d5bbea46d20,1,4,lex_phase_4,OPTIMAL,FEASIBLE_POINT,188704.0974893437,188704.0974893437,0,76446,76446,117321,329946,2388,0,2388,11940,2388,256,0,0,NaN,0,NaN,7.105427357601002e-15,5.820766091346741e-11,
1,3,MULTISTAGE_RH,LEXMMFSA,shared_battery_mode_node_level_v1,SI-Drahi_17-d1-HOM-UHI-BHI-3cae609052,TK-PB-Drahi_17-d1-HOM-UHI-62618e628e-r1,SS-5d5bbea46d20,1,5,lex_phase_5,OPTIMAL,FEASIBLE_POINT,235880.12186167974,235880.12186167974,0,76446,76446,117322,329952,2388,0,2388,11940,2388,256,0,0,NaN,0,NaN,7.105427357601002e-15,5.820766091346741e-11,
1,3,MULTISTAGE_RH,LEXMMFSA,shared_battery_mode_node_level_v1,SI-Drahi_17-d1-HOM-UHI-BHI-3cae609052,TK-PB-Drahi_17-d1-HOM-UHI-62618e628e-r1,SS-5d5bbea46d20,1,6,economic_tie_break,OPTIMAL,FEASIBLE_POINT,741230.3442749943,741230.3442749943,0,76446,76446,117323,329958,2388,0,2388,11940,2388,256,0,0,NaN,0,NaN,7.105427357601002e-15,5.820766091346741e-11,
1,4,MULTISTAGE_RH,LEXMMFSA,shared_battery_mode_node_level_v1,SI-Drahi_17-d1-HOM-UHI-BHI-3cae609052,TK-PB-Drahi_17-d1-HOM-UHI-62618e628e-r1,SS-5d5bbea46d20,1,1,lex_phase_1,OPTIMAL,FEASIBLE_POINT,47176.02437233599,47176.02437233599,0,76446,76446,117318,329928,2388,0,2388,11940,2388,256,0,0,NaN,0,NaN,7.105427357601002e-15,5.820766091346741e-11,
1,4,MULTISTAGE_RH,LEXMMFSA,shared_battery_mode_node_level_v1,SI-Drahi_17-d1-HOM-UHI-BHI-3cae609052,TK-PB-Drahi_17-d1-HOM-UHI-62618e628e-r1,SS-5d5bbea46d20,1,2,lex_phase_2,OPTIMAL,FEASIBLE_POINT,94352.04874467185,94352.04874467185,0,76446,76446,117319,329934,2388,0,2388,11940,2388,256,0,0,NaN,0,NaN,7.105427357601002e-15,5.820766091346741e-11,
1,4,MULTISTAGE_RH,LEXMMFSA,shared_battery_mode_node_level_v1,SI-Drahi_17-d1-HOM-UHI-BHI-3cae609052,TK-PB-Drahi_17-d1-HOM-UHI-62618e628e-r1,SS-5d5bbea46d20,1,3,lex_phase_3,OPTIMAL,FEASIBLE_POINT,141528.07311700776,141528.07311700776,0,76446,76446,117320,329940,2388,0,2388,11940,2388,256,0,0,NaN,0,NaN,7.105427357601002e-15,5.820766091346741e-11,
1,4,MULTISTAGE_RH,LEXMMFSA,shared_battery_mode_node_level_v1,SI-Drahi_17-d1-HOM-UHI-BHI-3cae609052,TK-PB-Drahi_17-d1-HOM-UHI-62618e628e-r1,SS-5d5bbea46d20,1,4,lex_phase_4,OPTIMAL,FEASIBLE_POINT,188704.0974893437,188704.0974893437,0,76446,76446,117321,329946,2388,0,2388,11940,2388,256,0,0,NaN,0,NaN,7.105427357601002e-15,5.820766091346741e-11,
1,4,MULTISTAGE_RH,LEXMMFSA,shared_battery_mode_node_level_v1,SI-Drahi_17-d1-HOM-UHI-BHI-3cae609052,TK-PB-Drahi_17-d1-HOM-UHI-62618e628e-r1,SS-5d5bbea46d20,1,5,lex_phase_5,OPTIMAL,FEASIBLE_POINT,235880.12186167974,235880.12186167974,0,76446,76446,117322,329952,2388,0,2388,11940,2388,256,0,0,NaN,0,NaN,7.105427357601002e-15,5.820766091346741e-11,
1,4,MULTISTAGE_RH,LEXMMFSA,shared_battery_mode_node_level_v1,SI-Drahi_17-d1-HOM-UHI-BHI-3cae609052,TK-PB-Drahi_17-d1-HOM-UHI-62618e628e-r1,SS-5d5bbea46d20,1,6,economic_tie_break,OPTIMAL,FEASIBLE_POINT,741230.3442749943,741230.3442749943,0,76446,76446,117323,329958,2388,0,2388,11940,2388,256,0,0,NaN,0,NaN,7.105427357601002e-15,5.820766091346741e-11,
1,5,MULTISTAGE_RH,LEXMMFSA,shared_battery_mode_node_level_v1,SI-Drahi_17-d1-HOM-UHI-BHI-3cae609052,TK-PB-Drahi_17-d1-HOM-UHI-62618e628e-r1,SS-102adc95e052,5,1,lex_phase_1,OPTIMAL,FEASIBLE_POINT,88971.71371744081,88971.71371744081,0,76446,76446,117318,326388,2388,0,2388,11940,2388,256,0,0,NaN,0,NaN,0.0,3.2014213502407074e-10,
1,5,MULTISTAGE_RH,LEXMMFSA,shared_battery_mode_node_level_v1,SI-Drahi_17-d1-HOM-UHI-BHI-3cae609052,TK-PB-Drahi_17-d1-HOM-UHI-62618e628e-r1,SS-102adc95e052,5,2,lex_phase_2,OPTIMAL,FEASIBLE_POINT,177943.42743488107,177943.42743488107,0,76446,76446,117319,326394,2388,0,2388,11940,2388,256,0,0,NaN,0,NaN,0.0,3.2014213502407074e-10,
1,5,MULTISTAGE_RH,LEXMMFSA,shared_battery_mode_node_level_v1,SI-Drahi_17-d1-HOM-UHI-BHI-3cae609052,TK-PB-Drahi_17-d1-HOM-UHI-62618e628e-r1,SS-102adc95e052,5,3,lex_phase_3,OPTIMAL,FEASIBLE_POINT,266915.1411523216,266915.1411523216,0,76446,76446,117320,326400,2388,0,2388,11940,2388,256,0,0,NaN,0,NaN,0.0,3.2014213502407074e-10,
1,5,MULTISTAGE_RH,LEXMMFSA,shared_battery_mode_node_level_v1,SI-Drahi_17-d1-HOM-UHI-BHI-3cae609052,TK-PB-Drahi_17-d1-HOM-UHI-62618e628e-r1,SS-102adc95e052,5,4,lex_phase_4,OPTIMAL,FEASIBLE_POINT,355886.85486976214,355886.85486976214,0,76446,76446,117321,326406,2388,0,2388,11940,2388,256,0,0,NaN,0,NaN,0.0,3.2014213502407074e-10,
1,5,MULTISTAGE_RH,LEXMMFSA,shared_battery_mode_node_level_v1,SI-Drahi_17-d1-HOM-UHI-BHI-3cae609052,TK-PB-Drahi_17-d1-HOM-UHI-62618e628e-r1,SS-102adc95e052,5,5,lex_phase_5,OPTIMAL,FEASIBLE_POINT,444858.5685872035,444858.5685872035,0,76446,76446,117322,326412,2388,0,2388,11940,2388,256,0,0,NaN,0,NaN,0.0,3.2014213502407074e-10,
1,5,MULTISTAGE_RH,LEXMMFSA,shared_battery_mode_node_level_v1,SI-Drahi_17-d1-HOM-UHI-BHI-3cae609052,TK-PB-Drahi_17-d1-HOM-UHI-62618e628e-r1,SS-102adc95e052,5,6,economic_tie_break,OPTIMAL,FEASIBLE_POINT,682850.7072003623,682850.7072003623,0,76446,76446,117323,326418,2388,0,2388,11940,2388,256,0,0,NaN,0,NaN,0.0,3.2014213502407074e-10,
1,6,MULTISTAGE_RH,LEXMMFSA,shared_battery_mode_node_level_v1,SI-Drahi_17-d1-HOM-UHI-BHI-3cae609052,TK-PB-Drahi_17-d1-HOM-UHI-62618e628e-r1,SS-102adc95e052,5,1,lex_phase_1,OPTIMAL,FEASIBLE_POINT,88971.71371744081,88971.71371744081,0,76446,76446,117318,326388,2388,0,2388,11940,2388,256,0,0,NaN,0,NaN,0.0,3.2014213502407074e-10,
1,6,MULTISTAGE_RH,LEXMMFSA,shared_battery_mode_node_level_v1,SI-Drahi_17-d1-HOM-UHI-BHI-3cae609052,TK-PB-Drahi_17-d1-HOM-UHI-62618e628e-r1,SS-102adc95e052,5,2,lex_phase_2,OPTIMAL,FEASIBLE_POINT,177943.42743488107,177943.42743488107,0,76446,76446,117319,326394,2388,0,2388,11940,2388,256,0,0,NaN,0,NaN,0.0,3.2014213502407074e-10,
1,6,MULTISTAGE_RH,LEXMMFSA,shared_battery_mode_node_level_v1,SI-Drahi_17-d1-HOM-UHI-BHI-3cae609052,TK-PB-Drahi_17-d1-HOM-UHI-62618e628e-r1,SS-102adc95e052,5,3,lex_phase_3,OPTIMAL,FEASIBLE_POINT,266915.1411523216,266915.1411523216,0,76446,76446,117320,326400,2388,0,2388,11940,2388,256,0,0,NaN,0,NaN,0.0,3.2014213502407074e-10,
1,6,MULTISTAGE_RH,LEXMMFSA,shared_battery_mode_node_level_v1,SI-Drahi_17-d1-HOM-UHI-BHI-3cae609052,TK-PB-Drahi_17-d1-HOM-UHI-62618e628e-r1,SS-102adc95e052,5,4,lex_phase_4,OPTIMAL,FEASIBLE_POINT,355886.85486976214,355886.85486976214,0,76446,76446,117321,326406,2388,0,2388,11940,2388,256,0,0,NaN,0,NaN,0.0,3.2014213502407074e-10,
1,6,MULTISTAGE_RH,LEXMMFSA,shared_battery_mode_node_level_v1,SI-Drahi_17-d1-HOM-UHI-BHI-3cae609052,TK-PB-Drahi_17-d1-HOM-UHI-62618e628e-r1,SS-102adc95e052,5,5,lex_phase_5,OPTIMAL,FEASIBLE_POINT,444858.5685872035,444858.5685872035,0,76446,76446,117322,326412,2388,0,2388,11940,2388,256,0,0,NaN,0,NaN,0.0,3.2014213502407074e-10,
1,6,MULTISTAGE_RH,LEXMMFSA,shared_battery_mode_node_level_v1,SI-Drahi_17-d1-HOM-UHI-BHI-3cae609052,TK-PB-Drahi_17-d1-HOM-UHI-62618e628e-r1,SS-102adc95e052,5,6,economic_tie_break,OPTIMAL,FEASIBLE_POINT,682850.7072003623,682850.7072003623,0,76446,76446,117323,326418,2388,0,2388,11940,2388,256,0,0,NaN,0,NaN,0.0,3.2014213502407074e-10,
1,7,MULTISTAGE_RH,LEXMMFSA,shared_battery_mode_node_level_v1,SI-Drahi_17-d1-HOM-UHI-BHI-3cae609052,TK-PB-Drahi_17-d1-HOM-UHI-62618e628e-r1,SS-102adc95e052,5,1,lex_phase_1,OPTIMAL,FEASIBLE_POINT,88971.71371744081,88971.71371744081,0,76446,76446,117318,326388,2388,0,2388,11940,2388,256,0,0,NaN,0,NaN,1.2789769243681803e-13,3.2014213502407074e-10,
1,7,MULTISTAGE_RH,LEXMMFSA,shared_battery_mode_node_level_v1,SI-Drahi_17-d1-HOM-UHI-BHI-3cae609052,TK-PB-Drahi_17-d1-HOM-UHI-62618e628e-r1,SS-102adc95e052,5,2,lex_phase_2,OPTIMAL,FEASIBLE_POINT,177943.42743488107,177943.42743488107,0,76446,76446,117319,326394,2388,0,2388,11940,2388,256,0,0,NaN,0,NaN,1.2789769243681803e-13,3.2014213502407074e-10,
1,7,MULTISTAGE_RH,LEXMMFSA,shared_battery_mode_node_level_v1,SI-Drahi_17-d1-HOM-UHI-BHI-3cae609052,TK-PB-Drahi_17-d1-HOM-UHI-62618e628e-r1,SS-102adc95e052,5,3,lex_phase_3,OPTIMAL,FEASIBLE_POINT,266915.1411523216,266915.1411523216,0,76446,76446,117320,326400,2388,0,2388,11940,2388,256,0,0,NaN,0,NaN,1.2789769243681803e-13,3.2014213502407074e-10,
1,7,MULTISTAGE_RH,LEXMMFSA,shared_battery_mode_node_level_v1,SI-Drahi_17-d1-HOM-UHI-BHI-3cae609052,TK-PB-Drahi_17-d1-HOM-UHI-62618e628e-r1,SS-102adc95e052,5,4,lex_phase_4,OPTIMAL,FEASIBLE_POINT,355886.85486976214,355886.85486976214,0,76446,76446,117321,326406,2388,0,2388,11940,2388,256,0,0,NaN,0,NaN,1.2789769243681803e-13,3.2014213502407074e-10,
1,7,MULTISTAGE_RH,LEXMMFSA,shared_battery_mode_node_level_v1,SI-Drahi_17-d1-HOM-UHI-BHI-3cae609052,TK-PB-Drahi_17-d1-HOM-UHI-62618e628e-r1,SS-102adc95e052,5,5,lex_phase_5,OPTIMAL,FEASIBLE_POINT,444858.5685872035,444858.5685872035,0,76446,76446,117322,326412,2388,0,2388,11940,2388,256,0,0,NaN,0,NaN,1.2789769243681803e-13,3.2014213502407074e-10,
1,7,MULTISTAGE_RH,LEXMMFSA,shared_battery_mode_node_level_v1,SI-Drahi_17-d1-HOM-UHI-BHI-3cae609052,TK-PB-Drahi_17-d1-HOM-UHI-62618e628e-r1,SS-102adc95e052,5,6,economic_tie_break,OPTIMAL,FEASIBLE_POINT,682850.7072003623,682850.7072003623,0,76446,76446,117323,326418,2388,0,2388,11940,2388,256,0,0,NaN,0,NaN,1.2789769243681803e-13,3.2014213502407074e-10,
1,8,MULTISTAGE_RH,LEXMMFSA,shared_battery_mode_node_level_v1,SI-Drahi_17-d1-HOM-UHI-BHI-3cae609052,TK-PB-Drahi_17-d1-HOM-UHI-62618e628e-r1,SS-102adc95e052,5,1,lex_phase_1,OPTIMAL,FEASIBLE_POINT,88971.71371744081,88971.71371744081,0,76446,76446,117318,326388,2388,0,2388,11940,2388,256,0,0,NaN,0,NaN,5.684341886080802e-14,3.2014213502407074e-10,
1,8,MULTISTAGE_RH,LEXMMFSA,shared_battery_mode_node_level_v1,SI-Drahi_17-d1-HOM-UHI-BHI-3cae609052,TK-PB-Drahi_17-d1-HOM-UHI-62618e628e-r1,SS-102adc95e052,5,2,lex_phase_2,OPTIMAL,FEASIBLE_POINT,177943.42743488107,177943.42743488107,0,76446,76446,117319,326394,2388,0,2388,11940,2388,256,0,0,NaN,0,NaN,5.684341886080802e-14,3.2014213502407074e-10,
1,8,MULTISTAGE_RH,LEXMMFSA,shared_battery_mode_node_level_v1,SI-Drahi_17-d1-HOM-UHI-BHI-3cae609052,TK-PB-Drahi_17-d1-HOM-UHI-62618e628e-r1,SS-102adc95e052,5,3,lex_phase_3,OPTIMAL,FEASIBLE_POINT,266915.1411523216,266915.1411523216,0,76446,76446,117320,326400,2388,0,2388,11940,2388,256,0,0,NaN,0,NaN,5.684341886080802e-14,3.2014213502407074e-10,
1,8,MULTISTAGE_RH,LEXMMFSA,shared_battery_mode_node_level_v1,SI-Drahi_17-d1-HOM-UHI-BHI-3cae609052,TK-PB-Drahi_17-d1-HOM-UHI-62618e628e-r1,SS-102adc95e052,5,4,lex_phase_4,OPTIMAL,FEASIBLE_POINT,355886.85486976214,355886.85486976214,0,76446,76446,117321,326406,2388,0,2388,11940,2388,256,0,0,NaN,0,NaN,5.684341886080802e-14,3.2014213502407074e-10,
1,8,MULTISTAGE_RH,LEXMMFSA,shared_battery_mode_node_level_v1,SI-Drahi_17-d1-HOM-UHI-BHI-3cae609052,TK-PB-Drahi_17-d1-HOM-UHI-62618e628e-r1,SS-102adc95e052,5,5,lex_phase_5,OPTIMAL,FEASIBLE_POINT,444858.5685872035,444858.5685872035,0,76446,76446,117322,326412,2388,0,2388,11940,2388,256,0,0,NaN,0,NaN,5.684341886080802e-14,3.2014213502407074e-10,
1,8,MULTISTAGE_RH,LEXMMFSA,shared_battery_mode_node_level_v1,SI-Drahi_17-d1-HOM-UHI-BHI-3cae609052,TK-PB-Drahi_17-d1-HOM-UHI-62618e628e-r1,SS-102adc95e052,5,6,economic_tie_break,OPTIMAL,FEASIBLE_POINT,682850.7072003623,682850.7072003623,0,76446,76446,117323,326418,2388,0,2388,11940,2388,256,0,0,NaN,0,NaN,5.684341886080802e-14,3.2014213502407074e-10,
1,9,MULTISTAGE_RH,LEXMMFSA,shared_battery_mode_node_level_v1,SI-Drahi_17-d1-HOM-UHI-BHI-3cae609052,TK-PB-Drahi_17-d1-HOM-UHI-62618e628e-r1,SS-19da242d4543,9,1,lex_phase_1,OPTIMAL,FEASIBLE_POINT,72085.71986563616,72085.71986563616,0,76446,76446,117318,330063,2388,0,2388,11940,2388,256,0,0,NaN,0,NaN,1.4210854715202004e-14,1.5133991837501526e-9,
1,9,MULTISTAGE_RH,LEXMMFSA,shared_battery_mode_node_level_v1,SI-Drahi_17-d1-HOM-UHI-BHI-3cae609052,TK-PB-Drahi_17-d1-HOM-UHI-62618e628e-r1,SS-19da242d4543,9,2,lex_phase_2,OPTIMAL,FEASIBLE_POINT,144171.4397312724,144171.4397312724,0,76446,76446,117319,330069,2388,0,2388,11940,2388,256,0,0,NaN,0,NaN,1.4210854715202004e-14,1.5133991837501526e-9,
1,9,MULTISTAGE_RH,LEXMMFSA,shared_battery_mode_node_level_v1,SI-Drahi_17-d1-HOM-UHI-BHI-3cae609052,TK-PB-Drahi_17-d1-HOM-UHI-62618e628e-r1,SS-19da242d4543,9,3,lex_phase_3,OPTIMAL,FEASIBLE_POINT,216257.1595969086,216257.1595969086,0,76446,76446,117320,330075,2388,0,2388,11940,2388,256,0,0,NaN,0,NaN,1.4210854715202004e-14,1.5133991837501526e-9,
1,9,MULTISTAGE_RH,LEXMMFSA,shared_battery_mode_node_level_v1,SI-Drahi_17-d1-HOM-UHI-BHI-3cae609052,TK-PB-Drahi_17-d1-HOM-UHI-62618e628e-r1,SS-19da242d4543,9,4,lex_phase_4,OPTIMAL,FEASIBLE_POINT,288342.8794625448,288342.8794625448,0,76446,76446,117321,330081,2388,0,2388,11940,2388,256,0,0,NaN,0,NaN,1.4210854715202004e-14,1.5133991837501526e-9,
1,9,MULTISTAGE_RH,LEXMMFSA,shared_battery_mode_node_level_v1,SI-Drahi_17-d1-HOM-UHI-BHI-3cae609052,TK-PB-Drahi_17-d1-HOM-UHI-62618e628e-r1,SS-19da242d4543,9,5,lex_phase_5,OPTIMAL,FEASIBLE_POINT,360428.5993281786,360428.5993281786,0,76446,76446,117322,330087,2388,0,2388,11940,2388,256,0,0,NaN,0,NaN,1.4210854715202004e-14,1.5133991837501526e-9,
1,9,MULTISTAGE_RH,LEXMMFSA,shared_battery_mode_node_level_v1,SI-Drahi_17-d1-HOM-UHI-BHI-3cae609052,TK-PB-Drahi_17-d1-HOM-UHI-62618e628e-r1,SS-19da242d4543,9,6,economic_tie_break,OPTIMAL,FEASIBLE_POINT,727763.7569541306,727763.7569541306,0,76446,76446,117323,330093,2388,0,2388,11940,2388,256,0,0,NaN,0,NaN,1.4210854715202004e-14,1.5133991837501526e-9,
1,10,MULTISTAGE_RH,LEXMMFSA,shared_battery_mode_node_level_v1,SI-Drahi_17-d1-HOM-UHI-BHI-3cae609052,TK-PB-Drahi_17-d1-HOM-UHI-62618e628e-r1,SS-19da242d4543,9,1,lex_phase_1,OPTIMAL,FEASIBLE_POINT,72085.71986563616,72085.71986563616,0,76446,76446,117318,330063,2388,0,2388,11940,2388,256,0,0,NaN,0,NaN,2.842170943040401e-14,1.5133991837501526e-9,
1,10,MULTISTAGE_RH,LEXMMFSA,shared_battery_mode_node_level_v1,SI-Drahi_17-d1-HOM-UHI-BHI-3cae609052,TK-PB-Drahi_17-d1-HOM-UHI-62618e628e-r1,SS-19da242d4543,9,2,lex_phase_2,OPTIMAL,FEASIBLE_POINT,144171.4397312724,144171.4397312724,0,76446,76446,117319,330069,2388,0,2388,11940,2388,256,0,0,NaN,0,NaN,2.842170943040401e-14,1.5133991837501526e-9,
1,10,MULTISTAGE_RH,LEXMMFSA,shared_battery_mode_node_level_v1,SI-Drahi_17-d1-HOM-UHI-BHI-3cae609052,TK-PB-Drahi_17-d1-HOM-UHI-62618e628e-r1,SS-19da242d4543,9,3,lex_phase_3,OPTIMAL,FEASIBLE_POINT,216257.1595969086,216257.1595969086,0,76446,76446,117320,330075,2388,0,2388,11940,2388,256,0,0,NaN,0,NaN,2.842170943040401e-14,1.5133991837501526e-9,
1,10,MULTISTAGE_RH,LEXMMFSA,shared_battery_mode_node_level_v1,SI-Drahi_17-d1-HOM-UHI-BHI-3cae609052,TK-PB-Drahi_17-d1-HOM-UHI-62618e628e-r1,SS-19da242d4543,9,4,lex_phase_4,OPTIMAL,FEASIBLE_POINT,288342.8794625448,288342.8794625448,0,76446,76446,117321,330081,2388,0,2388,11940,2388,256,0,0,NaN,0,NaN,2.842170943040401e-14,1.5133991837501526e-9,
1,10,MULTISTAGE_RH,LEXMMFSA,shared_battery_mode_node_level_v1,SI-Drahi_17-d1-HOM-UHI-BHI-3cae609052,TK-PB-Drahi_17-d1-HOM-UHI-62618e628e-r1,SS-19da242d4543,9,5,lex_phase_5,OPTIMAL,FEASIBLE_POINT,360428.5993281786,360428.5993281786,0,76446,76446,117322,330087,2388,0,2388,11940,2388,256,0,0,NaN,0,NaN,2.842170943040401e-14,1.5133991837501526e-9,
1,10,MULTISTAGE_RH,LEXMMFSA,shared_battery_mode_node_level_v1,SI-Drahi_17-d1-HOM-UHI-BHI-3cae609052,TK-PB-Drahi_17-d1-HOM-UHI-62618e628e-r1,SS-19da242d4543,9,6,economic_tie_break,OPTIMAL,FEASIBLE_POINT,727763.7569541306,727763.7569541306,0,76446,76446,117323,330093,2388,0,2388,11940,2388,256,0,0,NaN,0,NaN,2.842170943040401e-14,1.5133991837501526e-9,
1,11,MULTISTAGE_RH,LEXMMFSA,shared_battery_mode_node_level_v1,SI-Drahi_17-d1-HOM-UHI-BHI-3cae609052,TK-PB-Drahi_17-d1-HOM-UHI-62618e628e-r1,SS-19da242d4543,9,1,lex_phase_1,OPTIMAL,FEASIBLE_POINT,72085.71986563616,72085.71986563616,0,76446,76446,117318,330063,2388,0,2388,11940,2388,256,0,0,NaN,0,NaN,3.268496584496461e-13,1.5133991837501526e-9,
1,11,MULTISTAGE_RH,LEXMMFSA,shared_battery_mode_node_level_v1,SI-Drahi_17-d1-HOM-UHI-BHI-3cae609052,TK-PB-Drahi_17-d1-HOM-UHI-62618e628e-r1,SS-19da242d4543,9,2,lex_phase_2,OPTIMAL,FEASIBLE_POINT,144171.4397312724,144171.4397312724,0,76446,76446,117319,330069,2388,0,2388,11940,2388,256,0,0,NaN,0,NaN,3.268496584496461e-13,1.5133991837501526e-9,
1,11,MULTISTAGE_RH,LEXMMFSA,shared_battery_mode_node_level_v1,SI-Drahi_17-d1-HOM-UHI-BHI-3cae609052,TK-PB-Drahi_17-d1-HOM-UHI-62618e628e-r1,SS-19da242d4543,9,3,lex_phase_3,OPTIMAL,FEASIBLE_POINT,216257.1595969086,216257.1595969086,0,76446,76446,117320,330075,2388,0,2388,11940,2388,256,0,0,NaN,0,NaN,3.268496584496461e-13,1.5133991837501526e-9,
1,11,MULTISTAGE_RH,LEXMMFSA,shared_battery_mode_node_level_v1,SI-Drahi_17-d1-HOM-UHI-BHI-3cae609052,TK-PB-Drahi_17-d1-HOM-UHI-62618e628e-r1,SS-19da242d4543,9,4,lex_phase_4,OPTIMAL,FEASIBLE_POINT,288342.8794625448,288342.8794625448,0,76446,76446,117321,330081,2388,0,2388,11940,2388,256,0,0,NaN,0,NaN,3.268496584496461e-13,1.5133991837501526e-9,
1,11,MULTISTAGE_RH,LEXMMFSA,shared_battery_mode_node_level_v1,SI-Drahi_17-d1-HOM-UHI-BHI-3cae609052,TK-PB-Drahi_17-d1-HOM-UHI-62618e628e-r1,SS-19da242d4543,9,5,lex_phase_5,OPTIMAL,FEASIBLE_POINT,360428.5993281786,360428.5993281786,0,76446,76446,117322,330087,2388,0,2388,11940,2388,256,0,0,NaN,0,NaN,3.268496584496461e-13,1.5133991837501526e-9,
1,11,MULTISTAGE_RH,LEXMMFSA,shared_battery_mode_node_level_v1,SI-Drahi_17-d1-HOM-UHI-BHI-3cae609052,TK-PB-Drahi_17-d1-HOM-UHI-62618e628e-r1,SS-19da242d4543,9,6,economic_tie_break,OPTIMAL,FEASIBLE_POINT,727763.7569541306,727763.7569541306,0,76446,76446,117323,330093,2388,0,2388,11940,2388,256,0,0,NaN,0,NaN,3.268496584496461e-13,1.5133991837501526e-9,
1,12,MULTISTAGE_RH,LEXMMFSA,shared_battery_mode_node_level_v1,SI-Drahi_17-d1-HOM-UHI-BHI-3cae609052,TK-PB-Drahi_17-d1-HOM-UHI-62618e628e-r1,SS-19da242d4543,9,1,lex_phase_1,OPTIMAL,FEASIBLE_POINT,72085.71986563616,72085.71986563616,0,76446,76446,117318,330063,2388,0,2388,11940,2388,256,0,0,NaN,0,NaN,5.684341886080802e-14,1.5133991837501526e-9,
1,12,MULTISTAGE_RH,LEXMMFSA,shared_battery_mode_node_level_v1,SI-Drahi_17-d1-HOM-UHI-BHI-3cae609052,TK-PB-Drahi_17-d1-HOM-UHI-62618e628e-r1,SS-19da242d4543,9,2,lex_phase_2,OPTIMAL,FEASIBLE_POINT,144171.4397312724,144171.4397312724,0,76446,76446,117319,330069,2388,0,2388,11940,2388,256,0,0,NaN,0,NaN,5.684341886080802e-14,1.5133991837501526e-9,
1,12,MULTISTAGE_RH,LEXMMFSA,shared_battery_mode_node_level_v1,SI-Drahi_17-d1-HOM-UHI-BHI-3cae609052,TK-PB-Drahi_17-d1-HOM-UHI-62618e628e-r1,SS-19da242d4543,9,3,lex_phase_3,OPTIMAL,FEASIBLE_POINT,216257.1595969086,216257.1595969086,0,76446,76446,117320,330075,2388,0,2388,11940,2388,256,0,0,NaN,0,NaN,5.684341886080802e-14,1.5133991837501526e-9,
1,12,MULTISTAGE_RH,LEXMMFSA,shared_battery_mode_node_level_v1,SI-Drahi_17-d1-HOM-UHI-BHI-3cae609052,TK-PB-Drahi_17-d1-HOM-UHI-62618e628e-r1,SS-19da242d4543,9,4,lex_phase_4,OPTIMAL,FEASIBLE_POINT,288342.8794625448,288342.8794625448,0,76446,76446,117321,330081,2388,0,2388,11940,2388,256,0,0,NaN,0,NaN,5.684341886080802e-14,1.5133991837501526e-9,
1,12,MULTISTAGE_RH,LEXMMFSA,shared_battery_mode_node_level_v1,SI-Drahi_17-d1-HOM-UHI-BHI-3cae609052,TK-PB-Drahi_17-d1-HOM-UHI-62618e628e-r1,SS-19da242d4543,9,5,lex_phase_5,OPTIMAL,FEASIBLE_POINT,360428.5993281786,360428.5993281786,0,76446,76446,117322,330087,2388,0,2388,11940,2388,256,0,0,NaN,0,NaN,5.684341886080802e-14,1.5133991837501526e-9,
1,12,MULTISTAGE_RH,LEXMMFSA,shared_battery_mode_node_level_v1,SI-Drahi_17-d1-HOM-UHI-BHI-3cae609052,TK-PB-Drahi_17-d1-HOM-UHI-62618e628e-r1,SS-19da242d4543,9,6,economic_tie_break,OPTIMAL,FEASIBLE_POINT,727763.7569541306,727763.7569541306,0,76446,76446,117323,330093,2388,0,2388,11940,2388,256,0,0,NaN,0,NaN,5.684341886080802e-14,1.5133991837501526e-9,
1,13,MULTISTAGE_RH,LEXMMFSA,shared_battery_mode_node_level_v1,SI-Drahi_17-d1-HOM-UHI-BHI-3cae609052,TK-PB-Drahi_17-d1-HOM-UHI-62618e628e-r1,SS-354317d12b7f,13,1,lex_phase_1,OPTIMAL,FEASIBLE_POINT,95897.81917886143,95897.81917886143,0,76446,76446,117318,334143,2388,0,2388,11940,2388,256,0,0,NaN,0,NaN,2.842170943040401e-14,6.402842700481415e-10,
1,13,MULTISTAGE_RH,LEXMMFSA,shared_battery_mode_node_level_v1,SI-Drahi_17-d1-HOM-UHI-BHI-3cae609052,TK-PB-Drahi_17-d1-HOM-UHI-62618e628e-r1,SS-354317d12b7f,13,2,lex_phase_2,OPTIMAL,FEASIBLE_POINT,191795.63835772304,191795.63835772304,0,76446,76446,117319,334149,2388,0,2388,11940,2388,256,0,0,NaN,0,NaN,2.842170943040401e-14,6.402842700481415e-10,
1,13,MULTISTAGE_RH,LEXMMFSA,shared_battery_mode_node_level_v1,SI-Drahi_17-d1-HOM-UHI-BHI-3cae609052,TK-PB-Drahi_17-d1-HOM-UHI-62618e628e-r1,SS-354317d12b7f,13,3,lex_phase_3,OPTIMAL,FEASIBLE_POINT,287693.4575365846,287693.4575365846,0,76446,76446,117320,334155,2388,0,2388,11940,2388,256,0,0,NaN,0,NaN,2.842170943040401e-14,6.402842700481415e-10,
1,13,MULTISTAGE_RH,LEXMMFSA,shared_battery_mode_node_level_v1,SI-Drahi_17-d1-HOM-UHI-BHI-3cae609052,TK-PB-Drahi_17-d1-HOM-UHI-62618e628e-r1,SS-354317d12b7f,13,4,lex_phase_4,OPTIMAL,FEASIBLE_POINT,383591.2767154461,383591.2767154461,0,76446,76446,117321,334161,2388,0,2388,11940,2388,256,0,0,NaN,0,NaN,2.842170943040401e-14,6.402842700481415e-10,
1,13,MULTISTAGE_RH,LEXMMFSA,shared_battery_mode_node_level_v1,SI-Drahi_17-d1-HOM-UHI-BHI-3cae609052,TK-PB-Drahi_17-d1-HOM-UHI-62618e628e-r1,SS-354317d12b7f,13,5,lex_phase_5,OPTIMAL,FEASIBLE_POINT,479489.0958943084,479489.0958943084,0,76446,76446,117322,334167,2388,0,2388,11940,2388,256,0,0,NaN,0,NaN,2.842170943040401e-14,6.402842700481415e-10,
1,13,MULTISTAGE_RH,LEXMMFSA,shared_battery_mode_node_level_v1,SI-Drahi_17-d1-HOM-UHI-BHI-3cae609052,TK-PB-Drahi_17-d1-HOM-UHI-62618e628e-r1,SS-354317d12b7f,13,6,economic_tie_break,OPTIMAL,FEASIBLE_POINT,725999.5418485685,725999.5418485685,0,76446,76446,117323,334173,2388,0,2388,11940,2388,256,0,0,NaN,0,NaN,2.842170943040401e-14,6.402842700481415e-10,
1,14,MULTISTAGE_RH,LEXMMFSA,shared_battery_mode_node_level_v1,SI-Drahi_17-d1-HOM-UHI-BHI-3cae609052,TK-PB-Drahi_17-d1-HOM-UHI-62618e628e-r1,SS-354317d12b7f,13,1,lex_phase_1,OPTIMAL,FEASIBLE_POINT,95897.81917886143,95897.81917886143,0,76446,76446,117318,334143,2388,0,2388,11940,2388,256,0,0,NaN,0,NaN,1.4210854715202004e-14,6.402842700481415e-10,
1,14,MULTISTAGE_RH,LEXMMFSA,shared_battery_mode_node_level_v1,SI-Drahi_17-d1-HOM-UHI-BHI-3cae609052,TK-PB-Drahi_17-d1-HOM-UHI-62618e628e-r1,SS-354317d12b7f,13,2,lex_phase_2,OPTIMAL,FEASIBLE_POINT,191795.63835772304,191795.63835772304,0,76446,76446,117319,334149,2388,0,2388,11940,2388,256,0,0,NaN,0,NaN,1.4210854715202004e-14,6.402842700481415e-10,
1,14,MULTISTAGE_RH,LEXMMFSA,shared_battery_mode_node_level_v1,SI-Drahi_17-d1-HOM-UHI-BHI-3cae609052,TK-PB-Drahi_17-d1-HOM-UHI-62618e628e-r1,SS-354317d12b7f,13,3,lex_phase_3,OPTIMAL,FEASIBLE_POINT,287693.4575365846,287693.4575365846,0,76446,76446,117320,334155,2388,0,2388,11940,2388,256,0,0,NaN,0,NaN,1.4210854715202004e-14,6.402842700481415e-10,
1,14,MULTISTAGE_RH,LEXMMFSA,shared_battery_mode_node_level_v1,SI-Drahi_17-d1-HOM-UHI-BHI-3cae609052,TK-PB-Drahi_17-d1-HOM-UHI-62618e628e-r1,SS-354317d12b7f,13,4,lex_phase_4,OPTIMAL,FEASIBLE_POINT,383591.2767154461,383591.2767154461,0,76446,76446,117321,334161,2388,0,2388,11940,2388,256,0,0,NaN,0,NaN,1.4210854715202004e-14,6.402842700481415e-10,
1,14,MULTISTAGE_RH,LEXMMFSA,shared_battery_mode_node_level_v1,SI-Drahi_17-d1-HOM-UHI-BHI-3cae609052,TK-PB-Drahi_17-d1-HOM-UHI-62618e628e-r1,SS-354317d12b7f,13,5,lex_phase_5,OPTIMAL,FEASIBLE_POINT,479489.0958943084,479489.0958943084,0,76446,76446,117322,334167,2388,0,2388,11940,2388,256,0,0,NaN,0,NaN,1.4210854715202004e-14,6.402842700481415e-10,
1,14,MULTISTAGE_RH,LEXMMFSA,shared_battery_mode_node_level_v1,SI-Drahi_17-d1-HOM-UHI-BHI-3cae609052,TK-PB-Drahi_17-d1-HOM-UHI-62618e628e-r1,SS-354317d12b7f,13,6,economic_tie_break,OPTIMAL,FEASIBLE_POINT,725999.5418485685,725999.5418485685,0,76446,76446,117323,334173,2388,0,2388,11940,2388,256,0,0,NaN,0,NaN,1.4210854715202004e-14,6.402842700481415e-10,
1,15,MULTISTAGE_RH,LEXMMFSA,shared_battery_mode_node_level_v1,SI-Drahi_17-d1-HOM-UHI-BHI-3cae609052,TK-PB-Drahi_17-d1-HOM-UHI-62618e628e-r1,SS-354317d12b7f,13,1,lex_phase_1,OPTIMAL,FEASIBLE_POINT,95897.81917886143,95897.81917886143,0,76446,76446,117318,334143,2388,0,2388,11940,2388,256,0,0,NaN,0,NaN,3.552713678800501e-15,6.402842700481415e-10,
1,15,MULTISTAGE_RH,LEXMMFSA,shared_battery_mode_node_level_v1,SI-Drahi_17-d1-HOM-UHI-BHI-3cae609052,TK-PB-Drahi_17-d1-HOM-UHI-62618e628e-r1,SS-354317d12b7f,13,2,lex_phase_2,OPTIMAL,FEASIBLE_POINT,191795.63835772304,191795.63835772304,0,76446,76446,117319,334149,2388,0,2388,11940,2388,256,0,0,NaN,0,NaN,3.552713678800501e-15,6.402842700481415e-10,
1,15,MULTISTAGE_RH,LEXMMFSA,shared_battery_mode_node_level_v1,SI-Drahi_17-d1-HOM-UHI-BHI-3cae609052,TK-PB-Drahi_17-d1-HOM-UHI-62618e628e-r1,SS-354317d12b7f,13,3,lex_phase_3,OPTIMAL,FEASIBLE_POINT,287693.4575365846,287693.4575365846,0,76446,76446,117320,334155,2388,0,2388,11940,2388,256,0,0,NaN,0,NaN,3.552713678800501e-15,6.402842700481415e-10,
1,15,MULTISTAGE_RH,LEXMMFSA,shared_battery_mode_node_level_v1,SI-Drahi_17-d1-HOM-UHI-BHI-3cae609052,TK-PB-Drahi_17-d1-HOM-UHI-62618e628e-r1,SS-354317d12b7f,13,4,lex_phase_4,OPTIMAL,FEASIBLE_POINT,383591.2767154461,383591.2767154461,0,76446,76446,117321,334161,2388,0,2388,11940,2388,256,0,0,NaN,0,NaN,3.552713678800501e-15,6.402842700481415e-10,
1,15,MULTISTAGE_RH,LEXMMFSA,shared_battery_mode_node_level_v1,SI-Drahi_17-d1-HOM-UHI-BHI-3cae609052,TK-PB-Drahi_17-d1-HOM-UHI-62618e628e-r1,SS-354317d12b7f,13,5,lex_phase_5,OPTIMAL,FEASIBLE_POINT,479489.0958943084,479489.0958943084,0,76446,76446,117322,334167,2388,0,2388,11940,2388,256,0,0,NaN,0,NaN,3.552713678800501e-15,6.402842700481415e-10,
1,15,MULTISTAGE_RH,LEXMMFSA,shared_battery_mode_node_level_v1,SI-Drahi_17-d1-HOM-UHI-BHI-3cae609052,TK-PB-Drahi_17-d1-HOM-UHI-62618e628e-r1,SS-354317d12b7f,13,6,economic_tie_break,OPTIMAL,FEASIBLE_POINT,725999.5418485685,725999.5418485685,0,76446,76446,117323,334173,2388,0,2388,11940,2388,256,0,0,NaN,0,NaN,3.552713678800501e-15,6.402842700481415e-10,
1,16,MULTISTAGE_RH,LEXMMFSA,shared_battery_mode_node_level_v1,SI-Drahi_17-d1-HOM-UHI-BHI-3cae609052,TK-PB-Drahi_17-d1-HOM-UHI-62618e628e-r1,SS-354317d12b7f,13,1,lex_phase_1,OPTIMAL,FEASIBLE_POINT,95897.81917886143,95897.81917886143,0,76446,76446,117318,334143,2388,0,2388,11940,2388,256,0,0,NaN,0,NaN,2.6645352591003757e-15,6.402842700481415e-10,
1,16,MULTISTAGE_RH,LEXMMFSA,shared_battery_mode_node_level_v1,SI-Drahi_17-d1-HOM-UHI-BHI-3cae609052,TK-PB-Drahi_17-d1-HOM-UHI-62618e628e-r1,SS-354317d12b7f,13,2,lex_phase_2,OPTIMAL,FEASIBLE_POINT,191795.63835772304,191795.63835772304,0,76446,76446,117319,334149,2388,0,2388,11940,2388,256,0,0,NaN,0,NaN,2.6645352591003757e-15,6.402842700481415e-10,
1,16,MULTISTAGE_RH,LEXMMFSA,shared_battery_mode_node_level_v1,SI-Drahi_17-d1-HOM-UHI-BHI-3cae609052,TK-PB-Drahi_17-d1-HOM-UHI-62618e628e-r1,SS-354317d12b7f,13,3,lex_phase_3,OPTIMAL,FEASIBLE_POINT,287693.4575365846,287693.4575365846,0,76446,76446,117320,334155,2388,0,2388,11940,2388,256,0,0,NaN,0,NaN,2.6645352591003757e-15,6.402842700481415e-10,
1,16,MULTISTAGE_RH,LEXMMFSA,shared_battery_mode_node_level_v1,SI-Drahi_17-d1-HOM-UHI-BHI-3cae609052,TK-PB-Drahi_17-d1-HOM-UHI-62618e628e-r1,SS-354317d12b7f,13,4,lex_phase_4,OPTIMAL,FEASIBLE_POINT,383591.2767154461,383591.2767154461,0,76446,76446,117321,334161,2388,0,2388,11940,2388,256,0,0,NaN,0,NaN,2.6645352591003757e-15,6.402842700481415e-10,
1,16,MULTISTAGE_RH,LEXMMFSA,shared_battery_mode_node_level_v1,SI-Drahi_17-d1-HOM-UHI-BHI-3cae609052,TK-PB-Drahi_17-d1-HOM-UHI-62618e628e-r1,SS-354317d12b7f,13,5,lex_phase_5,OPTIMAL,FEASIBLE_POINT,479489.0958943084,479489.0958943084,0,76446,76446,117322,334167,2388,0,2388,11940,2388,256,0,0,NaN,0,NaN,2.6645352591003757e-15,6.402842700481415e-10,
1,16,MULTISTAGE_RH,LEXMMFSA,shared_battery_mode_node_level_v1,SI-Drahi_17-d1-HOM-UHI-BHI-3cae609052,TK-PB-Drahi_17-d1-HOM-UHI-62618e628e-r1,SS-354317d12b7f,13,6,economic_tie_break,OPTIMAL,FEASIBLE_POINT,725999.5418485685,725999.5418485685,0,76446,76446,117323,334173,2388,0,2388,11940,2388,256,0,0,NaN,0,NaN,2.6645352591003757e-15,6.402842700481415e-10,
1,17,MULTISTAGE_RH,LEXMMFSA,shared_battery_mode_node_level_v1,SI-Drahi_17-d1-HOM-UHI-BHI-3cae609052,TK-PB-Drahi_17-d1-HOM-UHI-62618e628e-r1,SS-c81930d9c8ba,17,1,lex_phase_1,OPTIMAL,FEASIBLE_POINT,110285.17451200087,110285.17451200087,0,76446,76446,117318,335583,2388,0,2388,11940,2388,256,0,0,NaN,0,NaN,3.552713678800501e-15,3.4924596548080444e-10,
1,17,MULTISTAGE_RH,LEXMMFSA,shared_battery_mode_node_level_v1,SI-Drahi_17-d1-HOM-UHI-BHI-3cae609052,TK-PB-Drahi_17-d1-HOM-UHI-62618e628e-r1,SS-c81930d9c8ba,17,2,lex_phase_2,OPTIMAL,FEASIBLE_POINT,220570.34902400256,220570.34902400256,0,76446,76446,117319,335589,2388,0,2388,11940,2388,256,0,0,NaN,0,NaN,3.552713678800501e-15,3.4924596548080444e-10,
1,17,MULTISTAGE_RH,LEXMMFSA,shared_battery_mode_node_level_v1,SI-Drahi_17-d1-HOM-UHI-BHI-3cae609052,TK-PB-Drahi_17-d1-HOM-UHI-62618e628e-r1,SS-c81930d9c8ba,17,3,lex_phase_3,OPTIMAL,FEASIBLE_POINT,330855.52353600384,330855.52353600384,0,76446,76446,117320,335595,2388,0,2388,11940,2388,256,0,0,NaN,0,NaN,3.552713678800501e-15,3.4924596548080444e-10,
1,17,MULTISTAGE_RH,LEXMMFSA,shared_battery_mode_node_level_v1,SI-Drahi_17-d1-HOM-UHI-BHI-3cae609052,TK-PB-Drahi_17-d1-HOM-UHI-62618e628e-r1,SS-c81930d9c8ba,17,4,lex_phase_4,OPTIMAL,FEASIBLE_POINT,441140.6980480051,441140.6980480051,0,76446,76446,117321,335601,2388,0,2388,11940,2388,256,0,0,NaN,0,NaN,3.552713678800501e-15,3.4924596548080444e-10,
1,17,MULTISTAGE_RH,LEXMMFSA,shared_battery_mode_node_level_v1,SI-Drahi_17-d1-HOM-UHI-BHI-3cae609052,TK-PB-Drahi_17-d1-HOM-UHI-62618e628e-r1,SS-c81930d9c8ba,17,5,lex_phase_5,OPTIMAL,FEASIBLE_POINT,551425.8725600062,551425.8725600062,0,76446,76446,117322,335607,2388,0,2388,11940,2388,256,0,0,NaN,0,NaN,3.552713678800501e-15,3.4924596548080444e-10,
1,17,MULTISTAGE_RH,LEXMMFSA,shared_battery_mode_node_level_v1,SI-Drahi_17-d1-HOM-UHI-BHI-3cae609052,TK-PB-Drahi_17-d1-HOM-UHI-62618e628e-r1,SS-c81930d9c8ba,17,6,economic_tie_break,OPTIMAL,FEASIBLE_POINT,723991.2150451313,723991.2150451313,0,76446,76446,117323,335613,2388,0,2388,11940,2388,256,0,0,NaN,0,NaN,3.552713678800501e-15,3.4924596548080444e-10,
1,18,MULTISTAGE_RH,LEXMMFSA,shared_battery_mode_node_level_v1,SI-Drahi_17-d1-HOM-UHI-BHI-3cae609052,TK-PB-Drahi_17-d1-HOM-UHI-62618e628e-r1,SS-c81930d9c8ba,17,1,lex_phase_1,OPTIMAL,FEASIBLE_POINT,110285.17451200087,110285.17451200087,0,76446,76446,117318,335583,2388,0,2388,11940,2388,256,0,0,NaN,0,NaN,1.7763568394002505e-15,3.4924596548080444e-10,
1,18,MULTISTAGE_RH,LEXMMFSA,shared_battery_mode_node_level_v1,SI-Drahi_17-d1-HOM-UHI-BHI-3cae609052,TK-PB-Drahi_17-d1-HOM-UHI-62618e628e-r1,SS-c81930d9c8ba,17,2,lex_phase_2,OPTIMAL,FEASIBLE_POINT,220570.34902400256,220570.34902400256,0,76446,76446,117319,335589,2388,0,2388,11940,2388,256,0,0,NaN,0,NaN,1.7763568394002505e-15,3.4924596548080444e-10,
1,18,MULTISTAGE_RH,LEXMMFSA,shared_battery_mode_node_level_v1,SI-Drahi_17-d1-HOM-UHI-BHI-3cae609052,TK-PB-Drahi_17-d1-HOM-UHI-62618e628e-r1,SS-c81930d9c8ba,17,3,lex_phase_3,OPTIMAL,FEASIBLE_POINT,330855.52353600384,330855.52353600384,0,76446,76446,117320,335595,2388,0,2388,11940,2388,256,0,0,NaN,0,NaN,1.7763568394002505e-15,3.4924596548080444e-10,
1,18,MULTISTAGE_RH,LEXMMFSA,shared_battery_mode_node_level_v1,SI-Drahi_17-d1-HOM-UHI-BHI-3cae609052,TK-PB-Drahi_17-d1-HOM-UHI-62618e628e-r1,SS-c81930d9c8ba,17,4,lex_phase_4,OPTIMAL,FEASIBLE_POINT,441140.6980480051,441140.6980480051,0,76446,76446,117321,335601,2388,0,2388,11940,2388,256,0,0,NaN,0,NaN,1.7763568394002505e-15,3.4924596548080444e-10,
1,18,MULTISTAGE_RH,LEXMMFSA,shared_battery_mode_node_level_v1,SI-Drahi_17-d1-HOM-UHI-BHI-3cae609052,TK-PB-Drahi_17-d1-HOM-UHI-62618e628e-r1,SS-c81930d9c8ba,17,5,lex_phase_5,OPTIMAL,FEASIBLE_POINT,551425.8725600062,551425.8725600062,0,76446,76446,117322,335607,2388,0,2388,11940,2388,256,0,0,NaN,0,NaN,1.7763568394002505e-15,3.4924596548080444e-10,
1,18,MULTISTAGE_RH,LEXMMFSA,shared_battery_mode_node_level_v1,SI-Drahi_17-d1-HOM-UHI-BHI-3cae609052,TK-PB-Drahi_17-d1-HOM-UHI-62618e628e-r1,SS-c81930d9c8ba,17,6,economic_tie_break,OPTIMAL,FEASIBLE_POINT,723991.2150451313,723991.2150451313,0,76446,76446,117323,335613,2388,0,2388,11940,2388,256,0,0,NaN,0,NaN,1.7763568394002505e-15,3.4924596548080444e-10,
1,19,MULTISTAGE_RH,LEXMMFSA,shared_battery_mode_node_level_v1,SI-Drahi_17-d1-HOM-UHI-BHI-3cae609052,TK-PB-Drahi_17-d1-HOM-UHI-62618e628e-r1,SS-c81930d9c8ba,17,1,lex_phase_1,OPTIMAL,FEASIBLE_POINT,110285.17451200087,110285.17451200087,0,76446,76446,117318,335583,2388,0,2388,11940,2388,256,0,0,NaN,0,NaN,1.1102230246251565e-16,3.4924596548080444e-10,
1,19,MULTISTAGE_RH,LEXMMFSA,shared_battery_mode_node_level_v1,SI-Drahi_17-d1-HOM-UHI-BHI-3cae609052,TK-PB-Drahi_17-d1-HOM-UHI-62618e628e-r1,SS-c81930d9c8ba,17,2,lex_phase_2,OPTIMAL,FEASIBLE_POINT,220570.34902400256,220570.34902400256,0,76446,76446,117319,335589,2388,0,2388,11940,2388,256,0,0,NaN,0,NaN,1.1102230246251565e-16,3.4924596548080444e-10,
1,19,MULTISTAGE_RH,LEXMMFSA,shared_battery_mode_node_level_v1,SI-Drahi_17-d1-HOM-UHI-BHI-3cae609052,TK-PB-Drahi_17-d1-HOM-UHI-62618e628e-r1,SS-c81930d9c8ba,17,3,lex_phase_3,OPTIMAL,FEASIBLE_POINT,330855.52353600384,330855.52353600384,0,76446,76446,117320,335595,2388,0,2388,11940,2388,256,0,0,NaN,0,NaN,1.1102230246251565e-16,3.4924596548080444e-10,
1,19,MULTISTAGE_RH,LEXMMFSA,shared_battery_mode_node_level_v1,SI-Drahi_17-d1-HOM-UHI-BHI-3cae609052,TK-PB-Drahi_17-d1-HOM-UHI-62618e628e-r1,SS-c81930d9c8ba,17,4,lex_phase_4,OPTIMAL,FEASIBLE_POINT,441140.6980480051,441140.6980480051,0,76446,76446,117321,335601,2388,0,2388,11940,2388,256,0,0,NaN,0,NaN,1.1102230246251565e-16,3.4924596548080444e-10,
1,19,MULTISTAGE_RH,LEXMMFSA,shared_battery_mode_node_level_v1,SI-Drahi_17-d1-HOM-UHI-BHI-3cae609052,TK-PB-Drahi_17-d1-HOM-UHI-62618e628e-r1,SS-c81930d9c8ba,17,5,lex_phase_5,OPTIMAL,FEASIBLE_POINT,551425.8725600062,551425.8725600062,0,76446,76446,117322,335607,2388,0,2388,11940,2388,256,0,0,NaN,0,NaN,1.1102230246251565e-16,3.4924596548080444e-10,
1,19,MULTISTAGE_RH,LEXMMFSA,shared_battery_mode_node_level_v1,SI-Drahi_17-d1-HOM-UHI-BHI-3cae609052,TK-PB-Drahi_17-d1-HOM-UHI-62618e628e-r1,SS-c81930d9c8ba,17,6,economic_tie_break,OPTIMAL,FEASIBLE_POINT,723991.2150451313,723991.2150451313,0,76446,76446,117323,335613,2388,0,2388,11940,2388,256,0,0,NaN,0,NaN,1.1102230246251565e-16,3.4924596548080444e-10,
1,20,MULTISTAGE_RH,LEXMMFSA,shared_battery_mode_node_level_v1,SI-Drahi_17-d1-HOM-UHI-BHI-3cae609052,TK-PB-Drahi_17-d1-HOM-UHI-62618e628e-r1,SS-c81930d9c8ba,17,1,lex_phase_1,OPTIMAL,FEASIBLE_POINT,110285.17451200087,110285.17451200087,0,76446,76446,117318,335583,2388,0,2388,11940,2388,256,0,0,NaN,0,NaN,0.0,3.4924596548080444e-10,
1,20,MULTISTAGE_RH,LEXMMFSA,shared_battery_mode_node_level_v1,SI-Drahi_17-d1-HOM-UHI-BHI-3cae609052,TK-PB-Drahi_17-d1-HOM-UHI-62618e628e-r1,SS-c81930d9c8ba,17,2,lex_phase_2,OPTIMAL,FEASIBLE_POINT,220570.34902400256,220570.34902400256,0,76446,76446,117319,335589,2388,0,2388,11940,2388,256,0,0,NaN,0,NaN,0.0,3.4924596548080444e-10,
1,20,MULTISTAGE_RH,LEXMMFSA,shared_battery_mode_node_level_v1,SI-Drahi_17-d1-HOM-UHI-BHI-3cae609052,TK-PB-Drahi_17-d1-HOM-UHI-62618e628e-r1,SS-c81930d9c8ba,17,3,lex_phase_3,OPTIMAL,FEASIBLE_POINT,330855.52353600384,330855.52353600384,0,76446,76446,117320,335595,2388,0,2388,11940,2388,256,0,0,NaN,0,NaN,0.0,3.4924596548080444e-10,
1,20,MULTISTAGE_RH,LEXMMFSA,shared_battery_mode_node_level_v1,SI-Drahi_17-d1-HOM-UHI-BHI-3cae609052,TK-PB-Drahi_17-d1-HOM-UHI-62618e628e-r1,SS-c81930d9c8ba,17,4,lex_phase_4,OPTIMAL,FEASIBLE_POINT,441140.6980480051,441140.6980480051,0,76446,76446,117321,335601,2388,0,2388,11940,2388,256,0,0,NaN,0,NaN,0.0,3.4924596548080444e-10,
1,20,MULTISTAGE_RH,LEXMMFSA,shared_battery_mode_node_level_v1,SI-Drahi_17-d1-HOM-UHI-BHI-3cae609052,TK-PB-Drahi_17-d1-HOM-UHI-62618e628e-r1,SS-c81930d9c8ba,17,5,lex_phase_5,OPTIMAL,FEASIBLE_POINT,551425.8725600062,551425.8725600062,0,76446,76446,117322,335607,2388,0,2388,11940,2388,256,0,0,NaN,0,NaN,0.0,3.4924596548080444e-10,
1,20,MULTISTAGE_RH,LEXMMFSA,shared_battery_mode_node_level_v1,SI-Drahi_17-d1-HOM-UHI-BHI-3cae609052,TK-PB-Drahi_17-d1-HOM-UHI-62618e628e-r1,SS-c81930d9c8ba,17,6,economic_tie_break,OPTIMAL,FEASIBLE_POINT,723991.2150451313,723991.2150451313,0,76446,76446,117323,335613,2388,0,2388,11940,2388,256,0,0,NaN,0,NaN,0.0,3.4924596548080444e-10,
1,21,MULTISTAGE_RH,LEXMMFSA,shared_battery_mode_node_level_v1,SI-Drahi_17-d1-HOM-UHI-BHI-3cae609052,TK-PB-Drahi_17-d1-HOM-UHI-62618e628e-r1,SS-3cf9bda45ea4,21,1,lex_phase_1,OPTIMAL,FEASIBLE_POINT,104409.73305943524,104409.73305943524,0,76446,76446,117318,334183,2388,0,2388,11940,2388,256,0,0,NaN,0,NaN,0.0,4.0745362639427185e-10,
1,21,MULTISTAGE_RH,LEXMMFSA,shared_battery_mode_node_level_v1,SI-Drahi_17-d1-HOM-UHI-BHI-3cae609052,TK-PB-Drahi_17-d1-HOM-UHI-62618e628e-r1,SS-3cf9bda45ea4,21,2,lex_phase_2,OPTIMAL,FEASIBLE_POINT,208819.46611886998,208819.46611886998,0,76446,76446,117319,334189,2388,0,2388,11940,2388,256,0,0,NaN,0,NaN,0.0,4.0745362639427185e-10,
1,21,MULTISTAGE_RH,LEXMMFSA,shared_battery_mode_node_level_v1,SI-Drahi_17-d1-HOM-UHI-BHI-3cae609052,TK-PB-Drahi_17-d1-HOM-UHI-62618e628e-r1,SS-3cf9bda45ea4,21,3,lex_phase_3,OPTIMAL,FEASIBLE_POINT,313229.199178305,313229.199178305,0,76446,76446,117320,334195,2388,0,2388,11940,2388,256,0,0,NaN,0,NaN,0.0,4.0745362639427185e-10,
1,21,MULTISTAGE_RH,LEXMMFSA,shared_battery_mode_node_level_v1,SI-Drahi_17-d1-HOM-UHI-BHI-3cae609052,TK-PB-Drahi_17-d1-HOM-UHI-62618e628e-r1,SS-3cf9bda45ea4,21,4,lex_phase_4,OPTIMAL,FEASIBLE_POINT,417638.93223773997,417638.93223773997,0,76446,76446,117321,334201,2388,0,2388,11940,2388,256,0,0,NaN,0,NaN,0.0,4.0745362639427185e-10,
1,21,MULTISTAGE_RH,LEXMMFSA,shared_battery_mode_node_level_v1,SI-Drahi_17-d1-HOM-UHI-BHI-3cae609052,TK-PB-Drahi_17-d1-HOM-UHI-62618e628e-r1,SS-3cf9bda45ea4,21,5,lex_phase_5,OPTIMAL,FEASIBLE_POINT,522048.66529717494,522048.66529717494,0,76446,76446,117322,334207,2388,0,2388,11940,2388,256,0,0,NaN,0,NaN,0.0,4.0745362639427185e-10,
1,21,MULTISTAGE_RH,LEXMMFSA,shared_battery_mode_node_level_v1,SI-Drahi_17-d1-HOM-UHI-BHI-3cae609052,TK-PB-Drahi_17-d1-HOM-UHI-62618e628e-r1,SS-3cf9bda45ea4,21,6,economic_tie_break,OPTIMAL,FEASIBLE_POINT,725584.5399225007,725584.5399225007,0,76446,76446,117323,334213,2388,0,2388,11940,2388,256,0,0,NaN,0,NaN,0.0,4.0745362639427185e-10,
1,22,MULTISTAGE_RH,LEXMMFSA,shared_battery_mode_node_level_v1,SI-Drahi_17-d1-HOM-UHI-BHI-3cae609052,TK-PB-Drahi_17-d1-HOM-UHI-62618e628e-r1,SS-3cf9bda45ea4,21,1,lex_phase_1,OPTIMAL,FEASIBLE_POINT,104409.73305943524,104409.73305943524,0,76446,76446,117318,334183,2388,0,2388,11940,2388,256,0,0,NaN,0,NaN,0.0,4.0745362639427185e-10,
1,22,MULTISTAGE_RH,LEXMMFSA,shared_battery_mode_node_level_v1,SI-Drahi_17-d1-HOM-UHI-BHI-3cae609052,TK-PB-Drahi_17-d1-HOM-UHI-62618e628e-r1,SS-3cf9bda45ea4,21,2,lex_phase_2,OPTIMAL,FEASIBLE_POINT,208819.46611886998,208819.46611886998,0,76446,76446,117319,334189,2388,0,2388,11940,2388,256,0,0,NaN,0,NaN,0.0,4.0745362639427185e-10,
1,22,MULTISTAGE_RH,LEXMMFSA,shared_battery_mode_node_level_v1,SI-Drahi_17-d1-HOM-UHI-BHI-3cae609052,TK-PB-Drahi_17-d1-HOM-UHI-62618e628e-r1,SS-3cf9bda45ea4,21,3,lex_phase_3,OPTIMAL,FEASIBLE_POINT,313229.199178305,313229.199178305,0,76446,76446,117320,334195,2388,0,2388,11940,2388,256,0,0,NaN,0,NaN,0.0,4.0745362639427185e-10,
1,22,MULTISTAGE_RH,LEXMMFSA,shared_battery_mode_node_level_v1,SI-Drahi_17-d1-HOM-UHI-BHI-3cae609052,TK-PB-Drahi_17-d1-HOM-UHI-62618e628e-r1,SS-3cf9bda45ea4,21,4,lex_phase_4,OPTIMAL,FEASIBLE_POINT,417638.93223773997,417638.93223773997,0,76446,76446,117321,334201,2388,0,2388,11940,2388,256,0,0,NaN,0,NaN,0.0,4.0745362639427185e-10,
1,22,MULTISTAGE_RH,LEXMMFSA,shared_battery_mode_node_level_v1,SI-Drahi_17-d1-HOM-UHI-BHI-3cae609052,TK-PB-Drahi_17-d1-HOM-UHI-62618e628e-r1,SS-3cf9bda45ea4,21,5,lex_phase_5,OPTIMAL,FEASIBLE_POINT,522048.66529717494,522048.66529717494,0,76446,76446,117322,334207,2388,0,2388,11940,2388,256,0,0,NaN,0,NaN,0.0,4.0745362639427185e-10,
1,22,MULTISTAGE_RH,LEXMMFSA,shared_battery_mode_node_level_v1,SI-Drahi_17-d1-HOM-UHI-BHI-3cae609052,TK-PB-Drahi_17-d1-HOM-UHI-62618e628e-r1,SS-3cf9bda45ea4,21,6,economic_tie_break,OPTIMAL,FEASIBLE_POINT,725584.5399225007,725584.5399225007,0,76446,76446,117323,334213,2388,0,2388,11940,2388,256,0,0,NaN,0,NaN,0.0,4.0745362639427185e-10,
1,23,MULTISTAGE_RH,LEXMMFSA,shared_battery_mode_node_level_v1,SI-Drahi_17-d1-HOM-UHI-BHI-3cae609052,TK-PB-Drahi_17-d1-HOM-UHI-62618e628e-r1,SS-3cf9bda45ea4,21,1,lex_phase_1,OPTIMAL,FEASIBLE_POINT,104409.73305943524,104409.73305943524,0,76446,76446,117318,334183,2388,0,2388,11940,2388,256,0,0,NaN,0,NaN,0.0,4.0745362639427185e-10,
1,23,MULTISTAGE_RH,LEXMMFSA,shared_battery_mode_node_level_v1,SI-Drahi_17-d1-HOM-UHI-BHI-3cae609052,TK-PB-Drahi_17-d1-HOM-UHI-62618e628e-r1,SS-3cf9bda45ea4,21,2,lex_phase_2,OPTIMAL,FEASIBLE_POINT,208819.46611886998,208819.46611886998,0,76446,76446,117319,334189,2388,0,2388,11940,2388,256,0,0,NaN,0,NaN,0.0,4.0745362639427185e-10,
1,23,MULTISTAGE_RH,LEXMMFSA,shared_battery_mode_node_level_v1,SI-Drahi_17-d1-HOM-UHI-BHI-3cae609052,TK-PB-Drahi_17-d1-HOM-UHI-62618e628e-r1,SS-3cf9bda45ea4,21,3,lex_phase_3,OPTIMAL,FEASIBLE_POINT,313229.199178305,313229.199178305,0,76446,76446,117320,334195,2388,0,2388,11940,2388,256,0,0,NaN,0,NaN,0.0,4.0745362639427185e-10,
1,23,MULTISTAGE_RH,LEXMMFSA,shared_battery_mode_node_level_v1,SI-Drahi_17-d1-HOM-UHI-BHI-3cae609052,TK-PB-Drahi_17-d1-HOM-UHI-62618e628e-r1,SS-3cf9bda45ea4,21,4,lex_phase_4,OPTIMAL,FEASIBLE_POINT,417638.93223773997,417638.93223773997,0,76446,76446,117321,334201,2388,0,2388,11940,2388,256,0,0,NaN,0,NaN,0.0,4.0745362639427185e-10,
1,23,MULTISTAGE_RH,LEXMMFSA,shared_battery_mode_node_level_v1,SI-Drahi_17-d1-HOM-UHI-BHI-3cae609052,TK-PB-Drahi_17-d1-HOM-UHI-62618e628e-r1,SS-3cf9bda45ea4,21,5,lex_phase_5,OPTIMAL,FEASIBLE_POINT,522048.66529717494,522048.66529717494,0,76446,76446,117322,334207,2388,0,2388,11940,2388,256,0,0,NaN,0,NaN,0.0,4.0745362639427185e-10,
1,23,MULTISTAGE_RH,LEXMMFSA,shared_battery_mode_node_level_v1,SI-Drahi_17-d1-HOM-UHI-BHI-3cae609052,TK-PB-Drahi_17-d1-HOM-UHI-62618e628e-r1,SS-3cf9bda45ea4,21,6,economic_tie_break,OPTIMAL,FEASIBLE_POINT,725584.5399225007,725584.5399225007,0,76446,76446,117323,334213,2388,0,2388,11940,2388,256,0,0,NaN,0,NaN,0.0,4.0745362639427185e-10,
1,24,MULTISTAGE_RH,LEXMMFSA,shared_battery_mode_node_level_v1,SI-Drahi_17-d1-HOM-UHI-BHI-3cae609052,TK-PB-Drahi_17-d1-HOM-UHI-62618e628e-r1,SS-3cf9bda45ea4,21,1,lex_phase_1,OPTIMAL,FEASIBLE_POINT,104409.73305943524,104409.73305943524,0,76446,76446,117318,334183,2388,0,2388,11940,2388,256,0,0,NaN,0,NaN,0.0,4.0745362639427185e-10,
1,24,MULTISTAGE_RH,LEXMMFSA,shared_battery_mode_node_level_v1,SI-Drahi_17-d1-HOM-UHI-BHI-3cae609052,TK-PB-Drahi_17-d1-HOM-UHI-62618e628e-r1,SS-3cf9bda45ea4,21,2,lex_phase_2,OPTIMAL,FEASIBLE_POINT,208819.46611886998,208819.46611886998,0,76446,76446,117319,334189,2388,0,2388,11940,2388,256,0,0,NaN,0,NaN,0.0,4.0745362639427185e-10,
1,24,MULTISTAGE_RH,LEXMMFSA,shared_battery_mode_node_level_v1,SI-Drahi_17-d1-HOM-UHI-BHI-3cae609052,TK-PB-Drahi_17-d1-HOM-UHI-62618e628e-r1,SS-3cf9bda45ea4,21,3,lex_phase_3,OPTIMAL,FEASIBLE_POINT,313229.199178305,313229.199178305,0,76446,76446,117320,334195,2388,0,2388,11940,2388,256,0,0,NaN,0,NaN,0.0,4.0745362639427185e-10,
1,24,MULTISTAGE_RH,LEXMMFSA,shared_battery_mode_node_level_v1,SI-Drahi_17-d1-HOM-UHI-BHI-3cae609052,TK-PB-Drahi_17-d1-HOM-UHI-62618e628e-r1,SS-3cf9bda45ea4,21,4,lex_phase_4,OPTIMAL,FEASIBLE_POINT,417638.93223773997,417638.93223773997,0,76446,76446,117321,334201,2388,0,2388,11940,2388,256,0,0,NaN,0,NaN,0.0,4.0745362639427185e-10,
1,24,MULTISTAGE_RH,LEXMMFSA,shared_battery_mode_node_level_v1,SI-Drahi_17-d1-HOM-UHI-BHI-3cae609052,TK-PB-Drahi_17-d1-HOM-UHI-62618e628e-r1,SS-3cf9bda45ea4,21,5,lex_phase_5,OPTIMAL,FEASIBLE_POINT,522048.66529717494,522048.66529717494,0,76446,76446,117322,334207,2388,0,2388,11940,2388,256,0,0,NaN,0,NaN,0.0,4.0745362639427185e-10,
1,24,MULTISTAGE_RH,LEXMMFSA,shared_battery_mode_node_level_v1,SI-Drahi_17-d1-HOM-UHI-BHI-3cae609052,TK-PB-Drahi_17-d1-HOM-UHI-62618e628e-r1,SS-3cf9bda45ea4,21,6,economic_tie_break,OPTIMAL,FEASIBLE_POINT,725584.5399225007,725584.5399225007,0,76446,76446,117323,334213,2388,0,2388,11940,2388,256,0,0,NaN,0,NaN,0.0,4.0745362639427185e-10,
1,1,MULTISTAGE_RH,NONE,shared_battery_mode_node_level_v1,SI-Drahi_17-d1-HOM-UHI-BHI-3cae609052,TK-PB-Drahi_17-d1-HOM-UHI-62618e628e-r1,SS-5d5bbea46d20,1,0,single_solve,OPTIMAL,FEASIBLE_POINT,741230.3442749938,741230.3442749938,0,76416,76416,117268,150778,2388,0,2388,11940,2388,256,0,0,NaN,0,NaN,0.0,0.0,
1,2,MULTISTAGE_RH,NONE,shared_battery_mode_node_level_v1,SI-Drahi_17-d1-HOM-UHI-BHI-3cae609052,TK-PB-Drahi_17-d1-HOM-UHI-62618e628e-r1,SS-5d5bbea46d20,1,0,single_solve,OPTIMAL,FEASIBLE_POINT,741230.3442749938,741230.3442749938,0,76416,76416,117268,150778,2388,0,2388,11940,2388,256,0,0,NaN,0,NaN,1.4210854715202004e-14,0.0,
1,3,MULTISTAGE_RH,NONE,shared_battery_mode_node_level_v1,SI-Drahi_17-d1-HOM-UHI-BHI-3cae609052,TK-PB-Drahi_17-d1-HOM-UHI-62618e628e-r1,SS-5d5bbea46d20,1,0,single_solve,OPTIMAL,FEASIBLE_POINT,741230.3442749938,741230.3442749938,0,76416,76416,117268,150778,2388,0,2388,11940,2388,256,0,0,NaN,0,NaN,7.105427357601002e-15,0.0,
1,4,MULTISTAGE_RH,NONE,shared_battery_mode_node_level_v1,SI-Drahi_17-d1-HOM-UHI-BHI-3cae609052,TK-PB-Drahi_17-d1-HOM-UHI-62618e628e-r1,SS-5d5bbea46d20,1,0,single_solve,OPTIMAL,FEASIBLE_POINT,741230.3442749938,741230.3442749938,0,76416,76416,117268,150778,2388,0,2388,11940,2388,256,0,0,NaN,0,NaN,7.105427357601002e-15,0.0,
1,5,MULTISTAGE_RH,NONE,shared_battery_mode_node_level_v1,SI-Drahi_17-d1-HOM-UHI-BHI-3cae609052,TK-PB-Drahi_17-d1-HOM-UHI-62618e628e-r1,SS-102adc95e052,5,0,single_solve,OPTIMAL,FEASIBLE_POINT,682850.7072003647,682850.7072003647,0,76416,76416,117268,147238,2388,0,2388,11940,2388,256,0,0,NaN,0,NaN,0.0,0.0,
1,6,MULTISTAGE_RH,NONE,shared_battery_mode_node_level_v1,SI-Drahi_17-d1-HOM-UHI-BHI-3cae609052,TK-PB-Drahi_17-d1-HOM-UHI-62618e628e-r1,SS-102adc95e052,5,0,single_solve,OPTIMAL,FEASIBLE_POINT,682850.7072003647,682850.7072003647,0,76416,76416,117268,147238,2388,0,2388,11940,2388,256,0,0,NaN,0,NaN,1.4210854715202004e-14,0.0,
1,7,MULTISTAGE_RH,NONE,shared_battery_mode_node_level_v1,SI-Drahi_17-d1-HOM-UHI-BHI-3cae609052,TK-PB-Drahi_17-d1-HOM-UHI-62618e628e-r1,SS-102adc95e052,5,0,single_solve,OPTIMAL,FEASIBLE_POINT,682850.7072003647,682850.7072003647,0,76416,76416,117268,147238,2388,0,2388,11940,2388,256,0,0,NaN,0,NaN,7.105427357601002e-15,0.0,
1,8,MULTISTAGE_RH,NONE,shared_battery_mode_node_level_v1,SI-Drahi_17-d1-HOM-UHI-BHI-3cae609052,TK-PB-Drahi_17-d1-HOM-UHI-62618e628e-r1,SS-102adc95e052,5,0,single_solve,OPTIMAL,FEASIBLE_POINT,682850.7072003647,682850.7072003647,0,76416,76416,117268,147238,2388,0,2388,11940,2388,256,0,0,NaN,0,NaN,4.274358644806853e-15,0.0,
1,9,MULTISTAGE_RH,NONE,shared_battery_mode_node_level_v1,SI-Drahi_17-d1-HOM-UHI-BHI-3cae609052,TK-PB-Drahi_17-d1-HOM-UHI-62618e628e-r1,SS-19da242d4543,9,0,single_solve,OPTIMAL,FEASIBLE_POINT,727763.7569541312,727763.7569541312,0,76416,76416,117268,150913,2388,0,2388,11940,2388,256,0,0,NaN,0,NaN,1.4210854715202004e-14,0.0,
1,10,MULTISTAGE_RH,NONE,shared_battery_mode_node_level_v1,SI-Drahi_17-d1-HOM-UHI-BHI-3cae609052,TK-PB-Drahi_17-d1-HOM-UHI-62618e628e-r1,SS-19da242d4543,9,0,single_solve,OPTIMAL,FEASIBLE_POINT,727763.7569541312,727763.7569541312,0,76416,76416,117268,150913,2388,0,2388,11940,2388,256,0,0,NaN,0,NaN,5.684341886080802e-14,0.0,
1,11,MULTISTAGE_RH,NONE,shared_battery_mode_node_level_v1,SI-Drahi_17-d1-HOM-UHI-BHI-3cae609052,TK-PB-Drahi_17-d1-HOM-UHI-62618e628e-r1,SS-19da242d4543,9,0,single_solve,OPTIMAL,FEASIBLE_POINT,727763.7569541312,727763.7569541312,0,76416,76416,117268,150913,2388,0,2388,11940,2388,256,0,0,NaN,0,NaN,0.0,0.0,
1,12,MULTISTAGE_RH,NONE,shared_battery_mode_node_level_v1,SI-Drahi_17-d1-HOM-UHI-BHI-3cae609052,TK-PB-Drahi_17-d1-HOM-UHI-62618e628e-r1,SS-19da242d4543,9,0,single_solve,OPTIMAL,FEASIBLE_POINT,727763.7569541312,727763.7569541312,0,76416,76416,117268,150913,2388,0,2388,11940,2388,256,0,0,NaN,0,NaN,2.842170943040401e-14,0.0,
1,13,MULTISTAGE_RH,NONE,shared_battery_mode_node_level_v1,SI-Drahi_17-d1-HOM-UHI-BHI-3cae609052,TK-PB-Drahi_17-d1-HOM-UHI-62618e628e-r1,SS-354317d12b7f,13,0,single_solve,OPTIMAL,FEASIBLE_POINT,725999.5418485699,725999.5418485699,0,76416,76416,117268,154993,2388,0,2388,11940,2388,256,0,0,NaN,0,NaN,2.842170943040401e-14,0.0,
1,14,MULTISTAGE_RH,NONE,shared_battery_mode_node_level_v1,SI-Drahi_17-d1-HOM-UHI-BHI-3cae609052,TK-PB-Drahi_17-d1-HOM-UHI-62618e628e-r1,SS-354317d12b7f,13,0,single_solve,OPTIMAL,FEASIBLE_POINT,725999.5418485699,725999.5418485699,0,76416,76416,117268,154993,2388,0,2388,11940,2388,256,0,0,NaN,0,NaN,1.4210854715202004e-14,0.0,
1,15,MULTISTAGE_RH,NONE,shared_battery_mode_node_level_v1,SI-Drahi_17-d1-HOM-UHI-BHI-3cae609052,TK-PB-Drahi_17-d1-HOM-UHI-62618e628e-r1,SS-354317d12b7f,13,0,single_solve,OPTIMAL,FEASIBLE_POINT,725999.5418485699,725999.5418485699,0,76416,76416,117268,154993,2388,0,2388,11940,2388,256,0,0,NaN,0,NaN,3.552713678800501e-15,0.0,
1,16,MULTISTAGE_RH,NONE,shared_battery_mode_node_level_v1,SI-Drahi_17-d1-HOM-UHI-BHI-3cae609052,TK-PB-Drahi_17-d1-HOM-UHI-62618e628e-r1,SS-354317d12b7f,13,0,single_solve,OPTIMAL,FEASIBLE_POINT,725999.5418485699,725999.5418485699,0,76416,76416,117268,154993,2388,0,2388,11940,2388,256,0,0,NaN,0,NaN,2.6645352591003757e-15,0.0,
1,17,MULTISTAGE_RH,NONE,shared_battery_mode_node_level_v1,SI-Drahi_17-d1-HOM-UHI-BHI-3cae609052,TK-PB-Drahi_17-d1-HOM-UHI-62618e628e-r1,SS-c81930d9c8ba,17,0,single_solve,OPTIMAL,FEASIBLE_POINT,723991.215045133,723991.215045133,0,76416,76416,117268,156433,2388,0,2388,11940,2388,256,0,0,NaN,0,NaN,3.552713678800501e-15,0.0,
1,18,MULTISTAGE_RH,NONE,shared_battery_mode_node_level_v1,SI-Drahi_17-d1-HOM-UHI-BHI-3cae609052,TK-PB-Drahi_17-d1-HOM-UHI-62618e628e-r1,SS-c81930d9c8ba,17,0,single_solve,OPTIMAL,FEASIBLE_POINT,723991.215045133,723991.215045133,0,76416,76416,117268,156433,2388,0,2388,11940,2388,256,0,0,NaN,0,NaN,1.7763568394002505e-15,0.0,
1,19,MULTISTAGE_RH,NONE,shared_battery_mode_node_level_v1,SI-Drahi_17-d1-HOM-UHI-BHI-3cae609052,TK-PB-Drahi_17-d1-HOM-UHI-62618e628e-r1,SS-c81930d9c8ba,17,0,single_solve,OPTIMAL,FEASIBLE_POINT,723991.215045133,723991.215045133,0,76416,76416,117268,156433,2388,0,2388,11940,2388,256,0,0,NaN,0,NaN,1.1102230246251565e-16,0.0,
1,20,MULTISTAGE_RH,NONE,shared_battery_mode_node_level_v1,SI-Drahi_17-d1-HOM-UHI-BHI-3cae609052,TK-PB-Drahi_17-d1-HOM-UHI-62618e628e-r1,SS-c81930d9c8ba,17,0,single_solve,OPTIMAL,FEASIBLE_POINT,723991.215045133,723991.215045133,0,76416,76416,117268,156433,2388,0,2388,11940,2388,256,0,0,NaN,0,NaN,0.0,0.0,
1,21,MULTISTAGE_RH,NONE,shared_battery_mode_node_level_v1,SI-Drahi_17-d1-HOM-UHI-BHI-3cae609052,TK-PB-Drahi_17-d1-HOM-UHI-62618e628e-r1,SS-3cf9bda45ea4,21,0,single_solve,OPTIMAL,FEASIBLE_POINT,725584.5399224987,725584.5399224987,0,76416,76416,117268,155033,2388,0,2388,11940,2388,256,0,0,NaN,0,NaN,0.0,0.0,
1,22,MULTISTAGE_RH,NONE,shared_battery_mode_node_level_v1,SI-Drahi_17-d1-HOM-UHI-BHI-3cae609052,TK-PB-Drahi_17-d1-HOM-UHI-62618e628e-r1,SS-3cf9bda45ea4,21,0,single_solve,OPTIMAL,FEASIBLE_POINT,725584.5399224987,725584.5399224987,0,76416,76416,117268,155033,2388,0,2388,11940,2388,256,0,0,NaN,0,NaN,0.0,0.0,
1,23,MULTISTAGE_RH,NONE,shared_battery_mode_node_level_v1,SI-Drahi_17-d1-HOM-UHI-BHI-3cae609052,TK-PB-Drahi_17-d1-HOM-UHI-62618e628e-r1,SS-3cf9bda45ea4,21,0,single_solve,OPTIMAL,FEASIBLE_POINT,725584.5399224987,725584.5399224987,0,76416,76416,117268,155033,2388,0,2388,11940,2388,256,0,0,NaN,0,NaN,0.0,0.0,
1,24,MULTISTAGE_RH,NONE,shared_battery_mode_node_level_v1,SI-Drahi_17-d1-HOM-UHI-BHI-3cae609052,TK-PB-Drahi_17-d1-HOM-UHI-62618e628e-r1,SS-3cf9bda45ea4,21,0,single_solve,OPTIMAL,FEASIBLE_POINT,725584.5399224987,725584.5399224987,0,76416,76416,117268,155033,2388,0,2388,11940,2388,256,0,0,NaN,0,NaN,0.0,0.0,
1,1,MULTISTAGE_RH,PEA,shared_battery_mode_node_level_v1,SI-Drahi_17-d1-HOM-UHI-BHI-3cae609052,TK-PB-Drahi_17-d1-HOM-UHI-62618e628e-r1,SS-5d5bbea46d20,1,0,single_solve,OPTIMAL,FEASIBLE_POINT,741230.3442749938,741230.3442749938,0,76416,76416,117273,162718,2388,0,2388,11940,2388,256,0,0,NaN,0,NaN,0.0,2.5863755581667647e-12,
1,2,MULTISTAGE_RH,PEA,shared_battery_mode_node_level_v1,SI-Drahi_17-d1-HOM-UHI-BHI-3cae609052,TK-PB-Drahi_17-d1-HOM-UHI-62618e628e-r1,SS-5d5bbea46d20,1,0,single_solve,OPTIMAL,FEASIBLE_POINT,741230.3442749938,741230.3442749938,0,76416,76416,117273,162718,2388,0,2388,11940,2388,256,0,0,NaN,0,NaN,1.4210854715202004e-14,2.5863755581667647e-12,
1,3,MULTISTAGE_RH,PEA,shared_battery_mode_node_level_v1,SI-Drahi_17-d1-HOM-UHI-BHI-3cae609052,TK-PB-Drahi_17-d1-HOM-UHI-62618e628e-r1,SS-5d5bbea46d20,1,0,single_solve,OPTIMAL,FEASIBLE_POINT,741230.3442749938,741230.3442749938,0,76416,76416,117273,162718,2388,0,2388,11940,2388,256,0,0,NaN,0,NaN,7.105427357601002e-15,2.5863755581667647e-12,
1,4,MULTISTAGE_RH,PEA,shared_battery_mode_node_level_v1,SI-Drahi_17-d1-HOM-UHI-BHI-3cae609052,TK-PB-Drahi_17-d1-HOM-UHI-62618e628e-r1,SS-5d5bbea46d20,1,0,single_solve,OPTIMAL,FEASIBLE_POINT,741230.3442749938,741230.3442749938,0,76416,76416,117273,162718,2388,0,2388,11940,2388,256,0,0,NaN,0,NaN,7.105427357601002e-15,2.5863755581667647e-12,
1,5,MULTISTAGE_RH,PEA,shared_battery_mode_node_level_v1,SI-Drahi_17-d1-HOM-UHI-BHI-3cae609052,TK-PB-Drahi_17-d1-HOM-UHI-62618e628e-r1,SS-102adc95e052,5,0,single_solve,OPTIMAL,FEASIBLE_POINT,682850.7072003647,682850.7072003647,0,76416,76416,117273,159178,2388,0,2388,11940,2388,256,0,0,NaN,0,NaN,0.0,5.115907697472721e-13,
1,6,MULTISTAGE_RH,PEA,shared_battery_mode_node_level_v1,SI-Drahi_17-d1-HOM-UHI-BHI-3cae609052,TK-PB-Drahi_17-d1-HOM-UHI-62618e628e-r1,SS-102adc95e052,5,0,single_solve,OPTIMAL,FEASIBLE_POINT,682850.7072003647,682850.7072003647,0,76416,76416,117273,159178,2388,0,2388,11940,2388,256,0,0,NaN,0,NaN,0.0,5.115907697472721e-13,
1,7,MULTISTAGE_RH,PEA,shared_battery_mode_node_level_v1,SI-Drahi_17-d1-HOM-UHI-BHI-3cae609052,TK-PB-Drahi_17-d1-HOM-UHI-62618e628e-r1,SS-102adc95e052,5,0,single_solve,OPTIMAL,FEASIBLE_POINT,682850.7072003647,682850.7072003647,0,76416,76416,117273,159178,2388,0,2388,11940,2388,256,0,0,NaN,0,NaN,7.105427357601002e-15,5.115907697472721e-13,
1,8,MULTISTAGE_RH,PEA,shared_battery_mode_node_level_v1,SI-Drahi_17-d1-HOM-UHI-BHI-3cae609052,TK-PB-Drahi_17-d1-HOM-UHI-62618e628e-r1,SS-102adc95e052,5,0,single_solve,OPTIMAL,FEASIBLE_POINT,682850.7072003647,682850.7072003647,0,76416,76416,117273,159178,2388,0,2388,11940,2388,256,0,0,NaN,0,NaN,2.842170943040401e-14,5.115907697472721e-13,
1,9,MULTISTAGE_RH,PEA,shared_battery_mode_node_level_v1,SI-Drahi_17-d1-HOM-UHI-BHI-3cae609052,TK-PB-Drahi_17-d1-HOM-UHI-62618e628e-r1,SS-19da242d4543,9,0,single_solve,OPTIMAL,FEASIBLE_POINT,727763.7569541313,727763.7569541313,0,76416,76416,117273,162853,2388,0,2388,11940,2388,256,0,0,NaN,0,NaN,2.842170943040401e-14,6.252776074688882e-13,
1,10,MULTISTAGE_RH,PEA,shared_battery_mode_node_level_v1,SI-Drahi_17-d1-HOM-UHI-BHI-3cae609052,TK-PB-Drahi_17-d1-HOM-UHI-62618e628e-r1,SS-19da242d4543,9,0,single_solve,OPTIMAL,FEASIBLE_POINT,727763.7569541313,727763.7569541313,0,76416,76416,117273,162853,2388,0,2388,11940,2388,256,0,0,NaN,0,NaN,5.684341886080802e-14,6.252776074688882e-13,
1,11,MULTISTAGE_RH,PEA,shared_battery_mode_node_level_v1,SI-Drahi_17-d1-HOM-UHI-BHI-3cae609052,TK-PB-Drahi_17-d1-HOM-UHI-62618e628e-r1,SS-19da242d4543,9,0,single_solve,OPTIMAL,FEASIBLE_POINT,727763.7569541313,727763.7569541313,0,76416,76416,117273,162853,2388,0,2388,11940,2388,256,0,0,NaN,0,NaN,1.4210854715202004e-14,6.252776074688882e-13,
1,12,MULTISTAGE_RH,PEA,shared_battery_mode_node_level_v1,SI-Drahi_17-d1-HOM-UHI-BHI-3cae609052,TK-PB-Drahi_17-d1-HOM-UHI-62618e628e-r1,SS-19da242d4543,9,0,single_solve,OPTIMAL,FEASIBLE_POINT,727763.7569541313,727763.7569541313,0,76416,76416,117273,162853,2388,0,2388,11940,2388,256,0,0,NaN,0,NaN,2.842170943040401e-14,6.252776074688882e-13,
1,13,MULTISTAGE_RH,PEA,shared_battery_mode_node_level_v1,SI-Drahi_17-d1-HOM-UHI-BHI-3cae609052,TK-PB-Drahi_17-d1-HOM-UHI-62618e628e-r1,SS-354317d12b7f,13,0,single_solve,OPTIMAL,FEASIBLE_POINT,725999.5418485703,725999.5418485703,0,76416,76416,117273,166933,2388,0,2388,11940,2388,256,0,0,NaN,0,NaN,2.842170943040401e-14,1.0231815394945443e-12,
1,14,MULTISTAGE_RH,PEA,shared_battery_mode_node_level_v1,SI-Drahi_17-d1-HOM-UHI-BHI-3cae609052,TK-PB-Drahi_17-d1-HOM-UHI-62618e628e-r1,SS-354317d12b7f,13,0,single_solve,OPTIMAL,FEASIBLE_POINT,725999.5418485703,725999.5418485703,0,76416,76416,117273,166933,2388,0,2388,11940,2388,256,0,0,NaN,0,NaN,2.842170943040401e-14,1.0231815394945443e-12,
1,15,MULTISTAGE_RH,PEA,shared_battery_mode_node_level_v1,SI-Drahi_17-d1-HOM-UHI-BHI-3cae609052,TK-PB-Drahi_17-d1-HOM-UHI-62618e628e-r1,SS-354317d12b7f,13,0,single_solve,OPTIMAL,FEASIBLE_POINT,725999.5418485703,725999.5418485703,0,76416,76416,117273,166933,2388,0,2388,11940,2388,256,0,0,NaN,0,NaN,0.0,1.0231815394945443e-12,
1,16,MULTISTAGE_RH,PEA,shared_battery_mode_node_level_v1,SI-Drahi_17-d1-HOM-UHI-BHI-3cae609052,TK-PB-Drahi_17-d1-HOM-UHI-62618e628e-r1,SS-354317d12b7f,13,0,single_solve,OPTIMAL,FEASIBLE_POINT,725999.5418485703,725999.5418485703,0,76416,76416,117273,166933,2388,0,2388,11940,2388,256,0,0,NaN,0,NaN,7.105427357601002e-15,1.0231815394945443e-12,
1,17,MULTISTAGE_RH,PEA,shared_battery_mode_node_level_v1,SI-Drahi_17-d1-HOM-UHI-BHI-3cae609052,TK-PB-Drahi_17-d1-HOM-UHI-62618e628e-r1,SS-c81930d9c8ba,17,0,single_solve,OPTIMAL,FEASIBLE_POINT,723991.2150451341,723991.2150451341,0,76416,76416,117273,168373,2388,0,2388,11940,2388,256,0,0,NaN,0,NaN,7.105427357601002e-15,3.410605131648481e-13,
1,18,MULTISTAGE_RH,PEA,shared_battery_mode_node_level_v1,SI-Drahi_17-d1-HOM-UHI-BHI-3cae609052,TK-PB-Drahi_17-d1-HOM-UHI-62618e628e-r1,SS-c81930d9c8ba,17,0,single_solve,OPTIMAL,FEASIBLE_POINT,723991.2150451341,723991.2150451341,0,76416,76416,117273,168373,2388,0,2388,11940,2388,256,0,0,NaN,0,NaN,6.661338147750939e-16,3.410605131648481e-13,
1,19,MULTISTAGE_RH,PEA,shared_battery_mode_node_level_v1,SI-Drahi_17-d1-HOM-UHI-BHI-3cae609052,TK-PB-Drahi_17-d1-HOM-UHI-62618e628e-r1,SS-c81930d9c8ba,17,0,single_solve,OPTIMAL,FEASIBLE_POINT,723991.2150451341,723991.2150451341,0,76416,76416,117273,168373,2388,0,2388,11940,2388,256,0,0,NaN,0,NaN,1.1102230246251565e-16,3.410605131648481e-13,
1,20,MULTISTAGE_RH,PEA,shared_battery_mode_node_level_v1,SI-Drahi_17-d1-HOM-UHI-BHI-3cae609052,TK-PB-Drahi_17-d1-HOM-UHI-62618e628e-r1,SS-c81930d9c8ba,17,0,single_solve,OPTIMAL,FEASIBLE_POINT,723991.2150451341,723991.2150451341,0,76416,76416,117273,168373,2388,0,2388,11940,2388,256,0,0,NaN,0,NaN,0.0,3.410605131648481e-13,
1,21,MULTISTAGE_RH,PEA,shared_battery_mode_node_level_v1,SI-Drahi_17-d1-HOM-UHI-BHI-3cae609052,TK-PB-Drahi_17-d1-HOM-UHI-62618e628e-r1,SS-3cf9bda45ea4,21,0,single_solve,OPTIMAL,FEASIBLE_POINT,725584.5399224998,725584.5399224998,0,76416,76416,117273,166973,2388,0,2388,11940,2388,256,0,0,NaN,0,NaN,0.0,2.2737367544323206e-13,
1,22,MULTISTAGE_RH,PEA,shared_battery_mode_node_level_v1,SI-Drahi_17-d1-HOM-UHI-BHI-3cae609052,TK-PB-Drahi_17-d1-HOM-UHI-62618e628e-r1,SS-3cf9bda45ea4,21,0,single_solve,OPTIMAL,FEASIBLE_POINT,725584.5399224998,725584.5399224998,0,76416,76416,117273,166973,2388,0,2388,11940,2388,256,0,0,NaN,0,NaN,0.0,2.2737367544323206e-13,
1,23,MULTISTAGE_RH,PEA,shared_battery_mode_node_level_v1,SI-Drahi_17-d1-HOM-UHI-BHI-3cae609052,TK-PB-Drahi_17-d1-HOM-UHI-62618e628e-r1,SS-3cf9bda45ea4,21,0,single_solve,OPTIMAL,FEASIBLE_POINT,725584.5399224998,725584.5399224998,0,76416,76416,117273,166973,2388,0,2388,11940,2388,256,0,0,NaN,0,NaN,0.0,2.2737367544323206e-13,
1,24,MULTISTAGE_RH,PEA,shared_battery_mode_node_level_v1,SI-Drahi_17-d1-HOM-UHI-BHI-3cae609052,TK-PB-Drahi_17-d1-HOM-UHI-62618e628e-r1,SS-3cf9bda45ea4,21,0,single_solve,OPTIMAL,FEASIBLE_POINT,725584.5399224998,725584.5399224998,0,76416,76416,117273,166973,2388,0,2388,11940,2388,256,0,0,NaN,0,NaN,0.0,2.2737367544323206e-13,
1,1,MULTISTAGE_RH,SA,shared_battery_mode_node_level_v1,SI-Drahi_17-d1-HOM-UHI-BHI-3cae609052,TK-PB-Drahi_17-d1-HOM-UHI-62618e628e-r1,SS-5d5bbea46d20,1,0,single_solve,OPTIMAL,FEASIBLE_POINT,741230.3442749953,741230.3442749953,0,76416,76416,117273,329878,2388,0,2388,11940,2388,256,0,0,NaN,0,NaN,1.4210854715202004e-14,2.0372681319713593e-10,
1,2,MULTISTAGE_RH,SA,shared_battery_mode_node_level_v1,SI-Drahi_17-d1-HOM-UHI-BHI-3cae609052,TK-PB-Drahi_17-d1-HOM-UHI-62618e628e-r1,SS-5d5bbea46d20,1,0,single_solve,OPTIMAL,FEASIBLE_POINT,741230.3442749953,741230.3442749953,0,76416,76416,117273,329878,2388,0,2388,11940,2388,256,0,0,NaN,0,NaN,4.973799150320701e-14,2.0372681319713593e-10,
1,3,MULTISTAGE_RH,SA,shared_battery_mode_node_level_v1,SI-Drahi_17-d1-HOM-UHI-BHI-3cae609052,TK-PB-Drahi_17-d1-HOM-UHI-62618e628e-r1,SS-5d5bbea46d20,1,0,single_solve,OPTIMAL,FEASIBLE_POINT,741230.3442749953,741230.3442749953,0,76416,76416,117273,329878,2388,0,2388,11940,2388,256,0,0,NaN,0,NaN,4.973799150320701e-14,2.0372681319713593e-10,
1,4,MULTISTAGE_RH,SA,shared_battery_mode_node_level_v1,SI-Drahi_17-d1-HOM-UHI-BHI-3cae609052,TK-PB-Drahi_17-d1-HOM-UHI-62618e628e-r1,SS-5d5bbea46d20,1,0,single_solve,OPTIMAL,FEASIBLE_POINT,741230.3442749953,741230.3442749953,0,76416,76416,117273,329878,2388,0,2388,11940,2388,256,0,0,NaN,0,NaN,4.973799150320701e-14,2.0372681319713593e-10,
1,5,MULTISTAGE_RH,SA,shared_battery_mode_node_level_v1,SI-Drahi_17-d1-HOM-UHI-BHI-3cae609052,TK-PB-Drahi_17-d1-HOM-UHI-62618e628e-r1,SS-102adc95e052,5,0,single_solve,OPTIMAL,FEASIBLE_POINT,682850.7072003647,682850.7072003647,0,76416,76416,117273,326338,2388,0,2388,11940,2388,256,0,0,NaN,0,NaN,0.0,2.0372681319713593e-10,
1,6,MULTISTAGE_RH,SA,shared_battery_mode_node_level_v1,SI-Drahi_17-d1-HOM-UHI-BHI-3cae609052,TK-PB-Drahi_17-d1-HOM-UHI-62618e628e-r1,SS-102adc95e052,5,0,single_solve,OPTIMAL,FEASIBLE_POINT,682850.7072003647,682850.7072003647,0,76416,76416,117273,326338,2388,0,2388,11940,2388,256,0,0,NaN,0,NaN,1.4210854715202004e-14,2.0372681319713593e-10,
1,7,MULTISTAGE_RH,SA,shared_battery_mode_node_level_v1,SI-Drahi_17-d1-HOM-UHI-BHI-3cae609052,TK-PB-Drahi_17-d1-HOM-UHI-62618e628e-r1,SS-102adc95e052,5,0,single_solve,OPTIMAL,FEASIBLE_POINT,682850.7072003647,682850.7072003647,0,76416,76416,117273,326338,2388,0,2388,11940,2388,256,0,0,NaN,0,NaN,0.0,2.0372681319713593e-10,
1,8,MULTISTAGE_RH,SA,shared_battery_mode_node_level_v1,SI-Drahi_17-d1-HOM-UHI-BHI-3cae609052,TK-PB-Drahi_17-d1-HOM-UHI-62618e628e-r1,SS-102adc95e052,5,0,single_solve,OPTIMAL,FEASIBLE_POINT,682850.7072003647,682850.7072003647,0,76416,76416,117273,326338,2388,0,2388,11940,2388,256,0,0,NaN,0,NaN,5.684341886080802e-14,2.0372681319713593e-10,
1,9,MULTISTAGE_RH,SA,shared_battery_mode_node_level_v1,SI-Drahi_17-d1-HOM-UHI-BHI-3cae609052,TK-PB-Drahi_17-d1-HOM-UHI-62618e628e-r1,SS-19da242d4543,9,0,single_solve,OPTIMAL,FEASIBLE_POINT,727763.7569541312,727763.7569541312,0,76416,76416,117273,330013,2388,0,2388,11940,2388,256,0,0,NaN,0,NaN,1.4210854715202004e-14,1.4551915228366852e-10,
1,10,MULTISTAGE_RH,SA,shared_battery_mode_node_level_v1,SI-Drahi_17-d1-HOM-UHI-BHI-3cae609052,TK-PB-Drahi_17-d1-HOM-UHI-62618e628e-r1,SS-19da242d4543,9,0,single_solve,OPTIMAL,FEASIBLE_POINT,727763.7569541312,727763.7569541312,0,76416,76416,117273,330013,2388,0,2388,11940,2388,256,0,0,NaN,0,NaN,2.842170943040401e-14,1.4551915228366852e-10,
1,11,MULTISTAGE_RH,SA,shared_battery_mode_node_level_v1,SI-Drahi_17-d1-HOM-UHI-BHI-3cae609052,TK-PB-Drahi_17-d1-HOM-UHI-62618e628e-r1,SS-19da242d4543,9,0,single_solve,OPTIMAL,FEASIBLE_POINT,727763.7569541312,727763.7569541312,0,76416,76416,117273,330013,2388,0,2388,11940,2388,256,0,0,NaN,0,NaN,0.0,1.4551915228366852e-10,
1,12,MULTISTAGE_RH,SA,shared_battery_mode_node_level_v1,SI-Drahi_17-d1-HOM-UHI-BHI-3cae609052,TK-PB-Drahi_17-d1-HOM-UHI-62618e628e-r1,SS-19da242d4543,9,0,single_solve,OPTIMAL,FEASIBLE_POINT,727763.7569541312,727763.7569541312,0,76416,76416,117273,330013,2388,0,2388,11940,2388,256,0,0,NaN,0,NaN,5.684341886080802e-14,1.4551915228366852e-10,
1,13,MULTISTAGE_RH,SA,shared_battery_mode_node_level_v1,SI-Drahi_17-d1-HOM-UHI-BHI-3cae609052,TK-PB-Drahi_17-d1-HOM-UHI-62618e628e-r1,SS-354317d12b7f,13,0,single_solve,OPTIMAL,FEASIBLE_POINT,725999.54184857,725999.54184857,0,76416,76416,117273,334093,2388,0,2388,11940,2388,256,0,0,NaN,0,NaN,2.842170943040401e-14,1.7462298274040222e-10,
1,14,MULTISTAGE_RH,SA,shared_battery_mode_node_level_v1,SI-Drahi_17-d1-HOM-UHI-BHI-3cae609052,TK-PB-Drahi_17-d1-HOM-UHI-62618e628e-r1,SS-354317d12b7f,13,0,single_solve,OPTIMAL,FEASIBLE_POINT,725999.54184857,725999.54184857,0,76416,76416,117273,334093,2388,0,2388,11940,2388,256,0,0,NaN,0,NaN,1.4210854715202004e-14,1.7462298274040222e-10,
1,15,MULTISTAGE_RH,SA,shared_battery_mode_node_level_v1,SI-Drahi_17-d1-HOM-UHI-BHI-3cae609052,TK-PB-Drahi_17-d1-HOM-UHI-62618e628e-r1,SS-354317d12b7f,13,0,single_solve,OPTIMAL,FEASIBLE_POINT,725999.54184857,725999.54184857,0,76416,76416,117273,334093,2388,0,2388,11940,2388,256,0,0,NaN,0,NaN,3.552713678800501e-15,1.7462298274040222e-10,
1,16,MULTISTAGE_RH,SA,shared_battery_mode_node_level_v1,SI-Drahi_17-d1-HOM-UHI-BHI-3cae609052,TK-PB-Drahi_17-d1-HOM-UHI-62618e628e-r1,SS-354317d12b7f,13,0,single_solve,OPTIMAL,FEASIBLE_POINT,725999.54184857,725999.54184857,0,76416,76416,117273,334093,2388,0,2388,11940,2388,256,0,0,NaN,0,NaN,2.6645352591003757e-15,1.7462298274040222e-10,
1,17,MULTISTAGE_RH,SA,shared_battery_mode_node_level_v1,SI-Drahi_17-d1-HOM-UHI-BHI-3cae609052,TK-PB-Drahi_17-d1-HOM-UHI-62618e628e-r1,SS-c81930d9c8ba,17,0,single_solve,OPTIMAL,FEASIBLE_POINT,723991.2150451338,723991.2150451338,0,76416,76416,117273,335533,2388,0,2388,11940,2388,256,0,0,NaN,0,NaN,7.105427357601002e-15,3.637978807091713e-10,
1,18,MULTISTAGE_RH,SA,shared_battery_mode_node_level_v1,SI-Drahi_17-d1-HOM-UHI-BHI-3cae609052,TK-PB-Drahi_17-d1-HOM-UHI-62618e628e-r1,SS-c81930d9c8ba,17,0,single_solve,OPTIMAL,FEASIBLE_POINT,723991.2150451338,723991.2150451338,0,76416,76416,117273,335533,2388,0,2388,11940,2388,256,0,0,NaN,0,NaN,6.661338147750939e-16,3.637978807091713e-10,
1,19,MULTISTAGE_RH,SA,shared_battery_mode_node_level_v1,SI-Drahi_17-d1-HOM-UHI-BHI-3cae609052,TK-PB-Drahi_17-d1-HOM-UHI-62618e628e-r1,SS-c81930d9c8ba,17,0,single_solve,OPTIMAL,FEASIBLE_POINT,723991.2150451338,723991.2150451338,0,76416,76416,117273,335533,2388,0,2388,11940,2388,256,0,0,NaN,0,NaN,1.1102230246251565e-16,3.637978807091713e-10,
1,20,MULTISTAGE_RH,SA,shared_battery_mode_node_level_v1,SI-Drahi_17-d1-HOM-UHI-BHI-3cae609052,TK-PB-Drahi_17-d1-HOM-UHI-62618e628e-r1,SS-c81930d9c8ba,17,0,single_solve,OPTIMAL,FEASIBLE_POINT,723991.2150451338,723991.2150451338,0,76416,76416,117273,335533,2388,0,2388,11940,2388,256,0,0,NaN,0,NaN,0.0,3.637978807091713e-10,
1,21,MULTISTAGE_RH,SA,shared_battery_mode_node_level_v1,SI-Drahi_17-d1-HOM-UHI-BHI-3cae609052,TK-PB-Drahi_17-d1-HOM-UHI-62618e628e-r1,SS-3cf9bda45ea4,21,0,single_solve,OPTIMAL,FEASIBLE_POINT,725584.5399225003,725584.5399225003,0,76416,76416,117273,334133,2388,0,2388,11940,2388,256,0,0,NaN,0,NaN,0.0,2.1827872842550278e-10,
1,22,MULTISTAGE_RH,SA,shared_battery_mode_node_level_v1,SI-Drahi_17-d1-HOM-UHI-BHI-3cae609052,TK-PB-Drahi_17-d1-HOM-UHI-62618e628e-r1,SS-3cf9bda45ea4,21,0,single_solve,OPTIMAL,FEASIBLE_POINT,725584.5399225003,725584.5399225003,0,76416,76416,117273,334133,2388,0,2388,11940,2388,256,0,0,NaN,0,NaN,0.0,2.1827872842550278e-10,
1,23,MULTISTAGE_RH,SA,shared_battery_mode_node_level_v1,SI-Drahi_17-d1-HOM-UHI-BHI-3cae609052,TK-PB-Drahi_17-d1-HOM-UHI-62618e628e-r1,SS-3cf9bda45ea4,21,0,single_solve,OPTIMAL,FEASIBLE_POINT,725584.5399225003,725584.5399225003,0,76416,76416,117273,334133,2388,0,2388,11940,2388,256,0,0,NaN,0,NaN,2.842170943040401e-14,2.1827872842550278e-10,
1,24,MULTISTAGE_RH,SA,shared_battery_mode_node_level_v1,SI-Drahi_17-d1-HOM-UHI-BHI-3cae609052,TK-PB-Drahi_17-d1-HOM-UHI-62618e628e-r1,SS-3cf9bda45ea4,21,0,single_solve,OPTIMAL,FEASIBLE_POINT,725584.5399225003,725584.5399225003,0,76416,76416,117273,334133,2388,0,2388,11940,2388,256,0,0,NaN,0,NaN,2.842170943040401e-14,2.1827872842550278e-10,
1,1,MULTISTAGE_RH,STATIC_DEMAND_SHARE,shared_battery_mode_node_level_v1,SI-Drahi_17-d1-HOM-UHI-BHI-3cae609052,TK-PB-Drahi_17-d1-HOM-UHI-62618e628e-r1,SS-5d5bbea46d20,1,0,single_solve,OPTIMAL,FEASIBLE_POINT,741230.3442749938,741230.3442749938,0,76416,76416,129208,162718,2388,0,2388,11940,2388,256,0,0,NaN,0,NaN,1.4210854715202004e-14,0.0,
1,2,MULTISTAGE_RH,STATIC_DEMAND_SHARE,shared_battery_mode_node_level_v1,SI-Drahi_17-d1-HOM-UHI-BHI-3cae609052,TK-PB-Drahi_17-d1-HOM-UHI-62618e628e-r1,SS-5d5bbea46d20,1,0,single_solve,OPTIMAL,FEASIBLE_POINT,741230.3442749938,741230.3442749938,0,76416,76416,129208,162718,2388,0,2388,11940,2388,256,0,0,NaN,0,NaN,7.105427357601002e-15,0.0,
1,3,MULTISTAGE_RH,STATIC_DEMAND_SHARE,shared_battery_mode_node_level_v1,SI-Drahi_17-d1-HOM-UHI-BHI-3cae609052,TK-PB-Drahi_17-d1-HOM-UHI-62618e628e-r1,SS-5d5bbea46d20,1,0,single_solve,OPTIMAL,FEASIBLE_POINT,741230.3442749938,741230.3442749938,0,76416,76416,129208,162718,2388,0,2388,11940,2388,256,0,0,NaN,0,NaN,7.105427357601002e-15,0.0,
1,4,MULTISTAGE_RH,STATIC_DEMAND_SHARE,shared_battery_mode_node_level_v1,SI-Drahi_17-d1-HOM-UHI-BHI-3cae609052,TK-PB-Drahi_17-d1-HOM-UHI-62618e628e-r1,SS-5d5bbea46d20,1,0,single_solve,OPTIMAL,FEASIBLE_POINT,741230.3442749938,741230.3442749938,0,76416,76416,129208,162718,2388,0,2388,11940,2388,256,0,0,NaN,0,NaN,7.105427357601002e-15,0.0,
1,5,MULTISTAGE_RH,STATIC_DEMAND_SHARE,shared_battery_mode_node_level_v1,SI-Drahi_17-d1-HOM-UHI-BHI-3cae609052,TK-PB-Drahi_17-d1-HOM-UHI-62618e628e-r1,SS-102adc95e052,5,0,single_solve,OPTIMAL,FEASIBLE_POINT,682850.7072003665,682850.7072003665,0,76416,76416,129208,159178,2388,0,2388,11940,2388,256,0,0,NaN,0,NaN,0.0,0.0,
1,6,MULTISTAGE_RH,STATIC_DEMAND_SHARE,shared_battery_mode_node_level_v1,SI-Drahi_17-d1-HOM-UHI-BHI-3cae609052,TK-PB-Drahi_17-d1-HOM-UHI-62618e628e-r1,SS-102adc95e052,5,0,single_solve,OPTIMAL,FEASIBLE_POINT,682850.7072003665,682850.7072003665,0,76416,76416,129208,159178,2388,0,2388,11940,2388,256,0,0,NaN,0,NaN,3.552713678800501e-15,0.0,
1,7,MULTISTAGE_RH,STATIC_DEMAND_SHARE,shared_battery_mode_node_level_v1,SI-Drahi_17-d1-HOM-UHI-BHI-3cae609052,TK-PB-Drahi_17-d1-HOM-UHI-62618e628e-r1,SS-102adc95e052,5,0,single_solve,OPTIMAL,FEASIBLE_POINT,682850.7072003665,682850.7072003665,0,76416,76416,129208,159178,2388,0,2388,11940,2388,256,0,0,NaN,0,NaN,1.4210854715202004e-14,0.0,
1,8,MULTISTAGE_RH,STATIC_DEMAND_SHARE,shared_battery_mode_node_level_v1,SI-Drahi_17-d1-HOM-UHI-BHI-3cae609052,TK-PB-Drahi_17-d1-HOM-UHI-62618e628e-r1,SS-102adc95e052,5,0,single_solve,OPTIMAL,FEASIBLE_POINT,682850.7072003665,682850.7072003665,0,76416,76416,129208,159178,2388,0,2388,11940,2388,256,0,0,NaN,0,NaN,2.842170943040401e-14,0.0,
1,9,MULTISTAGE_RH,STATIC_DEMAND_SHARE,shared_battery_mode_node_level_v1,SI-Drahi_17-d1-HOM-UHI-BHI-3cae609052,TK-PB-Drahi_17-d1-HOM-UHI-62618e628e-r1,SS-19da242d4543,9,0,single_solve,OPTIMAL,FEASIBLE_POINT,727763.7569541322,727763.7569541322,0,76416,76416,129208,162853,2388,0,2388,11940,2388,256,0,0,NaN,0,NaN,4.274358644806853e-15,0.0,
1,10,MULTISTAGE_RH,STATIC_DEMAND_SHARE,shared_battery_mode_node_level_v1,SI-Drahi_17-d1-HOM-UHI-BHI-3cae609052,TK-PB-Drahi_17-d1-HOM-UHI-62618e628e-r1,SS-19da242d4543,9,0,single_solve,OPTIMAL,FEASIBLE_POINT,727763.7569541322,727763.7569541322,0,76416,76416,129208,162853,2388,0,2388,11940,2388,256,0,0,NaN,0,NaN,2.842170943040401e-14,0.0,
1,11,MULTISTAGE_RH,STATIC_DEMAND_SHARE,shared_battery_mode_node_level_v1,SI-Drahi_17-d1-HOM-UHI-BHI-3cae609052,TK-PB-Drahi_17-d1-HOM-UHI-62618e628e-r1,SS-19da242d4543,9,0,single_solve,OPTIMAL,FEASIBLE_POINT,727763.7569541322,727763.7569541322,0,76416,76416,129208,162853,2388,0,2388,11940,2388,256,0,0,NaN,0,NaN,0.0,0.0,
1,12,MULTISTAGE_RH,STATIC_DEMAND_SHARE,shared_battery_mode_node_level_v1,SI-Drahi_17-d1-HOM-UHI-BHI-3cae609052,TK-PB-Drahi_17-d1-HOM-UHI-62618e628e-r1,SS-19da242d4543,9,0,single_solve,OPTIMAL,FEASIBLE_POINT,727763.7569541322,727763.7569541322,0,76416,76416,129208,162853,2388,0,2388,11940,2388,256,0,0,NaN,0,NaN,7.105427357601002e-15,0.0,
1,13,MULTISTAGE_RH,STATIC_DEMAND_SHARE,shared_battery_mode_node_level_v1,SI-Drahi_17-d1-HOM-UHI-BHI-3cae609052,TK-PB-Drahi_17-d1-HOM-UHI-62618e628e-r1,SS-354317d12b7f,13,0,single_solve,OPTIMAL,FEASIBLE_POINT,725999.5418485696,725999.5418485696,0,76416,76416,129208,166933,2388,0,2388,11940,2388,256,0,0,NaN,0,NaN,0.0,0.0,
1,14,MULTISTAGE_RH,STATIC_DEMAND_SHARE,shared_battery_mode_node_level_v1,SI-Drahi_17-d1-HOM-UHI-BHI-3cae609052,TK-PB-Drahi_17-d1-HOM-UHI-62618e628e-r1,SS-354317d12b7f,13,0,single_solve,OPTIMAL,FEASIBLE_POINT,725999.5418485696,725999.5418485696,0,76416,76416,129208,166933,2388,0,2388,11940,2388,256,0,0,NaN,0,NaN,1.4210854715202004e-14,0.0,
1,15,MULTISTAGE_RH,STATIC_DEMAND_SHARE,shared_battery_mode_node_level_v1,SI-Drahi_17-d1-HOM-UHI-BHI-3cae609052,TK-PB-Drahi_17-d1-HOM-UHI-62618e628e-r1,SS-354317d12b7f,13,0,single_solve,OPTIMAL,FEASIBLE_POINT,725999.5418485696,725999.5418485696,0,76416,76416,129208,166933,2388,0,2388,11940,2388,256,0,0,NaN,0,NaN,0.0,0.0,
1,16,MULTISTAGE_RH,STATIC_DEMAND_SHARE,shared_battery_mode_node_level_v1,SI-Drahi_17-d1-HOM-UHI-BHI-3cae609052,TK-PB-Drahi_17-d1-HOM-UHI-62618e628e-r1,SS-354317d12b7f,13,0,single_solve,OPTIMAL,FEASIBLE_POINT,725999.5418485696,725999.5418485696,0,76416,76416,129208,166933,2388,0,2388,11940,2388,256,0,0,NaN,0,NaN,0.0,0.0,
1,17,MULTISTAGE_RH,STATIC_DEMAND_SHARE,shared_battery_mode_node_level_v1,SI-Drahi_17-d1-HOM-UHI-BHI-3cae609052,TK-PB-Drahi_17-d1-HOM-UHI-62618e628e-r1,SS-c81930d9c8ba,17,0,single_solve,OPTIMAL,FEASIBLE_POINT,723991.2150451324,723991.2150451324,0,76416,76416,129208,168373,2388,0,2388,11940,2388,256,0,0,NaN,0,NaN,8.881784197001252e-16,0.0,
1,18,MULTISTAGE_RH,STATIC_DEMAND_SHARE,shared_battery_mode_node_level_v1,SI-Drahi_17-d1-HOM-UHI-BHI-3cae609052,TK-PB-Drahi_17-d1-HOM-UHI-62618e628e-r1,SS-c81930d9c8ba,17,0,single_solve,OPTIMAL,FEASIBLE_POINT,723991.2150451324,723991.2150451324,0,76416,76416,129208,168373,2388,0,2388,11940,2388,256,0,0,NaN,0,NaN,0.0,0.0,
1,19,MULTISTAGE_RH,STATIC_DEMAND_SHARE,shared_battery_mode_node_level_v1,SI-Drahi_17-d1-HOM-UHI-BHI-3cae609052,TK-PB-Drahi_17-d1-HOM-UHI-62618e628e-r1,SS-c81930d9c8ba,17,0,single_solve,OPTIMAL,FEASIBLE_POINT,723991.2150451324,723991.2150451324,0,76416,76416,129208,168373,2388,0,2388,11940,2388,256,0,0,NaN,0,NaN,5.551115123125783e-17,0.0,
1,20,MULTISTAGE_RH,STATIC_DEMAND_SHARE,shared_battery_mode_node_level_v1,SI-Drahi_17-d1-HOM-UHI-BHI-3cae609052,TK-PB-Drahi_17-d1-HOM-UHI-62618e628e-r1,SS-c81930d9c8ba,17,0,single_solve,OPTIMAL,FEASIBLE_POINT,723991.2150451324,723991.2150451324,0,76416,76416,129208,168373,2388,0,2388,11940,2388,256,0,0,NaN,0,NaN,0.0,0.0,
1,21,MULTISTAGE_RH,STATIC_DEMAND_SHARE,shared_battery_mode_node_level_v1,SI-Drahi_17-d1-HOM-UHI-BHI-3cae609052,TK-PB-Drahi_17-d1-HOM-UHI-62618e628e-r1,SS-3cf9bda45ea4,21,0,single_solve,OPTIMAL,FEASIBLE_POINT,725584.5399224989,725584.5399224989,0,76416,76416,129208,166973,2388,0,2388,11940,2388,256,0,0,NaN,0,NaN,0.0,0.0,
1,22,MULTISTAGE_RH,STATIC_DEMAND_SHARE,shared_battery_mode_node_level_v1,SI-Drahi_17-d1-HOM-UHI-BHI-3cae609052,TK-PB-Drahi_17-d1-HOM-UHI-62618e628e-r1,SS-3cf9bda45ea4,21,0,single_solve,OPTIMAL,FEASIBLE_POINT,725584.5399224989,725584.5399224989,0,76416,76416,129208,166973,2388,0,2388,11940,2388,256,0,0,NaN,0,NaN,0.0,0.0,
1,23,MULTISTAGE_RH,STATIC_DEMAND_SHARE,shared_battery_mode_node_level_v1,SI-Drahi_17-d1-HOM-UHI-BHI-3cae609052,TK-PB-Drahi_17-d1-HOM-UHI-62618e628e-r1,SS-3cf9bda45ea4,21,0,single_solve,OPTIMAL,FEASIBLE_POINT,725584.5399224989,725584.5399224989,0,76416,76416,129208,166973,2388,0,2388,11940,2388,256,0,0,NaN,0,NaN,0.0,0.0,
1,24,MULTISTAGE_RH,STATIC_DEMAND_SHARE,shared_battery_mode_node_level_v1,SI-Drahi_17-d1-HOM-UHI-BHI-3cae609052,TK-PB-Drahi_17-d1-HOM-UHI-62618e628e-r1,SS-3cf9bda45ea4,21,0,single_solve,OPTIMAL,FEASIBLE_POINT,725584.5399224989,725584.5399224989,0,76416,76416,129208,166973,2388,0,2388,11940,2388,256,0,0,NaN,0,NaN,0.0,0.0,
1,1,TWO_STAGE_RH,LEXMMFPEA,shared_battery_mode_node_level_v1,SI-Drahi_17-d1-HOM-UHI-BHI-3cae609052,TK-PB-Drahi_17-d1-HOM-UHI-62618e628e-r1,SS-5d5bbea46d20,1,1,lex_phase_1,OPTIMAL,FEASIBLE_POINT,246.09492244238902,246.09492244238902,0,163998,163998,251382,457029,5124,0,5124,25620,5124,256,0,0,NaN,0,NaN,1.4210854715202004e-14,1.0000000000019327,
1,1,TWO_STAGE_RH,LEXMMFPEA,shared_battery_mode_node_level_v1,SI-Drahi_17-d1-HOM-UHI-BHI-3cae609052,TK-PB-Drahi_17-d1-HOM-UHI-62618e628e-r1,SS-5d5bbea46d20,1,2,lex_phase_2,OPTIMAL,FEASIBLE_POINT,492.18984488477867,492.18984488477867,0,163998,163998,251383,457035,5124,0,5124,25620,5124,256,0,0,NaN,0,NaN,1.4210854715202004e-14,1.0000000000019327,
1,1,TWO_STAGE_RH,LEXMMFPEA,shared_battery_mode_node_level_v1,SI-Drahi_17-d1-HOM-UHI-BHI-3cae609052,TK-PB-Drahi_17-d1-HOM-UHI-62618e628e-r1,SS-5d5bbea46d20,1,3,lex_phase_3,OPTIMAL,FEASIBLE_POINT,738.284767327168,738.284767327168,0,163998,163998,251384,457041,5124,0,5124,25620,5124,256,0,0,NaN,0,NaN,1.4210854715202004e-14,1.0000000000019327,
1,1,TWO_STAGE_RH,LEXMMFPEA,shared_battery_mode_node_level_v1,SI-Drahi_17-d1-HOM-UHI-BHI-3cae609052,TK-PB-Drahi_17-d1-HOM-UHI-62618e628e-r1,SS-5d5bbea46d20,1,4,lex_phase_4,OPTIMAL,FEASIBLE_POINT,984.3796897695573,984.3796897695573,0,163998,163998,251385,457047,5124,0,5124,25620,5124,256,0,0,NaN,0,NaN,1.4210854715202004e-14,1.0000000000019327,
1,1,TWO_STAGE_RH,LEXMMFPEA,shared_battery_mode_node_level_v1,SI-Drahi_17-d1-HOM-UHI-BHI-3cae609052,TK-PB-Drahi_17-d1-HOM-UHI-62618e628e-r1,SS-5d5bbea46d20,1,5,lex_phase_5,OPTIMAL,FEASIBLE_POINT,1230.4746122119468,1230.4746122119468,0,163998,163998,251386,457053,5124,0,5124,25620,5124,256,0,0,NaN,0,NaN,1.4210854715202004e-14,1.0000000000019327,
1,1,TWO_STAGE_RH,LEXMMFPEA,shared_battery_mode_node_level_v1,SI-Drahi_17-d1-HOM-UHI-BHI-3cae609052,TK-PB-Drahi_17-d1-HOM-UHI-62618e628e-r1,SS-5d5bbea46d20,1,6,economic_tie_break,OPTIMAL,FEASIBLE_POINT,741230.3442749875,741230.3442749875,0,163998,163998,251387,457059,5124,0,5124,25620,5124,256,0,0,NaN,0,NaN,1.4210854715202004e-14,1.0000000000019327,
1,2,TWO_STAGE_RH,LEXMMFPEA,shared_battery_mode_node_level_v1,SI-Drahi_17-d1-HOM-UHI-BHI-3cae609052,TK-PB-Drahi_17-d1-HOM-UHI-62618e628e-r1,SS-5d5bbea46d20,1,1,lex_phase_1,OPTIMAL,FEASIBLE_POINT,246.09492244238902,246.09492244238902,0,163998,163998,251382,457029,5124,0,5124,25620,5124,256,0,0,NaN,0,NaN,0.0,1.0000000000019327,
1,2,TWO_STAGE_RH,LEXMMFPEA,shared_battery_mode_node_level_v1,SI-Drahi_17-d1-HOM-UHI-BHI-3cae609052,TK-PB-Drahi_17-d1-HOM-UHI-62618e628e-r1,SS-5d5bbea46d20,1,2,lex_phase_2,OPTIMAL,FEASIBLE_POINT,492.18984488477867,492.18984488477867,0,163998,163998,251383,457035,5124,0,5124,25620,5124,256,0,0,NaN,0,NaN,0.0,1.0000000000019327,
1,2,TWO_STAGE_RH,LEXMMFPEA,shared_battery_mode_node_level_v1,SI-Drahi_17-d1-HOM-UHI-BHI-3cae609052,TK-PB-Drahi_17-d1-HOM-UHI-62618e628e-r1,SS-5d5bbea46d20,1,3,lex_phase_3,OPTIMAL,FEASIBLE_POINT,738.284767327168,738.284767327168,0,163998,163998,251384,457041,5124,0,5124,25620,5124,256,0,0,NaN,0,NaN,0.0,1.0000000000019327,
1,2,TWO_STAGE_RH,LEXMMFPEA,shared_battery_mode_node_level_v1,SI-Drahi_17-d1-HOM-UHI-BHI-3cae609052,TK-PB-Drahi_17-d1-HOM-UHI-62618e628e-r1,SS-5d5bbea46d20,1,4,lex_phase_4,OPTIMAL,FEASIBLE_POINT,984.3796897695573,984.3796897695573,0,163998,163998,251385,457047,5124,0,5124,25620,5124,256,0,0,NaN,0,NaN,0.0,1.0000000000019327,
1,2,TWO_STAGE_RH,LEXMMFPEA,shared_battery_mode_node_level_v1,SI-Drahi_17-d1-HOM-UHI-BHI-3cae609052,TK-PB-Drahi_17-d1-HOM-UHI-62618e628e-r1,SS-5d5bbea46d20,1,5,lex_phase_5,OPTIMAL,FEASIBLE_POINT,1230.4746122119468,1230.4746122119468,0,163998,163998,251386,457053,5124,0,5124,25620,5124,256,0,0,NaN,0,NaN,0.0,1.0000000000019327,
1,2,TWO_STAGE_RH,LEXMMFPEA,shared_battery_mode_node_level_v1,SI-Drahi_17-d1-HOM-UHI-BHI-3cae609052,TK-PB-Drahi_17-d1-HOM-UHI-62618e628e-r1,SS-5d5bbea46d20,1,6,economic_tie_break,OPTIMAL,FEASIBLE_POINT,741230.3442749875,741230.3442749875,0,163998,163998,251387,457059,5124,0,5124,25620,5124,256,0,0,NaN,0,NaN,0.0,1.0000000000019327,
1,3,TWO_STAGE_RH,LEXMMFPEA,shared_battery_mode_node_level_v1,SI-Drahi_17-d1-HOM-UHI-BHI-3cae609052,TK-PB-Drahi_17-d1-HOM-UHI-62618e628e-r1,SS-5d5bbea46d20,1,1,lex_phase_1,OPTIMAL,FEASIBLE_POINT,246.09492244238902,246.09492244238902,0,163998,163998,251382,457029,5124,0,5124,25620,5124,256,0,0,NaN,0,NaN,0.0,1.0000000000019327,
1,3,TWO_STAGE_RH,LEXMMFPEA,shared_battery_mode_node_level_v1,SI-Drahi_17-d1-HOM-UHI-BHI-3cae609052,TK-PB-Drahi_17-d1-HOM-UHI-62618e628e-r1,SS-5d5bbea46d20,1,2,lex_phase_2,OPTIMAL,FEASIBLE_POINT,492.18984488477867,492.18984488477867,0,163998,163998,251383,457035,5124,0,5124,25620,5124,256,0,0,NaN,0,NaN,0.0,1.0000000000019327,
1,3,TWO_STAGE_RH,LEXMMFPEA,shared_battery_mode_node_level_v1,SI-Drahi_17-d1-HOM-UHI-BHI-3cae609052,TK-PB-Drahi_17-d1-HOM-UHI-62618e628e-r1,SS-5d5bbea46d20,1,3,lex_phase_3,OPTIMAL,FEASIBLE_POINT,738.284767327168,738.284767327168,0,163998,163998,251384,457041,5124,0,5124,25620,5124,256,0,0,NaN,0,NaN,0.0,1.0000000000019327,
1,3,TWO_STAGE_RH,LEXMMFPEA,shared_battery_mode_node_level_v1,SI-Drahi_17-d1-HOM-UHI-BHI-3cae609052,TK-PB-Drahi_17-d1-HOM-UHI-62618e628e-r1,SS-5d5bbea46d20,1,4,lex_phase_4,OPTIMAL,FEASIBLE_POINT,984.3796897695573,984.3796897695573,0,163998,163998,251385,457047,5124,0,5124,25620,5124,256,0,0,NaN,0,NaN,0.0,1.0000000000019327,
1,3,TWO_STAGE_RH,LEXMMFPEA,shared_battery_mode_node_level_v1,SI-Drahi_17-d1-HOM-UHI-BHI-3cae609052,TK-PB-Drahi_17-d1-HOM-UHI-62618e628e-r1,SS-5d5bbea46d20,1,5,lex_phase_5,OPTIMAL,FEASIBLE_POINT,1230.4746122119468,1230.4746122119468,0,163998,163998,251386,457053,5124,0,5124,25620,5124,256,0,0,NaN,0,NaN,0.0,1.0000000000019327,
1,3,TWO_STAGE_RH,LEXMMFPEA,shared_battery_mode_node_level_v1,SI-Drahi_17-d1-HOM-UHI-BHI-3cae609052,TK-PB-Drahi_17-d1-HOM-UHI-62618e628e-r1,SS-5d5bbea46d20,1,6,economic_tie_break,OPTIMAL,FEASIBLE_POINT,741230.3442749875,741230.3442749875,0,163998,163998,251387,457059,5124,0,5124,25620,5124,256,0,0,NaN,0,NaN,0.0,1.0000000000019327,
1,4,TWO_STAGE_RH,LEXMMFPEA,shared_battery_mode_node_level_v1,SI-Drahi_17-d1-HOM-UHI-BHI-3cae609052,TK-PB-Drahi_17-d1-HOM-UHI-62618e628e-r1,SS-5d5bbea46d20,1,1,lex_phase_1,OPTIMAL,FEASIBLE_POINT,246.09492244238902,246.09492244238902,0,163998,163998,251382,457029,5124,0,5124,25620,5124,256,0,0,NaN,0,NaN,0.0,1.0000000000019327,
1,4,TWO_STAGE_RH,LEXMMFPEA,shared_battery_mode_node_level_v1,SI-Drahi_17-d1-HOM-UHI-BHI-3cae609052,TK-PB-Drahi_17-d1-HOM-UHI-62618e628e-r1,SS-5d5bbea46d20,1,2,lex_phase_2,OPTIMAL,FEASIBLE_POINT,492.18984488477867,492.18984488477867,0,163998,163998,251383,457035,5124,0,5124,25620,5124,256,0,0,NaN,0,NaN,0.0,1.0000000000019327,
1,4,TWO_STAGE_RH,LEXMMFPEA,shared_battery_mode_node_level_v1,SI-Drahi_17-d1-HOM-UHI-BHI-3cae609052,TK-PB-Drahi_17-d1-HOM-UHI-62618e628e-r1,SS-5d5bbea46d20,1,3,lex_phase_3,OPTIMAL,FEASIBLE_POINT,738.284767327168,738.284767327168,0,163998,163998,251384,457041,5124,0,5124,25620,5124,256,0,0,NaN,0,NaN,0.0,1.0000000000019327,
1,4,TWO_STAGE_RH,LEXMMFPEA,shared_battery_mode_node_level_v1,SI-Drahi_17-d1-HOM-UHI-BHI-3cae609052,TK-PB-Drahi_17-d1-HOM-UHI-62618e628e-r1,SS-5d5bbea46d20,1,4,lex_phase_4,OPTIMAL,FEASIBLE_POINT,984.3796897695573,984.3796897695573,0,163998,163998,251385,457047,5124,0,5124,25620,5124,256,0,0,NaN,0,NaN,0.0,1.0000000000019327,
1,4,TWO_STAGE_RH,LEXMMFPEA,shared_battery_mode_node_level_v1,SI-Drahi_17-d1-HOM-UHI-BHI-3cae609052,TK-PB-Drahi_17-d1-HOM-UHI-62618e628e-r1,SS-5d5bbea46d20,1,5,lex_phase_5,OPTIMAL,FEASIBLE_POINT,1230.4746122119468,1230.4746122119468,0,163998,163998,251386,457053,5124,0,5124,25620,5124,256,0,0,NaN,0,NaN,0.0,1.0000000000019327,
1,4,TWO_STAGE_RH,LEXMMFPEA,shared_battery_mode_node_level_v1,SI-Drahi_17-d1-HOM-UHI-BHI-3cae609052,TK-PB-Drahi_17-d1-HOM-UHI-62618e628e-r1,SS-5d5bbea46d20,1,6,economic_tie_break,OPTIMAL,FEASIBLE_POINT,741230.3442749875,741230.3442749875,0,163998,163998,251387,457059,5124,0,5124,25620,5124,256,0,0,NaN,0,NaN,0.0,1.0000000000019327,
1,5,TWO_STAGE_RH,LEXMMFPEA,shared_battery_mode_node_level_v1,SI-Drahi_17-d1-HOM-UHI-BHI-3cae609052,TK-PB-Drahi_17-d1-HOM-UHI-62618e628e-r1,SS-102adc95e052,5,1,lex_phase_1,OPTIMAL,FEASIBLE_POINT,457.68755390544396,457.68755390544396,0,163998,163998,251382,454749,5124,0,5124,25620,5124,256,0,0,NaN,0,NaN,0.0,0.7999999999917691,
1,5,TWO_STAGE_RH,LEXMMFPEA,shared_battery_mode_node_level_v1,SI-Drahi_17-d1-HOM-UHI-BHI-3cae609052,TK-PB-Drahi_17-d1-HOM-UHI-62618e628e-r1,SS-102adc95e052,5,2,lex_phase_2,OPTIMAL,FEASIBLE_POINT,915.3751078108847,915.3751078108847,0,163998,163998,251383,454755,5124,0,5124,25620,5124,256,0,0,NaN,0,NaN,0.0,0.7999999999917691,
1,5,TWO_STAGE_RH,LEXMMFPEA,shared_battery_mode_node_level_v1,SI-Drahi_17-d1-HOM-UHI-BHI-3cae609052,TK-PB-Drahi_17-d1-HOM-UHI-62618e628e-r1,SS-102adc95e052,5,3,lex_phase_3,OPTIMAL,FEASIBLE_POINT,1373.062661716327,1373.062661716327,0,163998,163998,251384,454761,5124,0,5124,25620,5124,256,0,0,NaN,0,NaN,0.0,0.7999999999917691,
1,5,TWO_STAGE_RH,LEXMMFPEA,shared_battery_mode_node_level_v1,SI-Drahi_17-d1-HOM-UHI-BHI-3cae609052,TK-PB-Drahi_17-d1-HOM-UHI-62618e628e-r1,SS-102adc95e052,5,4,lex_phase_4,OPTIMAL,FEASIBLE_POINT,1830.7502156217695,1830.7502156217695,0,163998,163998,251385,454767,5124,0,5124,25620,5124,256,0,0,NaN,0,NaN,0.0,0.7999999999917691,
1,5,TWO_STAGE_RH,LEXMMFPEA,shared_battery_mode_node_level_v1,SI-Drahi_17-d1-HOM-UHI-BHI-3cae609052,TK-PB-Drahi_17-d1-HOM-UHI-62618e628e-r1,SS-102adc95e052,5,5,lex_phase_5,OPTIMAL,FEASIBLE_POINT,2288.437769527214,2288.437769527214,0,163998,163998,251386,454773,5124,0,5124,25620,5124,256,0,0,NaN,0,NaN,0.0,0.7999999999917691,
1,5,TWO_STAGE_RH,LEXMMFPEA,shared_battery_mode_node_level_v1,SI-Drahi_17-d1-HOM-UHI-BHI-3cae609052,TK-PB-Drahi_17-d1-HOM-UHI-62618e628e-r1,SS-102adc95e052,5,6,economic_tie_break,OPTIMAL,FEASIBLE_POINT,682850.7072003614,682850.7072003614,0,163998,163998,251387,454779,5124,0,5124,25620,5124,256,0,0,NaN,0,NaN,0.0,0.7999999999917691,
1,6,TWO_STAGE_RH,LEXMMFPEA,shared_battery_mode_node_level_v1,SI-Drahi_17-d1-HOM-UHI-BHI-3cae609052,TK-PB-Drahi_17-d1-HOM-UHI-62618e628e-r1,SS-102adc95e052,5,1,lex_phase_1,OPTIMAL,FEASIBLE_POINT,457.68755390544396,457.68755390544396,0,163998,163998,251382,454749,5124,0,5124,25620,5124,256,0,0,NaN,0,NaN,0.0,0.7999999999917691,
1,6,TWO_STAGE_RH,LEXMMFPEA,shared_battery_mode_node_level_v1,SI-Drahi_17-d1-HOM-UHI-BHI-3cae609052,TK-PB-Drahi_17-d1-HOM-UHI-62618e628e-r1,SS-102adc95e052,5,2,lex_phase_2,OPTIMAL,FEASIBLE_POINT,915.3751078108847,915.3751078108847,0,163998,163998,251383,454755,5124,0,5124,25620,5124,256,0,0,NaN,0,NaN,0.0,0.7999999999917691,
1,6,TWO_STAGE_RH,LEXMMFPEA,shared_battery_mode_node_level_v1,SI-Drahi_17-d1-HOM-UHI-BHI-3cae609052,TK-PB-Drahi_17-d1-HOM-UHI-62618e628e-r1,SS-102adc95e052,5,3,lex_phase_3,OPTIMAL,FEASIBLE_POINT,1373.062661716327,1373.062661716327,0,163998,163998,251384,454761,5124,0,5124,25620,5124,256,0,0,NaN,0,NaN,0.0,0.7999999999917691,
1,6,TWO_STAGE_RH,LEXMMFPEA,shared_battery_mode_node_level_v1,SI-Drahi_17-d1-HOM-UHI-BHI-3cae609052,TK-PB-Drahi_17-d1-HOM-UHI-62618e628e-r1,SS-102adc95e052,5,4,lex_phase_4,OPTIMAL,FEASIBLE_POINT,1830.7502156217695,1830.7502156217695,0,163998,163998,251385,454767,5124,0,5124,25620,5124,256,0,0,NaN,0,NaN,0.0,0.7999999999917691,
1,6,TWO_STAGE_RH,LEXMMFPEA,shared_battery_mode_node_level_v1,SI-Drahi_17-d1-HOM-UHI-BHI-3cae609052,TK-PB-Drahi_17-d1-HOM-UHI-62618e628e-r1,SS-102adc95e052,5,5,lex_phase_5,OPTIMAL,FEASIBLE_POINT,2288.437769527214,2288.437769527214,0,163998,163998,251386,454773,5124,0,5124,25620,5124,256,0,0,NaN,0,NaN,0.0,0.7999999999917691,
1,6,TWO_STAGE_RH,LEXMMFPEA,shared_battery_mode_node_level_v1,SI-Drahi_17-d1-HOM-UHI-BHI-3cae609052,TK-PB-Drahi_17-d1-HOM-UHI-62618e628e-r1,SS-102adc95e052,5,6,economic_tie_break,OPTIMAL,FEASIBLE_POINT,682850.7072003614,682850.7072003614,0,163998,163998,251387,454779,5124,0,5124,25620,5124,256,0,0,NaN,0,NaN,0.0,0.7999999999917691,
1,7,TWO_STAGE_RH,LEXMMFPEA,shared_battery_mode_node_level_v1,SI-Drahi_17-d1-HOM-UHI-BHI-3cae609052,TK-PB-Drahi_17-d1-HOM-UHI-62618e628e-r1,SS-102adc95e052,5,1,lex_phase_1,OPTIMAL,FEASIBLE_POINT,457.68755390544396,457.68755390544396,0,163998,163998,251382,454749,5124,0,5124,25620,5124,256,0,0,NaN,0,NaN,0.0,0.7999999999917691,
1,7,TWO_STAGE_RH,LEXMMFPEA,shared_battery_mode_node_level_v1,SI-Drahi_17-d1-HOM-UHI-BHI-3cae609052,TK-PB-Drahi_17-d1-HOM-UHI-62618e628e-r1,SS-102adc95e052,5,2,lex_phase_2,OPTIMAL,FEASIBLE_POINT,915.3751078108847,915.3751078108847,0,163998,163998,251383,454755,5124,0,5124,25620,5124,256,0,0,NaN,0,NaN,0.0,0.7999999999917691,
1,7,TWO_STAGE_RH,LEXMMFPEA,shared_battery_mode_node_level_v1,SI-Drahi_17-d1-HOM-UHI-BHI-3cae609052,TK-PB-Drahi_17-d1-HOM-UHI-62618e628e-r1,SS-102adc95e052,5,3,lex_phase_3,OPTIMAL,FEASIBLE_POINT,1373.062661716327,1373.062661716327,0,163998,163998,251384,454761,5124,0,5124,25620,5124,256,0,0,NaN,0,NaN,0.0,0.7999999999917691,
1,7,TWO_STAGE_RH,LEXMMFPEA,shared_battery_mode_node_level_v1,SI-Drahi_17-d1-HOM-UHI-BHI-3cae609052,TK-PB-Drahi_17-d1-HOM-UHI-62618e628e-r1,SS-102adc95e052,5,4,lex_phase_4,OPTIMAL,FEASIBLE_POINT,1830.7502156217695,1830.7502156217695,0,163998,163998,251385,454767,5124,0,5124,25620,5124,256,0,0,NaN,0,NaN,0.0,0.7999999999917691,
1,7,TWO_STAGE_RH,LEXMMFPEA,shared_battery_mode_node_level_v1,SI-Drahi_17-d1-HOM-UHI-BHI-3cae609052,TK-PB-Drahi_17-d1-HOM-UHI-62618e628e-r1,SS-102adc95e052,5,5,lex_phase_5,OPTIMAL,FEASIBLE_POINT,2288.437769527214,2288.437769527214,0,163998,163998,251386,454773,5124,0,5124,25620,5124,256,0,0,NaN,0,NaN,0.0,0.7999999999917691,
1,7,TWO_STAGE_RH,LEXMMFPEA,shared_battery_mode_node_level_v1,SI-Drahi_17-d1-HOM-UHI-BHI-3cae609052,TK-PB-Drahi_17-d1-HOM-UHI-62618e628e-r1,SS-102adc95e052,5,6,economic_tie_break,OPTIMAL,FEASIBLE_POINT,682850.7072003614,682850.7072003614,0,163998,163998,251387,454779,5124,0,5124,25620,5124,256,0,0,NaN,0,NaN,0.0,0.7999999999917691,
1,8,TWO_STAGE_RH,LEXMMFPEA,shared_battery_mode_node_level_v1,SI-Drahi_17-d1-HOM-UHI-BHI-3cae609052,TK-PB-Drahi_17-d1-HOM-UHI-62618e628e-r1,SS-102adc95e052,5,1,lex_phase_1,OPTIMAL,FEASIBLE_POINT,457.68755390544396,457.68755390544396,0,163998,163998,251382,454749,5124,0,5124,25620,5124,256,0,0,NaN,0,NaN,1.4210854715202004e-14,0.7999999999917691,
1,8,TWO_STAGE_RH,LEXMMFPEA,shared_battery_mode_node_level_v1,SI-Drahi_17-d1-HOM-UHI-BHI-3cae609052,TK-PB-Drahi_17-d1-HOM-UHI-62618e628e-r1,SS-102adc95e052,5,2,lex_phase_2,OPTIMAL,FEASIBLE_POINT,915.3751078108847,915.3751078108847,0,163998,163998,251383,454755,5124,0,5124,25620,5124,256,0,0,NaN,0,NaN,1.4210854715202004e-14,0.7999999999917691,
1,8,TWO_STAGE_RH,LEXMMFPEA,shared_battery_mode_node_level_v1,SI-Drahi_17-d1-HOM-UHI-BHI-3cae609052,TK-PB-Drahi_17-d1-HOM-UHI-62618e628e-r1,SS-102adc95e052,5,3,lex_phase_3,OPTIMAL,FEASIBLE_POINT,1373.062661716327,1373.062661716327,0,163998,163998,251384,454761,5124,0,5124,25620,5124,256,0,0,NaN,0,NaN,1.4210854715202004e-14,0.7999999999917691,
1,8,TWO_STAGE_RH,LEXMMFPEA,shared_battery_mode_node_level_v1,SI-Drahi_17-d1-HOM-UHI-BHI-3cae609052,TK-PB-Drahi_17-d1-HOM-UHI-62618e628e-r1,SS-102adc95e052,5,4,lex_phase_4,OPTIMAL,FEASIBLE_POINT,1830.7502156217695,1830.7502156217695,0,163998,163998,251385,454767,5124,0,5124,25620,5124,256,0,0,NaN,0,NaN,1.4210854715202004e-14,0.7999999999917691,
1,8,TWO_STAGE_RH,LEXMMFPEA,shared_battery_mode_node_level_v1,SI-Drahi_17-d1-HOM-UHI-BHI-3cae609052,TK-PB-Drahi_17-d1-HOM-UHI-62618e628e-r1,SS-102adc95e052,5,5,lex_phase_5,OPTIMAL,FEASIBLE_POINT,2288.437769527214,2288.437769527214,0,163998,163998,251386,454773,5124,0,5124,25620,5124,256,0,0,NaN,0,NaN,1.4210854715202004e-14,0.7999999999917691,
1,8,TWO_STAGE_RH,LEXMMFPEA,shared_battery_mode_node_level_v1,SI-Drahi_17-d1-HOM-UHI-BHI-3cae609052,TK-PB-Drahi_17-d1-HOM-UHI-62618e628e-r1,SS-102adc95e052,5,6,economic_tie_break,OPTIMAL,FEASIBLE_POINT,682850.7072003614,682850.7072003614,0,163998,163998,251387,454779,5124,0,5124,25620,5124,256,0,0,NaN,0,NaN,1.4210854715202004e-14,0.7999999999917691,
1,9,TWO_STAGE_RH,LEXMMFPEA,shared_battery_mode_node_level_v1,SI-Drahi_17-d1-HOM-UHI-BHI-3cae609052,TK-PB-Drahi_17-d1-HOM-UHI-62618e628e-r1,SS-19da242d4543,9,1,lex_phase_1,OPTIMAL,FEASIBLE_POINT,363.58910255087585,363.58910255087585,0,163998,163998,251382,454524,5124,0,5124,25620,5124,256,0,0,NaN,0,NaN,1.1379786002407855e-14,1.0000000000106866,
1,9,TWO_STAGE_RH,LEXMMFPEA,shared_battery_mode_node_level_v1,SI-Drahi_17-d1-HOM-UHI-BHI-3cae609052,TK-PB-Drahi_17-d1-HOM-UHI-62618e628e-r1,SS-19da242d4543,9,2,lex_phase_2,OPTIMAL,FEASIBLE_POINT,727.1782051017493,727.1782051017493,0,163998,163998,251383,454530,5124,0,5124,25620,5124,256,0,0,NaN,0,NaN,1.1379786002407855e-14,1.0000000000106866,
1,9,TWO_STAGE_RH,LEXMMFPEA,shared_battery_mode_node_level_v1,SI-Drahi_17-d1-HOM-UHI-BHI-3cae609052,TK-PB-Drahi_17-d1-HOM-UHI-62618e628e-r1,SS-19da242d4543,9,3,lex_phase_3,OPTIMAL,FEASIBLE_POINT,1090.767307652624,1090.767307652624,0,163998,163998,251384,454536,5124,0,5124,25620,5124,256,0,0,NaN,0,NaN,1.1379786002407855e-14,1.0000000000106866,
1,9,TWO_STAGE_RH,LEXMMFPEA,shared_battery_mode_node_level_v1,SI-Drahi_17-d1-HOM-UHI-BHI-3cae609052,TK-PB-Drahi_17-d1-HOM-UHI-62618e628e-r1,SS-19da242d4543,9,4,lex_phase_4,OPTIMAL,FEASIBLE_POINT,1454.3564102034986,1454.3564102034986,0,163998,163998,251385,454542,5124,0,5124,25620,5124,256,0,0,NaN,0,NaN,1.1379786002407855e-14,1.0000000000106866,
1,9,TWO_STAGE_RH,LEXMMFPEA,shared_battery_mode_node_level_v1,SI-Drahi_17-d1-HOM-UHI-BHI-3cae609052,TK-PB-Drahi_17-d1-HOM-UHI-62618e628e-r1,SS-19da242d4543,9,5,lex_phase_5,OPTIMAL,FEASIBLE_POINT,1817.9455127543781,1817.9455127543781,0,163998,163998,251386,454548,5124,0,5124,25620,5124,256,0,0,NaN,0,NaN,1.1379786002407855e-14,1.0000000000106866,
1,9,TWO_STAGE_RH,LEXMMFPEA,shared_battery_mode_node_level_v1,SI-Drahi_17-d1-HOM-UHI-BHI-3cae609052,TK-PB-Drahi_17-d1-HOM-UHI-62618e628e-r1,SS-19da242d4543,9,6,economic_tie_break,OPTIMAL,FEASIBLE_POINT,727763.7569541229,727763.7569541229,0,163998,163998,251387,454554,5124,0,5124,25620,5124,256,0,0,NaN,0,NaN,1.1379786002407855e-14,1.0000000000106866,
1,10,TWO_STAGE_RH,LEXMMFPEA,shared_battery_mode_node_level_v1,SI-Drahi_17-d1-HOM-UHI-BHI-3cae609052,TK-PB-Drahi_17-d1-HOM-UHI-62618e628e-r1,SS-19da242d4543,9,1,lex_phase_1,OPTIMAL,FEASIBLE_POINT,363.58910255087585,363.58910255087585,0,163998,163998,251382,454524,5124,0,5124,25620,5124,256,0,0,NaN,0,NaN,5.684341886080802e-14,1.0000000000106866,
1,10,TWO_STAGE_RH,LEXMMFPEA,shared_battery_mode_node_level_v1,SI-Drahi_17-d1-HOM-UHI-BHI-3cae609052,TK-PB-Drahi_17-d1-HOM-UHI-62618e628e-r1,SS-19da242d4543,9,2,lex_phase_2,OPTIMAL,FEASIBLE_POINT,727.1782051017493,727.1782051017493,0,163998,163998,251383,454530,5124,0,5124,25620,5124,256,0,0,NaN,0,NaN,5.684341886080802e-14,1.0000000000106866,
1,10,TWO_STAGE_RH,LEXMMFPEA,shared_battery_mode_node_level_v1,SI-Drahi_17-d1-HOM-UHI-BHI-3cae609052,TK-PB-Drahi_17-d1-HOM-UHI-62618e628e-r1,SS-19da242d4543,9,3,lex_phase_3,OPTIMAL,FEASIBLE_POINT,1090.767307652624,1090.767307652624,0,163998,163998,251384,454536,5124,0,5124,25620,5124,256,0,0,NaN,0,NaN,5.684341886080802e-14,1.0000000000106866,
1,10,TWO_STAGE_RH,LEXMMFPEA,shared_battery_mode_node_level_v1,SI-Drahi_17-d1-HOM-UHI-BHI-3cae609052,TK-PB-Drahi_17-d1-HOM-UHI-62618e628e-r1,SS-19da242d4543,9,4,lex_phase_4,OPTIMAL,FEASIBLE_POINT,1454.3564102034986,1454.3564102034986,0,163998,163998,251385,454542,5124,0,5124,25620,5124,256,0,0,NaN,0,NaN,5.684341886080802e-14,1.0000000000106866,
1,10,TWO_STAGE_RH,LEXMMFPEA,shared_battery_mode_node_level_v1,SI-Drahi_17-d1-HOM-UHI-BHI-3cae609052,TK-PB-Drahi_17-d1-HOM-UHI-62618e628e-r1,SS-19da242d4543,9,5,lex_phase_5,OPTIMAL,FEASIBLE_POINT,1817.9455127543781,1817.9455127543781,0,163998,163998,251386,454548,5124,0,5124,25620,5124,256,0,0,NaN,0,NaN,5.684341886080802e-14,1.0000000000106866,
1,10,TWO_STAGE_RH,LEXMMFPEA,shared_battery_mode_node_level_v1,SI-Drahi_17-d1-HOM-UHI-BHI-3cae609052,TK-PB-Drahi_17-d1-HOM-UHI-62618e628e-r1,SS-19da242d4543,9,6,economic_tie_break,OPTIMAL,FEASIBLE_POINT,727763.7569541229,727763.7569541229,0,163998,163998,251387,454554,5124,0,5124,25620,5124,256,0,0,NaN,0,NaN,5.684341886080802e-14,1.0000000000106866,
1,11,TWO_STAGE_RH,LEXMMFPEA,shared_battery_mode_node_level_v1,SI-Drahi_17-d1-HOM-UHI-BHI-3cae609052,TK-PB-Drahi_17-d1-HOM-UHI-62618e628e-r1,SS-19da242d4543,9,1,lex_phase_1,OPTIMAL,FEASIBLE_POINT,363.58910255087585,363.58910255087585,0,163998,163998,251382,454524,5124,0,5124,25620,5124,256,0,0,NaN,0,NaN,1.0658141036401503e-14,1.0000000000106866,
1,11,TWO_STAGE_RH,LEXMMFPEA,shared_battery_mode_node_level_v1,SI-Drahi_17-d1-HOM-UHI-BHI-3cae609052,TK-PB-Drahi_17-d1-HOM-UHI-62618e628e-r1,SS-19da242d4543,9,2,lex_phase_2,OPTIMAL,FEASIBLE_POINT,727.1782051017493,727.1782051017493,0,163998,163998,251383,454530,5124,0,5124,25620,5124,256,0,0,NaN,0,NaN,1.0658141036401503e-14,1.0000000000106866,
1,11,TWO_STAGE_RH,LEXMMFPEA,shared_battery_mode_node_level_v1,SI-Drahi_17-d1-HOM-UHI-BHI-3cae609052,TK-PB-Drahi_17-d1-HOM-UHI-62618e628e-r1,SS-19da242d4543,9,3,lex_phase_3,OPTIMAL,FEASIBLE_POINT,1090.767307652624,1090.767307652624,0,163998,163998,251384,454536,5124,0,5124,25620,5124,256,0,0,NaN,0,NaN,1.0658141036401503e-14,1.0000000000106866,
1,11,TWO_STAGE_RH,LEXMMFPEA,shared_battery_mode_node_level_v1,SI-Drahi_17-d1-HOM-UHI-BHI-3cae609052,TK-PB-Drahi_17-d1-HOM-UHI-62618e628e-r1,SS-19da242d4543,9,4,lex_phase_4,OPTIMAL,FEASIBLE_POINT,1454.3564102034986,1454.3564102034986,0,163998,163998,251385,454542,5124,0,5124,25620,5124,256,0,0,NaN,0,NaN,1.0658141036401503e-14,1.0000000000106866,
1,11,TWO_STAGE_RH,LEXMMFPEA,shared_battery_mode_node_level_v1,SI-Drahi_17-d1-HOM-UHI-BHI-3cae609052,TK-PB-Drahi_17-d1-HOM-UHI-62618e628e-r1,SS-19da242d4543,9,5,lex_phase_5,OPTIMAL,FEASIBLE_POINT,1817.9455127543781,1817.9455127543781,0,163998,163998,251386,454548,5124,0,5124,25620,5124,256,0,0,NaN,0,NaN,1.0658141036401503e-14,1.0000000000106866,
1,11,TWO_STAGE_RH,LEXMMFPEA,shared_battery_mode_node_level_v1,SI-Drahi_17-d1-HOM-UHI-BHI-3cae609052,TK-PB-Drahi_17-d1-HOM-UHI-62618e628e-r1,SS-19da242d4543,9,6,economic_tie_break,OPTIMAL,FEASIBLE_POINT,727763.7569541229,727763.7569541229,0,163998,163998,251387,454554,5124,0,5124,25620,5124,256,0,0,NaN,0,NaN,1.0658141036401503e-14,1.0000000000106866,
1,12,TWO_STAGE_RH,LEXMMFPEA,shared_battery_mode_node_level_v1,SI-Drahi_17-d1-HOM-UHI-BHI-3cae609052,TK-PB-Drahi_17-d1-HOM-UHI-62618e628e-r1,SS-19da242d4543,9,1,lex_phase_1,OPTIMAL,FEASIBLE_POINT,363.58910255087585,363.58910255087585,0,163998,163998,251382,454524,5124,0,5124,25620,5124,256,0,0,NaN,0,NaN,2.842170943040401e-14,1.0000000000106866,
1,12,TWO_STAGE_RH,LEXMMFPEA,shared_battery_mode_node_level_v1,SI-Drahi_17-d1-HOM-UHI-BHI-3cae609052,TK-PB-Drahi_17-d1-HOM-UHI-62618e628e-r1,SS-19da242d4543,9,2,lex_phase_2,OPTIMAL,FEASIBLE_POINT,727.1782051017493,727.1782051017493,0,163998,163998,251383,454530,5124,0,5124,25620,5124,256,0,0,NaN,0,NaN,2.842170943040401e-14,1.0000000000106866,
1,12,TWO_STAGE_RH,LEXMMFPEA,shared_battery_mode_node_level_v1,SI-Drahi_17-d1-HOM-UHI-BHI-3cae609052,TK-PB-Drahi_17-d1-HOM-UHI-62618e628e-r1,SS-19da242d4543,9,3,lex_phase_3,OPTIMAL,FEASIBLE_POINT,1090.767307652624,1090.767307652624,0,163998,163998,251384,454536,5124,0,5124,25620,5124,256,0,0,NaN,0,NaN,2.842170943040401e-14,1.0000000000106866,
1,12,TWO_STAGE_RH,LEXMMFPEA,shared_battery_mode_node_level_v1,SI-Drahi_17-d1-HOM-UHI-BHI-3cae609052,TK-PB-Drahi_17-d1-HOM-UHI-62618e628e-r1,SS-19da242d4543,9,4,lex_phase_4,OPTIMAL,FEASIBLE_POINT,1454.3564102034986,1454.3564102034986,0,163998,163998,251385,454542,5124,0,5124,25620,5124,256,0,0,NaN,0,NaN,2.842170943040401e-14,1.0000000000106866,
1,12,TWO_STAGE_RH,LEXMMFPEA,shared_battery_mode_node_level_v1,SI-Drahi_17-d1-HOM-UHI-BHI-3cae609052,TK-PB-Drahi_17-d1-HOM-UHI-62618e628e-r1,SS-19da242d4543,9,5,lex_phase_5,OPTIMAL,FEASIBLE_POINT,1817.9455127543781,1817.9455127543781,0,163998,163998,251386,454548,5124,0,5124,25620,5124,256,0,0,NaN,0,NaN,2.842170943040401e-14,1.0000000000106866,
1,12,TWO_STAGE_RH,LEXMMFPEA,shared_battery_mode_node_level_v1,SI-Drahi_17-d1-HOM-UHI-BHI-3cae609052,TK-PB-Drahi_17-d1-HOM-UHI-62618e628e-r1,SS-19da242d4543,9,6,economic_tie_break,OPTIMAL,FEASIBLE_POINT,727763.7569541229,727763.7569541229,0,163998,163998,251387,454554,5124,0,5124,25620,5124,256,0,0,NaN,0,NaN,2.842170943040401e-14,1.0000000000106866,
1,13,TWO_STAGE_RH,LEXMMFPEA,shared_battery_mode_node_level_v1,SI-Drahi_17-d1-HOM-UHI-BHI-3cae609052,TK-PB-Drahi_17-d1-HOM-UHI-62618e628e-r1,SS-354317d12b7f,13,1,lex_phase_1,OPTIMAL,FEASIBLE_POINT,487.67672394195137,487.67672394195137,0,163998,163998,251382,453189,5124,0,5124,25620,5124,256,0,0,NaN,0,NaN,2.842170943040401e-14,1.0000000000081855,
1,13,TWO_STAGE_RH,LEXMMFPEA,shared_battery_mode_node_level_v1,SI-Drahi_17-d1-HOM-UHI-BHI-3cae609052,TK-PB-Drahi_17-d1-HOM-UHI-62618e628e-r1,SS-354317d12b7f,13,2,lex_phase_2,OPTIMAL,FEASIBLE_POINT,975.3534478839036,975.3534478839036,0,163998,163998,251383,453195,5124,0,5124,25620,5124,256,0,0,NaN,0,NaN,2.842170943040401e-14,1.0000000000081855,
1,13,TWO_STAGE_RH,LEXMMFPEA,shared_battery_mode_node_level_v1,SI-Drahi_17-d1-HOM-UHI-BHI-3cae609052,TK-PB-Drahi_17-d1-HOM-UHI-62618e628e-r1,SS-354317d12b7f,13,3,lex_phase_3,OPTIMAL,FEASIBLE_POINT,1463.0301718258554,1463.0301718258554,0,163998,163998,251384,453201,5124,0,5124,25620,5124,256,0,0,NaN,0,NaN,2.842170943040401e-14,1.0000000000081855,
1,13,TWO_STAGE_RH,LEXMMFPEA,shared_battery_mode_node_level_v1,SI-Drahi_17-d1-HOM-UHI-BHI-3cae609052,TK-PB-Drahi_17-d1-HOM-UHI-62618e628e-r1,SS-354317d12b7f,13,4,lex_phase_4,OPTIMAL,FEASIBLE_POINT,1950.7068957678073,1950.7068957678073,0,163998,163998,251385,453207,5124,0,5124,25620,5124,256,0,0,NaN,0,NaN,2.842170943040401e-14,1.0000000000081855,
1,13,TWO_STAGE_RH,LEXMMFPEA,shared_battery_mode_node_level_v1,SI-Drahi_17-d1-HOM-UHI-BHI-3cae609052,TK-PB-Drahi_17-d1-HOM-UHI-62618e628e-r1,SS-354317d12b7f,13,5,lex_phase_5,OPTIMAL,FEASIBLE_POINT,2438.383619709758,2438.383619709758,0,163998,163998,251386,453213,5124,0,5124,25620,5124,256,0,0,NaN,0,NaN,2.842170943040401e-14,1.0000000000081855,
1,13,TWO_STAGE_RH,LEXMMFPEA,shared_battery_mode_node_level_v1,SI-Drahi_17-d1-HOM-UHI-BHI-3cae609052,TK-PB-Drahi_17-d1-HOM-UHI-62618e628e-r1,SS-354317d12b7f,13,6,economic_tie_break,OPTIMAL,FEASIBLE_POINT,725999.541848571,725999.541848571,0,163998,163998,251387,453219,5124,0,5124,25620,5124,256,0,0,NaN,0,NaN,2.842170943040401e-14,1.0000000000081855,
1,14,TWO_STAGE_RH,LEXMMFPEA,shared_battery_mode_node_level_v1,SI-Drahi_17-d1-HOM-UHI-BHI-3cae609052,TK-PB-Drahi_17-d1-HOM-UHI-62618e628e-r1,SS-354317d12b7f,13,1,lex_phase_1,OPTIMAL,FEASIBLE_POINT,487.67672394195137,487.67672394195137,0,163998,163998,251382,453189,5124,0,5124,25620,5124,256,0,0,NaN,0,NaN,1.4210854715202004e-14,1.0000000000081855,
1,14,TWO_STAGE_RH,LEXMMFPEA,shared_battery_mode_node_level_v1,SI-Drahi_17-d1-HOM-UHI-BHI-3cae609052,TK-PB-Drahi_17-d1-HOM-UHI-62618e628e-r1,SS-354317d12b7f,13,2,lex_phase_2,OPTIMAL,FEASIBLE_POINT,975.3534478839036,975.3534478839036,0,163998,163998,251383,453195,5124,0,5124,25620,5124,256,0,0,NaN,0,NaN,1.4210854715202004e-14,1.0000000000081855,
1,14,TWO_STAGE_RH,LEXMMFPEA,shared_battery_mode_node_level_v1,SI-Drahi_17-d1-HOM-UHI-BHI-3cae609052,TK-PB-Drahi_17-d1-HOM-UHI-62618e628e-r1,SS-354317d12b7f,13,3,lex_phase_3,OPTIMAL,FEASIBLE_POINT,1463.0301718258554,1463.0301718258554,0,163998,163998,251384,453201,5124,0,5124,25620,5124,256,0,0,NaN,0,NaN,1.4210854715202004e-14,1.0000000000081855,
1,14,TWO_STAGE_RH,LEXMMFPEA,shared_battery_mode_node_level_v1,SI-Drahi_17-d1-HOM-UHI-BHI-3cae609052,TK-PB-Drahi_17-d1-HOM-UHI-62618e628e-r1,SS-354317d12b7f,13,4,lex_phase_4,OPTIMAL,FEASIBLE_POINT,1950.7068957678073,1950.7068957678073,0,163998,163998,251385,453207,5124,0,5124,25620,5124,256,0,0,NaN,0,NaN,1.4210854715202004e-14,1.0000000000081855,
1,14,TWO_STAGE_RH,LEXMMFPEA,shared_battery_mode_node_level_v1,SI-Drahi_17-d1-HOM-UHI-BHI-3cae609052,TK-PB-Drahi_17-d1-HOM-UHI-62618e628e-r1,SS-354317d12b7f,13,5,lex_phase_5,OPTIMAL,FEASIBLE_POINT,2438.383619709758,2438.383619709758,0,163998,163998,251386,453213,5124,0,5124,25620,5124,256,0,0,NaN,0,NaN,1.4210854715202004e-14,1.0000000000081855,
1,14,TWO_STAGE_RH,LEXMMFPEA,shared_battery_mode_node_level_v1,SI-Drahi_17-d1-HOM-UHI-BHI-3cae609052,TK-PB-Drahi_17-d1-HOM-UHI-62618e628e-r1,SS-354317d12b7f,13,6,economic_tie_break,OPTIMAL,FEASIBLE_POINT,725999.541848571,725999.541848571,0,163998,163998,251387,453219,5124,0,5124,25620,5124,256,0,0,NaN,0,NaN,1.4210854715202004e-14,1.0000000000081855,
1,15,TWO_STAGE_RH,LEXMMFPEA,shared_battery_mode_node_level_v1,SI-Drahi_17-d1-HOM-UHI-BHI-3cae609052,TK-PB-Drahi_17-d1-HOM-UHI-62618e628e-r1,SS-354317d12b7f,13,1,lex_phase_1,OPTIMAL,FEASIBLE_POINT,487.67672394195137,487.67672394195137,0,163998,163998,251382,453189,5124,0,5124,25620,5124,256,0,0,NaN,0,NaN,0.0,1.0000000000081855,
1,15,TWO_STAGE_RH,LEXMMFPEA,shared_battery_mode_node_level_v1,SI-Drahi_17-d1-HOM-UHI-BHI-3cae609052,TK-PB-Drahi_17-d1-HOM-UHI-62618e628e-r1,SS-354317d12b7f,13,2,lex_phase_2,OPTIMAL,FEASIBLE_POINT,975.3534478839036,975.3534478839036,0,163998,163998,251383,453195,5124,0,5124,25620,5124,256,0,0,NaN,0,NaN,0.0,1.0000000000081855,
1,15,TWO_STAGE_RH,LEXMMFPEA,shared_battery_mode_node_level_v1,SI-Drahi_17-d1-HOM-UHI-BHI-3cae609052,TK-PB-Drahi_17-d1-HOM-UHI-62618e628e-r1,SS-354317d12b7f,13,3,lex_phase_3,OPTIMAL,FEASIBLE_POINT,1463.0301718258554,1463.0301718258554,0,163998,163998,251384,453201,5124,0,5124,25620,5124,256,0,0,NaN,0,NaN,0.0,1.0000000000081855,
1,15,TWO_STAGE_RH,LEXMMFPEA,shared_battery_mode_node_level_v1,SI-Drahi_17-d1-HOM-UHI-BHI-3cae609052,TK-PB-Drahi_17-d1-HOM-UHI-62618e628e-r1,SS-354317d12b7f,13,4,lex_phase_4,OPTIMAL,FEASIBLE_POINT,1950.7068957678073,1950.7068957678073,0,163998,163998,251385,453207,5124,0,5124,25620,5124,256,0,0,NaN,0,NaN,0.0,1.0000000000081855,
1,15,TWO_STAGE_RH,LEXMMFPEA,shared_battery_mode_node_level_v1,SI-Drahi_17-d1-HOM-UHI-BHI-3cae609052,TK-PB-Drahi_17-d1-HOM-UHI-62618e628e-r1,SS-354317d12b7f,13,5,lex_phase_5,OPTIMAL,FEASIBLE_POINT,2438.383619709758,2438.383619709758,0,163998,163998,251386,453213,5124,0,5124,25620,5124,256,0,0,NaN,0,NaN,0.0,1.0000000000081855,
1,15,TWO_STAGE_RH,LEXMMFPEA,shared_battery_mode_node_level_v1,SI-Drahi_17-d1-HOM-UHI-BHI-3cae609052,TK-PB-Drahi_17-d1-HOM-UHI-62618e628e-r1,SS-354317d12b7f,13,6,economic_tie_break,OPTIMAL,FEASIBLE_POINT,725999.541848571,725999.541848571,0,163998,163998,251387,453219,5124,0,5124,25620,5124,256,0,0,NaN,0,NaN,0.0,1.0000000000081855,
1,16,TWO_STAGE_RH,LEXMMFPEA,shared_battery_mode_node_level_v1,SI-Drahi_17-d1-HOM-UHI-BHI-3cae609052,TK-PB-Drahi_17-d1-HOM-UHI-62618e628e-r1,SS-354317d12b7f,13,1,lex_phase_1,OPTIMAL,FEASIBLE_POINT,487.67672394195137,487.67672394195137,0,163998,163998,251382,453189,5124,0,5124,25620,5124,256,0,0,NaN,0,NaN,0.0,1.0000000000081855,
1,16,TWO_STAGE_RH,LEXMMFPEA,shared_battery_mode_node_level_v1,SI-Drahi_17-d1-HOM-UHI-BHI-3cae609052,TK-PB-Drahi_17-d1-HOM-UHI-62618e628e-r1,SS-354317d12b7f,13,2,lex_phase_2,OPTIMAL,FEASIBLE_POINT,975.3534478839036,975.3534478839036,0,163998,163998,251383,453195,5124,0,5124,25620,5124,256,0,0,NaN,0,NaN,0.0,1.0000000000081855,
1,16,TWO_STAGE_RH,LEXMMFPEA,shared_battery_mode_node_level_v1,SI-Drahi_17-d1-HOM-UHI-BHI-3cae609052,TK-PB-Drahi_17-d1-HOM-UHI-62618e628e-r1,SS-354317d12b7f,13,3,lex_phase_3,OPTIMAL,FEASIBLE_POINT,1463.0301718258554,1463.0301718258554,0,163998,163998,251384,453201,5124,0,5124,25620,5124,256,0,0,NaN,0,NaN,0.0,1.0000000000081855,
1,16,TWO_STAGE_RH,LEXMMFPEA,shared_battery_mode_node_level_v1,SI-Drahi_17-d1-HOM-UHI-BHI-3cae609052,TK-PB-Drahi_17-d1-HOM-UHI-62618e628e-r1,SS-354317d12b7f,13,4,lex_phase_4,OPTIMAL,FEASIBLE_POINT,1950.7068957678073,1950.7068957678073,0,163998,163998,251385,453207,5124,0,5124,25620,5124,256,0,0,NaN,0,NaN,0.0,1.0000000000081855,
1,16,TWO_STAGE_RH,LEXMMFPEA,shared_battery_mode_node_level_v1,SI-Drahi_17-d1-HOM-UHI-BHI-3cae609052,TK-PB-Drahi_17-d1-HOM-UHI-62618e628e-r1,SS-354317d12b7f,13,5,lex_phase_5,OPTIMAL,FEASIBLE_POINT,2438.383619709758,2438.383619709758,0,163998,163998,251386,453213,5124,0,5124,25620,5124,256,0,0,NaN,0,NaN,0.0,1.0000000000081855,
1,16,TWO_STAGE_RH,LEXMMFPEA,shared_battery_mode_node_level_v1,SI-Drahi_17-d1-HOM-UHI-BHI-3cae609052,TK-PB-Drahi_17-d1-HOM-UHI-62618e628e-r1,SS-354317d12b7f,13,6,economic_tie_break,OPTIMAL,FEASIBLE_POINT,725999.541848571,725999.541848571,0,163998,163998,251387,453219,5124,0,5124,25620,5124,256,0,0,NaN,0,NaN,0.0,1.0000000000081855,
1,17,TWO_STAGE_RH,LEXMMFPEA,shared_battery_mode_node_level_v1,SI-Drahi_17-d1-HOM-UHI-BHI-3cae609052,TK-PB-Drahi_17-d1-HOM-UHI-62618e628e-r1,SS-c81930d9c8ba,17,1,lex_phase_1,OPTIMAL,FEASIBLE_POINT,567.5276674803839,567.5276674803839,0,163998,163998,251382,454779,5124,0,5124,25620,5124,256,0,0,NaN,0,NaN,3.552713678800501e-15,0.9999999999986358,
1,17,TWO_STAGE_RH,LEXMMFPEA,shared_battery_mode_node_level_v1,SI-Drahi_17-d1-HOM-UHI-BHI-3cae609052,TK-PB-Drahi_17-d1-HOM-UHI-62618e628e-r1,SS-c81930d9c8ba,17,2,lex_phase_2,OPTIMAL,FEASIBLE_POINT,1135.0553349607683,1135.0553349607683,0,163998,163998,251383,454785,5124,0,5124,25620,5124,256,0,0,NaN,0,NaN,3.552713678800501e-15,0.9999999999986358,
1,17,TWO_STAGE_RH,LEXMMFPEA,shared_battery_mode_node_level_v1,SI-Drahi_17-d1-HOM-UHI-BHI-3cae609052,TK-PB-Drahi_17-d1-HOM-UHI-62618e628e-r1,SS-c81930d9c8ba,17,3,lex_phase_3,OPTIMAL,FEASIBLE_POINT,1702.5830024411525,1702.5830024411525,0,163998,163998,251384,454791,5124,0,5124,25620,5124,256,0,0,NaN,0,NaN,3.552713678800501e-15,0.9999999999986358,
1,17,TWO_STAGE_RH,LEXMMFPEA,shared_battery_mode_node_level_v1,SI-Drahi_17-d1-HOM-UHI-BHI-3cae609052,TK-PB-Drahi_17-d1-HOM-UHI-62618e628e-r1,SS-c81930d9c8ba,17,4,lex_phase_4,OPTIMAL,FEASIBLE_POINT,2270.1106699215366,2270.1106699215366,0,163998,163998,251385,454797,5124,0,5124,25620,5124,256,0,0,NaN,0,NaN,3.552713678800501e-15,0.9999999999986358,
1,17,TWO_STAGE_RH,LEXMMFPEA,shared_battery_mode_node_level_v1,SI-Drahi_17-d1-HOM-UHI-BHI-3cae609052,TK-PB-Drahi_17-d1-HOM-UHI-62618e628e-r1,SS-c81930d9c8ba,17,5,lex_phase_5,OPTIMAL,FEASIBLE_POINT,2837.63833740192,2837.63833740192,0,163998,163998,251386,454803,5124,0,5124,25620,5124,256,0,0,NaN,0,NaN,3.552713678800501e-15,0.9999999999986358,
1,17,TWO_STAGE_RH,LEXMMFPEA,shared_battery_mode_node_level_v1,SI-Drahi_17-d1-HOM-UHI-BHI-3cae609052,TK-PB-Drahi_17-d1-HOM-UHI-62618e628e-r1,SS-c81930d9c8ba,17,6,economic_tie_break,OPTIMAL,FEASIBLE_POINT,723991.2150451294,723991.2150451294,0,163998,163998,251387,454809,5124,0,5124,25620,5124,256,0,0,NaN,0,NaN,3.552713678800501e-15,0.9999999999986358,
1,18,TWO_STAGE_RH,LEXMMFPEA,shared_battery_mode_node_level_v1,SI-Drahi_17-d1-HOM-UHI-BHI-3cae609052,TK-PB-Drahi_17-d1-HOM-UHI-62618e628e-r1,SS-c81930d9c8ba,17,1,lex_phase_1,OPTIMAL,FEASIBLE_POINT,567.5276674803839,567.5276674803839,0,163998,163998,251382,454779,5124,0,5124,25620,5124,256,0,0,NaN,0,NaN,0.0,0.9999999999986358,
1,18,TWO_STAGE_RH,LEXMMFPEA,shared_battery_mode_node_level_v1,SI-Drahi_17-d1-HOM-UHI-BHI-3cae609052,TK-PB-Drahi_17-d1-HOM-UHI-62618e628e-r1,SS-c81930d9c8ba,17,2,lex_phase_2,OPTIMAL,FEASIBLE_POINT,1135.0553349607683,1135.0553349607683,0,163998,163998,251383,454785,5124,0,5124,25620,5124,256,0,0,NaN,0,NaN,0.0,0.9999999999986358,
1,18,TWO_STAGE_RH,LEXMMFPEA,shared_battery_mode_node_level_v1,SI-Drahi_17-d1-HOM-UHI-BHI-3cae609052,TK-PB-Drahi_17-d1-HOM-UHI-62618e628e-r1,SS-c81930d9c8ba,17,3,lex_phase_3,OPTIMAL,FEASIBLE_POINT,1702.5830024411525,1702.5830024411525,0,163998,163998,251384,454791,5124,0,5124,25620,5124,256,0,0,NaN,0,NaN,0.0,0.9999999999986358,
1,18,TWO_STAGE_RH,LEXMMFPEA,shared_battery_mode_node_level_v1,SI-Drahi_17-d1-HOM-UHI-BHI-3cae609052,TK-PB-Drahi_17-d1-HOM-UHI-62618e628e-r1,SS-c81930d9c8ba,17,4,lex_phase_4,OPTIMAL,FEASIBLE_POINT,2270.1106699215366,2270.1106699215366,0,163998,163998,251385,454797,5124,0,5124,25620,5124,256,0,0,NaN,0,NaN,0.0,0.9999999999986358,
1,18,TWO_STAGE_RH,LEXMMFPEA,shared_battery_mode_node_level_v1,SI-Drahi_17-d1-HOM-UHI-BHI-3cae609052,TK-PB-Drahi_17-d1-HOM-UHI-62618e628e-r1,SS-c81930d9c8ba,17,5,lex_phase_5,OPTIMAL,FEASIBLE_POINT,2837.63833740192,2837.63833740192,0,163998,163998,251386,454803,5124,0,5124,25620,5124,256,0,0,NaN,0,NaN,0.0,0.9999999999986358,
1,18,TWO_STAGE_RH,LEXMMFPEA,shared_battery_mode_node_level_v1,SI-Drahi_17-d1-HOM-UHI-BHI-3cae609052,TK-PB-Drahi_17-d1-HOM-UHI-62618e628e-r1,SS-c81930d9c8ba,17,6,economic_tie_break,OPTIMAL,FEASIBLE_POINT,723991.2150451294,723991.2150451294,0,163998,163998,251387,454809,5124,0,5124,25620,5124,256,0,0,NaN,0,NaN,0.0,0.9999999999986358,
1,19,TWO_STAGE_RH,LEXMMFPEA,shared_battery_mode_node_level_v1,SI-Drahi_17-d1-HOM-UHI-BHI-3cae609052,TK-PB-Drahi_17-d1-HOM-UHI-62618e628e-r1,SS-c81930d9c8ba,17,1,lex_phase_1,OPTIMAL,FEASIBLE_POINT,567.5276674803839,567.5276674803839,0,163998,163998,251382,454779,5124,0,5124,25620,5124,256,0,0,NaN,0,NaN,5.551115123125783e-17,0.9999999999986358,
1,19,TWO_STAGE_RH,LEXMMFPEA,shared_battery_mode_node_level_v1,SI-Drahi_17-d1-HOM-UHI-BHI-3cae609052,TK-PB-Drahi_17-d1-HOM-UHI-62618e628e-r1,SS-c81930d9c8ba,17,2,lex_phase_2,OPTIMAL,FEASIBLE_POINT,1135.0553349607683,1135.0553349607683,0,163998,163998,251383,454785,5124,0,5124,25620,5124,256,0,0,NaN,0,NaN,5.551115123125783e-17,0.9999999999986358,
1,19,TWO_STAGE_RH,LEXMMFPEA,shared_battery_mode_node_level_v1,SI-Drahi_17-d1-HOM-UHI-BHI-3cae609052,TK-PB-Drahi_17-d1-HOM-UHI-62618e628e-r1,SS-c81930d9c8ba,17,3,lex_phase_3,OPTIMAL,FEASIBLE_POINT,1702.5830024411525,1702.5830024411525,0,163998,163998,251384,454791,5124,0,5124,25620,5124,256,0,0,NaN,0,NaN,5.551115123125783e-17,0.9999999999986358,
1,19,TWO_STAGE_RH,LEXMMFPEA,shared_battery_mode_node_level_v1,SI-Drahi_17-d1-HOM-UHI-BHI-3cae609052,TK-PB-Drahi_17-d1-HOM-UHI-62618e628e-r1,SS-c81930d9c8ba,17,4,lex_phase_4,OPTIMAL,FEASIBLE_POINT,2270.1106699215366,2270.1106699215366,0,163998,163998,251385,454797,5124,0,5124,25620,5124,256,0,0,NaN,0,NaN,5.551115123125783e-17,0.9999999999986358,
1,19,TWO_STAGE_RH,LEXMMFPEA,shared_battery_mode_node_level_v1,SI-Drahi_17-d1-HOM-UHI-BHI-3cae609052,TK-PB-Drahi_17-d1-HOM-UHI-62618e628e-r1,SS-c81930d9c8ba,17,5,lex_phase_5,OPTIMAL,FEASIBLE_POINT,2837.63833740192,2837.63833740192,0,163998,163998,251386,454803,5124,0,5124,25620,5124,256,0,0,NaN,0,NaN,5.551115123125783e-17,0.9999999999986358,
1,19,TWO_STAGE_RH,LEXMMFPEA,shared_battery_mode_node_level_v1,SI-Drahi_17-d1-HOM-UHI-BHI-3cae609052,TK-PB-Drahi_17-d1-HOM-UHI-62618e628e-r1,SS-c81930d9c8ba,17,6,economic_tie_break,OPTIMAL,FEASIBLE_POINT,723991.2150451294,723991.2150451294,0,163998,163998,251387,454809,5124,0,5124,25620,5124,256,0,0,NaN,0,NaN,5.551115123125783e-17,0.9999999999986358,
1,20,TWO_STAGE_RH,LEXMMFPEA,shared_battery_mode_node_level_v1,SI-Drahi_17-d1-HOM-UHI-BHI-3cae609052,TK-PB-Drahi_17-d1-HOM-UHI-62618e628e-r1,SS-c81930d9c8ba,17,1,lex_phase_1,OPTIMAL,FEASIBLE_POINT,567.5276674803839,567.5276674803839,0,163998,163998,251382,454779,5124,0,5124,25620,5124,256,0,0,NaN,0,NaN,0.0,0.9999999999986358,
1,20,TWO_STAGE_RH,LEXMMFPEA,shared_battery_mode_node_level_v1,SI-Drahi_17-d1-HOM-UHI-BHI-3cae609052,TK-PB-Drahi_17-d1-HOM-UHI-62618e628e-r1,SS-c81930d9c8ba,17,2,lex_phase_2,OPTIMAL,FEASIBLE_POINT,1135.0553349607683,1135.0553349607683,0,163998,163998,251383,454785,5124,0,5124,25620,5124,256,0,0,NaN,0,NaN,0.0,0.9999999999986358,
1,20,TWO_STAGE_RH,LEXMMFPEA,shared_battery_mode_node_level_v1,SI-Drahi_17-d1-HOM-UHI-BHI-3cae609052,TK-PB-Drahi_17-d1-HOM-UHI-62618e628e-r1,SS-c81930d9c8ba,17,3,lex_phase_3,OPTIMAL,FEASIBLE_POINT,1702.5830024411525,1702.5830024411525,0,163998,163998,251384,454791,5124,0,5124,25620,5124,256,0,0,NaN,0,NaN,0.0,0.9999999999986358,
1,20,TWO_STAGE_RH,LEXMMFPEA,shared_battery_mode_node_level_v1,SI-Drahi_17-d1-HOM-UHI-BHI-3cae609052,TK-PB-Drahi_17-d1-HOM-UHI-62618e628e-r1,SS-c81930d9c8ba,17,4,lex_phase_4,OPTIMAL,FEASIBLE_POINT,2270.1106699215366,2270.1106699215366,0,163998,163998,251385,454797,5124,0,5124,25620,5124,256,0,0,NaN,0,NaN,0.0,0.9999999999986358,
1,20,TWO_STAGE_RH,LEXMMFPEA,shared_battery_mode_node_level_v1,SI-Drahi_17-d1-HOM-UHI-BHI-3cae609052,TK-PB-Drahi_17-d1-HOM-UHI-62618e628e-r1,SS-c81930d9c8ba,17,5,lex_phase_5,OPTIMAL,FEASIBLE_POINT,2837.63833740192,2837.63833740192,0,163998,163998,251386,454803,5124,0,5124,25620,5124,256,0,0,NaN,0,NaN,0.0,0.9999999999986358,
1,20,TWO_STAGE_RH,LEXMMFPEA,shared_battery_mode_node_level_v1,SI-Drahi_17-d1-HOM-UHI-BHI-3cae609052,TK-PB-Drahi_17-d1-HOM-UHI-62618e628e-r1,SS-c81930d9c8ba,17,6,economic_tie_break,OPTIMAL,FEASIBLE_POINT,723991.2150451294,723991.2150451294,0,163998,163998,251387,454809,5124,0,5124,25620,5124,256,0,0,NaN,0,NaN,0.0,0.9999999999986358,
1,21,TWO_STAGE_RH,LEXMMFPEA,shared_battery_mode_node_level_v1,SI-Drahi_17-d1-HOM-UHI-BHI-3cae609052,TK-PB-Drahi_17-d1-HOM-UHI-62618e628e-r1,SS-3cf9bda45ea4,21,1,lex_phase_1,OPTIMAL,FEASIBLE_POINT,535.4376085850394,535.4376085850394,0,163998,163998,251382,457309,5124,0,5124,25620,5124,256,0,0,NaN,0,NaN,0.0,1.000000000001819,
1,21,TWO_STAGE_RH,LEXMMFPEA,shared_battery_mode_node_level_v1,SI-Drahi_17-d1-HOM-UHI-BHI-3cae609052,TK-PB-Drahi_17-d1-HOM-UHI-62618e628e-r1,SS-3cf9bda45ea4,21,2,lex_phase_2,OPTIMAL,FEASIBLE_POINT,1070.875217170078,1070.875217170078,0,163998,163998,251383,457315,5124,0,5124,25620,5124,256,0,0,NaN,0,NaN,0.0,1.000000000001819,
1,21,TWO_STAGE_RH,LEXMMFPEA,shared_battery_mode_node_level_v1,SI-Drahi_17-d1-HOM-UHI-BHI-3cae609052,TK-PB-Drahi_17-d1-HOM-UHI-62618e628e-r1,SS-3cf9bda45ea4,21,3,lex_phase_3,OPTIMAL,FEASIBLE_POINT,1606.312825755117,1606.312825755117,0,163998,163998,251384,457321,5124,0,5124,25620,5124,256,0,0,NaN,0,NaN,0.0,1.000000000001819,
1,21,TWO_STAGE_RH,LEXMMFPEA,shared_battery_mode_node_level_v1,SI-Drahi_17-d1-HOM-UHI-BHI-3cae609052,TK-PB-Drahi_17-d1-HOM-UHI-62618e628e-r1,SS-3cf9bda45ea4,21,4,lex_phase_4,OPTIMAL,FEASIBLE_POINT,2141.750434340156,2141.750434340156,0,163998,163998,251385,457327,5124,0,5124,25620,5124,256,0,0,NaN,0,NaN,0.0,1.000000000001819,
1,21,TWO_STAGE_RH,LEXMMFPEA,shared_battery_mode_node_level_v1,SI-Drahi_17-d1-HOM-UHI-BHI-3cae609052,TK-PB-Drahi_17-d1-HOM-UHI-62618e628e-r1,SS-3cf9bda45ea4,21,5,lex_phase_5,OPTIMAL,FEASIBLE_POINT,2677.1880429251987,2677.1880429251987,0,163998,163998,251386,457333,5124,0,5124,25620,5124,256,0,0,NaN,0,NaN,0.0,1.000000000001819,
1,21,TWO_STAGE_RH,LEXMMFPEA,shared_battery_mode_node_level_v1,SI-Drahi_17-d1-HOM-UHI-BHI-3cae609052,TK-PB-Drahi_17-d1-HOM-UHI-62618e628e-r1,SS-3cf9bda45ea4,21,6,economic_tie_break,OPTIMAL,FEASIBLE_POINT,725584.5399225076,725584.5399225076,0,163998,163998,251387,457339,5124,0,5124,25620,5124,256,0,0,NaN,0,NaN,0.0,1.000000000001819,
1,22,TWO_STAGE_RH,LEXMMFPEA,shared_battery_mode_node_level_v1,SI-Drahi_17-d1-HOM-UHI-BHI-3cae609052,TK-PB-Drahi_17-d1-HOM-UHI-62618e628e-r1,SS-3cf9bda45ea4,21,1,lex_phase_1,OPTIMAL,FEASIBLE_POINT,535.4376085850394,535.4376085850394,0,163998,163998,251382,457309,5124,0,5124,25620,5124,256,0,0,NaN,0,NaN,0.0,1.000000000001819,
1,22,TWO_STAGE_RH,LEXMMFPEA,shared_battery_mode_node_level_v1,SI-Drahi_17-d1-HOM-UHI-BHI-3cae609052,TK-PB-Drahi_17-d1-HOM-UHI-62618e628e-r1,SS-3cf9bda45ea4,21,2,lex_phase_2,OPTIMAL,FEASIBLE_POINT,1070.875217170078,1070.875217170078,0,163998,163998,251383,457315,5124,0,5124,25620,5124,256,0,0,NaN,0,NaN,0.0,1.000000000001819,
1,22,TWO_STAGE_RH,LEXMMFPEA,shared_battery_mode_node_level_v1,SI-Drahi_17-d1-HOM-UHI-BHI-3cae609052,TK-PB-Drahi_17-d1-HOM-UHI-62618e628e-r1,SS-3cf9bda45ea4,21,3,lex_phase_3,OPTIMAL,FEASIBLE_POINT,1606.312825755117,1606.312825755117,0,163998,163998,251384,457321,5124,0,5124,25620,5124,256,0,0,NaN,0,NaN,0.0,1.000000000001819,
1,22,TWO_STAGE_RH,LEXMMFPEA,shared_battery_mode_node_level_v1,SI-Drahi_17-d1-HOM-UHI-BHI-3cae609052,TK-PB-Drahi_17-d1-HOM-UHI-62618e628e-r1,SS-3cf9bda45ea4,21,4,lex_phase_4,OPTIMAL,FEASIBLE_POINT,2141.750434340156,2141.750434340156,0,163998,163998,251385,457327,5124,0,5124,25620,5124,256,0,0,NaN,0,NaN,0.0,1.000000000001819,
1,22,TWO_STAGE_RH,LEXMMFPEA,shared_battery_mode_node_level_v1,SI-Drahi_17-d1-HOM-UHI-BHI-3cae609052,TK-PB-Drahi_17-d1-HOM-UHI-62618e628e-r1,SS-3cf9bda45ea4,21,5,lex_phase_5,OPTIMAL,FEASIBLE_POINT,2677.1880429251987,2677.1880429251987,0,163998,163998,251386,457333,5124,0,5124,25620,5124,256,0,0,NaN,0,NaN,0.0,1.000000000001819,
1,22,TWO_STAGE_RH,LEXMMFPEA,shared_battery_mode_node_level_v1,SI-Drahi_17-d1-HOM-UHI-BHI-3cae609052,TK-PB-Drahi_17-d1-HOM-UHI-62618e628e-r1,SS-3cf9bda45ea4,21,6,economic_tie_break,OPTIMAL,FEASIBLE_POINT,725584.5399225076,725584.5399225076,0,163998,163998,251387,457339,5124,0,5124,25620,5124,256,0,0,NaN,0,NaN,0.0,1.000000000001819,
1,23,TWO_STAGE_RH,LEXMMFPEA,shared_battery_mode_node_level_v1,SI-Drahi_17-d1-HOM-UHI-BHI-3cae609052,TK-PB-Drahi_17-d1-HOM-UHI-62618e628e-r1,SS-3cf9bda45ea4,21,1,lex_phase_1,OPTIMAL,FEASIBLE_POINT,535.4376085850394,535.4376085850394,0,163998,163998,251382,457309,5124,0,5124,25620,5124,256,0,0,NaN,0,NaN,0.0,1.000000000001819,
1,23,TWO_STAGE_RH,LEXMMFPEA,shared_battery_mode_node_level_v1,SI-Drahi_17-d1-HOM-UHI-BHI-3cae609052,TK-PB-Drahi_17-d1-HOM-UHI-62618e628e-r1,SS-3cf9bda45ea4,21,2,lex_phase_2,OPTIMAL,FEASIBLE_POINT,1070.875217170078,1070.875217170078,0,163998,163998,251383,457315,5124,0,5124,25620,5124,256,0,0,NaN,0,NaN,0.0,1.000000000001819,
1,23,TWO_STAGE_RH,LEXMMFPEA,shared_battery_mode_node_level_v1,SI-Drahi_17-d1-HOM-UHI-BHI-3cae609052,TK-PB-Drahi_17-d1-HOM-UHI-62618e628e-r1,SS-3cf9bda45ea4,21,3,lex_phase_3,OPTIMAL,FEASIBLE_POINT,1606.312825755117,1606.312825755117,0,163998,163998,251384,457321,5124,0,5124,25620,5124,256,0,0,NaN,0,NaN,0.0,1.000000000001819,
1,23,TWO_STAGE_RH,LEXMMFPEA,shared_battery_mode_node_level_v1,SI-Drahi_17-d1-HOM-UHI-BHI-3cae609052,TK-PB-Drahi_17-d1-HOM-UHI-62618e628e-r1,SS-3cf9bda45ea4,21,4,lex_phase_4,OPTIMAL,FEASIBLE_POINT,2141.750434340156,2141.750434340156,0,163998,163998,251385,457327,5124,0,5124,25620,5124,256,0,0,NaN,0,NaN,0.0,1.000000000001819,
1,23,TWO_STAGE_RH,LEXMMFPEA,shared_battery_mode_node_level_v1,SI-Drahi_17-d1-HOM-UHI-BHI-3cae609052,TK-PB-Drahi_17-d1-HOM-UHI-62618e628e-r1,SS-3cf9bda45ea4,21,5,lex_phase_5,OPTIMAL,FEASIBLE_POINT,2677.1880429251987,2677.1880429251987,0,163998,163998,251386,457333,5124,0,5124,25620,5124,256,0,0,NaN,0,NaN,0.0,1.000000000001819,
1,23,TWO_STAGE_RH,LEXMMFPEA,shared_battery_mode_node_level_v1,SI-Drahi_17-d1-HOM-UHI-BHI-3cae609052,TK-PB-Drahi_17-d1-HOM-UHI-62618e628e-r1,SS-3cf9bda45ea4,21,6,economic_tie_break,OPTIMAL,FEASIBLE_POINT,725584.5399225076,725584.5399225076,0,163998,163998,251387,457339,5124,0,5124,25620,5124,256,0,0,NaN,0,NaN,0.0,1.000000000001819,
1,24,TWO_STAGE_RH,LEXMMFPEA,shared_battery_mode_node_level_v1,SI-Drahi_17-d1-HOM-UHI-BHI-3cae609052,TK-PB-Drahi_17-d1-HOM-UHI-62618e628e-r1,SS-3cf9bda45ea4,21,1,lex_phase_1,OPTIMAL,FEASIBLE_POINT,535.4376085850394,535.4376085850394,0,163998,163998,251382,457309,5124,0,5124,25620,5124,256,0,0,NaN,0,NaN,0.0,1.000000000001819,
1,24,TWO_STAGE_RH,LEXMMFPEA,shared_battery_mode_node_level_v1,SI-Drahi_17-d1-HOM-UHI-BHI-3cae609052,TK-PB-Drahi_17-d1-HOM-UHI-62618e628e-r1,SS-3cf9bda45ea4,21,2,lex_phase_2,OPTIMAL,FEASIBLE_POINT,1070.875217170078,1070.875217170078,0,163998,163998,251383,457315,5124,0,5124,25620,5124,256,0,0,NaN,0,NaN,0.0,1.000000000001819,
1,24,TWO_STAGE_RH,LEXMMFPEA,shared_battery_mode_node_level_v1,SI-Drahi_17-d1-HOM-UHI-BHI-3cae609052,TK-PB-Drahi_17-d1-HOM-UHI-62618e628e-r1,SS-3cf9bda45ea4,21,3,lex_phase_3,OPTIMAL,FEASIBLE_POINT,1606.312825755117,1606.312825755117,0,163998,163998,251384,457321,5124,0,5124,25620,5124,256,0,0,NaN,0,NaN,0.0,1.000000000001819,
1,24,TWO_STAGE_RH,LEXMMFPEA,shared_battery_mode_node_level_v1,SI-Drahi_17-d1-HOM-UHI-BHI-3cae609052,TK-PB-Drahi_17-d1-HOM-UHI-62618e628e-r1,SS-3cf9bda45ea4,21,4,lex_phase_4,OPTIMAL,FEASIBLE_POINT,2141.750434340156,2141.750434340156,0,163998,163998,251385,457327,5124,0,5124,25620,5124,256,0,0,NaN,0,NaN,0.0,1.000000000001819,
1,24,TWO_STAGE_RH,LEXMMFPEA,shared_battery_mode_node_level_v1,SI-Drahi_17-d1-HOM-UHI-BHI-3cae609052,TK-PB-Drahi_17-d1-HOM-UHI-62618e628e-r1,SS-3cf9bda45ea4,21,5,lex_phase_5,OPTIMAL,FEASIBLE_POINT,2677.1880429251987,2677.1880429251987,0,163998,163998,251386,457333,5124,0,5124,25620,5124,256,0,0,NaN,0,NaN,0.0,1.000000000001819,
1,24,TWO_STAGE_RH,LEXMMFPEA,shared_battery_mode_node_level_v1,SI-Drahi_17-d1-HOM-UHI-BHI-3cae609052,TK-PB-Drahi_17-d1-HOM-UHI-62618e628e-r1,SS-3cf9bda45ea4,21,6,economic_tie_break,OPTIMAL,FEASIBLE_POINT,725584.5399225076,725584.5399225076,0,163998,163998,251387,457339,5124,0,5124,25620,5124,256,0,0,NaN,0,NaN,0.0,1.000000000001819,
1,1,TWO_STAGE_RH,LEXMMFSA,shared_battery_mode_node_level_v1,SI-Drahi_17-d1-HOM-UHI-BHI-3cae609052,TK-PB-Drahi_17-d1-HOM-UHI-62618e628e-r1,SS-5d5bbea46d20,1,1,lex_phase_1,OPTIMAL,FEASIBLE_POINT,47176.02437233567,47176.02437233567,0,163998,163998,251382,713229,5124,0,5124,25620,5124,256,0,0,NaN,0,NaN,1.4210854715202004e-14,1.5279510989785194e-9,
1,1,TWO_STAGE_RH,LEXMMFSA,shared_battery_mode_node_level_v1,SI-Drahi_17-d1-HOM-UHI-BHI-3cae609052,TK-PB-Drahi_17-d1-HOM-UHI-62618e628e-r1,SS-5d5bbea46d20,1,2,lex_phase_2,OPTIMAL,FEASIBLE_POINT,94352.04874467089,94352.04874467089,0,163998,163998,251383,713235,5124,0,5124,25620,5124,256,0,0,NaN,0,NaN,1.4210854715202004e-14,1.5279510989785194e-9,
1,1,TWO_STAGE_RH,LEXMMFSA,shared_battery_mode_node_level_v1,SI-Drahi_17-d1-HOM-UHI-BHI-3cae609052,TK-PB-Drahi_17-d1-HOM-UHI-62618e628e-r1,SS-5d5bbea46d20,1,3,lex_phase_3,OPTIMAL,FEASIBLE_POINT,141528.07311700634,141528.07311700634,0,163998,163998,251384,713241,5124,0,5124,25620,5124,256,0,0,NaN,0,NaN,1.4210854715202004e-14,1.5279510989785194e-9,
1,1,TWO_STAGE_RH,LEXMMFSA,shared_battery_mode_node_level_v1,SI-Drahi_17-d1-HOM-UHI-BHI-3cae609052,TK-PB-Drahi_17-d1-HOM-UHI-62618e628e-r1,SS-5d5bbea46d20,1,4,lex_phase_4,OPTIMAL,FEASIBLE_POINT,188704.09748934177,188704.09748934177,0,163998,163998,251385,713247,5124,0,5124,25620,5124,256,0,0,NaN,0,NaN,1.4210854715202004e-14,1.5279510989785194e-9,
1,1,TWO_STAGE_RH,LEXMMFSA,shared_battery_mode_node_level_v1,SI-Drahi_17-d1-HOM-UHI-BHI-3cae609052,TK-PB-Drahi_17-d1-HOM-UHI-62618e628e-r1,SS-5d5bbea46d20,1,5,lex_phase_5,OPTIMAL,FEASIBLE_POINT,235880.12186168038,235880.12186168038,0,163998,163998,251386,713253,5124,0,5124,25620,5124,256,0,0,NaN,0,NaN,1.4210854715202004e-14,1.5279510989785194e-9,
1,1,TWO_STAGE_RH,LEXMMFSA,shared_battery_mode_node_level_v1,SI-Drahi_17-d1-HOM-UHI-BHI-3cae609052,TK-PB-Drahi_17-d1-HOM-UHI-62618e628e-r1,SS-5d5bbea46d20,1,6,economic_tie_break,OPTIMAL,FEASIBLE_POINT,741230.3442749947,741230.3442749947,0,163998,163998,251387,713259,5124,0,5124,25620,5124,256,0,0,NaN,0,NaN,1.4210854715202004e-14,1.5279510989785194e-9,
1,2,TWO_STAGE_RH,LEXMMFSA,shared_battery_mode_node_level_v1,SI-Drahi_17-d1-HOM-UHI-BHI-3cae609052,TK-PB-Drahi_17-d1-HOM-UHI-62618e628e-r1,SS-5d5bbea46d20,1,1,lex_phase_1,OPTIMAL,FEASIBLE_POINT,47176.02437233567,47176.02437233567,0,163998,163998,251382,713229,5124,0,5124,25620,5124,256,0,0,NaN,0,NaN,3.552713678800501e-14,1.5279510989785194e-9,
1,2,TWO_STAGE_RH,LEXMMFSA,shared_battery_mode_node_level_v1,SI-Drahi_17-d1-HOM-UHI-BHI-3cae609052,TK-PB-Drahi_17-d1-HOM-UHI-62618e628e-r1,SS-5d5bbea46d20,1,2,lex_phase_2,OPTIMAL,FEASIBLE_POINT,94352.04874467089,94352.04874467089,0,163998,163998,251383,713235,5124,0,5124,25620,5124,256,0,0,NaN,0,NaN,3.552713678800501e-14,1.5279510989785194e-9,
1,2,TWO_STAGE_RH,LEXMMFSA,shared_battery_mode_node_level_v1,SI-Drahi_17-d1-HOM-UHI-BHI-3cae609052,TK-PB-Drahi_17-d1-HOM-UHI-62618e628e-r1,SS-5d5bbea46d20,1,3,lex_phase_3,OPTIMAL,FEASIBLE_POINT,141528.07311700634,141528.07311700634,0,163998,163998,251384,713241,5124,0,5124,25620,5124,256,0,0,NaN,0,NaN,3.552713678800501e-14,1.5279510989785194e-9,
1,2,TWO_STAGE_RH,LEXMMFSA,shared_battery_mode_node_level_v1,SI-Drahi_17-d1-HOM-UHI-BHI-3cae609052,TK-PB-Drahi_17-d1-HOM-UHI-62618e628e-r1,SS-5d5bbea46d20,1,4,lex_phase_4,OPTIMAL,FEASIBLE_POINT,188704.09748934177,188704.09748934177,0,163998,163998,251385,713247,5124,0,5124,25620,5124,256,0,0,NaN,0,NaN,3.552713678800501e-14,1.5279510989785194e-9,
1,2,TWO_STAGE_RH,LEXMMFSA,shared_battery_mode_node_level_v1,SI-Drahi_17-d1-HOM-UHI-BHI-3cae609052,TK-PB-Drahi_17-d1-HOM-UHI-62618e628e-r1,SS-5d5bbea46d20,1,5,lex_phase_5,OPTIMAL,FEASIBLE_POINT,235880.12186168038,235880.12186168038,0,163998,163998,251386,713253,5124,0,5124,25620,5124,256,0,0,NaN,0,NaN,3.552713678800501e-14,1.5279510989785194e-9,
1,2,TWO_STAGE_RH,LEXMMFSA,shared_battery_mode_node_level_v1,SI-Drahi_17-d1-HOM-UHI-BHI-3cae609052,TK-PB-Drahi_17-d1-HOM-UHI-62618e628e-r1,SS-5d5bbea46d20,1,6,economic_tie_break,OPTIMAL,FEASIBLE_POINT,741230.3442749947,741230.3442749947,0,163998,163998,251387,713259,5124,0,5124,25620,5124,256,0,0,NaN,0,NaN,3.552713678800501e-14,1.5279510989785194e-9,
1,3,TWO_STAGE_RH,LEXMMFSA,shared_battery_mode_node_level_v1,SI-Drahi_17-d1-HOM-UHI-BHI-3cae609052,TK-PB-Drahi_17-d1-HOM-UHI-62618e628e-r1,SS-5d5bbea46d20,1,1,lex_phase_1,OPTIMAL,FEASIBLE_POINT,47176.02437233567,47176.02437233567,0,163998,163998,251382,713229,5124,0,5124,25620,5124,256,0,0,NaN,0,NaN,3.552713678800501e-14,1.5279510989785194e-9,
1,3,TWO_STAGE_RH,LEXMMFSA,shared_battery_mode_node_level_v1,SI-Drahi_17-d1-HOM-UHI-BHI-3cae609052,TK-PB-Drahi_17-d1-HOM-UHI-62618e628e-r1,SS-5d5bbea46d20,1,2,lex_phase_2,OPTIMAL,FEASIBLE_POINT,94352.04874467089,94352.04874467089,0,163998,163998,251383,713235,5124,0,5124,25620,5124,256,0,0,NaN,0,NaN,3.552713678800501e-14,1.5279510989785194e-9,
1,3,TWO_STAGE_RH,LEXMMFSA,shared_battery_mode_node_level_v1,SI-Drahi_17-d1-HOM-UHI-BHI-3cae609052,TK-PB-Drahi_17-d1-HOM-UHI-62618e628e-r1,SS-5d5bbea46d20,1,3,lex_phase_3,OPTIMAL,FEASIBLE_POINT,141528.07311700634,141528.07311700634,0,163998,163998,251384,713241,5124,0,5124,25620,5124,256,0,0,NaN,0,NaN,3.552713678800501e-14,1.5279510989785194e-9,
1,3,TWO_STAGE_RH,LEXMMFSA,shared_battery_mode_node_level_v1,SI-Drahi_17-d1-HOM-UHI-BHI-3cae609052,TK-PB-Drahi_17-d1-HOM-UHI-62618e628e-r1,SS-5d5bbea46d20,1,4,lex_phase_4,OPTIMAL,FEASIBLE_POINT,188704.09748934177,188704.09748934177,0,163998,163998,251385,713247,5124,0,5124,25620,5124,256,0,0,NaN,0,NaN,3.552713678800501e-14,1.5279510989785194e-9,
1,3,TWO_STAGE_RH,LEXMMFSA,shared_battery_mode_node_level_v1,SI-Drahi_17-d1-HOM-UHI-BHI-3cae609052,TK-PB-Drahi_17-d1-HOM-UHI-62618e628e-r1,SS-5d5bbea46d20,1,5,lex_phase_5,OPTIMAL,FEASIBLE_POINT,235880.12186168038,235880.12186168038,0,163998,163998,251386,713253,5124,0,5124,25620,5124,256,0,0,NaN,0,NaN,3.552713678800501e-14,1.5279510989785194e-9,
1,3,TWO_STAGE_RH,LEXMMFSA,shared_battery_mode_node_level_v1,SI-Drahi_17-d1-HOM-UHI-BHI-3cae609052,TK-PB-Drahi_17-d1-HOM-UHI-62618e628e-r1,SS-5d5bbea46d20,1,6,economic_tie_break,OPTIMAL,FEASIBLE_POINT,741230.3442749947,741230.3442749947,0,163998,163998,251387,713259,5124,0,5124,25620,5124,256,0,0,NaN,0,NaN,3.552713678800501e-14,1.5279510989785194e-9,
1,4,TWO_STAGE_RH,LEXMMFSA,shared_battery_mode_node_level_v1,SI-Drahi_17-d1-HOM-UHI-BHI-3cae609052,TK-PB-Drahi_17-d1-HOM-UHI-62618e628e-r1,SS-5d5bbea46d20,1,1,lex_phase_1,OPTIMAL,FEASIBLE_POINT,47176.02437233567,47176.02437233567,0,163998,163998,251382,713229,5124,0,5124,25620,5124,256,0,0,NaN,0,NaN,3.552713678800501e-14,1.5279510989785194e-9,
1,4,TWO_STAGE_RH,LEXMMFSA,shared_battery_mode_node_level_v1,SI-Drahi_17-d1-HOM-UHI-BHI-3cae609052,TK-PB-Drahi_17-d1-HOM-UHI-62618e628e-r1,SS-5d5bbea46d20,1,2,lex_phase_2,OPTIMAL,FEASIBLE_POINT,94352.04874467089,94352.04874467089,0,163998,163998,251383,713235,5124,0,5124,25620,5124,256,0,0,NaN,0,NaN,3.552713678800501e-14,1.5279510989785194e-9,
1,4,TWO_STAGE_RH,LEXMMFSA,shared_battery_mode_node_level_v1,SI-Drahi_17-d1-HOM-UHI-BHI-3cae609052,TK-PB-Drahi_17-d1-HOM-UHI-62618e628e-r1,SS-5d5bbea46d20,1,3,lex_phase_3,OPTIMAL,FEASIBLE_POINT,141528.07311700634,141528.07311700634,0,163998,163998,251384,713241,5124,0,5124,25620,5124,256,0,0,NaN,0,NaN,3.552713678800501e-14,1.5279510989785194e-9,
1,4,TWO_STAGE_RH,LEXMMFSA,shared_battery_mode_node_level_v1,SI-Drahi_17-d1-HOM-UHI-BHI-3cae609052,TK-PB-Drahi_17-d1-HOM-UHI-62618e628e-r1,SS-5d5bbea46d20,1,4,lex_phase_4,OPTIMAL,FEASIBLE_POINT,188704.09748934177,188704.09748934177,0,163998,163998,251385,713247,5124,0,5124,25620,5124,256,0,0,NaN,0,NaN,3.552713678800501e-14,1.5279510989785194e-9,
1,4,TWO_STAGE_RH,LEXMMFSA,shared_battery_mode_node_level_v1,SI-Drahi_17-d1-HOM-UHI-BHI-3cae609052,TK-PB-Drahi_17-d1-HOM-UHI-62618e628e-r1,SS-5d5bbea46d20,1,5,lex_phase_5,OPTIMAL,FEASIBLE_POINT,235880.12186168038,235880.12186168038,0,163998,163998,251386,713253,5124,0,5124,25620,5124,256,0,0,NaN,0,NaN,3.552713678800501e-14,1.5279510989785194e-9,
1,4,TWO_STAGE_RH,LEXMMFSA,shared_battery_mode_node_level_v1,SI-Drahi_17-d1-HOM-UHI-BHI-3cae609052,TK-PB-Drahi_17-d1-HOM-UHI-62618e628e-r1,SS-5d5bbea46d20,1,6,economic_tie_break,OPTIMAL,FEASIBLE_POINT,741230.3442749947,741230.3442749947,0,163998,163998,251387,713259,5124,0,5124,25620,5124,256,0,0,NaN,0,NaN,3.552713678800501e-14,1.5279510989785194e-9,
1,5,TWO_STAGE_RH,LEXMMFSA,shared_battery_mode_node_level_v1,SI-Drahi_17-d1-HOM-UHI-BHI-3cae609052,TK-PB-Drahi_17-d1-HOM-UHI-62618e628e-r1,SS-102adc95e052,5,1,lex_phase_1,OPTIMAL,FEASIBLE_POINT,88971.71371744167,88971.71371744167,0,163998,163998,251382,710949,5124,0,5124,25620,5124,256,0,0,NaN,0,NaN,0.0,1.367880031466484e-9,
1,5,TWO_STAGE_RH,LEXMMFSA,shared_battery_mode_node_level_v1,SI-Drahi_17-d1-HOM-UHI-BHI-3cae609052,TK-PB-Drahi_17-d1-HOM-UHI-62618e628e-r1,SS-102adc95e052,5,2,lex_phase_2,OPTIMAL,FEASIBLE_POINT,177943.42743488096,177943.42743488096,0,163998,163998,251383,710955,5124,0,5124,25620,5124,256,0,0,NaN,0,NaN,0.0,1.367880031466484e-9,
1,5,TWO_STAGE_RH,LEXMMFSA,shared_battery_mode_node_level_v1,SI-Drahi_17-d1-HOM-UHI-BHI-3cae609052,TK-PB-Drahi_17-d1-HOM-UHI-62618e628e-r1,SS-102adc95e052,5,3,lex_phase_3,OPTIMAL,FEASIBLE_POINT,266915.1411523214,266915.1411523214,0,163998,163998,251384,710961,5124,0,5124,25620,5124,256,0,0,NaN,0,NaN,0.0,1.367880031466484e-9,
1,5,TWO_STAGE_RH,LEXMMFSA,shared_battery_mode_node_level_v1,SI-Drahi_17-d1-HOM-UHI-BHI-3cae609052,TK-PB-Drahi_17-d1-HOM-UHI-62618e628e-r1,SS-102adc95e052,5,4,lex_phase_4,OPTIMAL,FEASIBLE_POINT,355886.8548697619,355886.8548697619,0,163998,163998,251385,710967,5124,0,5124,25620,5124,256,0,0,NaN,0,NaN,0.0,1.367880031466484e-9,
1,5,TWO_STAGE_RH,LEXMMFSA,shared_battery_mode_node_level_v1,SI-Drahi_17-d1-HOM-UHI-BHI-3cae609052,TK-PB-Drahi_17-d1-HOM-UHI-62618e628e-r1,SS-102adc95e052,5,5,lex_phase_5,OPTIMAL,FEASIBLE_POINT,444858.56858720275,444858.56858720275,0,163998,163998,251386,710973,5124,0,5124,25620,5124,256,0,0,NaN,0,NaN,0.0,1.367880031466484e-9,
1,5,TWO_STAGE_RH,LEXMMFSA,shared_battery_mode_node_level_v1,SI-Drahi_17-d1-HOM-UHI-BHI-3cae609052,TK-PB-Drahi_17-d1-HOM-UHI-62618e628e-r1,SS-102adc95e052,5,6,economic_tie_break,OPTIMAL,FEASIBLE_POINT,682850.7072003591,682850.7072003591,0,163998,163998,251387,710979,5124,0,5124,25620,5124,256,0,0,NaN,0,NaN,0.0,1.367880031466484e-9,
1,6,TWO_STAGE_RH,LEXMMFSA,shared_battery_mode_node_level_v1,SI-Drahi_17-d1-HOM-UHI-BHI-3cae609052,TK-PB-Drahi_17-d1-HOM-UHI-62618e628e-r1,SS-102adc95e052,5,1,lex_phase_1,OPTIMAL,FEASIBLE_POINT,88971.71371744167,88971.71371744167,0,163998,163998,251382,710949,5124,0,5124,25620,5124,256,0,0,NaN,0,NaN,0.0,1.367880031466484e-9,
1,6,TWO_STAGE_RH,LEXMMFSA,shared_battery_mode_node_level_v1,SI-Drahi_17-d1-HOM-UHI-BHI-3cae609052,TK-PB-Drahi_17-d1-HOM-UHI-62618e628e-r1,SS-102adc95e052,5,2,lex_phase_2,OPTIMAL,FEASIBLE_POINT,177943.42743488096,177943.42743488096,0,163998,163998,251383,710955,5124,0,5124,25620,5124,256,0,0,NaN,0,NaN,0.0,1.367880031466484e-9,
1,6,TWO_STAGE_RH,LEXMMFSA,shared_battery_mode_node_level_v1,SI-Drahi_17-d1-HOM-UHI-BHI-3cae609052,TK-PB-Drahi_17-d1-HOM-UHI-62618e628e-r1,SS-102adc95e052,5,3,lex_phase_3,OPTIMAL,FEASIBLE_POINT,266915.1411523214,266915.1411523214,0,163998,163998,251384,710961,5124,0,5124,25620,5124,256,0,0,NaN,0,NaN,0.0,1.367880031466484e-9,
1,6,TWO_STAGE_RH,LEXMMFSA,shared_battery_mode_node_level_v1,SI-Drahi_17-d1-HOM-UHI-BHI-3cae609052,TK-PB-Drahi_17-d1-HOM-UHI-62618e628e-r1,SS-102adc95e052,5,4,lex_phase_4,OPTIMAL,FEASIBLE_POINT,355886.8548697619,355886.8548697619,0,163998,163998,251385,710967,5124,0,5124,25620,5124,256,0,0,NaN,0,NaN,0.0,1.367880031466484e-9,
1,6,TWO_STAGE_RH,LEXMMFSA,shared_battery_mode_node_level_v1,SI-Drahi_17-d1-HOM-UHI-BHI-3cae609052,TK-PB-Drahi_17-d1-HOM-UHI-62618e628e-r1,SS-102adc95e052,5,5,lex_phase_5,OPTIMAL,FEASIBLE_POINT,444858.56858720275,444858.56858720275,0,163998,163998,251386,710973,5124,0,5124,25620,5124,256,0,0,NaN,0,NaN,0.0,1.367880031466484e-9,
1,6,TWO_STAGE_RH,LEXMMFSA,shared_battery_mode_node_level_v1,SI-Drahi_17-d1-HOM-UHI-BHI-3cae609052,TK-PB-Drahi_17-d1-HOM-UHI-62618e628e-r1,SS-102adc95e052,5,6,economic_tie_break,OPTIMAL,FEASIBLE_POINT,682850.7072003591,682850.7072003591,0,163998,163998,251387,710979,5124,0,5124,25620,5124,256,0,0,NaN,0,NaN,0.0,1.367880031466484e-9,
1,7,TWO_STAGE_RH,LEXMMFSA,shared_battery_mode_node_level_v1,SI-Drahi_17-d1-HOM-UHI-BHI-3cae609052,TK-PB-Drahi_17-d1-HOM-UHI-62618e628e-r1,SS-102adc95e052,5,1,lex_phase_1,OPTIMAL,FEASIBLE_POINT,88971.71371744167,88971.71371744167,0,163998,163998,251382,710949,5124,0,5124,25620,5124,256,0,0,NaN,0,NaN,0.0,1.367880031466484e-9,
1,7,TWO_STAGE_RH,LEXMMFSA,shared_battery_mode_node_level_v1,SI-Drahi_17-d1-HOM-UHI-BHI-3cae609052,TK-PB-Drahi_17-d1-HOM-UHI-62618e628e-r1,SS-102adc95e052,5,2,lex_phase_2,OPTIMAL,FEASIBLE_POINT,177943.42743488096,177943.42743488096,0,163998,163998,251383,710955,5124,0,5124,25620,5124,256,0,0,NaN,0,NaN,0.0,1.367880031466484e-9,
1,7,TWO_STAGE_RH,LEXMMFSA,shared_battery_mode_node_level_v1,SI-Drahi_17-d1-HOM-UHI-BHI-3cae609052,TK-PB-Drahi_17-d1-HOM-UHI-62618e628e-r1,SS-102adc95e052,5,3,lex_phase_3,OPTIMAL,FEASIBLE_POINT,266915.1411523214,266915.1411523214,0,163998,163998,251384,710961,5124,0,5124,25620,5124,256,0,0,NaN,0,NaN,0.0,1.367880031466484e-9,
1,7,TWO_STAGE_RH,LEXMMFSA,shared_battery_mode_node_level_v1,SI-Drahi_17-d1-HOM-UHI-BHI-3cae609052,TK-PB-Drahi_17-d1-HOM-UHI-62618e628e-r1,SS-102adc95e052,5,4,lex_phase_4,OPTIMAL,FEASIBLE_POINT,355886.8548697619,355886.8548697619,0,163998,163998,251385,710967,5124,0,5124,25620,5124,256,0,0,NaN,0,NaN,0.0,1.367880031466484e-9,
1,7,TWO_STAGE_RH,LEXMMFSA,shared_battery_mode_node_level_v1,SI-Drahi_17-d1-HOM-UHI-BHI-3cae609052,TK-PB-Drahi_17-d1-HOM-UHI-62618e628e-r1,SS-102adc95e052,5,5,lex_phase_5,OPTIMAL,FEASIBLE_POINT,444858.56858720275,444858.56858720275,0,163998,163998,251386,710973,5124,0,5124,25620,5124,256,0,0,NaN,0,NaN,0.0,1.367880031466484e-9,
1,7,TWO_STAGE_RH,LEXMMFSA,shared_battery_mode_node_level_v1,SI-Drahi_17-d1-HOM-UHI-BHI-3cae609052,TK-PB-Drahi_17-d1-HOM-UHI-62618e628e-r1,SS-102adc95e052,5,6,economic_tie_break,OPTIMAL,FEASIBLE_POINT,682850.7072003591,682850.7072003591,0,163998,163998,251387,710979,5124,0,5124,25620,5124,256,0,0,NaN,0,NaN,0.0,1.367880031466484e-9,
1,8,TWO_STAGE_RH,LEXMMFSA,shared_battery_mode_node_level_v1,SI-Drahi_17-d1-HOM-UHI-BHI-3cae609052,TK-PB-Drahi_17-d1-HOM-UHI-62618e628e-r1,SS-102adc95e052,5,1,lex_phase_1,OPTIMAL,FEASIBLE_POINT,88971.71371744167,88971.71371744167,0,163998,163998,251382,710949,5124,0,5124,25620,5124,256,0,0,NaN,0,NaN,8.526512829121202e-14,1.367880031466484e-9,
1,8,TWO_STAGE_RH,LEXMMFSA,shared_battery_mode_node_level_v1,SI-Drahi_17-d1-HOM-UHI-BHI-3cae609052,TK-PB-Drahi_17-d1-HOM-UHI-62618e628e-r1,SS-102adc95e052,5,2,lex_phase_2,OPTIMAL,FEASIBLE_POINT,177943.42743488096,177943.42743488096,0,163998,163998,251383,710955,5124,0,5124,25620,5124,256,0,0,NaN,0,NaN,8.526512829121202e-14,1.367880031466484e-9,
1,8,TWO_STAGE_RH,LEXMMFSA,shared_battery_mode_node_level_v1,SI-Drahi_17-d1-HOM-UHI-BHI-3cae609052,TK-PB-Drahi_17-d1-HOM-UHI-62618e628e-r1,SS-102adc95e052,5,3,lex_phase_3,OPTIMAL,FEASIBLE_POINT,266915.1411523214,266915.1411523214,0,163998,163998,251384,710961,5124,0,5124,25620,5124,256,0,0,NaN,0,NaN,8.526512829121202e-14,1.367880031466484e-9,
1,8,TWO_STAGE_RH,LEXMMFSA,shared_battery_mode_node_level_v1,SI-Drahi_17-d1-HOM-UHI-BHI-3cae609052,TK-PB-Drahi_17-d1-HOM-UHI-62618e628e-r1,SS-102adc95e052,5,4,lex_phase_4,OPTIMAL,FEASIBLE_POINT,355886.8548697619,355886.8548697619,0,163998,163998,251385,710967,5124,0,5124,25620,5124,256,0,0,NaN,0,NaN,8.526512829121202e-14,1.367880031466484e-9,
1,8,TWO_STAGE_RH,LEXMMFSA,shared_battery_mode_node_level_v1,SI-Drahi_17-d1-HOM-UHI-BHI-3cae609052,TK-PB-Drahi_17-d1-HOM-UHI-62618e628e-r1,SS-102adc95e052,5,5,lex_phase_5,OPTIMAL,FEASIBLE_POINT,444858.56858720275,444858.56858720275,0,163998,163998,251386,710973,5124,0,5124,25620,5124,256,0,0,NaN,0,NaN,8.526512829121202e-14,1.367880031466484e-9,
1,8,TWO_STAGE_RH,LEXMMFSA,shared_battery_mode_node_level_v1,SI-Drahi_17-d1-HOM-UHI-BHI-3cae609052,TK-PB-Drahi_17-d1-HOM-UHI-62618e628e-r1,SS-102adc95e052,5,6,economic_tie_break,OPTIMAL,FEASIBLE_POINT,682850.7072003591,682850.7072003591,0,163998,163998,251387,710979,5124,0,5124,25620,5124,256,0,0,NaN,0,NaN,8.526512829121202e-14,1.367880031466484e-9,
1,9,TWO_STAGE_RH,LEXMMFSA,shared_battery_mode_node_level_v1,SI-Drahi_17-d1-HOM-UHI-BHI-3cae609052,TK-PB-Drahi_17-d1-HOM-UHI-62618e628e-r1,SS-19da242d4543,9,1,lex_phase_1,OPTIMAL,FEASIBLE_POINT,72085.71986563667,72085.71986563667,0,163998,163998,251382,710724,5124,0,5124,25620,5124,256,0,0,NaN,0,NaN,1.4210854715202004e-14,1.4551915228366852e-9,
1,9,TWO_STAGE_RH,LEXMMFSA,shared_battery_mode_node_level_v1,SI-Drahi_17-d1-HOM-UHI-BHI-3cae609052,TK-PB-Drahi_17-d1-HOM-UHI-62618e628e-r1,SS-19da242d4543,9,2,lex_phase_2,OPTIMAL,FEASIBLE_POINT,144171.43973127243,144171.43973127243,0,163998,163998,251383,710730,5124,0,5124,25620,5124,256,0,0,NaN,0,NaN,1.4210854715202004e-14,1.4551915228366852e-9,
1,9,TWO_STAGE_RH,LEXMMFSA,shared_battery_mode_node_level_v1,SI-Drahi_17-d1-HOM-UHI-BHI-3cae609052,TK-PB-Drahi_17-d1-HOM-UHI-62618e628e-r1,SS-19da242d4543,9,3,lex_phase_3,OPTIMAL,FEASIBLE_POINT,216257.15959690866,216257.15959690866,0,163998,163998,251384,710736,5124,0,5124,25620,5124,256,0,0,NaN,0,NaN,1.4210854715202004e-14,1.4551915228366852e-9,
1,9,TWO_STAGE_RH,LEXMMFSA,shared_battery_mode_node_level_v1,SI-Drahi_17-d1-HOM-UHI-BHI-3cae609052,TK-PB-Drahi_17-d1-HOM-UHI-62618e628e-r1,SS-19da242d4543,9,4,lex_phase_4,OPTIMAL,FEASIBLE_POINT,288342.87946254486,288342.87946254486,0,163998,163998,251385,710742,5124,0,5124,25620,5124,256,0,0,NaN,0,NaN,1.4210854715202004e-14,1.4551915228366852e-9,
1,9,TWO_STAGE_RH,LEXMMFSA,shared_battery_mode_node_level_v1,SI-Drahi_17-d1-HOM-UHI-BHI-3cae609052,TK-PB-Drahi_17-d1-HOM-UHI-62618e628e-r1,SS-19da242d4543,9,5,lex_phase_5,OPTIMAL,FEASIBLE_POINT,360428.59932818124,360428.59932818124,0,163998,163998,251386,710748,5124,0,5124,25620,5124,256,0,0,NaN,0,NaN,1.4210854715202004e-14,1.4551915228366852e-9,
1,9,TWO_STAGE_RH,LEXMMFSA,shared_battery_mode_node_level_v1,SI-Drahi_17-d1-HOM-UHI-BHI-3cae609052,TK-PB-Drahi_17-d1-HOM-UHI-62618e628e-r1,SS-19da242d4543,9,6,economic_tie_break,OPTIMAL,FEASIBLE_POINT,727763.7569541234,727763.7569541234,0,163998,163998,251387,710754,5124,0,5124,25620,5124,256,0,0,NaN,0,NaN,1.4210854715202004e-14,1.4551915228366852e-9,
1,10,TWO_STAGE_RH,LEXMMFSA,shared_battery_mode_node_level_v1,SI-Drahi_17-d1-HOM-UHI-BHI-3cae609052,TK-PB-Drahi_17-d1-HOM-UHI-62618e628e-r1,SS-19da242d4543,9,1,lex_phase_1,OPTIMAL,FEASIBLE_POINT,72085.71986563667,72085.71986563667,0,163998,163998,251382,710724,5124,0,5124,25620,5124,256,0,0,NaN,0,NaN,2.842170943040401e-14,1.4551915228366852e-9,
1,10,TWO_STAGE_RH,LEXMMFSA,shared_battery_mode_node_level_v1,SI-Drahi_17-d1-HOM-UHI-BHI-3cae609052,TK-PB-Drahi_17-d1-HOM-UHI-62618e628e-r1,SS-19da242d4543,9,2,lex_phase_2,OPTIMAL,FEASIBLE_POINT,144171.43973127243,144171.43973127243,0,163998,163998,251383,710730,5124,0,5124,25620,5124,256,0,0,NaN,0,NaN,2.842170943040401e-14,1.4551915228366852e-9,
1,10,TWO_STAGE_RH,LEXMMFSA,shared_battery_mode_node_level_v1,SI-Drahi_17-d1-HOM-UHI-BHI-3cae609052,TK-PB-Drahi_17-d1-HOM-UHI-62618e628e-r1,SS-19da242d4543,9,3,lex_phase_3,OPTIMAL,FEASIBLE_POINT,216257.15959690866,216257.15959690866,0,163998,163998,251384,710736,5124,0,5124,25620,5124,256,0,0,NaN,0,NaN,2.842170943040401e-14,1.4551915228366852e-9,
1,10,TWO_STAGE_RH,LEXMMFSA,shared_battery_mode_node_level_v1,SI-Drahi_17-d1-HOM-UHI-BHI-3cae609052,TK-PB-Drahi_17-d1-HOM-UHI-62618e628e-r1,SS-19da242d4543,9,4,lex_phase_4,OPTIMAL,FEASIBLE_POINT,288342.87946254486,288342.87946254486,0,163998,163998,251385,710742,5124,0,5124,25620,5124,256,0,0,NaN,0,NaN,2.842170943040401e-14,1.4551915228366852e-9,
1,10,TWO_STAGE_RH,LEXMMFSA,shared_battery_mode_node_level_v1,SI-Drahi_17-d1-HOM-UHI-BHI-3cae609052,TK-PB-Drahi_17-d1-HOM-UHI-62618e628e-r1,SS-19da242d4543,9,5,lex_phase_5,OPTIMAL,FEASIBLE_POINT,360428.59932818124,360428.59932818124,0,163998,163998,251386,710748,5124,0,5124,25620,5124,256,0,0,NaN,0,NaN,2.842170943040401e-14,1.4551915228366852e-9,
1,10,TWO_STAGE_RH,LEXMMFSA,shared_battery_mode_node_level_v1,SI-Drahi_17-d1-HOM-UHI-BHI-3cae609052,TK-PB-Drahi_17-d1-HOM-UHI-62618e628e-r1,SS-19da242d4543,9,6,economic_tie_break,OPTIMAL,FEASIBLE_POINT,727763.7569541234,727763.7569541234,0,163998,163998,251387,710754,5124,0,5124,25620,5124,256,0,0,NaN,0,NaN,2.842170943040401e-14,1.4551915228366852e-9,
1,11,TWO_STAGE_RH,LEXMMFSA,shared_battery_mode_node_level_v1,SI-Drahi_17-d1-HOM-UHI-BHI-3cae609052,TK-PB-Drahi_17-d1-HOM-UHI-62618e628e-r1,SS-19da242d4543,9,1,lex_phase_1,OPTIMAL,FEASIBLE_POINT,72085.71986563667,72085.71986563667,0,163998,163998,251382,710724,5124,0,5124,25620,5124,256,0,0,NaN,0,NaN,5.684341886080802e-14,1.4551915228366852e-9,
1,11,TWO_STAGE_RH,LEXMMFSA,shared_battery_mode_node_level_v1,SI-Drahi_17-d1-HOM-UHI-BHI-3cae609052,TK-PB-Drahi_17-d1-HOM-UHI-62618e628e-r1,SS-19da242d4543,9,2,lex_phase_2,OPTIMAL,FEASIBLE_POINT,144171.43973127243,144171.43973127243,0,163998,163998,251383,710730,5124,0,5124,25620,5124,256,0,0,NaN,0,NaN,5.684341886080802e-14,1.4551915228366852e-9,
1,11,TWO_STAGE_RH,LEXMMFSA,shared_battery_mode_node_level_v1,SI-Drahi_17-d1-HOM-UHI-BHI-3cae609052,TK-PB-Drahi_17-d1-HOM-UHI-62618e628e-r1,SS-19da242d4543,9,3,lex_phase_3,OPTIMAL,FEASIBLE_POINT,216257.15959690866,216257.15959690866,0,163998,163998,251384,710736,5124,0,5124,25620,5124,256,0,0,NaN,0,NaN,5.684341886080802e-14,1.4551915228366852e-9,
1,11,TWO_STAGE_RH,LEXMMFSA,shared_battery_mode_node_level_v1,SI-Drahi_17-d1-HOM-UHI-BHI-3cae609052,TK-PB-Drahi_17-d1-HOM-UHI-62618e628e-r1,SS-19da242d4543,9,4,lex_phase_4,OPTIMAL,FEASIBLE_POINT,288342.87946254486,288342.87946254486,0,163998,163998,251385,710742,5124,0,5124,25620,5124,256,0,0,NaN,0,NaN,5.684341886080802e-14,1.4551915228366852e-9,
1,11,TWO_STAGE_RH,LEXMMFSA,shared_battery_mode_node_level_v1,SI-Drahi_17-d1-HOM-UHI-BHI-3cae609052,TK-PB-Drahi_17-d1-HOM-UHI-62618e628e-r1,SS-19da242d4543,9,5,lex_phase_5,OPTIMAL,FEASIBLE_POINT,360428.59932818124,360428.59932818124,0,163998,163998,251386,710748,5124,0,5124,25620,5124,256,0,0,NaN,0,NaN,5.684341886080802e-14,1.4551915228366852e-9,
1,11,TWO_STAGE_RH,LEXMMFSA,shared_battery_mode_node_level_v1,SI-Drahi_17-d1-HOM-UHI-BHI-3cae609052,TK-PB-Drahi_17-d1-HOM-UHI-62618e628e-r1,SS-19da242d4543,9,6,economic_tie_break,OPTIMAL,FEASIBLE_POINT,727763.7569541234,727763.7569541234,0,163998,163998,251387,710754,5124,0,5124,25620,5124,256,0,0,NaN,0,NaN,5.684341886080802e-14,1.4551915228366852e-9,
1,12,TWO_STAGE_RH,LEXMMFSA,shared_battery_mode_node_level_v1,SI-Drahi_17-d1-HOM-UHI-BHI-3cae609052,TK-PB-Drahi_17-d1-HOM-UHI-62618e628e-r1,SS-19da242d4543,9,1,lex_phase_1,OPTIMAL,FEASIBLE_POINT,72085.71986563667,72085.71986563667,0,163998,163998,251382,710724,5124,0,5124,25620,5124,256,0,0,NaN,0,NaN,5.684341886080802e-14,1.4551915228366852e-9,
1,12,TWO_STAGE_RH,LEXMMFSA,shared_battery_mode_node_level_v1,SI-Drahi_17-d1-HOM-UHI-BHI-3cae609052,TK-PB-Drahi_17-d1-HOM-UHI-62618e628e-r1,SS-19da242d4543,9,2,lex_phase_2,OPTIMAL,FEASIBLE_POINT,144171.43973127243,144171.43973127243,0,163998,163998,251383,710730,5124,0,5124,25620,5124,256,0,0,NaN,0,NaN,5.684341886080802e-14,1.4551915228366852e-9,
1,12,TWO_STAGE_RH,LEXMMFSA,shared_battery_mode_node_level_v1,SI-Drahi_17-d1-HOM-UHI-BHI-3cae609052,TK-PB-Drahi_17-d1-HOM-UHI-62618e628e-r1,SS-19da242d4543,9,3,lex_phase_3,OPTIMAL,FEASIBLE_POINT,216257.15959690866,216257.15959690866,0,163998,163998,251384,710736,5124,0,5124,25620,5124,256,0,0,NaN,0,NaN,5.684341886080802e-14,1.4551915228366852e-9,
1,12,TWO_STAGE_RH,LEXMMFSA,shared_battery_mode_node_level_v1,SI-Drahi_17-d1-HOM-UHI-BHI-3cae609052,TK-PB-Drahi_17-d1-HOM-UHI-62618e628e-r1,SS-19da242d4543,9,4,lex_phase_4,OPTIMAL,FEASIBLE_POINT,288342.87946254486,288342.87946254486,0,163998,163998,251385,710742,5124,0,5124,25620,5124,256,0,0,NaN,0,NaN,5.684341886080802e-14,1.4551915228366852e-9,
1,12,TWO_STAGE_RH,LEXMMFSA,shared_battery_mode_node_level_v1,SI-Drahi_17-d1-HOM-UHI-BHI-3cae609052,TK-PB-Drahi_17-d1-HOM-UHI-62618e628e-r1,SS-19da242d4543,9,5,lex_phase_5,OPTIMAL,FEASIBLE_POINT,360428.59932818124,360428.59932818124,0,163998,163998,251386,710748,5124,0,5124,25620,5124,256,0,0,NaN,0,NaN,5.684341886080802e-14,1.4551915228366852e-9,
1,12,TWO_STAGE_RH,LEXMMFSA,shared_battery_mode_node_level_v1,SI-Drahi_17-d1-HOM-UHI-BHI-3cae609052,TK-PB-Drahi_17-d1-HOM-UHI-62618e628e-r1,SS-19da242d4543,9,6,economic_tie_break,OPTIMAL,FEASIBLE_POINT,727763.7569541234,727763.7569541234,0,163998,163998,251387,710754,5124,0,5124,25620,5124,256,0,0,NaN,0,NaN,5.684341886080802e-14,1.4551915228366852e-9,
1,13,TWO_STAGE_RH,LEXMMFSA,shared_battery_mode_node_level_v1,SI-Drahi_17-d1-HOM-UHI-BHI-3cae609052,TK-PB-Drahi_17-d1-HOM-UHI-62618e628e-r1,SS-354317d12b7f,13,1,lex_phase_1,OPTIMAL,FEASIBLE_POINT,95897.8191788625,95897.8191788625,0,163998,163998,251382,709389,5124,0,5124,25620,5124,256,0,0,NaN,0,NaN,5.684341886080802e-14,1.367880031466484e-9,
1,13,TWO_STAGE_RH,LEXMMFSA,shared_battery_mode_node_level_v1,SI-Drahi_17-d1-HOM-UHI-BHI-3cae609052,TK-PB-Drahi_17-d1-HOM-UHI-62618e628e-r1,SS-354317d12b7f,13,2,lex_phase_2,OPTIMAL,FEASIBLE_POINT,191795.6383577232,191795.6383577232,0,163998,163998,251383,709395,5124,0,5124,25620,5124,256,0,0,NaN,0,NaN,5.684341886080802e-14,1.367880031466484e-9,
1,13,TWO_STAGE_RH,LEXMMFSA,shared_battery_mode_node_level_v1,SI-Drahi_17-d1-HOM-UHI-BHI-3cae609052,TK-PB-Drahi_17-d1-HOM-UHI-62618e628e-r1,SS-354317d12b7f,13,3,lex_phase_3,OPTIMAL,FEASIBLE_POINT,287693.4575365848,287693.4575365848,0,163998,163998,251384,709401,5124,0,5124,25620,5124,256,0,0,NaN,0,NaN,5.684341886080802e-14,1.367880031466484e-9,
1,13,TWO_STAGE_RH,LEXMMFSA,shared_battery_mode_node_level_v1,SI-Drahi_17-d1-HOM-UHI-BHI-3cae609052,TK-PB-Drahi_17-d1-HOM-UHI-62618e628e-r1,SS-354317d12b7f,13,4,lex_phase_4,OPTIMAL,FEASIBLE_POINT,383591.2767154464,383591.2767154464,0,163998,163998,251385,709407,5124,0,5124,25620,5124,256,0,0,NaN,0,NaN,5.684341886080802e-14,1.367880031466484e-9,
1,13,TWO_STAGE_RH,LEXMMFSA,shared_battery_mode_node_level_v1,SI-Drahi_17-d1-HOM-UHI-BHI-3cae609052,TK-PB-Drahi_17-d1-HOM-UHI-62618e628e-r1,SS-354317d12b7f,13,5,lex_phase_5,OPTIMAL,FEASIBLE_POINT,479489.0958943089,479489.0958943089,0,163998,163998,251386,709413,5124,0,5124,25620,5124,256,0,0,NaN,0,NaN,5.684341886080802e-14,1.367880031466484e-9,
1,13,TWO_STAGE_RH,LEXMMFSA,shared_battery_mode_node_level_v1,SI-Drahi_17-d1-HOM-UHI-BHI-3cae609052,TK-PB-Drahi_17-d1-HOM-UHI-62618e628e-r1,SS-354317d12b7f,13,6,economic_tie_break,OPTIMAL,FEASIBLE_POINT,725999.5418485712,725999.5418485712,0,163998,163998,251387,709419,5124,0,5124,25620,5124,256,0,0,NaN,0,NaN,5.684341886080802e-14,1.367880031466484e-9,
1,14,TWO_STAGE_RH,LEXMMFSA,shared_battery_mode_node_level_v1,SI-Drahi_17-d1-HOM-UHI-BHI-3cae609052,TK-PB-Drahi_17-d1-HOM-UHI-62618e628e-r1,SS-354317d12b7f,13,1,lex_phase_1,OPTIMAL,FEASIBLE_POINT,95897.8191788625,95897.8191788625,0,163998,163998,251382,709389,5124,0,5124,25620,5124,256,0,0,NaN,0,NaN,1.4210854715202004e-14,1.367880031466484e-9,
1,14,TWO_STAGE_RH,LEXMMFSA,shared_battery_mode_node_level_v1,SI-Drahi_17-d1-HOM-UHI-BHI-3cae609052,TK-PB-Drahi_17-d1-HOM-UHI-62618e628e-r1,SS-354317d12b7f,13,2,lex_phase_2,OPTIMAL,FEASIBLE_POINT,191795.6383577232,191795.6383577232,0,163998,163998,251383,709395,5124,0,5124,25620,5124,256,0,0,NaN,0,NaN,1.4210854715202004e-14,1.367880031466484e-9,
1,14,TWO_STAGE_RH,LEXMMFSA,shared_battery_mode_node_level_v1,SI-Drahi_17-d1-HOM-UHI-BHI-3cae609052,TK-PB-Drahi_17-d1-HOM-UHI-62618e628e-r1,SS-354317d12b7f,13,3,lex_phase_3,OPTIMAL,FEASIBLE_POINT,287693.4575365848,287693.4575365848,0,163998,163998,251384,709401,5124,0,5124,25620,5124,256,0,0,NaN,0,NaN,1.4210854715202004e-14,1.367880031466484e-9,
1,14,TWO_STAGE_RH,LEXMMFSA,shared_battery_mode_node_level_v1,SI-Drahi_17-d1-HOM-UHI-BHI-3cae609052,TK-PB-Drahi_17-d1-HOM-UHI-62618e628e-r1,SS-354317d12b7f,13,4,lex_phase_4,OPTIMAL,FEASIBLE_POINT,383591.2767154464,383591.2767154464,0,163998,163998,251385,709407,5124,0,5124,25620,5124,256,0,0,NaN,0,NaN,1.4210854715202004e-14,1.367880031466484e-9,
1,14,TWO_STAGE_RH,LEXMMFSA,shared_battery_mode_node_level_v1,SI-Drahi_17-d1-HOM-UHI-BHI-3cae609052,TK-PB-Drahi_17-d1-HOM-UHI-62618e628e-r1,SS-354317d12b7f,13,5,lex_phase_5,OPTIMAL,FEASIBLE_POINT,479489.0958943089,479489.0958943089,0,163998,163998,251386,709413,5124,0,5124,25620,5124,256,0,0,NaN,0,NaN,1.4210854715202004e-14,1.367880031466484e-9,
1,14,TWO_STAGE_RH,LEXMMFSA,shared_battery_mode_node_level_v1,SI-Drahi_17-d1-HOM-UHI-BHI-3cae609052,TK-PB-Drahi_17-d1-HOM-UHI-62618e628e-r1,SS-354317d12b7f,13,6,economic_tie_break,OPTIMAL,FEASIBLE_POINT,725999.5418485712,725999.5418485712,0,163998,163998,251387,709419,5124,0,5124,25620,5124,256,0,0,NaN,0,NaN,1.4210854715202004e-14,1.367880031466484e-9,
1,15,TWO_STAGE_RH,LEXMMFSA,shared_battery_mode_node_level_v1,SI-Drahi_17-d1-HOM-UHI-BHI-3cae609052,TK-PB-Drahi_17-d1-HOM-UHI-62618e628e-r1,SS-354317d12b7f,13,1,lex_phase_1,OPTIMAL,FEASIBLE_POINT,95897.8191788625,95897.8191788625,0,163998,163998,251382,709389,5124,0,5124,25620,5124,256,0,0,NaN,0,NaN,3.552713678800501e-15,1.367880031466484e-9,
1,15,TWO_STAGE_RH,LEXMMFSA,shared_battery_mode_node_level_v1,SI-Drahi_17-d1-HOM-UHI-BHI-3cae609052,TK-PB-Drahi_17-d1-HOM-UHI-62618e628e-r1,SS-354317d12b7f,13,2,lex_phase_2,OPTIMAL,FEASIBLE_POINT,191795.6383577232,191795.6383577232,0,163998,163998,251383,709395,5124,0,5124,25620,5124,256,0,0,NaN,0,NaN,3.552713678800501e-15,1.367880031466484e-9,
1,15,TWO_STAGE_RH,LEXMMFSA,shared_battery_mode_node_level_v1,SI-Drahi_17-d1-HOM-UHI-BHI-3cae609052,TK-PB-Drahi_17-d1-HOM-UHI-62618e628e-r1,SS-354317d12b7f,13,3,lex_phase_3,OPTIMAL,FEASIBLE_POINT,287693.4575365848,287693.4575365848,0,163998,163998,251384,709401,5124,0,5124,25620,5124,256,0,0,NaN,0,NaN,3.552713678800501e-15,1.367880031466484e-9,
1,15,TWO_STAGE_RH,LEXMMFSA,shared_battery_mode_node_level_v1,SI-Drahi_17-d1-HOM-UHI-BHI-3cae609052,TK-PB-Drahi_17-d1-HOM-UHI-62618e628e-r1,SS-354317d12b7f,13,4,lex_phase_4,OPTIMAL,FEASIBLE_POINT,383591.2767154464,383591.2767154464,0,163998,163998,251385,709407,5124,0,5124,25620,5124,256,0,0,NaN,0,NaN,3.552713678800501e-15,1.367880031466484e-9,
1,15,TWO_STAGE_RH,LEXMMFSA,shared_battery_mode_node_level_v1,SI-Drahi_17-d1-HOM-UHI-BHI-3cae609052,TK-PB-Drahi_17-d1-HOM-UHI-62618e628e-r1,SS-354317d12b7f,13,5,lex_phase_5,OPTIMAL,FEASIBLE_POINT,479489.0958943089,479489.0958943089,0,163998,163998,251386,709413,5124,0,5124,25620,5124,256,0,0,NaN,0,NaN,3.552713678800501e-15,1.367880031466484e-9,
1,15,TWO_STAGE_RH,LEXMMFSA,shared_battery_mode_node_level_v1,SI-Drahi_17-d1-HOM-UHI-BHI-3cae609052,TK-PB-Drahi_17-d1-HOM-UHI-62618e628e-r1,SS-354317d12b7f,13,6,economic_tie_break,OPTIMAL,FEASIBLE_POINT,725999.5418485712,725999.5418485712,0,163998,163998,251387,709419,5124,0,5124,25620,5124,256,0,0,NaN,0,NaN,3.552713678800501e-15,1.367880031466484e-9,
1,16,TWO_STAGE_RH,LEXMMFSA,shared_battery_mode_node_level_v1,SI-Drahi_17-d1-HOM-UHI-BHI-3cae609052,TK-PB-Drahi_17-d1-HOM-UHI-62618e628e-r1,SS-354317d12b7f,13,1,lex_phase_1,OPTIMAL,FEASIBLE_POINT,95897.8191788625,95897.8191788625,0,163998,163998,251382,709389,5124,0,5124,25620,5124,256,0,0,NaN,0,NaN,2.6645352591003757e-15,1.367880031466484e-9,
1,16,TWO_STAGE_RH,LEXMMFSA,shared_battery_mode_node_level_v1,SI-Drahi_17-d1-HOM-UHI-BHI-3cae609052,TK-PB-Drahi_17-d1-HOM-UHI-62618e628e-r1,SS-354317d12b7f,13,2,lex_phase_2,OPTIMAL,FEASIBLE_POINT,191795.6383577232,191795.6383577232,0,163998,163998,251383,709395,5124,0,5124,25620,5124,256,0,0,NaN,0,NaN,2.6645352591003757e-15,1.367880031466484e-9,
1,16,TWO_STAGE_RH,LEXMMFSA,shared_battery_mode_node_level_v1,SI-Drahi_17-d1-HOM-UHI-BHI-3cae609052,TK-PB-Drahi_17-d1-HOM-UHI-62618e628e-r1,SS-354317d12b7f,13,3,lex_phase_3,OPTIMAL,FEASIBLE_POINT,287693.4575365848,287693.4575365848,0,163998,163998,251384,709401,5124,0,5124,25620,5124,256,0,0,NaN,0,NaN,2.6645352591003757e-15,1.367880031466484e-9,
1,16,TWO_STAGE_RH,LEXMMFSA,shared_battery_mode_node_level_v1,SI-Drahi_17-d1-HOM-UHI-BHI-3cae609052,TK-PB-Drahi_17-d1-HOM-UHI-62618e628e-r1,SS-354317d12b7f,13,4,lex_phase_4,OPTIMAL,FEASIBLE_POINT,383591.2767154464,383591.2767154464,0,163998,163998,251385,709407,5124,0,5124,25620,5124,256,0,0,NaN,0,NaN,2.6645352591003757e-15,1.367880031466484e-9,
1,16,TWO_STAGE_RH,LEXMMFSA,shared_battery_mode_node_level_v1,SI-Drahi_17-d1-HOM-UHI-BHI-3cae609052,TK-PB-Drahi_17-d1-HOM-UHI-62618e628e-r1,SS-354317d12b7f,13,5,lex_phase_5,OPTIMAL,FEASIBLE_POINT,479489.0958943089,479489.0958943089,0,163998,163998,251386,709413,5124,0,5124,25620,5124,256,0,0,NaN,0,NaN,2.6645352591003757e-15,1.367880031466484e-9,
1,16,TWO_STAGE_RH,LEXMMFSA,shared_battery_mode_node_level_v1,SI-Drahi_17-d1-HOM-UHI-BHI-3cae609052,TK-PB-Drahi_17-d1-HOM-UHI-62618e628e-r1,SS-354317d12b7f,13,6,economic_tie_break,OPTIMAL,FEASIBLE_POINT,725999.5418485712,725999.5418485712,0,163998,163998,251387,709419,5124,0,5124,25620,5124,256,0,0,NaN,0,NaN,2.6645352591003757e-15,1.367880031466484e-9,
1,17,TWO_STAGE_RH,LEXMMFSA,shared_battery_mode_node_level_v1,SI-Drahi_17-d1-HOM-UHI-BHI-3cae609052,TK-PB-Drahi_17-d1-HOM-UHI-62618e628e-r1,SS-c81930d9c8ba,17,1,lex_phase_1,OPTIMAL,FEASIBLE_POINT,110285.1745120018,110285.1745120018,0,163998,163998,251382,710979,5124,0,5124,25620,5124,256,0,0,NaN,0,NaN,3.552713678800501e-15,2.0954757928848267e-9,
1,17,TWO_STAGE_RH,LEXMMFSA,shared_battery_mode_node_level_v1,SI-Drahi_17-d1-HOM-UHI-BHI-3cae609052,TK-PB-Drahi_17-d1-HOM-UHI-62618e628e-r1,SS-c81930d9c8ba,17,2,lex_phase_2,OPTIMAL,FEASIBLE_POINT,220570.3490240028,220570.3490240028,0,163998,163998,251383,710985,5124,0,5124,25620,5124,256,0,0,NaN,0,NaN,3.552713678800501e-15,2.0954757928848267e-9,
1,17,TWO_STAGE_RH,LEXMMFSA,shared_battery_mode_node_level_v1,SI-Drahi_17-d1-HOM-UHI-BHI-3cae609052,TK-PB-Drahi_17-d1-HOM-UHI-62618e628e-r1,SS-c81930d9c8ba,17,3,lex_phase_3,OPTIMAL,FEASIBLE_POINT,330855.5235360042,330855.5235360042,0,163998,163998,251384,710991,5124,0,5124,25620,5124,256,0,0,NaN,0,NaN,3.552713678800501e-15,2.0954757928848267e-9,
1,17,TWO_STAGE_RH,LEXMMFSA,shared_battery_mode_node_level_v1,SI-Drahi_17-d1-HOM-UHI-BHI-3cae609052,TK-PB-Drahi_17-d1-HOM-UHI-62618e628e-r1,SS-c81930d9c8ba,17,4,lex_phase_4,OPTIMAL,FEASIBLE_POINT,441140.6980480056,441140.6980480056,0,163998,163998,251385,710997,5124,0,5124,25620,5124,256,0,0,NaN,0,NaN,3.552713678800501e-15,2.0954757928848267e-9,
1,17,TWO_STAGE_RH,LEXMMFSA,shared_battery_mode_node_level_v1,SI-Drahi_17-d1-HOM-UHI-BHI-3cae609052,TK-PB-Drahi_17-d1-HOM-UHI-62618e628e-r1,SS-c81930d9c8ba,17,5,lex_phase_5,OPTIMAL,FEASIBLE_POINT,551425.8725600081,551425.8725600081,0,163998,163998,251386,711003,5124,0,5124,25620,5124,256,0,0,NaN,0,NaN,3.552713678800501e-15,2.0954757928848267e-9,
1,17,TWO_STAGE_RH,LEXMMFSA,shared_battery_mode_node_level_v1,SI-Drahi_17-d1-HOM-UHI-BHI-3cae609052,TK-PB-Drahi_17-d1-HOM-UHI-62618e628e-r1,SS-c81930d9c8ba,17,6,economic_tie_break,OPTIMAL,FEASIBLE_POINT,723991.2150451287,723991.2150451287,0,163998,163998,251387,711009,5124,0,5124,25620,5124,256,0,0,NaN,0,NaN,3.552713678800501e-15,2.0954757928848267e-9,
1,18,TWO_STAGE_RH,LEXMMFSA,shared_battery_mode_node_level_v1,SI-Drahi_17-d1-HOM-UHI-BHI-3cae609052,TK-PB-Drahi_17-d1-HOM-UHI-62618e628e-r1,SS-c81930d9c8ba,17,1,lex_phase_1,OPTIMAL,FEASIBLE_POINT,110285.1745120018,110285.1745120018,0,163998,163998,251382,710979,5124,0,5124,25620,5124,256,0,0,NaN,0,NaN,1.7763568394002505e-15,2.0954757928848267e-9,
1,18,TWO_STAGE_RH,LEXMMFSA,shared_battery_mode_node_level_v1,SI-Drahi_17-d1-HOM-UHI-BHI-3cae609052,TK-PB-Drahi_17-d1-HOM-UHI-62618e628e-r1,SS-c81930d9c8ba,17,2,lex_phase_2,OPTIMAL,FEASIBLE_POINT,220570.3490240028,220570.3490240028,0,163998,163998,251383,710985,5124,0,5124,25620,5124,256,0,0,NaN,0,NaN,1.7763568394002505e-15,2.0954757928848267e-9,
1,18,TWO_STAGE_RH,LEXMMFSA,shared_battery_mode_node_level_v1,SI-Drahi_17-d1-HOM-UHI-BHI-3cae609052,TK-PB-Drahi_17-d1-HOM-UHI-62618e628e-r1,SS-c81930d9c8ba,17,3,lex_phase_3,OPTIMAL,FEASIBLE_POINT,330855.5235360042,330855.5235360042,0,163998,163998,251384,710991,5124,0,5124,25620,5124,256,0,0,NaN,0,NaN,1.7763568394002505e-15,2.0954757928848267e-9,
1,18,TWO_STAGE_RH,LEXMMFSA,shared_battery_mode_node_level_v1,SI-Drahi_17-d1-HOM-UHI-BHI-3cae609052,TK-PB-Drahi_17-d1-HOM-UHI-62618e628e-r1,SS-c81930d9c8ba,17,4,lex_phase_4,OPTIMAL,FEASIBLE_POINT,441140.6980480056,441140.6980480056,0,163998,163998,251385,710997,5124,0,5124,25620,5124,256,0,0,NaN,0,NaN,1.7763568394002505e-15,2.0954757928848267e-9,
1,18,TWO_STAGE_RH,LEXMMFSA,shared_battery_mode_node_level_v1,SI-Drahi_17-d1-HOM-UHI-BHI-3cae609052,TK-PB-Drahi_17-d1-HOM-UHI-62618e628e-r1,SS-c81930d9c8ba,17,5,lex_phase_5,OPTIMAL,FEASIBLE_POINT,551425.8725600081,551425.8725600081,0,163998,163998,251386,711003,5124,0,5124,25620,5124,256,0,0,NaN,0,NaN,1.7763568394002505e-15,2.0954757928848267e-9,
1,18,TWO_STAGE_RH,LEXMMFSA,shared_battery_mode_node_level_v1,SI-Drahi_17-d1-HOM-UHI-BHI-3cae609052,TK-PB-Drahi_17-d1-HOM-UHI-62618e628e-r1,SS-c81930d9c8ba,17,6,economic_tie_break,OPTIMAL,FEASIBLE_POINT,723991.2150451287,723991.2150451287,0,163998,163998,251387,711009,5124,0,5124,25620,5124,256,0,0,NaN,0,NaN,1.7763568394002505e-15,2.0954757928848267e-9,
1,19,TWO_STAGE_RH,LEXMMFSA,shared_battery_mode_node_level_v1,SI-Drahi_17-d1-HOM-UHI-BHI-3cae609052,TK-PB-Drahi_17-d1-HOM-UHI-62618e628e-r1,SS-c81930d9c8ba,17,1,lex_phase_1,OPTIMAL,FEASIBLE_POINT,110285.1745120018,110285.1745120018,0,163998,163998,251382,710979,5124,0,5124,25620,5124,256,0,0,NaN,0,NaN,5.551115123125783e-17,2.0954757928848267e-9,
1,19,TWO_STAGE_RH,LEXMMFSA,shared_battery_mode_node_level_v1,SI-Drahi_17-d1-HOM-UHI-BHI-3cae609052,TK-PB-Drahi_17-d1-HOM-UHI-62618e628e-r1,SS-c81930d9c8ba,17,2,lex_phase_2,OPTIMAL,FEASIBLE_POINT,220570.3490240028,220570.3490240028,0,163998,163998,251383,710985,5124,0,5124,25620,5124,256,0,0,NaN,0,NaN,5.551115123125783e-17,2.0954757928848267e-9,
1,19,TWO_STAGE_RH,LEXMMFSA,shared_battery_mode_node_level_v1,SI-Drahi_17-d1-HOM-UHI-BHI-3cae609052,TK-PB-Drahi_17-d1-HOM-UHI-62618e628e-r1,SS-c81930d9c8ba,17,3,lex_phase_3,OPTIMAL,FEASIBLE_POINT,330855.5235360042,330855.5235360042,0,163998,163998,251384,710991,5124,0,5124,25620,5124,256,0,0,NaN,0,NaN,5.551115123125783e-17,2.0954757928848267e-9,
1,19,TWO_STAGE_RH,LEXMMFSA,shared_battery_mode_node_level_v1,SI-Drahi_17-d1-HOM-UHI-BHI-3cae609052,TK-PB-Drahi_17-d1-HOM-UHI-62618e628e-r1,SS-c81930d9c8ba,17,4,lex_phase_4,OPTIMAL,FEASIBLE_POINT,441140.6980480056,441140.6980480056,0,163998,163998,251385,710997,5124,0,5124,25620,5124,256,0,0,NaN,0,NaN,5.551115123125783e-17,2.0954757928848267e-9,
1,19,TWO_STAGE_RH,LEXMMFSA,shared_battery_mode_node_level_v1,SI-Drahi_17-d1-HOM-UHI-BHI-3cae609052,TK-PB-Drahi_17-d1-HOM-UHI-62618e628e-r1,SS-c81930d9c8ba,17,5,lex_phase_5,OPTIMAL,FEASIBLE_POINT,551425.8725600081,551425.8725600081,0,163998,163998,251386,711003,5124,0,5124,25620,5124,256,0,0,NaN,0,NaN,5.551115123125783e-17,2.0954757928848267e-9,
1,19,TWO_STAGE_RH,LEXMMFSA,shared_battery_mode_node_level_v1,SI-Drahi_17-d1-HOM-UHI-BHI-3cae609052,TK-PB-Drahi_17-d1-HOM-UHI-62618e628e-r1,SS-c81930d9c8ba,17,6,economic_tie_break,OPTIMAL,FEASIBLE_POINT,723991.2150451287,723991.2150451287,0,163998,163998,251387,711009,5124,0,5124,25620,5124,256,0,0,NaN,0,NaN,5.551115123125783e-17,2.0954757928848267e-9,
1,20,TWO_STAGE_RH,LEXMMFSA,shared_battery_mode_node_level_v1,SI-Drahi_17-d1-HOM-UHI-BHI-3cae609052,TK-PB-Drahi_17-d1-HOM-UHI-62618e628e-r1,SS-c81930d9c8ba,17,1,lex_phase_1,OPTIMAL,FEASIBLE_POINT,110285.1745120018,110285.1745120018,0,163998,163998,251382,710979,5124,0,5124,25620,5124,256,0,0,NaN,0,NaN,0.0,2.0954757928848267e-9,
1,20,TWO_STAGE_RH,LEXMMFSA,shared_battery_mode_node_level_v1,SI-Drahi_17-d1-HOM-UHI-BHI-3cae609052,TK-PB-Drahi_17-d1-HOM-UHI-62618e628e-r1,SS-c81930d9c8ba,17,2,lex_phase_2,OPTIMAL,FEASIBLE_POINT,220570.3490240028,220570.3490240028,0,163998,163998,251383,710985,5124,0,5124,25620,5124,256,0,0,NaN,0,NaN,0.0,2.0954757928848267e-9,
1,20,TWO_STAGE_RH,LEXMMFSA,shared_battery_mode_node_level_v1,SI-Drahi_17-d1-HOM-UHI-BHI-3cae609052,TK-PB-Drahi_17-d1-HOM-UHI-62618e628e-r1,SS-c81930d9c8ba,17,3,lex_phase_3,OPTIMAL,FEASIBLE_POINT,330855.5235360042,330855.5235360042,0,163998,163998,251384,710991,5124,0,5124,25620,5124,256,0,0,NaN,0,NaN,0.0,2.0954757928848267e-9,
1,20,TWO_STAGE_RH,LEXMMFSA,shared_battery_mode_node_level_v1,SI-Drahi_17-d1-HOM-UHI-BHI-3cae609052,TK-PB-Drahi_17-d1-HOM-UHI-62618e628e-r1,SS-c81930d9c8ba,17,4,lex_phase_4,OPTIMAL,FEASIBLE_POINT,441140.6980480056,441140.6980480056,0,163998,163998,251385,710997,5124,0,5124,25620,5124,256,0,0,NaN,0,NaN,0.0,2.0954757928848267e-9,
1,20,TWO_STAGE_RH,LEXMMFSA,shared_battery_mode_node_level_v1,SI-Drahi_17-d1-HOM-UHI-BHI-3cae609052,TK-PB-Drahi_17-d1-HOM-UHI-62618e628e-r1,SS-c81930d9c8ba,17,5,lex_phase_5,OPTIMAL,FEASIBLE_POINT,551425.8725600081,551425.8725600081,0,163998,163998,251386,711003,5124,0,5124,25620,5124,256,0,0,NaN,0,NaN,0.0,2.0954757928848267e-9,
1,20,TWO_STAGE_RH,LEXMMFSA,shared_battery_mode_node_level_v1,SI-Drahi_17-d1-HOM-UHI-BHI-3cae609052,TK-PB-Drahi_17-d1-HOM-UHI-62618e628e-r1,SS-c81930d9c8ba,17,6,economic_tie_break,OPTIMAL,FEASIBLE_POINT,723991.2150451287,723991.2150451287,0,163998,163998,251387,711009,5124,0,5124,25620,5124,256,0,0,NaN,0,NaN,0.0,2.0954757928848267e-9,
1,21,TWO_STAGE_RH,LEXMMFSA,shared_battery_mode_node_level_v1,SI-Drahi_17-d1-HOM-UHI-BHI-3cae609052,TK-PB-Drahi_17-d1-HOM-UHI-62618e628e-r1,SS-3cf9bda45ea4,21,1,lex_phase_1,OPTIMAL,FEASIBLE_POINT,104409.73305943538,104409.73305943538,0,163998,163998,251382,713509,5124,0,5124,25620,5124,256,0,0,NaN,0,NaN,0.0,3.725290298461914e-9,
1,21,TWO_STAGE_RH,LEXMMFSA,shared_battery_mode_node_level_v1,SI-Drahi_17-d1-HOM-UHI-BHI-3cae609052,TK-PB-Drahi_17-d1-HOM-UHI-62618e628e-r1,SS-3cf9bda45ea4,21,2,lex_phase_2,OPTIMAL,FEASIBLE_POINT,208819.4661188651,208819.4661188651,0,163998,163998,251383,713515,5124,0,5124,25620,5124,256,0,0,NaN,0,NaN,0.0,3.725290298461914e-9,
1,21,TWO_STAGE_RH,LEXMMFSA,shared_battery_mode_node_level_v1,SI-Drahi_17-d1-HOM-UHI-BHI-3cae609052,TK-PB-Drahi_17-d1-HOM-UHI-62618e628e-r1,SS-3cf9bda45ea4,21,3,lex_phase_3,OPTIMAL,FEASIBLE_POINT,313229.19917829765,313229.19917829765,0,163998,163998,251384,713521,5124,0,5124,25620,5124,256,0,0,NaN,0,NaN,0.0,3.725290298461914e-9,
1,21,TWO_STAGE_RH,LEXMMFSA,shared_battery_mode_node_level_v1,SI-Drahi_17-d1-HOM-UHI-BHI-3cae609052,TK-PB-Drahi_17-d1-HOM-UHI-62618e628e-r1,SS-3cf9bda45ea4,21,4,lex_phase_4,OPTIMAL,FEASIBLE_POINT,417638.9322377302,417638.9322377302,0,163998,163998,251385,713527,5124,0,5124,25620,5124,256,0,0,NaN,0,NaN,0.0,3.725290298461914e-9,
1,21,TWO_STAGE_RH,LEXMMFSA,shared_battery_mode_node_level_v1,SI-Drahi_17-d1-HOM-UHI-BHI-3cae609052,TK-PB-Drahi_17-d1-HOM-UHI-62618e628e-r1,SS-3cf9bda45ea4,21,5,lex_phase_5,OPTIMAL,FEASIBLE_POINT,522048.6652971688,522048.6652971688,0,163998,163998,251386,713533,5124,0,5124,25620,5124,256,0,0,NaN,0,NaN,0.0,3.725290298461914e-9,
1,21,TWO_STAGE_RH,LEXMMFSA,shared_battery_mode_node_level_v1,SI-Drahi_17-d1-HOM-UHI-BHI-3cae609052,TK-PB-Drahi_17-d1-HOM-UHI-62618e628e-r1,SS-3cf9bda45ea4,21,6,economic_tie_break,OPTIMAL,FEASIBLE_POINT,725584.5399225091,725584.5399225091,0,163998,163998,251387,713539,5124,0,5124,25620,5124,256,0,0,NaN,0,NaN,0.0,3.725290298461914e-9,
1,22,TWO_STAGE_RH,LEXMMFSA,shared_battery_mode_node_level_v1,SI-Drahi_17-d1-HOM-UHI-BHI-3cae609052,TK-PB-Drahi_17-d1-HOM-UHI-62618e628e-r1,SS-3cf9bda45ea4,21,1,lex_phase_1,OPTIMAL,FEASIBLE_POINT,104409.73305943538,104409.73305943538,0,163998,163998,251382,713509,5124,0,5124,25620,5124,256,0,0,NaN,0,NaN,0.0,3.725290298461914e-9,
1,22,TWO_STAGE_RH,LEXMMFSA,shared_battery_mode_node_level_v1,SI-Drahi_17-d1-HOM-UHI-BHI-3cae609052,TK-PB-Drahi_17-d1-HOM-UHI-62618e628e-r1,SS-3cf9bda45ea4,21,2,lex_phase_2,OPTIMAL,FEASIBLE_POINT,208819.4661188651,208819.4661188651,0,163998,163998,251383,713515,5124,0,5124,25620,5124,256,0,0,NaN,0,NaN,0.0,3.725290298461914e-9,
1,22,TWO_STAGE_RH,LEXMMFSA,shared_battery_mode_node_level_v1,SI-Drahi_17-d1-HOM-UHI-BHI-3cae609052,TK-PB-Drahi_17-d1-HOM-UHI-62618e628e-r1,SS-3cf9bda45ea4,21,3,lex_phase_3,OPTIMAL,FEASIBLE_POINT,313229.19917829765,313229.19917829765,0,163998,163998,251384,713521,5124,0,5124,25620,5124,256,0,0,NaN,0,NaN,0.0,3.725290298461914e-9,
1,22,TWO_STAGE_RH,LEXMMFSA,shared_battery_mode_node_level_v1,SI-Drahi_17-d1-HOM-UHI-BHI-3cae609052,TK-PB-Drahi_17-d1-HOM-UHI-62618e628e-r1,SS-3cf9bda45ea4,21,4,lex_phase_4,OPTIMAL,FEASIBLE_POINT,417638.9322377302,417638.9322377302,0,163998,163998,251385,713527,5124,0,5124,25620,5124,256,0,0,NaN,0,NaN,0.0,3.725290298461914e-9,
1,22,TWO_STAGE_RH,LEXMMFSA,shared_battery_mode_node_level_v1,SI-Drahi_17-d1-HOM-UHI-BHI-3cae609052,TK-PB-Drahi_17-d1-HOM-UHI-62618e628e-r1,SS-3cf9bda45ea4,21,5,lex_phase_5,OPTIMAL,FEASIBLE_POINT,522048.6652971688,522048.6652971688,0,163998,163998,251386,713533,5124,0,5124,25620,5124,256,0,0,NaN,0,NaN,0.0,3.725290298461914e-9,
1,22,TWO_STAGE_RH,LEXMMFSA,shared_battery_mode_node_level_v1,SI-Drahi_17-d1-HOM-UHI-BHI-3cae609052,TK-PB-Drahi_17-d1-HOM-UHI-62618e628e-r1,SS-3cf9bda45ea4,21,6,economic_tie_break,OPTIMAL,FEASIBLE_POINT,725584.5399225091,725584.5399225091,0,163998,163998,251387,713539,5124,0,5124,25620,5124,256,0,0,NaN,0,NaN,0.0,3.725290298461914e-9,
1,23,TWO_STAGE_RH,LEXMMFSA,shared_battery_mode_node_level_v1,SI-Drahi_17-d1-HOM-UHI-BHI-3cae609052,TK-PB-Drahi_17-d1-HOM-UHI-62618e628e-r1,SS-3cf9bda45ea4,21,1,lex_phase_1,OPTIMAL,FEASIBLE_POINT,104409.73305943538,104409.73305943538,0,163998,163998,251382,713509,5124,0,5124,25620,5124,256,0,0,NaN,0,NaN,1.4210854715202004e-14,3.725290298461914e-9,
1,23,TWO_STAGE_RH,LEXMMFSA,shared_battery_mode_node_level_v1,SI-Drahi_17-d1-HOM-UHI-BHI-3cae609052,TK-PB-Drahi_17-d1-HOM-UHI-62618e628e-r1,SS-3cf9bda45ea4,21,2,lex_phase_2,OPTIMAL,FEASIBLE_POINT,208819.4661188651,208819.4661188651,0,163998,163998,251383,713515,5124,0,5124,25620,5124,256,0,0,NaN,0,NaN,1.4210854715202004e-14,3.725290298461914e-9,
1,23,TWO_STAGE_RH,LEXMMFSA,shared_battery_mode_node_level_v1,SI-Drahi_17-d1-HOM-UHI-BHI-3cae609052,TK-PB-Drahi_17-d1-HOM-UHI-62618e628e-r1,SS-3cf9bda45ea4,21,3,lex_phase_3,OPTIMAL,FEASIBLE_POINT,313229.19917829765,313229.19917829765,0,163998,163998,251384,713521,5124,0,5124,25620,5124,256,0,0,NaN,0,NaN,1.4210854715202004e-14,3.725290298461914e-9,
1,23,TWO_STAGE_RH,LEXMMFSA,shared_battery_mode_node_level_v1,SI-Drahi_17-d1-HOM-UHI-BHI-3cae609052,TK-PB-Drahi_17-d1-HOM-UHI-62618e628e-r1,SS-3cf9bda45ea4,21,4,lex_phase_4,OPTIMAL,FEASIBLE_POINT,417638.9322377302,417638.9322377302,0,163998,163998,251385,713527,5124,0,5124,25620,5124,256,0,0,NaN,0,NaN,1.4210854715202004e-14,3.725290298461914e-9,
1,23,TWO_STAGE_RH,LEXMMFSA,shared_battery_mode_node_level_v1,SI-Drahi_17-d1-HOM-UHI-BHI-3cae609052,TK-PB-Drahi_17-d1-HOM-UHI-62618e628e-r1,SS-3cf9bda45ea4,21,5,lex_phase_5,OPTIMAL,FEASIBLE_POINT,522048.6652971688,522048.6652971688,0,163998,163998,251386,713533,5124,0,5124,25620,5124,256,0,0,NaN,0,NaN,1.4210854715202004e-14,3.725290298461914e-9,
1,23,TWO_STAGE_RH,LEXMMFSA,shared_battery_mode_node_level_v1,SI-Drahi_17-d1-HOM-UHI-BHI-3cae609052,TK-PB-Drahi_17-d1-HOM-UHI-62618e628e-r1,SS-3cf9bda45ea4,21,6,economic_tie_break,OPTIMAL,FEASIBLE_POINT,725584.5399225091,725584.5399225091,0,163998,163998,251387,713539,5124,0,5124,25620,5124,256,0,0,NaN,0,NaN,1.4210854715202004e-14,3.725290298461914e-9,
1,24,TWO_STAGE_RH,LEXMMFSA,shared_battery_mode_node_level_v1,SI-Drahi_17-d1-HOM-UHI-BHI-3cae609052,TK-PB-Drahi_17-d1-HOM-UHI-62618e628e-r1,SS-3cf9bda45ea4,21,1,lex_phase_1,OPTIMAL,FEASIBLE_POINT,104409.73305943538,104409.73305943538,0,163998,163998,251382,713509,5124,0,5124,25620,5124,256,0,0,NaN,0,NaN,0.0,3.725290298461914e-9,
1,24,TWO_STAGE_RH,LEXMMFSA,shared_battery_mode_node_level_v1,SI-Drahi_17-d1-HOM-UHI-BHI-3cae609052,TK-PB-Drahi_17-d1-HOM-UHI-62618e628e-r1,SS-3cf9bda45ea4,21,2,lex_phase_2,OPTIMAL,FEASIBLE_POINT,208819.4661188651,208819.4661188651,0,163998,163998,251383,713515,5124,0,5124,25620,5124,256,0,0,NaN,0,NaN,0.0,3.725290298461914e-9,
1,24,TWO_STAGE_RH,LEXMMFSA,shared_battery_mode_node_level_v1,SI-Drahi_17-d1-HOM-UHI-BHI-3cae609052,TK-PB-Drahi_17-d1-HOM-UHI-62618e628e-r1,SS-3cf9bda45ea4,21,3,lex_phase_3,OPTIMAL,FEASIBLE_POINT,313229.19917829765,313229.19917829765,0,163998,163998,251384,713521,5124,0,5124,25620,5124,256,0,0,NaN,0,NaN,0.0,3.725290298461914e-9,
1,24,TWO_STAGE_RH,LEXMMFSA,shared_battery_mode_node_level_v1,SI-Drahi_17-d1-HOM-UHI-BHI-3cae609052,TK-PB-Drahi_17-d1-HOM-UHI-62618e628e-r1,SS-3cf9bda45ea4,21,4,lex_phase_4,OPTIMAL,FEASIBLE_POINT,417638.9322377302,417638.9322377302,0,163998,163998,251385,713527,5124,0,5124,25620,5124,256,0,0,NaN,0,NaN,0.0,3.725290298461914e-9,
1,24,TWO_STAGE_RH,LEXMMFSA,shared_battery_mode_node_level_v1,SI-Drahi_17-d1-HOM-UHI-BHI-3cae609052,TK-PB-Drahi_17-d1-HOM-UHI-62618e628e-r1,SS-3cf9bda45ea4,21,5,lex_phase_5,OPTIMAL,FEASIBLE_POINT,522048.6652971688,522048.6652971688,0,163998,163998,251386,713533,5124,0,5124,25620,5124,256,0,0,NaN,0,NaN,0.0,3.725290298461914e-9,
1,24,TWO_STAGE_RH,LEXMMFSA,shared_battery_mode_node_level_v1,SI-Drahi_17-d1-HOM-UHI-BHI-3cae609052,TK-PB-Drahi_17-d1-HOM-UHI-62618e628e-r1,SS-3cf9bda45ea4,21,6,economic_tie_break,OPTIMAL,FEASIBLE_POINT,725584.5399225091,725584.5399225091,0,163998,163998,251387,713539,5124,0,5124,25620,5124,256,0,0,NaN,0,NaN,0.0,3.725290298461914e-9,
1,1,TWO_STAGE_RH,NONE,shared_battery_mode_node_level_v1,SI-Drahi_17-d1-HOM-UHI-BHI-3cae609052,TK-PB-Drahi_17-d1-HOM-UHI-62618e628e-r1,SS-5d5bbea46d20,1,0,single_solve,OPTIMAL,FEASIBLE_POINT,741230.3442749936,741230.3442749936,0,163968,163968,251332,328879,5124,0,5124,25620,5124,256,0,0,NaN,0,NaN,1.4210854715202004e-14,0.0,
1,2,TWO_STAGE_RH,NONE,shared_battery_mode_node_level_v1,SI-Drahi_17-d1-HOM-UHI-BHI-3cae609052,TK-PB-Drahi_17-d1-HOM-UHI-62618e628e-r1,SS-5d5bbea46d20,1,0,single_solve,OPTIMAL,FEASIBLE_POINT,741230.3442749936,741230.3442749936,0,163968,163968,251332,328879,5124,0,5124,25620,5124,256,0,0,NaN,0,NaN,7.105427357601002e-15,0.0,
1,3,TWO_STAGE_RH,NONE,shared_battery_mode_node_level_v1,SI-Drahi_17-d1-HOM-UHI-BHI-3cae609052,TK-PB-Drahi_17-d1-HOM-UHI-62618e628e-r1,SS-5d5bbea46d20,1,0,single_solve,OPTIMAL,FEASIBLE_POINT,741230.3442749936,741230.3442749936,0,163968,163968,251332,328879,5124,0,5124,25620,5124,256,0,0,NaN,0,NaN,7.105427357601002e-15,0.0,
1,4,TWO_STAGE_RH,NONE,shared_battery_mode_node_level_v1,SI-Drahi_17-d1-HOM-UHI-BHI-3cae609052,TK-PB-Drahi_17-d1-HOM-UHI-62618e628e-r1,SS-5d5bbea46d20,1,0,single_solve,OPTIMAL,FEASIBLE_POINT,741230.3442749936,741230.3442749936,0,163968,163968,251332,328879,5124,0,5124,25620,5124,256,0,0,NaN,0,NaN,7.105427357601002e-15,0.0,
1,5,TWO_STAGE_RH,NONE,shared_battery_mode_node_level_v1,SI-Drahi_17-d1-HOM-UHI-BHI-3cae609052,TK-PB-Drahi_17-d1-HOM-UHI-62618e628e-r1,SS-102adc95e052,5,0,single_solve,OPTIMAL,FEASIBLE_POINT,682850.7072003689,682850.7072003689,0,163968,163968,251332,326599,5124,0,5124,25620,5124,256,0,0,NaN,0,NaN,0.0,0.0,
1,6,TWO_STAGE_RH,NONE,shared_battery_mode_node_level_v1,SI-Drahi_17-d1-HOM-UHI-BHI-3cae609052,TK-PB-Drahi_17-d1-HOM-UHI-62618e628e-r1,SS-102adc95e052,5,0,single_solve,OPTIMAL,FEASIBLE_POINT,682850.7072003689,682850.7072003689,0,163968,163968,251332,326599,5124,0,5124,25620,5124,256,0,0,NaN,0,NaN,0.0,0.0,
1,7,TWO_STAGE_RH,NONE,shared_battery_mode_node_level_v1,SI-Drahi_17-d1-HOM-UHI-BHI-3cae609052,TK-PB-Drahi_17-d1-HOM-UHI-62618e628e-r1,SS-102adc95e052,5,0,single_solve,OPTIMAL,FEASIBLE_POINT,682850.7072003689,682850.7072003689,0,163968,163968,251332,326599,5124,0,5124,25620,5124,256,0,0,NaN,0,NaN,7.105427357601002e-15,0.0,
1,8,TWO_STAGE_RH,NONE,shared_battery_mode_node_level_v1,SI-Drahi_17-d1-HOM-UHI-BHI-3cae609052,TK-PB-Drahi_17-d1-HOM-UHI-62618e628e-r1,SS-102adc95e052,5,0,single_solve,OPTIMAL,FEASIBLE_POINT,682850.7072003689,682850.7072003689,0,163968,163968,251332,326599,5124,0,5124,25620,5124,256,0,0,NaN,0,NaN,2.842170943040401e-14,0.0,
1,9,TWO_STAGE_RH,NONE,shared_battery_mode_node_level_v1,SI-Drahi_17-d1-HOM-UHI-BHI-3cae609052,TK-PB-Drahi_17-d1-HOM-UHI-62618e628e-r1,SS-19da242d4543,9,0,single_solve,OPTIMAL,FEASIBLE_POINT,727763.7569541258,727763.7569541258,0,163968,163968,251332,326374,5124,0,5124,25620,5124,256,0,0,NaN,0,NaN,2.842170943040401e-14,0.0,
1,10,TWO_STAGE_RH,NONE,shared_battery_mode_node_level_v1,SI-Drahi_17-d1-HOM-UHI-BHI-3cae609052,TK-PB-Drahi_17-d1-HOM-UHI-62618e628e-r1,SS-19da242d4543,9,0,single_solve,OPTIMAL,FEASIBLE_POINT,727763.7569541258,727763.7569541258,0,163968,163968,251332,326374,5124,0,5124,25620,5124,256,0,0,NaN,0,NaN,2.842170943040401e-14,0.0,
1,11,TWO_STAGE_RH,NONE,shared_battery_mode_node_level_v1,SI-Drahi_17-d1-HOM-UHI-BHI-3cae609052,TK-PB-Drahi_17-d1-HOM-UHI-62618e628e-r1,SS-19da242d4543,9,0,single_solve,OPTIMAL,FEASIBLE_POINT,727763.7569541258,727763.7569541258,0,163968,163968,251332,326374,5124,0,5124,25620,5124,256,0,0,NaN,0,NaN,1.4210854715202004e-14,0.0,
1,12,TWO_STAGE_RH,NONE,shared_battery_mode_node_level_v1,SI-Drahi_17-d1-HOM-UHI-BHI-3cae609052,TK-PB-Drahi_17-d1-HOM-UHI-62618e628e-r1,SS-19da242d4543,9,0,single_solve,OPTIMAL,FEASIBLE_POINT,727763.7569541258,727763.7569541258,0,163968,163968,251332,326374,5124,0,5124,25620,5124,256,0,0,NaN,0,NaN,5.684341886080802e-14,0.0,
1,13,TWO_STAGE_RH,NONE,shared_battery_mode_node_level_v1,SI-Drahi_17-d1-HOM-UHI-BHI-3cae609052,TK-PB-Drahi_17-d1-HOM-UHI-62618e628e-r1,SS-354317d12b7f,13,0,single_solve,OPTIMAL,FEASIBLE_POINT,725999.5418485687,725999.5418485687,0,163968,163968,251332,325039,5124,0,5124,25620,5124,256,0,0,NaN,0,NaN,2.842170943040401e-14,0.0,
1,14,TWO_STAGE_RH,NONE,shared_battery_mode_node_level_v1,SI-Drahi_17-d1-HOM-UHI-BHI-3cae609052,TK-PB-Drahi_17-d1-HOM-UHI-62618e628e-r1,SS-354317d12b7f,13,0,single_solve,OPTIMAL,FEASIBLE_POINT,725999.5418485687,725999.5418485687,0,163968,163968,251332,325039,5124,0,5124,25620,5124,256,0,0,NaN,0,NaN,1.4210854715202004e-14,0.0,
1,15,TWO_STAGE_RH,NONE,shared_battery_mode_node_level_v1,SI-Drahi_17-d1-HOM-UHI-BHI-3cae609052,TK-PB-Drahi_17-d1-HOM-UHI-62618e628e-r1,SS-354317d12b7f,13,0,single_solve,OPTIMAL,FEASIBLE_POINT,725999.5418485687,725999.5418485687,0,163968,163968,251332,325039,5124,0,5124,25620,5124,256,0,0,NaN,0,NaN,3.552713678800501e-15,0.0,
1,16,TWO_STAGE_RH,NONE,shared_battery_mode_node_level_v1,SI-Drahi_17-d1-HOM-UHI-BHI-3cae609052,TK-PB-Drahi_17-d1-HOM-UHI-62618e628e-r1,SS-354317d12b7f,13,0,single_solve,OPTIMAL,FEASIBLE_POINT,725999.5418485687,725999.5418485687,0,163968,163968,251332,325039,5124,0,5124,25620,5124,256,0,0,NaN,0,NaN,2.6645352591003757e-15,0.0,
1,17,TWO_STAGE_RH,NONE,shared_battery_mode_node_level_v1,SI-Drahi_17-d1-HOM-UHI-BHI-3cae609052,TK-PB-Drahi_17-d1-HOM-UHI-62618e628e-r1,SS-c81930d9c8ba,17,0,single_solve,OPTIMAL,FEASIBLE_POINT,723991.2150451312,723991.2150451312,0,163968,163968,251332,326629,5124,0,5124,25620,5124,256,0,0,NaN,0,NaN,3.552713678800501e-15,0.0,
1,18,TWO_STAGE_RH,NONE,shared_battery_mode_node_level_v1,SI-Drahi_17-d1-HOM-UHI-BHI-3cae609052,TK-PB-Drahi_17-d1-HOM-UHI-62618e628e-r1,SS-c81930d9c8ba,17,0,single_solve,OPTIMAL,FEASIBLE_POINT,723991.2150451312,723991.2150451312,0,163968,163968,251332,326629,5124,0,5124,25620,5124,256,0,0,NaN,0,NaN,1.7763568394002505e-15,0.0,
1,19,TWO_STAGE_RH,NONE,shared_battery_mode_node_level_v1,SI-Drahi_17-d1-HOM-UHI-BHI-3cae609052,TK-PB-Drahi_17-d1-HOM-UHI-62618e628e-r1,SS-c81930d9c8ba,17,0,single_solve,OPTIMAL,FEASIBLE_POINT,723991.2150451312,723991.2150451312,0,163968,163968,251332,326629,5124,0,5124,25620,5124,256,0,0,NaN,0,NaN,5.551115123125783e-17,0.0,
1,20,TWO_STAGE_RH,NONE,shared_battery_mode_node_level_v1,SI-Drahi_17-d1-HOM-UHI-BHI-3cae609052,TK-PB-Drahi_17-d1-HOM-UHI-62618e628e-r1,SS-c81930d9c8ba,17,0,single_solve,OPTIMAL,FEASIBLE_POINT,723991.2150451312,723991.2150451312,0,163968,163968,251332,326629,5124,0,5124,25620,5124,256,0,0,NaN,0,NaN,0.0,0.0,
1,21,TWO_STAGE_RH,NONE,shared_battery_mode_node_level_v1,SI-Drahi_17-d1-HOM-UHI-BHI-3cae609052,TK-PB-Drahi_17-d1-HOM-UHI-62618e628e-r1,SS-3cf9bda45ea4,21,0,single_solve,OPTIMAL,FEASIBLE_POINT,725584.5399225017,725584.5399225017,0,163968,163968,251332,329159,5124,0,5124,25620,5124,256,0,0,NaN,0,NaN,0.0,0.0,
1,22,TWO_STAGE_RH,NONE,shared_battery_mode_node_level_v1,SI-Drahi_17-d1-HOM-UHI-BHI-3cae609052,TK-PB-Drahi_17-d1-HOM-UHI-62618e628e-r1,SS-3cf9bda45ea4,21,0,single_solve,OPTIMAL,FEASIBLE_POINT,725584.5399225017,725584.5399225017,0,163968,163968,251332,329159,5124,0,5124,25620,5124,256,0,0,NaN,0,NaN,0.0,0.0,
1,23,TWO_STAGE_RH,NONE,shared_battery_mode_node_level_v1,SI-Drahi_17-d1-HOM-UHI-BHI-3cae609052,TK-PB-Drahi_17-d1-HOM-UHI-62618e628e-r1,SS-3cf9bda45ea4,21,0,single_solve,OPTIMAL,FEASIBLE_POINT,725584.5399225017,725584.5399225017,0,163968,163968,251332,329159,5124,0,5124,25620,5124,256,0,0,NaN,0,NaN,0.0,0.0,
1,24,TWO_STAGE_RH,NONE,shared_battery_mode_node_level_v1,SI-Drahi_17-d1-HOM-UHI-BHI-3cae609052,TK-PB-Drahi_17-d1-HOM-UHI-62618e628e-r1,SS-3cf9bda45ea4,21,0,single_solve,OPTIMAL,FEASIBLE_POINT,725584.5399225017,725584.5399225017,0,163968,163968,251332,329159,5124,0,5124,25620,5124,256,0,0,NaN,0,NaN,0.0,0.0,
1,1,TWO_STAGE_RH,PEA,shared_battery_mode_node_level_v1,SI-Drahi_17-d1-HOM-UHI-BHI-3cae609052,TK-PB-Drahi_17-d1-HOM-UHI-62618e628e-r1,SS-5d5bbea46d20,1,0,single_solve,OPTIMAL,FEASIBLE_POINT,741230.3442749933,741230.3442749933,0,163968,163968,251337,354499,5124,0,5124,25620,5124,256,0,0,NaN,0,NaN,1.4210854715202004e-14,3.694822225952521e-13,
1,2,TWO_STAGE_RH,PEA,shared_battery_mode_node_level_v1,SI-Drahi_17-d1-HOM-UHI-BHI-3cae609052,TK-PB-Drahi_17-d1-HOM-UHI-62618e628e-r1,SS-5d5bbea46d20,1,0,single_solve,OPTIMAL,FEASIBLE_POINT,741230.3442749933,741230.3442749933,0,163968,163968,251337,354499,5124,0,5124,25620,5124,256,0,0,NaN,0,NaN,7.105427357601002e-15,3.694822225952521e-13,
1,3,TWO_STAGE_RH,PEA,shared_battery_mode_node_level_v1,SI-Drahi_17-d1-HOM-UHI-BHI-3cae609052,TK-PB-Drahi_17-d1-HOM-UHI-62618e628e-r1,SS-5d5bbea46d20,1,0,single_solve,OPTIMAL,FEASIBLE_POINT,741230.3442749933,741230.3442749933,0,163968,163968,251337,354499,5124,0,5124,25620,5124,256,0,0,NaN,0,NaN,7.105427357601002e-15,3.694822225952521e-13,
1,4,TWO_STAGE_RH,PEA,shared_battery_mode_node_level_v1,SI-Drahi_17-d1-HOM-UHI-BHI-3cae609052,TK-PB-Drahi_17-d1-HOM-UHI-62618e628e-r1,SS-5d5bbea46d20,1,0,single_solve,OPTIMAL,FEASIBLE_POINT,741230.3442749933,741230.3442749933,0,163968,163968,251337,354499,5124,0,5124,25620,5124,256,0,0,NaN,0,NaN,7.105427357601002e-15,3.694822225952521e-13,
1,5,TWO_STAGE_RH,PEA,shared_battery_mode_node_level_v1,SI-Drahi_17-d1-HOM-UHI-BHI-3cae609052,TK-PB-Drahi_17-d1-HOM-UHI-62618e628e-r1,SS-102adc95e052,5,0,single_solve,OPTIMAL,FEASIBLE_POINT,682850.7072003689,682850.7072003689,0,163968,163968,251337,352219,5124,0,5124,25620,5124,256,0,0,NaN,0,NaN,0.0,2.5011104298755527e-12,
1,6,TWO_STAGE_RH,PEA,shared_battery_mode_node_level_v1,SI-Drahi_17-d1-HOM-UHI-BHI-3cae609052,TK-PB-Drahi_17-d1-HOM-UHI-62618e628e-r1,SS-102adc95e052,5,0,single_solve,OPTIMAL,FEASIBLE_POINT,682850.7072003689,682850.7072003689,0,163968,163968,251337,352219,5124,0,5124,25620,5124,256,0,0,NaN,0,NaN,1.4210854715202004e-14,2.5011104298755527e-12,
1,7,TWO_STAGE_RH,PEA,shared_battery_mode_node_level_v1,SI-Drahi_17-d1-HOM-UHI-BHI-3cae609052,TK-PB-Drahi_17-d1-HOM-UHI-62618e628e-r1,SS-102adc95e052,5,0,single_solve,OPTIMAL,FEASIBLE_POINT,682850.7072003689,682850.7072003689,0,163968,163968,251337,352219,5124,0,5124,25620,5124,256,0,0,NaN,0,NaN,7.105427357601002e-15,2.5011104298755527e-12,
1,8,TWO_STAGE_RH,PEA,shared_battery_mode_node_level_v1,SI-Drahi_17-d1-HOM-UHI-BHI-3cae609052,TK-PB-Drahi_17-d1-HOM-UHI-62618e628e-r1,SS-102adc95e052,5,0,single_solve,OPTIMAL,FEASIBLE_POINT,682850.7072003689,682850.7072003689,0,163968,163968,251337,352219,5124,0,5124,25620,5124,256,0,0,NaN,0,NaN,2.842170943040401e-14,2.5011104298755527e-12,
1,9,TWO_STAGE_RH,PEA,shared_battery_mode_node_level_v1,SI-Drahi_17-d1-HOM-UHI-BHI-3cae609052,TK-PB-Drahi_17-d1-HOM-UHI-62618e628e-r1,SS-19da242d4543,9,0,single_solve,OPTIMAL,FEASIBLE_POINT,727763.7569541258,727763.7569541258,0,163968,163968,251337,351994,5124,0,5124,25620,5124,256,0,0,NaN,0,NaN,2.842170943040401e-14,5.286437954055145e-12,
1,10,TWO_STAGE_RH,PEA,shared_battery_mode_node_level_v1,SI-Drahi_17-d1-HOM-UHI-BHI-3cae609052,TK-PB-Drahi_17-d1-HOM-UHI-62618e628e-r1,SS-19da242d4543,9,0,single_solve,OPTIMAL,FEASIBLE_POINT,727763.7569541258,727763.7569541258,0,163968,163968,251337,351994,5124,0,5124,25620,5124,256,0,0,NaN,0,NaN,2.842170943040401e-14,5.286437954055145e-12,
1,11,TWO_STAGE_RH,PEA,shared_battery_mode_node_level_v1,SI-Drahi_17-d1-HOM-UHI-BHI-3cae609052,TK-PB-Drahi_17-d1-HOM-UHI-62618e628e-r1,SS-19da242d4543,9,0,single_solve,OPTIMAL,FEASIBLE_POINT,727763.7569541258,727763.7569541258,0,163968,163968,251337,351994,5124,0,5124,25620,5124,256,0,0,NaN,0,NaN,1.4210854715202004e-14,5.286437954055145e-12,
1,12,TWO_STAGE_RH,PEA,shared_battery_mode_node_level_v1,SI-Drahi_17-d1-HOM-UHI-BHI-3cae609052,TK-PB-Drahi_17-d1-HOM-UHI-62618e628e-r1,SS-19da242d4543,9,0,single_solve,OPTIMAL,FEASIBLE_POINT,727763.7569541258,727763.7569541258,0,163968,163968,251337,351994,5124,0,5124,25620,5124,256,0,0,NaN,0,NaN,5.684341886080802e-14,5.286437954055145e-12,
1,13,TWO_STAGE_RH,PEA,shared_battery_mode_node_level_v1,SI-Drahi_17-d1-HOM-UHI-BHI-3cae609052,TK-PB-Drahi_17-d1-HOM-UHI-62618e628e-r1,SS-354317d12b7f,13,0,single_solve,OPTIMAL,FEASIBLE_POINT,725999.5418485688,725999.5418485688,0,163968,163968,251337,350659,5124,0,5124,25620,5124,256,0,0,NaN,0,NaN,2.842170943040401e-14,1.0402345651527867e-11,
1,14,TWO_STAGE_RH,PEA,shared_battery_mode_node_level_v1,SI-Drahi_17-d1-HOM-UHI-BHI-3cae609052,TK-PB-Drahi_17-d1-HOM-UHI-62618e628e-r1,SS-354317d12b7f,13,0,single_solve,OPTIMAL,FEASIBLE_POINT,725999.5418485688,725999.5418485688,0,163968,163968,251337,350659,5124,0,5124,25620,5124,256,0,0,NaN,0,NaN,1.4210854715202004e-14,1.0402345651527867e-11,
1,15,TWO_STAGE_RH,PEA,shared_battery_mode_node_level_v1,SI-Drahi_17-d1-HOM-UHI-BHI-3cae609052,TK-PB-Drahi_17-d1-HOM-UHI-62618e628e-r1,SS-354317d12b7f,13,0,single_solve,OPTIMAL,FEASIBLE_POINT,725999.5418485688,725999.5418485688,0,163968,163968,251337,350659,5124,0,5124,25620,5124,256,0,0,NaN,0,NaN,7.105427357601002e-15,1.0402345651527867e-11,
1,16,TWO_STAGE_RH,PEA,shared_battery_mode_node_level_v1,SI-Drahi_17-d1-HOM-UHI-BHI-3cae609052,TK-PB-Drahi_17-d1-HOM-UHI-62618e628e-r1,SS-354317d12b7f,13,0,single_solve,OPTIMAL,FEASIBLE_POINT,725999.5418485688,725999.5418485688,0,163968,163968,251337,350659,5124,0,5124,25620,5124,256,0,0,NaN,0,NaN,7.105427357601002e-15,1.0402345651527867e-11,
1,17,TWO_STAGE_RH,PEA,shared_battery_mode_node_level_v1,SI-Drahi_17-d1-HOM-UHI-BHI-3cae609052,TK-PB-Drahi_17-d1-HOM-UHI-62618e628e-r1,SS-c81930d9c8ba,17,0,single_solve,OPTIMAL,FEASIBLE_POINT,723991.2150451313,723991.2150451313,0,163968,163968,251337,352249,5124,0,5124,25620,5124,256,0,0,NaN,0,NaN,3.552713678800501e-15,1.1368683772161603e-12,
1,18,TWO_STAGE_RH,PEA,shared_battery_mode_node_level_v1,SI-Drahi_17-d1-HOM-UHI-BHI-3cae609052,TK-PB-Drahi_17-d1-HOM-UHI-62618e628e-r1,SS-c81930d9c8ba,17,0,single_solve,OPTIMAL,FEASIBLE_POINT,723991.2150451313,723991.2150451313,0,163968,163968,251337,352249,5124,0,5124,25620,5124,256,0,0,NaN,0,NaN,6.661338147750939e-16,1.1368683772161603e-12,
1,19,TWO_STAGE_RH,PEA,shared_battery_mode_node_level_v1,SI-Drahi_17-d1-HOM-UHI-BHI-3cae609052,TK-PB-Drahi_17-d1-HOM-UHI-62618e628e-r1,SS-c81930d9c8ba,17,0,single_solve,OPTIMAL,FEASIBLE_POINT,723991.2150451313,723991.2150451313,0,163968,163968,251337,352249,5124,0,5124,25620,5124,256,0,0,NaN,0,NaN,5.551115123125783e-17,1.1368683772161603e-12,
1,20,TWO_STAGE_RH,PEA,shared_battery_mode_node_level_v1,SI-Drahi_17-d1-HOM-UHI-BHI-3cae609052,TK-PB-Drahi_17-d1-HOM-UHI-62618e628e-r1,SS-c81930d9c8ba,17,0,single_solve,OPTIMAL,FEASIBLE_POINT,723991.2150451313,723991.2150451313,0,163968,163968,251337,352249,5124,0,5124,25620,5124,256,0,0,NaN,0,NaN,0.0,1.1368683772161603e-12,
1,21,TWO_STAGE_RH,PEA,shared_battery_mode_node_level_v1,SI-Drahi_17-d1-HOM-UHI-BHI-3cae609052,TK-PB-Drahi_17-d1-HOM-UHI-62618e628e-r1,SS-3cf9bda45ea4,21,0,single_solve,OPTIMAL,FEASIBLE_POINT,725584.5399225017,725584.5399225017,0,163968,163968,251337,354779,5124,0,5124,25620,5124,256,0,0,NaN,0,NaN,0.0,1.1368683772161603e-13,
1,22,TWO_STAGE_RH,PEA,shared_battery_mode_node_level_v1,SI-Drahi_17-d1-HOM-UHI-BHI-3cae609052,TK-PB-Drahi_17-d1-HOM-UHI-62618e628e-r1,SS-3cf9bda45ea4,21,0,single_solve,OPTIMAL,FEASIBLE_POINT,725584.5399225017,725584.5399225017,0,163968,163968,251337,354779,5124,0,5124,25620,5124,256,0,0,NaN,0,NaN,0.0,1.1368683772161603e-13,
1,23,TWO_STAGE_RH,PEA,shared_battery_mode_node_level_v1,SI-Drahi_17-d1-HOM-UHI-BHI-3cae609052,TK-PB-Drahi_17-d1-HOM-UHI-62618e628e-r1,SS-3cf9bda45ea4,21,0,single_solve,OPTIMAL,FEASIBLE_POINT,725584.5399225017,725584.5399225017,0,163968,163968,251337,354779,5124,0,5124,25620,5124,256,0,0,NaN,0,NaN,0.0,1.1368683772161603e-13,
1,24,TWO_STAGE_RH,PEA,shared_battery_mode_node_level_v1,SI-Drahi_17-d1-HOM-UHI-BHI-3cae609052,TK-PB-Drahi_17-d1-HOM-UHI-62618e628e-r1,SS-3cf9bda45ea4,21,0,single_solve,OPTIMAL,FEASIBLE_POINT,725584.5399225017,725584.5399225017,0,163968,163968,251337,354779,5124,0,5124,25620,5124,256,0,0,NaN,0,NaN,0.0,1.1368683772161603e-13,
1,1,TWO_STAGE_RH,SA,shared_battery_mode_node_level_v1,SI-Drahi_17-d1-HOM-UHI-BHI-3cae609052,TK-PB-Drahi_17-d1-HOM-UHI-62618e628e-r1,SS-5d5bbea46d20,1,0,single_solve,OPTIMAL,FEASIBLE_POINT,741230.3442749935,741230.3442749935,0,163968,163968,251337,713179,5124,0,5124,25620,5124,256,0,0,NaN,0,NaN,2.842170943040401e-14,1.964508555829525e-10,
1,2,TWO_STAGE_RH,SA,shared_battery_mode_node_level_v1,SI-Drahi_17-d1-HOM-UHI-BHI-3cae609052,TK-PB-Drahi_17-d1-HOM-UHI-62618e628e-r1,SS-5d5bbea46d20,1,0,single_solve,OPTIMAL,FEASIBLE_POINT,741230.3442749935,741230.3442749935,0,163968,163968,251337,713179,5124,0,5124,25620,5124,256,0,0,NaN,0,NaN,1.4210854715202004e-14,1.964508555829525e-10,
1,3,TWO_STAGE_RH,SA,shared_battery_mode_node_level_v1,SI-Drahi_17-d1-HOM-UHI-BHI-3cae609052,TK-PB-Drahi_17-d1-HOM-UHI-62618e628e-r1,SS-5d5bbea46d20,1,0,single_solve,OPTIMAL,FEASIBLE_POINT,741230.3442749935,741230.3442749935,0,163968,163968,251337,713179,5124,0,5124,25620,5124,256,0,0,NaN,0,NaN,1.4210854715202004e-14,1.964508555829525e-10,
1,4,TWO_STAGE_RH,SA,shared_battery_mode_node_level_v1,SI-Drahi_17-d1-HOM-UHI-BHI-3cae609052,TK-PB-Drahi_17-d1-HOM-UHI-62618e628e-r1,SS-5d5bbea46d20,1,0,single_solve,OPTIMAL,FEASIBLE_POINT,741230.3442749935,741230.3442749935,0,163968,163968,251337,713179,5124,0,5124,25620,5124,256,0,0,NaN,0,NaN,1.4210854715202004e-14,1.964508555829525e-10,
1,5,TWO_STAGE_RH,SA,shared_battery_mode_node_level_v1,SI-Drahi_17-d1-HOM-UHI-BHI-3cae609052,TK-PB-Drahi_17-d1-HOM-UHI-62618e628e-r1,SS-102adc95e052,5,0,single_solve,OPTIMAL,FEASIBLE_POINT,682850.7072003672,682850.7072003672,0,163968,163968,251337,710899,5124,0,5124,25620,5124,256,0,0,NaN,0,NaN,1.4210854715202004e-13,2.0372681319713593e-10,
1,6,TWO_STAGE_RH,SA,shared_battery_mode_node_level_v1,SI-Drahi_17-d1-HOM-UHI-BHI-3cae609052,TK-PB-Drahi_17-d1-HOM-UHI-62618e628e-r1,SS-102adc95e052,5,0,single_solve,OPTIMAL,FEASIBLE_POINT,682850.7072003672,682850.7072003672,0,163968,163968,251337,710899,5124,0,5124,25620,5124,256,0,0,NaN,0,NaN,2.3447910280083306e-13,2.0372681319713593e-10,
1,7,TWO_STAGE_RH,SA,shared_battery_mode_node_level_v1,SI-Drahi_17-d1-HOM-UHI-BHI-3cae609052,TK-PB-Drahi_17-d1-HOM-UHI-62618e628e-r1,SS-102adc95e052,5,0,single_solve,OPTIMAL,FEASIBLE_POINT,682850.7072003672,682850.7072003672,0,163968,163968,251337,710899,5124,0,5124,25620,5124,256,0,0,NaN,0,NaN,2.842170943040401e-14,2.0372681319713593e-10,
1,8,TWO_STAGE_RH,SA,shared_battery_mode_node_level_v1,SI-Drahi_17-d1-HOM-UHI-BHI-3cae609052,TK-PB-Drahi_17-d1-HOM-UHI-62618e628e-r1,SS-102adc95e052,5,0,single_solve,OPTIMAL,FEASIBLE_POINT,682850.7072003672,682850.7072003672,0,163968,163968,251337,710899,5124,0,5124,25620,5124,256,0,0,NaN,0,NaN,2.842170943040401e-14,2.0372681319713593e-10,
1,9,TWO_STAGE_RH,SA,shared_battery_mode_node_level_v1,SI-Drahi_17-d1-HOM-UHI-BHI-3cae609052,TK-PB-Drahi_17-d1-HOM-UHI-62618e628e-r1,SS-19da242d4543,9,0,single_solve,OPTIMAL,FEASIBLE_POINT,727763.7569541263,727763.7569541263,0,163968,163968,251337,710674,5124,0,5124,25620,5124,256,0,0,NaN,0,NaN,1.4210854715202004e-14,2.1827872842550278e-10,
1,10,TWO_STAGE_RH,SA,shared_battery_mode_node_level_v1,SI-Drahi_17-d1-HOM-UHI-BHI-3cae609052,TK-PB-Drahi_17-d1-HOM-UHI-62618e628e-r1,SS-19da242d4543,9,0,single_solve,OPTIMAL,FEASIBLE_POINT,727763.7569541263,727763.7569541263,0,163968,163968,251337,710674,5124,0,5124,25620,5124,256,0,0,NaN,0,NaN,2.842170943040401e-14,2.1827872842550278e-10,
1,11,TWO_STAGE_RH,SA,shared_battery_mode_node_level_v1,SI-Drahi_17-d1-HOM-UHI-BHI-3cae609052,TK-PB-Drahi_17-d1-HOM-UHI-62618e628e-r1,SS-19da242d4543,9,0,single_solve,OPTIMAL,FEASIBLE_POINT,727763.7569541263,727763.7569541263,0,163968,163968,251337,710674,5124,0,5124,25620,5124,256,0,0,NaN,0,NaN,0.0,2.1827872842550278e-10,
1,12,TWO_STAGE_RH,SA,shared_battery_mode_node_level_v1,SI-Drahi_17-d1-HOM-UHI-BHI-3cae609052,TK-PB-Drahi_17-d1-HOM-UHI-62618e628e-r1,SS-19da242d4543,9,0,single_solve,OPTIMAL,FEASIBLE_POINT,727763.7569541263,727763.7569541263,0,163968,163968,251337,710674,5124,0,5124,25620,5124,256,0,0,NaN,0,NaN,5.684341886080802e-14,2.1827872842550278e-10,
1,13,TWO_STAGE_RH,SA,shared_battery_mode_node_level_v1,SI-Drahi_17-d1-HOM-UHI-BHI-3cae609052,TK-PB-Drahi_17-d1-HOM-UHI-62618e628e-r1,SS-354317d12b7f,13,0,single_solve,OPTIMAL,FEASIBLE_POINT,725999.5418485687,725999.5418485687,0,163968,163968,251337,709339,5124,0,5124,25620,5124,256,0,0,NaN,0,NaN,0.0,3.92901711165905e-10,
1,14,TWO_STAGE_RH,SA,shared_battery_mode_node_level_v1,SI-Drahi_17-d1-HOM-UHI-BHI-3cae609052,TK-PB-Drahi_17-d1-HOM-UHI-62618e628e-r1,SS-354317d12b7f,13,0,single_solve,OPTIMAL,FEASIBLE_POINT,725999.5418485687,725999.5418485687,0,163968,163968,251337,709339,5124,0,5124,25620,5124,256,0,0,NaN,0,NaN,2.842170943040401e-14,3.92901711165905e-10,
1,15,TWO_STAGE_RH,SA,shared_battery_mode_node_level_v1,SI-Drahi_17-d1-HOM-UHI-BHI-3cae609052,TK-PB-Drahi_17-d1-HOM-UHI-62618e628e-r1,SS-354317d12b7f,13,0,single_solve,OPTIMAL,FEASIBLE_POINT,725999.5418485687,725999.5418485687,0,163968,163968,251337,709339,5124,0,5124,25620,5124,256,0,0,NaN,0,NaN,3.552713678800501e-15,3.92901711165905e-10,
1,16,TWO_STAGE_RH,SA,shared_battery_mode_node_level_v1,SI-Drahi_17-d1-HOM-UHI-BHI-3cae609052,TK-PB-Drahi_17-d1-HOM-UHI-62618e628e-r1,SS-354317d12b7f,13,0,single_solve,OPTIMAL,FEASIBLE_POINT,725999.5418485687,725999.5418485687,0,163968,163968,251337,709339,5124,0,5124,25620,5124,256,0,0,NaN,0,NaN,2.6645352591003757e-15,3.92901711165905e-10,
1,17,TWO_STAGE_RH,SA,shared_battery_mode_node_level_v1,SI-Drahi_17-d1-HOM-UHI-BHI-3cae609052,TK-PB-Drahi_17-d1-HOM-UHI-62618e628e-r1,SS-c81930d9c8ba,17,0,single_solve,OPTIMAL,FEASIBLE_POINT,723991.2150451313,723991.2150451313,0,163968,163968,251337,710929,5124,0,5124,25620,5124,256,0,0,NaN,0,NaN,7.105427357601002e-15,3.92901711165905e-10,
1,18,TWO_STAGE_RH,SA,shared_battery_mode_node_level_v1,SI-Drahi_17-d1-HOM-UHI-BHI-3cae609052,TK-PB-Drahi_17-d1-HOM-UHI-62618e628e-r1,SS-c81930d9c8ba,17,0,single_solve,OPTIMAL,FEASIBLE_POINT,723991.2150451313,723991.2150451313,0,163968,163968,251337,710929,5124,0,5124,25620,5124,256,0,0,NaN,0,NaN,6.661338147750939e-16,3.92901711165905e-10,
1,19,TWO_STAGE_RH,SA,shared_battery_mode_node_level_v1,SI-Drahi_17-d1-HOM-UHI-BHI-3cae609052,TK-PB-Drahi_17-d1-HOM-UHI-62618e628e-r1,SS-c81930d9c8ba,17,0,single_solve,OPTIMAL,FEASIBLE_POINT,723991.2150451313,723991.2150451313,0,163968,163968,251337,710929,5124,0,5124,25620,5124,256,0,0,NaN,0,NaN,1.1102230246251565e-16,3.92901711165905e-10,
1,20,TWO_STAGE_RH,SA,shared_battery_mode_node_level_v1,SI-Drahi_17-d1-HOM-UHI-BHI-3cae609052,TK-PB-Drahi_17-d1-HOM-UHI-62618e628e-r1,SS-c81930d9c8ba,17,0,single_solve,OPTIMAL,FEASIBLE_POINT,723991.2150451313,723991.2150451313,0,163968,163968,251337,710929,5124,0,5124,25620,5124,256,0,0,NaN,0,NaN,0.0,3.92901711165905e-10,
1,21,TWO_STAGE_RH,SA,shared_battery_mode_node_level_v1,SI-Drahi_17-d1-HOM-UHI-BHI-3cae609052,TK-PB-Drahi_17-d1-HOM-UHI-62618e628e-r1,SS-3cf9bda45ea4,21,0,single_solve,OPTIMAL,FEASIBLE_POINT,725584.5399225018,725584.5399225018,0,163968,163968,251337,713459,5124,0,5124,25620,5124,256,0,0,NaN,0,NaN,0.0,1.8917489796876907e-10,
1,22,TWO_STAGE_RH,SA,shared_battery_mode_node_level_v1,SI-Drahi_17-d1-HOM-UHI-BHI-3cae609052,TK-PB-Drahi_17-d1-HOM-UHI-62618e628e-r1,SS-3cf9bda45ea4,21,0,single_solve,OPTIMAL,FEASIBLE_POINT,725584.5399225018,725584.5399225018,0,163968,163968,251337,713459,5124,0,5124,25620,5124,256,0,0,NaN,0,NaN,0.0,1.8917489796876907e-10,
1,23,TWO_STAGE_RH,SA,shared_battery_mode_node_level_v1,SI-Drahi_17-d1-HOM-UHI-BHI-3cae609052,TK-PB-Drahi_17-d1-HOM-UHI-62618e628e-r1,SS-3cf9bda45ea4,21,0,single_solve,OPTIMAL,FEASIBLE_POINT,725584.5399225018,725584.5399225018,0,163968,163968,251337,713459,5124,0,5124,25620,5124,256,0,0,NaN,0,NaN,2.842170943040401e-14,1.8917489796876907e-10,
1,24,TWO_STAGE_RH,SA,shared_battery_mode_node_level_v1,SI-Drahi_17-d1-HOM-UHI-BHI-3cae609052,TK-PB-Drahi_17-d1-HOM-UHI-62618e628e-r1,SS-3cf9bda45ea4,21,0,single_solve,OPTIMAL,FEASIBLE_POINT,725584.5399225018,725584.5399225018,0,163968,163968,251337,713459,5124,0,5124,25620,5124,256,0,0,NaN,0,NaN,2.842170943040401e-14,1.8917489796876907e-10,
1,1,TWO_STAGE_RH,STATIC_DEMAND_SHARE,shared_battery_mode_node_level_v1,SI-Drahi_17-d1-HOM-UHI-BHI-3cae609052,TK-PB-Drahi_17-d1-HOM-UHI-62618e628e-r1,SS-5d5bbea46d20,1,0,single_solve,OPTIMAL,FEASIBLE_POINT,741230.3442749891,741230.3442749891,0,163968,163968,276952,354499,5124,0,5124,25620,5124,256,0,0,NaN,0,NaN,1.4210854715202004e-14,0.0,
1,2,TWO_STAGE_RH,STATIC_DEMAND_SHARE,shared_battery_mode_node_level_v1,SI-Drahi_17-d1-HOM-UHI-BHI-3cae609052,TK-PB-Drahi_17-d1-HOM-UHI-62618e628e-r1,SS-5d5bbea46d20,1,0,single_solve,OPTIMAL,FEASIBLE_POINT,741230.3442749891,741230.3442749891,0,163968,163968,276952,354499,5124,0,5124,25620,5124,256,0,0,NaN,0,NaN,1.4210854715202004e-14,0.0,
1,3,TWO_STAGE_RH,STATIC_DEMAND_SHARE,shared_battery_mode_node_level_v1,SI-Drahi_17-d1-HOM-UHI-BHI-3cae609052,TK-PB-Drahi_17-d1-HOM-UHI-62618e628e-r1,SS-5d5bbea46d20,1,0,single_solve,OPTIMAL,FEASIBLE_POINT,741230.3442749891,741230.3442749891,0,163968,163968,276952,354499,5124,0,5124,25620,5124,256,0,0,NaN,0,NaN,7.105427357601002e-15,0.0,
1,4,TWO_STAGE_RH,STATIC_DEMAND_SHARE,shared_battery_mode_node_level_v1,SI-Drahi_17-d1-HOM-UHI-BHI-3cae609052,TK-PB-Drahi_17-d1-HOM-UHI-62618e628e-r1,SS-5d5bbea46d20,1,0,single_solve,OPTIMAL,FEASIBLE_POINT,741230.3442749891,741230.3442749891,0,163968,163968,276952,354499,5124,0,5124,25620,5124,256,0,0,NaN,0,NaN,7.105427357601002e-15,0.0,
1,5,TWO_STAGE_RH,STATIC_DEMAND_SHARE,shared_battery_mode_node_level_v1,SI-Drahi_17-d1-HOM-UHI-BHI-3cae609052,TK-PB-Drahi_17-d1-HOM-UHI-62618e628e-r1,SS-102adc95e052,5,0,single_solve,OPTIMAL,FEASIBLE_POINT,682850.7072003661,682850.7072003661,0,163968,163968,276952,352219,5124,0,5124,25620,5124,256,0,0,NaN,0,NaN,0.0,0.0,
1,6,TWO_STAGE_RH,STATIC_DEMAND_SHARE,shared_battery_mode_node_level_v1,SI-Drahi_17-d1-HOM-UHI-BHI-3cae609052,TK-PB-Drahi_17-d1-HOM-UHI-62618e628e-r1,SS-102adc95e052,5,0,single_solve,OPTIMAL,FEASIBLE_POINT,682850.7072003661,682850.7072003661,0,163968,163968,276952,352219,5124,0,5124,25620,5124,256,0,0,NaN,0,NaN,3.552713678800501e-15,0.0,
1,7,TWO_STAGE_RH,STATIC_DEMAND_SHARE,shared_battery_mode_node_level_v1,SI-Drahi_17-d1-HOM-UHI-BHI-3cae609052,TK-PB-Drahi_17-d1-HOM-UHI-62618e628e-r1,SS-102adc95e052,5,0,single_solve,OPTIMAL,FEASIBLE_POINT,682850.7072003661,682850.7072003661,0,163968,163968,276952,352219,5124,0,5124,25620,5124,256,0,0,NaN,0,NaN,1.4210854715202004e-14,0.0,
1,8,TWO_STAGE_RH,STATIC_DEMAND_SHARE,shared_battery_mode_node_level_v1,SI-Drahi_17-d1-HOM-UHI-BHI-3cae609052,TK-PB-Drahi_17-d1-HOM-UHI-62618e628e-r1,SS-102adc95e052,5,0,single_solve,OPTIMAL,FEASIBLE_POINT,682850.7072003661,682850.7072003661,0,163968,163968,276952,352219,5124,0,5124,25620,5124,256,0,0,NaN,0,NaN,2.842170943040401e-14,0.0,
1,9,TWO_STAGE_RH,STATIC_DEMAND_SHARE,shared_battery_mode_node_level_v1,SI-Drahi_17-d1-HOM-UHI-BHI-3cae609052,TK-PB-Drahi_17-d1-HOM-UHI-62618e628e-r1,SS-19da242d4543,9,0,single_solve,OPTIMAL,FEASIBLE_POINT,727763.7569541249,727763.7569541249,0,163968,163968,276952,351994,5124,0,5124,25620,5124,256,0,0,NaN,0,NaN,4.274358644806853e-15,0.0,
1,10,TWO_STAGE_RH,STATIC_DEMAND_SHARE,shared_battery_mode_node_level_v1,SI-Drahi_17-d1-HOM-UHI-BHI-3cae609052,TK-PB-Drahi_17-d1-HOM-UHI-62618e628e-r1,SS-19da242d4543,9,0,single_solve,OPTIMAL,FEASIBLE_POINT,727763.7569541249,727763.7569541249,0,163968,163968,276952,351994,5124,0,5124,25620,5124,256,0,0,NaN,0,NaN,2.842170943040401e-14,0.0,
1,11,TWO_STAGE_RH,STATIC_DEMAND_SHARE,shared_battery_mode_node_level_v1,SI-Drahi_17-d1-HOM-UHI-BHI-3cae609052,TK-PB-Drahi_17-d1-HOM-UHI-62618e628e-r1,SS-19da242d4543,9,0,single_solve,OPTIMAL,FEASIBLE_POINT,727763.7569541249,727763.7569541249,0,163968,163968,276952,351994,5124,0,5124,25620,5124,256,0,0,NaN,0,NaN,0.0,0.0,
1,12,TWO_STAGE_RH,STATIC_DEMAND_SHARE,shared_battery_mode_node_level_v1,SI-Drahi_17-d1-HOM-UHI-BHI-3cae609052,TK-PB-Drahi_17-d1-HOM-UHI-62618e628e-r1,SS-19da242d4543,9,0,single_solve,OPTIMAL,FEASIBLE_POINT,727763.7569541249,727763.7569541249,0,163968,163968,276952,351994,5124,0,5124,25620,5124,256,0,0,NaN,0,NaN,7.105427357601002e-15,0.0,
1,13,TWO_STAGE_RH,STATIC_DEMAND_SHARE,shared_battery_mode_node_level_v1,SI-Drahi_17-d1-HOM-UHI-BHI-3cae609052,TK-PB-Drahi_17-d1-HOM-UHI-62618e628e-r1,SS-354317d12b7f,13,0,single_solve,OPTIMAL,FEASIBLE_POINT,725999.541848565,725999.541848565,0,163968,163968,276952,350659,5124,0,5124,25620,5124,256,0,0,NaN,0,NaN,0.0,0.0,
1,14,TWO_STAGE_RH,STATIC_DEMAND_SHARE,shared_battery_mode_node_level_v1,SI-Drahi_17-d1-HOM-UHI-BHI-3cae609052,TK-PB-Drahi_17-d1-HOM-UHI-62618e628e-r1,SS-354317d12b7f,13,0,single_solve,OPTIMAL,FEASIBLE_POINT,725999.541848565,725999.541848565,0,163968,163968,276952,350659,5124,0,5124,25620,5124,256,0,0,NaN,0,NaN,1.4210854715202004e-14,0.0,
1,15,TWO_STAGE_RH,STATIC_DEMAND_SHARE,shared_battery_mode_node_level_v1,SI-Drahi_17-d1-HOM-UHI-BHI-3cae609052,TK-PB-Drahi_17-d1-HOM-UHI-62618e628e-r1,SS-354317d12b7f,13,0,single_solve,OPTIMAL,FEASIBLE_POINT,725999.541848565,725999.541848565,0,163968,163968,276952,350659,5124,0,5124,25620,5124,256,0,0,NaN,0,NaN,0.0,0.0,
1,16,TWO_STAGE_RH,STATIC_DEMAND_SHARE,shared_battery_mode_node_level_v1,SI-Drahi_17-d1-HOM-UHI-BHI-3cae609052,TK-PB-Drahi_17-d1-HOM-UHI-62618e628e-r1,SS-354317d12b7f,13,0,single_solve,OPTIMAL,FEASIBLE_POINT,725999.541848565,725999.541848565,0,163968,163968,276952,350659,5124,0,5124,25620,5124,256,0,0,NaN,0,NaN,0.0,0.0,
1,17,TWO_STAGE_RH,STATIC_DEMAND_SHARE,shared_battery_mode_node_level_v1,SI-Drahi_17-d1-HOM-UHI-BHI-3cae609052,TK-PB-Drahi_17-d1-HOM-UHI-62618e628e-r1,SS-c81930d9c8ba,17,0,single_solve,OPTIMAL,FEASIBLE_POINT,723991.2150451316,723991.2150451316,0,163968,163968,276952,352249,5124,0,5124,25620,5124,256,0,0,NaN,0,NaN,8.881784197001252e-16,0.0,
1,18,TWO_STAGE_RH,STATIC_DEMAND_SHARE,shared_battery_mode_node_level_v1,SI-Drahi_17-d1-HOM-UHI-BHI-3cae609052,TK-PB-Drahi_17-d1-HOM-UHI-62618e628e-r1,SS-c81930d9c8ba,17,0,single_solve,OPTIMAL,FEASIBLE_POINT,723991.2150451316,723991.2150451316,0,163968,163968,276952,352249,5124,0,5124,25620,5124,256,0,0,NaN,0,NaN,0.0,0.0,
1,19,TWO_STAGE_RH,STATIC_DEMAND_SHARE,shared_battery_mode_node_level_v1,SI-Drahi_17-d1-HOM-UHI-BHI-3cae609052,TK-PB-Drahi_17-d1-HOM-UHI-62618e628e-r1,SS-c81930d9c8ba,17,0,single_solve,OPTIMAL,FEASIBLE_POINT,723991.2150451316,723991.2150451316,0,163968,163968,276952,352249,5124,0,5124,25620,5124,256,0,0,NaN,0,NaN,5.551115123125783e-17,0.0,
1,20,TWO_STAGE_RH,STATIC_DEMAND_SHARE,shared_battery_mode_node_level_v1,SI-Drahi_17-d1-HOM-UHI-BHI-3cae609052,TK-PB-Drahi_17-d1-HOM-UHI-62618e628e-r1,SS-c81930d9c8ba,17,0,single_solve,OPTIMAL,FEASIBLE_POINT,723991.2150451316,723991.2150451316,0,163968,163968,276952,352249,5124,0,5124,25620,5124,256,0,0,NaN,0,NaN,0.0,0.0,
1,21,TWO_STAGE_RH,STATIC_DEMAND_SHARE,shared_battery_mode_node_level_v1,SI-Drahi_17-d1-HOM-UHI-BHI-3cae609052,TK-PB-Drahi_17-d1-HOM-UHI-62618e628e-r1,SS-3cf9bda45ea4,21,0,single_solve,OPTIMAL,FEASIBLE_POINT,725584.5399224975,725584.5399224975,0,163968,163968,276952,354779,5124,0,5124,25620,5124,256,0,0,NaN,0,NaN,0.0,0.0,
1,22,TWO_STAGE_RH,STATIC_DEMAND_SHARE,shared_battery_mode_node_level_v1,SI-Drahi_17-d1-HOM-UHI-BHI-3cae609052,TK-PB-Drahi_17-d1-HOM-UHI-62618e628e-r1,SS-3cf9bda45ea4,21,0,single_solve,OPTIMAL,FEASIBLE_POINT,725584.5399224975,725584.5399224975,0,163968,163968,276952,354779,5124,0,5124,25620,5124,256,0,0,NaN,0,NaN,0.0,0.0,
1,23,TWO_STAGE_RH,STATIC_DEMAND_SHARE,shared_battery_mode_node_level_v1,SI-Drahi_17-d1-HOM-UHI-BHI-3cae609052,TK-PB-Drahi_17-d1-HOM-UHI-62618e628e-r1,SS-3cf9bda45ea4,21,0,single_solve,OPTIMAL,FEASIBLE_POINT,725584.5399224975,725584.5399224975,0,163968,163968,276952,354779,5124,0,5124,25620,5124,256,0,0,NaN,0,NaN,0.0,0.0,
1,24,TWO_STAGE_RH,STATIC_DEMAND_SHARE,shared_battery_mode_node_level_v1,SI-Drahi_17-d1-HOM-UHI-BHI-3cae609052,TK-PB-Drahi_17-d1-HOM-UHI-62618e628e-r1,SS-3cf9bda45ea4,21,0,single_solve,OPTIMAL,FEASIBLE_POINT,725584.5399224975,725584.5399224975,0,163968,163968,276952,354779,5124,0,5124,25620,5124,256,0,0,NaN,0,NaN,0.0,0.0,
1,1,DETERMINISTIC_RH,LEXMMFPEA,shared_battery_mode_node_level_v1,SI-Drahi_17-d1-HOM-UHI-BLO-bf2d3053ce,TK-PB-Drahi_17-d1-HOM-UHI-62618e628e-r1,SS-5d5bbea46d20,1,1,lex_phase_1,OPTIMAL,FEASIBLE_POINT,246.09492244238905,246.09492244238905,0,798,798,1227,2189,24,0,24,120,24,1,0,0,NaN,0,NaN,0.0,1.0000000000000284,
1,1,DETERMINISTIC_RH,LEXMMFPEA,shared_battery_mode_node_level_v1,SI-Drahi_17-d1-HOM-UHI-BLO-bf2d3053ce,TK-PB-Drahi_17-d1-HOM-UHI-62618e628e-r1,SS-5d5bbea46d20,1,2,lex_phase_2,OPTIMAL,FEASIBLE_POINT,492.1898448847781,492.1898448847781,0,798,798,1228,2195,24,0,24,120,24,1,0,0,NaN,0,NaN,0.0,1.0000000000000284,
1,1,DETERMINISTIC_RH,LEXMMFPEA,shared_battery_mode_node_level_v1,SI-Drahi_17-d1-HOM-UHI-BLO-bf2d3053ce,TK-PB-Drahi_17-d1-HOM-UHI-62618e628e-r1,SS-5d5bbea46d20,1,3,lex_phase_3,OPTIMAL,FEASIBLE_POINT,738.2847673271672,738.2847673271672,0,798,798,1229,2201,24,0,24,120,24,1,0,0,NaN,0,NaN,0.0,1.0000000000000284,
1,1,DETERMINISTIC_RH,LEXMMFPEA,shared_battery_mode_node_level_v1,SI-Drahi_17-d1-HOM-UHI-BLO-bf2d3053ce,TK-PB-Drahi_17-d1-HOM-UHI-62618e628e-r1,SS-5d5bbea46d20,1,4,lex_phase_4,OPTIMAL,FEASIBLE_POINT,984.3796897695562,984.3796897695562,0,798,798,1230,2207,24,0,24,120,24,1,0,0,NaN,0,NaN,0.0,1.0000000000000284,
1,1,DETERMINISTIC_RH,LEXMMFPEA,shared_battery_mode_node_level_v1,SI-Drahi_17-d1-HOM-UHI-BLO-bf2d3053ce,TK-PB-Drahi_17-d1-HOM-UHI-62618e628e-r1,SS-5d5bbea46d20,1,5,lex_phase_5,OPTIMAL,FEASIBLE_POINT,1230.474612211945,1230.474612211945,0,798,798,1231,2213,24,0,24,120,24,1,0,0,NaN,0,NaN,0.0,1.0000000000000284,
1,1,DETERMINISTIC_RH,LEXMMFPEA,shared_battery_mode_node_level_v1,SI-Drahi_17-d1-HOM-UHI-BLO-bf2d3053ce,TK-PB-Drahi_17-d1-HOM-UHI-62618e628e-r1,SS-5d5bbea46d20,1,6,economic_tie_break,OPTIMAL,FEASIBLE_POINT,742331.6863248565,742331.6863248565,0,798,798,1232,2219,24,0,24,120,24,1,0,0,NaN,0,NaN,0.0,1.0000000000000284,
1,2,DETERMINISTIC_RH,LEXMMFPEA,shared_battery_mode_node_level_v1,SI-Drahi_17-d1-HOM-UHI-BLO-bf2d3053ce,TK-PB-Drahi_17-d1-HOM-UHI-62618e628e-r1,SS-5d5bbea46d20,1,1,lex_phase_1,OPTIMAL,FEASIBLE_POINT,246.09492244238905,246.09492244238905,0,798,798,1227,2189,24,0,24,120,24,1,0,0,NaN,0,NaN,0.21606648199439382,1.0000000000000284,
1,2,DETERMINISTIC_RH,LEXMMFPEA,shared_battery_mode_node_level_v1,SI-Drahi_17-d1-HOM-UHI-BLO-bf2d3053ce,TK-PB-Drahi_17-d1-HOM-UHI-62618e628e-r1,SS-5d5bbea46d20,1,2,lex_phase_2,OPTIMAL,FEASIBLE_POINT,492.1898448847781,492.1898448847781,0,798,798,1228,2195,24,0,24,120,24,1,0,0,NaN,0,NaN,0.21606648199439382,1.0000000000000284,
1,2,DETERMINISTIC_RH,LEXMMFPEA,shared_battery_mode_node_level_v1,SI-Drahi_17-d1-HOM-UHI-BLO-bf2d3053ce,TK-PB-Drahi_17-d1-HOM-UHI-62618e628e-r1,SS-5d5bbea46d20,1,3,lex_phase_3,OPTIMAL,FEASIBLE_POINT,738.2847673271672,738.2847673271672,0,798,798,1229,2201,24,0,24,120,24,1,0,0,NaN,0,NaN,0.21606648199439382,1.0000000000000284,
1,2,DETERMINISTIC_RH,LEXMMFPEA,shared_battery_mode_node_level_v1,SI-Drahi_17-d1-HOM-UHI-BLO-bf2d3053ce,TK-PB-Drahi_17-d1-HOM-UHI-62618e628e-r1,SS-5d5bbea46d20,1,4,lex_phase_4,OPTIMAL,FEASIBLE_POINT,984.3796897695562,984.3796897695562,0,798,798,1230,2207,24,0,24,120,24,1,0,0,NaN,0,NaN,0.21606648199439382,1.0000000000000284,
1,2,DETERMINISTIC_RH,LEXMMFPEA,shared_battery_mode_node_level_v1,SI-Drahi_17-d1-HOM-UHI-BLO-bf2d3053ce,TK-PB-Drahi_17-d1-HOM-UHI-62618e628e-r1,SS-5d5bbea46d20,1,5,lex_phase_5,OPTIMAL,FEASIBLE_POINT,1230.474612211945,1230.474612211945,0,798,798,1231,2213,24,0,24,120,24,1,0,0,NaN,0,NaN,0.21606648199439382,1.0000000000000284,
1,2,DETERMINISTIC_RH,LEXMMFPEA,shared_battery_mode_node_level_v1,SI-Drahi_17-d1-HOM-UHI-BLO-bf2d3053ce,TK-PB-Drahi_17-d1-HOM-UHI-62618e628e-r1,SS-5d5bbea46d20,1,6,economic_tie_break,OPTIMAL,FEASIBLE_POINT,742331.6863248565,742331.6863248565,0,798,798,1232,2219,24,0,24,120,24,1,0,0,NaN,0,NaN,0.21606648199439382,1.0000000000000284,
1,3,DETERMINISTIC_RH,LEXMMFPEA,shared_battery_mode_node_level_v1,SI-Drahi_17-d1-HOM-UHI-BLO-bf2d3053ce,TK-PB-Drahi_17-d1-HOM-UHI-62618e628e-r1,SS-5d5bbea46d20,1,1,lex_phase_1,OPTIMAL,FEASIBLE_POINT,246.09492244238905,246.09492244238905,0,798,798,1227,2189,24,0,24,120,24,1,0,0,NaN,0,NaN,4.831690603168681e-13,1.0000000000000284,
1,3,DETERMINISTIC_RH,LEXMMFPEA,shared_battery_mode_node_level_v1,SI-Drahi_17-d1-HOM-UHI-BLO-bf2d3053ce,TK-PB-Drahi_17-d1-HOM-UHI-62618e628e-r1,SS-5d5bbea46d20,1,2,lex_phase_2,OPTIMAL,FEASIBLE_POINT,492.1898448847781,492.1898448847781,0,798,798,1228,2195,24,0,24,120,24,1,0,0,NaN,0,NaN,4.831690603168681e-13,1.0000000000000284,
1,3,DETERMINISTIC_RH,LEXMMFPEA,shared_battery_mode_node_level_v1,SI-Drahi_17-d1-HOM-UHI-BLO-bf2d3053ce,TK-PB-Drahi_17-d1-HOM-UHI-62618e628e-r1,SS-5d5bbea46d20,1,3,lex_phase_3,OPTIMAL,FEASIBLE_POINT,738.2847673271672,738.2847673271672,0,798,798,1229,2201,24,0,24,120,24,1,0,0,NaN,0,NaN,4.831690603168681e-13,1.0000000000000284,
1,3,DETERMINISTIC_RH,LEXMMFPEA,shared_battery_mode_node_level_v1,SI-Drahi_17-d1-HOM-UHI-BLO-bf2d3053ce,TK-PB-Drahi_17-d1-HOM-UHI-62618e628e-r1,SS-5d5bbea46d20,1,4,lex_phase_4,OPTIMAL,FEASIBLE_POINT,984.3796897695562,984.3796897695562,0,798,798,1230,2207,24,0,24,120,24,1,0,0,NaN,0,NaN,4.831690603168681e-13,1.0000000000000284,
1,3,DETERMINISTIC_RH,LEXMMFPEA,shared_battery_mode_node_level_v1,SI-Drahi_17-d1-HOM-UHI-BLO-bf2d3053ce,TK-PB-Drahi_17-d1-HOM-UHI-62618e628e-r1,SS-5d5bbea46d20,1,5,lex_phase_5,OPTIMAL,FEASIBLE_POINT,1230.474612211945,1230.474612211945,0,798,798,1231,2213,24,0,24,120,24,1,0,0,NaN,0,NaN,4.831690603168681e-13,1.0000000000000284,
1,3,DETERMINISTIC_RH,LEXMMFPEA,shared_battery_mode_node_level_v1,SI-Drahi_17-d1-HOM-UHI-BLO-bf2d3053ce,TK-PB-Drahi_17-d1-HOM-UHI-62618e628e-r1,SS-5d5bbea46d20,1,6,economic_tie_break,OPTIMAL,FEASIBLE_POINT,742331.6863248565,742331.6863248565,0,798,798,1232,2219,24,0,24,120,24,1,0,0,NaN,0,NaN,4.831690603168681e-13,1.0000000000000284,
1,4,DETERMINISTIC_RH,LEXMMFPEA,shared_battery_mode_node_level_v1,SI-Drahi_17-d1-HOM-UHI-BLO-bf2d3053ce,TK-PB-Drahi_17-d1-HOM-UHI-62618e628e-r1,SS-5d5bbea46d20,1,1,lex_phase_1,OPTIMAL,FEASIBLE_POINT,246.09492244238905,246.09492244238905,0,798,798,1227,2189,24,0,24,120,24,1,0,0,NaN,0,NaN,5.968558980384842e-13,1.0000000000000284,
1,4,DETERMINISTIC_RH,LEXMMFPEA,shared_battery_mode_node_level_v1,SI-Drahi_17-d1-HOM-UHI-BLO-bf2d3053ce,TK-PB-Drahi_17-d1-HOM-UHI-62618e628e-r1,SS-5d5bbea46d20,1,2,lex_phase_2,OPTIMAL,FEASIBLE_POINT,492.1898448847781,492.1898448847781,0,798,798,1228,2195,24,0,24,120,24,1,0,0,NaN,0,NaN,5.968558980384842e-13,1.0000000000000284,
1,4,DETERMINISTIC_RH,LEXMMFPEA,shared_battery_mode_node_level_v1,SI-Drahi_17-d1-HOM-UHI-BLO-bf2d3053ce,TK-PB-Drahi_17-d1-HOM-UHI-62618e628e-r1,SS-5d5bbea46d20,1,3,lex_phase_3,OPTIMAL,FEASIBLE_POINT,738.2847673271672,738.2847673271672,0,798,798,1229,2201,24,0,24,120,24,1,0,0,NaN,0,NaN,5.968558980384842e-13,1.0000000000000284,
1,4,DETERMINISTIC_RH,LEXMMFPEA,shared_battery_mode_node_level_v1,SI-Drahi_17-d1-HOM-UHI-BLO-bf2d3053ce,TK-PB-Drahi_17-d1-HOM-UHI-62618e628e-r1,SS-5d5bbea46d20,1,4,lex_phase_4,OPTIMAL,FEASIBLE_POINT,984.3796897695562,984.3796897695562,0,798,798,1230,2207,24,0,24,120,24,1,0,0,NaN,0,NaN,5.968558980384842e-13,1.0000000000000284,
1,4,DETERMINISTIC_RH,LEXMMFPEA,shared_battery_mode_node_level_v1,SI-Drahi_17-d1-HOM-UHI-BLO-bf2d3053ce,TK-PB-Drahi_17-d1-HOM-UHI-62618e628e-r1,SS-5d5bbea46d20,1,5,lex_phase_5,OPTIMAL,FEASIBLE_POINT,1230.474612211945,1230.474612211945,0,798,798,1231,2213,24,0,24,120,24,1,0,0,NaN,0,NaN,5.968558980384842e-13,1.0000000000000284,
1,4,DETERMINISTIC_RH,LEXMMFPEA,shared_battery_mode_node_level_v1,SI-Drahi_17-d1-HOM-UHI-BLO-bf2d3053ce,TK-PB-Drahi_17-d1-HOM-UHI-62618e628e-r1,SS-5d5bbea46d20,1,6,economic_tie_break,OPTIMAL,FEASIBLE_POINT,742331.6863248565,742331.6863248565,0,798,798,1232,2219,24,0,24,120,24,1,0,0,NaN,0,NaN,5.968558980384842e-13,1.0000000000000284,
1,5,DETERMINISTIC_RH,LEXMMFPEA,shared_battery_mode_node_level_v1,SI-Drahi_17-d1-HOM-UHI-BLO-bf2d3053ce,TK-PB-Drahi_17-d1-HOM-UHI-62618e628e-r1,SS-102adc95e052,5,1,lex_phase_1,OPTIMAL,FEASIBLE_POINT,457.6875539054427,457.6875539054427,0,798,798,1227,2189,24,0,24,120,24,1,0,0,NaN,0,NaN,0.0,1.0,
1,5,DETERMINISTIC_RH,LEXMMFPEA,shared_battery_mode_node_level_v1,SI-Drahi_17-d1-HOM-UHI-BLO-bf2d3053ce,TK-PB-Drahi_17-d1-HOM-UHI-62618e628e-r1,SS-102adc95e052,5,2,lex_phase_2,OPTIMAL,FEASIBLE_POINT,915.3751078108853,915.3751078108853,0,798,798,1228,2195,24,0,24,120,24,1,0,0,NaN,0,NaN,0.0,1.0,
1,5,DETERMINISTIC_RH,LEXMMFPEA,shared_battery_mode_node_level_v1,SI-Drahi_17-d1-HOM-UHI-BLO-bf2d3053ce,TK-PB-Drahi_17-d1-HOM-UHI-62618e628e-r1,SS-102adc95e052,5,3,lex_phase_3,OPTIMAL,FEASIBLE_POINT,1373.062661716328,1373.062661716328,0,798,798,1229,2201,24,0,24,120,24,1,0,0,NaN,0,NaN,0.0,1.0,
1,5,DETERMINISTIC_RH,LEXMMFPEA,shared_battery_mode_node_level_v1,SI-Drahi_17-d1-HOM-UHI-BLO-bf2d3053ce,TK-PB-Drahi_17-d1-HOM-UHI-62618e628e-r1,SS-102adc95e052,5,4,lex_phase_4,OPTIMAL,FEASIBLE_POINT,1830.7502156217706,1830.7502156217706,0,798,798,1230,2207,24,0,24,120,24,1,0,0,NaN,0,NaN,0.0,1.0,
1,5,DETERMINISTIC_RH,LEXMMFPEA,shared_battery_mode_node_level_v1,SI-Drahi_17-d1-HOM-UHI-BLO-bf2d3053ce,TK-PB-Drahi_17-d1-HOM-UHI-62618e628e-r1,SS-102adc95e052,5,5,lex_phase_5,OPTIMAL,FEASIBLE_POINT,2288.4377695272133,2288.4377695272133,0,798,798,1231,2213,24,0,24,120,24,1,0,0,NaN,0,NaN,0.0,1.0,
1,5,DETERMINISTIC_RH,LEXMMFPEA,shared_battery_mode_node_level_v1,SI-Drahi_17-d1-HOM-UHI-BLO-bf2d3053ce,TK-PB-Drahi_17-d1-HOM-UHI-62618e628e-r1,SS-102adc95e052,5,6,economic_tie_break,OPTIMAL,FEASIBLE_POINT,689315.3910784831,689315.3910784831,0,798,798,1232,2219,24,0,24,120,24,1,0,0,NaN,0,NaN,0.0,1.0,
1,6,DETERMINISTIC_RH,LEXMMFPEA,shared_battery_mode_node_level_v1,SI-Drahi_17-d1-HOM-UHI-BLO-bf2d3053ce,TK-PB-Drahi_17-d1-HOM-UHI-62618e628e-r1,SS-102adc95e052,5,1,lex_phase_1,OPTIMAL,FEASIBLE_POINT,457.6875539054427,457.6875539054427,0,798,798,1227,2189,24,0,24,120,24,1,0,0,NaN,0,NaN,5.968558980384842e-13,1.0,
1,6,DETERMINISTIC_RH,LEXMMFPEA,shared_battery_mode_node_level_v1,SI-Drahi_17-d1-HOM-UHI-BLO-bf2d3053ce,TK-PB-Drahi_17-d1-HOM-UHI-62618e628e-r1,SS-102adc95e052,5,2,lex_phase_2,OPTIMAL,FEASIBLE_POINT,915.3751078108853,915.3751078108853,0,798,798,1228,2195,24,0,24,120,24,1,0,0,NaN,0,NaN,5.968558980384842e-13,1.0,
1,6,DETERMINISTIC_RH,LEXMMFPEA,shared_battery_mode_node_level_v1,SI-Drahi_17-d1-HOM-UHI-BLO-bf2d3053ce,TK-PB-Drahi_17-d1-HOM-UHI-62618e628e-r1,SS-102adc95e052,5,3,lex_phase_3,OPTIMAL,FEASIBLE_POINT,1373.062661716328,1373.062661716328,0,798,798,1229,2201,24,0,24,120,24,1,0,0,NaN,0,NaN,5.968558980384842e-13,1.0,
1,6,DETERMINISTIC_RH,LEXMMFPEA,shared_battery_mode_node_level_v1,SI-Drahi_17-d1-HOM-UHI-BLO-bf2d3053ce,TK-PB-Drahi_17-d1-HOM-UHI-62618e628e-r1,SS-102adc95e052,5,4,lex_phase_4,OPTIMAL,FEASIBLE_POINT,1830.7502156217706,1830.7502156217706,0,798,798,1230,2207,24,0,24,120,24,1,0,0,NaN,0,NaN,5.968558980384842e-13,1.0,
1,6,DETERMINISTIC_RH,LEXMMFPEA,shared_battery_mode_node_level_v1,SI-Drahi_17-d1-HOM-UHI-BLO-bf2d3053ce,TK-PB-Drahi_17-d1-HOM-UHI-62618e628e-r1,SS-102adc95e052,5,5,lex_phase_5,OPTIMAL,FEASIBLE_POINT,2288.4377695272133,2288.4377695272133,0,798,798,1231,2213,24,0,24,120,24,1,0,0,NaN,0,NaN,5.968558980384842e-13,1.0,
1,6,DETERMINISTIC_RH,LEXMMFPEA,shared_battery_mode_node_level_v1,SI-Drahi_17-d1-HOM-UHI-BLO-bf2d3053ce,TK-PB-Drahi_17-d1-HOM-UHI-62618e628e-r1,SS-102adc95e052,5,6,economic_tie_break,OPTIMAL,FEASIBLE_POINT,689315.3910784831,689315.3910784831,0,798,798,1232,2219,24,0,24,120,24,1,0,0,NaN,0,NaN,5.968558980384842e-13,1.0,
1,7,DETERMINISTIC_RH,LEXMMFPEA,shared_battery_mode_node_level_v1,SI-Drahi_17-d1-HOM-UHI-BLO-bf2d3053ce,TK-PB-Drahi_17-d1-HOM-UHI-62618e628e-r1,SS-102adc95e052,5,1,lex_phase_1,OPTIMAL,FEASIBLE_POINT,457.6875539054427,457.6875539054427,0,798,798,1227,2189,24,0,24,120,24,1,0,0,NaN,0,NaN,5.115907697472721e-13,1.0,
1,7,DETERMINISTIC_RH,LEXMMFPEA,shared_battery_mode_node_level_v1,SI-Drahi_17-d1-HOM-UHI-BLO-bf2d3053ce,TK-PB-Drahi_17-d1-HOM-UHI-62618e628e-r1,SS-102adc95e052,5,2,lex_phase_2,OPTIMAL,FEASIBLE_POINT,915.3751078108853,915.3751078108853,0,798,798,1228,2195,24,0,24,120,24,1,0,0,NaN,0,NaN,5.115907697472721e-13,1.0,
1,7,DETERMINISTIC_RH,LEXMMFPEA,shared_battery_mode_node_level_v1,SI-Drahi_17-d1-HOM-UHI-BLO-bf2d3053ce,TK-PB-Drahi_17-d1-HOM-UHI-62618e628e-r1,SS-102adc95e052,5,3,lex_phase_3,OPTIMAL,FEASIBLE_POINT,1373.062661716328,1373.062661716328,0,798,798,1229,2201,24,0,24,120,24,1,0,0,NaN,0,NaN,5.115907697472721e-13,1.0,
1,7,DETERMINISTIC_RH,LEXMMFPEA,shared_battery_mode_node_level_v1,SI-Drahi_17-d1-HOM-UHI-BLO-bf2d3053ce,TK-PB-Drahi_17-d1-HOM-UHI-62618e628e-r1,SS-102adc95e052,5,4,lex_phase_4,OPTIMAL,FEASIBLE_POINT,1830.7502156217706,1830.7502156217706,0,798,798,1230,2207,24,0,24,120,24,1,0,0,NaN,0,NaN,5.115907697472721e-13,1.0,
1,7,DETERMINISTIC_RH,LEXMMFPEA,shared_battery_mode_node_level_v1,SI-Drahi_17-d1-HOM-UHI-BLO-bf2d3053ce,TK-PB-Drahi_17-d1-HOM-UHI-62618e628e-r1,SS-102adc95e052,5,5,lex_phase_5,OPTIMAL,FEASIBLE_POINT,2288.4377695272133,2288.4377695272133,0,798,798,1231,2213,24,0,24,120,24,1,0,0,NaN,0,NaN,5.115907697472721e-13,1.0,
1,7,DETERMINISTIC_RH,LEXMMFPEA,shared_battery_mode_node_level_v1,SI-Drahi_17-d1-HOM-UHI-BLO-bf2d3053ce,TK-PB-Drahi_17-d1-HOM-UHI-62618e628e-r1,SS-102adc95e052,5,6,economic_tie_break,OPTIMAL,FEASIBLE_POINT,689315.3910784831,689315.3910784831,0,798,798,1232,2219,24,0,24,120,24,1,0,0,NaN,0,NaN,5.115907697472721e-13,1.0,
1,8,DETERMINISTIC_RH,LEXMMFPEA,shared_battery_mode_node_level_v1,SI-Drahi_17-d1-HOM-UHI-BLO-bf2d3053ce,TK-PB-Drahi_17-d1-HOM-UHI-62618e628e-r1,SS-102adc95e052,5,1,lex_phase_1,OPTIMAL,FEASIBLE_POINT,457.6875539054427,457.6875539054427,0,798,798,1227,2189,24,0,24,120,24,1,0,0,NaN,0,NaN,8.242295734817162e-13,1.0,
1,8,DETERMINISTIC_RH,LEXMMFPEA,shared_battery_mode_node_level_v1,SI-Drahi_17-d1-HOM-UHI-BLO-bf2d3053ce,TK-PB-Drahi_17-d1-HOM-UHI-62618e628e-r1,SS-102adc95e052,5,2,lex_phase_2,OPTIMAL,FEASIBLE_POINT,915.3751078108853,915.3751078108853,0,798,798,1228,2195,24,0,24,120,24,1,0,0,NaN,0,NaN,8.242295734817162e-13,1.0,
1,8,DETERMINISTIC_RH,LEXMMFPEA,shared_battery_mode_node_level_v1,SI-Drahi_17-d1-HOM-UHI-BLO-bf2d3053ce,TK-PB-Drahi_17-d1-HOM-UHI-62618e628e-r1,SS-102adc95e052,5,3,lex_phase_3,OPTIMAL,FEASIBLE_POINT,1373.062661716328,1373.062661716328,0,798,798,1229,2201,24,0,24,120,24,1,0,0,NaN,0,NaN,8.242295734817162e-13,1.0,
1,8,DETERMINISTIC_RH,LEXMMFPEA,shared_battery_mode_node_level_v1,SI-Drahi_17-d1-HOM-UHI-BLO-bf2d3053ce,TK-PB-Drahi_17-d1-HOM-UHI-62618e628e-r1,SS-102adc95e052,5,4,lex_phase_4,OPTIMAL,FEASIBLE_POINT,1830.7502156217706,1830.7502156217706,0,798,798,1230,2207,24,0,24,120,24,1,0,0,NaN,0,NaN,8.242295734817162e-13,1.0,
1,8,DETERMINISTIC_RH,LEXMMFPEA,shared_battery_mode_node_level_v1,SI-Drahi_17-d1-HOM-UHI-BLO-bf2d3053ce,TK-PB-Drahi_17-d1-HOM-UHI-62618e628e-r1,SS-102adc95e052,5,5,lex_phase_5,OPTIMAL,FEASIBLE_POINT,2288.4377695272133,2288.4377695272133,0,798,798,1231,2213,24,0,24,120,24,1,0,0,NaN,0,NaN,8.242295734817162e-13,1.0,
1,8,DETERMINISTIC_RH,LEXMMFPEA,shared_battery_mode_node_level_v1,SI-Drahi_17-d1-HOM-UHI-BLO-bf2d3053ce,TK-PB-Drahi_17-d1-HOM-UHI-62618e628e-r1,SS-102adc95e052,5,6,economic_tie_break,OPTIMAL,FEASIBLE_POINT,689315.3910784831,689315.3910784831,0,798,798,1232,2219,24,0,24,120,24,1,0,0,NaN,0,NaN,8.242295734817162e-13,1.0,
1,9,DETERMINISTIC_RH,LEXMMFPEA,shared_battery_mode_node_level_v1,SI-Drahi_17-d1-HOM-UHI-BLO-bf2d3053ce,TK-PB-Drahi_17-d1-HOM-UHI-62618e628e-r1,SS-19da242d4543,9,1,lex_phase_1,OPTIMAL,FEASIBLE_POINT,363.58910255087596,363.58910255087596,0,798,798,1227,2189,24,0,24,120,24,1,0,0,NaN,0,NaN,2.7755575615628914e-17,2.2737367544323206e-13,
1,9,DETERMINISTIC_RH,LEXMMFPEA,shared_battery_mode_node_level_v1,SI-Drahi_17-d1-HOM-UHI-BLO-bf2d3053ce,TK-PB-Drahi_17-d1-HOM-UHI-62618e628e-r1,SS-19da242d4543,9,2,lex_phase_2,OPTIMAL,FEASIBLE_POINT,727.1782051017522,727.1782051017522,0,798,798,1228,2195,24,0,24,120,24,1,0,0,NaN,0,NaN,2.7755575615628914e-17,2.2737367544323206e-13,
1,9,DETERMINISTIC_RH,LEXMMFPEA,shared_battery_mode_node_level_v1,SI-Drahi_17-d1-HOM-UHI-BLO-bf2d3053ce,TK-PB-Drahi_17-d1-HOM-UHI-62618e628e-r1,SS-19da242d4543,9,3,lex_phase_3,OPTIMAL,FEASIBLE_POINT,1090.7673076526282,1090.7673076526282,0,798,798,1229,2201,24,0,24,120,24,1,0,0,NaN,0,NaN,2.7755575615628914e-17,2.2737367544323206e-13,
1,9,DETERMINISTIC_RH,LEXMMFPEA,shared_battery_mode_node_level_v1,SI-Drahi_17-d1-HOM-UHI-BLO-bf2d3053ce,TK-PB-Drahi_17-d1-HOM-UHI-62618e628e-r1,SS-19da242d4543,9,4,lex_phase_4,OPTIMAL,FEASIBLE_POINT,1454.3564102035043,1454.3564102035043,0,798,798,1230,2207,24,0,24,120,24,1,0,0,NaN,0,NaN,2.7755575615628914e-17,2.2737367544323206e-13,
1,9,DETERMINISTIC_RH,LEXMMFPEA,shared_battery_mode_node_level_v1,SI-Drahi_17-d1-HOM-UHI-BLO-bf2d3053ce,TK-PB-Drahi_17-d1-HOM-UHI-62618e628e-r1,SS-19da242d4543,9,5,lex_phase_5,OPTIMAL,FEASIBLE_POINT,1817.9455127543797,1817.9455127543797,0,798,798,1231,2213,24,0,24,120,24,1,0,0,NaN,0,NaN,2.7755575615628914e-17,2.2737367544323206e-13,
1,9,DETERMINISTIC_RH,LEXMMFPEA,shared_battery_mode_node_level_v1,SI-Drahi_17-d1-HOM-UHI-BLO-bf2d3053ce,TK-PB-Drahi_17-d1-HOM-UHI-62618e628e-r1,SS-19da242d4543,9,6,economic_tie_break,OPTIMAL,FEASIBLE_POINT,729383.8659846009,729383.8659846009,0,798,798,1232,2219,24,0,24,120,24,1,0,0,NaN,0,NaN,2.7755575615628914e-17,2.2737367544323206e-13,
1,10,DETERMINISTIC_RH,LEXMMFPEA,shared_battery_mode_node_level_v1,SI-Drahi_17-d1-HOM-UHI-BLO-bf2d3053ce,TK-PB-Drahi_17-d1-HOM-UHI-62618e628e-r1,SS-19da242d4543,9,1,lex_phase_1,OPTIMAL,FEASIBLE_POINT,363.58910255087596,363.58910255087596,0,798,798,1227,2189,24,0,24,120,24,1,0,0,NaN,0,NaN,3.694822225952521e-13,2.2737367544323206e-13,
1,10,DETERMINISTIC_RH,LEXMMFPEA,shared_battery_mode_node_level_v1,SI-Drahi_17-d1-HOM-UHI-BLO-bf2d3053ce,TK-PB-Drahi_17-d1-HOM-UHI-62618e628e-r1,SS-19da242d4543,9,2,lex_phase_2,OPTIMAL,FEASIBLE_POINT,727.1782051017522,727.1782051017522,0,798,798,1228,2195,24,0,24,120,24,1,0,0,NaN,0,NaN,3.694822225952521e-13,2.2737367544323206e-13,
1,10,DETERMINISTIC_RH,LEXMMFPEA,shared_battery_mode_node_level_v1,SI-Drahi_17-d1-HOM-UHI-BLO-bf2d3053ce,TK-PB-Drahi_17-d1-HOM-UHI-62618e628e-r1,SS-19da242d4543,9,3,lex_phase_3,OPTIMAL,FEASIBLE_POINT,1090.7673076526282,1090.7673076526282,0,798,798,1229,2201,24,0,24,120,24,1,0,0,NaN,0,NaN,3.694822225952521e-13,2.2737367544323206e-13,
1,10,DETERMINISTIC_RH,LEXMMFPEA,shared_battery_mode_node_level_v1,SI-Drahi_17-d1-HOM-UHI-BLO-bf2d3053ce,TK-PB-Drahi_17-d1-HOM-UHI-62618e628e-r1,SS-19da242d4543,9,4,lex_phase_4,OPTIMAL,FEASIBLE_POINT,1454.3564102035043,1454.3564102035043,0,798,798,1230,2207,24,0,24,120,24,1,0,0,NaN,0,NaN,3.694822225952521e-13,2.2737367544323206e-13,
1,10,DETERMINISTIC_RH,LEXMMFPEA,shared_battery_mode_node_level_v1,SI-Drahi_17-d1-HOM-UHI-BLO-bf2d3053ce,TK-PB-Drahi_17-d1-HOM-UHI-62618e628e-r1,SS-19da242d4543,9,5,lex_phase_5,OPTIMAL,FEASIBLE_POINT,1817.9455127543797,1817.9455127543797,0,798,798,1231,2213,24,0,24,120,24,1,0,0,NaN,0,NaN,3.694822225952521e-13,2.2737367544323206e-13,
1,10,DETERMINISTIC_RH,LEXMMFPEA,shared_battery_mode_node_level_v1,SI-Drahi_17-d1-HOM-UHI-BLO-bf2d3053ce,TK-PB-Drahi_17-d1-HOM-UHI-62618e628e-r1,SS-19da242d4543,9,6,economic_tie_break,OPTIMAL,FEASIBLE_POINT,729383.8659846009,729383.8659846009,0,798,798,1232,2219,24,0,24,120,24,1,0,0,NaN,0,NaN,3.694822225952521e-13,2.2737367544323206e-13,
1,11,DETERMINISTIC_RH,LEXMMFPEA,shared_battery_mode_node_level_v1,SI-Drahi_17-d1-HOM-UHI-BLO-bf2d3053ce,TK-PB-Drahi_17-d1-HOM-UHI-62618e628e-r1,SS-19da242d4543,9,1,lex_phase_1,OPTIMAL,FEASIBLE_POINT,363.58910255087596,363.58910255087596,0,798,798,1227,2189,24,0,24,120,24,1,0,0,NaN,0,NaN,3.126388037344441e-13,2.2737367544323206e-13,
1,11,DETERMINISTIC_RH,LEXMMFPEA,shared_battery_mode_node_level_v1,SI-Drahi_17-d1-HOM-UHI-BLO-bf2d3053ce,TK-PB-Drahi_17-d1-HOM-UHI-62618e628e-r1,SS-19da242d4543,9,2,lex_phase_2,OPTIMAL,FEASIBLE_POINT,727.1782051017522,727.1782051017522,0,798,798,1228,2195,24,0,24,120,24,1,0,0,NaN,0,NaN,3.126388037344441e-13,2.2737367544323206e-13,
1,11,DETERMINISTIC_RH,LEXMMFPEA,shared_battery_mode_node_level_v1,SI-Drahi_17-d1-HOM-UHI-BLO-bf2d3053ce,TK-PB-Drahi_17-d1-HOM-UHI-62618e628e-r1,SS-19da242d4543,9,3,lex_phase_3,OPTIMAL,FEASIBLE_POINT,1090.7673076526282,1090.7673076526282,0,798,798,1229,2201,24,0,24,120,24,1,0,0,NaN,0,NaN,3.126388037344441e-13,2.2737367544323206e-13,
1,11,DETERMINISTIC_RH,LEXMMFPEA,shared_battery_mode_node_level_v1,SI-Drahi_17-d1-HOM-UHI-BLO-bf2d3053ce,TK-PB-Drahi_17-d1-HOM-UHI-62618e628e-r1,SS-19da242d4543,9,4,lex_phase_4,OPTIMAL,FEASIBLE_POINT,1454.3564102035043,1454.3564102035043,0,798,798,1230,2207,24,0,24,120,24,1,0,0,NaN,0,NaN,3.126388037344441e-13,2.2737367544323206e-13,
1,11,DETERMINISTIC_RH,LEXMMFPEA,shared_battery_mode_node_level_v1,SI-Drahi_17-d1-HOM-UHI-BLO-bf2d3053ce,TK-PB-Drahi_17-d1-HOM-UHI-62618e628e-r1,SS-19da242d4543,9,5,lex_phase_5,OPTIMAL,FEASIBLE_POINT,1817.9455127543797,1817.9455127543797,0,798,798,1231,2213,24,0,24,120,24,1,0,0,NaN,0,NaN,3.126388037344441e-13,2.2737367544323206e-13,
1,11,DETERMINISTIC_RH,LEXMMFPEA,shared_battery_mode_node_level_v1,SI-Drahi_17-d1-HOM-UHI-BLO-bf2d3053ce,TK-PB-Drahi_17-d1-HOM-UHI-62618e628e-r1,SS-19da242d4543,9,6,economic_tie_break,OPTIMAL,FEASIBLE_POINT,729383.8659846009,729383.8659846009,0,798,798,1232,2219,24,0,24,120,24,1,0,0,NaN,0,NaN,3.126388037344441e-13,2.2737367544323206e-13,
1,12,DETERMINISTIC_RH,LEXMMFPEA,shared_battery_mode_node_level_v1,SI-Drahi_17-d1-HOM-UHI-BLO-bf2d3053ce,TK-PB-Drahi_17-d1-HOM-UHI-62618e628e-r1,SS-19da242d4543,9,1,lex_phase_1,OPTIMAL,FEASIBLE_POINT,363.58910255087596,363.58910255087596,0,798,798,1227,2189,24,0,24,120,24,1,0,0,NaN,0,NaN,2.2737367544323206e-13,2.2737367544323206e-13,
1,12,DETERMINISTIC_RH,LEXMMFPEA,shared_battery_mode_node_level_v1,SI-Drahi_17-d1-HOM-UHI-BLO-bf2d3053ce,TK-PB-Drahi_17-d1-HOM-UHI-62618e628e-r1,SS-19da242d4543,9,2,lex_phase_2,OPTIMAL,FEASIBLE_POINT,727.1782051017522,727.1782051017522,0,798,798,1228,2195,24,0,24,120,24,1,0,0,NaN,0,NaN,2.2737367544323206e-13,2.2737367544323206e-13,
1,12,DETERMINISTIC_RH,LEXMMFPEA,shared_battery_mode_node_level_v1,SI-Drahi_17-d1-HOM-UHI-BLO-bf2d3053ce,TK-PB-Drahi_17-d1-HOM-UHI-62618e628e-r1,SS-19da242d4543,9,3,lex_phase_3,OPTIMAL,FEASIBLE_POINT,1090.7673076526282,1090.7673076526282,0,798,798,1229,2201,24,0,24,120,24,1,0,0,NaN,0,NaN,2.2737367544323206e-13,2.2737367544323206e-13,
1,12,DETERMINISTIC_RH,LEXMMFPEA,shared_battery_mode_node_level_v1,SI-Drahi_17-d1-HOM-UHI-BLO-bf2d3053ce,TK-PB-Drahi_17-d1-HOM-UHI-62618e628e-r1,SS-19da242d4543,9,4,lex_phase_4,OPTIMAL,FEASIBLE_POINT,1454.3564102035043,1454.3564102035043,0,798,798,1230,2207,24,0,24,120,24,1,0,0,NaN,0,NaN,2.2737367544323206e-13,2.2737367544323206e-13,
1,12,DETERMINISTIC_RH,LEXMMFPEA,shared_battery_mode_node_level_v1,SI-Drahi_17-d1-HOM-UHI-BLO-bf2d3053ce,TK-PB-Drahi_17-d1-HOM-UHI-62618e628e-r1,SS-19da242d4543,9,5,lex_phase_5,OPTIMAL,FEASIBLE_POINT,1817.9455127543797,1817.9455127543797,0,798,798,1231,2213,24,0,24,120,24,1,0,0,NaN,0,NaN,2.2737367544323206e-13,2.2737367544323206e-13,
1,12,DETERMINISTIC_RH,LEXMMFPEA,shared_battery_mode_node_level_v1,SI-Drahi_17-d1-HOM-UHI-BLO-bf2d3053ce,TK-PB-Drahi_17-d1-HOM-UHI-62618e628e-r1,SS-19da242d4543,9,6,economic_tie_break,OPTIMAL,FEASIBLE_POINT,729383.8659846009,729383.8659846009,0,798,798,1232,2219,24,0,24,120,24,1,0,0,NaN,0,NaN,2.2737367544323206e-13,2.2737367544323206e-13,
1,13,DETERMINISTIC_RH,LEXMMFPEA,shared_battery_mode_node_level_v1,SI-Drahi_17-d1-HOM-UHI-BLO-bf2d3053ce,TK-PB-Drahi_17-d1-HOM-UHI-62618e628e-r1,SS-354317d12b7f,13,1,lex_phase_1,OPTIMAL,FEASIBLE_POINT,487.67672394195154,487.67672394195154,0,798,798,1227,2189,24,0,24,120,24,1,0,0,NaN,0,NaN,2.842170943040401e-14,0.3333333333334849,
1,13,DETERMINISTIC_RH,LEXMMFPEA,shared_battery_mode_node_level_v1,SI-Drahi_17-d1-HOM-UHI-BLO-bf2d3053ce,TK-PB-Drahi_17-d1-HOM-UHI-62618e628e-r1,SS-354317d12b7f,13,2,lex_phase_2,OPTIMAL,FEASIBLE_POINT,975.3534478839028,975.3534478839028,0,798,798,1228,2195,24,0,24,120,24,1,0,0,NaN,0,NaN,2.842170943040401e-14,0.3333333333334849,
1,13,DETERMINISTIC_RH,LEXMMFPEA,shared_battery_mode_node_level_v1,SI-Drahi_17-d1-HOM-UHI-BLO-bf2d3053ce,TK-PB-Drahi_17-d1-HOM-UHI-62618e628e-r1,SS-354317d12b7f,13,3,lex_phase_3,OPTIMAL,FEASIBLE_POINT,1463.0301718258543,1463.0301718258543,0,798,798,1229,2201,24,0,24,120,24,1,0,0,NaN,0,NaN,2.842170943040401e-14,0.3333333333334849,
1,13,DETERMINISTIC_RH,LEXMMFPEA,shared_battery_mode_node_level_v1,SI-Drahi_17-d1-HOM-UHI-BLO-bf2d3053ce,TK-PB-Drahi_17-d1-HOM-UHI-62618e628e-r1,SS-354317d12b7f,13,4,lex_phase_4,OPTIMAL,FEASIBLE_POINT,1950.7068957678057,1950.7068957678057,0,798,798,1230,2207,24,0,24,120,24,1,0,0,NaN,0,NaN,2.842170943040401e-14,0.3333333333334849,
1,13,DETERMINISTIC_RH,LEXMMFPEA,shared_battery_mode_node_level_v1,SI-Drahi_17-d1-HOM-UHI-BLO-bf2d3053ce,TK-PB-Drahi_17-d1-HOM-UHI-62618e628e-r1,SS-354317d12b7f,13,5,lex_phase_5,OPTIMAL,FEASIBLE_POINT,2438.3836197097576,2438.3836197097576,0,798,798,1231,2213,24,0,24,120,24,1,0,0,NaN,0,NaN,2.842170943040401e-14,0.3333333333334849,
1,13,DETERMINISTIC_RH,LEXMMFPEA,shared_battery_mode_node_level_v1,SI-Drahi_17-d1-HOM-UHI-BLO-bf2d3053ce,TK-PB-Drahi_17-d1-HOM-UHI-62618e628e-r1,SS-354317d12b7f,13,6,economic_tie_break,OPTIMAL,FEASIBLE_POINT,731762.2908790411,731762.2908790411,0,798,798,1232,2219,24,0,24,120,24,1,0,0,NaN,0,NaN,2.842170943040401e-14,0.3333333333334849,
1,14,DETERMINISTIC_RH,LEXMMFPEA,shared_battery_mode_node_level_v1,SI-Drahi_17-d1-HOM-UHI-BLO-bf2d3053ce,TK-PB-Drahi_17-d1-HOM-UHI-62618e628e-r1,SS-354317d12b7f,13,1,lex_phase_1,OPTIMAL,FEASIBLE_POINT,487.67672394195154,487.67672394195154,0,798,798,1227,2189,24,0,24,120,24,1,0,0,NaN,0,NaN,3.694822225952521e-13,0.3333333333334849,
1,14,DETERMINISTIC_RH,LEXMMFPEA,shared_battery_mode_node_level_v1,SI-Drahi_17-d1-HOM-UHI-BLO-bf2d3053ce,TK-PB-Drahi_17-d1-HOM-UHI-62618e628e-r1,SS-354317d12b7f,13,2,lex_phase_2,OPTIMAL,FEASIBLE_POINT,975.3534478839028,975.3534478839028,0,798,798,1228,2195,24,0,24,120,24,1,0,0,NaN,0,NaN,3.694822225952521e-13,0.3333333333334849,
1,14,DETERMINISTIC_RH,LEXMMFPEA,shared_battery_mode_node_level_v1,SI-Drahi_17-d1-HOM-UHI-BLO-bf2d3053ce,TK-PB-Drahi_17-d1-HOM-UHI-62618e628e-r1,SS-354317d12b7f,13,3,lex_phase_3,OPTIMAL,FEASIBLE_POINT,1463.0301718258543,1463.0301718258543,0,798,798,1229,2201,24,0,24,120,24,1,0,0,NaN,0,NaN,3.694822225952521e-13,0.3333333333334849,
1,14,DETERMINISTIC_RH,LEXMMFPEA,shared_battery_mode_node_level_v1,SI-Drahi_17-d1-HOM-UHI-BLO-bf2d3053ce,TK-PB-Drahi_17-d1-HOM-UHI-62618e628e-r1,SS-354317d12b7f,13,4,lex_phase_4,OPTIMAL,FEASIBLE_POINT,1950.7068957678057,1950.7068957678057,0,798,798,1230,2207,24,0,24,120,24,1,0,0,NaN,0,NaN,3.694822225952521e-13,0.3333333333334849,
1,14,DETERMINISTIC_RH,LEXMMFPEA,shared_battery_mode_node_level_v1,SI-Drahi_17-d1-HOM-UHI-BLO-bf2d3053ce,TK-PB-Drahi_17-d1-HOM-UHI-62618e628e-r1,SS-354317d12b7f,13,5,lex_phase_5,OPTIMAL,FEASIBLE_POINT,2438.3836197097576,2438.3836197097576,0,798,798,1231,2213,24,0,24,120,24,1,0,0,NaN,0,NaN,3.694822225952521e-13,0.3333333333334849,
1,14,DETERMINISTIC_RH,LEXMMFPEA,shared_battery_mode_node_level_v1,SI-Drahi_17-d1-HOM-UHI-BLO-bf2d3053ce,TK-PB-Drahi_17-d1-HOM-UHI-62618e628e-r1,SS-354317d12b7f,13,6,economic_tie_break,OPTIMAL,FEASIBLE_POINT,731762.2908790411,731762.2908790411,0,798,798,1232,2219,24,0,24,120,24,1,0,0,NaN,0,NaN,3.694822225952521e-13,0.3333333333334849,
1,15,DETERMINISTIC_RH,LEXMMFPEA,shared_battery_mode_node_level_v1,SI-Drahi_17-d1-HOM-UHI-BLO-bf2d3053ce,TK-PB-Drahi_17-d1-HOM-UHI-62618e628e-r1,SS-354317d12b7f,13,1,lex_phase_1,OPTIMAL,FEASIBLE_POINT,487.67672394195154,487.67672394195154,0,798,798,1227,2189,24,0,24,120,24,1,0,0,NaN,0,NaN,2.7711166694643907e-13,0.3333333333334849,
1,15,DETERMINISTIC_RH,LEXMMFPEA,shared_battery_mode_node_level_v1,SI-Drahi_17-d1-HOM-UHI-BLO-bf2d3053ce,TK-PB-Drahi_17-d1-HOM-UHI-62618e628e-r1,SS-354317d12b7f,13,2,lex_phase_2,OPTIMAL,FEASIBLE_POINT,975.3534478839028,975.3534478839028,0,798,798,1228,2195,24,0,24,120,24,1,0,0,NaN,0,NaN,2.7711166694643907e-13,0.3333333333334849,
1,15,DETERMINISTIC_RH,LEXMMFPEA,shared_battery_mode_node_level_v1,SI-Drahi_17-d1-HOM-UHI-BLO-bf2d3053ce,TK-PB-Drahi_17-d1-HOM-UHI-62618e628e-r1,SS-354317d12b7f,13,3,lex_phase_3,OPTIMAL,FEASIBLE_POINT,1463.0301718258543,1463.0301718258543,0,798,798,1229,2201,24,0,24,120,24,1,0,0,NaN,0,NaN,2.7711166694643907e-13,0.3333333333334849,
1,15,DETERMINISTIC_RH,LEXMMFPEA,shared_battery_mode_node_level_v1,SI-Drahi_17-d1-HOM-UHI-BLO-bf2d3053ce,TK-PB-Drahi_17-d1-HOM-UHI-62618e628e-r1,SS-354317d12b7f,13,4,lex_phase_4,OPTIMAL,FEASIBLE_POINT,1950.7068957678057,1950.7068957678057,0,798,798,1230,2207,24,0,24,120,24,1,0,0,NaN,0,NaN,2.7711166694643907e-13,0.3333333333334849,
1,15,DETERMINISTIC_RH,LEXMMFPEA,shared_battery_mode_node_level_v1,SI-Drahi_17-d1-HOM-UHI-BLO-bf2d3053ce,TK-PB-Drahi_17-d1-HOM-UHI-62618e628e-r1,SS-354317d12b7f,13,5,lex_phase_5,OPTIMAL,FEASIBLE_POINT,2438.3836197097576,2438.3836197097576,0,798,798,1231,2213,24,0,24,120,24,1,0,0,NaN,0,NaN,2.7711166694643907e-13,0.3333333333334849,
1,15,DETERMINISTIC_RH,LEXMMFPEA,shared_battery_mode_node_level_v1,SI-Drahi_17-d1-HOM-UHI-BLO-bf2d3053ce,TK-PB-Drahi_17-d1-HOM-UHI-62618e628e-r1,SS-354317d12b7f,13,6,economic_tie_break,OPTIMAL,FEASIBLE_POINT,731762.2908790411,731762.2908790411,0,798,798,1232,2219,24,0,24,120,24,1,0,0,NaN,0,NaN,2.7711166694643907e-13,0.3333333333334849,
1,16,DETERMINISTIC_RH,LEXMMFPEA,shared_battery_mode_node_level_v1,SI-Drahi_17-d1-HOM-UHI-BLO-bf2d3053ce,TK-PB-Drahi_17-d1-HOM-UHI-62618e628e-r1,SS-354317d12b7f,13,1,lex_phase_1,OPTIMAL,FEASIBLE_POINT,487.67672394195154,487.67672394195154,0,798,798,1227,2189,24,0,24,120,24,1,0,0,NaN,0,NaN,1.3500311979441904e-13,0.3333333333334849,
1,16,DETERMINISTIC_RH,LEXMMFPEA,shared_battery_mode_node_level_v1,SI-Drahi_17-d1-HOM-UHI-BLO-bf2d3053ce,TK-PB-Drahi_17-d1-HOM-UHI-62618e628e-r1,SS-354317d12b7f,13,2,lex_phase_2,OPTIMAL,FEASIBLE_POINT,975.3534478839028,975.3534478839028,0,798,798,1228,2195,24,0,24,120,24,1,0,0,NaN,0,NaN,1.3500311979441904e-13,0.3333333333334849,
1,16,DETERMINISTIC_RH,LEXMMFPEA,shared_battery_mode_node_level_v1,SI-Drahi_17-d1-HOM-UHI-BLO-bf2d3053ce,TK-PB-Drahi_17-d1-HOM-UHI-62618e628e-r1,SS-354317d12b7f,13,3,lex_phase_3,OPTIMAL,FEASIBLE_POINT,1463.0301718258543,1463.0301718258543,0,798,798,1229,2201,24,0,24,120,24,1,0,0,NaN,0,NaN,1.3500311979441904e-13,0.3333333333334849,
1,16,DETERMINISTIC_RH,LEXMMFPEA,shared_battery_mode_node_level_v1,SI-Drahi_17-d1-HOM-UHI-BLO-bf2d3053ce,TK-PB-Drahi_17-d1-HOM-UHI-62618e628e-r1,SS-354317d12b7f,13,4,lex_phase_4,OPTIMAL,FEASIBLE_POINT,1950.7068957678057,1950.7068957678057,0,798,798,1230,2207,24,0,24,120,24,1,0,0,NaN,0,NaN,1.3500311979441904e-13,0.3333333333334849,
1,16,DETERMINISTIC_RH,LEXMMFPEA,shared_battery_mode_node_level_v1,SI-Drahi_17-d1-HOM-UHI-BLO-bf2d3053ce,TK-PB-Drahi_17-d1-HOM-UHI-62618e628e-r1,SS-354317d12b7f,13,5,lex_phase_5,OPTIMAL,FEASIBLE_POINT,2438.3836197097576,2438.3836197097576,0,798,798,1231,2213,24,0,24,120,24,1,0,0,NaN,0,NaN,1.3500311979441904e-13,0.3333333333334849,
1,16,DETERMINISTIC_RH,LEXMMFPEA,shared_battery_mode_node_level_v1,SI-Drahi_17-d1-HOM-UHI-BLO-bf2d3053ce,TK-PB-Drahi_17-d1-HOM-UHI-62618e628e-r1,SS-354317d12b7f,13,6,economic_tie_break,OPTIMAL,FEASIBLE_POINT,731762.2908790411,731762.2908790411,0,798,798,1232,2219,24,0,24,120,24,1,0,0,NaN,0,NaN,1.3500311979441904e-13,0.3333333333334849,
1,17,DETERMINISTIC_RH,LEXMMFPEA,shared_battery_mode_node_level_v1,SI-Drahi_17-d1-HOM-UHI-BLO-bf2d3053ce,TK-PB-Drahi_17-d1-HOM-UHI-62618e628e-r1,SS-c81930d9c8ba,17,1,lex_phase_1,OPTIMAL,FEASIBLE_POINT,567.5276674803841,567.5276674803841,0,798,798,1227,2189,24,0,24,120,24,1,0,0,NaN,0,NaN,7.105427357601002e-15,0.6666666666667425,
1,17,DETERMINISTIC_RH,LEXMMFPEA,shared_battery_mode_node_level_v1,SI-Drahi_17-d1-HOM-UHI-BLO-bf2d3053ce,TK-PB-Drahi_17-d1-HOM-UHI-62618e628e-r1,SS-c81930d9c8ba,17,2,lex_phase_2,OPTIMAL,FEASIBLE_POINT,1135.0553349607683,1135.0553349607683,0,798,798,1228,2195,24,0,24,120,24,1,0,0,NaN,0,NaN,7.105427357601002e-15,0.6666666666667425,
1,17,DETERMINISTIC_RH,LEXMMFPEA,shared_battery_mode_node_level_v1,SI-Drahi_17-d1-HOM-UHI-BLO-bf2d3053ce,TK-PB-Drahi_17-d1-HOM-UHI-62618e628e-r1,SS-c81930d9c8ba,17,3,lex_phase_3,OPTIMAL,FEASIBLE_POINT,1702.5830024411525,1702.5830024411525,0,798,798,1229,2201,24,0,24,120,24,1,0,0,NaN,0,NaN,7.105427357601002e-15,0.6666666666667425,
1,17,DETERMINISTIC_RH,LEXMMFPEA,shared_battery_mode_node_level_v1,SI-Drahi_17-d1-HOM-UHI-BLO-bf2d3053ce,TK-PB-Drahi_17-d1-HOM-UHI-62618e628e-r1,SS-c81930d9c8ba,17,4,lex_phase_4,OPTIMAL,FEASIBLE_POINT,2270.1106699215366,2270.1106699215366,0,798,798,1230,2207,24,0,24,120,24,1,0,0,NaN,0,NaN,7.105427357601002e-15,0.6666666666667425,
1,17,DETERMINISTIC_RH,LEXMMFPEA,shared_battery_mode_node_level_v1,SI-Drahi_17-d1-HOM-UHI-BLO-bf2d3053ce,TK-PB-Drahi_17-d1-HOM-UHI-62618e628e-r1,SS-c81930d9c8ba,17,5,lex_phase_5,OPTIMAL,FEASIBLE_POINT,2837.6383374019206,2837.6383374019206,0,798,798,1231,2213,24,0,24,120,24,1,0,0,NaN,0,NaN,7.105427357601002e-15,0.6666666666667425,
1,17,DETERMINISTIC_RH,LEXMMFPEA,shared_battery_mode_node_level_v1,SI-Drahi_17-d1-HOM-UHI-BLO-bf2d3053ce,TK-PB-Drahi_17-d1-HOM-UHI-62618e628e-r1,SS-c81930d9c8ba,17,6,economic_tie_break,OPTIMAL,FEASIBLE_POINT,733702.2040756046,733702.2040756046,0,798,798,1232,2219,24,0,24,120,24,1,0,0,NaN,0,NaN,7.105427357601002e-15,0.6666666666667425,
1,18,DETERMINISTIC_RH,LEXMMFPEA,shared_battery_mode_node_level_v1,SI-Drahi_17-d1-HOM-UHI-BLO-bf2d3053ce,TK-PB-Drahi_17-d1-HOM-UHI-62618e628e-r1,SS-c81930d9c8ba,17,1,lex_phase_1,OPTIMAL,FEASIBLE_POINT,567.5276674803841,567.5276674803841,0,798,798,1227,2189,24,0,24,120,24,1,0,0,NaN,0,NaN,1.7763568394002505e-14,0.6666666666667425,
1,18,DETERMINISTIC_RH,LEXMMFPEA,shared_battery_mode_node_level_v1,SI-Drahi_17-d1-HOM-UHI-BLO-bf2d3053ce,TK-PB-Drahi_17-d1-HOM-UHI-62618e628e-r1,SS-c81930d9c8ba,17,2,lex_phase_2,OPTIMAL,FEASIBLE_POINT,1135.0553349607683,1135.0553349607683,0,798,798,1228,2195,24,0,24,120,24,1,0,0,NaN,0,NaN,1.7763568394002505e-14,0.6666666666667425,
1,18,DETERMINISTIC_RH,LEXMMFPEA,shared_battery_mode_node_level_v1,SI-Drahi_17-d1-HOM-UHI-BLO-bf2d3053ce,TK-PB-Drahi_17-d1-HOM-UHI-62618e628e-r1,SS-c81930d9c8ba,17,3,lex_phase_3,OPTIMAL,FEASIBLE_POINT,1702.5830024411525,1702.5830024411525,0,798,798,1229,2201,24,0,24,120,24,1,0,0,NaN,0,NaN,1.7763568394002505e-14,0.6666666666667425,
1,18,DETERMINISTIC_RH,LEXMMFPEA,shared_battery_mode_node_level_v1,SI-Drahi_17-d1-HOM-UHI-BLO-bf2d3053ce,TK-PB-Drahi_17-d1-HOM-UHI-62618e628e-r1,SS-c81930d9c8ba,17,4,lex_phase_4,OPTIMAL,FEASIBLE_POINT,2270.1106699215366,2270.1106699215366,0,798,798,1230,2207,24,0,24,120,24,1,0,0,NaN,0,NaN,1.7763568394002505e-14,0.6666666666667425,
1,18,DETERMINISTIC_RH,LEXMMFPEA,shared_battery_mode_node_level_v1,SI-Drahi_17-d1-HOM-UHI-BLO-bf2d3053ce,TK-PB-Drahi_17-d1-HOM-UHI-62618e628e-r1,SS-c81930d9c8ba,17,5,lex_phase_5,OPTIMAL,FEASIBLE_POINT,2837.6383374019206,2837.6383374019206,0,798,798,1231,2213,24,0,24,120,24,1,0,0,NaN,0,NaN,1.7763568394002505e-14,0.6666666666667425,
1,18,DETERMINISTIC_RH,LEXMMFPEA,shared_battery_mode_node_level_v1,SI-Drahi_17-d1-HOM-UHI-BLO-bf2d3053ce,TK-PB-Drahi_17-d1-HOM-UHI-62618e628e-r1,SS-c81930d9c8ba,17,6,economic_tie_break,OPTIMAL,FEASIBLE_POINT,733702.2040756046,733702.2040756046,0,798,798,1232,2219,24,0,24,120,24,1,0,0,NaN,0,NaN,1.7763568394002505e-14,0.6666666666667425,
1,19,DETERMINISTIC_RH,LEXMMFPEA,shared_battery_mode_node_level_v1,SI-Drahi_17-d1-HOM-UHI-BLO-bf2d3053ce,TK-PB-Drahi_17-d1-HOM-UHI-62618e628e-r1,SS-c81930d9c8ba,17,1,lex_phase_1,OPTIMAL,FEASIBLE_POINT,567.5276674803841,567.5276674803841,0,798,798,1227,2189,24,0,24,120,24,1,0,0,NaN,0,NaN,2.2898349882893854e-15,0.6666666666667425,
1,19,DETERMINISTIC_RH,LEXMMFPEA,shared_battery_mode_node_level_v1,SI-Drahi_17-d1-HOM-UHI-BLO-bf2d3053ce,TK-PB-Drahi_17-d1-HOM-UHI-62618e628e-r1,SS-c81930d9c8ba,17,2,lex_phase_2,OPTIMAL,FEASIBLE_POINT,1135.0553349607683,1135.0553349607683,0,798,798,1228,2195,24,0,24,120,24,1,0,0,NaN,0,NaN,2.2898349882893854e-15,0.6666666666667425,
1,19,DETERMINISTIC_RH,LEXMMFPEA,shared_battery_mode_node_level_v1,SI-Drahi_17-d1-HOM-UHI-BLO-bf2d3053ce,TK-PB-Drahi_17-d1-HOM-UHI-62618e628e-r1,SS-c81930d9c8ba,17,3,lex_phase_3,OPTIMAL,FEASIBLE_POINT,1702.5830024411525,1702.5830024411525,0,798,798,1229,2201,24,0,24,120,24,1,0,0,NaN,0,NaN,2.2898349882893854e-15,0.6666666666667425,
1,19,DETERMINISTIC_RH,LEXMMFPEA,shared_battery_mode_node_level_v1,SI-Drahi_17-d1-HOM-UHI-BLO-bf2d3053ce,TK-PB-Drahi_17-d1-HOM-UHI-62618e628e-r1,SS-c81930d9c8ba,17,4,lex_phase_4,OPTIMAL,FEASIBLE_POINT,2270.1106699215366,2270.1106699215366,0,798,798,1230,2207,24,0,24,120,24,1,0,0,NaN,0,NaN,2.2898349882893854e-15,0.6666666666667425,
1,19,DETERMINISTIC_RH,LEXMMFPEA,shared_battery_mode_node_level_v1,SI-Drahi_17-d1-HOM-UHI-BLO-bf2d3053ce,TK-PB-Drahi_17-d1-HOM-UHI-62618e628e-r1,SS-c81930d9c8ba,17,5,lex_phase_5,OPTIMAL,FEASIBLE_POINT,2837.6383374019206,2837.6383374019206,0,798,798,1231,2213,24,0,24,120,24,1,0,0,NaN,0,NaN,2.2898349882893854e-15,0.6666666666667425,
1,19,DETERMINISTIC_RH,LEXMMFPEA,shared_battery_mode_node_level_v1,SI-Drahi_17-d1-HOM-UHI-BLO-bf2d3053ce,TK-PB-Drahi_17-d1-HOM-UHI-62618e628e-r1,SS-c81930d9c8ba,17,6,economic_tie_break,OPTIMAL,FEASIBLE_POINT,733702.2040756046,733702.2040756046,0,798,798,1232,2219,24,0,24,120,24,1,0,0,NaN,0,NaN,2.2898349882893854e-15,0.6666666666667425,
1,20,DETERMINISTIC_RH,LEXMMFPEA,shared_battery_mode_node_level_v1,SI-Drahi_17-d1-HOM-UHI-BLO-bf2d3053ce,TK-PB-Drahi_17-d1-HOM-UHI-62618e628e-r1,SS-c81930d9c8ba,17,1,lex_phase_1,OPTIMAL,FEASIBLE_POINT,567.5276674803841,567.5276674803841,0,798,798,1227,2189,24,0,24,120,24,1,0,0,NaN,0,NaN,0.0,0.6666666666667425,
1,20,DETERMINISTIC_RH,LEXMMFPEA,shared_battery_mode_node_level_v1,SI-Drahi_17-d1-HOM-UHI-BLO-bf2d3053ce,TK-PB-Drahi_17-d1-HOM-UHI-62618e628e-r1,SS-c81930d9c8ba,17,2,lex_phase_2,OPTIMAL,FEASIBLE_POINT,1135.0553349607683,1135.0553349607683,0,798,798,1228,2195,24,0,24,120,24,1,0,0,NaN,0,NaN,0.0,0.6666666666667425,
1,20,DETERMINISTIC_RH,LEXMMFPEA,shared_battery_mode_node_level_v1,SI-Drahi_17-d1-HOM-UHI-BLO-bf2d3053ce,TK-PB-Drahi_17-d1-HOM-UHI-62618e628e-r1,SS-c81930d9c8ba,17,3,lex_phase_3,OPTIMAL,FEASIBLE_POINT,1702.5830024411525,1702.5830024411525,0,798,798,1229,2201,24,0,24,120,24,1,0,0,NaN,0,NaN,0.0,0.6666666666667425,
1,20,DETERMINISTIC_RH,LEXMMFPEA,shared_battery_mode_node_level_v1,SI-Drahi_17-d1-HOM-UHI-BLO-bf2d3053ce,TK-PB-Drahi_17-d1-HOM-UHI-62618e628e-r1,SS-c81930d9c8ba,17,4,lex_phase_4,OPTIMAL,FEASIBLE_POINT,2270.1106699215366,2270.1106699215366,0,798,798,1230,2207,24,0,24,120,24,1,0,0,NaN,0,NaN,0.0,0.6666666666667425,
1,20,DETERMINISTIC_RH,LEXMMFPEA,shared_battery_mode_node_level_v1,SI-Drahi_17-d1-HOM-UHI-BLO-bf2d3053ce,TK-PB-Drahi_17-d1-HOM-UHI-62618e628e-r1,SS-c81930d9c8ba,17,5,lex_phase_5,OPTIMAL,FEASIBLE_POINT,2837.6383374019206,2837.6383374019206,0,798,798,1231,2213,24,0,24,120,24,1,0,0,NaN,0,NaN,0.0,0.6666666666667425,
1,20,DETERMINISTIC_RH,LEXMMFPEA,shared_battery_mode_node_level_v1,SI-Drahi_17-d1-HOM-UHI-BLO-bf2d3053ce,TK-PB-Drahi_17-d1-HOM-UHI-62618e628e-r1,SS-c81930d9c8ba,17,6,economic_tie_break,OPTIMAL,FEASIBLE_POINT,733702.2040756046,733702.2040756046,0,798,798,1232,2219,24,0,24,120,24,1,0,0,NaN,0,NaN,0.0,0.6666666666667425,
1,21,DETERMINISTIC_RH,LEXMMFPEA,shared_battery_mode_node_level_v1,SI-Drahi_17-d1-HOM-UHI-BLO-bf2d3053ce,TK-PB-Drahi_17-d1-HOM-UHI-62618e628e-r1,SS-3cf9bda45ea4,21,1,lex_phase_1,OPTIMAL,FEASIBLE_POINT,535.4376085850394,535.4376085850394,0,798,798,1227,2189,24,0,24,120,24,1,0,0,NaN,0,NaN,0.0,9.094947017729282e-13,
1,21,DETERMINISTIC_RH,LEXMMFPEA,shared_battery_mode_node_level_v1,SI-Drahi_17-d1-HOM-UHI-BLO-bf2d3053ce,TK-PB-Drahi_17-d1-HOM-UHI-62618e628e-r1,SS-3cf9bda45ea4,21,2,lex_phase_2,OPTIMAL,FEASIBLE_POINT,1070.8752171700787,1070.8752171700787,0,798,798,1228,2195,24,0,24,120,24,1,0,0,NaN,0,NaN,0.0,9.094947017729282e-13,
1,21,DETERMINISTIC_RH,LEXMMFPEA,shared_battery_mode_node_level_v1,SI-Drahi_17-d1-HOM-UHI-BLO-bf2d3053ce,TK-PB-Drahi_17-d1-HOM-UHI-62618e628e-r1,SS-3cf9bda45ea4,21,3,lex_phase_3,OPTIMAL,FEASIBLE_POINT,1606.312825755118,1606.312825755118,0,798,798,1229,2201,24,0,24,120,24,1,0,0,NaN,0,NaN,0.0,9.094947017729282e-13,
1,21,DETERMINISTIC_RH,LEXMMFPEA,shared_battery_mode_node_level_v1,SI-Drahi_17-d1-HOM-UHI-BLO-bf2d3053ce,TK-PB-Drahi_17-d1-HOM-UHI-62618e628e-r1,SS-3cf9bda45ea4,21,4,lex_phase_4,OPTIMAL,FEASIBLE_POINT,2141.7504343401574,2141.7504343401574,0,798,798,1230,2207,24,0,24,120,24,1,0,0,NaN,0,NaN,0.0,9.094947017729282e-13,
1,21,DETERMINISTIC_RH,LEXMMFPEA,shared_battery_mode_node_level_v1,SI-Drahi_17-d1-HOM-UHI-BLO-bf2d3053ce,TK-PB-Drahi_17-d1-HOM-UHI-62618e628e-r1,SS-3cf9bda45ea4,21,5,lex_phase_5,OPTIMAL,FEASIBLE_POINT,2677.188042925197,2677.188042925197,0,798,798,1231,2213,24,0,24,120,24,1,0,0,NaN,0,NaN,0.0,9.094947017729282e-13,
1,21,DETERMINISTIC_RH,LEXMMFPEA,shared_battery_mode_node_level_v1,SI-Drahi_17-d1-HOM-UHI-BLO-bf2d3053ce,TK-PB-Drahi_17-d1-HOM-UHI-62618e628e-r1,SS-3cf9bda45ea4,21,6,economic_tie_break,OPTIMAL,FEASIBLE_POINT,735295.5289529709,735295.5289529709,0,798,798,1232,2219,24,0,24,120,24,1,0,0,NaN,0,NaN,0.0,9.094947017729282e-13,
1,22,DETERMINISTIC_RH,LEXMMFPEA,shared_battery_mode_node_level_v1,SI-Drahi_17-d1-HOM-UHI-BLO-bf2d3053ce,TK-PB-Drahi_17-d1-HOM-UHI-62618e628e-r1,SS-3cf9bda45ea4,21,1,lex_phase_1,OPTIMAL,FEASIBLE_POINT,535.4376085850394,535.4376085850394,0,798,798,1227,2189,24,0,24,120,24,1,0,0,NaN,0,NaN,0.0,9.094947017729282e-13,
1,22,DETERMINISTIC_RH,LEXMMFPEA,shared_battery_mode_node_level_v1,SI-Drahi_17-d1-HOM-UHI-BLO-bf2d3053ce,TK-PB-Drahi_17-d1-HOM-UHI-62618e628e-r1,SS-3cf9bda45ea4,21,2,lex_phase_2,OPTIMAL,FEASIBLE_POINT,1070.8752171700787,1070.8752171700787,0,798,798,1228,2195,24,0,24,120,24,1,0,0,NaN,0,NaN,0.0,9.094947017729282e-13,
1,22,DETERMINISTIC_RH,LEXMMFPEA,shared_battery_mode_node_level_v1,SI-Drahi_17-d1-HOM-UHI-BLO-bf2d3053ce,TK-PB-Drahi_17-d1-HOM-UHI-62618e628e-r1,SS-3cf9bda45ea4,21,3,lex_phase_3,OPTIMAL,FEASIBLE_POINT,1606.312825755118,1606.312825755118,0,798,798,1229,2201,24,0,24,120,24,1,0,0,NaN,0,NaN,0.0,9.094947017729282e-13,
1,22,DETERMINISTIC_RH,LEXMMFPEA,shared_battery_mode_node_level_v1,SI-Drahi_17-d1-HOM-UHI-BLO-bf2d3053ce,TK-PB-Drahi_17-d1-HOM-UHI-62618e628e-r1,SS-3cf9bda45ea4,21,4,lex_phase_4,OPTIMAL,FEASIBLE_POINT,2141.7504343401574,2141.7504343401574,0,798,798,1230,2207,24,0,24,120,24,1,0,0,NaN,0,NaN,0.0,9.094947017729282e-13,
1,22,DETERMINISTIC_RH,LEXMMFPEA,shared_battery_mode_node_level_v1,SI-Drahi_17-d1-HOM-UHI-BLO-bf2d3053ce,TK-PB-Drahi_17-d1-HOM-UHI-62618e628e-r1,SS-3cf9bda45ea4,21,5,lex_phase_5,OPTIMAL,FEASIBLE_POINT,2677.188042925197,2677.188042925197,0,798,798,1231,2213,24,0,24,120,24,1,0,0,NaN,0,NaN,0.0,9.094947017729282e-13,
1,22,DETERMINISTIC_RH,LEXMMFPEA,shared_battery_mode_node_level_v1,SI-Drahi_17-d1-HOM-UHI-BLO-bf2d3053ce,TK-PB-Drahi_17-d1-HOM-UHI-62618e628e-r1,SS-3cf9bda45ea4,21,6,economic_tie_break,OPTIMAL,FEASIBLE_POINT,735295.5289529709,735295.5289529709,0,798,798,1232,2219,24,0,24,120,24,1,0,0,NaN,0,NaN,0.0,9.094947017729282e-13,
1,23,DETERMINISTIC_RH,LEXMMFPEA,shared_battery_mode_node_level_v1,SI-Drahi_17-d1-HOM-UHI-BLO-bf2d3053ce,TK-PB-Drahi_17-d1-HOM-UHI-62618e628e-r1,SS-3cf9bda45ea4,21,1,lex_phase_1,OPTIMAL,FEASIBLE_POINT,535.4376085850394,535.4376085850394,0,798,798,1227,2189,24,0,24,120,24,1,0,0,NaN,0,NaN,0.0,9.094947017729282e-13,
1,23,DETERMINISTIC_RH,LEXMMFPEA,shared_battery_mode_node_level_v1,SI-Drahi_17-d1-HOM-UHI-BLO-bf2d3053ce,TK-PB-Drahi_17-d1-HOM-UHI-62618e628e-r1,SS-3cf9bda45ea4,21,2,lex_phase_2,OPTIMAL,FEASIBLE_POINT,1070.8752171700787,1070.8752171700787,0,798,798,1228,2195,24,0,24,120,24,1,0,0,NaN,0,NaN,0.0,9.094947017729282e-13,
1,23,DETERMINISTIC_RH,LEXMMFPEA,shared_battery_mode_node_level_v1,SI-Drahi_17-d1-HOM-UHI-BLO-bf2d3053ce,TK-PB-Drahi_17-d1-HOM-UHI-62618e628e-r1,SS-3cf9bda45ea4,21,3,lex_phase_3,OPTIMAL,FEASIBLE_POINT,1606.312825755118,1606.312825755118,0,798,798,1229,2201,24,0,24,120,24,1,0,0,NaN,0,NaN,0.0,9.094947017729282e-13,
1,23,DETERMINISTIC_RH,LEXMMFPEA,shared_battery_mode_node_level_v1,SI-Drahi_17-d1-HOM-UHI-BLO-bf2d3053ce,TK-PB-Drahi_17-d1-HOM-UHI-62618e628e-r1,SS-3cf9bda45ea4,21,4,lex_phase_4,OPTIMAL,FEASIBLE_POINT,2141.7504343401574,2141.7504343401574,0,798,798,1230,2207,24,0,24,120,24,1,0,0,NaN,0,NaN,0.0,9.094947017729282e-13,
1,23,DETERMINISTIC_RH,LEXMMFPEA,shared_battery_mode_node_level_v1,SI-Drahi_17-d1-HOM-UHI-BLO-bf2d3053ce,TK-PB-Drahi_17-d1-HOM-UHI-62618e628e-r1,SS-3cf9bda45ea4,21,5,lex_phase_5,OPTIMAL,FEASIBLE_POINT,2677.188042925197,2677.188042925197,0,798,798,1231,2213,24,0,24,120,24,1,0,0,NaN,0,NaN,0.0,9.094947017729282e-13,
1,23,DETERMINISTIC_RH,LEXMMFPEA,shared_battery_mode_node_level_v1,SI-Drahi_17-d1-HOM-UHI-BLO-bf2d3053ce,TK-PB-Drahi_17-d1-HOM-UHI-62618e628e-r1,SS-3cf9bda45ea4,21,6,economic_tie_break,OPTIMAL,FEASIBLE_POINT,735295.5289529709,735295.5289529709,0,798,798,1232,2219,24,0,24,120,24,1,0,0,NaN,0,NaN,0.0,9.094947017729282e-13,
1,24,DETERMINISTIC_RH,LEXMMFPEA,shared_battery_mode_node_level_v1,SI-Drahi_17-d1-HOM-UHI-BLO-bf2d3053ce,TK-PB-Drahi_17-d1-HOM-UHI-62618e628e-r1,SS-3cf9bda45ea4,21,1,lex_phase_1,OPTIMAL,FEASIBLE_POINT,535.4376085850394,535.4376085850394,0,798,798,1227,2189,24,0,24,120,24,1,0,0,NaN,0,NaN,0.0,9.094947017729282e-13,
1,24,DETERMINISTIC_RH,LEXMMFPEA,shared_battery_mode_node_level_v1,SI-Drahi_17-d1-HOM-UHI-BLO-bf2d3053ce,TK-PB-Drahi_17-d1-HOM-UHI-62618e628e-r1,SS-3cf9bda45ea4,21,2,lex_phase_2,OPTIMAL,FEASIBLE_POINT,1070.8752171700787,1070.8752171700787,0,798,798,1228,2195,24,0,24,120,24,1,0,0,NaN,0,NaN,0.0,9.094947017729282e-13,
1,24,DETERMINISTIC_RH,LEXMMFPEA,shared_battery_mode_node_level_v1,SI-Drahi_17-d1-HOM-UHI-BLO-bf2d3053ce,TK-PB-Drahi_17-d1-HOM-UHI-62618e628e-r1,SS-3cf9bda45ea4,21,3,lex_phase_3,OPTIMAL,FEASIBLE_POINT,1606.312825755118,1606.312825755118,0,798,798,1229,2201,24,0,24,120,24,1,0,0,NaN,0,NaN,0.0,9.094947017729282e-13,
1,24,DETERMINISTIC_RH,LEXMMFPEA,shared_battery_mode_node_level_v1,SI-Drahi_17-d1-HOM-UHI-BLO-bf2d3053ce,TK-PB-Drahi_17-d1-HOM-UHI-62618e628e-r1,SS-3cf9bda45ea4,21,4,lex_phase_4,OPTIMAL,FEASIBLE_POINT,2141.7504343401574,2141.7504343401574,0,798,798,1230,2207,24,0,24,120,24,1,0,0,NaN,0,NaN,0.0,9.094947017729282e-13,
1,24,DETERMINISTIC_RH,LEXMMFPEA,shared_battery_mode_node_level_v1,SI-Drahi_17-d1-HOM-UHI-BLO-bf2d3053ce,TK-PB-Drahi_17-d1-HOM-UHI-62618e628e-r1,SS-3cf9bda45ea4,21,5,lex_phase_5,OPTIMAL,FEASIBLE_POINT,2677.188042925197,2677.188042925197,0,798,798,1231,2213,24,0,24,120,24,1,0,0,NaN,0,NaN,0.0,9.094947017729282e-13,
1,24,DETERMINISTIC_RH,LEXMMFPEA,shared_battery_mode_node_level_v1,SI-Drahi_17-d1-HOM-UHI-BLO-bf2d3053ce,TK-PB-Drahi_17-d1-HOM-UHI-62618e628e-r1,SS-3cf9bda45ea4,21,6,economic_tie_break,OPTIMAL,FEASIBLE_POINT,735295.5289529709,735295.5289529709,0,798,798,1232,2219,24,0,24,120,24,1,0,0,NaN,0,NaN,0.0,9.094947017729282e-13,
1,1,DETERMINISTIC_RH,LEXMMFSA,shared_battery_mode_node_level_v1,SI-Drahi_17-d1-HOM-UHI-BLO-bf2d3053ce,TK-PB-Drahi_17-d1-HOM-UHI-62618e628e-r1,SS-5d5bbea46d20,1,1,lex_phase_1,OPTIMAL,FEASIBLE_POINT,46955.75596236366,46955.75596236366,0,798,798,1227,3389,24,0,24,120,24,1,0,0,NaN,0,NaN,0.0,1.4551915228366852e-11,
1,1,DETERMINISTIC_RH,LEXMMFSA,shared_battery_mode_node_level_v1,SI-Drahi_17-d1-HOM-UHI-BLO-bf2d3053ce,TK-PB-Drahi_17-d1-HOM-UHI-62618e628e-r1,SS-5d5bbea46d20,1,2,lex_phase_2,OPTIMAL,FEASIBLE_POINT,93911.51192472734,93911.51192472734,0,798,798,1228,3395,24,0,24,120,24,1,0,0,NaN,0,NaN,0.0,1.4551915228366852e-11,
1,1,DETERMINISTIC_RH,LEXMMFSA,shared_battery_mode_node_level_v1,SI-Drahi_17-d1-HOM-UHI-BLO-bf2d3053ce,TK-PB-Drahi_17-d1-HOM-UHI-62618e628e-r1,SS-5d5bbea46d20,1,3,lex_phase_3,OPTIMAL,FEASIBLE_POINT,140867.267887091,140867.267887091,0,798,798,1229,3401,24,0,24,120,24,1,0,0,NaN,0,NaN,0.0,1.4551915228366852e-11,
1,1,DETERMINISTIC_RH,LEXMMFSA,shared_battery_mode_node_level_v1,SI-Drahi_17-d1-HOM-UHI-BLO-bf2d3053ce,TK-PB-Drahi_17-d1-HOM-UHI-62618e628e-r1,SS-5d5bbea46d20,1,4,lex_phase_4,OPTIMAL,FEASIBLE_POINT,187823.02384945468,187823.02384945468,0,798,798,1230,3407,24,0,24,120,24,1,0,0,NaN,0,NaN,0.0,1.4551915228366852e-11,
1,1,DETERMINISTIC_RH,LEXMMFSA,shared_battery_mode_node_level_v1,SI-Drahi_17-d1-HOM-UHI-BLO-bf2d3053ce,TK-PB-Drahi_17-d1-HOM-UHI-62618e628e-r1,SS-5d5bbea46d20,1,5,lex_phase_5,OPTIMAL,FEASIBLE_POINT,234778.77981181833,234778.77981181833,0,798,798,1231,3413,24,0,24,120,24,1,0,0,NaN,0,NaN,0.0,1.4551915228366852e-11,
1,1,DETERMINISTIC_RH,LEXMMFSA,shared_battery_mode_node_level_v1,SI-Drahi_17-d1-HOM-UHI-BLO-bf2d3053ce,TK-PB-Drahi_17-d1-HOM-UHI-62618e628e-r1,SS-5d5bbea46d20,1,6,economic_tie_break,OPTIMAL,FEASIBLE_POINT,742331.6863248561,742331.6863248561,0,798,798,1232,3419,24,0,24,120,24,1,0,0,NaN,0,NaN,0.0,1.4551915228366852e-11,
1,2,DETERMINISTIC_RH,LEXMMFSA,shared_battery_mode_node_level_v1,SI-Drahi_17-d1-HOM-UHI-BLO-bf2d3053ce,TK-PB-Drahi_17-d1-HOM-UHI-62618e628e-r1,SS-5d5bbea46d20,1,1,lex_phase_1,OPTIMAL,FEASIBLE_POINT,46955.75596236366,46955.75596236366,0,798,798,1227,3389,24,0,24,120,24,1,0,0,NaN,0,NaN,6.821210263296962e-13,1.4551915228366852e-11,
1,2,DETERMINISTIC_RH,LEXMMFSA,shared_battery_mode_node_level_v1,SI-Drahi_17-d1-HOM-UHI-BLO-bf2d3053ce,TK-PB-Drahi_17-d1-HOM-UHI-62618e628e-r1,SS-5d5bbea46d20,1,2,lex_phase_2,OPTIMAL,FEASIBLE_POINT,93911.51192472734,93911.51192472734,0,798,798,1228,3395,24,0,24,120,24,1,0,0,NaN,0,NaN,6.821210263296962e-13,1.4551915228366852e-11,
1,2,DETERMINISTIC_RH,LEXMMFSA,shared_battery_mode_node_level_v1,SI-Drahi_17-d1-HOM-UHI-BLO-bf2d3053ce,TK-PB-Drahi_17-d1-HOM-UHI-62618e628e-r1,SS-5d5bbea46d20,1,3,lex_phase_3,OPTIMAL,FEASIBLE_POINT,140867.267887091,140867.267887091,0,798,798,1229,3401,24,0,24,120,24,1,0,0,NaN,0,NaN,6.821210263296962e-13,1.4551915228366852e-11,
1,2,DETERMINISTIC_RH,LEXMMFSA,shared_battery_mode_node_level_v1,SI-Drahi_17-d1-HOM-UHI-BLO-bf2d3053ce,TK-PB-Drahi_17-d1-HOM-UHI-62618e628e-r1,SS-5d5bbea46d20,1,4,lex_phase_4,OPTIMAL,FEASIBLE_POINT,187823.02384945468,187823.02384945468,0,798,798,1230,3407,24,0,24,120,24,1,0,0,NaN,0,NaN,6.821210263296962e-13,1.4551915228366852e-11,
1,2,DETERMINISTIC_RH,LEXMMFSA,shared_battery_mode_node_level_v1,SI-Drahi_17-d1-HOM-UHI-BLO-bf2d3053ce,TK-PB-Drahi_17-d1-HOM-UHI-62618e628e-r1,SS-5d5bbea46d20,1,5,lex_phase_5,OPTIMAL,FEASIBLE_POINT,234778.77981181833,234778.77981181833,0,798,798,1231,3413,24,0,24,120,24,1,0,0,NaN,0,NaN,6.821210263296962e-13,1.4551915228366852e-11,
1,2,DETERMINISTIC_RH,LEXMMFSA,shared_battery_mode_node_level_v1,SI-Drahi_17-d1-HOM-UHI-BLO-bf2d3053ce,TK-PB-Drahi_17-d1-HOM-UHI-62618e628e-r1,SS-5d5bbea46d20,1,6,economic_tie_break,OPTIMAL,FEASIBLE_POINT,742331.6863248561,742331.6863248561,0,798,798,1232,3419,24,0,24,120,24,1,0,0,NaN,0,NaN,6.821210263296962e-13,1.4551915228366852e-11,
1,3,DETERMINISTIC_RH,LEXMMFSA,shared_battery_mode_node_level_v1,SI-Drahi_17-d1-HOM-UHI-BLO-bf2d3053ce,TK-PB-Drahi_17-d1-HOM-UHI-62618e628e-r1,SS-5d5bbea46d20,1,1,lex_phase_1,OPTIMAL,FEASIBLE_POINT,46955.75596236366,46955.75596236366,0,798,798,1227,3389,24,0,24,120,24,1,0,0,NaN,0,NaN,4.831690603168681e-13,1.4551915228366852e-11,
1,3,DETERMINISTIC_RH,LEXMMFSA,shared_battery_mode_node_level_v1,SI-Drahi_17-d1-HOM-UHI-BLO-bf2d3053ce,TK-PB-Drahi_17-d1-HOM-UHI-62618e628e-r1,SS-5d5bbea46d20,1,2,lex_phase_2,OPTIMAL,FEASIBLE_POINT,93911.51192472734,93911.51192472734,0,798,798,1228,3395,24,0,24,120,24,1,0,0,NaN,0,NaN,4.831690603168681e-13,1.4551915228366852e-11,
1,3,DETERMINISTIC_RH,LEXMMFSA,shared_battery_mode_node_level_v1,SI-Drahi_17-d1-HOM-UHI-BLO-bf2d3053ce,TK-PB-Drahi_17-d1-HOM-UHI-62618e628e-r1,SS-5d5bbea46d20,1,3,lex_phase_3,OPTIMAL,FEASIBLE_POINT,140867.267887091,140867.267887091,0,798,798,1229,3401,24,0,24,120,24,1,0,0,NaN,0,NaN,4.831690603168681e-13,1.4551915228366852e-11,
1,3,DETERMINISTIC_RH,LEXMMFSA,shared_battery_mode_node_level_v1,SI-Drahi_17-d1-HOM-UHI-BLO-bf2d3053ce,TK-PB-Drahi_17-d1-HOM-UHI-62618e628e-r1,SS-5d5bbea46d20,1,4,lex_phase_4,OPTIMAL,FEASIBLE_POINT,187823.02384945468,187823.02384945468,0,798,798,1230,3407,24,0,24,120,24,1,0,0,NaN,0,NaN,4.831690603168681e-13,1.4551915228366852e-11,
1,3,DETERMINISTIC_RH,LEXMMFSA,shared_battery_mode_node_level_v1,SI-Drahi_17-d1-HOM-UHI-BLO-bf2d3053ce,TK-PB-Drahi_17-d1-HOM-UHI-62618e628e-r1,SS-5d5bbea46d20,1,5,lex_phase_5,OPTIMAL,FEASIBLE_POINT,234778.77981181833,234778.77981181833,0,798,798,1231,3413,24,0,24,120,24,1,0,0,NaN,0,NaN,4.831690603168681e-13,1.4551915228366852e-11,
1,3,DETERMINISTIC_RH,LEXMMFSA,shared_battery_mode_node_level_v1,SI-Drahi_17-d1-HOM-UHI-BLO-bf2d3053ce,TK-PB-Drahi_17-d1-HOM-UHI-62618e628e-r1,SS-5d5bbea46d20,1,6,economic_tie_break,OPTIMAL,FEASIBLE_POINT,742331.6863248561,742331.6863248561,0,798,798,1232,3419,24,0,24,120,24,1,0,0,NaN,0,NaN,4.831690603168681e-13,1.4551915228366852e-11,
1,4,DETERMINISTIC_RH,LEXMMFSA,shared_battery_mode_node_level_v1,SI-Drahi_17-d1-HOM-UHI-BLO-bf2d3053ce,TK-PB-Drahi_17-d1-HOM-UHI-62618e628e-r1,SS-5d5bbea46d20,1,1,lex_phase_1,OPTIMAL,FEASIBLE_POINT,46955.75596236366,46955.75596236366,0,798,798,1227,3389,24,0,24,120,24,1,0,0,NaN,0,NaN,5.968558980384842e-13,1.4551915228366852e-11,
1,4,DETERMINISTIC_RH,LEXMMFSA,shared_battery_mode_node_level_v1,SI-Drahi_17-d1-HOM-UHI-BLO-bf2d3053ce,TK-PB-Drahi_17-d1-HOM-UHI-62618e628e-r1,SS-5d5bbea46d20,1,2,lex_phase_2,OPTIMAL,FEASIBLE_POINT,93911.51192472734,93911.51192472734,0,798,798,1228,3395,24,0,24,120,24,1,0,0,NaN,0,NaN,5.968558980384842e-13,1.4551915228366852e-11,
1,4,DETERMINISTIC_RH,LEXMMFSA,shared_battery_mode_node_level_v1,SI-Drahi_17-d1-HOM-UHI-BLO-bf2d3053ce,TK-PB-Drahi_17-d1-HOM-UHI-62618e628e-r1,SS-5d5bbea46d20,1,3,lex_phase_3,OPTIMAL,FEASIBLE_POINT,140867.267887091,140867.267887091,0,798,798,1229,3401,24,0,24,120,24,1,0,0,NaN,0,NaN,5.968558980384842e-13,1.4551915228366852e-11,
1,4,DETERMINISTIC_RH,LEXMMFSA,shared_battery_mode_node_level_v1,SI-Drahi_17-d1-HOM-UHI-BLO-bf2d3053ce,TK-PB-Drahi_17-d1-HOM-UHI-62618e628e-r1,SS-5d5bbea46d20,1,4,lex_phase_4,OPTIMAL,FEASIBLE_POINT,187823.02384945468,187823.02384945468,0,798,798,1230,3407,24,0,24,120,24,1,0,0,NaN,0,NaN,5.968558980384842e-13,1.4551915228366852e-11,
1,4,DETERMINISTIC_RH,LEXMMFSA,shared_battery_mode_node_level_v1,SI-Drahi_17-d1-HOM-UHI-BLO-bf2d3053ce,TK-PB-Drahi_17-d1-HOM-UHI-62618e628e-r1,SS-5d5bbea46d20,1,5,lex_phase_5,OPTIMAL,FEASIBLE_POINT,234778.77981181833,234778.77981181833,0,798,798,1231,3413,24,0,24,120,24,1,0,0,NaN,0,NaN,5.968558980384842e-13,1.4551915228366852e-11,
1,4,DETERMINISTIC_RH,LEXMMFSA,shared_battery_mode_node_level_v1,SI-Drahi_17-d1-HOM-UHI-BLO-bf2d3053ce,TK-PB-Drahi_17-d1-HOM-UHI-62618e628e-r1,SS-5d5bbea46d20,1,6,economic_tie_break,OPTIMAL,FEASIBLE_POINT,742331.6863248561,742331.6863248561,0,798,798,1232,3419,24,0,24,120,24,1,0,0,NaN,0,NaN,5.968558980384842e-13,1.4551915228366852e-11,
1,5,DETERMINISTIC_RH,LEXMMFSA,shared_battery_mode_node_level_v1,SI-Drahi_17-d1-HOM-UHI-BLO-bf2d3053ce,TK-PB-Drahi_17-d1-HOM-UHI-62618e628e-r1,SS-102adc95e052,5,1,lex_phase_1,OPTIMAL,FEASIBLE_POINT,88697.91653184526,88697.91653184526,0,798,798,1227,3389,24,0,24,120,24,1,0,0,NaN,0,NaN,0.0,2.9103830456733704e-11,
1,5,DETERMINISTIC_RH,LEXMMFSA,shared_battery_mode_node_level_v1,SI-Drahi_17-d1-HOM-UHI-BLO-bf2d3053ce,TK-PB-Drahi_17-d1-HOM-UHI-62618e628e-r1,SS-102adc95e052,5,2,lex_phase_2,OPTIMAL,FEASIBLE_POINT,177395.83306369054,177395.83306369054,0,798,798,1228,3395,24,0,24,120,24,1,0,0,NaN,0,NaN,0.0,2.9103830456733704e-11,
1,5,DETERMINISTIC_RH,LEXMMFSA,shared_battery_mode_node_level_v1,SI-Drahi_17-d1-HOM-UHI-BLO-bf2d3053ce,TK-PB-Drahi_17-d1-HOM-UHI-62618e628e-r1,SS-102adc95e052,5,3,lex_phase_3,OPTIMAL,FEASIBLE_POINT,266093.7495955358,266093.7495955358,0,798,798,1229,3401,24,0,24,120,24,1,0,0,NaN,0,NaN,0.0,2.9103830456733704e-11,
1,5,DETERMINISTIC_RH,LEXMMFSA,shared_battery_mode_node_level_v1,SI-Drahi_17-d1-HOM-UHI-BLO-bf2d3053ce,TK-PB-Drahi_17-d1-HOM-UHI-62618e628e-r1,SS-102adc95e052,5,4,lex_phase_4,OPTIMAL,FEASIBLE_POINT,354791.6661273811,354791.6661273811,0,798,798,1230,3407,24,0,24,120,24,1,0,0,NaN,0,NaN,0.0,2.9103830456733704e-11,
1,5,DETERMINISTIC_RH,LEXMMFSA,shared_battery_mode_node_level_v1,SI-Drahi_17-d1-HOM-UHI-BLO-bf2d3053ce,TK-PB-Drahi_17-d1-HOM-UHI-62618e628e-r1,SS-102adc95e052,5,5,lex_phase_5,OPTIMAL,FEASIBLE_POINT,443489.5826592264,443489.5826592264,0,798,798,1231,3413,24,0,24,120,24,1,0,0,NaN,0,NaN,0.0,2.9103830456733704e-11,
1,5,DETERMINISTIC_RH,LEXMMFSA,shared_battery_mode_node_level_v1,SI-Drahi_17-d1-HOM-UHI-BLO-bf2d3053ce,TK-PB-Drahi_17-d1-HOM-UHI-62618e628e-r1,SS-102adc95e052,5,6,economic_tie_break,OPTIMAL,FEASIBLE_POINT,689315.3910784827,689315.3910784827,0,798,798,1232,3419,24,0,24,120,24,1,0,0,NaN,0,NaN,0.0,2.9103830456733704e-11,
1,6,DETERMINISTIC_RH,LEXMMFSA,shared_battery_mode_node_level_v1,SI-Drahi_17-d1-HOM-UHI-BLO-bf2d3053ce,TK-PB-Drahi_17-d1-HOM-UHI-62618e628e-r1,SS-102adc95e052,5,1,lex_phase_1,OPTIMAL,FEASIBLE_POINT,88697.91653184526,88697.91653184526,0,798,798,1227,3389,24,0,24,120,24,1,0,0,NaN,0,NaN,5.968558980384842e-13,2.9103830456733704e-11,
1,6,DETERMINISTIC_RH,LEXMMFSA,shared_battery_mode_node_level_v1,SI-Drahi_17-d1-HOM-UHI-BLO-bf2d3053ce,TK-PB-Drahi_17-d1-HOM-UHI-62618e628e-r1,SS-102adc95e052,5,2,lex_phase_2,OPTIMAL,FEASIBLE_POINT,177395.83306369054,177395.83306369054,0,798,798,1228,3395,24,0,24,120,24,1,0,0,NaN,0,NaN,5.968558980384842e-13,2.9103830456733704e-11,
1,6,DETERMINISTIC_RH,LEXMMFSA,shared_battery_mode_node_level_v1,SI-Drahi_17-d1-HOM-UHI-BLO-bf2d3053ce,TK-PB-Drahi_17-d1-HOM-UHI-62618e628e-r1,SS-102adc95e052,5,3,lex_phase_3,OPTIMAL,FEASIBLE_POINT,266093.7495955358,266093.7495955358,0,798,798,1229,3401,24,0,24,120,24,1,0,0,NaN,0,NaN,5.968558980384842e-13,2.9103830456733704e-11,
1,6,DETERMINISTIC_RH,LEXMMFSA,shared_battery_mode_node_level_v1,SI-Drahi_17-d1-HOM-UHI-BLO-bf2d3053ce,TK-PB-Drahi_17-d1-HOM-UHI-62618e628e-r1,SS-102adc95e052,5,4,lex_phase_4,OPTIMAL,FEASIBLE_POINT,354791.6661273811,354791.6661273811,0,798,798,1230,3407,24,0,24,120,24,1,0,0,NaN,0,NaN,5.968558980384842e-13,2.9103830456733704e-11,
1,6,DETERMINISTIC_RH,LEXMMFSA,shared_battery_mode_node_level_v1,SI-Drahi_17-d1-HOM-UHI-BLO-bf2d3053ce,TK-PB-Drahi_17-d1-HOM-UHI-62618e628e-r1,SS-102adc95e052,5,5,lex_phase_5,OPTIMAL,FEASIBLE_POINT,443489.5826592264,443489.5826592264,0,798,798,1231,3413,24,0,24,120,24,1,0,0,NaN,0,NaN,5.968558980384842e-13,2.9103830456733704e-11,
1,6,DETERMINISTIC_RH,LEXMMFSA,shared_battery_mode_node_level_v1,SI-Drahi_17-d1-HOM-UHI-BLO-bf2d3053ce,TK-PB-Drahi_17-d1-HOM-UHI-62618e628e-r1,SS-102adc95e052,5,6,economic_tie_break,OPTIMAL,FEASIBLE_POINT,689315.3910784827,689315.3910784827,0,798,798,1232,3419,24,0,24,120,24,1,0,0,NaN,0,NaN,5.968558980384842e-13,2.9103830456733704e-11,
1,7,DETERMINISTIC_RH,LEXMMFSA,shared_battery_mode_node_level_v1,SI-Drahi_17-d1-HOM-UHI-BLO-bf2d3053ce,TK-PB-Drahi_17-d1-HOM-UHI-62618e628e-r1,SS-102adc95e052,5,1,lex_phase_1,OPTIMAL,FEASIBLE_POINT,88697.91653184526,88697.91653184526,0,798,798,1227,3389,24,0,24,120,24,1,0,0,NaN,0,NaN,5.115907697472721e-13,2.9103830456733704e-11,
1,7,DETERMINISTIC_RH,LEXMMFSA,shared_battery_mode_node_level_v1,SI-Drahi_17-d1-HOM-UHI-BLO-bf2d3053ce,TK-PB-Drahi_17-d1-HOM-UHI-62618e628e-r1,SS-102adc95e052,5,2,lex_phase_2,OPTIMAL,FEASIBLE_POINT,177395.83306369054,177395.83306369054,0,798,798,1228,3395,24,0,24,120,24,1,0,0,NaN,0,NaN,5.115907697472721e-13,2.9103830456733704e-11,
1,7,DETERMINISTIC_RH,LEXMMFSA,shared_battery_mode_node_level_v1,SI-Drahi_17-d1-HOM-UHI-BLO-bf2d3053ce,TK-PB-Drahi_17-d1-HOM-UHI-62618e628e-r1,SS-102adc95e052,5,3,lex_phase_3,OPTIMAL,FEASIBLE_POINT,266093.7495955358,266093.7495955358,0,798,798,1229,3401,24,0,24,120,24,1,0,0,NaN,0,NaN,5.115907697472721e-13,2.9103830456733704e-11,
1,7,DETERMINISTIC_RH,LEXMMFSA,shared_battery_mode_node_level_v1,SI-Drahi_17-d1-HOM-UHI-BLO-bf2d3053ce,TK-PB-Drahi_17-d1-HOM-UHI-62618e628e-r1,SS-102adc95e052,5,4,lex_phase_4,OPTIMAL,FEASIBLE_POINT,354791.6661273811,354791.6661273811,0,798,798,1230,3407,24,0,24,120,24,1,0,0,NaN,0,NaN,5.115907697472721e-13,2.9103830456733704e-11,
1,7,DETERMINISTIC_RH,LEXMMFSA,shared_battery_mode_node_level_v1,SI-Drahi_17-d1-HOM-UHI-BLO-bf2d3053ce,TK-PB-Drahi_17-d1-HOM-UHI-62618e628e-r1,SS-102adc95e052,5,5,lex_phase_5,OPTIMAL,FEASIBLE_POINT,443489.5826592264,443489.5826592264,0,798,798,1231,3413,24,0,24,120,24,1,0,0,NaN,0,NaN,5.115907697472721e-13,2.9103830456733704e-11,
1,7,DETERMINISTIC_RH,LEXMMFSA,shared_battery_mode_node_level_v1,SI-Drahi_17-d1-HOM-UHI-BLO-bf2d3053ce,TK-PB-Drahi_17-d1-HOM-UHI-62618e628e-r1,SS-102adc95e052,5,6,economic_tie_break,OPTIMAL,FEASIBLE_POINT,689315.3910784827,689315.3910784827,0,798,798,1232,3419,24,0,24,120,24,1,0,0,NaN,0,NaN,5.115907697472721e-13,2.9103830456733704e-11,
1,8,DETERMINISTIC_RH,LEXMMFSA,shared_battery_mode_node_level_v1,SI-Drahi_17-d1-HOM-UHI-BLO-bf2d3053ce,TK-PB-Drahi_17-d1-HOM-UHI-62618e628e-r1,SS-102adc95e052,5,1,lex_phase_1,OPTIMAL,FEASIBLE_POINT,88697.91653184526,88697.91653184526,0,798,798,1227,3389,24,0,24,120,24,1,0,0,NaN,0,NaN,1.0516032489249483e-12,2.9103830456733704e-11,
1,8,DETERMINISTIC_RH,LEXMMFSA,shared_battery_mode_node_level_v1,SI-Drahi_17-d1-HOM-UHI-BLO-bf2d3053ce,TK-PB-Drahi_17-d1-HOM-UHI-62618e628e-r1,SS-102adc95e052,5,2,lex_phase_2,OPTIMAL,FEASIBLE_POINT,177395.83306369054,177395.83306369054,0,798,798,1228,3395,24,0,24,120,24,1,0,0,NaN,0,NaN,1.0516032489249483e-12,2.9103830456733704e-11,
1,8,DETERMINISTIC_RH,LEXMMFSA,shared_battery_mode_node_level_v1,SI-Drahi_17-d1-HOM-UHI-BLO-bf2d3053ce,TK-PB-Drahi_17-d1-HOM-UHI-62618e628e-r1,SS-102adc95e052,5,3,lex_phase_3,OPTIMAL,FEASIBLE_POINT,266093.7495955358,266093.7495955358,0,798,798,1229,3401,24,0,24,120,24,1,0,0,NaN,0,NaN,1.0516032489249483e-12,2.9103830456733704e-11,
1,8,DETERMINISTIC_RH,LEXMMFSA,shared_battery_mode_node_level_v1,SI-Drahi_17-d1-HOM-UHI-BLO-bf2d3053ce,TK-PB-Drahi_17-d1-HOM-UHI-62618e628e-r1,SS-102adc95e052,5,4,lex_phase_4,OPTIMAL,FEASIBLE_POINT,354791.6661273811,354791.6661273811,0,798,798,1230,3407,24,0,24,120,24,1,0,0,NaN,0,NaN,1.0516032489249483e-12,2.9103830456733704e-11,
1,8,DETERMINISTIC_RH,LEXMMFSA,shared_battery_mode_node_level_v1,SI-Drahi_17-d1-HOM-UHI-BLO-bf2d3053ce,TK-PB-Drahi_17-d1-HOM-UHI-62618e628e-r1,SS-102adc95e052,5,5,lex_phase_5,OPTIMAL,FEASIBLE_POINT,443489.5826592264,443489.5826592264,0,798,798,1231,3413,24,0,24,120,24,1,0,0,NaN,0,NaN,1.0516032489249483e-12,2.9103830456733704e-11,
1,8,DETERMINISTIC_RH,LEXMMFSA,shared_battery_mode_node_level_v1,SI-Drahi_17-d1-HOM-UHI-BLO-bf2d3053ce,TK-PB-Drahi_17-d1-HOM-UHI-62618e628e-r1,SS-102adc95e052,5,6,economic_tie_break,OPTIMAL,FEASIBLE_POINT,689315.3910784827,689315.3910784827,0,798,798,1232,3419,24,0,24,120,24,1,0,0,NaN,0,NaN,1.0516032489249483e-12,2.9103830456733704e-11,
1,9,DETERMINISTIC_RH,LEXMMFSA,shared_battery_mode_node_level_v1,SI-Drahi_17-d1-HOM-UHI-BLO-bf2d3053ce,TK-PB-Drahi_17-d1-HOM-UHI-62618e628e-r1,SS-19da242d4543,9,1,lex_phase_1,OPTIMAL,FEASIBLE_POINT,71541.42964956962,71541.42964956962,0,798,798,1227,3389,24,0,24,120,24,1,0,0,NaN,0,NaN,1.4210854715202004e-14,1.1641532182693481e-10,
1,9,DETERMINISTIC_RH,LEXMMFSA,shared_battery_mode_node_level_v1,SI-Drahi_17-d1-HOM-UHI-BLO-bf2d3053ce,TK-PB-Drahi_17-d1-HOM-UHI-62618e628e-r1,SS-19da242d4543,9,2,lex_phase_2,OPTIMAL,FEASIBLE_POINT,143082.85929913924,143082.85929913924,0,798,798,1228,3395,24,0,24,120,24,1,0,0,NaN,0,NaN,1.4210854715202004e-14,1.1641532182693481e-10,
1,9,DETERMINISTIC_RH,LEXMMFSA,shared_battery_mode_node_level_v1,SI-Drahi_17-d1-HOM-UHI-BLO-bf2d3053ce,TK-PB-Drahi_17-d1-HOM-UHI-62618e628e-r1,SS-19da242d4543,9,3,lex_phase_3,OPTIMAL,FEASIBLE_POINT,214624.28894870885,214624.28894870885,0,798,798,1229,3401,24,0,24,120,24,1,0,0,NaN,0,NaN,1.4210854715202004e-14,1.1641532182693481e-10,
1,9,DETERMINISTIC_RH,LEXMMFSA,shared_battery_mode_node_level_v1,SI-Drahi_17-d1-HOM-UHI-BLO-bf2d3053ce,TK-PB-Drahi_17-d1-HOM-UHI-62618e628e-r1,SS-19da242d4543,9,4,lex_phase_4,OPTIMAL,FEASIBLE_POINT,286165.7185982785,286165.7185982785,0,798,798,1230,3407,24,0,24,120,24,1,0,0,NaN,0,NaN,1.4210854715202004e-14,1.1641532182693481e-10,
1,9,DETERMINISTIC_RH,LEXMMFSA,shared_battery_mode_node_level_v1,SI-Drahi_17-d1-HOM-UHI-BLO-bf2d3053ce,TK-PB-Drahi_17-d1-HOM-UHI-62618e628e-r1,SS-19da242d4543,9,5,lex_phase_5,OPTIMAL,FEASIBLE_POINT,357707.148247848,357707.148247848,0,798,798,1231,3413,24,0,24,120,24,1,0,0,NaN,0,NaN,1.4210854715202004e-14,1.1641532182693481e-10,
1,9,DETERMINISTIC_RH,LEXMMFSA,shared_battery_mode_node_level_v1,SI-Drahi_17-d1-HOM-UHI-BLO-bf2d3053ce,TK-PB-Drahi_17-d1-HOM-UHI-62618e628e-r1,SS-19da242d4543,9,6,economic_tie_break,OPTIMAL,FEASIBLE_POINT,729383.8659846007,729383.8659846007,0,798,798,1232,3419,24,0,24,120,24,1,0,0,NaN,0,NaN,1.4210854715202004e-14,1.1641532182693481e-10,
1,10,DETERMINISTIC_RH,LEXMMFSA,shared_battery_mode_node_level_v1,SI-Drahi_17-d1-HOM-UHI-BLO-bf2d3053ce,TK-PB-Drahi_17-d1-HOM-UHI-62618e628e-r1,SS-19da242d4543,9,1,lex_phase_1,OPTIMAL,FEASIBLE_POINT,71541.42964956962,71541.42964956962,0,798,798,1227,3389,24,0,24,120,24,1,0,0,NaN,0,NaN,7.229772336359019e-13,1.1641532182693481e-10,
1,10,DETERMINISTIC_RH,LEXMMFSA,shared_battery_mode_node_level_v1,SI-Drahi_17-d1-HOM-UHI-BLO-bf2d3053ce,TK-PB-Drahi_17-d1-HOM-UHI-62618e628e-r1,SS-19da242d4543,9,2,lex_phase_2,OPTIMAL,FEASIBLE_POINT,143082.85929913924,143082.85929913924,0,798,798,1228,3395,24,0,24,120,24,1,0,0,NaN,0,NaN,7.229772336359019e-13,1.1641532182693481e-10,
1,10,DETERMINISTIC_RH,LEXMMFSA,shared_battery_mode_node_level_v1,SI-Drahi_17-d1-HOM-UHI-BLO-bf2d3053ce,TK-PB-Drahi_17-d1-HOM-UHI-62618e628e-r1,SS-19da242d4543,9,3,lex_phase_3,OPTIMAL,FEASIBLE_POINT,214624.28894870885,214624.28894870885,0,798,798,1229,3401,24,0,24,120,24,1,0,0,NaN,0,NaN,7.229772336359019e-13,1.1641532182693481e-10,
1,10,DETERMINISTIC_RH,LEXMMFSA,shared_battery_mode_node_level_v1,SI-Drahi_17-d1-HOM-UHI-BLO-bf2d3053ce,TK-PB-Drahi_17-d1-HOM-UHI-62618e628e-r1,SS-19da242d4543,9,4,lex_phase_4,OPTIMAL,FEASIBLE_POINT,286165.7185982785,286165.7185982785,0,798,798,1230,3407,24,0,24,120,24,1,0,0,NaN,0,NaN,7.229772336359019e-13,1.1641532182693481e-10,
1,10,DETERMINISTIC_RH,LEXMMFSA,shared_battery_mode_node_level_v1,SI-Drahi_17-d1-HOM-UHI-BLO-bf2d3053ce,TK-PB-Drahi_17-d1-HOM-UHI-62618e628e-r1,SS-19da242d4543,9,5,lex_phase_5,OPTIMAL,FEASIBLE_POINT,357707.148247848,357707.148247848,0,798,798,1231,3413,24,0,24,120,24,1,0,0,NaN,0,NaN,7.229772336359019e-13,1.1641532182693481e-10,
1,10,DETERMINISTIC_RH,LEXMMFSA,shared_battery_mode_node_level_v1,SI-Drahi_17-d1-HOM-UHI-BLO-bf2d3053ce,TK-PB-Drahi_17-d1-HOM-UHI-62618e628e-r1,SS-19da242d4543,9,6,economic_tie_break,OPTIMAL,FEASIBLE_POINT,729383.8659846007,729383.8659846007,0,798,798,1232,3419,24,0,24,120,24,1,0,0,NaN,0,NaN,7.229772336359019e-13,1.1641532182693481e-10,
1,11,DETERMINISTIC_RH,LEXMMFSA,shared_battery_mode_node_level_v1,SI-Drahi_17-d1-HOM-UHI-BLO-bf2d3053ce,TK-PB-Drahi_17-d1-HOM-UHI-62618e628e-r1,SS-19da242d4543,9,1,lex_phase_1,OPTIMAL,FEASIBLE_POINT,71541.42964956962,71541.42964956962,0,798,798,1227,3389,24,0,24,120,24,1,0,0,NaN,0,NaN,3.126388037344441e-13,1.1641532182693481e-10,
1,11,DETERMINISTIC_RH,LEXMMFSA,shared_battery_mode_node_level_v1,SI-Drahi_17-d1-HOM-UHI-BLO-bf2d3053ce,TK-PB-Drahi_17-d1-HOM-UHI-62618e628e-r1,SS-19da242d4543,9,2,lex_phase_2,OPTIMAL,FEASIBLE_POINT,143082.85929913924,143082.85929913924,0,798,798,1228,3395,24,0,24,120,24,1,0,0,NaN,0,NaN,3.126388037344441e-13,1.1641532182693481e-10,
1,11,DETERMINISTIC_RH,LEXMMFSA,shared_battery_mode_node_level_v1,SI-Drahi_17-d1-HOM-UHI-BLO-bf2d3053ce,TK-PB-Drahi_17-d1-HOM-UHI-62618e628e-r1,SS-19da242d4543,9,3,lex_phase_3,OPTIMAL,FEASIBLE_POINT,214624.28894870885,214624.28894870885,0,798,798,1229,3401,24,0,24,120,24,1,0,0,NaN,0,NaN,3.126388037344441e-13,1.1641532182693481e-10,
1,11,DETERMINISTIC_RH,LEXMMFSA,shared_battery_mode_node_level_v1,SI-Drahi_17-d1-HOM-UHI-BLO-bf2d3053ce,TK-PB-Drahi_17-d1-HOM-UHI-62618e628e-r1,SS-19da242d4543,9,4,lex_phase_4,OPTIMAL,FEASIBLE_POINT,286165.7185982785,286165.7185982785,0,798,798,1230,3407,24,0,24,120,24,1,0,0,NaN,0,NaN,3.126388037344441e-13,1.1641532182693481e-10,
1,11,DETERMINISTIC_RH,LEXMMFSA,shared_battery_mode_node_level_v1,SI-Drahi_17-d1-HOM-UHI-BLO-bf2d3053ce,TK-PB-Drahi_17-d1-HOM-UHI-62618e628e-r1,SS-19da242d4543,9,5,lex_phase_5,OPTIMAL,FEASIBLE_POINT,357707.148247848,357707.148247848,0,798,798,1231,3413,24,0,24,120,24,1,0,0,NaN,0,NaN,3.126388037344441e-13,1.1641532182693481e-10,
1,11,DETERMINISTIC_RH,LEXMMFSA,shared_battery_mode_node_level_v1,SI-Drahi_17-d1-HOM-UHI-BLO-bf2d3053ce,TK-PB-Drahi_17-d1-HOM-UHI-62618e628e-r1,SS-19da242d4543,9,6,economic_tie_break,OPTIMAL,FEASIBLE_POINT,729383.8659846007,729383.8659846007,0,798,798,1232,3419,24,0,24,120,24,1,0,0,NaN,0,NaN,3.126388037344441e-13,1.1641532182693481e-10,
1,12,DETERMINISTIC_RH,LEXMMFSA,shared_battery_mode_node_level_v1,SI-Drahi_17-d1-HOM-UHI-BLO-bf2d3053ce,TK-PB-Drahi_17-d1-HOM-UHI-62618e628e-r1,SS-19da242d4543,9,1,lex_phase_1,OPTIMAL,FEASIBLE_POINT,71541.42964956962,71541.42964956962,0,798,798,1227,3389,24,0,24,120,24,1,0,0,NaN,0,NaN,2.2737367544323206e-13,1.1641532182693481e-10,
1,12,DETERMINISTIC_RH,LEXMMFSA,shared_battery_mode_node_level_v1,SI-Drahi_17-d1-HOM-UHI-BLO-bf2d3053ce,TK-PB-Drahi_17-d1-HOM-UHI-62618e628e-r1,SS-19da242d4543,9,2,lex_phase_2,OPTIMAL,FEASIBLE_POINT,143082.85929913924,143082.85929913924,0,798,798,1228,3395,24,0,24,120,24,1,0,0,NaN,0,NaN,2.2737367544323206e-13,1.1641532182693481e-10,
1,12,DETERMINISTIC_RH,LEXMMFSA,shared_battery_mode_node_level_v1,SI-Drahi_17-d1-HOM-UHI-BLO-bf2d3053ce,TK-PB-Drahi_17-d1-HOM-UHI-62618e628e-r1,SS-19da242d4543,9,3,lex_phase_3,OPTIMAL,FEASIBLE_POINT,214624.28894870885,214624.28894870885,0,798,798,1229,3401,24,0,24,120,24,1,0,0,NaN,0,NaN,2.2737367544323206e-13,1.1641532182693481e-10,
1,12,DETERMINISTIC_RH,LEXMMFSA,shared_battery_mode_node_level_v1,SI-Drahi_17-d1-HOM-UHI-BLO-bf2d3053ce,TK-PB-Drahi_17-d1-HOM-UHI-62618e628e-r1,SS-19da242d4543,9,4,lex_phase_4,OPTIMAL,FEASIBLE_POINT,286165.7185982785,286165.7185982785,0,798,798,1230,3407,24,0,24,120,24,1,0,0,NaN,0,NaN,2.2737367544323206e-13,1.1641532182693481e-10,
1,12,DETERMINISTIC_RH,LEXMMFSA,shared_battery_mode_node_level_v1,SI-Drahi_17-d1-HOM-UHI-BLO-bf2d3053ce,TK-PB-Drahi_17-d1-HOM-UHI-62618e628e-r1,SS-19da242d4543,9,5,lex_phase_5,OPTIMAL,FEASIBLE_POINT,357707.148247848,357707.148247848,0,798,798,1231,3413,24,0,24,120,24,1,0,0,NaN,0,NaN,2.2737367544323206e-13,1.1641532182693481e-10,
1,12,DETERMINISTIC_RH,LEXMMFSA,shared_battery_mode_node_level_v1,SI-Drahi_17-d1-HOM-UHI-BLO-bf2d3053ce,TK-PB-Drahi_17-d1-HOM-UHI-62618e628e-r1,SS-19da242d4543,9,6,economic_tie_break,OPTIMAL,FEASIBLE_POINT,729383.8659846007,729383.8659846007,0,798,798,1232,3419,24,0,24,120,24,1,0,0,NaN,0,NaN,2.2737367544323206e-13,1.1641532182693481e-10,
1,13,DETERMINISTIC_RH,LEXMMFSA,shared_battery_mode_node_level_v1,SI-Drahi_17-d1-HOM-UHI-BLO-bf2d3053ce,TK-PB-Drahi_17-d1-HOM-UHI-62618e628e-r1,SS-354317d12b7f,13,1,lex_phase_1,OPTIMAL,FEASIBLE_POINT,95353.52896279513,95353.52896279513,0,798,798,1227,3389,24,0,24,120,24,1,0,0,NaN,0,NaN,2.842170943040401e-14,2.9103830456733704e-11,
1,13,DETERMINISTIC_RH,LEXMMFSA,shared_battery_mode_node_level_v1,SI-Drahi_17-d1-HOM-UHI-BLO-bf2d3053ce,TK-PB-Drahi_17-d1-HOM-UHI-62618e628e-r1,SS-354317d12b7f,13,2,lex_phase_2,OPTIMAL,FEASIBLE_POINT,190707.05792559023,190707.05792559023,0,798,798,1228,3395,24,0,24,120,24,1,0,0,NaN,0,NaN,2.842170943040401e-14,2.9103830456733704e-11,
1,13,DETERMINISTIC_RH,LEXMMFSA,shared_battery_mode_node_level_v1,SI-Drahi_17-d1-HOM-UHI-BLO-bf2d3053ce,TK-PB-Drahi_17-d1-HOM-UHI-62618e628e-r1,SS-354317d12b7f,13,3,lex_phase_3,OPTIMAL,FEASIBLE_POINT,286060.58688838535,286060.58688838535,0,798,798,1229,3401,24,0,24,120,24,1,0,0,NaN,0,NaN,2.842170943040401e-14,2.9103830456733704e-11,
1,13,DETERMINISTIC_RH,LEXMMFSA,shared_battery_mode_node_level_v1,SI-Drahi_17-d1-HOM-UHI-BLO-bf2d3053ce,TK-PB-Drahi_17-d1-HOM-UHI-62618e628e-r1,SS-354317d12b7f,13,4,lex_phase_4,OPTIMAL,FEASIBLE_POINT,381414.11585118045,381414.11585118045,0,798,798,1230,3407,24,0,24,120,24,1,0,0,NaN,0,NaN,2.842170943040401e-14,2.9103830456733704e-11,
1,13,DETERMINISTIC_RH,LEXMMFSA,shared_battery_mode_node_level_v1,SI-Drahi_17-d1-HOM-UHI-BLO-bf2d3053ce,TK-PB-Drahi_17-d1-HOM-UHI-62618e628e-r1,SS-354317d12b7f,13,5,lex_phase_5,OPTIMAL,FEASIBLE_POINT,476767.64481397555,476767.64481397555,0,798,798,1231,3413,24,0,24,120,24,1,0,0,NaN,0,NaN,2.842170943040401e-14,2.9103830456733704e-11,
1,13,DETERMINISTIC_RH,LEXMMFSA,shared_battery_mode_node_level_v1,SI-Drahi_17-d1-HOM-UHI-BLO-bf2d3053ce,TK-PB-Drahi_17-d1-HOM-UHI-62618e628e-r1,SS-354317d12b7f,13,6,economic_tie_break,OPTIMAL,FEASIBLE_POINT,731762.2908790412,731762.2908790412,0,798,798,1232,3419,24,0,24,120,24,1,0,0,NaN,0,NaN,2.842170943040401e-14,2.9103830456733704e-11,
1,14,DETERMINISTIC_RH,LEXMMFSA,shared_battery_mode_node_level_v1,SI-Drahi_17-d1-HOM-UHI-BLO-bf2d3053ce,TK-PB-Drahi_17-d1-HOM-UHI-62618e628e-r1,SS-354317d12b7f,13,1,lex_phase_1,OPTIMAL,FEASIBLE_POINT,95353.52896279513,95353.52896279513,0,798,798,1227,3389,24,0,24,120,24,1,0,0,NaN,0,NaN,3.694822225952521e-13,2.9103830456733704e-11,
1,14,DETERMINISTIC_RH,LEXMMFSA,shared_battery_mode_node_level_v1,SI-Drahi_17-d1-HOM-UHI-BLO-bf2d3053ce,TK-PB-Drahi_17-d1-HOM-UHI-62618e628e-r1,SS-354317d12b7f,13,2,lex_phase_2,OPTIMAL,FEASIBLE_POINT,190707.05792559023,190707.05792559023,0,798,798,1228,3395,24,0,24,120,24,1,0,0,NaN,0,NaN,3.694822225952521e-13,2.9103830456733704e-11,
1,14,DETERMINISTIC_RH,LEXMMFSA,shared_battery_mode_node_level_v1,SI-Drahi_17-d1-HOM-UHI-BLO-bf2d3053ce,TK-PB-Drahi_17-d1-HOM-UHI-62618e628e-r1,SS-354317d12b7f,13,3,lex_phase_3,OPTIMAL,FEASIBLE_POINT,286060.58688838535,286060.58688838535,0,798,798,1229,3401,24,0,24,120,24,1,0,0,NaN,0,NaN,3.694822225952521e-13,2.9103830456733704e-11,
1,14,DETERMINISTIC_RH,LEXMMFSA,shared_battery_mode_node_level_v1,SI-Drahi_17-d1-HOM-UHI-BLO-bf2d3053ce,TK-PB-Drahi_17-d1-HOM-UHI-62618e628e-r1,SS-354317d12b7f,13,4,lex_phase_4,OPTIMAL,FEASIBLE_POINT,381414.11585118045,381414.11585118045,0,798,798,1230,3407,24,0,24,120,24,1,0,0,NaN,0,NaN,3.694822225952521e-13,2.9103830456733704e-11,
1,14,DETERMINISTIC_RH,LEXMMFSA,shared_battery_mode_node_level_v1,SI-Drahi_17-d1-HOM-UHI-BLO-bf2d3053ce,TK-PB-Drahi_17-d1-HOM-UHI-62618e628e-r1,SS-354317d12b7f,13,5,lex_phase_5,OPTIMAL,FEASIBLE_POINT,476767.64481397555,476767.64481397555,0,798,798,1231,3413,24,0,24,120,24,1,0,0,NaN,0,NaN,3.694822225952521e-13,2.9103830456733704e-11,
1,14,DETERMINISTIC_RH,LEXMMFSA,shared_battery_mode_node_level_v1,SI-Drahi_17-d1-HOM-UHI-BLO-bf2d3053ce,TK-PB-Drahi_17-d1-HOM-UHI-62618e628e-r1,SS-354317d12b7f,13,6,economic_tie_break,OPTIMAL,FEASIBLE_POINT,731762.2908790412,731762.2908790412,0,798,798,1232,3419,24,0,24,120,24,1,0,0,NaN,0,NaN,3.694822225952521e-13,2.9103830456733704e-11,
1,15,DETERMINISTIC_RH,LEXMMFSA,shared_battery_mode_node_level_v1,SI-Drahi_17-d1-HOM-UHI-BLO-bf2d3053ce,TK-PB-Drahi_17-d1-HOM-UHI-62618e628e-r1,SS-354317d12b7f,13,1,lex_phase_1,OPTIMAL,FEASIBLE_POINT,95353.52896279513,95353.52896279513,0,798,798,1227,3389,24,0,24,120,24,1,0,0,NaN,0,NaN,2.7711166694643907e-13,2.9103830456733704e-11,
1,15,DETERMINISTIC_RH,LEXMMFSA,shared_battery_mode_node_level_v1,SI-Drahi_17-d1-HOM-UHI-BLO-bf2d3053ce,TK-PB-Drahi_17-d1-HOM-UHI-62618e628e-r1,SS-354317d12b7f,13,2,lex_phase_2,OPTIMAL,FEASIBLE_POINT,190707.05792559023,190707.05792559023,0,798,798,1228,3395,24,0,24,120,24,1,0,0,NaN,0,NaN,2.7711166694643907e-13,2.9103830456733704e-11,
1,15,DETERMINISTIC_RH,LEXMMFSA,shared_battery_mode_node_level_v1,SI-Drahi_17-d1-HOM-UHI-BLO-bf2d3053ce,TK-PB-Drahi_17-d1-HOM-UHI-62618e628e-r1,SS-354317d12b7f,13,3,lex_phase_3,OPTIMAL,FEASIBLE_POINT,286060.58688838535,286060.58688838535,0,798,798,1229,3401,24,0,24,120,24,1,0,0,NaN,0,NaN,2.7711166694643907e-13,2.9103830456733704e-11,
1,15,DETERMINISTIC_RH,LEXMMFSA,shared_battery_mode_node_level_v1,SI-Drahi_17-d1-HOM-UHI-BLO-bf2d3053ce,TK-PB-Drahi_17-d1-HOM-UHI-62618e628e-r1,SS-354317d12b7f,13,4,lex_phase_4,OPTIMAL,FEASIBLE_POINT,381414.11585118045,381414.11585118045,0,798,798,1230,3407,24,0,24,120,24,1,0,0,NaN,0,NaN,2.7711166694643907e-13,2.9103830456733704e-11,
1,15,DETERMINISTIC_RH,LEXMMFSA,shared_battery_mode_node_level_v1,SI-Drahi_17-d1-HOM-UHI-BLO-bf2d3053ce,TK-PB-Drahi_17-d1-HOM-UHI-62618e628e-r1,SS-354317d12b7f,13,5,lex_phase_5,OPTIMAL,FEASIBLE_POINT,476767.64481397555,476767.64481397555,0,798,798,1231,3413,24,0,24,120,24,1,0,0,NaN,0,NaN,2.7711166694643907e-13,2.9103830456733704e-11,
1,15,DETERMINISTIC_RH,LEXMMFSA,shared_battery_mode_node_level_v1,SI-Drahi_17-d1-HOM-UHI-BLO-bf2d3053ce,TK-PB-Drahi_17-d1-HOM-UHI-62618e628e-r1,SS-354317d12b7f,13,6,economic_tie_break,OPTIMAL,FEASIBLE_POINT,731762.2908790412,731762.2908790412,0,798,798,1232,3419,24,0,24,120,24,1,0,0,NaN,0,NaN,2.7711166694643907e-13,2.9103830456733704e-11,
1,16,DETERMINISTIC_RH,LEXMMFSA,shared_battery_mode_node_level_v1,SI-Drahi_17-d1-HOM-UHI-BLO-bf2d3053ce,TK-PB-Drahi_17-d1-HOM-UHI-62618e628e-r1,SS-354317d12b7f,13,1,lex_phase_1,OPTIMAL,FEASIBLE_POINT,95353.52896279513,95353.52896279513,0,798,798,1227,3389,24,0,24,120,24,1,0,0,NaN,0,NaN,1.3500311979441904e-13,2.9103830456733704e-11,
1,16,DETERMINISTIC_RH,LEXMMFSA,shared_battery_mode_node_level_v1,SI-Drahi_17-d1-HOM-UHI-BLO-bf2d3053ce,TK-PB-Drahi_17-d1-HOM-UHI-62618e628e-r1,SS-354317d12b7f,13,2,lex_phase_2,OPTIMAL,FEASIBLE_POINT,190707.05792559023,190707.05792559023,0,798,798,1228,3395,24,0,24,120,24,1,0,0,NaN,0,NaN,1.3500311979441904e-13,2.9103830456733704e-11,
1,16,DETERMINISTIC_RH,LEXMMFSA,shared_battery_mode_node_level_v1,SI-Drahi_17-d1-HOM-UHI-BLO-bf2d3053ce,TK-PB-Drahi_17-d1-HOM-UHI-62618e628e-r1,SS-354317d12b7f,13,3,lex_phase_3,OPTIMAL,FEASIBLE_POINT,286060.58688838535,286060.58688838535,0,798,798,1229,3401,24,0,24,120,24,1,0,0,NaN,0,NaN,1.3500311979441904e-13,2.9103830456733704e-11,
1,16,DETERMINISTIC_RH,LEXMMFSA,shared_battery_mode_node_level_v1,SI-Drahi_17-d1-HOM-UHI-BLO-bf2d3053ce,TK-PB-Drahi_17-d1-HOM-UHI-62618e628e-r1,SS-354317d12b7f,13,4,lex_phase_4,OPTIMAL,FEASIBLE_POINT,381414.11585118045,381414.11585118045,0,798,798,1230,3407,24,0,24,120,24,1,0,0,NaN,0,NaN,1.3500311979441904e-13,2.9103830456733704e-11,
1,16,DETERMINISTIC_RH,LEXMMFSA,shared_battery_mode_node_level_v1,SI-Drahi_17-d1-HOM-UHI-BLO-bf2d3053ce,TK-PB-Drahi_17-d1-HOM-UHI-62618e628e-r1,SS-354317d12b7f,13,5,lex_phase_5,OPTIMAL,FEASIBLE_POINT,476767.64481397555,476767.64481397555,0,798,798,1231,3413,24,0,24,120,24,1,0,0,NaN,0,NaN,1.3500311979441904e-13,2.9103830456733704e-11,
1,16,DETERMINISTIC_RH,LEXMMFSA,shared_battery_mode_node_level_v1,SI-Drahi_17-d1-HOM-UHI-BLO-bf2d3053ce,TK-PB-Drahi_17-d1-HOM-UHI-62618e628e-r1,SS-354317d12b7f,13,6,economic_tie_break,OPTIMAL,FEASIBLE_POINT,731762.2908790412,731762.2908790412,0,798,798,1232,3419,24,0,24,120,24,1,0,0,NaN,0,NaN,1.3500311979441904e-13,2.9103830456733704e-11,
1,17,DETERMINISTIC_RH,LEXMMFSA,shared_battery_mode_node_level_v1,SI-Drahi_17-d1-HOM-UHI-BLO-bf2d3053ce,TK-PB-Drahi_17-d1-HOM-UHI-62618e628e-r1,SS-c81930d9c8ba,17,1,lex_phase_1,OPTIMAL,FEASIBLE_POINT,109740.88429593472,109740.88429593472,0,798,798,1227,3389,24,0,24,120,24,1,0,0,NaN,0,NaN,7.105427357601002e-15,0.0,
1,17,DETERMINISTIC_RH,LEXMMFSA,shared_battery_mode_node_level_v1,SI-Drahi_17-d1-HOM-UHI-BLO-bf2d3053ce,TK-PB-Drahi_17-d1-HOM-UHI-62618e628e-r1,SS-c81930d9c8ba,17,2,lex_phase_2,OPTIMAL,FEASIBLE_POINT,219481.76859186942,219481.76859186942,0,798,798,1228,3395,24,0,24,120,24,1,0,0,NaN,0,NaN,7.105427357601002e-15,0.0,
1,17,DETERMINISTIC_RH,LEXMMFSA,shared_battery_mode_node_level_v1,SI-Drahi_17-d1-HOM-UHI-BLO-bf2d3053ce,TK-PB-Drahi_17-d1-HOM-UHI-62618e628e-r1,SS-c81930d9c8ba,17,3,lex_phase_3,OPTIMAL,FEASIBLE_POINT,329222.65288780414,329222.65288780414,0,798,798,1229,3401,24,0,24,120,24,1,0,0,NaN,0,NaN,7.105427357601002e-15,0.0,
1,17,DETERMINISTIC_RH,LEXMMFSA,shared_battery_mode_node_level_v1,SI-Drahi_17-d1-HOM-UHI-BLO-bf2d3053ce,TK-PB-Drahi_17-d1-HOM-UHI-62618e628e-r1,SS-c81930d9c8ba,17,4,lex_phase_4,OPTIMAL,FEASIBLE_POINT,438963.53718373884,438963.53718373884,0,798,798,1230,3407,24,0,24,120,24,1,0,0,NaN,0,NaN,7.105427357601002e-15,0.0,
1,17,DETERMINISTIC_RH,LEXMMFSA,shared_battery_mode_node_level_v1,SI-Drahi_17-d1-HOM-UHI-BLO-bf2d3053ce,TK-PB-Drahi_17-d1-HOM-UHI-62618e628e-r1,SS-c81930d9c8ba,17,5,lex_phase_5,OPTIMAL,FEASIBLE_POINT,548704.4214796736,548704.4214796736,0,798,798,1231,3413,24,0,24,120,24,1,0,0,NaN,0,NaN,7.105427357601002e-15,0.0,
1,17,DETERMINISTIC_RH,LEXMMFSA,shared_battery_mode_node_level_v1,SI-Drahi_17-d1-HOM-UHI-BLO-bf2d3053ce,TK-PB-Drahi_17-d1-HOM-UHI-62618e628e-r1,SS-c81930d9c8ba,17,6,economic_tie_break,OPTIMAL,FEASIBLE_POINT,733702.2040756044,733702.2040756044,0,798,798,1232,3419,24,0,24,120,24,1,0,0,NaN,0,NaN,7.105427357601002e-15,0.0,
1,18,DETERMINISTIC_RH,LEXMMFSA,shared_battery_mode_node_level_v1,SI-Drahi_17-d1-HOM-UHI-BLO-bf2d3053ce,TK-PB-Drahi_17-d1-HOM-UHI-62618e628e-r1,SS-c81930d9c8ba,17,1,lex_phase_1,OPTIMAL,FEASIBLE_POINT,109740.88429593472,109740.88429593472,0,798,798,1227,3389,24,0,24,120,24,1,0,0,NaN,0,NaN,1.9317880628477724e-14,0.0,
1,18,DETERMINISTIC_RH,LEXMMFSA,shared_battery_mode_node_level_v1,SI-Drahi_17-d1-HOM-UHI-BLO-bf2d3053ce,TK-PB-Drahi_17-d1-HOM-UHI-62618e628e-r1,SS-c81930d9c8ba,17,2,lex_phase_2,OPTIMAL,FEASIBLE_POINT,219481.76859186942,219481.76859186942,0,798,798,1228,3395,24,0,24,120,24,1,0,0,NaN,0,NaN,1.9317880628477724e-14,0.0,
1,18,DETERMINISTIC_RH,LEXMMFSA,shared_battery_mode_node_level_v1,SI-Drahi_17-d1-HOM-UHI-BLO-bf2d3053ce,TK-PB-Drahi_17-d1-HOM-UHI-62618e628e-r1,SS-c81930d9c8ba,17,3,lex_phase_3,OPTIMAL,FEASIBLE_POINT,329222.65288780414,329222.65288780414,0,798,798,1229,3401,24,0,24,120,24,1,0,0,NaN,0,NaN,1.9317880628477724e-14,0.0,
1,18,DETERMINISTIC_RH,LEXMMFSA,shared_battery_mode_node_level_v1,SI-Drahi_17-d1-HOM-UHI-BLO-bf2d3053ce,TK-PB-Drahi_17-d1-HOM-UHI-62618e628e-r1,SS-c81930d9c8ba,17,4,lex_phase_4,OPTIMAL,FEASIBLE_POINT,438963.53718373884,438963.53718373884,0,798,798,1230,3407,24,0,24,120,24,1,0,0,NaN,0,NaN,1.9317880628477724e-14,0.0,
1,18,DETERMINISTIC_RH,LEXMMFSA,shared_battery_mode_node_level_v1,SI-Drahi_17-d1-HOM-UHI-BLO-bf2d3053ce,TK-PB-Drahi_17-d1-HOM-UHI-62618e628e-r1,SS-c81930d9c8ba,17,5,lex_phase_5,OPTIMAL,FEASIBLE_POINT,548704.4214796736,548704.4214796736,0,798,798,1231,3413,24,0,24,120,24,1,0,0,NaN,0,NaN,1.9317880628477724e-14,0.0,
1,18,DETERMINISTIC_RH,LEXMMFSA,shared_battery_mode_node_level_v1,SI-Drahi_17-d1-HOM-UHI-BLO-bf2d3053ce,TK-PB-Drahi_17-d1-HOM-UHI-62618e628e-r1,SS-c81930d9c8ba,17,6,economic_tie_break,OPTIMAL,FEASIBLE_POINT,733702.2040756044,733702.2040756044,0,798,798,1232,3419,24,0,24,120,24,1,0,0,NaN,0,NaN,1.9317880628477724e-14,0.0,
1,19,DETERMINISTIC_RH,LEXMMFSA,shared_battery_mode_node_level_v1,SI-Drahi_17-d1-HOM-UHI-BLO-bf2d3053ce,TK-PB-Drahi_17-d1-HOM-UHI-62618e628e-r1,SS-c81930d9c8ba,17,1,lex_phase_1,OPTIMAL,FEASIBLE_POINT,109740.88429593472,109740.88429593472,0,798,798,1227,3389,24,0,24,120,24,1,0,0,NaN,0,NaN,2.2898349882893854e-15,0.0,
1,19,DETERMINISTIC_RH,LEXMMFSA,shared_battery_mode_node_level_v1,SI-Drahi_17-d1-HOM-UHI-BLO-bf2d3053ce,TK-PB-Drahi_17-d1-HOM-UHI-62618e628e-r1,SS-c81930d9c8ba,17,2,lex_phase_2,OPTIMAL,FEASIBLE_POINT,219481.76859186942,219481.76859186942,0,798,798,1228,3395,24,0,24,120,24,1,0,0,NaN,0,NaN,2.2898349882893854e-15,0.0,
1,19,DETERMINISTIC_RH,LEXMMFSA,shared_battery_mode_node_level_v1,SI-Drahi_17-d1-HOM-UHI-BLO-bf2d3053ce,TK-PB-Drahi_17-d1-HOM-UHI-62618e628e-r1,SS-c81930d9c8ba,17,3,lex_phase_3,OPTIMAL,FEASIBLE_POINT,329222.65288780414,329222.65288780414,0,798,798,1229,3401,24,0,24,120,24,1,0,0,NaN,0,NaN,2.2898349882893854e-15,0.0,
1,19,DETERMINISTIC_RH,LEXMMFSA,shared_battery_mode_node_level_v1,SI-Drahi_17-d1-HOM-UHI-BLO-bf2d3053ce,TK-PB-Drahi_17-d1-HOM-UHI-62618e628e-r1,SS-c81930d9c8ba,17,4,lex_phase_4,OPTIMAL,FEASIBLE_POINT,438963.53718373884,438963.53718373884,0,798,798,1230,3407,24,0,24,120,24,1,0,0,NaN,0,NaN,2.2898349882893854e-15,0.0,
1,19,DETERMINISTIC_RH,LEXMMFSA,shared_battery_mode_node_level_v1,SI-Drahi_17-d1-HOM-UHI-BLO-bf2d3053ce,TK-PB-Drahi_17-d1-HOM-UHI-62618e628e-r1,SS-c81930d9c8ba,17,5,lex_phase_5,OPTIMAL,FEASIBLE_POINT,548704.4214796736,548704.4214796736,0,798,798,1231,3413,24,0,24,120,24,1,0,0,NaN,0,NaN,2.2898349882893854e-15,0.0,
1,19,DETERMINISTIC_RH,LEXMMFSA,shared_battery_mode_node_level_v1,SI-Drahi_17-d1-HOM-UHI-BLO-bf2d3053ce,TK-PB-Drahi_17-d1-HOM-UHI-62618e628e-r1,SS-c81930d9c8ba,17,6,economic_tie_break,OPTIMAL,FEASIBLE_POINT,733702.2040756044,733702.2040756044,0,798,798,1232,3419,24,0,24,120,24,1,0,0,NaN,0,NaN,2.2898349882893854e-15,0.0,
1,20,DETERMINISTIC_RH,LEXMMFSA,shared_battery_mode_node_level_v1,SI-Drahi_17-d1-HOM-UHI-BLO-bf2d3053ce,TK-PB-Drahi_17-d1-HOM-UHI-62618e628e-r1,SS-c81930d9c8ba,17,1,lex_phase_1,OPTIMAL,FEASIBLE_POINT,109740.88429593472,109740.88429593472,0,798,798,1227,3389,24,0,24,120,24,1,0,0,NaN,0,NaN,0.0,0.0,
1,20,DETERMINISTIC_RH,LEXMMFSA,shared_battery_mode_node_level_v1,SI-Drahi_17-d1-HOM-UHI-BLO-bf2d3053ce,TK-PB-Drahi_17-d1-HOM-UHI-62618e628e-r1,SS-c81930d9c8ba,17,2,lex_phase_2,OPTIMAL,FEASIBLE_POINT,219481.76859186942,219481.76859186942,0,798,798,1228,3395,24,0,24,120,24,1,0,0,NaN,0,NaN,0.0,0.0,
1,20,DETERMINISTIC_RH,LEXMMFSA,shared_battery_mode_node_level_v1,SI-Drahi_17-d1-HOM-UHI-BLO-bf2d3053ce,TK-PB-Drahi_17-d1-HOM-UHI-62618e628e-r1,SS-c81930d9c8ba,17,3,lex_phase_3,OPTIMAL,FEASIBLE_POINT,329222.65288780414,329222.65288780414,0,798,798,1229,3401,24,0,24,120,24,1,0,0,NaN,0,NaN,0.0,0.0,
1,20,DETERMINISTIC_RH,LEXMMFSA,shared_battery_mode_node_level_v1,SI-Drahi_17-d1-HOM-UHI-BLO-bf2d3053ce,TK-PB-Drahi_17-d1-HOM-UHI-62618e628e-r1,SS-c81930d9c8ba,17,4,lex_phase_4,OPTIMAL,FEASIBLE_POINT,438963.53718373884,438963.53718373884,0,798,798,1230,3407,24,0,24,120,24,1,0,0,NaN,0,NaN,0.0,0.0,
1,20,DETERMINISTIC_RH,LEXMMFSA,shared_battery_mode_node_level_v1,SI-Drahi_17-d1-HOM-UHI-BLO-bf2d3053ce,TK-PB-Drahi_17-d1-HOM-UHI-62618e628e-r1,SS-c81930d9c8ba,17,5,lex_phase_5,OPTIMAL,FEASIBLE_POINT,548704.4214796736,548704.4214796736,0,798,798,1231,3413,24,0,24,120,24,1,0,0,NaN,0,NaN,0.0,0.0,
1,20,DETERMINISTIC_RH,LEXMMFSA,shared_battery_mode_node_level_v1,SI-Drahi_17-d1-HOM-UHI-BLO-bf2d3053ce,TK-PB-Drahi_17-d1-HOM-UHI-62618e628e-r1,SS-c81930d9c8ba,17,6,economic_tie_break,OPTIMAL,FEASIBLE_POINT,733702.2040756044,733702.2040756044,0,798,798,1232,3419,24,0,24,120,24,1,0,0,NaN,0,NaN,0.0,0.0,
1,21,DETERMINISTIC_RH,LEXMMFSA,shared_battery_mode_node_level_v1,SI-Drahi_17-d1-HOM-UHI-BLO-bf2d3053ce,TK-PB-Drahi_17-d1-HOM-UHI-62618e628e-r1,SS-3cf9bda45ea4,21,1,lex_phase_1,OPTIMAL,FEASIBLE_POINT,103865.44284336857,103865.44284336857,0,798,798,1227,3389,24,0,24,120,24,1,0,0,NaN,0,NaN,0.0,2.9103830456733704e-11,
1,21,DETERMINISTIC_RH,LEXMMFSA,shared_battery_mode_node_level_v1,SI-Drahi_17-d1-HOM-UHI-BLO-bf2d3053ce,TK-PB-Drahi_17-d1-HOM-UHI-62618e628e-r1,SS-3cf9bda45ea4,21,2,lex_phase_2,OPTIMAL,FEASIBLE_POINT,207730.8856867371,207730.8856867371,0,798,798,1228,3395,24,0,24,120,24,1,0,0,NaN,0,NaN,0.0,2.9103830456733704e-11,
1,21,DETERMINISTIC_RH,LEXMMFSA,shared_battery_mode_node_level_v1,SI-Drahi_17-d1-HOM-UHI-BLO-bf2d3053ce,TK-PB-Drahi_17-d1-HOM-UHI-62618e628e-r1,SS-3cf9bda45ea4,21,3,lex_phase_3,OPTIMAL,FEASIBLE_POINT,311596.32853010565,311596.32853010565,0,798,798,1229,3401,24,0,24,120,24,1,0,0,NaN,0,NaN,0.0,2.9103830456733704e-11,
1,21,DETERMINISTIC_RH,LEXMMFSA,shared_battery_mode_node_level_v1,SI-Drahi_17-d1-HOM-UHI-BLO-bf2d3053ce,TK-PB-Drahi_17-d1-HOM-UHI-62618e628e-r1,SS-3cf9bda45ea4,21,4,lex_phase_4,OPTIMAL,FEASIBLE_POINT,415461.7713734742,415461.7713734742,0,798,798,1230,3407,24,0,24,120,24,1,0,0,NaN,0,NaN,0.0,2.9103830456733704e-11,
1,21,DETERMINISTIC_RH,LEXMMFSA,shared_battery_mode_node_level_v1,SI-Drahi_17-d1-HOM-UHI-BLO-bf2d3053ce,TK-PB-Drahi_17-d1-HOM-UHI-62618e628e-r1,SS-3cf9bda45ea4,21,5,lex_phase_5,OPTIMAL,FEASIBLE_POINT,519327.21421684267,519327.21421684267,0,798,798,1231,3413,24,0,24,120,24,1,0,0,NaN,0,NaN,0.0,2.9103830456733704e-11,
1,21,DETERMINISTIC_RH,LEXMMFSA,shared_battery_mode_node_level_v1,SI-Drahi_17-d1-HOM-UHI-BLO-bf2d3053ce,TK-PB-Drahi_17-d1-HOM-UHI-62618e628e-r1,SS-3cf9bda45ea4,21,6,economic_tie_break,OPTIMAL,FEASIBLE_POINT,735295.528952971,735295.528952971,0,798,798,1232,3419,24,0,24,120,24,1,0,0,NaN,0,NaN,0.0,2.9103830456733704e-11,
1,22,DETERMINISTIC_RH,LEXMMFSA,shared_battery_mode_node_level_v1,SI-Drahi_17-d1-HOM-UHI-BLO-bf2d3053ce,TK-PB-Drahi_17-d1-HOM-UHI-62618e628e-r1,SS-3cf9bda45ea4,21,1,lex_phase_1,OPTIMAL,FEASIBLE_POINT,103865.44284336857,103865.44284336857,0,798,798,1227,3389,24,0,24,120,24,1,0,0,NaN,0,NaN,0.0,2.9103830456733704e-11,
1,22,DETERMINISTIC_RH,LEXMMFSA,shared_battery_mode_node_level_v1,SI-Drahi_17-d1-HOM-UHI-BLO-bf2d3053ce,TK-PB-Drahi_17-d1-HOM-UHI-62618e628e-r1,SS-3cf9bda45ea4,21,2,lex_phase_2,OPTIMAL,FEASIBLE_POINT,207730.8856867371,207730.8856867371,0,798,798,1228,3395,24,0,24,120,24,1,0,0,NaN,0,NaN,0.0,2.9103830456733704e-11,
1,22,DETERMINISTIC_RH,LEXMMFSA,shared_battery_mode_node_level_v1,SI-Drahi_17-d1-HOM-UHI-BLO-bf2d3053ce,TK-PB-Drahi_17-d1-HOM-UHI-62618e628e-r1,SS-3cf9bda45ea4,21,3,lex_phase_3,OPTIMAL,FEASIBLE_POINT,311596.32853010565,311596.32853010565,0,798,798,1229,3401,24,0,24,120,24,1,0,0,NaN,0,NaN,0.0,2.9103830456733704e-11,
1,22,DETERMINISTIC_RH,LEXMMFSA,shared_battery_mode_node_level_v1,SI-Drahi_17-d1-HOM-UHI-BLO-bf2d3053ce,TK-PB-Drahi_17-d1-HOM-UHI-62618e628e-r1,SS-3cf9bda45ea4,21,4,lex_phase_4,OPTIMAL,FEASIBLE_POINT,415461.7713734742,415461.7713734742,0,798,798,1230,3407,24,0,24,120,24,1,0,0,NaN,0,NaN,0.0,2.9103830456733704e-11,
1,22,DETERMINISTIC_RH,LEXMMFSA,shared_battery_mode_node_level_v1,SI-Drahi_17-d1-HOM-UHI-BLO-bf2d3053ce,TK-PB-Drahi_17-d1-HOM-UHI-62618e628e-r1,SS-3cf9bda45ea4,21,5,lex_phase_5,OPTIMAL,FEASIBLE_POINT,519327.21421684267,519327.21421684267,0,798,798,1231,3413,24,0,24,120,24,1,0,0,NaN,0,NaN,0.0,2.9103830456733704e-11,
1,22,DETERMINISTIC_RH,LEXMMFSA,shared_battery_mode_node_level_v1,SI-Drahi_17-d1-HOM-UHI-BLO-bf2d3053ce,TK-PB-Drahi_17-d1-HOM-UHI-62618e628e-r1,SS-3cf9bda45ea4,21,6,economic_tie_break,OPTIMAL,FEASIBLE_POINT,735295.528952971,735295.528952971,0,798,798,1232,3419,24,0,24,120,24,1,0,0,NaN,0,NaN,0.0,2.9103830456733704e-11,
1,23,DETERMINISTIC_RH,LEXMMFSA,shared_battery_mode_node_level_v1,SI-Drahi_17-d1-HOM-UHI-BLO-bf2d3053ce,TK-PB-Drahi_17-d1-HOM-UHI-62618e628e-r1,SS-3cf9bda45ea4,21,1,lex_phase_1,OPTIMAL,FEASIBLE_POINT,103865.44284336857,103865.44284336857,0,798,798,1227,3389,24,0,24,120,24,1,0,0,NaN,0,NaN,0.0,2.9103830456733704e-11,
1,23,DETERMINISTIC_RH,LEXMMFSA,shared_battery_mode_node_level_v1,SI-Drahi_17-d1-HOM-UHI-BLO-bf2d3053ce,TK-PB-Drahi_17-d1-HOM-UHI-62618e628e-r1,SS-3cf9bda45ea4,21,2,lex_phase_2,OPTIMAL,FEASIBLE_POINT,207730.8856867371,207730.8856867371,0,798,798,1228,3395,24,0,24,120,24,1,0,0,NaN,0,NaN,0.0,2.9103830456733704e-11,
1,23,DETERMINISTIC_RH,LEXMMFSA,shared_battery_mode_node_level_v1,SI-Drahi_17-d1-HOM-UHI-BLO-bf2d3053ce,TK-PB-Drahi_17-d1-HOM-UHI-62618e628e-r1,SS-3cf9bda45ea4,21,3,lex_phase_3,OPTIMAL,FEASIBLE_POINT,311596.32853010565,311596.32853010565,0,798,798,1229,3401,24,0,24,120,24,1,0,0,NaN,0,NaN,0.0,2.9103830456733704e-11,
1,23,DETERMINISTIC_RH,LEXMMFSA,shared_battery_mode_node_level_v1,SI-Drahi_17-d1-HOM-UHI-BLO-bf2d3053ce,TK-PB-Drahi_17-d1-HOM-UHI-62618e628e-r1,SS-3cf9bda45ea4,21,4,lex_phase_4,OPTIMAL,FEASIBLE_POINT,415461.7713734742,415461.7713734742,0,798,798,1230,3407,24,0,24,120,24,1,0,0,NaN,0,NaN,0.0,2.9103830456733704e-11,
1,23,DETERMINISTIC_RH,LEXMMFSA,shared_battery_mode_node_level_v1,SI-Drahi_17-d1-HOM-UHI-BLO-bf2d3053ce,TK-PB-Drahi_17-d1-HOM-UHI-62618e628e-r1,SS-3cf9bda45ea4,21,5,lex_phase_5,OPTIMAL,FEASIBLE_POINT,519327.21421684267,519327.21421684267,0,798,798,1231,3413,24,0,24,120,24,1,0,0,NaN,0,NaN,0.0,2.9103830456733704e-11,
1,23,DETERMINISTIC_RH,LEXMMFSA,shared_battery_mode_node_level_v1,SI-Drahi_17-d1-HOM-UHI-BLO-bf2d3053ce,TK-PB-Drahi_17-d1-HOM-UHI-62618e628e-r1,SS-3cf9bda45ea4,21,6,economic_tie_break,OPTIMAL,FEASIBLE_POINT,735295.528952971,735295.528952971,0,798,798,1232,3419,24,0,24,120,24,1,0,0,NaN,0,NaN,0.0,2.9103830456733704e-11,
1,24,DETERMINISTIC_RH,LEXMMFSA,shared_battery_mode_node_level_v1,SI-Drahi_17-d1-HOM-UHI-BLO-bf2d3053ce,TK-PB-Drahi_17-d1-HOM-UHI-62618e628e-r1,SS-3cf9bda45ea4,21,1,lex_phase_1,OPTIMAL,FEASIBLE_POINT,103865.44284336857,103865.44284336857,0,798,798,1227,3389,24,0,24,120,24,1,0,0,NaN,0,NaN,0.0,2.9103830456733704e-11,
1,24,DETERMINISTIC_RH,LEXMMFSA,shared_battery_mode_node_level_v1,SI-Drahi_17-d1-HOM-UHI-BLO-bf2d3053ce,TK-PB-Drahi_17-d1-HOM-UHI-62618e628e-r1,SS-3cf9bda45ea4,21,2,lex_phase_2,OPTIMAL,FEASIBLE_POINT,207730.8856867371,207730.8856867371,0,798,798,1228,3395,24,0,24,120,24,1,0,0,NaN,0,NaN,0.0,2.9103830456733704e-11,
1,24,DETERMINISTIC_RH,LEXMMFSA,shared_battery_mode_node_level_v1,SI-Drahi_17-d1-HOM-UHI-BLO-bf2d3053ce,TK-PB-Drahi_17-d1-HOM-UHI-62618e628e-r1,SS-3cf9bda45ea4,21,3,lex_phase_3,OPTIMAL,FEASIBLE_POINT,311596.32853010565,311596.32853010565,0,798,798,1229,3401,24,0,24,120,24,1,0,0,NaN,0,NaN,0.0,2.9103830456733704e-11,
1,24,DETERMINISTIC_RH,LEXMMFSA,shared_battery_mode_node_level_v1,SI-Drahi_17-d1-HOM-UHI-BLO-bf2d3053ce,TK-PB-Drahi_17-d1-HOM-UHI-62618e628e-r1,SS-3cf9bda45ea4,21,4,lex_phase_4,OPTIMAL,FEASIBLE_POINT,415461.7713734742,415461.7713734742,0,798,798,1230,3407,24,0,24,120,24,1,0,0,NaN,0,NaN,0.0,2.9103830456733704e-11,
1,24,DETERMINISTIC_RH,LEXMMFSA,shared_battery_mode_node_level_v1,SI-Drahi_17-d1-HOM-UHI-BLO-bf2d3053ce,TK-PB-Drahi_17-d1-HOM-UHI-62618e628e-r1,SS-3cf9bda45ea4,21,5,lex_phase_5,OPTIMAL,FEASIBLE_POINT,519327.21421684267,519327.21421684267,0,798,798,1231,3413,24,0,24,120,24,1,0,0,NaN,0,NaN,0.0,2.9103830456733704e-11,
1,24,DETERMINISTIC_RH,LEXMMFSA,shared_battery_mode_node_level_v1,SI-Drahi_17-d1-HOM-UHI-BLO-bf2d3053ce,TK-PB-Drahi_17-d1-HOM-UHI-62618e628e-r1,SS-3cf9bda45ea4,21,6,economic_tie_break,OPTIMAL,FEASIBLE_POINT,735295.528952971,735295.528952971,0,798,798,1232,3419,24,0,24,120,24,1,0,0,NaN,0,NaN,0.0,2.9103830456733704e-11,
1,1,DETERMINISTIC_RH,NONE,shared_battery_mode_node_level_v1,SI-Drahi_17-d1-HOM-UHI-BLO-bf2d3053ce,TK-PB-Drahi_17-d1-HOM-UHI-62618e628e-r1,SS-5d5bbea46d20,1,0,single_solve,OPTIMAL,FEASIBLE_POINT,742331.6863248565,742331.6863248565,0,768,768,1177,1539,24,0,24,120,24,1,0,0,NaN,0,NaN,0.0,0.0,
1,2,DETERMINISTIC_RH,NONE,shared_battery_mode_node_level_v1,SI-Drahi_17-d1-HOM-UHI-BLO-bf2d3053ce,TK-PB-Drahi_17-d1-HOM-UHI-62618e628e-r1,SS-5d5bbea46d20,1,0,single_solve,OPTIMAL,FEASIBLE_POINT,742331.6863248565,742331.6863248565,0,768,768,1177,1539,24,0,24,120,24,1,0,0,NaN,0,NaN,6.821210263296962e-13,0.0,
1,3,DETERMINISTIC_RH,NONE,shared_battery_mode_node_level_v1,SI-Drahi_17-d1-HOM-UHI-BLO-bf2d3053ce,TK-PB-Drahi_17-d1-HOM-UHI-62618e628e-r1,SS-5d5bbea46d20,1,0,single_solve,OPTIMAL,FEASIBLE_POINT,742331.6863248565,742331.6863248565,0,768,768,1177,1539,24,0,24,120,24,1,0,0,NaN,0,NaN,4.831690603168681e-13,0.0,
1,4,DETERMINISTIC_RH,NONE,shared_battery_mode_node_level_v1,SI-Drahi_17-d1-HOM-UHI-BLO-bf2d3053ce,TK-PB-Drahi_17-d1-HOM-UHI-62618e628e-r1,SS-5d5bbea46d20,1,0,single_solve,OPTIMAL,FEASIBLE_POINT,742331.6863248565,742331.6863248565,0,768,768,1177,1539,24,0,24,120,24,1,0,0,NaN,0,NaN,5.968558980384842e-13,0.0,
1,5,DETERMINISTIC_RH,NONE,shared_battery_mode_node_level_v1,SI-Drahi_17-d1-HOM-UHI-BLO-bf2d3053ce,TK-PB-Drahi_17-d1-HOM-UHI-62618e628e-r1,SS-102adc95e052,5,0,single_solve,OPTIMAL,FEASIBLE_POINT,689315.3910784828,689315.3910784828,0,768,768,1177,1539,24,0,24,120,24,1,0,0,NaN,0,NaN,0.0,0.0,
1,6,DETERMINISTIC_RH,NONE,shared_battery_mode_node_level_v1,SI-Drahi_17-d1-HOM-UHI-BLO-bf2d3053ce,TK-PB-Drahi_17-d1-HOM-UHI-62618e628e-r1,SS-102adc95e052,5,0,single_solve,OPTIMAL,FEASIBLE_POINT,689315.3910784828,689315.3910784828,0,768,768,1177,1539,24,0,24,120,24,1,0,0,NaN,0,NaN,5.968558980384842e-13,0.0,
1,7,DETERMINISTIC_RH,NONE,shared_battery_mode_node_level_v1,SI-Drahi_17-d1-HOM-UHI-BLO-bf2d3053ce,TK-PB-Drahi_17-d1-HOM-UHI-62618e628e-r1,SS-102adc95e052,5,0,single_solve,OPTIMAL,FEASIBLE_POINT,689315.3910784828,689315.3910784828,0,768,768,1177,1539,24,0,24,120,24,1,0,0,NaN,0,NaN,5.115907697472721e-13,0.0,
1,8,DETERMINISTIC_RH,NONE,shared_battery_mode_node_level_v1,SI-Drahi_17-d1-HOM-UHI-BLO-bf2d3053ce,TK-PB-Drahi_17-d1-HOM-UHI-62618e628e-r1,SS-102adc95e052,5,0,single_solve,OPTIMAL,FEASIBLE_POINT,689315.3910784828,689315.3910784828,0,768,768,1177,1539,24,0,24,120,24,1,0,0,NaN,0,NaN,7.958078640513122e-13,0.0,
1,9,DETERMINISTIC_RH,NONE,shared_battery_mode_node_level_v1,SI-Drahi_17-d1-HOM-UHI-BLO-bf2d3053ce,TK-PB-Drahi_17-d1-HOM-UHI-62618e628e-r1,SS-19da242d4543,9,0,single_solve,OPTIMAL,FEASIBLE_POINT,729383.8659846009,729383.8659846009,0,768,768,1177,1539,24,0,24,120,24,1,0,0,NaN,0,NaN,2.842170943040401e-14,0.0,
1,10,DETERMINISTIC_RH,NONE,shared_battery_mode_node_level_v1,SI-Drahi_17-d1-HOM-UHI-BLO-bf2d3053ce,TK-PB-Drahi_17-d1-HOM-UHI-62618e628e-r1,SS-19da242d4543,9,0,single_solve,OPTIMAL,FEASIBLE_POINT,729383.8659846009,729383.8659846009,0,768,768,1177,1539,24,0,24,120,24,1,0,0,NaN,0,NaN,7.229772336359019e-13,0.0,
1,11,DETERMINISTIC_RH,NONE,shared_battery_mode_node_level_v1,SI-Drahi_17-d1-HOM-UHI-BLO-bf2d3053ce,TK-PB-Drahi_17-d1-HOM-UHI-62618e628e-r1,SS-19da242d4543,9,0,single_solve,OPTIMAL,FEASIBLE_POINT,729383.8659846009,729383.8659846009,0,768,768,1177,1539,24,0,24,120,24,1,0,0,NaN,0,NaN,3.126388037344441e-13,0.0,
1,12,DETERMINISTIC_RH,NONE,shared_battery_mode_node_level_v1,SI-Drahi_17-d1-HOM-UHI-BLO-bf2d3053ce,TK-PB-Drahi_17-d1-HOM-UHI-62618e628e-r1,SS-19da242d4543,9,0,single_solve,OPTIMAL,FEASIBLE_POINT,729383.8659846009,729383.8659846009,0,768,768,1177,1539,24,0,24,120,24,1,0,0,NaN,0,NaN,2.2737367544323206e-13,0.0,
1,13,DETERMINISTIC_RH,NONE,shared_battery_mode_node_level_v1,SI-Drahi_17-d1-HOM-UHI-BLO-bf2d3053ce,TK-PB-Drahi_17-d1-HOM-UHI-62618e628e-r1,SS-354317d12b7f,13,0,single_solve,OPTIMAL,FEASIBLE_POINT,731762.290879041,731762.290879041,0,768,768,1177,1539,24,0,24,120,24,1,0,0,NaN,0,NaN,2.842170943040401e-14,0.0,
1,14,DETERMINISTIC_RH,NONE,shared_battery_mode_node_level_v1,SI-Drahi_17-d1-HOM-UHI-BLO-bf2d3053ce,TK-PB-Drahi_17-d1-HOM-UHI-62618e628e-r1,SS-354317d12b7f,13,0,single_solve,OPTIMAL,FEASIBLE_POINT,731762.290879041,731762.290879041,0,768,768,1177,1539,24,0,24,120,24,1,0,0,NaN,0,NaN,3.694822225952521e-13,0.0,
1,15,DETERMINISTIC_RH,NONE,shared_battery_mode_node_level_v1,SI-Drahi_17-d1-HOM-UHI-BLO-bf2d3053ce,TK-PB-Drahi_17-d1-HOM-UHI-62618e628e-r1,SS-354317d12b7f,13,0,single_solve,OPTIMAL,FEASIBLE_POINT,731762.290879041,731762.290879041,0,768,768,1177,1539,24,0,24,120,24,1,0,0,NaN,0,NaN,2.7000623958883807e-13,0.0,
1,16,DETERMINISTIC_RH,NONE,shared_battery_mode_node_level_v1,SI-Drahi_17-d1-HOM-UHI-BLO-bf2d3053ce,TK-PB-Drahi_17-d1-HOM-UHI-62618e628e-r1,SS-354317d12b7f,13,0,single_solve,OPTIMAL,FEASIBLE_POINT,731762.290879041,731762.290879041,0,768,768,1177,1539,24,0,24,120,24,1,0,0,NaN,0,NaN,1.3500311979441904e-13,0.0,
1,17,DETERMINISTIC_RH,NONE,shared_battery_mode_node_level_v1,SI-Drahi_17-d1-HOM-UHI-BLO-bf2d3053ce,TK-PB-Drahi_17-d1-HOM-UHI-62618e628e-r1,SS-c81930d9c8ba,17,0,single_solve,OPTIMAL,FEASIBLE_POINT,733702.2040756044,733702.2040756044,0,768,768,1177,1539,24,0,24,120,24,1,0,0,NaN,0,NaN,3.552713678800501e-15,0.0,
1,18,DETERMINISTIC_RH,NONE,shared_battery_mode_node_level_v1,SI-Drahi_17-d1-HOM-UHI-BLO-bf2d3053ce,TK-PB-Drahi_17-d1-HOM-UHI-62618e628e-r1,SS-c81930d9c8ba,17,0,single_solve,OPTIMAL,FEASIBLE_POINT,733702.2040756044,733702.2040756044,0,768,768,1177,1539,24,0,24,120,24,1,0,0,NaN,0,NaN,1.9317880628477724e-14,0.0,
1,19,DETERMINISTIC_RH,NONE,shared_battery_mode_node_level_v1,SI-Drahi_17-d1-HOM-UHI-BLO-bf2d3053ce,TK-PB-Drahi_17-d1-HOM-UHI-62618e628e-r1,SS-c81930d9c8ba,17,0,single_solve,OPTIMAL,FEASIBLE_POINT,733702.2040756044,733702.2040756044,0,768,768,1177,1539,24,0,24,120,24,1,0,0,NaN,0,NaN,2.2898349882893854e-15,0.0,
1,20,DETERMINISTIC_RH,NONE,shared_battery_mode_node_level_v1,SI-Drahi_17-d1-HOM-UHI-BLO-bf2d3053ce,TK-PB-Drahi_17-d1-HOM-UHI-62618e628e-r1,SS-c81930d9c8ba,17,0,single_solve,OPTIMAL,FEASIBLE_POINT,733702.2040756044,733702.2040756044,0,768,768,1177,1539,24,0,24,120,24,1,0,0,NaN,0,NaN,0.0,0.0,
1,21,DETERMINISTIC_RH,NONE,shared_battery_mode_node_level_v1,SI-Drahi_17-d1-HOM-UHI-BLO-bf2d3053ce,TK-PB-Drahi_17-d1-HOM-UHI-62618e628e-r1,SS-3cf9bda45ea4,21,0,single_solve,OPTIMAL,FEASIBLE_POINT,735295.5289529708,735295.5289529708,0,768,768,1177,1539,24,0,24,120,24,1,0,0,NaN,0,NaN,0.0,0.0,
1,22,DETERMINISTIC_RH,NONE,shared_battery_mode_node_level_v1,SI-Drahi_17-d1-HOM-UHI-BLO-bf2d3053ce,TK-PB-Drahi_17-d1-HOM-UHI-62618e628e-r1,SS-3cf9bda45ea4,21,0,single_solve,OPTIMAL,FEASIBLE_POINT,735295.5289529708,735295.5289529708,0,768,768,1177,1539,24,0,24,120,24,1,0,0,NaN,0,NaN,0.0,0.0,
1,23,DETERMINISTIC_RH,NONE,shared_battery_mode_node_level_v1,SI-Drahi_17-d1-HOM-UHI-BLO-bf2d3053ce,TK-PB-Drahi_17-d1-HOM-UHI-62618e628e-r1,SS-3cf9bda45ea4,21,0,single_solve,OPTIMAL,FEASIBLE_POINT,735295.5289529708,735295.5289529708,0,768,768,1177,1539,24,0,24,120,24,1,0,0,NaN,0,NaN,0.0,0.0,
1,24,DETERMINISTIC_RH,NONE,shared_battery_mode_node_level_v1,SI-Drahi_17-d1-HOM-UHI-BLO-bf2d3053ce,TK-PB-Drahi_17-d1-HOM-UHI-62618e628e-r1,SS-3cf9bda45ea4,21,0,single_solve,OPTIMAL,FEASIBLE_POINT,735295.5289529708,735295.5289529708,0,768,768,1177,1539,24,0,24,120,24,1,0,0,NaN,0,NaN,0.0,0.0,
1,1,DETERMINISTIC_RH,PEA,shared_battery_mode_node_level_v1,SI-Drahi_17-d1-HOM-UHI-BLO-bf2d3053ce,TK-PB-Drahi_17-d1-HOM-UHI-62618e628e-r1,SS-5d5bbea46d20,1,0,single_solve,OPTIMAL,FEASIBLE_POINT,742331.6863248562,742331.6863248562,0,768,768,1182,1659,24,0,24,120,24,1,0,0,NaN,0,NaN,0.0,1.1368683772161603e-13,
1,2,DETERMINISTIC_RH,PEA,shared_battery_mode_node_level_v1,SI-Drahi_17-d1-HOM-UHI-BLO-bf2d3053ce,TK-PB-Drahi_17-d1-HOM-UHI-62618e628e-r1,SS-5d5bbea46d20,1,0,single_solve,OPTIMAL,FEASIBLE_POINT,742331.6863248562,742331.6863248562,0,768,768,1182,1659,24,0,24,120,24,1,0,0,NaN,0,NaN,6.821210263296962e-13,1.1368683772161603e-13,
1,3,DETERMINISTIC_RH,PEA,shared_battery_mode_node_level_v1,SI-Drahi_17-d1-HOM-UHI-BLO-bf2d3053ce,TK-PB-Drahi_17-d1-HOM-UHI-62618e628e-r1,SS-5d5bbea46d20,1,0,single_solve,OPTIMAL,FEASIBLE_POINT,742331.6863248562,742331.6863248562,0,768,768,1182,1659,24,0,24,120,24,1,0,0,NaN,0,NaN,4.831690603168681e-13,1.1368683772161603e-13,
1,4,DETERMINISTIC_RH,PEA,shared_battery_mode_node_level_v1,SI-Drahi_17-d1-HOM-UHI-BLO-bf2d3053ce,TK-PB-Drahi_17-d1-HOM-UHI-62618e628e-r1,SS-5d5bbea46d20,1,0,single_solve,OPTIMAL,FEASIBLE_POINT,742331.6863248562,742331.6863248562,0,768,768,1182,1659,24,0,24,120,24,1,0,0,NaN,0,NaN,5.968558980384842e-13,1.1368683772161603e-13,
1,5,DETERMINISTIC_RH,PEA,shared_battery_mode_node_level_v1,SI-Drahi_17-d1-HOM-UHI-BLO-bf2d3053ce,TK-PB-Drahi_17-d1-HOM-UHI-62618e628e-r1,SS-102adc95e052,5,0,single_solve,OPTIMAL,FEASIBLE_POINT,689315.3910784828,689315.3910784828,0,768,768,1182,1659,24,0,24,120,24,1,0,0,NaN,0,NaN,0.0,1.1368683772161603e-13,
1,6,DETERMINISTIC_RH,PEA,shared_battery_mode_node_level_v1,SI-Drahi_17-d1-HOM-UHI-BLO-bf2d3053ce,TK-PB-Drahi_17-d1-HOM-UHI-62618e628e-r1,SS-102adc95e052,5,0,single_solve,OPTIMAL,FEASIBLE_POINT,689315.3910784828,689315.3910784828,0,768,768,1182,1659,24,0,24,120,24,1,0,0,NaN,0,NaN,5.968558980384842e-13,1.1368683772161603e-13,
1,7,DETERMINISTIC_RH,PEA,shared_battery_mode_node_level_v1,SI-Drahi_17-d1-HOM-UHI-BLO-bf2d3053ce,TK-PB-Drahi_17-d1-HOM-UHI-62618e628e-r1,SS-102adc95e052,5,0,single_solve,OPTIMAL,FEASIBLE_POINT,689315.3910784828,689315.3910784828,0,768,768,1182,1659,24,0,24,120,24,1,0,0,NaN,0,NaN,5.115907697472721e-13,1.1368683772161603e-13,
1,8,DETERMINISTIC_RH,PEA,shared_battery_mode_node_level_v1,SI-Drahi_17-d1-HOM-UHI-BLO-bf2d3053ce,TK-PB-Drahi_17-d1-HOM-UHI-62618e628e-r1,SS-102adc95e052,5,0,single_solve,OPTIMAL,FEASIBLE_POINT,689315.3910784828,689315.3910784828,0,768,768,1182,1659,24,0,24,120,24,1,0,0,NaN,0,NaN,7.673861546209082e-13,1.1368683772161603e-13,
1,9,DETERMINISTIC_RH,PEA,shared_battery_mode_node_level_v1,SI-Drahi_17-d1-HOM-UHI-BLO-bf2d3053ce,TK-PB-Drahi_17-d1-HOM-UHI-62618e628e-r1,SS-19da242d4543,9,0,single_solve,OPTIMAL,FEASIBLE_POINT,729383.865984601,729383.865984601,0,768,768,1182,1659,24,0,24,120,24,1,0,0,NaN,0,NaN,1.4210854715202004e-14,5.684341886080802e-14,
1,10,DETERMINISTIC_RH,PEA,shared_battery_mode_node_level_v1,SI-Drahi_17-d1-HOM-UHI-BLO-bf2d3053ce,TK-PB-Drahi_17-d1-HOM-UHI-62618e628e-r1,SS-19da242d4543,9,0,single_solve,OPTIMAL,FEASIBLE_POINT,729383.865984601,729383.865984601,0,768,768,1182,1659,24,0,24,120,24,1,0,0,NaN,0,NaN,7.229772336359019e-13,5.684341886080802e-14,
1,11,DETERMINISTIC_RH,PEA,shared_battery_mode_node_level_v1,SI-Drahi_17-d1-HOM-UHI-BLO-bf2d3053ce,TK-PB-Drahi_17-d1-HOM-UHI-62618e628e-r1,SS-19da242d4543,9,0,single_solve,OPTIMAL,FEASIBLE_POINT,729383.865984601,729383.865984601,0,768,768,1182,1659,24,0,24,120,24,1,0,0,NaN,0,NaN,3.126388037344441e-13,5.684341886080802e-14,
1,12,DETERMINISTIC_RH,PEA,shared_battery_mode_node_level_v1,SI-Drahi_17-d1-HOM-UHI-BLO-bf2d3053ce,TK-PB-Drahi_17-d1-HOM-UHI-62618e628e-r1,SS-19da242d4543,9,0,single_solve,OPTIMAL,FEASIBLE_POINT,729383.865984601,729383.865984601,0,768,768,1182,1659,24,0,24,120,24,1,0,0,NaN,0,NaN,2.2737367544323206e-13,5.684341886080802e-14,
1,13,DETERMINISTIC_RH,PEA,shared_battery_mode_node_level_v1,SI-Drahi_17-d1-HOM-UHI-BLO-bf2d3053ce,TK-PB-Drahi_17-d1-HOM-UHI-62618e628e-r1,SS-354317d12b7f,13,0,single_solve,OPTIMAL,FEASIBLE_POINT,731762.290879041,731762.290879041,0,768,768,1182,1659,24,0,24,120,24,1,0,0,NaN,0,NaN,2.842170943040401e-14,5.684341886080802e-14,
1,14,DETERMINISTIC_RH,PEA,shared_battery_mode_node_level_v1,SI-Drahi_17-d1-HOM-UHI-BLO-bf2d3053ce,TK-PB-Drahi_17-d1-HOM-UHI-62618e628e-r1,SS-354317d12b7f,13,0,single_solve,OPTIMAL,FEASIBLE_POINT,731762.290879041,731762.290879041,0,768,768,1182,1659,24,0,24,120,24,1,0,0,NaN,0,NaN,3.694822225952521e-13,5.684341886080802e-14,
1,15,DETERMINISTIC_RH,PEA,shared_battery_mode_node_level_v1,SI-Drahi_17-d1-HOM-UHI-BLO-bf2d3053ce,TK-PB-Drahi_17-d1-HOM-UHI-62618e628e-r1,SS-354317d12b7f,13,0,single_solve,OPTIMAL,FEASIBLE_POINT,731762.290879041,731762.290879041,0,768,768,1182,1659,24,0,24,120,24,1,0,0,NaN,0,NaN,2.7000623958883807e-13,5.684341886080802e-14,
1,16,DETERMINISTIC_RH,PEA,shared_battery_mode_node_level_v1,SI-Drahi_17-d1-HOM-UHI-BLO-bf2d3053ce,TK-PB-Drahi_17-d1-HOM-UHI-62618e628e-r1,SS-354317d12b7f,13,0,single_solve,OPTIMAL,FEASIBLE_POINT,731762.290879041,731762.290879041,0,768,768,1182,1659,24,0,24,120,24,1,0,0,NaN,0,NaN,1.3500311979441904e-13,5.684341886080802e-14,
1,17,DETERMINISTIC_RH,PEA,shared_battery_mode_node_level_v1,SI-Drahi_17-d1-HOM-UHI-BLO-bf2d3053ce,TK-PB-Drahi_17-d1-HOM-UHI-62618e628e-r1,SS-c81930d9c8ba,17,0,single_solve,OPTIMAL,FEASIBLE_POINT,733702.2040756046,733702.2040756046,0,768,768,1182,1659,24,0,24,120,24,1,0,0,NaN,0,NaN,3.552713678800501e-15,1.1368683772161603e-13,
1,18,DETERMINISTIC_RH,PEA,shared_battery_mode_node_level_v1,SI-Drahi_17-d1-HOM-UHI-BLO-bf2d3053ce,TK-PB-Drahi_17-d1-HOM-UHI-62618e628e-r1,SS-c81930d9c8ba,17,0,single_solve,OPTIMAL,FEASIBLE_POINT,733702.2040756046,733702.2040756046,0,768,768,1182,1659,24,0,24,120,24,1,0,0,NaN,0,NaN,1.9317880628477724e-14,1.1368683772161603e-13,
1,19,DETERMINISTIC_RH,PEA,shared_battery_mode_node_level_v1,SI-Drahi_17-d1-HOM-UHI-BLO-bf2d3053ce,TK-PB-Drahi_17-d1-HOM-UHI-62618e628e-r1,SS-c81930d9c8ba,17,0,single_solve,OPTIMAL,FEASIBLE_POINT,733702.2040756046,733702.2040756046,0,768,768,1182,1659,24,0,24,120,24,1,0,0,NaN,0,NaN,2.2898349882893854e-15,1.1368683772161603e-13,
1,20,DETERMINISTIC_RH,PEA,shared_battery_mode_node_level_v1,SI-Drahi_17-d1-HOM-UHI-BLO-bf2d3053ce,TK-PB-Drahi_17-d1-HOM-UHI-62618e628e-r1,SS-c81930d9c8ba,17,0,single_solve,OPTIMAL,FEASIBLE_POINT,733702.2040756046,733702.2040756046,0,768,768,1182,1659,24,0,24,120,24,1,0,0,NaN,0,NaN,0.0,1.1368683772161603e-13,
1,21,DETERMINISTIC_RH,PEA,shared_battery_mode_node_level_v1,SI-Drahi_17-d1-HOM-UHI-BLO-bf2d3053ce,TK-PB-Drahi_17-d1-HOM-UHI-62618e628e-r1,SS-3cf9bda45ea4,21,0,single_solve,OPTIMAL,FEASIBLE_POINT,735295.5289529708,735295.5289529708,0,768,768,1182,1659,24,0,24,120,24,1,0,0,NaN,0,NaN,0.0,3.410605131648481e-13,
1,22,DETERMINISTIC_RH,PEA,shared_battery_mode_node_level_v1,SI-Drahi_17-d1-HOM-UHI-BLO-bf2d3053ce,TK-PB-Drahi_17-d1-HOM-UHI-62618e628e-r1,SS-3cf9bda45ea4,21,0,single_solve,OPTIMAL,FEASIBLE_POINT,735295.5289529708,735295.5289529708,0,768,768,1182,1659,24,0,24,120,24,1,0,0,NaN,0,NaN,0.0,3.410605131648481e-13,
1,23,DETERMINISTIC_RH,PEA,shared_battery_mode_node_level_v1,SI-Drahi_17-d1-HOM-UHI-BLO-bf2d3053ce,TK-PB-Drahi_17-d1-HOM-UHI-62618e628e-r1,SS-3cf9bda45ea4,21,0,single_solve,OPTIMAL,FEASIBLE_POINT,735295.5289529708,735295.5289529708,0,768,768,1182,1659,24,0,24,120,24,1,0,0,NaN,0,NaN,0.0,3.410605131648481e-13,
1,24,DETERMINISTIC_RH,PEA,shared_battery_mode_node_level_v1,SI-Drahi_17-d1-HOM-UHI-BLO-bf2d3053ce,TK-PB-Drahi_17-d1-HOM-UHI-62618e628e-r1,SS-3cf9bda45ea4,21,0,single_solve,OPTIMAL,FEASIBLE_POINT,735295.5289529708,735295.5289529708,0,768,768,1182,1659,24,0,24,120,24,1,0,0,NaN,0,NaN,0.0,3.410605131648481e-13,
1,1,DETERMINISTIC_RH,SA,shared_battery_mode_node_level_v1,SI-Drahi_17-d1-HOM-UHI-BLO-bf2d3053ce,TK-PB-Drahi_17-d1-HOM-UHI-62618e628e-r1,SS-5d5bbea46d20,1,0,single_solve,OPTIMAL,FEASIBLE_POINT,742331.6863248565,742331.6863248565,0,768,768,1182,3339,24,0,24,120,24,1,0,0,NaN,0,NaN,0.0,2.9103830456733704e-11,
1,2,DETERMINISTIC_RH,SA,shared_battery_mode_node_level_v1,SI-Drahi_17-d1-HOM-UHI-BLO-bf2d3053ce,TK-PB-Drahi_17-d1-HOM-UHI-62618e628e-r1,SS-5d5bbea46d20,1,0,single_solve,OPTIMAL,FEASIBLE_POINT,742331.6863248565,742331.6863248565,0,768,768,1182,3339,24,0,24,120,24,1,0,0,NaN,0,NaN,6.821210263296962e-13,2.9103830456733704e-11,
1,3,DETERMINISTIC_RH,SA,shared_battery_mode_node_level_v1,SI-Drahi_17-d1-HOM-UHI-BLO-bf2d3053ce,TK-PB-Drahi_17-d1-HOM-UHI-62618e628e-r1,SS-5d5bbea46d20,1,0,single_solve,OPTIMAL,FEASIBLE_POINT,742331.6863248565,742331.6863248565,0,768,768,1182,3339,24,0,24,120,24,1,0,0,NaN,0,NaN,4.831690603168681e-13,2.9103830456733704e-11,
1,4,DETERMINISTIC_RH,SA,shared_battery_mode_node_level_v1,SI-Drahi_17-d1-HOM-UHI-BLO-bf2d3053ce,TK-PB-Drahi_17-d1-HOM-UHI-62618e628e-r1,SS-5d5bbea46d20,1,0,single_solve,OPTIMAL,FEASIBLE_POINT,742331.6863248565,742331.6863248565,0,768,768,1182,3339,24,0,24,120,24,1,0,0,NaN,0,NaN,5.968558980384842e-13,2.9103830456733704e-11,
1,5,DETERMINISTIC_RH,SA,shared_battery_mode_node_level_v1,SI-Drahi_17-d1-HOM-UHI-BLO-bf2d3053ce,TK-PB-Drahi_17-d1-HOM-UHI-62618e628e-r1,SS-102adc95e052,5,0,single_solve,OPTIMAL,FEASIBLE_POINT,689315.3910784831,689315.3910784831,0,768,768,1182,3339,24,0,24,120,24,1,0,0,NaN,0,NaN,0.0,4.3655745685100555e-11,
1,6,DETERMINISTIC_RH,SA,shared_battery_mode_node_level_v1,SI-Drahi_17-d1-HOM-UHI-BLO-bf2d3053ce,TK-PB-Drahi_17-d1-HOM-UHI-62618e628e-r1,SS-102adc95e052,5,0,single_solve,OPTIMAL,FEASIBLE_POINT,689315.3910784831,689315.3910784831,0,768,768,1182,3339,24,0,24,120,24,1,0,0,NaN,0,NaN,5.968558980384842e-13,4.3655745685100555e-11,
1,7,DETERMINISTIC_RH,SA,shared_battery_mode_node_level_v1,SI-Drahi_17-d1-HOM-UHI-BLO-bf2d3053ce,TK-PB-Drahi_17-d1-HOM-UHI-62618e628e-r1,SS-102adc95e052,5,0,single_solve,OPTIMAL,FEASIBLE_POINT,689315.3910784831,689315.3910784831,0,768,768,1182,3339,24,0,24,120,24,1,0,0,NaN,0,NaN,5.115907697472721e-13,4.3655745685100555e-11,
1,8,DETERMINISTIC_RH,SA,shared_battery_mode_node_level_v1,SI-Drahi_17-d1-HOM-UHI-BLO-bf2d3053ce,TK-PB-Drahi_17-d1-HOM-UHI-62618e628e-r1,SS-102adc95e052,5,0,single_solve,OPTIMAL,FEASIBLE_POINT,689315.3910784831,689315.3910784831,0,768,768,1182,3339,24,0,24,120,24,1,0,0,NaN,0,NaN,7.958078640513122e-13,4.3655745685100555e-11,
1,9,DETERMINISTIC_RH,SA,shared_battery_mode_node_level_v1,SI-Drahi_17-d1-HOM-UHI-BLO-bf2d3053ce,TK-PB-Drahi_17-d1-HOM-UHI-62618e628e-r1,SS-19da242d4543,9,0,single_solve,OPTIMAL,FEASIBLE_POINT,729383.8659846009,729383.8659846009,0,768,768,1182,3339,24,0,24,120,24,1,0,0,NaN,0,NaN,1.4210854715202004e-14,1.8917489796876907e-10,
1,10,DETERMINISTIC_RH,SA,shared_battery_mode_node_level_v1,SI-Drahi_17-d1-HOM-UHI-BLO-bf2d3053ce,TK-PB-Drahi_17-d1-HOM-UHI-62618e628e-r1,SS-19da242d4543,9,0,single_solve,OPTIMAL,FEASIBLE_POINT,729383.8659846009,729383.8659846009,0,768,768,1182,3339,24,0,24,120,24,1,0,0,NaN,0,NaN,7.247535904753022e-13,1.8917489796876907e-10,
1,11,DETERMINISTIC_RH,SA,shared_battery_mode_node_level_v1,SI-Drahi_17-d1-HOM-UHI-BLO-bf2d3053ce,TK-PB-Drahi_17-d1-HOM-UHI-62618e628e-r1,SS-19da242d4543,9,0,single_solve,OPTIMAL,FEASIBLE_POINT,729383.8659846009,729383.8659846009,0,768,768,1182,3339,24,0,24,120,24,1,0,0,NaN,0,NaN,3.126388037344441e-13,1.8917489796876907e-10,
1,12,DETERMINISTIC_RH,SA,shared_battery_mode_node_level_v1,SI-Drahi_17-d1-HOM-UHI-BLO-bf2d3053ce,TK-PB-Drahi_17-d1-HOM-UHI-62618e628e-r1,SS-19da242d4543,9,0,single_solve,OPTIMAL,FEASIBLE_POINT,729383.8659846009,729383.8659846009,0,768,768,1182,3339,24,0,24,120,24,1,0,0,NaN,0,NaN,2.2737367544323206e-13,1.8917489796876907e-10,
1,13,DETERMINISTIC_RH,SA,shared_battery_mode_node_level_v1,SI-Drahi_17-d1-HOM-UHI-BLO-bf2d3053ce,TK-PB-Drahi_17-d1-HOM-UHI-62618e628e-r1,SS-354317d12b7f,13,0,single_solve,OPTIMAL,FEASIBLE_POINT,731762.2908790412,731762.2908790412,0,768,768,1182,3339,24,0,24,120,24,1,0,0,NaN,0,NaN,2.842170943040401e-14,1.4551915228366852e-10,
1,14,DETERMINISTIC_RH,SA,shared_battery_mode_node_level_v1,SI-Drahi_17-d1-HOM-UHI-BLO-bf2d3053ce,TK-PB-Drahi_17-d1-HOM-UHI-62618e628e-r1,SS-354317d12b7f,13,0,single_solve,OPTIMAL,FEASIBLE_POINT,731762.2908790412,731762.2908790412,0,768,768,1182,3339,24,0,24,120,24,1,0,0,NaN,0,NaN,3.694822225952521e-13,1.4551915228366852e-10,
1,15,DETERMINISTIC_RH,SA,shared_battery_mode_node_level_v1,SI-Drahi_17-d1-HOM-UHI-BLO-bf2d3053ce,TK-PB-Drahi_17-d1-HOM-UHI-62618e628e-r1,SS-354317d12b7f,13,0,single_solve,OPTIMAL,FEASIBLE_POINT,731762.2908790412,731762.2908790412,0,768,768,1182,3339,24,0,24,120,24,1,0,0,NaN,0,NaN,2.7000623958883807e-13,1.4551915228366852e-10,
1,16,DETERMINISTIC_RH,SA,shared_battery_mode_node_level_v1,SI-Drahi_17-d1-HOM-UHI-BLO-bf2d3053ce,TK-PB-Drahi_17-d1-HOM-UHI-62618e628e-r1,SS-354317d12b7f,13,0,single_solve,OPTIMAL,FEASIBLE_POINT,731762.2908790412,731762.2908790412,0,768,768,1182,3339,24,0,24,120,24,1,0,0,NaN,0,NaN,1.3500311979441904e-13,1.4551915228366852e-10,
1,17,DETERMINISTIC_RH,SA,shared_battery_mode_node_level_v1,SI-Drahi_17-d1-HOM-UHI-BLO-bf2d3053ce,TK-PB-Drahi_17-d1-HOM-UHI-62618e628e-r1,SS-c81930d9c8ba,17,0,single_solve,OPTIMAL,FEASIBLE_POINT,733702.2040756046,733702.2040756046,0,768,768,1182,3339,24,0,24,120,24,1,0,0,NaN,0,NaN,7.105427357601002e-15,4.3655745685100555e-11,
1,18,DETERMINISTIC_RH,SA,shared_battery_mode_node_level_v1,SI-Drahi_17-d1-HOM-UHI-BLO-bf2d3053ce,TK-PB-Drahi_17-d1-HOM-UHI-62618e628e-r1,SS-c81930d9c8ba,17,0,single_solve,OPTIMAL,FEASIBLE_POINT,733702.2040756046,733702.2040756046,0,768,768,1182,3339,24,0,24,120,24,1,0,0,NaN,0,NaN,1.9317880628477724e-14,4.3655745685100555e-11,
1,19,DETERMINISTIC_RH,SA,shared_battery_mode_node_level_v1,SI-Drahi_17-d1-HOM-UHI-BLO-bf2d3053ce,TK-PB-Drahi_17-d1-HOM-UHI-62618e628e-r1,SS-c81930d9c8ba,17,0,single_solve,OPTIMAL,FEASIBLE_POINT,733702.2040756046,733702.2040756046,0,768,768,1182,3339,24,0,24,120,24,1,0,0,NaN,0,NaN,2.2898349882893854e-15,4.3655745685100555e-11,
1,20,DETERMINISTIC_RH,SA,shared_battery_mode_node_level_v1,SI-Drahi_17-d1-HOM-UHI-BLO-bf2d3053ce,TK-PB-Drahi_17-d1-HOM-UHI-62618e628e-r1,SS-c81930d9c8ba,17,0,single_solve,OPTIMAL,FEASIBLE_POINT,733702.2040756046,733702.2040756046,0,768,768,1182,3339,24,0,24,120,24,1,0,0,NaN,0,NaN,0.0,4.3655745685100555e-11,
1,21,DETERMINISTIC_RH,SA,shared_battery_mode_node_level_v1,SI-Drahi_17-d1-HOM-UHI-BLO-bf2d3053ce,TK-PB-Drahi_17-d1-HOM-UHI-62618e628e-r1,SS-3cf9bda45ea4,21,0,single_solve,OPTIMAL,FEASIBLE_POINT,735295.5289529708,735295.5289529708,0,768,768,1182,3339,24,0,24,120,24,1,0,0,NaN,0,NaN,0.0,2.9103830456733704e-11,
1,22,DETERMINISTIC_RH,SA,shared_battery_mode_node_level_v1,SI-Drahi_17-d1-HOM-UHI-BLO-bf2d3053ce,TK-PB-Drahi_17-d1-HOM-UHI-62618e628e-r1,SS-3cf9bda45ea4,21,0,single_solve,OPTIMAL,FEASIBLE_POINT,735295.5289529708,735295.5289529708,0,768,768,1182,3339,24,0,24,120,24,1,0,0,NaN,0,NaN,0.0,2.9103830456733704e-11,
1,23,DETERMINISTIC_RH,SA,shared_battery_mode_node_level_v1,SI-Drahi_17-d1-HOM-UHI-BLO-bf2d3053ce,TK-PB-Drahi_17-d1-HOM-UHI-62618e628e-r1,SS-3cf9bda45ea4,21,0,single_solve,OPTIMAL,FEASIBLE_POINT,735295.5289529708,735295.5289529708,0,768,768,1182,3339,24,0,24,120,24,1,0,0,NaN,0,NaN,0.0,2.9103830456733704e-11,
1,24,DETERMINISTIC_RH,SA,shared_battery_mode_node_level_v1,SI-Drahi_17-d1-HOM-UHI-BLO-bf2d3053ce,TK-PB-Drahi_17-d1-HOM-UHI-62618e628e-r1,SS-3cf9bda45ea4,21,0,single_solve,OPTIMAL,FEASIBLE_POINT,735295.5289529708,735295.5289529708,0,768,768,1182,3339,24,0,24,120,24,1,0,0,NaN,0,NaN,0.0,2.9103830456733704e-11,
1,1,DETERMINISTIC_RH,STATIC_DEMAND_SHARE,shared_battery_mode_node_level_v1,SI-Drahi_17-d1-HOM-UHI-BLO-bf2d3053ce,TK-PB-Drahi_17-d1-HOM-UHI-62618e628e-r1,SS-5d5bbea46d20,1,0,single_solve,OPTIMAL,FEASIBLE_POINT,742331.6863248565,742331.6863248565,0,768,768,1297,1659,24,0,24,120,24,1,0,0,NaN,0,NaN,0.0,0.0,
1,2,DETERMINISTIC_RH,STATIC_DEMAND_SHARE,shared_battery_mode_node_level_v1,SI-Drahi_17-d1-HOM-UHI-BLO-bf2d3053ce,TK-PB-Drahi_17-d1-HOM-UHI-62618e628e-r1,SS-5d5bbea46d20,1,0,single_solve,OPTIMAL,FEASIBLE_POINT,742331.6863248565,742331.6863248565,0,768,768,1297,1659,24,0,24,120,24,1,0,0,NaN,0,NaN,6.821210263296962e-13,0.0,
1,3,DETERMINISTIC_RH,STATIC_DEMAND_SHARE,shared_battery_mode_node_level_v1,SI-Drahi_17-d1-HOM-UHI-BLO-bf2d3053ce,TK-PB-Drahi_17-d1-HOM-UHI-62618e628e-r1,SS-5d5bbea46d20,1,0,single_solve,OPTIMAL,FEASIBLE_POINT,742331.6863248565,742331.6863248565,0,768,768,1297,1659,24,0,24,120,24,1,0,0,NaN,0,NaN,4.831690603168681e-13,0.0,
1,4,DETERMINISTIC_RH,STATIC_DEMAND_SHARE,shared_battery_mode_node_level_v1,SI-Drahi_17-d1-HOM-UHI-BLO-bf2d3053ce,TK-PB-Drahi_17-d1-HOM-UHI-62618e628e-r1,SS-5d5bbea46d20,1,0,single_solve,OPTIMAL,FEASIBLE_POINT,742331.6863248565,742331.6863248565,0,768,768,1297,1659,24,0,24,120,24,1,0,0,NaN,0,NaN,5.968558980384842e-13,0.0,
1,5,DETERMINISTIC_RH,STATIC_DEMAND_SHARE,shared_battery_mode_node_level_v1,SI-Drahi_17-d1-HOM-UHI-BLO-bf2d3053ce,TK-PB-Drahi_17-d1-HOM-UHI-62618e628e-r1,SS-102adc95e052,5,0,single_solve,OPTIMAL,FEASIBLE_POINT,689315.3910784828,689315.3910784828,0,768,768,1297,1659,24,0,24,120,24,1,0,0,NaN,0,NaN,0.0,0.0,
1,6,DETERMINISTIC_RH,STATIC_DEMAND_SHARE,shared_battery_mode_node_level_v1,SI-Drahi_17-d1-HOM-UHI-BLO-bf2d3053ce,TK-PB-Drahi_17-d1-HOM-UHI-62618e628e-r1,SS-102adc95e052,5,0,single_solve,OPTIMAL,FEASIBLE_POINT,689315.3910784828,689315.3910784828,0,768,768,1297,1659,24,0,24,120,24,1,0,0,NaN,0,NaN,5.968558980384842e-13,0.0,
1,7,DETERMINISTIC_RH,STATIC_DEMAND_SHARE,shared_battery_mode_node_level_v1,SI-Drahi_17-d1-HOM-UHI-BLO-bf2d3053ce,TK-PB-Drahi_17-d1-HOM-UHI-62618e628e-r1,SS-102adc95e052,5,0,single_solve,OPTIMAL,FEASIBLE_POINT,689315.3910784828,689315.3910784828,0,768,768,1297,1659,24,0,24,120,24,1,0,0,NaN,0,NaN,5.115907697472721e-13,0.0,
1,8,DETERMINISTIC_RH,STATIC_DEMAND_SHARE,shared_battery_mode_node_level_v1,SI-Drahi_17-d1-HOM-UHI-BLO-bf2d3053ce,TK-PB-Drahi_17-d1-HOM-UHI-62618e628e-r1,SS-102adc95e052,5,0,single_solve,OPTIMAL,FEASIBLE_POINT,689315.3910784828,689315.3910784828,0,768,768,1297,1659,24,0,24,120,24,1,0,0,NaN,0,NaN,7.958078640513122e-13,0.0,
1,9,DETERMINISTIC_RH,STATIC_DEMAND_SHARE,shared_battery_mode_node_level_v1,SI-Drahi_17-d1-HOM-UHI-BLO-bf2d3053ce,TK-PB-Drahi_17-d1-HOM-UHI-62618e628e-r1,SS-19da242d4543,9,0,single_solve,OPTIMAL,FEASIBLE_POINT,729383.8659846007,729383.8659846007,0,768,768,1297,1659,24,0,24,120,24,1,0,0,NaN,0,NaN,7.216449660063518e-16,0.0,
1,10,DETERMINISTIC_RH,STATIC_DEMAND_SHARE,shared_battery_mode_node_level_v1,SI-Drahi_17-d1-HOM-UHI-BLO-bf2d3053ce,TK-PB-Drahi_17-d1-HOM-UHI-62618e628e-r1,SS-19da242d4543,9,0,single_solve,OPTIMAL,FEASIBLE_POINT,729383.8659846007,729383.8659846007,0,768,768,1297,1659,24,0,24,120,24,1,0,0,NaN,0,NaN,7.43238803835311e-13,0.0,
1,11,DETERMINISTIC_RH,STATIC_DEMAND_SHARE,shared_battery_mode_node_level_v1,SI-Drahi_17-d1-HOM-UHI-BLO-bf2d3053ce,TK-PB-Drahi_17-d1-HOM-UHI-62618e628e-r1,SS-19da242d4543,9,0,single_solve,OPTIMAL,FEASIBLE_POINT,729383.8659846007,729383.8659846007,0,768,768,1297,1659,24,0,24,120,24,1,0,0,NaN,0,NaN,3.410605131648481e-13,0.0,
1,12,DETERMINISTIC_RH,STATIC_DEMAND_SHARE,shared_battery_mode_node_level_v1,SI-Drahi_17-d1-HOM-UHI-BLO-bf2d3053ce,TK-PB-Drahi_17-d1-HOM-UHI-62618e628e-r1,SS-19da242d4543,9,0,single_solve,OPTIMAL,FEASIBLE_POINT,729383.8659846007,729383.8659846007,0,768,768,1297,1659,24,0,24,120,24,1,0,0,NaN,0,NaN,2.2737367544323206e-13,0.0,
1,13,DETERMINISTIC_RH,STATIC_DEMAND_SHARE,shared_battery_mode_node_level_v1,SI-Drahi_17-d1-HOM-UHI-BLO-bf2d3053ce,TK-PB-Drahi_17-d1-HOM-UHI-62618e628e-r1,SS-354317d12b7f,13,0,single_solve,OPTIMAL,FEASIBLE_POINT,731762.2908790412,731762.2908790412,0,768,768,1297,1659,24,0,24,120,24,1,0,0,NaN,0,NaN,0.0,0.0,
1,14,DETERMINISTIC_RH,STATIC_DEMAND_SHARE,shared_battery_mode_node_level_v1,SI-Drahi_17-d1-HOM-UHI-BLO-bf2d3053ce,TK-PB-Drahi_17-d1-HOM-UHI-62618e628e-r1,SS-354317d12b7f,13,0,single_solve,OPTIMAL,FEASIBLE_POINT,731762.2908790412,731762.2908790412,0,768,768,1297,1659,24,0,24,120,24,1,0,0,NaN,0,NaN,3.552713678800501e-13,0.0,
1,15,DETERMINISTIC_RH,STATIC_DEMAND_SHARE,shared_battery_mode_node_level_v1,SI-Drahi_17-d1-HOM-UHI-BLO-bf2d3053ce,TK-PB-Drahi_17-d1-HOM-UHI-62618e628e-r1,SS-354317d12b7f,13,0,single_solve,OPTIMAL,FEASIBLE_POINT,731762.2908790412,731762.2908790412,0,768,768,1297,1659,24,0,24,120,24,1,0,0,NaN,0,NaN,2.7711166694643907e-13,0.0,
1,16,DETERMINISTIC_RH,STATIC_DEMAND_SHARE,shared_battery_mode_node_level_v1,SI-Drahi_17-d1-HOM-UHI-BLO-bf2d3053ce,TK-PB-Drahi_17-d1-HOM-UHI-62618e628e-r1,SS-354317d12b7f,13,0,single_solve,OPTIMAL,FEASIBLE_POINT,731762.2908790412,731762.2908790412,0,768,768,1297,1659,24,0,24,120,24,1,0,0,NaN,0,NaN,1.3500311979441904e-13,0.0,
1,17,DETERMINISTIC_RH,STATIC_DEMAND_SHARE,shared_battery_mode_node_level_v1,SI-Drahi_17-d1-HOM-UHI-BLO-bf2d3053ce,TK-PB-Drahi_17-d1-HOM-UHI-62618e628e-r1,SS-c81930d9c8ba,17,0,single_solve,OPTIMAL,FEASIBLE_POINT,733702.2040756044,733702.2040756044,0,768,768,1297,1659,24,0,24,120,24,1,0,0,NaN,0,NaN,8.881784197001252e-16,0.0,
1,18,DETERMINISTIC_RH,STATIC_DEMAND_SHARE,shared_battery_mode_node_level_v1,SI-Drahi_17-d1-HOM-UHI-BLO-bf2d3053ce,TK-PB-Drahi_17-d1-HOM-UHI-62618e628e-r1,SS-c81930d9c8ba,17,0,single_solve,OPTIMAL,FEASIBLE_POINT,733702.2040756044,733702.2040756044,0,768,768,1297,1659,24,0,24,120,24,1,0,0,NaN,0,NaN,1.9539925233402755e-14,0.0,
1,19,DETERMINISTIC_RH,STATIC_DEMAND_SHARE,shared_battery_mode_node_level_v1,SI-Drahi_17-d1-HOM-UHI-BLO-bf2d3053ce,TK-PB-Drahi_17-d1-HOM-UHI-62618e628e-r1,SS-c81930d9c8ba,17,0,single_solve,OPTIMAL,FEASIBLE_POINT,733702.2040756044,733702.2040756044,0,768,768,1297,1659,24,0,24,120,24,1,0,0,NaN,0,NaN,1.27675647831893e-15,0.0,
1,20,DETERMINISTIC_RH,STATIC_DEMAND_SHARE,shared_battery_mode_node_level_v1,SI-Drahi_17-d1-HOM-UHI-BLO-bf2d3053ce,TK-PB-Drahi_17-d1-HOM-UHI-62618e628e-r1,SS-c81930d9c8ba,17,0,single_solve,OPTIMAL,FEASIBLE_POINT,733702.2040756044,733702.2040756044,0,768,768,1297,1659,24,0,24,120,24,1,0,0,NaN,0,NaN,0.0,0.0,
1,21,DETERMINISTIC_RH,STATIC_DEMAND_SHARE,shared_battery_mode_node_level_v1,SI-Drahi_17-d1-HOM-UHI-BLO-bf2d3053ce,TK-PB-Drahi_17-d1-HOM-UHI-62618e628e-r1,SS-3cf9bda45ea4,21,0,single_solve,OPTIMAL,FEASIBLE_POINT,735295.5289529708,735295.5289529708,0,768,768,1297,1659,24,0,24,120,24,1,0,0,NaN,0,NaN,0.0,0.0,
1,22,DETERMINISTIC_RH,STATIC_DEMAND_SHARE,shared_battery_mode_node_level_v1,SI-Drahi_17-d1-HOM-UHI-BLO-bf2d3053ce,TK-PB-Drahi_17-d1-HOM-UHI-62618e628e-r1,SS-3cf9bda45ea4,21,0,single_solve,OPTIMAL,FEASIBLE_POINT,735295.5289529708,735295.5289529708,0,768,768,1297,1659,24,0,24,120,24,1,0,0,NaN,0,NaN,0.0,0.0,
1,23,DETERMINISTIC_RH,STATIC_DEMAND_SHARE,shared_battery_mode_node_level_v1,SI-Drahi_17-d1-HOM-UHI-BLO-bf2d3053ce,TK-PB-Drahi_17-d1-HOM-UHI-62618e628e-r1,SS-3cf9bda45ea4,21,0,single_solve,OPTIMAL,FEASIBLE_POINT,735295.5289529708,735295.5289529708,0,768,768,1297,1659,24,0,24,120,24,1,0,0,NaN,0,NaN,0.0,0.0,
1,24,DETERMINISTIC_RH,STATIC_DEMAND_SHARE,shared_battery_mode_node_level_v1,SI-Drahi_17-d1-HOM-UHI-BLO-bf2d3053ce,TK-PB-Drahi_17-d1-HOM-UHI-62618e628e-r1,SS-3cf9bda45ea4,21,0,single_solve,OPTIMAL,FEASIBLE_POINT,735295.5289529708,735295.5289529708,0,768,768,1297,1659,24,0,24,120,24,1,0,0,NaN,0,NaN,0.0,0.0,
1,1,MULTISTAGE_RH,LEXMMFPEA,shared_battery_mode_node_level_v1,SI-Drahi_17-d1-HOM-UHI-BLO-bf2d3053ce,TK-PB-Drahi_17-d1-HOM-UHI-62618e628e-r1,SS-5d5bbea46d20,1,1,lex_phase_1,OPTIMAL,FEASIBLE_POINT,246.09492244238902,246.09492244238902,0,76446,76446,117318,210528,2388,0,2388,11940,2388,256,0,0,NaN,0,NaN,0.0,1.0,
1,1,MULTISTAGE_RH,LEXMMFPEA,shared_battery_mode_node_level_v1,SI-Drahi_17-d1-HOM-UHI-BLO-bf2d3053ce,TK-PB-Drahi_17-d1-HOM-UHI-62618e628e-r1,SS-5d5bbea46d20,1,2,lex_phase_2,OPTIMAL,FEASIBLE_POINT,492.1898448847779,492.1898448847779,0,76446,76446,117319,210534,2388,0,2388,11940,2388,256,0,0,NaN,0,NaN,0.0,1.0,
1,1,MULTISTAGE_RH,LEXMMFPEA,shared_battery_mode_node_level_v1,SI-Drahi_17-d1-HOM-UHI-BLO-bf2d3053ce,TK-PB-Drahi_17-d1-HOM-UHI-62618e628e-r1,SS-5d5bbea46d20,1,3,lex_phase_3,OPTIMAL,FEASIBLE_POINT,738.284767327167,738.284767327167,0,76446,76446,117320,210540,2388,0,2388,11940,2388,256,0,0,NaN,0,NaN,0.0,1.0,
1,1,MULTISTAGE_RH,LEXMMFPEA,shared_battery_mode_node_level_v1,SI-Drahi_17-d1-HOM-UHI-BLO-bf2d3053ce,TK-PB-Drahi_17-d1-HOM-UHI-62618e628e-r1,SS-5d5bbea46d20,1,4,lex_phase_4,OPTIMAL,FEASIBLE_POINT,984.3796897695559,984.3796897695559,0,76446,76446,117321,210546,2388,0,2388,11940,2388,256,0,0,NaN,0,NaN,0.0,1.0,
1,1,MULTISTAGE_RH,LEXMMFPEA,shared_battery_mode_node_level_v1,SI-Drahi_17-d1-HOM-UHI-BLO-bf2d3053ce,TK-PB-Drahi_17-d1-HOM-UHI-62618e628e-r1,SS-5d5bbea46d20,1,5,lex_phase_5,OPTIMAL,FEASIBLE_POINT,1230.474612211945,1230.474612211945,0,76446,76446,117322,210552,2388,0,2388,11940,2388,256,0,0,NaN,0,NaN,0.0,1.0,
1,1,MULTISTAGE_RH,LEXMMFPEA,shared_battery_mode_node_level_v1,SI-Drahi_17-d1-HOM-UHI-BLO-bf2d3053ce,TK-PB-Drahi_17-d1-HOM-UHI-62618e628e-r1,SS-5d5bbea46d20,1,6,economic_tie_break,OPTIMAL,FEASIBLE_POINT,742331.6863248564,742331.6863248564,0,76446,76446,117323,210558,2388,0,2388,11940,2388,256,0,0,NaN,0,NaN,0.0,1.0,
1,2,MULTISTAGE_RH,LEXMMFPEA,shared_battery_mode_node_level_v1,SI-Drahi_17-d1-HOM-UHI-BLO-bf2d3053ce,TK-PB-Drahi_17-d1-HOM-UHI-62618e628e-r1,SS-5d5bbea46d20,1,1,lex_phase_1,OPTIMAL,FEASIBLE_POINT,246.09492244238902,246.09492244238902,0,76446,76446,117318,210528,2388,0,2388,11940,2388,256,0,0,NaN,0,NaN,0.0,1.0,
1,2,MULTISTAGE_RH,LEXMMFPEA,shared_battery_mode_node_level_v1,SI-Drahi_17-d1-HOM-UHI-BLO-bf2d3053ce,TK-PB-Drahi_17-d1-HOM-UHI-62618e628e-r1,SS-5d5bbea46d20,1,2,lex_phase_2,OPTIMAL,FEASIBLE_POINT,492.1898448847779,492.1898448847779,0,76446,76446,117319,210534,2388,0,2388,11940,2388,256,0,0,NaN,0,NaN,0.0,1.0,
1,2,MULTISTAGE_RH,LEXMMFPEA,shared_battery_mode_node_level_v1,SI-Drahi_17-d1-HOM-UHI-BLO-bf2d3053ce,TK-PB-Drahi_17-d1-HOM-UHI-62618e628e-r1,SS-5d5bbea46d20,1,3,lex_phase_3,OPTIMAL,FEASIBLE_POINT,738.284767327167,738.284767327167,0,76446,76446,117320,210540,2388,0,2388,11940,2388,256,0,0,NaN,0,NaN,0.0,1.0,
1,2,MULTISTAGE_RH,LEXMMFPEA,shared_battery_mode_node_level_v1,SI-Drahi_17-d1-HOM-UHI-BLO-bf2d3053ce,TK-PB-Drahi_17-d1-HOM-UHI-62618e628e-r1,SS-5d5bbea46d20,1,4,lex_phase_4,OPTIMAL,FEASIBLE_POINT,984.3796897695559,984.3796897695559,0,76446,76446,117321,210546,2388,0,2388,11940,2388,256,0,0,NaN,0,NaN,0.0,1.0,
1,2,MULTISTAGE_RH,LEXMMFPEA,shared_battery_mode_node_level_v1,SI-Drahi_17-d1-HOM-UHI-BLO-bf2d3053ce,TK-PB-Drahi_17-d1-HOM-UHI-62618e628e-r1,SS-5d5bbea46d20,1,5,lex_phase_5,OPTIMAL,FEASIBLE_POINT,1230.474612211945,1230.474612211945,0,76446,76446,117322,210552,2388,0,2388,11940,2388,256,0,0,NaN,0,NaN,0.0,1.0,
1,2,MULTISTAGE_RH,LEXMMFPEA,shared_battery_mode_node_level_v1,SI-Drahi_17-d1-HOM-UHI-BLO-bf2d3053ce,TK-PB-Drahi_17-d1-HOM-UHI-62618e628e-r1,SS-5d5bbea46d20,1,6,economic_tie_break,OPTIMAL,FEASIBLE_POINT,742331.6863248564,742331.6863248564,0,76446,76446,117323,210558,2388,0,2388,11940,2388,256,0,0,NaN,0,NaN,0.0,1.0,
1,3,MULTISTAGE_RH,LEXMMFPEA,shared_battery_mode_node_level_v1,SI-Drahi_17-d1-HOM-UHI-BLO-bf2d3053ce,TK-PB-Drahi_17-d1-HOM-UHI-62618e628e-r1,SS-5d5bbea46d20,1,1,lex_phase_1,OPTIMAL,FEASIBLE_POINT,246.09492244238902,246.09492244238902,0,76446,76446,117318,210528,2388,0,2388,11940,2388,256,0,0,NaN,0,NaN,0.0,1.0,
1,3,MULTISTAGE_RH,LEXMMFPEA,shared_battery_mode_node_level_v1,SI-Drahi_17-d1-HOM-UHI-BLO-bf2d3053ce,TK-PB-Drahi_17-d1-HOM-UHI-62618e628e-r1,SS-5d5bbea46d20,1,2,lex_phase_2,OPTIMAL,FEASIBLE_POINT,492.1898448847779,492.1898448847779,0,76446,76446,117319,210534,2388,0,2388,11940,2388,256,0,0,NaN,0,NaN,0.0,1.0,
1,3,MULTISTAGE_RH,LEXMMFPEA,shared_battery_mode_node_level_v1,SI-Drahi_17-d1-HOM-UHI-BLO-bf2d3053ce,TK-PB-Drahi_17-d1-HOM-UHI-62618e628e-r1,SS-5d5bbea46d20,1,3,lex_phase_3,OPTIMAL,FEASIBLE_POINT,738.284767327167,738.284767327167,0,76446,76446,117320,210540,2388,0,2388,11940,2388,256,0,0,NaN,0,NaN,0.0,1.0,
1,3,MULTISTAGE_RH,LEXMMFPEA,shared_battery_mode_node_level_v1,SI-Drahi_17-d1-HOM-UHI-BLO-bf2d3053ce,TK-PB-Drahi_17-d1-HOM-UHI-62618e628e-r1,SS-5d5bbea46d20,1,4,lex_phase_4,OPTIMAL,FEASIBLE_POINT,984.3796897695559,984.3796897695559,0,76446,76446,117321,210546,2388,0,2388,11940,2388,256,0,0,NaN,0,NaN,0.0,1.0,
1,3,MULTISTAGE_RH,LEXMMFPEA,shared_battery_mode_node_level_v1,SI-Drahi_17-d1-HOM-UHI-BLO-bf2d3053ce,TK-PB-Drahi_17-d1-HOM-UHI-62618e628e-r1,SS-5d5bbea46d20,1,5,lex_phase_5,OPTIMAL,FEASIBLE_POINT,1230.474612211945,1230.474612211945,0,76446,76446,117322,210552,2388,0,2388,11940,2388,256,0,0,NaN,0,NaN,0.0,1.0,
1,3,MULTISTAGE_RH,LEXMMFPEA,shared_battery_mode_node_level_v1,SI-Drahi_17-d1-HOM-UHI-BLO-bf2d3053ce,TK-PB-Drahi_17-d1-HOM-UHI-62618e628e-r1,SS-5d5bbea46d20,1,6,economic_tie_break,OPTIMAL,FEASIBLE_POINT,742331.6863248564,742331.6863248564,0,76446,76446,117323,210558,2388,0,2388,11940,2388,256,0,0,NaN,0,NaN,0.0,1.0,
1,4,MULTISTAGE_RH,LEXMMFPEA,shared_battery_mode_node_level_v1,SI-Drahi_17-d1-HOM-UHI-BLO-bf2d3053ce,TK-PB-Drahi_17-d1-HOM-UHI-62618e628e-r1,SS-5d5bbea46d20,1,1,lex_phase_1,OPTIMAL,FEASIBLE_POINT,246.09492244238902,246.09492244238902,0,76446,76446,117318,210528,2388,0,2388,11940,2388,256,0,0,NaN,0,NaN,0.0,1.0,
1,4,MULTISTAGE_RH,LEXMMFPEA,shared_battery_mode_node_level_v1,SI-Drahi_17-d1-HOM-UHI-BLO-bf2d3053ce,TK-PB-Drahi_17-d1-HOM-UHI-62618e628e-r1,SS-5d5bbea46d20,1,2,lex_phase_2,OPTIMAL,FEASIBLE_POINT,492.1898448847779,492.1898448847779,0,76446,76446,117319,210534,2388,0,2388,11940,2388,256,0,0,NaN,0,NaN,0.0,1.0,
1,4,MULTISTAGE_RH,LEXMMFPEA,shared_battery_mode_node_level_v1,SI-Drahi_17-d1-HOM-UHI-BLO-bf2d3053ce,TK-PB-Drahi_17-d1-HOM-UHI-62618e628e-r1,SS-5d5bbea46d20,1,3,lex_phase_3,OPTIMAL,FEASIBLE_POINT,738.284767327167,738.284767327167,0,76446,76446,117320,210540,2388,0,2388,11940,2388,256,0,0,NaN,0,NaN,0.0,1.0,
1,4,MULTISTAGE_RH,LEXMMFPEA,shared_battery_mode_node_level_v1,SI-Drahi_17-d1-HOM-UHI-BLO-bf2d3053ce,TK-PB-Drahi_17-d1-HOM-UHI-62618e628e-r1,SS-5d5bbea46d20,1,4,lex_phase_4,OPTIMAL,FEASIBLE_POINT,984.3796897695559,984.3796897695559,0,76446,76446,117321,210546,2388,0,2388,11940,2388,256,0,0,NaN,0,NaN,0.0,1.0,
1,4,MULTISTAGE_RH,LEXMMFPEA,shared_battery_mode_node_level_v1,SI-Drahi_17-d1-HOM-UHI-BLO-bf2d3053ce,TK-PB-Drahi_17-d1-HOM-UHI-62618e628e-r1,SS-5d5bbea46d20,1,5,lex_phase_5,OPTIMAL,FEASIBLE_POINT,1230.474612211945,1230.474612211945,0,76446,76446,117322,210552,2388,0,2388,11940,2388,256,0,0,NaN,0,NaN,0.0,1.0,
1,4,MULTISTAGE_RH,LEXMMFPEA,shared_battery_mode_node_level_v1,SI-Drahi_17-d1-HOM-UHI-BLO-bf2d3053ce,TK-PB-Drahi_17-d1-HOM-UHI-62618e628e-r1,SS-5d5bbea46d20,1,6,economic_tie_break,OPTIMAL,FEASIBLE_POINT,742331.6863248564,742331.6863248564,0,76446,76446,117323,210558,2388,0,2388,11940,2388,256,0,0,NaN,0,NaN,0.0,1.0,
1,5,MULTISTAGE_RH,LEXMMFPEA,shared_battery_mode_node_level_v1,SI-Drahi_17-d1-HOM-UHI-BLO-bf2d3053ce,TK-PB-Drahi_17-d1-HOM-UHI-62618e628e-r1,SS-102adc95e052,5,1,lex_phase_1,OPTIMAL,FEASIBLE_POINT,457.687553905443,457.687553905443,0,76446,76446,117318,206988,2388,0,2388,11940,2388,256,0,0,NaN,0,NaN,0.0,1.0000000000004547,
1,5,MULTISTAGE_RH,LEXMMFPEA,shared_battery_mode_node_level_v1,SI-Drahi_17-d1-HOM-UHI-BLO-bf2d3053ce,TK-PB-Drahi_17-d1-HOM-UHI-62618e628e-r1,SS-102adc95e052,5,2,lex_phase_2,OPTIMAL,FEASIBLE_POINT,915.3751078108864,915.3751078108864,0,76446,76446,117319,206994,2388,0,2388,11940,2388,256,0,0,NaN,0,NaN,0.0,1.0000000000004547,
1,5,MULTISTAGE_RH,LEXMMFPEA,shared_battery_mode_node_level_v1,SI-Drahi_17-d1-HOM-UHI-BLO-bf2d3053ce,TK-PB-Drahi_17-d1-HOM-UHI-62618e628e-r1,SS-102adc95e052,5,3,lex_phase_3,OPTIMAL,FEASIBLE_POINT,1373.0626617163298,1373.0626617163298,0,76446,76446,117320,207000,2388,0,2388,11940,2388,256,0,0,NaN,0,NaN,0.0,1.0000000000004547,
1,5,MULTISTAGE_RH,LEXMMFPEA,shared_battery_mode_node_level_v1,SI-Drahi_17-d1-HOM-UHI-BLO-bf2d3053ce,TK-PB-Drahi_17-d1-HOM-UHI-62618e628e-r1,SS-102adc95e052,5,4,lex_phase_4,OPTIMAL,FEASIBLE_POINT,1830.750215621773,1830.750215621773,0,76446,76446,117321,207006,2388,0,2388,11940,2388,256,0,0,NaN,0,NaN,0.0,1.0000000000004547,
1,5,MULTISTAGE_RH,LEXMMFPEA,shared_battery_mode_node_level_v1,SI-Drahi_17-d1-HOM-UHI-BLO-bf2d3053ce,TK-PB-Drahi_17-d1-HOM-UHI-62618e628e-r1,SS-102adc95e052,5,5,lex_phase_5,OPTIMAL,FEASIBLE_POINT,2288.4377695272156,2288.4377695272156,0,76446,76446,117322,207012,2388,0,2388,11940,2388,256,0,0,NaN,0,NaN,0.0,1.0000000000004547,
1,5,MULTISTAGE_RH,LEXMMFPEA,shared_battery_mode_node_level_v1,SI-Drahi_17-d1-HOM-UHI-BLO-bf2d3053ce,TK-PB-Drahi_17-d1-HOM-UHI-62618e628e-r1,SS-102adc95e052,5,6,economic_tie_break,OPTIMAL,FEASIBLE_POINT,689315.3910784768,689315.3910784768,0,76446,76446,117323,207018,2388,0,2388,11940,2388,256,0,0,NaN,0,NaN,0.0,1.0000000000004547,
1,6,MULTISTAGE_RH,LEXMMFPEA,shared_battery_mode_node_level_v1,SI-Drahi_17-d1-HOM-UHI-BLO-bf2d3053ce,TK-PB-Drahi_17-d1-HOM-UHI-62618e628e-r1,SS-102adc95e052,5,1,lex_phase_1,OPTIMAL,FEASIBLE_POINT,457.687553905443,457.687553905443,0,76446,76446,117318,206988,2388,0,2388,11940,2388,256,0,0,NaN,0,NaN,1.4210854715202004e-14,1.0000000000004547,
1,6,MULTISTAGE_RH,LEXMMFPEA,shared_battery_mode_node_level_v1,SI-Drahi_17-d1-HOM-UHI-BLO-bf2d3053ce,TK-PB-Drahi_17-d1-HOM-UHI-62618e628e-r1,SS-102adc95e052,5,2,lex_phase_2,OPTIMAL,FEASIBLE_POINT,915.3751078108864,915.3751078108864,0,76446,76446,117319,206994,2388,0,2388,11940,2388,256,0,0,NaN,0,NaN,1.4210854715202004e-14,1.0000000000004547,
1,6,MULTISTAGE_RH,LEXMMFPEA,shared_battery_mode_node_level_v1,SI-Drahi_17-d1-HOM-UHI-BLO-bf2d3053ce,TK-PB-Drahi_17-d1-HOM-UHI-62618e628e-r1,SS-102adc95e052,5,3,lex_phase_3,OPTIMAL,FEASIBLE_POINT,1373.0626617163298,1373.0626617163298,0,76446,76446,117320,207000,2388,0,2388,11940,2388,256,0,0,NaN,0,NaN,1.4210854715202004e-14,1.0000000000004547,
1,6,MULTISTAGE_RH,LEXMMFPEA,shared_battery_mode_node_level_v1,SI-Drahi_17-d1-HOM-UHI-BLO-bf2d3053ce,TK-PB-Drahi_17-d1-HOM-UHI-62618e628e-r1,SS-102adc95e052,5,4,lex_phase_4,OPTIMAL,FEASIBLE_POINT,1830.750215621773,1830.750215621773,0,76446,76446,117321,207006,2388,0,2388,11940,2388,256,0,0,NaN,0,NaN,1.4210854715202004e-14,1.0000000000004547,
1,6,MULTISTAGE_RH,LEXMMFPEA,shared_battery_mode_node_level_v1,SI-Drahi_17-d1-HOM-UHI-BLO-bf2d3053ce,TK-PB-Drahi_17-d1-HOM-UHI-62618e628e-r1,SS-102adc95e052,5,5,lex_phase_5,OPTIMAL,FEASIBLE_POINT,2288.4377695272156,2288.4377695272156,0,76446,76446,117322,207012,2388,0,2388,11940,2388,256,0,0,NaN,0,NaN,1.4210854715202004e-14,1.0000000000004547,
1,6,MULTISTAGE_RH,LEXMMFPEA,shared_battery_mode_node_level_v1,SI-Drahi_17-d1-HOM-UHI-BLO-bf2d3053ce,TK-PB-Drahi_17-d1-HOM-UHI-62618e628e-r1,SS-102adc95e052,5,6,economic_tie_break,OPTIMAL,FEASIBLE_POINT,689315.3910784768,689315.3910784768,0,76446,76446,117323,207018,2388,0,2388,11940,2388,256,0,0,NaN,0,NaN,1.4210854715202004e-14,1.0000000000004547,
1,7,MULTISTAGE_RH,LEXMMFPEA,shared_battery_mode_node_level_v1,SI-Drahi_17-d1-HOM-UHI-BLO-bf2d3053ce,TK-PB-Drahi_17-d1-HOM-UHI-62618e628e-r1,SS-102adc95e052,5,1,lex_phase_1,OPTIMAL,FEASIBLE_POINT,457.687553905443,457.687553905443,0,76446,76446,117318,206988,2388,0,2388,11940,2388,256,0,0,NaN,0,NaN,1.4210854715202004e-14,1.0000000000004547,
1,7,MULTISTAGE_RH,LEXMMFPEA,shared_battery_mode_node_level_v1,SI-Drahi_17-d1-HOM-UHI-BLO-bf2d3053ce,TK-PB-Drahi_17-d1-HOM-UHI-62618e628e-r1,SS-102adc95e052,5,2,lex_phase_2,OPTIMAL,FEASIBLE_POINT,915.3751078108864,915.3751078108864,0,76446,76446,117319,206994,2388,0,2388,11940,2388,256,0,0,NaN,0,NaN,1.4210854715202004e-14,1.0000000000004547,
1,7,MULTISTAGE_RH,LEXMMFPEA,shared_battery_mode_node_level_v1,SI-Drahi_17-d1-HOM-UHI-BLO-bf2d3053ce,TK-PB-Drahi_17-d1-HOM-UHI-62618e628e-r1,SS-102adc95e052,5,3,lex_phase_3,OPTIMAL,FEASIBLE_POINT,1373.0626617163298,1373.0626617163298,0,76446,76446,117320,207000,2388,0,2388,11940,2388,256,0,0,NaN,0,NaN,1.4210854715202004e-14,1.0000000000004547,
1,7,MULTISTAGE_RH,LEXMMFPEA,shared_battery_mode_node_level_v1,SI-Drahi_17-d1-HOM-UHI-BLO-bf2d3053ce,TK-PB-Drahi_17-d1-HOM-UHI-62618e628e-r1,SS-102adc95e052,5,4,lex_phase_4,OPTIMAL,FEASIBLE_POINT,1830.750215621773,1830.750215621773,0,76446,76446,117321,207006,2388,0,2388,11940,2388,256,0,0,NaN,0,NaN,1.4210854715202004e-14,1.0000000000004547,
1,7,MULTISTAGE_RH,LEXMMFPEA,shared_battery_mode_node_level_v1,SI-Drahi_17-d1-HOM-UHI-BLO-bf2d3053ce,TK-PB-Drahi_17-d1-HOM-UHI-62618e628e-r1,SS-102adc95e052,5,5,lex_phase_5,OPTIMAL,FEASIBLE_POINT,2288.4377695272156,2288.4377695272156,0,76446,76446,117322,207012,2388,0,2388,11940,2388,256,0,0,NaN,0,NaN,1.4210854715202004e-14,1.0000000000004547,
1,7,MULTISTAGE_RH,LEXMMFPEA,shared_battery_mode_node_level_v1,SI-Drahi_17-d1-HOM-UHI-BLO-bf2d3053ce,TK-PB-Drahi_17-d1-HOM-UHI-62618e628e-r1,SS-102adc95e052,5,6,economic_tie_break,OPTIMAL,FEASIBLE_POINT,689315.3910784768,689315.3910784768,0,76446,76446,117323,207018,2388,0,2388,11940,2388,256,0,0,NaN,0,NaN,1.4210854715202004e-14,1.0000000000004547,
1,8,MULTISTAGE_RH,LEXMMFPEA,shared_battery_mode_node_level_v1,SI-Drahi_17-d1-HOM-UHI-BLO-bf2d3053ce,TK-PB-Drahi_17-d1-HOM-UHI-62618e628e-r1,SS-102adc95e052,5,1,lex_phase_1,OPTIMAL,FEASIBLE_POINT,457.687553905443,457.687553905443,0,76446,76446,117318,206988,2388,0,2388,11940,2388,256,0,0,NaN,0,NaN,7.216449660063518e-16,1.0000000000004547,
1,8,MULTISTAGE_RH,LEXMMFPEA,shared_battery_mode_node_level_v1,SI-Drahi_17-d1-HOM-UHI-BLO-bf2d3053ce,TK-PB-Drahi_17-d1-HOM-UHI-62618e628e-r1,SS-102adc95e052,5,2,lex_phase_2,OPTIMAL,FEASIBLE_POINT,915.3751078108864,915.3751078108864,0,76446,76446,117319,206994,2388,0,2388,11940,2388,256,0,0,NaN,0,NaN,7.216449660063518e-16,1.0000000000004547,
1,8,MULTISTAGE_RH,LEXMMFPEA,shared_battery_mode_node_level_v1,SI-Drahi_17-d1-HOM-UHI-BLO-bf2d3053ce,TK-PB-Drahi_17-d1-HOM-UHI-62618e628e-r1,SS-102adc95e052,5,3,lex_phase_3,OPTIMAL,FEASIBLE_POINT,1373.0626617163298,1373.0626617163298,0,76446,76446,117320,207000,2388,0,2388,11940,2388,256,0,0,NaN,0,NaN,7.216449660063518e-16,1.0000000000004547,
1,8,MULTISTAGE_RH,LEXMMFPEA,shared_battery_mode_node_level_v1,SI-Drahi_17-d1-HOM-UHI-BLO-bf2d3053ce,TK-PB-Drahi_17-d1-HOM-UHI-62618e628e-r1,SS-102adc95e052,5,4,lex_phase_4,OPTIMAL,FEASIBLE_POINT,1830.750215621773,1830.750215621773,0,76446,76446,117321,207006,2388,0,2388,11940,2388,256,0,0,NaN,0,NaN,7.216449660063518e-16,1.0000000000004547,
1,8,MULTISTAGE_RH,LEXMMFPEA,shared_battery_mode_node_level_v1,SI-Drahi_17-d1-HOM-UHI-BLO-bf2d3053ce,TK-PB-Drahi_17-d1-HOM-UHI-62618e628e-r1,SS-102adc95e052,5,5,lex_phase_5,OPTIMAL,FEASIBLE_POINT,2288.4377695272156,2288.4377695272156,0,76446,76446,117322,207012,2388,0,2388,11940,2388,256,0,0,NaN,0,NaN,7.216449660063518e-16,1.0000000000004547,
1,8,MULTISTAGE_RH,LEXMMFPEA,shared_battery_mode_node_level_v1,SI-Drahi_17-d1-HOM-UHI-BLO-bf2d3053ce,TK-PB-Drahi_17-d1-HOM-UHI-62618e628e-r1,SS-102adc95e052,5,6,economic_tie_break,OPTIMAL,FEASIBLE_POINT,689315.3910784768,689315.3910784768,0,76446,76446,117323,207018,2388,0,2388,11940,2388,256,0,0,NaN,0,NaN,7.216449660063518e-16,1.0000000000004547,
1,9,MULTISTAGE_RH,LEXMMFPEA,shared_battery_mode_node_level_v1,SI-Drahi_17-d1-HOM-UHI-BLO-bf2d3053ce,TK-PB-Drahi_17-d1-HOM-UHI-62618e628e-r1,SS-19da242d4543,9,1,lex_phase_1,OPTIMAL,FEASIBLE_POINT,363.58910255087574,363.58910255087574,0,76446,76446,117318,210663,2388,0,2388,11940,2388,256,0,0,NaN,0,NaN,2.842170943040401e-14,1.0,
1,9,MULTISTAGE_RH,LEXMMFPEA,shared_battery_mode_node_level_v1,SI-Drahi_17-d1-HOM-UHI-BLO-bf2d3053ce,TK-PB-Drahi_17-d1-HOM-UHI-62618e628e-r1,SS-19da242d4543,9,2,lex_phase_2,OPTIMAL,FEASIBLE_POINT,727.1782051017515,727.1782051017515,0,76446,76446,117319,210669,2388,0,2388,11940,2388,256,0,0,NaN,0,NaN,2.842170943040401e-14,1.0,
1,9,MULTISTAGE_RH,LEXMMFPEA,shared_battery_mode_node_level_v1,SI-Drahi_17-d1-HOM-UHI-BLO-bf2d3053ce,TK-PB-Drahi_17-d1-HOM-UHI-62618e628e-r1,SS-19da242d4543,9,3,lex_phase_3,OPTIMAL,FEASIBLE_POINT,1090.767307652627,1090.767307652627,0,76446,76446,117320,210675,2388,0,2388,11940,2388,256,0,0,NaN,0,NaN,2.842170943040401e-14,1.0,
1,9,MULTISTAGE_RH,LEXMMFPEA,shared_battery_mode_node_level_v1,SI-Drahi_17-d1-HOM-UHI-BLO-bf2d3053ce,TK-PB-Drahi_17-d1-HOM-UHI-62618e628e-r1,SS-19da242d4543,9,4,lex_phase_4,OPTIMAL,FEASIBLE_POINT,1454.356410203503,1454.356410203503,0,76446,76446,117321,210681,2388,0,2388,11940,2388,256,0,0,NaN,0,NaN,2.842170943040401e-14,1.0,
1,9,MULTISTAGE_RH,LEXMMFPEA,shared_battery_mode_node_level_v1,SI-Drahi_17-d1-HOM-UHI-BLO-bf2d3053ce,TK-PB-Drahi_17-d1-HOM-UHI-62618e628e-r1,SS-19da242d4543,9,5,lex_phase_5,OPTIMAL,FEASIBLE_POINT,1817.9455127543783,1817.9455127543783,0,76446,76446,117322,210687,2388,0,2388,11940,2388,256,0,0,NaN,0,NaN,2.842170943040401e-14,1.0,
1,9,MULTISTAGE_RH,LEXMMFPEA,shared_battery_mode_node_level_v1,SI-Drahi_17-d1-HOM-UHI-BLO-bf2d3053ce,TK-PB-Drahi_17-d1-HOM-UHI-62618e628e-r1,SS-19da242d4543,9,6,economic_tie_break,OPTIMAL,FEASIBLE_POINT,729383.8659846005,729383.8659846005,0,76446,76446,117323,210693,2388,0,2388,11940,2388,256,0,0,NaN,0,NaN,2.842170943040401e-14,1.0,
1,10,MULTISTAGE_RH,LEXMMFPEA,shared_battery_mode_node_level_v1,SI-Drahi_17-d1-HOM-UHI-BLO-bf2d3053ce,TK-PB-Drahi_17-d1-HOM-UHI-62618e628e-r1,SS-19da242d4543,9,1,lex_phase_1,OPTIMAL,FEASIBLE_POINT,363.58910255087574,363.58910255087574,0,76446,76446,117318,210663,2388,0,2388,11940,2388,256,0,0,NaN,0,NaN,2.842170943040401e-14,1.0,
1,10,MULTISTAGE_RH,LEXMMFPEA,shared_battery_mode_node_level_v1,SI-Drahi_17-d1-HOM-UHI-BLO-bf2d3053ce,TK-PB-Drahi_17-d1-HOM-UHI-62618e628e-r1,SS-19da242d4543,9,2,lex_phase_2,OPTIMAL,FEASIBLE_POINT,727.1782051017515,727.1782051017515,0,76446,76446,117319,210669,2388,0,2388,11940,2388,256,0,0,NaN,0,NaN,2.842170943040401e-14,1.0,
1,10,MULTISTAGE_RH,LEXMMFPEA,shared_battery_mode_node_level_v1,SI-Drahi_17-d1-HOM-UHI-BLO-bf2d3053ce,TK-PB-Drahi_17-d1-HOM-UHI-62618e628e-r1,SS-19da242d4543,9,3,lex_phase_3,OPTIMAL,FEASIBLE_POINT,1090.767307652627,1090.767307652627,0,76446,76446,117320,210675,2388,0,2388,11940,2388,256,0,0,NaN,0,NaN,2.842170943040401e-14,1.0,
1,10,MULTISTAGE_RH,LEXMMFPEA,shared_battery_mode_node_level_v1,SI-Drahi_17-d1-HOM-UHI-BLO-bf2d3053ce,TK-PB-Drahi_17-d1-HOM-UHI-62618e628e-r1,SS-19da242d4543,9,4,lex_phase_4,OPTIMAL,FEASIBLE_POINT,1454.356410203503,1454.356410203503,0,76446,76446,117321,210681,2388,0,2388,11940,2388,256,0,0,NaN,0,NaN,2.842170943040401e-14,1.0,
1,10,MULTISTAGE_RH,LEXMMFPEA,shared_battery_mode_node_level_v1,SI-Drahi_17-d1-HOM-UHI-BLO-bf2d3053ce,TK-PB-Drahi_17-d1-HOM-UHI-62618e628e-r1,SS-19da242d4543,9,5,lex_phase_5,OPTIMAL,FEASIBLE_POINT,1817.9455127543783,1817.9455127543783,0,76446,76446,117322,210687,2388,0,2388,11940,2388,256,0,0,NaN,0,NaN,2.842170943040401e-14,1.0,
1,10,MULTISTAGE_RH,LEXMMFPEA,shared_battery_mode_node_level_v1,SI-Drahi_17-d1-HOM-UHI-BLO-bf2d3053ce,TK-PB-Drahi_17-d1-HOM-UHI-62618e628e-r1,SS-19da242d4543,9,6,economic_tie_break,OPTIMAL,FEASIBLE_POINT,729383.8659846005,729383.8659846005,0,76446,76446,117323,210693,2388,0,2388,11940,2388,256,0,0,NaN,0,NaN,2.842170943040401e-14,1.0,
1,11,MULTISTAGE_RH,LEXMMFPEA,shared_battery_mode_node_level_v1,SI-Drahi_17-d1-HOM-UHI-BLO-bf2d3053ce,TK-PB-Drahi_17-d1-HOM-UHI-62618e628e-r1,SS-19da242d4543,9,1,lex_phase_1,OPTIMAL,FEASIBLE_POINT,363.58910255087574,363.58910255087574,0,76446,76446,117318,210663,2388,0,2388,11940,2388,256,0,0,NaN,0,NaN,8.881784197001252e-16,1.0,
1,11,MULTISTAGE_RH,LEXMMFPEA,shared_battery_mode_node_level_v1,SI-Drahi_17-d1-HOM-UHI-BLO-bf2d3053ce,TK-PB-Drahi_17-d1-HOM-UHI-62618e628e-r1,SS-19da242d4543,9,2,lex_phase_2,OPTIMAL,FEASIBLE_POINT,727.1782051017515,727.1782051017515,0,76446,76446,117319,210669,2388,0,2388,11940,2388,256,0,0,NaN,0,NaN,8.881784197001252e-16,1.0,
1,11,MULTISTAGE_RH,LEXMMFPEA,shared_battery_mode_node_level_v1,SI-Drahi_17-d1-HOM-UHI-BLO-bf2d3053ce,TK-PB-Drahi_17-d1-HOM-UHI-62618e628e-r1,SS-19da242d4543,9,3,lex_phase_3,OPTIMAL,FEASIBLE_POINT,1090.767307652627,1090.767307652627,0,76446,76446,117320,210675,2388,0,2388,11940,2388,256,0,0,NaN,0,NaN,8.881784197001252e-16,1.0,
1,11,MULTISTAGE_RH,LEXMMFPEA,shared_battery_mode_node_level_v1,SI-Drahi_17-d1-HOM-UHI-BLO-bf2d3053ce,TK-PB-Drahi_17-d1-HOM-UHI-62618e628e-r1,SS-19da242d4543,9,4,lex_phase_4,OPTIMAL,FEASIBLE_POINT,1454.356410203503,1454.356410203503,0,76446,76446,117321,210681,2388,0,2388,11940,2388,256,0,0,NaN,0,NaN,8.881784197001252e-16,1.0,
1,11,MULTISTAGE_RH,LEXMMFPEA,shared_battery_mode_node_level_v1,SI-Drahi_17-d1-HOM-UHI-BLO-bf2d3053ce,TK-PB-Drahi_17-d1-HOM-UHI-62618e628e-r1,SS-19da242d4543,9,5,lex_phase_5,OPTIMAL,FEASIBLE_POINT,1817.9455127543783,1817.9455127543783,0,76446,76446,117322,210687,2388,0,2388,11940,2388,256,0,0,NaN,0,NaN,8.881784197001252e-16,1.0,
1,11,MULTISTAGE_RH,LEXMMFPEA,shared_battery_mode_node_level_v1,SI-Drahi_17-d1-HOM-UHI-BLO-bf2d3053ce,TK-PB-Drahi_17-d1-HOM-UHI-62618e628e-r1,SS-19da242d4543,9,6,economic_tie_break,OPTIMAL,FEASIBLE_POINT,729383.8659846005,729383.8659846005,0,76446,76446,117323,210693,2388,0,2388,11940,2388,256,0,0,NaN,0,NaN,8.881784197001252e-16,1.0,
1,12,MULTISTAGE_RH,LEXMMFPEA,shared_battery_mode_node_level_v1,SI-Drahi_17-d1-HOM-UHI-BLO-bf2d3053ce,TK-PB-Drahi_17-d1-HOM-UHI-62618e628e-r1,SS-19da242d4543,9,1,lex_phase_1,OPTIMAL,FEASIBLE_POINT,363.58910255087574,363.58910255087574,0,76446,76446,117318,210663,2388,0,2388,11940,2388,256,0,0,NaN,0,NaN,2.842170943040401e-14,1.0,
1,12,MULTISTAGE_RH,LEXMMFPEA,shared_battery_mode_node_level_v1,SI-Drahi_17-d1-HOM-UHI-BLO-bf2d3053ce,TK-PB-Drahi_17-d1-HOM-UHI-62618e628e-r1,SS-19da242d4543,9,2,lex_phase_2,OPTIMAL,FEASIBLE_POINT,727.1782051017515,727.1782051017515,0,76446,76446,117319,210669,2388,0,2388,11940,2388,256,0,0,NaN,0,NaN,2.842170943040401e-14,1.0,
1,12,MULTISTAGE_RH,LEXMMFPEA,shared_battery_mode_node_level_v1,SI-Drahi_17-d1-HOM-UHI-BLO-bf2d3053ce,TK-PB-Drahi_17-d1-HOM-UHI-62618e628e-r1,SS-19da242d4543,9,3,lex_phase_3,OPTIMAL,FEASIBLE_POINT,1090.767307652627,1090.767307652627,0,76446,76446,117320,210675,2388,0,2388,11940,2388,256,0,0,NaN,0,NaN,2.842170943040401e-14,1.0,
1,12,MULTISTAGE_RH,LEXMMFPEA,shared_battery_mode_node_level_v1,SI-Drahi_17-d1-HOM-UHI-BLO-bf2d3053ce,TK-PB-Drahi_17-d1-HOM-UHI-62618e628e-r1,SS-19da242d4543,9,4,lex_phase_4,OPTIMAL,FEASIBLE_POINT,1454.356410203503,1454.356410203503,0,76446,76446,117321,210681,2388,0,2388,11940,2388,256,0,0,NaN,0,NaN,2.842170943040401e-14,1.0,
1,12,MULTISTAGE_RH,LEXMMFPEA,shared_battery_mode_node_level_v1,SI-Drahi_17-d1-HOM-UHI-BLO-bf2d3053ce,TK-PB-Drahi_17-d1-HOM-UHI-62618e628e-r1,SS-19da242d4543,9,5,lex_phase_5,OPTIMAL,FEASIBLE_POINT,1817.9455127543783,1817.9455127543783,0,76446,76446,117322,210687,2388,0,2388,11940,2388,256,0,0,NaN,0,NaN,2.842170943040401e-14,1.0,
1,12,MULTISTAGE_RH,LEXMMFPEA,shared_battery_mode_node_level_v1,SI-Drahi_17-d1-HOM-UHI-BLO-bf2d3053ce,TK-PB-Drahi_17-d1-HOM-UHI-62618e628e-r1,SS-19da242d4543,9,6,economic_tie_break,OPTIMAL,FEASIBLE_POINT,729383.8659846005,729383.8659846005,0,76446,76446,117323,210693,2388,0,2388,11940,2388,256,0,0,NaN,0,NaN,2.842170943040401e-14,1.0,
1,13,MULTISTAGE_RH,LEXMMFPEA,shared_battery_mode_node_level_v1,SI-Drahi_17-d1-HOM-UHI-BLO-bf2d3053ce,TK-PB-Drahi_17-d1-HOM-UHI-62618e628e-r1,SS-354317d12b7f,13,1,lex_phase_1,OPTIMAL,FEASIBLE_POINT,487.6767239419513,487.6767239419513,0,76446,76446,117318,214743,2388,0,2388,11940,2388,256,0,0,NaN,0,NaN,2.842170943040401e-14,1.0000000000002274,
1,13,MULTISTAGE_RH,LEXMMFPEA,shared_battery_mode_node_level_v1,SI-Drahi_17-d1-HOM-UHI-BLO-bf2d3053ce,TK-PB-Drahi_17-d1-HOM-UHI-62618e628e-r1,SS-354317d12b7f,13,2,lex_phase_2,OPTIMAL,FEASIBLE_POINT,975.3534478839026,975.3534478839026,0,76446,76446,117319,214749,2388,0,2388,11940,2388,256,0,0,NaN,0,NaN,2.842170943040401e-14,1.0000000000002274,
1,13,MULTISTAGE_RH,LEXMMFPEA,shared_battery_mode_node_level_v1,SI-Drahi_17-d1-HOM-UHI-BLO-bf2d3053ce,TK-PB-Drahi_17-d1-HOM-UHI-62618e628e-r1,SS-354317d12b7f,13,3,lex_phase_3,OPTIMAL,FEASIBLE_POINT,1463.0301718258538,1463.0301718258538,0,76446,76446,117320,214755,2388,0,2388,11940,2388,256,0,0,NaN,0,NaN,2.842170943040401e-14,1.0000000000002274,
1,13,MULTISTAGE_RH,LEXMMFPEA,shared_battery_mode_node_level_v1,SI-Drahi_17-d1-HOM-UHI-BLO-bf2d3053ce,TK-PB-Drahi_17-d1-HOM-UHI-62618e628e-r1,SS-354317d12b7f,13,4,lex_phase_4,OPTIMAL,FEASIBLE_POINT,1950.7068957678052,1950.7068957678052,0,76446,76446,117321,214761,2388,0,2388,11940,2388,256,0,0,NaN,0,NaN,2.842170943040401e-14,1.0000000000002274,
1,13,MULTISTAGE_RH,LEXMMFPEA,shared_battery_mode_node_level_v1,SI-Drahi_17-d1-HOM-UHI-BLO-bf2d3053ce,TK-PB-Drahi_17-d1-HOM-UHI-62618e628e-r1,SS-354317d12b7f,13,5,lex_phase_5,OPTIMAL,FEASIBLE_POINT,2438.3836197097576,2438.3836197097576,0,76446,76446,117322,214767,2388,0,2388,11940,2388,256,0,0,NaN,0,NaN,2.842170943040401e-14,1.0000000000002274,
1,13,MULTISTAGE_RH,LEXMMFPEA,shared_battery_mode_node_level_v1,SI-Drahi_17-d1-HOM-UHI-BLO-bf2d3053ce,TK-PB-Drahi_17-d1-HOM-UHI-62618e628e-r1,SS-354317d12b7f,13,6,economic_tie_break,OPTIMAL,FEASIBLE_POINT,731762.2908790382,731762.2908790382,0,76446,76446,117323,214773,2388,0,2388,11940,2388,256,0,0,NaN,0,NaN,2.842170943040401e-14,1.0000000000002274,
1,14,MULTISTAGE_RH,LEXMMFPEA,shared_battery_mode_node_level_v1,SI-Drahi_17-d1-HOM-UHI-BLO-bf2d3053ce,TK-PB-Drahi_17-d1-HOM-UHI-62618e628e-r1,SS-354317d12b7f,13,1,lex_phase_1,OPTIMAL,FEASIBLE_POINT,487.6767239419513,487.6767239419513,0,76446,76446,117318,214743,2388,0,2388,11940,2388,256,0,0,NaN,0,NaN,1.4210854715202004e-14,1.0000000000002274,
1,14,MULTISTAGE_RH,LEXMMFPEA,shared_battery_mode_node_level_v1,SI-Drahi_17-d1-HOM-UHI-BLO-bf2d3053ce,TK-PB-Drahi_17-d1-HOM-UHI-62618e628e-r1,SS-354317d12b7f,13,2,lex_phase_2,OPTIMAL,FEASIBLE_POINT,975.3534478839026,975.3534478839026,0,76446,76446,117319,214749,2388,0,2388,11940,2388,256,0,0,NaN,0,NaN,1.4210854715202004e-14,1.0000000000002274,
1,14,MULTISTAGE_RH,LEXMMFPEA,shared_battery_mode_node_level_v1,SI-Drahi_17-d1-HOM-UHI-BLO-bf2d3053ce,TK-PB-Drahi_17-d1-HOM-UHI-62618e628e-r1,SS-354317d12b7f,13,3,lex_phase_3,OPTIMAL,FEASIBLE_POINT,1463.0301718258538,1463.0301718258538,0,76446,76446,117320,214755,2388,0,2388,11940,2388,256,0,0,NaN,0,NaN,1.4210854715202004e-14,1.0000000000002274,
1,14,MULTISTAGE_RH,LEXMMFPEA,shared_battery_mode_node_level_v1,SI-Drahi_17-d1-HOM-UHI-BLO-bf2d3053ce,TK-PB-Drahi_17-d1-HOM-UHI-62618e628e-r1,SS-354317d12b7f,13,4,lex_phase_4,OPTIMAL,FEASIBLE_POINT,1950.7068957678052,1950.7068957678052,0,76446,76446,117321,214761,2388,0,2388,11940,2388,256,0,0,NaN,0,NaN,1.4210854715202004e-14,1.0000000000002274,
1,14,MULTISTAGE_RH,LEXMMFPEA,shared_battery_mode_node_level_v1,SI-Drahi_17-d1-HOM-UHI-BLO-bf2d3053ce,TK-PB-Drahi_17-d1-HOM-UHI-62618e628e-r1,SS-354317d12b7f,13,5,lex_phase_5,OPTIMAL,FEASIBLE_POINT,2438.3836197097576,2438.3836197097576,0,76446,76446,117322,214767,2388,0,2388,11940,2388,256,0,0,NaN,0,NaN,1.4210854715202004e-14,1.0000000000002274,
1,14,MULTISTAGE_RH,LEXMMFPEA,shared_battery_mode_node_level_v1,SI-Drahi_17-d1-HOM-UHI-BLO-bf2d3053ce,TK-PB-Drahi_17-d1-HOM-UHI-62618e628e-r1,SS-354317d12b7f,13,6,economic_tie_break,OPTIMAL,FEASIBLE_POINT,731762.2908790382,731762.2908790382,0,76446,76446,117323,214773,2388,0,2388,11940,2388,256,0,0,NaN,0,NaN,1.4210854715202004e-14,1.0000000000002274,
1,15,MULTISTAGE_RH,LEXMMFPEA,shared_battery_mode_node_level_v1,SI-Drahi_17-d1-HOM-UHI-BLO-bf2d3053ce,TK-PB-Drahi_17-d1-HOM-UHI-62618e628e-r1,SS-354317d12b7f,13,1,lex_phase_1,OPTIMAL,FEASIBLE_POINT,487.6767239419513,487.6767239419513,0,76446,76446,117318,214743,2388,0,2388,11940,2388,256,0,0,NaN,0,NaN,0.0,1.0000000000002274,
1,15,MULTISTAGE_RH,LEXMMFPEA,shared_battery_mode_node_level_v1,SI-Drahi_17-d1-HOM-UHI-BLO-bf2d3053ce,TK-PB-Drahi_17-d1-HOM-UHI-62618e628e-r1,SS-354317d12b7f,13,2,lex_phase_2,OPTIMAL,FEASIBLE_POINT,975.3534478839026,975.3534478839026,0,76446,76446,117319,214749,2388,0,2388,11940,2388,256,0,0,NaN,0,NaN,0.0,1.0000000000002274,
1,15,MULTISTAGE_RH,LEXMMFPEA,shared_battery_mode_node_level_v1,SI-Drahi_17-d1-HOM-UHI-BLO-bf2d3053ce,TK-PB-Drahi_17-d1-HOM-UHI-62618e628e-r1,SS-354317d12b7f,13,3,lex_phase_3,OPTIMAL,FEASIBLE_POINT,1463.0301718258538,1463.0301718258538,0,76446,76446,117320,214755,2388,0,2388,11940,2388,256,0,0,NaN,0,NaN,0.0,1.0000000000002274,
1,15,MULTISTAGE_RH,LEXMMFPEA,shared_battery_mode_node_level_v1,SI-Drahi_17-d1-HOM-UHI-BLO-bf2d3053ce,TK-PB-Drahi_17-d1-HOM-UHI-62618e628e-r1,SS-354317d12b7f,13,4,lex_phase_4,OPTIMAL,FEASIBLE_POINT,1950.7068957678052,1950.7068957678052,0,76446,76446,117321,214761,2388,0,2388,11940,2388,256,0,0,NaN,0,NaN,0.0,1.0000000000002274,
1,15,MULTISTAGE_RH,LEXMMFPEA,shared_battery_mode_node_level_v1,SI-Drahi_17-d1-HOM-UHI-BLO-bf2d3053ce,TK-PB-Drahi_17-d1-HOM-UHI-62618e628e-r1,SS-354317d12b7f,13,5,lex_phase_5,OPTIMAL,FEASIBLE_POINT,2438.3836197097576,2438.3836197097576,0,76446,76446,117322,214767,2388,0,2388,11940,2388,256,0,0,NaN,0,NaN,0.0,1.0000000000002274,
1,15,MULTISTAGE_RH,LEXMMFPEA,shared_battery_mode_node_level_v1,SI-Drahi_17-d1-HOM-UHI-BLO-bf2d3053ce,TK-PB-Drahi_17-d1-HOM-UHI-62618e628e-r1,SS-354317d12b7f,13,6,economic_tie_break,OPTIMAL,FEASIBLE_POINT,731762.2908790382,731762.2908790382,0,76446,76446,117323,214773,2388,0,2388,11940,2388,256,0,0,NaN,0,NaN,0.0,1.0000000000002274,
1,16,MULTISTAGE_RH,LEXMMFPEA,shared_battery_mode_node_level_v1,SI-Drahi_17-d1-HOM-UHI-BLO-bf2d3053ce,TK-PB-Drahi_17-d1-HOM-UHI-62618e628e-r1,SS-354317d12b7f,13,1,lex_phase_1,OPTIMAL,FEASIBLE_POINT,487.6767239419513,487.6767239419513,0,76446,76446,117318,214743,2388,0,2388,11940,2388,256,0,0,NaN,0,NaN,0.0,1.0000000000002274,
1,16,MULTISTAGE_RH,LEXMMFPEA,shared_battery_mode_node_level_v1,SI-Drahi_17-d1-HOM-UHI-BLO-bf2d3053ce,TK-PB-Drahi_17-d1-HOM-UHI-62618e628e-r1,SS-354317d12b7f,13,2,lex_phase_2,OPTIMAL,FEASIBLE_POINT,975.3534478839026,975.3534478839026,0,76446,76446,117319,214749,2388,0,2388,11940,2388,256,0,0,NaN,0,NaN,0.0,1.0000000000002274,
1,16,MULTISTAGE_RH,LEXMMFPEA,shared_battery_mode_node_level_v1,SI-Drahi_17-d1-HOM-UHI-BLO-bf2d3053ce,TK-PB-Drahi_17-d1-HOM-UHI-62618e628e-r1,SS-354317d12b7f,13,3,lex_phase_3,OPTIMAL,FEASIBLE_POINT,1463.0301718258538,1463.0301718258538,0,76446,76446,117320,214755,2388,0,2388,11940,2388,256,0,0,NaN,0,NaN,0.0,1.0000000000002274,
1,16,MULTISTAGE_RH,LEXMMFPEA,shared_battery_mode_node_level_v1,SI-Drahi_17-d1-HOM-UHI-BLO-bf2d3053ce,TK-PB-Drahi_17-d1-HOM-UHI-62618e628e-r1,SS-354317d12b7f,13,4,lex_phase_4,OPTIMAL,FEASIBLE_POINT,1950.7068957678052,1950.7068957678052,0,76446,76446,117321,214761,2388,0,2388,11940,2388,256,0,0,NaN,0,NaN,0.0,1.0000000000002274,
1,16,MULTISTAGE_RH,LEXMMFPEA,shared_battery_mode_node_level_v1,SI-Drahi_17-d1-HOM-UHI-BLO-bf2d3053ce,TK-PB-Drahi_17-d1-HOM-UHI-62618e628e-r1,SS-354317d12b7f,13,5,lex_phase_5,OPTIMAL,FEASIBLE_POINT,2438.3836197097576,2438.3836197097576,0,76446,76446,117322,214767,2388,0,2388,11940,2388,256,0,0,NaN,0,NaN,0.0,1.0000000000002274,
1,16,MULTISTAGE_RH,LEXMMFPEA,shared_battery_mode_node_level_v1,SI-Drahi_17-d1-HOM-UHI-BLO-bf2d3053ce,TK-PB-Drahi_17-d1-HOM-UHI-62618e628e-r1,SS-354317d12b7f,13,6,economic_tie_break,OPTIMAL,FEASIBLE_POINT,731762.2908790382,731762.2908790382,0,76446,76446,117323,214773,2388,0,2388,11940,2388,256,0,0,NaN,0,NaN,0.0,1.0000000000002274,
1,17,MULTISTAGE_RH,LEXMMFPEA,shared_battery_mode_node_level_v1,SI-Drahi_17-d1-HOM-UHI-BLO-bf2d3053ce,TK-PB-Drahi_17-d1-HOM-UHI-62618e628e-r1,SS-c81930d9c8ba,17,1,lex_phase_1,OPTIMAL,FEASIBLE_POINT,567.527667480384,567.527667480384,0,76446,76446,117318,216183,2388,0,2388,11940,2388,256,0,0,NaN,0,NaN,7.105427357601002e-15,0.9999999999989768,
1,17,MULTISTAGE_RH,LEXMMFPEA,shared_battery_mode_node_level_v1,SI-Drahi_17-d1-HOM-UHI-BLO-bf2d3053ce,TK-PB-Drahi_17-d1-HOM-UHI-62618e628e-r1,SS-c81930d9c8ba,17,2,lex_phase_2,OPTIMAL,FEASIBLE_POINT,1135.0553349607674,1135.0553349607674,0,76446,76446,117319,216189,2388,0,2388,11940,2388,256,0,0,NaN,0,NaN,7.105427357601002e-15,0.9999999999989768,
1,17,MULTISTAGE_RH,LEXMMFPEA,shared_battery_mode_node_level_v1,SI-Drahi_17-d1-HOM-UHI-BLO-bf2d3053ce,TK-PB-Drahi_17-d1-HOM-UHI-62618e628e-r1,SS-c81930d9c8ba,17,3,lex_phase_3,OPTIMAL,FEASIBLE_POINT,1702.5830024411512,1702.5830024411512,0,76446,76446,117320,216195,2388,0,2388,11940,2388,256,0,0,NaN,0,NaN,7.105427357601002e-15,0.9999999999989768,
1,17,MULTISTAGE_RH,LEXMMFPEA,shared_battery_mode_node_level_v1,SI-Drahi_17-d1-HOM-UHI-BLO-bf2d3053ce,TK-PB-Drahi_17-d1-HOM-UHI-62618e628e-r1,SS-c81930d9c8ba,17,4,lex_phase_4,OPTIMAL,FEASIBLE_POINT,2270.1106699215347,2270.1106699215347,0,76446,76446,117321,216201,2388,0,2388,11940,2388,256,0,0,NaN,0,NaN,7.105427357601002e-15,0.9999999999989768,
1,17,MULTISTAGE_RH,LEXMMFPEA,shared_battery_mode_node_level_v1,SI-Drahi_17-d1-HOM-UHI-BLO-bf2d3053ce,TK-PB-Drahi_17-d1-HOM-UHI-62618e628e-r1,SS-c81930d9c8ba,17,5,lex_phase_5,OPTIMAL,FEASIBLE_POINT,2837.6383374019215,2837.6383374019215,0,76446,76446,117322,216207,2388,0,2388,11940,2388,256,0,0,NaN,0,NaN,7.105427357601002e-15,0.9999999999989768,
1,17,MULTISTAGE_RH,LEXMMFPEA,shared_battery_mode_node_level_v1,SI-Drahi_17-d1-HOM-UHI-BLO-bf2d3053ce,TK-PB-Drahi_17-d1-HOM-UHI-62618e628e-r1,SS-c81930d9c8ba,17,6,economic_tie_break,OPTIMAL,FEASIBLE_POINT,733702.2040756035,733702.2040756035,0,76446,76446,117323,216213,2388,0,2388,11940,2388,256,0,0,NaN,0,NaN,7.105427357601002e-15,0.9999999999989768,
1,18,MULTISTAGE_RH,LEXMMFPEA,shared_battery_mode_node_level_v1,SI-Drahi_17-d1-HOM-UHI-BLO-bf2d3053ce,TK-PB-Drahi_17-d1-HOM-UHI-62618e628e-r1,SS-c81930d9c8ba,17,1,lex_phase_1,OPTIMAL,FEASIBLE_POINT,567.527667480384,567.527667480384,0,76446,76446,117318,216183,2388,0,2388,11940,2388,256,0,0,NaN,0,NaN,0.0,0.9999999999989768,
1,18,MULTISTAGE_RH,LEXMMFPEA,shared_battery_mode_node_level_v1,SI-Drahi_17-d1-HOM-UHI-BLO-bf2d3053ce,TK-PB-Drahi_17-d1-HOM-UHI-62618e628e-r1,SS-c81930d9c8ba,17,2,lex_phase_2,OPTIMAL,FEASIBLE_POINT,1135.0553349607674,1135.0553349607674,0,76446,76446,117319,216189,2388,0,2388,11940,2388,256,0,0,NaN,0,NaN,0.0,0.9999999999989768,
1,18,MULTISTAGE_RH,LEXMMFPEA,shared_battery_mode_node_level_v1,SI-Drahi_17-d1-HOM-UHI-BLO-bf2d3053ce,TK-PB-Drahi_17-d1-HOM-UHI-62618e628e-r1,SS-c81930d9c8ba,17,3,lex_phase_3,OPTIMAL,FEASIBLE_POINT,1702.5830024411512,1702.5830024411512,0,76446,76446,117320,216195,2388,0,2388,11940,2388,256,0,0,NaN,0,NaN,0.0,0.9999999999989768,
1,18,MULTISTAGE_RH,LEXMMFPEA,shared_battery_mode_node_level_v1,SI-Drahi_17-d1-HOM-UHI-BLO-bf2d3053ce,TK-PB-Drahi_17-d1-HOM-UHI-62618e628e-r1,SS-c81930d9c8ba,17,4,lex_phase_4,OPTIMAL,FEASIBLE_POINT,2270.1106699215347,2270.1106699215347,0,76446,76446,117321,216201,2388,0,2388,11940,2388,256,0,0,NaN,0,NaN,0.0,0.9999999999989768,
1,18,MULTISTAGE_RH,LEXMMFPEA,shared_battery_mode_node_level_v1,SI-Drahi_17-d1-HOM-UHI-BLO-bf2d3053ce,TK-PB-Drahi_17-d1-HOM-UHI-62618e628e-r1,SS-c81930d9c8ba,17,5,lex_phase_5,OPTIMAL,FEASIBLE_POINT,2837.6383374019215,2837.6383374019215,0,76446,76446,117322,216207,2388,0,2388,11940,2388,256,0,0,NaN,0,NaN,0.0,0.9999999999989768,
1,18,MULTISTAGE_RH,LEXMMFPEA,shared_battery_mode_node_level_v1,SI-Drahi_17-d1-HOM-UHI-BLO-bf2d3053ce,TK-PB-Drahi_17-d1-HOM-UHI-62618e628e-r1,SS-c81930d9c8ba,17,6,economic_tie_break,OPTIMAL,FEASIBLE_POINT,733702.2040756035,733702.2040756035,0,76446,76446,117323,216213,2388,0,2388,11940,2388,256,0,0,NaN,0,NaN,0.0,0.9999999999989768,
1,19,MULTISTAGE_RH,LEXMMFPEA,shared_battery_mode_node_level_v1,SI-Drahi_17-d1-HOM-UHI-BLO-bf2d3053ce,TK-PB-Drahi_17-d1-HOM-UHI-62618e628e-r1,SS-c81930d9c8ba,17,1,lex_phase_1,OPTIMAL,FEASIBLE_POINT,567.527667480384,567.527667480384,0,76446,76446,117318,216183,2388,0,2388,11940,2388,256,0,0,NaN,0,NaN,1.1102230246251565e-16,0.9999999999989768,
1,19,MULTISTAGE_RH,LEXMMFPEA,shared_battery_mode_node_level_v1,SI-Drahi_17-d1-HOM-UHI-BLO-bf2d3053ce,TK-PB-Drahi_17-d1-HOM-UHI-62618e628e-r1,SS-c81930d9c8ba,17,2,lex_phase_2,OPTIMAL,FEASIBLE_POINT,1135.0553349607674,1135.0553349607674,0,76446,76446,117319,216189,2388,0,2388,11940,2388,256,0,0,NaN,0,NaN,1.1102230246251565e-16,0.9999999999989768,
1,19,MULTISTAGE_RH,LEXMMFPEA,shared_battery_mode_node_level_v1,SI-Drahi_17-d1-HOM-UHI-BLO-bf2d3053ce,TK-PB-Drahi_17-d1-HOM-UHI-62618e628e-r1,SS-c81930d9c8ba,17,3,lex_phase_3,OPTIMAL,FEASIBLE_POINT,1702.5830024411512,1702.5830024411512,0,76446,76446,117320,216195,2388,0,2388,11940,2388,256,0,0,NaN,0,NaN,1.1102230246251565e-16,0.9999999999989768,
1,19,MULTISTAGE_RH,LEXMMFPEA,shared_battery_mode_node_level_v1,SI-Drahi_17-d1-HOM-UHI-BLO-bf2d3053ce,TK-PB-Drahi_17-d1-HOM-UHI-62618e628e-r1,SS-c81930d9c8ba,17,4,lex_phase_4,OPTIMAL,FEASIBLE_POINT,2270.1106699215347,2270.1106699215347,0,76446,76446,117321,216201,2388,0,2388,11940,2388,256,0,0,NaN,0,NaN,1.1102230246251565e-16,0.9999999999989768,
1,19,MULTISTAGE_RH,LEXMMFPEA,shared_battery_mode_node_level_v1,SI-Drahi_17-d1-HOM-UHI-BLO-bf2d3053ce,TK-PB-Drahi_17-d1-HOM-UHI-62618e628e-r1,SS-c81930d9c8ba,17,5,lex_phase_5,OPTIMAL,FEASIBLE_POINT,2837.6383374019215,2837.6383374019215,0,76446,76446,117322,216207,2388,0,2388,11940,2388,256,0,0,NaN,0,NaN,1.1102230246251565e-16,0.9999999999989768,
1,19,MULTISTAGE_RH,LEXMMFPEA,shared_battery_mode_node_level_v1,SI-Drahi_17-d1-HOM-UHI-BLO-bf2d3053ce,TK-PB-Drahi_17-d1-HOM-UHI-62618e628e-r1,SS-c81930d9c8ba,17,6,economic_tie_break,OPTIMAL,FEASIBLE_POINT,733702.2040756035,733702.2040756035,0,76446,76446,117323,216213,2388,0,2388,11940,2388,256,0,0,NaN,0,NaN,1.1102230246251565e-16,0.9999999999989768,
1,20,MULTISTAGE_RH,LEXMMFPEA,shared_battery_mode_node_level_v1,SI-Drahi_17-d1-HOM-UHI-BLO-bf2d3053ce,TK-PB-Drahi_17-d1-HOM-UHI-62618e628e-r1,SS-c81930d9c8ba,17,1,lex_phase_1,OPTIMAL,FEASIBLE_POINT,567.527667480384,567.527667480384,0,76446,76446,117318,216183,2388,0,2388,11940,2388,256,0,0,NaN,0,NaN,0.0,0.9999999999989768,
1,20,MULTISTAGE_RH,LEXMMFPEA,shared_battery_mode_node_level_v1,SI-Drahi_17-d1-HOM-UHI-BLO-bf2d3053ce,TK-PB-Drahi_17-d1-HOM-UHI-62618e628e-r1,SS-c81930d9c8ba,17,2,lex_phase_2,OPTIMAL,FEASIBLE_POINT,1135.0553349607674,1135.0553349607674,0,76446,76446,117319,216189,2388,0,2388,11940,2388,256,0,0,NaN,0,NaN,0.0,0.9999999999989768,
1,20,MULTISTAGE_RH,LEXMMFPEA,shared_battery_mode_node_level_v1,SI-Drahi_17-d1-HOM-UHI-BLO-bf2d3053ce,TK-PB-Drahi_17-d1-HOM-UHI-62618e628e-r1,SS-c81930d9c8ba,17,3,lex_phase_3,OPTIMAL,FEASIBLE_POINT,1702.5830024411512,1702.5830024411512,0,76446,76446,117320,216195,2388,0,2388,11940,2388,256,0,0,NaN,0,NaN,0.0,0.9999999999989768,
1,20,MULTISTAGE_RH,LEXMMFPEA,shared_battery_mode_node_level_v1,SI-Drahi_17-d1-HOM-UHI-BLO-bf2d3053ce,TK-PB-Drahi_17-d1-HOM-UHI-62618e628e-r1,SS-c81930d9c8ba,17,4,lex_phase_4,OPTIMAL,FEASIBLE_POINT,2270.1106699215347,2270.1106699215347,0,76446,76446,117321,216201,2388,0,2388,11940,2388,256,0,0,NaN,0,NaN,0.0,0.9999999999989768,
1,20,MULTISTAGE_RH,LEXMMFPEA,shared_battery_mode_node_level_v1,SI-Drahi_17-d1-HOM-UHI-BLO-bf2d3053ce,TK-PB-Drahi_17-d1-HOM-UHI-62618e628e-r1,SS-c81930d9c8ba,17,5,lex_phase_5,OPTIMAL,FEASIBLE_POINT,2837.6383374019215,2837.6383374019215,0,76446,76446,117322,216207,2388,0,2388,11940,2388,256,0,0,NaN,0,NaN,0.0,0.9999999999989768,
1,20,MULTISTAGE_RH,LEXMMFPEA,shared_battery_mode_node_level_v1,SI-Drahi_17-d1-HOM-UHI-BLO-bf2d3053ce,TK-PB-Drahi_17-d1-HOM-UHI-62618e628e-r1,SS-c81930d9c8ba,17,6,economic_tie_break,OPTIMAL,FEASIBLE_POINT,733702.2040756035,733702.2040756035,0,76446,76446,117323,216213,2388,0,2388,11940,2388,256,0,0,NaN,0,NaN,0.0,0.9999999999989768,
1,21,MULTISTAGE_RH,LEXMMFPEA,shared_battery_mode_node_level_v1,SI-Drahi_17-d1-HOM-UHI-BLO-bf2d3053ce,TK-PB-Drahi_17-d1-HOM-UHI-62618e628e-r1,SS-3cf9bda45ea4,21,1,lex_phase_1,OPTIMAL,FEASIBLE_POINT,535.4376085850392,535.4376085850392,0,76446,76446,117318,214783,2388,0,2388,11940,2388,256,0,0,NaN,0,NaN,0.0,1.0000000000027285,
1,21,MULTISTAGE_RH,LEXMMFPEA,shared_battery_mode_node_level_v1,SI-Drahi_17-d1-HOM-UHI-BLO-bf2d3053ce,TK-PB-Drahi_17-d1-HOM-UHI-62618e628e-r1,SS-3cf9bda45ea4,21,2,lex_phase_2,OPTIMAL,FEASIBLE_POINT,1070.8752171700785,1070.8752171700785,0,76446,76446,117319,214789,2388,0,2388,11940,2388,256,0,0,NaN,0,NaN,0.0,1.0000000000027285,
1,21,MULTISTAGE_RH,LEXMMFPEA,shared_battery_mode_node_level_v1,SI-Drahi_17-d1-HOM-UHI-BLO-bf2d3053ce,TK-PB-Drahi_17-d1-HOM-UHI-62618e628e-r1,SS-3cf9bda45ea4,21,3,lex_phase_3,OPTIMAL,FEASIBLE_POINT,1606.3128257551177,1606.3128257551177,0,76446,76446,117320,214795,2388,0,2388,11940,2388,256,0,0,NaN,0,NaN,0.0,1.0000000000027285,
1,21,MULTISTAGE_RH,LEXMMFPEA,shared_battery_mode_node_level_v1,SI-Drahi_17-d1-HOM-UHI-BLO-bf2d3053ce,TK-PB-Drahi_17-d1-HOM-UHI-62618e628e-r1,SS-3cf9bda45ea4,21,4,lex_phase_4,OPTIMAL,FEASIBLE_POINT,2141.750434340157,2141.750434340157,0,76446,76446,117321,214801,2388,0,2388,11940,2388,256,0,0,NaN,0,NaN,0.0,1.0000000000027285,
1,21,MULTISTAGE_RH,LEXMMFPEA,shared_battery_mode_node_level_v1,SI-Drahi_17-d1-HOM-UHI-BLO-bf2d3053ce,TK-PB-Drahi_17-d1-HOM-UHI-62618e628e-r1,SS-3cf9bda45ea4,21,5,lex_phase_5,OPTIMAL,FEASIBLE_POINT,2677.188042925195,2677.188042925195,0,76446,76446,117322,214807,2388,0,2388,11940,2388,256,0,0,NaN,0,NaN,0.0,1.0000000000027285,
1,21,MULTISTAGE_RH,LEXMMFPEA,shared_battery_mode_node_level_v1,SI-Drahi_17-d1-HOM-UHI-BLO-bf2d3053ce,TK-PB-Drahi_17-d1-HOM-UHI-62618e628e-r1,SS-3cf9bda45ea4,21,6,economic_tie_break,OPTIMAL,FEASIBLE_POINT,735295.5289529705,735295.5289529705,0,76446,76446,117323,214813,2388,0,2388,11940,2388,256,0,0,NaN,0,NaN,0.0,1.0000000000027285,
1,22,MULTISTAGE_RH,LEXMMFPEA,shared_battery_mode_node_level_v1,SI-Drahi_17-d1-HOM-UHI-BLO-bf2d3053ce,TK-PB-Drahi_17-d1-HOM-UHI-62618e628e-r1,SS-3cf9bda45ea4,21,1,lex_phase_1,OPTIMAL,FEASIBLE_POINT,535.4376085850392,535.4376085850392,0,76446,76446,117318,214783,2388,0,2388,11940,2388,256,0,0,NaN,0,NaN,0.0,1.0000000000027285,
1,22,MULTISTAGE_RH,LEXMMFPEA,shared_battery_mode_node_level_v1,SI-Drahi_17-d1-HOM-UHI-BLO-bf2d3053ce,TK-PB-Drahi_17-d1-HOM-UHI-62618e628e-r1,SS-3cf9bda45ea4,21,2,lex_phase_2,OPTIMAL,FEASIBLE_POINT,1070.8752171700785,1070.8752171700785,0,76446,76446,117319,214789,2388,0,2388,11940,2388,256,0,0,NaN,0,NaN,0.0,1.0000000000027285,
1,22,MULTISTAGE_RH,LEXMMFPEA,shared_battery_mode_node_level_v1,SI-Drahi_17-d1-HOM-UHI-BLO-bf2d3053ce,TK-PB-Drahi_17-d1-HOM-UHI-62618e628e-r1,SS-3cf9bda45ea4,21,3,lex_phase_3,OPTIMAL,FEASIBLE_POINT,1606.3128257551177,1606.3128257551177,0,76446,76446,117320,214795,2388,0,2388,11940,2388,256,0,0,NaN,0,NaN,0.0,1.0000000000027285,
1,22,MULTISTAGE_RH,LEXMMFPEA,shared_battery_mode_node_level_v1,SI-Drahi_17-d1-HOM-UHI-BLO-bf2d3053ce,TK-PB-Drahi_17-d1-HOM-UHI-62618e628e-r1,SS-3cf9bda45ea4,21,4,lex_phase_4,OPTIMAL,FEASIBLE_POINT,2141.750434340157,2141.750434340157,0,76446,76446,117321,214801,2388,0,2388,11940,2388,256,0,0,NaN,0,NaN,0.0,1.0000000000027285,
1,22,MULTISTAGE_RH,LEXMMFPEA,shared_battery_mode_node_level_v1,SI-Drahi_17-d1-HOM-UHI-BLO-bf2d3053ce,TK-PB-Drahi_17-d1-HOM-UHI-62618e628e-r1,SS-3cf9bda45ea4,21,5,lex_phase_5,OPTIMAL,FEASIBLE_POINT,2677.188042925195,2677.188042925195,0,76446,76446,117322,214807,2388,0,2388,11940,2388,256,0,0,NaN,0,NaN,0.0,1.0000000000027285,
1,22,MULTISTAGE_RH,LEXMMFPEA,shared_battery_mode_node_level_v1,SI-Drahi_17-d1-HOM-UHI-BLO-bf2d3053ce,TK-PB-Drahi_17-d1-HOM-UHI-62618e628e-r1,SS-3cf9bda45ea4,21,6,economic_tie_break,OPTIMAL,FEASIBLE_POINT,735295.5289529705,735295.5289529705,0,76446,76446,117323,214813,2388,0,2388,11940,2388,256,0,0,NaN,0,NaN,0.0,1.0000000000027285,
1,23,MULTISTAGE_RH,LEXMMFPEA,shared_battery_mode_node_level_v1,SI-Drahi_17-d1-HOM-UHI-BLO-bf2d3053ce,TK-PB-Drahi_17-d1-HOM-UHI-62618e628e-r1,SS-3cf9bda45ea4,21,1,lex_phase_1,OPTIMAL,FEASIBLE_POINT,535.4376085850392,535.4376085850392,0,76446,76446,117318,214783,2388,0,2388,11940,2388,256,0,0,NaN,0,NaN,0.0,1.0000000000027285,
1,23,MULTISTAGE_RH,LEXMMFPEA,shared_battery_mode_node_level_v1,SI-Drahi_17-d1-HOM-UHI-BLO-bf2d3053ce,TK-PB-Drahi_17-d1-HOM-UHI-62618e628e-r1,SS-3cf9bda45ea4,21,2,lex_phase_2,OPTIMAL,FEASIBLE_POINT,1070.8752171700785,1070.8752171700785,0,76446,76446,117319,214789,2388,0,2388,11940,2388,256,0,0,NaN,0,NaN,0.0,1.0000000000027285,
1,23,MULTISTAGE_RH,LEXMMFPEA,shared_battery_mode_node_level_v1,SI-Drahi_17-d1-HOM-UHI-BLO-bf2d3053ce,TK-PB-Drahi_17-d1-HOM-UHI-62618e628e-r1,SS-3cf9bda45ea4,21,3,lex_phase_3,OPTIMAL,FEASIBLE_POINT,1606.3128257551177,1606.3128257551177,0,76446,76446,117320,214795,2388,0,2388,11940,2388,256,0,0,NaN,0,NaN,0.0,1.0000000000027285,
1,23,MULTISTAGE_RH,LEXMMFPEA,shared_battery_mode_node_level_v1,SI-Drahi_17-d1-HOM-UHI-BLO-bf2d3053ce,TK-PB-Drahi_17-d1-HOM-UHI-62618e628e-r1,SS-3cf9bda45ea4,21,4,lex_phase_4,OPTIMAL,FEASIBLE_POINT,2141.750434340157,2141.750434340157,0,76446,76446,117321,214801,2388,0,2388,11940,2388,256,0,0,NaN,0,NaN,0.0,1.0000000000027285,
1,23,MULTISTAGE_RH,LEXMMFPEA,shared_battery_mode_node_level_v1,SI-Drahi_17-d1-HOM-UHI-BLO-bf2d3053ce,TK-PB-Drahi_17-d1-HOM-UHI-62618e628e-r1,SS-3cf9bda45ea4,21,5,lex_phase_5,OPTIMAL,FEASIBLE_POINT,2677.188042925195,2677.188042925195,0,76446,76446,117322,214807,2388,0,2388,11940,2388,256,0,0,NaN,0,NaN,0.0,1.0000000000027285,
1,23,MULTISTAGE_RH,LEXMMFPEA,shared_battery_mode_node_level_v1,SI-Drahi_17-d1-HOM-UHI-BLO-bf2d3053ce,TK-PB-Drahi_17-d1-HOM-UHI-62618e628e-r1,SS-3cf9bda45ea4,21,6,economic_tie_break,OPTIMAL,FEASIBLE_POINT,735295.5289529705,735295.5289529705,0,76446,76446,117323,214813,2388,0,2388,11940,2388,256,0,0,NaN,0,NaN,0.0,1.0000000000027285,
1,24,MULTISTAGE_RH,LEXMMFPEA,shared_battery_mode_node_level_v1,SI-Drahi_17-d1-HOM-UHI-BLO-bf2d3053ce,TK-PB-Drahi_17-d1-HOM-UHI-62618e628e-r1,SS-3cf9bda45ea4,21,1,lex_phase_1,OPTIMAL,FEASIBLE_POINT,535.4376085850392,535.4376085850392,0,76446,76446,117318,214783,2388,0,2388,11940,2388,256,0,0,NaN,0,NaN,0.0,1.0000000000027285,
1,24,MULTISTAGE_RH,LEXMMFPEA,shared_battery_mode_node_level_v1,SI-Drahi_17-d1-HOM-UHI-BLO-bf2d3053ce,TK-PB-Drahi_17-d1-HOM-UHI-62618e628e-r1,SS-3cf9bda45ea4,21,2,lex_phase_2,OPTIMAL,FEASIBLE_POINT,1070.8752171700785,1070.8752171700785,0,76446,76446,117319,214789,2388,0,2388,11940,2388,256,0,0,NaN,0,NaN,0.0,1.0000000000027285,
1,24,MULTISTAGE_RH,LEXMMFPEA,shared_battery_mode_node_level_v1,SI-Drahi_17-d1-HOM-UHI-BLO-bf2d3053ce,TK-PB-Drahi_17-d1-HOM-UHI-62618e628e-r1,SS-3cf9bda45ea4,21,3,lex_phase_3,OPTIMAL,FEASIBLE_POINT,1606.3128257551177,1606.3128257551177,0,76446,76446,117320,214795,2388,0,2388,11940,2388,256,0,0,NaN,0,NaN,0.0,1.0000000000027285,
1,24,MULTISTAGE_RH,LEXMMFPEA,shared_battery_mode_node_level_v1,SI-Drahi_17-d1-HOM-UHI-BLO-bf2d3053ce,TK-PB-Drahi_17-d1-HOM-UHI-62618e628e-r1,SS-3cf9bda45ea4,21,4,lex_phase_4,OPTIMAL,FEASIBLE_POINT,2141.750434340157,2141.750434340157,0,76446,76446,117321,214801,2388,0,2388,11940,2388,256,0,0,NaN,0,NaN,0.0,1.0000000000027285,
1,24,MULTISTAGE_RH,LEXMMFPEA,shared_battery_mode_node_level_v1,SI-Drahi_17-d1-HOM-UHI-BLO-bf2d3053ce,TK-PB-Drahi_17-d1-HOM-UHI-62618e628e-r1,SS-3cf9bda45ea4,21,5,lex_phase_5,OPTIMAL,FEASIBLE_POINT,2677.188042925195,2677.188042925195,0,76446,76446,117322,214807,2388,0,2388,11940,2388,256,0,0,NaN,0,NaN,0.0,1.0000000000027285,
1,24,MULTISTAGE_RH,LEXMMFPEA,shared_battery_mode_node_level_v1,SI-Drahi_17-d1-HOM-UHI-BLO-bf2d3053ce,TK-PB-Drahi_17-d1-HOM-UHI-62618e628e-r1,SS-3cf9bda45ea4,21,6,economic_tie_break,OPTIMAL,FEASIBLE_POINT,735295.5289529705,735295.5289529705,0,76446,76446,117323,214813,2388,0,2388,11940,2388,256,0,0,NaN,0,NaN,0.0,1.0000000000027285,
1,1,MULTISTAGE_RH,LEXMMFSA,shared_battery_mode_node_level_v1,SI-Drahi_17-d1-HOM-UHI-BLO-bf2d3053ce,TK-PB-Drahi_17-d1-HOM-UHI-62618e628e-r1,SS-5d5bbea46d20,1,1,lex_phase_1,OPTIMAL,FEASIBLE_POINT,46955.755962363815,46955.755962363815,0,76446,76446,117318,329928,2388,0,2388,11940,2388,256,0,0,NaN,0,NaN,0.0,1.6007106751203537e-10,
1,1,MULTISTAGE_RH,LEXMMFSA,shared_battery_mode_node_level_v1,SI-Drahi_17-d1-HOM-UHI-BLO-bf2d3053ce,TK-PB-Drahi_17-d1-HOM-UHI-62618e628e-r1,SS-5d5bbea46d20,1,2,lex_phase_2,OPTIMAL,FEASIBLE_POINT,93911.51192472725,93911.51192472725,0,76446,76446,117319,329934,2388,0,2388,11940,2388,256,0,0,NaN,0,NaN,0.0,1.6007106751203537e-10,
1,1,MULTISTAGE_RH,LEXMMFSA,shared_battery_mode_node_level_v1,SI-Drahi_17-d1-HOM-UHI-BLO-bf2d3053ce,TK-PB-Drahi_17-d1-HOM-UHI-62618e628e-r1,SS-5d5bbea46d20,1,3,lex_phase_3,OPTIMAL,FEASIBLE_POINT,140867.2678870909,140867.2678870909,0,76446,76446,117320,329940,2388,0,2388,11940,2388,256,0,0,NaN,0,NaN,0.0,1.6007106751203537e-10,
1,1,MULTISTAGE_RH,LEXMMFSA,shared_battery_mode_node_level_v1,SI-Drahi_17-d1-HOM-UHI-BLO-bf2d3053ce,TK-PB-Drahi_17-d1-HOM-UHI-62618e628e-r1,SS-5d5bbea46d20,1,4,lex_phase_4,OPTIMAL,FEASIBLE_POINT,187823.0238494545,187823.0238494545,0,76446,76446,117321,329946,2388,0,2388,11940,2388,256,0,0,NaN,0,NaN,0.0,1.6007106751203537e-10,
1,1,MULTISTAGE_RH,LEXMMFSA,shared_battery_mode_node_level_v1,SI-Drahi_17-d1-HOM-UHI-BLO-bf2d3053ce,TK-PB-Drahi_17-d1-HOM-UHI-62618e628e-r1,SS-5d5bbea46d20,1,5,lex_phase_5,OPTIMAL,FEASIBLE_POINT,234778.77981181824,234778.77981181824,0,76446,76446,117322,329952,2388,0,2388,11940,2388,256,0,0,NaN,0,NaN,0.0,1.6007106751203537e-10,
1,1,MULTISTAGE_RH,LEXMMFSA,shared_battery_mode_node_level_v1,SI-Drahi_17-d1-HOM-UHI-BLO-bf2d3053ce,TK-PB-Drahi_17-d1-HOM-UHI-62618e628e-r1,SS-5d5bbea46d20,1,6,economic_tie_break,OPTIMAL,FEASIBLE_POINT,742331.686324856,742331.686324856,0,76446,76446,117323,329958,2388,0,2388,11940,2388,256,0,0,NaN,0,NaN,0.0,1.6007106751203537e-10,
1,2,MULTISTAGE_RH,LEXMMFSA,shared_battery_mode_node_level_v1,SI-Drahi_17-d1-HOM-UHI-BLO-bf2d3053ce,TK-PB-Drahi_17-d1-HOM-UHI-62618e628e-r1,SS-5d5bbea46d20,1,1,lex_phase_1,OPTIMAL,FEASIBLE_POINT,46955.755962363815,46955.755962363815,0,76446,76446,117318,329928,2388,0,2388,11940,2388,256,0,0,NaN,0,NaN,1.0658141036401503e-14,1.6007106751203537e-10,
1,2,MULTISTAGE_RH,LEXMMFSA,shared_battery_mode_node_level_v1,SI-Drahi_17-d1-HOM-UHI-BLO-bf2d3053ce,TK-PB-Drahi_17-d1-HOM-UHI-62618e628e-r1,SS-5d5bbea46d20,1,2,lex_phase_2,OPTIMAL,FEASIBLE_POINT,93911.51192472725,93911.51192472725,0,76446,76446,117319,329934,2388,0,2388,11940,2388,256,0,0,NaN,0,NaN,1.0658141036401503e-14,1.6007106751203537e-10,
1,2,MULTISTAGE_RH,LEXMMFSA,shared_battery_mode_node_level_v1,SI-Drahi_17-d1-HOM-UHI-BLO-bf2d3053ce,TK-PB-Drahi_17-d1-HOM-UHI-62618e628e-r1,SS-5d5bbea46d20,1,3,lex_phase_3,OPTIMAL,FEASIBLE_POINT,140867.2678870909,140867.2678870909,0,76446,76446,117320,329940,2388,0,2388,11940,2388,256,0,0,NaN,0,NaN,1.0658141036401503e-14,1.6007106751203537e-10,
1,2,MULTISTAGE_RH,LEXMMFSA,shared_battery_mode_node_level_v1,SI-Drahi_17-d1-HOM-UHI-BLO-bf2d3053ce,TK-PB-Drahi_17-d1-HOM-UHI-62618e628e-r1,SS-5d5bbea46d20,1,4,lex_phase_4,OPTIMAL,FEASIBLE_POINT,187823.0238494545,187823.0238494545,0,76446,76446,117321,329946,2388,0,2388,11940,2388,256,0,0,NaN,0,NaN,1.0658141036401503e-14,1.6007106751203537e-10,
1,2,MULTISTAGE_RH,LEXMMFSA,shared_battery_mode_node_level_v1,SI-Drahi_17-d1-HOM-UHI-BLO-bf2d3053ce,TK-PB-Drahi_17-d1-HOM-UHI-62618e628e-r1,SS-5d5bbea46d20,1,5,lex_phase_5,OPTIMAL,FEASIBLE_POINT,234778.77981181824,234778.77981181824,0,76446,76446,117322,329952,2388,0,2388,11940,2388,256,0,0,NaN,0,NaN,1.0658141036401503e-14,1.6007106751203537e-10,
1,2,MULTISTAGE_RH,LEXMMFSA,shared_battery_mode_node_level_v1,SI-Drahi_17-d1-HOM-UHI-BLO-bf2d3053ce,TK-PB-Drahi_17-d1-HOM-UHI-62618e628e-r1,SS-5d5bbea46d20,1,6,economic_tie_break,OPTIMAL,FEASIBLE_POINT,742331.686324856,742331.686324856,0,76446,76446,117323,329958,2388,0,2388,11940,2388,256,0,0,NaN,0,NaN,1.0658141036401503e-14,1.6007106751203537e-10,
1,3,MULTISTAGE_RH,LEXMMFSA,shared_battery_mode_node_level_v1,SI-Drahi_17-d1-HOM-UHI-BLO-bf2d3053ce,TK-PB-Drahi_17-d1-HOM-UHI-62618e628e-r1,SS-5d5bbea46d20,1,1,lex_phase_1,OPTIMAL,FEASIBLE_POINT,46955.755962363815,46955.755962363815,0,76446,76446,117318,329928,2388,0,2388,11940,2388,256,0,0,NaN,0,NaN,1.0658141036401503e-14,1.6007106751203537e-10,
1,3,MULTISTAGE_RH,LEXMMFSA,shared_battery_mode_node_level_v1,SI-Drahi_17-d1-HOM-UHI-BLO-bf2d3053ce,TK-PB-Drahi_17-d1-HOM-UHI-62618e628e-r1,SS-5d5bbea46d20,1,2,lex_phase_2,OPTIMAL,FEASIBLE_POINT,93911.51192472725,93911.51192472725,0,76446,76446,117319,329934,2388,0,2388,11940,2388,256,0,0,NaN,0,NaN,1.0658141036401503e-14,1.6007106751203537e-10,
1,3,MULTISTAGE_RH,LEXMMFSA,shared_battery_mode_node_level_v1,SI-Drahi_17-d1-HOM-UHI-BLO-bf2d3053ce,TK-PB-Drahi_17-d1-HOM-UHI-62618e628e-r1,SS-5d5bbea46d20,1,3,lex_phase_3,OPTIMAL,FEASIBLE_POINT,140867.2678870909,140867.2678870909,0,76446,76446,117320,329940,2388,0,2388,11940,2388,256,0,0,NaN,0,NaN,1.0658141036401503e-14,1.6007106751203537e-10,
1,3,MULTISTAGE_RH,LEXMMFSA,shared_battery_mode_node_level_v1,SI-Drahi_17-d1-HOM-UHI-BLO-bf2d3053ce,TK-PB-Drahi_17-d1-HOM-UHI-62618e628e-r1,SS-5d5bbea46d20,1,4,lex_phase_4,OPTIMAL,FEASIBLE_POINT,187823.0238494545,187823.0238494545,0,76446,76446,117321,329946,2388,0,2388,11940,2388,256,0,0,NaN,0,NaN,1.0658141036401503e-14,1.6007106751203537e-10,
1,3,MULTISTAGE_RH,LEXMMFSA,shared_battery_mode_node_level_v1,SI-Drahi_17-d1-HOM-UHI-BLO-bf2d3053ce,TK-PB-Drahi_17-d1-HOM-UHI-62618e628e-r1,SS-5d5bbea46d20,1,5,lex_phase_5,OPTIMAL,FEASIBLE_POINT,234778.77981181824,234778.77981181824,0,76446,76446,117322,329952,2388,0,2388,11940,2388,256,0,0,NaN,0,NaN,1.0658141036401503e-14,1.6007106751203537e-10,
1,3,MULTISTAGE_RH,LEXMMFSA,shared_battery_mode_node_level_v1,SI-Drahi_17-d1-HOM-UHI-BLO-bf2d3053ce,TK-PB-Drahi_17-d1-HOM-UHI-62618e628e-r1,SS-5d5bbea46d20,1,6,economic_tie_break,OPTIMAL,FEASIBLE_POINT,742331.686324856,742331.686324856,0,76446,76446,117323,329958,2388,0,2388,11940,2388,256,0,0,NaN,0,NaN,1.0658141036401503e-14,1.6007106751203537e-10,
1,4,MULTISTAGE_RH,LEXMMFSA,shared_battery_mode_node_level_v1,SI-Drahi_17-d1-HOM-UHI-BLO-bf2d3053ce,TK-PB-Drahi_17-d1-HOM-UHI-62618e628e-r1,SS-5d5bbea46d20,1,1,lex_phase_1,OPTIMAL,FEASIBLE_POINT,46955.755962363815,46955.755962363815,0,76446,76446,117318,329928,2388,0,2388,11940,2388,256,0,0,NaN,0,NaN,1.0658141036401503e-14,1.6007106751203537e-10,
1,4,MULTISTAGE_RH,LEXMMFSA,shared_battery_mode_node_level_v1,SI-Drahi_17-d1-HOM-UHI-BLO-bf2d3053ce,TK-PB-Drahi_17-d1-HOM-UHI-62618e628e-r1,SS-5d5bbea46d20,1,2,lex_phase_2,OPTIMAL,FEASIBLE_POINT,93911.51192472725,93911.51192472725,0,76446,76446,117319,329934,2388,0,2388,11940,2388,256,0,0,NaN,0,NaN,1.0658141036401503e-14,1.6007106751203537e-10,
1,4,MULTISTAGE_RH,LEXMMFSA,shared_battery_mode_node_level_v1,SI-Drahi_17-d1-HOM-UHI-BLO-bf2d3053ce,TK-PB-Drahi_17-d1-HOM-UHI-62618e628e-r1,SS-5d5bbea46d20,1,3,lex_phase_3,OPTIMAL,FEASIBLE_POINT,140867.2678870909,140867.2678870909,0,76446,76446,117320,329940,2388,0,2388,11940,2388,256,0,0,NaN,0,NaN,1.0658141036401503e-14,1.6007106751203537e-10,
1,4,MULTISTAGE_RH,LEXMMFSA,shared_battery_mode_node_level_v1,SI-Drahi_17-d1-HOM-UHI-BLO-bf2d3053ce,TK-PB-Drahi_17-d1-HOM-UHI-62618e628e-r1,SS-5d5bbea46d20,1,4,lex_phase_4,OPTIMAL,FEASIBLE_POINT,187823.0238494545,187823.0238494545,0,76446,76446,117321,329946,2388,0,2388,11940,2388,256,0,0,NaN,0,NaN,1.0658141036401503e-14,1.6007106751203537e-10,
1,4,MULTISTAGE_RH,LEXMMFSA,shared_battery_mode_node_level_v1,SI-Drahi_17-d1-HOM-UHI-BLO-bf2d3053ce,TK-PB-Drahi_17-d1-HOM-UHI-62618e628e-r1,SS-5d5bbea46d20,1,5,lex_phase_5,OPTIMAL,FEASIBLE_POINT,234778.77981181824,234778.77981181824,0,76446,76446,117322,329952,2388,0,2388,11940,2388,256,0,0,NaN,0,NaN,1.0658141036401503e-14,1.6007106751203537e-10,
1,4,MULTISTAGE_RH,LEXMMFSA,shared_battery_mode_node_level_v1,SI-Drahi_17-d1-HOM-UHI-BLO-bf2d3053ce,TK-PB-Drahi_17-d1-HOM-UHI-62618e628e-r1,SS-5d5bbea46d20,1,6,economic_tie_break,OPTIMAL,FEASIBLE_POINT,742331.686324856,742331.686324856,0,76446,76446,117323,329958,2388,0,2388,11940,2388,256,0,0,NaN,0,NaN,1.0658141036401503e-14,1.6007106751203537e-10,
1,5,MULTISTAGE_RH,LEXMMFSA,shared_battery_mode_node_level_v1,SI-Drahi_17-d1-HOM-UHI-BLO-bf2d3053ce,TK-PB-Drahi_17-d1-HOM-UHI-62618e628e-r1,SS-102adc95e052,5,1,lex_phase_1,OPTIMAL,FEASIBLE_POINT,88697.9165318449,88697.9165318449,0,76446,76446,117318,326388,2388,0,2388,11940,2388,256,0,0,NaN,0,NaN,0.0,1.862645149230957e-9,
1,5,MULTISTAGE_RH,LEXMMFSA,shared_battery_mode_node_level_v1,SI-Drahi_17-d1-HOM-UHI-BLO-bf2d3053ce,TK-PB-Drahi_17-d1-HOM-UHI-62618e628e-r1,SS-102adc95e052,5,2,lex_phase_2,OPTIMAL,FEASIBLE_POINT,177395.83306369127,177395.83306369127,0,76446,76446,117319,326394,2388,0,2388,11940,2388,256,0,0,NaN,0,NaN,0.0,1.862645149230957e-9,
1,5,MULTISTAGE_RH,LEXMMFSA,shared_battery_mode_node_level_v1,SI-Drahi_17-d1-HOM-UHI-BLO-bf2d3053ce,TK-PB-Drahi_17-d1-HOM-UHI-62618e628e-r1,SS-102adc95e052,5,3,lex_phase_3,OPTIMAL,FEASIBLE_POINT,266093.7495955369,266093.7495955369,0,76446,76446,117320,326400,2388,0,2388,11940,2388,256,0,0,NaN,0,NaN,0.0,1.862645149230957e-9,
1,5,MULTISTAGE_RH,LEXMMFSA,shared_battery_mode_node_level_v1,SI-Drahi_17-d1-HOM-UHI-BLO-bf2d3053ce,TK-PB-Drahi_17-d1-HOM-UHI-62618e628e-r1,SS-102adc95e052,5,4,lex_phase_4,OPTIMAL,FEASIBLE_POINT,354791.66612738254,354791.66612738254,0,76446,76446,117321,326406,2388,0,2388,11940,2388,256,0,0,NaN,0,NaN,0.0,1.862645149230957e-9,
1,5,MULTISTAGE_RH,LEXMMFSA,shared_battery_mode_node_level_v1,SI-Drahi_17-d1-HOM-UHI-BLO-bf2d3053ce,TK-PB-Drahi_17-d1-HOM-UHI-62618e628e-r1,SS-102adc95e052,5,5,lex_phase_5,OPTIMAL,FEASIBLE_POINT,443489.58265922416,443489.58265922416,0,76446,76446,117322,326412,2388,0,2388,11940,2388,256,0,0,NaN,0,NaN,0.0,1.862645149230957e-9,
1,5,MULTISTAGE_RH,LEXMMFSA,shared_battery_mode_node_level_v1,SI-Drahi_17-d1-HOM-UHI-BLO-bf2d3053ce,TK-PB-Drahi_17-d1-HOM-UHI-62618e628e-r1,SS-102adc95e052,5,6,economic_tie_break,OPTIMAL,FEASIBLE_POINT,689315.3910784776,689315.3910784776,0,76446,76446,117323,326418,2388,0,2388,11940,2388,256,0,0,NaN,0,NaN,0.0,1.862645149230957e-9,
1,6,MULTISTAGE_RH,LEXMMFSA,shared_battery_mode_node_level_v1,SI-Drahi_17-d1-HOM-UHI-BLO-bf2d3053ce,TK-PB-Drahi_17-d1-HOM-UHI-62618e628e-r1,SS-102adc95e052,5,1,lex_phase_1,OPTIMAL,FEASIBLE_POINT,88697.9165318449,88697.9165318449,0,76446,76446,117318,326388,2388,0,2388,11940,2388,256,0,0,NaN,0,NaN,1.4210854715202004e-14,1.862645149230957e-9,
1,6,MULTISTAGE_RH,LEXMMFSA,shared_battery_mode_node_level_v1,SI-Drahi_17-d1-HOM-UHI-BLO-bf2d3053ce,TK-PB-Drahi_17-d1-HOM-UHI-62618e628e-r1,SS-102adc95e052,5,2,lex_phase_2,OPTIMAL,FEASIBLE_POINT,177395.83306369127,177395.83306369127,0,76446,76446,117319,326394,2388,0,2388,11940,2388,256,0,0,NaN,0,NaN,1.4210854715202004e-14,1.862645149230957e-9,
1,6,MULTISTAGE_RH,LEXMMFSA,shared_battery_mode_node_level_v1,SI-Drahi_17-d1-HOM-UHI-BLO-bf2d3053ce,TK-PB-Drahi_17-d1-HOM-UHI-62618e628e-r1,SS-102adc95e052,5,3,lex_phase_3,OPTIMAL,FEASIBLE_POINT,266093.7495955369,266093.7495955369,0,76446,76446,117320,326400,2388,0,2388,11940,2388,256,0,0,NaN,0,NaN,1.4210854715202004e-14,1.862645149230957e-9,
1,6,MULTISTAGE_RH,LEXMMFSA,shared_battery_mode_node_level_v1,SI-Drahi_17-d1-HOM-UHI-BLO-bf2d3053ce,TK-PB-Drahi_17-d1-HOM-UHI-62618e628e-r1,SS-102adc95e052,5,4,lex_phase_4,OPTIMAL,FEASIBLE_POINT,354791.66612738254,354791.66612738254,0,76446,76446,117321,326406,2388,0,2388,11940,2388,256,0,0,NaN,0,NaN,1.4210854715202004e-14,1.862645149230957e-9,
1,6,MULTISTAGE_RH,LEXMMFSA,shared_battery_mode_node_level_v1,SI-Drahi_17-d1-HOM-UHI-BLO-bf2d3053ce,TK-PB-Drahi_17-d1-HOM-UHI-62618e628e-r1,SS-102adc95e052,5,5,lex_phase_5,OPTIMAL,FEASIBLE_POINT,443489.58265922416,443489.58265922416,0,76446,76446,117322,326412,2388,0,2388,11940,2388,256,0,0,NaN,0,NaN,1.4210854715202004e-14,1.862645149230957e-9,
1,6,MULTISTAGE_RH,LEXMMFSA,shared_battery_mode_node_level_v1,SI-Drahi_17-d1-HOM-UHI-BLO-bf2d3053ce,TK-PB-Drahi_17-d1-HOM-UHI-62618e628e-r1,SS-102adc95e052,5,6,economic_tie_break,OPTIMAL,FEASIBLE_POINT,689315.3910784776,689315.3910784776,0,76446,76446,117323,326418,2388,0,2388,11940,2388,256,0,0,NaN,0,NaN,1.4210854715202004e-14,1.862645149230957e-9,
1,7,MULTISTAGE_RH,LEXMMFSA,shared_battery_mode_node_level_v1,SI-Drahi_17-d1-HOM-UHI-BLO-bf2d3053ce,TK-PB-Drahi_17-d1-HOM-UHI-62618e628e-r1,SS-102adc95e052,5,1,lex_phase_1,OPTIMAL,FEASIBLE_POINT,88697.9165318449,88697.9165318449,0,76446,76446,117318,326388,2388,0,2388,11940,2388,256,0,0,NaN,0,NaN,8.526512829121202e-14,1.862645149230957e-9,
1,7,MULTISTAGE_RH,LEXMMFSA,shared_battery_mode_node_level_v1,SI-Drahi_17-d1-HOM-UHI-BLO-bf2d3053ce,TK-PB-Drahi_17-d1-HOM-UHI-62618e628e-r1,SS-102adc95e052,5,2,lex_phase_2,OPTIMAL,FEASIBLE_POINT,177395.83306369127,177395.83306369127,0,76446,76446,117319,326394,2388,0,2388,11940,2388,256,0,0,NaN,0,NaN,8.526512829121202e-14,1.862645149230957e-9,
1,7,MULTISTAGE_RH,LEXMMFSA,shared_battery_mode_node_level_v1,SI-Drahi_17-d1-HOM-UHI-BLO-bf2d3053ce,TK-PB-Drahi_17-d1-HOM-UHI-62618e628e-r1,SS-102adc95e052,5,3,lex_phase_3,OPTIMAL,FEASIBLE_POINT,266093.7495955369,266093.7495955369,0,76446,76446,117320,326400,2388,0,2388,11940,2388,256,0,0,NaN,0,NaN,8.526512829121202e-14,1.862645149230957e-9,
1,7,MULTISTAGE_RH,LEXMMFSA,shared_battery_mode_node_level_v1,SI-Drahi_17-d1-HOM-UHI-BLO-bf2d3053ce,TK-PB-Drahi_17-d1-HOM-UHI-62618e628e-r1,SS-102adc95e052,5,4,lex_phase_4,OPTIMAL,FEASIBLE_POINT,354791.66612738254,354791.66612738254,0,76446,76446,117321,326406,2388,0,2388,11940,2388,256,0,0,NaN,0,NaN,8.526512829121202e-14,1.862645149230957e-9,
1,7,MULTISTAGE_RH,LEXMMFSA,shared_battery_mode_node_level_v1,SI-Drahi_17-d1-HOM-UHI-BLO-bf2d3053ce,TK-PB-Drahi_17-d1-HOM-UHI-62618e628e-r1,SS-102adc95e052,5,5,lex_phase_5,OPTIMAL,FEASIBLE_POINT,443489.58265922416,443489.58265922416,0,76446,76446,117322,326412,2388,0,2388,11940,2388,256,0,0,NaN,0,NaN,8.526512829121202e-14,1.862645149230957e-9,
1,7,MULTISTAGE_RH,LEXMMFSA,shared_battery_mode_node_level_v1,SI-Drahi_17-d1-HOM-UHI-BLO-bf2d3053ce,TK-PB-Drahi_17-d1-HOM-UHI-62618e628e-r1,SS-102adc95e052,5,6,economic_tie_break,OPTIMAL,FEASIBLE_POINT,689315.3910784776,689315.3910784776,0,76446,76446,117323,326418,2388,0,2388,11940,2388,256,0,0,NaN,0,NaN,8.526512829121202e-14,1.862645149230957e-9,
1,8,MULTISTAGE_RH,LEXMMFSA,shared_battery_mode_node_level_v1,SI-Drahi_17-d1-HOM-UHI-BLO-bf2d3053ce,TK-PB-Drahi_17-d1-HOM-UHI-62618e628e-r1,SS-102adc95e052,5,1,lex_phase_1,OPTIMAL,FEASIBLE_POINT,88697.9165318449,88697.9165318449,0,76446,76446,117318,326388,2388,0,2388,11940,2388,256,0,0,NaN,0,NaN,1.7053025658242404e-13,1.862645149230957e-9,
1,8,MULTISTAGE_RH,LEXMMFSA,shared_battery_mode_node_level_v1,SI-Drahi_17-d1-HOM-UHI-BLO-bf2d3053ce,TK-PB-Drahi_17-d1-HOM-UHI-62618e628e-r1,SS-102adc95e052,5,2,lex_phase_2,OPTIMAL,FEASIBLE_POINT,177395.83306369127,177395.83306369127,0,76446,76446,117319,326394,2388,0,2388,11940,2388,256,0,0,NaN,0,NaN,1.7053025658242404e-13,1.862645149230957e-9,
1,8,MULTISTAGE_RH,LEXMMFSA,shared_battery_mode_node_level_v1,SI-Drahi_17-d1-HOM-UHI-BLO-bf2d3053ce,TK-PB-Drahi_17-d1-HOM-UHI-62618e628e-r1,SS-102adc95e052,5,3,lex_phase_3,OPTIMAL,FEASIBLE_POINT,266093.7495955369,266093.7495955369,0,76446,76446,117320,326400,2388,0,2388,11940,2388,256,0,0,NaN,0,NaN,1.7053025658242404e-13,1.862645149230957e-9,
1,8,MULTISTAGE_RH,LEXMMFSA,shared_battery_mode_node_level_v1,SI-Drahi_17-d1-HOM-UHI-BLO-bf2d3053ce,TK-PB-Drahi_17-d1-HOM-UHI-62618e628e-r1,SS-102adc95e052,5,4,lex_phase_4,OPTIMAL,FEASIBLE_POINT,354791.66612738254,354791.66612738254,0,76446,76446,117321,326406,2388,0,2388,11940,2388,256,0,0,NaN,0,NaN,1.7053025658242404e-13,1.862645149230957e-9,
1,8,MULTISTAGE_RH,LEXMMFSA,shared_battery_mode_node_level_v1,SI-Drahi_17-d1-HOM-UHI-BLO-bf2d3053ce,TK-PB-Drahi_17-d1-HOM-UHI-62618e628e-r1,SS-102adc95e052,5,5,lex_phase_5,OPTIMAL,FEASIBLE_POINT,443489.58265922416,443489.58265922416,0,76446,76446,117322,326412,2388,0,2388,11940,2388,256,0,0,NaN,0,NaN,1.7053025658242404e-13,1.862645149230957e-9,
1,8,MULTISTAGE_RH,LEXMMFSA,shared_battery_mode_node_level_v1,SI-Drahi_17-d1-HOM-UHI-BLO-bf2d3053ce,TK-PB-Drahi_17-d1-HOM-UHI-62618e628e-r1,SS-102adc95e052,5,6,economic_tie_break,OPTIMAL,FEASIBLE_POINT,689315.3910784776,689315.3910784776,0,76446,76446,117323,326418,2388,0,2388,11940,2388,256,0,0,NaN,0,NaN,1.7053025658242404e-13,1.862645149230957e-9,
1,9,MULTISTAGE_RH,LEXMMFSA,shared_battery_mode_node_level_v1,SI-Drahi_17-d1-HOM-UHI-BLO-bf2d3053ce,TK-PB-Drahi_17-d1-HOM-UHI-62618e628e-r1,SS-19da242d4543,9,1,lex_phase_1,OPTIMAL,FEASIBLE_POINT,71541.42964956917,71541.42964956917,0,76446,76446,117318,330063,2388,0,2388,11940,2388,256,0,0,NaN,0,NaN,1.4210854715202004e-14,1.57160684466362e-9,
1,9,MULTISTAGE_RH,LEXMMFSA,shared_battery_mode_node_level_v1,SI-Drahi_17-d1-HOM-UHI-BLO-bf2d3053ce,TK-PB-Drahi_17-d1-HOM-UHI-62618e628e-r1,SS-19da242d4543,9,2,lex_phase_2,OPTIMAL,FEASIBLE_POINT,143082.85929913944,143082.85929913944,0,76446,76446,117319,330069,2388,0,2388,11940,2388,256,0,0,NaN,0,NaN,1.4210854715202004e-14,1.57160684466362e-9,
1,9,MULTISTAGE_RH,LEXMMFSA,shared_battery_mode_node_level_v1,SI-Drahi_17-d1-HOM-UHI-BLO-bf2d3053ce,TK-PB-Drahi_17-d1-HOM-UHI-62618e628e-r1,SS-19da242d4543,9,3,lex_phase_3,OPTIMAL,FEASIBLE_POINT,214624.28894870915,214624.28894870915,0,76446,76446,117320,330075,2388,0,2388,11940,2388,256,0,0,NaN,0,NaN,1.4210854715202004e-14,1.57160684466362e-9,
1,9,MULTISTAGE_RH,LEXMMFSA,shared_battery_mode_node_level_v1,SI-Drahi_17-d1-HOM-UHI-BLO-bf2d3053ce,TK-PB-Drahi_17-d1-HOM-UHI-62618e628e-r1,SS-19da242d4543,9,4,lex_phase_4,OPTIMAL,FEASIBLE_POINT,286165.7185982789,286165.7185982789,0,76446,76446,117321,330081,2388,0,2388,11940,2388,256,0,0,NaN,0,NaN,1.4210854715202004e-14,1.57160684466362e-9,
1,9,MULTISTAGE_RH,LEXMMFSA,shared_battery_mode_node_level_v1,SI-Drahi_17-d1-HOM-UHI-BLO-bf2d3053ce,TK-PB-Drahi_17-d1-HOM-UHI-62618e628e-r1,SS-19da242d4543,9,5,lex_phase_5,OPTIMAL,FEASIBLE_POINT,357707.14824784856,357707.14824784856,0,76446,76446,117322,330087,2388,0,2388,11940,2388,256,0,0,NaN,0,NaN,1.4210854715202004e-14,1.57160684466362e-9,
1,9,MULTISTAGE_RH,LEXMMFSA,shared_battery_mode_node_level_v1,SI-Drahi_17-d1-HOM-UHI-BLO-bf2d3053ce,TK-PB-Drahi_17-d1-HOM-UHI-62618e628e-r1,SS-19da242d4543,9,6,economic_tie_break,OPTIMAL,FEASIBLE_POINT,729383.8659846004,729383.8659846004,0,76446,76446,117323,330093,2388,0,2388,11940,2388,256,0,0,NaN,0,NaN,1.4210854715202004e-14,1.57160684466362e-9,
1,10,MULTISTAGE_RH,LEXMMFSA,shared_battery_mode_node_level_v1,SI-Drahi_17-d1-HOM-UHI-BLO-bf2d3053ce,TK-PB-Drahi_17-d1-HOM-UHI-62618e628e-r1,SS-19da242d4543,9,1,lex_phase_1,OPTIMAL,FEASIBLE_POINT,71541.42964956917,71541.42964956917,0,76446,76446,117318,330063,2388,0,2388,11940,2388,256,0,0,NaN,0,NaN,2.842170943040401e-14,1.57160684466362e-9,
1,10,MULTISTAGE_RH,LEXMMFSA,shared_battery_mode_node_level_v1,SI-Drahi_17-d1-HOM-UHI-BLO-bf2d3053ce,TK-PB-Drahi_17-d1-HOM-UHI-62618e628e-r1,SS-19da242d4543,9,2,lex_phase_2,OPTIMAL,FEASIBLE_POINT,143082.85929913944,143082.85929913944,0,76446,76446,117319,330069,2388,0,2388,11940,2388,256,0,0,NaN,0,NaN,2.842170943040401e-14,1.57160684466362e-9,
1,10,MULTISTAGE_RH,LEXMMFSA,shared_battery_mode_node_level_v1,SI-Drahi_17-d1-HOM-UHI-BLO-bf2d3053ce,TK-PB-Drahi_17-d1-HOM-UHI-62618e628e-r1,SS-19da242d4543,9,3,lex_phase_3,OPTIMAL,FEASIBLE_POINT,214624.28894870915,214624.28894870915,0,76446,76446,117320,330075,2388,0,2388,11940,2388,256,0,0,NaN,0,NaN,2.842170943040401e-14,1.57160684466362e-9,
1,10,MULTISTAGE_RH,LEXMMFSA,shared_battery_mode_node_level_v1,SI-Drahi_17-d1-HOM-UHI-BLO-bf2d3053ce,TK-PB-Drahi_17-d1-HOM-UHI-62618e628e-r1,SS-19da242d4543,9,4,lex_phase_4,OPTIMAL,FEASIBLE_POINT,286165.7185982789,286165.7185982789,0,76446,76446,117321,330081,2388,0,2388,11940,2388,256,0,0,NaN,0,NaN,2.842170943040401e-14,1.57160684466362e-9,
1,10,MULTISTAGE_RH,LEXMMFSA,shared_battery_mode_node_level_v1,SI-Drahi_17-d1-HOM-UHI-BLO-bf2d3053ce,TK-PB-Drahi_17-d1-HOM-UHI-62618e628e-r1,SS-19da242d4543,9,5,lex_phase_5,OPTIMAL,FEASIBLE_POINT,357707.14824784856,357707.14824784856,0,76446,76446,117322,330087,2388,0,2388,11940,2388,256,0,0,NaN,0,NaN,2.842170943040401e-14,1.57160684466362e-9,
1,10,MULTISTAGE_RH,LEXMMFSA,shared_battery_mode_node_level_v1,SI-Drahi_17-d1-HOM-UHI-BLO-bf2d3053ce,TK-PB-Drahi_17-d1-HOM-UHI-62618e628e-r1,SS-19da242d4543,9,6,economic_tie_break,OPTIMAL,FEASIBLE_POINT,729383.8659846004,729383.8659846004,0,76446,76446,117323,330093,2388,0,2388,11940,2388,256,0,0,NaN,0,NaN,2.842170943040401e-14,1.57160684466362e-9,
1,11,MULTISTAGE_RH,LEXMMFSA,shared_battery_mode_node_level_v1,SI-Drahi_17-d1-HOM-UHI-BLO-bf2d3053ce,TK-PB-Drahi_17-d1-HOM-UHI-62618e628e-r1,SS-19da242d4543,9,1,lex_phase_1,OPTIMAL,FEASIBLE_POINT,71541.42964956917,71541.42964956917,0,76446,76446,117318,330063,2388,0,2388,11940,2388,256,0,0,NaN,0,NaN,0.0,1.57160684466362e-9,
1,11,MULTISTAGE_RH,LEXMMFSA,shared_battery_mode_node_level_v1,SI-Drahi_17-d1-HOM-UHI-BLO-bf2d3053ce,TK-PB-Drahi_17-d1-HOM-UHI-62618e628e-r1,SS-19da242d4543,9,2,lex_phase_2,OPTIMAL,FEASIBLE_POINT,143082.85929913944,143082.85929913944,0,76446,76446,117319,330069,2388,0,2388,11940,2388,256,0,0,NaN,0,NaN,0.0,1.57160684466362e-9,
1,11,MULTISTAGE_RH,LEXMMFSA,shared_battery_mode_node_level_v1,SI-Drahi_17-d1-HOM-UHI-BLO-bf2d3053ce,TK-PB-Drahi_17-d1-HOM-UHI-62618e628e-r1,SS-19da242d4543,9,3,lex_phase_3,OPTIMAL,FEASIBLE_POINT,214624.28894870915,214624.28894870915,0,76446,76446,117320,330075,2388,0,2388,11940,2388,256,0,0,NaN,0,NaN,0.0,1.57160684466362e-9,
1,11,MULTISTAGE_RH,LEXMMFSA,shared_battery_mode_node_level_v1,SI-Drahi_17-d1-HOM-UHI-BLO-bf2d3053ce,TK-PB-Drahi_17-d1-HOM-UHI-62618e628e-r1,SS-19da242d4543,9,4,lex_phase_4,OPTIMAL,FEASIBLE_POINT,286165.7185982789,286165.7185982789,0,76446,76446,117321,330081,2388,0,2388,11940,2388,256,0,0,NaN,0,NaN,0.0,1.57160684466362e-9,
1,11,MULTISTAGE_RH,LEXMMFSA,shared_battery_mode_node_level_v1,SI-Drahi_17-d1-HOM-UHI-BLO-bf2d3053ce,TK-PB-Drahi_17-d1-HOM-UHI-62618e628e-r1,SS-19da242d4543,9,5,lex_phase_5,OPTIMAL,FEASIBLE_POINT,357707.14824784856,357707.14824784856,0,76446,76446,117322,330087,2388,0,2388,11940,2388,256,0,0,NaN,0,NaN,0.0,1.57160684466362e-9,
1,11,MULTISTAGE_RH,LEXMMFSA,shared_battery_mode_node_level_v1,SI-Drahi_17-d1-HOM-UHI-BLO-bf2d3053ce,TK-PB-Drahi_17-d1-HOM-UHI-62618e628e-r1,SS-19da242d4543,9,6,economic_tie_break,OPTIMAL,FEASIBLE_POINT,729383.8659846004,729383.8659846004,0,76446,76446,117323,330093,2388,0,2388,11940,2388,256,0,0,NaN,0,NaN,0.0,1.57160684466362e-9,
1,12,MULTISTAGE_RH,LEXMMFSA,shared_battery_mode_node_level_v1,SI-Drahi_17-d1-HOM-UHI-BLO-bf2d3053ce,TK-PB-Drahi_17-d1-HOM-UHI-62618e628e-r1,SS-19da242d4543,9,1,lex_phase_1,OPTIMAL,FEASIBLE_POINT,71541.42964956917,71541.42964956917,0,76446,76446,117318,330063,2388,0,2388,11940,2388,256,0,0,NaN,0,NaN,5.684341886080802e-14,1.57160684466362e-9,
1,12,MULTISTAGE_RH,LEXMMFSA,shared_battery_mode_node_level_v1,SI-Drahi_17-d1-HOM-UHI-BLO-bf2d3053ce,TK-PB-Drahi_17-d1-HOM-UHI-62618e628e-r1,SS-19da242d4543,9,2,lex_phase_2,OPTIMAL,FEASIBLE_POINT,143082.85929913944,143082.85929913944,0,76446,76446,117319,330069,2388,0,2388,11940,2388,256,0,0,NaN,0,NaN,5.684341886080802e-14,1.57160684466362e-9,
1,12,MULTISTAGE_RH,LEXMMFSA,shared_battery_mode_node_level_v1,SI-Drahi_17-d1-HOM-UHI-BLO-bf2d3053ce,TK-PB-Drahi_17-d1-HOM-UHI-62618e628e-r1,SS-19da242d4543,9,3,lex_phase_3,OPTIMAL,FEASIBLE_POINT,214624.28894870915,214624.28894870915,0,76446,76446,117320,330075,2388,0,2388,11940,2388,256,0,0,NaN,0,NaN,5.684341886080802e-14,1.57160684466362e-9,
1,12,MULTISTAGE_RH,LEXMMFSA,shared_battery_mode_node_level_v1,SI-Drahi_17-d1-HOM-UHI-BLO-bf2d3053ce,TK-PB-Drahi_17-d1-HOM-UHI-62618e628e-r1,SS-19da242d4543,9,4,lex_phase_4,OPTIMAL,FEASIBLE_POINT,286165.7185982789,286165.7185982789,0,76446,76446,117321,330081,2388,0,2388,11940,2388,256,0,0,NaN,0,NaN,5.684341886080802e-14,1.57160684466362e-9,
1,12,MULTISTAGE_RH,LEXMMFSA,shared_battery_mode_node_level_v1,SI-Drahi_17-d1-HOM-UHI-BLO-bf2d3053ce,TK-PB-Drahi_17-d1-HOM-UHI-62618e628e-r1,SS-19da242d4543,9,5,lex_phase_5,OPTIMAL,FEASIBLE_POINT,357707.14824784856,357707.14824784856,0,76446,76446,117322,330087,2388,0,2388,11940,2388,256,0,0,NaN,0,NaN,5.684341886080802e-14,1.57160684466362e-9,
1,12,MULTISTAGE_RH,LEXMMFSA,shared_battery_mode_node_level_v1,SI-Drahi_17-d1-HOM-UHI-BLO-bf2d3053ce,TK-PB-Drahi_17-d1-HOM-UHI-62618e628e-r1,SS-19da242d4543,9,6,economic_tie_break,OPTIMAL,FEASIBLE_POINT,729383.8659846004,729383.8659846004,0,76446,76446,117323,330093,2388,0,2388,11940,2388,256,0,0,NaN,0,NaN,5.684341886080802e-14,1.57160684466362e-9,
1,13,MULTISTAGE_RH,LEXMMFSA,shared_battery_mode_node_level_v1,SI-Drahi_17-d1-HOM-UHI-BLO-bf2d3053ce,TK-PB-Drahi_17-d1-HOM-UHI-62618e628e-r1,SS-354317d12b7f,13,1,lex_phase_1,OPTIMAL,FEASIBLE_POINT,95353.5289627948,95353.5289627948,0,76446,76446,117318,334143,2388,0,2388,11940,2388,256,0,0,NaN,0,NaN,2.842170943040401e-14,0.0,
1,13,MULTISTAGE_RH,LEXMMFSA,shared_battery_mode_node_level_v1,SI-Drahi_17-d1-HOM-UHI-BLO-bf2d3053ce,TK-PB-Drahi_17-d1-HOM-UHI-62618e628e-r1,SS-354317d12b7f,13,2,lex_phase_2,OPTIMAL,FEASIBLE_POINT,190707.05792558996,190707.05792558996,0,76446,76446,117319,334149,2388,0,2388,11940,2388,256,0,0,NaN,0,NaN,2.842170943040401e-14,0.0,
1,13,MULTISTAGE_RH,LEXMMFSA,shared_battery_mode_node_level_v1,SI-Drahi_17-d1-HOM-UHI-BLO-bf2d3053ce,TK-PB-Drahi_17-d1-HOM-UHI-62618e628e-r1,SS-354317d12b7f,13,3,lex_phase_3,OPTIMAL,FEASIBLE_POINT,286060.58688838495,286060.58688838495,0,76446,76446,117320,334155,2388,0,2388,11940,2388,256,0,0,NaN,0,NaN,2.842170943040401e-14,0.0,
1,13,MULTISTAGE_RH,LEXMMFSA,shared_battery_mode_node_level_v1,SI-Drahi_17-d1-HOM-UHI-BLO-bf2d3053ce,TK-PB-Drahi_17-d1-HOM-UHI-62618e628e-r1,SS-354317d12b7f,13,4,lex_phase_4,OPTIMAL,FEASIBLE_POINT,381414.11585117993,381414.11585117993,0,76446,76446,117321,334161,2388,0,2388,11940,2388,256,0,0,NaN,0,NaN,2.842170943040401e-14,0.0,
1,13,MULTISTAGE_RH,LEXMMFSA,shared_battery_mode_node_level_v1,SI-Drahi_17-d1-HOM-UHI-BLO-bf2d3053ce,TK-PB-Drahi_17-d1-HOM-UHI-62618e628e-r1,SS-354317d12b7f,13,5,lex_phase_5,OPTIMAL,FEASIBLE_POINT,476767.64481397485,476767.64481397485,0,76446,76446,117322,334167,2388,0,2388,11940,2388,256,0,0,NaN,0,NaN,2.842170943040401e-14,0.0,
1,13,MULTISTAGE_RH,LEXMMFSA,shared_battery_mode_node_level_v1,SI-Drahi_17-d1-HOM-UHI-BLO-bf2d3053ce,TK-PB-Drahi_17-d1-HOM-UHI-62618e628e-r1,SS-354317d12b7f,13,6,economic_tie_break,OPTIMAL,FEASIBLE_POINT,731762.2908790414,731762.2908790414,0,76446,76446,117323,334173,2388,0,2388,11940,2388,256,0,0,NaN,0,NaN,2.842170943040401e-14,0.0,
1,14,MULTISTAGE_RH,LEXMMFSA,shared_battery_mode_node_level_v1,SI-Drahi_17-d1-HOM-UHI-BLO-bf2d3053ce,TK-PB-Drahi_17-d1-HOM-UHI-62618e628e-r1,SS-354317d12b7f,13,1,lex_phase_1,OPTIMAL,FEASIBLE_POINT,95353.5289627948,95353.5289627948,0,76446,76446,117318,334143,2388,0,2388,11940,2388,256,0,0,NaN,0,NaN,1.4210854715202004e-14,0.0,
1,14,MULTISTAGE_RH,LEXMMFSA,shared_battery_mode_node_level_v1,SI-Drahi_17-d1-HOM-UHI-BLO-bf2d3053ce,TK-PB-Drahi_17-d1-HOM-UHI-62618e628e-r1,SS-354317d12b7f,13,2,lex_phase_2,OPTIMAL,FEASIBLE_POINT,190707.05792558996,190707.05792558996,0,76446,76446,117319,334149,2388,0,2388,11940,2388,256,0,0,NaN,0,NaN,1.4210854715202004e-14,0.0,
1,14,MULTISTAGE_RH,LEXMMFSA,shared_battery_mode_node_level_v1,SI-Drahi_17-d1-HOM-UHI-BLO-bf2d3053ce,TK-PB-Drahi_17-d1-HOM-UHI-62618e628e-r1,SS-354317d12b7f,13,3,lex_phase_3,OPTIMAL,FEASIBLE_POINT,286060.58688838495,286060.58688838495,0,76446,76446,117320,334155,2388,0,2388,11940,2388,256,0,0,NaN,0,NaN,1.4210854715202004e-14,0.0,
1,14,MULTISTAGE_RH,LEXMMFSA,shared_battery_mode_node_level_v1,SI-Drahi_17-d1-HOM-UHI-BLO-bf2d3053ce,TK-PB-Drahi_17-d1-HOM-UHI-62618e628e-r1,SS-354317d12b7f,13,4,lex_phase_4,OPTIMAL,FEASIBLE_POINT,381414.11585117993,381414.11585117993,0,76446,76446,117321,334161,2388,0,2388,11940,2388,256,0,0,NaN,0,NaN,1.4210854715202004e-14,0.0,
1,14,MULTISTAGE_RH,LEXMMFSA,shared_battery_mode_node_level_v1,SI-Drahi_17-d1-HOM-UHI-BLO-bf2d3053ce,TK-PB-Drahi_17-d1-HOM-UHI-62618e628e-r1,SS-354317d12b7f,13,5,lex_phase_5,OPTIMAL,FEASIBLE_POINT,476767.64481397485,476767.64481397485,0,76446,76446,117322,334167,2388,0,2388,11940,2388,256,0,0,NaN,0,NaN,1.4210854715202004e-14,0.0,
1,14,MULTISTAGE_RH,LEXMMFSA,shared_battery_mode_node_level_v1,SI-Drahi_17-d1-HOM-UHI-BLO-bf2d3053ce,TK-PB-Drahi_17-d1-HOM-UHI-62618e628e-r1,SS-354317d12b7f,13,6,economic_tie_break,OPTIMAL,FEASIBLE_POINT,731762.2908790414,731762.2908790414,0,76446,76446,117323,334173,2388,0,2388,11940,2388,256,0,0,NaN,0,NaN,1.4210854715202004e-14,0.0,
1,15,MULTISTAGE_RH,LEXMMFSA,shared_battery_mode_node_level_v1,SI-Drahi_17-d1-HOM-UHI-BLO-bf2d3053ce,TK-PB-Drahi_17-d1-HOM-UHI-62618e628e-r1,SS-354317d12b7f,13,1,lex_phase_1,OPTIMAL,FEASIBLE_POINT,95353.5289627948,95353.5289627948,0,76446,76446,117318,334143,2388,0,2388,11940,2388,256,0,0,NaN,0,NaN,3.552713678800501e-15,0.0,
1,15,MULTISTAGE_RH,LEXMMFSA,shared_battery_mode_node_level_v1,SI-Drahi_17-d1-HOM-UHI-BLO-bf2d3053ce,TK-PB-Drahi_17-d1-HOM-UHI-62618e628e-r1,SS-354317d12b7f,13,2,lex_phase_2,OPTIMAL,FEASIBLE_POINT,190707.05792558996,190707.05792558996,0,76446,76446,117319,334149,2388,0,2388,11940,2388,256,0,0,NaN,0,NaN,3.552713678800501e-15,0.0,
1,15,MULTISTAGE_RH,LEXMMFSA,shared_battery_mode_node_level_v1,SI-Drahi_17-d1-HOM-UHI-BLO-bf2d3053ce,TK-PB-Drahi_17-d1-HOM-UHI-62618e628e-r1,SS-354317d12b7f,13,3,lex_phase_3,OPTIMAL,FEASIBLE_POINT,286060.58688838495,286060.58688838495,0,76446,76446,117320,334155,2388,0,2388,11940,2388,256,0,0,NaN,0,NaN,3.552713678800501e-15,0.0,
1,15,MULTISTAGE_RH,LEXMMFSA,shared_battery_mode_node_level_v1,SI-Drahi_17-d1-HOM-UHI-BLO-bf2d3053ce,TK-PB-Drahi_17-d1-HOM-UHI-62618e628e-r1,SS-354317d12b7f,13,4,lex_phase_4,OPTIMAL,FEASIBLE_POINT,381414.11585117993,381414.11585117993,0,76446,76446,117321,334161,2388,0,2388,11940,2388,256,0,0,NaN,0,NaN,3.552713678800501e-15,0.0,
1,15,MULTISTAGE_RH,LEXMMFSA,shared_battery_mode_node_level_v1,SI-Drahi_17-d1-HOM-UHI-BLO-bf2d3053ce,TK-PB-Drahi_17-d1-HOM-UHI-62618e628e-r1,SS-354317d12b7f,13,5,lex_phase_5,OPTIMAL,FEASIBLE_POINT,476767.64481397485,476767.64481397485,0,76446,76446,117322,334167,2388,0,2388,11940,2388,256,0,0,NaN,0,NaN,3.552713678800501e-15,0.0,
1,15,MULTISTAGE_RH,LEXMMFSA,shared_battery_mode_node_level_v1,SI-Drahi_17-d1-HOM-UHI-BLO-bf2d3053ce,TK-PB-Drahi_17-d1-HOM-UHI-62618e628e-r1,SS-354317d12b7f,13,6,economic_tie_break,OPTIMAL,FEASIBLE_POINT,731762.2908790414,731762.2908790414,0,76446,76446,117323,334173,2388,0,2388,11940,2388,256,0,0,NaN,0,NaN,3.552713678800501e-15,0.0,
1,16,MULTISTAGE_RH,LEXMMFSA,shared_battery_mode_node_level_v1,SI-Drahi_17-d1-HOM-UHI-BLO-bf2d3053ce,TK-PB-Drahi_17-d1-HOM-UHI-62618e628e-r1,SS-354317d12b7f,13,1,lex_phase_1,OPTIMAL,FEASIBLE_POINT,95353.5289627948,95353.5289627948,0,76446,76446,117318,334143,2388,0,2388,11940,2388,256,0,0,NaN,0,NaN,2.6645352591003757e-15,0.0,
1,16,MULTISTAGE_RH,LEXMMFSA,shared_battery_mode_node_level_v1,SI-Drahi_17-d1-HOM-UHI-BLO-bf2d3053ce,TK-PB-Drahi_17-d1-HOM-UHI-62618e628e-r1,SS-354317d12b7f,13,2,lex_phase_2,OPTIMAL,FEASIBLE_POINT,190707.05792558996,190707.05792558996,0,76446,76446,117319,334149,2388,0,2388,11940,2388,256,0,0,NaN,0,NaN,2.6645352591003757e-15,0.0,
1,16,MULTISTAGE_RH,LEXMMFSA,shared_battery_mode_node_level_v1,SI-Drahi_17-d1-HOM-UHI-BLO-bf2d3053ce,TK-PB-Drahi_17-d1-HOM-UHI-62618e628e-r1,SS-354317d12b7f,13,3,lex_phase_3,OPTIMAL,FEASIBLE_POINT,286060.58688838495,286060.58688838495,0,76446,76446,117320,334155,2388,0,2388,11940,2388,256,0,0,NaN,0,NaN,2.6645352591003757e-15,0.0,
1,16,MULTISTAGE_RH,LEXMMFSA,shared_battery_mode_node_level_v1,SI-Drahi_17-d1-HOM-UHI-BLO-bf2d3053ce,TK-PB-Drahi_17-d1-HOM-UHI-62618e628e-r1,SS-354317d12b7f,13,4,lex_phase_4,OPTIMAL,FEASIBLE_POINT,381414.11585117993,381414.11585117993,0,76446,76446,117321,334161,2388,0,2388,11940,2388,256,0,0,NaN,0,NaN,2.6645352591003757e-15,0.0,
1,16,MULTISTAGE_RH,LEXMMFSA,shared_battery_mode_node_level_v1,SI-Drahi_17-d1-HOM-UHI-BLO-bf2d3053ce,TK-PB-Drahi_17-d1-HOM-UHI-62618e628e-r1,SS-354317d12b7f,13,5,lex_phase_5,OPTIMAL,FEASIBLE_POINT,476767.64481397485,476767.64481397485,0,76446,76446,117322,334167,2388,0,2388,11940,2388,256,0,0,NaN,0,NaN,2.6645352591003757e-15,0.0,
1,16,MULTISTAGE_RH,LEXMMFSA,shared_battery_mode_node_level_v1,SI-Drahi_17-d1-HOM-UHI-BLO-bf2d3053ce,TK-PB-Drahi_17-d1-HOM-UHI-62618e628e-r1,SS-354317d12b7f,13,6,economic_tie_break,OPTIMAL,FEASIBLE_POINT,731762.2908790414,731762.2908790414,0,76446,76446,117323,334173,2388,0,2388,11940,2388,256,0,0,NaN,0,NaN,2.6645352591003757e-15,0.0,
1,17,MULTISTAGE_RH,LEXMMFSA,shared_battery_mode_node_level_v1,SI-Drahi_17-d1-HOM-UHI-BLO-bf2d3053ce,TK-PB-Drahi_17-d1-HOM-UHI-62618e628e-r1,SS-c81930d9c8ba,17,1,lex_phase_1,OPTIMAL,FEASIBLE_POINT,109740.88429593481,109740.88429593481,0,76446,76446,117318,335583,2388,0,2388,11940,2388,256,0,0,NaN,0,NaN,3.552713678800501e-15,3.4924596548080444e-10,
1,17,MULTISTAGE_RH,LEXMMFSA,shared_battery_mode_node_level_v1,SI-Drahi_17-d1-HOM-UHI-BLO-bf2d3053ce,TK-PB-Drahi_17-d1-HOM-UHI-62618e628e-r1,SS-c81930d9c8ba,17,2,lex_phase_2,OPTIMAL,FEASIBLE_POINT,219481.76859186954,219481.76859186954,0,76446,76446,117319,335589,2388,0,2388,11940,2388,256,0,0,NaN,0,NaN,3.552713678800501e-15,3.4924596548080444e-10,
1,17,MULTISTAGE_RH,LEXMMFSA,shared_battery_mode_node_level_v1,SI-Drahi_17-d1-HOM-UHI-BLO-bf2d3053ce,TK-PB-Drahi_17-d1-HOM-UHI-62618e628e-r1,SS-c81930d9c8ba,17,3,lex_phase_3,OPTIMAL,FEASIBLE_POINT,329222.6528878043,329222.6528878043,0,76446,76446,117320,335595,2388,0,2388,11940,2388,256,0,0,NaN,0,NaN,3.552713678800501e-15,3.4924596548080444e-10,
1,17,MULTISTAGE_RH,LEXMMFSA,shared_battery_mode_node_level_v1,SI-Drahi_17-d1-HOM-UHI-BLO-bf2d3053ce,TK-PB-Drahi_17-d1-HOM-UHI-62618e628e-r1,SS-c81930d9c8ba,17,4,lex_phase_4,OPTIMAL,FEASIBLE_POINT,438963.53718373907,438963.53718373907,0,76446,76446,117321,335601,2388,0,2388,11940,2388,256,0,0,NaN,0,NaN,3.552713678800501e-15,3.4924596548080444e-10,
1,17,MULTISTAGE_RH,LEXMMFSA,shared_battery_mode_node_level_v1,SI-Drahi_17-d1-HOM-UHI-BLO-bf2d3053ce,TK-PB-Drahi_17-d1-HOM-UHI-62618e628e-r1,SS-c81930d9c8ba,17,5,lex_phase_5,OPTIMAL,FEASIBLE_POINT,548704.4214796737,548704.4214796737,0,76446,76446,117322,335607,2388,0,2388,11940,2388,256,0,0,NaN,0,NaN,3.552713678800501e-15,3.4924596548080444e-10,
1,17,MULTISTAGE_RH,LEXMMFSA,shared_battery_mode_node_level_v1,SI-Drahi_17-d1-HOM-UHI-BLO-bf2d3053ce,TK-PB-Drahi_17-d1-HOM-UHI-62618e628e-r1,SS-c81930d9c8ba,17,6,economic_tie_break,OPTIMAL,FEASIBLE_POINT,733702.2040756039,733702.2040756039,0,76446,76446,117323,335613,2388,0,2388,11940,2388,256,0,0,NaN,0,NaN,3.552713678800501e-15,3.4924596548080444e-10,
1,18,MULTISTAGE_RH,LEXMMFSA,shared_battery_mode_node_level_v1,SI-Drahi_17-d1-HOM-UHI-BLO-bf2d3053ce,TK-PB-Drahi_17-d1-HOM-UHI-62618e628e-r1,SS-c81930d9c8ba,17,1,lex_phase_1,OPTIMAL,FEASIBLE_POINT,109740.88429593481,109740.88429593481,0,76446,76446,117318,335583,2388,0,2388,11940,2388,256,0,0,NaN,0,NaN,1.7763568394002505e-15,3.4924596548080444e-10,
1,18,MULTISTAGE_RH,LEXMMFSA,shared_battery_mode_node_level_v1,SI-Drahi_17-d1-HOM-UHI-BLO-bf2d3053ce,TK-PB-Drahi_17-d1-HOM-UHI-62618e628e-r1,SS-c81930d9c8ba,17,2,lex_phase_2,OPTIMAL,FEASIBLE_POINT,219481.76859186954,219481.76859186954,0,76446,76446,117319,335589,2388,0,2388,11940,2388,256,0,0,NaN,0,NaN,1.7763568394002505e-15,3.4924596548080444e-10,
1,18,MULTISTAGE_RH,LEXMMFSA,shared_battery_mode_node_level_v1,SI-Drahi_17-d1-HOM-UHI-BLO-bf2d3053ce,TK-PB-Drahi_17-d1-HOM-UHI-62618e628e-r1,SS-c81930d9c8ba,17,3,lex_phase_3,OPTIMAL,FEASIBLE_POINT,329222.6528878043,329222.6528878043,0,76446,76446,117320,335595,2388,0,2388,11940,2388,256,0,0,NaN,0,NaN,1.7763568394002505e-15,3.4924596548080444e-10,
1,18,MULTISTAGE_RH,LEXMMFSA,shared_battery_mode_node_level_v1,SI-Drahi_17-d1-HOM-UHI-BLO-bf2d3053ce,TK-PB-Drahi_17-d1-HOM-UHI-62618e628e-r1,SS-c81930d9c8ba,17,4,lex_phase_4,OPTIMAL,FEASIBLE_POINT,438963.53718373907,438963.53718373907,0,76446,76446,117321,335601,2388,0,2388,11940,2388,256,0,0,NaN,0,NaN,1.7763568394002505e-15,3.4924596548080444e-10,
1,18,MULTISTAGE_RH,LEXMMFSA,shared_battery_mode_node_level_v1,SI-Drahi_17-d1-HOM-UHI-BLO-bf2d3053ce,TK-PB-Drahi_17-d1-HOM-UHI-62618e628e-r1,SS-c81930d9c8ba,17,5,lex_phase_5,OPTIMAL,FEASIBLE_POINT,548704.4214796737,548704.4214796737,0,76446,76446,117322,335607,2388,0,2388,11940,2388,256,0,0,NaN,0,NaN,1.7763568394002505e-15,3.4924596548080444e-10,
1,18,MULTISTAGE_RH,LEXMMFSA,shared_battery_mode_node_level_v1,SI-Drahi_17-d1-HOM-UHI-BLO-bf2d3053ce,TK-PB-Drahi_17-d1-HOM-UHI-62618e628e-r1,SS-c81930d9c8ba,17,6,economic_tie_break,OPTIMAL,FEASIBLE_POINT,733702.2040756039,733702.2040756039,0,76446,76446,117323,335613,2388,0,2388,11940,2388,256,0,0,NaN,0,NaN,1.7763568394002505e-15,3.4924596548080444e-10,
1,19,MULTISTAGE_RH,LEXMMFSA,shared_battery_mode_node_level_v1,SI-Drahi_17-d1-HOM-UHI-BLO-bf2d3053ce,TK-PB-Drahi_17-d1-HOM-UHI-62618e628e-r1,SS-c81930d9c8ba,17,1,lex_phase_1,OPTIMAL,FEASIBLE_POINT,109740.88429593481,109740.88429593481,0,76446,76446,117318,335583,2388,0,2388,11940,2388,256,0,0,NaN,0,NaN,5.551115123125783e-17,3.4924596548080444e-10,
1,19,MULTISTAGE_RH,LEXMMFSA,shared_battery_mode_node_level_v1,SI-Drahi_17-d1-HOM-UHI-BLO-bf2d3053ce,TK-PB-Drahi_17-d1-HOM-UHI-62618e628e-r1,SS-c81930d9c8ba,17,2,lex_phase_2,OPTIMAL,FEASIBLE_POINT,219481.76859186954,219481.76859186954,0,76446,76446,117319,335589,2388,0,2388,11940,2388,256,0,0,NaN,0,NaN,5.551115123125783e-17,3.4924596548080444e-10,
1,19,MULTISTAGE_RH,LEXMMFSA,shared_battery_mode_node_level_v1,SI-Drahi_17-d1-HOM-UHI-BLO-bf2d3053ce,TK-PB-Drahi_17-d1-HOM-UHI-62618e628e-r1,SS-c81930d9c8ba,17,3,lex_phase_3,OPTIMAL,FEASIBLE_POINT,329222.6528878043,329222.6528878043,0,76446,76446,117320,335595,2388,0,2388,11940,2388,256,0,0,NaN,0,NaN,5.551115123125783e-17,3.4924596548080444e-10,
1,19,MULTISTAGE_RH,LEXMMFSA,shared_battery_mode_node_level_v1,SI-Drahi_17-d1-HOM-UHI-BLO-bf2d3053ce,TK-PB-Drahi_17-d1-HOM-UHI-62618e628e-r1,SS-c81930d9c8ba,17,4,lex_phase_4,OPTIMAL,FEASIBLE_POINT,438963.53718373907,438963.53718373907,0,76446,76446,117321,335601,2388,0,2388,11940,2388,256,0,0,NaN,0,NaN,5.551115123125783e-17,3.4924596548080444e-10,
1,19,MULTISTAGE_RH,LEXMMFSA,shared_battery_mode_node_level_v1,SI-Drahi_17-d1-HOM-UHI-BLO-bf2d3053ce,TK-PB-Drahi_17-d1-HOM-UHI-62618e628e-r1,SS-c81930d9c8ba,17,5,lex_phase_5,OPTIMAL,FEASIBLE_POINT,548704.4214796737,548704.4214796737,0,76446,76446,117322,335607,2388,0,2388,11940,2388,256,0,0,NaN,0,NaN,5.551115123125783e-17,3.4924596548080444e-10,
1,19,MULTISTAGE_RH,LEXMMFSA,shared_battery_mode_node_level_v1,SI-Drahi_17-d1-HOM-UHI-BLO-bf2d3053ce,TK-PB-Drahi_17-d1-HOM-UHI-62618e628e-r1,SS-c81930d9c8ba,17,6,economic_tie_break,OPTIMAL,FEASIBLE_POINT,733702.2040756039,733702.2040756039,0,76446,76446,117323,335613,2388,0,2388,11940,2388,256,0,0,NaN,0,NaN,5.551115123125783e-17,3.4924596548080444e-10,
1,20,MULTISTAGE_RH,LEXMMFSA,shared_battery_mode_node_level_v1,SI-Drahi_17-d1-HOM-UHI-BLO-bf2d3053ce,TK-PB-Drahi_17-d1-HOM-UHI-62618e628e-r1,SS-c81930d9c8ba,17,1,lex_phase_1,OPTIMAL,FEASIBLE_POINT,109740.88429593481,109740.88429593481,0,76446,76446,117318,335583,2388,0,2388,11940,2388,256,0,0,NaN,0,NaN,0.0,3.4924596548080444e-10,
1,20,MULTISTAGE_RH,LEXMMFSA,shared_battery_mode_node_level_v1,SI-Drahi_17-d1-HOM-UHI-BLO-bf2d3053ce,TK-PB-Drahi_17-d1-HOM-UHI-62618e628e-r1,SS-c81930d9c8ba,17,2,lex_phase_2,OPTIMAL,FEASIBLE_POINT,219481.76859186954,219481.76859186954,0,76446,76446,117319,335589,2388,0,2388,11940,2388,256,0,0,NaN,0,NaN,0.0,3.4924596548080444e-10,
1,20,MULTISTAGE_RH,LEXMMFSA,shared_battery_mode_node_level_v1,SI-Drahi_17-d1-HOM-UHI-BLO-bf2d3053ce,TK-PB-Drahi_17-d1-HOM-UHI-62618e628e-r1,SS-c81930d9c8ba,17,3,lex_phase_3,OPTIMAL,FEASIBLE_POINT,329222.6528878043,329222.6528878043,0,76446,76446,117320,335595,2388,0,2388,11940,2388,256,0,0,NaN,0,NaN,0.0,3.4924596548080444e-10,
1,20,MULTISTAGE_RH,LEXMMFSA,shared_battery_mode_node_level_v1,SI-Drahi_17-d1-HOM-UHI-BLO-bf2d3053ce,TK-PB-Drahi_17-d1-HOM-UHI-62618e628e-r1,SS-c81930d9c8ba,17,4,lex_phase_4,OPTIMAL,FEASIBLE_POINT,438963.53718373907,438963.53718373907,0,76446,76446,117321,335601,2388,0,2388,11940,2388,256,0,0,NaN,0,NaN,0.0,3.4924596548080444e-10,
1,20,MULTISTAGE_RH,LEXMMFSA,shared_battery_mode_node_level_v1,SI-Drahi_17-d1-HOM-UHI-BLO-bf2d3053ce,TK-PB-Drahi_17-d1-HOM-UHI-62618e628e-r1,SS-c81930d9c8ba,17,5,lex_phase_5,OPTIMAL,FEASIBLE_POINT,548704.4214796737,548704.4214796737,0,76446,76446,117322,335607,2388,0,2388,11940,2388,256,0,0,NaN,0,NaN,0.0,3.4924596548080444e-10,
1,20,MULTISTAGE_RH,LEXMMFSA,shared_battery_mode_node_level_v1,SI-Drahi_17-d1-HOM-UHI-BLO-bf2d3053ce,TK-PB-Drahi_17-d1-HOM-UHI-62618e628e-r1,SS-c81930d9c8ba,17,6,economic_tie_break,OPTIMAL,FEASIBLE_POINT,733702.2040756039,733702.2040756039,0,76446,76446,117323,335613,2388,0,2388,11940,2388,256,0,0,NaN,0,NaN,0.0,3.4924596548080444e-10,
1,21,MULTISTAGE_RH,LEXMMFSA,shared_battery_mode_node_level_v1,SI-Drahi_17-d1-HOM-UHI-BLO-bf2d3053ce,TK-PB-Drahi_17-d1-HOM-UHI-62618e628e-r1,SS-3cf9bda45ea4,21,1,lex_phase_1,OPTIMAL,FEASIBLE_POINT,103865.44284336822,103865.44284336822,0,76446,76446,117318,334183,2388,0,2388,11940,2388,256,0,0,NaN,0,NaN,0.0,5.820766091346741e-11,
1,21,MULTISTAGE_RH,LEXMMFSA,shared_battery_mode_node_level_v1,SI-Drahi_17-d1-HOM-UHI-BLO-bf2d3053ce,TK-PB-Drahi_17-d1-HOM-UHI-62618e628e-r1,SS-3cf9bda45ea4,21,2,lex_phase_2,OPTIMAL,FEASIBLE_POINT,207730.885686737,207730.885686737,0,76446,76446,117319,334189,2388,0,2388,11940,2388,256,0,0,NaN,0,NaN,0.0,5.820766091346741e-11,
1,21,MULTISTAGE_RH,LEXMMFSA,shared_battery_mode_node_level_v1,SI-Drahi_17-d1-HOM-UHI-BLO-bf2d3053ce,TK-PB-Drahi_17-d1-HOM-UHI-62618e628e-r1,SS-3cf9bda45ea4,21,3,lex_phase_3,OPTIMAL,FEASIBLE_POINT,311596.3285301055,311596.3285301055,0,76446,76446,117320,334195,2388,0,2388,11940,2388,256,0,0,NaN,0,NaN,0.0,5.820766091346741e-11,
1,21,MULTISTAGE_RH,LEXMMFSA,shared_battery_mode_node_level_v1,SI-Drahi_17-d1-HOM-UHI-BLO-bf2d3053ce,TK-PB-Drahi_17-d1-HOM-UHI-62618e628e-r1,SS-3cf9bda45ea4,21,4,lex_phase_4,OPTIMAL,FEASIBLE_POINT,415461.771373474,415461.771373474,0,76446,76446,117321,334201,2388,0,2388,11940,2388,256,0,0,NaN,0,NaN,0.0,5.820766091346741e-11,
1,21,MULTISTAGE_RH,LEXMMFSA,shared_battery_mode_node_level_v1,SI-Drahi_17-d1-HOM-UHI-BLO-bf2d3053ce,TK-PB-Drahi_17-d1-HOM-UHI-62618e628e-r1,SS-3cf9bda45ea4,21,5,lex_phase_5,OPTIMAL,FEASIBLE_POINT,519327.2142168423,519327.2142168423,0,76446,76446,117322,334207,2388,0,2388,11940,2388,256,0,0,NaN,0,NaN,0.0,5.820766091346741e-11,
1,21,MULTISTAGE_RH,LEXMMFSA,shared_battery_mode_node_level_v1,SI-Drahi_17-d1-HOM-UHI-BLO-bf2d3053ce,TK-PB-Drahi_17-d1-HOM-UHI-62618e628e-r1,SS-3cf9bda45ea4,21,6,economic_tie_break,OPTIMAL,FEASIBLE_POINT,735295.5289529712,735295.5289529712,0,76446,76446,117323,334213,2388,0,2388,11940,2388,256,0,0,NaN,0,NaN,0.0,5.820766091346741e-11,
1,22,MULTISTAGE_RH,LEXMMFSA,shared_battery_mode_node_level_v1,SI-Drahi_17-d1-HOM-UHI-BLO-bf2d3053ce,TK-PB-Drahi_17-d1-HOM-UHI-62618e628e-r1,SS-3cf9bda45ea4,21,1,lex_phase_1,OPTIMAL,FEASIBLE_POINT,103865.44284336822,103865.44284336822,0,76446,76446,117318,334183,2388,0,2388,11940,2388,256,0,0,NaN,0,NaN,0.0,5.820766091346741e-11,
1,22,MULTISTAGE_RH,LEXMMFSA,shared_battery_mode_node_level_v1,SI-Drahi_17-d1-HOM-UHI-BLO-bf2d3053ce,TK-PB-Drahi_17-d1-HOM-UHI-62618e628e-r1,SS-3cf9bda45ea4,21,2,lex_phase_2,OPTIMAL,FEASIBLE_POINT,207730.885686737,207730.885686737,0,76446,76446,117319,334189,2388,0,2388,11940,2388,256,0,0,NaN,0,NaN,0.0,5.820766091346741e-11,
1,22,MULTISTAGE_RH,LEXMMFSA,shared_battery_mode_node_level_v1,SI-Drahi_17-d1-HOM-UHI-BLO-bf2d3053ce,TK-PB-Drahi_17-d1-HOM-UHI-62618e628e-r1,SS-3cf9bda45ea4,21,3,lex_phase_3,OPTIMAL,FEASIBLE_POINT,311596.3285301055,311596.3285301055,0,76446,76446,117320,334195,2388,0,2388,11940,2388,256,0,0,NaN,0,NaN,0.0,5.820766091346741e-11,
1,22,MULTISTAGE_RH,LEXMMFSA,shared_battery_mode_node_level_v1,SI-Drahi_17-d1-HOM-UHI-BLO-bf2d3053ce,TK-PB-Drahi_17-d1-HOM-UHI-62618e628e-r1,SS-3cf9bda45ea4,21,4,lex_phase_4,OPTIMAL,FEASIBLE_POINT,415461.771373474,415461.771373474,0,76446,76446,117321,334201,2388,0,2388,11940,2388,256,0,0,NaN,0,NaN,0.0,5.820766091346741e-11,
1,22,MULTISTAGE_RH,LEXMMFSA,shared_battery_mode_node_level_v1,SI-Drahi_17-d1-HOM-UHI-BLO-bf2d3053ce,TK-PB-Drahi_17-d1-HOM-UHI-62618e628e-r1,SS-3cf9bda45ea4,21,5,lex_phase_5,OPTIMAL,FEASIBLE_POINT,519327.2142168423,519327.2142168423,0,76446,76446,117322,334207,2388,0,2388,11940,2388,256,0,0,NaN,0,NaN,0.0,5.820766091346741e-11,
1,22,MULTISTAGE_RH,LEXMMFSA,shared_battery_mode_node_level_v1,SI-Drahi_17-d1-HOM-UHI-BLO-bf2d3053ce,TK-PB-Drahi_17-d1-HOM-UHI-62618e628e-r1,SS-3cf9bda45ea4,21,6,economic_tie_break,OPTIMAL,FEASIBLE_POINT,735295.5289529712,735295.5289529712,0,76446,76446,117323,334213,2388,0,2388,11940,2388,256,0,0,NaN,0,NaN,0.0,5.820766091346741e-11,
1,23,MULTISTAGE_RH,LEXMMFSA,shared_battery_mode_node_level_v1,SI-Drahi_17-d1-HOM-UHI-BLO-bf2d3053ce,TK-PB-Drahi_17-d1-HOM-UHI-62618e628e-r1,SS-3cf9bda45ea4,21,1,lex_phase_1,OPTIMAL,FEASIBLE_POINT,103865.44284336822,103865.44284336822,0,76446,76446,117318,334183,2388,0,2388,11940,2388,256,0,0,NaN,0,NaN,0.0,5.820766091346741e-11,
1,23,MULTISTAGE_RH,LEXMMFSA,shared_battery_mode_node_level_v1,SI-Drahi_17-d1-HOM-UHI-BLO-bf2d3053ce,TK-PB-Drahi_17-d1-HOM-UHI-62618e628e-r1,SS-3cf9bda45ea4,21,2,lex_phase_2,OPTIMAL,FEASIBLE_POINT,207730.885686737,207730.885686737,0,76446,76446,117319,334189,2388,0,2388,11940,2388,256,0,0,NaN,0,NaN,0.0,5.820766091346741e-11,
1,23,MULTISTAGE_RH,LEXMMFSA,shared_battery_mode_node_level_v1,SI-Drahi_17-d1-HOM-UHI-BLO-bf2d3053ce,TK-PB-Drahi_17-d1-HOM-UHI-62618e628e-r1,SS-3cf9bda45ea4,21,3,lex_phase_3,OPTIMAL,FEASIBLE_POINT,311596.3285301055,311596.3285301055,0,76446,76446,117320,334195,2388,0,2388,11940,2388,256,0,0,NaN,0,NaN,0.0,5.820766091346741e-11,
1,23,MULTISTAGE_RH,LEXMMFSA,shared_battery_mode_node_level_v1,SI-Drahi_17-d1-HOM-UHI-BLO-bf2d3053ce,TK-PB-Drahi_17-d1-HOM-UHI-62618e628e-r1,SS-3cf9bda45ea4,21,4,lex_phase_4,OPTIMAL,FEASIBLE_POINT,415461.771373474,415461.771373474,0,76446,76446,117321,334201,2388,0,2388,11940,2388,256,0,0,NaN,0,NaN,0.0,5.820766091346741e-11,
1,23,MULTISTAGE_RH,LEXMMFSA,shared_battery_mode_node_level_v1,SI-Drahi_17-d1-HOM-UHI-BLO-bf2d3053ce,TK-PB-Drahi_17-d1-HOM-UHI-62618e628e-r1,SS-3cf9bda45ea4,21,5,lex_phase_5,OPTIMAL,FEASIBLE_POINT,519327.2142168423,519327.2142168423,0,76446,76446,117322,334207,2388,0,2388,11940,2388,256,0,0,NaN,0,NaN,0.0,5.820766091346741e-11,
1,23,MULTISTAGE_RH,LEXMMFSA,shared_battery_mode_node_level_v1,SI-Drahi_17-d1-HOM-UHI-BLO-bf2d3053ce,TK-PB-Drahi_17-d1-HOM-UHI-62618e628e-r1,SS-3cf9bda45ea4,21,6,economic_tie_break,OPTIMAL,FEASIBLE_POINT,735295.5289529712,735295.5289529712,0,76446,76446,117323,334213,2388,0,2388,11940,2388,256,0,0,NaN,0,NaN,0.0,5.820766091346741e-11,
1,24,MULTISTAGE_RH,LEXMMFSA,shared_battery_mode_node_level_v1,SI-Drahi_17-d1-HOM-UHI-BLO-bf2d3053ce,TK-PB-Drahi_17-d1-HOM-UHI-62618e628e-r1,SS-3cf9bda45ea4,21,1,lex_phase_1,OPTIMAL,FEASIBLE_POINT,103865.44284336822,103865.44284336822,0,76446,76446,117318,334183,2388,0,2388,11940,2388,256,0,0,NaN,0,NaN,0.0,5.820766091346741e-11,
1,24,MULTISTAGE_RH,LEXMMFSA,shared_battery_mode_node_level_v1,SI-Drahi_17-d1-HOM-UHI-BLO-bf2d3053ce,TK-PB-Drahi_17-d1-HOM-UHI-62618e628e-r1,SS-3cf9bda45ea4,21,2,lex_phase_2,OPTIMAL,FEASIBLE_POINT,207730.885686737,207730.885686737,0,76446,76446,117319,334189,2388,0,2388,11940,2388,256,0,0,NaN,0,NaN,0.0,5.820766091346741e-11,
1,24,MULTISTAGE_RH,LEXMMFSA,shared_battery_mode_node_level_v1,SI-Drahi_17-d1-HOM-UHI-BLO-bf2d3053ce,TK-PB-Drahi_17-d1-HOM-UHI-62618e628e-r1,SS-3cf9bda45ea4,21,3,lex_phase_3,OPTIMAL,FEASIBLE_POINT,311596.3285301055,311596.3285301055,0,76446,76446,117320,334195,2388,0,2388,11940,2388,256,0,0,NaN,0,NaN,0.0,5.820766091346741e-11,
1,24,MULTISTAGE_RH,LEXMMFSA,shared_battery_mode_node_level_v1,SI-Drahi_17-d1-HOM-UHI-BLO-bf2d3053ce,TK-PB-Drahi_17-d1-HOM-UHI-62618e628e-r1,SS-3cf9bda45ea4,21,4,lex_phase_4,OPTIMAL,FEASIBLE_POINT,415461.771373474,415461.771373474,0,76446,76446,117321,334201,2388,0,2388,11940,2388,256,0,0,NaN,0,NaN,0.0,5.820766091346741e-11,
1,24,MULTISTAGE_RH,LEXMMFSA,shared_battery_mode_node_level_v1,SI-Drahi_17-d1-HOM-UHI-BLO-bf2d3053ce,TK-PB-Drahi_17-d1-HOM-UHI-62618e628e-r1,SS-3cf9bda45ea4,21,5,lex_phase_5,OPTIMAL,FEASIBLE_POINT,519327.2142168423,519327.2142168423,0,76446,76446,117322,334207,2388,0,2388,11940,2388,256,0,0,NaN,0,NaN,0.0,5.820766091346741e-11,
1,24,MULTISTAGE_RH,LEXMMFSA,shared_battery_mode_node_level_v1,SI-Drahi_17-d1-HOM-UHI-BLO-bf2d3053ce,TK-PB-Drahi_17-d1-HOM-UHI-62618e628e-r1,SS-3cf9bda45ea4,21,6,economic_tie_break,OPTIMAL,FEASIBLE_POINT,735295.5289529712,735295.5289529712,0,76446,76446,117323,334213,2388,0,2388,11940,2388,256,0,0,NaN,0,NaN,0.0,5.820766091346741e-11,
1,1,MULTISTAGE_RH,NONE,shared_battery_mode_node_level_v1,SI-Drahi_17-d1-HOM-UHI-BLO-bf2d3053ce,TK-PB-Drahi_17-d1-HOM-UHI-62618e628e-r1,SS-5d5bbea46d20,1,0,single_solve,OPTIMAL,FEASIBLE_POINT,742331.6863248551,742331.6863248551,0,76416,76416,117268,150778,2388,0,2388,11940,2388,256,0,0,NaN,0,NaN,0.0,0.0,
1,2,MULTISTAGE_RH,NONE,shared_battery_mode_node_level_v1,SI-Drahi_17-d1-HOM-UHI-BLO-bf2d3053ce,TK-PB-Drahi_17-d1-HOM-UHI-62618e628e-r1,SS-5d5bbea46d20,1,0,single_solve,OPTIMAL,FEASIBLE_POINT,742331.6863248551,742331.6863248551,0,76416,76416,117268,150778,2388,0,2388,11940,2388,256,0,0,NaN,0,NaN,0.0,0.0,
1,3,MULTISTAGE_RH,NONE,shared_battery_mode_node_level_v1,SI-Drahi_17-d1-HOM-UHI-BLO-bf2d3053ce,TK-PB-Drahi_17-d1-HOM-UHI-62618e628e-r1,SS-5d5bbea46d20,1,0,single_solve,OPTIMAL,FEASIBLE_POINT,742331.6863248551,742331.6863248551,0,76416,76416,117268,150778,2388,0,2388,11940,2388,256,0,0,NaN,0,NaN,0.0,0.0,
1,4,MULTISTAGE_RH,NONE,shared_battery_mode_node_level_v1,SI-Drahi_17-d1-HOM-UHI-BLO-bf2d3053ce,TK-PB-Drahi_17-d1-HOM-UHI-62618e628e-r1,SS-5d5bbea46d20,1,0,single_solve,OPTIMAL,FEASIBLE_POINT,742331.6863248551,742331.6863248551,0,76416,76416,117268,150778,2388,0,2388,11940,2388,256,0,0,NaN,0,NaN,0.0,0.0,
1,5,MULTISTAGE_RH,NONE,shared_battery_mode_node_level_v1,SI-Drahi_17-d1-HOM-UHI-BLO-bf2d3053ce,TK-PB-Drahi_17-d1-HOM-UHI-62618e628e-r1,SS-102adc95e052,5,0,single_solve,OPTIMAL,FEASIBLE_POINT,689315.3910784809,689315.3910784809,0,76416,76416,117268,147238,2388,0,2388,11940,2388,256,0,0,NaN,0,NaN,0.0,0.0,
1,6,MULTISTAGE_RH,NONE,shared_battery_mode_node_level_v1,SI-Drahi_17-d1-HOM-UHI-BLO-bf2d3053ce,TK-PB-Drahi_17-d1-HOM-UHI-62618e628e-r1,SS-102adc95e052,5,0,single_solve,OPTIMAL,FEASIBLE_POINT,689315.3910784809,689315.3910784809,0,76416,76416,117268,147238,2388,0,2388,11940,2388,256,0,0,NaN,0,NaN,0.0,0.0,
1,7,MULTISTAGE_RH,NONE,shared_battery_mode_node_level_v1,SI-Drahi_17-d1-HOM-UHI-BLO-bf2d3053ce,TK-PB-Drahi_17-d1-HOM-UHI-62618e628e-r1,SS-102adc95e052,5,0,single_solve,OPTIMAL,FEASIBLE_POINT,689315.3910784809,689315.3910784809,0,76416,76416,117268,147238,2388,0,2388,11940,2388,256,0,0,NaN,0,NaN,0.0,0.0,
1,8,MULTISTAGE_RH,NONE,shared_battery_mode_node_level_v1,SI-Drahi_17-d1-HOM-UHI-BLO-bf2d3053ce,TK-PB-Drahi_17-d1-HOM-UHI-62618e628e-r1,SS-102adc95e052,5,0,single_solve,OPTIMAL,FEASIBLE_POINT,689315.3910784809,689315.3910784809,0,76416,76416,117268,147238,2388,0,2388,11940,2388,256,0,0,NaN,0,NaN,7.216449660063518e-16,0.0,
1,9,MULTISTAGE_RH,NONE,shared_battery_mode_node_level_v1,SI-Drahi_17-d1-HOM-UHI-BLO-bf2d3053ce,TK-PB-Drahi_17-d1-HOM-UHI-62618e628e-r1,SS-19da242d4543,9,0,single_solve,OPTIMAL,FEASIBLE_POINT,729383.8659846,729383.8659846,0,76416,76416,117268,150913,2388,0,2388,11940,2388,256,0,0,NaN,0,NaN,1.4210854715202004e-14,0.0,
1,10,MULTISTAGE_RH,NONE,shared_battery_mode_node_level_v1,SI-Drahi_17-d1-HOM-UHI-BLO-bf2d3053ce,TK-PB-Drahi_17-d1-HOM-UHI-62618e628e-r1,SS-19da242d4543,9,0,single_solve,OPTIMAL,FEASIBLE_POINT,729383.8659846,729383.8659846,0,76416,76416,117268,150913,2388,0,2388,11940,2388,256,0,0,NaN,0,NaN,2.842170943040401e-14,0.0,
1,11,MULTISTAGE_RH,NONE,shared_battery_mode_node_level_v1,SI-Drahi_17-d1-HOM-UHI-BLO-bf2d3053ce,TK-PB-Drahi_17-d1-HOM-UHI-62618e628e-r1,SS-19da242d4543,9,0,single_solve,OPTIMAL,FEASIBLE_POINT,729383.8659846,729383.8659846,0,76416,76416,117268,150913,2388,0,2388,11940,2388,256,0,0,NaN,0,NaN,0.0,0.0,
1,12,MULTISTAGE_RH,NONE,shared_battery_mode_node_level_v1,SI-Drahi_17-d1-HOM-UHI-BLO-bf2d3053ce,TK-PB-Drahi_17-d1-HOM-UHI-62618e628e-r1,SS-19da242d4543,9,0,single_solve,OPTIMAL,FEASIBLE_POINT,729383.8659846,729383.8659846,0,76416,76416,117268,150913,2388,0,2388,11940,2388,256,0,0,NaN,0,NaN,5.684341886080802e-14,0.0,
1,13,MULTISTAGE_RH,NONE,shared_battery_mode_node_level_v1,SI-Drahi_17-d1-HOM-UHI-BLO-bf2d3053ce,TK-PB-Drahi_17-d1-HOM-UHI-62618e628e-r1,SS-354317d12b7f,13,0,single_solve,OPTIMAL,FEASIBLE_POINT,731762.2908790406,731762.2908790406,0,76416,76416,117268,154993,2388,0,2388,11940,2388,256,0,0,NaN,0,NaN,2.842170943040401e-14,0.0,
1,14,MULTISTAGE_RH,NONE,shared_battery_mode_node_level_v1,SI-Drahi_17-d1-HOM-UHI-BLO-bf2d3053ce,TK-PB-Drahi_17-d1-HOM-UHI-62618e628e-r1,SS-354317d12b7f,13,0,single_solve,OPTIMAL,FEASIBLE_POINT,731762.2908790406,731762.2908790406,0,76416,76416,117268,154993,2388,0,2388,11940,2388,256,0,0,NaN,0,NaN,1.4210854715202004e-14,0.0,
1,15,MULTISTAGE_RH,NONE,shared_battery_mode_node_level_v1,SI-Drahi_17-d1-HOM-UHI-BLO-bf2d3053ce,TK-PB-Drahi_17-d1-HOM-UHI-62618e628e-r1,SS-354317d12b7f,13,0,single_solve,OPTIMAL,FEASIBLE_POINT,731762.2908790406,731762.2908790406,0,76416,76416,117268,154993,2388,0,2388,11940,2388,256,0,0,NaN,0,NaN,3.552713678800501e-15,0.0,
1,16,MULTISTAGE_RH,NONE,shared_battery_mode_node_level_v1,SI-Drahi_17-d1-HOM-UHI-BLO-bf2d3053ce,TK-PB-Drahi_17-d1-HOM-UHI-62618e628e-r1,SS-354317d12b7f,13,0,single_solve,OPTIMAL,FEASIBLE_POINT,731762.2908790406,731762.2908790406,0,76416,76416,117268,154993,2388,0,2388,11940,2388,256,0,0,NaN,0,NaN,2.6645352591003757e-15,0.0,
1,17,MULTISTAGE_RH,NONE,shared_battery_mode_node_level_v1,SI-Drahi_17-d1-HOM-UHI-BLO-bf2d3053ce,TK-PB-Drahi_17-d1-HOM-UHI-62618e628e-r1,SS-c81930d9c8ba,17,0,single_solve,OPTIMAL,FEASIBLE_POINT,733702.2040756037,733702.2040756037,0,76416,76416,117268,156433,2388,0,2388,11940,2388,256,0,0,NaN,0,NaN,3.552713678800501e-15,0.0,
1,18,MULTISTAGE_RH,NONE,shared_battery_mode_node_level_v1,SI-Drahi_17-d1-HOM-UHI-BLO-bf2d3053ce,TK-PB-Drahi_17-d1-HOM-UHI-62618e628e-r1,SS-c81930d9c8ba,17,0,single_solve,OPTIMAL,FEASIBLE_POINT,733702.2040756037,733702.2040756037,0,76416,76416,117268,156433,2388,0,2388,11940,2388,256,0,0,NaN,0,NaN,1.7763568394002505e-15,0.0,
1,19,MULTISTAGE_RH,NONE,shared_battery_mode_node_level_v1,SI-Drahi_17-d1-HOM-UHI-BLO-bf2d3053ce,TK-PB-Drahi_17-d1-HOM-UHI-62618e628e-r1,SS-c81930d9c8ba,17,0,single_solve,OPTIMAL,FEASIBLE_POINT,733702.2040756037,733702.2040756037,0,76416,76416,117268,156433,2388,0,2388,11940,2388,256,0,0,NaN,0,NaN,1.1102230246251565e-16,0.0,
1,20,MULTISTAGE_RH,NONE,shared_battery_mode_node_level_v1,SI-Drahi_17-d1-HOM-UHI-BLO-bf2d3053ce,TK-PB-Drahi_17-d1-HOM-UHI-62618e628e-r1,SS-c81930d9c8ba,17,0,single_solve,OPTIMAL,FEASIBLE_POINT,733702.2040756037,733702.2040756037,0,76416,76416,117268,156433,2388,0,2388,11940,2388,256,0,0,NaN,0,NaN,0.0,0.0,
1,21,MULTISTAGE_RH,NONE,shared_battery_mode_node_level_v1,SI-Drahi_17-d1-HOM-UHI-BLO-bf2d3053ce,TK-PB-Drahi_17-d1-HOM-UHI-62618e628e-r1,SS-3cf9bda45ea4,21,0,single_solve,OPTIMAL,FEASIBLE_POINT,735295.5289529698,735295.5289529698,0,76416,76416,117268,155033,2388,0,2388,11940,2388,256,0,0,NaN,0,NaN,0.0,0.0,
1,22,MULTISTAGE_RH,NONE,shared_battery_mode_node_level_v1,SI-Drahi_17-d1-HOM-UHI-BLO-bf2d3053ce,TK-PB-Drahi_17-d1-HOM-UHI-62618e628e-r1,SS-3cf9bda45ea4,21,0,single_solve,OPTIMAL,FEASIBLE_POINT,735295.5289529698,735295.5289529698,0,76416,76416,117268,155033,2388,0,2388,11940,2388,256,0,0,NaN,0,NaN,0.0,0.0,
1,23,MULTISTAGE_RH,NONE,shared_battery_mode_node_level_v1,SI-Drahi_17-d1-HOM-UHI-BLO-bf2d3053ce,TK-PB-Drahi_17-d1-HOM-UHI-62618e628e-r1,SS-3cf9bda45ea4,21,0,single_solve,OPTIMAL,FEASIBLE_POINT,735295.5289529698,735295.5289529698,0,76416,76416,117268,155033,2388,0,2388,11940,2388,256,0,0,NaN,0,NaN,0.0,0.0,
1,24,MULTISTAGE_RH,NONE,shared_battery_mode_node_level_v1,SI-Drahi_17-d1-HOM-UHI-BLO-bf2d3053ce,TK-PB-Drahi_17-d1-HOM-UHI-62618e628e-r1,SS-3cf9bda45ea4,21,0,single_solve,OPTIMAL,FEASIBLE_POINT,735295.5289529698,735295.5289529698,0,76416,76416,117268,155033,2388,0,2388,11940,2388,256,0,0,NaN,0,NaN,0.0,0.0,
1,1,MULTISTAGE_RH,PEA,shared_battery_mode_node_level_v1,SI-Drahi_17-d1-HOM-UHI-BLO-bf2d3053ce,TK-PB-Drahi_17-d1-HOM-UHI-62618e628e-r1,SS-5d5bbea46d20,1,0,single_solve,OPTIMAL,FEASIBLE_POINT,742331.6863248551,742331.6863248551,0,76416,76416,117273,162718,2388,0,2388,11940,2388,256,0,0,NaN,0,NaN,0.0,2.5295321393059567e-12,
1,2,MULTISTAGE_RH,PEA,shared_battery_mode_node_level_v1,SI-Drahi_17-d1-HOM-UHI-BLO-bf2d3053ce,TK-PB-Drahi_17-d1-HOM-UHI-62618e628e-r1,SS-5d5bbea46d20,1,0,single_solve,OPTIMAL,FEASIBLE_POINT,742331.6863248551,742331.6863248551,0,76416,76416,117273,162718,2388,0,2388,11940,2388,256,0,0,NaN,0,NaN,0.0,2.5295321393059567e-12,
1,3,MULTISTAGE_RH,PEA,shared_battery_mode_node_level_v1,SI-Drahi_17-d1-HOM-UHI-BLO-bf2d3053ce,TK-PB-Drahi_17-d1-HOM-UHI-62618e628e-r1,SS-5d5bbea46d20,1,0,single_solve,OPTIMAL,FEASIBLE_POINT,742331.6863248551,742331.6863248551,0,76416,76416,117273,162718,2388,0,2388,11940,2388,256,0,0,NaN,0,NaN,0.0,2.5295321393059567e-12,
1,4,MULTISTAGE_RH,PEA,shared_battery_mode_node_level_v1,SI-Drahi_17-d1-HOM-UHI-BLO-bf2d3053ce,TK-PB-Drahi_17-d1-HOM-UHI-62618e628e-r1,SS-5d5bbea46d20,1,0,single_solve,OPTIMAL,FEASIBLE_POINT,742331.6863248551,742331.6863248551,0,76416,76416,117273,162718,2388,0,2388,11940,2388,256,0,0,NaN,0,NaN,0.0,2.5295321393059567e-12,
1,5,MULTISTAGE_RH,PEA,shared_battery_mode_node_level_v1,SI-Drahi_17-d1-HOM-UHI-BLO-bf2d3053ce,TK-PB-Drahi_17-d1-HOM-UHI-62618e628e-r1,SS-102adc95e052,5,0,single_solve,OPTIMAL,FEASIBLE_POINT,689315.3910784809,689315.3910784809,0,76416,76416,117273,159178,2388,0,2388,11940,2388,256,0,0,NaN,0,NaN,0.0,5.115907697472721e-13,
1,6,MULTISTAGE_RH,PEA,shared_battery_mode_node_level_v1,SI-Drahi_17-d1-HOM-UHI-BLO-bf2d3053ce,TK-PB-Drahi_17-d1-HOM-UHI-62618e628e-r1,SS-102adc95e052,5,0,single_solve,OPTIMAL,FEASIBLE_POINT,689315.3910784809,689315.3910784809,0,76416,76416,117273,159178,2388,0,2388,11940,2388,256,0,0,NaN,0,NaN,1.4210854715202004e-14,5.115907697472721e-13,
1,7,MULTISTAGE_RH,PEA,shared_battery_mode_node_level_v1,SI-Drahi_17-d1-HOM-UHI-BLO-bf2d3053ce,TK-PB-Drahi_17-d1-HOM-UHI-62618e628e-r1,SS-102adc95e052,5,0,single_solve,OPTIMAL,FEASIBLE_POINT,689315.3910784809,689315.3910784809,0,76416,76416,117273,159178,2388,0,2388,11940,2388,256,0,0,NaN,0,NaN,0.0,5.115907697472721e-13,
1,8,MULTISTAGE_RH,PEA,shared_battery_mode_node_level_v1,SI-Drahi_17-d1-HOM-UHI-BLO-bf2d3053ce,TK-PB-Drahi_17-d1-HOM-UHI-62618e628e-r1,SS-102adc95e052,5,0,single_solve,OPTIMAL,FEASIBLE_POINT,689315.3910784809,689315.3910784809,0,76416,76416,117273,159178,2388,0,2388,11940,2388,256,0,0,NaN,0,NaN,7.216449660063518e-16,5.115907697472721e-13,
1,9,MULTISTAGE_RH,PEA,shared_battery_mode_node_level_v1,SI-Drahi_17-d1-HOM-UHI-BLO-bf2d3053ce,TK-PB-Drahi_17-d1-HOM-UHI-62618e628e-r1,SS-19da242d4543,9,0,single_solve,OPTIMAL,FEASIBLE_POINT,729383.8659845999,729383.8659845999,0,76416,76416,117273,162853,2388,0,2388,11940,2388,256,0,0,NaN,0,NaN,1.4210854715202004e-14,7.958078640513122e-13,
1,10,MULTISTAGE_RH,PEA,shared_battery_mode_node_level_v1,SI-Drahi_17-d1-HOM-UHI-BLO-bf2d3053ce,TK-PB-Drahi_17-d1-HOM-UHI-62618e628e-r1,SS-19da242d4543,9,0,single_solve,OPTIMAL,FEASIBLE_POINT,729383.8659845999,729383.8659845999,0,76416,76416,117273,162853,2388,0,2388,11940,2388,256,0,0,NaN,0,NaN,2.842170943040401e-14,7.958078640513122e-13,
1,11,MULTISTAGE_RH,PEA,shared_battery_mode_node_level_v1,SI-Drahi_17-d1-HOM-UHI-BLO-bf2d3053ce,TK-PB-Drahi_17-d1-HOM-UHI-62618e628e-r1,SS-19da242d4543,9,0,single_solve,OPTIMAL,FEASIBLE_POINT,729383.8659845999,729383.8659845999,0,76416,76416,117273,162853,2388,0,2388,11940,2388,256,0,0,NaN,0,NaN,0.0,7.958078640513122e-13,
1,12,MULTISTAGE_RH,PEA,shared_battery_mode_node_level_v1,SI-Drahi_17-d1-HOM-UHI-BLO-bf2d3053ce,TK-PB-Drahi_17-d1-HOM-UHI-62618e628e-r1,SS-19da242d4543,9,0,single_solve,OPTIMAL,FEASIBLE_POINT,729383.8659845999,729383.8659845999,0,76416,76416,117273,162853,2388,0,2388,11940,2388,256,0,0,NaN,0,NaN,2.842170943040401e-14,7.958078640513122e-13,
1,13,MULTISTAGE_RH,PEA,shared_battery_mode_node_level_v1,SI-Drahi_17-d1-HOM-UHI-BLO-bf2d3053ce,TK-PB-Drahi_17-d1-HOM-UHI-62618e628e-r1,SS-354317d12b7f,13,0,single_solve,OPTIMAL,FEASIBLE_POINT,731762.2908790408,731762.2908790408,0,76416,76416,117273,166933,2388,0,2388,11940,2388,256,0,0,NaN,0,NaN,2.842170943040401e-14,3.410605131648481e-13,
1,14,MULTISTAGE_RH,PEA,shared_battery_mode_node_level_v1,SI-Drahi_17-d1-HOM-UHI-BLO-bf2d3053ce,TK-PB-Drahi_17-d1-HOM-UHI-62618e628e-r1,SS-354317d12b7f,13,0,single_solve,OPTIMAL,FEASIBLE_POINT,731762.2908790408,731762.2908790408,0,76416,76416,117273,166933,2388,0,2388,11940,2388,256,0,0,NaN,0,NaN,2.842170943040401e-14,3.410605131648481e-13,
1,15,MULTISTAGE_RH,PEA,shared_battery_mode_node_level_v1,SI-Drahi_17-d1-HOM-UHI-BLO-bf2d3053ce,TK-PB-Drahi_17-d1-HOM-UHI-62618e628e-r1,SS-354317d12b7f,13,0,single_solve,OPTIMAL,FEASIBLE_POINT,731762.2908790408,731762.2908790408,0,76416,76416,117273,166933,2388,0,2388,11940,2388,256,0,0,NaN,0,NaN,3.552713678800501e-15,3.410605131648481e-13,
1,16,MULTISTAGE_RH,PEA,shared_battery_mode_node_level_v1,SI-Drahi_17-d1-HOM-UHI-BLO-bf2d3053ce,TK-PB-Drahi_17-d1-HOM-UHI-62618e628e-r1,SS-354317d12b7f,13,0,single_solve,OPTIMAL,FEASIBLE_POINT,731762.2908790408,731762.2908790408,0,76416,76416,117273,166933,2388,0,2388,11940,2388,256,0,0,NaN,0,NaN,0.0,3.410605131648481e-13,
1,17,MULTISTAGE_RH,PEA,shared_battery_mode_node_level_v1,SI-Drahi_17-d1-HOM-UHI-BLO-bf2d3053ce,TK-PB-Drahi_17-d1-HOM-UHI-62618e628e-r1,SS-c81930d9c8ba,17,0,single_solve,OPTIMAL,FEASIBLE_POINT,733702.2040756046,733702.2040756046,0,76416,76416,117273,168373,2388,0,2388,11940,2388,256,0,0,NaN,0,NaN,7.105427357601002e-15,5.684341886080801e-13,
1,18,MULTISTAGE_RH,PEA,shared_battery_mode_node_level_v1,SI-Drahi_17-d1-HOM-UHI-BLO-bf2d3053ce,TK-PB-Drahi_17-d1-HOM-UHI-62618e628e-r1,SS-c81930d9c8ba,17,0,single_solve,OPTIMAL,FEASIBLE_POINT,733702.2040756046,733702.2040756046,0,76416,76416,117273,168373,2388,0,2388,11940,2388,256,0,0,NaN,0,NaN,1.7763568394002505e-15,5.684341886080801e-13,
1,19,MULTISTAGE_RH,PEA,shared_battery_mode_node_level_v1,SI-Drahi_17-d1-HOM-UHI-BLO-bf2d3053ce,TK-PB-Drahi_17-d1-HOM-UHI-62618e628e-r1,SS-c81930d9c8ba,17,0,single_solve,OPTIMAL,FEASIBLE_POINT,733702.2040756046,733702.2040756046,0,76416,76416,117273,168373,2388,0,2388,11940,2388,256,0,0,NaN,0,NaN,5.551115123125783e-17,5.684341886080801e-13,
1,20,MULTISTAGE_RH,PEA,shared_battery_mode_node_level_v1,SI-Drahi_17-d1-HOM-UHI-BLO-bf2d3053ce,TK-PB-Drahi_17-d1-HOM-UHI-62618e628e-r1,SS-c81930d9c8ba,17,0,single_solve,OPTIMAL,FEASIBLE_POINT,733702.2040756046,733702.2040756046,0,76416,76416,117273,168373,2388,0,2388,11940,2388,256,0,0,NaN,0,NaN,0.0,5.684341886080801e-13,
1,21,MULTISTAGE_RH,PEA,shared_battery_mode_node_level_v1,SI-Drahi_17-d1-HOM-UHI-BLO-bf2d3053ce,TK-PB-Drahi_17-d1-HOM-UHI-62618e628e-r1,SS-3cf9bda45ea4,21,0,single_solve,OPTIMAL,FEASIBLE_POINT,735295.5289529711,735295.5289529711,0,76416,76416,117273,166973,2388,0,2388,11940,2388,256,0,0,NaN,0,NaN,0.0,2.2737367544323206e-13,
1,22,MULTISTAGE_RH,PEA,shared_battery_mode_node_level_v1,SI-Drahi_17-d1-HOM-UHI-BLO-bf2d3053ce,TK-PB-Drahi_17-d1-HOM-UHI-62618e628e-r1,SS-3cf9bda45ea4,21,0,single_solve,OPTIMAL,FEASIBLE_POINT,735295.5289529711,735295.5289529711,0,76416,76416,117273,166973,2388,0,2388,11940,2388,256,0,0,NaN,0,NaN,0.0,2.2737367544323206e-13,
1,23,MULTISTAGE_RH,PEA,shared_battery_mode_node_level_v1,SI-Drahi_17-d1-HOM-UHI-BLO-bf2d3053ce,TK-PB-Drahi_17-d1-HOM-UHI-62618e628e-r1,SS-3cf9bda45ea4,21,0,single_solve,OPTIMAL,FEASIBLE_POINT,735295.5289529711,735295.5289529711,0,76416,76416,117273,166973,2388,0,2388,11940,2388,256,0,0,NaN,0,NaN,0.0,2.2737367544323206e-13,
1,24,MULTISTAGE_RH,PEA,shared_battery_mode_node_level_v1,SI-Drahi_17-d1-HOM-UHI-BLO-bf2d3053ce,TK-PB-Drahi_17-d1-HOM-UHI-62618e628e-r1,SS-3cf9bda45ea4,21,0,single_solve,OPTIMAL,FEASIBLE_POINT,735295.5289529711,735295.5289529711,0,76416,76416,117273,166973,2388,0,2388,11940,2388,256,0,0,NaN,0,NaN,0.0,2.2737367544323206e-13,
1,1,MULTISTAGE_RH,SA,shared_battery_mode_node_level_v1,SI-Drahi_17-d1-HOM-UHI-BLO-bf2d3053ce,TK-PB-Drahi_17-d1-HOM-UHI-62618e628e-r1,SS-5d5bbea46d20,1,0,single_solve,OPTIMAL,FEASIBLE_POINT,742331.6863248567,742331.6863248567,0,76416,76416,117273,329878,2388,0,2388,11940,2388,256,0,0,NaN,0,NaN,1.1546319456101628e-14,1.7462298274040222e-10,
1,2,MULTISTAGE_RH,SA,shared_battery_mode_node_level_v1,SI-Drahi_17-d1-HOM-UHI-BLO-bf2d3053ce,TK-PB-Drahi_17-d1-HOM-UHI-62618e628e-r1,SS-5d5bbea46d20,1,0,single_solve,OPTIMAL,FEASIBLE_POINT,742331.6863248567,742331.6863248567,0,76416,76416,117273,329878,2388,0,2388,11940,2388,256,0,0,NaN,0,NaN,1.0658141036401503e-14,1.7462298274040222e-10,
1,3,MULTISTAGE_RH,SA,shared_battery_mode_node_level_v1,SI-Drahi_17-d1-HOM-UHI-BLO-bf2d3053ce,TK-PB-Drahi_17-d1-HOM-UHI-62618e628e-r1,SS-5d5bbea46d20,1,0,single_solve,OPTIMAL,FEASIBLE_POINT,742331.6863248567,742331.6863248567,0,76416,76416,117273,329878,2388,0,2388,11940,2388,256,0,0,NaN,0,NaN,1.0658141036401503e-14,1.7462298274040222e-10,
1,4,MULTISTAGE_RH,SA,shared_battery_mode_node_level_v1,SI-Drahi_17-d1-HOM-UHI-BLO-bf2d3053ce,TK-PB-Drahi_17-d1-HOM-UHI-62618e628e-r1,SS-5d5bbea46d20,1,0,single_solve,OPTIMAL,FEASIBLE_POINT,742331.6863248567,742331.6863248567,0,76416,76416,117273,329878,2388,0,2388,11940,2388,256,0,0,NaN,0,NaN,1.0658141036401503e-14,1.7462298274040222e-10,
1,5,MULTISTAGE_RH,SA,shared_battery_mode_node_level_v1,SI-Drahi_17-d1-HOM-UHI-BLO-bf2d3053ce,TK-PB-Drahi_17-d1-HOM-UHI-62618e628e-r1,SS-102adc95e052,5,0,single_solve,OPTIMAL,FEASIBLE_POINT,689315.3910784808,689315.3910784808,0,76416,76416,117273,326338,2388,0,2388,11940,2388,256,0,0,NaN,0,NaN,0.0,3.7834979593753815e-10,
1,6,MULTISTAGE_RH,SA,shared_battery_mode_node_level_v1,SI-Drahi_17-d1-HOM-UHI-BLO-bf2d3053ce,TK-PB-Drahi_17-d1-HOM-UHI-62618e628e-r1,SS-102adc95e052,5,0,single_solve,OPTIMAL,FEASIBLE_POINT,689315.3910784808,689315.3910784808,0,76416,76416,117273,326338,2388,0,2388,11940,2388,256,0,0,NaN,0,NaN,0.0,3.7834979593753815e-10,
1,7,MULTISTAGE_RH,SA,shared_battery_mode_node_level_v1,SI-Drahi_17-d1-HOM-UHI-BLO-bf2d3053ce,TK-PB-Drahi_17-d1-HOM-UHI-62618e628e-r1,SS-102adc95e052,5,0,single_solve,OPTIMAL,FEASIBLE_POINT,689315.3910784808,689315.3910784808,0,76416,76416,117273,326338,2388,0,2388,11940,2388,256,0,0,NaN,0,NaN,1.4210854715202004e-14,3.7834979593753815e-10,
1,8,MULTISTAGE_RH,SA,shared_battery_mode_node_level_v1,SI-Drahi_17-d1-HOM-UHI-BLO-bf2d3053ce,TK-PB-Drahi_17-d1-HOM-UHI-62618e628e-r1,SS-102adc95e052,5,0,single_solve,OPTIMAL,FEASIBLE_POINT,689315.3910784808,689315.3910784808,0,76416,76416,117273,326338,2388,0,2388,11940,2388,256,0,0,NaN,0,NaN,8.526512829121202e-14,3.7834979593753815e-10,
1,9,MULTISTAGE_RH,SA,shared_battery_mode_node_level_v1,SI-Drahi_17-d1-HOM-UHI-BLO-bf2d3053ce,TK-PB-Drahi_17-d1-HOM-UHI-62618e628e-r1,SS-19da242d4543,9,0,single_solve,OPTIMAL,FEASIBLE_POINT,729383.8659846,729383.8659846,0,76416,76416,117273,330013,2388,0,2388,11940,2388,256,0,0,NaN,0,NaN,1.4210854715202004e-14,2.1827872842550278e-10,
1,10,MULTISTAGE_RH,SA,shared_battery_mode_node_level_v1,SI-Drahi_17-d1-HOM-UHI-BLO-bf2d3053ce,TK-PB-Drahi_17-d1-HOM-UHI-62618e628e-r1,SS-19da242d4543,9,0,single_solve,OPTIMAL,FEASIBLE_POINT,729383.8659846,729383.8659846,0,76416,76416,117273,330013,2388,0,2388,11940,2388,256,0,0,NaN,0,NaN,2.842170943040401e-14,2.1827872842550278e-10,
1,11,MULTISTAGE_RH,SA,shared_battery_mode_node_level_v1,SI-Drahi_17-d1-HOM-UHI-BLO-bf2d3053ce,TK-PB-Drahi_17-d1-HOM-UHI-62618e628e-r1,SS-19da242d4543,9,0,single_solve,OPTIMAL,FEASIBLE_POINT,729383.8659846,729383.8659846,0,76416,76416,117273,330013,2388,0,2388,11940,2388,256,0,0,NaN,0,NaN,0.0,2.1827872842550278e-10,
1,12,MULTISTAGE_RH,SA,shared_battery_mode_node_level_v1,SI-Drahi_17-d1-HOM-UHI-BLO-bf2d3053ce,TK-PB-Drahi_17-d1-HOM-UHI-62618e628e-r1,SS-19da242d4543,9,0,single_solve,OPTIMAL,FEASIBLE_POINT,729383.8659846,729383.8659846,0,76416,76416,117273,330013,2388,0,2388,11940,2388,256,0,0,NaN,0,NaN,5.684341886080802e-14,2.1827872842550278e-10,
1,13,MULTISTAGE_RH,SA,shared_battery_mode_node_level_v1,SI-Drahi_17-d1-HOM-UHI-BLO-bf2d3053ce,TK-PB-Drahi_17-d1-HOM-UHI-62618e628e-r1,SS-354317d12b7f,13,0,single_solve,OPTIMAL,FEASIBLE_POINT,731762.290879041,731762.290879041,0,76416,76416,117273,334093,2388,0,2388,11940,2388,256,0,0,NaN,0,NaN,0.0,2.6193447411060333e-10,
1,14,MULTISTAGE_RH,SA,shared_battery_mode_node_level_v1,SI-Drahi_17-d1-HOM-UHI-BLO-bf2d3053ce,TK-PB-Drahi_17-d1-HOM-UHI-62618e628e-r1,SS-354317d12b7f,13,0,single_solve,OPTIMAL,FEASIBLE_POINT,731762.290879041,731762.290879041,0,76416,76416,117273,334093,2388,0,2388,11940,2388,256,0,0,NaN,0,NaN,1.4210854715202004e-14,2.6193447411060333e-10,
1,15,MULTISTAGE_RH,SA,shared_battery_mode_node_level_v1,SI-Drahi_17-d1-HOM-UHI-BLO-bf2d3053ce,TK-PB-Drahi_17-d1-HOM-UHI-62618e628e-r1,SS-354317d12b7f,13,0,single_solve,OPTIMAL,FEASIBLE_POINT,731762.290879041,731762.290879041,0,76416,76416,117273,334093,2388,0,2388,11940,2388,256,0,0,NaN,0,NaN,3.552713678800501e-15,2.6193447411060333e-10,
1,16,MULTISTAGE_RH,SA,shared_battery_mode_node_level_v1,SI-Drahi_17-d1-HOM-UHI-BLO-bf2d3053ce,TK-PB-Drahi_17-d1-HOM-UHI-62618e628e-r1,SS-354317d12b7f,13,0,single_solve,OPTIMAL,FEASIBLE_POINT,731762.290879041,731762.290879041,0,76416,76416,117273,334093,2388,0,2388,11940,2388,256,0,0,NaN,0,NaN,2.6645352591003757e-15,2.6193447411060333e-10,
1,17,MULTISTAGE_RH,SA,shared_battery_mode_node_level_v1,SI-Drahi_17-d1-HOM-UHI-BLO-bf2d3053ce,TK-PB-Drahi_17-d1-HOM-UHI-62618e628e-r1,SS-c81930d9c8ba,17,0,single_solve,OPTIMAL,FEASIBLE_POINT,733702.2040756044,733702.2040756044,0,76416,76416,117273,335533,2388,0,2388,11940,2388,256,0,0,NaN,0,NaN,7.105427357601002e-15,3.2014213502407074e-10,
1,18,MULTISTAGE_RH,SA,shared_battery_mode_node_level_v1,SI-Drahi_17-d1-HOM-UHI-BLO-bf2d3053ce,TK-PB-Drahi_17-d1-HOM-UHI-62618e628e-r1,SS-c81930d9c8ba,17,0,single_solve,OPTIMAL,FEASIBLE_POINT,733702.2040756044,733702.2040756044,0,76416,76416,117273,335533,2388,0,2388,11940,2388,256,0,0,NaN,0,NaN,6.661338147750939e-16,3.2014213502407074e-10,
1,19,MULTISTAGE_RH,SA,shared_battery_mode_node_level_v1,SI-Drahi_17-d1-HOM-UHI-BLO-bf2d3053ce,TK-PB-Drahi_17-d1-HOM-UHI-62618e628e-r1,SS-c81930d9c8ba,17,0,single_solve,OPTIMAL,FEASIBLE_POINT,733702.2040756044,733702.2040756044,0,76416,76416,117273,335533,2388,0,2388,11940,2388,256,0,0,NaN,0,NaN,1.1102230246251565e-16,3.2014213502407074e-10,
1,20,MULTISTAGE_RH,SA,shared_battery_mode_node_level_v1,SI-Drahi_17-d1-HOM-UHI-BLO-bf2d3053ce,TK-PB-Drahi_17-d1-HOM-UHI-62618e628e-r1,SS-c81930d9c8ba,17,0,single_solve,OPTIMAL,FEASIBLE_POINT,733702.2040756044,733702.2040756044,0,76416,76416,117273,335533,2388,0,2388,11940,2388,256,0,0,NaN,0,NaN,0.0,3.2014213502407074e-10,
1,21,MULTISTAGE_RH,SA,shared_battery_mode_node_level_v1,SI-Drahi_17-d1-HOM-UHI-BLO-bf2d3053ce,TK-PB-Drahi_17-d1-HOM-UHI-62618e628e-r1,SS-3cf9bda45ea4,21,0,single_solve,OPTIMAL,FEASIBLE_POINT,735295.5289529711,735295.5289529711,0,76416,76416,117273,334133,2388,0,2388,11940,2388,256,0,0,NaN,0,NaN,0.0,8.294591680169106e-10,
1,22,MULTISTAGE_RH,SA,shared_battery_mode_node_level_v1,SI-Drahi_17-d1-HOM-UHI-BLO-bf2d3053ce,TK-PB-Drahi_17-d1-HOM-UHI-62618e628e-r1,SS-3cf9bda45ea4,21,0,single_solve,OPTIMAL,FEASIBLE_POINT,735295.5289529711,735295.5289529711,0,76416,76416,117273,334133,2388,0,2388,11940,2388,256,0,0,NaN,0,NaN,0.0,8.294591680169106e-10,
1,23,MULTISTAGE_RH,SA,shared_battery_mode_node_level_v1,SI-Drahi_17-d1-HOM-UHI-BLO-bf2d3053ce,TK-PB-Drahi_17-d1-HOM-UHI-62618e628e-r1,SS-3cf9bda45ea4,21,0,single_solve,OPTIMAL,FEASIBLE_POINT,735295.5289529711,735295.5289529711,0,76416,76416,117273,334133,2388,0,2388,11940,2388,256,0,0,NaN,0,NaN,0.0,8.294591680169106e-10,
1,24,MULTISTAGE_RH,SA,shared_battery_mode_node_level_v1,SI-Drahi_17-d1-HOM-UHI-BLO-bf2d3053ce,TK-PB-Drahi_17-d1-HOM-UHI-62618e628e-r1,SS-3cf9bda45ea4,21,0,single_solve,OPTIMAL,FEASIBLE_POINT,735295.5289529711,735295.5289529711,0,76416,76416,117273,334133,2388,0,2388,11940,2388,256,0,0,NaN,0,NaN,0.0,8.294591680169106e-10,
1,1,MULTISTAGE_RH,STATIC_DEMAND_SHARE,shared_battery_mode_node_level_v1,SI-Drahi_17-d1-HOM-UHI-BLO-bf2d3053ce,TK-PB-Drahi_17-d1-HOM-UHI-62618e628e-r1,SS-5d5bbea46d20,1,0,single_solve,OPTIMAL,FEASIBLE_POINT,742331.6863248553,742331.6863248553,0,76416,76416,129208,162718,2388,0,2388,11940,2388,256,0,0,NaN,0,NaN,0.0,0.0,
1,2,MULTISTAGE_RH,STATIC_DEMAND_SHARE,shared_battery_mode_node_level_v1,SI-Drahi_17-d1-HOM-UHI-BLO-bf2d3053ce,TK-PB-Drahi_17-d1-HOM-UHI-62618e628e-r1,SS-5d5bbea46d20,1,0,single_solve,OPTIMAL,FEASIBLE_POINT,742331.6863248553,742331.6863248553,0,76416,76416,129208,162718,2388,0,2388,11940,2388,256,0,0,NaN,0,NaN,0.0,0.0,
1,3,MULTISTAGE_RH,STATIC_DEMAND_SHARE,shared_battery_mode_node_level_v1,SI-Drahi_17-d1-HOM-UHI-BLO-bf2d3053ce,TK-PB-Drahi_17-d1-HOM-UHI-62618e628e-r1,SS-5d5bbea46d20,1,0,single_solve,OPTIMAL,FEASIBLE_POINT,742331.6863248553,742331.6863248553,0,76416,76416,129208,162718,2388,0,2388,11940,2388,256,0,0,NaN,0,NaN,0.0,0.0,
1,4,MULTISTAGE_RH,STATIC_DEMAND_SHARE,shared_battery_mode_node_level_v1,SI-Drahi_17-d1-HOM-UHI-BLO-bf2d3053ce,TK-PB-Drahi_17-d1-HOM-UHI-62618e628e-r1,SS-5d5bbea46d20,1,0,single_solve,OPTIMAL,FEASIBLE_POINT,742331.6863248553,742331.6863248553,0,76416,76416,129208,162718,2388,0,2388,11940,2388,256,0,0,NaN,0,NaN,0.0,0.0,
1,5,MULTISTAGE_RH,STATIC_DEMAND_SHARE,shared_battery_mode_node_level_v1,SI-Drahi_17-d1-HOM-UHI-BLO-bf2d3053ce,TK-PB-Drahi_17-d1-HOM-UHI-62618e628e-r1,SS-102adc95e052,5,0,single_solve,OPTIMAL,FEASIBLE_POINT,689315.3910784828,689315.3910784828,0,76416,76416,129208,159178,2388,0,2388,11940,2388,256,0,0,NaN,0,NaN,0.0,0.0,
1,6,MULTISTAGE_RH,STATIC_DEMAND_SHARE,shared_battery_mode_node_level_v1,SI-Drahi_17-d1-HOM-UHI-BLO-bf2d3053ce,TK-PB-Drahi_17-d1-HOM-UHI-62618e628e-r1,SS-102adc95e052,5,0,single_solve,OPTIMAL,FEASIBLE_POINT,689315.3910784828,689315.3910784828,0,76416,76416,129208,159178,2388,0,2388,11940,2388,256,0,0,NaN,0,NaN,3.552713678800501e-15,0.0,
1,7,MULTISTAGE_RH,STATIC_DEMAND_SHARE,shared_battery_mode_node_level_v1,SI-Drahi_17-d1-HOM-UHI-BLO-bf2d3053ce,TK-PB-Drahi_17-d1-HOM-UHI-62618e628e-r1,SS-102adc95e052,5,0,single_solve,OPTIMAL,FEASIBLE_POINT,689315.3910784828,689315.3910784828,0,76416,76416,129208,159178,2388,0,2388,11940,2388,256,0,0,NaN,0,NaN,1.4210854715202004e-14,0.0,
1,8,MULTISTAGE_RH,STATIC_DEMAND_SHARE,shared_battery_mode_node_level_v1,SI-Drahi_17-d1-HOM-UHI-BLO-bf2d3053ce,TK-PB-Drahi_17-d1-HOM-UHI-62618e628e-r1,SS-102adc95e052,5,0,single_solve,OPTIMAL,FEASIBLE_POINT,689315.3910784828,689315.3910784828,0,76416,76416,129208,159178,2388,0,2388,11940,2388,256,0,0,NaN,0,NaN,2.842170943040401e-14,0.0,
1,9,MULTISTAGE_RH,STATIC_DEMAND_SHARE,shared_battery_mode_node_level_v1,SI-Drahi_17-d1-HOM-UHI-BLO-bf2d3053ce,TK-PB-Drahi_17-d1-HOM-UHI-62618e628e-r1,SS-19da242d4543,9,0,single_solve,OPTIMAL,FEASIBLE_POINT,729383.865984601,729383.865984601,0,76416,76416,129208,162853,2388,0,2388,11940,2388,256,0,0,NaN,0,NaN,7.216449660063518e-16,0.0,
1,10,MULTISTAGE_RH,STATIC_DEMAND_SHARE,shared_battery_mode_node_level_v1,SI-Drahi_17-d1-HOM-UHI-BLO-bf2d3053ce,TK-PB-Drahi_17-d1-HOM-UHI-62618e628e-r1,SS-19da242d4543,9,0,single_solve,OPTIMAL,FEASIBLE_POINT,729383.865984601,729383.865984601,0,76416,76416,129208,162853,2388,0,2388,11940,2388,256,0,0,NaN,0,NaN,2.842170943040401e-14,0.0,
1,11,MULTISTAGE_RH,STATIC_DEMAND_SHARE,shared_battery_mode_node_level_v1,SI-Drahi_17-d1-HOM-UHI-BLO-bf2d3053ce,TK-PB-Drahi_17-d1-HOM-UHI-62618e628e-r1,SS-19da242d4543,9,0,single_solve,OPTIMAL,FEASIBLE_POINT,729383.865984601,729383.865984601,0,76416,76416,129208,162853,2388,0,2388,11940,2388,256,0,0,NaN,0,NaN,0.0,0.0,
1,12,MULTISTAGE_RH,STATIC_DEMAND_SHARE,shared_battery_mode_node_level_v1,SI-Drahi_17-d1-HOM-UHI-BLO-bf2d3053ce,TK-PB-Drahi_17-d1-HOM-UHI-62618e628e-r1,SS-19da242d4543,9,0,single_solve,OPTIMAL,FEASIBLE_POINT,729383.865984601,729383.865984601,0,76416,76416,129208,162853,2388,0,2388,11940,2388,256,0,0,NaN,0,NaN,7.105427357601002e-15,0.0,
1,13,MULTISTAGE_RH,STATIC_DEMAND_SHARE,shared_battery_mode_node_level_v1,SI-Drahi_17-d1-HOM-UHI-BLO-bf2d3053ce,TK-PB-Drahi_17-d1-HOM-UHI-62618e628e-r1,SS-354317d12b7f,13,0,single_solve,OPTIMAL,FEASIBLE_POINT,731762.2908790403,731762.2908790403,0,76416,76416,129208,166933,2388,0,2388,11940,2388,256,0,0,NaN,0,NaN,0.0,0.0,
1,14,MULTISTAGE_RH,STATIC_DEMAND_SHARE,shared_battery_mode_node_level_v1,SI-Drahi_17-d1-HOM-UHI-BLO-bf2d3053ce,TK-PB-Drahi_17-d1-HOM-UHI-62618e628e-r1,SS-354317d12b7f,13,0,single_solve,OPTIMAL,FEASIBLE_POINT,731762.2908790403,731762.2908790403,0,76416,76416,129208,166933,2388,0,2388,11940,2388,256,0,0,NaN,0,NaN,1.4210854715202004e-14,0.0,
1,15,MULTISTAGE_RH,STATIC_DEMAND_SHARE,shared_battery_mode_node_level_v1,SI-Drahi_17-d1-HOM-UHI-BLO-bf2d3053ce,TK-PB-Drahi_17-d1-HOM-UHI-62618e628e-r1,SS-354317d12b7f,13,0,single_solve,OPTIMAL,FEASIBLE_POINT,731762.2908790403,731762.2908790403,0,76416,76416,129208,166933,2388,0,2388,11940,2388,256,0,0,NaN,0,NaN,0.0,0.0,
1,16,MULTISTAGE_RH,STATIC_DEMAND_SHARE,shared_battery_mode_node_level_v1,SI-Drahi_17-d1-HOM-UHI-BLO-bf2d3053ce,TK-PB-Drahi_17-d1-HOM-UHI-62618e628e-r1,SS-354317d12b7f,13,0,single_solve,OPTIMAL,FEASIBLE_POINT,731762.2908790403,731762.2908790403,0,76416,76416,129208,166933,2388,0,2388,11940,2388,256,0,0,NaN,0,NaN,0.0,0.0,
1,17,MULTISTAGE_RH,STATIC_DEMAND_SHARE,shared_battery_mode_node_level_v1,SI-Drahi_17-d1-HOM-UHI-BLO-bf2d3053ce,TK-PB-Drahi_17-d1-HOM-UHI-62618e628e-r1,SS-c81930d9c8ba,17,0,single_solve,OPTIMAL,FEASIBLE_POINT,733702.204075603,733702.204075603,0,76416,76416,129208,168373,2388,0,2388,11940,2388,256,0,0,NaN,0,NaN,8.881784197001252e-16,0.0,
1,18,MULTISTAGE_RH,STATIC_DEMAND_SHARE,shared_battery_mode_node_level_v1,SI-Drahi_17-d1-HOM-UHI-BLO-bf2d3053ce,TK-PB-Drahi_17-d1-HOM-UHI-62618e628e-r1,SS-c81930d9c8ba,17,0,single_solve,OPTIMAL,FEASIBLE_POINT,733702.204075603,733702.204075603,0,76416,76416,129208,168373,2388,0,2388,11940,2388,256,0,0,NaN,0,NaN,0.0,0.0,
1,19,MULTISTAGE_RH,STATIC_DEMAND_SHARE,shared_battery_mode_node_level_v1,SI-Drahi_17-d1-HOM-UHI-BLO-bf2d3053ce,TK-PB-Drahi_17-d1-HOM-UHI-62618e628e-r1,SS-c81930d9c8ba,17,0,single_solve,OPTIMAL,FEASIBLE_POINT,733702.204075603,733702.204075603,0,76416,76416,129208,168373,2388,0,2388,11940,2388,256,0,0,NaN,0,NaN,5.551115123125783e-17,0.0,
1,20,MULTISTAGE_RH,STATIC_DEMAND_SHARE,shared_battery_mode_node_level_v1,SI-Drahi_17-d1-HOM-UHI-BLO-bf2d3053ce,TK-PB-Drahi_17-d1-HOM-UHI-62618e628e-r1,SS-c81930d9c8ba,17,0,single_solve,OPTIMAL,FEASIBLE_POINT,733702.204075603,733702.204075603,0,76416,76416,129208,168373,2388,0,2388,11940,2388,256,0,0,NaN,0,NaN,0.0,0.0,
1,21,MULTISTAGE_RH,STATIC_DEMAND_SHARE,shared_battery_mode_node_level_v1,SI-Drahi_17-d1-HOM-UHI-BLO-bf2d3053ce,TK-PB-Drahi_17-d1-HOM-UHI-62618e628e-r1,SS-3cf9bda45ea4,21,0,single_solve,OPTIMAL,FEASIBLE_POINT,735295.5289529699,735295.5289529699,0,76416,76416,129208,166973,2388,0,2388,11940,2388,256,0,0,NaN,0,NaN,0.0,0.0,
1,22,MULTISTAGE_RH,STATIC_DEMAND_SHARE,shared_battery_mode_node_level_v1,SI-Drahi_17-d1-HOM-UHI-BLO-bf2d3053ce,TK-PB-Drahi_17-d1-HOM-UHI-62618e628e-r1,SS-3cf9bda45ea4,21,0,single_solve,OPTIMAL,FEASIBLE_POINT,735295.5289529699,735295.5289529699,0,76416,76416,129208,166973,2388,0,2388,11940,2388,256,0,0,NaN,0,NaN,0.0,0.0,
1,23,MULTISTAGE_RH,STATIC_DEMAND_SHARE,shared_battery_mode_node_level_v1,SI-Drahi_17-d1-HOM-UHI-BLO-bf2d3053ce,TK-PB-Drahi_17-d1-HOM-UHI-62618e628e-r1,SS-3cf9bda45ea4,21,0,single_solve,OPTIMAL,FEASIBLE_POINT,735295.5289529699,735295.5289529699,0,76416,76416,129208,166973,2388,0,2388,11940,2388,256,0,0,NaN,0,NaN,0.0,0.0,
1,24,MULTISTAGE_RH,STATIC_DEMAND_SHARE,shared_battery_mode_node_level_v1,SI-Drahi_17-d1-HOM-UHI-BLO-bf2d3053ce,TK-PB-Drahi_17-d1-HOM-UHI-62618e628e-r1,SS-3cf9bda45ea4,21,0,single_solve,OPTIMAL,FEASIBLE_POINT,735295.5289529699,735295.5289529699,0,76416,76416,129208,166973,2388,0,2388,11940,2388,256,0,0,NaN,0,NaN,0.0,0.0,
1,1,TWO_STAGE_RH,LEXMMFPEA,shared_battery_mode_node_level_v1,SI-Drahi_17-d1-HOM-UHI-BLO-bf2d3053ce,TK-PB-Drahi_17-d1-HOM-UHI-62618e628e-r1,SS-5d5bbea46d20,1,1,lex_phase_1,OPTIMAL,FEASIBLE_POINT,246.09492244238902,246.09492244238902,0,163998,163998,251382,457029,5124,0,5124,25620,5124,256,0,0,NaN,0,NaN,0.0,1.0000000000020464,
1,1,TWO_STAGE_RH,LEXMMFPEA,shared_battery_mode_node_level_v1,SI-Drahi_17-d1-HOM-UHI-BLO-bf2d3053ce,TK-PB-Drahi_17-d1-HOM-UHI-62618e628e-r1,SS-5d5bbea46d20,1,2,lex_phase_2,OPTIMAL,FEASIBLE_POINT,492.18984488477867,492.18984488477867,0,163998,163998,251383,457035,5124,0,5124,25620,5124,256,0,0,NaN,0,NaN,0.0,1.0000000000020464,
1,1,TWO_STAGE_RH,LEXMMFPEA,shared_battery_mode_node_level_v1,SI-Drahi_17-d1-HOM-UHI-BLO-bf2d3053ce,TK-PB-Drahi_17-d1-HOM-UHI-62618e628e-r1,SS-5d5bbea46d20,1,3,lex_phase_3,OPTIMAL,FEASIBLE_POINT,738.284767327168,738.284767327168,0,163998,163998,251384,457041,5124,0,5124,25620,5124,256,0,0,NaN,0,NaN,0.0,1.0000000000020464,
1,1,TWO_STAGE_RH,LEXMMFPEA,shared_battery_mode_node_level_v1,SI-Drahi_17-d1-HOM-UHI-BLO-bf2d3053ce,TK-PB-Drahi_17-d1-HOM-UHI-62618e628e-r1,SS-5d5bbea46d20,1,4,lex_phase_4,OPTIMAL,FEASIBLE_POINT,984.3796897695573,984.3796897695573,0,163998,163998,251385,457047,5124,0,5124,25620,5124,256,0,0,NaN,0,NaN,0.0,1.0000000000020464,
1,1,TWO_STAGE_RH,LEXMMFPEA,shared_battery_mode_node_level_v1,SI-Drahi_17-d1-HOM-UHI-BLO-bf2d3053ce,TK-PB-Drahi_17-d1-HOM-UHI-62618e628e-r1,SS-5d5bbea46d20,1,5,lex_phase_5,OPTIMAL,FEASIBLE_POINT,1230.4746122119468,1230.4746122119468,0,163998,163998,251386,457053,5124,0,5124,25620,5124,256,0,0,NaN,0,NaN,0.0,1.0000000000020464,
1,1,TWO_STAGE_RH,LEXMMFPEA,shared_battery_mode_node_level_v1,SI-Drahi_17-d1-HOM-UHI-BLO-bf2d3053ce,TK-PB-Drahi_17-d1-HOM-UHI-62618e628e-r1,SS-5d5bbea46d20,1,6,economic_tie_break,OPTIMAL,FEASIBLE_POINT,742331.686324847,742331.686324847,0,163998,163998,251387,457059,5124,0,5124,25620,5124,256,0,0,NaN,0,NaN,0.0,1.0000000000020464,
1,2,TWO_STAGE_RH,LEXMMFPEA,shared_battery_mode_node_level_v1,SI-Drahi_17-d1-HOM-UHI-BLO-bf2d3053ce,TK-PB-Drahi_17-d1-HOM-UHI-62618e628e-r1,SS-5d5bbea46d20,1,1,lex_phase_1,OPTIMAL,FEASIBLE_POINT,246.09492244238902,246.09492244238902,0,163998,163998,251382,457029,5124,0,5124,25620,5124,256,0,0,NaN,0,NaN,0.0,1.0000000000020464,
1,2,TWO_STAGE_RH,LEXMMFPEA,shared_battery_mode_node_level_v1,SI-Drahi_17-d1-HOM-UHI-BLO-bf2d3053ce,TK-PB-Drahi_17-d1-HOM-UHI-62618e628e-r1,SS-5d5bbea46d20,1,2,lex_phase_2,OPTIMAL,FEASIBLE_POINT,492.18984488477867,492.18984488477867,0,163998,163998,251383,457035,5124,0,5124,25620,5124,256,0,0,NaN,0,NaN,0.0,1.0000000000020464,
1,2,TWO_STAGE_RH,LEXMMFPEA,shared_battery_mode_node_level_v1,SI-Drahi_17-d1-HOM-UHI-BLO-bf2d3053ce,TK-PB-Drahi_17-d1-HOM-UHI-62618e628e-r1,SS-5d5bbea46d20,1,3,lex_phase_3,OPTIMAL,FEASIBLE_POINT,738.284767327168,738.284767327168,0,163998,163998,251384,457041,5124,0,5124,25620,5124,256,0,0,NaN,0,NaN,0.0,1.0000000000020464,
1,2,TWO_STAGE_RH,LEXMMFPEA,shared_battery_mode_node_level_v1,SI-Drahi_17-d1-HOM-UHI-BLO-bf2d3053ce,TK-PB-Drahi_17-d1-HOM-UHI-62618e628e-r1,SS-5d5bbea46d20,1,4,lex_phase_4,OPTIMAL,FEASIBLE_POINT,984.3796897695573,984.3796897695573,0,163998,163998,251385,457047,5124,0,5124,25620,5124,256,0,0,NaN,0,NaN,0.0,1.0000000000020464,
1,2,TWO_STAGE_RH,LEXMMFPEA,shared_battery_mode_node_level_v1,SI-Drahi_17-d1-HOM-UHI-BLO-bf2d3053ce,TK-PB-Drahi_17-d1-HOM-UHI-62618e628e-r1,SS-5d5bbea46d20,1,5,lex_phase_5,OPTIMAL,FEASIBLE_POINT,1230.4746122119468,1230.4746122119468,0,163998,163998,251386,457053,5124,0,5124,25620,5124,256,0,0,NaN,0,NaN,0.0,1.0000000000020464,
1,2,TWO_STAGE_RH,LEXMMFPEA,shared_battery_mode_node_level_v1,SI-Drahi_17-d1-HOM-UHI-BLO-bf2d3053ce,TK-PB-Drahi_17-d1-HOM-UHI-62618e628e-r1,SS-5d5bbea46d20,1,6,economic_tie_break,OPTIMAL,FEASIBLE_POINT,742331.686324847,742331.686324847,0,163998,163998,251387,457059,5124,0,5124,25620,5124,256,0,0,NaN,0,NaN,0.0,1.0000000000020464,
1,3,TWO_STAGE_RH,LEXMMFPEA,shared_battery_mode_node_level_v1,SI-Drahi_17-d1-HOM-UHI-BLO-bf2d3053ce,TK-PB-Drahi_17-d1-HOM-UHI-62618e628e-r1,SS-5d5bbea46d20,1,1,lex_phase_1,OPTIMAL,FEASIBLE_POINT,246.09492244238902,246.09492244238902,0,163998,163998,251382,457029,5124,0,5124,25620,5124,256,0,0,NaN,0,NaN,0.0,1.0000000000020464,
1,3,TWO_STAGE_RH,LEXMMFPEA,shared_battery_mode_node_level_v1,SI-Drahi_17-d1-HOM-UHI-BLO-bf2d3053ce,TK-PB-Drahi_17-d1-HOM-UHI-62618e628e-r1,SS-5d5bbea46d20,1,2,lex_phase_2,OPTIMAL,FEASIBLE_POINT,492.18984488477867,492.18984488477867,0,163998,163998,251383,457035,5124,0,5124,25620,5124,256,0,0,NaN,0,NaN,0.0,1.0000000000020464,
1,3,TWO_STAGE_RH,LEXMMFPEA,shared_battery_mode_node_level_v1,SI-Drahi_17-d1-HOM-UHI-BLO-bf2d3053ce,TK-PB-Drahi_17-d1-HOM-UHI-62618e628e-r1,SS-5d5bbea46d20,1,3,lex_phase_3,OPTIMAL,FEASIBLE_POINT,738.284767327168,738.284767327168,0,163998,163998,251384,457041,5124,0,5124,25620,5124,256,0,0,NaN,0,NaN,0.0,1.0000000000020464,
1,3,TWO_STAGE_RH,LEXMMFPEA,shared_battery_mode_node_level_v1,SI-Drahi_17-d1-HOM-UHI-BLO-bf2d3053ce,TK-PB-Drahi_17-d1-HOM-UHI-62618e628e-r1,SS-5d5bbea46d20,1,4,lex_phase_4,OPTIMAL,FEASIBLE_POINT,984.3796897695573,984.3796897695573,0,163998,163998,251385,457047,5124,0,5124,25620,5124,256,0,0,NaN,0,NaN,0.0,1.0000000000020464,
1,3,TWO_STAGE_RH,LEXMMFPEA,shared_battery_mode_node_level_v1,SI-Drahi_17-d1-HOM-UHI-BLO-bf2d3053ce,TK-PB-Drahi_17-d1-HOM-UHI-62618e628e-r1,SS-5d5bbea46d20,1,5,lex_phase_5,OPTIMAL,FEASIBLE_POINT,1230.4746122119468,1230.4746122119468,0,163998,163998,251386,457053,5124,0,5124,25620,5124,256,0,0,NaN,0,NaN,0.0,1.0000000000020464,
1,3,TWO_STAGE_RH,LEXMMFPEA,shared_battery_mode_node_level_v1,SI-Drahi_17-d1-HOM-UHI-BLO-bf2d3053ce,TK-PB-Drahi_17-d1-HOM-UHI-62618e628e-r1,SS-5d5bbea46d20,1,6,economic_tie_break,OPTIMAL,FEASIBLE_POINT,742331.686324847,742331.686324847,0,163998,163998,251387,457059,5124,0,5124,25620,5124,256,0,0,NaN,0,NaN,0.0,1.0000000000020464,
1,4,TWO_STAGE_RH,LEXMMFPEA,shared_battery_mode_node_level_v1,SI-Drahi_17-d1-HOM-UHI-BLO-bf2d3053ce,TK-PB-Drahi_17-d1-HOM-UHI-62618e628e-r1,SS-5d5bbea46d20,1,1,lex_phase_1,OPTIMAL,FEASIBLE_POINT,246.09492244238902,246.09492244238902,0,163998,163998,251382,457029,5124,0,5124,25620,5124,256,0,0,NaN,0,NaN,0.0,1.0000000000020464,
1,4,TWO_STAGE_RH,LEXMMFPEA,shared_battery_mode_node_level_v1,SI-Drahi_17-d1-HOM-UHI-BLO-bf2d3053ce,TK-PB-Drahi_17-d1-HOM-UHI-62618e628e-r1,SS-5d5bbea46d20,1,2,lex_phase_2,OPTIMAL,FEASIBLE_POINT,492.18984488477867,492.18984488477867,0,163998,163998,251383,457035,5124,0,5124,25620,5124,256,0,0,NaN,0,NaN,0.0,1.0000000000020464,
1,4,TWO_STAGE_RH,LEXMMFPEA,shared_battery_mode_node_level_v1,SI-Drahi_17-d1-HOM-UHI-BLO-bf2d3053ce,TK-PB-Drahi_17-d1-HOM-UHI-62618e628e-r1,SS-5d5bbea46d20,1,3,lex_phase_3,OPTIMAL,FEASIBLE_POINT,738.284767327168,738.284767327168,0,163998,163998,251384,457041,5124,0,5124,25620,5124,256,0,0,NaN,0,NaN,0.0,1.0000000000020464,
1,4,TWO_STAGE_RH,LEXMMFPEA,shared_battery_mode_node_level_v1,SI-Drahi_17-d1-HOM-UHI-BLO-bf2d3053ce,TK-PB-Drahi_17-d1-HOM-UHI-62618e628e-r1,SS-5d5bbea46d20,1,4,lex_phase_4,OPTIMAL,FEASIBLE_POINT,984.3796897695573,984.3796897695573,0,163998,163998,251385,457047,5124,0,5124,25620,5124,256,0,0,NaN,0,NaN,0.0,1.0000000000020464,
1,4,TWO_STAGE_RH,LEXMMFPEA,shared_battery_mode_node_level_v1,SI-Drahi_17-d1-HOM-UHI-BLO-bf2d3053ce,TK-PB-Drahi_17-d1-HOM-UHI-62618e628e-r1,SS-5d5bbea46d20,1,5,lex_phase_5,OPTIMAL,FEASIBLE_POINT,1230.4746122119468,1230.4746122119468,0,163998,163998,251386,457053,5124,0,5124,25620,5124,256,0,0,NaN,0,NaN,0.0,1.0000000000020464,
1,4,TWO_STAGE_RH,LEXMMFPEA,shared_battery_mode_node_level_v1,SI-Drahi_17-d1-HOM-UHI-BLO-bf2d3053ce,TK-PB-Drahi_17-d1-HOM-UHI-62618e628e-r1,SS-5d5bbea46d20,1,6,economic_tie_break,OPTIMAL,FEASIBLE_POINT,742331.686324847,742331.686324847,0,163998,163998,251387,457059,5124,0,5124,25620,5124,256,0,0,NaN,0,NaN,0.0,1.0000000000020464,
1,5,TWO_STAGE_RH,LEXMMFPEA,shared_battery_mode_node_level_v1,SI-Drahi_17-d1-HOM-UHI-BLO-bf2d3053ce,TK-PB-Drahi_17-d1-HOM-UHI-62618e628e-r1,SS-102adc95e052,5,1,lex_phase_1,OPTIMAL,FEASIBLE_POINT,457.68755390544396,457.68755390544396,0,163998,163998,251382,454749,5124,0,5124,25620,5124,256,0,0,NaN,0,NaN,0.0,0.7999999999940428,
1,5,TWO_STAGE_RH,LEXMMFPEA,shared_battery_mode_node_level_v1,SI-Drahi_17-d1-HOM-UHI-BLO-bf2d3053ce,TK-PB-Drahi_17-d1-HOM-UHI-62618e628e-r1,SS-102adc95e052,5,2,lex_phase_2,OPTIMAL,FEASIBLE_POINT,915.3751078108847,915.3751078108847,0,163998,163998,251383,454755,5124,0,5124,25620,5124,256,0,0,NaN,0,NaN,0.0,0.7999999999940428,
1,5,TWO_STAGE_RH,LEXMMFPEA,shared_battery_mode_node_level_v1,SI-Drahi_17-d1-HOM-UHI-BLO-bf2d3053ce,TK-PB-Drahi_17-d1-HOM-UHI-62618e628e-r1,SS-102adc95e052,5,3,lex_phase_3,OPTIMAL,FEASIBLE_POINT,1373.062661716327,1373.062661716327,0,163998,163998,251384,454761,5124,0,5124,25620,5124,256,0,0,NaN,0,NaN,0.0,0.7999999999940428,
1,5,TWO_STAGE_RH,LEXMMFPEA,shared_battery_mode_node_level_v1,SI-Drahi_17-d1-HOM-UHI-BLO-bf2d3053ce,TK-PB-Drahi_17-d1-HOM-UHI-62618e628e-r1,SS-102adc95e052,5,4,lex_phase_4,OPTIMAL,FEASIBLE_POINT,1830.7502156217695,1830.7502156217695,0,163998,163998,251385,454767,5124,0,5124,25620,5124,256,0,0,NaN,0,NaN,0.0,0.7999999999940428,
1,5,TWO_STAGE_RH,LEXMMFPEA,shared_battery_mode_node_level_v1,SI-Drahi_17-d1-HOM-UHI-BLO-bf2d3053ce,TK-PB-Drahi_17-d1-HOM-UHI-62618e628e-r1,SS-102adc95e052,5,5,lex_phase_5,OPTIMAL,FEASIBLE_POINT,2288.437769527214,2288.437769527214,0,163998,163998,251386,454773,5124,0,5124,25620,5124,256,0,0,NaN,0,NaN,0.0,0.7999999999940428,
1,5,TWO_STAGE_RH,LEXMMFPEA,shared_battery_mode_node_level_v1,SI-Drahi_17-d1-HOM-UHI-BLO-bf2d3053ce,TK-PB-Drahi_17-d1-HOM-UHI-62618e628e-r1,SS-102adc95e052,5,6,economic_tie_break,OPTIMAL,FEASIBLE_POINT,689315.3910784794,689315.3910784794,0,163998,163998,251387,454779,5124,0,5124,25620,5124,256,0,0,NaN,0,NaN,0.0,0.7999999999940428,
1,6,TWO_STAGE_RH,LEXMMFPEA,shared_battery_mode_node_level_v1,SI-Drahi_17-d1-HOM-UHI-BLO-bf2d3053ce,TK-PB-Drahi_17-d1-HOM-UHI-62618e628e-r1,SS-102adc95e052,5,1,lex_phase_1,OPTIMAL,FEASIBLE_POINT,457.68755390544396,457.68755390544396,0,163998,163998,251382,454749,5124,0,5124,25620,5124,256,0,0,NaN,0,NaN,0.0,0.7999999999940428,
1,6,TWO_STAGE_RH,LEXMMFPEA,shared_battery_mode_node_level_v1,SI-Drahi_17-d1-HOM-UHI-BLO-bf2d3053ce,TK-PB-Drahi_17-d1-HOM-UHI-62618e628e-r1,SS-102adc95e052,5,2,lex_phase_2,OPTIMAL,FEASIBLE_POINT,915.3751078108847,915.3751078108847,0,163998,163998,251383,454755,5124,0,5124,25620,5124,256,0,0,NaN,0,NaN,0.0,0.7999999999940428,
1,6,TWO_STAGE_RH,LEXMMFPEA,shared_battery_mode_node_level_v1,SI-Drahi_17-d1-HOM-UHI-BLO-bf2d3053ce,TK-PB-Drahi_17-d1-HOM-UHI-62618e628e-r1,SS-102adc95e052,5,3,lex_phase_3,OPTIMAL,FEASIBLE_POINT,1373.062661716327,1373.062661716327,0,163998,163998,251384,454761,5124,0,5124,25620,5124,256,0,0,NaN,0,NaN,0.0,0.7999999999940428,
1,6,TWO_STAGE_RH,LEXMMFPEA,shared_battery_mode_node_level_v1,SI-Drahi_17-d1-HOM-UHI-BLO-bf2d3053ce,TK-PB-Drahi_17-d1-HOM-UHI-62618e628e-r1,SS-102adc95e052,5,4,lex_phase_4,OPTIMAL,FEASIBLE_POINT,1830.7502156217695,1830.7502156217695,0,163998,163998,251385,454767,5124,0,5124,25620,5124,256,0,0,NaN,0,NaN,0.0,0.7999999999940428,
1,6,TWO_STAGE_RH,LEXMMFPEA,shared_battery_mode_node_level_v1,SI-Drahi_17-d1-HOM-UHI-BLO-bf2d3053ce,TK-PB-Drahi_17-d1-HOM-UHI-62618e628e-r1,SS-102adc95e052,5,5,lex_phase_5,OPTIMAL,FEASIBLE_POINT,2288.437769527214,2288.437769527214,0,163998,163998,251386,454773,5124,0,5124,25620,5124,256,0,0,NaN,0,NaN,0.0,0.7999999999940428,
1,6,TWO_STAGE_RH,LEXMMFPEA,shared_battery_mode_node_level_v1,SI-Drahi_17-d1-HOM-UHI-BLO-bf2d3053ce,TK-PB-Drahi_17-d1-HOM-UHI-62618e628e-r1,SS-102adc95e052,5,6,economic_tie_break,OPTIMAL,FEASIBLE_POINT,689315.3910784794,689315.3910784794,0,163998,163998,251387,454779,5124,0,5124,25620,5124,256,0,0,NaN,0,NaN,0.0,0.7999999999940428,
1,7,TWO_STAGE_RH,LEXMMFPEA,shared_battery_mode_node_level_v1,SI-Drahi_17-d1-HOM-UHI-BLO-bf2d3053ce,TK-PB-Drahi_17-d1-HOM-UHI-62618e628e-r1,SS-102adc95e052,5,1,lex_phase_1,OPTIMAL,FEASIBLE_POINT,457.68755390544396,457.68755390544396,0,163998,163998,251382,454749,5124,0,5124,25620,5124,256,0,0,NaN,0,NaN,0.0,0.7999999999940428,
1,7,TWO_STAGE_RH,LEXMMFPEA,shared_battery_mode_node_level_v1,SI-Drahi_17-d1-HOM-UHI-BLO-bf2d3053ce,TK-PB-Drahi_17-d1-HOM-UHI-62618e628e-r1,SS-102adc95e052,5,2,lex_phase_2,OPTIMAL,FEASIBLE_POINT,915.3751078108847,915.3751078108847,0,163998,163998,251383,454755,5124,0,5124,25620,5124,256,0,0,NaN,0,NaN,0.0,0.7999999999940428,
1,7,TWO_STAGE_RH,LEXMMFPEA,shared_battery_mode_node_level_v1,SI-Drahi_17-d1-HOM-UHI-BLO-bf2d3053ce,TK-PB-Drahi_17-d1-HOM-UHI-62618e628e-r1,SS-102adc95e052,5,3,lex_phase_3,OPTIMAL,FEASIBLE_POINT,1373.062661716327,1373.062661716327,0,163998,163998,251384,454761,5124,0,5124,25620,5124,256,0,0,NaN,0,NaN,0.0,0.7999999999940428,
1,7,TWO_STAGE_RH,LEXMMFPEA,shared_battery_mode_node_level_v1,SI-Drahi_17-d1-HOM-UHI-BLO-bf2d3053ce,TK-PB-Drahi_17-d1-HOM-UHI-62618e628e-r1,SS-102adc95e052,5,4,lex_phase_4,OPTIMAL,FEASIBLE_POINT,1830.7502156217695,1830.7502156217695,0,163998,163998,251385,454767,5124,0,5124,25620,5124,256,0,0,NaN,0,NaN,0.0,0.7999999999940428,
1,7,TWO_STAGE_RH,LEXMMFPEA,shared_battery_mode_node_level_v1,SI-Drahi_17-d1-HOM-UHI-BLO-bf2d3053ce,TK-PB-Drahi_17-d1-HOM-UHI-62618e628e-r1,SS-102adc95e052,5,5,lex_phase_5,OPTIMAL,FEASIBLE_POINT,2288.437769527214,2288.437769527214,0,163998,163998,251386,454773,5124,0,5124,25620,5124,256,0,0,NaN,0,NaN,0.0,0.7999999999940428,
1,7,TWO_STAGE_RH,LEXMMFPEA,shared_battery_mode_node_level_v1,SI-Drahi_17-d1-HOM-UHI-BLO-bf2d3053ce,TK-PB-Drahi_17-d1-HOM-UHI-62618e628e-r1,SS-102adc95e052,5,6,economic_tie_break,OPTIMAL,FEASIBLE_POINT,689315.3910784794,689315.3910784794,0,163998,163998,251387,454779,5124,0,5124,25620,5124,256,0,0,NaN,0,NaN,0.0,0.7999999999940428,
1,8,TWO_STAGE_RH,LEXMMFPEA,shared_battery_mode_node_level_v1,SI-Drahi_17-d1-HOM-UHI-BLO-bf2d3053ce,TK-PB-Drahi_17-d1-HOM-UHI-62618e628e-r1,SS-102adc95e052,5,1,lex_phase_1,OPTIMAL,FEASIBLE_POINT,457.68755390544396,457.68755390544396,0,163998,163998,251382,454749,5124,0,5124,25620,5124,256,0,0,NaN,0,NaN,2.842170943040401e-14,0.7999999999940428,
1,8,TWO_STAGE_RH,LEXMMFPEA,shared_battery_mode_node_level_v1,SI-Drahi_17-d1-HOM-UHI-BLO-bf2d3053ce,TK-PB-Drahi_17-d1-HOM-UHI-62618e628e-r1,SS-102adc95e052,5,2,lex_phase_2,OPTIMAL,FEASIBLE_POINT,915.3751078108847,915.3751078108847,0,163998,163998,251383,454755,5124,0,5124,25620,5124,256,0,0,NaN,0,NaN,2.842170943040401e-14,0.7999999999940428,
1,8,TWO_STAGE_RH,LEXMMFPEA,shared_battery_mode_node_level_v1,SI-Drahi_17-d1-HOM-UHI-BLO-bf2d3053ce,TK-PB-Drahi_17-d1-HOM-UHI-62618e628e-r1,SS-102adc95e052,5,3,lex_phase_3,OPTIMAL,FEASIBLE_POINT,1373.062661716327,1373.062661716327,0,163998,163998,251384,454761,5124,0,5124,25620,5124,256,0,0,NaN,0,NaN,2.842170943040401e-14,0.7999999999940428,
1,8,TWO_STAGE_RH,LEXMMFPEA,shared_battery_mode_node_level_v1,SI-Drahi_17-d1-HOM-UHI-BLO-bf2d3053ce,TK-PB-Drahi_17-d1-HOM-UHI-62618e628e-r1,SS-102adc95e052,5,4,lex_phase_4,OPTIMAL,FEASIBLE_POINT,1830.7502156217695,1830.7502156217695,0,163998,163998,251385,454767,5124,0,5124,25620,5124,256,0,0,NaN,0,NaN,2.842170943040401e-14,0.7999999999940428,
1,8,TWO_STAGE_RH,LEXMMFPEA,shared_battery_mode_node_level_v1,SI-Drahi_17-d1-HOM-UHI-BLO-bf2d3053ce,TK-PB-Drahi_17-d1-HOM-UHI-62618e628e-r1,SS-102adc95e052,5,5,lex_phase_5,OPTIMAL,FEASIBLE_POINT,2288.437769527214,2288.437769527214,0,163998,163998,251386,454773,5124,0,5124,25620,5124,256,0,0,NaN,0,NaN,2.842170943040401e-14,0.7999999999940428,
1,8,TWO_STAGE_RH,LEXMMFPEA,shared_battery_mode_node_level_v1,SI-Drahi_17-d1-HOM-UHI-BLO-bf2d3053ce,TK-PB-Drahi_17-d1-HOM-UHI-62618e628e-r1,SS-102adc95e052,5,6,economic_tie_break,OPTIMAL,FEASIBLE_POINT,689315.3910784794,689315.3910784794,0,163998,163998,251387,454779,5124,0,5124,25620,5124,256,0,0,NaN,0,NaN,2.842170943040401e-14,0.7999999999940428,
1,9,TWO_STAGE_RH,LEXMMFPEA,shared_battery_mode_node_level_v1,SI-Drahi_17-d1-HOM-UHI-BLO-bf2d3053ce,TK-PB-Drahi_17-d1-HOM-UHI-62618e628e-r1,SS-19da242d4543,9,1,lex_phase_1,OPTIMAL,FEASIBLE_POINT,363.5891025508759,363.5891025508759,0,163998,163998,251382,454524,5124,0,5124,25620,5124,256,0,0,NaN,0,NaN,7.216449660063518e-16,0.833333333335986,
1,9,TWO_STAGE_RH,LEXMMFPEA,shared_battery_mode_node_level_v1,SI-Drahi_17-d1-HOM-UHI-BLO-bf2d3053ce,TK-PB-Drahi_17-d1-HOM-UHI-62618e628e-r1,SS-19da242d4543,9,2,lex_phase_2,OPTIMAL,FEASIBLE_POINT,727.1782051017516,727.1782051017516,0,163998,163998,251383,454530,5124,0,5124,25620,5124,256,0,0,NaN,0,NaN,7.216449660063518e-16,0.833333333335986,
1,9,TWO_STAGE_RH,LEXMMFPEA,shared_battery_mode_node_level_v1,SI-Drahi_17-d1-HOM-UHI-BLO-bf2d3053ce,TK-PB-Drahi_17-d1-HOM-UHI-62618e628e-r1,SS-19da242d4543,9,3,lex_phase_3,OPTIMAL,FEASIBLE_POINT,1090.7673076526273,1090.7673076526273,0,163998,163998,251384,454536,5124,0,5124,25620,5124,256,0,0,NaN,0,NaN,7.216449660063518e-16,0.833333333335986,
1,9,TWO_STAGE_RH,LEXMMFPEA,shared_battery_mode_node_level_v1,SI-Drahi_17-d1-HOM-UHI-BLO-bf2d3053ce,TK-PB-Drahi_17-d1-HOM-UHI-62618e628e-r1,SS-19da242d4543,9,4,lex_phase_4,OPTIMAL,FEASIBLE_POINT,1454.3564102035032,1454.3564102035032,0,163998,163998,251385,454542,5124,0,5124,25620,5124,256,0,0,NaN,0,NaN,7.216449660063518e-16,0.833333333335986,
1,9,TWO_STAGE_RH,LEXMMFPEA,shared_battery_mode_node_level_v1,SI-Drahi_17-d1-HOM-UHI-BLO-bf2d3053ce,TK-PB-Drahi_17-d1-HOM-UHI-62618e628e-r1,SS-19da242d4543,9,5,lex_phase_5,OPTIMAL,FEASIBLE_POINT,1817.9455127543808,1817.9455127543808,0,163998,163998,251386,454548,5124,0,5124,25620,5124,256,0,0,NaN,0,NaN,7.216449660063518e-16,0.833333333335986,
1,9,TWO_STAGE_RH,LEXMMFPEA,shared_battery_mode_node_level_v1,SI-Drahi_17-d1-HOM-UHI-BLO-bf2d3053ce,TK-PB-Drahi_17-d1-HOM-UHI-62618e628e-r1,SS-19da242d4543,9,6,economic_tie_break,OPTIMAL,FEASIBLE_POINT,729383.865984611,729383.865984611,0,163998,163998,251387,454554,5124,0,5124,25620,5124,256,0,0,NaN,0,NaN,7.216449660063518e-16,0.833333333335986,
1,10,TWO_STAGE_RH,LEXMMFPEA,shared_battery_mode_node_level_v1,SI-Drahi_17-d1-HOM-UHI-BLO-bf2d3053ce,TK-PB-Drahi_17-d1-HOM-UHI-62618e628e-r1,SS-19da242d4543,9,1,lex_phase_1,OPTIMAL,FEASIBLE_POINT,363.5891025508759,363.5891025508759,0,163998,163998,251382,454524,5124,0,5124,25620,5124,256,0,0,NaN,0,NaN,2.842170943040401e-14,0.833333333335986,
1,10,TWO_STAGE_RH,LEXMMFPEA,shared_battery_mode_node_level_v1,SI-Drahi_17-d1-HOM-UHI-BLO-bf2d3053ce,TK-PB-Drahi_17-d1-HOM-UHI-62618e628e-r1,SS-19da242d4543,9,2,lex_phase_2,OPTIMAL,FEASIBLE_POINT,727.1782051017516,727.1782051017516,0,163998,163998,251383,454530,5124,0,5124,25620,5124,256,0,0,NaN,0,NaN,2.842170943040401e-14,0.833333333335986,
1,10,TWO_STAGE_RH,LEXMMFPEA,shared_battery_mode_node_level_v1,SI-Drahi_17-d1-HOM-UHI-BLO-bf2d3053ce,TK-PB-Drahi_17-d1-HOM-UHI-62618e628e-r1,SS-19da242d4543,9,3,lex_phase_3,OPTIMAL,FEASIBLE_POINT,1090.7673076526273,1090.7673076526273,0,163998,163998,251384,454536,5124,0,5124,25620,5124,256,0,0,NaN,0,NaN,2.842170943040401e-14,0.833333333335986,
1,10,TWO_STAGE_RH,LEXMMFPEA,shared_battery_mode_node_level_v1,SI-Drahi_17-d1-HOM-UHI-BLO-bf2d3053ce,TK-PB-Drahi_17-d1-HOM-UHI-62618e628e-r1,SS-19da242d4543,9,4,lex_phase_4,OPTIMAL,FEASIBLE_POINT,1454.3564102035032,1454.3564102035032,0,163998,163998,251385,454542,5124,0,5124,25620,5124,256,0,0,NaN,0,NaN,2.842170943040401e-14,0.833333333335986,
1,10,TWO_STAGE_RH,LEXMMFPEA,shared_battery_mode_node_level_v1,SI-Drahi_17-d1-HOM-UHI-BLO-bf2d3053ce,TK-PB-Drahi_17-d1-HOM-UHI-62618e628e-r1,SS-19da242d4543,9,5,lex_phase_5,OPTIMAL,FEASIBLE_POINT,1817.9455127543808,1817.9455127543808,0,163998,163998,251386,454548,5124,0,5124,25620,5124,256,0,0,NaN,0,NaN,2.842170943040401e-14,0.833333333335986,
1,10,TWO_STAGE_RH,LEXMMFPEA,shared_battery_mode_node_level_v1,SI-Drahi_17-d1-HOM-UHI-BLO-bf2d3053ce,TK-PB-Drahi_17-d1-HOM-UHI-62618e628e-r1,SS-19da242d4543,9,6,economic_tie_break,OPTIMAL,FEASIBLE_POINT,729383.865984611,729383.865984611,0,163998,163998,251387,454554,5124,0,5124,25620,5124,256,0,0,NaN,0,NaN,2.842170943040401e-14,0.833333333335986,
1,11,TWO_STAGE_RH,LEXMMFPEA,shared_battery_mode_node_level_v1,SI-Drahi_17-d1-HOM-UHI-BLO-bf2d3053ce,TK-PB-Drahi_17-d1-HOM-UHI-62618e628e-r1,SS-19da242d4543,9,1,lex_phase_1,OPTIMAL,FEASIBLE_POINT,363.5891025508759,363.5891025508759,0,163998,163998,251382,454524,5124,0,5124,25620,5124,256,0,0,NaN,0,NaN,8.881784197001252e-16,0.833333333335986,
1,11,TWO_STAGE_RH,LEXMMFPEA,shared_battery_mode_node_level_v1,SI-Drahi_17-d1-HOM-UHI-BLO-bf2d3053ce,TK-PB-Drahi_17-d1-HOM-UHI-62618e628e-r1,SS-19da242d4543,9,2,lex_phase_2,OPTIMAL,FEASIBLE_POINT,727.1782051017516,727.1782051017516,0,163998,163998,251383,454530,5124,0,5124,25620,5124,256,0,0,NaN,0,NaN,8.881784197001252e-16,0.833333333335986,
1,11,TWO_STAGE_RH,LEXMMFPEA,shared_battery_mode_node_level_v1,SI-Drahi_17-d1-HOM-UHI-BLO-bf2d3053ce,TK-PB-Drahi_17-d1-HOM-UHI-62618e628e-r1,SS-19da242d4543,9,3,lex_phase_3,OPTIMAL,FEASIBLE_POINT,1090.7673076526273,1090.7673076526273,0,163998,163998,251384,454536,5124,0,5124,25620,5124,256,0,0,NaN,0,NaN,8.881784197001252e-16,0.833333333335986,
1,11,TWO_STAGE_RH,LEXMMFPEA,shared_battery_mode_node_level_v1,SI-Drahi_17-d1-HOM-UHI-BLO-bf2d3053ce,TK-PB-Drahi_17-d1-HOM-UHI-62618e628e-r1,SS-19da242d4543,9,4,lex_phase_4,OPTIMAL,FEASIBLE_POINT,1454.3564102035032,1454.3564102035032,0,163998,163998,251385,454542,5124,0,5124,25620,5124,256,0,0,NaN,0,NaN,8.881784197001252e-16,0.833333333335986,
1,11,TWO_STAGE_RH,LEXMMFPEA,shared_battery_mode_node_level_v1,SI-Drahi_17-d1-HOM-UHI-BLO-bf2d3053ce,TK-PB-Drahi_17-d1-HOM-UHI-62618e628e-r1,SS-19da242d4543,9,5,lex_phase_5,OPTIMAL,FEASIBLE_POINT,1817.9455127543808,1817.9455127543808,0,163998,163998,251386,454548,5124,0,5124,25620,5124,256,0,0,NaN,0,NaN,8.881784197001252e-16,0.833333333335986,
1,11,TWO_STAGE_RH,LEXMMFPEA,shared_battery_mode_node_level_v1,SI-Drahi_17-d1-HOM-UHI-BLO-bf2d3053ce,TK-PB-Drahi_17-d1-HOM-UHI-62618e628e-r1,SS-19da242d4543,9,6,economic_tie_break,OPTIMAL,FEASIBLE_POINT,729383.865984611,729383.865984611,0,163998,163998,251387,454554,5124,0,5124,25620,5124,256,0,0,NaN,0,NaN,8.881784197001252e-16,0.833333333335986,
1,12,TWO_STAGE_RH,LEXMMFPEA,shared_battery_mode_node_level_v1,SI-Drahi_17-d1-HOM-UHI-BLO-bf2d3053ce,TK-PB-Drahi_17-d1-HOM-UHI-62618e628e-r1,SS-19da242d4543,9,1,lex_phase_1,OPTIMAL,FEASIBLE_POINT,363.5891025508759,363.5891025508759,0,163998,163998,251382,454524,5124,0,5124,25620,5124,256,0,0,NaN,0,NaN,2.842170943040401e-14,0.833333333335986,
1,12,TWO_STAGE_RH,LEXMMFPEA,shared_battery_mode_node_level_v1,SI-Drahi_17-d1-HOM-UHI-BLO-bf2d3053ce,TK-PB-Drahi_17-d1-HOM-UHI-62618e628e-r1,SS-19da242d4543,9,2,lex_phase_2,OPTIMAL,FEASIBLE_POINT,727.1782051017516,727.1782051017516,0,163998,163998,251383,454530,5124,0,5124,25620,5124,256,0,0,NaN,0,NaN,2.842170943040401e-14,0.833333333335986,
1,12,TWO_STAGE_RH,LEXMMFPEA,shared_battery_mode_node_level_v1,SI-Drahi_17-d1-HOM-UHI-BLO-bf2d3053ce,TK-PB-Drahi_17-d1-HOM-UHI-62618e628e-r1,SS-19da242d4543,9,3,lex_phase_3,OPTIMAL,FEASIBLE_POINT,1090.7673076526273,1090.7673076526273,0,163998,163998,251384,454536,5124,0,5124,25620,5124,256,0,0,NaN,0,NaN,2.842170943040401e-14,0.833333333335986,
1,12,TWO_STAGE_RH,LEXMMFPEA,shared_battery_mode_node_level_v1,SI-Drahi_17-d1-HOM-UHI-BLO-bf2d3053ce,TK-PB-Drahi_17-d1-HOM-UHI-62618e628e-r1,SS-19da242d4543,9,4,lex_phase_4,OPTIMAL,FEASIBLE_POINT,1454.3564102035032,1454.3564102035032,0,163998,163998,251385,454542,5124,0,5124,25620,5124,256,0,0,NaN,0,NaN,2.842170943040401e-14,0.833333333335986,
1,12,TWO_STAGE_RH,LEXMMFPEA,shared_battery_mode_node_level_v1,SI-Drahi_17-d1-HOM-UHI-BLO-bf2d3053ce,TK-PB-Drahi_17-d1-HOM-UHI-62618e628e-r1,SS-19da242d4543,9,5,lex_phase_5,OPTIMAL,FEASIBLE_POINT,1817.9455127543808,1817.9455127543808,0,163998,163998,251386,454548,5124,0,5124,25620,5124,256,0,0,NaN,0,NaN,2.842170943040401e-14,0.833333333335986,
1,12,TWO_STAGE_RH,LEXMMFPEA,shared_battery_mode_node_level_v1,SI-Drahi_17-d1-HOM-UHI-BLO-bf2d3053ce,TK-PB-Drahi_17-d1-HOM-UHI-62618e628e-r1,SS-19da242d4543,9,6,economic_tie_break,OPTIMAL,FEASIBLE_POINT,729383.865984611,729383.865984611,0,163998,163998,251387,454554,5124,0,5124,25620,5124,256,0,0,NaN,0,NaN,2.842170943040401e-14,0.833333333335986,
1,13,TWO_STAGE_RH,LEXMMFPEA,shared_battery_mode_node_level_v1,SI-Drahi_17-d1-HOM-UHI-BLO-bf2d3053ce,TK-PB-Drahi_17-d1-HOM-UHI-62618e628e-r1,SS-354317d12b7f,13,1,lex_phase_1,OPTIMAL,FEASIBLE_POINT,487.6767239419514,487.6767239419514,0,163998,163998,251382,453189,5124,0,5124,25620,5124,256,0,0,NaN,0,NaN,0.0,1.000000000013415,
1,13,TWO_STAGE_RH,LEXMMFPEA,shared_battery_mode_node_level_v1,SI-Drahi_17-d1-HOM-UHI-BLO-bf2d3053ce,TK-PB-Drahi_17-d1-HOM-UHI-62618e628e-r1,SS-354317d12b7f,13,2,lex_phase_2,OPTIMAL,FEASIBLE_POINT,975.3534478839036,975.3534478839036,0,163998,163998,251383,453195,5124,0,5124,25620,5124,256,0,0,NaN,0,NaN,0.0,1.000000000013415,
1,13,TWO_STAGE_RH,LEXMMFPEA,shared_battery_mode_node_level_v1,SI-Drahi_17-d1-HOM-UHI-BLO-bf2d3053ce,TK-PB-Drahi_17-d1-HOM-UHI-62618e628e-r1,SS-354317d12b7f,13,3,lex_phase_3,OPTIMAL,FEASIBLE_POINT,1463.0301718258554,1463.0301718258554,0,163998,163998,251384,453201,5124,0,5124,25620,5124,256,0,0,NaN,0,NaN,0.0,1.000000000013415,
1,13,TWO_STAGE_RH,LEXMMFPEA,shared_battery_mode_node_level_v1,SI-Drahi_17-d1-HOM-UHI-BLO-bf2d3053ce,TK-PB-Drahi_17-d1-HOM-UHI-62618e628e-r1,SS-354317d12b7f,13,4,lex_phase_4,OPTIMAL,FEASIBLE_POINT,1950.7068957678073,1950.7068957678073,0,163998,163998,251385,453207,5124,0,5124,25620,5124,256,0,0,NaN,0,NaN,0.0,1.000000000013415,
1,13,TWO_STAGE_RH,LEXMMFPEA,shared_battery_mode_node_level_v1,SI-Drahi_17-d1-HOM-UHI-BLO-bf2d3053ce,TK-PB-Drahi_17-d1-HOM-UHI-62618e628e-r1,SS-354317d12b7f,13,5,lex_phase_5,OPTIMAL,FEASIBLE_POINT,2438.383619709758,2438.383619709758,0,163998,163998,251386,453213,5124,0,5124,25620,5124,256,0,0,NaN,0,NaN,0.0,1.000000000013415,
1,13,TWO_STAGE_RH,LEXMMFPEA,shared_battery_mode_node_level_v1,SI-Drahi_17-d1-HOM-UHI-BLO-bf2d3053ce,TK-PB-Drahi_17-d1-HOM-UHI-62618e628e-r1,SS-354317d12b7f,13,6,economic_tie_break,OPTIMAL,FEASIBLE_POINT,731762.2908790509,731762.2908790509,0,163998,163998,251387,453219,5124,0,5124,25620,5124,256,0,0,NaN,0,NaN,0.0,1.000000000013415,
1,14,TWO_STAGE_RH,LEXMMFPEA,shared_battery_mode_node_level_v1,SI-Drahi_17-d1-HOM-UHI-BLO-bf2d3053ce,TK-PB-Drahi_17-d1-HOM-UHI-62618e628e-r1,SS-354317d12b7f,13,1,lex_phase_1,OPTIMAL,FEASIBLE_POINT,487.6767239419514,487.6767239419514,0,163998,163998,251382,453189,5124,0,5124,25620,5124,256,0,0,NaN,0,NaN,1.4210854715202004e-14,1.000000000013415,
1,14,TWO_STAGE_RH,LEXMMFPEA,shared_battery_mode_node_level_v1,SI-Drahi_17-d1-HOM-UHI-BLO-bf2d3053ce,TK-PB-Drahi_17-d1-HOM-UHI-62618e628e-r1,SS-354317d12b7f,13,2,lex_phase_2,OPTIMAL,FEASIBLE_POINT,975.3534478839036,975.3534478839036,0,163998,163998,251383,453195,5124,0,5124,25620,5124,256,0,0,NaN,0,NaN,1.4210854715202004e-14,1.000000000013415,
1,14,TWO_STAGE_RH,LEXMMFPEA,shared_battery_mode_node_level_v1,SI-Drahi_17-d1-HOM-UHI-BLO-bf2d3053ce,TK-PB-Drahi_17-d1-HOM-UHI-62618e628e-r1,SS-354317d12b7f,13,3,lex_phase_3,OPTIMAL,FEASIBLE_POINT,1463.0301718258554,1463.0301718258554,0,163998,163998,251384,453201,5124,0,5124,25620,5124,256,0,0,NaN,0,NaN,1.4210854715202004e-14,1.000000000013415,
1,14,TWO_STAGE_RH,LEXMMFPEA,shared_battery_mode_node_level_v1,SI-Drahi_17-d1-HOM-UHI-BLO-bf2d3053ce,TK-PB-Drahi_17-d1-HOM-UHI-62618e628e-r1,SS-354317d12b7f,13,4,lex_phase_4,OPTIMAL,FEASIBLE_POINT,1950.7068957678073,1950.7068957678073,0,163998,163998,251385,453207,5124,0,5124,25620,5124,256,0,0,NaN,0,NaN,1.4210854715202004e-14,1.000000000013415,
1,14,TWO_STAGE_RH,LEXMMFPEA,shared_battery_mode_node_level_v1,SI-Drahi_17-d1-HOM-UHI-BLO-bf2d3053ce,TK-PB-Drahi_17-d1-HOM-UHI-62618e628e-r1,SS-354317d12b7f,13,5,lex_phase_5,OPTIMAL,FEASIBLE_POINT,2438.383619709758,2438.383619709758,0,163998,163998,251386,453213,5124,0,5124,25620,5124,256,0,0,NaN,0,NaN,1.4210854715202004e-14,1.000000000013415,
1,14,TWO_STAGE_RH,LEXMMFPEA,shared_battery_mode_node_level_v1,SI-Drahi_17-d1-HOM-UHI-BLO-bf2d3053ce,TK-PB-Drahi_17-d1-HOM-UHI-62618e628e-r1,SS-354317d12b7f,13,6,economic_tie_break,OPTIMAL,FEASIBLE_POINT,731762.2908790509,731762.2908790509,0,163998,163998,251387,453219,5124,0,5124,25620,5124,256,0,0,NaN,0,NaN,1.4210854715202004e-14,1.000000000013415,
1,15,TWO_STAGE_RH,LEXMMFPEA,shared_battery_mode_node_level_v1,SI-Drahi_17-d1-HOM-UHI-BLO-bf2d3053ce,TK-PB-Drahi_17-d1-HOM-UHI-62618e628e-r1,SS-354317d12b7f,13,1,lex_phase_1,OPTIMAL,FEASIBLE_POINT,487.6767239419514,487.6767239419514,0,163998,163998,251382,453189,5124,0,5124,25620,5124,256,0,0,NaN,0,NaN,3.552713678800501e-15,1.000000000013415,
1,15,TWO_STAGE_RH,LEXMMFPEA,shared_battery_mode_node_level_v1,SI-Drahi_17-d1-HOM-UHI-BLO-bf2d3053ce,TK-PB-Drahi_17-d1-HOM-UHI-62618e628e-r1,SS-354317d12b7f,13,2,lex_phase_2,OPTIMAL,FEASIBLE_POINT,975.3534478839036,975.3534478839036,0,163998,163998,251383,453195,5124,0,5124,25620,5124,256,0,0,NaN,0,NaN,3.552713678800501e-15,1.000000000013415,
1,15,TWO_STAGE_RH,LEXMMFPEA,shared_battery_mode_node_level_v1,SI-Drahi_17-d1-HOM-UHI-BLO-bf2d3053ce,TK-PB-Drahi_17-d1-HOM-UHI-62618e628e-r1,SS-354317d12b7f,13,3,lex_phase_3,OPTIMAL,FEASIBLE_POINT,1463.0301718258554,1463.0301718258554,0,163998,163998,251384,453201,5124,0,5124,25620,5124,256,0,0,NaN,0,NaN,3.552713678800501e-15,1.000000000013415,
1,15,TWO_STAGE_RH,LEXMMFPEA,shared_battery_mode_node_level_v1,SI-Drahi_17-d1-HOM-UHI-BLO-bf2d3053ce,TK-PB-Drahi_17-d1-HOM-UHI-62618e628e-r1,SS-354317d12b7f,13,4,lex_phase_4,OPTIMAL,FEASIBLE_POINT,1950.7068957678073,1950.7068957678073,0,163998,163998,251385,453207,5124,0,5124,25620,5124,256,0,0,NaN,0,NaN,3.552713678800501e-15,1.000000000013415,
1,15,TWO_STAGE_RH,LEXMMFPEA,shared_battery_mode_node_level_v1,SI-Drahi_17-d1-HOM-UHI-BLO-bf2d3053ce,TK-PB-Drahi_17-d1-HOM-UHI-62618e628e-r1,SS-354317d12b7f,13,5,lex_phase_5,OPTIMAL,FEASIBLE_POINT,2438.383619709758,2438.383619709758,0,163998,163998,251386,453213,5124,0,5124,25620,5124,256,0,0,NaN,0,NaN,3.552713678800501e-15,1.000000000013415,
1,15,TWO_STAGE_RH,LEXMMFPEA,shared_battery_mode_node_level_v1,SI-Drahi_17-d1-HOM-UHI-BLO-bf2d3053ce,TK-PB-Drahi_17-d1-HOM-UHI-62618e628e-r1,SS-354317d12b7f,13,6,economic_tie_break,OPTIMAL,FEASIBLE_POINT,731762.2908790509,731762.2908790509,0,163998,163998,251387,453219,5124,0,5124,25620,5124,256,0,0,NaN,0,NaN,3.552713678800501e-15,1.000000000013415,
1,16,TWO_STAGE_RH,LEXMMFPEA,shared_battery_mode_node_level_v1,SI-Drahi_17-d1-HOM-UHI-BLO-bf2d3053ce,TK-PB-Drahi_17-d1-HOM-UHI-62618e628e-r1,SS-354317d12b7f,13,1,lex_phase_1,OPTIMAL,FEASIBLE_POINT,487.6767239419514,487.6767239419514,0,163998,163998,251382,453189,5124,0,5124,25620,5124,256,0,0,NaN,0,NaN,2.6645352591003757e-15,1.000000000013415,
1,16,TWO_STAGE_RH,LEXMMFPEA,shared_battery_mode_node_level_v1,SI-Drahi_17-d1-HOM-UHI-BLO-bf2d3053ce,TK-PB-Drahi_17-d1-HOM-UHI-62618e628e-r1,SS-354317d12b7f,13,2,lex_phase_2,OPTIMAL,FEASIBLE_POINT,975.3534478839036,975.3534478839036,0,163998,163998,251383,453195,5124,0,5124,25620,5124,256,0,0,NaN,0,NaN,2.6645352591003757e-15,1.000000000013415,
1,16,TWO_STAGE_RH,LEXMMFPEA,shared_battery_mode_node_level_v1,SI-Drahi_17-d1-HOM-UHI-BLO-bf2d3053ce,TK-PB-Drahi_17-d1-HOM-UHI-62618e628e-r1,SS-354317d12b7f,13,3,lex_phase_3,OPTIMAL,FEASIBLE_POINT,1463.0301718258554,1463.0301718258554,0,163998,163998,251384,453201,5124,0,5124,25620,5124,256,0,0,NaN,0,NaN,2.6645352591003757e-15,1.000000000013415,
1,16,TWO_STAGE_RH,LEXMMFPEA,shared_battery_mode_node_level_v1,SI-Drahi_17-d1-HOM-UHI-BLO-bf2d3053ce,TK-PB-Drahi_17-d1-HOM-UHI-62618e628e-r1,SS-354317d12b7f,13,4,lex_phase_4,OPTIMAL,FEASIBLE_POINT,1950.7068957678073,1950.7068957678073,0,163998,163998,251385,453207,5124,0,5124,25620,5124,256,0,0,NaN,0,NaN,2.6645352591003757e-15,1.000000000013415,
1,16,TWO_STAGE_RH,LEXMMFPEA,shared_battery_mode_node_level_v1,SI-Drahi_17-d1-HOM-UHI-BLO-bf2d3053ce,TK-PB-Drahi_17-d1-HOM-UHI-62618e628e-r1,SS-354317d12b7f,13,5,lex_phase_5,OPTIMAL,FEASIBLE_POINT,2438.383619709758,2438.383619709758,0,163998,163998,251386,453213,5124,0,5124,25620,5124,256,0,0,NaN,0,NaN,2.6645352591003757e-15,1.000000000013415,
1,16,TWO_STAGE_RH,LEXMMFPEA,shared_battery_mode_node_level_v1,SI-Drahi_17-d1-HOM-UHI-BLO-bf2d3053ce,TK-PB-Drahi_17-d1-HOM-UHI-62618e628e-r1,SS-354317d12b7f,13,6,economic_tie_break,OPTIMAL,FEASIBLE_POINT,731762.2908790509,731762.2908790509,0,163998,163998,251387,453219,5124,0,5124,25620,5124,256,0,0,NaN,0,NaN,2.6645352591003757e-15,1.000000000013415,
1,17,TWO_STAGE_RH,LEXMMFPEA,shared_battery_mode_node_level_v1,SI-Drahi_17-d1-HOM-UHI-BLO-bf2d3053ce,TK-PB-Drahi_17-d1-HOM-UHI-62618e628e-r1,SS-c81930d9c8ba,17,1,lex_phase_1,OPTIMAL,FEASIBLE_POINT,567.527667480384,567.527667480384,0,163998,163998,251382,454779,5124,0,5124,25620,5124,256,0,0,NaN,0,NaN,3.552713678800501e-15,0.9999999999984084,
1,17,TWO_STAGE_RH,LEXMMFPEA,shared_battery_mode_node_level_v1,SI-Drahi_17-d1-HOM-UHI-BLO-bf2d3053ce,TK-PB-Drahi_17-d1-HOM-UHI-62618e628e-r1,SS-c81930d9c8ba,17,2,lex_phase_2,OPTIMAL,FEASIBLE_POINT,1135.0553349607683,1135.0553349607683,0,163998,163998,251383,454785,5124,0,5124,25620,5124,256,0,0,NaN,0,NaN,3.552713678800501e-15,0.9999999999984084,
1,17,TWO_STAGE_RH,LEXMMFPEA,shared_battery_mode_node_level_v1,SI-Drahi_17-d1-HOM-UHI-BLO-bf2d3053ce,TK-PB-Drahi_17-d1-HOM-UHI-62618e628e-r1,SS-c81930d9c8ba,17,3,lex_phase_3,OPTIMAL,FEASIBLE_POINT,1702.5830024411525,1702.5830024411525,0,163998,163998,251384,454791,5124,0,5124,25620,5124,256,0,0,NaN,0,NaN,3.552713678800501e-15,0.9999999999984084,
1,17,TWO_STAGE_RH,LEXMMFPEA,shared_battery_mode_node_level_v1,SI-Drahi_17-d1-HOM-UHI-BLO-bf2d3053ce,TK-PB-Drahi_17-d1-HOM-UHI-62618e628e-r1,SS-c81930d9c8ba,17,4,lex_phase_4,OPTIMAL,FEASIBLE_POINT,2270.1106699215366,2270.1106699215366,0,163998,163998,251385,454797,5124,0,5124,25620,5124,256,0,0,NaN,0,NaN,3.552713678800501e-15,0.9999999999984084,
1,17,TWO_STAGE_RH,LEXMMFPEA,shared_battery_mode_node_level_v1,SI-Drahi_17-d1-HOM-UHI-BLO-bf2d3053ce,TK-PB-Drahi_17-d1-HOM-UHI-62618e628e-r1,SS-c81930d9c8ba,17,5,lex_phase_5,OPTIMAL,FEASIBLE_POINT,2837.638337401922,2837.638337401922,0,163998,163998,251386,454803,5124,0,5124,25620,5124,256,0,0,NaN,0,NaN,3.552713678800501e-15,0.9999999999984084,
1,17,TWO_STAGE_RH,LEXMMFPEA,shared_battery_mode_node_level_v1,SI-Drahi_17-d1-HOM-UHI-BLO-bf2d3053ce,TK-PB-Drahi_17-d1-HOM-UHI-62618e628e-r1,SS-c81930d9c8ba,17,6,economic_tie_break,OPTIMAL,FEASIBLE_POINT,733702.2040756082,733702.2040756082,0,163998,163998,251387,454809,5124,0,5124,25620,5124,256,0,0,NaN,0,NaN,3.552713678800501e-15,0.9999999999984084,
1,18,TWO_STAGE_RH,LEXMMFPEA,shared_battery_mode_node_level_v1,SI-Drahi_17-d1-HOM-UHI-BLO-bf2d3053ce,TK-PB-Drahi_17-d1-HOM-UHI-62618e628e-r1,SS-c81930d9c8ba,17,1,lex_phase_1,OPTIMAL,FEASIBLE_POINT,567.527667480384,567.527667480384,0,163998,163998,251382,454779,5124,0,5124,25620,5124,256,0,0,NaN,0,NaN,0.0,0.9999999999984084,
1,18,TWO_STAGE_RH,LEXMMFPEA,shared_battery_mode_node_level_v1,SI-Drahi_17-d1-HOM-UHI-BLO-bf2d3053ce,TK-PB-Drahi_17-d1-HOM-UHI-62618e628e-r1,SS-c81930d9c8ba,17,2,lex_phase_2,OPTIMAL,FEASIBLE_POINT,1135.0553349607683,1135.0553349607683,0,163998,163998,251383,454785,5124,0,5124,25620,5124,256,0,0,NaN,0,NaN,0.0,0.9999999999984084,
1,18,TWO_STAGE_RH,LEXMMFPEA,shared_battery_mode_node_level_v1,SI-Drahi_17-d1-HOM-UHI-BLO-bf2d3053ce,TK-PB-Drahi_17-d1-HOM-UHI-62618e628e-r1,SS-c81930d9c8ba,17,3,lex_phase_3,OPTIMAL,FEASIBLE_POINT,1702.5830024411525,1702.5830024411525,0,163998,163998,251384,454791,5124,0,5124,25620,5124,256,0,0,NaN,0,NaN,0.0,0.9999999999984084,
1,18,TWO_STAGE_RH,LEXMMFPEA,shared_battery_mode_node_level_v1,SI-Drahi_17-d1-HOM-UHI-BLO-bf2d3053ce,TK-PB-Drahi_17-d1-HOM-UHI-62618e628e-r1,SS-c81930d9c8ba,17,4,lex_phase_4,OPTIMAL,FEASIBLE_POINT,2270.1106699215366,2270.1106699215366,0,163998,163998,251385,454797,5124,0,5124,25620,5124,256,0,0,NaN,0,NaN,0.0,0.9999999999984084,
1,18,TWO_STAGE_RH,LEXMMFPEA,shared_battery_mode_node_level_v1,SI-Drahi_17-d1-HOM-UHI-BLO-bf2d3053ce,TK-PB-Drahi_17-d1-HOM-UHI-62618e628e-r1,SS-c81930d9c8ba,17,5,lex_phase_5,OPTIMAL,FEASIBLE_POINT,2837.638337401922,2837.638337401922,0,163998,163998,251386,454803,5124,0,5124,25620,5124,256,0,0,NaN,0,NaN,0.0,0.9999999999984084,
1,18,TWO_STAGE_RH,LEXMMFPEA,shared_battery_mode_node_level_v1,SI-Drahi_17-d1-HOM-UHI-BLO-bf2d3053ce,TK-PB-Drahi_17-d1-HOM-UHI-62618e628e-r1,SS-c81930d9c8ba,17,6,economic_tie_break,OPTIMAL,FEASIBLE_POINT,733702.2040756082,733702.2040756082,0,163998,163998,251387,454809,5124,0,5124,25620,5124,256,0,0,NaN,0,NaN,0.0,0.9999999999984084,
1,19,TWO_STAGE_RH,LEXMMFPEA,shared_battery_mode_node_level_v1,SI-Drahi_17-d1-HOM-UHI-BLO-bf2d3053ce,TK-PB-Drahi_17-d1-HOM-UHI-62618e628e-r1,SS-c81930d9c8ba,17,1,lex_phase_1,OPTIMAL,FEASIBLE_POINT,567.527667480384,567.527667480384,0,163998,163998,251382,454779,5124,0,5124,25620,5124,256,0,0,NaN,0,NaN,1.1102230246251565e-16,0.9999999999984084,
1,19,TWO_STAGE_RH,LEXMMFPEA,shared_battery_mode_node_level_v1,SI-Drahi_17-d1-HOM-UHI-BLO-bf2d3053ce,TK-PB-Drahi_17-d1-HOM-UHI-62618e628e-r1,SS-c81930d9c8ba,17,2,lex_phase_2,OPTIMAL,FEASIBLE_POINT,1135.0553349607683,1135.0553349607683,0,163998,163998,251383,454785,5124,0,5124,25620,5124,256,0,0,NaN,0,NaN,1.1102230246251565e-16,0.9999999999984084,
1,19,TWO_STAGE_RH,LEXMMFPEA,shared_battery_mode_node_level_v1,SI-Drahi_17-d1-HOM-UHI-BLO-bf2d3053ce,TK-PB-Drahi_17-d1-HOM-UHI-62618e628e-r1,SS-c81930d9c8ba,17,3,lex_phase_3,OPTIMAL,FEASIBLE_POINT,1702.5830024411525,1702.5830024411525,0,163998,163998,251384,454791,5124,0,5124,25620,5124,256,0,0,NaN,0,NaN,1.1102230246251565e-16,0.9999999999984084,
1,19,TWO_STAGE_RH,LEXMMFPEA,shared_battery_mode_node_level_v1,SI-Drahi_17-d1-HOM-UHI-BLO-bf2d3053ce,TK-PB-Drahi_17-d1-HOM-UHI-62618e628e-r1,SS-c81930d9c8ba,17,4,lex_phase_4,OPTIMAL,FEASIBLE_POINT,2270.1106699215366,2270.1106699215366,0,163998,163998,251385,454797,5124,0,5124,25620,5124,256,0,0,NaN,0,NaN,1.1102230246251565e-16,0.9999999999984084,
1,19,TWO_STAGE_RH,LEXMMFPEA,shared_battery_mode_node_level_v1,SI-Drahi_17-d1-HOM-UHI-BLO-bf2d3053ce,TK-PB-Drahi_17-d1-HOM-UHI-62618e628e-r1,SS-c81930d9c8ba,17,5,lex_phase_5,OPTIMAL,FEASIBLE_POINT,2837.638337401922,2837.638337401922,0,163998,163998,251386,454803,5124,0,5124,25620,5124,256,0,0,NaN,0,NaN,1.1102230246251565e-16,0.9999999999984084,
1,19,TWO_STAGE_RH,LEXMMFPEA,shared_battery_mode_node_level_v1,SI-Drahi_17-d1-HOM-UHI-BLO-bf2d3053ce,TK-PB-Drahi_17-d1-HOM-UHI-62618e628e-r1,SS-c81930d9c8ba,17,6,economic_tie_break,OPTIMAL,FEASIBLE_POINT,733702.2040756082,733702.2040756082,0,163998,163998,251387,454809,5124,0,5124,25620,5124,256,0,0,NaN,0,NaN,1.1102230246251565e-16,0.9999999999984084,
1,20,TWO_STAGE_RH,LEXMMFPEA,shared_battery_mode_node_level_v1,SI-Drahi_17-d1-HOM-UHI-BLO-bf2d3053ce,TK-PB-Drahi_17-d1-HOM-UHI-62618e628e-r1,SS-c81930d9c8ba,17,1,lex_phase_1,OPTIMAL,FEASIBLE_POINT,567.527667480384,567.527667480384,0,163998,163998,251382,454779,5124,0,5124,25620,5124,256,0,0,NaN,0,NaN,0.0,0.9999999999984084,
1,20,TWO_STAGE_RH,LEXMMFPEA,shared_battery_mode_node_level_v1,SI-Drahi_17-d1-HOM-UHI-BLO-bf2d3053ce,TK-PB-Drahi_17-d1-HOM-UHI-62618e628e-r1,SS-c81930d9c8ba,17,2,lex_phase_2,OPTIMAL,FEASIBLE_POINT,1135.0553349607683,1135.0553349607683,0,163998,163998,251383,454785,5124,0,5124,25620,5124,256,0,0,NaN,0,NaN,0.0,0.9999999999984084,
1,20,TWO_STAGE_RH,LEXMMFPEA,shared_battery_mode_node_level_v1,SI-Drahi_17-d1-HOM-UHI-BLO-bf2d3053ce,TK-PB-Drahi_17-d1-HOM-UHI-62618e628e-r1,SS-c81930d9c8ba,17,3,lex_phase_3,OPTIMAL,FEASIBLE_POINT,1702.5830024411525,1702.5830024411525,0,163998,163998,251384,454791,5124,0,5124,25620,5124,256,0,0,NaN,0,NaN,0.0,0.9999999999984084,
1,20,TWO_STAGE_RH,LEXMMFPEA,shared_battery_mode_node_level_v1,SI-Drahi_17-d1-HOM-UHI-BLO-bf2d3053ce,TK-PB-Drahi_17-d1-HOM-UHI-62618e628e-r1,SS-c81930d9c8ba,17,4,lex_phase_4,OPTIMAL,FEASIBLE_POINT,2270.1106699215366,2270.1106699215366,0,163998,163998,251385,454797,5124,0,5124,25620,5124,256,0,0,NaN,0,NaN,0.0,0.9999999999984084,
1,20,TWO_STAGE_RH,LEXMMFPEA,shared_battery_mode_node_level_v1,SI-Drahi_17-d1-HOM-UHI-BLO-bf2d3053ce,TK-PB-Drahi_17-d1-HOM-UHI-62618e628e-r1,SS-c81930d9c8ba,17,5,lex_phase_5,OPTIMAL,FEASIBLE_POINT,2837.638337401922,2837.638337401922,0,163998,163998,251386,454803,5124,0,5124,25620,5124,256,0,0,NaN,0,NaN,0.0,0.9999999999984084,
1,20,TWO_STAGE_RH,LEXMMFPEA,shared_battery_mode_node_level_v1,SI-Drahi_17-d1-HOM-UHI-BLO-bf2d3053ce,TK-PB-Drahi_17-d1-HOM-UHI-62618e628e-r1,SS-c81930d9c8ba,17,6,economic_tie_break,OPTIMAL,FEASIBLE_POINT,733702.2040756082,733702.2040756082,0,163998,163998,251387,454809,5124,0,5124,25620,5124,256,0,0,NaN,0,NaN,0.0,0.9999999999984084,
1,21,TWO_STAGE_RH,LEXMMFPEA,shared_battery_mode_node_level_v1,SI-Drahi_17-d1-HOM-UHI-BLO-bf2d3053ce,TK-PB-Drahi_17-d1-HOM-UHI-62618e628e-r1,SS-3cf9bda45ea4,21,1,lex_phase_1,OPTIMAL,FEASIBLE_POINT,535.4376085850392,535.4376085850392,0,163998,163998,251382,457309,5124,0,5124,25620,5124,256,0,0,NaN,0,NaN,0.0,0.9999999999997726,
1,21,TWO_STAGE_RH,LEXMMFPEA,shared_battery_mode_node_level_v1,SI-Drahi_17-d1-HOM-UHI-BLO-bf2d3053ce,TK-PB-Drahi_17-d1-HOM-UHI-62618e628e-r1,SS-3cf9bda45ea4,21,2,lex_phase_2,OPTIMAL,FEASIBLE_POINT,1070.8752171700778,1070.8752171700778,0,163998,163998,251383,457315,5124,0,5124,25620,5124,256,0,0,NaN,0,NaN,0.0,0.9999999999997726,
1,21,TWO_STAGE_RH,LEXMMFPEA,shared_battery_mode_node_level_v1,SI-Drahi_17-d1-HOM-UHI-BLO-bf2d3053ce,TK-PB-Drahi_17-d1-HOM-UHI-62618e628e-r1,SS-3cf9bda45ea4,21,3,lex_phase_3,OPTIMAL,FEASIBLE_POINT,1606.3128257551166,1606.3128257551166,0,163998,163998,251384,457321,5124,0,5124,25620,5124,256,0,0,NaN,0,NaN,0.0,0.9999999999997726,
1,21,TWO_STAGE_RH,LEXMMFPEA,shared_battery_mode_node_level_v1,SI-Drahi_17-d1-HOM-UHI-BLO-bf2d3053ce,TK-PB-Drahi_17-d1-HOM-UHI-62618e628e-r1,SS-3cf9bda45ea4,21,4,lex_phase_4,OPTIMAL,FEASIBLE_POINT,2141.7504343401556,2141.7504343401556,0,163998,163998,251385,457327,5124,0,5124,25620,5124,256,0,0,NaN,0,NaN,0.0,0.9999999999997726,
1,21,TWO_STAGE_RH,LEXMMFPEA,shared_battery_mode_node_level_v1,SI-Drahi_17-d1-HOM-UHI-BLO-bf2d3053ce,TK-PB-Drahi_17-d1-HOM-UHI-62618e628e-r1,SS-3cf9bda45ea4,21,5,lex_phase_5,OPTIMAL,FEASIBLE_POINT,2677.1880429251987,2677.1880429251987,0,163998,163998,251386,457333,5124,0,5124,25620,5124,256,0,0,NaN,0,NaN,0.0,0.9999999999997726,
1,21,TWO_STAGE_RH,LEXMMFPEA,shared_battery_mode_node_level_v1,SI-Drahi_17-d1-HOM-UHI-BLO-bf2d3053ce,TK-PB-Drahi_17-d1-HOM-UHI-62618e628e-r1,SS-3cf9bda45ea4,21,6,economic_tie_break,OPTIMAL,FEASIBLE_POINT,735295.5289529905,735295.5289529905,0,163998,163998,251387,457339,5124,0,5124,25620,5124,256,0,0,NaN,0,NaN,0.0,0.9999999999997726,
1,22,TWO_STAGE_RH,LEXMMFPEA,shared_battery_mode_node_level_v1,SI-Drahi_17-d1-HOM-UHI-BLO-bf2d3053ce,TK-PB-Drahi_17-d1-HOM-UHI-62618e628e-r1,SS-3cf9bda45ea4,21,1,lex_phase_1,OPTIMAL,FEASIBLE_POINT,535.4376085850392,535.4376085850392,0,163998,163998,251382,457309,5124,0,5124,25620,5124,256,0,0,NaN,0,NaN,0.0,0.9999999999997726,
1,22,TWO_STAGE_RH,LEXMMFPEA,shared_battery_mode_node_level_v1,SI-Drahi_17-d1-HOM-UHI-BLO-bf2d3053ce,TK-PB-Drahi_17-d1-HOM-UHI-62618e628e-r1,SS-3cf9bda45ea4,21,2,lex_phase_2,OPTIMAL,FEASIBLE_POINT,1070.8752171700778,1070.8752171700778,0,163998,163998,251383,457315,5124,0,5124,25620,5124,256,0,0,NaN,0,NaN,0.0,0.9999999999997726,
1,22,TWO_STAGE_RH,LEXMMFPEA,shared_battery_mode_node_level_v1,SI-Drahi_17-d1-HOM-UHI-BLO-bf2d3053ce,TK-PB-Drahi_17-d1-HOM-UHI-62618e628e-r1,SS-3cf9bda45ea4,21,3,lex_phase_3,OPTIMAL,FEASIBLE_POINT,1606.3128257551166,1606.3128257551166,0,163998,163998,251384,457321,5124,0,5124,25620,5124,256,0,0,NaN,0,NaN,0.0,0.9999999999997726,
1,22,TWO_STAGE_RH,LEXMMFPEA,shared_battery_mode_node_level_v1,SI-Drahi_17-d1-HOM-UHI-BLO-bf2d3053ce,TK-PB-Drahi_17-d1-HOM-UHI-62618e628e-r1,SS-3cf9bda45ea4,21,4,lex_phase_4,OPTIMAL,FEASIBLE_POINT,2141.7504343401556,2141.7504343401556,0,163998,163998,251385,457327,5124,0,5124,25620,5124,256,0,0,NaN,0,NaN,0.0,0.9999999999997726,
1,22,TWO_STAGE_RH,LEXMMFPEA,shared_battery_mode_node_level_v1,SI-Drahi_17-d1-HOM-UHI-BLO-bf2d3053ce,TK-PB-Drahi_17-d1-HOM-UHI-62618e628e-r1,SS-3cf9bda45ea4,21,5,lex_phase_5,OPTIMAL,FEASIBLE_POINT,2677.1880429251987,2677.1880429251987,0,163998,163998,251386,457333,5124,0,5124,25620,5124,256,0,0,NaN,0,NaN,0.0,0.9999999999997726,
1,22,TWO_STAGE_RH,LEXMMFPEA,shared_battery_mode_node_level_v1,SI-Drahi_17-d1-HOM-UHI-BLO-bf2d3053ce,TK-PB-Drahi_17-d1-HOM-UHI-62618e628e-r1,SS-3cf9bda45ea4,21,6,economic_tie_break,OPTIMAL,FEASIBLE_POINT,735295.5289529905,735295.5289529905,0,163998,163998,251387,457339,5124,0,5124,25620,5124,256,0,0,NaN,0,NaN,0.0,0.9999999999997726,
1,23,TWO_STAGE_RH,LEXMMFPEA,shared_battery_mode_node_level_v1,SI-Drahi_17-d1-HOM-UHI-BLO-bf2d3053ce,TK-PB-Drahi_17-d1-HOM-UHI-62618e628e-r1,SS-3cf9bda45ea4,21,1,lex_phase_1,OPTIMAL,FEASIBLE_POINT,535.4376085850392,535.4376085850392,0,163998,163998,251382,457309,5124,0,5124,25620,5124,256,0,0,NaN,0,NaN,0.0,0.9999999999997726,
1,23,TWO_STAGE_RH,LEXMMFPEA,shared_battery_mode_node_level_v1,SI-Drahi_17-d1-HOM-UHI-BLO-bf2d3053ce,TK-PB-Drahi_17-d1-HOM-UHI-62618e628e-r1,SS-3cf9bda45ea4,21,2,lex_phase_2,OPTIMAL,FEASIBLE_POINT,1070.8752171700778,1070.8752171700778,0,163998,163998,251383,457315,5124,0,5124,25620,5124,256,0,0,NaN,0,NaN,0.0,0.9999999999997726,
1,23,TWO_STAGE_RH,LEXMMFPEA,shared_battery_mode_node_level_v1,SI-Drahi_17-d1-HOM-UHI-BLO-bf2d3053ce,TK-PB-Drahi_17-d1-HOM-UHI-62618e628e-r1,SS-3cf9bda45ea4,21,3,lex_phase_3,OPTIMAL,FEASIBLE_POINT,1606.3128257551166,1606.3128257551166,0,163998,163998,251384,457321,5124,0,5124,25620,5124,256,0,0,NaN,0,NaN,0.0,0.9999999999997726,
1,23,TWO_STAGE_RH,LEXMMFPEA,shared_battery_mode_node_level_v1,SI-Drahi_17-d1-HOM-UHI-BLO-bf2d3053ce,TK-PB-Drahi_17-d1-HOM-UHI-62618e628e-r1,SS-3cf9bda45ea4,21,4,lex_phase_4,OPTIMAL,FEASIBLE_POINT,2141.7504343401556,2141.7504343401556,0,163998,163998,251385,457327,5124,0,5124,25620,5124,256,0,0,NaN,0,NaN,0.0,0.9999999999997726,
1,23,TWO_STAGE_RH,LEXMMFPEA,shared_battery_mode_node_level_v1,SI-Drahi_17-d1-HOM-UHI-BLO-bf2d3053ce,TK-PB-Drahi_17-d1-HOM-UHI-62618e628e-r1,SS-3cf9bda45ea4,21,5,lex_phase_5,OPTIMAL,FEASIBLE_POINT,2677.1880429251987,2677.1880429251987,0,163998,163998,251386,457333,5124,0,5124,25620,5124,256,0,0,NaN,0,NaN,0.0,0.9999999999997726,
1,23,TWO_STAGE_RH,LEXMMFPEA,shared_battery_mode_node_level_v1,SI-Drahi_17-d1-HOM-UHI-BLO-bf2d3053ce,TK-PB-Drahi_17-d1-HOM-UHI-62618e628e-r1,SS-3cf9bda45ea4,21,6,economic_tie_break,OPTIMAL,FEASIBLE_POINT,735295.5289529905,735295.5289529905,0,163998,163998,251387,457339,5124,0,5124,25620,5124,256,0,0,NaN,0,NaN,0.0,0.9999999999997726,
1,24,TWO_STAGE_RH,LEXMMFPEA,shared_battery_mode_node_level_v1,SI-Drahi_17-d1-HOM-UHI-BLO-bf2d3053ce,TK-PB-Drahi_17-d1-HOM-UHI-62618e628e-r1,SS-3cf9bda45ea4,21,1,lex_phase_1,OPTIMAL,FEASIBLE_POINT,535.4376085850392,535.4376085850392,0,163998,163998,251382,457309,5124,0,5124,25620,5124,256,0,0,NaN,0,NaN,0.0,0.9999999999997726,
1,24,TWO_STAGE_RH,LEXMMFPEA,shared_battery_mode_node_level_v1,SI-Drahi_17-d1-HOM-UHI-BLO-bf2d3053ce,TK-PB-Drahi_17-d1-HOM-UHI-62618e628e-r1,SS-3cf9bda45ea4,21,2,lex_phase_2,OPTIMAL,FEASIBLE_POINT,1070.8752171700778,1070.8752171700778,0,163998,163998,251383,457315,5124,0,5124,25620,5124,256,0,0,NaN,0,NaN,0.0,0.9999999999997726,
1,24,TWO_STAGE_RH,LEXMMFPEA,shared_battery_mode_node_level_v1,SI-Drahi_17-d1-HOM-UHI-BLO-bf2d3053ce,TK-PB-Drahi_17-d1-HOM-UHI-62618e628e-r1,SS-3cf9bda45ea4,21,3,lex_phase_3,OPTIMAL,FEASIBLE_POINT,1606.3128257551166,1606.3128257551166,0,163998,163998,251384,457321,5124,0,5124,25620,5124,256,0,0,NaN,0,NaN,0.0,0.9999999999997726,
1,24,TWO_STAGE_RH,LEXMMFPEA,shared_battery_mode_node_level_v1,SI-Drahi_17-d1-HOM-UHI-BLO-bf2d3053ce,TK-PB-Drahi_17-d1-HOM-UHI-62618e628e-r1,SS-3cf9bda45ea4,21,4,lex_phase_4,OPTIMAL,FEASIBLE_POINT,2141.7504343401556,2141.7504343401556,0,163998,163998,251385,457327,5124,0,5124,25620,5124,256,0,0,NaN,0,NaN,0.0,0.9999999999997726,
1,24,TWO_STAGE_RH,LEXMMFPEA,shared_battery_mode_node_level_v1,SI-Drahi_17-d1-HOM-UHI-BLO-bf2d3053ce,TK-PB-Drahi_17-d1-HOM-UHI-62618e628e-r1,SS-3cf9bda45ea4,21,5,lex_phase_5,OPTIMAL,FEASIBLE_POINT,2677.1880429251987,2677.1880429251987,0,163998,163998,251386,457333,5124,0,5124,25620,5124,256,0,0,NaN,0,NaN,0.0,0.9999999999997726,
1,24,TWO_STAGE_RH,LEXMMFPEA,shared_battery_mode_node_level_v1,SI-Drahi_17-d1-HOM-UHI-BLO-bf2d3053ce,TK-PB-Drahi_17-d1-HOM-UHI-62618e628e-r1,SS-3cf9bda45ea4,21,6,economic_tie_break,OPTIMAL,FEASIBLE_POINT,735295.5289529905,735295.5289529905,0,163998,163998,251387,457339,5124,0,5124,25620,5124,256,0,0,NaN,0,NaN,0.0,0.9999999999997726,
1,1,TWO_STAGE_RH,LEXMMFSA,shared_battery_mode_node_level_v1,SI-Drahi_17-d1-HOM-UHI-BLO-bf2d3053ce,TK-PB-Drahi_17-d1-HOM-UHI-62618e628e-r1,SS-5d5bbea46d20,1,1,lex_phase_1,OPTIMAL,FEASIBLE_POINT,46955.755962362666,46955.755962362666,0,163998,163998,251382,713229,5124,0,5124,25620,5124,256,0,0,NaN,0,NaN,0.0,1.1496013030409813e-9,
1,1,TWO_STAGE_RH,LEXMMFSA,shared_battery_mode_node_level_v1,SI-Drahi_17-d1-HOM-UHI-BLO-bf2d3053ce,TK-PB-Drahi_17-d1-HOM-UHI-62618e628e-r1,SS-5d5bbea46d20,1,2,lex_phase_2,OPTIMAL,FEASIBLE_POINT,93911.51192472552,93911.51192472552,0,163998,163998,251383,713235,5124,0,5124,25620,5124,256,0,0,NaN,0,NaN,0.0,1.1496013030409813e-9,
1,1,TWO_STAGE_RH,LEXMMFSA,shared_battery_mode_node_level_v1,SI-Drahi_17-d1-HOM-UHI-BLO-bf2d3053ce,TK-PB-Drahi_17-d1-HOM-UHI-62618e628e-r1,SS-5d5bbea46d20,1,3,lex_phase_3,OPTIMAL,FEASIBLE_POINT,140867.2678870883,140867.2678870883,0,163998,163998,251384,713241,5124,0,5124,25620,5124,256,0,0,NaN,0,NaN,0.0,1.1496013030409813e-9,
1,1,TWO_STAGE_RH,LEXMMFSA,shared_battery_mode_node_level_v1,SI-Drahi_17-d1-HOM-UHI-BLO-bf2d3053ce,TK-PB-Drahi_17-d1-HOM-UHI-62618e628e-r1,SS-5d5bbea46d20,1,4,lex_phase_4,OPTIMAL,FEASIBLE_POINT,187823.02384945104,187823.02384945104,0,163998,163998,251385,713247,5124,0,5124,25620,5124,256,0,0,NaN,0,NaN,0.0,1.1496013030409813e-9,
1,1,TWO_STAGE_RH,LEXMMFSA,shared_battery_mode_node_level_v1,SI-Drahi_17-d1-HOM-UHI-BLO-bf2d3053ce,TK-PB-Drahi_17-d1-HOM-UHI-62618e628e-r1,SS-5d5bbea46d20,1,5,lex_phase_5,OPTIMAL,FEASIBLE_POINT,234778.77981181946,234778.77981181946,0,163998,163998,251386,713253,5124,0,5124,25620,5124,256,0,0,NaN,0,NaN,0.0,1.1496013030409813e-9,
1,1,TWO_STAGE_RH,LEXMMFSA,shared_battery_mode_node_level_v1,SI-Drahi_17-d1-HOM-UHI-BLO-bf2d3053ce,TK-PB-Drahi_17-d1-HOM-UHI-62618e628e-r1,SS-5d5bbea46d20,1,6,economic_tie_break,OPTIMAL,FEASIBLE_POINT,742331.6863248597,742331.6863248597,0,163998,163998,251387,713259,5124,0,5124,25620,5124,256,0,0,NaN,0,NaN,0.0,1.1496013030409813e-9,
1,2,TWO_STAGE_RH,LEXMMFSA,shared_battery_mode_node_level_v1,SI-Drahi_17-d1-HOM-UHI-BLO-bf2d3053ce,TK-PB-Drahi_17-d1-HOM-UHI-62618e628e-r1,SS-5d5bbea46d20,1,1,lex_phase_1,OPTIMAL,FEASIBLE_POINT,46955.755962362666,46955.755962362666,0,163998,163998,251382,713229,5124,0,5124,25620,5124,256,0,0,NaN,0,NaN,0.0,1.1496013030409813e-9,
1,2,TWO_STAGE_RH,LEXMMFSA,shared_battery_mode_node_level_v1,SI-Drahi_17-d1-HOM-UHI-BLO-bf2d3053ce,TK-PB-Drahi_17-d1-HOM-UHI-62618e628e-r1,SS-5d5bbea46d20,1,2,lex_phase_2,OPTIMAL,FEASIBLE_POINT,93911.51192472552,93911.51192472552,0,163998,163998,251383,713235,5124,0,5124,25620,5124,256,0,0,NaN,0,NaN,0.0,1.1496013030409813e-9,
1,2,TWO_STAGE_RH,LEXMMFSA,shared_battery_mode_node_level_v1,SI-Drahi_17-d1-HOM-UHI-BLO-bf2d3053ce,TK-PB-Drahi_17-d1-HOM-UHI-62618e628e-r1,SS-5d5bbea46d20,1,3,lex_phase_3,OPTIMAL,FEASIBLE_POINT,140867.2678870883,140867.2678870883,0,163998,163998,251384,713241,5124,0,5124,25620,5124,256,0,0,NaN,0,NaN,0.0,1.1496013030409813e-9,
1,2,TWO_STAGE_RH,LEXMMFSA,shared_battery_mode_node_level_v1,SI-Drahi_17-d1-HOM-UHI-BLO-bf2d3053ce,TK-PB-Drahi_17-d1-HOM-UHI-62618e628e-r1,SS-5d5bbea46d20,1,4,lex_phase_4,OPTIMAL,FEASIBLE_POINT,187823.02384945104,187823.02384945104,0,163998,163998,251385,713247,5124,0,5124,25620,5124,256,0,0,NaN,0,NaN,0.0,1.1496013030409813e-9,
1,2,TWO_STAGE_RH,LEXMMFSA,shared_battery_mode_node_level_v1,SI-Drahi_17-d1-HOM-UHI-BLO-bf2d3053ce,TK-PB-Drahi_17-d1-HOM-UHI-62618e628e-r1,SS-5d5bbea46d20,1,5,lex_phase_5,OPTIMAL,FEASIBLE_POINT,234778.77981181946,234778.77981181946,0,163998,163998,251386,713253,5124,0,5124,25620,5124,256,0,0,NaN,0,NaN,0.0,1.1496013030409813e-9,
1,2,TWO_STAGE_RH,LEXMMFSA,shared_battery_mode_node_level_v1,SI-Drahi_17-d1-HOM-UHI-BLO-bf2d3053ce,TK-PB-Drahi_17-d1-HOM-UHI-62618e628e-r1,SS-5d5bbea46d20,1,6,economic_tie_break,OPTIMAL,FEASIBLE_POINT,742331.6863248597,742331.6863248597,0,163998,163998,251387,713259,5124,0,5124,25620,5124,256,0,0,NaN,0,NaN,0.0,1.1496013030409813e-9,
1,3,TWO_STAGE_RH,LEXMMFSA,shared_battery_mode_node_level_v1,SI-Drahi_17-d1-HOM-UHI-BLO-bf2d3053ce,TK-PB-Drahi_17-d1-HOM-UHI-62618e628e-r1,SS-5d5bbea46d20,1,1,lex_phase_1,OPTIMAL,FEASIBLE_POINT,46955.755962362666,46955.755962362666,0,163998,163998,251382,713229,5124,0,5124,25620,5124,256,0,0,NaN,0,NaN,0.0,1.1496013030409813e-9,
1,3,TWO_STAGE_RH,LEXMMFSA,shared_battery_mode_node_level_v1,SI-Drahi_17-d1-HOM-UHI-BLO-bf2d3053ce,TK-PB-Drahi_17-d1-HOM-UHI-62618e628e-r1,SS-5d5bbea46d20,1,2,lex_phase_2,OPTIMAL,FEASIBLE_POINT,93911.51192472552,93911.51192472552,0,163998,163998,251383,713235,5124,0,5124,25620,5124,256,0,0,NaN,0,NaN,0.0,1.1496013030409813e-9,
1,3,TWO_STAGE_RH,LEXMMFSA,shared_battery_mode_node_level_v1,SI-Drahi_17-d1-HOM-UHI-BLO-bf2d3053ce,TK-PB-Drahi_17-d1-HOM-UHI-62618e628e-r1,SS-5d5bbea46d20,1,3,lex_phase_3,OPTIMAL,FEASIBLE_POINT,140867.2678870883,140867.2678870883,0,163998,163998,251384,713241,5124,0,5124,25620,5124,256,0,0,NaN,0,NaN,0.0,1.1496013030409813e-9,
1,3,TWO_STAGE_RH,LEXMMFSA,shared_battery_mode_node_level_v1,SI-Drahi_17-d1-HOM-UHI-BLO-bf2d3053ce,TK-PB-Drahi_17-d1-HOM-UHI-62618e628e-r1,SS-5d5bbea46d20,1,4,lex_phase_4,OPTIMAL,FEASIBLE_POINT,187823.02384945104,187823.02384945104,0,163998,163998,251385,713247,5124,0,5124,25620,5124,256,0,0,NaN,0,NaN,0.0,1.1496013030409813e-9,
1,3,TWO_STAGE_RH,LEXMMFSA,shared_battery_mode_node_level_v1,SI-Drahi_17-d1-HOM-UHI-BLO-bf2d3053ce,TK-PB-Drahi_17-d1-HOM-UHI-62618e628e-r1,SS-5d5bbea46d20,1,5,lex_phase_5,OPTIMAL,FEASIBLE_POINT,234778.77981181946,234778.77981181946,0,163998,163998,251386,713253,5124,0,5124,25620,5124,256,0,0,NaN,0,NaN,0.0,1.1496013030409813e-9,
1,3,TWO_STAGE_RH,LEXMMFSA,shared_battery_mode_node_level_v1,SI-Drahi_17-d1-HOM-UHI-BLO-bf2d3053ce,TK-PB-Drahi_17-d1-HOM-UHI-62618e628e-r1,SS-5d5bbea46d20,1,6,economic_tie_break,OPTIMAL,FEASIBLE_POINT,742331.6863248597,742331.6863248597,0,163998,163998,251387,713259,5124,0,5124,25620,5124,256,0,0,NaN,0,NaN,0.0,1.1496013030409813e-9,
1,4,TWO_STAGE_RH,LEXMMFSA,shared_battery_mode_node_level_v1,SI-Drahi_17-d1-HOM-UHI-BLO-bf2d3053ce,TK-PB-Drahi_17-d1-HOM-UHI-62618e628e-r1,SS-5d5bbea46d20,1,1,lex_phase_1,OPTIMAL,FEASIBLE_POINT,46955.755962362666,46955.755962362666,0,163998,163998,251382,713229,5124,0,5124,25620,5124,256,0,0,NaN,0,NaN,0.0,1.1496013030409813e-9,
1,4,TWO_STAGE_RH,LEXMMFSA,shared_battery_mode_node_level_v1,SI-Drahi_17-d1-HOM-UHI-BLO-bf2d3053ce,TK-PB-Drahi_17-d1-HOM-UHI-62618e628e-r1,SS-5d5bbea46d20,1,2,lex_phase_2,OPTIMAL,FEASIBLE_POINT,93911.51192472552,93911.51192472552,0,163998,163998,251383,713235,5124,0,5124,25620,5124,256,0,0,NaN,0,NaN,0.0,1.1496013030409813e-9,
1,4,TWO_STAGE_RH,LEXMMFSA,shared_battery_mode_node_level_v1,SI-Drahi_17-d1-HOM-UHI-BLO-bf2d3053ce,TK-PB-Drahi_17-d1-HOM-UHI-62618e628e-r1,SS-5d5bbea46d20,1,3,lex_phase_3,OPTIMAL,FEASIBLE_POINT,140867.2678870883,140867.2678870883,0,163998,163998,251384,713241,5124,0,5124,25620,5124,256,0,0,NaN,0,NaN,0.0,1.1496013030409813e-9,
1,4,TWO_STAGE_RH,LEXMMFSA,shared_battery_mode_node_level_v1,SI-Drahi_17-d1-HOM-UHI-BLO-bf2d3053ce,TK-PB-Drahi_17-d1-HOM-UHI-62618e628e-r1,SS-5d5bbea46d20,1,4,lex_phase_4,OPTIMAL,FEASIBLE_POINT,187823.02384945104,187823.02384945104,0,163998,163998,251385,713247,5124,0,5124,25620,5124,256,0,0,NaN,0,NaN,0.0,1.1496013030409813e-9,
1,4,TWO_STAGE_RH,LEXMMFSA,shared_battery_mode_node_level_v1,SI-Drahi_17-d1-HOM-UHI-BLO-bf2d3053ce,TK-PB-Drahi_17-d1-HOM-UHI-62618e628e-r1,SS-5d5bbea46d20,1,5,lex_phase_5,OPTIMAL,FEASIBLE_POINT,234778.77981181946,234778.77981181946,0,163998,163998,251386,713253,5124,0,5124,25620,5124,256,0,0,NaN,0,NaN,0.0,1.1496013030409813e-9,
1,4,TWO_STAGE_RH,LEXMMFSA,shared_battery_mode_node_level_v1,SI-Drahi_17-d1-HOM-UHI-BLO-bf2d3053ce,TK-PB-Drahi_17-d1-HOM-UHI-62618e628e-r1,SS-5d5bbea46d20,1,6,economic_tie_break,OPTIMAL,FEASIBLE_POINT,742331.6863248597,742331.6863248597,0,163998,163998,251387,713259,5124,0,5124,25620,5124,256,0,0,NaN,0,NaN,0.0,1.1496013030409813e-9,
1,5,TWO_STAGE_RH,LEXMMFSA,shared_battery_mode_node_level_v1,SI-Drahi_17-d1-HOM-UHI-BLO-bf2d3053ce,TK-PB-Drahi_17-d1-HOM-UHI-62618e628e-r1,SS-102adc95e052,5,1,lex_phase_1,OPTIMAL,FEASIBLE_POINT,88697.9165318457,88697.9165318457,0,163998,163998,251382,710949,5124,0,5124,25620,5124,256,0,0,NaN,0,NaN,0.0,2.5029294192790985e-9,
1,5,TWO_STAGE_RH,LEXMMFSA,shared_battery_mode_node_level_v1,SI-Drahi_17-d1-HOM-UHI-BLO-bf2d3053ce,TK-PB-Drahi_17-d1-HOM-UHI-62618e628e-r1,SS-102adc95e052,5,2,lex_phase_2,OPTIMAL,FEASIBLE_POINT,177395.8330636917,177395.8330636917,0,163998,163998,251383,710955,5124,0,5124,25620,5124,256,0,0,NaN,0,NaN,0.0,2.5029294192790985e-9,
1,5,TWO_STAGE_RH,LEXMMFSA,shared_battery_mode_node_level_v1,SI-Drahi_17-d1-HOM-UHI-BLO-bf2d3053ce,TK-PB-Drahi_17-d1-HOM-UHI-62618e628e-r1,SS-102adc95e052,5,3,lex_phase_3,OPTIMAL,FEASIBLE_POINT,266093.74959553755,266093.74959553755,0,163998,163998,251384,710961,5124,0,5124,25620,5124,256,0,0,NaN,0,NaN,0.0,2.5029294192790985e-9,
1,5,TWO_STAGE_RH,LEXMMFSA,shared_battery_mode_node_level_v1,SI-Drahi_17-d1-HOM-UHI-BLO-bf2d3053ce,TK-PB-Drahi_17-d1-HOM-UHI-62618e628e-r1,SS-102adc95e052,5,4,lex_phase_4,OPTIMAL,FEASIBLE_POINT,354791.6661273834,354791.6661273834,0,163998,163998,251385,710967,5124,0,5124,25620,5124,256,0,0,NaN,0,NaN,0.0,2.5029294192790985e-9,
1,5,TWO_STAGE_RH,LEXMMFSA,shared_battery_mode_node_level_v1,SI-Drahi_17-d1-HOM-UHI-BLO-bf2d3053ce,TK-PB-Drahi_17-d1-HOM-UHI-62618e628e-r1,SS-102adc95e052,5,5,lex_phase_5,OPTIMAL,FEASIBLE_POINT,443489.58265922824,443489.58265922824,0,163998,163998,251386,710973,5124,0,5124,25620,5124,256,0,0,NaN,0,NaN,0.0,2.5029294192790985e-9,
1,5,TWO_STAGE_RH,LEXMMFSA,shared_battery_mode_node_level_v1,SI-Drahi_17-d1-HOM-UHI-BLO-bf2d3053ce,TK-PB-Drahi_17-d1-HOM-UHI-62618e628e-r1,SS-102adc95e052,5,6,economic_tie_break,OPTIMAL,FEASIBLE_POINT,689315.391078481,689315.391078481,0,163998,163998,251387,710979,5124,0,5124,25620,5124,256,0,0,NaN,0,NaN,0.0,2.5029294192790985e-9,
1,6,TWO_STAGE_RH,LEXMMFSA,shared_battery_mode_node_level_v1,SI-Drahi_17-d1-HOM-UHI-BLO-bf2d3053ce,TK-PB-Drahi_17-d1-HOM-UHI-62618e628e-r1,SS-102adc95e052,5,1,lex_phase_1,OPTIMAL,FEASIBLE_POINT,88697.9165318457,88697.9165318457,0,163998,163998,251382,710949,5124,0,5124,25620,5124,256,0,0,NaN,0,NaN,0.0,2.5029294192790985e-9,
1,6,TWO_STAGE_RH,LEXMMFSA,shared_battery_mode_node_level_v1,SI-Drahi_17-d1-HOM-UHI-BLO-bf2d3053ce,TK-PB-Drahi_17-d1-HOM-UHI-62618e628e-r1,SS-102adc95e052,5,2,lex_phase_2,OPTIMAL,FEASIBLE_POINT,177395.8330636917,177395.8330636917,0,163998,163998,251383,710955,5124,0,5124,25620,5124,256,0,0,NaN,0,NaN,0.0,2.5029294192790985e-9,
1,6,TWO_STAGE_RH,LEXMMFSA,shared_battery_mode_node_level_v1,SI-Drahi_17-d1-HOM-UHI-BLO-bf2d3053ce,TK-PB-Drahi_17-d1-HOM-UHI-62618e628e-r1,SS-102adc95e052,5,3,lex_phase_3,OPTIMAL,FEASIBLE_POINT,266093.74959553755,266093.74959553755,0,163998,163998,251384,710961,5124,0,5124,25620,5124,256,0,0,NaN,0,NaN,0.0,2.5029294192790985e-9,
1,6,TWO_STAGE_RH,LEXMMFSA,shared_battery_mode_node_level_v1,SI-Drahi_17-d1-HOM-UHI-BLO-bf2d3053ce,TK-PB-Drahi_17-d1-HOM-UHI-62618e628e-r1,SS-102adc95e052,5,4,lex_phase_4,OPTIMAL,FEASIBLE_POINT,354791.6661273834,354791.6661273834,0,163998,163998,251385,710967,5124,0,5124,25620,5124,256,0,0,NaN,0,NaN,0.0,2.5029294192790985e-9,
1,6,TWO_STAGE_RH,LEXMMFSA,shared_battery_mode_node_level_v1,SI-Drahi_17-d1-HOM-UHI-BLO-bf2d3053ce,TK-PB-Drahi_17-d1-HOM-UHI-62618e628e-r1,SS-102adc95e052,5,5,lex_phase_5,OPTIMAL,FEASIBLE_POINT,443489.58265922824,443489.58265922824,0,163998,163998,251386,710973,5124,0,5124,25620,5124,256,0,0,NaN,0,NaN,0.0,2.5029294192790985e-9,
1,6,TWO_STAGE_RH,LEXMMFSA,shared_battery_mode_node_level_v1,SI-Drahi_17-d1-HOM-UHI-BLO-bf2d3053ce,TK-PB-Drahi_17-d1-HOM-UHI-62618e628e-r1,SS-102adc95e052,5,6,economic_tie_break,OPTIMAL,FEASIBLE_POINT,689315.391078481,689315.391078481,0,163998,163998,251387,710979,5124,0,5124,25620,5124,256,0,0,NaN,0,NaN,0.0,2.5029294192790985e-9,
1,7,TWO_STAGE_RH,LEXMMFSA,shared_battery_mode_node_level_v1,SI-Drahi_17-d1-HOM-UHI-BLO-bf2d3053ce,TK-PB-Drahi_17-d1-HOM-UHI-62618e628e-r1,SS-102adc95e052,5,1,lex_phase_1,OPTIMAL,FEASIBLE_POINT,88697.9165318457,88697.9165318457,0,163998,163998,251382,710949,5124,0,5124,25620,5124,256,0,0,NaN,0,NaN,1.2789769243681803e-13,2.5029294192790985e-9,
1,7,TWO_STAGE_RH,LEXMMFSA,shared_battery_mode_node_level_v1,SI-Drahi_17-d1-HOM-UHI-BLO-bf2d3053ce,TK-PB-Drahi_17-d1-HOM-UHI-62618e628e-r1,SS-102adc95e052,5,2,lex_phase_2,OPTIMAL,FEASIBLE_POINT,177395.8330636917,177395.8330636917,0,163998,163998,251383,710955,5124,0,5124,25620,5124,256,0,0,NaN,0,NaN,1.2789769243681803e-13,2.5029294192790985e-9,
1,7,TWO_STAGE_RH,LEXMMFSA,shared_battery_mode_node_level_v1,SI-Drahi_17-d1-HOM-UHI-BLO-bf2d3053ce,TK-PB-Drahi_17-d1-HOM-UHI-62618e628e-r1,SS-102adc95e052,5,3,lex_phase_3,OPTIMAL,FEASIBLE_POINT,266093.74959553755,266093.74959553755,0,163998,163998,251384,710961,5124,0,5124,25620,5124,256,0,0,NaN,0,NaN,1.2789769243681803e-13,2.5029294192790985e-9,
1,7,TWO_STAGE_RH,LEXMMFSA,shared_battery_mode_node_level_v1,SI-Drahi_17-d1-HOM-UHI-BLO-bf2d3053ce,TK-PB-Drahi_17-d1-HOM-UHI-62618e628e-r1,SS-102adc95e052,5,4,lex_phase_4,OPTIMAL,FEASIBLE_POINT,354791.6661273834,354791.6661273834,0,163998,163998,251385,710967,5124,0,5124,25620,5124,256,0,0,NaN,0,NaN,1.2789769243681803e-13,2.5029294192790985e-9,
1,7,TWO_STAGE_RH,LEXMMFSA,shared_battery_mode_node_level_v1,SI-Drahi_17-d1-HOM-UHI-BLO-bf2d3053ce,TK-PB-Drahi_17-d1-HOM-UHI-62618e628e-r1,SS-102adc95e052,5,5,lex_phase_5,OPTIMAL,FEASIBLE_POINT,443489.58265922824,443489.58265922824,0,163998,163998,251386,710973,5124,0,5124,25620,5124,256,0,0,NaN,0,NaN,1.2789769243681803e-13,2.5029294192790985e-9,
1,7,TWO_STAGE_RH,LEXMMFSA,shared_battery_mode_node_level_v1,SI-Drahi_17-d1-HOM-UHI-BLO-bf2d3053ce,TK-PB-Drahi_17-d1-HOM-UHI-62618e628e-r1,SS-102adc95e052,5,6,economic_tie_break,OPTIMAL,FEASIBLE_POINT,689315.391078481,689315.391078481,0,163998,163998,251387,710979,5124,0,5124,25620,5124,256,0,0,NaN,0,NaN,1.2789769243681803e-13,2.5029294192790985e-9,
1,8,TWO_STAGE_RH,LEXMMFSA,shared_battery_mode_node_level_v1,SI-Drahi_17-d1-HOM-UHI-BLO-bf2d3053ce,TK-PB-Drahi_17-d1-HOM-UHI-62618e628e-r1,SS-102adc95e052,5,1,lex_phase_1,OPTIMAL,FEASIBLE_POINT,88697.9165318457,88697.9165318457,0,163998,163998,251382,710949,5124,0,5124,25620,5124,256,0,0,NaN,0,NaN,1.4210854715202004e-13,2.5029294192790985e-9,
1,8,TWO_STAGE_RH,LEXMMFSA,shared_battery_mode_node_level_v1,SI-Drahi_17-d1-HOM-UHI-BLO-bf2d3053ce,TK-PB-Drahi_17-d1-HOM-UHI-62618e628e-r1,SS-102adc95e052,5,2,lex_phase_2,OPTIMAL,FEASIBLE_POINT,177395.8330636917,177395.8330636917,0,163998,163998,251383,710955,5124,0,5124,25620,5124,256,0,0,NaN,0,NaN,1.4210854715202004e-13,2.5029294192790985e-9,
1,8,TWO_STAGE_RH,LEXMMFSA,shared_battery_mode_node_level_v1,SI-Drahi_17-d1-HOM-UHI-BLO-bf2d3053ce,TK-PB-Drahi_17-d1-HOM-UHI-62618e628e-r1,SS-102adc95e052,5,3,lex_phase_3,OPTIMAL,FEASIBLE_POINT,266093.74959553755,266093.74959553755,0,163998,163998,251384,710961,5124,0,5124,25620,5124,256,0,0,NaN,0,NaN,1.4210854715202004e-13,2.5029294192790985e-9,
1,8,TWO_STAGE_RH,LEXMMFSA,shared_battery_mode_node_level_v1,SI-Drahi_17-d1-HOM-UHI-BLO-bf2d3053ce,TK-PB-Drahi_17-d1-HOM-UHI-62618e628e-r1,SS-102adc95e052,5,4,lex_phase_4,OPTIMAL,FEASIBLE_POINT,354791.6661273834,354791.6661273834,0,163998,163998,251385,710967,5124,0,5124,25620,5124,256,0,0,NaN,0,NaN,1.4210854715202004e-13,2.5029294192790985e-9,
1,8,TWO_STAGE_RH,LEXMMFSA,shared_battery_mode_node_level_v1,SI-Drahi_17-d1-HOM-UHI-BLO-bf2d3053ce,TK-PB-Drahi_17-d1-HOM-UHI-62618e628e-r1,SS-102adc95e052,5,5,lex_phase_5,OPTIMAL,FEASIBLE_POINT,443489.58265922824,443489.58265922824,0,163998,163998,251386,710973,5124,0,5124,25620,5124,256,0,0,NaN,0,NaN,1.4210854715202004e-13,2.5029294192790985e-9,
1,8,TWO_STAGE_RH,LEXMMFSA,shared_battery_mode_node_level_v1,SI-Drahi_17-d1-HOM-UHI-BLO-bf2d3053ce,TK-PB-Drahi_17-d1-HOM-UHI-62618e628e-r1,SS-102adc95e052,5,6,economic_tie_break,OPTIMAL,FEASIBLE_POINT,689315.391078481,689315.391078481,0,163998,163998,251387,710979,5124,0,5124,25620,5124,256,0,0,NaN,0,NaN,1.4210854715202004e-13,2.5029294192790985e-9,
1,9,TWO_STAGE_RH,LEXMMFSA,shared_battery_mode_node_level_v1,SI-Drahi_17-d1-HOM-UHI-BLO-bf2d3053ce,TK-PB-Drahi_17-d1-HOM-UHI-62618e628e-r1,SS-19da242d4543,9,1,lex_phase_1,OPTIMAL,FEASIBLE_POINT,71541.42964956965,71541.42964956965,0,163998,163998,251382,710724,5124,0,5124,25620,5124,256,0,0,NaN,0,NaN,1.4210854715202004e-14,2.852175384759903e-9,
1,9,TWO_STAGE_RH,LEXMMFSA,shared_battery_mode_node_level_v1,SI-Drahi_17-d1-HOM-UHI-BLO-bf2d3053ce,TK-PB-Drahi_17-d1-HOM-UHI-62618e628e-r1,SS-19da242d4543,9,2,lex_phase_2,OPTIMAL,FEASIBLE_POINT,143082.8592991397,143082.8592991397,0,163998,163998,251383,710730,5124,0,5124,25620,5124,256,0,0,NaN,0,NaN,1.4210854715202004e-14,2.852175384759903e-9,
1,9,TWO_STAGE_RH,LEXMMFSA,shared_battery_mode_node_level_v1,SI-Drahi_17-d1-HOM-UHI-BLO-bf2d3053ce,TK-PB-Drahi_17-d1-HOM-UHI-62618e628e-r1,SS-19da242d4543,9,3,lex_phase_3,OPTIMAL,FEASIBLE_POINT,214624.28894870955,214624.28894870955,0,163998,163998,251384,710736,5124,0,5124,25620,5124,256,0,0,NaN,0,NaN,1.4210854715202004e-14,2.852175384759903e-9,
1,9,TWO_STAGE_RH,LEXMMFSA,shared_battery_mode_node_level_v1,SI-Drahi_17-d1-HOM-UHI-BLO-bf2d3053ce,TK-PB-Drahi_17-d1-HOM-UHI-62618e628e-r1,SS-19da242d4543,9,4,lex_phase_4,OPTIMAL,FEASIBLE_POINT,286165.7185982794,286165.7185982794,0,163998,163998,251385,710742,5124,0,5124,25620,5124,256,0,0,NaN,0,NaN,1.4210854715202004e-14,2.852175384759903e-9,
1,9,TWO_STAGE_RH,LEXMMFSA,shared_battery_mode_node_level_v1,SI-Drahi_17-d1-HOM-UHI-BLO-bf2d3053ce,TK-PB-Drahi_17-d1-HOM-UHI-62618e628e-r1,SS-19da242d4543,9,5,lex_phase_5,OPTIMAL,FEASIBLE_POINT,357707.1482478502,357707.1482478502,0,163998,163998,251386,710748,5124,0,5124,25620,5124,256,0,0,NaN,0,NaN,1.4210854715202004e-14,2.852175384759903e-9,
1,9,TWO_STAGE_RH,LEXMMFSA,shared_battery_mode_node_level_v1,SI-Drahi_17-d1-HOM-UHI-BLO-bf2d3053ce,TK-PB-Drahi_17-d1-HOM-UHI-62618e628e-r1,SS-19da242d4543,9,6,economic_tie_break,OPTIMAL,FEASIBLE_POINT,729383.8659846087,729383.8659846087,0,163998,163998,251387,710754,5124,0,5124,25620,5124,256,0,0,NaN,0,NaN,1.4210854715202004e-14,2.852175384759903e-9,
1,10,TWO_STAGE_RH,LEXMMFSA,shared_battery_mode_node_level_v1,SI-Drahi_17-d1-HOM-UHI-BLO-bf2d3053ce,TK-PB-Drahi_17-d1-HOM-UHI-62618e628e-r1,SS-19da242d4543,9,1,lex_phase_1,OPTIMAL,FEASIBLE_POINT,71541.42964956965,71541.42964956965,0,163998,163998,251382,710724,5124,0,5124,25620,5124,256,0,0,NaN,0,NaN,2.842170943040401e-14,2.852175384759903e-9,
1,10,TWO_STAGE_RH,LEXMMFSA,shared_battery_mode_node_level_v1,SI-Drahi_17-d1-HOM-UHI-BLO-bf2d3053ce,TK-PB-Drahi_17-d1-HOM-UHI-62618e628e-r1,SS-19da242d4543,9,2,lex_phase_2,OPTIMAL,FEASIBLE_POINT,143082.8592991397,143082.8592991397,0,163998,163998,251383,710730,5124,0,5124,25620,5124,256,0,0,NaN,0,NaN,2.842170943040401e-14,2.852175384759903e-9,
1,10,TWO_STAGE_RH,LEXMMFSA,shared_battery_mode_node_level_v1,SI-Drahi_17-d1-HOM-UHI-BLO-bf2d3053ce,TK-PB-Drahi_17-d1-HOM-UHI-62618e628e-r1,SS-19da242d4543,9,3,lex_phase_3,OPTIMAL,FEASIBLE_POINT,214624.28894870955,214624.28894870955,0,163998,163998,251384,710736,5124,0,5124,25620,5124,256,0,0,NaN,0,NaN,2.842170943040401e-14,2.852175384759903e-9,
1,10,TWO_STAGE_RH,LEXMMFSA,shared_battery_mode_node_level_v1,SI-Drahi_17-d1-HOM-UHI-BLO-bf2d3053ce,TK-PB-Drahi_17-d1-HOM-UHI-62618e628e-r1,SS-19da242d4543,9,4,lex_phase_4,OPTIMAL,FEASIBLE_POINT,286165.7185982794,286165.7185982794,0,163998,163998,251385,710742,5124,0,5124,25620,5124,256,0,0,NaN,0,NaN,2.842170943040401e-14,2.852175384759903e-9,
1,10,TWO_STAGE_RH,LEXMMFSA,shared_battery_mode_node_level_v1,SI-Drahi_17-d1-HOM-UHI-BLO-bf2d3053ce,TK-PB-Drahi_17-d1-HOM-UHI-62618e628e-r1,SS-19da242d4543,9,5,lex_phase_5,OPTIMAL,FEASIBLE_POINT,357707.1482478502,357707.1482478502,0,163998,163998,251386,710748,5124,0,5124,25620,5124,256,0,0,NaN,0,NaN,2.842170943040401e-14,2.852175384759903e-9,
1,10,TWO_STAGE_RH,LEXMMFSA,shared_battery_mode_node_level_v1,SI-Drahi_17-d1-HOM-UHI-BLO-bf2d3053ce,TK-PB-Drahi_17-d1-HOM-UHI-62618e628e-r1,SS-19da242d4543,9,6,economic_tie_break,OPTIMAL,FEASIBLE_POINT,729383.8659846087,729383.8659846087,0,163998,163998,251387,710754,5124,0,5124,25620,5124,256,0,0,NaN,0,NaN,2.842170943040401e-14,2.852175384759903e-9,
1,11,TWO_STAGE_RH,LEXMMFSA,shared_battery_mode_node_level_v1,SI-Drahi_17-d1-HOM-UHI-BLO-bf2d3053ce,TK-PB-Drahi_17-d1-HOM-UHI-62618e628e-r1,SS-19da242d4543,9,1,lex_phase_1,OPTIMAL,FEASIBLE_POINT,71541.42964956965,71541.42964956965,0,163998,163998,251382,710724,5124,0,5124,25620,5124,256,0,0,NaN,0,NaN,0.0,2.852175384759903e-9,
1,11,TWO_STAGE_RH,LEXMMFSA,shared_battery_mode_node_level_v1,SI-Drahi_17-d1-HOM-UHI-BLO-bf2d3053ce,TK-PB-Drahi_17-d1-HOM-UHI-62618e628e-r1,SS-19da242d4543,9,2,lex_phase_2,OPTIMAL,FEASIBLE_POINT,143082.8592991397,143082.8592991397,0,163998,163998,251383,710730,5124,0,5124,25620,5124,256,0,0,NaN,0,NaN,0.0,2.852175384759903e-9,
1,11,TWO_STAGE_RH,LEXMMFSA,shared_battery_mode_node_level_v1,SI-Drahi_17-d1-HOM-UHI-BLO-bf2d3053ce,TK-PB-Drahi_17-d1-HOM-UHI-62618e628e-r1,SS-19da242d4543,9,3,lex_phase_3,OPTIMAL,FEASIBLE_POINT,214624.28894870955,214624.28894870955,0,163998,163998,251384,710736,5124,0,5124,25620,5124,256,0,0,NaN,0,NaN,0.0,2.852175384759903e-9,
1,11,TWO_STAGE_RH,LEXMMFSA,shared_battery_mode_node_level_v1,SI-Drahi_17-d1-HOM-UHI-BLO-bf2d3053ce,TK-PB-Drahi_17-d1-HOM-UHI-62618e628e-r1,SS-19da242d4543,9,4,lex_phase_4,OPTIMAL,FEASIBLE_POINT,286165.7185982794,286165.7185982794,0,163998,163998,251385,710742,5124,0,5124,25620,5124,256,0,0,NaN,0,NaN,0.0,2.852175384759903e-9,
1,11,TWO_STAGE_RH,LEXMMFSA,shared_battery_mode_node_level_v1,SI-Drahi_17-d1-HOM-UHI-BLO-bf2d3053ce,TK-PB-Drahi_17-d1-HOM-UHI-62618e628e-r1,SS-19da242d4543,9,5,lex_phase_5,OPTIMAL,FEASIBLE_POINT,357707.1482478502,357707.1482478502,0,163998,163998,251386,710748,5124,0,5124,25620,5124,256,0,0,NaN,0,NaN,0.0,2.852175384759903e-9,
1,11,TWO_STAGE_RH,LEXMMFSA,shared_battery_mode_node_level_v1,SI-Drahi_17-d1-HOM-UHI-BLO-bf2d3053ce,TK-PB-Drahi_17-d1-HOM-UHI-62618e628e-r1,SS-19da242d4543,9,6,economic_tie_break,OPTIMAL,FEASIBLE_POINT,729383.8659846087,729383.8659846087,0,163998,163998,251387,710754,5124,0,5124,25620,5124,256,0,0,NaN,0,NaN,0.0,2.852175384759903e-9,
1,12,TWO_STAGE_RH,LEXMMFSA,shared_battery_mode_node_level_v1,SI-Drahi_17-d1-HOM-UHI-BLO-bf2d3053ce,TK-PB-Drahi_17-d1-HOM-UHI-62618e628e-r1,SS-19da242d4543,9,1,lex_phase_1,OPTIMAL,FEASIBLE_POINT,71541.42964956965,71541.42964956965,0,163998,163998,251382,710724,5124,0,5124,25620,5124,256,0,0,NaN,0,NaN,5.684341886080802e-14,2.852175384759903e-9,
1,12,TWO_STAGE_RH,LEXMMFSA,shared_battery_mode_node_level_v1,SI-Drahi_17-d1-HOM-UHI-BLO-bf2d3053ce,TK-PB-Drahi_17-d1-HOM-UHI-62618e628e-r1,SS-19da242d4543,9,2,lex_phase_2,OPTIMAL,FEASIBLE_POINT,143082.8592991397,143082.8592991397,0,163998,163998,251383,710730,5124,0,5124,25620,5124,256,0,0,NaN,0,NaN,5.684341886080802e-14,2.852175384759903e-9,
1,12,TWO_STAGE_RH,LEXMMFSA,shared_battery_mode_node_level_v1,SI-Drahi_17-d1-HOM-UHI-BLO-bf2d3053ce,TK-PB-Drahi_17-d1-HOM-UHI-62618e628e-r1,SS-19da242d4543,9,3,lex_phase_3,OPTIMAL,FEASIBLE_POINT,214624.28894870955,214624.28894870955,0,163998,163998,251384,710736,5124,0,5124,25620,5124,256,0,0,NaN,0,NaN,5.684341886080802e-14,2.852175384759903e-9,
1,12,TWO_STAGE_RH,LEXMMFSA,shared_battery_mode_node_level_v1,SI-Drahi_17-d1-HOM-UHI-BLO-bf2d3053ce,TK-PB-Drahi_17-d1-HOM-UHI-62618e628e-r1,SS-19da242d4543,9,4,lex_phase_4,OPTIMAL,FEASIBLE_POINT,286165.7185982794,286165.7185982794,0,163998,163998,251385,710742,5124,0,5124,25620,5124,256,0,0,NaN,0,NaN,5.684341886080802e-14,2.852175384759903e-9,
1,12,TWO_STAGE_RH,LEXMMFSA,shared_battery_mode_node_level_v1,SI-Drahi_17-d1-HOM-UHI-BLO-bf2d3053ce,TK-PB-Drahi_17-d1-HOM-UHI-62618e628e-r1,SS-19da242d4543,9,5,lex_phase_5,OPTIMAL,FEASIBLE_POINT,357707.1482478502,357707.1482478502,0,163998,163998,251386,710748,5124,0,5124,25620,5124,256,0,0,NaN,0,NaN,5.684341886080802e-14,2.852175384759903e-9,
1,12,TWO_STAGE_RH,LEXMMFSA,shared_battery_mode_node_level_v1,SI-Drahi_17-d1-HOM-UHI-BLO-bf2d3053ce,TK-PB-Drahi_17-d1-HOM-UHI-62618e628e-r1,SS-19da242d4543,9,6,economic_tie_break,OPTIMAL,FEASIBLE_POINT,729383.8659846087,729383.8659846087,0,163998,163998,251387,710754,5124,0,5124,25620,5124,256,0,0,NaN,0,NaN,5.684341886080802e-14,2.852175384759903e-9,
1,13,TWO_STAGE_RH,LEXMMFSA,shared_battery_mode_node_level_v1,SI-Drahi_17-d1-HOM-UHI-BLO-bf2d3053ce,TK-PB-Drahi_17-d1-HOM-UHI-62618e628e-r1,SS-354317d12b7f,13,1,lex_phase_1,OPTIMAL,FEASIBLE_POINT,95353.52896279492,95353.52896279492,0,163998,163998,251382,709389,5124,0,5124,25620,5124,256,0,0,NaN,0,NaN,2.842170943040401e-14,2.3283064365386963e-10,
1,13,TWO_STAGE_RH,LEXMMFSA,shared_battery_mode_node_level_v1,SI-Drahi_17-d1-HOM-UHI-BLO-bf2d3053ce,TK-PB-Drahi_17-d1-HOM-UHI-62618e628e-r1,SS-354317d12b7f,13,2,lex_phase_2,OPTIMAL,FEASIBLE_POINT,190707.05792558967,190707.05792558967,0,163998,163998,251383,709395,5124,0,5124,25620,5124,256,0,0,NaN,0,NaN,2.842170943040401e-14,2.3283064365386963e-10,
1,13,TWO_STAGE_RH,LEXMMFSA,shared_battery_mode_node_level_v1,SI-Drahi_17-d1-HOM-UHI-BLO-bf2d3053ce,TK-PB-Drahi_17-d1-HOM-UHI-62618e628e-r1,SS-354317d12b7f,13,3,lex_phase_3,OPTIMAL,FEASIBLE_POINT,286060.58688838454,286060.58688838454,0,163998,163998,251384,709401,5124,0,5124,25620,5124,256,0,0,NaN,0,NaN,2.842170943040401e-14,2.3283064365386963e-10,
1,13,TWO_STAGE_RH,LEXMMFSA,shared_battery_mode_node_level_v1,SI-Drahi_17-d1-HOM-UHI-BLO-bf2d3053ce,TK-PB-Drahi_17-d1-HOM-UHI-62618e628e-r1,SS-354317d12b7f,13,4,lex_phase_4,OPTIMAL,FEASIBLE_POINT,381414.11585117935,381414.11585117935,0,163998,163998,251385,709407,5124,0,5124,25620,5124,256,0,0,NaN,0,NaN,2.842170943040401e-14,2.3283064365386963e-10,
1,13,TWO_STAGE_RH,LEXMMFSA,shared_battery_mode_node_level_v1,SI-Drahi_17-d1-HOM-UHI-BLO-bf2d3053ce,TK-PB-Drahi_17-d1-HOM-UHI-62618e628e-r1,SS-354317d12b7f,13,5,lex_phase_5,OPTIMAL,FEASIBLE_POINT,476767.6448139732,476767.6448139732,0,163998,163998,251386,709413,5124,0,5124,25620,5124,256,0,0,NaN,0,NaN,2.842170943040401e-14,2.3283064365386963e-10,
1,13,TWO_STAGE_RH,LEXMMFSA,shared_battery_mode_node_level_v1,SI-Drahi_17-d1-HOM-UHI-BLO-bf2d3053ce,TK-PB-Drahi_17-d1-HOM-UHI-62618e628e-r1,SS-354317d12b7f,13,6,economic_tie_break,OPTIMAL,FEASIBLE_POINT,731762.2908790453,731762.2908790453,0,163998,163998,251387,709419,5124,0,5124,25620,5124,256,0,0,NaN,0,NaN,2.842170943040401e-14,2.3283064365386963e-10,
1,14,TWO_STAGE_RH,LEXMMFSA,shared_battery_mode_node_level_v1,SI-Drahi_17-d1-HOM-UHI-BLO-bf2d3053ce,TK-PB-Drahi_17-d1-HOM-UHI-62618e628e-r1,SS-354317d12b7f,13,1,lex_phase_1,OPTIMAL,FEASIBLE_POINT,95353.52896279492,95353.52896279492,0,163998,163998,251382,709389,5124,0,5124,25620,5124,256,0,0,NaN,0,NaN,1.4210854715202004e-14,2.3283064365386963e-10,
1,14,TWO_STAGE_RH,LEXMMFSA,shared_battery_mode_node_level_v1,SI-Drahi_17-d1-HOM-UHI-BLO-bf2d3053ce,TK-PB-Drahi_17-d1-HOM-UHI-62618e628e-r1,SS-354317d12b7f,13,2,lex_phase_2,OPTIMAL,FEASIBLE_POINT,190707.05792558967,190707.05792558967,0,163998,163998,251383,709395,5124,0,5124,25620,5124,256,0,0,NaN,0,NaN,1.4210854715202004e-14,2.3283064365386963e-10,
1,14,TWO_STAGE_RH,LEXMMFSA,shared_battery_mode_node_level_v1,SI-Drahi_17-d1-HOM-UHI-BLO-bf2d3053ce,TK-PB-Drahi_17-d1-HOM-UHI-62618e628e-r1,SS-354317d12b7f,13,3,lex_phase_3,OPTIMAL,FEASIBLE_POINT,286060.58688838454,286060.58688838454,0,163998,163998,251384,709401,5124,0,5124,25620,5124,256,0,0,NaN,0,NaN,1.4210854715202004e-14,2.3283064365386963e-10,
1,14,TWO_STAGE_RH,LEXMMFSA,shared_battery_mode_node_level_v1,SI-Drahi_17-d1-HOM-UHI-BLO-bf2d3053ce,TK-PB-Drahi_17-d1-HOM-UHI-62618e628e-r1,SS-354317d12b7f,13,4,lex_phase_4,OPTIMAL,FEASIBLE_POINT,381414.11585117935,381414.11585117935,0,163998,163998,251385,709407,5124,0,5124,25620,5124,256,0,0,NaN,0,NaN,1.4210854715202004e-14,2.3283064365386963e-10,
1,14,TWO_STAGE_RH,LEXMMFSA,shared_battery_mode_node_level_v1,SI-Drahi_17-d1-HOM-UHI-BLO-bf2d3053ce,TK-PB-Drahi_17-d1-HOM-UHI-62618e628e-r1,SS-354317d12b7f,13,5,lex_phase_5,OPTIMAL,FEASIBLE_POINT,476767.6448139732,476767.6448139732,0,163998,163998,251386,709413,5124,0,5124,25620,5124,256,0,0,NaN,0,NaN,1.4210854715202004e-14,2.3283064365386963e-10,
1,14,TWO_STAGE_RH,LEXMMFSA,shared_battery_mode_node_level_v1,SI-Drahi_17-d1-HOM-UHI-BLO-bf2d3053ce,TK-PB-Drahi_17-d1-HOM-UHI-62618e628e-r1,SS-354317d12b7f,13,6,economic_tie_break,OPTIMAL,FEASIBLE_POINT,731762.2908790453,731762.2908790453,0,163998,163998,251387,709419,5124,0,5124,25620,5124,256,0,0,NaN,0,NaN,1.4210854715202004e-14,2.3283064365386963e-10,
1,15,TWO_STAGE_RH,LEXMMFSA,shared_battery_mode_node_level_v1,SI-Drahi_17-d1-HOM-UHI-BLO-bf2d3053ce,TK-PB-Drahi_17-d1-HOM-UHI-62618e628e-r1,SS-354317d12b7f,13,1,lex_phase_1,OPTIMAL,FEASIBLE_POINT,95353.52896279492,95353.52896279492,0,163998,163998,251382,709389,5124,0,5124,25620,5124,256,0,0,NaN,0,NaN,3.552713678800501e-15,2.3283064365386963e-10,
1,15,TWO_STAGE_RH,LEXMMFSA,shared_battery_mode_node_level_v1,SI-Drahi_17-d1-HOM-UHI-BLO-bf2d3053ce,TK-PB-Drahi_17-d1-HOM-UHI-62618e628e-r1,SS-354317d12b7f,13,2,lex_phase_2,OPTIMAL,FEASIBLE_POINT,190707.05792558967,190707.05792558967,0,163998,163998,251383,709395,5124,0,5124,25620,5124,256,0,0,NaN,0,NaN,3.552713678800501e-15,2.3283064365386963e-10,
1,15,TWO_STAGE_RH,LEXMMFSA,shared_battery_mode_node_level_v1,SI-Drahi_17-d1-HOM-UHI-BLO-bf2d3053ce,TK-PB-Drahi_17-d1-HOM-UHI-62618e628e-r1,SS-354317d12b7f,13,3,lex_phase_3,OPTIMAL,FEASIBLE_POINT,286060.58688838454,286060.58688838454,0,163998,163998,251384,709401,5124,0,5124,25620,5124,256,0,0,NaN,0,NaN,3.552713678800501e-15,2.3283064365386963e-10,
1,15,TWO_STAGE_RH,LEXMMFSA,shared_battery_mode_node_level_v1,SI-Drahi_17-d1-HOM-UHI-BLO-bf2d3053ce,TK-PB-Drahi_17-d1-HOM-UHI-62618e628e-r1,SS-354317d12b7f,13,4,lex_phase_4,OPTIMAL,FEASIBLE_POINT,381414.11585117935,381414.11585117935,0,163998,163998,251385,709407,5124,0,5124,25620,5124,256,0,0,NaN,0,NaN,3.552713678800501e-15,2.3283064365386963e-10,
1,15,TWO_STAGE_RH,LEXMMFSA,shared_battery_mode_node_level_v1,SI-Drahi_17-d1-HOM-UHI-BLO-bf2d3053ce,TK-PB-Drahi_17-d1-HOM-UHI-62618e628e-r1,SS-354317d12b7f,13,5,lex_phase_5,OPTIMAL,FEASIBLE_POINT,476767.6448139732,476767.6448139732,0,163998,163998,251386,709413,5124,0,5124,25620,5124,256,0,0,NaN,0,NaN,3.552713678800501e-15,2.3283064365386963e-10,
1,15,TWO_STAGE_RH,LEXMMFSA,shared_battery_mode_node_level_v1,SI-Drahi_17-d1-HOM-UHI-BLO-bf2d3053ce,TK-PB-Drahi_17-d1-HOM-UHI-62618e628e-r1,SS-354317d12b7f,13,6,economic_tie_break,OPTIMAL,FEASIBLE_POINT,731762.2908790453,731762.2908790453,0,163998,163998,251387,709419,5124,0,5124,25620,5124,256,0,0,NaN,0,NaN,3.552713678800501e-15,2.3283064365386963e-10,
1,16,TWO_STAGE_RH,LEXMMFSA,shared_battery_mode_node_level_v1,SI-Drahi_17-d1-HOM-UHI-BLO-bf2d3053ce,TK-PB-Drahi_17-d1-HOM-UHI-62618e628e-r1,SS-354317d12b7f,13,1,lex_phase_1,OPTIMAL,FEASIBLE_POINT,95353.52896279492,95353.52896279492,0,163998,163998,251382,709389,5124,0,5124,25620,5124,256,0,0,NaN,0,NaN,2.6645352591003757e-15,2.3283064365386963e-10,
1,16,TWO_STAGE_RH,LEXMMFSA,shared_battery_mode_node_level_v1,SI-Drahi_17-d1-HOM-UHI-BLO-bf2d3053ce,TK-PB-Drahi_17-d1-HOM-UHI-62618e628e-r1,SS-354317d12b7f,13,2,lex_phase_2,OPTIMAL,FEASIBLE_POINT,190707.05792558967,190707.05792558967,0,163998,163998,251383,709395,5124,0,5124,25620,5124,256,0,0,NaN,0,NaN,2.6645352591003757e-15,2.3283064365386963e-10,
1,16,TWO_STAGE_RH,LEXMMFSA,shared_battery_mode_node_level_v1,SI-Drahi_17-d1-HOM-UHI-BLO-bf2d3053ce,TK-PB-Drahi_17-d1-HOM-UHI-62618e628e-r1,SS-354317d12b7f,13,3,lex_phase_3,OPTIMAL,FEASIBLE_POINT,286060.58688838454,286060.58688838454,0,163998,163998,251384,709401,5124,0,5124,25620,5124,256,0,0,NaN,0,NaN,2.6645352591003757e-15,2.3283064365386963e-10,
1,16,TWO_STAGE_RH,LEXMMFSA,shared_battery_mode_node_level_v1,SI-Drahi_17-d1-HOM-UHI-BLO-bf2d3053ce,TK-PB-Drahi_17-d1-HOM-UHI-62618e628e-r1,SS-354317d12b7f,13,4,lex_phase_4,OPTIMAL,FEASIBLE_POINT,381414.11585117935,381414.11585117935,0,163998,163998,251385,709407,5124,0,5124,25620,5124,256,0,0,NaN,0,NaN,2.6645352591003757e-15,2.3283064365386963e-10,
1,16,TWO_STAGE_RH,LEXMMFSA,shared_battery_mode_node_level_v1,SI-Drahi_17-d1-HOM-UHI-BLO-bf2d3053ce,TK-PB-Drahi_17-d1-HOM-UHI-62618e628e-r1,SS-354317d12b7f,13,5,lex_phase_5,OPTIMAL,FEASIBLE_POINT,476767.6448139732,476767.6448139732,0,163998,163998,251386,709413,5124,0,5124,25620,5124,256,0,0,NaN,0,NaN,2.6645352591003757e-15,2.3283064365386963e-10,
1,16,TWO_STAGE_RH,LEXMMFSA,shared_battery_mode_node_level_v1,SI-Drahi_17-d1-HOM-UHI-BLO-bf2d3053ce,TK-PB-Drahi_17-d1-HOM-UHI-62618e628e-r1,SS-354317d12b7f,13,6,economic_tie_break,OPTIMAL,FEASIBLE_POINT,731762.2908790453,731762.2908790453,0,163998,163998,251387,709419,5124,0,5124,25620,5124,256,0,0,NaN,0,NaN,2.6645352591003757e-15,2.3283064365386963e-10,
1,17,TWO_STAGE_RH,LEXMMFSA,shared_battery_mode_node_level_v1,SI-Drahi_17-d1-HOM-UHI-BLO-bf2d3053ce,TK-PB-Drahi_17-d1-HOM-UHI-62618e628e-r1,SS-c81930d9c8ba,17,1,lex_phase_1,OPTIMAL,FEASIBLE_POINT,109740.88429593384,109740.88429593384,0,163998,163998,251382,710979,5124,0,5124,25620,5124,256,0,0,NaN,0,NaN,3.552713678800501e-15,1.979060471057892e-9,
1,17,TWO_STAGE_RH,LEXMMFSA,shared_battery_mode_node_level_v1,SI-Drahi_17-d1-HOM-UHI-BLO-bf2d3053ce,TK-PB-Drahi_17-d1-HOM-UHI-62618e628e-r1,SS-c81930d9c8ba,17,2,lex_phase_2,OPTIMAL,FEASIBLE_POINT,219481.76859186954,219481.76859186954,0,163998,163998,251383,710985,5124,0,5124,25620,5124,256,0,0,NaN,0,NaN,3.552713678800501e-15,1.979060471057892e-9,
1,17,TWO_STAGE_RH,LEXMMFSA,shared_battery_mode_node_level_v1,SI-Drahi_17-d1-HOM-UHI-BLO-bf2d3053ce,TK-PB-Drahi_17-d1-HOM-UHI-62618e628e-r1,SS-c81930d9c8ba,17,3,lex_phase_3,OPTIMAL,FEASIBLE_POINT,329222.6528878043,329222.6528878043,0,163998,163998,251384,710991,5124,0,5124,25620,5124,256,0,0,NaN,0,NaN,3.552713678800501e-15,1.979060471057892e-9,
1,17,TWO_STAGE_RH,LEXMMFSA,shared_battery_mode_node_level_v1,SI-Drahi_17-d1-HOM-UHI-BLO-bf2d3053ce,TK-PB-Drahi_17-d1-HOM-UHI-62618e628e-r1,SS-c81930d9c8ba,17,4,lex_phase_4,OPTIMAL,FEASIBLE_POINT,438963.53718373907,438963.53718373907,0,163998,163998,251385,710997,5124,0,5124,25620,5124,256,0,0,NaN,0,NaN,3.552713678800501e-15,1.979060471057892e-9,
1,17,TWO_STAGE_RH,LEXMMFSA,shared_battery_mode_node_level_v1,SI-Drahi_17-d1-HOM-UHI-BLO-bf2d3053ce,TK-PB-Drahi_17-d1-HOM-UHI-62618e628e-r1,SS-c81930d9c8ba,17,5,lex_phase_5,OPTIMAL,FEASIBLE_POINT,548704.4214796757,548704.4214796757,0,163998,163998,251386,711003,5124,0,5124,25620,5124,256,0,0,NaN,0,NaN,3.552713678800501e-15,1.979060471057892e-9,
1,17,TWO_STAGE_RH,LEXMMFSA,shared_battery_mode_node_level_v1,SI-Drahi_17-d1-HOM-UHI-BLO-bf2d3053ce,TK-PB-Drahi_17-d1-HOM-UHI-62618e628e-r1,SS-c81930d9c8ba,17,6,economic_tie_break,OPTIMAL,FEASIBLE_POINT,733702.2040756048,733702.2040756048,0,163998,163998,251387,711009,5124,0,5124,25620,5124,256,0,0,NaN,0,NaN,3.552713678800501e-15,1.979060471057892e-9,
1,18,TWO_STAGE_RH,LEXMMFSA,shared_battery_mode_node_level_v1,SI-Drahi_17-d1-HOM-UHI-BLO-bf2d3053ce,TK-PB-Drahi_17-d1-HOM-UHI-62618e628e-r1,SS-c81930d9c8ba,17,1,lex_phase_1,OPTIMAL,FEASIBLE_POINT,109740.88429593384,109740.88429593384,0,163998,163998,251382,710979,5124,0,5124,25620,5124,256,0,0,NaN,0,NaN,1.7763568394002505e-15,1.979060471057892e-9,
1,18,TWO_STAGE_RH,LEXMMFSA,shared_battery_mode_node_level_v1,SI-Drahi_17-d1-HOM-UHI-BLO-bf2d3053ce,TK-PB-Drahi_17-d1-HOM-UHI-62618e628e-r1,SS-c81930d9c8ba,17,2,lex_phase_2,OPTIMAL,FEASIBLE_POINT,219481.76859186954,219481.76859186954,0,163998,163998,251383,710985,5124,0,5124,25620,5124,256,0,0,NaN,0,NaN,1.7763568394002505e-15,1.979060471057892e-9,
1,18,TWO_STAGE_RH,LEXMMFSA,shared_battery_mode_node_level_v1,SI-Drahi_17-d1-HOM-UHI-BLO-bf2d3053ce,TK-PB-Drahi_17-d1-HOM-UHI-62618e628e-r1,SS-c81930d9c8ba,17,3,lex_phase_3,OPTIMAL,FEASIBLE_POINT,329222.6528878043,329222.6528878043,0,163998,163998,251384,710991,5124,0,5124,25620,5124,256,0,0,NaN,0,NaN,1.7763568394002505e-15,1.979060471057892e-9,
1,18,TWO_STAGE_RH,LEXMMFSA,shared_battery_mode_node_level_v1,SI-Drahi_17-d1-HOM-UHI-BLO-bf2d3053ce,TK-PB-Drahi_17-d1-HOM-UHI-62618e628e-r1,SS-c81930d9c8ba,17,4,lex_phase_4,OPTIMAL,FEASIBLE_POINT,438963.53718373907,438963.53718373907,0,163998,163998,251385,710997,5124,0,5124,25620,5124,256,0,0,NaN,0,NaN,1.7763568394002505e-15,1.979060471057892e-9,
1,18,TWO_STAGE_RH,LEXMMFSA,shared_battery_mode_node_level_v1,SI-Drahi_17-d1-HOM-UHI-BLO-bf2d3053ce,TK-PB-Drahi_17-d1-HOM-UHI-62618e628e-r1,SS-c81930d9c8ba,17,5,lex_phase_5,OPTIMAL,FEASIBLE_POINT,548704.4214796757,548704.4214796757,0,163998,163998,251386,711003,5124,0,5124,25620,5124,256,0,0,NaN,0,NaN,1.7763568394002505e-15,1.979060471057892e-9,
1,18,TWO_STAGE_RH,LEXMMFSA,shared_battery_mode_node_level_v1,SI-Drahi_17-d1-HOM-UHI-BLO-bf2d3053ce,TK-PB-Drahi_17-d1-HOM-UHI-62618e628e-r1,SS-c81930d9c8ba,17,6,economic_tie_break,OPTIMAL,FEASIBLE_POINT,733702.2040756048,733702.2040756048,0,163998,163998,251387,711009,5124,0,5124,25620,5124,256,0,0,NaN,0,NaN,1.7763568394002505e-15,1.979060471057892e-9,
1,19,TWO_STAGE_RH,LEXMMFSA,shared_battery_mode_node_level_v1,SI-Drahi_17-d1-HOM-UHI-BLO-bf2d3053ce,TK-PB-Drahi_17-d1-HOM-UHI-62618e628e-r1,SS-c81930d9c8ba,17,1,lex_phase_1,OPTIMAL,FEASIBLE_POINT,109740.88429593384,109740.88429593384,0,163998,163998,251382,710979,5124,0,5124,25620,5124,256,0,0,NaN,0,NaN,1.1102230246251565e-16,1.979060471057892e-9,
1,19,TWO_STAGE_RH,LEXMMFSA,shared_battery_mode_node_level_v1,SI-Drahi_17-d1-HOM-UHI-BLO-bf2d3053ce,TK-PB-Drahi_17-d1-HOM-UHI-62618e628e-r1,SS-c81930d9c8ba,17,2,lex_phase_2,OPTIMAL,FEASIBLE_POINT,219481.76859186954,219481.76859186954,0,163998,163998,251383,710985,5124,0,5124,25620,5124,256,0,0,NaN,0,NaN,1.1102230246251565e-16,1.979060471057892e-9,
1,19,TWO_STAGE_RH,LEXMMFSA,shared_battery_mode_node_level_v1,SI-Drahi_17-d1-HOM-UHI-BLO-bf2d3053ce,TK-PB-Drahi_17-d1-HOM-UHI-62618e628e-r1,SS-c81930d9c8ba,17,3,lex_phase_3,OPTIMAL,FEASIBLE_POINT,329222.6528878043,329222.6528878043,0,163998,163998,251384,710991,5124,0,5124,25620,5124,256,0,0,NaN,0,NaN,1.1102230246251565e-16,1.979060471057892e-9,
1,19,TWO_STAGE_RH,LEXMMFSA,shared_battery_mode_node_level_v1,SI-Drahi_17-d1-HOM-UHI-BLO-bf2d3053ce,TK-PB-Drahi_17-d1-HOM-UHI-62618e628e-r1,SS-c81930d9c8ba,17,4,lex_phase_4,OPTIMAL,FEASIBLE_POINT,438963.53718373907,438963.53718373907,0,163998,163998,251385,710997,5124,0,5124,25620,5124,256,0,0,NaN,0,NaN,1.1102230246251565e-16,1.979060471057892e-9,
1,19,TWO_STAGE_RH,LEXMMFSA,shared_battery_mode_node_level_v1,SI-Drahi_17-d1-HOM-UHI-BLO-bf2d3053ce,TK-PB-Drahi_17-d1-HOM-UHI-62618e628e-r1,SS-c81930d9c8ba,17,5,lex_phase_5,OPTIMAL,FEASIBLE_POINT,548704.4214796757,548704.4214796757,0,163998,163998,251386,711003,5124,0,5124,25620,5124,256,0,0,NaN,0,NaN,1.1102230246251565e-16,1.979060471057892e-9,
1,19,TWO_STAGE_RH,LEXMMFSA,shared_battery_mode_node_level_v1,SI-Drahi_17-d1-HOM-UHI-BLO-bf2d3053ce,TK-PB-Drahi_17-d1-HOM-UHI-62618e628e-r1,SS-c81930d9c8ba,17,6,economic_tie_break,OPTIMAL,FEASIBLE_POINT,733702.2040756048,733702.2040756048,0,163998,163998,251387,711009,5124,0,5124,25620,5124,256,0,0,NaN,0,NaN,1.1102230246251565e-16,1.979060471057892e-9,
1,20,TWO_STAGE_RH,LEXMMFSA,shared_battery_mode_node_level_v1,SI-Drahi_17-d1-HOM-UHI-BLO-bf2d3053ce,TK-PB-Drahi_17-d1-HOM-UHI-62618e628e-r1,SS-c81930d9c8ba,17,1,lex_phase_1,OPTIMAL,FEASIBLE_POINT,109740.88429593384,109740.88429593384,0,163998,163998,251382,710979,5124,0,5124,25620,5124,256,0,0,NaN,0,NaN,0.0,1.979060471057892e-9,
1,20,TWO_STAGE_RH,LEXMMFSA,shared_battery_mode_node_level_v1,SI-Drahi_17-d1-HOM-UHI-BLO-bf2d3053ce,TK-PB-Drahi_17-d1-HOM-UHI-62618e628e-r1,SS-c81930d9c8ba,17,2,lex_phase_2,OPTIMAL,FEASIBLE_POINT,219481.76859186954,219481.76859186954,0,163998,163998,251383,710985,5124,0,5124,25620,5124,256,0,0,NaN,0,NaN,0.0,1.979060471057892e-9,
1,20,TWO_STAGE_RH,LEXMMFSA,shared_battery_mode_node_level_v1,SI-Drahi_17-d1-HOM-UHI-BLO-bf2d3053ce,TK-PB-Drahi_17-d1-HOM-UHI-62618e628e-r1,SS-c81930d9c8ba,17,3,lex_phase_3,OPTIMAL,FEASIBLE_POINT,329222.6528878043,329222.6528878043,0,163998,163998,251384,710991,5124,0,5124,25620,5124,256,0,0,NaN,0,NaN,0.0,1.979060471057892e-9,
1,20,TWO_STAGE_RH,LEXMMFSA,shared_battery_mode_node_level_v1,SI-Drahi_17-d1-HOM-UHI-BLO-bf2d3053ce,TK-PB-Drahi_17-d1-HOM-UHI-62618e628e-r1,SS-c81930d9c8ba,17,4,lex_phase_4,OPTIMAL,FEASIBLE_POINT,438963.53718373907,438963.53718373907,0,163998,163998,251385,710997,5124,0,5124,25620,5124,256,0,0,NaN,0,NaN,0.0,1.979060471057892e-9,
1,20,TWO_STAGE_RH,LEXMMFSA,shared_battery_mode_node_level_v1,SI-Drahi_17-d1-HOM-UHI-BLO-bf2d3053ce,TK-PB-Drahi_17-d1-HOM-UHI-62618e628e-r1,SS-c81930d9c8ba,17,5,lex_phase_5,OPTIMAL,FEASIBLE_POINT,548704.4214796757,548704.4214796757,0,163998,163998,251386,711003,5124,0,5124,25620,5124,256,0,0,NaN,0,NaN,0.0,1.979060471057892e-9,
1,20,TWO_STAGE_RH,LEXMMFSA,shared_battery_mode_node_level_v1,SI-Drahi_17-d1-HOM-UHI-BLO-bf2d3053ce,TK-PB-Drahi_17-d1-HOM-UHI-62618e628e-r1,SS-c81930d9c8ba,17,6,economic_tie_break,OPTIMAL,FEASIBLE_POINT,733702.2040756048,733702.2040756048,0,163998,163998,251387,711009,5124,0,5124,25620,5124,256,0,0,NaN,0,NaN,0.0,1.979060471057892e-9,
1,21,TWO_STAGE_RH,LEXMMFSA,shared_battery_mode_node_level_v1,SI-Drahi_17-d1-HOM-UHI-BLO-bf2d3053ce,TK-PB-Drahi_17-d1-HOM-UHI-62618e628e-r1,SS-3cf9bda45ea4,21,1,lex_phase_1,OPTIMAL,FEASIBLE_POINT,103865.44284336768,103865.44284336768,0,163998,163998,251382,713509,5124,0,5124,25620,5124,256,0,0,NaN,0,NaN,0.0,2.444721758365631e-9,
1,21,TWO_STAGE_RH,LEXMMFSA,shared_battery_mode_node_level_v1,SI-Drahi_17-d1-HOM-UHI-BLO-bf2d3053ce,TK-PB-Drahi_17-d1-HOM-UHI-62618e628e-r1,SS-3cf9bda45ea4,21,2,lex_phase_2,OPTIMAL,FEASIBLE_POINT,207730.88568673228,207730.88568673228,0,163998,163998,251383,713515,5124,0,5124,25620,5124,256,0,0,NaN,0,NaN,0.0,2.444721758365631e-9,
1,21,TWO_STAGE_RH,LEXMMFSA,shared_battery_mode_node_level_v1,SI-Drahi_17-d1-HOM-UHI-BLO-bf2d3053ce,TK-PB-Drahi_17-d1-HOM-UHI-62618e628e-r1,SS-3cf9bda45ea4,21,3,lex_phase_3,OPTIMAL,FEASIBLE_POINT,311596.3285300984,311596.3285300984,0,163998,163998,251384,713521,5124,0,5124,25620,5124,256,0,0,NaN,0,NaN,0.0,2.444721758365631e-9,
1,21,TWO_STAGE_RH,LEXMMFSA,shared_battery_mode_node_level_v1,SI-Drahi_17-d1-HOM-UHI-BLO-bf2d3053ce,TK-PB-Drahi_17-d1-HOM-UHI-62618e628e-r1,SS-3cf9bda45ea4,21,4,lex_phase_4,OPTIMAL,FEASIBLE_POINT,415461.77137346455,415461.77137346455,0,163998,163998,251385,713527,5124,0,5124,25620,5124,256,0,0,NaN,0,NaN,0.0,2.444721758365631e-9,
1,21,TWO_STAGE_RH,LEXMMFSA,shared_battery_mode_node_level_v1,SI-Drahi_17-d1-HOM-UHI-BLO-bf2d3053ce,TK-PB-Drahi_17-d1-HOM-UHI-62618e628e-r1,SS-3cf9bda45ea4,21,5,lex_phase_5,OPTIMAL,FEASIBLE_POINT,519327.2142168317,519327.2142168317,0,163998,163998,251386,713533,5124,0,5124,25620,5124,256,0,0,NaN,0,NaN,0.0,2.444721758365631e-9,
1,21,TWO_STAGE_RH,LEXMMFSA,shared_battery_mode_node_level_v1,SI-Drahi_17-d1-HOM-UHI-BLO-bf2d3053ce,TK-PB-Drahi_17-d1-HOM-UHI-62618e628e-r1,SS-3cf9bda45ea4,21,6,economic_tie_break,OPTIMAL,FEASIBLE_POINT,735295.528952988,735295.528952988,0,163998,163998,251387,713539,5124,0,5124,25620,5124,256,0,0,NaN,0,NaN,0.0,2.444721758365631e-9,
1,22,TWO_STAGE_RH,LEXMMFSA,shared_battery_mode_node_level_v1,SI-Drahi_17-d1-HOM-UHI-BLO-bf2d3053ce,TK-PB-Drahi_17-d1-HOM-UHI-62618e628e-r1,SS-3cf9bda45ea4,21,1,lex_phase_1,OPTIMAL,FEASIBLE_POINT,103865.44284336768,103865.44284336768,0,163998,163998,251382,713509,5124,0,5124,25620,5124,256,0,0,NaN,0,NaN,0.0,2.444721758365631e-9,
1,22,TWO_STAGE_RH,LEXMMFSA,shared_battery_mode_node_level_v1,SI-Drahi_17-d1-HOM-UHI-BLO-bf2d3053ce,TK-PB-Drahi_17-d1-HOM-UHI-62618e628e-r1,SS-3cf9bda45ea4,21,2,lex_phase_2,OPTIMAL,FEASIBLE_POINT,207730.88568673228,207730.88568673228,0,163998,163998,251383,713515,5124,0,5124,25620,5124,256,0,0,NaN,0,NaN,0.0,2.444721758365631e-9,
1,22,TWO_STAGE_RH,LEXMMFSA,shared_battery_mode_node_level_v1,SI-Drahi_17-d1-HOM-UHI-BLO-bf2d3053ce,TK-PB-Drahi_17-d1-HOM-UHI-62618e628e-r1,SS-3cf9bda45ea4,21,3,lex_phase_3,OPTIMAL,FEASIBLE_POINT,311596.3285300984,311596.3285300984,0,163998,163998,251384,713521,5124,0,5124,25620,5124,256,0,0,NaN,0,NaN,0.0,2.444721758365631e-9,
1,22,TWO_STAGE_RH,LEXMMFSA,shared_battery_mode_node_level_v1,SI-Drahi_17-d1-HOM-UHI-BLO-bf2d3053ce,TK-PB-Drahi_17-d1-HOM-UHI-62618e628e-r1,SS-3cf9bda45ea4,21,4,lex_phase_4,OPTIMAL,FEASIBLE_POINT,415461.77137346455,415461.77137346455,0,163998,163998,251385,713527,5124,0,5124,25620,5124,256,0,0,NaN,0,NaN,0.0,2.444721758365631e-9,
1,22,TWO_STAGE_RH,LEXMMFSA,shared_battery_mode_node_level_v1,SI-Drahi_17-d1-HOM-UHI-BLO-bf2d3053ce,TK-PB-Drahi_17-d1-HOM-UHI-62618e628e-r1,SS-3cf9bda45ea4,21,5,lex_phase_5,OPTIMAL,FEASIBLE_POINT,519327.2142168317,519327.2142168317,0,163998,163998,251386,713533,5124,0,5124,25620,5124,256,0,0,NaN,0,NaN,0.0,2.444721758365631e-9,
1,22,TWO_STAGE_RH,LEXMMFSA,shared_battery_mode_node_level_v1,SI-Drahi_17-d1-HOM-UHI-BLO-bf2d3053ce,TK-PB-Drahi_17-d1-HOM-UHI-62618e628e-r1,SS-3cf9bda45ea4,21,6,economic_tie_break,OPTIMAL,FEASIBLE_POINT,735295.528952988,735295.528952988,0,163998,163998,251387,713539,5124,0,5124,25620,5124,256,0,0,NaN,0,NaN,0.0,2.444721758365631e-9,
1,23,TWO_STAGE_RH,LEXMMFSA,shared_battery_mode_node_level_v1,SI-Drahi_17-d1-HOM-UHI-BLO-bf2d3053ce,TK-PB-Drahi_17-d1-HOM-UHI-62618e628e-r1,SS-3cf9bda45ea4,21,1,lex_phase_1,OPTIMAL,FEASIBLE_POINT,103865.44284336768,103865.44284336768,0,163998,163998,251382,713509,5124,0,5124,25620,5124,256,0,0,NaN,0,NaN,0.0,2.444721758365631e-9,
1,23,TWO_STAGE_RH,LEXMMFSA,shared_battery_mode_node_level_v1,SI-Drahi_17-d1-HOM-UHI-BLO-bf2d3053ce,TK-PB-Drahi_17-d1-HOM-UHI-62618e628e-r1,SS-3cf9bda45ea4,21,2,lex_phase_2,OPTIMAL,FEASIBLE_POINT,207730.88568673228,207730.88568673228,0,163998,163998,251383,713515,5124,0,5124,25620,5124,256,0,0,NaN,0,NaN,0.0,2.444721758365631e-9,
1,23,TWO_STAGE_RH,LEXMMFSA,shared_battery_mode_node_level_v1,SI-Drahi_17-d1-HOM-UHI-BLO-bf2d3053ce,TK-PB-Drahi_17-d1-HOM-UHI-62618e628e-r1,SS-3cf9bda45ea4,21,3,lex_phase_3,OPTIMAL,FEASIBLE_POINT,311596.3285300984,311596.3285300984,0,163998,163998,251384,713521,5124,0,5124,25620,5124,256,0,0,NaN,0,NaN,0.0,2.444721758365631e-9,
1,23,TWO_STAGE_RH,LEXMMFSA,shared_battery_mode_node_level_v1,SI-Drahi_17-d1-HOM-UHI-BLO-bf2d3053ce,TK-PB-Drahi_17-d1-HOM-UHI-62618e628e-r1,SS-3cf9bda45ea4,21,4,lex_phase_4,OPTIMAL,FEASIBLE_POINT,415461.77137346455,415461.77137346455,0,163998,163998,251385,713527,5124,0,5124,25620,5124,256,0,0,NaN,0,NaN,0.0,2.444721758365631e-9,
1,23,TWO_STAGE_RH,LEXMMFSA,shared_battery_mode_node_level_v1,SI-Drahi_17-d1-HOM-UHI-BLO-bf2d3053ce,TK-PB-Drahi_17-d1-HOM-UHI-62618e628e-r1,SS-3cf9bda45ea4,21,5,lex_phase_5,OPTIMAL,FEASIBLE_POINT,519327.2142168317,519327.2142168317,0,163998,163998,251386,713533,5124,0,5124,25620,5124,256,0,0,NaN,0,NaN,0.0,2.444721758365631e-9,
1,23,TWO_STAGE_RH,LEXMMFSA,shared_battery_mode_node_level_v1,SI-Drahi_17-d1-HOM-UHI-BLO-bf2d3053ce,TK-PB-Drahi_17-d1-HOM-UHI-62618e628e-r1,SS-3cf9bda45ea4,21,6,economic_tie_break,OPTIMAL,FEASIBLE_POINT,735295.528952988,735295.528952988,0,163998,163998,251387,713539,5124,0,5124,25620,5124,256,0,0,NaN,0,NaN,0.0,2.444721758365631e-9,
1,24,TWO_STAGE_RH,LEXMMFSA,shared_battery_mode_node_level_v1,SI-Drahi_17-d1-HOM-UHI-BLO-bf2d3053ce,TK-PB-Drahi_17-d1-HOM-UHI-62618e628e-r1,SS-3cf9bda45ea4,21,1,lex_phase_1,OPTIMAL,FEASIBLE_POINT,103865.44284336768,103865.44284336768,0,163998,163998,251382,713509,5124,0,5124,25620,5124,256,0,0,NaN,0,NaN,0.0,2.444721758365631e-9,
1,24,TWO_STAGE_RH,LEXMMFSA,shared_battery_mode_node_level_v1,SI-Drahi_17-d1-HOM-UHI-BLO-bf2d3053ce,TK-PB-Drahi_17-d1-HOM-UHI-62618e628e-r1,SS-3cf9bda45ea4,21,2,lex_phase_2,OPTIMAL,FEASIBLE_POINT,207730.88568673228,207730.88568673228,0,163998,163998,251383,713515,5124,0,5124,25620,5124,256,0,0,NaN,0,NaN,0.0,2.444721758365631e-9,
1,24,TWO_STAGE_RH,LEXMMFSA,shared_battery_mode_node_level_v1,SI-Drahi_17-d1-HOM-UHI-BLO-bf2d3053ce,TK-PB-Drahi_17-d1-HOM-UHI-62618e628e-r1,SS-3cf9bda45ea4,21,3,lex_phase_3,OPTIMAL,FEASIBLE_POINT,311596.3285300984,311596.3285300984,0,163998,163998,251384,713521,5124,0,5124,25620,5124,256,0,0,NaN,0,NaN,0.0,2.444721758365631e-9,
1,24,TWO_STAGE_RH,LEXMMFSA,shared_battery_mode_node_level_v1,SI-Drahi_17-d1-HOM-UHI-BLO-bf2d3053ce,TK-PB-Drahi_17-d1-HOM-UHI-62618e628e-r1,SS-3cf9bda45ea4,21,4,lex_phase_4,OPTIMAL,FEASIBLE_POINT,415461.77137346455,415461.77137346455,0,163998,163998,251385,713527,5124,0,5124,25620,5124,256,0,0,NaN,0,NaN,0.0,2.444721758365631e-9,
1,24,TWO_STAGE_RH,LEXMMFSA,shared_battery_mode_node_level_v1,SI-Drahi_17-d1-HOM-UHI-BLO-bf2d3053ce,TK-PB-Drahi_17-d1-HOM-UHI-62618e628e-r1,SS-3cf9bda45ea4,21,5,lex_phase_5,OPTIMAL,FEASIBLE_POINT,519327.2142168317,519327.2142168317,0,163998,163998,251386,713533,5124,0,5124,25620,5124,256,0,0,NaN,0,NaN,0.0,2.444721758365631e-9,
1,24,TWO_STAGE_RH,LEXMMFSA,shared_battery_mode_node_level_v1,SI-Drahi_17-d1-HOM-UHI-BLO-bf2d3053ce,TK-PB-Drahi_17-d1-HOM-UHI-62618e628e-r1,SS-3cf9bda45ea4,21,6,economic_tie_break,OPTIMAL,FEASIBLE_POINT,735295.528952988,735295.528952988,0,163998,163998,251387,713539,5124,0,5124,25620,5124,256,0,0,NaN,0,NaN,0.0,2.444721758365631e-9,
1,1,TWO_STAGE_RH,NONE,shared_battery_mode_node_level_v1,SI-Drahi_17-d1-HOM-UHI-BLO-bf2d3053ce,TK-PB-Drahi_17-d1-HOM-UHI-62618e628e-r1,SS-5d5bbea46d20,1,0,single_solve,OPTIMAL,FEASIBLE_POINT,742331.6863248551,742331.6863248551,0,163968,163968,251332,328879,5124,0,5124,25620,5124,256,0,0,NaN,0,NaN,0.0,0.0,
1,2,TWO_STAGE_RH,NONE,shared_battery_mode_node_level_v1,SI-Drahi_17-d1-HOM-UHI-BLO-bf2d3053ce,TK-PB-Drahi_17-d1-HOM-UHI-62618e628e-r1,SS-5d5bbea46d20,1,0,single_solve,OPTIMAL,FEASIBLE_POINT,742331.6863248551,742331.6863248551,0,163968,163968,251332,328879,5124,0,5124,25620,5124,256,0,0,NaN,0,NaN,0.0,0.0,
1,3,TWO_STAGE_RH,NONE,shared_battery_mode_node_level_v1,SI-Drahi_17-d1-HOM-UHI-BLO-bf2d3053ce,TK-PB-Drahi_17-d1-HOM-UHI-62618e628e-r1,SS-5d5bbea46d20,1,0,single_solve,OPTIMAL,FEASIBLE_POINT,742331.6863248551,742331.6863248551,0,163968,163968,251332,328879,5124,0,5124,25620,5124,256,0,0,NaN,0,NaN,0.0,0.0,
1,4,TWO_STAGE_RH,NONE,shared_battery_mode_node_level_v1,SI-Drahi_17-d1-HOM-UHI-BLO-bf2d3053ce,TK-PB-Drahi_17-d1-HOM-UHI-62618e628e-r1,SS-5d5bbea46d20,1,0,single_solve,OPTIMAL,FEASIBLE_POINT,742331.6863248551,742331.6863248551,0,163968,163968,251332,328879,5124,0,5124,25620,5124,256,0,0,NaN,0,NaN,0.0,0.0,
1,5,TWO_STAGE_RH,NONE,shared_battery_mode_node_level_v1,SI-Drahi_17-d1-HOM-UHI-BLO-bf2d3053ce,TK-PB-Drahi_17-d1-HOM-UHI-62618e628e-r1,SS-102adc95e052,5,0,single_solve,OPTIMAL,FEASIBLE_POINT,689315.3910784826,689315.3910784826,0,163968,163968,251332,326599,5124,0,5124,25620,5124,256,0,0,NaN,0,NaN,0.0,0.0,
1,6,TWO_STAGE_RH,NONE,shared_battery_mode_node_level_v1,SI-Drahi_17-d1-HOM-UHI-BLO-bf2d3053ce,TK-PB-Drahi_17-d1-HOM-UHI-62618e628e-r1,SS-102adc95e052,5,0,single_solve,OPTIMAL,FEASIBLE_POINT,689315.3910784826,689315.3910784826,0,163968,163968,251332,326599,5124,0,5124,25620,5124,256,0,0,NaN,0,NaN,0.0,0.0,
1,7,TWO_STAGE_RH,NONE,shared_battery_mode_node_level_v1,SI-Drahi_17-d1-HOM-UHI-BLO-bf2d3053ce,TK-PB-Drahi_17-d1-HOM-UHI-62618e628e-r1,SS-102adc95e052,5,0,single_solve,OPTIMAL,FEASIBLE_POINT,689315.3910784826,689315.3910784826,0,163968,163968,251332,326599,5124,0,5124,25620,5124,256,0,0,NaN,0,NaN,0.0,0.0,
1,8,TWO_STAGE_RH,NONE,shared_battery_mode_node_level_v1,SI-Drahi_17-d1-HOM-UHI-BLO-bf2d3053ce,TK-PB-Drahi_17-d1-HOM-UHI-62618e628e-r1,SS-102adc95e052,5,0,single_solve,OPTIMAL,FEASIBLE_POINT,689315.3910784826,689315.3910784826,0,163968,163968,251332,326599,5124,0,5124,25620,5124,256,0,0,NaN,0,NaN,2.842170943040401e-14,0.0,
1,9,TWO_STAGE_RH,NONE,shared_battery_mode_node_level_v1,SI-Drahi_17-d1-HOM-UHI-BLO-bf2d3053ce,TK-PB-Drahi_17-d1-HOM-UHI-62618e628e-r1,SS-19da242d4543,9,0,single_solve,OPTIMAL,FEASIBLE_POINT,729383.8659845984,729383.8659845984,0,163968,163968,251332,326374,5124,0,5124,25620,5124,256,0,0,NaN,0,NaN,2.842170943040401e-14,0.0,
1,10,TWO_STAGE_RH,NONE,shared_battery_mode_node_level_v1,SI-Drahi_17-d1-HOM-UHI-BLO-bf2d3053ce,TK-PB-Drahi_17-d1-HOM-UHI-62618e628e-r1,SS-19da242d4543,9,0,single_solve,OPTIMAL,FEASIBLE_POINT,729383.8659845984,729383.8659845984,0,163968,163968,251332,326374,5124,0,5124,25620,5124,256,0,0,NaN,0,NaN,2.842170943040401e-14,0.0,
1,11,TWO_STAGE_RH,NONE,shared_battery_mode_node_level_v1,SI-Drahi_17-d1-HOM-UHI-BLO-bf2d3053ce,TK-PB-Drahi_17-d1-HOM-UHI-62618e628e-r1,SS-19da242d4543,9,0,single_solve,OPTIMAL,FEASIBLE_POINT,729383.8659845984,729383.8659845984,0,163968,163968,251332,326374,5124,0,5124,25620,5124,256,0,0,NaN,0,NaN,0.0,0.0,
1,12,TWO_STAGE_RH,NONE,shared_battery_mode_node_level_v1,SI-Drahi_17-d1-HOM-UHI-BLO-bf2d3053ce,TK-PB-Drahi_17-d1-HOM-UHI-62618e628e-r1,SS-19da242d4543,9,0,single_solve,OPTIMAL,FEASIBLE_POINT,729383.8659845984,729383.8659845984,0,163968,163968,251332,326374,5124,0,5124,25620,5124,256,0,0,NaN,0,NaN,5.684341886080802e-14,0.0,
1,13,TWO_STAGE_RH,NONE,shared_battery_mode_node_level_v1,SI-Drahi_17-d1-HOM-UHI-BLO-bf2d3053ce,TK-PB-Drahi_17-d1-HOM-UHI-62618e628e-r1,SS-354317d12b7f,13,0,single_solve,OPTIMAL,FEASIBLE_POINT,731762.2908790413,731762.2908790413,0,163968,163968,251332,325039,5124,0,5124,25620,5124,256,0,0,NaN,0,NaN,2.842170943040401e-14,0.0,
1,14,TWO_STAGE_RH,NONE,shared_battery_mode_node_level_v1,SI-Drahi_17-d1-HOM-UHI-BLO-bf2d3053ce,TK-PB-Drahi_17-d1-HOM-UHI-62618e628e-r1,SS-354317d12b7f,13,0,single_solve,OPTIMAL,FEASIBLE_POINT,731762.2908790413,731762.2908790413,0,163968,163968,251332,325039,5124,0,5124,25620,5124,256,0,0,NaN,0,NaN,1.4210854715202004e-14,0.0,
1,15,TWO_STAGE_RH,NONE,shared_battery_mode_node_level_v1,SI-Drahi_17-d1-HOM-UHI-BLO-bf2d3053ce,TK-PB-Drahi_17-d1-HOM-UHI-62618e628e-r1,SS-354317d12b7f,13,0,single_solve,OPTIMAL,FEASIBLE_POINT,731762.2908790413,731762.2908790413,0,163968,163968,251332,325039,5124,0,5124,25620,5124,256,0,0,NaN,0,NaN,3.552713678800501e-15,0.0,
1,16,TWO_STAGE_RH,NONE,shared_battery_mode_node_level_v1,SI-Drahi_17-d1-HOM-UHI-BLO-bf2d3053ce,TK-PB-Drahi_17-d1-HOM-UHI-62618e628e-r1,SS-354317d12b7f,13,0,single_solve,OPTIMAL,FEASIBLE_POINT,731762.2908790413,731762.2908790413,0,163968,163968,251332,325039,5124,0,5124,25620,5124,256,0,0,NaN,0,NaN,2.6645352591003757e-15,0.0,
1,17,TWO_STAGE_RH,NONE,shared_battery_mode_node_level_v1,SI-Drahi_17-d1-HOM-UHI-BLO-bf2d3053ce,TK-PB-Drahi_17-d1-HOM-UHI-62618e628e-r1,SS-c81930d9c8ba,17,0,single_solve,OPTIMAL,FEASIBLE_POINT,733702.2040756037,733702.2040756037,0,163968,163968,251332,326629,5124,0,5124,25620,5124,256,0,0,NaN,0,NaN,3.552713678800501e-15,0.0,
1,18,TWO_STAGE_RH,NONE,shared_battery_mode_node_level_v1,SI-Drahi_17-d1-HOM-UHI-BLO-bf2d3053ce,TK-PB-Drahi_17-d1-HOM-UHI-62618e628e-r1,SS-c81930d9c8ba,17,0,single_solve,OPTIMAL,FEASIBLE_POINT,733702.2040756037,733702.2040756037,0,163968,163968,251332,326629,5124,0,5124,25620,5124,256,0,0,NaN,0,NaN,1.7763568394002505e-15,0.0,
1,19,TWO_STAGE_RH,NONE,shared_battery_mode_node_level_v1,SI-Drahi_17-d1-HOM-UHI-BLO-bf2d3053ce,TK-PB-Drahi_17-d1-HOM-UHI-62618e628e-r1,SS-c81930d9c8ba,17,0,single_solve,OPTIMAL,FEASIBLE_POINT,733702.2040756037,733702.2040756037,0,163968,163968,251332,326629,5124,0,5124,25620,5124,256,0,0,NaN,0,NaN,5.551115123125783e-17,0.0,
1,20,TWO_STAGE_RH,NONE,shared_battery_mode_node_level_v1,SI-Drahi_17-d1-HOM-UHI-BLO-bf2d3053ce,TK-PB-Drahi_17-d1-HOM-UHI-62618e628e-r1,SS-c81930d9c8ba,17,0,single_solve,OPTIMAL,FEASIBLE_POINT,733702.2040756037,733702.2040756037,0,163968,163968,251332,326629,5124,0,5124,25620,5124,256,0,0,NaN,0,NaN,0.0,0.0,
1,21,TWO_STAGE_RH,NONE,shared_battery_mode_node_level_v1,SI-Drahi_17-d1-HOM-UHI-BLO-bf2d3053ce,TK-PB-Drahi_17-d1-HOM-UHI-62618e628e-r1,SS-3cf9bda45ea4,21,0,single_solve,OPTIMAL,FEASIBLE_POINT,735295.528952971,735295.528952971,0,163968,163968,251332,329159,5124,0,5124,25620,5124,256,0,0,NaN,0,NaN,0.0,0.0,
1,22,TWO_STAGE_RH,NONE,shared_battery_mode_node_level_v1,SI-Drahi_17-d1-HOM-UHI-BLO-bf2d3053ce,TK-PB-Drahi_17-d1-HOM-UHI-62618e628e-r1,SS-3cf9bda45ea4,21,0,single_solve,OPTIMAL,FEASIBLE_POINT,735295.528952971,735295.528952971,0,163968,163968,251332,329159,5124,0,5124,25620,5124,256,0,0,NaN,0,NaN,0.0,0.0,
1,23,TWO_STAGE_RH,NONE,shared_battery_mode_node_level_v1,SI-Drahi_17-d1-HOM-UHI-BLO-bf2d3053ce,TK-PB-Drahi_17-d1-HOM-UHI-62618e628e-r1,SS-3cf9bda45ea4,21,0,single_solve,OPTIMAL,FEASIBLE_POINT,735295.528952971,735295.528952971,0,163968,163968,251332,329159,5124,0,5124,25620,5124,256,0,0,NaN,0,NaN,0.0,0.0,
1,24,TWO_STAGE_RH,NONE,shared_battery_mode_node_level_v1,SI-Drahi_17-d1-HOM-UHI-BLO-bf2d3053ce,TK-PB-Drahi_17-d1-HOM-UHI-62618e628e-r1,SS-3cf9bda45ea4,21,0,single_solve,OPTIMAL,FEASIBLE_POINT,735295.528952971,735295.528952971,0,163968,163968,251332,329159,5124,0,5124,25620,5124,256,0,0,NaN,0,NaN,0.0,0.0,
1,1,TWO_STAGE_RH,PEA,shared_battery_mode_node_level_v1,SI-Drahi_17-d1-HOM-UHI-BLO-bf2d3053ce,TK-PB-Drahi_17-d1-HOM-UHI-62618e628e-r1,SS-5d5bbea46d20,1,0,single_solve,OPTIMAL,FEASIBLE_POINT,742331.686324855,742331.686324855,0,163968,163968,251337,354499,5124,0,5124,25620,5124,256,0,0,NaN,0,NaN,0.0,3.979039320256561e-13,
1,2,TWO_STAGE_RH,PEA,shared_battery_mode_node_level_v1,SI-Drahi_17-d1-HOM-UHI-BLO-bf2d3053ce,TK-PB-Drahi_17-d1-HOM-UHI-62618e628e-r1,SS-5d5bbea46d20,1,0,single_solve,OPTIMAL,FEASIBLE_POINT,742331.686324855,742331.686324855,0,163968,163968,251337,354499,5124,0,5124,25620,5124,256,0,0,NaN,0,NaN,0.0,3.979039320256561e-13,
1,3,TWO_STAGE_RH,PEA,shared_battery_mode_node_level_v1,SI-Drahi_17-d1-HOM-UHI-BLO-bf2d3053ce,TK-PB-Drahi_17-d1-HOM-UHI-62618e628e-r1,SS-5d5bbea46d20,1,0,single_solve,OPTIMAL,FEASIBLE_POINT,742331.686324855,742331.686324855,0,163968,163968,251337,354499,5124,0,5124,25620,5124,256,0,0,NaN,0,NaN,0.0,3.979039320256561e-13,
1,4,TWO_STAGE_RH,PEA,shared_battery_mode_node_level_v1,SI-Drahi_17-d1-HOM-UHI-BLO-bf2d3053ce,TK-PB-Drahi_17-d1-HOM-UHI-62618e628e-r1,SS-5d5bbea46d20,1,0,single_solve,OPTIMAL,FEASIBLE_POINT,742331.686324855,742331.686324855,0,163968,163968,251337,354499,5124,0,5124,25620,5124,256,0,0,NaN,0,NaN,0.0,3.979039320256561e-13,
1,5,TWO_STAGE_RH,PEA,shared_battery_mode_node_level_v1,SI-Drahi_17-d1-HOM-UHI-BLO-bf2d3053ce,TK-PB-Drahi_17-d1-HOM-UHI-62618e628e-r1,SS-102adc95e052,5,0,single_solve,OPTIMAL,FEASIBLE_POINT,689315.3910784826,689315.3910784826,0,163968,163968,251337,352219,5124,0,5124,25620,5124,256,0,0,NaN,0,NaN,0.0,2.5579538487363607e-12,
1,6,TWO_STAGE_RH,PEA,shared_battery_mode_node_level_v1,SI-Drahi_17-d1-HOM-UHI-BLO-bf2d3053ce,TK-PB-Drahi_17-d1-HOM-UHI-62618e628e-r1,SS-102adc95e052,5,0,single_solve,OPTIMAL,FEASIBLE_POINT,689315.3910784826,689315.3910784826,0,163968,163968,251337,352219,5124,0,5124,25620,5124,256,0,0,NaN,0,NaN,0.0,2.5579538487363607e-12,
1,7,TWO_STAGE_RH,PEA,shared_battery_mode_node_level_v1,SI-Drahi_17-d1-HOM-UHI-BLO-bf2d3053ce,TK-PB-Drahi_17-d1-HOM-UHI-62618e628e-r1,SS-102adc95e052,5,0,single_solve,OPTIMAL,FEASIBLE_POINT,689315.3910784826,689315.3910784826,0,163968,163968,251337,352219,5124,0,5124,25620,5124,256,0,0,NaN,0,NaN,0.0,2.5579538487363607e-12,
1,8,TWO_STAGE_RH,PEA,shared_battery_mode_node_level_v1,SI-Drahi_17-d1-HOM-UHI-BLO-bf2d3053ce,TK-PB-Drahi_17-d1-HOM-UHI-62618e628e-r1,SS-102adc95e052,5,0,single_solve,OPTIMAL,FEASIBLE_POINT,689315.3910784826,689315.3910784826,0,163968,163968,251337,352219,5124,0,5124,25620,5124,256,0,0,NaN,0,NaN,7.216449660063518e-16,2.5579538487363607e-12,
1,9,TWO_STAGE_RH,PEA,shared_battery_mode_node_level_v1,SI-Drahi_17-d1-HOM-UHI-BLO-bf2d3053ce,TK-PB-Drahi_17-d1-HOM-UHI-62618e628e-r1,SS-19da242d4543,9,0,single_solve,OPTIMAL,FEASIBLE_POINT,729383.8659845984,729383.8659845984,0,163968,163968,251337,351994,5124,0,5124,25620,5124,256,0,0,NaN,0,NaN,2.842170943040401e-14,8.185452315956354e-12,
1,10,TWO_STAGE_RH,PEA,shared_battery_mode_node_level_v1,SI-Drahi_17-d1-HOM-UHI-BLO-bf2d3053ce,TK-PB-Drahi_17-d1-HOM-UHI-62618e628e-r1,SS-19da242d4543,9,0,single_solve,OPTIMAL,FEASIBLE_POINT,729383.8659845984,729383.8659845984,0,163968,163968,251337,351994,5124,0,5124,25620,5124,256,0,0,NaN,0,NaN,2.842170943040401e-14,8.185452315956354e-12,
1,11,TWO_STAGE_RH,PEA,shared_battery_mode_node_level_v1,SI-Drahi_17-d1-HOM-UHI-BLO-bf2d3053ce,TK-PB-Drahi_17-d1-HOM-UHI-62618e628e-r1,SS-19da242d4543,9,0,single_solve,OPTIMAL,FEASIBLE_POINT,729383.8659845984,729383.8659845984,0,163968,163968,251337,351994,5124,0,5124,25620,5124,256,0,0,NaN,0,NaN,1.4210854715202004e-14,8.185452315956354e-12,
1,12,TWO_STAGE_RH,PEA,shared_battery_mode_node_level_v1,SI-Drahi_17-d1-HOM-UHI-BLO-bf2d3053ce,TK-PB-Drahi_17-d1-HOM-UHI-62618e628e-r1,SS-19da242d4543,9,0,single_solve,OPTIMAL,FEASIBLE_POINT,729383.8659845984,729383.8659845984,0,163968,163968,251337,351994,5124,0,5124,25620,5124,256,0,0,NaN,0,NaN,5.684341886080802e-14,8.185452315956354e-12,
1,13,TWO_STAGE_RH,PEA,shared_battery_mode_node_level_v1,SI-Drahi_17-d1-HOM-UHI-BLO-bf2d3053ce,TK-PB-Drahi_17-d1-HOM-UHI-62618e628e-r1,SS-354317d12b7f,13,0,single_solve,OPTIMAL,FEASIBLE_POINT,731762.2908790414,731762.2908790414,0,163968,163968,251337,350659,5124,0,5124,25620,5124,256,0,0,NaN,0,NaN,2.842170943040401e-14,1.0231815394945443e-11,
1,14,TWO_STAGE_RH,PEA,shared_battery_mode_node_level_v1,SI-Drahi_17-d1-HOM-UHI-BLO-bf2d3053ce,TK-PB-Drahi_17-d1-HOM-UHI-62618e628e-r1,SS-354317d12b7f,13,0,single_solve,OPTIMAL,FEASIBLE_POINT,731762.2908790414,731762.2908790414,0,163968,163968,251337,350659,5124,0,5124,25620,5124,256,0,0,NaN,0,NaN,1.4210854715202004e-14,1.0231815394945443e-11,
1,15,TWO_STAGE_RH,PEA,shared_battery_mode_node_level_v1,SI-Drahi_17-d1-HOM-UHI-BLO-bf2d3053ce,TK-PB-Drahi_17-d1-HOM-UHI-62618e628e-r1,SS-354317d12b7f,13,0,single_solve,OPTIMAL,FEASIBLE_POINT,731762.2908790414,731762.2908790414,0,163968,163968,251337,350659,5124,0,5124,25620,5124,256,0,0,NaN,0,NaN,3.552713678800501e-15,1.0231815394945443e-11,
1,16,TWO_STAGE_RH,PEA,shared_battery_mode_node_level_v1,SI-Drahi_17-d1-HOM-UHI-BLO-bf2d3053ce,TK-PB-Drahi_17-d1-HOM-UHI-62618e628e-r1,SS-354317d12b7f,13,0,single_solve,OPTIMAL,FEASIBLE_POINT,731762.2908790414,731762.2908790414,0,163968,163968,251337,350659,5124,0,5124,25620,5124,256,0,0,NaN,0,NaN,2.6645352591003757e-15,1.0231815394945443e-11,
1,17,TWO_STAGE_RH,PEA,shared_battery_mode_node_level_v1,SI-Drahi_17-d1-HOM-UHI-BLO-bf2d3053ce,TK-PB-Drahi_17-d1-HOM-UHI-62618e628e-r1,SS-c81930d9c8ba,17,0,single_solve,OPTIMAL,FEASIBLE_POINT,733702.2040756036,733702.2040756036,0,163968,163968,251337,352249,5124,0,5124,25620,5124,256,0,0,NaN,0,NaN,3.552713678800501e-15,5.684341886080801e-13,
1,18,TWO_STAGE_RH,PEA,shared_battery_mode_node_level_v1,SI-Drahi_17-d1-HOM-UHI-BLO-bf2d3053ce,TK-PB-Drahi_17-d1-HOM-UHI-62618e628e-r1,SS-c81930d9c8ba,17,0,single_solve,OPTIMAL,FEASIBLE_POINT,733702.2040756036,733702.2040756036,0,163968,163968,251337,352249,5124,0,5124,25620,5124,256,0,0,NaN,0,NaN,6.661338147750939e-16,5.684341886080801e-13,
1,19,TWO_STAGE_RH,PEA,shared_battery_mode_node_level_v1,SI-Drahi_17-d1-HOM-UHI-BLO-bf2d3053ce,TK-PB-Drahi_17-d1-HOM-UHI-62618e628e-r1,SS-c81930d9c8ba,17,0,single_solve,OPTIMAL,FEASIBLE_POINT,733702.2040756036,733702.2040756036,0,163968,163968,251337,352249,5124,0,5124,25620,5124,256,0,0,NaN,0,NaN,5.551115123125783e-17,5.684341886080801e-13,
1,20,TWO_STAGE_RH,PEA,shared_battery_mode_node_level_v1,SI-Drahi_17-d1-HOM-UHI-BLO-bf2d3053ce,TK-PB-Drahi_17-d1-HOM-UHI-62618e628e-r1,SS-c81930d9c8ba,17,0,single_solve,OPTIMAL,FEASIBLE_POINT,733702.2040756036,733702.2040756036,0,163968,163968,251337,352249,5124,0,5124,25620,5124,256,0,0,NaN,0,NaN,0.0,5.684341886080801e-13,
1,21,TWO_STAGE_RH,PEA,shared_battery_mode_node_level_v1,SI-Drahi_17-d1-HOM-UHI-BLO-bf2d3053ce,TK-PB-Drahi_17-d1-HOM-UHI-62618e628e-r1,SS-3cf9bda45ea4,21,0,single_solve,OPTIMAL,FEASIBLE_POINT,735295.5289529711,735295.5289529711,0,163968,163968,251337,354779,5124,0,5124,25620,5124,256,0,0,NaN,0,NaN,0.0,3.410605131648481e-13,
1,22,TWO_STAGE_RH,PEA,shared_battery_mode_node_level_v1,SI-Drahi_17-d1-HOM-UHI-BLO-bf2d3053ce,TK-PB-Drahi_17-d1-HOM-UHI-62618e628e-r1,SS-3cf9bda45ea4,21,0,single_solve,OPTIMAL,FEASIBLE_POINT,735295.5289529711,735295.5289529711,0,163968,163968,251337,354779,5124,0,5124,25620,5124,256,0,0,NaN,0,NaN,0.0,3.410605131648481e-13,
1,23,TWO_STAGE_RH,PEA,shared_battery_mode_node_level_v1,SI-Drahi_17-d1-HOM-UHI-BLO-bf2d3053ce,TK-PB-Drahi_17-d1-HOM-UHI-62618e628e-r1,SS-3cf9bda45ea4,21,0,single_solve,OPTIMAL,FEASIBLE_POINT,735295.5289529711,735295.5289529711,0,163968,163968,251337,354779,5124,0,5124,25620,5124,256,0,0,NaN,0,NaN,0.0,3.410605131648481e-13,
1,24,TWO_STAGE_RH,PEA,shared_battery_mode_node_level_v1,SI-Drahi_17-d1-HOM-UHI-BLO-bf2d3053ce,TK-PB-Drahi_17-d1-HOM-UHI-62618e628e-r1,SS-3cf9bda45ea4,21,0,single_solve,OPTIMAL,FEASIBLE_POINT,735295.5289529711,735295.5289529711,0,163968,163968,251337,354779,5124,0,5124,25620,5124,256,0,0,NaN,0,NaN,0.0,3.410605131648481e-13,
1,1,TWO_STAGE_RH,SA,shared_battery_mode_node_level_v1,SI-Drahi_17-d1-HOM-UHI-BLO-bf2d3053ce,TK-PB-Drahi_17-d1-HOM-UHI-62618e628e-r1,SS-5d5bbea46d20,1,0,single_solve,OPTIMAL,FEASIBLE_POINT,742331.6863248553,742331.6863248553,0,163968,163968,251337,713179,5124,0,5124,25620,5124,256,0,0,NaN,0,NaN,0.0,2.3283064365386963e-10,
1,2,TWO_STAGE_RH,SA,shared_battery_mode_node_level_v1,SI-Drahi_17-d1-HOM-UHI-BLO-bf2d3053ce,TK-PB-Drahi_17-d1-HOM-UHI-62618e628e-r1,SS-5d5bbea46d20,1,0,single_solve,OPTIMAL,FEASIBLE_POINT,742331.6863248553,742331.6863248553,0,163968,163968,251337,713179,5124,0,5124,25620,5124,256,0,0,NaN,0,NaN,0.0,2.3283064365386963e-10,
1,3,TWO_STAGE_RH,SA,shared_battery_mode_node_level_v1,SI-Drahi_17-d1-HOM-UHI-BLO-bf2d3053ce,TK-PB-Drahi_17-d1-HOM-UHI-62618e628e-r1,SS-5d5bbea46d20,1,0,single_solve,OPTIMAL,FEASIBLE_POINT,742331.6863248553,742331.6863248553,0,163968,163968,251337,713179,5124,0,5124,25620,5124,256,0,0,NaN,0,NaN,0.0,2.3283064365386963e-10,
1,4,TWO_STAGE_RH,SA,shared_battery_mode_node_level_v1,SI-Drahi_17-d1-HOM-UHI-BLO-bf2d3053ce,TK-PB-Drahi_17-d1-HOM-UHI-62618e628e-r1,SS-5d5bbea46d20,1,0,single_solve,OPTIMAL,FEASIBLE_POINT,742331.6863248553,742331.6863248553,0,163968,163968,251337,713179,5124,0,5124,25620,5124,256,0,0,NaN,0,NaN,0.0,2.3283064365386963e-10,
1,5,TWO_STAGE_RH,SA,shared_battery_mode_node_level_v1,SI-Drahi_17-d1-HOM-UHI-BLO-bf2d3053ce,TK-PB-Drahi_17-d1-HOM-UHI-62618e628e-r1,SS-102adc95e052,5,0,single_solve,OPTIMAL,FEASIBLE_POINT,689315.3910784819,689315.3910784819,0,163968,163968,251337,710899,5124,0,5124,25620,5124,256,0,0,NaN,0,NaN,0.0,5.675246939063072e-10,
1,6,TWO_STAGE_RH,SA,shared_battery_mode_node_level_v1,SI-Drahi_17-d1-HOM-UHI-BLO-bf2d3053ce,TK-PB-Drahi_17-d1-HOM-UHI-62618e628e-r1,SS-102adc95e052,5,0,single_solve,OPTIMAL,FEASIBLE_POINT,689315.3910784819,689315.3910784819,0,163968,163968,251337,710899,5124,0,5124,25620,5124,256,0,0,NaN,0,NaN,0.0,5.675246939063072e-10,
1,7,TWO_STAGE_RH,SA,shared_battery_mode_node_level_v1,SI-Drahi_17-d1-HOM-UHI-BLO-bf2d3053ce,TK-PB-Drahi_17-d1-HOM-UHI-62618e628e-r1,SS-102adc95e052,5,0,single_solve,OPTIMAL,FEASIBLE_POINT,689315.3910784819,689315.3910784819,0,163968,163968,251337,710899,5124,0,5124,25620,5124,256,0,0,NaN,0,NaN,4.263256414560601e-14,5.675246939063072e-10,
1,8,TWO_STAGE_RH,SA,shared_battery_mode_node_level_v1,SI-Drahi_17-d1-HOM-UHI-BLO-bf2d3053ce,TK-PB-Drahi_17-d1-HOM-UHI-62618e628e-r1,SS-102adc95e052,5,0,single_solve,OPTIMAL,FEASIBLE_POINT,689315.3910784819,689315.3910784819,0,163968,163968,251337,710899,5124,0,5124,25620,5124,256,0,0,NaN,0,NaN,2.842170943040401e-14,5.675246939063072e-10,
1,9,TWO_STAGE_RH,SA,shared_battery_mode_node_level_v1,SI-Drahi_17-d1-HOM-UHI-BLO-bf2d3053ce,TK-PB-Drahi_17-d1-HOM-UHI-62618e628e-r1,SS-19da242d4543,9,0,single_solve,OPTIMAL,FEASIBLE_POINT,729383.8659845993,729383.8659845993,0,163968,163968,251337,710674,5124,0,5124,25620,5124,256,0,0,NaN,0,NaN,1.4210854715202004e-14,3.4924596548080444e-10,
1,10,TWO_STAGE_RH,SA,shared_battery_mode_node_level_v1,SI-Drahi_17-d1-HOM-UHI-BLO-bf2d3053ce,TK-PB-Drahi_17-d1-HOM-UHI-62618e628e-r1,SS-19da242d4543,9,0,single_solve,OPTIMAL,FEASIBLE_POINT,729383.8659845993,729383.8659845993,0,163968,163968,251337,710674,5124,0,5124,25620,5124,256,0,0,NaN,0,NaN,5.684341886080802e-14,3.4924596548080444e-10,
1,11,TWO_STAGE_RH,SA,shared_battery_mode_node_level_v1,SI-Drahi_17-d1-HOM-UHI-BLO-bf2d3053ce,TK-PB-Drahi_17-d1-HOM-UHI-62618e628e-r1,SS-19da242d4543,9,0,single_solve,OPTIMAL,FEASIBLE_POINT,729383.8659845993,729383.8659845993,0,163968,163968,251337,710674,5124,0,5124,25620,5124,256,0,0,NaN,0,NaN,0.0,3.4924596548080444e-10,
1,12,TWO_STAGE_RH,SA,shared_battery_mode_node_level_v1,SI-Drahi_17-d1-HOM-UHI-BLO-bf2d3053ce,TK-PB-Drahi_17-d1-HOM-UHI-62618e628e-r1,SS-19da242d4543,9,0,single_solve,OPTIMAL,FEASIBLE_POINT,729383.8659845993,729383.8659845993,0,163968,163968,251337,710674,5124,0,5124,25620,5124,256,0,0,NaN,0,NaN,5.684341886080802e-14,3.4924596548080444e-10,
1,13,TWO_STAGE_RH,SA,shared_battery_mode_node_level_v1,SI-Drahi_17-d1-HOM-UHI-BLO-bf2d3053ce,TK-PB-Drahi_17-d1-HOM-UHI-62618e628e-r1,SS-354317d12b7f,13,0,single_solve,OPTIMAL,FEASIBLE_POINT,731762.2908790424,731762.2908790424,0,163968,163968,251337,709339,5124,0,5124,25620,5124,256,0,0,NaN,0,NaN,2.842170943040401e-14,1.3096723705530167e-10,
1,14,TWO_STAGE_RH,SA,shared_battery_mode_node_level_v1,SI-Drahi_17-d1-HOM-UHI-BLO-bf2d3053ce,TK-PB-Drahi_17-d1-HOM-UHI-62618e628e-r1,SS-354317d12b7f,13,0,single_solve,OPTIMAL,FEASIBLE_POINT,731762.2908790424,731762.2908790424,0,163968,163968,251337,709339,5124,0,5124,25620,5124,256,0,0,NaN,0,NaN,2.842170943040401e-14,1.3096723705530167e-10,
1,15,TWO_STAGE_RH,SA,shared_battery_mode_node_level_v1,SI-Drahi_17-d1-HOM-UHI-BLO-bf2d3053ce,TK-PB-Drahi_17-d1-HOM-UHI-62618e628e-r1,SS-354317d12b7f,13,0,single_solve,OPTIMAL,FEASIBLE_POINT,731762.2908790424,731762.2908790424,0,163968,163968,251337,709339,5124,0,5124,25620,5124,256,0,0,NaN,0,NaN,3.552713678800501e-15,1.3096723705530167e-10,
1,16,TWO_STAGE_RH,SA,shared_battery_mode_node_level_v1,SI-Drahi_17-d1-HOM-UHI-BLO-bf2d3053ce,TK-PB-Drahi_17-d1-HOM-UHI-62618e628e-r1,SS-354317d12b7f,13,0,single_solve,OPTIMAL,FEASIBLE_POINT,731762.2908790424,731762.2908790424,0,163968,163968,251337,709339,5124,0,5124,25620,5124,256,0,0,NaN,0,NaN,2.6645352591003757e-15,1.3096723705530167e-10,
1,17,TWO_STAGE_RH,SA,shared_battery_mode_node_level_v1,SI-Drahi_17-d1-HOM-UHI-BLO-bf2d3053ce,TK-PB-Drahi_17-d1-HOM-UHI-62618e628e-r1,SS-c81930d9c8ba,17,0,single_solve,OPTIMAL,FEASIBLE_POINT,733702.2040756037,733702.2040756037,0,163968,163968,251337,710929,5124,0,5124,25620,5124,256,0,0,NaN,0,NaN,7.105427357601002e-15,3.346940502524376e-10,
1,18,TWO_STAGE_RH,SA,shared_battery_mode_node_level_v1,SI-Drahi_17-d1-HOM-UHI-BLO-bf2d3053ce,TK-PB-Drahi_17-d1-HOM-UHI-62618e628e-r1,SS-c81930d9c8ba,17,0,single_solve,OPTIMAL,FEASIBLE_POINT,733702.2040756037,733702.2040756037,0,163968,163968,251337,710929,5124,0,5124,25620,5124,256,0,0,NaN,0,NaN,6.661338147750939e-16,3.346940502524376e-10,
1,19,TWO_STAGE_RH,SA,shared_battery_mode_node_level_v1,SI-Drahi_17-d1-HOM-UHI-BLO-bf2d3053ce,TK-PB-Drahi_17-d1-HOM-UHI-62618e628e-r1,SS-c81930d9c8ba,17,0,single_solve,OPTIMAL,FEASIBLE_POINT,733702.2040756037,733702.2040756037,0,163968,163968,251337,710929,5124,0,5124,25620,5124,256,0,0,NaN,0,NaN,1.1102230246251565e-16,3.346940502524376e-10,
1,20,TWO_STAGE_RH,SA,shared_battery_mode_node_level_v1,SI-Drahi_17-d1-HOM-UHI-BLO-bf2d3053ce,TK-PB-Drahi_17-d1-HOM-UHI-62618e628e-r1,SS-c81930d9c8ba,17,0,single_solve,OPTIMAL,FEASIBLE_POINT,733702.2040756037,733702.2040756037,0,163968,163968,251337,710929,5124,0,5124,25620,5124,256,0,0,NaN,0,NaN,0.0,3.346940502524376e-10,
1,21,TWO_STAGE_RH,SA,shared_battery_mode_node_level_v1,SI-Drahi_17-d1-HOM-UHI-BLO-bf2d3053ce,TK-PB-Drahi_17-d1-HOM-UHI-62618e628e-r1,SS-3cf9bda45ea4,21,0,single_solve,OPTIMAL,FEASIBLE_POINT,735295.528952971,735295.528952971,0,163968,163968,251337,713459,5124,0,5124,25620,5124,256,0,0,NaN,0,NaN,0.0,6.257323548197746e-10,
1,22,TWO_STAGE_RH,SA,shared_battery_mode_node_level_v1,SI-Drahi_17-d1-HOM-UHI-BLO-bf2d3053ce,TK-PB-Drahi_17-d1-HOM-UHI-62618e628e-r1,SS-3cf9bda45ea4,21,0,single_solve,OPTIMAL,FEASIBLE_POINT,735295.528952971,735295.528952971,0,163968,163968,251337,713459,5124,0,5124,25620,5124,256,0,0,NaN,0,NaN,0.0,6.257323548197746e-10,
1,23,TWO_STAGE_RH,SA,shared_battery_mode_node_level_v1,SI-Drahi_17-d1-HOM-UHI-BLO-bf2d3053ce,TK-PB-Drahi_17-d1-HOM-UHI-62618e628e-r1,SS-3cf9bda45ea4,21,0,single_solve,OPTIMAL,FEASIBLE_POINT,735295.528952971,735295.528952971,0,163968,163968,251337,713459,5124,0,5124,25620,5124,256,0,0,NaN,0,NaN,0.0,6.257323548197746e-10,
1,24,TWO_STAGE_RH,SA,shared_battery_mode_node_level_v1,SI-Drahi_17-d1-HOM-UHI-BLO-bf2d3053ce,TK-PB-Drahi_17-d1-HOM-UHI-62618e628e-r1,SS-3cf9bda45ea4,21,0,single_solve,OPTIMAL,FEASIBLE_POINT,735295.528952971,735295.528952971,0,163968,163968,251337,713459,5124,0,5124,25620,5124,256,0,0,NaN,0,NaN,0.0,6.257323548197746e-10,
1,1,TWO_STAGE_RH,STATIC_DEMAND_SHARE,shared_battery_mode_node_level_v1,SI-Drahi_17-d1-HOM-UHI-BLO-bf2d3053ce,TK-PB-Drahi_17-d1-HOM-UHI-62618e628e-r1,SS-5d5bbea46d20,1,0,single_solve,OPTIMAL,FEASIBLE_POINT,742331.6863248507,742331.6863248507,0,163968,163968,276952,354499,5124,0,5124,25620,5124,256,0,0,NaN,0,NaN,0.0,0.0,
1,2,TWO_STAGE_RH,STATIC_DEMAND_SHARE,shared_battery_mode_node_level_v1,SI-Drahi_17-d1-HOM-UHI-BLO-bf2d3053ce,TK-PB-Drahi_17-d1-HOM-UHI-62618e628e-r1,SS-5d5bbea46d20,1,0,single_solve,OPTIMAL,FEASIBLE_POINT,742331.6863248507,742331.6863248507,0,163968,163968,276952,354499,5124,0,5124,25620,5124,256,0,0,NaN,0,NaN,0.0,0.0,
1,3,TWO_STAGE_RH,STATIC_DEMAND_SHARE,shared_battery_mode_node_level_v1,SI-Drahi_17-d1-HOM-UHI-BLO-bf2d3053ce,TK-PB-Drahi_17-d1-HOM-UHI-62618e628e-r1,SS-5d5bbea46d20,1,0,single_solve,OPTIMAL,FEASIBLE_POINT,742331.6863248507,742331.6863248507,0,163968,163968,276952,354499,5124,0,5124,25620,5124,256,0,0,NaN,0,NaN,0.0,0.0,
1,4,TWO_STAGE_RH,STATIC_DEMAND_SHARE,shared_battery_mode_node_level_v1,SI-Drahi_17-d1-HOM-UHI-BLO-bf2d3053ce,TK-PB-Drahi_17-d1-HOM-UHI-62618e628e-r1,SS-5d5bbea46d20,1,0,single_solve,OPTIMAL,FEASIBLE_POINT,742331.6863248507,742331.6863248507,0,163968,163968,276952,354499,5124,0,5124,25620,5124,256,0,0,NaN,0,NaN,0.0,0.0,
1,5,TWO_STAGE_RH,STATIC_DEMAND_SHARE,shared_battery_mode_node_level_v1,SI-Drahi_17-d1-HOM-UHI-BLO-bf2d3053ce,TK-PB-Drahi_17-d1-HOM-UHI-62618e628e-r1,SS-102adc95e052,5,0,single_solve,OPTIMAL,FEASIBLE_POINT,689315.3910784796,689315.3910784796,0,163968,163968,276952,352219,5124,0,5124,25620,5124,256,0,0,NaN,0,NaN,0.0,0.0,
1,6,TWO_STAGE_RH,STATIC_DEMAND_SHARE,shared_battery_mode_node_level_v1,SI-Drahi_17-d1-HOM-UHI-BLO-bf2d3053ce,TK-PB-Drahi_17-d1-HOM-UHI-62618e628e-r1,SS-102adc95e052,5,0,single_solve,OPTIMAL,FEASIBLE_POINT,689315.3910784796,689315.3910784796,0,163968,163968,276952,352219,5124,0,5124,25620,5124,256,0,0,NaN,0,NaN,3.552713678800501e-15,0.0,
1,7,TWO_STAGE_RH,STATIC_DEMAND_SHARE,shared_battery_mode_node_level_v1,SI-Drahi_17-d1-HOM-UHI-BLO-bf2d3053ce,TK-PB-Drahi_17-d1-HOM-UHI-62618e628e-r1,SS-102adc95e052,5,0,single_solve,OPTIMAL,FEASIBLE_POINT,689315.3910784796,689315.3910784796,0,163968,163968,276952,352219,5124,0,5124,25620,5124,256,0,0,NaN,0,NaN,1.4210854715202004e-14,0.0,
1,8,TWO_STAGE_RH,STATIC_DEMAND_SHARE,shared_battery_mode_node_level_v1,SI-Drahi_17-d1-HOM-UHI-BLO-bf2d3053ce,TK-PB-Drahi_17-d1-HOM-UHI-62618e628e-r1,SS-102adc95e052,5,0,single_solve,OPTIMAL,FEASIBLE_POINT,689315.3910784796,689315.3910784796,0,163968,163968,276952,352219,5124,0,5124,25620,5124,256,0,0,NaN,0,NaN,2.842170943040401e-14,0.0,
1,9,TWO_STAGE_RH,STATIC_DEMAND_SHARE,shared_battery_mode_node_level_v1,SI-Drahi_17-d1-HOM-UHI-BLO-bf2d3053ce,TK-PB-Drahi_17-d1-HOM-UHI-62618e628e-r1,SS-19da242d4543,9,0,single_solve,OPTIMAL,FEASIBLE_POINT,729383.8659845975,729383.8659845975,0,163968,163968,276952,351994,5124,0,5124,25620,5124,256,0,0,NaN,0,NaN,7.216449660063518e-16,0.0,
1,10,TWO_STAGE_RH,STATIC_DEMAND_SHARE,shared_battery_mode_node_level_v1,SI-Drahi_17-d1-HOM-UHI-BLO-bf2d3053ce,TK-PB-Drahi_17-d1-HOM-UHI-62618e628e-r1,SS-19da242d4543,9,0,single_solve,OPTIMAL,FEASIBLE_POINT,729383.8659845975,729383.8659845975,0,163968,163968,276952,351994,5124,0,5124,25620,5124,256,0,0,NaN,0,NaN,2.842170943040401e-14,0.0,
1,11,TWO_STAGE_RH,STATIC_DEMAND_SHARE,shared_battery_mode_node_level_v1,SI-Drahi_17-d1-HOM-UHI-BLO-bf2d3053ce,TK-PB-Drahi_17-d1-HOM-UHI-62618e628e-r1,SS-19da242d4543,9,0,single_solve,OPTIMAL,FEASIBLE_POINT,729383.8659845975,729383.8659845975,0,163968,163968,276952,351994,5124,0,5124,25620,5124,256,0,0,NaN,0,NaN,0.0,0.0,
1,12,TWO_STAGE_RH,STATIC_DEMAND_SHARE,shared_battery_mode_node_level_v1,SI-Drahi_17-d1-HOM-UHI-BLO-bf2d3053ce,TK-PB-Drahi_17-d1-HOM-UHI-62618e628e-r1,SS-19da242d4543,9,0,single_solve,OPTIMAL,FEASIBLE_POINT,729383.8659845975,729383.8659845975,0,163968,163968,276952,351994,5124,0,5124,25620,5124,256,0,0,NaN,0,NaN,7.105427357601002e-15,0.0,
1,13,TWO_STAGE_RH,STATIC_DEMAND_SHARE,shared_battery_mode_node_level_v1,SI-Drahi_17-d1-HOM-UHI-BLO-bf2d3053ce,TK-PB-Drahi_17-d1-HOM-UHI-62618e628e-r1,SS-354317d12b7f,13,0,single_solve,OPTIMAL,FEASIBLE_POINT,731762.2908790377,731762.2908790377,0,163968,163968,276952,350659,5124,0,5124,25620,5124,256,0,0,NaN,0,NaN,0.0,0.0,
1,14,TWO_STAGE_RH,STATIC_DEMAND_SHARE,shared_battery_mode_node_level_v1,SI-Drahi_17-d1-HOM-UHI-BLO-bf2d3053ce,TK-PB-Drahi_17-d1-HOM-UHI-62618e628e-r1,SS-354317d12b7f,13,0,single_solve,OPTIMAL,FEASIBLE_POINT,731762.2908790377,731762.2908790377,0,163968,163968,276952,350659,5124,0,5124,25620,5124,256,0,0,NaN,0,NaN,1.4210854715202004e-14,0.0,
1,15,TWO_STAGE_RH,STATIC_DEMAND_SHARE,shared_battery_mode_node_level_v1,SI-Drahi_17-d1-HOM-UHI-BLO-bf2d3053ce,TK-PB-Drahi_17-d1-HOM-UHI-62618e628e-r1,SS-354317d12b7f,13,0,single_solve,OPTIMAL,FEASIBLE_POINT,731762.2908790377,731762.2908790377,0,163968,163968,276952,350659,5124,0,5124,25620,5124,256,0,0,NaN,0,NaN,0.0,0.0,
1,16,TWO_STAGE_RH,STATIC_DEMAND_SHARE,shared_battery_mode_node_level_v1,SI-Drahi_17-d1-HOM-UHI-BLO-bf2d3053ce,TK-PB-Drahi_17-d1-HOM-UHI-62618e628e-r1,SS-354317d12b7f,13,0,single_solve,OPTIMAL,FEASIBLE_POINT,731762.2908790377,731762.2908790377,0,163968,163968,276952,350659,5124,0,5124,25620,5124,256,0,0,NaN,0,NaN,0.0,0.0,
1,17,TWO_STAGE_RH,STATIC_DEMAND_SHARE,shared_battery_mode_node_level_v1,SI-Drahi_17-d1-HOM-UHI-BLO-bf2d3053ce,TK-PB-Drahi_17-d1-HOM-UHI-62618e628e-r1,SS-c81930d9c8ba,17,0,single_solve,OPTIMAL,FEASIBLE_POINT,733702.2040756039,733702.2040756039,0,163968,163968,276952,352249,5124,0,5124,25620,5124,256,0,0,NaN,0,NaN,8.881784197001252e-16,0.0,
1,18,TWO_STAGE_RH,STATIC_DEMAND_SHARE,shared_battery_mode_node_level_v1,SI-Drahi_17-d1-HOM-UHI-BLO-bf2d3053ce,TK-PB-Drahi_17-d1-HOM-UHI-62618e628e-r1,SS-c81930d9c8ba,17,0,single_solve,OPTIMAL,FEASIBLE_POINT,733702.2040756039,733702.2040756039,0,163968,163968,276952,352249,5124,0,5124,25620,5124,256,0,0,NaN,0,NaN,0.0,0.0,
1,19,TWO_STAGE_RH,STATIC_DEMAND_SHARE,shared_battery_mode_node_level_v1,SI-Drahi_17-d1-HOM-UHI-BLO-bf2d3053ce,TK-PB-Drahi_17-d1-HOM-UHI-62618e628e-r1,SS-c81930d9c8ba,17,0,single_solve,OPTIMAL,FEASIBLE_POINT,733702.2040756039,733702.2040756039,0,163968,163968,276952,352249,5124,0,5124,25620,5124,256,0,0,NaN,0,NaN,5.551115123125783e-17,0.0,
1,20,TWO_STAGE_RH,STATIC_DEMAND_SHARE,shared_battery_mode_node_level_v1,SI-Drahi_17-d1-HOM-UHI-BLO-bf2d3053ce,TK-PB-Drahi_17-d1-HOM-UHI-62618e628e-r1,SS-c81930d9c8ba,17,0,single_solve,OPTIMAL,FEASIBLE_POINT,733702.2040756039,733702.2040756039,0,163968,163968,276952,352249,5124,0,5124,25620,5124,256,0,0,NaN,0,NaN,0.0,0.0,
1,21,TWO_STAGE_RH,STATIC_DEMAND_SHARE,shared_battery_mode_node_level_v1,SI-Drahi_17-d1-HOM-UHI-BLO-bf2d3053ce,TK-PB-Drahi_17-d1-HOM-UHI-62618e628e-r1,SS-3cf9bda45ea4,21,0,single_solve,OPTIMAL,FEASIBLE_POINT,735295.5289529669,735295.5289529669,0,163968,163968,276952,354779,5124,0,5124,25620,5124,256,0,0,NaN,0,NaN,0.0,0.0,
1,22,TWO_STAGE_RH,STATIC_DEMAND_SHARE,shared_battery_mode_node_level_v1,SI-Drahi_17-d1-HOM-UHI-BLO-bf2d3053ce,TK-PB-Drahi_17-d1-HOM-UHI-62618e628e-r1,SS-3cf9bda45ea4,21,0,single_solve,OPTIMAL,FEASIBLE_POINT,735295.5289529669,735295.5289529669,0,163968,163968,276952,354779,5124,0,5124,25620,5124,256,0,0,NaN,0,NaN,0.0,0.0,
1,23,TWO_STAGE_RH,STATIC_DEMAND_SHARE,shared_battery_mode_node_level_v1,SI-Drahi_17-d1-HOM-UHI-BLO-bf2d3053ce,TK-PB-Drahi_17-d1-HOM-UHI-62618e628e-r1,SS-3cf9bda45ea4,21,0,single_solve,OPTIMAL,FEASIBLE_POINT,735295.5289529669,735295.5289529669,0,163968,163968,276952,354779,5124,0,5124,25620,5124,256,0,0,NaN,0,NaN,0.0,0.0,
1,24,TWO_STAGE_RH,STATIC_DEMAND_SHARE,shared_battery_mode_node_level_v1,SI-Drahi_17-d1-HOM-UHI-BLO-bf2d3053ce,TK-PB-Drahi_17-d1-HOM-UHI-62618e628e-r1,SS-3cf9bda45ea4,21,0,single_solve,OPTIMAL,FEASIBLE_POINT,735295.5289529669,735295.5289529669,0,163968,163968,276952,354779,5124,0,5124,25620,5124,256,0,0,NaN,0,NaN,0.0,0.0,
