Replication,Period,Controller,Fairness,FormulationID,StructuralInstanceID,ParallelTaskID,ScenarioSupportID,RollingStart,Phase,PhaseLabel,TerminationStatus,PrimalStatus,Objective,ObjectiveBound,BinaryVariables,ContinuousVariables,TotalVariables,Constraints,Nonzeros,ExpectedModeNodes,GeneratedModeBinaries,UniquePolicyModes,LegacyHouseholdModeBinaries,LookaheadNodes,LookaheadScenarios,PresolveReducedVariables,PresolveReducedConstraints,RootRelaxation,BranchAndBoundNodes,FinalGap,MaxPhysicalResidual,FairnessResidual,FailureMessage
1,1,DETERMINISTIC_RH,LEXMMFPEA,shared_battery_mode_node_level_v1,SI-Drahi_10-d1-HET-ULO-BHI-72f1b1f90c,TK-PB-Drahi_10-d1-HET-ULO-d8d80a9180-r1,SS-5d5bbea46d20,1,1,lex_phase_1,OPTIMAL,FEASIBLE_POINT,243.75975215910424,243.75975215910424,0,798,798,1227,2189,24,0,24,120,24,1,0,0,NaN,0,NaN,0.0,1.0000000000000284,
1,1,DETERMINISTIC_RH,LEXMMFPEA,shared_battery_mode_node_level_v1,SI-Drahi_10-d1-HET-ULO-BHI-72f1b1f90c,TK-PB-Drahi_10-d1-HET-ULO-d8d80a9180-r1,SS-5d5bbea46d20,1,2,lex_phase_2,OPTIMAL,FEASIBLE_POINT,487.5195043182084,487.5195043182084,0,798,798,1228,2195,24,0,24,120,24,1,0,0,NaN,0,NaN,0.0,1.0000000000000284,
1,1,DETERMINISTIC_RH,LEXMMFPEA,shared_battery_mode_node_level_v1,SI-Drahi_10-d1-HET-ULO-BHI-72f1b1f90c,TK-PB-Drahi_10-d1-HET-ULO-d8d80a9180-r1,SS-5d5bbea46d20,1,3,lex_phase_3,OPTIMAL,FEASIBLE_POINT,731.2792564773126,731.2792564773126,0,798,798,1229,2201,24,0,24,120,24,1,0,0,NaN,0,NaN,0.0,1.0000000000000284,
1,1,DETERMINISTIC_RH,LEXMMFPEA,shared_battery_mode_node_level_v1,SI-Drahi_10-d1-HET-ULO-BHI-72f1b1f90c,TK-PB-Drahi_10-d1-HET-ULO-d8d80a9180-r1,SS-5d5bbea46d20,1,4,lex_phase_4,OPTIMAL,FEASIBLE_POINT,975.0390086364168,975.0390086364168,0,798,798,1230,2207,24,0,24,120,24,1,0,0,NaN,0,NaN,0.0,1.0000000000000284,
1,1,DETERMINISTIC_RH,LEXMMFPEA,shared_battery_mode_node_level_v1,SI-Drahi_10-d1-HET-ULO-BHI-72f1b1f90c,TK-PB-Drahi_10-d1-HET-ULO-d8d80a9180-r1,SS-5d5bbea46d20,1,5,lex_phase_5,OPTIMAL,FEASIBLE_POINT,1218.7987607955213,1218.7987607955213,0,798,798,1231,2213,24,0,24,120,24,1,0,0,NaN,0,NaN,0.0,1.0000000000000284,
1,1,DETERMINISTIC_RH,LEXMMFPEA,shared_battery_mode_node_level_v1,SI-Drahi_10-d1-HET-ULO-BHI-72f1b1f90c,TK-PB-Drahi_10-d1-HET-ULO-d8d80a9180-r1,SS-5d5bbea46d20,1,6,economic_tie_break,OPTIMAL,FEASIBLE_POINT,646375.720023989,646375.720023989,0,798,798,1232,2219,24,0,24,120,24,1,0,0,NaN,0,NaN,0.0,1.0000000000000284,
1,2,DETERMINISTIC_RH,LEXMMFPEA,shared_battery_mode_node_level_v1,SI-Drahi_10-d1-HET-ULO-BHI-72f1b1f90c,TK-PB-Drahi_10-d1-HET-ULO-d8d80a9180-r1,SS-5d5bbea46d20,1,1,lex_phase_1,OPTIMAL,FEASIBLE_POINT,243.75975215910424,243.75975215910424,0,798,798,1227,2189,24,0,24,120,24,1,0,0,NaN,0,NaN,3.126388037344441e-13,1.0000000000000284,
1,2,DETERMINISTIC_RH,LEXMMFPEA,shared_battery_mode_node_level_v1,SI-Drahi_10-d1-HET-ULO-BHI-72f1b1f90c,TK-PB-Drahi_10-d1-HET-ULO-d8d80a9180-r1,SS-5d5bbea46d20,1,2,lex_phase_2,OPTIMAL,FEASIBLE_POINT,487.5195043182084,487.5195043182084,0,798,798,1228,2195,24,0,24,120,24,1,0,0,NaN,0,NaN,3.126388037344441e-13,1.0000000000000284,
1,2,DETERMINISTIC_RH,LEXMMFPEA,shared_battery_mode_node_level_v1,SI-Drahi_10-d1-HET-ULO-BHI-72f1b1f90c,TK-PB-Drahi_10-d1-HET-ULO-d8d80a9180-r1,SS-5d5bbea46d20,1,3,lex_phase_3,OPTIMAL,FEASIBLE_POINT,731.2792564773126,731.2792564773126,0,798,798,1229,2201,24,0,24,120,24,1,0,0,NaN,0,NaN,3.126388037344441e-13,1.0000000000000284,
1,2,DETERMINISTIC_RH,LEXMMFPEA,shared_battery_mode_node_level_v1,SI-Drahi_10-d1-HET-ULO-BHI-72f1b1f90c,TK-PB-Drahi_10-d1-HET-ULO-d8d80a9180-r1,SS-5d5bbea46d20,1,4,lex_phase_4,OPTIMAL,FEASIBLE_POINT,975.0390086364168,975.0390086364168,0,798,798,1230,2207,24,0,24,120,24,1,0,0,NaN,0,NaN,3.126388037344441e-13,1.0000000000000284,
1,2,DETERMINISTIC_RH,LEXMMFPEA,shared_battery_mode_node_level_v1,SI-Drahi_10-d1-HET-ULO-BHI-72f1b1f90c,TK-PB-Drahi_10-d1-HET-ULO-d8d80a9180-r1,SS-5d5bbea46d20,1,5,lex_phase_5,OPTIMAL,FEASIBLE_POINT,1218.7987607955213,1218.7987607955213,0,798,798,1231,2213,24,0,24,120,24,1,0,0,NaN,0,NaN,3.126388037344441e-13,1.0000000000000284,
1,2,DETERMINISTIC_RH,LEXMMFPEA,shared_battery_mode_node_level_v1,SI-Drahi_10-d1-HET-ULO-BHI-72f1b1f90c,TK-PB-Drahi_10-d1-HET-ULO-d8d80a9180-r1,SS-5d5bbea46d20,1,6,economic_tie_break,OPTIMAL,FEASIBLE_POINT,646375.720023989,646375.720023989,0,798,798,1232,2219,24,0,24,120,24,1,0,0,NaN,0,NaN,3.126388037344441e-13,1.0000000000000284,
1,3,DETERMINISTIC_RH,LEXMMFPEA,shared_battery_mode_node_level_v1,SI-Drahi_10-d1-HET-ULO-BHI-72f1b1f90c,TK-PB-Drahi_10-d1-HET-ULO-d8d80a9180-r1,SS-5d5bbea46d20,1,1,lex_phase_1,OPTIMAL,FEASIBLE_POINT,243.75975215910424,243.75975215910424,0,798,798,1227,2189,24,0,24,120,24,1,0,0,NaN,0,NaN,3.410605131648481e-13,1.0000000000000284,
1,3,DETERMINISTIC_RH,LEXMMFPEA,shared_battery_mode_node_level_v1,SI-Drahi_10-d1-HET-ULO-BHI-72f1b1f90c,TK-PB-Drahi_10-d1-HET-ULO-d8d80a9180-r1,SS-5d5bbea46d20,1,2,lex_phase_2,OPTIMAL,FEASIBLE_POINT,487.5195043182084,487.5195043182084,0,798,798,1228,2195,24,0,24,120,24,1,0,0,NaN,0,NaN,3.410605131648481e-13,1.0000000000000284,
1,3,DETERMINISTIC_RH,LEXMMFPEA,shared_battery_mode_node_level_v1,SI-Drahi_10-d1-HET-ULO-BHI-72f1b1f90c,TK-PB-Drahi_10-d1-HET-ULO-d8d80a9180-r1,SS-5d5bbea46d20,1,3,lex_phase_3,OPTIMAL,FEASIBLE_POINT,731.2792564773126,731.2792564773126,0,798,798,1229,2201,24,0,24,120,24,1,0,0,NaN,0,NaN,3.410605131648481e-13,1.0000000000000284,
1,3,DETERMINISTIC_RH,LEXMMFPEA,shared_battery_mode_node_level_v1,SI-Drahi_10-d1-HET-ULO-BHI-72f1b1f90c,TK-PB-Drahi_10-d1-HET-ULO-d8d80a9180-r1,SS-5d5bbea46d20,1,4,lex_phase_4,OPTIMAL,FEASIBLE_POINT,975.0390086364168,975.0390086364168,0,798,798,1230,2207,24,0,24,120,24,1,0,0,NaN,0,NaN,3.410605131648481e-13,1.0000000000000284,
1,3,DETERMINISTIC_RH,LEXMMFPEA,shared_battery_mode_node_level_v1,SI-Drahi_10-d1-HET-ULO-BHI-72f1b1f90c,TK-PB-Drahi_10-d1-HET-ULO-d8d80a9180-r1,SS-5d5bbea46d20,1,5,lex_phase_5,OPTIMAL,FEASIBLE_POINT,1218.7987607955213,1218.7987607955213,0,798,798,1231,2213,24,0,24,120,24,1,0,0,NaN,0,NaN,3.410605131648481e-13,1.0000000000000284,
1,3,DETERMINISTIC_RH,LEXMMFPEA,shared_battery_mode_node_level_v1,SI-Drahi_10-d1-HET-ULO-BHI-72f1b1f90c,TK-PB-Drahi_10-d1-HET-ULO-d8d80a9180-r1,SS-5d5bbea46d20,1,6,economic_tie_break,OPTIMAL,FEASIBLE_POINT,646375.720023989,646375.720023989,0,798,798,1232,2219,24,0,24,120,24,1,0,0,NaN,0,NaN,3.410605131648481e-13,1.0000000000000284,
1,4,DETERMINISTIC_RH,LEXMMFPEA,shared_battery_mode_node_level_v1,SI-Drahi_10-d1-HET-ULO-BHI-72f1b1f90c,TK-PB-Drahi_10-d1-HET-ULO-d8d80a9180-r1,SS-5d5bbea46d20,1,1,lex_phase_1,OPTIMAL,FEASIBLE_POINT,243.75975215910424,243.75975215910424,0,798,798,1227,2189,24,0,24,120,24,1,0,0,NaN,0,NaN,6.821210263296962e-13,1.0000000000000284,
1,4,DETERMINISTIC_RH,LEXMMFPEA,shared_battery_mode_node_level_v1,SI-Drahi_10-d1-HET-ULO-BHI-72f1b1f90c,TK-PB-Drahi_10-d1-HET-ULO-d8d80a9180-r1,SS-5d5bbea46d20,1,2,lex_phase_2,OPTIMAL,FEASIBLE_POINT,487.5195043182084,487.5195043182084,0,798,798,1228,2195,24,0,24,120,24,1,0,0,NaN,0,NaN,6.821210263296962e-13,1.0000000000000284,
1,4,DETERMINISTIC_RH,LEXMMFPEA,shared_battery_mode_node_level_v1,SI-Drahi_10-d1-HET-ULO-BHI-72f1b1f90c,TK-PB-Drahi_10-d1-HET-ULO-d8d80a9180-r1,SS-5d5bbea46d20,1,3,lex_phase_3,OPTIMAL,FEASIBLE_POINT,731.2792564773126,731.2792564773126,0,798,798,1229,2201,24,0,24,120,24,1,0,0,NaN,0,NaN,6.821210263296962e-13,1.0000000000000284,
1,4,DETERMINISTIC_RH,LEXMMFPEA,shared_battery_mode_node_level_v1,SI-Drahi_10-d1-HET-ULO-BHI-72f1b1f90c,TK-PB-Drahi_10-d1-HET-ULO-d8d80a9180-r1,SS-5d5bbea46d20,1,4,lex_phase_4,OPTIMAL,FEASIBLE_POINT,975.0390086364168,975.0390086364168,0,798,798,1230,2207,24,0,24,120,24,1,0,0,NaN,0,NaN,6.821210263296962e-13,1.0000000000000284,
1,4,DETERMINISTIC_RH,LEXMMFPEA,shared_battery_mode_node_level_v1,SI-Drahi_10-d1-HET-ULO-BHI-72f1b1f90c,TK-PB-Drahi_10-d1-HET-ULO-d8d80a9180-r1,SS-5d5bbea46d20,1,5,lex_phase_5,OPTIMAL,FEASIBLE_POINT,1218.7987607955213,1218.7987607955213,0,798,798,1231,2213,24,0,24,120,24,1,0,0,NaN,0,NaN,6.821210263296962e-13,1.0000000000000284,
1,4,DETERMINISTIC_RH,LEXMMFPEA,shared_battery_mode_node_level_v1,SI-Drahi_10-d1-HET-ULO-BHI-72f1b1f90c,TK-PB-Drahi_10-d1-HET-ULO-d8d80a9180-r1,SS-5d5bbea46d20,1,6,economic_tie_break,OPTIMAL,FEASIBLE_POINT,646375.720023989,646375.720023989,0,798,798,1232,2219,24,0,24,120,24,1,0,0,NaN,0,NaN,6.821210263296962e-13,1.0000000000000284,
1,5,DETERMINISTIC_RH,LEXMMFPEA,shared_battery_mode_node_level_v1,SI-Drahi_10-d1-HET-ULO-BHI-72f1b1f90c,TK-PB-Drahi_10-d1-HET-ULO-d8d80a9180-r1,SS-102adc95e052,5,1,lex_phase_1,OPTIMAL,FEASIBLE_POINT,238.4192324657161,238.4192324657161,0,798,798,1227,2189,24,0,24,120,24,1,0,0,NaN,0,NaN,0.0,0.9999999999998863,
1,5,DETERMINISTIC_RH,LEXMMFPEA,shared_battery_mode_node_level_v1,SI-Drahi_10-d1-HET-ULO-BHI-72f1b1f90c,TK-PB-Drahi_10-d1-HET-ULO-d8d80a9180-r1,SS-102adc95e052,5,2,lex_phase_2,OPTIMAL,FEASIBLE_POINT,476.8384649314322,476.8384649314322,0,798,798,1228,2195,24,0,24,120,24,1,0,0,NaN,0,NaN,0.0,0.9999999999998863,
1,5,DETERMINISTIC_RH,LEXMMFPEA,shared_battery_mode_node_level_v1,SI-Drahi_10-d1-HET-ULO-BHI-72f1b1f90c,TK-PB-Drahi_10-d1-HET-ULO-d8d80a9180-r1,SS-102adc95e052,5,3,lex_phase_3,OPTIMAL,FEASIBLE_POINT,715.2576973971484,715.2576973971484,0,798,798,1229,2201,24,0,24,120,24,1,0,0,NaN,0,NaN,0.0,0.9999999999998863,
1,5,DETERMINISTIC_RH,LEXMMFPEA,shared_battery_mode_node_level_v1,SI-Drahi_10-d1-HET-ULO-BHI-72f1b1f90c,TK-PB-Drahi_10-d1-HET-ULO-d8d80a9180-r1,SS-102adc95e052,5,4,lex_phase_4,OPTIMAL,FEASIBLE_POINT,953.6769298628644,953.6769298628644,0,798,798,1230,2207,24,0,24,120,24,1,0,0,NaN,0,NaN,0.0,0.9999999999998863,
1,5,DETERMINISTIC_RH,LEXMMFPEA,shared_battery_mode_node_level_v1,SI-Drahi_10-d1-HET-ULO-BHI-72f1b1f90c,TK-PB-Drahi_10-d1-HET-ULO-d8d80a9180-r1,SS-102adc95e052,5,5,lex_phase_5,OPTIMAL,FEASIBLE_POINT,1192.0961623285805,1192.0961623285805,0,798,798,1231,2213,24,0,24,120,24,1,0,0,NaN,0,NaN,0.0,0.9999999999998863,
1,5,DETERMINISTIC_RH,LEXMMFPEA,shared_battery_mode_node_level_v1,SI-Drahi_10-d1-HET-ULO-BHI-72f1b1f90c,TK-PB-Drahi_10-d1-HET-ULO-d8d80a9180-r1,SS-102adc95e052,5,6,economic_tie_break,OPTIMAL,FEASIBLE_POINT,630380.5850484467,630380.5850484467,0,798,798,1232,2219,24,0,24,120,24,1,0,0,NaN,0,NaN,0.0,0.9999999999998863,
1,6,DETERMINISTIC_RH,LEXMMFPEA,shared_battery_mode_node_level_v1,SI-Drahi_10-d1-HET-ULO-BHI-72f1b1f90c,TK-PB-Drahi_10-d1-HET-ULO-d8d80a9180-r1,SS-102adc95e052,5,1,lex_phase_1,OPTIMAL,FEASIBLE_POINT,238.4192324657161,238.4192324657161,0,798,798,1227,2189,24,0,24,120,24,1,0,0,NaN,0,NaN,4.831690603168681e-13,0.9999999999998863,
1,6,DETERMINISTIC_RH,LEXMMFPEA,shared_battery_mode_node_level_v1,SI-Drahi_10-d1-HET-ULO-BHI-72f1b1f90c,TK-PB-Drahi_10-d1-HET-ULO-d8d80a9180-r1,SS-102adc95e052,5,2,lex_phase_2,OPTIMAL,FEASIBLE_POINT,476.8384649314322,476.8384649314322,0,798,798,1228,2195,24,0,24,120,24,1,0,0,NaN,0,NaN,4.831690603168681e-13,0.9999999999998863,
1,6,DETERMINISTIC_RH,LEXMMFPEA,shared_battery_mode_node_level_v1,SI-Drahi_10-d1-HET-ULO-BHI-72f1b1f90c,TK-PB-Drahi_10-d1-HET-ULO-d8d80a9180-r1,SS-102adc95e052,5,3,lex_phase_3,OPTIMAL,FEASIBLE_POINT,715.2576973971484,715.2576973971484,0,798,798,1229,2201,24,0,24,120,24,1,0,0,NaN,0,NaN,4.831690603168681e-13,0.9999999999998863,
1,6,DETERMINISTIC_RH,LEXMMFPEA,shared_battery_mode_node_level_v1,SI-Drahi_10-d1-HET-ULO-BHI-72f1b1f90c,TK-PB-Drahi_10-d1-HET-ULO-d8d80a9180-r1,SS-102adc95e052,5,4,lex_phase_4,OPTIMAL,FEASIBLE_POINT,953.6769298628644,953.6769298628644,0,798,798,1230,2207,24,0,24,120,24,1,0,0,NaN,0,NaN,4.831690603168681e-13,0.9999999999998863,
1,6,DETERMINISTIC_RH,LEXMMFPEA,shared_battery_mode_node_level_v1,SI-Drahi_10-d1-HET-ULO-BHI-72f1b1f90c,TK-PB-Drahi_10-d1-HET-ULO-d8d80a9180-r1,SS-102adc95e052,5,5,lex_phase_5,OPTIMAL,FEASIBLE_POINT,1192.0961623285805,1192.0961623285805,0,798,798,1231,2213,24,0,24,120,24,1,0,0,NaN,0,NaN,4.831690603168681e-13,0.9999999999998863,
1,6,DETERMINISTIC_RH,LEXMMFPEA,shared_battery_mode_node_level_v1,SI-Drahi_10-d1-HET-ULO-BHI-72f1b1f90c,TK-PB-Drahi_10-d1-HET-ULO-d8d80a9180-r1,SS-102adc95e052,5,6,economic_tie_break,OPTIMAL,FEASIBLE_POINT,630380.5850484467,630380.5850484467,0,798,798,1232,2219,24,0,24,120,24,1,0,0,NaN,0,NaN,4.831690603168681e-13,0.9999999999998863,
1,7,DETERMINISTIC_RH,LEXMMFPEA,shared_battery_mode_node_level_v1,SI-Drahi_10-d1-HET-ULO-BHI-72f1b1f90c,TK-PB-Drahi_10-d1-HET-ULO-d8d80a9180-r1,SS-102adc95e052,5,1,lex_phase_1,OPTIMAL,FEASIBLE_POINT,238.4192324657161,238.4192324657161,0,798,798,1227,2189,24,0,24,120,24,1,0,0,NaN,0,NaN,5.968558980384842e-13,0.9999999999998863,
1,7,DETERMINISTIC_RH,LEXMMFPEA,shared_battery_mode_node_level_v1,SI-Drahi_10-d1-HET-ULO-BHI-72f1b1f90c,TK-PB-Drahi_10-d1-HET-ULO-d8d80a9180-r1,SS-102adc95e052,5,2,lex_phase_2,OPTIMAL,FEASIBLE_POINT,476.8384649314322,476.8384649314322,0,798,798,1228,2195,24,0,24,120,24,1,0,0,NaN,0,NaN,5.968558980384842e-13,0.9999999999998863,
1,7,DETERMINISTIC_RH,LEXMMFPEA,shared_battery_mode_node_level_v1,SI-Drahi_10-d1-HET-ULO-BHI-72f1b1f90c,TK-PB-Drahi_10-d1-HET-ULO-d8d80a9180-r1,SS-102adc95e052,5,3,lex_phase_3,OPTIMAL,FEASIBLE_POINT,715.2576973971484,715.2576973971484,0,798,798,1229,2201,24,0,24,120,24,1,0,0,NaN,0,NaN,5.968558980384842e-13,0.9999999999998863,
1,7,DETERMINISTIC_RH,LEXMMFPEA,shared_battery_mode_node_level_v1,SI-Drahi_10-d1-HET-ULO-BHI-72f1b1f90c,TK-PB-Drahi_10-d1-HET-ULO-d8d80a9180-r1,SS-102adc95e052,5,4,lex_phase_4,OPTIMAL,FEASIBLE_POINT,953.6769298628644,953.6769298628644,0,798,798,1230,2207,24,0,24,120,24,1,0,0,NaN,0,NaN,5.968558980384842e-13,0.9999999999998863,
1,7,DETERMINISTIC_RH,LEXMMFPEA,shared_battery_mode_node_level_v1,SI-Drahi_10-d1-HET-ULO-BHI-72f1b1f90c,TK-PB-Drahi_10-d1-HET-ULO-d8d80a9180-r1,SS-102adc95e052,5,5,lex_phase_5,OPTIMAL,FEASIBLE_POINT,1192.0961623285805,1192.0961623285805,0,798,798,1231,2213,24,0,24,120,24,1,0,0,NaN,0,NaN,5.968558980384842e-13,0.9999999999998863,
1,7,DETERMINISTIC_RH,LEXMMFPEA,shared_battery_mode_node_level_v1,SI-Drahi_10-d1-HET-ULO-BHI-72f1b1f90c,TK-PB-Drahi_10-d1-HET-ULO-d8d80a9180-r1,SS-102adc95e052,5,6,economic_tie_break,OPTIMAL,FEASIBLE_POINT,630380.5850484467,630380.5850484467,0,798,798,1232,2219,24,0,24,120,24,1,0,0,NaN,0,NaN,5.968558980384842e-13,0.9999999999998863,
1,8,DETERMINISTIC_RH,LEXMMFPEA,shared_battery_mode_node_level_v1,SI-Drahi_10-d1-HET-ULO-BHI-72f1b1f90c,TK-PB-Drahi_10-d1-HET-ULO-d8d80a9180-r1,SS-102adc95e052,5,1,lex_phase_1,OPTIMAL,FEASIBLE_POINT,238.4192324657161,238.4192324657161,0,798,798,1227,2189,24,0,24,120,24,1,0,0,NaN,0,NaN,4.973799150320701e-13,0.9999999999998863,
1,8,DETERMINISTIC_RH,LEXMMFPEA,shared_battery_mode_node_level_v1,SI-Drahi_10-d1-HET-ULO-BHI-72f1b1f90c,TK-PB-Drahi_10-d1-HET-ULO-d8d80a9180-r1,SS-102adc95e052,5,2,lex_phase_2,OPTIMAL,FEASIBLE_POINT,476.8384649314322,476.8384649314322,0,798,798,1228,2195,24,0,24,120,24,1,0,0,NaN,0,NaN,4.973799150320701e-13,0.9999999999998863,
1,8,DETERMINISTIC_RH,LEXMMFPEA,shared_battery_mode_node_level_v1,SI-Drahi_10-d1-HET-ULO-BHI-72f1b1f90c,TK-PB-Drahi_10-d1-HET-ULO-d8d80a9180-r1,SS-102adc95e052,5,3,lex_phase_3,OPTIMAL,FEASIBLE_POINT,715.2576973971484,715.2576973971484,0,798,798,1229,2201,24,0,24,120,24,1,0,0,NaN,0,NaN,4.973799150320701e-13,0.9999999999998863,
1,8,DETERMINISTIC_RH,LEXMMFPEA,shared_battery_mode_node_level_v1,SI-Drahi_10-d1-HET-ULO-BHI-72f1b1f90c,TK-PB-Drahi_10-d1-HET-ULO-d8d80a9180-r1,SS-102adc95e052,5,4,lex_phase_4,OPTIMAL,FEASIBLE_POINT,953.6769298628644,953.6769298628644,0,798,798,1230,2207,24,0,24,120,24,1,0,0,NaN,0,NaN,4.973799150320701e-13,0.9999999999998863,
1,8,DETERMINISTIC_RH,LEXMMFPEA,shared_battery_mode_node_level_v1,SI-Drahi_10-d1-HET-ULO-BHI-72f1b1f90c,TK-PB-Drahi_10-d1-HET-ULO-d8d80a9180-r1,SS-102adc95e052,5,5,lex_phase_5,OPTIMAL,FEASIBLE_POINT,1192.0961623285805,1192.0961623285805,0,798,798,1231,2213,24,0,24,120,24,1,0,0,NaN,0,NaN,4.973799150320701e-13,0.9999999999998863,
1,8,DETERMINISTIC_RH,LEXMMFPEA,shared_battery_mode_node_level_v1,SI-Drahi_10-d1-HET-ULO-BHI-72f1b1f90c,TK-PB-Drahi_10-d1-HET-ULO-d8d80a9180-r1,SS-102adc95e052,5,6,economic_tie_break,OPTIMAL,FEASIBLE_POINT,630380.5850484467,630380.5850484467,0,798,798,1232,2219,24,0,24,120,24,1,0,0,NaN,0,NaN,4.973799150320701e-13,0.9999999999998863,
1,9,DETERMINISTIC_RH,LEXMMFPEA,shared_battery_mode_node_level_v1,SI-Drahi_10-d1-HET-ULO-BHI-72f1b1f90c,TK-PB-Drahi_10-d1-HET-ULO-d8d80a9180-r1,SS-19da242d4543,9,1,lex_phase_1,OPTIMAL,FEASIBLE_POINT,310.08039671184014,310.08039671184014,0,798,798,1227,2189,24,0,24,120,24,1,0,0,NaN,0,NaN,0.0,0.9999999999997726,
1,9,DETERMINISTIC_RH,LEXMMFPEA,shared_battery_mode_node_level_v1,SI-Drahi_10-d1-HET-ULO-BHI-72f1b1f90c,TK-PB-Drahi_10-d1-HET-ULO-d8d80a9180-r1,SS-19da242d4543,9,2,lex_phase_2,OPTIMAL,FEASIBLE_POINT,620.1607934236803,620.1607934236803,0,798,798,1228,2195,24,0,24,120,24,1,0,0,NaN,0,NaN,0.0,0.9999999999997726,
1,9,DETERMINISTIC_RH,LEXMMFPEA,shared_battery_mode_node_level_v1,SI-Drahi_10-d1-HET-ULO-BHI-72f1b1f90c,TK-PB-Drahi_10-d1-HET-ULO-d8d80a9180-r1,SS-19da242d4543,9,3,lex_phase_3,OPTIMAL,FEASIBLE_POINT,930.2411901355204,930.2411901355204,0,798,798,1229,2201,24,0,24,120,24,1,0,0,NaN,0,NaN,0.0,0.9999999999997726,
1,9,DETERMINISTIC_RH,LEXMMFPEA,shared_battery_mode_node_level_v1,SI-Drahi_10-d1-HET-ULO-BHI-72f1b1f90c,TK-PB-Drahi_10-d1-HET-ULO-d8d80a9180-r1,SS-19da242d4543,9,4,lex_phase_4,OPTIMAL,FEASIBLE_POINT,1240.3215868473605,1240.3215868473605,0,798,798,1230,2207,24,0,24,120,24,1,0,0,NaN,0,NaN,0.0,0.9999999999997726,
1,9,DETERMINISTIC_RH,LEXMMFPEA,shared_battery_mode_node_level_v1,SI-Drahi_10-d1-HET-ULO-BHI-72f1b1f90c,TK-PB-Drahi_10-d1-HET-ULO-d8d80a9180-r1,SS-19da242d4543,9,5,lex_phase_5,OPTIMAL,FEASIBLE_POINT,1550.4019835592007,1550.4019835592007,0,798,798,1231,2213,24,0,24,120,24,1,0,0,NaN,0,NaN,0.0,0.9999999999997726,
1,9,DETERMINISTIC_RH,LEXMMFPEA,shared_battery_mode_node_level_v1,SI-Drahi_10-d1-HET-ULO-BHI-72f1b1f90c,TK-PB-Drahi_10-d1-HET-ULO-d8d80a9180-r1,SS-19da242d4543,9,6,economic_tie_break,OPTIMAL,FEASIBLE_POINT,641833.9041951938,641833.9041951938,0,798,798,1232,2219,24,0,24,120,24,1,0,0,NaN,0,NaN,0.0,0.9999999999997726,
1,10,DETERMINISTIC_RH,LEXMMFPEA,shared_battery_mode_node_level_v1,SI-Drahi_10-d1-HET-ULO-BHI-72f1b1f90c,TK-PB-Drahi_10-d1-HET-ULO-d8d80a9180-r1,SS-19da242d4543,9,1,lex_phase_1,OPTIMAL,FEASIBLE_POINT,310.08039671184014,310.08039671184014,0,798,798,1227,2189,24,0,24,120,24,1,0,0,NaN,0,NaN,4.547473508864641e-13,0.9999999999997726,
1,10,DETERMINISTIC_RH,LEXMMFPEA,shared_battery_mode_node_level_v1,SI-Drahi_10-d1-HET-ULO-BHI-72f1b1f90c,TK-PB-Drahi_10-d1-HET-ULO-d8d80a9180-r1,SS-19da242d4543,9,2,lex_phase_2,OPTIMAL,FEASIBLE_POINT,620.1607934236803,620.1607934236803,0,798,798,1228,2195,24,0,24,120,24,1,0,0,NaN,0,NaN,4.547473508864641e-13,0.9999999999997726,
1,10,DETERMINISTIC_RH,LEXMMFPEA,shared_battery_mode_node_level_v1,SI-Drahi_10-d1-HET-ULO-BHI-72f1b1f90c,TK-PB-Drahi_10-d1-HET-ULO-d8d80a9180-r1,SS-19da242d4543,9,3,lex_phase_3,OPTIMAL,FEASIBLE_POINT,930.2411901355204,930.2411901355204,0,798,798,1229,2201,24,0,24,120,24,1,0,0,NaN,0,NaN,4.547473508864641e-13,0.9999999999997726,
1,10,DETERMINISTIC_RH,LEXMMFPEA,shared_battery_mode_node_level_v1,SI-Drahi_10-d1-HET-ULO-BHI-72f1b1f90c,TK-PB-Drahi_10-d1-HET-ULO-d8d80a9180-r1,SS-19da242d4543,9,4,lex_phase_4,OPTIMAL,FEASIBLE_POINT,1240.3215868473605,1240.3215868473605,0,798,798,1230,2207,24,0,24,120,24,1,0,0,NaN,0,NaN,4.547473508864641e-13,0.9999999999997726,
1,10,DETERMINISTIC_RH,LEXMMFPEA,shared_battery_mode_node_level_v1,SI-Drahi_10-d1-HET-ULO-BHI-72f1b1f90c,TK-PB-Drahi_10-d1-HET-ULO-d8d80a9180-r1,SS-19da242d4543,9,5,lex_phase_5,OPTIMAL,FEASIBLE_POINT,1550.4019835592007,1550.4019835592007,0,798,798,1231,2213,24,0,24,120,24,1,0,0,NaN,0,NaN,4.547473508864641e-13,0.9999999999997726,
1,10,DETERMINISTIC_RH,LEXMMFPEA,shared_battery_mode_node_level_v1,SI-Drahi_10-d1-HET-ULO-BHI-72f1b1f90c,TK-PB-Drahi_10-d1-HET-ULO-d8d80a9180-r1,SS-19da242d4543,9,6,economic_tie_break,OPTIMAL,FEASIBLE_POINT,641833.9041951938,641833.9041951938,0,798,798,1232,2219,24,0,24,120,24,1,0,0,NaN,0,NaN,4.547473508864641e-13,0.9999999999997726,
1,11,DETERMINISTIC_RH,LEXMMFPEA,shared_battery_mode_node_level_v1,SI-Drahi_10-d1-HET-ULO-BHI-72f1b1f90c,TK-PB-Drahi_10-d1-HET-ULO-d8d80a9180-r1,SS-19da242d4543,9,1,lex_phase_1,OPTIMAL,FEASIBLE_POINT,310.08039671184014,310.08039671184014,0,798,798,1227,2189,24,0,24,120,24,1,0,0,NaN,0,NaN,5.400124791776761e-13,0.9999999999997726,
1,11,DETERMINISTIC_RH,LEXMMFPEA,shared_battery_mode_node_level_v1,SI-Drahi_10-d1-HET-ULO-BHI-72f1b1f90c,TK-PB-Drahi_10-d1-HET-ULO-d8d80a9180-r1,SS-19da242d4543,9,2,lex_phase_2,OPTIMAL,FEASIBLE_POINT,620.1607934236803,620.1607934236803,0,798,798,1228,2195,24,0,24,120,24,1,0,0,NaN,0,NaN,5.400124791776761e-13,0.9999999999997726,
1,11,DETERMINISTIC_RH,LEXMMFPEA,shared_battery_mode_node_level_v1,SI-Drahi_10-d1-HET-ULO-BHI-72f1b1f90c,TK-PB-Drahi_10-d1-HET-ULO-d8d80a9180-r1,SS-19da242d4543,9,3,lex_phase_3,OPTIMAL,FEASIBLE_POINT,930.2411901355204,930.2411901355204,0,798,798,1229,2201,24,0,24,120,24,1,0,0,NaN,0,NaN,5.400124791776761e-13,0.9999999999997726,
1,11,DETERMINISTIC_RH,LEXMMFPEA,shared_battery_mode_node_level_v1,SI-Drahi_10-d1-HET-ULO-BHI-72f1b1f90c,TK-PB-Drahi_10-d1-HET-ULO-d8d80a9180-r1,SS-19da242d4543,9,4,lex_phase_4,OPTIMAL,FEASIBLE_POINT,1240.3215868473605,1240.3215868473605,0,798,798,1230,2207,24,0,24,120,24,1,0,0,NaN,0,NaN,5.400124791776761e-13,0.9999999999997726,
1,11,DETERMINISTIC_RH,LEXMMFPEA,shared_battery_mode_node_level_v1,SI-Drahi_10-d1-HET-ULO-BHI-72f1b1f90c,TK-PB-Drahi_10-d1-HET-ULO-d8d80a9180-r1,SS-19da242d4543,9,5,lex_phase_5,OPTIMAL,FEASIBLE_POINT,1550.4019835592007,1550.4019835592007,0,798,798,1231,2213,24,0,24,120,24,1,0,0,NaN,0,NaN,5.400124791776761e-13,0.9999999999997726,
1,11,DETERMINISTIC_RH,LEXMMFPEA,shared_battery_mode_node_level_v1,SI-Drahi_10-d1-HET-ULO-BHI-72f1b1f90c,TK-PB-Drahi_10-d1-HET-ULO-d8d80a9180-r1,SS-19da242d4543,9,6,economic_tie_break,OPTIMAL,FEASIBLE_POINT,641833.9041951938,641833.9041951938,0,798,798,1232,2219,24,0,24,120,24,1,0,0,NaN,0,NaN,5.400124791776761e-13,0.9999999999997726,
1,12,DETERMINISTIC_RH,LEXMMFPEA,shared_battery_mode_node_level_v1,SI-Drahi_10-d1-HET-ULO-BHI-72f1b1f90c,TK-PB-Drahi_10-d1-HET-ULO-d8d80a9180-r1,SS-19da242d4543,9,1,lex_phase_1,OPTIMAL,FEASIBLE_POINT,310.08039671184014,310.08039671184014,0,798,798,1227,2189,24,0,24,120,24,1,0,0,NaN,0,NaN,5.542233338928781e-13,0.9999999999997726,
1,12,DETERMINISTIC_RH,LEXMMFPEA,shared_battery_mode_node_level_v1,SI-Drahi_10-d1-HET-ULO-BHI-72f1b1f90c,TK-PB-Drahi_10-d1-HET-ULO-d8d80a9180-r1,SS-19da242d4543,9,2,lex_phase_2,OPTIMAL,FEASIBLE_POINT,620.1607934236803,620.1607934236803,0,798,798,1228,2195,24,0,24,120,24,1,0,0,NaN,0,NaN,5.542233338928781e-13,0.9999999999997726,
1,12,DETERMINISTIC_RH,LEXMMFPEA,shared_battery_mode_node_level_v1,SI-Drahi_10-d1-HET-ULO-BHI-72f1b1f90c,TK-PB-Drahi_10-d1-HET-ULO-d8d80a9180-r1,SS-19da242d4543,9,3,lex_phase_3,OPTIMAL,FEASIBLE_POINT,930.2411901355204,930.2411901355204,0,798,798,1229,2201,24,0,24,120,24,1,0,0,NaN,0,NaN,5.542233338928781e-13,0.9999999999997726,
1,12,DETERMINISTIC_RH,LEXMMFPEA,shared_battery_mode_node_level_v1,SI-Drahi_10-d1-HET-ULO-BHI-72f1b1f90c,TK-PB-Drahi_10-d1-HET-ULO-d8d80a9180-r1,SS-19da242d4543,9,4,lex_phase_4,OPTIMAL,FEASIBLE_POINT,1240.3215868473605,1240.3215868473605,0,798,798,1230,2207,24,0,24,120,24,1,0,0,NaN,0,NaN,5.542233338928781e-13,0.9999999999997726,
1,12,DETERMINISTIC_RH,LEXMMFPEA,shared_battery_mode_node_level_v1,SI-Drahi_10-d1-HET-ULO-BHI-72f1b1f90c,TK-PB-Drahi_10-d1-HET-ULO-d8d80a9180-r1,SS-19da242d4543,9,5,lex_phase_5,OPTIMAL,FEASIBLE_POINT,1550.4019835592007,1550.4019835592007,0,798,798,1231,2213,24,0,24,120,24,1,0,0,NaN,0,NaN,5.542233338928781e-13,0.9999999999997726,
1,12,DETERMINISTIC_RH,LEXMMFPEA,shared_battery_mode_node_level_v1,SI-Drahi_10-d1-HET-ULO-BHI-72f1b1f90c,TK-PB-Drahi_10-d1-HET-ULO-d8d80a9180-r1,SS-19da242d4543,9,6,economic_tie_break,OPTIMAL,FEASIBLE_POINT,641833.9041951938,641833.9041951938,0,798,798,1232,2219,24,0,24,120,24,1,0,0,NaN,0,NaN,5.542233338928781e-13,0.9999999999997726,
1,13,DETERMINISTIC_RH,LEXMMFPEA,shared_battery_mode_node_level_v1,SI-Drahi_10-d1-HET-ULO-BHI-72f1b1f90c,TK-PB-Drahi_10-d1-HET-ULO-d8d80a9180-r1,SS-354317d12b7f,13,1,lex_phase_1,OPTIMAL,FEASIBLE_POINT,405.96628260599533,405.96628260599533,0,798,798,1227,2189,24,0,24,120,24,1,0,0,NaN,0,NaN,10.62286465177398,1.0,
1,13,DETERMINISTIC_RH,LEXMMFPEA,shared_battery_mode_node_level_v1,SI-Drahi_10-d1-HET-ULO-BHI-72f1b1f90c,TK-PB-Drahi_10-d1-HET-ULO-d8d80a9180-r1,SS-354317d12b7f,13,2,lex_phase_2,OPTIMAL,FEASIBLE_POINT,811.9325652119905,811.9325652119905,0,798,798,1228,2195,24,0,24,120,24,1,0,0,NaN,0,NaN,10.62286465177398,1.0,
1,13,DETERMINISTIC_RH,LEXMMFPEA,shared_battery_mode_node_level_v1,SI-Drahi_10-d1-HET-ULO-BHI-72f1b1f90c,TK-PB-Drahi_10-d1-HET-ULO-d8d80a9180-r1,SS-354317d12b7f,13,3,lex_phase_3,OPTIMAL,FEASIBLE_POINT,1217.8988478179858,1217.8988478179858,0,798,798,1229,2201,24,0,24,120,24,1,0,0,NaN,0,NaN,10.62286465177398,1.0,
1,13,DETERMINISTIC_RH,LEXMMFPEA,shared_battery_mode_node_level_v1,SI-Drahi_10-d1-HET-ULO-BHI-72f1b1f90c,TK-PB-Drahi_10-d1-HET-ULO-d8d80a9180-r1,SS-354317d12b7f,13,4,lex_phase_4,OPTIMAL,FEASIBLE_POINT,1623.865130423981,1623.865130423981,0,798,798,1230,2207,24,0,24,120,24,1,0,0,NaN,0,NaN,10.62286465177398,1.0,
1,13,DETERMINISTIC_RH,LEXMMFPEA,shared_battery_mode_node_level_v1,SI-Drahi_10-d1-HET-ULO-BHI-72f1b1f90c,TK-PB-Drahi_10-d1-HET-ULO-d8d80a9180-r1,SS-354317d12b7f,13,5,lex_phase_5,OPTIMAL,FEASIBLE_POINT,2029.8314130299766,2029.8314130299766,0,798,798,1231,2213,24,0,24,120,24,1,0,0,NaN,0,NaN,10.62286465177398,1.0,
1,13,DETERMINISTIC_RH,LEXMMFPEA,shared_battery_mode_node_level_v1,SI-Drahi_10-d1-HET-ULO-BHI-72f1b1f90c,TK-PB-Drahi_10-d1-HET-ULO-d8d80a9180-r1,SS-354317d12b7f,13,6,economic_tie_break,OPTIMAL,FEASIBLE_POINT,626089.2692058916,626089.2692058916,0,798,798,1232,2219,24,0,24,120,24,1,0,0,NaN,0,NaN,10.62286465177398,1.0,
1,14,DETERMINISTIC_RH,LEXMMFPEA,shared_battery_mode_node_level_v1,SI-Drahi_10-d1-HET-ULO-BHI-72f1b1f90c,TK-PB-Drahi_10-d1-HET-ULO-d8d80a9180-r1,SS-354317d12b7f,13,1,lex_phase_1,OPTIMAL,FEASIBLE_POINT,405.96628260599533,405.96628260599533,0,798,798,1227,2189,24,0,24,120,24,1,0,0,NaN,0,NaN,2.8421709430404007e-13,1.0,
1,14,DETERMINISTIC_RH,LEXMMFPEA,shared_battery_mode_node_level_v1,SI-Drahi_10-d1-HET-ULO-BHI-72f1b1f90c,TK-PB-Drahi_10-d1-HET-ULO-d8d80a9180-r1,SS-354317d12b7f,13,2,lex_phase_2,OPTIMAL,FEASIBLE_POINT,811.9325652119905,811.9325652119905,0,798,798,1228,2195,24,0,24,120,24,1,0,0,NaN,0,NaN,2.8421709430404007e-13,1.0,
1,14,DETERMINISTIC_RH,LEXMMFPEA,shared_battery_mode_node_level_v1,SI-Drahi_10-d1-HET-ULO-BHI-72f1b1f90c,TK-PB-Drahi_10-d1-HET-ULO-d8d80a9180-r1,SS-354317d12b7f,13,3,lex_phase_3,OPTIMAL,FEASIBLE_POINT,1217.8988478179858,1217.8988478179858,0,798,798,1229,2201,24,0,24,120,24,1,0,0,NaN,0,NaN,2.8421709430404007e-13,1.0,
1,14,DETERMINISTIC_RH,LEXMMFPEA,shared_battery_mode_node_level_v1,SI-Drahi_10-d1-HET-ULO-BHI-72f1b1f90c,TK-PB-Drahi_10-d1-HET-ULO-d8d80a9180-r1,SS-354317d12b7f,13,4,lex_phase_4,OPTIMAL,FEASIBLE_POINT,1623.865130423981,1623.865130423981,0,798,798,1230,2207,24,0,24,120,24,1,0,0,NaN,0,NaN,2.8421709430404007e-13,1.0,
1,14,DETERMINISTIC_RH,LEXMMFPEA,shared_battery_mode_node_level_v1,SI-Drahi_10-d1-HET-ULO-BHI-72f1b1f90c,TK-PB-Drahi_10-d1-HET-ULO-d8d80a9180-r1,SS-354317d12b7f,13,5,lex_phase_5,OPTIMAL,FEASIBLE_POINT,2029.8314130299766,2029.8314130299766,0,798,798,1231,2213,24,0,24,120,24,1,0,0,NaN,0,NaN,2.8421709430404007e-13,1.0,
1,14,DETERMINISTIC_RH,LEXMMFPEA,shared_battery_mode_node_level_v1,SI-Drahi_10-d1-HET-ULO-BHI-72f1b1f90c,TK-PB-Drahi_10-d1-HET-ULO-d8d80a9180-r1,SS-354317d12b7f,13,6,economic_tie_break,OPTIMAL,FEASIBLE_POINT,626089.2692058916,626089.2692058916,0,798,798,1232,2219,24,0,24,120,24,1,0,0,NaN,0,NaN,2.8421709430404007e-13,1.0,
1,15,DETERMINISTIC_RH,LEXMMFPEA,shared_battery_mode_node_level_v1,SI-Drahi_10-d1-HET-ULO-BHI-72f1b1f90c,TK-PB-Drahi_10-d1-HET-ULO-d8d80a9180-r1,SS-354317d12b7f,13,1,lex_phase_1,OPTIMAL,FEASIBLE_POINT,405.96628260599533,405.96628260599533,0,798,798,1227,2189,24,0,24,120,24,1,0,0,NaN,0,NaN,16.0,1.0,
1,15,DETERMINISTIC_RH,LEXMMFPEA,shared_battery_mode_node_level_v1,SI-Drahi_10-d1-HET-ULO-BHI-72f1b1f90c,TK-PB-Drahi_10-d1-HET-ULO-d8d80a9180-r1,SS-354317d12b7f,13,2,lex_phase_2,OPTIMAL,FEASIBLE_POINT,811.9325652119905,811.9325652119905,0,798,798,1228,2195,24,0,24,120,24,1,0,0,NaN,0,NaN,16.0,1.0,
1,15,DETERMINISTIC_RH,LEXMMFPEA,shared_battery_mode_node_level_v1,SI-Drahi_10-d1-HET-ULO-BHI-72f1b1f90c,TK-PB-Drahi_10-d1-HET-ULO-d8d80a9180-r1,SS-354317d12b7f,13,3,lex_phase_3,OPTIMAL,FEASIBLE_POINT,1217.8988478179858,1217.8988478179858,0,798,798,1229,2201,24,0,24,120,24,1,0,0,NaN,0,NaN,16.0,1.0,
1,15,DETERMINISTIC_RH,LEXMMFPEA,shared_battery_mode_node_level_v1,SI-Drahi_10-d1-HET-ULO-BHI-72f1b1f90c,TK-PB-Drahi_10-d1-HET-ULO-d8d80a9180-r1,SS-354317d12b7f,13,4,lex_phase_4,OPTIMAL,FEASIBLE_POINT,1623.865130423981,1623.865130423981,0,798,798,1230,2207,24,0,24,120,24,1,0,0,NaN,0,NaN,16.0,1.0,
1,15,DETERMINISTIC_RH,LEXMMFPEA,shared_battery_mode_node_level_v1,SI-Drahi_10-d1-HET-ULO-BHI-72f1b1f90c,TK-PB-Drahi_10-d1-HET-ULO-d8d80a9180-r1,SS-354317d12b7f,13,5,lex_phase_5,OPTIMAL,FEASIBLE_POINT,2029.8314130299766,2029.8314130299766,0,798,798,1231,2213,24,0,24,120,24,1,0,0,NaN,0,NaN,16.0,1.0,
1,15,DETERMINISTIC_RH,LEXMMFPEA,shared_battery_mode_node_level_v1,SI-Drahi_10-d1-HET-ULO-BHI-72f1b1f90c,TK-PB-Drahi_10-d1-HET-ULO-d8d80a9180-r1,SS-354317d12b7f,13,6,economic_tie_break,OPTIMAL,FEASIBLE_POINT,626089.2692058916,626089.2692058916,0,798,798,1232,2219,24,0,24,120,24,1,0,0,NaN,0,NaN,16.0,1.0,
1,16,DETERMINISTIC_RH,LEXMMFPEA,shared_battery_mode_node_level_v1,SI-Drahi_10-d1-HET-ULO-BHI-72f1b1f90c,TK-PB-Drahi_10-d1-HET-ULO-d8d80a9180-r1,SS-354317d12b7f,13,1,lex_phase_1,OPTIMAL,FEASIBLE_POINT,405.96628260599533,405.96628260599533,0,798,798,1227,2189,24,0,24,120,24,1,0,0,NaN,0,NaN,5.115907697472721e-13,1.0,
1,16,DETERMINISTIC_RH,LEXMMFPEA,shared_battery_mode_node_level_v1,SI-Drahi_10-d1-HET-ULO-BHI-72f1b1f90c,TK-PB-Drahi_10-d1-HET-ULO-d8d80a9180-r1,SS-354317d12b7f,13,2,lex_phase_2,OPTIMAL,FEASIBLE_POINT,811.9325652119905,811.9325652119905,0,798,798,1228,2195,24,0,24,120,24,1,0,0,NaN,0,NaN,5.115907697472721e-13,1.0,
1,16,DETERMINISTIC_RH,LEXMMFPEA,shared_battery_mode_node_level_v1,SI-Drahi_10-d1-HET-ULO-BHI-72f1b1f90c,TK-PB-Drahi_10-d1-HET-ULO-d8d80a9180-r1,SS-354317d12b7f,13,3,lex_phase_3,OPTIMAL,FEASIBLE_POINT,1217.8988478179858,1217.8988478179858,0,798,798,1229,2201,24,0,24,120,24,1,0,0,NaN,0,NaN,5.115907697472721e-13,1.0,
1,16,DETERMINISTIC_RH,LEXMMFPEA,shared_battery_mode_node_level_v1,SI-Drahi_10-d1-HET-ULO-BHI-72f1b1f90c,TK-PB-Drahi_10-d1-HET-ULO-d8d80a9180-r1,SS-354317d12b7f,13,4,lex_phase_4,OPTIMAL,FEASIBLE_POINT,1623.865130423981,1623.865130423981,0,798,798,1230,2207,24,0,24,120,24,1,0,0,NaN,0,NaN,5.115907697472721e-13,1.0,
1,16,DETERMINISTIC_RH,LEXMMFPEA,shared_battery_mode_node_level_v1,SI-Drahi_10-d1-HET-ULO-BHI-72f1b1f90c,TK-PB-Drahi_10-d1-HET-ULO-d8d80a9180-r1,SS-354317d12b7f,13,5,lex_phase_5,OPTIMAL,FEASIBLE_POINT,2029.8314130299766,2029.8314130299766,0,798,798,1231,2213,24,0,24,120,24,1,0,0,NaN,0,NaN,5.115907697472721e-13,1.0,
1,16,DETERMINISTIC_RH,LEXMMFPEA,shared_battery_mode_node_level_v1,SI-Drahi_10-d1-HET-ULO-BHI-72f1b1f90c,TK-PB-Drahi_10-d1-HET-ULO-d8d80a9180-r1,SS-354317d12b7f,13,6,economic_tie_break,OPTIMAL,FEASIBLE_POINT,626089.2692058916,626089.2692058916,0,798,798,1232,2219,24,0,24,120,24,1,0,0,NaN,0,NaN,5.115907697472721e-13,1.0,
1,17,DETERMINISTIC_RH,LEXMMFPEA,shared_battery_mode_node_level_v1,SI-Drahi_10-d1-HET-ULO-BHI-72f1b1f90c,TK-PB-Drahi_10-d1-HET-ULO-d8d80a9180-r1,SS-c81930d9c8ba,17,1,lex_phase_1,OPTIMAL,FEASIBLE_POINT,490.2717343635519,490.2717343635519,0,798,798,1227,2189,24,0,24,120,24,1,0,0,NaN,0,NaN,0.0,1.0000000000002274,
1,17,DETERMINISTIC_RH,LEXMMFPEA,shared_battery_mode_node_level_v1,SI-Drahi_10-d1-HET-ULO-BHI-72f1b1f90c,TK-PB-Drahi_10-d1-HET-ULO-d8d80a9180-r1,SS-c81930d9c8ba,17,2,lex_phase_2,OPTIMAL,FEASIBLE_POINT,980.543468727104,980.543468727104,0,798,798,1228,2195,24,0,24,120,24,1,0,0,NaN,0,NaN,0.0,1.0000000000002274,
1,17,DETERMINISTIC_RH,LEXMMFPEA,shared_battery_mode_node_level_v1,SI-Drahi_10-d1-HET-ULO-BHI-72f1b1f90c,TK-PB-Drahi_10-d1-HET-ULO-d8d80a9180-r1,SS-c81930d9c8ba,17,3,lex_phase_3,OPTIMAL,FEASIBLE_POINT,1470.815203090656,1470.815203090656,0,798,798,1229,2201,24,0,24,120,24,1,0,0,NaN,0,NaN,0.0,1.0000000000002274,
1,17,DETERMINISTIC_RH,LEXMMFPEA,shared_battery_mode_node_level_v1,SI-Drahi_10-d1-HET-ULO-BHI-72f1b1f90c,TK-PB-Drahi_10-d1-HET-ULO-d8d80a9180-r1,SS-c81930d9c8ba,17,4,lex_phase_4,OPTIMAL,FEASIBLE_POINT,1961.086937454208,1961.086937454208,0,798,798,1230,2207,24,0,24,120,24,1,0,0,NaN,0,NaN,0.0,1.0000000000002274,
1,17,DETERMINISTIC_RH,LEXMMFPEA,shared_battery_mode_node_level_v1,SI-Drahi_10-d1-HET-ULO-BHI-72f1b1f90c,TK-PB-Drahi_10-d1-HET-ULO-d8d80a9180-r1,SS-c81930d9c8ba,17,5,lex_phase_5,OPTIMAL,FEASIBLE_POINT,2451.3586718177594,2451.3586718177594,0,798,798,1231,2213,24,0,24,120,24,1,0,0,NaN,0,NaN,0.0,1.0000000000002274,
1,17,DETERMINISTIC_RH,LEXMMFPEA,shared_battery_mode_node_level_v1,SI-Drahi_10-d1-HET-ULO-BHI-72f1b1f90c,TK-PB-Drahi_10-d1-HET-ULO-d8d80a9180-r1,SS-c81930d9c8ba,17,6,economic_tie_break,OPTIMAL,FEASIBLE_POINT,639761.0594798942,639761.0594798942,0,798,798,1232,2219,24,0,24,120,24,1,0,0,NaN,0,NaN,0.0,1.0000000000002274,
1,18,DETERMINISTIC_RH,LEXMMFPEA,shared_battery_mode_node_level_v1,SI-Drahi_10-d1-HET-ULO-BHI-72f1b1f90c,TK-PB-Drahi_10-d1-HET-ULO-d8d80a9180-r1,SS-c81930d9c8ba,17,1,lex_phase_1,OPTIMAL,FEASIBLE_POINT,490.2717343635519,490.2717343635519,0,798,798,1227,2189,24,0,24,120,24,1,0,0,NaN,0,NaN,2.2737367544323206e-13,1.0000000000002274,
1,18,DETERMINISTIC_RH,LEXMMFPEA,shared_battery_mode_node_level_v1,SI-Drahi_10-d1-HET-ULO-BHI-72f1b1f90c,TK-PB-Drahi_10-d1-HET-ULO-d8d80a9180-r1,SS-c81930d9c8ba,17,2,lex_phase_2,OPTIMAL,FEASIBLE_POINT,980.543468727104,980.543468727104,0,798,798,1228,2195,24,0,24,120,24,1,0,0,NaN,0,NaN,2.2737367544323206e-13,1.0000000000002274,
1,18,DETERMINISTIC_RH,LEXMMFPEA,shared_battery_mode_node_level_v1,SI-Drahi_10-d1-HET-ULO-BHI-72f1b1f90c,TK-PB-Drahi_10-d1-HET-ULO-d8d80a9180-r1,SS-c81930d9c8ba,17,3,lex_phase_3,OPTIMAL,FEASIBLE_POINT,1470.815203090656,1470.815203090656,0,798,798,1229,2201,24,0,24,120,24,1,0,0,NaN,0,NaN,2.2737367544323206e-13,1.0000000000002274,
1,18,DETERMINISTIC_RH,LEXMMFPEA,shared_battery_mode_node_level_v1,SI-Drahi_10-d1-HET-ULO-BHI-72f1b1f90c,TK-PB-Drahi_10-d1-HET-ULO-d8d80a9180-r1,SS-c81930d9c8ba,17,4,lex_phase_4,OPTIMAL,FEASIBLE_POINT,1961.086937454208,1961.086937454208,0,798,798,1230,2207,24,0,24,120,24,1,0,0,NaN,0,NaN,2.2737367544323206e-13,1.0000000000002274,
1,18,DETERMINISTIC_RH,LEXMMFPEA,shared_battery_mode_node_level_v1,SI-Drahi_10-d1-HET-ULO-BHI-72f1b1f90c,TK-PB-Drahi_10-d1-HET-ULO-d8d80a9180-r1,SS-c81930d9c8ba,17,5,lex_phase_5,OPTIMAL,FEASIBLE_POINT,2451.3586718177594,2451.3586718177594,0,798,798,1231,2213,24,0,24,120,24,1,0,0,NaN,0,NaN,2.2737367544323206e-13,1.0000000000002274,
1,18,DETERMINISTIC_RH,LEXMMFPEA,shared_battery_mode_node_level_v1,SI-Drahi_10-d1-HET-ULO-BHI-72f1b1f90c,TK-PB-Drahi_10-d1-HET-ULO-d8d80a9180-r1,SS-c81930d9c8ba,17,6,economic_tie_break,OPTIMAL,FEASIBLE_POINT,639761.0594798942,639761.0594798942,0,798,798,1232,2219,24,0,24,120,24,1,0,0,NaN,0,NaN,2.2737367544323206e-13,1.0000000000002274,
1,19,DETERMINISTIC_RH,LEXMMFPEA,shared_battery_mode_node_level_v1,SI-Drahi_10-d1-HET-ULO-BHI-72f1b1f90c,TK-PB-Drahi_10-d1-HET-ULO-d8d80a9180-r1,SS-c81930d9c8ba,17,1,lex_phase_1,OPTIMAL,FEASIBLE_POINT,490.2717343635519,490.2717343635519,0,798,798,1227,2189,24,0,24,120,24,1,0,0,NaN,0,NaN,3.268496584496461e-13,1.0000000000002274,
1,19,DETERMINISTIC_RH,LEXMMFPEA,shared_battery_mode_node_level_v1,SI-Drahi_10-d1-HET-ULO-BHI-72f1b1f90c,TK-PB-Drahi_10-d1-HET-ULO-d8d80a9180-r1,SS-c81930d9c8ba,17,2,lex_phase_2,OPTIMAL,FEASIBLE_POINT,980.543468727104,980.543468727104,0,798,798,1228,2195,24,0,24,120,24,1,0,0,NaN,0,NaN,3.268496584496461e-13,1.0000000000002274,
1,19,DETERMINISTIC_RH,LEXMMFPEA,shared_battery_mode_node_level_v1,SI-Drahi_10-d1-HET-ULO-BHI-72f1b1f90c,TK-PB-Drahi_10-d1-HET-ULO-d8d80a9180-r1,SS-c81930d9c8ba,17,3,lex_phase_3,OPTIMAL,FEASIBLE_POINT,1470.815203090656,1470.815203090656,0,798,798,1229,2201,24,0,24,120,24,1,0,0,NaN,0,NaN,3.268496584496461e-13,1.0000000000002274,
1,19,DETERMINISTIC_RH,LEXMMFPEA,shared_battery_mode_node_level_v1,SI-Drahi_10-d1-HET-ULO-BHI-72f1b1f90c,TK-PB-Drahi_10-d1-HET-ULO-d8d80a9180-r1,SS-c81930d9c8ba,17,4,lex_phase_4,OPTIMAL,FEASIBLE_POINT,1961.086937454208,1961.086937454208,0,798,798,1230,2207,24,0,24,120,24,1,0,0,NaN,0,NaN,3.268496584496461e-13,1.0000000000002274,
1,19,DETERMINISTIC_RH,LEXMMFPEA,shared_battery_mode_node_level_v1,SI-Drahi_10-d1-HET-ULO-BHI-72f1b1f90c,TK-PB-Drahi_10-d1-HET-ULO-d8d80a9180-r1,SS-c81930d9c8ba,17,5,lex_phase_5,OPTIMAL,FEASIBLE_POINT,2451.3586718177594,2451.3586718177594,0,798,798,1231,2213,24,0,24,120,24,1,0,0,NaN,0,NaN,3.268496584496461e-13,1.0000000000002274,
1,19,DETERMINISTIC_RH,LEXMMFPEA,shared_battery_mode_node_level_v1,SI-Drahi_10-d1-HET-ULO-BHI-72f1b1f90c,TK-PB-Drahi_10-d1-HET-ULO-d8d80a9180-r1,SS-c81930d9c8ba,17,6,economic_tie_break,OPTIMAL,FEASIBLE_POINT,639761.0594798942,639761.0594798942,0,798,798,1232,2219,24,0,24,120,24,1,0,0,NaN,0,NaN,3.268496584496461e-13,1.0000000000002274,
1,20,DETERMINISTIC_RH,LEXMMFPEA,shared_battery_mode_node_level_v1,SI-Drahi_10-d1-HET-ULO-BHI-72f1b1f90c,TK-PB-Drahi_10-d1-HET-ULO-d8d80a9180-r1,SS-c81930d9c8ba,17,1,lex_phase_1,OPTIMAL,FEASIBLE_POINT,490.2717343635519,490.2717343635519,0,798,798,1227,2189,24,0,24,120,24,1,0,0,NaN,0,NaN,5.826450433232822e-13,1.0000000000002274,
1,20,DETERMINISTIC_RH,LEXMMFPEA,shared_battery_mode_node_level_v1,SI-Drahi_10-d1-HET-ULO-BHI-72f1b1f90c,TK-PB-Drahi_10-d1-HET-ULO-d8d80a9180-r1,SS-c81930d9c8ba,17,2,lex_phase_2,OPTIMAL,FEASIBLE_POINT,980.543468727104,980.543468727104,0,798,798,1228,2195,24,0,24,120,24,1,0,0,NaN,0,NaN,5.826450433232822e-13,1.0000000000002274,
1,20,DETERMINISTIC_RH,LEXMMFPEA,shared_battery_mode_node_level_v1,SI-Drahi_10-d1-HET-ULO-BHI-72f1b1f90c,TK-PB-Drahi_10-d1-HET-ULO-d8d80a9180-r1,SS-c81930d9c8ba,17,3,lex_phase_3,OPTIMAL,FEASIBLE_POINT,1470.815203090656,1470.815203090656,0,798,798,1229,2201,24,0,24,120,24,1,0,0,NaN,0,NaN,5.826450433232822e-13,1.0000000000002274,
1,20,DETERMINISTIC_RH,LEXMMFPEA,shared_battery_mode_node_level_v1,SI-Drahi_10-d1-HET-ULO-BHI-72f1b1f90c,TK-PB-Drahi_10-d1-HET-ULO-d8d80a9180-r1,SS-c81930d9c8ba,17,4,lex_phase_4,OPTIMAL,FEASIBLE_POINT,1961.086937454208,1961.086937454208,0,798,798,1230,2207,24,0,24,120,24,1,0,0,NaN,0,NaN,5.826450433232822e-13,1.0000000000002274,
1,20,DETERMINISTIC_RH,LEXMMFPEA,shared_battery_mode_node_level_v1,SI-Drahi_10-d1-HET-ULO-BHI-72f1b1f90c,TK-PB-Drahi_10-d1-HET-ULO-d8d80a9180-r1,SS-c81930d9c8ba,17,5,lex_phase_5,OPTIMAL,FEASIBLE_POINT,2451.3586718177594,2451.3586718177594,0,798,798,1231,2213,24,0,24,120,24,1,0,0,NaN,0,NaN,5.826450433232822e-13,1.0000000000002274,
1,20,DETERMINISTIC_RH,LEXMMFPEA,shared_battery_mode_node_level_v1,SI-Drahi_10-d1-HET-ULO-BHI-72f1b1f90c,TK-PB-Drahi_10-d1-HET-ULO-d8d80a9180-r1,SS-c81930d9c8ba,17,6,economic_tie_break,OPTIMAL,FEASIBLE_POINT,639761.0594798942,639761.0594798942,0,798,798,1232,2219,24,0,24,120,24,1,0,0,NaN,0,NaN,5.826450433232822e-13,1.0000000000002274,
1,21,DETERMINISTIC_RH,LEXMMFPEA,shared_battery_mode_node_level_v1,SI-Drahi_10-d1-HET-ULO-BHI-72f1b1f90c,TK-PB-Drahi_10-d1-HET-ULO-d8d80a9180-r1,SS-3cf9bda45ea4,21,1,lex_phase_1,OPTIMAL,FEASIBLE_POINT,502.59966644391625,502.59966644391625,0,798,798,1227,2189,24,0,24,120,24,1,0,0,NaN,0,NaN,0.4020083102493066,1.0,
1,21,DETERMINISTIC_RH,LEXMMFPEA,shared_battery_mode_node_level_v1,SI-Drahi_10-d1-HET-ULO-BHI-72f1b1f90c,TK-PB-Drahi_10-d1-HET-ULO-d8d80a9180-r1,SS-3cf9bda45ea4,21,2,lex_phase_2,OPTIMAL,FEASIBLE_POINT,1005.1993328878325,1005.1993328878325,0,798,798,1228,2195,24,0,24,120,24,1,0,0,NaN,0,NaN,0.4020083102493066,1.0,
1,21,DETERMINISTIC_RH,LEXMMFPEA,shared_battery_mode_node_level_v1,SI-Drahi_10-d1-HET-ULO-BHI-72f1b1f90c,TK-PB-Drahi_10-d1-HET-ULO-d8d80a9180-r1,SS-3cf9bda45ea4,21,3,lex_phase_3,OPTIMAL,FEASIBLE_POINT,1507.7989993317487,1507.7989993317487,0,798,798,1229,2201,24,0,24,120,24,1,0,0,NaN,0,NaN,0.4020083102493066,1.0,
1,21,DETERMINISTIC_RH,LEXMMFPEA,shared_battery_mode_node_level_v1,SI-Drahi_10-d1-HET-ULO-BHI-72f1b1f90c,TK-PB-Drahi_10-d1-HET-ULO-d8d80a9180-r1,SS-3cf9bda45ea4,21,4,lex_phase_4,OPTIMAL,FEASIBLE_POINT,2010.398665775665,2010.398665775665,0,798,798,1230,2207,24,0,24,120,24,1,0,0,NaN,0,NaN,0.4020083102493066,1.0,
1,21,DETERMINISTIC_RH,LEXMMFPEA,shared_battery_mode_node_level_v1,SI-Drahi_10-d1-HET-ULO-BHI-72f1b1f90c,TK-PB-Drahi_10-d1-HET-ULO-d8d80a9180-r1,SS-3cf9bda45ea4,21,5,lex_phase_5,OPTIMAL,FEASIBLE_POINT,2512.9983322195812,2512.9983322195812,0,798,798,1231,2213,24,0,24,120,24,1,0,0,NaN,0,NaN,0.4020083102493066,1.0,
1,21,DETERMINISTIC_RH,LEXMMFPEA,shared_battery_mode_node_level_v1,SI-Drahi_10-d1-HET-ULO-BHI-72f1b1f90c,TK-PB-Drahi_10-d1-HET-ULO-d8d80a9180-r1,SS-3cf9bda45ea4,21,6,economic_tie_break,OPTIMAL,FEASIBLE_POINT,628079.1916594454,628079.1916594454,0,798,798,1232,2219,24,0,24,120,24,1,0,0,NaN,0,NaN,0.4020083102493066,1.0,
1,22,DETERMINISTIC_RH,LEXMMFPEA,shared_battery_mode_node_level_v1,SI-Drahi_10-d1-HET-ULO-BHI-72f1b1f90c,TK-PB-Drahi_10-d1-HET-ULO-d8d80a9180-r1,SS-3cf9bda45ea4,21,1,lex_phase_1,OPTIMAL,FEASIBLE_POINT,502.59966644391625,502.59966644391625,0,798,798,1227,2189,24,0,24,120,24,1,0,0,NaN,0,NaN,4.831690603168681e-13,1.0,
1,22,DETERMINISTIC_RH,LEXMMFPEA,shared_battery_mode_node_level_v1,SI-Drahi_10-d1-HET-ULO-BHI-72f1b1f90c,TK-PB-Drahi_10-d1-HET-ULO-d8d80a9180-r1,SS-3cf9bda45ea4,21,2,lex_phase_2,OPTIMAL,FEASIBLE_POINT,1005.1993328878325,1005.1993328878325,0,798,798,1228,2195,24,0,24,120,24,1,0,0,NaN,0,NaN,4.831690603168681e-13,1.0,
1,22,DETERMINISTIC_RH,LEXMMFPEA,shared_battery_mode_node_level_v1,SI-Drahi_10-d1-HET-ULO-BHI-72f1b1f90c,TK-PB-Drahi_10-d1-HET-ULO-d8d80a9180-r1,SS-3cf9bda45ea4,21,3,lex_phase_3,OPTIMAL,FEASIBLE_POINT,1507.7989993317487,1507.7989993317487,0,798,798,1229,2201,24,0,24,120,24,1,0,0,NaN,0,NaN,4.831690603168681e-13,1.0,
1,22,DETERMINISTIC_RH,LEXMMFPEA,shared_battery_mode_node_level_v1,SI-Drahi_10-d1-HET-ULO-BHI-72f1b1f90c,TK-PB-Drahi_10-d1-HET-ULO-d8d80a9180-r1,SS-3cf9bda45ea4,21,4,lex_phase_4,OPTIMAL,FEASIBLE_POINT,2010.398665775665,2010.398665775665,0,798,798,1230,2207,24,0,24,120,24,1,0,0,NaN,0,NaN,4.831690603168681e-13,1.0,
1,22,DETERMINISTIC_RH,LEXMMFPEA,shared_battery_mode_node_level_v1,SI-Drahi_10-d1-HET-ULO-BHI-72f1b1f90c,TK-PB-Drahi_10-d1-HET-ULO-d8d80a9180-r1,SS-3cf9bda45ea4,21,5,lex_phase_5,OPTIMAL,FEASIBLE_POINT,2512.9983322195812,2512.9983322195812,0,798,798,1231,2213,24,0,24,120,24,1,0,0,NaN,0,NaN,4.831690603168681e-13,1.0,
1,22,DETERMINISTIC_RH,LEXMMFPEA,shared_battery_mode_node_level_v1,SI-Drahi_10-d1-HET-ULO-BHI-72f1b1f90c,TK-PB-Drahi_10-d1-HET-ULO-d8d80a9180-r1,SS-3cf9bda45ea4,21,6,economic_tie_break,OPTIMAL,FEASIBLE_POINT,628079.1916594454,628079.1916594454,0,798,798,1232,2219,24,0,24,120,24,1,0,0,NaN,0,NaN,4.831690603168681e-13,1.0,
1,23,DETERMINISTIC_RH,LEXMMFPEA,shared_battery_mode_node_level_v1,SI-Drahi_10-d1-HET-ULO-BHI-72f1b1f90c,TK-PB-Drahi_10-d1-HET-ULO-d8d80a9180-r1,SS-3cf9bda45ea4,21,1,lex_phase_1,OPTIMAL,FEASIBLE_POINT,502.59966644391625,502.59966644391625,0,798,798,1227,2189,24,0,24,120,24,1,0,0,NaN,0,NaN,4.973799150320701e-13,1.0,
1,23,DETERMINISTIC_RH,LEXMMFPEA,shared_battery_mode_node_level_v1,SI-Drahi_10-d1-HET-ULO-BHI-72f1b1f90c,TK-PB-Drahi_10-d1-HET-ULO-d8d80a9180-r1,SS-3cf9bda45ea4,21,2,lex_phase_2,OPTIMAL,FEASIBLE_POINT,1005.1993328878325,1005.1993328878325,0,798,798,1228,2195,24,0,24,120,24,1,0,0,NaN,0,NaN,4.973799150320701e-13,1.0,
1,23,DETERMINISTIC_RH,LEXMMFPEA,shared_battery_mode_node_level_v1,SI-Drahi_10-d1-HET-ULO-BHI-72f1b1f90c,TK-PB-Drahi_10-d1-HET-ULO-d8d80a9180-r1,SS-3cf9bda45ea4,21,3,lex_phase_3,OPTIMAL,FEASIBLE_POINT,1507.7989993317487,1507.7989993317487,0,798,798,1229,2201,24,0,24,120,24,1,0,0,NaN,0,NaN,4.973799150320701e-13,1.0,
1,23,DETERMINISTIC_RH,LEXMMFPEA,shared_battery_mode_node_level_v1,SI-Drahi_10-d1-HET-ULO-BHI-72f1b1f90c,TK-PB-Drahi_10-d1-HET-ULO-d8d80a9180-r1,SS-3cf9bda45ea4,21,4,lex_phase_4,OPTIMAL,FEASIBLE_POINT,2010.398665775665,2010.398665775665,0,798,798,1230,2207,24,0,24,120,24,1,0,0,NaN,0,NaN,4.973799150320701e-13,1.0,
1,23,DETERMINISTIC_RH,LEXMMFPEA,shared_battery_mode_node_level_v1,SI-Drahi_10-d1-HET-ULO-BHI-72f1b1f90c,TK-PB-Drahi_10-d1-HET-ULO-d8d80a9180-r1,SS-3cf9bda45ea4,21,5,lex_phase_5,OPTIMAL,FEASIBLE_POINT,2512.9983322195812,2512.9983322195812,0,798,798,1231,2213,24,0,24,120,24,1,0,0,NaN,0,NaN,4.973799150320701e-13,1.0,
1,23,DETERMINISTIC_RH,LEXMMFPEA,shared_battery_mode_node_level_v1,SI-Drahi_10-d1-HET-ULO-BHI-72f1b1f90c,TK-PB-Drahi_10-d1-HET-ULO-d8d80a9180-r1,SS-3cf9bda45ea4,21,6,economic_tie_break,OPTIMAL,FEASIBLE_POINT,628079.1916594454,628079.1916594454,0,798,798,1232,2219,24,0,24,120,24,1,0,0,NaN,0,NaN,4.973799150320701e-13,1.0,
1,24,DETERMINISTIC_RH,LEXMMFPEA,shared_battery_mode_node_level_v1,SI-Drahi_10-d1-HET-ULO-BHI-72f1b1f90c,TK-PB-Drahi_10-d1-HET-ULO-d8d80a9180-r1,SS-3cf9bda45ea4,21,1,lex_phase_1,OPTIMAL,FEASIBLE_POINT,502.59966644391625,502.59966644391625,0,798,798,1227,2189,24,0,24,120,24,1,0,0,NaN,0,NaN,3.410605131648481e-13,1.0,
1,24,DETERMINISTIC_RH,LEXMMFPEA,shared_battery_mode_node_level_v1,SI-Drahi_10-d1-HET-ULO-BHI-72f1b1f90c,TK-PB-Drahi_10-d1-HET-ULO-d8d80a9180-r1,SS-3cf9bda45ea4,21,2,lex_phase_2,OPTIMAL,FEASIBLE_POINT,1005.1993328878325,1005.1993328878325,0,798,798,1228,2195,24,0,24,120,24,1,0,0,NaN,0,NaN,3.410605131648481e-13,1.0,
1,24,DETERMINISTIC_RH,LEXMMFPEA,shared_battery_mode_node_level_v1,SI-Drahi_10-d1-HET-ULO-BHI-72f1b1f90c,TK-PB-Drahi_10-d1-HET-ULO-d8d80a9180-r1,SS-3cf9bda45ea4,21,3,lex_phase_3,OPTIMAL,FEASIBLE_POINT,1507.7989993317487,1507.7989993317487,0,798,798,1229,2201,24,0,24,120,24,1,0,0,NaN,0,NaN,3.410605131648481e-13,1.0,
1,24,DETERMINISTIC_RH,LEXMMFPEA,shared_battery_mode_node_level_v1,SI-Drahi_10-d1-HET-ULO-BHI-72f1b1f90c,TK-PB-Drahi_10-d1-HET-ULO-d8d80a9180-r1,SS-3cf9bda45ea4,21,4,lex_phase_4,OPTIMAL,FEASIBLE_POINT,2010.398665775665,2010.398665775665,0,798,798,1230,2207,24,0,24,120,24,1,0,0,NaN,0,NaN,3.410605131648481e-13,1.0,
1,24,DETERMINISTIC_RH,LEXMMFPEA,shared_battery_mode_node_level_v1,SI-Drahi_10-d1-HET-ULO-BHI-72f1b1f90c,TK-PB-Drahi_10-d1-HET-ULO-d8d80a9180-r1,SS-3cf9bda45ea4,21,5,lex_phase_5,OPTIMAL,FEASIBLE_POINT,2512.9983322195812,2512.9983322195812,0,798,798,1231,2213,24,0,24,120,24,1,0,0,NaN,0,NaN,3.410605131648481e-13,1.0,
1,24,DETERMINISTIC_RH,LEXMMFPEA,shared_battery_mode_node_level_v1,SI-Drahi_10-d1-HET-ULO-BHI-72f1b1f90c,TK-PB-Drahi_10-d1-HET-ULO-d8d80a9180-r1,SS-3cf9bda45ea4,21,6,economic_tie_break,OPTIMAL,FEASIBLE_POINT,628079.1916594454,628079.1916594454,0,798,798,1232,2219,24,0,24,120,24,1,0,0,NaN,0,NaN,3.410605131648481e-13,1.0,
1,1,DETERMINISTIC_RH,LEXMMFSA,shared_battery_mode_node_level_v1,SI-Drahi_10-d1-HET-ULO-BHI-72f1b1f90c,TK-PB-Drahi_10-d1-HET-ULO-d8d80a9180-r1,SS-5d5bbea46d20,1,1,lex_phase_1,OPTIMAL,FEASIBLE_POINT,29556.837706430415,29556.837706430415,0,798,798,1227,3389,24,0,24,120,24,1,0,0,NaN,0,NaN,0.0,1.0,
1,1,DETERMINISTIC_RH,LEXMMFSA,shared_battery_mode_node_level_v1,SI-Drahi_10-d1-HET-ULO-BHI-72f1b1f90c,TK-PB-Drahi_10-d1-HET-ULO-d8d80a9180-r1,SS-5d5bbea46d20,1,2,lex_phase_2,OPTIMAL,FEASIBLE_POINT,59113.67541286079,59113.67541286079,0,798,798,1228,3395,24,0,24,120,24,1,0,0,NaN,0,NaN,0.0,1.0,
1,1,DETERMINISTIC_RH,LEXMMFSA,shared_battery_mode_node_level_v1,SI-Drahi_10-d1-HET-ULO-BHI-72f1b1f90c,TK-PB-Drahi_10-d1-HET-ULO-d8d80a9180-r1,SS-5d5bbea46d20,1,3,lex_phase_3,OPTIMAL,FEASIBLE_POINT,88670.5131192912,88670.5131192912,0,798,798,1229,3401,24,0,24,120,24,1,0,0,NaN,0,NaN,0.0,1.0,
1,1,DETERMINISTIC_RH,LEXMMFSA,shared_battery_mode_node_level_v1,SI-Drahi_10-d1-HET-ULO-BHI-72f1b1f90c,TK-PB-Drahi_10-d1-HET-ULO-d8d80a9180-r1,SS-5d5bbea46d20,1,4,lex_phase_4,OPTIMAL,FEASIBLE_POINT,118227.35082572159,118227.35082572159,0,798,798,1230,3407,24,0,24,120,24,1,0,0,NaN,0,NaN,0.0,1.0,
1,1,DETERMINISTIC_RH,LEXMMFSA,shared_battery_mode_node_level_v1,SI-Drahi_10-d1-HET-ULO-BHI-72f1b1f90c,TK-PB-Drahi_10-d1-HET-ULO-d8d80a9180-r1,SS-5d5bbea46d20,1,5,lex_phase_5,OPTIMAL,FEASIBLE_POINT,147801.51953215257,147801.51953215257,0,798,798,1231,3413,24,0,24,120,24,1,0,0,NaN,0,NaN,0.0,1.0,
1,1,DETERMINISTIC_RH,LEXMMFSA,shared_battery_mode_node_level_v1,SI-Drahi_10-d1-HET-ULO-BHI-72f1b1f90c,TK-PB-Drahi_10-d1-HET-ULO-d8d80a9180-r1,SS-5d5bbea46d20,1,6,economic_tie_break,OPTIMAL,FEASIBLE_POINT,641624.4630549069,641624.4630549069,0,798,798,1232,3419,24,0,24,120,24,1,0,0,NaN,0,NaN,0.0,1.0,
1,2,DETERMINISTIC_RH,LEXMMFSA,shared_battery_mode_node_level_v1,SI-Drahi_10-d1-HET-ULO-BHI-72f1b1f90c,TK-PB-Drahi_10-d1-HET-ULO-d8d80a9180-r1,SS-5d5bbea46d20,1,1,lex_phase_1,OPTIMAL,FEASIBLE_POINT,29556.837706430415,29556.837706430415,0,798,798,1227,3389,24,0,24,120,24,1,0,0,NaN,0,NaN,3.126388037344441e-13,1.0,
1,2,DETERMINISTIC_RH,LEXMMFSA,shared_battery_mode_node_level_v1,SI-Drahi_10-d1-HET-ULO-BHI-72f1b1f90c,TK-PB-Drahi_10-d1-HET-ULO-d8d80a9180-r1,SS-5d5bbea46d20,1,2,lex_phase_2,OPTIMAL,FEASIBLE_POINT,59113.67541286079,59113.67541286079,0,798,798,1228,3395,24,0,24,120,24,1,0,0,NaN,0,NaN,3.126388037344441e-13,1.0,
1,2,DETERMINISTIC_RH,LEXMMFSA,shared_battery_mode_node_level_v1,SI-Drahi_10-d1-HET-ULO-BHI-72f1b1f90c,TK-PB-Drahi_10-d1-HET-ULO-d8d80a9180-r1,SS-5d5bbea46d20,1,3,lex_phase_3,OPTIMAL,FEASIBLE_POINT,88670.5131192912,88670.5131192912,0,798,798,1229,3401,24,0,24,120,24,1,0,0,NaN,0,NaN,3.126388037344441e-13,1.0,
1,2,DETERMINISTIC_RH,LEXMMFSA,shared_battery_mode_node_level_v1,SI-Drahi_10-d1-HET-ULO-BHI-72f1b1f90c,TK-PB-Drahi_10-d1-HET-ULO-d8d80a9180-r1,SS-5d5bbea46d20,1,4,lex_phase_4,OPTIMAL,FEASIBLE_POINT,118227.35082572159,118227.35082572159,0,798,798,1230,3407,24,0,24,120,24,1,0,0,NaN,0,NaN,3.126388037344441e-13,1.0,
1,2,DETERMINISTIC_RH,LEXMMFSA,shared_battery_mode_node_level_v1,SI-Drahi_10-d1-HET-ULO-BHI-72f1b1f90c,TK-PB-Drahi_10-d1-HET-ULO-d8d80a9180-r1,SS-5d5bbea46d20,1,5,lex_phase_5,OPTIMAL,FEASIBLE_POINT,147801.51953215257,147801.51953215257,0,798,798,1231,3413,24,0,24,120,24,1,0,0,NaN,0,NaN,3.126388037344441e-13,1.0,
1,2,DETERMINISTIC_RH,LEXMMFSA,shared_battery_mode_node_level_v1,SI-Drahi_10-d1-HET-ULO-BHI-72f1b1f90c,TK-PB-Drahi_10-d1-HET-ULO-d8d80a9180-r1,SS-5d5bbea46d20,1,6,economic_tie_break,OPTIMAL,FEASIBLE_POINT,641624.4630549069,641624.4630549069,0,798,798,1232,3419,24,0,24,120,24,1,0,0,NaN,0,NaN,3.126388037344441e-13,1.0,
1,3,DETERMINISTIC_RH,LEXMMFSA,shared_battery_mode_node_level_v1,SI-Drahi_10-d1-HET-ULO-BHI-72f1b1f90c,TK-PB-Drahi_10-d1-HET-ULO-d8d80a9180-r1,SS-5d5bbea46d20,1,1,lex_phase_1,OPTIMAL,FEASIBLE_POINT,29556.837706430415,29556.837706430415,0,798,798,1227,3389,24,0,24,120,24,1,0,0,NaN,0,NaN,3.268496584496461e-13,1.0,
1,3,DETERMINISTIC_RH,LEXMMFSA,shared_battery_mode_node_level_v1,SI-Drahi_10-d1-HET-ULO-BHI-72f1b1f90c,TK-PB-Drahi_10-d1-HET-ULO-d8d80a9180-r1,SS-5d5bbea46d20,1,2,lex_phase_2,OPTIMAL,FEASIBLE_POINT,59113.67541286079,59113.67541286079,0,798,798,1228,3395,24,0,24,120,24,1,0,0,NaN,0,NaN,3.268496584496461e-13,1.0,
1,3,DETERMINISTIC_RH,LEXMMFSA,shared_battery_mode_node_level_v1,SI-Drahi_10-d1-HET-ULO-BHI-72f1b1f90c,TK-PB-Drahi_10-d1-HET-ULO-d8d80a9180-r1,SS-5d5bbea46d20,1,3,lex_phase_3,OPTIMAL,FEASIBLE_POINT,88670.5131192912,88670.5131192912,0,798,798,1229,3401,24,0,24,120,24,1,0,0,NaN,0,NaN,3.268496584496461e-13,1.0,
1,3,DETERMINISTIC_RH,LEXMMFSA,shared_battery_mode_node_level_v1,SI-Drahi_10-d1-HET-ULO-BHI-72f1b1f90c,TK-PB-Drahi_10-d1-HET-ULO-d8d80a9180-r1,SS-5d5bbea46d20,1,4,lex_phase_4,OPTIMAL,FEASIBLE_POINT,118227.35082572159,118227.35082572159,0,798,798,1230,3407,24,0,24,120,24,1,0,0,NaN,0,NaN,3.268496584496461e-13,1.0,
1,3,DETERMINISTIC_RH,LEXMMFSA,shared_battery_mode_node_level_v1,SI-Drahi_10-d1-HET-ULO-BHI-72f1b1f90c,TK-PB-Drahi_10-d1-HET-ULO-d8d80a9180-r1,SS-5d5bbea46d20,1,5,lex_phase_5,OPTIMAL,FEASIBLE_POINT,147801.51953215257,147801.51953215257,0,798,798,1231,3413,24,0,24,120,24,1,0,0,NaN,0,NaN,3.268496584496461e-13,1.0,
1,3,DETERMINISTIC_RH,LEXMMFSA,shared_battery_mode_node_level_v1,SI-Drahi_10-d1-HET-ULO-BHI-72f1b1f90c,TK-PB-Drahi_10-d1-HET-ULO-d8d80a9180-r1,SS-5d5bbea46d20,1,6,economic_tie_break,OPTIMAL,FEASIBLE_POINT,641624.4630549069,641624.4630549069,0,798,798,1232,3419,24,0,24,120,24,1,0,0,NaN,0,NaN,3.268496584496461e-13,1.0,
1,4,DETERMINISTIC_RH,LEXMMFSA,shared_battery_mode_node_level_v1,SI-Drahi_10-d1-HET-ULO-BHI-72f1b1f90c,TK-PB-Drahi_10-d1-HET-ULO-d8d80a9180-r1,SS-5d5bbea46d20,1,1,lex_phase_1,OPTIMAL,FEASIBLE_POINT,29556.837706430415,29556.837706430415,0,798,798,1227,3389,24,0,24,120,24,1,0,0,NaN,0,NaN,6.821210263296962e-13,1.0,
1,4,DETERMINISTIC_RH,LEXMMFSA,shared_battery_mode_node_level_v1,SI-Drahi_10-d1-HET-ULO-BHI-72f1b1f90c,TK-PB-Drahi_10-d1-HET-ULO-d8d80a9180-r1,SS-5d5bbea46d20,1,2,lex_phase_2,OPTIMAL,FEASIBLE_POINT,59113.67541286079,59113.67541286079,0,798,798,1228,3395,24,0,24,120,24,1,0,0,NaN,0,NaN,6.821210263296962e-13,1.0,
1,4,DETERMINISTIC_RH,LEXMMFSA,shared_battery_mode_node_level_v1,SI-Drahi_10-d1-HET-ULO-BHI-72f1b1f90c,TK-PB-Drahi_10-d1-HET-ULO-d8d80a9180-r1,SS-5d5bbea46d20,1,3,lex_phase_3,OPTIMAL,FEASIBLE_POINT,88670.5131192912,88670.5131192912,0,798,798,1229,3401,24,0,24,120,24,1,0,0,NaN,0,NaN,6.821210263296962e-13,1.0,
1,4,DETERMINISTIC_RH,LEXMMFSA,shared_battery_mode_node_level_v1,SI-Drahi_10-d1-HET-ULO-BHI-72f1b1f90c,TK-PB-Drahi_10-d1-HET-ULO-d8d80a9180-r1,SS-5d5bbea46d20,1,4,lex_phase_4,OPTIMAL,FEASIBLE_POINT,118227.35082572159,118227.35082572159,0,798,798,1230,3407,24,0,24,120,24,1,0,0,NaN,0,NaN,6.821210263296962e-13,1.0,
1,4,DETERMINISTIC_RH,LEXMMFSA,shared_battery_mode_node_level_v1,SI-Drahi_10-d1-HET-ULO-BHI-72f1b1f90c,TK-PB-Drahi_10-d1-HET-ULO-d8d80a9180-r1,SS-5d5bbea46d20,1,5,lex_phase_5,OPTIMAL,FEASIBLE_POINT,147801.51953215257,147801.51953215257,0,798,798,1231,3413,24,0,24,120,24,1,0,0,NaN,0,NaN,6.821210263296962e-13,1.0,
1,4,DETERMINISTIC_RH,LEXMMFSA,shared_battery_mode_node_level_v1,SI-Drahi_10-d1-HET-ULO-BHI-72f1b1f90c,TK-PB-Drahi_10-d1-HET-ULO-d8d80a9180-r1,SS-5d5bbea46d20,1,6,economic_tie_break,OPTIMAL,FEASIBLE_POINT,641624.4630549069,641624.4630549069,0,798,798,1232,3419,24,0,24,120,24,1,0,0,NaN,0,NaN,6.821210263296962e-13,1.0,
1,5,DETERMINISTIC_RH,LEXMMFSA,shared_battery_mode_node_level_v1,SI-Drahi_10-d1-HET-ULO-BHI-72f1b1f90c,TK-PB-Drahi_10-d1-HET-ULO-d8d80a9180-r1,SS-102adc95e052,5,1,lex_phase_1,OPTIMAL,FEASIBLE_POINT,30222.80095901742,30222.80095901742,0,798,798,1227,3389,24,0,24,120,24,1,0,0,NaN,0,NaN,0.0,1.000000000014552,
1,5,DETERMINISTIC_RH,LEXMMFSA,shared_battery_mode_node_level_v1,SI-Drahi_10-d1-HET-ULO-BHI-72f1b1f90c,TK-PB-Drahi_10-d1-HET-ULO-d8d80a9180-r1,SS-102adc95e052,5,2,lex_phase_2,OPTIMAL,FEASIBLE_POINT,60445.60191803487,60445.60191803487,0,798,798,1228,3395,24,0,24,120,24,1,0,0,NaN,0,NaN,0.0,1.000000000014552,
1,5,DETERMINISTIC_RH,LEXMMFSA,shared_battery_mode_node_level_v1,SI-Drahi_10-d1-HET-ULO-BHI-72f1b1f90c,TK-PB-Drahi_10-d1-HET-ULO-d8d80a9180-r1,SS-102adc95e052,5,3,lex_phase_3,OPTIMAL,FEASIBLE_POINT,90673.18187145956,90673.18187145956,0,798,798,1229,3401,24,0,24,120,24,1,0,0,NaN,0,NaN,0.0,1.000000000014552,
1,5,DETERMINISTIC_RH,LEXMMFSA,shared_battery_mode_node_level_v1,SI-Drahi_10-d1-HET-ULO-BHI-72f1b1f90c,TK-PB-Drahi_10-d1-HET-ULO-d8d80a9180-r1,SS-102adc95e052,5,4,lex_phase_4,OPTIMAL,FEASIBLE_POINT,120901.7618248843,120901.7618248843,0,798,798,1230,3407,24,0,24,120,24,1,0,0,NaN,0,NaN,0.0,1.000000000014552,
1,5,DETERMINISTIC_RH,LEXMMFSA,shared_battery_mode_node_level_v1,SI-Drahi_10-d1-HET-ULO-BHI-72f1b1f90c,TK-PB-Drahi_10-d1-HET-ULO-d8d80a9180-r1,SS-102adc95e052,5,5,lex_phase_5,OPTIMAL,FEASIBLE_POINT,151130.4139376432,151130.4139376432,0,798,798,1231,3413,24,0,24,120,24,1,0,0,NaN,0,NaN,0.0,1.000000000014552,
1,5,DETERMINISTIC_RH,LEXMMFSA,shared_battery_mode_node_level_v1,SI-Drahi_10-d1-HET-ULO-BHI-72f1b1f90c,TK-PB-Drahi_10-d1-HET-ULO-d8d80a9180-r1,SS-102adc95e052,5,6,economic_tie_break,OPTIMAL,FEASIBLE_POINT,624103.4333878004,624103.4333878004,0,798,798,1232,3419,24,0,24,120,24,1,0,0,NaN,0,NaN,0.0,1.000000000014552,
1,6,DETERMINISTIC_RH,LEXMMFSA,shared_battery_mode_node_level_v1,SI-Drahi_10-d1-HET-ULO-BHI-72f1b1f90c,TK-PB-Drahi_10-d1-HET-ULO-d8d80a9180-r1,SS-102adc95e052,5,1,lex_phase_1,OPTIMAL,FEASIBLE_POINT,30222.80095901742,30222.80095901742,0,798,798,1227,3389,24,0,24,120,24,1,0,0,NaN,0,NaN,4.831690603168681e-13,1.000000000014552,
1,6,DETERMINISTIC_RH,LEXMMFSA,shared_battery_mode_node_level_v1,SI-Drahi_10-d1-HET-ULO-BHI-72f1b1f90c,TK-PB-Drahi_10-d1-HET-ULO-d8d80a9180-r1,SS-102adc95e052,5,2,lex_phase_2,OPTIMAL,FEASIBLE_POINT,60445.60191803487,60445.60191803487,0,798,798,1228,3395,24,0,24,120,24,1,0,0,NaN,0,NaN,4.831690603168681e-13,1.000000000014552,
1,6,DETERMINISTIC_RH,LEXMMFSA,shared_battery_mode_node_level_v1,SI-Drahi_10-d1-HET-ULO-BHI-72f1b1f90c,TK-PB-Drahi_10-d1-HET-ULO-d8d80a9180-r1,SS-102adc95e052,5,3,lex_phase_3,OPTIMAL,FEASIBLE_POINT,90673.18187145956,90673.18187145956,0,798,798,1229,3401,24,0,24,120,24,1,0,0,NaN,0,NaN,4.831690603168681e-13,1.000000000014552,
1,6,DETERMINISTIC_RH,LEXMMFSA,shared_battery_mode_node_level_v1,SI-Drahi_10-d1-HET-ULO-BHI-72f1b1f90c,TK-PB-Drahi_10-d1-HET-ULO-d8d80a9180-r1,SS-102adc95e052,5,4,lex_phase_4,OPTIMAL,FEASIBLE_POINT,120901.7618248843,120901.7618248843,0,798,798,1230,3407,24,0,24,120,24,1,0,0,NaN,0,NaN,4.831690603168681e-13,1.000000000014552,
1,6,DETERMINISTIC_RH,LEXMMFSA,shared_battery_mode_node_level_v1,SI-Drahi_10-d1-HET-ULO-BHI-72f1b1f90c,TK-PB-Drahi_10-d1-HET-ULO-d8d80a9180-r1,SS-102adc95e052,5,5,lex_phase_5,OPTIMAL,FEASIBLE_POINT,151130.4139376432,151130.4139376432,0,798,798,1231,3413,24,0,24,120,24,1,0,0,NaN,0,NaN,4.831690603168681e-13,1.000000000014552,
1,6,DETERMINISTIC_RH,LEXMMFSA,shared_battery_mode_node_level_v1,SI-Drahi_10-d1-HET-ULO-BHI-72f1b1f90c,TK-PB-Drahi_10-d1-HET-ULO-d8d80a9180-r1,SS-102adc95e052,5,6,economic_tie_break,OPTIMAL,FEASIBLE_POINT,624103.4333878004,624103.4333878004,0,798,798,1232,3419,24,0,24,120,24,1,0,0,NaN,0,NaN,4.831690603168681e-13,1.000000000014552,
1,7,DETERMINISTIC_RH,LEXMMFSA,shared_battery_mode_node_level_v1,SI-Drahi_10-d1-HET-ULO-BHI-72f1b1f90c,TK-PB-Drahi_10-d1-HET-ULO-d8d80a9180-r1,SS-102adc95e052,5,1,lex_phase_1,OPTIMAL,FEASIBLE_POINT,30222.80095901742,30222.80095901742,0,798,798,1227,3389,24,0,24,120,24,1,0,0,NaN,0,NaN,0.17081508023052772,1.000000000014552,
1,7,DETERMINISTIC_RH,LEXMMFSA,shared_battery_mode_node_level_v1,SI-Drahi_10-d1-HET-ULO-BHI-72f1b1f90c,TK-PB-Drahi_10-d1-HET-ULO-d8d80a9180-r1,SS-102adc95e052,5,2,lex_phase_2,OPTIMAL,FEASIBLE_POINT,60445.60191803487,60445.60191803487,0,798,798,1228,3395,24,0,24,120,24,1,0,0,NaN,0,NaN,0.17081508023052772,1.000000000014552,
1,7,DETERMINISTIC_RH,LEXMMFSA,shared_battery_mode_node_level_v1,SI-Drahi_10-d1-HET-ULO-BHI-72f1b1f90c,TK-PB-Drahi_10-d1-HET-ULO-d8d80a9180-r1,SS-102adc95e052,5,3,lex_phase_3,OPTIMAL,FEASIBLE_POINT,90673.18187145956,90673.18187145956,0,798,798,1229,3401,24,0,24,120,24,1,0,0,NaN,0,NaN,0.17081508023052772,1.000000000014552,
1,7,DETERMINISTIC_RH,LEXMMFSA,shared_battery_mode_node_level_v1,SI-Drahi_10-d1-HET-ULO-BHI-72f1b1f90c,TK-PB-Drahi_10-d1-HET-ULO-d8d80a9180-r1,SS-102adc95e052,5,4,lex_phase_4,OPTIMAL,FEASIBLE_POINT,120901.7618248843,120901.7618248843,0,798,798,1230,3407,24,0,24,120,24,1,0,0,NaN,0,NaN,0.17081508023052772,1.000000000014552,
1,7,DETERMINISTIC_RH,LEXMMFSA,shared_battery_mode_node_level_v1,SI-Drahi_10-d1-HET-ULO-BHI-72f1b1f90c,TK-PB-Drahi_10-d1-HET-ULO-d8d80a9180-r1,SS-102adc95e052,5,5,lex_phase_5,OPTIMAL,FEASIBLE_POINT,151130.4139376432,151130.4139376432,0,798,798,1231,3413,24,0,24,120,24,1,0,0,NaN,0,NaN,0.17081508023052772,1.000000000014552,
1,7,DETERMINISTIC_RH,LEXMMFSA,shared_battery_mode_node_level_v1,SI-Drahi_10-d1-HET-ULO-BHI-72f1b1f90c,TK-PB-Drahi_10-d1-HET-ULO-d8d80a9180-r1,SS-102adc95e052,5,6,economic_tie_break,OPTIMAL,FEASIBLE_POINT,624103.4333878004,624103.4333878004,0,798,798,1232,3419,24,0,24,120,24,1,0,0,NaN,0,NaN,0.17081508023052772,1.000000000014552,
1,8,DETERMINISTIC_RH,LEXMMFSA,shared_battery_mode_node_level_v1,SI-Drahi_10-d1-HET-ULO-BHI-72f1b1f90c,TK-PB-Drahi_10-d1-HET-ULO-d8d80a9180-r1,SS-102adc95e052,5,1,lex_phase_1,OPTIMAL,FEASIBLE_POINT,30222.80095901742,30222.80095901742,0,798,798,1227,3389,24,0,24,120,24,1,0,0,NaN,0,NaN,4.973799150320701e-13,1.000000000014552,
1,8,DETERMINISTIC_RH,LEXMMFSA,shared_battery_mode_node_level_v1,SI-Drahi_10-d1-HET-ULO-BHI-72f1b1f90c,TK-PB-Drahi_10-d1-HET-ULO-d8d80a9180-r1,SS-102adc95e052,5,2,lex_phase_2,OPTIMAL,FEASIBLE_POINT,60445.60191803487,60445.60191803487,0,798,798,1228,3395,24,0,24,120,24,1,0,0,NaN,0,NaN,4.973799150320701e-13,1.000000000014552,
1,8,DETERMINISTIC_RH,LEXMMFSA,shared_battery_mode_node_level_v1,SI-Drahi_10-d1-HET-ULO-BHI-72f1b1f90c,TK-PB-Drahi_10-d1-HET-ULO-d8d80a9180-r1,SS-102adc95e052,5,3,lex_phase_3,OPTIMAL,FEASIBLE_POINT,90673.18187145956,90673.18187145956,0,798,798,1229,3401,24,0,24,120,24,1,0,0,NaN,0,NaN,4.973799150320701e-13,1.000000000014552,
1,8,DETERMINISTIC_RH,LEXMMFSA,shared_battery_mode_node_level_v1,SI-Drahi_10-d1-HET-ULO-BHI-72f1b1f90c,TK-PB-Drahi_10-d1-HET-ULO-d8d80a9180-r1,SS-102adc95e052,5,4,lex_phase_4,OPTIMAL,FEASIBLE_POINT,120901.7618248843,120901.7618248843,0,798,798,1230,3407,24,0,24,120,24,1,0,0,NaN,0,NaN,4.973799150320701e-13,1.000000000014552,
1,8,DETERMINISTIC_RH,LEXMMFSA,shared_battery_mode_node_level_v1,SI-Drahi_10-d1-HET-ULO-BHI-72f1b1f90c,TK-PB-Drahi_10-d1-HET-ULO-d8d80a9180-r1,SS-102adc95e052,5,5,lex_phase_5,OPTIMAL,FEASIBLE_POINT,151130.4139376432,151130.4139376432,0,798,798,1231,3413,24,0,24,120,24,1,0,0,NaN,0,NaN,4.973799150320701e-13,1.000000000014552,
1,8,DETERMINISTIC_RH,LEXMMFSA,shared_battery_mode_node_level_v1,SI-Drahi_10-d1-HET-ULO-BHI-72f1b1f90c,TK-PB-Drahi_10-d1-HET-ULO-d8d80a9180-r1,SS-102adc95e052,5,6,economic_tie_break,OPTIMAL,FEASIBLE_POINT,624103.4333878004,624103.4333878004,0,798,798,1232,3419,24,0,24,120,24,1,0,0,NaN,0,NaN,4.973799150320701e-13,1.000000000014552,
1,9,DETERMINISTIC_RH,LEXMMFSA,shared_battery_mode_node_level_v1,SI-Drahi_10-d1-HET-ULO-BHI-72f1b1f90c,TK-PB-Drahi_10-d1-HET-ULO-d8d80a9180-r1,SS-19da242d4543,9,1,lex_phase_1,OPTIMAL,FEASIBLE_POINT,34049.91143462396,34049.91143462396,0,798,798,1227,3389,24,0,24,120,24,1,0,0,NaN,0,NaN,0.0,1.000000000014552,
1,9,DETERMINISTIC_RH,LEXMMFSA,shared_battery_mode_node_level_v1,SI-Drahi_10-d1-HET-ULO-BHI-72f1b1f90c,TK-PB-Drahi_10-d1-HET-ULO-d8d80a9180-r1,SS-19da242d4543,9,2,lex_phase_2,OPTIMAL,FEASIBLE_POINT,68099.82286924795,68099.82286924795,0,798,798,1228,3395,24,0,24,120,24,1,0,0,NaN,0,NaN,0.0,1.000000000014552,
1,9,DETERMINISTIC_RH,LEXMMFSA,shared_battery_mode_node_level_v1,SI-Drahi_10-d1-HET-ULO-BHI-72f1b1f90c,TK-PB-Drahi_10-d1-HET-ULO-d8d80a9180-r1,SS-19da242d4543,9,3,lex_phase_3,OPTIMAL,FEASIBLE_POINT,102154.93463720517,102154.93463720517,0,798,798,1229,3401,24,0,24,120,24,1,0,0,NaN,0,NaN,0.0,1.000000000014552,
1,9,DETERMINISTIC_RH,LEXMMFSA,shared_battery_mode_node_level_v1,SI-Drahi_10-d1-HET-ULO-BHI-72f1b1f90c,TK-PB-Drahi_10-d1-HET-ULO-d8d80a9180-r1,SS-19da242d4543,9,4,lex_phase_4,OPTIMAL,FEASIBLE_POINT,136211.04640516255,136211.04640516255,0,798,798,1230,3407,24,0,24,120,24,1,0,0,NaN,0,NaN,0.0,1.000000000014552,
1,9,DETERMINISTIC_RH,LEXMMFSA,shared_battery_mode_node_level_v1,SI-Drahi_10-d1-HET-ULO-BHI-72f1b1f90c,TK-PB-Drahi_10-d1-HET-ULO-d8d80a9180-r1,SS-19da242d4543,9,5,lex_phase_5,OPTIMAL,FEASIBLE_POINT,170267.15817311985,170267.15817311985,0,798,798,1231,3413,24,0,24,120,24,1,0,0,NaN,0,NaN,0.0,1.000000000014552,
1,9,DETERMINISTIC_RH,LEXMMFSA,shared_battery_mode_node_level_v1,SI-Drahi_10-d1-HET-ULO-BHI-72f1b1f90c,TK-PB-Drahi_10-d1-HET-ULO-d8d80a9180-r1,SS-19da242d4543,9,6,economic_tie_break,OPTIMAL,FEASIBLE_POINT,668034.7461273845,668034.7461273845,0,798,798,1232,3419,24,0,24,120,24,1,0,0,NaN,0,NaN,0.0,1.000000000014552,
1,10,DETERMINISTIC_RH,LEXMMFSA,shared_battery_mode_node_level_v1,SI-Drahi_10-d1-HET-ULO-BHI-72f1b1f90c,TK-PB-Drahi_10-d1-HET-ULO-d8d80a9180-r1,SS-19da242d4543,9,1,lex_phase_1,OPTIMAL,FEASIBLE_POINT,34049.91143462396,34049.91143462396,0,798,798,1227,3389,24,0,24,120,24,1,0,0,NaN,0,NaN,4.547473508864641e-13,1.000000000014552,
1,10,DETERMINISTIC_RH,LEXMMFSA,shared_battery_mode_node_level_v1,SI-Drahi_10-d1-HET-ULO-BHI-72f1b1f90c,TK-PB-Drahi_10-d1-HET-ULO-d8d80a9180-r1,SS-19da242d4543,9,2,lex_phase_2,OPTIMAL,FEASIBLE_POINT,68099.82286924795,68099.82286924795,0,798,798,1228,3395,24,0,24,120,24,1,0,0,NaN,0,NaN,4.547473508864641e-13,1.000000000014552,
1,10,DETERMINISTIC_RH,LEXMMFSA,shared_battery_mode_node_level_v1,SI-Drahi_10-d1-HET-ULO-BHI-72f1b1f90c,TK-PB-Drahi_10-d1-HET-ULO-d8d80a9180-r1,SS-19da242d4543,9,3,lex_phase_3,OPTIMAL,FEASIBLE_POINT,102154.93463720517,102154.93463720517,0,798,798,1229,3401,24,0,24,120,24,1,0,0,NaN,0,NaN,4.547473508864641e-13,1.000000000014552,
1,10,DETERMINISTIC_RH,LEXMMFSA,shared_battery_mode_node_level_v1,SI-Drahi_10-d1-HET-ULO-BHI-72f1b1f90c,TK-PB-Drahi_10-d1-HET-ULO-d8d80a9180-r1,SS-19da242d4543,9,4,lex_phase_4,OPTIMAL,FEASIBLE_POINT,136211.04640516255,136211.04640516255,0,798,798,1230,3407,24,0,24,120,24,1,0,0,NaN,0,NaN,4.547473508864641e-13,1.000000000014552,
1,10,DETERMINISTIC_RH,LEXMMFSA,shared_battery_mode_node_level_v1,SI-Drahi_10-d1-HET-ULO-BHI-72f1b1f90c,TK-PB-Drahi_10-d1-HET-ULO-d8d80a9180-r1,SS-19da242d4543,9,5,lex_phase_5,OPTIMAL,FEASIBLE_POINT,170267.15817311985,170267.15817311985,0,798,798,1231,3413,24,0,24,120,24,1,0,0,NaN,0,NaN,4.547473508864641e-13,1.000000000014552,
1,10,DETERMINISTIC_RH,LEXMMFSA,shared_battery_mode_node_level_v1,SI-Drahi_10-d1-HET-ULO-BHI-72f1b1f90c,TK-PB-Drahi_10-d1-HET-ULO-d8d80a9180-r1,SS-19da242d4543,9,6,economic_tie_break,OPTIMAL,FEASIBLE_POINT,668034.7461273845,668034.7461273845,0,798,798,1232,3419,24,0,24,120,24,1,0,0,NaN,0,NaN,4.547473508864641e-13,1.000000000014552,
1,11,DETERMINISTIC_RH,LEXMMFSA,shared_battery_mode_node_level_v1,SI-Drahi_10-d1-HET-ULO-BHI-72f1b1f90c,TK-PB-Drahi_10-d1-HET-ULO-d8d80a9180-r1,SS-19da242d4543,9,1,lex_phase_1,OPTIMAL,FEASIBLE_POINT,34049.91143462396,34049.91143462396,0,798,798,1227,3389,24,0,24,120,24,1,0,0,NaN,0,NaN,5.400124791776761e-13,1.000000000014552,
1,11,DETERMINISTIC_RH,LEXMMFSA,shared_battery_mode_node_level_v1,SI-Drahi_10-d1-HET-ULO-BHI-72f1b1f90c,TK-PB-Drahi_10-d1-HET-ULO-d8d80a9180-r1,SS-19da242d4543,9,2,lex_phase_2,OPTIMAL,FEASIBLE_POINT,68099.82286924795,68099.82286924795,0,798,798,1228,3395,24,0,24,120,24,1,0,0,NaN,0,NaN,5.400124791776761e-13,1.000000000014552,
1,11,DETERMINISTIC_RH,LEXMMFSA,shared_battery_mode_node_level_v1,SI-Drahi_10-d1-HET-ULO-BHI-72f1b1f90c,TK-PB-Drahi_10-d1-HET-ULO-d8d80a9180-r1,SS-19da242d4543,9,3,lex_phase_3,OPTIMAL,FEASIBLE_POINT,102154.93463720517,102154.93463720517,0,798,798,1229,3401,24,0,24,120,24,1,0,0,NaN,0,NaN,5.400124791776761e-13,1.000000000014552,
1,11,DETERMINISTIC_RH,LEXMMFSA,shared_battery_mode_node_level_v1,SI-Drahi_10-d1-HET-ULO-BHI-72f1b1f90c,TK-PB-Drahi_10-d1-HET-ULO-d8d80a9180-r1,SS-19da242d4543,9,4,lex_phase_4,OPTIMAL,FEASIBLE_POINT,136211.04640516255,136211.04640516255,0,798,798,1230,3407,24,0,24,120,24,1,0,0,NaN,0,NaN,5.400124791776761e-13,1.000000000014552,
1,11,DETERMINISTIC_RH,LEXMMFSA,shared_battery_mode_node_level_v1,SI-Drahi_10-d1-HET-ULO-BHI-72f1b1f90c,TK-PB-Drahi_10-d1-HET-ULO-d8d80a9180-r1,SS-19da242d4543,9,5,lex_phase_5,OPTIMAL,FEASIBLE_POINT,170267.15817311985,170267.15817311985,0,798,798,1231,3413,24,0,24,120,24,1,0,0,NaN,0,NaN,5.400124791776761e-13,1.000000000014552,
1,11,DETERMINISTIC_RH,LEXMMFSA,shared_battery_mode_node_level_v1,SI-Drahi_10-d1-HET-ULO-BHI-72f1b1f90c,TK-PB-Drahi_10-d1-HET-ULO-d8d80a9180-r1,SS-19da242d4543,9,6,economic_tie_break,OPTIMAL,FEASIBLE_POINT,668034.7461273845,668034.7461273845,0,798,798,1232,3419,24,0,24,120,24,1,0,0,NaN,0,NaN,5.400124791776761e-13,1.000000000014552,
1,12,DETERMINISTIC_RH,LEXMMFSA,shared_battery_mode_node_level_v1,SI-Drahi_10-d1-HET-ULO-BHI-72f1b1f90c,TK-PB-Drahi_10-d1-HET-ULO-d8d80a9180-r1,SS-19da242d4543,9,1,lex_phase_1,OPTIMAL,FEASIBLE_POINT,34049.91143462396,34049.91143462396,0,798,798,1227,3389,24,0,24,120,24,1,0,0,NaN,0,NaN,5.542233338928781e-13,1.000000000014552,
1,12,DETERMINISTIC_RH,LEXMMFSA,shared_battery_mode_node_level_v1,SI-Drahi_10-d1-HET-ULO-BHI-72f1b1f90c,TK-PB-Drahi_10-d1-HET-ULO-d8d80a9180-r1,SS-19da242d4543,9,2,lex_phase_2,OPTIMAL,FEASIBLE_POINT,68099.82286924795,68099.82286924795,0,798,798,1228,3395,24,0,24,120,24,1,0,0,NaN,0,NaN,5.542233338928781e-13,1.000000000014552,
1,12,DETERMINISTIC_RH,LEXMMFSA,shared_battery_mode_node_level_v1,SI-Drahi_10-d1-HET-ULO-BHI-72f1b1f90c,TK-PB-Drahi_10-d1-HET-ULO-d8d80a9180-r1,SS-19da242d4543,9,3,lex_phase_3,OPTIMAL,FEASIBLE_POINT,102154.93463720517,102154.93463720517,0,798,798,1229,3401,24,0,24,120,24,1,0,0,NaN,0,NaN,5.542233338928781e-13,1.000000000014552,
1,12,DETERMINISTIC_RH,LEXMMFSA,shared_battery_mode_node_level_v1,SI-Drahi_10-d1-HET-ULO-BHI-72f1b1f90c,TK-PB-Drahi_10-d1-HET-ULO-d8d80a9180-r1,SS-19da242d4543,9,4,lex_phase_4,OPTIMAL,FEASIBLE_POINT,136211.04640516255,136211.04640516255,0,798,798,1230,3407,24,0,24,120,24,1,0,0,NaN,0,NaN,5.542233338928781e-13,1.000000000014552,
1,12,DETERMINISTIC_RH,LEXMMFSA,shared_battery_mode_node_level_v1,SI-Drahi_10-d1-HET-ULO-BHI-72f1b1f90c,TK-PB-Drahi_10-d1-HET-ULO-d8d80a9180-r1,SS-19da242d4543,9,5,lex_phase_5,OPTIMAL,FEASIBLE_POINT,170267.15817311985,170267.15817311985,0,798,798,1231,3413,24,0,24,120,24,1,0,0,NaN,0,NaN,5.542233338928781e-13,1.000000000014552,
1,12,DETERMINISTIC_RH,LEXMMFSA,shared_battery_mode_node_level_v1,SI-Drahi_10-d1-HET-ULO-BHI-72f1b1f90c,TK-PB-Drahi_10-d1-HET-ULO-d8d80a9180-r1,SS-19da242d4543,9,6,economic_tie_break,OPTIMAL,FEASIBLE_POINT,668034.7461273845,668034.7461273845,0,798,798,1232,3419,24,0,24,120,24,1,0,0,NaN,0,NaN,5.542233338928781e-13,1.000000000014552,
1,13,DETERMINISTIC_RH,LEXMMFSA,shared_battery_mode_node_level_v1,SI-Drahi_10-d1-HET-ULO-BHI-72f1b1f90c,TK-PB-Drahi_10-d1-HET-ULO-d8d80a9180-r1,SS-354317d12b7f,13,1,lex_phase_1,OPTIMAL,FEASIBLE_POINT,35285.59311109151,35285.59311109151,0,798,798,1227,3389,24,0,24,120,24,1,0,0,NaN,0,NaN,0.0,1.000000000014552,
1,13,DETERMINISTIC_RH,LEXMMFSA,shared_battery_mode_node_level_v1,SI-Drahi_10-d1-HET-ULO-BHI-72f1b1f90c,TK-PB-Drahi_10-d1-HET-ULO-d8d80a9180-r1,SS-354317d12b7f,13,2,lex_phase_2,OPTIMAL,FEASIBLE_POINT,70571.18622218302,70571.18622218302,0,798,798,1228,3395,24,0,24,120,24,1,0,0,NaN,0,NaN,0.0,1.000000000014552,
1,13,DETERMINISTIC_RH,LEXMMFSA,shared_battery_mode_node_level_v1,SI-Drahi_10-d1-HET-ULO-BHI-72f1b1f90c,TK-PB-Drahi_10-d1-HET-ULO-d8d80a9180-r1,SS-354317d12b7f,13,3,lex_phase_3,OPTIMAL,FEASIBLE_POINT,105862.16633327448,105862.16633327448,0,798,798,1229,3401,24,0,24,120,24,1,0,0,NaN,0,NaN,0.0,1.000000000014552,
1,13,DETERMINISTIC_RH,LEXMMFSA,shared_battery_mode_node_level_v1,SI-Drahi_10-d1-HET-ULO-BHI-72f1b1f90c,TK-PB-Drahi_10-d1-HET-ULO-d8d80a9180-r1,SS-354317d12b7f,13,4,lex_phase_4,OPTIMAL,FEASIBLE_POINT,141154.14644436596,141154.14644436596,0,798,798,1230,3407,24,0,24,120,24,1,0,0,NaN,0,NaN,0.0,1.000000000014552,
1,13,DETERMINISTIC_RH,LEXMMFSA,shared_battery_mode_node_level_v1,SI-Drahi_10-d1-HET-ULO-BHI-72f1b1f90c,TK-PB-Drahi_10-d1-HET-ULO-d8d80a9180-r1,SS-354317d12b7f,13,5,lex_phase_5,OPTIMAL,FEASIBLE_POINT,176446.12655545762,176446.12655545762,0,798,798,1231,3413,24,0,24,120,24,1,0,0,NaN,0,NaN,0.0,1.000000000014552,
1,13,DETERMINISTIC_RH,LEXMMFSA,shared_battery_mode_node_level_v1,SI-Drahi_10-d1-HET-ULO-BHI-72f1b1f90c,TK-PB-Drahi_10-d1-HET-ULO-d8d80a9180-r1,SS-354317d12b7f,13,6,economic_tie_break,OPTIMAL,FEASIBLE_POINT,666912.8823034386,666912.8823034386,0,798,798,1232,3419,24,0,24,120,24,1,0,0,NaN,0,NaN,0.0,1.000000000014552,
1,14,DETERMINISTIC_RH,LEXMMFSA,shared_battery_mode_node_level_v1,SI-Drahi_10-d1-HET-ULO-BHI-72f1b1f90c,TK-PB-Drahi_10-d1-HET-ULO-d8d80a9180-r1,SS-354317d12b7f,13,1,lex_phase_1,OPTIMAL,FEASIBLE_POINT,35285.59311109151,35285.59311109151,0,798,798,1227,3389,24,0,24,120,24,1,0,0,NaN,0,NaN,2.8421709430404007e-13,1.000000000014552,
1,14,DETERMINISTIC_RH,LEXMMFSA,shared_battery_mode_node_level_v1,SI-Drahi_10-d1-HET-ULO-BHI-72f1b1f90c,TK-PB-Drahi_10-d1-HET-ULO-d8d80a9180-r1,SS-354317d12b7f,13,2,lex_phase_2,OPTIMAL,FEASIBLE_POINT,70571.18622218302,70571.18622218302,0,798,798,1228,3395,24,0,24,120,24,1,0,0,NaN,0,NaN,2.8421709430404007e-13,1.000000000014552,
1,14,DETERMINISTIC_RH,LEXMMFSA,shared_battery_mode_node_level_v1,SI-Drahi_10-d1-HET-ULO-BHI-72f1b1f90c,TK-PB-Drahi_10-d1-HET-ULO-d8d80a9180-r1,SS-354317d12b7f,13,3,lex_phase_3,OPTIMAL,FEASIBLE_POINT,105862.16633327448,105862.16633327448,0,798,798,1229,3401,24,0,24,120,24,1,0,0,NaN,0,NaN,2.8421709430404007e-13,1.000000000014552,
1,14,DETERMINISTIC_RH,LEXMMFSA,shared_battery_mode_node_level_v1,SI-Drahi_10-d1-HET-ULO-BHI-72f1b1f90c,TK-PB-Drahi_10-d1-HET-ULO-d8d80a9180-r1,SS-354317d12b7f,13,4,lex_phase_4,OPTIMAL,FEASIBLE_POINT,141154.14644436596,141154.14644436596,0,798,798,1230,3407,24,0,24,120,24,1,0,0,NaN,0,NaN,2.8421709430404007e-13,1.000000000014552,
1,14,DETERMINISTIC_RH,LEXMMFSA,shared_battery_mode_node_level_v1,SI-Drahi_10-d1-HET-ULO-BHI-72f1b1f90c,TK-PB-Drahi_10-d1-HET-ULO-d8d80a9180-r1,SS-354317d12b7f,13,5,lex_phase_5,OPTIMAL,FEASIBLE_POINT,176446.12655545762,176446.12655545762,0,798,798,1231,3413,24,0,24,120,24,1,0,0,NaN,0,NaN,2.8421709430404007e-13,1.000000000014552,
1,14,DETERMINISTIC_RH,LEXMMFSA,shared_battery_mode_node_level_v1,SI-Drahi_10-d1-HET-ULO-BHI-72f1b1f90c,TK-PB-Drahi_10-d1-HET-ULO-d8d80a9180-r1,SS-354317d12b7f,13,6,economic_tie_break,OPTIMAL,FEASIBLE_POINT,666912.8823034386,666912.8823034386,0,798,798,1232,3419,24,0,24,120,24,1,0,0,NaN,0,NaN,2.8421709430404007e-13,1.000000000014552,
1,15,DETERMINISTIC_RH,LEXMMFSA,shared_battery_mode_node_level_v1,SI-Drahi_10-d1-HET-ULO-BHI-72f1b1f90c,TK-PB-Drahi_10-d1-HET-ULO-d8d80a9180-r1,SS-354317d12b7f,13,1,lex_phase_1,OPTIMAL,FEASIBLE_POINT,35285.59311109151,35285.59311109151,0,798,798,1227,3389,24,0,24,120,24,1,0,0,NaN,0,NaN,2.984279490192421e-13,1.000000000014552,
1,15,DETERMINISTIC_RH,LEXMMFSA,shared_battery_mode_node_level_v1,SI-Drahi_10-d1-HET-ULO-BHI-72f1b1f90c,TK-PB-Drahi_10-d1-HET-ULO-d8d80a9180-r1,SS-354317d12b7f,13,2,lex_phase_2,OPTIMAL,FEASIBLE_POINT,70571.18622218302,70571.18622218302,0,798,798,1228,3395,24,0,24,120,24,1,0,0,NaN,0,NaN,2.984279490192421e-13,1.000000000014552,
1,15,DETERMINISTIC_RH,LEXMMFSA,shared_battery_mode_node_level_v1,SI-Drahi_10-d1-HET-ULO-BHI-72f1b1f90c,TK-PB-Drahi_10-d1-HET-ULO-d8d80a9180-r1,SS-354317d12b7f,13,3,lex_phase_3,OPTIMAL,FEASIBLE_POINT,105862.16633327448,105862.16633327448,0,798,798,1229,3401,24,0,24,120,24,1,0,0,NaN,0,NaN,2.984279490192421e-13,1.000000000014552,
1,15,DETERMINISTIC_RH,LEXMMFSA,shared_battery_mode_node_level_v1,SI-Drahi_10-d1-HET-ULO-BHI-72f1b1f90c,TK-PB-Drahi_10-d1-HET-ULO-d8d80a9180-r1,SS-354317d12b7f,13,4,lex_phase_4,OPTIMAL,FEASIBLE_POINT,141154.14644436596,141154.14644436596,0,798,798,1230,3407,24,0,24,120,24,1,0,0,NaN,0,NaN,2.984279490192421e-13,1.000000000014552,
1,15,DETERMINISTIC_RH,LEXMMFSA,shared_battery_mode_node_level_v1,SI-Drahi_10-d1-HET-ULO-BHI-72f1b1f90c,TK-PB-Drahi_10-d1-HET-ULO-d8d80a9180-r1,SS-354317d12b7f,13,5,lex_phase_5,OPTIMAL,FEASIBLE_POINT,176446.12655545762,176446.12655545762,0,798,798,1231,3413,24,0,24,120,24,1,0,0,NaN,0,NaN,2.984279490192421e-13,1.000000000014552,
1,15,DETERMINISTIC_RH,LEXMMFSA,shared_battery_mode_node_level_v1,SI-Drahi_10-d1-HET-ULO-BHI-72f1b1f90c,TK-PB-Drahi_10-d1-HET-ULO-d8d80a9180-r1,SS-354317d12b7f,13,6,economic_tie_break,OPTIMAL,FEASIBLE_POINT,666912.8823034386,666912.8823034386,0,798,798,1232,3419,24,0,24,120,24,1,0,0,NaN,0,NaN,2.984279490192421e-13,1.000000000014552,
1,16,DETERMINISTIC_RH,LEXMMFSA,shared_battery_mode_node_level_v1,SI-Drahi_10-d1-HET-ULO-BHI-72f1b1f90c,TK-PB-Drahi_10-d1-HET-ULO-d8d80a9180-r1,SS-354317d12b7f,13,1,lex_phase_1,OPTIMAL,FEASIBLE_POINT,35285.59311109151,35285.59311109151,0,798,798,1227,3389,24,0,24,120,24,1,0,0,NaN,0,NaN,5.115907697472721e-13,1.000000000014552,
1,16,DETERMINISTIC_RH,LEXMMFSA,shared_battery_mode_node_level_v1,SI-Drahi_10-d1-HET-ULO-BHI-72f1b1f90c,TK-PB-Drahi_10-d1-HET-ULO-d8d80a9180-r1,SS-354317d12b7f,13,2,lex_phase_2,OPTIMAL,FEASIBLE_POINT,70571.18622218302,70571.18622218302,0,798,798,1228,3395,24,0,24,120,24,1,0,0,NaN,0,NaN,5.115907697472721e-13,1.000000000014552,
1,16,DETERMINISTIC_RH,LEXMMFSA,shared_battery_mode_node_level_v1,SI-Drahi_10-d1-HET-ULO-BHI-72f1b1f90c,TK-PB-Drahi_10-d1-HET-ULO-d8d80a9180-r1,SS-354317d12b7f,13,3,lex_phase_3,OPTIMAL,FEASIBLE_POINT,105862.16633327448,105862.16633327448,0,798,798,1229,3401,24,0,24,120,24,1,0,0,NaN,0,NaN,5.115907697472721e-13,1.000000000014552,
1,16,DETERMINISTIC_RH,LEXMMFSA,shared_battery_mode_node_level_v1,SI-Drahi_10-d1-HET-ULO-BHI-72f1b1f90c,TK-PB-Drahi_10-d1-HET-ULO-d8d80a9180-r1,SS-354317d12b7f,13,4,lex_phase_4,OPTIMAL,FEASIBLE_POINT,141154.14644436596,141154.14644436596,0,798,798,1230,3407,24,0,24,120,24,1,0,0,NaN,0,NaN,5.115907697472721e-13,1.000000000014552,
1,16,DETERMINISTIC_RH,LEXMMFSA,shared_battery_mode_node_level_v1,SI-Drahi_10-d1-HET-ULO-BHI-72f1b1f90c,TK-PB-Drahi_10-d1-HET-ULO-d8d80a9180-r1,SS-354317d12b7f,13,5,lex_phase_5,OPTIMAL,FEASIBLE_POINT,176446.12655545762,176446.12655545762,0,798,798,1231,3413,24,0,24,120,24,1,0,0,NaN,0,NaN,5.115907697472721e-13,1.000000000014552,
1,16,DETERMINISTIC_RH,LEXMMFSA,shared_battery_mode_node_level_v1,SI-Drahi_10-d1-HET-ULO-BHI-72f1b1f90c,TK-PB-Drahi_10-d1-HET-ULO-d8d80a9180-r1,SS-354317d12b7f,13,6,economic_tie_break,OPTIMAL,FEASIBLE_POINT,666912.8823034386,666912.8823034386,0,798,798,1232,3419,24,0,24,120,24,1,0,0,NaN,0,NaN,5.115907697472721e-13,1.000000000014552,
1,17,DETERMINISTIC_RH,LEXMMFSA,shared_battery_mode_node_level_v1,SI-Drahi_10-d1-HET-ULO-BHI-72f1b1f90c,TK-PB-Drahi_10-d1-HET-ULO-d8d80a9180-r1,SS-c81930d9c8ba,17,1,lex_phase_1,OPTIMAL,FEASIBLE_POINT,37119.77063210953,37119.77063210953,0,798,798,1227,3389,24,0,24,120,24,1,0,0,NaN,0,NaN,15.180026281208935,1.0000000000582077,
1,17,DETERMINISTIC_RH,LEXMMFSA,shared_battery_mode_node_level_v1,SI-Drahi_10-d1-HET-ULO-BHI-72f1b1f90c,TK-PB-Drahi_10-d1-HET-ULO-d8d80a9180-r1,SS-c81930d9c8ba,17,2,lex_phase_2,OPTIMAL,FEASIBLE_POINT,74239.54126421908,74239.54126421908,0,798,798,1228,3395,24,0,24,120,24,1,0,0,NaN,0,NaN,15.180026281208935,1.0000000000582077,
1,17,DETERMINISTIC_RH,LEXMMFSA,shared_battery_mode_node_level_v1,SI-Drahi_10-d1-HET-ULO-BHI-72f1b1f90c,TK-PB-Drahi_10-d1-HET-ULO-d8d80a9180-r1,SS-c81930d9c8ba,17,3,lex_phase_3,OPTIMAL,FEASIBLE_POINT,111364.61280449532,111364.61280449532,0,798,798,1229,3401,24,0,24,120,24,1,0,0,NaN,0,NaN,15.180026281208935,1.0000000000582077,
1,17,DETERMINISTIC_RH,LEXMMFSA,shared_battery_mode_node_level_v1,SI-Drahi_10-d1-HET-ULO-BHI-72f1b1f90c,TK-PB-Drahi_10-d1-HET-ULO-d8d80a9180-r1,SS-c81930d9c8ba,17,4,lex_phase_4,OPTIMAL,FEASIBLE_POINT,148490.6843447716,148490.6843447716,0,798,798,1230,3407,24,0,24,120,24,1,0,0,NaN,0,NaN,15.180026281208935,1.0000000000582077,
1,17,DETERMINISTIC_RH,LEXMMFSA,shared_battery_mode_node_level_v1,SI-Drahi_10-d1-HET-ULO-BHI-72f1b1f90c,TK-PB-Drahi_10-d1-HET-ULO-d8d80a9180-r1,SS-c81930d9c8ba,17,5,lex_phase_5,OPTIMAL,FEASIBLE_POINT,185616.79687525,185616.79687525,0,798,798,1231,3413,24,0,24,120,24,1,0,0,NaN,0,NaN,15.180026281208935,1.0000000000582077,
1,17,DETERMINISTIC_RH,LEXMMFSA,shared_battery_mode_node_level_v1,SI-Drahi_10-d1-HET-ULO-BHI-72f1b1f90c,TK-PB-Drahi_10-d1-HET-ULO-d8d80a9180-r1,SS-c81930d9c8ba,17,6,economic_tie_break,OPTIMAL,FEASIBLE_POINT,675335.6525975311,675335.6525975311,0,798,798,1232,3419,24,0,24,120,24,1,0,0,NaN,0,NaN,15.180026281208935,1.0000000000582077,
1,18,DETERMINISTIC_RH,LEXMMFSA,shared_battery_mode_node_level_v1,SI-Drahi_10-d1-HET-ULO-BHI-72f1b1f90c,TK-PB-Drahi_10-d1-HET-ULO-d8d80a9180-r1,SS-c81930d9c8ba,17,1,lex_phase_1,OPTIMAL,FEASIBLE_POINT,37119.77063210953,37119.77063210953,0,798,798,1227,3389,24,0,24,120,24,1,0,0,NaN,0,NaN,2.2737367544323206e-13,1.0000000000582077,
1,18,DETERMINISTIC_RH,LEXMMFSA,shared_battery_mode_node_level_v1,SI-Drahi_10-d1-HET-ULO-BHI-72f1b1f90c,TK-PB-Drahi_10-d1-HET-ULO-d8d80a9180-r1,SS-c81930d9c8ba,17,2,lex_phase_2,OPTIMAL,FEASIBLE_POINT,74239.54126421908,74239.54126421908,0,798,798,1228,3395,24,0,24,120,24,1,0,0,NaN,0,NaN,2.2737367544323206e-13,1.0000000000582077,
1,18,DETERMINISTIC_RH,LEXMMFSA,shared_battery_mode_node_level_v1,SI-Drahi_10-d1-HET-ULO-BHI-72f1b1f90c,TK-PB-Drahi_10-d1-HET-ULO-d8d80a9180-r1,SS-c81930d9c8ba,17,3,lex_phase_3,OPTIMAL,FEASIBLE_POINT,111364.61280449532,111364.61280449532,0,798,798,1229,3401,24,0,24,120,24,1,0,0,NaN,0,NaN,2.2737367544323206e-13,1.0000000000582077,
1,18,DETERMINISTIC_RH,LEXMMFSA,shared_battery_mode_node_level_v1,SI-Drahi_10-d1-HET-ULO-BHI-72f1b1f90c,TK-PB-Drahi_10-d1-HET-ULO-d8d80a9180-r1,SS-c81930d9c8ba,17,4,lex_phase_4,OPTIMAL,FEASIBLE_POINT,148490.6843447716,148490.6843447716,0,798,798,1230,3407,24,0,24,120,24,1,0,0,NaN,0,NaN,2.2737367544323206e-13,1.0000000000582077,
1,18,DETERMINISTIC_RH,LEXMMFSA,shared_battery_mode_node_level_v1,SI-Drahi_10-d1-HET-ULO-BHI-72f1b1f90c,TK-PB-Drahi_10-d1-HET-ULO-d8d80a9180-r1,SS-c81930d9c8ba,17,5,lex_phase_5,OPTIMAL,FEASIBLE_POINT,185616.79687525,185616.79687525,0,798,798,1231,3413,24,0,24,120,24,1,0,0,NaN,0,NaN,2.2737367544323206e-13,1.0000000000582077,
1,18,DETERMINISTIC_RH,LEXMMFSA,shared_battery_mode_node_level_v1,SI-Drahi_10-d1-HET-ULO-BHI-72f1b1f90c,TK-PB-Drahi_10-d1-HET-ULO-d8d80a9180-r1,SS-c81930d9c8ba,17,6,economic_tie_break,OPTIMAL,FEASIBLE_POINT,675335.6525975311,675335.6525975311,0,798,798,1232,3419,24,0,24,120,24,1,0,0,NaN,0,NaN,2.2737367544323206e-13,1.0000000000582077,
1,19,DETERMINISTIC_RH,LEXMMFSA,shared_battery_mode_node_level_v1,SI-Drahi_10-d1-HET-ULO-BHI-72f1b1f90c,TK-PB-Drahi_10-d1-HET-ULO-d8d80a9180-r1,SS-c81930d9c8ba,17,1,lex_phase_1,OPTIMAL,FEASIBLE_POINT,37119.77063210953,37119.77063210953,0,798,798,1227,3389,24,0,24,120,24,1,0,0,NaN,0,NaN,3.268496584496461e-13,1.0000000000582077,
1,19,DETERMINISTIC_RH,LEXMMFSA,shared_battery_mode_node_level_v1,SI-Drahi_10-d1-HET-ULO-BHI-72f1b1f90c,TK-PB-Drahi_10-d1-HET-ULO-d8d80a9180-r1,SS-c81930d9c8ba,17,2,lex_phase_2,OPTIMAL,FEASIBLE_POINT,74239.54126421908,74239.54126421908,0,798,798,1228,3395,24,0,24,120,24,1,0,0,NaN,0,NaN,3.268496584496461e-13,1.0000000000582077,
1,19,DETERMINISTIC_RH,LEXMMFSA,shared_battery_mode_node_level_v1,SI-Drahi_10-d1-HET-ULO-BHI-72f1b1f90c,TK-PB-Drahi_10-d1-HET-ULO-d8d80a9180-r1,SS-c81930d9c8ba,17,3,lex_phase_3,OPTIMAL,FEASIBLE_POINT,111364.61280449532,111364.61280449532,0,798,798,1229,3401,24,0,24,120,24,1,0,0,NaN,0,NaN,3.268496584496461e-13,1.0000000000582077,
1,19,DETERMINISTIC_RH,LEXMMFSA,shared_battery_mode_node_level_v1,SI-Drahi_10-d1-HET-ULO-BHI-72f1b1f90c,TK-PB-Drahi_10-d1-HET-ULO-d8d80a9180-r1,SS-c81930d9c8ba,17,4,lex_phase_4,OPTIMAL,FEASIBLE_POINT,148490.6843447716,148490.6843447716,0,798,798,1230,3407,24,0,24,120,24,1,0,0,NaN,0,NaN,3.268496584496461e-13,1.0000000000582077,
1,19,DETERMINISTIC_RH,LEXMMFSA,shared_battery_mode_node_level_v1,SI-Drahi_10-d1-HET-ULO-BHI-72f1b1f90c,TK-PB-Drahi_10-d1-HET-ULO-d8d80a9180-r1,SS-c81930d9c8ba,17,5,lex_phase_5,OPTIMAL,FEASIBLE_POINT,185616.79687525,185616.79687525,0,798,798,1231,3413,24,0,24,120,24,1,0,0,NaN,0,NaN,3.268496584496461e-13,1.0000000000582077,
1,19,DETERMINISTIC_RH,LEXMMFSA,shared_battery_mode_node_level_v1,SI-Drahi_10-d1-HET-ULO-BHI-72f1b1f90c,TK-PB-Drahi_10-d1-HET-ULO-d8d80a9180-r1,SS-c81930d9c8ba,17,6,economic_tie_break,OPTIMAL,FEASIBLE_POINT,675335.6525975311,675335.6525975311,0,798,798,1232,3419,24,0,24,120,24,1,0,0,NaN,0,NaN,3.268496584496461e-13,1.0000000000582077,
1,20,DETERMINISTIC_RH,LEXMMFSA,shared_battery_mode_node_level_v1,SI-Drahi_10-d1-HET-ULO-BHI-72f1b1f90c,TK-PB-Drahi_10-d1-HET-ULO-d8d80a9180-r1,SS-c81930d9c8ba,17,1,lex_phase_1,OPTIMAL,FEASIBLE_POINT,37119.77063210953,37119.77063210953,0,798,798,1227,3389,24,0,24,120,24,1,0,0,NaN,0,NaN,5.826450433232822e-13,1.0000000000582077,
1,20,DETERMINISTIC_RH,LEXMMFSA,shared_battery_mode_node_level_v1,SI-Drahi_10-d1-HET-ULO-BHI-72f1b1f90c,TK-PB-Drahi_10-d1-HET-ULO-d8d80a9180-r1,SS-c81930d9c8ba,17,2,lex_phase_2,OPTIMAL,FEASIBLE_POINT,74239.54126421908,74239.54126421908,0,798,798,1228,3395,24,0,24,120,24,1,0,0,NaN,0,NaN,5.826450433232822e-13,1.0000000000582077,
1,20,DETERMINISTIC_RH,LEXMMFSA,shared_battery_mode_node_level_v1,SI-Drahi_10-d1-HET-ULO-BHI-72f1b1f90c,TK-PB-Drahi_10-d1-HET-ULO-d8d80a9180-r1,SS-c81930d9c8ba,17,3,lex_phase_3,OPTIMAL,FEASIBLE_POINT,111364.61280449532,111364.61280449532,0,798,798,1229,3401,24,0,24,120,24,1,0,0,NaN,0,NaN,5.826450433232822e-13,1.0000000000582077,
1,20,DETERMINISTIC_RH,LEXMMFSA,shared_battery_mode_node_level_v1,SI-Drahi_10-d1-HET-ULO-BHI-72f1b1f90c,TK-PB-Drahi_10-d1-HET-ULO-d8d80a9180-r1,SS-c81930d9c8ba,17,4,lex_phase_4,OPTIMAL,FEASIBLE_POINT,148490.6843447716,148490.6843447716,0,798,798,1230,3407,24,0,24,120,24,1,0,0,NaN,0,NaN,5.826450433232822e-13,1.0000000000582077,
1,20,DETERMINISTIC_RH,LEXMMFSA,shared_battery_mode_node_level_v1,SI-Drahi_10-d1-HET-ULO-BHI-72f1b1f90c,TK-PB-Drahi_10-d1-HET-ULO-d8d80a9180-r1,SS-c81930d9c8ba,17,5,lex_phase_5,OPTIMAL,FEASIBLE_POINT,185616.79687525,185616.79687525,0,798,798,1231,3413,24,0,24,120,24,1,0,0,NaN,0,NaN,5.826450433232822e-13,1.0000000000582077,
1,20,DETERMINISTIC_RH,LEXMMFSA,shared_battery_mode_node_level_v1,SI-Drahi_10-d1-HET-ULO-BHI-72f1b1f90c,TK-PB-Drahi_10-d1-HET-ULO-d8d80a9180-r1,SS-c81930d9c8ba,17,6,economic_tie_break,OPTIMAL,FEASIBLE_POINT,675335.6525975311,675335.6525975311,0,798,798,1232,3419,24,0,24,120,24,1,0,0,NaN,0,NaN,5.826450433232822e-13,1.0000000000582077,
1,21,DETERMINISTIC_RH,LEXMMFSA,shared_battery_mode_node_level_v1,SI-Drahi_10-d1-HET-ULO-BHI-72f1b1f90c,TK-PB-Drahi_10-d1-HET-ULO-d8d80a9180-r1,SS-3cf9bda45ea4,21,1,lex_phase_1,OPTIMAL,FEASIBLE_POINT,50050.89578227692,50050.89578227692,0,798,798,1227,3389,24,0,24,120,24,1,0,0,NaN,0,NaN,0.0,0.9999999999781721,
1,21,DETERMINISTIC_RH,LEXMMFSA,shared_battery_mode_node_level_v1,SI-Drahi_10-d1-HET-ULO-BHI-72f1b1f90c,TK-PB-Drahi_10-d1-HET-ULO-d8d80a9180-r1,SS-3cf9bda45ea4,21,2,lex_phase_2,OPTIMAL,FEASIBLE_POINT,100101.79156455385,100101.79156455385,0,798,798,1228,3395,24,0,24,120,24,1,0,0,NaN,0,NaN,0.0,0.9999999999781721,
1,21,DETERMINISTIC_RH,LEXMMFSA,shared_battery_mode_node_level_v1,SI-Drahi_10-d1-HET-ULO-BHI-72f1b1f90c,TK-PB-Drahi_10-d1-HET-ULO-d8d80a9180-r1,SS-3cf9bda45ea4,21,3,lex_phase_3,OPTIMAL,FEASIBLE_POINT,150152.68734683076,150152.68734683076,0,798,798,1229,3401,24,0,24,120,24,1,0,0,NaN,0,NaN,0.0,0.9999999999781721,
1,21,DETERMINISTIC_RH,LEXMMFSA,shared_battery_mode_node_level_v1,SI-Drahi_10-d1-HET-ULO-BHI-72f1b1f90c,TK-PB-Drahi_10-d1-HET-ULO-d8d80a9180-r1,SS-3cf9bda45ea4,21,4,lex_phase_4,OPTIMAL,FEASIBLE_POINT,200203.78687274383,200203.78687274383,0,798,798,1230,3407,24,0,24,120,24,1,0,0,NaN,0,NaN,0.0,0.9999999999781721,
1,21,DETERMINISTIC_RH,LEXMMFSA,shared_battery_mode_node_level_v1,SI-Drahi_10-d1-HET-ULO-BHI-72f1b1f90c,TK-PB-Drahi_10-d1-HET-ULO-d8d80a9180-r1,SS-3cf9bda45ea4,21,5,lex_phase_5,OPTIMAL,FEASIBLE_POINT,250269.0128524155,250269.0128524155,0,798,798,1231,3413,24,0,24,120,24,1,0,0,NaN,0,NaN,0.0,0.9999999999781721,
1,21,DETERMINISTIC_RH,LEXMMFSA,shared_battery_mode_node_level_v1,SI-Drahi_10-d1-HET-ULO-BHI-72f1b1f90c,TK-PB-Drahi_10-d1-HET-ULO-d8d80a9180-r1,SS-3cf9bda45ea4,21,6,economic_tie_break,OPTIMAL,FEASIBLE_POINT,628950.57149987,628950.57149987,0,798,798,1232,3419,24,0,24,120,24,1,0,0,NaN,0,NaN,0.0,0.9999999999781721,
1,22,DETERMINISTIC_RH,LEXMMFSA,shared_battery_mode_node_level_v1,SI-Drahi_10-d1-HET-ULO-BHI-72f1b1f90c,TK-PB-Drahi_10-d1-HET-ULO-d8d80a9180-r1,SS-3cf9bda45ea4,21,1,lex_phase_1,OPTIMAL,FEASIBLE_POINT,50050.89578227692,50050.89578227692,0,798,798,1227,3389,24,0,24,120,24,1,0,0,NaN,0,NaN,2.9429649722349183,0.9999999999781721,
1,22,DETERMINISTIC_RH,LEXMMFSA,shared_battery_mode_node_level_v1,SI-Drahi_10-d1-HET-ULO-BHI-72f1b1f90c,TK-PB-Drahi_10-d1-HET-ULO-d8d80a9180-r1,SS-3cf9bda45ea4,21,2,lex_phase_2,OPTIMAL,FEASIBLE_POINT,100101.79156455385,100101.79156455385,0,798,798,1228,3395,24,0,24,120,24,1,0,0,NaN,0,NaN,2.9429649722349183,0.9999999999781721,
1,22,DETERMINISTIC_RH,LEXMMFSA,shared_battery_mode_node_level_v1,SI-Drahi_10-d1-HET-ULO-BHI-72f1b1f90c,TK-PB-Drahi_10-d1-HET-ULO-d8d80a9180-r1,SS-3cf9bda45ea4,21,3,lex_phase_3,OPTIMAL,FEASIBLE_POINT,150152.68734683076,150152.68734683076,0,798,798,1229,3401,24,0,24,120,24,1,0,0,NaN,0,NaN,2.9429649722349183,0.9999999999781721,
1,22,DETERMINISTIC_RH,LEXMMFSA,shared_battery_mode_node_level_v1,SI-Drahi_10-d1-HET-ULO-BHI-72f1b1f90c,TK-PB-Drahi_10-d1-HET-ULO-d8d80a9180-r1,SS-3cf9bda45ea4,21,4,lex_phase_4,OPTIMAL,FEASIBLE_POINT,200203.78687274383,200203.78687274383,0,798,798,1230,3407,24,0,24,120,24,1,0,0,NaN,0,NaN,2.9429649722349183,0.9999999999781721,
1,22,DETERMINISTIC_RH,LEXMMFSA,shared_battery_mode_node_level_v1,SI-Drahi_10-d1-HET-ULO-BHI-72f1b1f90c,TK-PB-Drahi_10-d1-HET-ULO-d8d80a9180-r1,SS-3cf9bda45ea4,21,5,lex_phase_5,OPTIMAL,FEASIBLE_POINT,250269.0128524155,250269.0128524155,0,798,798,1231,3413,24,0,24,120,24,1,0,0,NaN,0,NaN,2.9429649722349183,0.9999999999781721,
1,22,DETERMINISTIC_RH,LEXMMFSA,shared_battery_mode_node_level_v1,SI-Drahi_10-d1-HET-ULO-BHI-72f1b1f90c,TK-PB-Drahi_10-d1-HET-ULO-d8d80a9180-r1,SS-3cf9bda45ea4,21,6,economic_tie_break,OPTIMAL,FEASIBLE_POINT,628950.57149987,628950.57149987,0,798,798,1232,3419,24,0,24,120,24,1,0,0,NaN,0,NaN,2.9429649722349183,0.9999999999781721,
1,23,DETERMINISTIC_RH,LEXMMFSA,shared_battery_mode_node_level_v1,SI-Drahi_10-d1-HET-ULO-BHI-72f1b1f90c,TK-PB-Drahi_10-d1-HET-ULO-d8d80a9180-r1,SS-3cf9bda45ea4,21,1,lex_phase_1,OPTIMAL,FEASIBLE_POINT,50050.89578227692,50050.89578227692,0,798,798,1227,3389,24,0,24,120,24,1,0,0,NaN,0,NaN,4.973799150320701e-13,0.9999999999781721,
1,23,DETERMINISTIC_RH,LEXMMFSA,shared_battery_mode_node_level_v1,SI-Drahi_10-d1-HET-ULO-BHI-72f1b1f90c,TK-PB-Drahi_10-d1-HET-ULO-d8d80a9180-r1,SS-3cf9bda45ea4,21,2,lex_phase_2,OPTIMAL,FEASIBLE_POINT,100101.79156455385,100101.79156455385,0,798,798,1228,3395,24,0,24,120,24,1,0,0,NaN,0,NaN,4.973799150320701e-13,0.9999999999781721,
1,23,DETERMINISTIC_RH,LEXMMFSA,shared_battery_mode_node_level_v1,SI-Drahi_10-d1-HET-ULO-BHI-72f1b1f90c,TK-PB-Drahi_10-d1-HET-ULO-d8d80a9180-r1,SS-3cf9bda45ea4,21,3,lex_phase_3,OPTIMAL,FEASIBLE_POINT,150152.68734683076,150152.68734683076,0,798,798,1229,3401,24,0,24,120,24,1,0,0,NaN,0,NaN,4.973799150320701e-13,0.9999999999781721,
1,23,DETERMINISTIC_RH,LEXMMFSA,shared_battery_mode_node_level_v1,SI-Drahi_10-d1-HET-ULO-BHI-72f1b1f90c,TK-PB-Drahi_10-d1-HET-ULO-d8d80a9180-r1,SS-3cf9bda45ea4,21,4,lex_phase_4,OPTIMAL,FEASIBLE_POINT,200203.78687274383,200203.78687274383,0,798,798,1230,3407,24,0,24,120,24,1,0,0,NaN,0,NaN,4.973799150320701e-13,0.9999999999781721,
1,23,DETERMINISTIC_RH,LEXMMFSA,shared_battery_mode_node_level_v1,SI-Drahi_10-d1-HET-ULO-BHI-72f1b1f90c,TK-PB-Drahi_10-d1-HET-ULO-d8d80a9180-r1,SS-3cf9bda45ea4,21,5,lex_phase_5,OPTIMAL,FEASIBLE_POINT,250269.0128524155,250269.0128524155,0,798,798,1231,3413,24,0,24,120,24,1,0,0,NaN,0,NaN,4.973799150320701e-13,0.9999999999781721,
1,23,DETERMINISTIC_RH,LEXMMFSA,shared_battery_mode_node_level_v1,SI-Drahi_10-d1-HET-ULO-BHI-72f1b1f90c,TK-PB-Drahi_10-d1-HET-ULO-d8d80a9180-r1,SS-3cf9bda45ea4,21,6,economic_tie_break,OPTIMAL,FEASIBLE_POINT,628950.57149987,628950.57149987,0,798,798,1232,3419,24,0,24,120,24,1,0,0,NaN,0,NaN,4.973799150320701e-13,0.9999999999781721,
1,24,DETERMINISTIC_RH,LEXMMFSA,shared_battery_mode_node_level_v1,SI-Drahi_10-d1-HET-ULO-BHI-72f1b1f90c,TK-PB-Drahi_10-d1-HET-ULO-d8d80a9180-r1,SS-3cf9bda45ea4,21,1,lex_phase_1,OPTIMAL,FEASIBLE_POINT,50050.89578227692,50050.89578227692,0,798,798,1227,3389,24,0,24,120,24,1,0,0,NaN,0,NaN,3.410605131648481e-13,0.9999999999781721,
1,24,DETERMINISTIC_RH,LEXMMFSA,shared_battery_mode_node_level_v1,SI-Drahi_10-d1-HET-ULO-BHI-72f1b1f90c,TK-PB-Drahi_10-d1-HET-ULO-d8d80a9180-r1,SS-3cf9bda45ea4,21,2,lex_phase_2,OPTIMAL,FEASIBLE_POINT,100101.79156455385,100101.79156455385,0,798,798,1228,3395,24,0,24,120,24,1,0,0,NaN,0,NaN,3.410605131648481e-13,0.9999999999781721,
1,24,DETERMINISTIC_RH,LEXMMFSA,shared_battery_mode_node_level_v1,SI-Drahi_10-d1-HET-ULO-BHI-72f1b1f90c,TK-PB-Drahi_10-d1-HET-ULO-d8d80a9180-r1,SS-3cf9bda45ea4,21,3,lex_phase_3,OPTIMAL,FEASIBLE_POINT,150152.68734683076,150152.68734683076,0,798,798,1229,3401,24,0,24,120,24,1,0,0,NaN,0,NaN,3.410605131648481e-13,0.9999999999781721,
1,24,DETERMINISTIC_RH,LEXMMFSA,shared_battery_mode_node_level_v1,SI-Drahi_10-d1-HET-ULO-BHI-72f1b1f90c,TK-PB-Drahi_10-d1-HET-ULO-d8d80a9180-r1,SS-3cf9bda45ea4,21,4,lex_phase_4,OPTIMAL,FEASIBLE_POINT,200203.78687274383,200203.78687274383,0,798,798,1230,3407,24,0,24,120,24,1,0,0,NaN,0,NaN,3.410605131648481e-13,0.9999999999781721,
1,24,DETERMINISTIC_RH,LEXMMFSA,shared_battery_mode_node_level_v1,SI-Drahi_10-d1-HET-ULO-BHI-72f1b1f90c,TK-PB-Drahi_10-d1-HET-ULO-d8d80a9180-r1,SS-3cf9bda45ea4,21,5,lex_phase_5,OPTIMAL,FEASIBLE_POINT,250269.0128524155,250269.0128524155,0,798,798,1231,3413,24,0,24,120,24,1,0,0,NaN,0,NaN,3.410605131648481e-13,0.9999999999781721,
1,24,DETERMINISTIC_RH,LEXMMFSA,shared_battery_mode_node_level_v1,SI-Drahi_10-d1-HET-ULO-BHI-72f1b1f90c,TK-PB-Drahi_10-d1-HET-ULO-d8d80a9180-r1,SS-3cf9bda45ea4,21,6,economic_tie_break,OPTIMAL,FEASIBLE_POINT,628950.57149987,628950.57149987,0,798,798,1232,3419,24,0,24,120,24,1,0,0,NaN,0,NaN,3.410605131648481e-13,0.9999999999781721,
1,1,DETERMINISTIC_RH,NONE,shared_battery_mode_node_level_v1,SI-Drahi_10-d1-HET-ULO-BHI-72f1b1f90c,TK-PB-Drahi_10-d1-HET-ULO-d8d80a9180-r1,SS-5d5bbea46d20,1,0,single_solve,OPTIMAL,FEASIBLE_POINT,562264.9948216607,562264.9948216607,0,768,768,1177,1539,24,0,24,120,24,1,0,0,NaN,0,NaN,0.0,0.0,
1,2,DETERMINISTIC_RH,NONE,shared_battery_mode_node_level_v1,SI-Drahi_10-d1-HET-ULO-BHI-72f1b1f90c,TK-PB-Drahi_10-d1-HET-ULO-d8d80a9180-r1,SS-5d5bbea46d20,1,0,single_solve,OPTIMAL,FEASIBLE_POINT,562264.9948216607,562264.9948216607,0,768,768,1177,1539,24,0,24,120,24,1,0,0,NaN,0,NaN,3.126388037344441e-13,0.0,
1,3,DETERMINISTIC_RH,NONE,shared_battery_mode_node_level_v1,SI-Drahi_10-d1-HET-ULO-BHI-72f1b1f90c,TK-PB-Drahi_10-d1-HET-ULO-d8d80a9180-r1,SS-5d5bbea46d20,1,0,single_solve,OPTIMAL,FEASIBLE_POINT,562264.9948216607,562264.9948216607,0,768,768,1177,1539,24,0,24,120,24,1,0,0,NaN,0,NaN,3.268496584496461e-13,0.0,
1,4,DETERMINISTIC_RH,NONE,shared_battery_mode_node_level_v1,SI-Drahi_10-d1-HET-ULO-BHI-72f1b1f90c,TK-PB-Drahi_10-d1-HET-ULO-d8d80a9180-r1,SS-5d5bbea46d20,1,0,single_solve,OPTIMAL,FEASIBLE_POINT,562264.9948216607,562264.9948216607,0,768,768,1177,1539,24,0,24,120,24,1,0,0,NaN,0,NaN,6.821210263296962e-13,0.0,
1,5,DETERMINISTIC_RH,NONE,shared_battery_mode_node_level_v1,SI-Drahi_10-d1-HET-ULO-BHI-72f1b1f90c,TK-PB-Drahi_10-d1-HET-ULO-d8d80a9180-r1,SS-102adc95e052,5,0,single_solve,OPTIMAL,FEASIBLE_POINT,552146.2389424613,552146.2389424613,0,768,768,1177,1539,24,0,24,120,24,1,0,0,NaN,0,NaN,0.0,0.0,
1,6,DETERMINISTIC_RH,NONE,shared_battery_mode_node_level_v1,SI-Drahi_10-d1-HET-ULO-BHI-72f1b1f90c,TK-PB-Drahi_10-d1-HET-ULO-d8d80a9180-r1,SS-102adc95e052,5,0,single_solve,OPTIMAL,FEASIBLE_POINT,552146.2389424613,552146.2389424613,0,768,768,1177,1539,24,0,24,120,24,1,0,0,NaN,0,NaN,4.831690603168681e-13,0.0,
1,7,DETERMINISTIC_RH,NONE,shared_battery_mode_node_level_v1,SI-Drahi_10-d1-HET-ULO-BHI-72f1b1f90c,TK-PB-Drahi_10-d1-HET-ULO-d8d80a9180-r1,SS-102adc95e052,5,0,single_solve,OPTIMAL,FEASIBLE_POINT,552146.2389424613,552146.2389424613,0,768,768,1177,1539,24,0,24,120,24,1,0,0,NaN,0,NaN,5.968558980384842e-13,0.0,
1,8,DETERMINISTIC_RH,NONE,shared_battery_mode_node_level_v1,SI-Drahi_10-d1-HET-ULO-BHI-72f1b1f90c,TK-PB-Drahi_10-d1-HET-ULO-d8d80a9180-r1,SS-102adc95e052,5,0,single_solve,OPTIMAL,FEASIBLE_POINT,552146.2389424613,552146.2389424613,0,768,768,1177,1539,24,0,24,120,24,1,0,0,NaN,0,NaN,4.973799150320701e-13,0.0,
1,9,DETERMINISTIC_RH,NONE,shared_battery_mode_node_level_v1,SI-Drahi_10-d1-HET-ULO-BHI-72f1b1f90c,TK-PB-Drahi_10-d1-HET-ULO-d8d80a9180-r1,SS-19da242d4543,9,0,single_solve,OPTIMAL,FEASIBLE_POINT,543498.0692642182,543498.0692642182,0,768,768,1177,1539,24,0,24,120,24,1,0,0,NaN,0,NaN,0.0,0.0,
1,10,DETERMINISTIC_RH,NONE,shared_battery_mode_node_level_v1,SI-Drahi_10-d1-HET-ULO-BHI-72f1b1f90c,TK-PB-Drahi_10-d1-HET-ULO-d8d80a9180-r1,SS-19da242d4543,9,0,single_solve,OPTIMAL,FEASIBLE_POINT,543498.0692642182,543498.0692642182,0,768,768,1177,1539,24,0,24,120,24,1,0,0,NaN,0,NaN,4.547473508864641e-13,0.0,
1,11,DETERMINISTIC_RH,NONE,shared_battery_mode_node_level_v1,SI-Drahi_10-d1-HET-ULO-BHI-72f1b1f90c,TK-PB-Drahi_10-d1-HET-ULO-d8d80a9180-r1,SS-19da242d4543,9,0,single_solve,OPTIMAL,FEASIBLE_POINT,543498.0692642182,543498.0692642182,0,768,768,1177,1539,24,0,24,120,24,1,0,0,NaN,0,NaN,5.400124791776761e-13,0.0,
1,12,DETERMINISTIC_RH,NONE,shared_battery_mode_node_level_v1,SI-Drahi_10-d1-HET-ULO-BHI-72f1b1f90c,TK-PB-Drahi_10-d1-HET-ULO-d8d80a9180-r1,SS-19da242d4543,9,0,single_solve,OPTIMAL,FEASIBLE_POINT,543498.0692642182,543498.0692642182,0,768,768,1177,1539,24,0,24,120,24,1,0,0,NaN,0,NaN,5.542233338928781e-13,0.0,
1,13,DETERMINISTIC_RH,NONE,shared_battery_mode_node_level_v1,SI-Drahi_10-d1-HET-ULO-BHI-72f1b1f90c,TK-PB-Drahi_10-d1-HET-ULO-d8d80a9180-r1,SS-354317d12b7f,13,0,single_solve,OPTIMAL,FEASIBLE_POINT,536885.847503915,536885.847503915,0,768,768,1177,1539,24,0,24,120,24,1,0,0,NaN,0,NaN,0.0,0.0,
1,14,DETERMINISTIC_RH,NONE,shared_battery_mode_node_level_v1,SI-Drahi_10-d1-HET-ULO-BHI-72f1b1f90c,TK-PB-Drahi_10-d1-HET-ULO-d8d80a9180-r1,SS-354317d12b7f,13,0,single_solve,OPTIMAL,FEASIBLE_POINT,536885.847503915,536885.847503915,0,768,768,1177,1539,24,0,24,120,24,1,0,0,NaN,0,NaN,2.8421709430404007e-13,0.0,
1,15,DETERMINISTIC_RH,NONE,shared_battery_mode_node_level_v1,SI-Drahi_10-d1-HET-ULO-BHI-72f1b1f90c,TK-PB-Drahi_10-d1-HET-ULO-d8d80a9180-r1,SS-354317d12b7f,13,0,single_solve,OPTIMAL,FEASIBLE_POINT,536885.847503915,536885.847503915,0,768,768,1177,1539,24,0,24,120,24,1,0,0,NaN,0,NaN,2.984279490192421e-13,0.0,
1,16,DETERMINISTIC_RH,NONE,shared_battery_mode_node_level_v1,SI-Drahi_10-d1-HET-ULO-BHI-72f1b1f90c,TK-PB-Drahi_10-d1-HET-ULO-d8d80a9180-r1,SS-354317d12b7f,13,0,single_solve,OPTIMAL,FEASIBLE_POINT,536885.847503915,536885.847503915,0,768,768,1177,1539,24,0,24,120,24,1,0,0,NaN,0,NaN,5.115907697472721e-13,0.0,
1,17,DETERMINISTIC_RH,NONE,shared_battery_mode_node_level_v1,SI-Drahi_10-d1-HET-ULO-BHI-72f1b1f90c,TK-PB-Drahi_10-d1-HET-ULO-d8d80a9180-r1,SS-c81930d9c8ba,17,0,single_solve,OPTIMAL,FEASIBLE_POINT,534612.0063040319,534612.0063040319,0,768,768,1177,1539,24,0,24,120,24,1,0,0,NaN,0,NaN,0.0,0.0,
1,18,DETERMINISTIC_RH,NONE,shared_battery_mode_node_level_v1,SI-Drahi_10-d1-HET-ULO-BHI-72f1b1f90c,TK-PB-Drahi_10-d1-HET-ULO-d8d80a9180-r1,SS-c81930d9c8ba,17,0,single_solve,OPTIMAL,FEASIBLE_POINT,534612.0063040319,534612.0063040319,0,768,768,1177,1539,24,0,24,120,24,1,0,0,NaN,0,NaN,2.2737367544323206e-13,0.0,
1,19,DETERMINISTIC_RH,NONE,shared_battery_mode_node_level_v1,SI-Drahi_10-d1-HET-ULO-BHI-72f1b1f90c,TK-PB-Drahi_10-d1-HET-ULO-d8d80a9180-r1,SS-c81930d9c8ba,17,0,single_solve,OPTIMAL,FEASIBLE_POINT,534612.0063040319,534612.0063040319,0,768,768,1177,1539,24,0,24,120,24,1,0,0,NaN,0,NaN,3.268496584496461e-13,0.0,
1,20,DETERMINISTIC_RH,NONE,shared_battery_mode_node_level_v1,SI-Drahi_10-d1-HET-ULO-BHI-72f1b1f90c,TK-PB-Drahi_10-d1-HET-ULO-d8d80a9180-r1,SS-c81930d9c8ba,17,0,single_solve,OPTIMAL,FEASIBLE_POINT,534612.0063040319,534612.0063040319,0,768,768,1177,1539,24,0,24,120,24,1,0,0,NaN,0,NaN,5.826450433232822e-13,0.0,
1,21,DETERMINISTIC_RH,NONE,shared_battery_mode_node_level_v1,SI-Drahi_10-d1-HET-ULO-BHI-72f1b1f90c,TK-PB-Drahi_10-d1-HET-ULO-d8d80a9180-r1,SS-3cf9bda45ea4,21,0,single_solve,OPTIMAL,FEASIBLE_POINT,539744.4108251791,539744.4108251791,0,768,768,1177,1539,24,0,24,120,24,1,0,0,NaN,0,NaN,0.0,0.0,
1,22,DETERMINISTIC_RH,NONE,shared_battery_mode_node_level_v1,SI-Drahi_10-d1-HET-ULO-BHI-72f1b1f90c,TK-PB-Drahi_10-d1-HET-ULO-d8d80a9180-r1,SS-3cf9bda45ea4,21,0,single_solve,OPTIMAL,FEASIBLE_POINT,539744.4108251791,539744.4108251791,0,768,768,1177,1539,24,0,24,120,24,1,0,0,NaN,0,NaN,4.831690603168681e-13,0.0,
1,23,DETERMINISTIC_RH,NONE,shared_battery_mode_node_level_v1,SI-Drahi_10-d1-HET-ULO-BHI-72f1b1f90c,TK-PB-Drahi_10-d1-HET-ULO-d8d80a9180-r1,SS-3cf9bda45ea4,21,0,single_solve,OPTIMAL,FEASIBLE_POINT,539744.4108251791,539744.4108251791,0,768,768,1177,1539,24,0,24,120,24,1,0,0,NaN,0,NaN,4.973799150320701e-13,0.0,
1,24,DETERMINISTIC_RH,NONE,shared_battery_mode_node_level_v1,SI-Drahi_10-d1-HET-ULO-BHI-72f1b1f90c,TK-PB-Drahi_10-d1-HET-ULO-d8d80a9180-r1,SS-3cf9bda45ea4,21,0,single_solve,OPTIMAL,FEASIBLE_POINT,539744.4108251791,539744.4108251791,0,768,768,1177,1539,24,0,24,120,24,1,0,0,NaN,0,NaN,3.410605131648481e-13,0.0,
1,1,DETERMINISTIC_RH,PEA,shared_battery_mode_node_level_v1,SI-Drahi_10-d1-HET-ULO-BHI-72f1b1f90c,TK-PB-Drahi_10-d1-HET-ULO-d8d80a9180-r1,SS-5d5bbea46d20,1,0,single_solve,OPTIMAL,FEASIBLE_POINT,639301.2496911046,639301.2496911046,0,768,768,1182,1659,24,0,24,120,24,1,0,0,NaN,0,NaN,1.4210854715202004e-14,8.526512829121202e-14,
1,2,DETERMINISTIC_RH,PEA,shared_battery_mode_node_level_v1,SI-Drahi_10-d1-HET-ULO-BHI-72f1b1f90c,TK-PB-Drahi_10-d1-HET-ULO-d8d80a9180-r1,SS-5d5bbea46d20,1,0,single_solve,OPTIMAL,FEASIBLE_POINT,639301.2496911046,639301.2496911046,0,768,768,1182,1659,24,0,24,120,24,1,0,0,NaN,0,NaN,3.126388037344441e-13,8.526512829121202e-14,
1,3,DETERMINISTIC_RH,PEA,shared_battery_mode_node_level_v1,SI-Drahi_10-d1-HET-ULO-BHI-72f1b1f90c,TK-PB-Drahi_10-d1-HET-ULO-d8d80a9180-r1,SS-5d5bbea46d20,1,0,single_solve,OPTIMAL,FEASIBLE_POINT,639301.2496911046,639301.2496911046,0,768,768,1182,1659,24,0,24,120,24,1,0,0,NaN,0,NaN,3.410605131648481e-13,8.526512829121202e-14,
1,4,DETERMINISTIC_RH,PEA,shared_battery_mode_node_level_v1,SI-Drahi_10-d1-HET-ULO-BHI-72f1b1f90c,TK-PB-Drahi_10-d1-HET-ULO-d8d80a9180-r1,SS-5d5bbea46d20,1,0,single_solve,OPTIMAL,FEASIBLE_POINT,639301.2496911046,639301.2496911046,0,768,768,1182,1659,24,0,24,120,24,1,0,0,NaN,0,NaN,6.821210263296962e-13,8.526512829121202e-14,
1,5,DETERMINISTIC_RH,PEA,shared_battery_mode_node_level_v1,SI-Drahi_10-d1-HET-ULO-BHI-72f1b1f90c,TK-PB-Drahi_10-d1-HET-ULO-d8d80a9180-r1,SS-102adc95e052,5,0,single_solve,OPTIMAL,FEASIBLE_POINT,632328.3655245235,632328.3655245235,0,768,768,1182,1659,24,0,24,120,24,1,0,0,NaN,0,NaN,0.0,3.410605131648481e-13,
1,6,DETERMINISTIC_RH,PEA,shared_battery_mode_node_level_v1,SI-Drahi_10-d1-HET-ULO-BHI-72f1b1f90c,TK-PB-Drahi_10-d1-HET-ULO-d8d80a9180-r1,SS-102adc95e052,5,0,single_solve,OPTIMAL,FEASIBLE_POINT,632328.3655245235,632328.3655245235,0,768,768,1182,1659,24,0,24,120,24,1,0,0,NaN,0,NaN,4.831690603168681e-13,3.410605131648481e-13,
1,7,DETERMINISTIC_RH,PEA,shared_battery_mode_node_level_v1,SI-Drahi_10-d1-HET-ULO-BHI-72f1b1f90c,TK-PB-Drahi_10-d1-HET-ULO-d8d80a9180-r1,SS-102adc95e052,5,0,single_solve,OPTIMAL,FEASIBLE_POINT,632328.3655245235,632328.3655245235,0,768,768,1182,1659,24,0,24,120,24,1,0,0,NaN,0,NaN,0.19500000000000006,3.410605131648481e-13,
1,8,DETERMINISTIC_RH,PEA,shared_battery_mode_node_level_v1,SI-Drahi_10-d1-HET-ULO-BHI-72f1b1f90c,TK-PB-Drahi_10-d1-HET-ULO-d8d80a9180-r1,SS-102adc95e052,5,0,single_solve,OPTIMAL,FEASIBLE_POINT,632328.3655245235,632328.3655245235,0,768,768,1182,1659,24,0,24,120,24,1,0,0,NaN,0,NaN,4.973799150320701e-13,3.410605131648481e-13,
1,9,DETERMINISTIC_RH,PEA,shared_battery_mode_node_level_v1,SI-Drahi_10-d1-HET-ULO-BHI-72f1b1f90c,TK-PB-Drahi_10-d1-HET-ULO-d8d80a9180-r1,SS-19da242d4543,9,0,single_solve,OPTIMAL,FEASIBLE_POINT,647022.6138055112,647022.6138055112,0,768,768,1182,1659,24,0,24,120,24,1,0,0,NaN,0,NaN,0.0,5.684341886080802e-14,
1,10,DETERMINISTIC_RH,PEA,shared_battery_mode_node_level_v1,SI-Drahi_10-d1-HET-ULO-BHI-72f1b1f90c,TK-PB-Drahi_10-d1-HET-ULO-d8d80a9180-r1,SS-19da242d4543,9,0,single_solve,OPTIMAL,FEASIBLE_POINT,647022.6138055112,647022.6138055112,0,768,768,1182,1659,24,0,24,120,24,1,0,0,NaN,0,NaN,4.547473508864641e-13,5.684341886080802e-14,
1,11,DETERMINISTIC_RH,PEA,shared_battery_mode_node_level_v1,SI-Drahi_10-d1-HET-ULO-BHI-72f1b1f90c,TK-PB-Drahi_10-d1-HET-ULO-d8d80a9180-r1,SS-19da242d4543,9,0,single_solve,OPTIMAL,FEASIBLE_POINT,647022.6138055112,647022.6138055112,0,768,768,1182,1659,24,0,24,120,24,1,0,0,NaN,0,NaN,16.0,5.684341886080802e-14,
1,12,DETERMINISTIC_RH,PEA,shared_battery_mode_node_level_v1,SI-Drahi_10-d1-HET-ULO-BHI-72f1b1f90c,TK-PB-Drahi_10-d1-HET-ULO-d8d80a9180-r1,SS-19da242d4543,9,0,single_solve,OPTIMAL,FEASIBLE_POINT,647022.6138055112,647022.6138055112,0,768,768,1182,1659,24,0,24,120,24,1,0,0,NaN,0,NaN,5.542233338928781e-13,5.684341886080802e-14,
1,13,DETERMINISTIC_RH,PEA,shared_battery_mode_node_level_v1,SI-Drahi_10-d1-HET-ULO-BHI-72f1b1f90c,TK-PB-Drahi_10-d1-HET-ULO-d8d80a9180-r1,SS-354317d12b7f,13,0,single_solve,OPTIMAL,FEASIBLE_POINT,609777.705729735,609777.705729735,0,768,768,1182,1659,24,0,24,120,24,1,0,0,NaN,0,NaN,5.37713534822602,1.1368683772161603e-13,
1,14,DETERMINISTIC_RH,PEA,shared_battery_mode_node_level_v1,SI-Drahi_10-d1-HET-ULO-BHI-72f1b1f90c,TK-PB-Drahi_10-d1-HET-ULO-d8d80a9180-r1,SS-354317d12b7f,13,0,single_solve,OPTIMAL,FEASIBLE_POINT,609777.705729735,609777.705729735,0,768,768,1182,1659,24,0,24,120,24,1,0,0,NaN,0,NaN,2.8421709430404007e-13,1.1368683772161603e-13,
1,15,DETERMINISTIC_RH,PEA,shared_battery_mode_node_level_v1,SI-Drahi_10-d1-HET-ULO-BHI-72f1b1f90c,TK-PB-Drahi_10-d1-HET-ULO-d8d80a9180-r1,SS-354317d12b7f,13,0,single_solve,OPTIMAL,FEASIBLE_POINT,609777.705729735,609777.705729735,0,768,768,1182,1659,24,0,24,120,24,1,0,0,NaN,0,NaN,16.0,1.1368683772161603e-13,
1,16,DETERMINISTIC_RH,PEA,shared_battery_mode_node_level_v1,SI-Drahi_10-d1-HET-ULO-BHI-72f1b1f90c,TK-PB-Drahi_10-d1-HET-ULO-d8d80a9180-r1,SS-354317d12b7f,13,0,single_solve,OPTIMAL,FEASIBLE_POINT,609777.705729735,609777.705729735,0,768,768,1182,1659,24,0,24,120,24,1,0,0,NaN,0,NaN,5.115907697472721e-13,1.1368683772161603e-13,
1,17,DETERMINISTIC_RH,PEA,shared_battery_mode_node_level_v1,SI-Drahi_10-d1-HET-ULO-BHI-72f1b1f90c,TK-PB-Drahi_10-d1-HET-ULO-d8d80a9180-r1,SS-c81930d9c8ba,17,0,single_solve,OPTIMAL,FEASIBLE_POINT,601039.9228646765,601039.9228646765,0,768,768,1182,1659,24,0,24,120,24,1,0,0,NaN,0,NaN,0.0,3.410605131648481e-13,
1,18,DETERMINISTIC_RH,PEA,shared_battery_mode_node_level_v1,SI-Drahi_10-d1-HET-ULO-BHI-72f1b1f90c,TK-PB-Drahi_10-d1-HET-ULO-d8d80a9180-r1,SS-c81930d9c8ba,17,0,single_solve,OPTIMAL,FEASIBLE_POINT,601039.9228646765,601039.9228646765,0,768,768,1182,1659,24,0,24,120,24,1,0,0,NaN,0,NaN,2.2737367544323206e-13,3.410605131648481e-13,
1,19,DETERMINISTIC_RH,PEA,shared_battery_mode_node_level_v1,SI-Drahi_10-d1-HET-ULO-BHI-72f1b1f90c,TK-PB-Drahi_10-d1-HET-ULO-d8d80a9180-r1,SS-c81930d9c8ba,17,0,single_solve,OPTIMAL,FEASIBLE_POINT,601039.9228646765,601039.9228646765,0,768,768,1182,1659,24,0,24,120,24,1,0,0,NaN,0,NaN,3.268496584496461e-13,3.410605131648481e-13,
1,20,DETERMINISTIC_RH,PEA,shared_battery_mode_node_level_v1,SI-Drahi_10-d1-HET-ULO-BHI-72f1b1f90c,TK-PB-Drahi_10-d1-HET-ULO-d8d80a9180-r1,SS-c81930d9c8ba,17,0,single_solve,OPTIMAL,FEASIBLE_POINT,601039.9228646765,601039.9228646765,0,768,768,1182,1659,24,0,24,120,24,1,0,0,NaN,0,NaN,5.826450433232822e-13,3.410605131648481e-13,
1,21,DETERMINISTIC_RH,PEA,shared_battery_mode_node_level_v1,SI-Drahi_10-d1-HET-ULO-BHI-72f1b1f90c,TK-PB-Drahi_10-d1-HET-ULO-d8d80a9180-r1,SS-3cf9bda45ea4,21,0,single_solve,OPTIMAL,FEASIBLE_POINT,602249.3589157145,602249.3589157145,0,768,768,1182,1659,24,0,24,120,24,1,0,0,NaN,0,NaN,0.0,0.0,
1,22,DETERMINISTIC_RH,PEA,shared_battery_mode_node_level_v1,SI-Drahi_10-d1-HET-ULO-BHI-72f1b1f90c,TK-PB-Drahi_10-d1-HET-ULO-d8d80a9180-r1,SS-3cf9bda45ea4,21,0,single_solve,OPTIMAL,FEASIBLE_POINT,602249.3589157145,602249.3589157145,0,768,768,1182,1659,24,0,24,120,24,1,0,0,NaN,0,NaN,4.831690603168681e-13,0.0,
1,23,DETERMINISTIC_RH,PEA,shared_battery_mode_node_level_v1,SI-Drahi_10-d1-HET-ULO-BHI-72f1b1f90c,TK-PB-Drahi_10-d1-HET-ULO-d8d80a9180-r1,SS-3cf9bda45ea4,21,0,single_solve,OPTIMAL,FEASIBLE_POINT,602249.3589157145,602249.3589157145,0,768,768,1182,1659,24,0,24,120,24,1,0,0,NaN,0,NaN,4.973799150320701e-13,0.0,
1,24,DETERMINISTIC_RH,PEA,shared_battery_mode_node_level_v1,SI-Drahi_10-d1-HET-ULO-BHI-72f1b1f90c,TK-PB-Drahi_10-d1-HET-ULO-d8d80a9180-r1,SS-3cf9bda45ea4,21,0,single_solve,OPTIMAL,FEASIBLE_POINT,602249.3589157145,602249.3589157145,0,768,768,1182,1659,24,0,24,120,24,1,0,0,NaN,0,NaN,3.410605131648481e-13,0.0,
1,1,DETERMINISTIC_RH,SA,shared_battery_mode_node_level_v1,SI-Drahi_10-d1-HET-ULO-BHI-72f1b1f90c,TK-PB-Drahi_10-d1-HET-ULO-d8d80a9180-r1,SS-5d5bbea46d20,1,0,single_solve,OPTIMAL,FEASIBLE_POINT,637183.6316316526,637183.6316316526,0,768,768,1182,3339,24,0,24,120,24,1,0,0,NaN,0,NaN,0.0,1.2005330063402653e-10,
1,2,DETERMINISTIC_RH,SA,shared_battery_mode_node_level_v1,SI-Drahi_10-d1-HET-ULO-BHI-72f1b1f90c,TK-PB-Drahi_10-d1-HET-ULO-d8d80a9180-r1,SS-5d5bbea46d20,1,0,single_solve,OPTIMAL,FEASIBLE_POINT,637183.6316316526,637183.6316316526,0,768,768,1182,3339,24,0,24,120,24,1,0,0,NaN,0,NaN,3.126388037344441e-13,1.2005330063402653e-10,
1,3,DETERMINISTIC_RH,SA,shared_battery_mode_node_level_v1,SI-Drahi_10-d1-HET-ULO-BHI-72f1b1f90c,TK-PB-Drahi_10-d1-HET-ULO-d8d80a9180-r1,SS-5d5bbea46d20,1,0,single_solve,OPTIMAL,FEASIBLE_POINT,637183.6316316526,637183.6316316526,0,768,768,1182,3339,24,0,24,120,24,1,0,0,NaN,0,NaN,3.268496584496461e-13,1.2005330063402653e-10,
1,4,DETERMINISTIC_RH,SA,shared_battery_mode_node_level_v1,SI-Drahi_10-d1-HET-ULO-BHI-72f1b1f90c,TK-PB-Drahi_10-d1-HET-ULO-d8d80a9180-r1,SS-5d5bbea46d20,1,0,single_solve,OPTIMAL,FEASIBLE_POINT,637183.6316316526,637183.6316316526,0,768,768,1182,3339,24,0,24,120,24,1,0,0,NaN,0,NaN,6.821210263296962e-13,1.2005330063402653e-10,
1,5,DETERMINISTIC_RH,SA,shared_battery_mode_node_level_v1,SI-Drahi_10-d1-HET-ULO-BHI-72f1b1f90c,TK-PB-Drahi_10-d1-HET-ULO-d8d80a9180-r1,SS-102adc95e052,5,0,single_solve,OPTIMAL,FEASIBLE_POINT,614455.9953489734,614455.9953489734,0,768,768,1182,3339,24,0,24,120,24,1,0,0,NaN,0,NaN,6.5597897503285125,5.093170329928398e-11,
1,6,DETERMINISTIC_RH,SA,shared_battery_mode_node_level_v1,SI-Drahi_10-d1-HET-ULO-BHI-72f1b1f90c,TK-PB-Drahi_10-d1-HET-ULO-d8d80a9180-r1,SS-102adc95e052,5,0,single_solve,OPTIMAL,FEASIBLE_POINT,614455.9953489734,614455.9953489734,0,768,768,1182,3339,24,0,24,120,24,1,0,0,NaN,0,NaN,4.831690603168681e-13,5.093170329928398e-11,
1,7,DETERMINISTIC_RH,SA,shared_battery_mode_node_level_v1,SI-Drahi_10-d1-HET-ULO-BHI-72f1b1f90c,TK-PB-Drahi_10-d1-HET-ULO-d8d80a9180-r1,SS-102adc95e052,5,0,single_solve,OPTIMAL,FEASIBLE_POINT,614455.9953489734,614455.9953489734,0,768,768,1182,3339,24,0,24,120,24,1,0,0,NaN,0,NaN,5.968558980384842e-13,5.093170329928398e-11,
1,8,DETERMINISTIC_RH,SA,shared_battery_mode_node_level_v1,SI-Drahi_10-d1-HET-ULO-BHI-72f1b1f90c,TK-PB-Drahi_10-d1-HET-ULO-d8d80a9180-r1,SS-102adc95e052,5,0,single_solve,OPTIMAL,FEASIBLE_POINT,614455.9953489734,614455.9953489734,0,768,768,1182,3339,24,0,24,120,24,1,0,0,NaN,0,NaN,4.973799150320701e-13,5.093170329928398e-11,
1,9,DETERMINISTIC_RH,SA,shared_battery_mode_node_level_v1,SI-Drahi_10-d1-HET-ULO-BHI-72f1b1f90c,TK-PB-Drahi_10-d1-HET-ULO-d8d80a9180-r1,SS-19da242d4543,9,0,single_solve,OPTIMAL,FEASIBLE_POINT,618084.396921505,618084.396921505,0,768,768,1182,3339,24,0,24,120,24,1,0,0,NaN,0,NaN,0.0,4.729372449219227e-11,
1,10,DETERMINISTIC_RH,SA,shared_battery_mode_node_level_v1,SI-Drahi_10-d1-HET-ULO-BHI-72f1b1f90c,TK-PB-Drahi_10-d1-HET-ULO-d8d80a9180-r1,SS-19da242d4543,9,0,single_solve,OPTIMAL,FEASIBLE_POINT,618084.396921505,618084.396921505,0,768,768,1182,3339,24,0,24,120,24,1,0,0,NaN,0,NaN,4.547473508864641e-13,4.729372449219227e-11,
1,11,DETERMINISTIC_RH,SA,shared_battery_mode_node_level_v1,SI-Drahi_10-d1-HET-ULO-BHI-72f1b1f90c,TK-PB-Drahi_10-d1-HET-ULO-d8d80a9180-r1,SS-19da242d4543,9,0,single_solve,OPTIMAL,FEASIBLE_POINT,618084.396921505,618084.396921505,0,768,768,1182,3339,24,0,24,120,24,1,0,0,NaN,0,NaN,5.400124791776761e-13,4.729372449219227e-11,
1,12,DETERMINISTIC_RH,SA,shared_battery_mode_node_level_v1,SI-Drahi_10-d1-HET-ULO-BHI-72f1b1f90c,TK-PB-Drahi_10-d1-HET-ULO-d8d80a9180-r1,SS-19da242d4543,9,0,single_solve,OPTIMAL,FEASIBLE_POINT,618084.396921505,618084.396921505,0,768,768,1182,3339,24,0,24,120,24,1,0,0,NaN,0,NaN,5.542233338928781e-13,4.729372449219227e-11,
1,13,DETERMINISTIC_RH,SA,shared_battery_mode_node_level_v1,SI-Drahi_10-d1-HET-ULO-BHI-72f1b1f90c,TK-PB-Drahi_10-d1-HET-ULO-d8d80a9180-r1,SS-354317d12b7f,13,0,single_solve,OPTIMAL,FEASIBLE_POINT,627978.4643804422,627978.4643804422,0,768,768,1182,3339,24,0,24,120,24,1,0,0,NaN,0,NaN,0.0,1.418811734765768e-10,
1,14,DETERMINISTIC_RH,SA,shared_battery_mode_node_level_v1,SI-Drahi_10-d1-HET-ULO-BHI-72f1b1f90c,TK-PB-Drahi_10-d1-HET-ULO-d8d80a9180-r1,SS-354317d12b7f,13,0,single_solve,OPTIMAL,FEASIBLE_POINT,627978.4643804422,627978.4643804422,0,768,768,1182,3339,24,0,24,120,24,1,0,0,NaN,0,NaN,2.7000623958883807e-13,1.418811734765768e-10,
1,15,DETERMINISTIC_RH,SA,shared_battery_mode_node_level_v1,SI-Drahi_10-d1-HET-ULO-BHI-72f1b1f90c,TK-PB-Drahi_10-d1-HET-ULO-d8d80a9180-r1,SS-354317d12b7f,13,0,single_solve,OPTIMAL,FEASIBLE_POINT,627978.4643804422,627978.4643804422,0,768,768,1182,3339,24,0,24,120,24,1,0,0,NaN,0,NaN,2.984279490192421e-13,1.418811734765768e-10,
1,16,DETERMINISTIC_RH,SA,shared_battery_mode_node_level_v1,SI-Drahi_10-d1-HET-ULO-BHI-72f1b1f90c,TK-PB-Drahi_10-d1-HET-ULO-d8d80a9180-r1,SS-354317d12b7f,13,0,single_solve,OPTIMAL,FEASIBLE_POINT,627978.4643804422,627978.4643804422,0,768,768,1182,3339,24,0,24,120,24,1,0,0,NaN,0,NaN,5.115907697472721e-13,1.418811734765768e-10,
1,17,DETERMINISTIC_RH,SA,shared_battery_mode_node_level_v1,SI-Drahi_10-d1-HET-ULO-BHI-72f1b1f90c,TK-PB-Drahi_10-d1-HET-ULO-d8d80a9180-r1,SS-c81930d9c8ba,17,0,single_solve,OPTIMAL,FEASIBLE_POINT,643367.0268902669,643367.0268902669,0,768,768,1182,3339,24,0,24,120,24,1,0,0,NaN,0,NaN,15.180026281208935,8.003553375601768e-11,
1,18,DETERMINISTIC_RH,SA,shared_battery_mode_node_level_v1,SI-Drahi_10-d1-HET-ULO-BHI-72f1b1f90c,TK-PB-Drahi_10-d1-HET-ULO-d8d80a9180-r1,SS-c81930d9c8ba,17,0,single_solve,OPTIMAL,FEASIBLE_POINT,643367.0268902669,643367.0268902669,0,768,768,1182,3339,24,0,24,120,24,1,0,0,NaN,0,NaN,2.2737367544323206e-13,8.003553375601768e-11,
1,19,DETERMINISTIC_RH,SA,shared_battery_mode_node_level_v1,SI-Drahi_10-d1-HET-ULO-BHI-72f1b1f90c,TK-PB-Drahi_10-d1-HET-ULO-d8d80a9180-r1,SS-c81930d9c8ba,17,0,single_solve,OPTIMAL,FEASIBLE_POINT,643367.0268902669,643367.0268902669,0,768,768,1182,3339,24,0,24,120,24,1,0,0,NaN,0,NaN,3.268496584496461e-13,8.003553375601768e-11,
1,20,DETERMINISTIC_RH,SA,shared_battery_mode_node_level_v1,SI-Drahi_10-d1-HET-ULO-BHI-72f1b1f90c,TK-PB-Drahi_10-d1-HET-ULO-d8d80a9180-r1,SS-c81930d9c8ba,17,0,single_solve,OPTIMAL,FEASIBLE_POINT,643367.0268902669,643367.0268902669,0,768,768,1182,3339,24,0,24,120,24,1,0,0,NaN,0,NaN,5.826450433232822e-13,8.003553375601768e-11,
1,21,DETERMINISTIC_RH,SA,shared_battery_mode_node_level_v1,SI-Drahi_10-d1-HET-ULO-BHI-72f1b1f90c,TK-PB-Drahi_10-d1-HET-ULO-d8d80a9180-r1,SS-3cf9bda45ea4,21,0,single_solve,OPTIMAL,FEASIBLE_POINT,621532.2013747656,621532.2013747656,0,768,768,1182,3339,24,0,24,120,24,1,0,0,NaN,0,NaN,0.0,1.382431946694851e-10,
1,22,DETERMINISTIC_RH,SA,shared_battery_mode_node_level_v1,SI-Drahi_10-d1-HET-ULO-BHI-72f1b1f90c,TK-PB-Drahi_10-d1-HET-ULO-d8d80a9180-r1,SS-3cf9bda45ea4,21,0,single_solve,OPTIMAL,FEASIBLE_POINT,621532.2013747656,621532.2013747656,0,768,768,1182,3339,24,0,24,120,24,1,0,0,NaN,0,NaN,4.973799150320701e-13,1.382431946694851e-10,
1,23,DETERMINISTIC_RH,SA,shared_battery_mode_node_level_v1,SI-Drahi_10-d1-HET-ULO-BHI-72f1b1f90c,TK-PB-Drahi_10-d1-HET-ULO-d8d80a9180-r1,SS-3cf9bda45ea4,21,0,single_solve,OPTIMAL,FEASIBLE_POINT,621532.2013747656,621532.2013747656,0,768,768,1182,3339,24,0,24,120,24,1,0,0,NaN,0,NaN,4.973799150320701e-13,1.382431946694851e-10,
1,24,DETERMINISTIC_RH,SA,shared_battery_mode_node_level_v1,SI-Drahi_10-d1-HET-ULO-BHI-72f1b1f90c,TK-PB-Drahi_10-d1-HET-ULO-d8d80a9180-r1,SS-3cf9bda45ea4,21,0,single_solve,OPTIMAL,FEASIBLE_POINT,621532.2013747656,621532.2013747656,0,768,768,1182,3339,24,0,24,120,24,1,0,0,NaN,0,NaN,2.5703570655720114,1.382431946694851e-10,
1,1,DETERMINISTIC_RH,STATIC_DEMAND_SHARE,shared_battery_mode_node_level_v1,SI-Drahi_10-d1-HET-ULO-BHI-72f1b1f90c,TK-PB-Drahi_10-d1-HET-ULO-d8d80a9180-r1,SS-5d5bbea46d20,1,0,single_solve,OPTIMAL,FEASIBLE_POINT,562264.9948216606,562264.9948216606,0,768,768,1297,1659,24,0,24,120,24,1,0,0,NaN,0,NaN,0.0,0.0,
1,2,DETERMINISTIC_RH,STATIC_DEMAND_SHARE,shared_battery_mode_node_level_v1,SI-Drahi_10-d1-HET-ULO-BHI-72f1b1f90c,TK-PB-Drahi_10-d1-HET-ULO-d8d80a9180-r1,SS-5d5bbea46d20,1,0,single_solve,OPTIMAL,FEASIBLE_POINT,562264.9948216606,562264.9948216606,0,768,768,1297,1659,24,0,24,120,24,1,0,0,NaN,0,NaN,3.126388037344441e-13,0.0,
1,3,DETERMINISTIC_RH,STATIC_DEMAND_SHARE,shared_battery_mode_node_level_v1,SI-Drahi_10-d1-HET-ULO-BHI-72f1b1f90c,TK-PB-Drahi_10-d1-HET-ULO-d8d80a9180-r1,SS-5d5bbea46d20,1,0,single_solve,OPTIMAL,FEASIBLE_POINT,562264.9948216606,562264.9948216606,0,768,768,1297,1659,24,0,24,120,24,1,0,0,NaN,0,NaN,3.268496584496461e-13,0.0,
1,4,DETERMINISTIC_RH,STATIC_DEMAND_SHARE,shared_battery_mode_node_level_v1,SI-Drahi_10-d1-HET-ULO-BHI-72f1b1f90c,TK-PB-Drahi_10-d1-HET-ULO-d8d80a9180-r1,SS-5d5bbea46d20,1,0,single_solve,OPTIMAL,FEASIBLE_POINT,562264.9948216606,562264.9948216606,0,768,768,1297,1659,24,0,24,120,24,1,0,0,NaN,0,NaN,6.821210263296962e-13,0.0,
1,5,DETERMINISTIC_RH,STATIC_DEMAND_SHARE,shared_battery_mode_node_level_v1,SI-Drahi_10-d1-HET-ULO-BHI-72f1b1f90c,TK-PB-Drahi_10-d1-HET-ULO-d8d80a9180-r1,SS-102adc95e052,5,0,single_solve,OPTIMAL,FEASIBLE_POINT,552146.2389424613,552146.2389424613,0,768,768,1297,1659,24,0,24,120,24,1,0,0,NaN,0,NaN,0.0,0.0,
1,6,DETERMINISTIC_RH,STATIC_DEMAND_SHARE,shared_battery_mode_node_level_v1,SI-Drahi_10-d1-HET-ULO-BHI-72f1b1f90c,TK-PB-Drahi_10-d1-HET-ULO-d8d80a9180-r1,SS-102adc95e052,5,0,single_solve,OPTIMAL,FEASIBLE_POINT,552146.2389424613,552146.2389424613,0,768,768,1297,1659,24,0,24,120,24,1,0,0,NaN,0,NaN,4.831690603168681e-13,0.0,
1,7,DETERMINISTIC_RH,STATIC_DEMAND_SHARE,shared_battery_mode_node_level_v1,SI-Drahi_10-d1-HET-ULO-BHI-72f1b1f90c,TK-PB-Drahi_10-d1-HET-ULO-d8d80a9180-r1,SS-102adc95e052,5,0,single_solve,OPTIMAL,FEASIBLE_POINT,552146.2389424613,552146.2389424613,0,768,768,1297,1659,24,0,24,120,24,1,0,0,NaN,0,NaN,5.968558980384842e-13,0.0,
1,8,DETERMINISTIC_RH,STATIC_DEMAND_SHARE,shared_battery_mode_node_level_v1,SI-Drahi_10-d1-HET-ULO-BHI-72f1b1f90c,TK-PB-Drahi_10-d1-HET-ULO-d8d80a9180-r1,SS-102adc95e052,5,0,single_solve,OPTIMAL,FEASIBLE_POINT,552146.2389424613,552146.2389424613,0,768,768,1297,1659,24,0,24,120,24,1,0,0,NaN,0,NaN,4.973799150320701e-13,0.0,
1,9,DETERMINISTIC_RH,STATIC_DEMAND_SHARE,shared_battery_mode_node_level_v1,SI-Drahi_10-d1-HET-ULO-BHI-72f1b1f90c,TK-PB-Drahi_10-d1-HET-ULO-d8d80a9180-r1,SS-19da242d4543,9,0,single_solve,OPTIMAL,FEASIBLE_POINT,543498.0692642182,543498.0692642182,0,768,768,1297,1659,24,0,24,120,24,1,0,0,NaN,0,NaN,0.0,0.0,
1,10,DETERMINISTIC_RH,STATIC_DEMAND_SHARE,shared_battery_mode_node_level_v1,SI-Drahi_10-d1-HET-ULO-BHI-72f1b1f90c,TK-PB-Drahi_10-d1-HET-ULO-d8d80a9180-r1,SS-19da242d4543,9,0,single_solve,OPTIMAL,FEASIBLE_POINT,543498.0692642182,543498.0692642182,0,768,768,1297,1659,24,0,24,120,24,1,0,0,NaN,0,NaN,4.547473508864641e-13,0.0,
1,11,DETERMINISTIC_RH,STATIC_DEMAND_SHARE,shared_battery_mode_node_level_v1,SI-Drahi_10-d1-HET-ULO-BHI-72f1b1f90c,TK-PB-Drahi_10-d1-HET-ULO-d8d80a9180-r1,SS-19da242d4543,9,0,single_solve,OPTIMAL,FEASIBLE_POINT,543498.0692642182,543498.0692642182,0,768,768,1297,1659,24,0,24,120,24,1,0,0,NaN,0,NaN,5.400124791776761e-13,0.0,
1,12,DETERMINISTIC_RH,STATIC_DEMAND_SHARE,shared_battery_mode_node_level_v1,SI-Drahi_10-d1-HET-ULO-BHI-72f1b1f90c,TK-PB-Drahi_10-d1-HET-ULO-d8d80a9180-r1,SS-19da242d4543,9,0,single_solve,OPTIMAL,FEASIBLE_POINT,543498.0692642182,543498.0692642182,0,768,768,1297,1659,24,0,24,120,24,1,0,0,NaN,0,NaN,5.542233338928781e-13,0.0,
1,13,DETERMINISTIC_RH,STATIC_DEMAND_SHARE,shared_battery_mode_node_level_v1,SI-Drahi_10-d1-HET-ULO-BHI-72f1b1f90c,TK-PB-Drahi_10-d1-HET-ULO-d8d80a9180-r1,SS-354317d12b7f,13,0,single_solve,OPTIMAL,FEASIBLE_POINT,536885.847503915,536885.847503915,0,768,768,1297,1659,24,0,24,120,24,1,0,0,NaN,0,NaN,0.0,0.0,
1,14,DETERMINISTIC_RH,STATIC_DEMAND_SHARE,shared_battery_mode_node_level_v1,SI-Drahi_10-d1-HET-ULO-BHI-72f1b1f90c,TK-PB-Drahi_10-d1-HET-ULO-d8d80a9180-r1,SS-354317d12b7f,13,0,single_solve,OPTIMAL,FEASIBLE_POINT,536885.847503915,536885.847503915,0,768,768,1297,1659,24,0,24,120,24,1,0,0,NaN,0,NaN,2.8421709430404007e-13,0.0,
1,15,DETERMINISTIC_RH,STATIC_DEMAND_SHARE,shared_battery_mode_node_level_v1,SI-Drahi_10-d1-HET-ULO-BHI-72f1b1f90c,TK-PB-Drahi_10-d1-HET-ULO-d8d80a9180-r1,SS-354317d12b7f,13,0,single_solve,OPTIMAL,FEASIBLE_POINT,536885.847503915,536885.847503915,0,768,768,1297,1659,24,0,24,120,24,1,0,0,NaN,0,NaN,2.984279490192421e-13,0.0,
1,16,DETERMINISTIC_RH,STATIC_DEMAND_SHARE,shared_battery_mode_node_level_v1,SI-Drahi_10-d1-HET-ULO-BHI-72f1b1f90c,TK-PB-Drahi_10-d1-HET-ULO-d8d80a9180-r1,SS-354317d12b7f,13,0,single_solve,OPTIMAL,FEASIBLE_POINT,536885.847503915,536885.847503915,0,768,768,1297,1659,24,0,24,120,24,1,0,0,NaN,0,NaN,5.115907697472721e-13,0.0,
1,17,DETERMINISTIC_RH,STATIC_DEMAND_SHARE,shared_battery_mode_node_level_v1,SI-Drahi_10-d1-HET-ULO-BHI-72f1b1f90c,TK-PB-Drahi_10-d1-HET-ULO-d8d80a9180-r1,SS-c81930d9c8ba,17,0,single_solve,OPTIMAL,FEASIBLE_POINT,534612.0063040319,534612.0063040319,0,768,768,1297,1659,24,0,24,120,24,1,0,0,NaN,0,NaN,1.4210854715202004e-14,0.0,
1,18,DETERMINISTIC_RH,STATIC_DEMAND_SHARE,shared_battery_mode_node_level_v1,SI-Drahi_10-d1-HET-ULO-BHI-72f1b1f90c,TK-PB-Drahi_10-d1-HET-ULO-d8d80a9180-r1,SS-c81930d9c8ba,17,0,single_solve,OPTIMAL,FEASIBLE_POINT,534612.0063040319,534612.0063040319,0,768,768,1297,1659,24,0,24,120,24,1,0,0,NaN,0,NaN,2.2737367544323206e-13,0.0,
1,19,DETERMINISTIC_RH,STATIC_DEMAND_SHARE,shared_battery_mode_node_level_v1,SI-Drahi_10-d1-HET-ULO-BHI-72f1b1f90c,TK-PB-Drahi_10-d1-HET-ULO-d8d80a9180-r1,SS-c81930d9c8ba,17,0,single_solve,OPTIMAL,FEASIBLE_POINT,534612.0063040319,534612.0063040319,0,768,768,1297,1659,24,0,24,120,24,1,0,0,NaN,0,NaN,3.268496584496461e-13,0.0,
1,20,DETERMINISTIC_RH,STATIC_DEMAND_SHARE,shared_battery_mode_node_level_v1,SI-Drahi_10-d1-HET-ULO-BHI-72f1b1f90c,TK-PB-Drahi_10-d1-HET-ULO-d8d80a9180-r1,SS-c81930d9c8ba,17,0,single_solve,OPTIMAL,FEASIBLE_POINT,534612.0063040319,534612.0063040319,0,768,768,1297,1659,24,0,24,120,24,1,0,0,NaN,0,NaN,5.826450433232822e-13,0.0,
1,21,DETERMINISTIC_RH,STATIC_DEMAND_SHARE,shared_battery_mode_node_level_v1,SI-Drahi_10-d1-HET-ULO-BHI-72f1b1f90c,TK-PB-Drahi_10-d1-HET-ULO-d8d80a9180-r1,SS-3cf9bda45ea4,21,0,single_solve,OPTIMAL,FEASIBLE_POINT,539744.4108251791,539744.4108251791,0,768,768,1297,1659,24,0,24,120,24,1,0,0,NaN,0,NaN,0.0,0.0,
1,22,DETERMINISTIC_RH,STATIC_DEMAND_SHARE,shared_battery_mode_node_level_v1,SI-Drahi_10-d1-HET-ULO-BHI-72f1b1f90c,TK-PB-Drahi_10-d1-HET-ULO-d8d80a9180-r1,SS-3cf9bda45ea4,21,0,single_solve,OPTIMAL,FEASIBLE_POINT,539744.4108251791,539744.4108251791,0,768,768,1297,1659,24,0,24,120,24,1,0,0,NaN,0,NaN,4.831690603168681e-13,0.0,
1,23,DETERMINISTIC_RH,STATIC_DEMAND_SHARE,shared_battery_mode_node_level_v1,SI-Drahi_10-d1-HET-ULO-BHI-72f1b1f90c,TK-PB-Drahi_10-d1-HET-ULO-d8d80a9180-r1,SS-3cf9bda45ea4,21,0,single_solve,OPTIMAL,FEASIBLE_POINT,539744.4108251791,539744.4108251791,0,768,768,1297,1659,24,0,24,120,24,1,0,0,NaN,0,NaN,4.973799150320701e-13,0.0,
1,24,DETERMINISTIC_RH,STATIC_DEMAND_SHARE,shared_battery_mode_node_level_v1,SI-Drahi_10-d1-HET-ULO-BHI-72f1b1f90c,TK-PB-Drahi_10-d1-HET-ULO-d8d80a9180-r1,SS-3cf9bda45ea4,21,0,single_solve,OPTIMAL,FEASIBLE_POINT,539744.4108251791,539744.4108251791,0,768,768,1297,1659,24,0,24,120,24,1,0,0,NaN,0,NaN,3.410605131648481e-13,0.0,
1,1,MULTISTAGE_RH,LEXMMFPEA,shared_battery_mode_node_level_v1,SI-Drahi_10-d1-HET-ULO-BHI-72f1b1f90c,TK-PB-Drahi_10-d1-HET-ULO-d8d80a9180-r1,SS-5d5bbea46d20,1,1,lex_phase_1,OPTIMAL,FEASIBLE_POINT,243.75975215910438,243.75975215910438,0,76446,76446,117318,211193,2388,0,2388,11940,2388,256,0,0,NaN,0,NaN,1.4210854715202004e-14,1.0000000000002274,
1,1,MULTISTAGE_RH,LEXMMFPEA,shared_battery_mode_node_level_v1,SI-Drahi_10-d1-HET-ULO-BHI-72f1b1f90c,TK-PB-Drahi_10-d1-HET-ULO-d8d80a9180-r1,SS-5d5bbea46d20,1,2,lex_phase_2,OPTIMAL,FEASIBLE_POINT,487.5195043182088,487.5195043182088,0,76446,76446,117319,211199,2388,0,2388,11940,2388,256,0,0,NaN,0,NaN,1.4210854715202004e-14,1.0000000000002274,
1,1,MULTISTAGE_RH,LEXMMFPEA,shared_battery_mode_node_level_v1,SI-Drahi_10-d1-HET-ULO-BHI-72f1b1f90c,TK-PB-Drahi_10-d1-HET-ULO-d8d80a9180-r1,SS-5d5bbea46d20,1,3,lex_phase_3,OPTIMAL,FEASIBLE_POINT,731.2792564773132,731.2792564773132,0,76446,76446,117320,211205,2388,0,2388,11940,2388,256,0,0,NaN,0,NaN,1.4210854715202004e-14,1.0000000000002274,
1,1,MULTISTAGE_RH,LEXMMFPEA,shared_battery_mode_node_level_v1,SI-Drahi_10-d1-HET-ULO-BHI-72f1b1f90c,TK-PB-Drahi_10-d1-HET-ULO-d8d80a9180-r1,SS-5d5bbea46d20,1,4,lex_phase_4,OPTIMAL,FEASIBLE_POINT,975.0390086364176,975.0390086364176,0,76446,76446,117321,211211,2388,0,2388,11940,2388,256,0,0,NaN,0,NaN,1.4210854715202004e-14,1.0000000000002274,
1,1,MULTISTAGE_RH,LEXMMFPEA,shared_battery_mode_node_level_v1,SI-Drahi_10-d1-HET-ULO-BHI-72f1b1f90c,TK-PB-Drahi_10-d1-HET-ULO-d8d80a9180-r1,SS-5d5bbea46d20,1,5,lex_phase_5,OPTIMAL,FEASIBLE_POINT,1218.798760795522,1218.798760795522,0,76446,76446,117322,211217,2388,0,2388,11940,2388,256,0,0,NaN,0,NaN,1.4210854715202004e-14,1.0000000000002274,
1,1,MULTISTAGE_RH,LEXMMFPEA,shared_battery_mode_node_level_v1,SI-Drahi_10-d1-HET-ULO-BHI-72f1b1f90c,TK-PB-Drahi_10-d1-HET-ULO-d8d80a9180-r1,SS-5d5bbea46d20,1,6,economic_tie_break,OPTIMAL,FEASIBLE_POINT,646380.1454025519,646380.1454025519,0,76446,76446,117323,211223,2388,0,2388,11940,2388,256,0,0,NaN,0,NaN,1.4210854715202004e-14,1.0000000000002274,
1,2,MULTISTAGE_RH,LEXMMFPEA,shared_battery_mode_node_level_v1,SI-Drahi_10-d1-HET-ULO-BHI-72f1b1f90c,TK-PB-Drahi_10-d1-HET-ULO-d8d80a9180-r1,SS-5d5bbea46d20,1,1,lex_phase_1,OPTIMAL,FEASIBLE_POINT,243.75975215910438,243.75975215910438,0,76446,76446,117318,211193,2388,0,2388,11940,2388,256,0,0,NaN,0,NaN,0.0,1.0000000000002274,
1,2,MULTISTAGE_RH,LEXMMFPEA,shared_battery_mode_node_level_v1,SI-Drahi_10-d1-HET-ULO-BHI-72f1b1f90c,TK-PB-Drahi_10-d1-HET-ULO-d8d80a9180-r1,SS-5d5bbea46d20,1,2,lex_phase_2,OPTIMAL,FEASIBLE_POINT,487.5195043182088,487.5195043182088,0,76446,76446,117319,211199,2388,0,2388,11940,2388,256,0,0,NaN,0,NaN,0.0,1.0000000000002274,
1,2,MULTISTAGE_RH,LEXMMFPEA,shared_battery_mode_node_level_v1,SI-Drahi_10-d1-HET-ULO-BHI-72f1b1f90c,TK-PB-Drahi_10-d1-HET-ULO-d8d80a9180-r1,SS-5d5bbea46d20,1,3,lex_phase_3,OPTIMAL,FEASIBLE_POINT,731.2792564773132,731.2792564773132,0,76446,76446,117320,211205,2388,0,2388,11940,2388,256,0,0,NaN,0,NaN,0.0,1.0000000000002274,
1,2,MULTISTAGE_RH,LEXMMFPEA,shared_battery_mode_node_level_v1,SI-Drahi_10-d1-HET-ULO-BHI-72f1b1f90c,TK-PB-Drahi_10-d1-HET-ULO-d8d80a9180-r1,SS-5d5bbea46d20,1,4,lex_phase_4,OPTIMAL,FEASIBLE_POINT,975.0390086364176,975.0390086364176,0,76446,76446,117321,211211,2388,0,2388,11940,2388,256,0,0,NaN,0,NaN,0.0,1.0000000000002274,
1,2,MULTISTAGE_RH,LEXMMFPEA,shared_battery_mode_node_level_v1,SI-Drahi_10-d1-HET-ULO-BHI-72f1b1f90c,TK-PB-Drahi_10-d1-HET-ULO-d8d80a9180-r1,SS-5d5bbea46d20,1,5,lex_phase_5,OPTIMAL,FEASIBLE_POINT,1218.798760795522,1218.798760795522,0,76446,76446,117322,211217,2388,0,2388,11940,2388,256,0,0,NaN,0,NaN,0.0,1.0000000000002274,
1,2,MULTISTAGE_RH,LEXMMFPEA,shared_battery_mode_node_level_v1,SI-Drahi_10-d1-HET-ULO-BHI-72f1b1f90c,TK-PB-Drahi_10-d1-HET-ULO-d8d80a9180-r1,SS-5d5bbea46d20,1,6,economic_tie_break,OPTIMAL,FEASIBLE_POINT,646380.1454025519,646380.1454025519,0,76446,76446,117323,211223,2388,0,2388,11940,2388,256,0,0,NaN,0,NaN,0.0,1.0000000000002274,
1,3,MULTISTAGE_RH,LEXMMFPEA,shared_battery_mode_node_level_v1,SI-Drahi_10-d1-HET-ULO-BHI-72f1b1f90c,TK-PB-Drahi_10-d1-HET-ULO-d8d80a9180-r1,SS-5d5bbea46d20,1,1,lex_phase_1,OPTIMAL,FEASIBLE_POINT,243.75975215910438,243.75975215910438,0,76446,76446,117318,211193,2388,0,2388,11940,2388,256,0,0,NaN,0,NaN,0.0,1.0000000000002274,
1,3,MULTISTAGE_RH,LEXMMFPEA,shared_battery_mode_node_level_v1,SI-Drahi_10-d1-HET-ULO-BHI-72f1b1f90c,TK-PB-Drahi_10-d1-HET-ULO-d8d80a9180-r1,SS-5d5bbea46d20,1,2,lex_phase_2,OPTIMAL,FEASIBLE_POINT,487.5195043182088,487.5195043182088,0,76446,76446,117319,211199,2388,0,2388,11940,2388,256,0,0,NaN,0,NaN,0.0,1.0000000000002274,
1,3,MULTISTAGE_RH,LEXMMFPEA,shared_battery_mode_node_level_v1,SI-Drahi_10-d1-HET-ULO-BHI-72f1b1f90c,TK-PB-Drahi_10-d1-HET-ULO-d8d80a9180-r1,SS-5d5bbea46d20,1,3,lex_phase_3,OPTIMAL,FEASIBLE_POINT,731.2792564773132,731.2792564773132,0,76446,76446,117320,211205,2388,0,2388,11940,2388,256,0,0,NaN,0,NaN,0.0,1.0000000000002274,
1,3,MULTISTAGE_RH,LEXMMFPEA,shared_battery_mode_node_level_v1,SI-Drahi_10-d1-HET-ULO-BHI-72f1b1f90c,TK-PB-Drahi_10-d1-HET-ULO-d8d80a9180-r1,SS-5d5bbea46d20,1,4,lex_phase_4,OPTIMAL,FEASIBLE_POINT,975.0390086364176,975.0390086364176,0,76446,76446,117321,211211,2388,0,2388,11940,2388,256,0,0,NaN,0,NaN,0.0,1.0000000000002274,
1,3,MULTISTAGE_RH,LEXMMFPEA,shared_battery_mode_node_level_v1,SI-Drahi_10-d1-HET-ULO-BHI-72f1b1f90c,TK-PB-Drahi_10-d1-HET-ULO-d8d80a9180-r1,SS-5d5bbea46d20,1,5,lex_phase_5,OPTIMAL,FEASIBLE_POINT,1218.798760795522,1218.798760795522,0,76446,76446,117322,211217,2388,0,2388,11940,2388,256,0,0,NaN,0,NaN,0.0,1.0000000000002274,
1,3,MULTISTAGE_RH,LEXMMFPEA,shared_battery_mode_node_level_v1,SI-Drahi_10-d1-HET-ULO-BHI-72f1b1f90c,TK-PB-Drahi_10-d1-HET-ULO-d8d80a9180-r1,SS-5d5bbea46d20,1,6,economic_tie_break,OPTIMAL,FEASIBLE_POINT,646380.1454025519,646380.1454025519,0,76446,76446,117323,211223,2388,0,2388,11940,2388,256,0,0,NaN,0,NaN,0.0,1.0000000000002274,
1,4,MULTISTAGE_RH,LEXMMFPEA,shared_battery_mode_node_level_v1,SI-Drahi_10-d1-HET-ULO-BHI-72f1b1f90c,TK-PB-Drahi_10-d1-HET-ULO-d8d80a9180-r1,SS-5d5bbea46d20,1,1,lex_phase_1,OPTIMAL,FEASIBLE_POINT,243.75975215910438,243.75975215910438,0,76446,76446,117318,211193,2388,0,2388,11940,2388,256,0,0,NaN,0,NaN,0.0,1.0000000000002274,
1,4,MULTISTAGE_RH,LEXMMFPEA,shared_battery_mode_node_level_v1,SI-Drahi_10-d1-HET-ULO-BHI-72f1b1f90c,TK-PB-Drahi_10-d1-HET-ULO-d8d80a9180-r1,SS-5d5bbea46d20,1,2,lex_phase_2,OPTIMAL,FEASIBLE_POINT,487.5195043182088,487.5195043182088,0,76446,76446,117319,211199,2388,0,2388,11940,2388,256,0,0,NaN,0,NaN,0.0,1.0000000000002274,
1,4,MULTISTAGE_RH,LEXMMFPEA,shared_battery_mode_node_level_v1,SI-Drahi_10-d1-HET-ULO-BHI-72f1b1f90c,TK-PB-Drahi_10-d1-HET-ULO-d8d80a9180-r1,SS-5d5bbea46d20,1,3,lex_phase_3,OPTIMAL,FEASIBLE_POINT,731.2792564773132,731.2792564773132,0,76446,76446,117320,211205,2388,0,2388,11940,2388,256,0,0,NaN,0,NaN,0.0,1.0000000000002274,
1,4,MULTISTAGE_RH,LEXMMFPEA,shared_battery_mode_node_level_v1,SI-Drahi_10-d1-HET-ULO-BHI-72f1b1f90c,TK-PB-Drahi_10-d1-HET-ULO-d8d80a9180-r1,SS-5d5bbea46d20,1,4,lex_phase_4,OPTIMAL,FEASIBLE_POINT,975.0390086364176,975.0390086364176,0,76446,76446,117321,211211,2388,0,2388,11940,2388,256,0,0,NaN,0,NaN,0.0,1.0000000000002274,
1,4,MULTISTAGE_RH,LEXMMFPEA,shared_battery_mode_node_level_v1,SI-Drahi_10-d1-HET-ULO-BHI-72f1b1f90c,TK-PB-Drahi_10-d1-HET-ULO-d8d80a9180-r1,SS-5d5bbea46d20,1,5,lex_phase_5,OPTIMAL,FEASIBLE_POINT,1218.798760795522,1218.798760795522,0,76446,76446,117322,211217,2388,0,2388,11940,2388,256,0,0,NaN,0,NaN,0.0,1.0000000000002274,
1,4,MULTISTAGE_RH,LEXMMFPEA,shared_battery_mode_node_level_v1,SI-Drahi_10-d1-HET-ULO-BHI-72f1b1f90c,TK-PB-Drahi_10-d1-HET-ULO-d8d80a9180-r1,SS-5d5bbea46d20,1,6,economic_tie_break,OPTIMAL,FEASIBLE_POINT,646380.1454025519,646380.1454025519,0,76446,76446,117323,211223,2388,0,2388,11940,2388,256,0,0,NaN,0,NaN,0.0,1.0000000000002274,
1,5,MULTISTAGE_RH,LEXMMFPEA,shared_battery_mode_node_level_v1,SI-Drahi_10-d1-HET-ULO-BHI-72f1b1f90c,TK-PB-Drahi_10-d1-HET-ULO-d8d80a9180-r1,SS-102adc95e052,5,1,lex_phase_1,OPTIMAL,FEASIBLE_POINT,238.41923246571614,238.41923246571614,0,76446,76446,117318,207053,2388,0,2388,11940,2388,256,0,0,NaN,0,NaN,0.0,1.0,
1,5,MULTISTAGE_RH,LEXMMFPEA,shared_battery_mode_node_level_v1,SI-Drahi_10-d1-HET-ULO-BHI-72f1b1f90c,TK-PB-Drahi_10-d1-HET-ULO-d8d80a9180-r1,SS-102adc95e052,5,2,lex_phase_2,OPTIMAL,FEASIBLE_POINT,476.8384649314323,476.8384649314323,0,76446,76446,117319,207059,2388,0,2388,11940,2388,256,0,0,NaN,0,NaN,0.0,1.0,
1,5,MULTISTAGE_RH,LEXMMFPEA,shared_battery_mode_node_level_v1,SI-Drahi_10-d1-HET-ULO-BHI-72f1b1f90c,TK-PB-Drahi_10-d1-HET-ULO-d8d80a9180-r1,SS-102adc95e052,5,3,lex_phase_3,OPTIMAL,FEASIBLE_POINT,715.2576973971485,715.2576973971485,0,76446,76446,117320,207065,2388,0,2388,11940,2388,256,0,0,NaN,0,NaN,0.0,1.0,
1,5,MULTISTAGE_RH,LEXMMFPEA,shared_battery_mode_node_level_v1,SI-Drahi_10-d1-HET-ULO-BHI-72f1b1f90c,TK-PB-Drahi_10-d1-HET-ULO-d8d80a9180-r1,SS-102adc95e052,5,4,lex_phase_4,OPTIMAL,FEASIBLE_POINT,953.6769298628647,953.6769298628647,0,76446,76446,117321,207071,2388,0,2388,11940,2388,256,0,0,NaN,0,NaN,0.0,1.0,
1,5,MULTISTAGE_RH,LEXMMFPEA,shared_battery_mode_node_level_v1,SI-Drahi_10-d1-HET-ULO-BHI-72f1b1f90c,TK-PB-Drahi_10-d1-HET-ULO-d8d80a9180-r1,SS-102adc95e052,5,5,lex_phase_5,OPTIMAL,FEASIBLE_POINT,1192.0961623285807,1192.0961623285807,0,76446,76446,117322,207077,2388,0,2388,11940,2388,256,0,0,NaN,0,NaN,0.0,1.0,
1,5,MULTISTAGE_RH,LEXMMFPEA,shared_battery_mode_node_level_v1,SI-Drahi_10-d1-HET-ULO-BHI-72f1b1f90c,TK-PB-Drahi_10-d1-HET-ULO-d8d80a9180-r1,SS-102adc95e052,5,6,economic_tie_break,OPTIMAL,FEASIBLE_POINT,630380.5850484536,630380.5850484536,0,76446,76446,117323,207083,2388,0,2388,11940,2388,256,0,0,NaN,0,NaN,0.0,1.0,
1,6,MULTISTAGE_RH,LEXMMFPEA,shared_battery_mode_node_level_v1,SI-Drahi_10-d1-HET-ULO-BHI-72f1b1f90c,TK-PB-Drahi_10-d1-HET-ULO-d8d80a9180-r1,SS-102adc95e052,5,1,lex_phase_1,OPTIMAL,FEASIBLE_POINT,238.41923246571614,238.41923246571614,0,76446,76446,117318,207053,2388,0,2388,11940,2388,256,0,0,NaN,0,NaN,0.0,1.0,
1,6,MULTISTAGE_RH,LEXMMFPEA,shared_battery_mode_node_level_v1,SI-Drahi_10-d1-HET-ULO-BHI-72f1b1f90c,TK-PB-Drahi_10-d1-HET-ULO-d8d80a9180-r1,SS-102adc95e052,5,2,lex_phase_2,OPTIMAL,FEASIBLE_POINT,476.8384649314323,476.8384649314323,0,76446,76446,117319,207059,2388,0,2388,11940,2388,256,0,0,NaN,0,NaN,0.0,1.0,
1,6,MULTISTAGE_RH,LEXMMFPEA,shared_battery_mode_node_level_v1,SI-Drahi_10-d1-HET-ULO-BHI-72f1b1f90c,TK-PB-Drahi_10-d1-HET-ULO-d8d80a9180-r1,SS-102adc95e052,5,3,lex_phase_3,OPTIMAL,FEASIBLE_POINT,715.2576973971485,715.2576973971485,0,76446,76446,117320,207065,2388,0,2388,11940,2388,256,0,0,NaN,0,NaN,0.0,1.0,
1,6,MULTISTAGE_RH,LEXMMFPEA,shared_battery_mode_node_level_v1,SI-Drahi_10-d1-HET-ULO-BHI-72f1b1f90c,TK-PB-Drahi_10-d1-HET-ULO-d8d80a9180-r1,SS-102adc95e052,5,4,lex_phase_4,OPTIMAL,FEASIBLE_POINT,953.6769298628647,953.6769298628647,0,76446,76446,117321,207071,2388,0,2388,11940,2388,256,0,0,NaN,0,NaN,0.0,1.0,
1,6,MULTISTAGE_RH,LEXMMFPEA,shared_battery_mode_node_level_v1,SI-Drahi_10-d1-HET-ULO-BHI-72f1b1f90c,TK-PB-Drahi_10-d1-HET-ULO-d8d80a9180-r1,SS-102adc95e052,5,5,lex_phase_5,OPTIMAL,FEASIBLE_POINT,1192.0961623285807,1192.0961623285807,0,76446,76446,117322,207077,2388,0,2388,11940,2388,256,0,0,NaN,0,NaN,0.0,1.0,
1,6,MULTISTAGE_RH,LEXMMFPEA,shared_battery_mode_node_level_v1,SI-Drahi_10-d1-HET-ULO-BHI-72f1b1f90c,TK-PB-Drahi_10-d1-HET-ULO-d8d80a9180-r1,SS-102adc95e052,5,6,economic_tie_break,OPTIMAL,FEASIBLE_POINT,630380.5850484536,630380.5850484536,0,76446,76446,117323,207083,2388,0,2388,11940,2388,256,0,0,NaN,0,NaN,0.0,1.0,
1,7,MULTISTAGE_RH,LEXMMFPEA,shared_battery_mode_node_level_v1,SI-Drahi_10-d1-HET-ULO-BHI-72f1b1f90c,TK-PB-Drahi_10-d1-HET-ULO-d8d80a9180-r1,SS-102adc95e052,5,1,lex_phase_1,OPTIMAL,FEASIBLE_POINT,238.41923246571614,238.41923246571614,0,76446,76446,117318,207053,2388,0,2388,11940,2388,256,0,0,NaN,0,NaN,0.0,1.0,
1,7,MULTISTAGE_RH,LEXMMFPEA,shared_battery_mode_node_level_v1,SI-Drahi_10-d1-HET-ULO-BHI-72f1b1f90c,TK-PB-Drahi_10-d1-HET-ULO-d8d80a9180-r1,SS-102adc95e052,5,2,lex_phase_2,OPTIMAL,FEASIBLE_POINT,476.8384649314323,476.8384649314323,0,76446,76446,117319,207059,2388,0,2388,11940,2388,256,0,0,NaN,0,NaN,0.0,1.0,
1,7,MULTISTAGE_RH,LEXMMFPEA,shared_battery_mode_node_level_v1,SI-Drahi_10-d1-HET-ULO-BHI-72f1b1f90c,TK-PB-Drahi_10-d1-HET-ULO-d8d80a9180-r1,SS-102adc95e052,5,3,lex_phase_3,OPTIMAL,FEASIBLE_POINT,715.2576973971485,715.2576973971485,0,76446,76446,117320,207065,2388,0,2388,11940,2388,256,0,0,NaN,0,NaN,0.0,1.0,
1,7,MULTISTAGE_RH,LEXMMFPEA,shared_battery_mode_node_level_v1,SI-Drahi_10-d1-HET-ULO-BHI-72f1b1f90c,TK-PB-Drahi_10-d1-HET-ULO-d8d80a9180-r1,SS-102adc95e052,5,4,lex_phase_4,OPTIMAL,FEASIBLE_POINT,953.6769298628647,953.6769298628647,0,76446,76446,117321,207071,2388,0,2388,11940,2388,256,0,0,NaN,0,NaN,0.0,1.0,
1,7,MULTISTAGE_RH,LEXMMFPEA,shared_battery_mode_node_level_v1,SI-Drahi_10-d1-HET-ULO-BHI-72f1b1f90c,TK-PB-Drahi_10-d1-HET-ULO-d8d80a9180-r1,SS-102adc95e052,5,5,lex_phase_5,OPTIMAL,FEASIBLE_POINT,1192.0961623285807,1192.0961623285807,0,76446,76446,117322,207077,2388,0,2388,11940,2388,256,0,0,NaN,0,NaN,0.0,1.0,
1,7,MULTISTAGE_RH,LEXMMFPEA,shared_battery_mode_node_level_v1,SI-Drahi_10-d1-HET-ULO-BHI-72f1b1f90c,TK-PB-Drahi_10-d1-HET-ULO-d8d80a9180-r1,SS-102adc95e052,5,6,economic_tie_break,OPTIMAL,FEASIBLE_POINT,630380.5850484536,630380.5850484536,0,76446,76446,117323,207083,2388,0,2388,11940,2388,256,0,0,NaN,0,NaN,0.0,1.0,
1,8,MULTISTAGE_RH,LEXMMFPEA,shared_battery_mode_node_level_v1,SI-Drahi_10-d1-HET-ULO-BHI-72f1b1f90c,TK-PB-Drahi_10-d1-HET-ULO-d8d80a9180-r1,SS-102adc95e052,5,1,lex_phase_1,OPTIMAL,FEASIBLE_POINT,238.41923246571614,238.41923246571614,0,76446,76446,117318,207053,2388,0,2388,11940,2388,256,0,0,NaN,0,NaN,2.831068712794149e-15,1.0,
1,8,MULTISTAGE_RH,LEXMMFPEA,shared_battery_mode_node_level_v1,SI-Drahi_10-d1-HET-ULO-BHI-72f1b1f90c,TK-PB-Drahi_10-d1-HET-ULO-d8d80a9180-r1,SS-102adc95e052,5,2,lex_phase_2,OPTIMAL,FEASIBLE_POINT,476.8384649314323,476.8384649314323,0,76446,76446,117319,207059,2388,0,2388,11940,2388,256,0,0,NaN,0,NaN,2.831068712794149e-15,1.0,
1,8,MULTISTAGE_RH,LEXMMFPEA,shared_battery_mode_node_level_v1,SI-Drahi_10-d1-HET-ULO-BHI-72f1b1f90c,TK-PB-Drahi_10-d1-HET-ULO-d8d80a9180-r1,SS-102adc95e052,5,3,lex_phase_3,OPTIMAL,FEASIBLE_POINT,715.2576973971485,715.2576973971485,0,76446,76446,117320,207065,2388,0,2388,11940,2388,256,0,0,NaN,0,NaN,2.831068712794149e-15,1.0,
1,8,MULTISTAGE_RH,LEXMMFPEA,shared_battery_mode_node_level_v1,SI-Drahi_10-d1-HET-ULO-BHI-72f1b1f90c,TK-PB-Drahi_10-d1-HET-ULO-d8d80a9180-r1,SS-102adc95e052,5,4,lex_phase_4,OPTIMAL,FEASIBLE_POINT,953.6769298628647,953.6769298628647,0,76446,76446,117321,207071,2388,0,2388,11940,2388,256,0,0,NaN,0,NaN,2.831068712794149e-15,1.0,
1,8,MULTISTAGE_RH,LEXMMFPEA,shared_battery_mode_node_level_v1,SI-Drahi_10-d1-HET-ULO-BHI-72f1b1f90c,TK-PB-Drahi_10-d1-HET-ULO-d8d80a9180-r1,SS-102adc95e052,5,5,lex_phase_5,OPTIMAL,FEASIBLE_POINT,1192.0961623285807,1192.0961623285807,0,76446,76446,117322,207077,2388,0,2388,11940,2388,256,0,0,NaN,0,NaN,2.831068712794149e-15,1.0,
1,8,MULTISTAGE_RH,LEXMMFPEA,shared_battery_mode_node_level_v1,SI-Drahi_10-d1-HET-ULO-BHI-72f1b1f90c,TK-PB-Drahi_10-d1-HET-ULO-d8d80a9180-r1,SS-102adc95e052,5,6,economic_tie_break,OPTIMAL,FEASIBLE_POINT,630380.5850484536,630380.5850484536,0,76446,76446,117323,207083,2388,0,2388,11940,2388,256,0,0,NaN,0,NaN,2.831068712794149e-15,1.0,
1,9,MULTISTAGE_RH,LEXMMFPEA,shared_battery_mode_node_level_v1,SI-Drahi_10-d1-HET-ULO-BHI-72f1b1f90c,TK-PB-Drahi_10-d1-HET-ULO-d8d80a9180-r1,SS-19da242d4543,9,1,lex_phase_1,OPTIMAL,FEASIBLE_POINT,310.0803967118401,310.0803967118401,0,76446,76446,117318,211133,2388,0,2388,11940,2388,256,0,0,NaN,0,NaN,0.0,0.9999999999997726,
1,9,MULTISTAGE_RH,LEXMMFPEA,shared_battery_mode_node_level_v1,SI-Drahi_10-d1-HET-ULO-BHI-72f1b1f90c,TK-PB-Drahi_10-d1-HET-ULO-d8d80a9180-r1,SS-19da242d4543,9,2,lex_phase_2,OPTIMAL,FEASIBLE_POINT,620.1607934236803,620.1607934236803,0,76446,76446,117319,211139,2388,0,2388,11940,2388,256,0,0,NaN,0,NaN,0.0,0.9999999999997726,
1,9,MULTISTAGE_RH,LEXMMFPEA,shared_battery_mode_node_level_v1,SI-Drahi_10-d1-HET-ULO-BHI-72f1b1f90c,TK-PB-Drahi_10-d1-HET-ULO-d8d80a9180-r1,SS-19da242d4543,9,3,lex_phase_3,OPTIMAL,FEASIBLE_POINT,930.2411901355204,930.2411901355204,0,76446,76446,117320,211145,2388,0,2388,11940,2388,256,0,0,NaN,0,NaN,0.0,0.9999999999997726,
1,9,MULTISTAGE_RH,LEXMMFPEA,shared_battery_mode_node_level_v1,SI-Drahi_10-d1-HET-ULO-BHI-72f1b1f90c,TK-PB-Drahi_10-d1-HET-ULO-d8d80a9180-r1,SS-19da242d4543,9,4,lex_phase_4,OPTIMAL,FEASIBLE_POINT,1240.3215868473605,1240.3215868473605,0,76446,76446,117321,211151,2388,0,2388,11940,2388,256,0,0,NaN,0,NaN,0.0,0.9999999999997726,
1,9,MULTISTAGE_RH,LEXMMFPEA,shared_battery_mode_node_level_v1,SI-Drahi_10-d1-HET-ULO-BHI-72f1b1f90c,TK-PB-Drahi_10-d1-HET-ULO-d8d80a9180-r1,SS-19da242d4543,9,5,lex_phase_5,OPTIMAL,FEASIBLE_POINT,1550.4019835592005,1550.4019835592005,0,76446,76446,117322,211157,2388,0,2388,11940,2388,256,0,0,NaN,0,NaN,0.0,0.9999999999997726,
1,9,MULTISTAGE_RH,LEXMMFPEA,shared_battery_mode_node_level_v1,SI-Drahi_10-d1-HET-ULO-BHI-72f1b1f90c,TK-PB-Drahi_10-d1-HET-ULO-d8d80a9180-r1,SS-19da242d4543,9,6,economic_tie_break,OPTIMAL,FEASIBLE_POINT,641833.9111620334,641833.9111620334,0,76446,76446,117323,211163,2388,0,2388,11940,2388,256,0,0,NaN,0,NaN,0.0,0.9999999999997726,
1,10,MULTISTAGE_RH,LEXMMFPEA,shared_battery_mode_node_level_v1,SI-Drahi_10-d1-HET-ULO-BHI-72f1b1f90c,TK-PB-Drahi_10-d1-HET-ULO-d8d80a9180-r1,SS-19da242d4543,9,1,lex_phase_1,OPTIMAL,FEASIBLE_POINT,310.0803967118401,310.0803967118401,0,76446,76446,117318,211133,2388,0,2388,11940,2388,256,0,0,NaN,0,NaN,0.0,0.9999999999997726,
1,10,MULTISTAGE_RH,LEXMMFPEA,shared_battery_mode_node_level_v1,SI-Drahi_10-d1-HET-ULO-BHI-72f1b1f90c,TK-PB-Drahi_10-d1-HET-ULO-d8d80a9180-r1,SS-19da242d4543,9,2,lex_phase_2,OPTIMAL,FEASIBLE_POINT,620.1607934236803,620.1607934236803,0,76446,76446,117319,211139,2388,0,2388,11940,2388,256,0,0,NaN,0,NaN,0.0,0.9999999999997726,
1,10,MULTISTAGE_RH,LEXMMFPEA,shared_battery_mode_node_level_v1,SI-Drahi_10-d1-HET-ULO-BHI-72f1b1f90c,TK-PB-Drahi_10-d1-HET-ULO-d8d80a9180-r1,SS-19da242d4543,9,3,lex_phase_3,OPTIMAL,FEASIBLE_POINT,930.2411901355204,930.2411901355204,0,76446,76446,117320,211145,2388,0,2388,11940,2388,256,0,0,NaN,0,NaN,0.0,0.9999999999997726,
1,10,MULTISTAGE_RH,LEXMMFPEA,shared_battery_mode_node_level_v1,SI-Drahi_10-d1-HET-ULO-BHI-72f1b1f90c,TK-PB-Drahi_10-d1-HET-ULO-d8d80a9180-r1,SS-19da242d4543,9,4,lex_phase_4,OPTIMAL,FEASIBLE_POINT,1240.3215868473605,1240.3215868473605,0,76446,76446,117321,211151,2388,0,2388,11940,2388,256,0,0,NaN,0,NaN,0.0,0.9999999999997726,
1,10,MULTISTAGE_RH,LEXMMFPEA,shared_battery_mode_node_level_v1,SI-Drahi_10-d1-HET-ULO-BHI-72f1b1f90c,TK-PB-Drahi_10-d1-HET-ULO-d8d80a9180-r1,SS-19da242d4543,9,5,lex_phase_5,OPTIMAL,FEASIBLE_POINT,1550.4019835592005,1550.4019835592005,0,76446,76446,117322,211157,2388,0,2388,11940,2388,256,0,0,NaN,0,NaN,0.0,0.9999999999997726,
1,10,MULTISTAGE_RH,LEXMMFPEA,shared_battery_mode_node_level_v1,SI-Drahi_10-d1-HET-ULO-BHI-72f1b1f90c,TK-PB-Drahi_10-d1-HET-ULO-d8d80a9180-r1,SS-19da242d4543,9,6,economic_tie_break,OPTIMAL,FEASIBLE_POINT,641833.9111620334,641833.9111620334,0,76446,76446,117323,211163,2388,0,2388,11940,2388,256,0,0,NaN,0,NaN,0.0,0.9999999999997726,
1,11,MULTISTAGE_RH,LEXMMFPEA,shared_battery_mode_node_level_v1,SI-Drahi_10-d1-HET-ULO-BHI-72f1b1f90c,TK-PB-Drahi_10-d1-HET-ULO-d8d80a9180-r1,SS-19da242d4543,9,1,lex_phase_1,OPTIMAL,FEASIBLE_POINT,310.0803967118401,310.0803967118401,0,76446,76446,117318,211133,2388,0,2388,11940,2388,256,0,0,NaN,0,NaN,16.0,0.9999999999997726,
1,11,MULTISTAGE_RH,LEXMMFPEA,shared_battery_mode_node_level_v1,SI-Drahi_10-d1-HET-ULO-BHI-72f1b1f90c,TK-PB-Drahi_10-d1-HET-ULO-d8d80a9180-r1,SS-19da242d4543,9,2,lex_phase_2,OPTIMAL,FEASIBLE_POINT,620.1607934236803,620.1607934236803,0,76446,76446,117319,211139,2388,0,2388,11940,2388,256,0,0,NaN,0,NaN,16.0,0.9999999999997726,
1,11,MULTISTAGE_RH,LEXMMFPEA,shared_battery_mode_node_level_v1,SI-Drahi_10-d1-HET-ULO-BHI-72f1b1f90c,TK-PB-Drahi_10-d1-HET-ULO-d8d80a9180-r1,SS-19da242d4543,9,3,lex_phase_3,OPTIMAL,FEASIBLE_POINT,930.2411901355204,930.2411901355204,0,76446,76446,117320,211145,2388,0,2388,11940,2388,256,0,0,NaN,0,NaN,16.0,0.9999999999997726,
1,11,MULTISTAGE_RH,LEXMMFPEA,shared_battery_mode_node_level_v1,SI-Drahi_10-d1-HET-ULO-BHI-72f1b1f90c,TK-PB-Drahi_10-d1-HET-ULO-d8d80a9180-r1,SS-19da242d4543,9,4,lex_phase_4,OPTIMAL,FEASIBLE_POINT,1240.3215868473605,1240.3215868473605,0,76446,76446,117321,211151,2388,0,2388,11940,2388,256,0,0,NaN,0,NaN,16.0,0.9999999999997726,
1,11,MULTISTAGE_RH,LEXMMFPEA,shared_battery_mode_node_level_v1,SI-Drahi_10-d1-HET-ULO-BHI-72f1b1f90c,TK-PB-Drahi_10-d1-HET-ULO-d8d80a9180-r1,SS-19da242d4543,9,5,lex_phase_5,OPTIMAL,FEASIBLE_POINT,1550.4019835592005,1550.4019835592005,0,76446,76446,117322,211157,2388,0,2388,11940,2388,256,0,0,NaN,0,NaN,16.0,0.9999999999997726,
1,11,MULTISTAGE_RH,LEXMMFPEA,shared_battery_mode_node_level_v1,SI-Drahi_10-d1-HET-ULO-BHI-72f1b1f90c,TK-PB-Drahi_10-d1-HET-ULO-d8d80a9180-r1,SS-19da242d4543,9,6,economic_tie_break,OPTIMAL,FEASIBLE_POINT,641833.9111620334,641833.9111620334,0,76446,76446,117323,211163,2388,0,2388,11940,2388,256,0,0,NaN,0,NaN,16.0,0.9999999999997726,
1,12,MULTISTAGE_RH,LEXMMFPEA,shared_battery_mode_node_level_v1,SI-Drahi_10-d1-HET-ULO-BHI-72f1b1f90c,TK-PB-Drahi_10-d1-HET-ULO-d8d80a9180-r1,SS-19da242d4543,9,1,lex_phase_1,OPTIMAL,FEASIBLE_POINT,310.0803967118401,310.0803967118401,0,76446,76446,117318,211133,2388,0,2388,11940,2388,256,0,0,NaN,0,NaN,0.0,0.9999999999997726,
1,12,MULTISTAGE_RH,LEXMMFPEA,shared_battery_mode_node_level_v1,SI-Drahi_10-d1-HET-ULO-BHI-72f1b1f90c,TK-PB-Drahi_10-d1-HET-ULO-d8d80a9180-r1,SS-19da242d4543,9,2,lex_phase_2,OPTIMAL,FEASIBLE_POINT,620.1607934236803,620.1607934236803,0,76446,76446,117319,211139,2388,0,2388,11940,2388,256,0,0,NaN,0,NaN,0.0,0.9999999999997726,
1,12,MULTISTAGE_RH,LEXMMFPEA,shared_battery_mode_node_level_v1,SI-Drahi_10-d1-HET-ULO-BHI-72f1b1f90c,TK-PB-Drahi_10-d1-HET-ULO-d8d80a9180-r1,SS-19da242d4543,9,3,lex_phase_3,OPTIMAL,FEASIBLE_POINT,930.2411901355204,930.2411901355204,0,76446,76446,117320,211145,2388,0,2388,11940,2388,256,0,0,NaN,0,NaN,0.0,0.9999999999997726,
1,12,MULTISTAGE_RH,LEXMMFPEA,shared_battery_mode_node_level_v1,SI-Drahi_10-d1-HET-ULO-BHI-72f1b1f90c,TK-PB-Drahi_10-d1-HET-ULO-d8d80a9180-r1,SS-19da242d4543,9,4,lex_phase_4,OPTIMAL,FEASIBLE_POINT,1240.3215868473605,1240.3215868473605,0,76446,76446,117321,211151,2388,0,2388,11940,2388,256,0,0,NaN,0,NaN,0.0,0.9999999999997726,
1,12,MULTISTAGE_RH,LEXMMFPEA,shared_battery_mode_node_level_v1,SI-Drahi_10-d1-HET-ULO-BHI-72f1b1f90c,TK-PB-Drahi_10-d1-HET-ULO-d8d80a9180-r1,SS-19da242d4543,9,5,lex_phase_5,OPTIMAL,FEASIBLE_POINT,1550.4019835592005,1550.4019835592005,0,76446,76446,117322,211157,2388,0,2388,11940,2388,256,0,0,NaN,0,NaN,0.0,0.9999999999997726,
1,12,MULTISTAGE_RH,LEXMMFPEA,shared_battery_mode_node_level_v1,SI-Drahi_10-d1-HET-ULO-BHI-72f1b1f90c,TK-PB-Drahi_10-d1-HET-ULO-d8d80a9180-r1,SS-19da242d4543,9,6,economic_tie_break,OPTIMAL,FEASIBLE_POINT,641833.9111620334,641833.9111620334,0,76446,76446,117323,211163,2388,0,2388,11940,2388,256,0,0,NaN,0,NaN,0.0,0.9999999999997726,
1,13,MULTISTAGE_RH,LEXMMFPEA,shared_battery_mode_node_level_v1,SI-Drahi_10-d1-HET-ULO-BHI-72f1b1f90c,TK-PB-Drahi_10-d1-HET-ULO-d8d80a9180-r1,SS-354317d12b7f,13,1,lex_phase_1,OPTIMAL,FEASIBLE_POINT,405.96628260599505,405.96628260599505,0,76446,76446,117318,215993,2388,0,2388,11940,2388,256,0,0,NaN,0,NaN,5.3771353482260125,0.9999999999979536,
1,13,MULTISTAGE_RH,LEXMMFPEA,shared_battery_mode_node_level_v1,SI-Drahi_10-d1-HET-ULO-BHI-72f1b1f90c,TK-PB-Drahi_10-d1-HET-ULO-d8d80a9180-r1,SS-354317d12b7f,13,2,lex_phase_2,OPTIMAL,FEASIBLE_POINT,811.9325652119901,811.9325652119901,0,76446,76446,117319,215999,2388,0,2388,11940,2388,256,0,0,NaN,0,NaN,5.3771353482260125,0.9999999999979536,
1,13,MULTISTAGE_RH,LEXMMFPEA,shared_battery_mode_node_level_v1,SI-Drahi_10-d1-HET-ULO-BHI-72f1b1f90c,TK-PB-Drahi_10-d1-HET-ULO-d8d80a9180-r1,SS-354317d12b7f,13,3,lex_phase_3,OPTIMAL,FEASIBLE_POINT,1217.8988478179851,1217.8988478179851,0,76446,76446,117320,216005,2388,0,2388,11940,2388,256,0,0,NaN,0,NaN,5.3771353482260125,0.9999999999979536,
1,13,MULTISTAGE_RH,LEXMMFPEA,shared_battery_mode_node_level_v1,SI-Drahi_10-d1-HET-ULO-BHI-72f1b1f90c,TK-PB-Drahi_10-d1-HET-ULO-d8d80a9180-r1,SS-354317d12b7f,13,4,lex_phase_4,OPTIMAL,FEASIBLE_POINT,1623.8651304239802,1623.8651304239802,0,76446,76446,117321,216011,2388,0,2388,11940,2388,256,0,0,NaN,0,NaN,5.3771353482260125,0.9999999999979536,
1,13,MULTISTAGE_RH,LEXMMFPEA,shared_battery_mode_node_level_v1,SI-Drahi_10-d1-HET-ULO-BHI-72f1b1f90c,TK-PB-Drahi_10-d1-HET-ULO-d8d80a9180-r1,SS-354317d12b7f,13,5,lex_phase_5,OPTIMAL,FEASIBLE_POINT,2029.8314130299755,2029.8314130299755,0,76446,76446,117322,216017,2388,0,2388,11940,2388,256,0,0,NaN,0,NaN,5.3771353482260125,0.9999999999979536,
1,13,MULTISTAGE_RH,LEXMMFPEA,shared_battery_mode_node_level_v1,SI-Drahi_10-d1-HET-ULO-BHI-72f1b1f90c,TK-PB-Drahi_10-d1-HET-ULO-d8d80a9180-r1,SS-354317d12b7f,13,6,economic_tie_break,OPTIMAL,FEASIBLE_POINT,625821.7729982793,625821.7729982793,0,76446,76446,117323,216023,2388,0,2388,11940,2388,256,0,0,NaN,0,NaN,5.3771353482260125,0.9999999999979536,
1,14,MULTISTAGE_RH,LEXMMFPEA,shared_battery_mode_node_level_v1,SI-Drahi_10-d1-HET-ULO-BHI-72f1b1f90c,TK-PB-Drahi_10-d1-HET-ULO-d8d80a9180-r1,SS-354317d12b7f,13,1,lex_phase_1,OPTIMAL,FEASIBLE_POINT,405.96628260599505,405.96628260599505,0,76446,76446,117318,215993,2388,0,2388,11940,2388,256,0,0,NaN,0,NaN,1.4210854715202004e-14,0.9999999999979536,
1,14,MULTISTAGE_RH,LEXMMFPEA,shared_battery_mode_node_level_v1,SI-Drahi_10-d1-HET-ULO-BHI-72f1b1f90c,TK-PB-Drahi_10-d1-HET-ULO-d8d80a9180-r1,SS-354317d12b7f,13,2,lex_phase_2,OPTIMAL,FEASIBLE_POINT,811.9325652119901,811.9325652119901,0,76446,76446,117319,215999,2388,0,2388,11940,2388,256,0,0,NaN,0,NaN,1.4210854715202004e-14,0.9999999999979536,
1,14,MULTISTAGE_RH,LEXMMFPEA,shared_battery_mode_node_level_v1,SI-Drahi_10-d1-HET-ULO-BHI-72f1b1f90c,TK-PB-Drahi_10-d1-HET-ULO-d8d80a9180-r1,SS-354317d12b7f,13,3,lex_phase_3,OPTIMAL,FEASIBLE_POINT,1217.8988478179851,1217.8988478179851,0,76446,76446,117320,216005,2388,0,2388,11940,2388,256,0,0,NaN,0,NaN,1.4210854715202004e-14,0.9999999999979536,
1,14,MULTISTAGE_RH,LEXMMFPEA,shared_battery_mode_node_level_v1,SI-Drahi_10-d1-HET-ULO-BHI-72f1b1f90c,TK-PB-Drahi_10-d1-HET-ULO-d8d80a9180-r1,SS-354317d12b7f,13,4,lex_phase_4,OPTIMAL,FEASIBLE_POINT,1623.8651304239802,1623.8651304239802,0,76446,76446,117321,216011,2388,0,2388,11940,2388,256,0,0,NaN,0,NaN,1.4210854715202004e-14,0.9999999999979536,
1,14,MULTISTAGE_RH,LEXMMFPEA,shared_battery_mode_node_level_v1,SI-Drahi_10-d1-HET-ULO-BHI-72f1b1f90c,TK-PB-Drahi_10-d1-HET-ULO-d8d80a9180-r1,SS-354317d12b7f,13,5,lex_phase_5,OPTIMAL,FEASIBLE_POINT,2029.8314130299755,2029.8314130299755,0,76446,76446,117322,216017,2388,0,2388,11940,2388,256,0,0,NaN,0,NaN,1.4210854715202004e-14,0.9999999999979536,
1,14,MULTISTAGE_RH,LEXMMFPEA,shared_battery_mode_node_level_v1,SI-Drahi_10-d1-HET-ULO-BHI-72f1b1f90c,TK-PB-Drahi_10-d1-HET-ULO-d8d80a9180-r1,SS-354317d12b7f,13,6,economic_tie_break,OPTIMAL,FEASIBLE_POINT,625821.7729982793,625821.7729982793,0,76446,76446,117323,216023,2388,0,2388,11940,2388,256,0,0,NaN,0,NaN,1.4210854715202004e-14,0.9999999999979536,
1,15,MULTISTAGE_RH,LEXMMFPEA,shared_battery_mode_node_level_v1,SI-Drahi_10-d1-HET-ULO-BHI-72f1b1f90c,TK-PB-Drahi_10-d1-HET-ULO-d8d80a9180-r1,SS-354317d12b7f,13,1,lex_phase_1,OPTIMAL,FEASIBLE_POINT,405.96628260599505,405.96628260599505,0,76446,76446,117318,215993,2388,0,2388,11940,2388,256,0,0,NaN,0,NaN,16.0,0.9999999999979536,
1,15,MULTISTAGE_RH,LEXMMFPEA,shared_battery_mode_node_level_v1,SI-Drahi_10-d1-HET-ULO-BHI-72f1b1f90c,TK-PB-Drahi_10-d1-HET-ULO-d8d80a9180-r1,SS-354317d12b7f,13,2,lex_phase_2,OPTIMAL,FEASIBLE_POINT,811.9325652119901,811.9325652119901,0,76446,76446,117319,215999,2388,0,2388,11940,2388,256,0,0,NaN,0,NaN,16.0,0.9999999999979536,
1,15,MULTISTAGE_RH,LEXMMFPEA,shared_battery_mode_node_level_v1,SI-Drahi_10-d1-HET-ULO-BHI-72f1b1f90c,TK-PB-Drahi_10-d1-HET-ULO-d8d80a9180-r1,SS-354317d12b7f,13,3,lex_phase_3,OPTIMAL,FEASIBLE_POINT,1217.8988478179851,1217.8988478179851,0,76446,76446,117320,216005,2388,0,2388,11940,2388,256,0,0,NaN,0,NaN,16.0,0.9999999999979536,
1,15,MULTISTAGE_RH,LEXMMFPEA,shared_battery_mode_node_level_v1,SI-Drahi_10-d1-HET-ULO-BHI-72f1b1f90c,TK-PB-Drahi_10-d1-HET-ULO-d8d80a9180-r1,SS-354317d12b7f,13,4,lex_phase_4,OPTIMAL,FEASIBLE_POINT,1623.8651304239802,1623.8651304239802,0,76446,76446,117321,216011,2388,0,2388,11940,2388,256,0,0,NaN,0,NaN,16.0,0.9999999999979536,
1,15,MULTISTAGE_RH,LEXMMFPEA,shared_battery_mode_node_level_v1,SI-Drahi_10-d1-HET-ULO-BHI-72f1b1f90c,TK-PB-Drahi_10-d1-HET-ULO-d8d80a9180-r1,SS-354317d12b7f,13,5,lex_phase_5,OPTIMAL,FEASIBLE_POINT,2029.8314130299755,2029.8314130299755,0,76446,76446,117322,216017,2388,0,2388,11940,2388,256,0,0,NaN,0,NaN,16.0,0.9999999999979536,
1,15,MULTISTAGE_RH,LEXMMFPEA,shared_battery_mode_node_level_v1,SI-Drahi_10-d1-HET-ULO-BHI-72f1b1f90c,TK-PB-Drahi_10-d1-HET-ULO-d8d80a9180-r1,SS-354317d12b7f,13,6,economic_tie_break,OPTIMAL,FEASIBLE_POINT,625821.7729982793,625821.7729982793,0,76446,76446,117323,216023,2388,0,2388,11940,2388,256,0,0,NaN,0,NaN,16.0,0.9999999999979536,
1,16,MULTISTAGE_RH,LEXMMFPEA,shared_battery_mode_node_level_v1,SI-Drahi_10-d1-HET-ULO-BHI-72f1b1f90c,TK-PB-Drahi_10-d1-HET-ULO-d8d80a9180-r1,SS-354317d12b7f,13,1,lex_phase_1,OPTIMAL,FEASIBLE_POINT,405.96628260599505,405.96628260599505,0,76446,76446,117318,215993,2388,0,2388,11940,2388,256,0,0,NaN,0,NaN,2.842170943040401e-14,0.9999999999979536,
1,16,MULTISTAGE_RH,LEXMMFPEA,shared_battery_mode_node_level_v1,SI-Drahi_10-d1-HET-ULO-BHI-72f1b1f90c,TK-PB-Drahi_10-d1-HET-ULO-d8d80a9180-r1,SS-354317d12b7f,13,2,lex_phase_2,OPTIMAL,FEASIBLE_POINT,811.9325652119901,811.9325652119901,0,76446,76446,117319,215999,2388,0,2388,11940,2388,256,0,0,NaN,0,NaN,2.842170943040401e-14,0.9999999999979536,
1,16,MULTISTAGE_RH,LEXMMFPEA,shared_battery_mode_node_level_v1,SI-Drahi_10-d1-HET-ULO-BHI-72f1b1f90c,TK-PB-Drahi_10-d1-HET-ULO-d8d80a9180-r1,SS-354317d12b7f,13,3,lex_phase_3,OPTIMAL,FEASIBLE_POINT,1217.8988478179851,1217.8988478179851,0,76446,76446,117320,216005,2388,0,2388,11940,2388,256,0,0,NaN,0,NaN,2.842170943040401e-14,0.9999999999979536,
1,16,MULTISTAGE_RH,LEXMMFPEA,shared_battery_mode_node_level_v1,SI-Drahi_10-d1-HET-ULO-BHI-72f1b1f90c,TK-PB-Drahi_10-d1-HET-ULO-d8d80a9180-r1,SS-354317d12b7f,13,4,lex_phase_4,OPTIMAL,FEASIBLE_POINT,1623.8651304239802,1623.8651304239802,0,76446,76446,117321,216011,2388,0,2388,11940,2388,256,0,0,NaN,0,NaN,2.842170943040401e-14,0.9999999999979536,
1,16,MULTISTAGE_RH,LEXMMFPEA,shared_battery_mode_node_level_v1,SI-Drahi_10-d1-HET-ULO-BHI-72f1b1f90c,TK-PB-Drahi_10-d1-HET-ULO-d8d80a9180-r1,SS-354317d12b7f,13,5,lex_phase_5,OPTIMAL,FEASIBLE_POINT,2029.8314130299755,2029.8314130299755,0,76446,76446,117322,216017,2388,0,2388,11940,2388,256,0,0,NaN,0,NaN,2.842170943040401e-14,0.9999999999979536,
1,16,MULTISTAGE_RH,LEXMMFPEA,shared_battery_mode_node_level_v1,SI-Drahi_10-d1-HET-ULO-BHI-72f1b1f90c,TK-PB-Drahi_10-d1-HET-ULO-d8d80a9180-r1,SS-354317d12b7f,13,6,economic_tie_break,OPTIMAL,FEASIBLE_POINT,625821.7729982793,625821.7729982793,0,76446,76446,117323,216023,2388,0,2388,11940,2388,256,0,0,NaN,0,NaN,2.842170943040401e-14,0.9999999999979536,
1,17,MULTISTAGE_RH,LEXMMFPEA,shared_battery_mode_node_level_v1,SI-Drahi_10-d1-HET-ULO-BHI-72f1b1f90c,TK-PB-Drahi_10-d1-HET-ULO-d8d80a9180-r1,SS-c81930d9c8ba,17,1,lex_phase_1,OPTIMAL,FEASIBLE_POINT,490.2717343635517,490.2717343635517,0,76446,76446,117318,217208,2388,0,2388,11940,2388,256,0,0,NaN,0,NaN,2.842170943040401e-14,0.9999999999996589,
1,17,MULTISTAGE_RH,LEXMMFPEA,shared_battery_mode_node_level_v1,SI-Drahi_10-d1-HET-ULO-BHI-72f1b1f90c,TK-PB-Drahi_10-d1-HET-ULO-d8d80a9180-r1,SS-c81930d9c8ba,17,2,lex_phase_2,OPTIMAL,FEASIBLE_POINT,980.5434687271035,980.5434687271035,0,76446,76446,117319,217214,2388,0,2388,11940,2388,256,0,0,NaN,0,NaN,2.842170943040401e-14,0.9999999999996589,
1,17,MULTISTAGE_RH,LEXMMFPEA,shared_battery_mode_node_level_v1,SI-Drahi_10-d1-HET-ULO-BHI-72f1b1f90c,TK-PB-Drahi_10-d1-HET-ULO-d8d80a9180-r1,SS-c81930d9c8ba,17,3,lex_phase_3,OPTIMAL,FEASIBLE_POINT,1470.8152030906551,1470.8152030906551,0,76446,76446,117320,217220,2388,0,2388,11940,2388,256,0,0,NaN,0,NaN,2.842170943040401e-14,0.9999999999996589,
1,17,MULTISTAGE_RH,LEXMMFPEA,shared_battery_mode_node_level_v1,SI-Drahi_10-d1-HET-ULO-BHI-72f1b1f90c,TK-PB-Drahi_10-d1-HET-ULO-d8d80a9180-r1,SS-c81930d9c8ba,17,4,lex_phase_4,OPTIMAL,FEASIBLE_POINT,1961.086937454207,1961.086937454207,0,76446,76446,117321,217226,2388,0,2388,11940,2388,256,0,0,NaN,0,NaN,2.842170943040401e-14,0.9999999999996589,
1,17,MULTISTAGE_RH,LEXMMFPEA,shared_battery_mode_node_level_v1,SI-Drahi_10-d1-HET-ULO-BHI-72f1b1f90c,TK-PB-Drahi_10-d1-HET-ULO-d8d80a9180-r1,SS-c81930d9c8ba,17,5,lex_phase_5,OPTIMAL,FEASIBLE_POINT,2451.358671817758,2451.358671817758,0,76446,76446,117322,217232,2388,0,2388,11940,2388,256,0,0,NaN,0,NaN,2.842170943040401e-14,0.9999999999996589,
1,17,MULTISTAGE_RH,LEXMMFPEA,shared_battery_mode_node_level_v1,SI-Drahi_10-d1-HET-ULO-BHI-72f1b1f90c,TK-PB-Drahi_10-d1-HET-ULO-d8d80a9180-r1,SS-c81930d9c8ba,17,6,economic_tie_break,OPTIMAL,FEASIBLE_POINT,641660.4357439523,641660.4357439523,0,76446,76446,117323,217238,2388,0,2388,11940,2388,256,0,0,NaN,0,NaN,2.842170943040401e-14,0.9999999999996589,
1,18,MULTISTAGE_RH,LEXMMFPEA,shared_battery_mode_node_level_v1,SI-Drahi_10-d1-HET-ULO-BHI-72f1b1f90c,TK-PB-Drahi_10-d1-HET-ULO-d8d80a9180-r1,SS-c81930d9c8ba,17,1,lex_phase_1,OPTIMAL,FEASIBLE_POINT,490.2717343635517,490.2717343635517,0,76446,76446,117318,217208,2388,0,2388,11940,2388,256,0,0,NaN,0,NaN,2.842170943040401e-14,0.9999999999996589,
1,18,MULTISTAGE_RH,LEXMMFPEA,shared_battery_mode_node_level_v1,SI-Drahi_10-d1-HET-ULO-BHI-72f1b1f90c,TK-PB-Drahi_10-d1-HET-ULO-d8d80a9180-r1,SS-c81930d9c8ba,17,2,lex_phase_2,OPTIMAL,FEASIBLE_POINT,980.5434687271035,980.5434687271035,0,76446,76446,117319,217214,2388,0,2388,11940,2388,256,0,0,NaN,0,NaN,2.842170943040401e-14,0.9999999999996589,
1,18,MULTISTAGE_RH,LEXMMFPEA,shared_battery_mode_node_level_v1,SI-Drahi_10-d1-HET-ULO-BHI-72f1b1f90c,TK-PB-Drahi_10-d1-HET-ULO-d8d80a9180-r1,SS-c81930d9c8ba,17,3,lex_phase_3,OPTIMAL,FEASIBLE_POINT,1470.8152030906551,1470.8152030906551,0,76446,76446,117320,217220,2388,0,2388,11940,2388,256,0,0,NaN,0,NaN,2.842170943040401e-14,0.9999999999996589,
1,18,MULTISTAGE_RH,LEXMMFPEA,shared_battery_mode_node_level_v1,SI-Drahi_10-d1-HET-ULO-BHI-72f1b1f90c,TK-PB-Drahi_10-d1-HET-ULO-d8d80a9180-r1,SS-c81930d9c8ba,17,4,lex_phase_4,OPTIMAL,FEASIBLE_POINT,1961.086937454207,1961.086937454207,0,76446,76446,117321,217226,2388,0,2388,11940,2388,256,0,0,NaN,0,NaN,2.842170943040401e-14,0.9999999999996589,
1,18,MULTISTAGE_RH,LEXMMFPEA,shared_battery_mode_node_level_v1,SI-Drahi_10-d1-HET-ULO-BHI-72f1b1f90c,TK-PB-Drahi_10-d1-HET-ULO-d8d80a9180-r1,SS-c81930d9c8ba,17,5,lex_phase_5,OPTIMAL,FEASIBLE_POINT,2451.358671817758,2451.358671817758,0,76446,76446,117322,217232,2388,0,2388,11940,2388,256,0,0,NaN,0,NaN,2.842170943040401e-14,0.9999999999996589,
1,18,MULTISTAGE_RH,LEXMMFPEA,shared_battery_mode_node_level_v1,SI-Drahi_10-d1-HET-ULO-BHI-72f1b1f90c,TK-PB-Drahi_10-d1-HET-ULO-d8d80a9180-r1,SS-c81930d9c8ba,17,6,economic_tie_break,OPTIMAL,FEASIBLE_POINT,641660.4357439523,641660.4357439523,0,76446,76446,117323,217238,2388,0,2388,11940,2388,256,0,0,NaN,0,NaN,2.842170943040401e-14,0.9999999999996589,
1,19,MULTISTAGE_RH,LEXMMFPEA,shared_battery_mode_node_level_v1,SI-Drahi_10-d1-HET-ULO-BHI-72f1b1f90c,TK-PB-Drahi_10-d1-HET-ULO-d8d80a9180-r1,SS-c81930d9c8ba,17,1,lex_phase_1,OPTIMAL,FEASIBLE_POINT,490.2717343635517,490.2717343635517,0,76446,76446,117318,217208,2388,0,2388,11940,2388,256,0,0,NaN,0,NaN,2.842170943040401e-14,0.9999999999996589,
1,19,MULTISTAGE_RH,LEXMMFPEA,shared_battery_mode_node_level_v1,SI-Drahi_10-d1-HET-ULO-BHI-72f1b1f90c,TK-PB-Drahi_10-d1-HET-ULO-d8d80a9180-r1,SS-c81930d9c8ba,17,2,lex_phase_2,OPTIMAL,FEASIBLE_POINT,980.5434687271035,980.5434687271035,0,76446,76446,117319,217214,2388,0,2388,11940,2388,256,0,0,NaN,0,NaN,2.842170943040401e-14,0.9999999999996589,
1,19,MULTISTAGE_RH,LEXMMFPEA,shared_battery_mode_node_level_v1,SI-Drahi_10-d1-HET-ULO-BHI-72f1b1f90c,TK-PB-Drahi_10-d1-HET-ULO-d8d80a9180-r1,SS-c81930d9c8ba,17,3,lex_phase_3,OPTIMAL,FEASIBLE_POINT,1470.8152030906551,1470.8152030906551,0,76446,76446,117320,217220,2388,0,2388,11940,2388,256,0,0,NaN,0,NaN,2.842170943040401e-14,0.9999999999996589,
1,19,MULTISTAGE_RH,LEXMMFPEA,shared_battery_mode_node_level_v1,SI-Drahi_10-d1-HET-ULO-BHI-72f1b1f90c,TK-PB-Drahi_10-d1-HET-ULO-d8d80a9180-r1,SS-c81930d9c8ba,17,4,lex_phase_4,OPTIMAL,FEASIBLE_POINT,1961.086937454207,1961.086937454207,0,76446,76446,117321,217226,2388,0,2388,11940,2388,256,0,0,NaN,0,NaN,2.842170943040401e-14,0.9999999999996589,
1,19,MULTISTAGE_RH,LEXMMFPEA,shared_battery_mode_node_level_v1,SI-Drahi_10-d1-HET-ULO-BHI-72f1b1f90c,TK-PB-Drahi_10-d1-HET-ULO-d8d80a9180-r1,SS-c81930d9c8ba,17,5,lex_phase_5,OPTIMAL,FEASIBLE_POINT,2451.358671817758,2451.358671817758,0,76446,76446,117322,217232,2388,0,2388,11940,2388,256,0,0,NaN,0,NaN,2.842170943040401e-14,0.9999999999996589,
1,19,MULTISTAGE_RH,LEXMMFPEA,shared_battery_mode_node_level_v1,SI-Drahi_10-d1-HET-ULO-BHI-72f1b1f90c,TK-PB-Drahi_10-d1-HET-ULO-d8d80a9180-r1,SS-c81930d9c8ba,17,6,economic_tie_break,OPTIMAL,FEASIBLE_POINT,641660.4357439523,641660.4357439523,0,76446,76446,117323,217238,2388,0,2388,11940,2388,256,0,0,NaN,0,NaN,2.842170943040401e-14,0.9999999999996589,
1,20,MULTISTAGE_RH,LEXMMFPEA,shared_battery_mode_node_level_v1,SI-Drahi_10-d1-HET-ULO-BHI-72f1b1f90c,TK-PB-Drahi_10-d1-HET-ULO-d8d80a9180-r1,SS-c81930d9c8ba,17,1,lex_phase_1,OPTIMAL,FEASIBLE_POINT,490.2717343635517,490.2717343635517,0,76446,76446,117318,217208,2388,0,2388,11940,2388,256,0,0,NaN,0,NaN,2.842170943040401e-14,0.9999999999996589,
1,20,MULTISTAGE_RH,LEXMMFPEA,shared_battery_mode_node_level_v1,SI-Drahi_10-d1-HET-ULO-BHI-72f1b1f90c,TK-PB-Drahi_10-d1-HET-ULO-d8d80a9180-r1,SS-c81930d9c8ba,17,2,lex_phase_2,OPTIMAL,FEASIBLE_POINT,980.5434687271035,980.5434687271035,0,76446,76446,117319,217214,2388,0,2388,11940,2388,256,0,0,NaN,0,NaN,2.842170943040401e-14,0.9999999999996589,
1,20,MULTISTAGE_RH,LEXMMFPEA,shared_battery_mode_node_level_v1,SI-Drahi_10-d1-HET-ULO-BHI-72f1b1f90c,TK-PB-Drahi_10-d1-HET-ULO-d8d80a9180-r1,SS-c81930d9c8ba,17,3,lex_phase_3,OPTIMAL,FEASIBLE_POINT,1470.8152030906551,1470.8152030906551,0,76446,76446,117320,217220,2388,0,2388,11940,2388,256,0,0,NaN,0,NaN,2.842170943040401e-14,0.9999999999996589,
1,20,MULTISTAGE_RH,LEXMMFPEA,shared_battery_mode_node_level_v1,SI-Drahi_10-d1-HET-ULO-BHI-72f1b1f90c,TK-PB-Drahi_10-d1-HET-ULO-d8d80a9180-r1,SS-c81930d9c8ba,17,4,lex_phase_4,OPTIMAL,FEASIBLE_POINT,1961.086937454207,1961.086937454207,0,76446,76446,117321,217226,2388,0,2388,11940,2388,256,0,0,NaN,0,NaN,2.842170943040401e-14,0.9999999999996589,
1,20,MULTISTAGE_RH,LEXMMFPEA,shared_battery_mode_node_level_v1,SI-Drahi_10-d1-HET-ULO-BHI-72f1b1f90c,TK-PB-Drahi_10-d1-HET-ULO-d8d80a9180-r1,SS-c81930d9c8ba,17,5,lex_phase_5,OPTIMAL,FEASIBLE_POINT,2451.358671817758,2451.358671817758,0,76446,76446,117322,217232,2388,0,2388,11940,2388,256,0,0,NaN,0,NaN,2.842170943040401e-14,0.9999999999996589,
1,20,MULTISTAGE_RH,LEXMMFPEA,shared_battery_mode_node_level_v1,SI-Drahi_10-d1-HET-ULO-BHI-72f1b1f90c,TK-PB-Drahi_10-d1-HET-ULO-d8d80a9180-r1,SS-c81930d9c8ba,17,6,economic_tie_break,OPTIMAL,FEASIBLE_POINT,641660.4357439523,641660.4357439523,0,76446,76446,117323,217238,2388,0,2388,11940,2388,256,0,0,NaN,0,NaN,2.842170943040401e-14,0.9999999999996589,
1,21,MULTISTAGE_RH,LEXMMFPEA,shared_battery_mode_node_level_v1,SI-Drahi_10-d1-HET-ULO-BHI-72f1b1f90c,TK-PB-Drahi_10-d1-HET-ULO-d8d80a9180-r1,SS-3cf9bda45ea4,21,1,lex_phase_1,OPTIMAL,FEASIBLE_POINT,502.5996664439158,502.5996664439158,0,76446,76446,117318,216233,2388,0,2388,11940,2388,256,0,0,NaN,0,NaN,0.4020083102493075,1.0000000000009095,
1,21,MULTISTAGE_RH,LEXMMFPEA,shared_battery_mode_node_level_v1,SI-Drahi_10-d1-HET-ULO-BHI-72f1b1f90c,TK-PB-Drahi_10-d1-HET-ULO-d8d80a9180-r1,SS-3cf9bda45ea4,21,2,lex_phase_2,OPTIMAL,FEASIBLE_POINT,1005.1993328878317,1005.1993328878317,0,76446,76446,117319,216239,2388,0,2388,11940,2388,256,0,0,NaN,0,NaN,0.4020083102493075,1.0000000000009095,
1,21,MULTISTAGE_RH,LEXMMFPEA,shared_battery_mode_node_level_v1,SI-Drahi_10-d1-HET-ULO-BHI-72f1b1f90c,TK-PB-Drahi_10-d1-HET-ULO-d8d80a9180-r1,SS-3cf9bda45ea4,21,3,lex_phase_3,OPTIMAL,FEASIBLE_POINT,1507.7989993317476,1507.7989993317476,0,76446,76446,117320,216245,2388,0,2388,11940,2388,256,0,0,NaN,0,NaN,0.4020083102493075,1.0000000000009095,
1,21,MULTISTAGE_RH,LEXMMFPEA,shared_battery_mode_node_level_v1,SI-Drahi_10-d1-HET-ULO-BHI-72f1b1f90c,TK-PB-Drahi_10-d1-HET-ULO-d8d80a9180-r1,SS-3cf9bda45ea4,21,4,lex_phase_4,OPTIMAL,FEASIBLE_POINT,2010.3986657756634,2010.3986657756634,0,76446,76446,117321,216251,2388,0,2388,11940,2388,256,0,0,NaN,0,NaN,0.4020083102493075,1.0000000000009095,
1,21,MULTISTAGE_RH,LEXMMFPEA,shared_battery_mode_node_level_v1,SI-Drahi_10-d1-HET-ULO-BHI-72f1b1f90c,TK-PB-Drahi_10-d1-HET-ULO-d8d80a9180-r1,SS-3cf9bda45ea4,21,5,lex_phase_5,OPTIMAL,FEASIBLE_POINT,2512.998332219579,2512.998332219579,0,76446,76446,117322,216257,2388,0,2388,11940,2388,256,0,0,NaN,0,NaN,0.4020083102493075,1.0000000000009095,
1,21,MULTISTAGE_RH,LEXMMFPEA,shared_battery_mode_node_level_v1,SI-Drahi_10-d1-HET-ULO-BHI-72f1b1f90c,TK-PB-Drahi_10-d1-HET-ULO-d8d80a9180-r1,SS-3cf9bda45ea4,21,6,economic_tie_break,OPTIMAL,FEASIBLE_POINT,629985.222087998,629985.222087998,0,76446,76446,117323,216263,2388,0,2388,11940,2388,256,0,0,NaN,0,NaN,0.4020083102493075,1.0000000000009095,
1,22,MULTISTAGE_RH,LEXMMFPEA,shared_battery_mode_node_level_v1,SI-Drahi_10-d1-HET-ULO-BHI-72f1b1f90c,TK-PB-Drahi_10-d1-HET-ULO-d8d80a9180-r1,SS-3cf9bda45ea4,21,1,lex_phase_1,OPTIMAL,FEASIBLE_POINT,502.5996664439158,502.5996664439158,0,76446,76446,117318,216233,2388,0,2388,11940,2388,256,0,0,NaN,0,NaN,0.0,1.0000000000009095,
1,22,MULTISTAGE_RH,LEXMMFPEA,shared_battery_mode_node_level_v1,SI-Drahi_10-d1-HET-ULO-BHI-72f1b1f90c,TK-PB-Drahi_10-d1-HET-ULO-d8d80a9180-r1,SS-3cf9bda45ea4,21,2,lex_phase_2,OPTIMAL,FEASIBLE_POINT,1005.1993328878317,1005.1993328878317,0,76446,76446,117319,216239,2388,0,2388,11940,2388,256,0,0,NaN,0,NaN,0.0,1.0000000000009095,
1,22,MULTISTAGE_RH,LEXMMFPEA,shared_battery_mode_node_level_v1,SI-Drahi_10-d1-HET-ULO-BHI-72f1b1f90c,TK-PB-Drahi_10-d1-HET-ULO-d8d80a9180-r1,SS-3cf9bda45ea4,21,3,lex_phase_3,OPTIMAL,FEASIBLE_POINT,1507.7989993317476,1507.7989993317476,0,76446,76446,117320,216245,2388,0,2388,11940,2388,256,0,0,NaN,0,NaN,0.0,1.0000000000009095,
1,22,MULTISTAGE_RH,LEXMMFPEA,shared_battery_mode_node_level_v1,SI-Drahi_10-d1-HET-ULO-BHI-72f1b1f90c,TK-PB-Drahi_10-d1-HET-ULO-d8d80a9180-r1,SS-3cf9bda45ea4,21,4,lex_phase_4,OPTIMAL,FEASIBLE_POINT,2010.3986657756634,2010.3986657756634,0,76446,76446,117321,216251,2388,0,2388,11940,2388,256,0,0,NaN,0,NaN,0.0,1.0000000000009095,
1,22,MULTISTAGE_RH,LEXMMFPEA,shared_battery_mode_node_level_v1,SI-Drahi_10-d1-HET-ULO-BHI-72f1b1f90c,TK-PB-Drahi_10-d1-HET-ULO-d8d80a9180-r1,SS-3cf9bda45ea4,21,5,lex_phase_5,OPTIMAL,FEASIBLE_POINT,2512.998332219579,2512.998332219579,0,76446,76446,117322,216257,2388,0,2388,11940,2388,256,0,0,NaN,0,NaN,0.0,1.0000000000009095,
1,22,MULTISTAGE_RH,LEXMMFPEA,shared_battery_mode_node_level_v1,SI-Drahi_10-d1-HET-ULO-BHI-72f1b1f90c,TK-PB-Drahi_10-d1-HET-ULO-d8d80a9180-r1,SS-3cf9bda45ea4,21,6,economic_tie_break,OPTIMAL,FEASIBLE_POINT,629985.222087998,629985.222087998,0,76446,76446,117323,216263,2388,0,2388,11940,2388,256,0,0,NaN,0,NaN,0.0,1.0000000000009095,
1,23,MULTISTAGE_RH,LEXMMFPEA,shared_battery_mode_node_level_v1,SI-Drahi_10-d1-HET-ULO-BHI-72f1b1f90c,TK-PB-Drahi_10-d1-HET-ULO-d8d80a9180-r1,SS-3cf9bda45ea4,21,1,lex_phase_1,OPTIMAL,FEASIBLE_POINT,502.5996664439158,502.5996664439158,0,76446,76446,117318,216233,2388,0,2388,11940,2388,256,0,0,NaN,0,NaN,0.0,1.0000000000009095,
1,23,MULTISTAGE_RH,LEXMMFPEA,shared_battery_mode_node_level_v1,SI-Drahi_10-d1-HET-ULO-BHI-72f1b1f90c,TK-PB-Drahi_10-d1-HET-ULO-d8d80a9180-r1,SS-3cf9bda45ea4,21,2,lex_phase_2,OPTIMAL,FEASIBLE_POINT,1005.1993328878317,1005.1993328878317,0,76446,76446,117319,216239,2388,0,2388,11940,2388,256,0,0,NaN,0,NaN,0.0,1.0000000000009095,
1,23,MULTISTAGE_RH,LEXMMFPEA,shared_battery_mode_node_level_v1,SI-Drahi_10-d1-HET-ULO-BHI-72f1b1f90c,TK-PB-Drahi_10-d1-HET-ULO-d8d80a9180-r1,SS-3cf9bda45ea4,21,3,lex_phase_3,OPTIMAL,FEASIBLE_POINT,1507.7989993317476,1507.7989993317476,0,76446,76446,117320,216245,2388,0,2388,11940,2388,256,0,0,NaN,0,NaN,0.0,1.0000000000009095,
1,23,MULTISTAGE_RH,LEXMMFPEA,shared_battery_mode_node_level_v1,SI-Drahi_10-d1-HET-ULO-BHI-72f1b1f90c,TK-PB-Drahi_10-d1-HET-ULO-d8d80a9180-r1,SS-3cf9bda45ea4,21,4,lex_phase_4,OPTIMAL,FEASIBLE_POINT,2010.3986657756634,2010.3986657756634,0,76446,76446,117321,216251,2388,0,2388,11940,2388,256,0,0,NaN,0,NaN,0.0,1.0000000000009095,
1,23,MULTISTAGE_RH,LEXMMFPEA,shared_battery_mode_node_level_v1,SI-Drahi_10-d1-HET-ULO-BHI-72f1b1f90c,TK-PB-Drahi_10-d1-HET-ULO-d8d80a9180-r1,SS-3cf9bda45ea4,21,5,lex_phase_5,OPTIMAL,FEASIBLE_POINT,2512.998332219579,2512.998332219579,0,76446,76446,117322,216257,2388,0,2388,11940,2388,256,0,0,NaN,0,NaN,0.0,1.0000000000009095,
1,23,MULTISTAGE_RH,LEXMMFPEA,shared_battery_mode_node_level_v1,SI-Drahi_10-d1-HET-ULO-BHI-72f1b1f90c,TK-PB-Drahi_10-d1-HET-ULO-d8d80a9180-r1,SS-3cf9bda45ea4,21,6,economic_tie_break,OPTIMAL,FEASIBLE_POINT,629985.222087998,629985.222087998,0,76446,76446,117323,216263,2388,0,2388,11940,2388,256,0,0,NaN,0,NaN,0.0,1.0000000000009095,
1,24,MULTISTAGE_RH,LEXMMFPEA,shared_battery_mode_node_level_v1,SI-Drahi_10-d1-HET-ULO-BHI-72f1b1f90c,TK-PB-Drahi_10-d1-HET-ULO-d8d80a9180-r1,SS-3cf9bda45ea4,21,1,lex_phase_1,OPTIMAL,FEASIBLE_POINT,502.5996664439158,502.5996664439158,0,76446,76446,117318,216233,2388,0,2388,11940,2388,256,0,0,NaN,0,NaN,2.831068712794149e-15,1.0000000000009095,
1,24,MULTISTAGE_RH,LEXMMFPEA,shared_battery_mode_node_level_v1,SI-Drahi_10-d1-HET-ULO-BHI-72f1b1f90c,TK-PB-Drahi_10-d1-HET-ULO-d8d80a9180-r1,SS-3cf9bda45ea4,21,2,lex_phase_2,OPTIMAL,FEASIBLE_POINT,1005.1993328878317,1005.1993328878317,0,76446,76446,117319,216239,2388,0,2388,11940,2388,256,0,0,NaN,0,NaN,2.831068712794149e-15,1.0000000000009095,
1,24,MULTISTAGE_RH,LEXMMFPEA,shared_battery_mode_node_level_v1,SI-Drahi_10-d1-HET-ULO-BHI-72f1b1f90c,TK-PB-Drahi_10-d1-HET-ULO-d8d80a9180-r1,SS-3cf9bda45ea4,21,3,lex_phase_3,OPTIMAL,FEASIBLE_POINT,1507.7989993317476,1507.7989993317476,0,76446,76446,117320,216245,2388,0,2388,11940,2388,256,0,0,NaN,0,NaN,2.831068712794149e-15,1.0000000000009095,
1,24,MULTISTAGE_RH,LEXMMFPEA,shared_battery_mode_node_level_v1,SI-Drahi_10-d1-HET-ULO-BHI-72f1b1f90c,TK-PB-Drahi_10-d1-HET-ULO-d8d80a9180-r1,SS-3cf9bda45ea4,21,4,lex_phase_4,OPTIMAL,FEASIBLE_POINT,2010.3986657756634,2010.3986657756634,0,76446,76446,117321,216251,2388,0,2388,11940,2388,256,0,0,NaN,0,NaN,2.831068712794149e-15,1.0000000000009095,
1,24,MULTISTAGE_RH,LEXMMFPEA,shared_battery_mode_node_level_v1,SI-Drahi_10-d1-HET-ULO-BHI-72f1b1f90c,TK-PB-Drahi_10-d1-HET-ULO-d8d80a9180-r1,SS-3cf9bda45ea4,21,5,lex_phase_5,OPTIMAL,FEASIBLE_POINT,2512.998332219579,2512.998332219579,0,76446,76446,117322,216257,2388,0,2388,11940,2388,256,0,0,NaN,0,NaN,2.831068712794149e-15,1.0000000000009095,
1,24,MULTISTAGE_RH,LEXMMFPEA,shared_battery_mode_node_level_v1,SI-Drahi_10-d1-HET-ULO-BHI-72f1b1f90c,TK-PB-Drahi_10-d1-HET-ULO-d8d80a9180-r1,SS-3cf9bda45ea4,21,6,economic_tie_break,OPTIMAL,FEASIBLE_POINT,629985.222087998,629985.222087998,0,76446,76446,117323,216263,2388,0,2388,11940,2388,256,0,0,NaN,0,NaN,2.831068712794149e-15,1.0000000000009095,
1,1,MULTISTAGE_RH,LEXMMFSA,shared_battery_mode_node_level_v1,SI-Drahi_10-d1-HET-ULO-BHI-72f1b1f90c,TK-PB-Drahi_10-d1-HET-ULO-d8d80a9180-r1,SS-5d5bbea46d20,1,1,lex_phase_1,OPTIMAL,FEASIBLE_POINT,29556.837706430473,29556.837706430473,0,76446,76446,117318,330593,2388,0,2388,11940,2388,256,0,0,NaN,0,NaN,0.0,1.0000000007858034,
1,1,MULTISTAGE_RH,LEXMMFSA,shared_battery_mode_node_level_v1,SI-Drahi_10-d1-HET-ULO-BHI-72f1b1f90c,TK-PB-Drahi_10-d1-HET-ULO-d8d80a9180-r1,SS-5d5bbea46d20,1,2,lex_phase_2,OPTIMAL,FEASIBLE_POINT,59113.67541286121,59113.67541286121,0,76446,76446,117319,330599,2388,0,2388,11940,2388,256,0,0,NaN,0,NaN,0.0,1.0000000007858034,
1,1,MULTISTAGE_RH,LEXMMFSA,shared_battery_mode_node_level_v1,SI-Drahi_10-d1-HET-ULO-BHI-72f1b1f90c,TK-PB-Drahi_10-d1-HET-ULO-d8d80a9180-r1,SS-5d5bbea46d20,1,3,lex_phase_3,OPTIMAL,FEASIBLE_POINT,88670.5131192918,88670.5131192918,0,76446,76446,117320,330605,2388,0,2388,11940,2388,256,0,0,NaN,0,NaN,0.0,1.0000000007858034,
1,1,MULTISTAGE_RH,LEXMMFSA,shared_battery_mode_node_level_v1,SI-Drahi_10-d1-HET-ULO-BHI-72f1b1f90c,TK-PB-Drahi_10-d1-HET-ULO-d8d80a9180-r1,SS-5d5bbea46d20,1,4,lex_phase_4,OPTIMAL,FEASIBLE_POINT,118227.35082572242,118227.35082572242,0,76446,76446,117321,330611,2388,0,2388,11940,2388,256,0,0,NaN,0,NaN,0.0,1.0000000007858034,
1,1,MULTISTAGE_RH,LEXMMFSA,shared_battery_mode_node_level_v1,SI-Drahi_10-d1-HET-ULO-BHI-72f1b1f90c,TK-PB-Drahi_10-d1-HET-ULO-d8d80a9180-r1,SS-5d5bbea46d20,1,5,lex_phase_5,OPTIMAL,FEASIBLE_POINT,147801.51953215292,147801.51953215292,0,76446,76446,117322,330617,2388,0,2388,11940,2388,256,0,0,NaN,0,NaN,0.0,1.0000000007858034,
1,1,MULTISTAGE_RH,LEXMMFSA,shared_battery_mode_node_level_v1,SI-Drahi_10-d1-HET-ULO-BHI-72f1b1f90c,TK-PB-Drahi_10-d1-HET-ULO-d8d80a9180-r1,SS-5d5bbea46d20,1,6,economic_tie_break,OPTIMAL,FEASIBLE_POINT,641624.4630549083,641624.4630549083,0,76446,76446,117323,330623,2388,0,2388,11940,2388,256,0,0,NaN,0,NaN,0.0,1.0000000007858034,
1,2,MULTISTAGE_RH,LEXMMFSA,shared_battery_mode_node_level_v1,SI-Drahi_10-d1-HET-ULO-BHI-72f1b1f90c,TK-PB-Drahi_10-d1-HET-ULO-d8d80a9180-r1,SS-5d5bbea46d20,1,1,lex_phase_1,OPTIMAL,FEASIBLE_POINT,29556.837706430473,29556.837706430473,0,76446,76446,117318,330593,2388,0,2388,11940,2388,256,0,0,NaN,0,NaN,0.0,1.0000000007858034,
1,2,MULTISTAGE_RH,LEXMMFSA,shared_battery_mode_node_level_v1,SI-Drahi_10-d1-HET-ULO-BHI-72f1b1f90c,TK-PB-Drahi_10-d1-HET-ULO-d8d80a9180-r1,SS-5d5bbea46d20,1,2,lex_phase_2,OPTIMAL,FEASIBLE_POINT,59113.67541286121,59113.67541286121,0,76446,76446,117319,330599,2388,0,2388,11940,2388,256,0,0,NaN,0,NaN,0.0,1.0000000007858034,
1,2,MULTISTAGE_RH,LEXMMFSA,shared_battery_mode_node_level_v1,SI-Drahi_10-d1-HET-ULO-BHI-72f1b1f90c,TK-PB-Drahi_10-d1-HET-ULO-d8d80a9180-r1,SS-5d5bbea46d20,1,3,lex_phase_3,OPTIMAL,FEASIBLE_POINT,88670.5131192918,88670.5131192918,0,76446,76446,117320,330605,2388,0,2388,11940,2388,256,0,0,NaN,0,NaN,0.0,1.0000000007858034,
1,2,MULTISTAGE_RH,LEXMMFSA,shared_battery_mode_node_level_v1,SI-Drahi_10-d1-HET-ULO-BHI-72f1b1f90c,TK-PB-Drahi_10-d1-HET-ULO-d8d80a9180-r1,SS-5d5bbea46d20,1,4,lex_phase_4,OPTIMAL,FEASIBLE_POINT,118227.35082572242,118227.35082572242,0,76446,76446,117321,330611,2388,0,2388,11940,2388,256,0,0,NaN,0,NaN,0.0,1.0000000007858034,
1,2,MULTISTAGE_RH,LEXMMFSA,shared_battery_mode_node_level_v1,SI-Drahi_10-d1-HET-ULO-BHI-72f1b1f90c,TK-PB-Drahi_10-d1-HET-ULO-d8d80a9180-r1,SS-5d5bbea46d20,1,5,lex_phase_5,OPTIMAL,FEASIBLE_POINT,147801.51953215292,147801.51953215292,0,76446,76446,117322,330617,2388,0,2388,11940,2388,256,0,0,NaN,0,NaN,0.0,1.0000000007858034,
1,2,MULTISTAGE_RH,LEXMMFSA,shared_battery_mode_node_level_v1,SI-Drahi_10-d1-HET-ULO-BHI-72f1b1f90c,TK-PB-Drahi_10-d1-HET-ULO-d8d80a9180-r1,SS-5d5bbea46d20,1,6,economic_tie_break,OPTIMAL,FEASIBLE_POINT,641624.4630549083,641624.4630549083,0,76446,76446,117323,330623,2388,0,2388,11940,2388,256,0,0,NaN,0,NaN,0.0,1.0000000007858034,
1,3,MULTISTAGE_RH,LEXMMFSA,shared_battery_mode_node_level_v1,SI-Drahi_10-d1-HET-ULO-BHI-72f1b1f90c,TK-PB-Drahi_10-d1-HET-ULO-d8d80a9180-r1,SS-5d5bbea46d20,1,1,lex_phase_1,OPTIMAL,FEASIBLE_POINT,29556.837706430473,29556.837706430473,0,76446,76446,117318,330593,2388,0,2388,11940,2388,256,0,0,NaN,0,NaN,0.0,1.0000000007858034,
1,3,MULTISTAGE_RH,LEXMMFSA,shared_battery_mode_node_level_v1,SI-Drahi_10-d1-HET-ULO-BHI-72f1b1f90c,TK-PB-Drahi_10-d1-HET-ULO-d8d80a9180-r1,SS-5d5bbea46d20,1,2,lex_phase_2,OPTIMAL,FEASIBLE_POINT,59113.67541286121,59113.67541286121,0,76446,76446,117319,330599,2388,0,2388,11940,2388,256,0,0,NaN,0,NaN,0.0,1.0000000007858034,
1,3,MULTISTAGE_RH,LEXMMFSA,shared_battery_mode_node_level_v1,SI-Drahi_10-d1-HET-ULO-BHI-72f1b1f90c,TK-PB-Drahi_10-d1-HET-ULO-d8d80a9180-r1,SS-5d5bbea46d20,1,3,lex_phase_3,OPTIMAL,FEASIBLE_POINT,88670.5131192918,88670.5131192918,0,76446,76446,117320,330605,2388,0,2388,11940,2388,256,0,0,NaN,0,NaN,0.0,1.0000000007858034,
1,3,MULTISTAGE_RH,LEXMMFSA,shared_battery_mode_node_level_v1,SI-Drahi_10-d1-HET-ULO-BHI-72f1b1f90c,TK-PB-Drahi_10-d1-HET-ULO-d8d80a9180-r1,SS-5d5bbea46d20,1,4,lex_phase_4,OPTIMAL,FEASIBLE_POINT,118227.35082572242,118227.35082572242,0,76446,76446,117321,330611,2388,0,2388,11940,2388,256,0,0,NaN,0,NaN,0.0,1.0000000007858034,
1,3,MULTISTAGE_RH,LEXMMFSA,shared_battery_mode_node_level_v1,SI-Drahi_10-d1-HET-ULO-BHI-72f1b1f90c,TK-PB-Drahi_10-d1-HET-ULO-d8d80a9180-r1,SS-5d5bbea46d20,1,5,lex_phase_5,OPTIMAL,FEASIBLE_POINT,147801.51953215292,147801.51953215292,0,76446,76446,117322,330617,2388,0,2388,11940,2388,256,0,0,NaN,0,NaN,0.0,1.0000000007858034,
1,3,MULTISTAGE_RH,LEXMMFSA,shared_battery_mode_node_level_v1,SI-Drahi_10-d1-HET-ULO-BHI-72f1b1f90c,TK-PB-Drahi_10-d1-HET-ULO-d8d80a9180-r1,SS-5d5bbea46d20,1,6,economic_tie_break,OPTIMAL,FEASIBLE_POINT,641624.4630549083,641624.4630549083,0,76446,76446,117323,330623,2388,0,2388,11940,2388,256,0,0,NaN,0,NaN,0.0,1.0000000007858034,
1,4,MULTISTAGE_RH,LEXMMFSA,shared_battery_mode_node_level_v1,SI-Drahi_10-d1-HET-ULO-BHI-72f1b1f90c,TK-PB-Drahi_10-d1-HET-ULO-d8d80a9180-r1,SS-5d5bbea46d20,1,1,lex_phase_1,OPTIMAL,FEASIBLE_POINT,29556.837706430473,29556.837706430473,0,76446,76446,117318,330593,2388,0,2388,11940,2388,256,0,0,NaN,0,NaN,7.105427357601002e-15,1.0000000007858034,
1,4,MULTISTAGE_RH,LEXMMFSA,shared_battery_mode_node_level_v1,SI-Drahi_10-d1-HET-ULO-BHI-72f1b1f90c,TK-PB-Drahi_10-d1-HET-ULO-d8d80a9180-r1,SS-5d5bbea46d20,1,2,lex_phase_2,OPTIMAL,FEASIBLE_POINT,59113.67541286121,59113.67541286121,0,76446,76446,117319,330599,2388,0,2388,11940,2388,256,0,0,NaN,0,NaN,7.105427357601002e-15,1.0000000007858034,
1,4,MULTISTAGE_RH,LEXMMFSA,shared_battery_mode_node_level_v1,SI-Drahi_10-d1-HET-ULO-BHI-72f1b1f90c,TK-PB-Drahi_10-d1-HET-ULO-d8d80a9180-r1,SS-5d5bbea46d20,1,3,lex_phase_3,OPTIMAL,FEASIBLE_POINT,88670.5131192918,88670.5131192918,0,76446,76446,117320,330605,2388,0,2388,11940,2388,256,0,0,NaN,0,NaN,7.105427357601002e-15,1.0000000007858034,
1,4,MULTISTAGE_RH,LEXMMFSA,shared_battery_mode_node_level_v1,SI-Drahi_10-d1-HET-ULO-BHI-72f1b1f90c,TK-PB-Drahi_10-d1-HET-ULO-d8d80a9180-r1,SS-5d5bbea46d20,1,4,lex_phase_4,OPTIMAL,FEASIBLE_POINT,118227.35082572242,118227.35082572242,0,76446,76446,117321,330611,2388,0,2388,11940,2388,256,0,0,NaN,0,NaN,7.105427357601002e-15,1.0000000007858034,
1,4,MULTISTAGE_RH,LEXMMFSA,shared_battery_mode_node_level_v1,SI-Drahi_10-d1-HET-ULO-BHI-72f1b1f90c,TK-PB-Drahi_10-d1-HET-ULO-d8d80a9180-r1,SS-5d5bbea46d20,1,5,lex_phase_5,OPTIMAL,FEASIBLE_POINT,147801.51953215292,147801.51953215292,0,76446,76446,117322,330617,2388,0,2388,11940,2388,256,0,0,NaN,0,NaN,7.105427357601002e-15,1.0000000007858034,
1,4,MULTISTAGE_RH,LEXMMFSA,shared_battery_mode_node_level_v1,SI-Drahi_10-d1-HET-ULO-BHI-72f1b1f90c,TK-PB-Drahi_10-d1-HET-ULO-d8d80a9180-r1,SS-5d5bbea46d20,1,6,economic_tie_break,OPTIMAL,FEASIBLE_POINT,641624.4630549083,641624.4630549083,0,76446,76446,117323,330623,2388,0,2388,11940,2388,256,0,0,NaN,0,NaN,7.105427357601002e-15,1.0000000007858034,
1,5,MULTISTAGE_RH,LEXMMFSA,shared_battery_mode_node_level_v1,SI-Drahi_10-d1-HET-ULO-BHI-72f1b1f90c,TK-PB-Drahi_10-d1-HET-ULO-d8d80a9180-r1,SS-102adc95e052,5,1,lex_phase_1,OPTIMAL,FEASIBLE_POINT,30222.800959018205,30222.800959018205,0,76446,76446,117318,326453,2388,0,2388,11940,2388,256,0,0,NaN,0,NaN,0.0,1.0000000004511094,
1,5,MULTISTAGE_RH,LEXMMFSA,shared_battery_mode_node_level_v1,SI-Drahi_10-d1-HET-ULO-BHI-72f1b1f90c,TK-PB-Drahi_10-d1-HET-ULO-d8d80a9180-r1,SS-102adc95e052,5,2,lex_phase_2,OPTIMAL,FEASIBLE_POINT,60445.60191803491,60445.60191803491,0,76446,76446,117319,326459,2388,0,2388,11940,2388,256,0,0,NaN,0,NaN,0.0,1.0000000004511094,
1,5,MULTISTAGE_RH,LEXMMFSA,shared_battery_mode_node_level_v1,SI-Drahi_10-d1-HET-ULO-BHI-72f1b1f90c,TK-PB-Drahi_10-d1-HET-ULO-d8d80a9180-r1,SS-102adc95e052,5,3,lex_phase_3,OPTIMAL,FEASIBLE_POINT,90673.18187146232,90673.18187146232,0,76446,76446,117320,326465,2388,0,2388,11940,2388,256,0,0,NaN,0,NaN,0.0,1.0000000004511094,
1,5,MULTISTAGE_RH,LEXMMFSA,shared_battery_mode_node_level_v1,SI-Drahi_10-d1-HET-ULO-BHI-72f1b1f90c,TK-PB-Drahi_10-d1-HET-ULO-d8d80a9180-r1,SS-102adc95e052,5,4,lex_phase_4,OPTIMAL,FEASIBLE_POINT,120901.76182488627,120901.76182488627,0,76446,76446,117321,326471,2388,0,2388,11940,2388,256,0,0,NaN,0,NaN,0.0,1.0000000004511094,
1,5,MULTISTAGE_RH,LEXMMFSA,shared_battery_mode_node_level_v1,SI-Drahi_10-d1-HET-ULO-BHI-72f1b1f90c,TK-PB-Drahi_10-d1-HET-ULO-d8d80a9180-r1,SS-102adc95e052,5,5,lex_phase_5,OPTIMAL,FEASIBLE_POINT,151130.41393764972,151130.41393764972,0,76446,76446,117322,326477,2388,0,2388,11940,2388,256,0,0,NaN,0,NaN,0.0,1.0000000004511094,
1,5,MULTISTAGE_RH,LEXMMFSA,shared_battery_mode_node_level_v1,SI-Drahi_10-d1-HET-ULO-BHI-72f1b1f90c,TK-PB-Drahi_10-d1-HET-ULO-d8d80a9180-r1,SS-102adc95e052,5,6,economic_tie_break,OPTIMAL,FEASIBLE_POINT,624103.4333877949,624103.4333877949,0,76446,76446,117323,326483,2388,0,2388,11940,2388,256,0,0,NaN,0,NaN,0.0,1.0000000004511094,
1,6,MULTISTAGE_RH,LEXMMFSA,shared_battery_mode_node_level_v1,SI-Drahi_10-d1-HET-ULO-BHI-72f1b1f90c,TK-PB-Drahi_10-d1-HET-ULO-d8d80a9180-r1,SS-102adc95e052,5,1,lex_phase_1,OPTIMAL,FEASIBLE_POINT,30222.800959018205,30222.800959018205,0,76446,76446,117318,326453,2388,0,2388,11940,2388,256,0,0,NaN,0,NaN,0.0,1.0000000004511094,
1,6,MULTISTAGE_RH,LEXMMFSA,shared_battery_mode_node_level_v1,SI-Drahi_10-d1-HET-ULO-BHI-72f1b1f90c,TK-PB-Drahi_10-d1-HET-ULO-d8d80a9180-r1,SS-102adc95e052,5,2,lex_phase_2,OPTIMAL,FEASIBLE_POINT,60445.60191803491,60445.60191803491,0,76446,76446,117319,326459,2388,0,2388,11940,2388,256,0,0,NaN,0,NaN,0.0,1.0000000004511094,
1,6,MULTISTAGE_RH,LEXMMFSA,shared_battery_mode_node_level_v1,SI-Drahi_10-d1-HET-ULO-BHI-72f1b1f90c,TK-PB-Drahi_10-d1-HET-ULO-d8d80a9180-r1,SS-102adc95e052,5,3,lex_phase_3,OPTIMAL,FEASIBLE_POINT,90673.18187146232,90673.18187146232,0,76446,76446,117320,326465,2388,0,2388,11940,2388,256,0,0,NaN,0,NaN,0.0,1.0000000004511094,
1,6,MULTISTAGE_RH,LEXMMFSA,shared_battery_mode_node_level_v1,SI-Drahi_10-d1-HET-ULO-BHI-72f1b1f90c,TK-PB-Drahi_10-d1-HET-ULO-d8d80a9180-r1,SS-102adc95e052,5,4,lex_phase_4,OPTIMAL,FEASIBLE_POINT,120901.76182488627,120901.76182488627,0,76446,76446,117321,326471,2388,0,2388,11940,2388,256,0,0,NaN,0,NaN,0.0,1.0000000004511094,
1,6,MULTISTAGE_RH,LEXMMFSA,shared_battery_mode_node_level_v1,SI-Drahi_10-d1-HET-ULO-BHI-72f1b1f90c,TK-PB-Drahi_10-d1-HET-ULO-d8d80a9180-r1,SS-102adc95e052,5,5,lex_phase_5,OPTIMAL,FEASIBLE_POINT,151130.41393764972,151130.41393764972,0,76446,76446,117322,326477,2388,0,2388,11940,2388,256,0,0,NaN,0,NaN,0.0,1.0000000004511094,
1,6,MULTISTAGE_RH,LEXMMFSA,shared_battery_mode_node_level_v1,SI-Drahi_10-d1-HET-ULO-BHI-72f1b1f90c,TK-PB-Drahi_10-d1-HET-ULO-d8d80a9180-r1,SS-102adc95e052,5,6,economic_tie_break,OPTIMAL,FEASIBLE_POINT,624103.4333877949,624103.4333877949,0,76446,76446,117323,326483,2388,0,2388,11940,2388,256,0,0,NaN,0,NaN,0.0,1.0000000004511094,
1,7,MULTISTAGE_RH,LEXMMFSA,shared_battery_mode_node_level_v1,SI-Drahi_10-d1-HET-ULO-BHI-72f1b1f90c,TK-PB-Drahi_10-d1-HET-ULO-d8d80a9180-r1,SS-102adc95e052,5,1,lex_phase_1,OPTIMAL,FEASIBLE_POINT,30222.800959018205,30222.800959018205,0,76446,76446,117318,326453,2388,0,2388,11940,2388,256,0,0,NaN,0,NaN,0.17081508023023528,1.0000000004511094,
1,7,MULTISTAGE_RH,LEXMMFSA,shared_battery_mode_node_level_v1,SI-Drahi_10-d1-HET-ULO-BHI-72f1b1f90c,TK-PB-Drahi_10-d1-HET-ULO-d8d80a9180-r1,SS-102adc95e052,5,2,lex_phase_2,OPTIMAL,FEASIBLE_POINT,60445.60191803491,60445.60191803491,0,76446,76446,117319,326459,2388,0,2388,11940,2388,256,0,0,NaN,0,NaN,0.17081508023023528,1.0000000004511094,
1,7,MULTISTAGE_RH,LEXMMFSA,shared_battery_mode_node_level_v1,SI-Drahi_10-d1-HET-ULO-BHI-72f1b1f90c,TK-PB-Drahi_10-d1-HET-ULO-d8d80a9180-r1,SS-102adc95e052,5,3,lex_phase_3,OPTIMAL,FEASIBLE_POINT,90673.18187146232,90673.18187146232,0,76446,76446,117320,326465,2388,0,2388,11940,2388,256,0,0,NaN,0,NaN,0.17081508023023528,1.0000000004511094,
1,7,MULTISTAGE_RH,LEXMMFSA,shared_battery_mode_node_level_v1,SI-Drahi_10-d1-HET-ULO-BHI-72f1b1f90c,TK-PB-Drahi_10-d1-HET-ULO-d8d80a9180-r1,SS-102adc95e052,5,4,lex_phase_4,OPTIMAL,FEASIBLE_POINT,120901.76182488627,120901.76182488627,0,76446,76446,117321,326471,2388,0,2388,11940,2388,256,0,0,NaN,0,NaN,0.17081508023023528,1.0000000004511094,
1,7,MULTISTAGE_RH,LEXMMFSA,shared_battery_mode_node_level_v1,SI-Drahi_10-d1-HET-ULO-BHI-72f1b1f90c,TK-PB-Drahi_10-d1-HET-ULO-d8d80a9180-r1,SS-102adc95e052,5,5,lex_phase_5,OPTIMAL,FEASIBLE_POINT,151130.41393764972,151130.41393764972,0,76446,76446,117322,326477,2388,0,2388,11940,2388,256,0,0,NaN,0,NaN,0.17081508023023528,1.0000000004511094,
1,7,MULTISTAGE_RH,LEXMMFSA,shared_battery_mode_node_level_v1,SI-Drahi_10-d1-HET-ULO-BHI-72f1b1f90c,TK-PB-Drahi_10-d1-HET-ULO-d8d80a9180-r1,SS-102adc95e052,5,6,economic_tie_break,OPTIMAL,FEASIBLE_POINT,624103.4333877949,624103.4333877949,0,76446,76446,117323,326483,2388,0,2388,11940,2388,256,0,0,NaN,0,NaN,0.17081508023023528,1.0000000004511094,
1,8,MULTISTAGE_RH,LEXMMFSA,shared_battery_mode_node_level_v1,SI-Drahi_10-d1-HET-ULO-BHI-72f1b1f90c,TK-PB-Drahi_10-d1-HET-ULO-d8d80a9180-r1,SS-102adc95e052,5,1,lex_phase_1,OPTIMAL,FEASIBLE_POINT,30222.800959018205,30222.800959018205,0,76446,76446,117318,326453,2388,0,2388,11940,2388,256,0,0,NaN,0,NaN,0.0,1.0000000004511094,
1,8,MULTISTAGE_RH,LEXMMFSA,shared_battery_mode_node_level_v1,SI-Drahi_10-d1-HET-ULO-BHI-72f1b1f90c,TK-PB-Drahi_10-d1-HET-ULO-d8d80a9180-r1,SS-102adc95e052,5,2,lex_phase_2,OPTIMAL,FEASIBLE_POINT,60445.60191803491,60445.60191803491,0,76446,76446,117319,326459,2388,0,2388,11940,2388,256,0,0,NaN,0,NaN,0.0,1.0000000004511094,
1,8,MULTISTAGE_RH,LEXMMFSA,shared_battery_mode_node_level_v1,SI-Drahi_10-d1-HET-ULO-BHI-72f1b1f90c,TK-PB-Drahi_10-d1-HET-ULO-d8d80a9180-r1,SS-102adc95e052,5,3,lex_phase_3,OPTIMAL,FEASIBLE_POINT,90673.18187146232,90673.18187146232,0,76446,76446,117320,326465,2388,0,2388,11940,2388,256,0,0,NaN,0,NaN,0.0,1.0000000004511094,
1,8,MULTISTAGE_RH,LEXMMFSA,shared_battery_mode_node_level_v1,SI-Drahi_10-d1-HET-ULO-BHI-72f1b1f90c,TK-PB-Drahi_10-d1-HET-ULO-d8d80a9180-r1,SS-102adc95e052,5,4,lex_phase_4,OPTIMAL,FEASIBLE_POINT,120901.76182488627,120901.76182488627,0,76446,76446,117321,326471,2388,0,2388,11940,2388,256,0,0,NaN,0,NaN,0.0,1.0000000004511094,
1,8,MULTISTAGE_RH,LEXMMFSA,shared_battery_mode_node_level_v1,SI-Drahi_10-d1-HET-ULO-BHI-72f1b1f90c,TK-PB-Drahi_10-d1-HET-ULO-d8d80a9180-r1,SS-102adc95e052,5,5,lex_phase_5,OPTIMAL,FEASIBLE_POINT,151130.41393764972,151130.41393764972,0,76446,76446,117322,326477,2388,0,2388,11940,2388,256,0,0,NaN,0,NaN,0.0,1.0000000004511094,
1,8,MULTISTAGE_RH,LEXMMFSA,shared_battery_mode_node_level_v1,SI-Drahi_10-d1-HET-ULO-BHI-72f1b1f90c,TK-PB-Drahi_10-d1-HET-ULO-d8d80a9180-r1,SS-102adc95e052,5,6,economic_tie_break,OPTIMAL,FEASIBLE_POINT,624103.4333877949,624103.4333877949,0,76446,76446,117323,326483,2388,0,2388,11940,2388,256,0,0,NaN,0,NaN,0.0,1.0000000004511094,
1,9,MULTISTAGE_RH,LEXMMFSA,shared_battery_mode_node_level_v1,SI-Drahi_10-d1-HET-ULO-BHI-72f1b1f90c,TK-PB-Drahi_10-d1-HET-ULO-d8d80a9180-r1,SS-19da242d4543,9,1,lex_phase_1,OPTIMAL,FEASIBLE_POINT,34049.91126132853,34049.91126132853,0,76446,76446,117318,330533,2388,0,2388,11940,2388,256,0,0,NaN,0,NaN,0.0,1.000000000160071,
1,9,MULTISTAGE_RH,LEXMMFSA,shared_battery_mode_node_level_v1,SI-Drahi_10-d1-HET-ULO-BHI-72f1b1f90c,TK-PB-Drahi_10-d1-HET-ULO-d8d80a9180-r1,SS-19da242d4543,9,2,lex_phase_2,OPTIMAL,FEASIBLE_POINT,68099.8225226566,68099.8225226566,0,76446,76446,117319,330539,2388,0,2388,11940,2388,256,0,0,NaN,0,NaN,0.0,1.000000000160071,
1,9,MULTISTAGE_RH,LEXMMFSA,shared_battery_mode_node_level_v1,SI-Drahi_10-d1-HET-ULO-BHI-72f1b1f90c,TK-PB-Drahi_10-d1-HET-ULO-d8d80a9180-r1,SS-19da242d4543,9,3,lex_phase_3,OPTIMAL,FEASIBLE_POINT,102154.93411731679,102154.93411731679,0,76446,76446,117320,330545,2388,0,2388,11940,2388,256,0,0,NaN,0,NaN,0.0,1.000000000160071,
1,9,MULTISTAGE_RH,LEXMMFSA,shared_battery_mode_node_level_v1,SI-Drahi_10-d1-HET-ULO-BHI-72f1b1f90c,TK-PB-Drahi_10-d1-HET-ULO-d8d80a9180-r1,SS-19da242d4543,9,4,lex_phase_4,OPTIMAL,FEASIBLE_POINT,136211.0457119767,136211.0457119767,0,76446,76446,117321,330551,2388,0,2388,11940,2388,256,0,0,NaN,0,NaN,0.0,1.000000000160071,
1,9,MULTISTAGE_RH,LEXMMFSA,shared_battery_mode_node_level_v1,SI-Drahi_10-d1-HET-ULO-BHI-72f1b1f90c,TK-PB-Drahi_10-d1-HET-ULO-d8d80a9180-r1,SS-19da242d4543,9,5,lex_phase_5,OPTIMAL,FEASIBLE_POINT,170267.15730664082,170267.15730664082,0,76446,76446,117322,330557,2388,0,2388,11940,2388,256,0,0,NaN,0,NaN,0.0,1.000000000160071,
1,9,MULTISTAGE_RH,LEXMMFSA,shared_battery_mode_node_level_v1,SI-Drahi_10-d1-HET-ULO-BHI-72f1b1f90c,TK-PB-Drahi_10-d1-HET-ULO-d8d80a9180-r1,SS-19da242d4543,9,6,economic_tie_break,OPTIMAL,FEASIBLE_POINT,668034.7469938693,668034.7469938693,0,76446,76446,117323,330563,2388,0,2388,11940,2388,256,0,0,NaN,0,NaN,0.0,1.000000000160071,
1,10,MULTISTAGE_RH,LEXMMFSA,shared_battery_mode_node_level_v1,SI-Drahi_10-d1-HET-ULO-BHI-72f1b1f90c,TK-PB-Drahi_10-d1-HET-ULO-d8d80a9180-r1,SS-19da242d4543,9,1,lex_phase_1,OPTIMAL,FEASIBLE_POINT,34049.91126132853,34049.91126132853,0,76446,76446,117318,330533,2388,0,2388,11940,2388,256,0,0,NaN,0,NaN,0.0,1.000000000160071,
1,10,MULTISTAGE_RH,LEXMMFSA,shared_battery_mode_node_level_v1,SI-Drahi_10-d1-HET-ULO-BHI-72f1b1f90c,TK-PB-Drahi_10-d1-HET-ULO-d8d80a9180-r1,SS-19da242d4543,9,2,lex_phase_2,OPTIMAL,FEASIBLE_POINT,68099.8225226566,68099.8225226566,0,76446,76446,117319,330539,2388,0,2388,11940,2388,256,0,0,NaN,0,NaN,0.0,1.000000000160071,
1,10,MULTISTAGE_RH,LEXMMFSA,shared_battery_mode_node_level_v1,SI-Drahi_10-d1-HET-ULO-BHI-72f1b1f90c,TK-PB-Drahi_10-d1-HET-ULO-d8d80a9180-r1,SS-19da242d4543,9,3,lex_phase_3,OPTIMAL,FEASIBLE_POINT,102154.93411731679,102154.93411731679,0,76446,76446,117320,330545,2388,0,2388,11940,2388,256,0,0,NaN,0,NaN,0.0,1.000000000160071,
1,10,MULTISTAGE_RH,LEXMMFSA,shared_battery_mode_node_level_v1,SI-Drahi_10-d1-HET-ULO-BHI-72f1b1f90c,TK-PB-Drahi_10-d1-HET-ULO-d8d80a9180-r1,SS-19da242d4543,9,4,lex_phase_4,OPTIMAL,FEASIBLE_POINT,136211.0457119767,136211.0457119767,0,76446,76446,117321,330551,2388,0,2388,11940,2388,256,0,0,NaN,0,NaN,0.0,1.000000000160071,
1,10,MULTISTAGE_RH,LEXMMFSA,shared_battery_mode_node_level_v1,SI-Drahi_10-d1-HET-ULO-BHI-72f1b1f90c,TK-PB-Drahi_10-d1-HET-ULO-d8d80a9180-r1,SS-19da242d4543,9,5,lex_phase_5,OPTIMAL,FEASIBLE_POINT,170267.15730664082,170267.15730664082,0,76446,76446,117322,330557,2388,0,2388,11940,2388,256,0,0,NaN,0,NaN,0.0,1.000000000160071,
1,10,MULTISTAGE_RH,LEXMMFSA,shared_battery_mode_node_level_v1,SI-Drahi_10-d1-HET-ULO-BHI-72f1b1f90c,TK-PB-Drahi_10-d1-HET-ULO-d8d80a9180-r1,SS-19da242d4543,9,6,economic_tie_break,OPTIMAL,FEASIBLE_POINT,668034.7469938693,668034.7469938693,0,76446,76446,117323,330563,2388,0,2388,11940,2388,256,0,0,NaN,0,NaN,0.0,1.000000000160071,
1,11,MULTISTAGE_RH,LEXMMFSA,shared_battery_mode_node_level_v1,SI-Drahi_10-d1-HET-ULO-BHI-72f1b1f90c,TK-PB-Drahi_10-d1-HET-ULO-d8d80a9180-r1,SS-19da242d4543,9,1,lex_phase_1,OPTIMAL,FEASIBLE_POINT,34049.91126132853,34049.91126132853,0,76446,76446,117318,330533,2388,0,2388,11940,2388,256,0,0,NaN,0,NaN,0.0,1.000000000160071,
1,11,MULTISTAGE_RH,LEXMMFSA,shared_battery_mode_node_level_v1,SI-Drahi_10-d1-HET-ULO-BHI-72f1b1f90c,TK-PB-Drahi_10-d1-HET-ULO-d8d80a9180-r1,SS-19da242d4543,9,2,lex_phase_2,OPTIMAL,FEASIBLE_POINT,68099.8225226566,68099.8225226566,0,76446,76446,117319,330539,2388,0,2388,11940,2388,256,0,0,NaN,0,NaN,0.0,1.000000000160071,
1,11,MULTISTAGE_RH,LEXMMFSA,shared_battery_mode_node_level_v1,SI-Drahi_10-d1-HET-ULO-BHI-72f1b1f90c,TK-PB-Drahi_10-d1-HET-ULO-d8d80a9180-r1,SS-19da242d4543,9,3,lex_phase_3,OPTIMAL,FEASIBLE_POINT,102154.93411731679,102154.93411731679,0,76446,76446,117320,330545,2388,0,2388,11940,2388,256,0,0,NaN,0,NaN,0.0,1.000000000160071,
1,11,MULTISTAGE_RH,LEXMMFSA,shared_battery_mode_node_level_v1,SI-Drahi_10-d1-HET-ULO-BHI-72f1b1f90c,TK-PB-Drahi_10-d1-HET-ULO-d8d80a9180-r1,SS-19da242d4543,9,4,lex_phase_4,OPTIMAL,FEASIBLE_POINT,136211.0457119767,136211.0457119767,0,76446,76446,117321,330551,2388,0,2388,11940,2388,256,0,0,NaN,0,NaN,0.0,1.000000000160071,
1,11,MULTISTAGE_RH,LEXMMFSA,shared_battery_mode_node_level_v1,SI-Drahi_10-d1-HET-ULO-BHI-72f1b1f90c,TK-PB-Drahi_10-d1-HET-ULO-d8d80a9180-r1,SS-19da242d4543,9,5,lex_phase_5,OPTIMAL,FEASIBLE_POINT,170267.15730664082,170267.15730664082,0,76446,76446,117322,330557,2388,0,2388,11940,2388,256,0,0,NaN,0,NaN,0.0,1.000000000160071,
1,11,MULTISTAGE_RH,LEXMMFSA,shared_battery_mode_node_level_v1,SI-Drahi_10-d1-HET-ULO-BHI-72f1b1f90c,TK-PB-Drahi_10-d1-HET-ULO-d8d80a9180-r1,SS-19da242d4543,9,6,economic_tie_break,OPTIMAL,FEASIBLE_POINT,668034.7469938693,668034.7469938693,0,76446,76446,117323,330563,2388,0,2388,11940,2388,256,0,0,NaN,0,NaN,0.0,1.000000000160071,
1,12,MULTISTAGE_RH,LEXMMFSA,shared_battery_mode_node_level_v1,SI-Drahi_10-d1-HET-ULO-BHI-72f1b1f90c,TK-PB-Drahi_10-d1-HET-ULO-d8d80a9180-r1,SS-19da242d4543,9,1,lex_phase_1,OPTIMAL,FEASIBLE_POINT,34049.91126132853,34049.91126132853,0,76446,76446,117318,330533,2388,0,2388,11940,2388,256,0,0,NaN,0,NaN,0.0,1.000000000160071,
1,12,MULTISTAGE_RH,LEXMMFSA,shared_battery_mode_node_level_v1,SI-Drahi_10-d1-HET-ULO-BHI-72f1b1f90c,TK-PB-Drahi_10-d1-HET-ULO-d8d80a9180-r1,SS-19da242d4543,9,2,lex_phase_2,OPTIMAL,FEASIBLE_POINT,68099.8225226566,68099.8225226566,0,76446,76446,117319,330539,2388,0,2388,11940,2388,256,0,0,NaN,0,NaN,0.0,1.000000000160071,
1,12,MULTISTAGE_RH,LEXMMFSA,shared_battery_mode_node_level_v1,SI-Drahi_10-d1-HET-ULO-BHI-72f1b1f90c,TK-PB-Drahi_10-d1-HET-ULO-d8d80a9180-r1,SS-19da242d4543,9,3,lex_phase_3,OPTIMAL,FEASIBLE_POINT,102154.93411731679,102154.93411731679,0,76446,76446,117320,330545,2388,0,2388,11940,2388,256,0,0,NaN,0,NaN,0.0,1.000000000160071,
1,12,MULTISTAGE_RH,LEXMMFSA,shared_battery_mode_node_level_v1,SI-Drahi_10-d1-HET-ULO-BHI-72f1b1f90c,TK-PB-Drahi_10-d1-HET-ULO-d8d80a9180-r1,SS-19da242d4543,9,4,lex_phase_4,OPTIMAL,FEASIBLE_POINT,136211.0457119767,136211.0457119767,0,76446,76446,117321,330551,2388,0,2388,11940,2388,256,0,0,NaN,0,NaN,0.0,1.000000000160071,
1,12,MULTISTAGE_RH,LEXMMFSA,shared_battery_mode_node_level_v1,SI-Drahi_10-d1-HET-ULO-BHI-72f1b1f90c,TK-PB-Drahi_10-d1-HET-ULO-d8d80a9180-r1,SS-19da242d4543,9,5,lex_phase_5,OPTIMAL,FEASIBLE_POINT,170267.15730664082,170267.15730664082,0,76446,76446,117322,330557,2388,0,2388,11940,2388,256,0,0,NaN,0,NaN,0.0,1.000000000160071,
1,12,MULTISTAGE_RH,LEXMMFSA,shared_battery_mode_node_level_v1,SI-Drahi_10-d1-HET-ULO-BHI-72f1b1f90c,TK-PB-Drahi_10-d1-HET-ULO-d8d80a9180-r1,SS-19da242d4543,9,6,economic_tie_break,OPTIMAL,FEASIBLE_POINT,668034.7469938693,668034.7469938693,0,76446,76446,117323,330563,2388,0,2388,11940,2388,256,0,0,NaN,0,NaN,0.0,1.000000000160071,
1,13,MULTISTAGE_RH,LEXMMFSA,shared_battery_mode_node_level_v1,SI-Drahi_10-d1-HET-ULO-BHI-72f1b1f90c,TK-PB-Drahi_10-d1-HET-ULO-d8d80a9180-r1,SS-354317d12b7f,13,1,lex_phase_1,OPTIMAL,FEASIBLE_POINT,35285.56598967556,35285.56598967556,0,76446,76446,117318,335393,2388,0,2388,11940,2388,256,0,0,NaN,0,NaN,0.0,1.000000000349246,
1,13,MULTISTAGE_RH,LEXMMFSA,shared_battery_mode_node_level_v1,SI-Drahi_10-d1-HET-ULO-BHI-72f1b1f90c,TK-PB-Drahi_10-d1-HET-ULO-d8d80a9180-r1,SS-354317d12b7f,13,2,lex_phase_2,OPTIMAL,FEASIBLE_POINT,70571.13197935006,70571.13197935006,0,76446,76446,117319,335399,2388,0,2388,11940,2388,256,0,0,NaN,0,NaN,0.0,1.000000000349246,
1,13,MULTISTAGE_RH,LEXMMFSA,shared_battery_mode_node_level_v1,SI-Drahi_10-d1-HET-ULO-BHI-72f1b1f90c,TK-PB-Drahi_10-d1-HET-ULO-d8d80a9180-r1,SS-354317d12b7f,13,3,lex_phase_3,OPTIMAL,FEASIBLE_POINT,105862.08496902522,105862.08496902522,0,76446,76446,117320,335405,2388,0,2388,11940,2388,256,0,0,NaN,0,NaN,0.0,1.000000000349246,
1,13,MULTISTAGE_RH,LEXMMFSA,shared_battery_mode_node_level_v1,SI-Drahi_10-d1-HET-ULO-BHI-72f1b1f90c,TK-PB-Drahi_10-d1-HET-ULO-d8d80a9180-r1,SS-354317d12b7f,13,4,lex_phase_4,OPTIMAL,FEASIBLE_POINT,141154.03795870012,141154.03795870012,0,76446,76446,117321,335411,2388,0,2388,11940,2388,256,0,0,NaN,0,NaN,0.0,1.000000000349246,
1,13,MULTISTAGE_RH,LEXMMFSA,shared_battery_mode_node_level_v1,SI-Drahi_10-d1-HET-ULO-BHI-72f1b1f90c,TK-PB-Drahi_10-d1-HET-ULO-d8d80a9180-r1,SS-354317d12b7f,13,5,lex_phase_5,OPTIMAL,FEASIBLE_POINT,176445.99094837852,176445.99094837852,0,76446,76446,117322,335417,2388,0,2388,11940,2388,256,0,0,NaN,0,NaN,0.0,1.000000000349246,
1,13,MULTISTAGE_RH,LEXMMFSA,shared_battery_mode_node_level_v1,SI-Drahi_10-d1-HET-ULO-BHI-72f1b1f90c,TK-PB-Drahi_10-d1-HET-ULO-d8d80a9180-r1,SS-354317d12b7f,13,6,economic_tie_break,OPTIMAL,FEASIBLE_POINT,666913.0179105318,666913.0179105318,0,76446,76446,117323,335423,2388,0,2388,11940,2388,256,0,0,NaN,0,NaN,0.0,1.000000000349246,
1,14,MULTISTAGE_RH,LEXMMFSA,shared_battery_mode_node_level_v1,SI-Drahi_10-d1-HET-ULO-BHI-72f1b1f90c,TK-PB-Drahi_10-d1-HET-ULO-d8d80a9180-r1,SS-354317d12b7f,13,1,lex_phase_1,OPTIMAL,FEASIBLE_POINT,35285.56598967556,35285.56598967556,0,76446,76446,117318,335393,2388,0,2388,11940,2388,256,0,0,NaN,0,NaN,1.4210854715202004e-14,1.000000000349246,
1,14,MULTISTAGE_RH,LEXMMFSA,shared_battery_mode_node_level_v1,SI-Drahi_10-d1-HET-ULO-BHI-72f1b1f90c,TK-PB-Drahi_10-d1-HET-ULO-d8d80a9180-r1,SS-354317d12b7f,13,2,lex_phase_2,OPTIMAL,FEASIBLE_POINT,70571.13197935006,70571.13197935006,0,76446,76446,117319,335399,2388,0,2388,11940,2388,256,0,0,NaN,0,NaN,1.4210854715202004e-14,1.000000000349246,
1,14,MULTISTAGE_RH,LEXMMFSA,shared_battery_mode_node_level_v1,SI-Drahi_10-d1-HET-ULO-BHI-72f1b1f90c,TK-PB-Drahi_10-d1-HET-ULO-d8d80a9180-r1,SS-354317d12b7f,13,3,lex_phase_3,OPTIMAL,FEASIBLE_POINT,105862.08496902522,105862.08496902522,0,76446,76446,117320,335405,2388,0,2388,11940,2388,256,0,0,NaN,0,NaN,1.4210854715202004e-14,1.000000000349246,
1,14,MULTISTAGE_RH,LEXMMFSA,shared_battery_mode_node_level_v1,SI-Drahi_10-d1-HET-ULO-BHI-72f1b1f90c,TK-PB-Drahi_10-d1-HET-ULO-d8d80a9180-r1,SS-354317d12b7f,13,4,lex_phase_4,OPTIMAL,FEASIBLE_POINT,141154.03795870012,141154.03795870012,0,76446,76446,117321,335411,2388,0,2388,11940,2388,256,0,0,NaN,0,NaN,1.4210854715202004e-14,1.000000000349246,
1,14,MULTISTAGE_RH,LEXMMFSA,shared_battery_mode_node_level_v1,SI-Drahi_10-d1-HET-ULO-BHI-72f1b1f90c,TK-PB-Drahi_10-d1-HET-ULO-d8d80a9180-r1,SS-354317d12b7f,13,5,lex_phase_5,OPTIMAL,FEASIBLE_POINT,176445.99094837852,176445.99094837852,0,76446,76446,117322,335417,2388,0,2388,11940,2388,256,0,0,NaN,0,NaN,1.4210854715202004e-14,1.000000000349246,
1,14,MULTISTAGE_RH,LEXMMFSA,shared_battery_mode_node_level_v1,SI-Drahi_10-d1-HET-ULO-BHI-72f1b1f90c,TK-PB-Drahi_10-d1-HET-ULO-d8d80a9180-r1,SS-354317d12b7f,13,6,economic_tie_break,OPTIMAL,FEASIBLE_POINT,666913.0179105318,666913.0179105318,0,76446,76446,117323,335423,2388,0,2388,11940,2388,256,0,0,NaN,0,NaN,1.4210854715202004e-14,1.000000000349246,
1,15,MULTISTAGE_RH,LEXMMFSA,shared_battery_mode_node_level_v1,SI-Drahi_10-d1-HET-ULO-BHI-72f1b1f90c,TK-PB-Drahi_10-d1-HET-ULO-d8d80a9180-r1,SS-354317d12b7f,13,1,lex_phase_1,OPTIMAL,FEASIBLE_POINT,35285.56598967556,35285.56598967556,0,76446,76446,117318,335393,2388,0,2388,11940,2388,256,0,0,NaN,0,NaN,0.0,1.000000000349246,
1,15,MULTISTAGE_RH,LEXMMFSA,shared_battery_mode_node_level_v1,SI-Drahi_10-d1-HET-ULO-BHI-72f1b1f90c,TK-PB-Drahi_10-d1-HET-ULO-d8d80a9180-r1,SS-354317d12b7f,13,2,lex_phase_2,OPTIMAL,FEASIBLE_POINT,70571.13197935006,70571.13197935006,0,76446,76446,117319,335399,2388,0,2388,11940,2388,256,0,0,NaN,0,NaN,0.0,1.000000000349246,
1,15,MULTISTAGE_RH,LEXMMFSA,shared_battery_mode_node_level_v1,SI-Drahi_10-d1-HET-ULO-BHI-72f1b1f90c,TK-PB-Drahi_10-d1-HET-ULO-d8d80a9180-r1,SS-354317d12b7f,13,3,lex_phase_3,OPTIMAL,FEASIBLE_POINT,105862.08496902522,105862.08496902522,0,76446,76446,117320,335405,2388,0,2388,11940,2388,256,0,0,NaN,0,NaN,0.0,1.000000000349246,
1,15,MULTISTAGE_RH,LEXMMFSA,shared_battery_mode_node_level_v1,SI-Drahi_10-d1-HET-ULO-BHI-72f1b1f90c,TK-PB-Drahi_10-d1-HET-ULO-d8d80a9180-r1,SS-354317d12b7f,13,4,lex_phase_4,OPTIMAL,FEASIBLE_POINT,141154.03795870012,141154.03795870012,0,76446,76446,117321,335411,2388,0,2388,11940,2388,256,0,0,NaN,0,NaN,0.0,1.000000000349246,
1,15,MULTISTAGE_RH,LEXMMFSA,shared_battery_mode_node_level_v1,SI-Drahi_10-d1-HET-ULO-BHI-72f1b1f90c,TK-PB-Drahi_10-d1-HET-ULO-d8d80a9180-r1,SS-354317d12b7f,13,5,lex_phase_5,OPTIMAL,FEASIBLE_POINT,176445.99094837852,176445.99094837852,0,76446,76446,117322,335417,2388,0,2388,11940,2388,256,0,0,NaN,0,NaN,0.0,1.000000000349246,
1,15,MULTISTAGE_RH,LEXMMFSA,shared_battery_mode_node_level_v1,SI-Drahi_10-d1-HET-ULO-BHI-72f1b1f90c,TK-PB-Drahi_10-d1-HET-ULO-d8d80a9180-r1,SS-354317d12b7f,13,6,economic_tie_break,OPTIMAL,FEASIBLE_POINT,666913.0179105318,666913.0179105318,0,76446,76446,117323,335423,2388,0,2388,11940,2388,256,0,0,NaN,0,NaN,0.0,1.000000000349246,
1,16,MULTISTAGE_RH,LEXMMFSA,shared_battery_mode_node_level_v1,SI-Drahi_10-d1-HET-ULO-BHI-72f1b1f90c,TK-PB-Drahi_10-d1-HET-ULO-d8d80a9180-r1,SS-354317d12b7f,13,1,lex_phase_1,OPTIMAL,FEASIBLE_POINT,35285.56598967556,35285.56598967556,0,76446,76446,117318,335393,2388,0,2388,11940,2388,256,0,0,NaN,0,NaN,0.0,1.000000000349246,
1,16,MULTISTAGE_RH,LEXMMFSA,shared_battery_mode_node_level_v1,SI-Drahi_10-d1-HET-ULO-BHI-72f1b1f90c,TK-PB-Drahi_10-d1-HET-ULO-d8d80a9180-r1,SS-354317d12b7f,13,2,lex_phase_2,OPTIMAL,FEASIBLE_POINT,70571.13197935006,70571.13197935006,0,76446,76446,117319,335399,2388,0,2388,11940,2388,256,0,0,NaN,0,NaN,0.0,1.000000000349246,
1,16,MULTISTAGE_RH,LEXMMFSA,shared_battery_mode_node_level_v1,SI-Drahi_10-d1-HET-ULO-BHI-72f1b1f90c,TK-PB-Drahi_10-d1-HET-ULO-d8d80a9180-r1,SS-354317d12b7f,13,3,lex_phase_3,OPTIMAL,FEASIBLE_POINT,105862.08496902522,105862.08496902522,0,76446,76446,117320,335405,2388,0,2388,11940,2388,256,0,0,NaN,0,NaN,0.0,1.000000000349246,
1,16,MULTISTAGE_RH,LEXMMFSA,shared_battery_mode_node_level_v1,SI-Drahi_10-d1-HET-ULO-BHI-72f1b1f90c,TK-PB-Drahi_10-d1-HET-ULO-d8d80a9180-r1,SS-354317d12b7f,13,4,lex_phase_4,OPTIMAL,FEASIBLE_POINT,141154.03795870012,141154.03795870012,0,76446,76446,117321,335411,2388,0,2388,11940,2388,256,0,0,NaN,0,NaN,0.0,1.000000000349246,
1,16,MULTISTAGE_RH,LEXMMFSA,shared_battery_mode_node_level_v1,SI-Drahi_10-d1-HET-ULO-BHI-72f1b1f90c,TK-PB-Drahi_10-d1-HET-ULO-d8d80a9180-r1,SS-354317d12b7f,13,5,lex_phase_5,OPTIMAL,FEASIBLE_POINT,176445.99094837852,176445.99094837852,0,76446,76446,117322,335417,2388,0,2388,11940,2388,256,0,0,NaN,0,NaN,0.0,1.000000000349246,
1,16,MULTISTAGE_RH,LEXMMFSA,shared_battery_mode_node_level_v1,SI-Drahi_10-d1-HET-ULO-BHI-72f1b1f90c,TK-PB-Drahi_10-d1-HET-ULO-d8d80a9180-r1,SS-354317d12b7f,13,6,economic_tie_break,OPTIMAL,FEASIBLE_POINT,666913.0179105318,666913.0179105318,0,76446,76446,117323,335423,2388,0,2388,11940,2388,256,0,0,NaN,0,NaN,0.0,1.000000000349246,
1,17,MULTISTAGE_RH,LEXMMFSA,shared_battery_mode_node_level_v1,SI-Drahi_10-d1-HET-ULO-BHI-72f1b1f90c,TK-PB-Drahi_10-d1-HET-ULO-d8d80a9180-r1,SS-c81930d9c8ba,17,1,lex_phase_1,OPTIMAL,FEASIBLE_POINT,37120.55266319125,37120.55266319125,0,76446,76446,117318,336608,2388,0,2388,11940,2388,256,0,0,NaN,0,NaN,15.180026281208935,1.0000000011350494,
1,17,MULTISTAGE_RH,LEXMMFSA,shared_battery_mode_node_level_v1,SI-Drahi_10-d1-HET-ULO-BHI-72f1b1f90c,TK-PB-Drahi_10-d1-HET-ULO-d8d80a9180-r1,SS-c81930d9c8ba,17,2,lex_phase_2,OPTIMAL,FEASIBLE_POINT,74241.10532638215,74241.10532638215,0,76446,76446,117319,336614,2388,0,2388,11940,2388,256,0,0,NaN,0,NaN,15.180026281208935,1.0000000011350494,
1,17,MULTISTAGE_RH,LEXMMFSA,shared_battery_mode_node_level_v1,SI-Drahi_10-d1-HET-ULO-BHI-72f1b1f90c,TK-PB-Drahi_10-d1-HET-ULO-d8d80a9180-r1,SS-c81930d9c8ba,17,3,lex_phase_3,OPTIMAL,FEASIBLE_POINT,111367.04498957325,111367.04498957325,0,76446,76446,117320,336620,2388,0,2388,11940,2388,256,0,0,NaN,0,NaN,15.180026281208935,1.0000000011350494,
1,17,MULTISTAGE_RH,LEXMMFSA,shared_battery_mode_node_level_v1,SI-Drahi_10-d1-HET-ULO-BHI-72f1b1f90c,TK-PB-Drahi_10-d1-HET-ULO-d8d80a9180-r1,SS-c81930d9c8ba,17,4,lex_phase_4,OPTIMAL,FEASIBLE_POINT,148493.98465276445,148493.98465276445,0,76446,76446,117321,336626,2388,0,2388,11940,2388,256,0,0,NaN,0,NaN,15.180026281208935,1.0000000011350494,
1,17,MULTISTAGE_RH,LEXMMFSA,shared_battery_mode_node_level_v1,SI-Drahi_10-d1-HET-ULO-BHI-72f1b1f90c,TK-PB-Drahi_10-d1-HET-ULO-d8d80a9180-r1,SS-c81930d9c8ba,17,5,lex_phase_5,OPTIMAL,FEASIBLE_POINT,185620.92431595485,185620.92431595485,0,76446,76446,117322,336632,2388,0,2388,11940,2388,256,0,0,NaN,0,NaN,15.180026281208935,1.0000000011350494,
1,17,MULTISTAGE_RH,LEXMMFSA,shared_battery_mode_node_level_v1,SI-Drahi_10-d1-HET-ULO-BHI-72f1b1f90c,TK-PB-Drahi_10-d1-HET-ULO-d8d80a9180-r1,SS-c81930d9c8ba,17,6,economic_tie_break,OPTIMAL,FEASIBLE_POINT,675331.525156822,675331.525156822,0,76446,76446,117323,336638,2388,0,2388,11940,2388,256,0,0,NaN,0,NaN,15.180026281208935,1.0000000011350494,
1,18,MULTISTAGE_RH,LEXMMFSA,shared_battery_mode_node_level_v1,SI-Drahi_10-d1-HET-ULO-BHI-72f1b1f90c,TK-PB-Drahi_10-d1-HET-ULO-d8d80a9180-r1,SS-c81930d9c8ba,17,1,lex_phase_1,OPTIMAL,FEASIBLE_POINT,37120.55266319125,37120.55266319125,0,76446,76446,117318,336608,2388,0,2388,11940,2388,256,0,0,NaN,0,NaN,0.0,1.0000000011350494,
1,18,MULTISTAGE_RH,LEXMMFSA,shared_battery_mode_node_level_v1,SI-Drahi_10-d1-HET-ULO-BHI-72f1b1f90c,TK-PB-Drahi_10-d1-HET-ULO-d8d80a9180-r1,SS-c81930d9c8ba,17,2,lex_phase_2,OPTIMAL,FEASIBLE_POINT,74241.10532638215,74241.10532638215,0,76446,76446,117319,336614,2388,0,2388,11940,2388,256,0,0,NaN,0,NaN,0.0,1.0000000011350494,
1,18,MULTISTAGE_RH,LEXMMFSA,shared_battery_mode_node_level_v1,SI-Drahi_10-d1-HET-ULO-BHI-72f1b1f90c,TK-PB-Drahi_10-d1-HET-ULO-d8d80a9180-r1,SS-c81930d9c8ba,17,3,lex_phase_3,OPTIMAL,FEASIBLE_POINT,111367.04498957325,111367.04498957325,0,76446,76446,117320,336620,2388,0,2388,11940,2388,256,0,0,NaN,0,NaN,0.0,1.0000000011350494,
1,18,MULTISTAGE_RH,LEXMMFSA,shared_battery_mode_node_level_v1,SI-Drahi_10-d1-HET-ULO-BHI-72f1b1f90c,TK-PB-Drahi_10-d1-HET-ULO-d8d80a9180-r1,SS-c81930d9c8ba,17,4,lex_phase_4,OPTIMAL,FEASIBLE_POINT,148493.98465276445,148493.98465276445,0,76446,76446,117321,336626,2388,0,2388,11940,2388,256,0,0,NaN,0,NaN,0.0,1.0000000011350494,
1,18,MULTISTAGE_RH,LEXMMFSA,shared_battery_mode_node_level_v1,SI-Drahi_10-d1-HET-ULO-BHI-72f1b1f90c,TK-PB-Drahi_10-d1-HET-ULO-d8d80a9180-r1,SS-c81930d9c8ba,17,5,lex_phase_5,OPTIMAL,FEASIBLE_POINT,185620.92431595485,185620.92431595485,0,76446,76446,117322,336632,2388,0,2388,11940,2388,256,0,0,NaN,0,NaN,0.0,1.0000000011350494,
1,18,MULTISTAGE_RH,LEXMMFSA,shared_battery_mode_node_level_v1,SI-Drahi_10-d1-HET-ULO-BHI-72f1b1f90c,TK-PB-Drahi_10-d1-HET-ULO-d8d80a9180-r1,SS-c81930d9c8ba,17,6,economic_tie_break,OPTIMAL,FEASIBLE_POINT,675331.525156822,675331.525156822,0,76446,76446,117323,336638,2388,0,2388,11940,2388,256,0,0,NaN,0,NaN,0.0,1.0000000011350494,
1,19,MULTISTAGE_RH,LEXMMFSA,shared_battery_mode_node_level_v1,SI-Drahi_10-d1-HET-ULO-BHI-72f1b1f90c,TK-PB-Drahi_10-d1-HET-ULO-d8d80a9180-r1,SS-c81930d9c8ba,17,1,lex_phase_1,OPTIMAL,FEASIBLE_POINT,37120.55266319125,37120.55266319125,0,76446,76446,117318,336608,2388,0,2388,11940,2388,256,0,0,NaN,0,NaN,0.0,1.0000000011350494,
1,19,MULTISTAGE_RH,LEXMMFSA,shared_battery_mode_node_level_v1,SI-Drahi_10-d1-HET-ULO-BHI-72f1b1f90c,TK-PB-Drahi_10-d1-HET-ULO-d8d80a9180-r1,SS-c81930d9c8ba,17,2,lex_phase_2,OPTIMAL,FEASIBLE_POINT,74241.10532638215,74241.10532638215,0,76446,76446,117319,336614,2388,0,2388,11940,2388,256,0,0,NaN,0,NaN,0.0,1.0000000011350494,
1,19,MULTISTAGE_RH,LEXMMFSA,shared_battery_mode_node_level_v1,SI-Drahi_10-d1-HET-ULO-BHI-72f1b1f90c,TK-PB-Drahi_10-d1-HET-ULO-d8d80a9180-r1,SS-c81930d9c8ba,17,3,lex_phase_3,OPTIMAL,FEASIBLE_POINT,111367.04498957325,111367.04498957325,0,76446,76446,117320,336620,2388,0,2388,11940,2388,256,0,0,NaN,0,NaN,0.0,1.0000000011350494,
1,19,MULTISTAGE_RH,LEXMMFSA,shared_battery_mode_node_level_v1,SI-Drahi_10-d1-HET-ULO-BHI-72f1b1f90c,TK-PB-Drahi_10-d1-HET-ULO-d8d80a9180-r1,SS-c81930d9c8ba,17,4,lex_phase_4,OPTIMAL,FEASIBLE_POINT,148493.98465276445,148493.98465276445,0,76446,76446,117321,336626,2388,0,2388,11940,2388,256,0,0,NaN,0,NaN,0.0,1.0000000011350494,
1,19,MULTISTAGE_RH,LEXMMFSA,shared_battery_mode_node_level_v1,SI-Drahi_10-d1-HET-ULO-BHI-72f1b1f90c,TK-PB-Drahi_10-d1-HET-ULO-d8d80a9180-r1,SS-c81930d9c8ba,17,5,lex_phase_5,OPTIMAL,FEASIBLE_POINT,185620.92431595485,185620.92431595485,0,76446,76446,117322,336632,2388,0,2388,11940,2388,256,0,0,NaN,0,NaN,0.0,1.0000000011350494,
1,19,MULTISTAGE_RH,LEXMMFSA,shared_battery_mode_node_level_v1,SI-Drahi_10-d1-HET-ULO-BHI-72f1b1f90c,TK-PB-Drahi_10-d1-HET-ULO-d8d80a9180-r1,SS-c81930d9c8ba,17,6,economic_tie_break,OPTIMAL,FEASIBLE_POINT,675331.525156822,675331.525156822,0,76446,76446,117323,336638,2388,0,2388,11940,2388,256,0,0,NaN,0,NaN,0.0,1.0000000011350494,
1,20,MULTISTAGE_RH,LEXMMFSA,shared_battery_mode_node_level_v1,SI-Drahi_10-d1-HET-ULO-BHI-72f1b1f90c,TK-PB-Drahi_10-d1-HET-ULO-d8d80a9180-r1,SS-c81930d9c8ba,17,1,lex_phase_1,OPTIMAL,FEASIBLE_POINT,37120.55266319125,37120.55266319125,0,76446,76446,117318,336608,2388,0,2388,11940,2388,256,0,0,NaN,0,NaN,2.1316282072803006e-14,1.0000000011350494,
1,20,MULTISTAGE_RH,LEXMMFSA,shared_battery_mode_node_level_v1,SI-Drahi_10-d1-HET-ULO-BHI-72f1b1f90c,TK-PB-Drahi_10-d1-HET-ULO-d8d80a9180-r1,SS-c81930d9c8ba,17,2,lex_phase_2,OPTIMAL,FEASIBLE_POINT,74241.10532638215,74241.10532638215,0,76446,76446,117319,336614,2388,0,2388,11940,2388,256,0,0,NaN,0,NaN,2.1316282072803006e-14,1.0000000011350494,
1,20,MULTISTAGE_RH,LEXMMFSA,shared_battery_mode_node_level_v1,SI-Drahi_10-d1-HET-ULO-BHI-72f1b1f90c,TK-PB-Drahi_10-d1-HET-ULO-d8d80a9180-r1,SS-c81930d9c8ba,17,3,lex_phase_3,OPTIMAL,FEASIBLE_POINT,111367.04498957325,111367.04498957325,0,76446,76446,117320,336620,2388,0,2388,11940,2388,256,0,0,NaN,0,NaN,2.1316282072803006e-14,1.0000000011350494,
1,20,MULTISTAGE_RH,LEXMMFSA,shared_battery_mode_node_level_v1,SI-Drahi_10-d1-HET-ULO-BHI-72f1b1f90c,TK-PB-Drahi_10-d1-HET-ULO-d8d80a9180-r1,SS-c81930d9c8ba,17,4,lex_phase_4,OPTIMAL,FEASIBLE_POINT,148493.98465276445,148493.98465276445,0,76446,76446,117321,336626,2388,0,2388,11940,2388,256,0,0,NaN,0,NaN,2.1316282072803006e-14,1.0000000011350494,
1,20,MULTISTAGE_RH,LEXMMFSA,shared_battery_mode_node_level_v1,SI-Drahi_10-d1-HET-ULO-BHI-72f1b1f90c,TK-PB-Drahi_10-d1-HET-ULO-d8d80a9180-r1,SS-c81930d9c8ba,17,5,lex_phase_5,OPTIMAL,FEASIBLE_POINT,185620.92431595485,185620.92431595485,0,76446,76446,117322,336632,2388,0,2388,11940,2388,256,0,0,NaN,0,NaN,2.1316282072803006e-14,1.0000000011350494,
1,20,MULTISTAGE_RH,LEXMMFSA,shared_battery_mode_node_level_v1,SI-Drahi_10-d1-HET-ULO-BHI-72f1b1f90c,TK-PB-Drahi_10-d1-HET-ULO-d8d80a9180-r1,SS-c81930d9c8ba,17,6,economic_tie_break,OPTIMAL,FEASIBLE_POINT,675331.525156822,675331.525156822,0,76446,76446,117323,336638,2388,0,2388,11940,2388,256,0,0,NaN,0,NaN,2.1316282072803006e-14,1.0000000011350494,
1,21,MULTISTAGE_RH,LEXMMFSA,shared_battery_mode_node_level_v1,SI-Drahi_10-d1-HET-ULO-BHI-72f1b1f90c,TK-PB-Drahi_10-d1-HET-ULO-d8d80a9180-r1,SS-3cf9bda45ea4,21,1,lex_phase_1,OPTIMAL,FEASIBLE_POINT,51407.164452094505,51407.164452094505,0,76446,76446,117318,335633,2388,0,2388,11940,2388,256,0,0,NaN,0,NaN,0.0,1.0000000002910383,
1,21,MULTISTAGE_RH,LEXMMFSA,shared_battery_mode_node_level_v1,SI-Drahi_10-d1-HET-ULO-BHI-72f1b1f90c,TK-PB-Drahi_10-d1-HET-ULO-d8d80a9180-r1,SS-3cf9bda45ea4,21,2,lex_phase_2,OPTIMAL,FEASIBLE_POINT,102814.32890418803,102814.32890418803,0,76446,76446,117319,335639,2388,0,2388,11940,2388,256,0,0,NaN,0,NaN,0.0,1.0000000002910383,
1,21,MULTISTAGE_RH,LEXMMFSA,shared_battery_mode_node_level_v1,SI-Drahi_10-d1-HET-ULO-BHI-72f1b1f90c,TK-PB-Drahi_10-d1-HET-ULO-d8d80a9180-r1,SS-3cf9bda45ea4,21,3,lex_phase_3,OPTIMAL,FEASIBLE_POINT,154221.49335628207,154221.49335628207,0,76446,76446,117320,335645,2388,0,2388,11940,2388,256,0,0,NaN,0,NaN,0.0,1.0000000002910383,
1,21,MULTISTAGE_RH,LEXMMFSA,shared_battery_mode_node_level_v1,SI-Drahi_10-d1-HET-ULO-BHI-72f1b1f90c,TK-PB-Drahi_10-d1-HET-ULO-d8d80a9180-r1,SS-3cf9bda45ea4,21,4,lex_phase_4,OPTIMAL,FEASIBLE_POINT,205628.81163083663,205628.81163083663,0,76446,76446,117321,335651,2388,0,2388,11940,2388,256,0,0,NaN,0,NaN,0.0,1.0000000002910383,
1,21,MULTISTAGE_RH,LEXMMFSA,shared_battery_mode_node_level_v1,SI-Drahi_10-d1-HET-ULO-BHI-72f1b1f90c,TK-PB-Drahi_10-d1-HET-ULO-d8d80a9180-r1,SS-3cf9bda45ea4,21,5,lex_phase_5,OPTIMAL,FEASIBLE_POINT,257050.94018706394,257050.94018706394,0,76446,76446,117322,335657,2388,0,2388,11940,2388,256,0,0,NaN,0,NaN,0.0,1.0000000002910383,
1,21,MULTISTAGE_RH,LEXMMFSA,shared_battery_mode_node_level_v1,SI-Drahi_10-d1-HET-ULO-BHI-72f1b1f90c,TK-PB-Drahi_10-d1-HET-ULO-d8d80a9180-r1,SS-3cf9bda45ea4,21,6,economic_tie_break,OPTIMAL,FEASIBLE_POINT,622168.6441652195,622168.6441652195,0,76446,76446,117323,335663,2388,0,2388,11940,2388,256,0,0,NaN,0,NaN,0.0,1.0000000002910383,
1,22,MULTISTAGE_RH,LEXMMFSA,shared_battery_mode_node_level_v1,SI-Drahi_10-d1-HET-ULO-BHI-72f1b1f90c,TK-PB-Drahi_10-d1-HET-ULO-d8d80a9180-r1,SS-3cf9bda45ea4,21,1,lex_phase_1,OPTIMAL,FEASIBLE_POINT,51407.164452094505,51407.164452094505,0,76446,76446,117318,335633,2388,0,2388,11940,2388,256,0,0,NaN,0,NaN,0.0,1.0000000002910383,
1,22,MULTISTAGE_RH,LEXMMFSA,shared_battery_mode_node_level_v1,SI-Drahi_10-d1-HET-ULO-BHI-72f1b1f90c,TK-PB-Drahi_10-d1-HET-ULO-d8d80a9180-r1,SS-3cf9bda45ea4,21,2,lex_phase_2,OPTIMAL,FEASIBLE_POINT,102814.32890418803,102814.32890418803,0,76446,76446,117319,335639,2388,0,2388,11940,2388,256,0,0,NaN,0,NaN,0.0,1.0000000002910383,
1,22,MULTISTAGE_RH,LEXMMFSA,shared_battery_mode_node_level_v1,SI-Drahi_10-d1-HET-ULO-BHI-72f1b1f90c,TK-PB-Drahi_10-d1-HET-ULO-d8d80a9180-r1,SS-3cf9bda45ea4,21,3,lex_phase_3,OPTIMAL,FEASIBLE_POINT,154221.49335628207,154221.49335628207,0,76446,76446,117320,335645,2388,0,2388,11940,2388,256,0,0,NaN,0,NaN,0.0,1.0000000002910383,
1,22,MULTISTAGE_RH,LEXMMFSA,shared_battery_mode_node_level_v1,SI-Drahi_10-d1-HET-ULO-BHI-72f1b1f90c,TK-PB-Drahi_10-d1-HET-ULO-d8d80a9180-r1,SS-3cf9bda45ea4,21,4,lex_phase_4,OPTIMAL,FEASIBLE_POINT,205628.81163083663,205628.81163083663,0,76446,76446,117321,335651,2388,0,2388,11940,2388,256,0,0,NaN,0,NaN,0.0,1.0000000002910383,
1,22,MULTISTAGE_RH,LEXMMFSA,shared_battery_mode_node_level_v1,SI-Drahi_10-d1-HET-ULO-BHI-72f1b1f90c,TK-PB-Drahi_10-d1-HET-ULO-d8d80a9180-r1,SS-3cf9bda45ea4,21,5,lex_phase_5,OPTIMAL,FEASIBLE_POINT,257050.94018706394,257050.94018706394,0,76446,76446,117322,335657,2388,0,2388,11940,2388,256,0,0,NaN,0,NaN,0.0,1.0000000002910383,
1,22,MULTISTAGE_RH,LEXMMFSA,shared_battery_mode_node_level_v1,SI-Drahi_10-d1-HET-ULO-BHI-72f1b1f90c,TK-PB-Drahi_10-d1-HET-ULO-d8d80a9180-r1,SS-3cf9bda45ea4,21,6,economic_tie_break,OPTIMAL,FEASIBLE_POINT,622168.6441652195,622168.6441652195,0,76446,76446,117323,335663,2388,0,2388,11940,2388,256,0,0,NaN,0,NaN,0.0,1.0000000002910383,
1,23,MULTISTAGE_RH,LEXMMFSA,shared_battery_mode_node_level_v1,SI-Drahi_10-d1-HET-ULO-BHI-72f1b1f90c,TK-PB-Drahi_10-d1-HET-ULO-d8d80a9180-r1,SS-3cf9bda45ea4,21,1,lex_phase_1,OPTIMAL,FEASIBLE_POINT,51407.164452094505,51407.164452094505,0,76446,76446,117318,335633,2388,0,2388,11940,2388,256,0,0,NaN,0,NaN,0.0,1.0000000002910383,
1,23,MULTISTAGE_RH,LEXMMFSA,shared_battery_mode_node_level_v1,SI-Drahi_10-d1-HET-ULO-BHI-72f1b1f90c,TK-PB-Drahi_10-d1-HET-ULO-d8d80a9180-r1,SS-3cf9bda45ea4,21,2,lex_phase_2,OPTIMAL,FEASIBLE_POINT,102814.32890418803,102814.32890418803,0,76446,76446,117319,335639,2388,0,2388,11940,2388,256,0,0,NaN,0,NaN,0.0,1.0000000002910383,
1,23,MULTISTAGE_RH,LEXMMFSA,shared_battery_mode_node_level_v1,SI-Drahi_10-d1-HET-ULO-BHI-72f1b1f90c,TK-PB-Drahi_10-d1-HET-ULO-d8d80a9180-r1,SS-3cf9bda45ea4,21,3,lex_phase_3,OPTIMAL,FEASIBLE_POINT,154221.49335628207,154221.49335628207,0,76446,76446,117320,335645,2388,0,2388,11940,2388,256,0,0,NaN,0,NaN,0.0,1.0000000002910383,
1,23,MULTISTAGE_RH,LEXMMFSA,shared_battery_mode_node_level_v1,SI-Drahi_10-d1-HET-ULO-BHI-72f1b1f90c,TK-PB-Drahi_10-d1-HET-ULO-d8d80a9180-r1,SS-3cf9bda45ea4,21,4,lex_phase_4,OPTIMAL,FEASIBLE_POINT,205628.81163083663,205628.81163083663,0,76446,76446,117321,335651,2388,0,2388,11940,2388,256,0,0,NaN,0,NaN,0.0,1.0000000002910383,
1,23,MULTISTAGE_RH,LEXMMFSA,shared_battery_mode_node_level_v1,SI-Drahi_10-d1-HET-ULO-BHI-72f1b1f90c,TK-PB-Drahi_10-d1-HET-ULO-d8d80a9180-r1,SS-3cf9bda45ea4,21,5,lex_phase_5,OPTIMAL,FEASIBLE_POINT,257050.94018706394,257050.94018706394,0,76446,76446,117322,335657,2388,0,2388,11940,2388,256,0,0,NaN,0,NaN,0.0,1.0000000002910383,
1,23,MULTISTAGE_RH,LEXMMFSA,shared_battery_mode_node_level_v1,SI-Drahi_10-d1-HET-ULO-BHI-72f1b1f90c,TK-PB-Drahi_10-d1-HET-ULO-d8d80a9180-r1,SS-3cf9bda45ea4,21,6,economic_tie_break,OPTIMAL,FEASIBLE_POINT,622168.6441652195,622168.6441652195,0,76446,76446,117323,335663,2388,0,2388,11940,2388,256,0,0,NaN,0,NaN,0.0,1.0000000002910383,
1,24,MULTISTAGE_RH,LEXMMFSA,shared_battery_mode_node_level_v1,SI-Drahi_10-d1-HET-ULO-BHI-72f1b1f90c,TK-PB-Drahi_10-d1-HET-ULO-d8d80a9180-r1,SS-3cf9bda45ea4,21,1,lex_phase_1,OPTIMAL,FEASIBLE_POINT,51407.164452094505,51407.164452094505,0,76446,76446,117318,335633,2388,0,2388,11940,2388,256,0,0,NaN,0,NaN,10.301686430825399,1.0000000002910383,
1,24,MULTISTAGE_RH,LEXMMFSA,shared_battery_mode_node_level_v1,SI-Drahi_10-d1-HET-ULO-BHI-72f1b1f90c,TK-PB-Drahi_10-d1-HET-ULO-d8d80a9180-r1,SS-3cf9bda45ea4,21,2,lex_phase_2,OPTIMAL,FEASIBLE_POINT,102814.32890418803,102814.32890418803,0,76446,76446,117319,335639,2388,0,2388,11940,2388,256,0,0,NaN,0,NaN,10.301686430825399,1.0000000002910383,
1,24,MULTISTAGE_RH,LEXMMFSA,shared_battery_mode_node_level_v1,SI-Drahi_10-d1-HET-ULO-BHI-72f1b1f90c,TK-PB-Drahi_10-d1-HET-ULO-d8d80a9180-r1,SS-3cf9bda45ea4,21,3,lex_phase_3,OPTIMAL,FEASIBLE_POINT,154221.49335628207,154221.49335628207,0,76446,76446,117320,335645,2388,0,2388,11940,2388,256,0,0,NaN,0,NaN,10.301686430825399,1.0000000002910383,
1,24,MULTISTAGE_RH,LEXMMFSA,shared_battery_mode_node_level_v1,SI-Drahi_10-d1-HET-ULO-BHI-72f1b1f90c,TK-PB-Drahi_10-d1-HET-ULO-d8d80a9180-r1,SS-3cf9bda45ea4,21,4,lex_phase_4,OPTIMAL,FEASIBLE_POINT,205628.81163083663,205628.81163083663,0,76446,76446,117321,335651,2388,0,2388,11940,2388,256,0,0,NaN,0,NaN,10.301686430825399,1.0000000002910383,
1,24,MULTISTAGE_RH,LEXMMFSA,shared_battery_mode_node_level_v1,SI-Drahi_10-d1-HET-ULO-BHI-72f1b1f90c,TK-PB-Drahi_10-d1-HET-ULO-d8d80a9180-r1,SS-3cf9bda45ea4,21,5,lex_phase_5,OPTIMAL,FEASIBLE_POINT,257050.94018706394,257050.94018706394,0,76446,76446,117322,335657,2388,0,2388,11940,2388,256,0,0,NaN,0,NaN,10.301686430825399,1.0000000002910383,
1,24,MULTISTAGE_RH,LEXMMFSA,shared_battery_mode_node_level_v1,SI-Drahi_10-d1-HET-ULO-BHI-72f1b1f90c,TK-PB-Drahi_10-d1-HET-ULO-d8d80a9180-r1,SS-3cf9bda45ea4,21,6,economic_tie_break,OPTIMAL,FEASIBLE_POINT,622168.6441652195,622168.6441652195,0,76446,76446,117323,335663,2388,0,2388,11940,2388,256,0,0,NaN,0,NaN,10.301686430825399,1.0000000002910383,
1,1,MULTISTAGE_RH,NONE,shared_battery_mode_node_level_v1,SI-Drahi_10-d1-HET-ULO-BHI-72f1b1f90c,TK-PB-Drahi_10-d1-HET-ULO-d8d80a9180-r1,SS-5d5bbea46d20,1,0,single_solve,OPTIMAL,FEASIBLE_POINT,562269.1027698476,562269.1027698476,0,76416,76416,117268,151443,2388,0,2388,11940,2388,256,0,0,NaN,0,NaN,0.0,0.0,
1,2,MULTISTAGE_RH,NONE,shared_battery_mode_node_level_v1,SI-Drahi_10-d1-HET-ULO-BHI-72f1b1f90c,TK-PB-Drahi_10-d1-HET-ULO-d8d80a9180-r1,SS-5d5bbea46d20,1,0,single_solve,OPTIMAL,FEASIBLE_POINT,562269.1027698476,562269.1027698476,0,76416,76416,117268,151443,2388,0,2388,11940,2388,256,0,0,NaN,0,NaN,0.0,0.0,
1,3,MULTISTAGE_RH,NONE,shared_battery_mode_node_level_v1,SI-Drahi_10-d1-HET-ULO-BHI-72f1b1f90c,TK-PB-Drahi_10-d1-HET-ULO-d8d80a9180-r1,SS-5d5bbea46d20,1,0,single_solve,OPTIMAL,FEASIBLE_POINT,562269.1027698476,562269.1027698476,0,76416,76416,117268,151443,2388,0,2388,11940,2388,256,0,0,NaN,0,NaN,0.0,0.0,
1,4,MULTISTAGE_RH,NONE,shared_battery_mode_node_level_v1,SI-Drahi_10-d1-HET-ULO-BHI-72f1b1f90c,TK-PB-Drahi_10-d1-HET-ULO-d8d80a9180-r1,SS-5d5bbea46d20,1,0,single_solve,OPTIMAL,FEASIBLE_POINT,562269.1027698476,562269.1027698476,0,76416,76416,117268,151443,2388,0,2388,11940,2388,256,0,0,NaN,0,NaN,0.0,0.0,
1,5,MULTISTAGE_RH,NONE,shared_battery_mode_node_level_v1,SI-Drahi_10-d1-HET-ULO-BHI-72f1b1f90c,TK-PB-Drahi_10-d1-HET-ULO-d8d80a9180-r1,SS-102adc95e052,5,0,single_solve,OPTIMAL,FEASIBLE_POINT,552149.0405948036,552149.0405948036,0,76416,76416,117268,147303,2388,0,2388,11940,2388,256,0,0,NaN,0,NaN,0.0,0.0,
1,6,MULTISTAGE_RH,NONE,shared_battery_mode_node_level_v1,SI-Drahi_10-d1-HET-ULO-BHI-72f1b1f90c,TK-PB-Drahi_10-d1-HET-ULO-d8d80a9180-r1,SS-102adc95e052,5,0,single_solve,OPTIMAL,FEASIBLE_POINT,552149.0405948036,552149.0405948036,0,76416,76416,117268,147303,2388,0,2388,11940,2388,256,0,0,NaN,0,NaN,1.4210854715202004e-14,0.0,
1,7,MULTISTAGE_RH,NONE,shared_battery_mode_node_level_v1,SI-Drahi_10-d1-HET-ULO-BHI-72f1b1f90c,TK-PB-Drahi_10-d1-HET-ULO-d8d80a9180-r1,SS-102adc95e052,5,0,single_solve,OPTIMAL,FEASIBLE_POINT,552149.0405948036,552149.0405948036,0,76416,76416,117268,147303,2388,0,2388,11940,2388,256,0,0,NaN,0,NaN,0.0,0.0,
1,8,MULTISTAGE_RH,NONE,shared_battery_mode_node_level_v1,SI-Drahi_10-d1-HET-ULO-BHI-72f1b1f90c,TK-PB-Drahi_10-d1-HET-ULO-d8d80a9180-r1,SS-102adc95e052,5,0,single_solve,OPTIMAL,FEASIBLE_POINT,552149.0405948036,552149.0405948036,0,76416,76416,117268,147303,2388,0,2388,11940,2388,256,0,0,NaN,0,NaN,0.0,0.0,
1,9,MULTISTAGE_RH,NONE,shared_battery_mode_node_level_v1,SI-Drahi_10-d1-HET-ULO-BHI-72f1b1f90c,TK-PB-Drahi_10-d1-HET-ULO-d8d80a9180-r1,SS-19da242d4543,9,0,single_solve,OPTIMAL,FEASIBLE_POINT,543498.0762310543,543498.0762310543,0,76416,76416,117268,151383,2388,0,2388,11940,2388,256,0,0,NaN,0,NaN,0.0,0.0,
1,10,MULTISTAGE_RH,NONE,shared_battery_mode_node_level_v1,SI-Drahi_10-d1-HET-ULO-BHI-72f1b1f90c,TK-PB-Drahi_10-d1-HET-ULO-d8d80a9180-r1,SS-19da242d4543,9,0,single_solve,OPTIMAL,FEASIBLE_POINT,543498.0762310543,543498.0762310543,0,76416,76416,117268,151383,2388,0,2388,11940,2388,256,0,0,NaN,0,NaN,0.0,0.0,
1,11,MULTISTAGE_RH,NONE,shared_battery_mode_node_level_v1,SI-Drahi_10-d1-HET-ULO-BHI-72f1b1f90c,TK-PB-Drahi_10-d1-HET-ULO-d8d80a9180-r1,SS-19da242d4543,9,0,single_solve,OPTIMAL,FEASIBLE_POINT,543498.0762310543,543498.0762310543,0,76416,76416,117268,151383,2388,0,2388,11940,2388,256,0,0,NaN,0,NaN,0.0,0.0,
1,12,MULTISTAGE_RH,NONE,shared_battery_mode_node_level_v1,SI-Drahi_10-d1-HET-ULO-BHI-72f1b1f90c,TK-PB-Drahi_10-d1-HET-ULO-d8d80a9180-r1,SS-19da242d4543,9,0,single_solve,OPTIMAL,FEASIBLE_POINT,543498.0762310543,543498.0762310543,0,76416,76416,117268,151383,2388,0,2388,11940,2388,256,0,0,NaN,0,NaN,0.0,0.0,
1,13,MULTISTAGE_RH,NONE,shared_battery_mode_node_level_v1,SI-Drahi_10-d1-HET-ULO-BHI-72f1b1f90c,TK-PB-Drahi_10-d1-HET-ULO-d8d80a9180-r1,SS-354317d12b7f,13,0,single_solve,OPTIMAL,FEASIBLE_POINT,536887.1052205428,536887.1052205428,0,76416,76416,117268,156243,2388,0,2388,11940,2388,256,0,0,NaN,0,NaN,0.0,0.0,
1,14,MULTISTAGE_RH,NONE,shared_battery_mode_node_level_v1,SI-Drahi_10-d1-HET-ULO-BHI-72f1b1f90c,TK-PB-Drahi_10-d1-HET-ULO-d8d80a9180-r1,SS-354317d12b7f,13,0,single_solve,OPTIMAL,FEASIBLE_POINT,536887.1052205428,536887.1052205428,0,76416,76416,117268,156243,2388,0,2388,11940,2388,256,0,0,NaN,0,NaN,0.0,0.0,
1,15,MULTISTAGE_RH,NONE,shared_battery_mode_node_level_v1,SI-Drahi_10-d1-HET-ULO-BHI-72f1b1f90c,TK-PB-Drahi_10-d1-HET-ULO-d8d80a9180-r1,SS-354317d12b7f,13,0,single_solve,OPTIMAL,FEASIBLE_POINT,536887.1052205428,536887.1052205428,0,76416,76416,117268,156243,2388,0,2388,11940,2388,256,0,0,NaN,0,NaN,0.0,0.0,
1,16,MULTISTAGE_RH,NONE,shared_battery_mode_node_level_v1,SI-Drahi_10-d1-HET-ULO-BHI-72f1b1f90c,TK-PB-Drahi_10-d1-HET-ULO-d8d80a9180-r1,SS-354317d12b7f,13,0,single_solve,OPTIMAL,FEASIBLE_POINT,536887.1052205428,536887.1052205428,0,76416,76416,117268,156243,2388,0,2388,11940,2388,256,0,0,NaN,0,NaN,0.0,0.0,
1,17,MULTISTAGE_RH,NONE,shared_battery_mode_node_level_v1,SI-Drahi_10-d1-HET-ULO-BHI-72f1b1f90c,TK-PB-Drahi_10-d1-HET-ULO-d8d80a9180-r1,SS-c81930d9c8ba,17,0,single_solve,OPTIMAL,FEASIBLE_POINT,534615.703968922,534615.703968922,0,76416,76416,117268,157458,2388,0,2388,11940,2388,256,0,0,NaN,0,NaN,0.0,0.0,
1,18,MULTISTAGE_RH,NONE,shared_battery_mode_node_level_v1,SI-Drahi_10-d1-HET-ULO-BHI-72f1b1f90c,TK-PB-Drahi_10-d1-HET-ULO-d8d80a9180-r1,SS-c81930d9c8ba,17,0,single_solve,OPTIMAL,FEASIBLE_POINT,534615.703968922,534615.703968922,0,76416,76416,117268,157458,2388,0,2388,11940,2388,256,0,0,NaN,0,NaN,0.0,0.0,
1,19,MULTISTAGE_RH,NONE,shared_battery_mode_node_level_v1,SI-Drahi_10-d1-HET-ULO-BHI-72f1b1f90c,TK-PB-Drahi_10-d1-HET-ULO-d8d80a9180-r1,SS-c81930d9c8ba,17,0,single_solve,OPTIMAL,FEASIBLE_POINT,534615.703968922,534615.703968922,0,76416,76416,117268,157458,2388,0,2388,11940,2388,256,0,0,NaN,0,NaN,0.0,0.0,
1,20,MULTISTAGE_RH,NONE,shared_battery_mode_node_level_v1,SI-Drahi_10-d1-HET-ULO-BHI-72f1b1f90c,TK-PB-Drahi_10-d1-HET-ULO-d8d80a9180-r1,SS-c81930d9c8ba,17,0,single_solve,OPTIMAL,FEASIBLE_POINT,534615.703968922,534615.703968922,0,76416,76416,117268,157458,2388,0,2388,11940,2388,256,0,0,NaN,0,NaN,0.0,0.0,
1,21,MULTISTAGE_RH,NONE,shared_battery_mode_node_level_v1,SI-Drahi_10-d1-HET-ULO-BHI-72f1b1f90c,TK-PB-Drahi_10-d1-HET-ULO-d8d80a9180-r1,SS-3cf9bda45ea4,21,0,single_solve,OPTIMAL,FEASIBLE_POINT,539770.3558832423,539770.3558832423,0,76416,76416,117268,156483,2388,0,2388,11940,2388,256,0,0,NaN,0,NaN,0.0,0.0,
1,22,MULTISTAGE_RH,NONE,shared_battery_mode_node_level_v1,SI-Drahi_10-d1-HET-ULO-BHI-72f1b1f90c,TK-PB-Drahi_10-d1-HET-ULO-d8d80a9180-r1,SS-3cf9bda45ea4,21,0,single_solve,OPTIMAL,FEASIBLE_POINT,539770.3558832423,539770.3558832423,0,76416,76416,117268,156483,2388,0,2388,11940,2388,256,0,0,NaN,0,NaN,0.0,0.0,
1,23,MULTISTAGE_RH,NONE,shared_battery_mode_node_level_v1,SI-Drahi_10-d1-HET-ULO-BHI-72f1b1f90c,TK-PB-Drahi_10-d1-HET-ULO-d8d80a9180-r1,SS-3cf9bda45ea4,21,0,single_solve,OPTIMAL,FEASIBLE_POINT,539770.3558832423,539770.3558832423,0,76416,76416,117268,156483,2388,0,2388,11940,2388,256,0,0,NaN,0,NaN,0.0,0.0,
1,24,MULTISTAGE_RH,NONE,shared_battery_mode_node_level_v1,SI-Drahi_10-d1-HET-ULO-BHI-72f1b1f90c,TK-PB-Drahi_10-d1-HET-ULO-d8d80a9180-r1,SS-3cf9bda45ea4,21,0,single_solve,OPTIMAL,FEASIBLE_POINT,539770.3558832423,539770.3558832423,0,76416,76416,117268,156483,2388,0,2388,11940,2388,256,0,0,NaN,0,NaN,2.831068712794149e-15,0.0,
1,1,MULTISTAGE_RH,PEA,shared_battery_mode_node_level_v1,SI-Drahi_10-d1-HET-ULO-BHI-72f1b1f90c,TK-PB-Drahi_10-d1-HET-ULO-d8d80a9180-r1,SS-5d5bbea46d20,1,0,single_solve,OPTIMAL,FEASIBLE_POINT,638981.7198508219,638981.7198508219,0,76416,76416,117273,163383,2388,0,2388,11940,2388,256,0,0,NaN,0,NaN,0.0,3.410605131648481e-13,
1,2,MULTISTAGE_RH,PEA,shared_battery_mode_node_level_v1,SI-Drahi_10-d1-HET-ULO-BHI-72f1b1f90c,TK-PB-Drahi_10-d1-HET-ULO-d8d80a9180-r1,SS-5d5bbea46d20,1,0,single_solve,OPTIMAL,FEASIBLE_POINT,638981.7198508219,638981.7198508219,0,76416,76416,117273,163383,2388,0,2388,11940,2388,256,0,0,NaN,0,NaN,0.0,3.410605131648481e-13,
1,3,MULTISTAGE_RH,PEA,shared_battery_mode_node_level_v1,SI-Drahi_10-d1-HET-ULO-BHI-72f1b1f90c,TK-PB-Drahi_10-d1-HET-ULO-d8d80a9180-r1,SS-5d5bbea46d20,1,0,single_solve,OPTIMAL,FEASIBLE_POINT,638981.7198508219,638981.7198508219,0,76416,76416,117273,163383,2388,0,2388,11940,2388,256,0,0,NaN,0,NaN,0.0,3.410605131648481e-13,
1,4,MULTISTAGE_RH,PEA,shared_battery_mode_node_level_v1,SI-Drahi_10-d1-HET-ULO-BHI-72f1b1f90c,TK-PB-Drahi_10-d1-HET-ULO-d8d80a9180-r1,SS-5d5bbea46d20,1,0,single_solve,OPTIMAL,FEASIBLE_POINT,638981.7198508219,638981.7198508219,0,76416,76416,117273,163383,2388,0,2388,11940,2388,256,0,0,NaN,0,NaN,0.0,3.410605131648481e-13,
1,5,MULTISTAGE_RH,PEA,shared_battery_mode_node_level_v1,SI-Drahi_10-d1-HET-ULO-BHI-72f1b1f90c,TK-PB-Drahi_10-d1-HET-ULO-d8d80a9180-r1,SS-102adc95e052,5,0,single_solve,OPTIMAL,FEASIBLE_POINT,632259.0335358761,632259.0335358761,0,76416,76416,117273,159243,2388,0,2388,11940,2388,256,0,0,NaN,0,NaN,0.0,3.410605131648481e-13,
1,6,MULTISTAGE_RH,PEA,shared_battery_mode_node_level_v1,SI-Drahi_10-d1-HET-ULO-BHI-72f1b1f90c,TK-PB-Drahi_10-d1-HET-ULO-d8d80a9180-r1,SS-102adc95e052,5,0,single_solve,OPTIMAL,FEASIBLE_POINT,632259.0335358761,632259.0335358761,0,76416,76416,117273,159243,2388,0,2388,11940,2388,256,0,0,NaN,0,NaN,0.0,3.410605131648481e-13,
1,7,MULTISTAGE_RH,PEA,shared_battery_mode_node_level_v1,SI-Drahi_10-d1-HET-ULO-BHI-72f1b1f90c,TK-PB-Drahi_10-d1-HET-ULO-d8d80a9180-r1,SS-102adc95e052,5,0,single_solve,OPTIMAL,FEASIBLE_POINT,632259.0335358761,632259.0335358761,0,76416,76416,117273,159243,2388,0,2388,11940,2388,256,0,0,NaN,0,NaN,0.19500000000000006,3.410605131648481e-13,
1,8,MULTISTAGE_RH,PEA,shared_battery_mode_node_level_v1,SI-Drahi_10-d1-HET-ULO-BHI-72f1b1f90c,TK-PB-Drahi_10-d1-HET-ULO-d8d80a9180-r1,SS-102adc95e052,5,0,single_solve,OPTIMAL,FEASIBLE_POINT,632259.0335358761,632259.0335358761,0,76416,76416,117273,159243,2388,0,2388,11940,2388,256,0,0,NaN,0,NaN,2.831068712794149e-15,3.410605131648481e-13,
1,9,MULTISTAGE_RH,PEA,shared_battery_mode_node_level_v1,SI-Drahi_10-d1-HET-ULO-BHI-72f1b1f90c,TK-PB-Drahi_10-d1-HET-ULO-d8d80a9180-r1,SS-19da242d4543,9,0,single_solve,OPTIMAL,FEASIBLE_POINT,646932.1267219404,646932.1267219404,0,76416,76416,117273,163323,2388,0,2388,11940,2388,256,0,0,NaN,0,NaN,0.0,1.4210854715202004e-13,
1,10,MULTISTAGE_RH,PEA,shared_battery_mode_node_level_v1,SI-Drahi_10-d1-HET-ULO-BHI-72f1b1f90c,TK-PB-Drahi_10-d1-HET-ULO-d8d80a9180-r1,SS-19da242d4543,9,0,single_solve,OPTIMAL,FEASIBLE_POINT,646932.1267219404,646932.1267219404,0,76416,76416,117273,163323,2388,0,2388,11940,2388,256,0,0,NaN,0,NaN,0.0,1.4210854715202004e-13,
1,11,MULTISTAGE_RH,PEA,shared_battery_mode_node_level_v1,SI-Drahi_10-d1-HET-ULO-BHI-72f1b1f90c,TK-PB-Drahi_10-d1-HET-ULO-d8d80a9180-r1,SS-19da242d4543,9,0,single_solve,OPTIMAL,FEASIBLE_POINT,646932.1267219404,646932.1267219404,0,76416,76416,117273,163323,2388,0,2388,11940,2388,256,0,0,NaN,0,NaN,16.0,1.4210854715202004e-13,
1,12,MULTISTAGE_RH,PEA,shared_battery_mode_node_level_v1,SI-Drahi_10-d1-HET-ULO-BHI-72f1b1f90c,TK-PB-Drahi_10-d1-HET-ULO-d8d80a9180-r1,SS-19da242d4543,9,0,single_solve,OPTIMAL,FEASIBLE_POINT,646932.1267219404,646932.1267219404,0,76416,76416,117273,163323,2388,0,2388,11940,2388,256,0,0,NaN,0,NaN,1.4210854715202004e-14,1.4210854715202004e-13,
1,13,MULTISTAGE_RH,PEA,shared_battery_mode_node_level_v1,SI-Drahi_10-d1-HET-ULO-BHI-72f1b1f90c,TK-PB-Drahi_10-d1-HET-ULO-d8d80a9180-r1,SS-354317d12b7f,13,0,single_solve,OPTIMAL,FEASIBLE_POINT,609615.7606828238,609615.7606828238,0,76416,76416,117273,168183,2388,0,2388,11940,2388,256,0,0,NaN,0,NaN,16.0,1.9326762412674725e-12,
1,14,MULTISTAGE_RH,PEA,shared_battery_mode_node_level_v1,SI-Drahi_10-d1-HET-ULO-BHI-72f1b1f90c,TK-PB-Drahi_10-d1-HET-ULO-d8d80a9180-r1,SS-354317d12b7f,13,0,single_solve,OPTIMAL,FEASIBLE_POINT,609615.7606828238,609615.7606828238,0,76416,76416,117273,168183,2388,0,2388,11940,2388,256,0,0,NaN,0,NaN,1.4210854715202004e-14,1.9326762412674725e-12,
1,15,MULTISTAGE_RH,PEA,shared_battery_mode_node_level_v1,SI-Drahi_10-d1-HET-ULO-BHI-72f1b1f90c,TK-PB-Drahi_10-d1-HET-ULO-d8d80a9180-r1,SS-354317d12b7f,13,0,single_solve,OPTIMAL,FEASIBLE_POINT,609615.7606828238,609615.7606828238,0,76416,76416,117273,168183,2388,0,2388,11940,2388,256,0,0,NaN,0,NaN,5.3771353482260125,1.9326762412674725e-12,
1,16,MULTISTAGE_RH,PEA,shared_battery_mode_node_level_v1,SI-Drahi_10-d1-HET-ULO-BHI-72f1b1f90c,TK-PB-Drahi_10-d1-HET-ULO-d8d80a9180-r1,SS-354317d12b7f,13,0,single_solve,OPTIMAL,FEASIBLE_POINT,609615.7606828238,609615.7606828238,0,76416,76416,117273,168183,2388,0,2388,11940,2388,256,0,0,NaN,0,NaN,2.842170943040401e-14,1.9326762412674725e-12,
1,17,MULTISTAGE_RH,PEA,shared_battery_mode_node_level_v1,SI-Drahi_10-d1-HET-ULO-BHI-72f1b1f90c,TK-PB-Drahi_10-d1-HET-ULO-d8d80a9180-r1,SS-c81930d9c8ba,17,0,single_solve,OPTIMAL,FEASIBLE_POINT,600801.3860760003,600801.3860760003,0,76416,76416,117273,169398,2388,0,2388,11940,2388,256,0,0,NaN,0,NaN,2.842170943040401e-14,2.1600499167107046e-12,
1,18,MULTISTAGE_RH,PEA,shared_battery_mode_node_level_v1,SI-Drahi_10-d1-HET-ULO-BHI-72f1b1f90c,TK-PB-Drahi_10-d1-HET-ULO-d8d80a9180-r1,SS-c81930d9c8ba,17,0,single_solve,OPTIMAL,FEASIBLE_POINT,600801.3860760003,600801.3860760003,0,76416,76416,117273,169398,2388,0,2388,11940,2388,256,0,0,NaN,0,NaN,2.842170943040401e-14,2.1600499167107046e-12,
1,19,MULTISTAGE_RH,PEA,shared_battery_mode_node_level_v1,SI-Drahi_10-d1-HET-ULO-BHI-72f1b1f90c,TK-PB-Drahi_10-d1-HET-ULO-d8d80a9180-r1,SS-c81930d9c8ba,17,0,single_solve,OPTIMAL,FEASIBLE_POINT,600801.3860760003,600801.3860760003,0,76416,76416,117273,169398,2388,0,2388,11940,2388,256,0,0,NaN,0,NaN,2.842170943040401e-14,2.1600499167107046e-12,
1,20,MULTISTAGE_RH,PEA,shared_battery_mode_node_level_v1,SI-Drahi_10-d1-HET-ULO-BHI-72f1b1f90c,TK-PB-Drahi_10-d1-HET-ULO-d8d80a9180-r1,SS-c81930d9c8ba,17,0,single_solve,OPTIMAL,FEASIBLE_POINT,600801.3860760003,600801.3860760003,0,76416,76416,117273,169398,2388,0,2388,11940,2388,256,0,0,NaN,0,NaN,2.842170943040401e-14,2.1600499167107046e-12,
1,21,MULTISTAGE_RH,PEA,shared_battery_mode_node_level_v1,SI-Drahi_10-d1-HET-ULO-BHI-72f1b1f90c,TK-PB-Drahi_10-d1-HET-ULO-d8d80a9180-r1,SS-3cf9bda45ea4,21,0,single_solve,OPTIMAL,FEASIBLE_POINT,601965.778820716,601965.778820716,0,76416,76416,117273,168423,2388,0,2388,11940,2388,256,0,0,NaN,0,NaN,0.0,5.684341886080801e-13,
1,22,MULTISTAGE_RH,PEA,shared_battery_mode_node_level_v1,SI-Drahi_10-d1-HET-ULO-BHI-72f1b1f90c,TK-PB-Drahi_10-d1-HET-ULO-d8d80a9180-r1,SS-3cf9bda45ea4,21,0,single_solve,OPTIMAL,FEASIBLE_POINT,601965.778820716,601965.778820716,0,76416,76416,117273,168423,2388,0,2388,11940,2388,256,0,0,NaN,0,NaN,0.0,5.684341886080801e-13,
1,23,MULTISTAGE_RH,PEA,shared_battery_mode_node_level_v1,SI-Drahi_10-d1-HET-ULO-BHI-72f1b1f90c,TK-PB-Drahi_10-d1-HET-ULO-d8d80a9180-r1,SS-3cf9bda45ea4,21,0,single_solve,OPTIMAL,FEASIBLE_POINT,601965.778820716,601965.778820716,0,76416,76416,117273,168423,2388,0,2388,11940,2388,256,0,0,NaN,0,NaN,0.0,5.684341886080801e-13,
1,24,MULTISTAGE_RH,PEA,shared_battery_mode_node_level_v1,SI-Drahi_10-d1-HET-ULO-BHI-72f1b1f90c,TK-PB-Drahi_10-d1-HET-ULO-d8d80a9180-r1,SS-3cf9bda45ea4,21,0,single_solve,OPTIMAL,FEASIBLE_POINT,601965.778820716,601965.778820716,0,76416,76416,117273,168423,2388,0,2388,11940,2388,256,0,0,NaN,0,NaN,2.831068712794149e-15,5.684341886080801e-13,
1,1,MULTISTAGE_RH,SA,shared_battery_mode_node_level_v1,SI-Drahi_10-d1-HET-ULO-BHI-72f1b1f90c,TK-PB-Drahi_10-d1-HET-ULO-d8d80a9180-r1,SS-5d5bbea46d20,1,0,single_solve,OPTIMAL,FEASIBLE_POINT,635915.6609714013,635915.6609714013,0,76416,76416,117273,330543,2388,0,2388,11940,2388,256,0,0,NaN,0,NaN,0.0,1.0186340659856796e-10,
1,2,MULTISTAGE_RH,SA,shared_battery_mode_node_level_v1,SI-Drahi_10-d1-HET-ULO-BHI-72f1b1f90c,TK-PB-Drahi_10-d1-HET-ULO-d8d80a9180-r1,SS-5d5bbea46d20,1,0,single_solve,OPTIMAL,FEASIBLE_POINT,635915.6609714013,635915.6609714013,0,76416,76416,117273,330543,2388,0,2388,11940,2388,256,0,0,NaN,0,NaN,0.0,1.0186340659856796e-10,
1,3,MULTISTAGE_RH,SA,shared_battery_mode_node_level_v1,SI-Drahi_10-d1-HET-ULO-BHI-72f1b1f90c,TK-PB-Drahi_10-d1-HET-ULO-d8d80a9180-r1,SS-5d5bbea46d20,1,0,single_solve,OPTIMAL,FEASIBLE_POINT,635915.6609714013,635915.6609714013,0,76416,76416,117273,330543,2388,0,2388,11940,2388,256,0,0,NaN,0,NaN,0.0,1.0186340659856796e-10,
1,4,MULTISTAGE_RH,SA,shared_battery_mode_node_level_v1,SI-Drahi_10-d1-HET-ULO-BHI-72f1b1f90c,TK-PB-Drahi_10-d1-HET-ULO-d8d80a9180-r1,SS-5d5bbea46d20,1,0,single_solve,OPTIMAL,FEASIBLE_POINT,635915.6609714013,635915.6609714013,0,76416,76416,117273,330543,2388,0,2388,11940,2388,256,0,0,NaN,0,NaN,0.0,1.0186340659856796e-10,
1,5,MULTISTAGE_RH,SA,shared_battery_mode_node_level_v1,SI-Drahi_10-d1-HET-ULO-BHI-72f1b1f90c,TK-PB-Drahi_10-d1-HET-ULO-d8d80a9180-r1,SS-102adc95e052,5,0,single_solve,OPTIMAL,FEASIBLE_POINT,614294.3990129821,614294.3990129821,0,76416,76416,117273,326403,2388,0,2388,11940,2388,256,0,0,NaN,0,NaN,6.5597897503285125,4.94765117764473e-10,
1,6,MULTISTAGE_RH,SA,shared_battery_mode_node_level_v1,SI-Drahi_10-d1-HET-ULO-BHI-72f1b1f90c,TK-PB-Drahi_10-d1-HET-ULO-d8d80a9180-r1,SS-102adc95e052,5,0,single_solve,OPTIMAL,FEASIBLE_POINT,614294.3990129821,614294.3990129821,0,76416,76416,117273,326403,2388,0,2388,11940,2388,256,0,0,NaN,0,NaN,1.4210854715202004e-14,4.94765117764473e-10,
1,7,MULTISTAGE_RH,SA,shared_battery_mode_node_level_v1,SI-Drahi_10-d1-HET-ULO-BHI-72f1b1f90c,TK-PB-Drahi_10-d1-HET-ULO-d8d80a9180-r1,SS-102adc95e052,5,0,single_solve,OPTIMAL,FEASIBLE_POINT,614294.3990129821,614294.3990129821,0,76416,76416,117273,326403,2388,0,2388,11940,2388,256,0,0,NaN,0,NaN,0.0,4.94765117764473e-10,
1,8,MULTISTAGE_RH,SA,shared_battery_mode_node_level_v1,SI-Drahi_10-d1-HET-ULO-BHI-72f1b1f90c,TK-PB-Drahi_10-d1-HET-ULO-d8d80a9180-r1,SS-102adc95e052,5,0,single_solve,OPTIMAL,FEASIBLE_POINT,614294.3990129821,614294.3990129821,0,76416,76416,117273,326403,2388,0,2388,11940,2388,256,0,0,NaN,0,NaN,2.831068712794149e-15,4.94765117764473e-10,
1,9,MULTISTAGE_RH,SA,shared_battery_mode_node_level_v1,SI-Drahi_10-d1-HET-ULO-BHI-72f1b1f90c,TK-PB-Drahi_10-d1-HET-ULO-d8d80a9180-r1,SS-19da242d4543,9,0,single_solve,OPTIMAL,FEASIBLE_POINT,617875.4580829391,617875.4580829391,0,76416,76416,117273,330483,2388,0,2388,11940,2388,256,0,0,NaN,0,NaN,0.0,2.546585164964199e-10,
1,10,MULTISTAGE_RH,SA,shared_battery_mode_node_level_v1,SI-Drahi_10-d1-HET-ULO-BHI-72f1b1f90c,TK-PB-Drahi_10-d1-HET-ULO-d8d80a9180-r1,SS-19da242d4543,9,0,single_solve,OPTIMAL,FEASIBLE_POINT,617875.4580829391,617875.4580829391,0,76416,76416,117273,330483,2388,0,2388,11940,2388,256,0,0,NaN,0,NaN,0.0,2.546585164964199e-10,
1,11,MULTISTAGE_RH,SA,shared_battery_mode_node_level_v1,SI-Drahi_10-d1-HET-ULO-BHI-72f1b1f90c,TK-PB-Drahi_10-d1-HET-ULO-d8d80a9180-r1,SS-19da242d4543,9,0,single_solve,OPTIMAL,FEASIBLE_POINT,617875.4580829391,617875.4580829391,0,76416,76416,117273,330483,2388,0,2388,11940,2388,256,0,0,NaN,0,NaN,0.0,2.546585164964199e-10,
1,12,MULTISTAGE_RH,SA,shared_battery_mode_node_level_v1,SI-Drahi_10-d1-HET-ULO-BHI-72f1b1f90c,TK-PB-Drahi_10-d1-HET-ULO-d8d80a9180-r1,SS-19da242d4543,9,0,single_solve,OPTIMAL,FEASIBLE_POINT,617875.4580829391,617875.4580829391,0,76416,76416,117273,330483,2388,0,2388,11940,2388,256,0,0,NaN,0,NaN,1.4210854715202004e-14,2.546585164964199e-10,
1,13,MULTISTAGE_RH,SA,shared_battery_mode_node_level_v1,SI-Drahi_10-d1-HET-ULO-BHI-72f1b1f90c,TK-PB-Drahi_10-d1-HET-ULO-d8d80a9180-r1,SS-354317d12b7f,13,0,single_solve,OPTIMAL,FEASIBLE_POINT,627540.6818753903,627540.6818753903,0,76416,76416,117273,335343,2388,0,2388,11940,2388,256,0,0,NaN,0,NaN,0.0,6.148184183984995e-10,
1,14,MULTISTAGE_RH,SA,shared_battery_mode_node_level_v1,SI-Drahi_10-d1-HET-ULO-BHI-72f1b1f90c,TK-PB-Drahi_10-d1-HET-ULO-d8d80a9180-r1,SS-354317d12b7f,13,0,single_solve,OPTIMAL,FEASIBLE_POINT,627540.6818753903,627540.6818753903,0,76416,76416,117273,335343,2388,0,2388,11940,2388,256,0,0,NaN,0,NaN,1.4210854715202004e-14,6.148184183984995e-10,
1,15,MULTISTAGE_RH,SA,shared_battery_mode_node_level_v1,SI-Drahi_10-d1-HET-ULO-BHI-72f1b1f90c,TK-PB-Drahi_10-d1-HET-ULO-d8d80a9180-r1,SS-354317d12b7f,13,0,single_solve,OPTIMAL,FEASIBLE_POINT,627540.6818753903,627540.6818753903,0,76416,76416,117273,335343,2388,0,2388,11940,2388,256,0,0,NaN,0,NaN,0.0,6.148184183984995e-10,
1,16,MULTISTAGE_RH,SA,shared_battery_mode_node_level_v1,SI-Drahi_10-d1-HET-ULO-BHI-72f1b1f90c,TK-PB-Drahi_10-d1-HET-ULO-d8d80a9180-r1,SS-354317d12b7f,13,0,single_solve,OPTIMAL,FEASIBLE_POINT,627540.6818753903,627540.6818753903,0,76416,76416,117273,335343,2388,0,2388,11940,2388,256,0,0,NaN,0,NaN,0.0,6.148184183984995e-10,
1,17,MULTISTAGE_RH,SA,shared_battery_mode_node_level_v1,SI-Drahi_10-d1-HET-ULO-BHI-72f1b1f90c,TK-PB-Drahi_10-d1-HET-ULO-d8d80a9180-r1,SS-c81930d9c8ba,17,0,single_solve,OPTIMAL,FEASIBLE_POINT,641199.9191607477,641199.9191607477,0,76416,76416,117273,336558,2388,0,2388,11940,2388,256,0,0,NaN,0,NaN,15.180026281208935,7.712515071034431e-10,
1,18,MULTISTAGE_RH,SA,shared_battery_mode_node_level_v1,SI-Drahi_10-d1-HET-ULO-BHI-72f1b1f90c,TK-PB-Drahi_10-d1-HET-ULO-d8d80a9180-r1,SS-c81930d9c8ba,17,0,single_solve,OPTIMAL,FEASIBLE_POINT,641199.9191607477,641199.9191607477,0,76416,76416,117273,336558,2388,0,2388,11940,2388,256,0,0,NaN,0,NaN,0.0,7.712515071034431e-10,
1,19,MULTISTAGE_RH,SA,shared_battery_mode_node_level_v1,SI-Drahi_10-d1-HET-ULO-BHI-72f1b1f90c,TK-PB-Drahi_10-d1-HET-ULO-d8d80a9180-r1,SS-c81930d9c8ba,17,0,single_solve,OPTIMAL,FEASIBLE_POINT,641199.9191607477,641199.9191607477,0,76416,76416,117273,336558,2388,0,2388,11940,2388,256,0,0,NaN,0,NaN,0.0,7.712515071034431e-10,
1,20,MULTISTAGE_RH,SA,shared_battery_mode_node_level_v1,SI-Drahi_10-d1-HET-ULO-BHI-72f1b1f90c,TK-PB-Drahi_10-d1-HET-ULO-d8d80a9180-r1,SS-c81930d9c8ba,17,0,single_solve,OPTIMAL,FEASIBLE_POINT,641199.9191607477,641199.9191607477,0,76416,76416,117273,336558,2388,0,2388,11940,2388,256,0,0,NaN,0,NaN,0.0,7.712515071034431e-10,
1,21,MULTISTAGE_RH,SA,shared_battery_mode_node_level_v1,SI-Drahi_10-d1-HET-ULO-BHI-72f1b1f90c,TK-PB-Drahi_10-d1-HET-ULO-d8d80a9180-r1,SS-3cf9bda45ea4,21,0,single_solve,OPTIMAL,FEASIBLE_POINT,619372.0887882141,619372.0887882141,0,76416,76416,117273,335583,2388,0,2388,11940,2388,256,0,0,NaN,0,NaN,0.0,7.639755494892597e-10,
1,22,MULTISTAGE_RH,SA,shared_battery_mode_node_level_v1,SI-Drahi_10-d1-HET-ULO-BHI-72f1b1f90c,TK-PB-Drahi_10-d1-HET-ULO-d8d80a9180-r1,SS-3cf9bda45ea4,21,0,single_solve,OPTIMAL,FEASIBLE_POINT,619372.0887882141,619372.0887882141,0,76416,76416,117273,335583,2388,0,2388,11940,2388,256,0,0,NaN,0,NaN,0.0,7.639755494892597e-10,
1,23,MULTISTAGE_RH,SA,shared_battery_mode_node_level_v1,SI-Drahi_10-d1-HET-ULO-BHI-72f1b1f90c,TK-PB-Drahi_10-d1-HET-ULO-d8d80a9180-r1,SS-3cf9bda45ea4,21,0,single_solve,OPTIMAL,FEASIBLE_POINT,619372.0887882141,619372.0887882141,0,76416,76416,117273,335583,2388,0,2388,11940,2388,256,0,0,NaN,0,NaN,1.4210854715202004e-14,7.639755494892597e-10,
1,24,MULTISTAGE_RH,SA,shared_battery_mode_node_level_v1,SI-Drahi_10-d1-HET-ULO-BHI-72f1b1f90c,TK-PB-Drahi_10-d1-HET-ULO-d8d80a9180-r1,SS-3cf9bda45ea4,21,0,single_solve,OPTIMAL,FEASIBLE_POINT,619372.0887882141,619372.0887882141,0,76416,76416,117273,335583,2388,0,2388,11940,2388,256,0,0,NaN,0,NaN,0.5612746937812538,7.639755494892597e-10,
1,1,MULTISTAGE_RH,STATIC_DEMAND_SHARE,shared_battery_mode_node_level_v1,SI-Drahi_10-d1-HET-ULO-BHI-72f1b1f90c,TK-PB-Drahi_10-d1-HET-ULO-d8d80a9180-r1,SS-5d5bbea46d20,1,0,single_solve,OPTIMAL,FEASIBLE_POINT,562269.1027698487,562269.1027698487,0,76416,76416,129208,163383,2388,0,2388,11940,2388,256,0,0,NaN,0,NaN,1.4210854715202004e-14,0.0,
1,2,MULTISTAGE_RH,STATIC_DEMAND_SHARE,shared_battery_mode_node_level_v1,SI-Drahi_10-d1-HET-ULO-BHI-72f1b1f90c,TK-PB-Drahi_10-d1-HET-ULO-d8d80a9180-r1,SS-5d5bbea46d20,1,0,single_solve,OPTIMAL,FEASIBLE_POINT,562269.1027698487,562269.1027698487,0,76416,76416,129208,163383,2388,0,2388,11940,2388,256,0,0,NaN,0,NaN,0.0,0.0,
1,3,MULTISTAGE_RH,STATIC_DEMAND_SHARE,shared_battery_mode_node_level_v1,SI-Drahi_10-d1-HET-ULO-BHI-72f1b1f90c,TK-PB-Drahi_10-d1-HET-ULO-d8d80a9180-r1,SS-5d5bbea46d20,1,0,single_solve,OPTIMAL,FEASIBLE_POINT,562269.1027698487,562269.1027698487,0,76416,76416,129208,163383,2388,0,2388,11940,2388,256,0,0,NaN,0,NaN,0.0,0.0,
1,4,MULTISTAGE_RH,STATIC_DEMAND_SHARE,shared_battery_mode_node_level_v1,SI-Drahi_10-d1-HET-ULO-BHI-72f1b1f90c,TK-PB-Drahi_10-d1-HET-ULO-d8d80a9180-r1,SS-5d5bbea46d20,1,0,single_solve,OPTIMAL,FEASIBLE_POINT,562269.1027698487,562269.1027698487,0,76416,76416,129208,163383,2388,0,2388,11940,2388,256,0,0,NaN,0,NaN,0.0,0.0,
1,5,MULTISTAGE_RH,STATIC_DEMAND_SHARE,shared_battery_mode_node_level_v1,SI-Drahi_10-d1-HET-ULO-BHI-72f1b1f90c,TK-PB-Drahi_10-d1-HET-ULO-d8d80a9180-r1,SS-102adc95e052,5,0,single_solve,OPTIMAL,FEASIBLE_POINT,552149.0405948034,552149.0405948034,0,76416,76416,129208,159243,2388,0,2388,11940,2388,256,0,0,NaN,0,NaN,0.0,0.0,
1,6,MULTISTAGE_RH,STATIC_DEMAND_SHARE,shared_battery_mode_node_level_v1,SI-Drahi_10-d1-HET-ULO-BHI-72f1b1f90c,TK-PB-Drahi_10-d1-HET-ULO-d8d80a9180-r1,SS-102adc95e052,5,0,single_solve,OPTIMAL,FEASIBLE_POINT,552149.0405948034,552149.0405948034,0,76416,76416,129208,159243,2388,0,2388,11940,2388,256,0,0,NaN,0,NaN,0.0,0.0,
1,7,MULTISTAGE_RH,STATIC_DEMAND_SHARE,shared_battery_mode_node_level_v1,SI-Drahi_10-d1-HET-ULO-BHI-72f1b1f90c,TK-PB-Drahi_10-d1-HET-ULO-d8d80a9180-r1,SS-102adc95e052,5,0,single_solve,OPTIMAL,FEASIBLE_POINT,552149.0405948034,552149.0405948034,0,76416,76416,129208,159243,2388,0,2388,11940,2388,256,0,0,NaN,0,NaN,7.105427357601002e-15,0.0,
1,8,MULTISTAGE_RH,STATIC_DEMAND_SHARE,shared_battery_mode_node_level_v1,SI-Drahi_10-d1-HET-ULO-BHI-72f1b1f90c,TK-PB-Drahi_10-d1-HET-ULO-d8d80a9180-r1,SS-102adc95e052,5,0,single_solve,OPTIMAL,FEASIBLE_POINT,552149.0405948034,552149.0405948034,0,76416,76416,129208,159243,2388,0,2388,11940,2388,256,0,0,NaN,0,NaN,1.4210854715202004e-14,0.0,
1,9,MULTISTAGE_RH,STATIC_DEMAND_SHARE,shared_battery_mode_node_level_v1,SI-Drahi_10-d1-HET-ULO-BHI-72f1b1f90c,TK-PB-Drahi_10-d1-HET-ULO-d8d80a9180-r1,SS-19da242d4543,9,0,single_solve,OPTIMAL,FEASIBLE_POINT,543498.076231054,543498.076231054,0,76416,76416,129208,163323,2388,0,2388,11940,2388,256,0,0,NaN,0,NaN,0.0,0.0,
1,10,MULTISTAGE_RH,STATIC_DEMAND_SHARE,shared_battery_mode_node_level_v1,SI-Drahi_10-d1-HET-ULO-BHI-72f1b1f90c,TK-PB-Drahi_10-d1-HET-ULO-d8d80a9180-r1,SS-19da242d4543,9,0,single_solve,OPTIMAL,FEASIBLE_POINT,543498.076231054,543498.076231054,0,76416,76416,129208,163323,2388,0,2388,11940,2388,256,0,0,NaN,0,NaN,0.0,0.0,
1,11,MULTISTAGE_RH,STATIC_DEMAND_SHARE,shared_battery_mode_node_level_v1,SI-Drahi_10-d1-HET-ULO-BHI-72f1b1f90c,TK-PB-Drahi_10-d1-HET-ULO-d8d80a9180-r1,SS-19da242d4543,9,0,single_solve,OPTIMAL,FEASIBLE_POINT,543498.076231054,543498.076231054,0,76416,76416,129208,163323,2388,0,2388,11940,2388,256,0,0,NaN,0,NaN,0.0,0.0,
1,12,MULTISTAGE_RH,STATIC_DEMAND_SHARE,shared_battery_mode_node_level_v1,SI-Drahi_10-d1-HET-ULO-BHI-72f1b1f90c,TK-PB-Drahi_10-d1-HET-ULO-d8d80a9180-r1,SS-19da242d4543,9,0,single_solve,OPTIMAL,FEASIBLE_POINT,543498.076231054,543498.076231054,0,76416,76416,129208,163323,2388,0,2388,11940,2388,256,0,0,NaN,0,NaN,0.0,0.0,
1,13,MULTISTAGE_RH,STATIC_DEMAND_SHARE,shared_battery_mode_node_level_v1,SI-Drahi_10-d1-HET-ULO-BHI-72f1b1f90c,TK-PB-Drahi_10-d1-HET-ULO-d8d80a9180-r1,SS-354317d12b7f,13,0,single_solve,OPTIMAL,FEASIBLE_POINT,536888.2861138972,536888.2861138972,0,76416,76416,129208,168183,2388,0,2388,11940,2388,256,0,0,NaN,0,NaN,0.0,0.0,
1,14,MULTISTAGE_RH,STATIC_DEMAND_SHARE,shared_battery_mode_node_level_v1,SI-Drahi_10-d1-HET-ULO-BHI-72f1b1f90c,TK-PB-Drahi_10-d1-HET-ULO-d8d80a9180-r1,SS-354317d12b7f,13,0,single_solve,OPTIMAL,FEASIBLE_POINT,536888.2861138972,536888.2861138972,0,76416,76416,129208,168183,2388,0,2388,11940,2388,256,0,0,NaN,0,NaN,0.0,0.0,
1,15,MULTISTAGE_RH,STATIC_DEMAND_SHARE,shared_battery_mode_node_level_v1,SI-Drahi_10-d1-HET-ULO-BHI-72f1b1f90c,TK-PB-Drahi_10-d1-HET-ULO-d8d80a9180-r1,SS-354317d12b7f,13,0,single_solve,OPTIMAL,FEASIBLE_POINT,536888.2861138972,536888.2861138972,0,76416,76416,129208,168183,2388,0,2388,11940,2388,256,0,0,NaN,0,NaN,0.0,0.0,
1,16,MULTISTAGE_RH,STATIC_DEMAND_SHARE,shared_battery_mode_node_level_v1,SI-Drahi_10-d1-HET-ULO-BHI-72f1b1f90c,TK-PB-Drahi_10-d1-HET-ULO-d8d80a9180-r1,SS-354317d12b7f,13,0,single_solve,OPTIMAL,FEASIBLE_POINT,536888.2861138972,536888.2861138972,0,76416,76416,129208,168183,2388,0,2388,11940,2388,256,0,0,NaN,0,NaN,0.0,0.0,
1,17,MULTISTAGE_RH,STATIC_DEMAND_SHARE,shared_battery_mode_node_level_v1,SI-Drahi_10-d1-HET-ULO-BHI-72f1b1f90c,TK-PB-Drahi_10-d1-HET-ULO-d8d80a9180-r1,SS-c81930d9c8ba,17,0,single_solve,OPTIMAL,FEASIBLE_POINT,534615.7039689219,534615.7039689219,0,76416,76416,129208,169398,2388,0,2388,11940,2388,256,0,0,NaN,0,NaN,1.4210854715202004e-14,0.0,
1,18,MULTISTAGE_RH,STATIC_DEMAND_SHARE,shared_battery_mode_node_level_v1,SI-Drahi_10-d1-HET-ULO-BHI-72f1b1f90c,TK-PB-Drahi_10-d1-HET-ULO-d8d80a9180-r1,SS-c81930d9c8ba,17,0,single_solve,OPTIMAL,FEASIBLE_POINT,534615.7039689219,534615.7039689219,0,76416,76416,129208,169398,2388,0,2388,11940,2388,256,0,0,NaN,0,NaN,0.0,0.0,
1,19,MULTISTAGE_RH,STATIC_DEMAND_SHARE,shared_battery_mode_node_level_v1,SI-Drahi_10-d1-HET-ULO-BHI-72f1b1f90c,TK-PB-Drahi_10-d1-HET-ULO-d8d80a9180-r1,SS-c81930d9c8ba,17,0,single_solve,OPTIMAL,FEASIBLE_POINT,534615.7039689219,534615.7039689219,0,76416,76416,129208,169398,2388,0,2388,11940,2388,256,0,0,NaN,0,NaN,1.4210854715202004e-14,0.0,
1,20,MULTISTAGE_RH,STATIC_DEMAND_SHARE,shared_battery_mode_node_level_v1,SI-Drahi_10-d1-HET-ULO-BHI-72f1b1f90c,TK-PB-Drahi_10-d1-HET-ULO-d8d80a9180-r1,SS-c81930d9c8ba,17,0,single_solve,OPTIMAL,FEASIBLE_POINT,534615.7039689219,534615.7039689219,0,76416,76416,129208,169398,2388,0,2388,11940,2388,256,0,0,NaN,0,NaN,0.0,0.0,
1,21,MULTISTAGE_RH,STATIC_DEMAND_SHARE,shared_battery_mode_node_level_v1,SI-Drahi_10-d1-HET-ULO-BHI-72f1b1f90c,TK-PB-Drahi_10-d1-HET-ULO-d8d80a9180-r1,SS-3cf9bda45ea4,21,0,single_solve,OPTIMAL,FEASIBLE_POINT,539770.3558832423,539770.3558832423,0,76416,76416,129208,168423,2388,0,2388,11940,2388,256,0,0,NaN,0,NaN,0.0,0.0,
1,22,MULTISTAGE_RH,STATIC_DEMAND_SHARE,shared_battery_mode_node_level_v1,SI-Drahi_10-d1-HET-ULO-BHI-72f1b1f90c,TK-PB-Drahi_10-d1-HET-ULO-d8d80a9180-r1,SS-3cf9bda45ea4,21,0,single_solve,OPTIMAL,FEASIBLE_POINT,539770.3558832423,539770.3558832423,0,76416,76416,129208,168423,2388,0,2388,11940,2388,256,0,0,NaN,0,NaN,0.0,0.0,
1,23,MULTISTAGE_RH,STATIC_DEMAND_SHARE,shared_battery_mode_node_level_v1,SI-Drahi_10-d1-HET-ULO-BHI-72f1b1f90c,TK-PB-Drahi_10-d1-HET-ULO-d8d80a9180-r1,SS-3cf9bda45ea4,21,0,single_solve,OPTIMAL,FEASIBLE_POINT,539770.3558832423,539770.3558832423,0,76416,76416,129208,168423,2388,0,2388,11940,2388,256,0,0,NaN,0,NaN,0.0,0.0,
1,24,MULTISTAGE_RH,STATIC_DEMAND_SHARE,shared_battery_mode_node_level_v1,SI-Drahi_10-d1-HET-ULO-BHI-72f1b1f90c,TK-PB-Drahi_10-d1-HET-ULO-d8d80a9180-r1,SS-3cf9bda45ea4,21,0,single_solve,OPTIMAL,FEASIBLE_POINT,539770.3558832423,539770.3558832423,0,76416,76416,129208,168423,2388,0,2388,11940,2388,256,0,0,NaN,0,NaN,2.831068712794149e-15,0.0,
1,1,TWO_STAGE_RH,LEXMMFPEA,shared_battery_mode_node_level_v1,SI-Drahi_10-d1-HET-ULO-BHI-72f1b1f90c,TK-PB-Drahi_10-d1-HET-ULO-d8d80a9180-r1,SS-5d5bbea46d20,1,1,lex_phase_1,OPTIMAL,FEASIBLE_POINT,243.75975215910466,243.75975215910466,0,163998,163998,251382,460169,5124,0,5124,25620,5124,256,0,0,NaN,0,NaN,0.0,0.9999999999992042,
1,1,TWO_STAGE_RH,LEXMMFPEA,shared_battery_mode_node_level_v1,SI-Drahi_10-d1-HET-ULO-BHI-72f1b1f90c,TK-PB-Drahi_10-d1-HET-ULO-d8d80a9180-r1,SS-5d5bbea46d20,1,2,lex_phase_2,OPTIMAL,FEASIBLE_POINT,487.5195043182097,487.5195043182097,0,163998,163998,251383,460175,5124,0,5124,25620,5124,256,0,0,NaN,0,NaN,0.0,0.9999999999992042,
1,1,TWO_STAGE_RH,LEXMMFPEA,shared_battery_mode_node_level_v1,SI-Drahi_10-d1-HET-ULO-BHI-72f1b1f90c,TK-PB-Drahi_10-d1-HET-ULO-d8d80a9180-r1,SS-5d5bbea46d20,1,3,lex_phase_3,OPTIMAL,FEASIBLE_POINT,731.2792564773146,731.2792564773146,0,163998,163998,251384,460181,5124,0,5124,25620,5124,256,0,0,NaN,0,NaN,0.0,0.9999999999992042,
1,1,TWO_STAGE_RH,LEXMMFPEA,shared_battery_mode_node_level_v1,SI-Drahi_10-d1-HET-ULO-BHI-72f1b1f90c,TK-PB-Drahi_10-d1-HET-ULO-d8d80a9180-r1,SS-5d5bbea46d20,1,4,lex_phase_4,OPTIMAL,FEASIBLE_POINT,975.0390086364195,975.0390086364195,0,163998,163998,251385,460187,5124,0,5124,25620,5124,256,0,0,NaN,0,NaN,0.0,0.9999999999992042,
1,1,TWO_STAGE_RH,LEXMMFPEA,shared_battery_mode_node_level_v1,SI-Drahi_10-d1-HET-ULO-BHI-72f1b1f90c,TK-PB-Drahi_10-d1-HET-ULO-d8d80a9180-r1,SS-5d5bbea46d20,1,5,lex_phase_5,OPTIMAL,FEASIBLE_POINT,1218.7987607955238,1218.7987607955238,0,163998,163998,251386,460193,5124,0,5124,25620,5124,256,0,0,NaN,0,NaN,0.0,0.9999999999992042,
1,1,TWO_STAGE_RH,LEXMMFPEA,shared_battery_mode_node_level_v1,SI-Drahi_10-d1-HET-ULO-BHI-72f1b1f90c,TK-PB-Drahi_10-d1-HET-ULO-d8d80a9180-r1,SS-5d5bbea46d20,1,6,economic_tie_break,OPTIMAL,FEASIBLE_POINT,646380.1454025619,646380.1454025619,0,163998,163998,251387,460199,5124,0,5124,25620,5124,256,0,0,NaN,0,NaN,0.0,0.9999999999992042,
1,2,TWO_STAGE_RH,LEXMMFPEA,shared_battery_mode_node_level_v1,SI-Drahi_10-d1-HET-ULO-BHI-72f1b1f90c,TK-PB-Drahi_10-d1-HET-ULO-d8d80a9180-r1,SS-5d5bbea46d20,1,1,lex_phase_1,OPTIMAL,FEASIBLE_POINT,243.75975215910466,243.75975215910466,0,163998,163998,251382,460169,5124,0,5124,25620,5124,256,0,0,NaN,0,NaN,0.0,0.9999999999992042,
1,2,TWO_STAGE_RH,LEXMMFPEA,shared_battery_mode_node_level_v1,SI-Drahi_10-d1-HET-ULO-BHI-72f1b1f90c,TK-PB-Drahi_10-d1-HET-ULO-d8d80a9180-r1,SS-5d5bbea46d20,1,2,lex_phase_2,OPTIMAL,FEASIBLE_POINT,487.5195043182097,487.5195043182097,0,163998,163998,251383,460175,5124,0,5124,25620,5124,256,0,0,NaN,0,NaN,0.0,0.9999999999992042,
1,2,TWO_STAGE_RH,LEXMMFPEA,shared_battery_mode_node_level_v1,SI-Drahi_10-d1-HET-ULO-BHI-72f1b1f90c,TK-PB-Drahi_10-d1-HET-ULO-d8d80a9180-r1,SS-5d5bbea46d20,1,3,lex_phase_3,OPTIMAL,FEASIBLE_POINT,731.2792564773146,731.2792564773146,0,163998,163998,251384,460181,5124,0,5124,25620,5124,256,0,0,NaN,0,NaN,0.0,0.9999999999992042,
1,2,TWO_STAGE_RH,LEXMMFPEA,shared_battery_mode_node_level_v1,SI-Drahi_10-d1-HET-ULO-BHI-72f1b1f90c,TK-PB-Drahi_10-d1-HET-ULO-d8d80a9180-r1,SS-5d5bbea46d20,1,4,lex_phase_4,OPTIMAL,FEASIBLE_POINT,975.0390086364195,975.0390086364195,0,163998,163998,251385,460187,5124,0,5124,25620,5124,256,0,0,NaN,0,NaN,0.0,0.9999999999992042,
1,2,TWO_STAGE_RH,LEXMMFPEA,shared_battery_mode_node_level_v1,SI-Drahi_10-d1-HET-ULO-BHI-72f1b1f90c,TK-PB-Drahi_10-d1-HET-ULO-d8d80a9180-r1,SS-5d5bbea46d20,1,5,lex_phase_5,OPTIMAL,FEASIBLE_POINT,1218.7987607955238,1218.7987607955238,0,163998,163998,251386,460193,5124,0,5124,25620,5124,256,0,0,NaN,0,NaN,0.0,0.9999999999992042,
1,2,TWO_STAGE_RH,LEXMMFPEA,shared_battery_mode_node_level_v1,SI-Drahi_10-d1-HET-ULO-BHI-72f1b1f90c,TK-PB-Drahi_10-d1-HET-ULO-d8d80a9180-r1,SS-5d5bbea46d20,1,6,economic_tie_break,OPTIMAL,FEASIBLE_POINT,646380.1454025619,646380.1454025619,0,163998,163998,251387,460199,5124,0,5124,25620,5124,256,0,0,NaN,0,NaN,0.0,0.9999999999992042,
1,3,TWO_STAGE_RH,LEXMMFPEA,shared_battery_mode_node_level_v1,SI-Drahi_10-d1-HET-ULO-BHI-72f1b1f90c,TK-PB-Drahi_10-d1-HET-ULO-d8d80a9180-r1,SS-5d5bbea46d20,1,1,lex_phase_1,OPTIMAL,FEASIBLE_POINT,243.75975215910466,243.75975215910466,0,163998,163998,251382,460169,5124,0,5124,25620,5124,256,0,0,NaN,0,NaN,0.0,0.9999999999992042,
1,3,TWO_STAGE_RH,LEXMMFPEA,shared_battery_mode_node_level_v1,SI-Drahi_10-d1-HET-ULO-BHI-72f1b1f90c,TK-PB-Drahi_10-d1-HET-ULO-d8d80a9180-r1,SS-5d5bbea46d20,1,2,lex_phase_2,OPTIMAL,FEASIBLE_POINT,487.5195043182097,487.5195043182097,0,163998,163998,251383,460175,5124,0,5124,25620,5124,256,0,0,NaN,0,NaN,0.0,0.9999999999992042,
1,3,TWO_STAGE_RH,LEXMMFPEA,shared_battery_mode_node_level_v1,SI-Drahi_10-d1-HET-ULO-BHI-72f1b1f90c,TK-PB-Drahi_10-d1-HET-ULO-d8d80a9180-r1,SS-5d5bbea46d20,1,3,lex_phase_3,OPTIMAL,FEASIBLE_POINT,731.2792564773146,731.2792564773146,0,163998,163998,251384,460181,5124,0,5124,25620,5124,256,0,0,NaN,0,NaN,0.0,0.9999999999992042,
1,3,TWO_STAGE_RH,LEXMMFPEA,shared_battery_mode_node_level_v1,SI-Drahi_10-d1-HET-ULO-BHI-72f1b1f90c,TK-PB-Drahi_10-d1-HET-ULO-d8d80a9180-r1,SS-5d5bbea46d20,1,4,lex_phase_4,OPTIMAL,FEASIBLE_POINT,975.0390086364195,975.0390086364195,0,163998,163998,251385,460187,5124,0,5124,25620,5124,256,0,0,NaN,0,NaN,0.0,0.9999999999992042,
1,3,TWO_STAGE_RH,LEXMMFPEA,shared_battery_mode_node_level_v1,SI-Drahi_10-d1-HET-ULO-BHI-72f1b1f90c,TK-PB-Drahi_10-d1-HET-ULO-d8d80a9180-r1,SS-5d5bbea46d20,1,5,lex_phase_5,OPTIMAL,FEASIBLE_POINT,1218.7987607955238,1218.7987607955238,0,163998,163998,251386,460193,5124,0,5124,25620,5124,256,0,0,NaN,0,NaN,0.0,0.9999999999992042,
1,3,TWO_STAGE_RH,LEXMMFPEA,shared_battery_mode_node_level_v1,SI-Drahi_10-d1-HET-ULO-BHI-72f1b1f90c,TK-PB-Drahi_10-d1-HET-ULO-d8d80a9180-r1,SS-5d5bbea46d20,1,6,economic_tie_break,OPTIMAL,FEASIBLE_POINT,646380.1454025619,646380.1454025619,0,163998,163998,251387,460199,5124,0,5124,25620,5124,256,0,0,NaN,0,NaN,0.0,0.9999999999992042,
1,4,TWO_STAGE_RH,LEXMMFPEA,shared_battery_mode_node_level_v1,SI-Drahi_10-d1-HET-ULO-BHI-72f1b1f90c,TK-PB-Drahi_10-d1-HET-ULO-d8d80a9180-r1,SS-5d5bbea46d20,1,1,lex_phase_1,OPTIMAL,FEASIBLE_POINT,243.75975215910466,243.75975215910466,0,163998,163998,251382,460169,5124,0,5124,25620,5124,256,0,0,NaN,0,NaN,0.0,0.9999999999992042,
1,4,TWO_STAGE_RH,LEXMMFPEA,shared_battery_mode_node_level_v1,SI-Drahi_10-d1-HET-ULO-BHI-72f1b1f90c,TK-PB-Drahi_10-d1-HET-ULO-d8d80a9180-r1,SS-5d5bbea46d20,1,2,lex_phase_2,OPTIMAL,FEASIBLE_POINT,487.5195043182097,487.5195043182097,0,163998,163998,251383,460175,5124,0,5124,25620,5124,256,0,0,NaN,0,NaN,0.0,0.9999999999992042,
1,4,TWO_STAGE_RH,LEXMMFPEA,shared_battery_mode_node_level_v1,SI-Drahi_10-d1-HET-ULO-BHI-72f1b1f90c,TK-PB-Drahi_10-d1-HET-ULO-d8d80a9180-r1,SS-5d5bbea46d20,1,3,lex_phase_3,OPTIMAL,FEASIBLE_POINT,731.2792564773146,731.2792564773146,0,163998,163998,251384,460181,5124,0,5124,25620,5124,256,0,0,NaN,0,NaN,0.0,0.9999999999992042,
1,4,TWO_STAGE_RH,LEXMMFPEA,shared_battery_mode_node_level_v1,SI-Drahi_10-d1-HET-ULO-BHI-72f1b1f90c,TK-PB-Drahi_10-d1-HET-ULO-d8d80a9180-r1,SS-5d5bbea46d20,1,4,lex_phase_4,OPTIMAL,FEASIBLE_POINT,975.0390086364195,975.0390086364195,0,163998,163998,251385,460187,5124,0,5124,25620,5124,256,0,0,NaN,0,NaN,0.0,0.9999999999992042,
1,4,TWO_STAGE_RH,LEXMMFPEA,shared_battery_mode_node_level_v1,SI-Drahi_10-d1-HET-ULO-BHI-72f1b1f90c,TK-PB-Drahi_10-d1-HET-ULO-d8d80a9180-r1,SS-5d5bbea46d20,1,5,lex_phase_5,OPTIMAL,FEASIBLE_POINT,1218.7987607955238,1218.7987607955238,0,163998,163998,251386,460193,5124,0,5124,25620,5124,256,0,0,NaN,0,NaN,0.0,0.9999999999992042,
1,4,TWO_STAGE_RH,LEXMMFPEA,shared_battery_mode_node_level_v1,SI-Drahi_10-d1-HET-ULO-BHI-72f1b1f90c,TK-PB-Drahi_10-d1-HET-ULO-d8d80a9180-r1,SS-5d5bbea46d20,1,6,economic_tie_break,OPTIMAL,FEASIBLE_POINT,646380.1454025619,646380.1454025619,0,163998,163998,251387,460199,5124,0,5124,25620,5124,256,0,0,NaN,0,NaN,0.0,0.9999999999992042,
1,5,TWO_STAGE_RH,LEXMMFPEA,shared_battery_mode_node_level_v1,SI-Drahi_10-d1-HET-ULO-BHI-72f1b1f90c,TK-PB-Drahi_10-d1-HET-ULO-d8d80a9180-r1,SS-102adc95e052,5,1,lex_phase_1,OPTIMAL,FEASIBLE_POINT,238.41923246571622,238.41923246571622,0,163998,163998,251382,455069,5124,0,5124,25620,5124,256,0,0,NaN,0,NaN,0.0,0.9999999999994316,
1,5,TWO_STAGE_RH,LEXMMFPEA,shared_battery_mode_node_level_v1,SI-Drahi_10-d1-HET-ULO-BHI-72f1b1f90c,TK-PB-Drahi_10-d1-HET-ULO-d8d80a9180-r1,SS-102adc95e052,5,2,lex_phase_2,OPTIMAL,FEASIBLE_POINT,476.8384649314319,476.8384649314319,0,163998,163998,251383,455075,5124,0,5124,25620,5124,256,0,0,NaN,0,NaN,0.0,0.9999999999994316,
1,5,TWO_STAGE_RH,LEXMMFPEA,shared_battery_mode_node_level_v1,SI-Drahi_10-d1-HET-ULO-BHI-72f1b1f90c,TK-PB-Drahi_10-d1-HET-ULO-d8d80a9180-r1,SS-102adc95e052,5,3,lex_phase_3,OPTIMAL,FEASIBLE_POINT,715.2576973971478,715.2576973971478,0,163998,163998,251384,455081,5124,0,5124,25620,5124,256,0,0,NaN,0,NaN,0.0,0.9999999999994316,
1,5,TWO_STAGE_RH,LEXMMFPEA,shared_battery_mode_node_level_v1,SI-Drahi_10-d1-HET-ULO-BHI-72f1b1f90c,TK-PB-Drahi_10-d1-HET-ULO-d8d80a9180-r1,SS-102adc95e052,5,4,lex_phase_4,OPTIMAL,FEASIBLE_POINT,953.6769298628637,953.6769298628637,0,163998,163998,251385,455087,5124,0,5124,25620,5124,256,0,0,NaN,0,NaN,0.0,0.9999999999994316,
1,5,TWO_STAGE_RH,LEXMMFPEA,shared_battery_mode_node_level_v1,SI-Drahi_10-d1-HET-ULO-BHI-72f1b1f90c,TK-PB-Drahi_10-d1-HET-ULO-d8d80a9180-r1,SS-102adc95e052,5,5,lex_phase_5,OPTIMAL,FEASIBLE_POINT,1192.0961623285777,1192.0961623285777,0,163998,163998,251386,455093,5124,0,5124,25620,5124,256,0,0,NaN,0,NaN,0.0,0.9999999999994316,
1,5,TWO_STAGE_RH,LEXMMFPEA,shared_battery_mode_node_level_v1,SI-Drahi_10-d1-HET-ULO-BHI-72f1b1f90c,TK-PB-Drahi_10-d1-HET-ULO-d8d80a9180-r1,SS-102adc95e052,5,6,economic_tie_break,OPTIMAL,FEASIBLE_POINT,630380.5850484475,630380.5850484475,0,163998,163998,251387,455099,5124,0,5124,25620,5124,256,0,0,NaN,0,NaN,0.0,0.9999999999994316,
1,6,TWO_STAGE_RH,LEXMMFPEA,shared_battery_mode_node_level_v1,SI-Drahi_10-d1-HET-ULO-BHI-72f1b1f90c,TK-PB-Drahi_10-d1-HET-ULO-d8d80a9180-r1,SS-102adc95e052,5,1,lex_phase_1,OPTIMAL,FEASIBLE_POINT,238.41923246571622,238.41923246571622,0,163998,163998,251382,455069,5124,0,5124,25620,5124,256,0,0,NaN,0,NaN,1.4210854715202004e-14,0.9999999999994316,
1,6,TWO_STAGE_RH,LEXMMFPEA,shared_battery_mode_node_level_v1,SI-Drahi_10-d1-HET-ULO-BHI-72f1b1f90c,TK-PB-Drahi_10-d1-HET-ULO-d8d80a9180-r1,SS-102adc95e052,5,2,lex_phase_2,OPTIMAL,FEASIBLE_POINT,476.8384649314319,476.8384649314319,0,163998,163998,251383,455075,5124,0,5124,25620,5124,256,0,0,NaN,0,NaN,1.4210854715202004e-14,0.9999999999994316,
1,6,TWO_STAGE_RH,LEXMMFPEA,shared_battery_mode_node_level_v1,SI-Drahi_10-d1-HET-ULO-BHI-72f1b1f90c,TK-PB-Drahi_10-d1-HET-ULO-d8d80a9180-r1,SS-102adc95e052,5,3,lex_phase_3,OPTIMAL,FEASIBLE_POINT,715.2576973971478,715.2576973971478,0,163998,163998,251384,455081,5124,0,5124,25620,5124,256,0,0,NaN,0,NaN,1.4210854715202004e-14,0.9999999999994316,
1,6,TWO_STAGE_RH,LEXMMFPEA,shared_battery_mode_node_level_v1,SI-Drahi_10-d1-HET-ULO-BHI-72f1b1f90c,TK-PB-Drahi_10-d1-HET-ULO-d8d80a9180-r1,SS-102adc95e052,5,4,lex_phase_4,OPTIMAL,FEASIBLE_POINT,953.6769298628637,953.6769298628637,0,163998,163998,251385,455087,5124,0,5124,25620,5124,256,0,0,NaN,0,NaN,1.4210854715202004e-14,0.9999999999994316,
1,6,TWO_STAGE_RH,LEXMMFPEA,shared_battery_mode_node_level_v1,SI-Drahi_10-d1-HET-ULO-BHI-72f1b1f90c,TK-PB-Drahi_10-d1-HET-ULO-d8d80a9180-r1,SS-102adc95e052,5,5,lex_phase_5,OPTIMAL,FEASIBLE_POINT,1192.0961623285777,1192.0961623285777,0,163998,163998,251386,455093,5124,0,5124,25620,5124,256,0,0,NaN,0,NaN,1.4210854715202004e-14,0.9999999999994316,
1,6,TWO_STAGE_RH,LEXMMFPEA,shared_battery_mode_node_level_v1,SI-Drahi_10-d1-HET-ULO-BHI-72f1b1f90c,TK-PB-Drahi_10-d1-HET-ULO-d8d80a9180-r1,SS-102adc95e052,5,6,economic_tie_break,OPTIMAL,FEASIBLE_POINT,630380.5850484475,630380.5850484475,0,163998,163998,251387,455099,5124,0,5124,25620,5124,256,0,0,NaN,0,NaN,1.4210854715202004e-14,0.9999999999994316,
1,7,TWO_STAGE_RH,LEXMMFPEA,shared_battery_mode_node_level_v1,SI-Drahi_10-d1-HET-ULO-BHI-72f1b1f90c,TK-PB-Drahi_10-d1-HET-ULO-d8d80a9180-r1,SS-102adc95e052,5,1,lex_phase_1,OPTIMAL,FEASIBLE_POINT,238.41923246571622,238.41923246571622,0,163998,163998,251382,455069,5124,0,5124,25620,5124,256,0,0,NaN,0,NaN,0.0,0.9999999999994316,
1,7,TWO_STAGE_RH,LEXMMFPEA,shared_battery_mode_node_level_v1,SI-Drahi_10-d1-HET-ULO-BHI-72f1b1f90c,TK-PB-Drahi_10-d1-HET-ULO-d8d80a9180-r1,SS-102adc95e052,5,2,lex_phase_2,OPTIMAL,FEASIBLE_POINT,476.8384649314319,476.8384649314319,0,163998,163998,251383,455075,5124,0,5124,25620,5124,256,0,0,NaN,0,NaN,0.0,0.9999999999994316,
1,7,TWO_STAGE_RH,LEXMMFPEA,shared_battery_mode_node_level_v1,SI-Drahi_10-d1-HET-ULO-BHI-72f1b1f90c,TK-PB-Drahi_10-d1-HET-ULO-d8d80a9180-r1,SS-102adc95e052,5,3,lex_phase_3,OPTIMAL,FEASIBLE_POINT,715.2576973971478,715.2576973971478,0,163998,163998,251384,455081,5124,0,5124,25620,5124,256,0,0,NaN,0,NaN,0.0,0.9999999999994316,
1,7,TWO_STAGE_RH,LEXMMFPEA,shared_battery_mode_node_level_v1,SI-Drahi_10-d1-HET-ULO-BHI-72f1b1f90c,TK-PB-Drahi_10-d1-HET-ULO-d8d80a9180-r1,SS-102adc95e052,5,4,lex_phase_4,OPTIMAL,FEASIBLE_POINT,953.6769298628637,953.6769298628637,0,163998,163998,251385,455087,5124,0,5124,25620,5124,256,0,0,NaN,0,NaN,0.0,0.9999999999994316,
1,7,TWO_STAGE_RH,LEXMMFPEA,shared_battery_mode_node_level_v1,SI-Drahi_10-d1-HET-ULO-BHI-72f1b1f90c,TK-PB-Drahi_10-d1-HET-ULO-d8d80a9180-r1,SS-102adc95e052,5,5,lex_phase_5,OPTIMAL,FEASIBLE_POINT,1192.0961623285777,1192.0961623285777,0,163998,163998,251386,455093,5124,0,5124,25620,5124,256,0,0,NaN,0,NaN,0.0,0.9999999999994316,
1,7,TWO_STAGE_RH,LEXMMFPEA,shared_battery_mode_node_level_v1,SI-Drahi_10-d1-HET-ULO-BHI-72f1b1f90c,TK-PB-Drahi_10-d1-HET-ULO-d8d80a9180-r1,SS-102adc95e052,5,6,economic_tie_break,OPTIMAL,FEASIBLE_POINT,630380.5850484475,630380.5850484475,0,163998,163998,251387,455099,5124,0,5124,25620,5124,256,0,0,NaN,0,NaN,0.0,0.9999999999994316,
1,8,TWO_STAGE_RH,LEXMMFPEA,shared_battery_mode_node_level_v1,SI-Drahi_10-d1-HET-ULO-BHI-72f1b1f90c,TK-PB-Drahi_10-d1-HET-ULO-d8d80a9180-r1,SS-102adc95e052,5,1,lex_phase_1,OPTIMAL,FEASIBLE_POINT,238.41923246571622,238.41923246571622,0,163998,163998,251382,455069,5124,0,5124,25620,5124,256,0,0,NaN,0,NaN,2.831068712794149e-15,0.9999999999994316,
1,8,TWO_STAGE_RH,LEXMMFPEA,shared_battery_mode_node_level_v1,SI-Drahi_10-d1-HET-ULO-BHI-72f1b1f90c,TK-PB-Drahi_10-d1-HET-ULO-d8d80a9180-r1,SS-102adc95e052,5,2,lex_phase_2,OPTIMAL,FEASIBLE_POINT,476.8384649314319,476.8384649314319,0,163998,163998,251383,455075,5124,0,5124,25620,5124,256,0,0,NaN,0,NaN,2.831068712794149e-15,0.9999999999994316,
1,8,TWO_STAGE_RH,LEXMMFPEA,shared_battery_mode_node_level_v1,SI-Drahi_10-d1-HET-ULO-BHI-72f1b1f90c,TK-PB-Drahi_10-d1-HET-ULO-d8d80a9180-r1,SS-102adc95e052,5,3,lex_phase_3,OPTIMAL,FEASIBLE_POINT,715.2576973971478,715.2576973971478,0,163998,163998,251384,455081,5124,0,5124,25620,5124,256,0,0,NaN,0,NaN,2.831068712794149e-15,0.9999999999994316,
1,8,TWO_STAGE_RH,LEXMMFPEA,shared_battery_mode_node_level_v1,SI-Drahi_10-d1-HET-ULO-BHI-72f1b1f90c,TK-PB-Drahi_10-d1-HET-ULO-d8d80a9180-r1,SS-102adc95e052,5,4,lex_phase_4,OPTIMAL,FEASIBLE_POINT,953.6769298628637,953.6769298628637,0,163998,163998,251385,455087,5124,0,5124,25620,5124,256,0,0,NaN,0,NaN,2.831068712794149e-15,0.9999999999994316,
1,8,TWO_STAGE_RH,LEXMMFPEA,shared_battery_mode_node_level_v1,SI-Drahi_10-d1-HET-ULO-BHI-72f1b1f90c,TK-PB-Drahi_10-d1-HET-ULO-d8d80a9180-r1,SS-102adc95e052,5,5,lex_phase_5,OPTIMAL,FEASIBLE_POINT,1192.0961623285777,1192.0961623285777,0,163998,163998,251386,455093,5124,0,5124,25620,5124,256,0,0,NaN,0,NaN,2.831068712794149e-15,0.9999999999994316,
1,8,TWO_STAGE_RH,LEXMMFPEA,shared_battery_mode_node_level_v1,SI-Drahi_10-d1-HET-ULO-BHI-72f1b1f90c,TK-PB-Drahi_10-d1-HET-ULO-d8d80a9180-r1,SS-102adc95e052,5,6,economic_tie_break,OPTIMAL,FEASIBLE_POINT,630380.5850484475,630380.5850484475,0,163998,163998,251387,455099,5124,0,5124,25620,5124,256,0,0,NaN,0,NaN,2.831068712794149e-15,0.9999999999994316,
1,9,TWO_STAGE_RH,LEXMMFPEA,shared_battery_mode_node_level_v1,SI-Drahi_10-d1-HET-ULO-BHI-72f1b1f90c,TK-PB-Drahi_10-d1-HET-ULO-d8d80a9180-r1,SS-19da242d4543,9,1,lex_phase_1,OPTIMAL,FEASIBLE_POINT,310.08039671183974,310.08039671183974,0,163998,163998,251382,455069,5124,0,5124,25620,5124,256,0,0,NaN,0,NaN,0.0,1.0000000000002274,
1,9,TWO_STAGE_RH,LEXMMFPEA,shared_battery_mode_node_level_v1,SI-Drahi_10-d1-HET-ULO-BHI-72f1b1f90c,TK-PB-Drahi_10-d1-HET-ULO-d8d80a9180-r1,SS-19da242d4543,9,2,lex_phase_2,OPTIMAL,FEASIBLE_POINT,620.1607934236798,620.1607934236798,0,163998,163998,251383,455075,5124,0,5124,25620,5124,256,0,0,NaN,0,NaN,0.0,1.0000000000002274,
1,9,TWO_STAGE_RH,LEXMMFPEA,shared_battery_mode_node_level_v1,SI-Drahi_10-d1-HET-ULO-BHI-72f1b1f90c,TK-PB-Drahi_10-d1-HET-ULO-d8d80a9180-r1,SS-19da242d4543,9,3,lex_phase_3,OPTIMAL,FEASIBLE_POINT,930.2411901355197,930.2411901355197,0,163998,163998,251384,455081,5124,0,5124,25620,5124,256,0,0,NaN,0,NaN,0.0,1.0000000000002274,
1,9,TWO_STAGE_RH,LEXMMFPEA,shared_battery_mode_node_level_v1,SI-Drahi_10-d1-HET-ULO-BHI-72f1b1f90c,TK-PB-Drahi_10-d1-HET-ULO-d8d80a9180-r1,SS-19da242d4543,9,4,lex_phase_4,OPTIMAL,FEASIBLE_POINT,1240.3215868473596,1240.3215868473596,0,163998,163998,251385,455087,5124,0,5124,25620,5124,256,0,0,NaN,0,NaN,0.0,1.0000000000002274,
1,9,TWO_STAGE_RH,LEXMMFPEA,shared_battery_mode_node_level_v1,SI-Drahi_10-d1-HET-ULO-BHI-72f1b1f90c,TK-PB-Drahi_10-d1-HET-ULO-d8d80a9180-r1,SS-19da242d4543,9,5,lex_phase_5,OPTIMAL,FEASIBLE_POINT,1550.4019835592044,1550.4019835592044,0,163998,163998,251386,455093,5124,0,5124,25620,5124,256,0,0,NaN,0,NaN,0.0,1.0000000000002274,
1,9,TWO_STAGE_RH,LEXMMFPEA,shared_battery_mode_node_level_v1,SI-Drahi_10-d1-HET-ULO-BHI-72f1b1f90c,TK-PB-Drahi_10-d1-HET-ULO-d8d80a9180-r1,SS-19da242d4543,9,6,economic_tie_break,OPTIMAL,FEASIBLE_POINT,641833.9111620395,641833.9111620395,0,163998,163998,251387,455099,5124,0,5124,25620,5124,256,0,0,NaN,0,NaN,0.0,1.0000000000002274,
1,10,TWO_STAGE_RH,LEXMMFPEA,shared_battery_mode_node_level_v1,SI-Drahi_10-d1-HET-ULO-BHI-72f1b1f90c,TK-PB-Drahi_10-d1-HET-ULO-d8d80a9180-r1,SS-19da242d4543,9,1,lex_phase_1,OPTIMAL,FEASIBLE_POINT,310.08039671183974,310.08039671183974,0,163998,163998,251382,455069,5124,0,5124,25620,5124,256,0,0,NaN,0,NaN,1.3073986337985843e-12,1.0000000000002274,
1,10,TWO_STAGE_RH,LEXMMFPEA,shared_battery_mode_node_level_v1,SI-Drahi_10-d1-HET-ULO-BHI-72f1b1f90c,TK-PB-Drahi_10-d1-HET-ULO-d8d80a9180-r1,SS-19da242d4543,9,2,lex_phase_2,OPTIMAL,FEASIBLE_POINT,620.1607934236798,620.1607934236798,0,163998,163998,251383,455075,5124,0,5124,25620,5124,256,0,0,NaN,0,NaN,1.3073986337985843e-12,1.0000000000002274,
1,10,TWO_STAGE_RH,LEXMMFPEA,shared_battery_mode_node_level_v1,SI-Drahi_10-d1-HET-ULO-BHI-72f1b1f90c,TK-PB-Drahi_10-d1-HET-ULO-d8d80a9180-r1,SS-19da242d4543,9,3,lex_phase_3,OPTIMAL,FEASIBLE_POINT,930.2411901355197,930.2411901355197,0,163998,163998,251384,455081,5124,0,5124,25620,5124,256,0,0,NaN,0,NaN,1.3073986337985843e-12,1.0000000000002274,
1,10,TWO_STAGE_RH,LEXMMFPEA,shared_battery_mode_node_level_v1,SI-Drahi_10-d1-HET-ULO-BHI-72f1b1f90c,TK-PB-Drahi_10-d1-HET-ULO-d8d80a9180-r1,SS-19da242d4543,9,4,lex_phase_4,OPTIMAL,FEASIBLE_POINT,1240.3215868473596,1240.3215868473596,0,163998,163998,251385,455087,5124,0,5124,25620,5124,256,0,0,NaN,0,NaN,1.3073986337985843e-12,1.0000000000002274,
1,10,TWO_STAGE_RH,LEXMMFPEA,shared_battery_mode_node_level_v1,SI-Drahi_10-d1-HET-ULO-BHI-72f1b1f90c,TK-PB-Drahi_10-d1-HET-ULO-d8d80a9180-r1,SS-19da242d4543,9,5,lex_phase_5,OPTIMAL,FEASIBLE_POINT,1550.4019835592044,1550.4019835592044,0,163998,163998,251386,455093,5124,0,5124,25620,5124,256,0,0,NaN,0,NaN,1.3073986337985843e-12,1.0000000000002274,
1,10,TWO_STAGE_RH,LEXMMFPEA,shared_battery_mode_node_level_v1,SI-Drahi_10-d1-HET-ULO-BHI-72f1b1f90c,TK-PB-Drahi_10-d1-HET-ULO-d8d80a9180-r1,SS-19da242d4543,9,6,economic_tie_break,OPTIMAL,FEASIBLE_POINT,641833.9111620395,641833.9111620395,0,163998,163998,251387,455099,5124,0,5124,25620,5124,256,0,0,NaN,0,NaN,1.3073986337985843e-12,1.0000000000002274,
1,11,TWO_STAGE_RH,LEXMMFPEA,shared_battery_mode_node_level_v1,SI-Drahi_10-d1-HET-ULO-BHI-72f1b1f90c,TK-PB-Drahi_10-d1-HET-ULO-d8d80a9180-r1,SS-19da242d4543,9,1,lex_phase_1,OPTIMAL,FEASIBLE_POINT,310.08039671183974,310.08039671183974,0,163998,163998,251382,455069,5124,0,5124,25620,5124,256,0,0,NaN,0,NaN,16.0,1.0000000000002274,
1,11,TWO_STAGE_RH,LEXMMFPEA,shared_battery_mode_node_level_v1,SI-Drahi_10-d1-HET-ULO-BHI-72f1b1f90c,TK-PB-Drahi_10-d1-HET-ULO-d8d80a9180-r1,SS-19da242d4543,9,2,lex_phase_2,OPTIMAL,FEASIBLE_POINT,620.1607934236798,620.1607934236798,0,163998,163998,251383,455075,5124,0,5124,25620,5124,256,0,0,NaN,0,NaN,16.0,1.0000000000002274,
1,11,TWO_STAGE_RH,LEXMMFPEA,shared_battery_mode_node_level_v1,SI-Drahi_10-d1-HET-ULO-BHI-72f1b1f90c,TK-PB-Drahi_10-d1-HET-ULO-d8d80a9180-r1,SS-19da242d4543,9,3,lex_phase_3,OPTIMAL,FEASIBLE_POINT,930.2411901355197,930.2411901355197,0,163998,163998,251384,455081,5124,0,5124,25620,5124,256,0,0,NaN,0,NaN,16.0,1.0000000000002274,
1,11,TWO_STAGE_RH,LEXMMFPEA,shared_battery_mode_node_level_v1,SI-Drahi_10-d1-HET-ULO-BHI-72f1b1f90c,TK-PB-Drahi_10-d1-HET-ULO-d8d80a9180-r1,SS-19da242d4543,9,4,lex_phase_4,OPTIMAL,FEASIBLE_POINT,1240.3215868473596,1240.3215868473596,0,163998,163998,251385,455087,5124,0,5124,25620,5124,256,0,0,NaN,0,NaN,16.0,1.0000000000002274,
1,11,TWO_STAGE_RH,LEXMMFPEA,shared_battery_mode_node_level_v1,SI-Drahi_10-d1-HET-ULO-BHI-72f1b1f90c,TK-PB-Drahi_10-d1-HET-ULO-d8d80a9180-r1,SS-19da242d4543,9,5,lex_phase_5,OPTIMAL,FEASIBLE_POINT,1550.4019835592044,1550.4019835592044,0,163998,163998,251386,455093,5124,0,5124,25620,5124,256,0,0,NaN,0,NaN,16.0,1.0000000000002274,
1,11,TWO_STAGE_RH,LEXMMFPEA,shared_battery_mode_node_level_v1,SI-Drahi_10-d1-HET-ULO-BHI-72f1b1f90c,TK-PB-Drahi_10-d1-HET-ULO-d8d80a9180-r1,SS-19da242d4543,9,6,economic_tie_break,OPTIMAL,FEASIBLE_POINT,641833.9111620395,641833.9111620395,0,163998,163998,251387,455099,5124,0,5124,25620,5124,256,0,0,NaN,0,NaN,16.0,1.0000000000002274,
1,12,TWO_STAGE_RH,LEXMMFPEA,shared_battery_mode_node_level_v1,SI-Drahi_10-d1-HET-ULO-BHI-72f1b1f90c,TK-PB-Drahi_10-d1-HET-ULO-d8d80a9180-r1,SS-19da242d4543,9,1,lex_phase_1,OPTIMAL,FEASIBLE_POINT,310.08039671183974,310.08039671183974,0,163998,163998,251382,455069,5124,0,5124,25620,5124,256,0,0,NaN,0,NaN,0.0,1.0000000000002274,
1,12,TWO_STAGE_RH,LEXMMFPEA,shared_battery_mode_node_level_v1,SI-Drahi_10-d1-HET-ULO-BHI-72f1b1f90c,TK-PB-Drahi_10-d1-HET-ULO-d8d80a9180-r1,SS-19da242d4543,9,2,lex_phase_2,OPTIMAL,FEASIBLE_POINT,620.1607934236798,620.1607934236798,0,163998,163998,251383,455075,5124,0,5124,25620,5124,256,0,0,NaN,0,NaN,0.0,1.0000000000002274,
1,12,TWO_STAGE_RH,LEXMMFPEA,shared_battery_mode_node_level_v1,SI-Drahi_10-d1-HET-ULO-BHI-72f1b1f90c,TK-PB-Drahi_10-d1-HET-ULO-d8d80a9180-r1,SS-19da242d4543,9,3,lex_phase_3,OPTIMAL,FEASIBLE_POINT,930.2411901355197,930.2411901355197,0,163998,163998,251384,455081,5124,0,5124,25620,5124,256,0,0,NaN,0,NaN,0.0,1.0000000000002274,
1,12,TWO_STAGE_RH,LEXMMFPEA,shared_battery_mode_node_level_v1,SI-Drahi_10-d1-HET-ULO-BHI-72f1b1f90c,TK-PB-Drahi_10-d1-HET-ULO-d8d80a9180-r1,SS-19da242d4543,9,4,lex_phase_4,OPTIMAL,FEASIBLE_POINT,1240.3215868473596,1240.3215868473596,0,163998,163998,251385,455087,5124,0,5124,25620,5124,256,0,0,NaN,0,NaN,0.0,1.0000000000002274,
1,12,TWO_STAGE_RH,LEXMMFPEA,shared_battery_mode_node_level_v1,SI-Drahi_10-d1-HET-ULO-BHI-72f1b1f90c,TK-PB-Drahi_10-d1-HET-ULO-d8d80a9180-r1,SS-19da242d4543,9,5,lex_phase_5,OPTIMAL,FEASIBLE_POINT,1550.4019835592044,1550.4019835592044,0,163998,163998,251386,455093,5124,0,5124,25620,5124,256,0,0,NaN,0,NaN,0.0,1.0000000000002274,
1,12,TWO_STAGE_RH,LEXMMFPEA,shared_battery_mode_node_level_v1,SI-Drahi_10-d1-HET-ULO-BHI-72f1b1f90c,TK-PB-Drahi_10-d1-HET-ULO-d8d80a9180-r1,SS-19da242d4543,9,6,economic_tie_break,OPTIMAL,FEASIBLE_POINT,641833.9111620395,641833.9111620395,0,163998,163998,251387,455099,5124,0,5124,25620,5124,256,0,0,NaN,0,NaN,0.0,1.0000000000002274,
1,13,TWO_STAGE_RH,LEXMMFPEA,shared_battery_mode_node_level_v1,SI-Drahi_10-d1-HET-ULO-BHI-72f1b1f90c,TK-PB-Drahi_10-d1-HET-ULO-d8d80a9180-r1,SS-354317d12b7f,13,1,lex_phase_1,OPTIMAL,FEASIBLE_POINT,405.9662826059949,405.9662826059949,0,163998,163998,251382,455069,5124,0,5124,25620,5124,256,0,0,NaN,0,NaN,16.0,1.0000000000034106,
1,13,TWO_STAGE_RH,LEXMMFPEA,shared_battery_mode_node_level_v1,SI-Drahi_10-d1-HET-ULO-BHI-72f1b1f90c,TK-PB-Drahi_10-d1-HET-ULO-d8d80a9180-r1,SS-354317d12b7f,13,2,lex_phase_2,OPTIMAL,FEASIBLE_POINT,811.9325652119878,811.9325652119878,0,163998,163998,251383,455075,5124,0,5124,25620,5124,256,0,0,NaN,0,NaN,16.0,1.0000000000034106,
1,13,TWO_STAGE_RH,LEXMMFPEA,shared_battery_mode_node_level_v1,SI-Drahi_10-d1-HET-ULO-BHI-72f1b1f90c,TK-PB-Drahi_10-d1-HET-ULO-d8d80a9180-r1,SS-354317d12b7f,13,3,lex_phase_3,OPTIMAL,FEASIBLE_POINT,1217.8988478179817,1217.8988478179817,0,163998,163998,251384,455081,5124,0,5124,25620,5124,256,0,0,NaN,0,NaN,16.0,1.0000000000034106,
1,13,TWO_STAGE_RH,LEXMMFPEA,shared_battery_mode_node_level_v1,SI-Drahi_10-d1-HET-ULO-BHI-72f1b1f90c,TK-PB-Drahi_10-d1-HET-ULO-d8d80a9180-r1,SS-354317d12b7f,13,4,lex_phase_4,OPTIMAL,FEASIBLE_POINT,1623.8651304239756,1623.8651304239756,0,163998,163998,251385,455087,5124,0,5124,25620,5124,256,0,0,NaN,0,NaN,16.0,1.0000000000034106,
1,13,TWO_STAGE_RH,LEXMMFPEA,shared_battery_mode_node_level_v1,SI-Drahi_10-d1-HET-ULO-BHI-72f1b1f90c,TK-PB-Drahi_10-d1-HET-ULO-d8d80a9180-r1,SS-354317d12b7f,13,5,lex_phase_5,OPTIMAL,FEASIBLE_POINT,2029.8314130299718,2029.8314130299718,0,163998,163998,251386,455093,5124,0,5124,25620,5124,256,0,0,NaN,0,NaN,16.0,1.0000000000034106,
1,13,TWO_STAGE_RH,LEXMMFPEA,shared_battery_mode_node_level_v1,SI-Drahi_10-d1-HET-ULO-BHI-72f1b1f90c,TK-PB-Drahi_10-d1-HET-ULO-d8d80a9180-r1,SS-354317d12b7f,13,6,economic_tie_break,OPTIMAL,FEASIBLE_POINT,625821.6147055662,625821.6147055662,0,163998,163998,251387,455099,5124,0,5124,25620,5124,256,0,0,NaN,0,NaN,16.0,1.0000000000034106,
1,14,TWO_STAGE_RH,LEXMMFPEA,shared_battery_mode_node_level_v1,SI-Drahi_10-d1-HET-ULO-BHI-72f1b1f90c,TK-PB-Drahi_10-d1-HET-ULO-d8d80a9180-r1,SS-354317d12b7f,13,1,lex_phase_1,OPTIMAL,FEASIBLE_POINT,405.9662826059949,405.9662826059949,0,163998,163998,251382,455069,5124,0,5124,25620,5124,256,0,0,NaN,0,NaN,0.0,1.0000000000034106,
1,14,TWO_STAGE_RH,LEXMMFPEA,shared_battery_mode_node_level_v1,SI-Drahi_10-d1-HET-ULO-BHI-72f1b1f90c,TK-PB-Drahi_10-d1-HET-ULO-d8d80a9180-r1,SS-354317d12b7f,13,2,lex_phase_2,OPTIMAL,FEASIBLE_POINT,811.9325652119878,811.9325652119878,0,163998,163998,251383,455075,5124,0,5124,25620,5124,256,0,0,NaN,0,NaN,0.0,1.0000000000034106,
1,14,TWO_STAGE_RH,LEXMMFPEA,shared_battery_mode_node_level_v1,SI-Drahi_10-d1-HET-ULO-BHI-72f1b1f90c,TK-PB-Drahi_10-d1-HET-ULO-d8d80a9180-r1,SS-354317d12b7f,13,3,lex_phase_3,OPTIMAL,FEASIBLE_POINT,1217.8988478179817,1217.8988478179817,0,163998,163998,251384,455081,5124,0,5124,25620,5124,256,0,0,NaN,0,NaN,0.0,1.0000000000034106,
1,14,TWO_STAGE_RH,LEXMMFPEA,shared_battery_mode_node_level_v1,SI-Drahi_10-d1-HET-ULO-BHI-72f1b1f90c,TK-PB-Drahi_10-d1-HET-ULO-d8d80a9180-r1,SS-354317d12b7f,13,4,lex_phase_4,OPTIMAL,FEASIBLE_POINT,1623.8651304239756,1623.8651304239756,0,163998,163998,251385,455087,5124,0,5124,25620,5124,256,0,0,NaN,0,NaN,0.0,1.0000000000034106,
1,14,TWO_STAGE_RH,LEXMMFPEA,shared_battery_mode_node_level_v1,SI-Drahi_10-d1-HET-ULO-BHI-72f1b1f90c,TK-PB-Drahi_10-d1-HET-ULO-d8d80a9180-r1,SS-354317d12b7f,13,5,lex_phase_5,OPTIMAL,FEASIBLE_POINT,2029.8314130299718,2029.8314130299718,0,163998,163998,251386,455093,5124,0,5124,25620,5124,256,0,0,NaN,0,NaN,0.0,1.0000000000034106,
1,14,TWO_STAGE_RH,LEXMMFPEA,shared_battery_mode_node_level_v1,SI-Drahi_10-d1-HET-ULO-BHI-72f1b1f90c,TK-PB-Drahi_10-d1-HET-ULO-d8d80a9180-r1,SS-354317d12b7f,13,6,economic_tie_break,OPTIMAL,FEASIBLE_POINT,625821.6147055662,625821.6147055662,0,163998,163998,251387,455099,5124,0,5124,25620,5124,256,0,0,NaN,0,NaN,0.0,1.0000000000034106,
1,15,TWO_STAGE_RH,LEXMMFPEA,shared_battery_mode_node_level_v1,SI-Drahi_10-d1-HET-ULO-BHI-72f1b1f90c,TK-PB-Drahi_10-d1-HET-ULO-d8d80a9180-r1,SS-354317d12b7f,13,1,lex_phase_1,OPTIMAL,FEASIBLE_POINT,405.9662826059949,405.9662826059949,0,163998,163998,251382,455069,5124,0,5124,25620,5124,256,0,0,NaN,0,NaN,5.3771353482260125,1.0000000000034106,
1,15,TWO_STAGE_RH,LEXMMFPEA,shared_battery_mode_node_level_v1,SI-Drahi_10-d1-HET-ULO-BHI-72f1b1f90c,TK-PB-Drahi_10-d1-HET-ULO-d8d80a9180-r1,SS-354317d12b7f,13,2,lex_phase_2,OPTIMAL,FEASIBLE_POINT,811.9325652119878,811.9325652119878,0,163998,163998,251383,455075,5124,0,5124,25620,5124,256,0,0,NaN,0,NaN,5.3771353482260125,1.0000000000034106,
1,15,TWO_STAGE_RH,LEXMMFPEA,shared_battery_mode_node_level_v1,SI-Drahi_10-d1-HET-ULO-BHI-72f1b1f90c,TK-PB-Drahi_10-d1-HET-ULO-d8d80a9180-r1,SS-354317d12b7f,13,3,lex_phase_3,OPTIMAL,FEASIBLE_POINT,1217.8988478179817,1217.8988478179817,0,163998,163998,251384,455081,5124,0,5124,25620,5124,256,0,0,NaN,0,NaN,5.3771353482260125,1.0000000000034106,
1,15,TWO_STAGE_RH,LEXMMFPEA,shared_battery_mode_node_level_v1,SI-Drahi_10-d1-HET-ULO-BHI-72f1b1f90c,TK-PB-Drahi_10-d1-HET-ULO-d8d80a9180-r1,SS-354317d12b7f,13,4,lex_phase_4,OPTIMAL,FEASIBLE_POINT,1623.8651304239756,1623.8651304239756,0,163998,163998,251385,455087,5124,0,5124,25620,5124,256,0,0,NaN,0,NaN,5.3771353482260125,1.0000000000034106,
1,15,TWO_STAGE_RH,LEXMMFPEA,shared_battery_mode_node_level_v1,SI-Drahi_10-d1-HET-ULO-BHI-72f1b1f90c,TK-PB-Drahi_10-d1-HET-ULO-d8d80a9180-r1,SS-354317d12b7f,13,5,lex_phase_5,OPTIMAL,FEASIBLE_POINT,2029.8314130299718,2029.8314130299718,0,163998,163998,251386,455093,5124,0,5124,25620,5124,256,0,0,NaN,0,NaN,5.3771353482260125,1.0000000000034106,
1,15,TWO_STAGE_RH,LEXMMFPEA,shared_battery_mode_node_level_v1,SI-Drahi_10-d1-HET-ULO-BHI-72f1b1f90c,TK-PB-Drahi_10-d1-HET-ULO-d8d80a9180-r1,SS-354317d12b7f,13,6,economic_tie_break,OPTIMAL,FEASIBLE_POINT,625821.6147055662,625821.6147055662,0,163998,163998,251387,455099,5124,0,5124,25620,5124,256,0,0,NaN,0,NaN,5.3771353482260125,1.0000000000034106,
1,16,TWO_STAGE_RH,LEXMMFPEA,shared_battery_mode_node_level_v1,SI-Drahi_10-d1-HET-ULO-BHI-72f1b1f90c,TK-PB-Drahi_10-d1-HET-ULO-d8d80a9180-r1,SS-354317d12b7f,13,1,lex_phase_1,OPTIMAL,FEASIBLE_POINT,405.9662826059949,405.9662826059949,0,163998,163998,251382,455069,5124,0,5124,25620,5124,256,0,0,NaN,0,NaN,2.842170943040401e-14,1.0000000000034106,
1,16,TWO_STAGE_RH,LEXMMFPEA,shared_battery_mode_node_level_v1,SI-Drahi_10-d1-HET-ULO-BHI-72f1b1f90c,TK-PB-Drahi_10-d1-HET-ULO-d8d80a9180-r1,SS-354317d12b7f,13,2,lex_phase_2,OPTIMAL,FEASIBLE_POINT,811.9325652119878,811.9325652119878,0,163998,163998,251383,455075,5124,0,5124,25620,5124,256,0,0,NaN,0,NaN,2.842170943040401e-14,1.0000000000034106,
1,16,TWO_STAGE_RH,LEXMMFPEA,shared_battery_mode_node_level_v1,SI-Drahi_10-d1-HET-ULO-BHI-72f1b1f90c,TK-PB-Drahi_10-d1-HET-ULO-d8d80a9180-r1,SS-354317d12b7f,13,3,lex_phase_3,OPTIMAL,FEASIBLE_POINT,1217.8988478179817,1217.8988478179817,0,163998,163998,251384,455081,5124,0,5124,25620,5124,256,0,0,NaN,0,NaN,2.842170943040401e-14,1.0000000000034106,
1,16,TWO_STAGE_RH,LEXMMFPEA,shared_battery_mode_node_level_v1,SI-Drahi_10-d1-HET-ULO-BHI-72f1b1f90c,TK-PB-Drahi_10-d1-HET-ULO-d8d80a9180-r1,SS-354317d12b7f,13,4,lex_phase_4,OPTIMAL,FEASIBLE_POINT,1623.8651304239756,1623.8651304239756,0,163998,163998,251385,455087,5124,0,5124,25620,5124,256,0,0,NaN,0,NaN,2.842170943040401e-14,1.0000000000034106,
1,16,TWO_STAGE_RH,LEXMMFPEA,shared_battery_mode_node_level_v1,SI-Drahi_10-d1-HET-ULO-BHI-72f1b1f90c,TK-PB-Drahi_10-d1-HET-ULO-d8d80a9180-r1,SS-354317d12b7f,13,5,lex_phase_5,OPTIMAL,FEASIBLE_POINT,2029.8314130299718,2029.8314130299718,0,163998,163998,251386,455093,5124,0,5124,25620,5124,256,0,0,NaN,0,NaN,2.842170943040401e-14,1.0000000000034106,
1,16,TWO_STAGE_RH,LEXMMFPEA,shared_battery_mode_node_level_v1,SI-Drahi_10-d1-HET-ULO-BHI-72f1b1f90c,TK-PB-Drahi_10-d1-HET-ULO-d8d80a9180-r1,SS-354317d12b7f,13,6,economic_tie_break,OPTIMAL,FEASIBLE_POINT,625821.6147055662,625821.6147055662,0,163998,163998,251387,455099,5124,0,5124,25620,5124,256,0,0,NaN,0,NaN,2.842170943040401e-14,1.0000000000034106,
1,17,TWO_STAGE_RH,LEXMMFPEA,shared_battery_mode_node_level_v1,SI-Drahi_10-d1-HET-ULO-BHI-72f1b1f90c,TK-PB-Drahi_10-d1-HET-ULO-d8d80a9180-r1,SS-c81930d9c8ba,17,1,lex_phase_1,OPTIMAL,FEASIBLE_POINT,490.2717343635512,490.2717343635512,0,163998,163998,251382,456344,5124,0,5124,25620,5124,256,0,0,NaN,0,NaN,2.842170943040401e-14,1.000000000000341,
1,17,TWO_STAGE_RH,LEXMMFPEA,shared_battery_mode_node_level_v1,SI-Drahi_10-d1-HET-ULO-BHI-72f1b1f90c,TK-PB-Drahi_10-d1-HET-ULO-d8d80a9180-r1,SS-c81930d9c8ba,17,2,lex_phase_2,OPTIMAL,FEASIBLE_POINT,980.5434687271029,980.5434687271029,0,163998,163998,251383,456350,5124,0,5124,25620,5124,256,0,0,NaN,0,NaN,2.842170943040401e-14,1.000000000000341,
1,17,TWO_STAGE_RH,LEXMMFPEA,shared_battery_mode_node_level_v1,SI-Drahi_10-d1-HET-ULO-BHI-72f1b1f90c,TK-PB-Drahi_10-d1-HET-ULO-d8d80a9180-r1,SS-c81930d9c8ba,17,3,lex_phase_3,OPTIMAL,FEASIBLE_POINT,1470.8152030906544,1470.8152030906544,0,163998,163998,251384,456356,5124,0,5124,25620,5124,256,0,0,NaN,0,NaN,2.842170943040401e-14,1.000000000000341,
1,17,TWO_STAGE_RH,LEXMMFPEA,shared_battery_mode_node_level_v1,SI-Drahi_10-d1-HET-ULO-BHI-72f1b1f90c,TK-PB-Drahi_10-d1-HET-ULO-d8d80a9180-r1,SS-c81930d9c8ba,17,4,lex_phase_4,OPTIMAL,FEASIBLE_POINT,1961.0869374542058,1961.0869374542058,0,163998,163998,251385,456362,5124,0,5124,25620,5124,256,0,0,NaN,0,NaN,2.842170943040401e-14,1.000000000000341,
1,17,TWO_STAGE_RH,LEXMMFPEA,shared_battery_mode_node_level_v1,SI-Drahi_10-d1-HET-ULO-BHI-72f1b1f90c,TK-PB-Drahi_10-d1-HET-ULO-d8d80a9180-r1,SS-c81930d9c8ba,17,5,lex_phase_5,OPTIMAL,FEASIBLE_POINT,2451.358671817757,2451.358671817757,0,163998,163998,251386,456368,5124,0,5124,25620,5124,256,0,0,NaN,0,NaN,2.842170943040401e-14,1.000000000000341,
1,17,TWO_STAGE_RH,LEXMMFPEA,shared_battery_mode_node_level_v1,SI-Drahi_10-d1-HET-ULO-BHI-72f1b1f90c,TK-PB-Drahi_10-d1-HET-ULO-d8d80a9180-r1,SS-c81930d9c8ba,17,6,economic_tie_break,OPTIMAL,FEASIBLE_POINT,641660.435743967,641660.435743967,0,163998,163998,251387,456374,5124,0,5124,25620,5124,256,0,0,NaN,0,NaN,2.842170943040401e-14,1.000000000000341,
1,18,TWO_STAGE_RH,LEXMMFPEA,shared_battery_mode_node_level_v1,SI-Drahi_10-d1-HET-ULO-BHI-72f1b1f90c,TK-PB-Drahi_10-d1-HET-ULO-d8d80a9180-r1,SS-c81930d9c8ba,17,1,lex_phase_1,OPTIMAL,FEASIBLE_POINT,490.2717343635512,490.2717343635512,0,163998,163998,251382,456344,5124,0,5124,25620,5124,256,0,0,NaN,0,NaN,2.842170943040401e-14,1.000000000000341,
1,18,TWO_STAGE_RH,LEXMMFPEA,shared_battery_mode_node_level_v1,SI-Drahi_10-d1-HET-ULO-BHI-72f1b1f90c,TK-PB-Drahi_10-d1-HET-ULO-d8d80a9180-r1,SS-c81930d9c8ba,17,2,lex_phase_2,OPTIMAL,FEASIBLE_POINT,980.5434687271029,980.5434687271029,0,163998,163998,251383,456350,5124,0,5124,25620,5124,256,0,0,NaN,0,NaN,2.842170943040401e-14,1.000000000000341,
1,18,TWO_STAGE_RH,LEXMMFPEA,shared_battery_mode_node_level_v1,SI-Drahi_10-d1-HET-ULO-BHI-72f1b1f90c,TK-PB-Drahi_10-d1-HET-ULO-d8d80a9180-r1,SS-c81930d9c8ba,17,3,lex_phase_3,OPTIMAL,FEASIBLE_POINT,1470.8152030906544,1470.8152030906544,0,163998,163998,251384,456356,5124,0,5124,25620,5124,256,0,0,NaN,0,NaN,2.842170943040401e-14,1.000000000000341,
1,18,TWO_STAGE_RH,LEXMMFPEA,shared_battery_mode_node_level_v1,SI-Drahi_10-d1-HET-ULO-BHI-72f1b1f90c,TK-PB-Drahi_10-d1-HET-ULO-d8d80a9180-r1,SS-c81930d9c8ba,17,4,lex_phase_4,OPTIMAL,FEASIBLE_POINT,1961.0869374542058,1961.0869374542058,0,163998,163998,251385,456362,5124,0,5124,25620,5124,256,0,0,NaN,0,NaN,2.842170943040401e-14,1.000000000000341,
1,18,TWO_STAGE_RH,LEXMMFPEA,shared_battery_mode_node_level_v1,SI-Drahi_10-d1-HET-ULO-BHI-72f1b1f90c,TK-PB-Drahi_10-d1-HET-ULO-d8d80a9180-r1,SS-c81930d9c8ba,17,5,lex_phase_5,OPTIMAL,FEASIBLE_POINT,2451.358671817757,2451.358671817757,0,163998,163998,251386,456368,5124,0,5124,25620,5124,256,0,0,NaN,0,NaN,2.842170943040401e-14,1.000000000000341,
1,18,TWO_STAGE_RH,LEXMMFPEA,shared_battery_mode_node_level_v1,SI-Drahi_10-d1-HET-ULO-BHI-72f1b1f90c,TK-PB-Drahi_10-d1-HET-ULO-d8d80a9180-r1,SS-c81930d9c8ba,17,6,economic_tie_break,OPTIMAL,FEASIBLE_POINT,641660.435743967,641660.435743967,0,163998,163998,251387,456374,5124,0,5124,25620,5124,256,0,0,NaN,0,NaN,2.842170943040401e-14,1.000000000000341,
1,19,TWO_STAGE_RH,LEXMMFPEA,shared_battery_mode_node_level_v1,SI-Drahi_10-d1-HET-ULO-BHI-72f1b1f90c,TK-PB-Drahi_10-d1-HET-ULO-d8d80a9180-r1,SS-c81930d9c8ba,17,1,lex_phase_1,OPTIMAL,FEASIBLE_POINT,490.2717343635512,490.2717343635512,0,163998,163998,251382,456344,5124,0,5124,25620,5124,256,0,0,NaN,0,NaN,2.842170943040401e-14,1.000000000000341,
1,19,TWO_STAGE_RH,LEXMMFPEA,shared_battery_mode_node_level_v1,SI-Drahi_10-d1-HET-ULO-BHI-72f1b1f90c,TK-PB-Drahi_10-d1-HET-ULO-d8d80a9180-r1,SS-c81930d9c8ba,17,2,lex_phase_2,OPTIMAL,FEASIBLE_POINT,980.5434687271029,980.5434687271029,0,163998,163998,251383,456350,5124,0,5124,25620,5124,256,0,0,NaN,0,NaN,2.842170943040401e-14,1.000000000000341,
1,19,TWO_STAGE_RH,LEXMMFPEA,shared_battery_mode_node_level_v1,SI-Drahi_10-d1-HET-ULO-BHI-72f1b1f90c,TK-PB-Drahi_10-d1-HET-ULO-d8d80a9180-r1,SS-c81930d9c8ba,17,3,lex_phase_3,OPTIMAL,FEASIBLE_POINT,1470.8152030906544,1470.8152030906544,0,163998,163998,251384,456356,5124,0,5124,25620,5124,256,0,0,NaN,0,NaN,2.842170943040401e-14,1.000000000000341,
1,19,TWO_STAGE_RH,LEXMMFPEA,shared_battery_mode_node_level_v1,SI-Drahi_10-d1-HET-ULO-BHI-72f1b1f90c,TK-PB-Drahi_10-d1-HET-ULO-d8d80a9180-r1,SS-c81930d9c8ba,17,4,lex_phase_4,OPTIMAL,FEASIBLE_POINT,1961.0869374542058,1961.0869374542058,0,163998,163998,251385,456362,5124,0,5124,25620,5124,256,0,0,NaN,0,NaN,2.842170943040401e-14,1.000000000000341,
1,19,TWO_STAGE_RH,LEXMMFPEA,shared_battery_mode_node_level_v1,SI-Drahi_10-d1-HET-ULO-BHI-72f1b1f90c,TK-PB-Drahi_10-d1-HET-ULO-d8d80a9180-r1,SS-c81930d9c8ba,17,5,lex_phase_5,OPTIMAL,FEASIBLE_POINT,2451.358671817757,2451.358671817757,0,163998,163998,251386,456368,5124,0,5124,25620,5124,256,0,0,NaN,0,NaN,2.842170943040401e-14,1.000000000000341,
1,19,TWO_STAGE_RH,LEXMMFPEA,shared_battery_mode_node_level_v1,SI-Drahi_10-d1-HET-ULO-BHI-72f1b1f90c,TK-PB-Drahi_10-d1-HET-ULO-d8d80a9180-r1,SS-c81930d9c8ba,17,6,economic_tie_break,OPTIMAL,FEASIBLE_POINT,641660.435743967,641660.435743967,0,163998,163998,251387,456374,5124,0,5124,25620,5124,256,0,0,NaN,0,NaN,2.842170943040401e-14,1.000000000000341,
1,20,TWO_STAGE_RH,LEXMMFPEA,shared_battery_mode_node_level_v1,SI-Drahi_10-d1-HET-ULO-BHI-72f1b1f90c,TK-PB-Drahi_10-d1-HET-ULO-d8d80a9180-r1,SS-c81930d9c8ba,17,1,lex_phase_1,OPTIMAL,FEASIBLE_POINT,490.2717343635512,490.2717343635512,0,163998,163998,251382,456344,5124,0,5124,25620,5124,256,0,0,NaN,0,NaN,2.842170943040401e-14,1.000000000000341,
1,20,TWO_STAGE_RH,LEXMMFPEA,shared_battery_mode_node_level_v1,SI-Drahi_10-d1-HET-ULO-BHI-72f1b1f90c,TK-PB-Drahi_10-d1-HET-ULO-d8d80a9180-r1,SS-c81930d9c8ba,17,2,lex_phase_2,OPTIMAL,FEASIBLE_POINT,980.5434687271029,980.5434687271029,0,163998,163998,251383,456350,5124,0,5124,25620,5124,256,0,0,NaN,0,NaN,2.842170943040401e-14,1.000000000000341,
1,20,TWO_STAGE_RH,LEXMMFPEA,shared_battery_mode_node_level_v1,SI-Drahi_10-d1-HET-ULO-BHI-72f1b1f90c,TK-PB-Drahi_10-d1-HET-ULO-d8d80a9180-r1,SS-c81930d9c8ba,17,3,lex_phase_3,OPTIMAL,FEASIBLE_POINT,1470.8152030906544,1470.8152030906544,0,163998,163998,251384,456356,5124,0,5124,25620,5124,256,0,0,NaN,0,NaN,2.842170943040401e-14,1.000000000000341,
1,20,TWO_STAGE_RH,LEXMMFPEA,shared_battery_mode_node_level_v1,SI-Drahi_10-d1-HET-ULO-BHI-72f1b1f90c,TK-PB-Drahi_10-d1-HET-ULO-d8d80a9180-r1,SS-c81930d9c8ba,17,4,lex_phase_4,OPTIMAL,FEASIBLE_POINT,1961.0869374542058,1961.0869374542058,0,163998,163998,251385,456362,5124,0,5124,25620,5124,256,0,0,NaN,0,NaN,2.842170943040401e-14,1.000000000000341,
1,20,TWO_STAGE_RH,LEXMMFPEA,shared_battery_mode_node_level_v1,SI-Drahi_10-d1-HET-ULO-BHI-72f1b1f90c,TK-PB-Drahi_10-d1-HET-ULO-d8d80a9180-r1,SS-c81930d9c8ba,17,5,lex_phase_5,OPTIMAL,FEASIBLE_POINT,2451.358671817757,2451.358671817757,0,163998,163998,251386,456368,5124,0,5124,25620,5124,256,0,0,NaN,0,NaN,2.842170943040401e-14,1.000000000000341,
1,20,TWO_STAGE_RH,LEXMMFPEA,shared_battery_mode_node_level_v1,SI-Drahi_10-d1-HET-ULO-BHI-72f1b1f90c,TK-PB-Drahi_10-d1-HET-ULO-d8d80a9180-r1,SS-c81930d9c8ba,17,6,economic_tie_break,OPTIMAL,FEASIBLE_POINT,641660.435743967,641660.435743967,0,163998,163998,251387,456374,5124,0,5124,25620,5124,256,0,0,NaN,0,NaN,2.842170943040401e-14,1.000000000000341,
1,21,TWO_STAGE_RH,LEXMMFPEA,shared_battery_mode_node_level_v1,SI-Drahi_10-d1-HET-ULO-BHI-72f1b1f90c,TK-PB-Drahi_10-d1-HET-ULO-d8d80a9180-r1,SS-3cf9bda45ea4,21,1,lex_phase_1,OPTIMAL,FEASIBLE_POINT,502.5996664439154,502.5996664439154,0,163998,163998,251382,460169,5124,0,5124,25620,5124,256,0,0,NaN,0,NaN,0.4020083102493075,1.0000000000020464,
1,21,TWO_STAGE_RH,LEXMMFPEA,shared_battery_mode_node_level_v1,SI-Drahi_10-d1-HET-ULO-BHI-72f1b1f90c,TK-PB-Drahi_10-d1-HET-ULO-d8d80a9180-r1,SS-3cf9bda45ea4,21,2,lex_phase_2,OPTIMAL,FEASIBLE_POINT,1005.1993328878309,1005.1993328878309,0,163998,163998,251383,460175,5124,0,5124,25620,5124,256,0,0,NaN,0,NaN,0.4020083102493075,1.0000000000020464,
1,21,TWO_STAGE_RH,LEXMMFPEA,shared_battery_mode_node_level_v1,SI-Drahi_10-d1-HET-ULO-BHI-72f1b1f90c,TK-PB-Drahi_10-d1-HET-ULO-d8d80a9180-r1,SS-3cf9bda45ea4,21,3,lex_phase_3,OPTIMAL,FEASIBLE_POINT,1507.7989993317465,1507.7989993317465,0,163998,163998,251384,460181,5124,0,5124,25620,5124,256,0,0,NaN,0,NaN,0.4020083102493075,1.0000000000020464,
1,21,TWO_STAGE_RH,LEXMMFPEA,shared_battery_mode_node_level_v1,SI-Drahi_10-d1-HET-ULO-BHI-72f1b1f90c,TK-PB-Drahi_10-d1-HET-ULO-d8d80a9180-r1,SS-3cf9bda45ea4,21,4,lex_phase_4,OPTIMAL,FEASIBLE_POINT,2010.3986657756618,2010.3986657756618,0,163998,163998,251385,460187,5124,0,5124,25620,5124,256,0,0,NaN,0,NaN,0.4020083102493075,1.0000000000020464,
1,21,TWO_STAGE_RH,LEXMMFPEA,shared_battery_mode_node_level_v1,SI-Drahi_10-d1-HET-ULO-BHI-72f1b1f90c,TK-PB-Drahi_10-d1-HET-ULO-d8d80a9180-r1,SS-3cf9bda45ea4,21,5,lex_phase_5,OPTIMAL,FEASIBLE_POINT,2512.9983322195776,2512.9983322195776,0,163998,163998,251386,460193,5124,0,5124,25620,5124,256,0,0,NaN,0,NaN,0.4020083102493075,1.0000000000020464,
1,21,TWO_STAGE_RH,LEXMMFPEA,shared_battery_mode_node_level_v1,SI-Drahi_10-d1-HET-ULO-BHI-72f1b1f90c,TK-PB-Drahi_10-d1-HET-ULO-d8d80a9180-r1,SS-3cf9bda45ea4,21,6,economic_tie_break,OPTIMAL,FEASIBLE_POINT,629984.1516565841,629984.1516565841,0,163998,163998,251387,460199,5124,0,5124,25620,5124,256,0,0,NaN,0,NaN,0.4020083102493075,1.0000000000020464,
1,22,TWO_STAGE_RH,LEXMMFPEA,shared_battery_mode_node_level_v1,SI-Drahi_10-d1-HET-ULO-BHI-72f1b1f90c,TK-PB-Drahi_10-d1-HET-ULO-d8d80a9180-r1,SS-3cf9bda45ea4,21,1,lex_phase_1,OPTIMAL,FEASIBLE_POINT,502.5996664439154,502.5996664439154,0,163998,163998,251382,460169,5124,0,5124,25620,5124,256,0,0,NaN,0,NaN,0.0,1.0000000000020464,
1,22,TWO_STAGE_RH,LEXMMFPEA,shared_battery_mode_node_level_v1,SI-Drahi_10-d1-HET-ULO-BHI-72f1b1f90c,TK-PB-Drahi_10-d1-HET-ULO-d8d80a9180-r1,SS-3cf9bda45ea4,21,2,lex_phase_2,OPTIMAL,FEASIBLE_POINT,1005.1993328878309,1005.1993328878309,0,163998,163998,251383,460175,5124,0,5124,25620,5124,256,0,0,NaN,0,NaN,0.0,1.0000000000020464,
1,22,TWO_STAGE_RH,LEXMMFPEA,shared_battery_mode_node_level_v1,SI-Drahi_10-d1-HET-ULO-BHI-72f1b1f90c,TK-PB-Drahi_10-d1-HET-ULO-d8d80a9180-r1,SS-3cf9bda45ea4,21,3,lex_phase_3,OPTIMAL,FEASIBLE_POINT,1507.7989993317465,1507.7989993317465,0,163998,163998,251384,460181,5124,0,5124,25620,5124,256,0,0,NaN,0,NaN,0.0,1.0000000000020464,
1,22,TWO_STAGE_RH,LEXMMFPEA,shared_battery_mode_node_level_v1,SI-Drahi_10-d1-HET-ULO-BHI-72f1b1f90c,TK-PB-Drahi_10-d1-HET-ULO-d8d80a9180-r1,SS-3cf9bda45ea4,21,4,lex_phase_4,OPTIMAL,FEASIBLE_POINT,2010.3986657756618,2010.3986657756618,0,163998,163998,251385,460187,5124,0,5124,25620,5124,256,0,0,NaN,0,NaN,0.0,1.0000000000020464,
1,22,TWO_STAGE_RH,LEXMMFPEA,shared_battery_mode_node_level_v1,SI-Drahi_10-d1-HET-ULO-BHI-72f1b1f90c,TK-PB-Drahi_10-d1-HET-ULO-d8d80a9180-r1,SS-3cf9bda45ea4,21,5,lex_phase_5,OPTIMAL,FEASIBLE_POINT,2512.9983322195776,2512.9983322195776,0,163998,163998,251386,460193,5124,0,5124,25620,5124,256,0,0,NaN,0,NaN,0.0,1.0000000000020464,
1,22,TWO_STAGE_RH,LEXMMFPEA,shared_battery_mode_node_level_v1,SI-Drahi_10-d1-HET-ULO-BHI-72f1b1f90c,TK-PB-Drahi_10-d1-HET-ULO-d8d80a9180-r1,SS-3cf9bda45ea4,21,6,economic_tie_break,OPTIMAL,FEASIBLE_POINT,629984.1516565841,629984.1516565841,0,163998,163998,251387,460199,5124,0,5124,25620,5124,256,0,0,NaN,0,NaN,0.0,1.0000000000020464,
1,23,TWO_STAGE_RH,LEXMMFPEA,shared_battery_mode_node_level_v1,SI-Drahi_10-d1-HET-ULO-BHI-72f1b1f90c,TK-PB-Drahi_10-d1-HET-ULO-d8d80a9180-r1,SS-3cf9bda45ea4,21,1,lex_phase_1,OPTIMAL,FEASIBLE_POINT,502.5996664439154,502.5996664439154,0,163998,163998,251382,460169,5124,0,5124,25620,5124,256,0,0,NaN,0,NaN,0.0,1.0000000000020464,
1,23,TWO_STAGE_RH,LEXMMFPEA,shared_battery_mode_node_level_v1,SI-Drahi_10-d1-HET-ULO-BHI-72f1b1f90c,TK-PB-Drahi_10-d1-HET-ULO-d8d80a9180-r1,SS-3cf9bda45ea4,21,2,lex_phase_2,OPTIMAL,FEASIBLE_POINT,1005.1993328878309,1005.1993328878309,0,163998,163998,251383,460175,5124,0,5124,25620,5124,256,0,0,NaN,0,NaN,0.0,1.0000000000020464,
1,23,TWO_STAGE_RH,LEXMMFPEA,shared_battery_mode_node_level_v1,SI-Drahi_10-d1-HET-ULO-BHI-72f1b1f90c,TK-PB-Drahi_10-d1-HET-ULO-d8d80a9180-r1,SS-3cf9bda45ea4,21,3,lex_phase_3,OPTIMAL,FEASIBLE_POINT,1507.7989993317465,1507.7989993317465,0,163998,163998,251384,460181,5124,0,5124,25620,5124,256,0,0,NaN,0,NaN,0.0,1.0000000000020464,
1,23,TWO_STAGE_RH,LEXMMFPEA,shared_battery_mode_node_level_v1,SI-Drahi_10-d1-HET-ULO-BHI-72f1b1f90c,TK-PB-Drahi_10-d1-HET-ULO-d8d80a9180-r1,SS-3cf9bda45ea4,21,4,lex_phase_4,OPTIMAL,FEASIBLE_POINT,2010.3986657756618,2010.3986657756618,0,163998,163998,251385,460187,5124,0,5124,25620,5124,256,0,0,NaN,0,NaN,0.0,1.0000000000020464,
1,23,TWO_STAGE_RH,LEXMMFPEA,shared_battery_mode_node_level_v1,SI-Drahi_10-d1-HET-ULO-BHI-72f1b1f90c,TK-PB-Drahi_10-d1-HET-ULO-d8d80a9180-r1,SS-3cf9bda45ea4,21,5,lex_phase_5,OPTIMAL,FEASIBLE_POINT,2512.9983322195776,2512.9983322195776,0,163998,163998,251386,460193,5124,0,5124,25620,5124,256,0,0,NaN,0,NaN,0.0,1.0000000000020464,
1,23,TWO_STAGE_RH,LEXMMFPEA,shared_battery_mode_node_level_v1,SI-Drahi_10-d1-HET-ULO-BHI-72f1b1f90c,TK-PB-Drahi_10-d1-HET-ULO-d8d80a9180-r1,SS-3cf9bda45ea4,21,6,economic_tie_break,OPTIMAL,FEASIBLE_POINT,629984.1516565841,629984.1516565841,0,163998,163998,251387,460199,5124,0,5124,25620,5124,256,0,0,NaN,0,NaN,0.0,1.0000000000020464,
1,24,TWO_STAGE_RH,LEXMMFPEA,shared_battery_mode_node_level_v1,SI-Drahi_10-d1-HET-ULO-BHI-72f1b1f90c,TK-PB-Drahi_10-d1-HET-ULO-d8d80a9180-r1,SS-3cf9bda45ea4,21,1,lex_phase_1,OPTIMAL,FEASIBLE_POINT,502.5996664439154,502.5996664439154,0,163998,163998,251382,460169,5124,0,5124,25620,5124,256,0,0,NaN,0,NaN,2.831068712794149e-15,1.0000000000020464,
1,24,TWO_STAGE_RH,LEXMMFPEA,shared_battery_mode_node_level_v1,SI-Drahi_10-d1-HET-ULO-BHI-72f1b1f90c,TK-PB-Drahi_10-d1-HET-ULO-d8d80a9180-r1,SS-3cf9bda45ea4,21,2,lex_phase_2,OPTIMAL,FEASIBLE_POINT,1005.1993328878309,1005.1993328878309,0,163998,163998,251383,460175,5124,0,5124,25620,5124,256,0,0,NaN,0,NaN,2.831068712794149e-15,1.0000000000020464,
1,24,TWO_STAGE_RH,LEXMMFPEA,shared_battery_mode_node_level_v1,SI-Drahi_10-d1-HET-ULO-BHI-72f1b1f90c,TK-PB-Drahi_10-d1-HET-ULO-d8d80a9180-r1,SS-3cf9bda45ea4,21,3,lex_phase_3,OPTIMAL,FEASIBLE_POINT,1507.7989993317465,1507.7989993317465,0,163998,163998,251384,460181,5124,0,5124,25620,5124,256,0,0,NaN,0,NaN,2.831068712794149e-15,1.0000000000020464,
1,24,TWO_STAGE_RH,LEXMMFPEA,shared_battery_mode_node_level_v1,SI-Drahi_10-d1-HET-ULO-BHI-72f1b1f90c,TK-PB-Drahi_10-d1-HET-ULO-d8d80a9180-r1,SS-3cf9bda45ea4,21,4,lex_phase_4,OPTIMAL,FEASIBLE_POINT,2010.3986657756618,2010.3986657756618,0,163998,163998,251385,460187,5124,0,5124,25620,5124,256,0,0,NaN,0,NaN,2.831068712794149e-15,1.0000000000020464,
1,24,TWO_STAGE_RH,LEXMMFPEA,shared_battery_mode_node_level_v1,SI-Drahi_10-d1-HET-ULO-BHI-72f1b1f90c,TK-PB-Drahi_10-d1-HET-ULO-d8d80a9180-r1,SS-3cf9bda45ea4,21,5,lex_phase_5,OPTIMAL,FEASIBLE_POINT,2512.9983322195776,2512.9983322195776,0,163998,163998,251386,460193,5124,0,5124,25620,5124,256,0,0,NaN,0,NaN,2.831068712794149e-15,1.0000000000020464,
1,24,TWO_STAGE_RH,LEXMMFPEA,shared_battery_mode_node_level_v1,SI-Drahi_10-d1-HET-ULO-BHI-72f1b1f90c,TK-PB-Drahi_10-d1-HET-ULO-d8d80a9180-r1,SS-3cf9bda45ea4,21,6,economic_tie_break,OPTIMAL,FEASIBLE_POINT,629984.1516565841,629984.1516565841,0,163998,163998,251387,460199,5124,0,5124,25620,5124,256,0,0,NaN,0,NaN,2.831068712794149e-15,1.0000000000020464,
1,1,TWO_STAGE_RH,LEXMMFSA,shared_battery_mode_node_level_v1,SI-Drahi_10-d1-HET-ULO-BHI-72f1b1f90c,TK-PB-Drahi_10-d1-HET-ULO-d8d80a9180-r1,SS-5d5bbea46d20,1,1,lex_phase_1,OPTIMAL,FEASIBLE_POINT,29556.837706430437,29556.837706430437,0,163998,163998,251382,716369,5124,0,5124,25620,5124,256,0,0,NaN,0,NaN,0.0,1.0000000002328306,
1,1,TWO_STAGE_RH,LEXMMFSA,shared_battery_mode_node_level_v1,SI-Drahi_10-d1-HET-ULO-BHI-72f1b1f90c,TK-PB-Drahi_10-d1-HET-ULO-d8d80a9180-r1,SS-5d5bbea46d20,1,2,lex_phase_2,OPTIMAL,FEASIBLE_POINT,59113.67541286051,59113.67541286051,0,163998,163998,251383,716375,5124,0,5124,25620,5124,256,0,0,NaN,0,NaN,0.0,1.0000000002328306,
1,1,TWO_STAGE_RH,LEXMMFSA,shared_battery_mode_node_level_v1,SI-Drahi_10-d1-HET-ULO-BHI-72f1b1f90c,TK-PB-Drahi_10-d1-HET-ULO-d8d80a9180-r1,SS-5d5bbea46d20,1,3,lex_phase_3,OPTIMAL,FEASIBLE_POINT,88670.51311929076,88670.51311929076,0,163998,163998,251384,716381,5124,0,5124,25620,5124,256,0,0,NaN,0,NaN,0.0,1.0000000002328306,
1,1,TWO_STAGE_RH,LEXMMFSA,shared_battery_mode_node_level_v1,SI-Drahi_10-d1-HET-ULO-BHI-72f1b1f90c,TK-PB-Drahi_10-d1-HET-ULO-d8d80a9180-r1,SS-5d5bbea46d20,1,4,lex_phase_4,OPTIMAL,FEASIBLE_POINT,118227.35082572102,118227.35082572102,0,163998,163998,251385,716387,5124,0,5124,25620,5124,256,0,0,NaN,0,NaN,0.0,1.0000000002328306,
1,1,TWO_STAGE_RH,LEXMMFSA,shared_battery_mode_node_level_v1,SI-Drahi_10-d1-HET-ULO-BHI-72f1b1f90c,TK-PB-Drahi_10-d1-HET-ULO-d8d80a9180-r1,SS-5d5bbea46d20,1,5,lex_phase_5,OPTIMAL,FEASIBLE_POINT,147801.5195321418,147801.5195321418,0,163998,163998,251386,716393,5124,0,5124,25620,5124,256,0,0,NaN,0,NaN,0.0,1.0000000002328306,
1,1,TWO_STAGE_RH,LEXMMFSA,shared_battery_mode_node_level_v1,SI-Drahi_10-d1-HET-ULO-BHI-72f1b1f90c,TK-PB-Drahi_10-d1-HET-ULO-d8d80a9180-r1,SS-5d5bbea46d20,1,6,economic_tie_break,OPTIMAL,FEASIBLE_POINT,641624.4630549191,641624.4630549191,0,163998,163998,251387,716399,5124,0,5124,25620,5124,256,0,0,NaN,0,NaN,0.0,1.0000000002328306,
1,2,TWO_STAGE_RH,LEXMMFSA,shared_battery_mode_node_level_v1,SI-Drahi_10-d1-HET-ULO-BHI-72f1b1f90c,TK-PB-Drahi_10-d1-HET-ULO-d8d80a9180-r1,SS-5d5bbea46d20,1,1,lex_phase_1,OPTIMAL,FEASIBLE_POINT,29556.837706430437,29556.837706430437,0,163998,163998,251382,716369,5124,0,5124,25620,5124,256,0,0,NaN,0,NaN,0.0,1.0000000002328306,
1,2,TWO_STAGE_RH,LEXMMFSA,shared_battery_mode_node_level_v1,SI-Drahi_10-d1-HET-ULO-BHI-72f1b1f90c,TK-PB-Drahi_10-d1-HET-ULO-d8d80a9180-r1,SS-5d5bbea46d20,1,2,lex_phase_2,OPTIMAL,FEASIBLE_POINT,59113.67541286051,59113.67541286051,0,163998,163998,251383,716375,5124,0,5124,25620,5124,256,0,0,NaN,0,NaN,0.0,1.0000000002328306,
1,2,TWO_STAGE_RH,LEXMMFSA,shared_battery_mode_node_level_v1,SI-Drahi_10-d1-HET-ULO-BHI-72f1b1f90c,TK-PB-Drahi_10-d1-HET-ULO-d8d80a9180-r1,SS-5d5bbea46d20,1,3,lex_phase_3,OPTIMAL,FEASIBLE_POINT,88670.51311929076,88670.51311929076,0,163998,163998,251384,716381,5124,0,5124,25620,5124,256,0,0,NaN,0,NaN,0.0,1.0000000002328306,
1,2,TWO_STAGE_RH,LEXMMFSA,shared_battery_mode_node_level_v1,SI-Drahi_10-d1-HET-ULO-BHI-72f1b1f90c,TK-PB-Drahi_10-d1-HET-ULO-d8d80a9180-r1,SS-5d5bbea46d20,1,4,lex_phase_4,OPTIMAL,FEASIBLE_POINT,118227.35082572102,118227.35082572102,0,163998,163998,251385,716387,5124,0,5124,25620,5124,256,0,0,NaN,0,NaN,0.0,1.0000000002328306,
1,2,TWO_STAGE_RH,LEXMMFSA,shared_battery_mode_node_level_v1,SI-Drahi_10-d1-HET-ULO-BHI-72f1b1f90c,TK-PB-Drahi_10-d1-HET-ULO-d8d80a9180-r1,SS-5d5bbea46d20,1,5,lex_phase_5,OPTIMAL,FEASIBLE_POINT,147801.5195321418,147801.5195321418,0,163998,163998,251386,716393,5124,0,5124,25620,5124,256,0,0,NaN,0,NaN,0.0,1.0000000002328306,
1,2,TWO_STAGE_RH,LEXMMFSA,shared_battery_mode_node_level_v1,SI-Drahi_10-d1-HET-ULO-BHI-72f1b1f90c,TK-PB-Drahi_10-d1-HET-ULO-d8d80a9180-r1,SS-5d5bbea46d20,1,6,economic_tie_break,OPTIMAL,FEASIBLE_POINT,641624.4630549191,641624.4630549191,0,163998,163998,251387,716399,5124,0,5124,25620,5124,256,0,0,NaN,0,NaN,0.0,1.0000000002328306,
1,3,TWO_STAGE_RH,LEXMMFSA,shared_battery_mode_node_level_v1,SI-Drahi_10-d1-HET-ULO-BHI-72f1b1f90c,TK-PB-Drahi_10-d1-HET-ULO-d8d80a9180-r1,SS-5d5bbea46d20,1,1,lex_phase_1,OPTIMAL,FEASIBLE_POINT,29556.837706430437,29556.837706430437,0,163998,163998,251382,716369,5124,0,5124,25620,5124,256,0,0,NaN,0,NaN,0.0,1.0000000002328306,
1,3,TWO_STAGE_RH,LEXMMFSA,shared_battery_mode_node_level_v1,SI-Drahi_10-d1-HET-ULO-BHI-72f1b1f90c,TK-PB-Drahi_10-d1-HET-ULO-d8d80a9180-r1,SS-5d5bbea46d20,1,2,lex_phase_2,OPTIMAL,FEASIBLE_POINT,59113.67541286051,59113.67541286051,0,163998,163998,251383,716375,5124,0,5124,25620,5124,256,0,0,NaN,0,NaN,0.0,1.0000000002328306,
1,3,TWO_STAGE_RH,LEXMMFSA,shared_battery_mode_node_level_v1,SI-Drahi_10-d1-HET-ULO-BHI-72f1b1f90c,TK-PB-Drahi_10-d1-HET-ULO-d8d80a9180-r1,SS-5d5bbea46d20,1,3,lex_phase_3,OPTIMAL,FEASIBLE_POINT,88670.51311929076,88670.51311929076,0,163998,163998,251384,716381,5124,0,5124,25620,5124,256,0,0,NaN,0,NaN,0.0,1.0000000002328306,
1,3,TWO_STAGE_RH,LEXMMFSA,shared_battery_mode_node_level_v1,SI-Drahi_10-d1-HET-ULO-BHI-72f1b1f90c,TK-PB-Drahi_10-d1-HET-ULO-d8d80a9180-r1,SS-5d5bbea46d20,1,4,lex_phase_4,OPTIMAL,FEASIBLE_POINT,118227.35082572102,118227.35082572102,0,163998,163998,251385,716387,5124,0,5124,25620,5124,256,0,0,NaN,0,NaN,0.0,1.0000000002328306,
1,3,TWO_STAGE_RH,LEXMMFSA,shared_battery_mode_node_level_v1,SI-Drahi_10-d1-HET-ULO-BHI-72f1b1f90c,TK-PB-Drahi_10-d1-HET-ULO-d8d80a9180-r1,SS-5d5bbea46d20,1,5,lex_phase_5,OPTIMAL,FEASIBLE_POINT,147801.5195321418,147801.5195321418,0,163998,163998,251386,716393,5124,0,5124,25620,5124,256,0,0,NaN,0,NaN,0.0,1.0000000002328306,
1,3,TWO_STAGE_RH,LEXMMFSA,shared_battery_mode_node_level_v1,SI-Drahi_10-d1-HET-ULO-BHI-72f1b1f90c,TK-PB-Drahi_10-d1-HET-ULO-d8d80a9180-r1,SS-5d5bbea46d20,1,6,economic_tie_break,OPTIMAL,FEASIBLE_POINT,641624.4630549191,641624.4630549191,0,163998,163998,251387,716399,5124,0,5124,25620,5124,256,0,0,NaN,0,NaN,0.0,1.0000000002328306,
1,4,TWO_STAGE_RH,LEXMMFSA,shared_battery_mode_node_level_v1,SI-Drahi_10-d1-HET-ULO-BHI-72f1b1f90c,TK-PB-Drahi_10-d1-HET-ULO-d8d80a9180-r1,SS-5d5bbea46d20,1,1,lex_phase_1,OPTIMAL,FEASIBLE_POINT,29556.837706430437,29556.837706430437,0,163998,163998,251382,716369,5124,0,5124,25620,5124,256,0,0,NaN,0,NaN,0.0,1.0000000002328306,
1,4,TWO_STAGE_RH,LEXMMFSA,shared_battery_mode_node_level_v1,SI-Drahi_10-d1-HET-ULO-BHI-72f1b1f90c,TK-PB-Drahi_10-d1-HET-ULO-d8d80a9180-r1,SS-5d5bbea46d20,1,2,lex_phase_2,OPTIMAL,FEASIBLE_POINT,59113.67541286051,59113.67541286051,0,163998,163998,251383,716375,5124,0,5124,25620,5124,256,0,0,NaN,0,NaN,0.0,1.0000000002328306,
1,4,TWO_STAGE_RH,LEXMMFSA,shared_battery_mode_node_level_v1,SI-Drahi_10-d1-HET-ULO-BHI-72f1b1f90c,TK-PB-Drahi_10-d1-HET-ULO-d8d80a9180-r1,SS-5d5bbea46d20,1,3,lex_phase_3,OPTIMAL,FEASIBLE_POINT,88670.51311929076,88670.51311929076,0,163998,163998,251384,716381,5124,0,5124,25620,5124,256,0,0,NaN,0,NaN,0.0,1.0000000002328306,
1,4,TWO_STAGE_RH,LEXMMFSA,shared_battery_mode_node_level_v1,SI-Drahi_10-d1-HET-ULO-BHI-72f1b1f90c,TK-PB-Drahi_10-d1-HET-ULO-d8d80a9180-r1,SS-5d5bbea46d20,1,4,lex_phase_4,OPTIMAL,FEASIBLE_POINT,118227.35082572102,118227.35082572102,0,163998,163998,251385,716387,5124,0,5124,25620,5124,256,0,0,NaN,0,NaN,0.0,1.0000000002328306,
1,4,TWO_STAGE_RH,LEXMMFSA,shared_battery_mode_node_level_v1,SI-Drahi_10-d1-HET-ULO-BHI-72f1b1f90c,TK-PB-Drahi_10-d1-HET-ULO-d8d80a9180-r1,SS-5d5bbea46d20,1,5,lex_phase_5,OPTIMAL,FEASIBLE_POINT,147801.5195321418,147801.5195321418,0,163998,163998,251386,716393,5124,0,5124,25620,5124,256,0,0,NaN,0,NaN,0.0,1.0000000002328306,
1,4,TWO_STAGE_RH,LEXMMFSA,shared_battery_mode_node_level_v1,SI-Drahi_10-d1-HET-ULO-BHI-72f1b1f90c,TK-PB-Drahi_10-d1-HET-ULO-d8d80a9180-r1,SS-5d5bbea46d20,1,6,economic_tie_break,OPTIMAL,FEASIBLE_POINT,641624.4630549191,641624.4630549191,0,163998,163998,251387,716399,5124,0,5124,25620,5124,256,0,0,NaN,0,NaN,0.0,1.0000000002328306,
1,5,TWO_STAGE_RH,LEXMMFSA,shared_battery_mode_node_level_v1,SI-Drahi_10-d1-HET-ULO-BHI-72f1b1f90c,TK-PB-Drahi_10-d1-HET-ULO-d8d80a9180-r1,SS-102adc95e052,5,1,lex_phase_1,OPTIMAL,FEASIBLE_POINT,30222.800959018445,30222.800959018445,0,163998,163998,251382,711269,5124,0,5124,25620,5124,256,0,0,NaN,0,NaN,0.0,0.9999999992287485,
1,5,TWO_STAGE_RH,LEXMMFSA,shared_battery_mode_node_level_v1,SI-Drahi_10-d1-HET-ULO-BHI-72f1b1f90c,TK-PB-Drahi_10-d1-HET-ULO-d8d80a9180-r1,SS-102adc95e052,5,2,lex_phase_2,OPTIMAL,FEASIBLE_POINT,60445.601918034066,60445.601918034066,0,163998,163998,251383,711275,5124,0,5124,25620,5124,256,0,0,NaN,0,NaN,0.0,0.9999999992287485,
1,5,TWO_STAGE_RH,LEXMMFSA,shared_battery_mode_node_level_v1,SI-Drahi_10-d1-HET-ULO-BHI-72f1b1f90c,TK-PB-Drahi_10-d1-HET-ULO-d8d80a9180-r1,SS-102adc95e052,5,3,lex_phase_3,OPTIMAL,FEASIBLE_POINT,90673.18187146167,90673.18187146167,0,163998,163998,251384,711281,5124,0,5124,25620,5124,256,0,0,NaN,0,NaN,0.0,0.9999999992287485,
1,5,TWO_STAGE_RH,LEXMMFSA,shared_battery_mode_node_level_v1,SI-Drahi_10-d1-HET-ULO-BHI-72f1b1f90c,TK-PB-Drahi_10-d1-HET-ULO-d8d80a9180-r1,SS-102adc95e052,5,4,lex_phase_4,OPTIMAL,FEASIBLE_POINT,120901.76182488423,120901.76182488423,0,163998,163998,251385,711287,5124,0,5124,25620,5124,256,0,0,NaN,0,NaN,0.0,0.9999999992287485,
1,5,TWO_STAGE_RH,LEXMMFSA,shared_battery_mode_node_level_v1,SI-Drahi_10-d1-HET-ULO-BHI-72f1b1f90c,TK-PB-Drahi_10-d1-HET-ULO-d8d80a9180-r1,SS-102adc95e052,5,5,lex_phase_5,OPTIMAL,FEASIBLE_POINT,151130.4139376432,151130.4139376432,0,163998,163998,251386,711293,5124,0,5124,25620,5124,256,0,0,NaN,0,NaN,0.0,0.9999999992287485,
1,5,TWO_STAGE_RH,LEXMMFSA,shared_battery_mode_node_level_v1,SI-Drahi_10-d1-HET-ULO-BHI-72f1b1f90c,TK-PB-Drahi_10-d1-HET-ULO-d8d80a9180-r1,SS-102adc95e052,5,6,economic_tie_break,OPTIMAL,FEASIBLE_POINT,624103.4333877936,624103.4333877936,0,163998,163998,251387,711299,5124,0,5124,25620,5124,256,0,0,NaN,0,NaN,0.0,0.9999999992287485,
1,6,TWO_STAGE_RH,LEXMMFSA,shared_battery_mode_node_level_v1,SI-Drahi_10-d1-HET-ULO-BHI-72f1b1f90c,TK-PB-Drahi_10-d1-HET-ULO-d8d80a9180-r1,SS-102adc95e052,5,1,lex_phase_1,OPTIMAL,FEASIBLE_POINT,30222.800959018445,30222.800959018445,0,163998,163998,251382,711269,5124,0,5124,25620,5124,256,0,0,NaN,0,NaN,0.0,0.9999999992287485,
1,6,TWO_STAGE_RH,LEXMMFSA,shared_battery_mode_node_level_v1,SI-Drahi_10-d1-HET-ULO-BHI-72f1b1f90c,TK-PB-Drahi_10-d1-HET-ULO-d8d80a9180-r1,SS-102adc95e052,5,2,lex_phase_2,OPTIMAL,FEASIBLE_POINT,60445.601918034066,60445.601918034066,0,163998,163998,251383,711275,5124,0,5124,25620,5124,256,0,0,NaN,0,NaN,0.0,0.9999999992287485,
1,6,TWO_STAGE_RH,LEXMMFSA,shared_battery_mode_node_level_v1,SI-Drahi_10-d1-HET-ULO-BHI-72f1b1f90c,TK-PB-Drahi_10-d1-HET-ULO-d8d80a9180-r1,SS-102adc95e052,5,3,lex_phase_3,OPTIMAL,FEASIBLE_POINT,90673.18187146167,90673.18187146167,0,163998,163998,251384,711281,5124,0,5124,25620,5124,256,0,0,NaN,0,NaN,0.0,0.9999999992287485,
1,6,TWO_STAGE_RH,LEXMMFSA,shared_battery_mode_node_level_v1,SI-Drahi_10-d1-HET-ULO-BHI-72f1b1f90c,TK-PB-Drahi_10-d1-HET-ULO-d8d80a9180-r1,SS-102adc95e052,5,4,lex_phase_4,OPTIMAL,FEASIBLE_POINT,120901.76182488423,120901.76182488423,0,163998,163998,251385,711287,5124,0,5124,25620,5124,256,0,0,NaN,0,NaN,0.0,0.9999999992287485,
1,6,TWO_STAGE_RH,LEXMMFSA,shared_battery_mode_node_level_v1,SI-Drahi_10-d1-HET-ULO-BHI-72f1b1f90c,TK-PB-Drahi_10-d1-HET-ULO-d8d80a9180-r1,SS-102adc95e052,5,5,lex_phase_5,OPTIMAL,FEASIBLE_POINT,151130.4139376432,151130.4139376432,0,163998,163998,251386,711293,5124,0,5124,25620,5124,256,0,0,NaN,0,NaN,0.0,0.9999999992287485,
1,6,TWO_STAGE_RH,LEXMMFSA,shared_battery_mode_node_level_v1,SI-Drahi_10-d1-HET-ULO-BHI-72f1b1f90c,TK-PB-Drahi_10-d1-HET-ULO-d8d80a9180-r1,SS-102adc95e052,5,6,economic_tie_break,OPTIMAL,FEASIBLE_POINT,624103.4333877936,624103.4333877936,0,163998,163998,251387,711299,5124,0,5124,25620,5124,256,0,0,NaN,0,NaN,0.0,0.9999999992287485,
1,7,TWO_STAGE_RH,LEXMMFSA,shared_battery_mode_node_level_v1,SI-Drahi_10-d1-HET-ULO-BHI-72f1b1f90c,TK-PB-Drahi_10-d1-HET-ULO-d8d80a9180-r1,SS-102adc95e052,5,1,lex_phase_1,OPTIMAL,FEASIBLE_POINT,30222.800959018445,30222.800959018445,0,163998,163998,251382,711269,5124,0,5124,25620,5124,256,0,0,NaN,0,NaN,0.17081508023037184,0.9999999992287485,
1,7,TWO_STAGE_RH,LEXMMFSA,shared_battery_mode_node_level_v1,SI-Drahi_10-d1-HET-ULO-BHI-72f1b1f90c,TK-PB-Drahi_10-d1-HET-ULO-d8d80a9180-r1,SS-102adc95e052,5,2,lex_phase_2,OPTIMAL,FEASIBLE_POINT,60445.601918034066,60445.601918034066,0,163998,163998,251383,711275,5124,0,5124,25620,5124,256,0,0,NaN,0,NaN,0.17081508023037184,0.9999999992287485,
1,7,TWO_STAGE_RH,LEXMMFSA,shared_battery_mode_node_level_v1,SI-Drahi_10-d1-HET-ULO-BHI-72f1b1f90c,TK-PB-Drahi_10-d1-HET-ULO-d8d80a9180-r1,SS-102adc95e052,5,3,lex_phase_3,OPTIMAL,FEASIBLE_POINT,90673.18187146167,90673.18187146167,0,163998,163998,251384,711281,5124,0,5124,25620,5124,256,0,0,NaN,0,NaN,0.17081508023037184,0.9999999992287485,
1,7,TWO_STAGE_RH,LEXMMFSA,shared_battery_mode_node_level_v1,SI-Drahi_10-d1-HET-ULO-BHI-72f1b1f90c,TK-PB-Drahi_10-d1-HET-ULO-d8d80a9180-r1,SS-102adc95e052,5,4,lex_phase_4,OPTIMAL,FEASIBLE_POINT,120901.76182488423,120901.76182488423,0,163998,163998,251385,711287,5124,0,5124,25620,5124,256,0,0,NaN,0,NaN,0.17081508023037184,0.9999999992287485,
1,7,TWO_STAGE_RH,LEXMMFSA,shared_battery_mode_node_level_v1,SI-Drahi_10-d1-HET-ULO-BHI-72f1b1f90c,TK-PB-Drahi_10-d1-HET-ULO-d8d80a9180-r1,SS-102adc95e052,5,5,lex_phase_5,OPTIMAL,FEASIBLE_POINT,151130.4139376432,151130.4139376432,0,163998,163998,251386,711293,5124,0,5124,25620,5124,256,0,0,NaN,0,NaN,0.17081508023037184,0.9999999992287485,
1,7,TWO_STAGE_RH,LEXMMFSA,shared_battery_mode_node_level_v1,SI-Drahi_10-d1-HET-ULO-BHI-72f1b1f90c,TK-PB-Drahi_10-d1-HET-ULO-d8d80a9180-r1,SS-102adc95e052,5,6,economic_tie_break,OPTIMAL,FEASIBLE_POINT,624103.4333877936,624103.4333877936,0,163998,163998,251387,711299,5124,0,5124,25620,5124,256,0,0,NaN,0,NaN,0.17081508023037184,0.9999999992287485,
1,8,TWO_STAGE_RH,LEXMMFSA,shared_battery_mode_node_level_v1,SI-Drahi_10-d1-HET-ULO-BHI-72f1b1f90c,TK-PB-Drahi_10-d1-HET-ULO-d8d80a9180-r1,SS-102adc95e052,5,1,lex_phase_1,OPTIMAL,FEASIBLE_POINT,30222.800959018445,30222.800959018445,0,163998,163998,251382,711269,5124,0,5124,25620,5124,256,0,0,NaN,0,NaN,7.105427357601002e-15,0.9999999992287485,
1,8,TWO_STAGE_RH,LEXMMFSA,shared_battery_mode_node_level_v1,SI-Drahi_10-d1-HET-ULO-BHI-72f1b1f90c,TK-PB-Drahi_10-d1-HET-ULO-d8d80a9180-r1,SS-102adc95e052,5,2,lex_phase_2,OPTIMAL,FEASIBLE_POINT,60445.601918034066,60445.601918034066,0,163998,163998,251383,711275,5124,0,5124,25620,5124,256,0,0,NaN,0,NaN,7.105427357601002e-15,0.9999999992287485,
1,8,TWO_STAGE_RH,LEXMMFSA,shared_battery_mode_node_level_v1,SI-Drahi_10-d1-HET-ULO-BHI-72f1b1f90c,TK-PB-Drahi_10-d1-HET-ULO-d8d80a9180-r1,SS-102adc95e052,5,3,lex_phase_3,OPTIMAL,FEASIBLE_POINT,90673.18187146167,90673.18187146167,0,163998,163998,251384,711281,5124,0,5124,25620,5124,256,0,0,NaN,0,NaN,7.105427357601002e-15,0.9999999992287485,
1,8,TWO_STAGE_RH,LEXMMFSA,shared_battery_mode_node_level_v1,SI-Drahi_10-d1-HET-ULO-BHI-72f1b1f90c,TK-PB-Drahi_10-d1-HET-ULO-d8d80a9180-r1,SS-102adc95e052,5,4,lex_phase_4,OPTIMAL,FEASIBLE_POINT,120901.76182488423,120901.76182488423,0,163998,163998,251385,711287,5124,0,5124,25620,5124,256,0,0,NaN,0,NaN,7.105427357601002e-15,0.9999999992287485,
1,8,TWO_STAGE_RH,LEXMMFSA,shared_battery_mode_node_level_v1,SI-Drahi_10-d1-HET-ULO-BHI-72f1b1f90c,TK-PB-Drahi_10-d1-HET-ULO-d8d80a9180-r1,SS-102adc95e052,5,5,lex_phase_5,OPTIMAL,FEASIBLE_POINT,151130.4139376432,151130.4139376432,0,163998,163998,251386,711293,5124,0,5124,25620,5124,256,0,0,NaN,0,NaN,7.105427357601002e-15,0.9999999992287485,
1,8,TWO_STAGE_RH,LEXMMFSA,shared_battery_mode_node_level_v1,SI-Drahi_10-d1-HET-ULO-BHI-72f1b1f90c,TK-PB-Drahi_10-d1-HET-ULO-d8d80a9180-r1,SS-102adc95e052,5,6,economic_tie_break,OPTIMAL,FEASIBLE_POINT,624103.4333877936,624103.4333877936,0,163998,163998,251387,711299,5124,0,5124,25620,5124,256,0,0,NaN,0,NaN,7.105427357601002e-15,0.9999999992287485,
1,9,TWO_STAGE_RH,LEXMMFSA,shared_battery_mode_node_level_v1,SI-Drahi_10-d1-HET-ULO-BHI-72f1b1f90c,TK-PB-Drahi_10-d1-HET-ULO-d8d80a9180-r1,SS-19da242d4543,9,1,lex_phase_1,OPTIMAL,FEASIBLE_POINT,34049.91126132922,34049.91126132922,0,163998,163998,251382,711269,5124,0,5124,25620,5124,256,0,0,NaN,0,NaN,0.0,1.0000000006330083,
1,9,TWO_STAGE_RH,LEXMMFSA,shared_battery_mode_node_level_v1,SI-Drahi_10-d1-HET-ULO-BHI-72f1b1f90c,TK-PB-Drahi_10-d1-HET-ULO-d8d80a9180-r1,SS-19da242d4543,9,2,lex_phase_2,OPTIMAL,FEASIBLE_POINT,68099.82252265554,68099.82252265554,0,163998,163998,251383,711275,5124,0,5124,25620,5124,256,0,0,NaN,0,NaN,0.0,1.0000000006330083,
1,9,TWO_STAGE_RH,LEXMMFSA,shared_battery_mode_node_level_v1,SI-Drahi_10-d1-HET-ULO-BHI-72f1b1f90c,TK-PB-Drahi_10-d1-HET-ULO-d8d80a9180-r1,SS-19da242d4543,9,3,lex_phase_3,OPTIMAL,FEASIBLE_POINT,102154.93411732439,102154.93411732439,0,163998,163998,251384,711281,5124,0,5124,25620,5124,256,0,0,NaN,0,NaN,0.0,1.0000000006330083,
1,9,TWO_STAGE_RH,LEXMMFSA,shared_battery_mode_node_level_v1,SI-Drahi_10-d1-HET-ULO-BHI-72f1b1f90c,TK-PB-Drahi_10-d1-HET-ULO-d8d80a9180-r1,SS-19da242d4543,9,4,lex_phase_4,OPTIMAL,FEASIBLE_POINT,136211.04571199958,136211.04571199958,0,163998,163998,251385,711287,5124,0,5124,25620,5124,256,0,0,NaN,0,NaN,0.0,1.0000000006330083,
1,9,TWO_STAGE_RH,LEXMMFSA,shared_battery_mode_node_level_v1,SI-Drahi_10-d1-HET-ULO-BHI-72f1b1f90c,TK-PB-Drahi_10-d1-HET-ULO-d8d80a9180-r1,SS-19da242d4543,9,5,lex_phase_5,OPTIMAL,FEASIBLE_POINT,170267.15730666742,170267.15730666742,0,163998,163998,251386,711293,5124,0,5124,25620,5124,256,0,0,NaN,0,NaN,0.0,1.0000000006330083,
1,9,TWO_STAGE_RH,LEXMMFSA,shared_battery_mode_node_level_v1,SI-Drahi_10-d1-HET-ULO-BHI-72f1b1f90c,TK-PB-Drahi_10-d1-HET-ULO-d8d80a9180-r1,SS-19da242d4543,9,6,economic_tie_break,OPTIMAL,FEASIBLE_POINT,668034.746993863,668034.746993863,0,163998,163998,251387,711299,5124,0,5124,25620,5124,256,0,0,NaN,0,NaN,0.0,1.0000000006330083,
1,10,TWO_STAGE_RH,LEXMMFSA,shared_battery_mode_node_level_v1,SI-Drahi_10-d1-HET-ULO-BHI-72f1b1f90c,TK-PB-Drahi_10-d1-HET-ULO-d8d80a9180-r1,SS-19da242d4543,9,1,lex_phase_1,OPTIMAL,FEASIBLE_POINT,34049.91126132922,34049.91126132922,0,163998,163998,251382,711269,5124,0,5124,25620,5124,256,0,0,NaN,0,NaN,0.0,1.0000000006330083,
1,10,TWO_STAGE_RH,LEXMMFSA,shared_battery_mode_node_level_v1,SI-Drahi_10-d1-HET-ULO-BHI-72f1b1f90c,TK-PB-Drahi_10-d1-HET-ULO-d8d80a9180-r1,SS-19da242d4543,9,2,lex_phase_2,OPTIMAL,FEASIBLE_POINT,68099.82252265554,68099.82252265554,0,163998,163998,251383,711275,5124,0,5124,25620,5124,256,0,0,NaN,0,NaN,0.0,1.0000000006330083,
1,10,TWO_STAGE_RH,LEXMMFSA,shared_battery_mode_node_level_v1,SI-Drahi_10-d1-HET-ULO-BHI-72f1b1f90c,TK-PB-Drahi_10-d1-HET-ULO-d8d80a9180-r1,SS-19da242d4543,9,3,lex_phase_3,OPTIMAL,FEASIBLE_POINT,102154.93411732439,102154.93411732439,0,163998,163998,251384,711281,5124,0,5124,25620,5124,256,0,0,NaN,0,NaN,0.0,1.0000000006330083,
1,10,TWO_STAGE_RH,LEXMMFSA,shared_battery_mode_node_level_v1,SI-Drahi_10-d1-HET-ULO-BHI-72f1b1f90c,TK-PB-Drahi_10-d1-HET-ULO-d8d80a9180-r1,SS-19da242d4543,9,4,lex_phase_4,OPTIMAL,FEASIBLE_POINT,136211.04571199958,136211.04571199958,0,163998,163998,251385,711287,5124,0,5124,25620,5124,256,0,0,NaN,0,NaN,0.0,1.0000000006330083,
1,10,TWO_STAGE_RH,LEXMMFSA,shared_battery_mode_node_level_v1,SI-Drahi_10-d1-HET-ULO-BHI-72f1b1f90c,TK-PB-Drahi_10-d1-HET-ULO-d8d80a9180-r1,SS-19da242d4543,9,5,lex_phase_5,OPTIMAL,FEASIBLE_POINT,170267.15730666742,170267.15730666742,0,163998,163998,251386,711293,5124,0,5124,25620,5124,256,0,0,NaN,0,NaN,0.0,1.0000000006330083,
1,10,TWO_STAGE_RH,LEXMMFSA,shared_battery_mode_node_level_v1,SI-Drahi_10-d1-HET-ULO-BHI-72f1b1f90c,TK-PB-Drahi_10-d1-HET-ULO-d8d80a9180-r1,SS-19da242d4543,9,6,economic_tie_break,OPTIMAL,FEASIBLE_POINT,668034.746993863,668034.746993863,0,163998,163998,251387,711299,5124,0,5124,25620,5124,256,0,0,NaN,0,NaN,0.0,1.0000000006330083,
1,11,TWO_STAGE_RH,LEXMMFSA,shared_battery_mode_node_level_v1,SI-Drahi_10-d1-HET-ULO-BHI-72f1b1f90c,TK-PB-Drahi_10-d1-HET-ULO-d8d80a9180-r1,SS-19da242d4543,9,1,lex_phase_1,OPTIMAL,FEASIBLE_POINT,34049.91126132922,34049.91126132922,0,163998,163998,251382,711269,5124,0,5124,25620,5124,256,0,0,NaN,0,NaN,0.0,1.0000000006330083,
1,11,TWO_STAGE_RH,LEXMMFSA,shared_battery_mode_node_level_v1,SI-Drahi_10-d1-HET-ULO-BHI-72f1b1f90c,TK-PB-Drahi_10-d1-HET-ULO-d8d80a9180-r1,SS-19da242d4543,9,2,lex_phase_2,OPTIMAL,FEASIBLE_POINT,68099.82252265554,68099.82252265554,0,163998,163998,251383,711275,5124,0,5124,25620,5124,256,0,0,NaN,0,NaN,0.0,1.0000000006330083,
1,11,TWO_STAGE_RH,LEXMMFSA,shared_battery_mode_node_level_v1,SI-Drahi_10-d1-HET-ULO-BHI-72f1b1f90c,TK-PB-Drahi_10-d1-HET-ULO-d8d80a9180-r1,SS-19da242d4543,9,3,lex_phase_3,OPTIMAL,FEASIBLE_POINT,102154.93411732439,102154.93411732439,0,163998,163998,251384,711281,5124,0,5124,25620,5124,256,0,0,NaN,0,NaN,0.0,1.0000000006330083,
1,11,TWO_STAGE_RH,LEXMMFSA,shared_battery_mode_node_level_v1,SI-Drahi_10-d1-HET-ULO-BHI-72f1b1f90c,TK-PB-Drahi_10-d1-HET-ULO-d8d80a9180-r1,SS-19da242d4543,9,4,lex_phase_4,OPTIMAL,FEASIBLE_POINT,136211.04571199958,136211.04571199958,0,163998,163998,251385,711287,5124,0,5124,25620,5124,256,0,0,NaN,0,NaN,0.0,1.0000000006330083,
1,11,TWO_STAGE_RH,LEXMMFSA,shared_battery_mode_node_level_v1,SI-Drahi_10-d1-HET-ULO-BHI-72f1b1f90c,TK-PB-Drahi_10-d1-HET-ULO-d8d80a9180-r1,SS-19da242d4543,9,5,lex_phase_5,OPTIMAL,FEASIBLE_POINT,170267.15730666742,170267.15730666742,0,163998,163998,251386,711293,5124,0,5124,25620,5124,256,0,0,NaN,0,NaN,0.0,1.0000000006330083,
1,11,TWO_STAGE_RH,LEXMMFSA,shared_battery_mode_node_level_v1,SI-Drahi_10-d1-HET-ULO-BHI-72f1b1f90c,TK-PB-Drahi_10-d1-HET-ULO-d8d80a9180-r1,SS-19da242d4543,9,6,economic_tie_break,OPTIMAL,FEASIBLE_POINT,668034.746993863,668034.746993863,0,163998,163998,251387,711299,5124,0,5124,25620,5124,256,0,0,NaN,0,NaN,0.0,1.0000000006330083,
1,12,TWO_STAGE_RH,LEXMMFSA,shared_battery_mode_node_level_v1,SI-Drahi_10-d1-HET-ULO-BHI-72f1b1f90c,TK-PB-Drahi_10-d1-HET-ULO-d8d80a9180-r1,SS-19da242d4543,9,1,lex_phase_1,OPTIMAL,FEASIBLE_POINT,34049.91126132922,34049.91126132922,0,163998,163998,251382,711269,5124,0,5124,25620,5124,256,0,0,NaN,0,NaN,1.4210854715202004e-14,1.0000000006330083,
1,12,TWO_STAGE_RH,LEXMMFSA,shared_battery_mode_node_level_v1,SI-Drahi_10-d1-HET-ULO-BHI-72f1b1f90c,TK-PB-Drahi_10-d1-HET-ULO-d8d80a9180-r1,SS-19da242d4543,9,2,lex_phase_2,OPTIMAL,FEASIBLE_POINT,68099.82252265554,68099.82252265554,0,163998,163998,251383,711275,5124,0,5124,25620,5124,256,0,0,NaN,0,NaN,1.4210854715202004e-14,1.0000000006330083,
1,12,TWO_STAGE_RH,LEXMMFSA,shared_battery_mode_node_level_v1,SI-Drahi_10-d1-HET-ULO-BHI-72f1b1f90c,TK-PB-Drahi_10-d1-HET-ULO-d8d80a9180-r1,SS-19da242d4543,9,3,lex_phase_3,OPTIMAL,FEASIBLE_POINT,102154.93411732439,102154.93411732439,0,163998,163998,251384,711281,5124,0,5124,25620,5124,256,0,0,NaN,0,NaN,1.4210854715202004e-14,1.0000000006330083,
1,12,TWO_STAGE_RH,LEXMMFSA,shared_battery_mode_node_level_v1,SI-Drahi_10-d1-HET-ULO-BHI-72f1b1f90c,TK-PB-Drahi_10-d1-HET-ULO-d8d80a9180-r1,SS-19da242d4543,9,4,lex_phase_4,OPTIMAL,FEASIBLE_POINT,136211.04571199958,136211.04571199958,0,163998,163998,251385,711287,5124,0,5124,25620,5124,256,0,0,NaN,0,NaN,1.4210854715202004e-14,1.0000000006330083,
1,12,TWO_STAGE_RH,LEXMMFSA,shared_battery_mode_node_level_v1,SI-Drahi_10-d1-HET-ULO-BHI-72f1b1f90c,TK-PB-Drahi_10-d1-HET-ULO-d8d80a9180-r1,SS-19da242d4543,9,5,lex_phase_5,OPTIMAL,FEASIBLE_POINT,170267.15730666742,170267.15730666742,0,163998,163998,251386,711293,5124,0,5124,25620,5124,256,0,0,NaN,0,NaN,1.4210854715202004e-14,1.0000000006330083,
1,12,TWO_STAGE_RH,LEXMMFSA,shared_battery_mode_node_level_v1,SI-Drahi_10-d1-HET-ULO-BHI-72f1b1f90c,TK-PB-Drahi_10-d1-HET-ULO-d8d80a9180-r1,SS-19da242d4543,9,6,economic_tie_break,OPTIMAL,FEASIBLE_POINT,668034.746993863,668034.746993863,0,163998,163998,251387,711299,5124,0,5124,25620,5124,256,0,0,NaN,0,NaN,1.4210854715202004e-14,1.0000000006330083,
1,13,TWO_STAGE_RH,LEXMMFSA,shared_battery_mode_node_level_v1,SI-Drahi_10-d1-HET-ULO-BHI-72f1b1f90c,TK-PB-Drahi_10-d1-HET-ULO-d8d80a9180-r1,SS-354317d12b7f,13,1,lex_phase_1,OPTIMAL,FEASIBLE_POINT,35285.56650483186,35285.56650483186,0,163998,163998,251382,711269,5124,0,5124,25620,5124,256,0,0,NaN,0,NaN,0.0,1.000000000014552,
1,13,TWO_STAGE_RH,LEXMMFSA,shared_battery_mode_node_level_v1,SI-Drahi_10-d1-HET-ULO-BHI-72f1b1f90c,TK-PB-Drahi_10-d1-HET-ULO-d8d80a9180-r1,SS-354317d12b7f,13,2,lex_phase_2,OPTIMAL,FEASIBLE_POINT,70571.13300966009,70571.13300966009,0,163998,163998,251383,711275,5124,0,5124,25620,5124,256,0,0,NaN,0,NaN,0.0,1.000000000014552,
1,13,TWO_STAGE_RH,LEXMMFSA,shared_battery_mode_node_level_v1,SI-Drahi_10-d1-HET-ULO-BHI-72f1b1f90c,TK-PB-Drahi_10-d1-HET-ULO-d8d80a9180-r1,SS-354317d12b7f,13,3,lex_phase_3,OPTIMAL,FEASIBLE_POINT,105862.08651450457,105862.08651450457,0,163998,163998,251384,711281,5124,0,5124,25620,5124,256,0,0,NaN,0,NaN,0.0,1.000000000014552,
1,13,TWO_STAGE_RH,LEXMMFSA,shared_battery_mode_node_level_v1,SI-Drahi_10-d1-HET-ULO-BHI-72f1b1f90c,TK-PB-Drahi_10-d1-HET-ULO-d8d80a9180-r1,SS-354317d12b7f,13,4,lex_phase_4,OPTIMAL,FEASIBLE_POINT,141154.04001934544,141154.04001934544,0,163998,163998,251385,711287,5124,0,5124,25620,5124,256,0,0,NaN,0,NaN,0.0,1.000000000014552,
1,13,TWO_STAGE_RH,LEXMMFSA,shared_battery_mode_node_level_v1,SI-Drahi_10-d1-HET-ULO-BHI-72f1b1f90c,TK-PB-Drahi_10-d1-HET-ULO-d8d80a9180-r1,SS-354317d12b7f,13,5,lex_phase_5,OPTIMAL,FEASIBLE_POINT,176445.99352417092,176445.99352417092,0,163998,163998,251386,711293,5124,0,5124,25620,5124,256,0,0,NaN,0,NaN,0.0,1.000000000014552,
1,13,TWO_STAGE_RH,LEXMMFSA,shared_battery_mode_node_level_v1,SI-Drahi_10-d1-HET-ULO-BHI-72f1b1f90c,TK-PB-Drahi_10-d1-HET-ULO-d8d80a9180-r1,SS-354317d12b7f,13,6,economic_tie_break,OPTIMAL,FEASIBLE_POINT,666913.0153347376,666913.0153347376,0,163998,163998,251387,711299,5124,0,5124,25620,5124,256,0,0,NaN,0,NaN,0.0,1.000000000014552,
1,14,TWO_STAGE_RH,LEXMMFSA,shared_battery_mode_node_level_v1,SI-Drahi_10-d1-HET-ULO-BHI-72f1b1f90c,TK-PB-Drahi_10-d1-HET-ULO-d8d80a9180-r1,SS-354317d12b7f,13,1,lex_phase_1,OPTIMAL,FEASIBLE_POINT,35285.56650483186,35285.56650483186,0,163998,163998,251382,711269,5124,0,5124,25620,5124,256,0,0,NaN,0,NaN,0.0,1.000000000014552,
1,14,TWO_STAGE_RH,LEXMMFSA,shared_battery_mode_node_level_v1,SI-Drahi_10-d1-HET-ULO-BHI-72f1b1f90c,TK-PB-Drahi_10-d1-HET-ULO-d8d80a9180-r1,SS-354317d12b7f,13,2,lex_phase_2,OPTIMAL,FEASIBLE_POINT,70571.13300966009,70571.13300966009,0,163998,163998,251383,711275,5124,0,5124,25620,5124,256,0,0,NaN,0,NaN,0.0,1.000000000014552,
1,14,TWO_STAGE_RH,LEXMMFSA,shared_battery_mode_node_level_v1,SI-Drahi_10-d1-HET-ULO-BHI-72f1b1f90c,TK-PB-Drahi_10-d1-HET-ULO-d8d80a9180-r1,SS-354317d12b7f,13,3,lex_phase_3,OPTIMAL,FEASIBLE_POINT,105862.08651450457,105862.08651450457,0,163998,163998,251384,711281,5124,0,5124,25620,5124,256,0,0,NaN,0,NaN,0.0,1.000000000014552,
1,14,TWO_STAGE_RH,LEXMMFSA,shared_battery_mode_node_level_v1,SI-Drahi_10-d1-HET-ULO-BHI-72f1b1f90c,TK-PB-Drahi_10-d1-HET-ULO-d8d80a9180-r1,SS-354317d12b7f,13,4,lex_phase_4,OPTIMAL,FEASIBLE_POINT,141154.04001934544,141154.04001934544,0,163998,163998,251385,711287,5124,0,5124,25620,5124,256,0,0,NaN,0,NaN,0.0,1.000000000014552,
1,14,TWO_STAGE_RH,LEXMMFSA,shared_battery_mode_node_level_v1,SI-Drahi_10-d1-HET-ULO-BHI-72f1b1f90c,TK-PB-Drahi_10-d1-HET-ULO-d8d80a9180-r1,SS-354317d12b7f,13,5,lex_phase_5,OPTIMAL,FEASIBLE_POINT,176445.99352417092,176445.99352417092,0,163998,163998,251386,711293,5124,0,5124,25620,5124,256,0,0,NaN,0,NaN,0.0,1.000000000014552,
1,14,TWO_STAGE_RH,LEXMMFSA,shared_battery_mode_node_level_v1,SI-Drahi_10-d1-HET-ULO-BHI-72f1b1f90c,TK-PB-Drahi_10-d1-HET-ULO-d8d80a9180-r1,SS-354317d12b7f,13,6,economic_tie_break,OPTIMAL,FEASIBLE_POINT,666913.0153347376,666913.0153347376,0,163998,163998,251387,711299,5124,0,5124,25620,5124,256,0,0,NaN,0,NaN,0.0,1.000000000014552,
1,15,TWO_STAGE_RH,LEXMMFSA,shared_battery_mode_node_level_v1,SI-Drahi_10-d1-HET-ULO-BHI-72f1b1f90c,TK-PB-Drahi_10-d1-HET-ULO-d8d80a9180-r1,SS-354317d12b7f,13,1,lex_phase_1,OPTIMAL,FEASIBLE_POINT,35285.56650483186,35285.56650483186,0,163998,163998,251382,711269,5124,0,5124,25620,5124,256,0,0,NaN,0,NaN,0.0,1.000000000014552,
1,15,TWO_STAGE_RH,LEXMMFSA,shared_battery_mode_node_level_v1,SI-Drahi_10-d1-HET-ULO-BHI-72f1b1f90c,TK-PB-Drahi_10-d1-HET-ULO-d8d80a9180-r1,SS-354317d12b7f,13,2,lex_phase_2,OPTIMAL,FEASIBLE_POINT,70571.13300966009,70571.13300966009,0,163998,163998,251383,711275,5124,0,5124,25620,5124,256,0,0,NaN,0,NaN,0.0,1.000000000014552,
1,15,TWO_STAGE_RH,LEXMMFSA,shared_battery_mode_node_level_v1,SI-Drahi_10-d1-HET-ULO-BHI-72f1b1f90c,TK-PB-Drahi_10-d1-HET-ULO-d8d80a9180-r1,SS-354317d12b7f,13,3,lex_phase_3,OPTIMAL,FEASIBLE_POINT,105862.08651450457,105862.08651450457,0,163998,163998,251384,711281,5124,0,5124,25620,5124,256,0,0,NaN,0,NaN,0.0,1.000000000014552,
1,15,TWO_STAGE_RH,LEXMMFSA,shared_battery_mode_node_level_v1,SI-Drahi_10-d1-HET-ULO-BHI-72f1b1f90c,TK-PB-Drahi_10-d1-HET-ULO-d8d80a9180-r1,SS-354317d12b7f,13,4,lex_phase_4,OPTIMAL,FEASIBLE_POINT,141154.04001934544,141154.04001934544,0,163998,163998,251385,711287,5124,0,5124,25620,5124,256,0,0,NaN,0,NaN,0.0,1.000000000014552,
1,15,TWO_STAGE_RH,LEXMMFSA,shared_battery_mode_node_level_v1,SI-Drahi_10-d1-HET-ULO-BHI-72f1b1f90c,TK-PB-Drahi_10-d1-HET-ULO-d8d80a9180-r1,SS-354317d12b7f,13,5,lex_phase_5,OPTIMAL,FEASIBLE_POINT,176445.99352417092,176445.99352417092,0,163998,163998,251386,711293,5124,0,5124,25620,5124,256,0,0,NaN,0,NaN,0.0,1.000000000014552,
1,15,TWO_STAGE_RH,LEXMMFSA,shared_battery_mode_node_level_v1,SI-Drahi_10-d1-HET-ULO-BHI-72f1b1f90c,TK-PB-Drahi_10-d1-HET-ULO-d8d80a9180-r1,SS-354317d12b7f,13,6,economic_tie_break,OPTIMAL,FEASIBLE_POINT,666913.0153347376,666913.0153347376,0,163998,163998,251387,711299,5124,0,5124,25620,5124,256,0,0,NaN,0,NaN,0.0,1.000000000014552,
1,16,TWO_STAGE_RH,LEXMMFSA,shared_battery_mode_node_level_v1,SI-Drahi_10-d1-HET-ULO-BHI-72f1b1f90c,TK-PB-Drahi_10-d1-HET-ULO-d8d80a9180-r1,SS-354317d12b7f,13,1,lex_phase_1,OPTIMAL,FEASIBLE_POINT,35285.56650483186,35285.56650483186,0,163998,163998,251382,711269,5124,0,5124,25620,5124,256,0,0,NaN,0,NaN,0.0,1.000000000014552,
1,16,TWO_STAGE_RH,LEXMMFSA,shared_battery_mode_node_level_v1,SI-Drahi_10-d1-HET-ULO-BHI-72f1b1f90c,TK-PB-Drahi_10-d1-HET-ULO-d8d80a9180-r1,SS-354317d12b7f,13,2,lex_phase_2,OPTIMAL,FEASIBLE_POINT,70571.13300966009,70571.13300966009,0,163998,163998,251383,711275,5124,0,5124,25620,5124,256,0,0,NaN,0,NaN,0.0,1.000000000014552,
1,16,TWO_STAGE_RH,LEXMMFSA,shared_battery_mode_node_level_v1,SI-Drahi_10-d1-HET-ULO-BHI-72f1b1f90c,TK-PB-Drahi_10-d1-HET-ULO-d8d80a9180-r1,SS-354317d12b7f,13,3,lex_phase_3,OPTIMAL,FEASIBLE_POINT,105862.08651450457,105862.08651450457,0,163998,163998,251384,711281,5124,0,5124,25620,5124,256,0,0,NaN,0,NaN,0.0,1.000000000014552,
1,16,TWO_STAGE_RH,LEXMMFSA,shared_battery_mode_node_level_v1,SI-Drahi_10-d1-HET-ULO-BHI-72f1b1f90c,TK-PB-Drahi_10-d1-HET-ULO-d8d80a9180-r1,SS-354317d12b7f,13,4,lex_phase_4,OPTIMAL,FEASIBLE_POINT,141154.04001934544,141154.04001934544,0,163998,163998,251385,711287,5124,0,5124,25620,5124,256,0,0,NaN,0,NaN,0.0,1.000000000014552,
1,16,TWO_STAGE_RH,LEXMMFSA,shared_battery_mode_node_level_v1,SI-Drahi_10-d1-HET-ULO-BHI-72f1b1f90c,TK-PB-Drahi_10-d1-HET-ULO-d8d80a9180-r1,SS-354317d12b7f,13,5,lex_phase_5,OPTIMAL,FEASIBLE_POINT,176445.99352417092,176445.99352417092,0,163998,163998,251386,711293,5124,0,5124,25620,5124,256,0,0,NaN,0,NaN,0.0,1.000000000014552,
1,16,TWO_STAGE_RH,LEXMMFSA,shared_battery_mode_node_level_v1,SI-Drahi_10-d1-HET-ULO-BHI-72f1b1f90c,TK-PB-Drahi_10-d1-HET-ULO-d8d80a9180-r1,SS-354317d12b7f,13,6,economic_tie_break,OPTIMAL,FEASIBLE_POINT,666913.0153347376,666913.0153347376,0,163998,163998,251387,711299,5124,0,5124,25620,5124,256,0,0,NaN,0,NaN,0.0,1.000000000014552,
1,17,TWO_STAGE_RH,LEXMMFSA,shared_battery_mode_node_level_v1,SI-Drahi_10-d1-HET-ULO-BHI-72f1b1f90c,TK-PB-Drahi_10-d1-HET-ULO-d8d80a9180-r1,SS-c81930d9c8ba,17,1,lex_phase_1,OPTIMAL,FEASIBLE_POINT,37120.552663192124,37120.552663192124,0,163998,163998,251382,712544,5124,0,5124,25620,5124,256,0,0,NaN,0,NaN,15.180026281208935,1.000000001193257,
1,17,TWO_STAGE_RH,LEXMMFSA,shared_battery_mode_node_level_v1,SI-Drahi_10-d1-HET-ULO-BHI-72f1b1f90c,TK-PB-Drahi_10-d1-HET-ULO-d8d80a9180-r1,SS-c81930d9c8ba,17,2,lex_phase_2,OPTIMAL,FEASIBLE_POINT,74241.10532638234,74241.10532638234,0,163998,163998,251383,712550,5124,0,5124,25620,5124,256,0,0,NaN,0,NaN,15.180026281208935,1.000000001193257,
1,17,TWO_STAGE_RH,LEXMMFSA,shared_battery_mode_node_level_v1,SI-Drahi_10-d1-HET-ULO-BHI-72f1b1f90c,TK-PB-Drahi_10-d1-HET-ULO-d8d80a9180-r1,SS-c81930d9c8ba,17,3,lex_phase_3,OPTIMAL,FEASIBLE_POINT,111367.04498957776,111367.04498957776,0,163998,163998,251384,712556,5124,0,5124,25620,5124,256,0,0,NaN,0,NaN,15.180026281208935,1.000000001193257,
1,17,TWO_STAGE_RH,LEXMMFSA,shared_battery_mode_node_level_v1,SI-Drahi_10-d1-HET-ULO-BHI-72f1b1f90c,TK-PB-Drahi_10-d1-HET-ULO-d8d80a9180-r1,SS-c81930d9c8ba,17,4,lex_phase_4,OPTIMAL,FEASIBLE_POINT,148493.9846527658,148493.9846527658,0,163998,163998,251385,712562,5124,0,5124,25620,5124,256,0,0,NaN,0,NaN,15.180026281208935,1.000000001193257,
1,17,TWO_STAGE_RH,LEXMMFSA,shared_battery_mode_node_level_v1,SI-Drahi_10-d1-HET-ULO-BHI-72f1b1f90c,TK-PB-Drahi_10-d1-HET-ULO-d8d80a9180-r1,SS-c81930d9c8ba,17,5,lex_phase_5,OPTIMAL,FEASIBLE_POINT,185620.9243159552,185620.9243159552,0,163998,163998,251386,712568,5124,0,5124,25620,5124,256,0,0,NaN,0,NaN,15.180026281208935,1.000000001193257,
1,17,TWO_STAGE_RH,LEXMMFSA,shared_battery_mode_node_level_v1,SI-Drahi_10-d1-HET-ULO-BHI-72f1b1f90c,TK-PB-Drahi_10-d1-HET-ULO-d8d80a9180-r1,SS-c81930d9c8ba,17,6,economic_tie_break,OPTIMAL,FEASIBLE_POINT,675331.5251568437,675331.5251568437,0,163998,163998,251387,712574,5124,0,5124,25620,5124,256,0,0,NaN,0,NaN,15.180026281208935,1.000000001193257,
1,18,TWO_STAGE_RH,LEXMMFSA,shared_battery_mode_node_level_v1,SI-Drahi_10-d1-HET-ULO-BHI-72f1b1f90c,TK-PB-Drahi_10-d1-HET-ULO-d8d80a9180-r1,SS-c81930d9c8ba,17,1,lex_phase_1,OPTIMAL,FEASIBLE_POINT,37120.552663192124,37120.552663192124,0,163998,163998,251382,712544,5124,0,5124,25620,5124,256,0,0,NaN,0,NaN,0.0,1.000000001193257,
1,18,TWO_STAGE_RH,LEXMMFSA,shared_battery_mode_node_level_v1,SI-Drahi_10-d1-HET-ULO-BHI-72f1b1f90c,TK-PB-Drahi_10-d1-HET-ULO-d8d80a9180-r1,SS-c81930d9c8ba,17,2,lex_phase_2,OPTIMAL,FEASIBLE_POINT,74241.10532638234,74241.10532638234,0,163998,163998,251383,712550,5124,0,5124,25620,5124,256,0,0,NaN,0,NaN,0.0,1.000000001193257,
1,18,TWO_STAGE_RH,LEXMMFSA,shared_battery_mode_node_level_v1,SI-Drahi_10-d1-HET-ULO-BHI-72f1b1f90c,TK-PB-Drahi_10-d1-HET-ULO-d8d80a9180-r1,SS-c81930d9c8ba,17,3,lex_phase_3,OPTIMAL,FEASIBLE_POINT,111367.04498957776,111367.04498957776,0,163998,163998,251384,712556,5124,0,5124,25620,5124,256,0,0,NaN,0,NaN,0.0,1.000000001193257,
1,18,TWO_STAGE_RH,LEXMMFSA,shared_battery_mode_node_level_v1,SI-Drahi_10-d1-HET-ULO-BHI-72f1b1f90c,TK-PB-Drahi_10-d1-HET-ULO-d8d80a9180-r1,SS-c81930d9c8ba,17,4,lex_phase_4,OPTIMAL,FEASIBLE_POINT,148493.9846527658,148493.9846527658,0,163998,163998,251385,712562,5124,0,5124,25620,5124,256,0,0,NaN,0,NaN,0.0,1.000000001193257,
1,18,TWO_STAGE_RH,LEXMMFSA,shared_battery_mode_node_level_v1,SI-Drahi_10-d1-HET-ULO-BHI-72f1b1f90c,TK-PB-Drahi_10-d1-HET-ULO-d8d80a9180-r1,SS-c81930d9c8ba,17,5,lex_phase_5,OPTIMAL,FEASIBLE_POINT,185620.9243159552,185620.9243159552,0,163998,163998,251386,712568,5124,0,5124,25620,5124,256,0,0,NaN,0,NaN,0.0,1.000000001193257,
1,18,TWO_STAGE_RH,LEXMMFSA,shared_battery_mode_node_level_v1,SI-Drahi_10-d1-HET-ULO-BHI-72f1b1f90c,TK-PB-Drahi_10-d1-HET-ULO-d8d80a9180-r1,SS-c81930d9c8ba,17,6,economic_tie_break,OPTIMAL,FEASIBLE_POINT,675331.5251568437,675331.5251568437,0,163998,163998,251387,712574,5124,0,5124,25620,5124,256,0,0,NaN,0,NaN,0.0,1.000000001193257,
1,19,TWO_STAGE_RH,LEXMMFSA,shared_battery_mode_node_level_v1,SI-Drahi_10-d1-HET-ULO-BHI-72f1b1f90c,TK-PB-Drahi_10-d1-HET-ULO-d8d80a9180-r1,SS-c81930d9c8ba,17,1,lex_phase_1,OPTIMAL,FEASIBLE_POINT,37120.552663192124,37120.552663192124,0,163998,163998,251382,712544,5124,0,5124,25620,5124,256,0,0,NaN,0,NaN,0.0,1.000000001193257,
1,19,TWO_STAGE_RH,LEXMMFSA,shared_battery_mode_node_level_v1,SI-Drahi_10-d1-HET-ULO-BHI-72f1b1f90c,TK-PB-Drahi_10-d1-HET-ULO-d8d80a9180-r1,SS-c81930d9c8ba,17,2,lex_phase_2,OPTIMAL,FEASIBLE_POINT,74241.10532638234,74241.10532638234,0,163998,163998,251383,712550,5124,0,5124,25620,5124,256,0,0,NaN,0,NaN,0.0,1.000000001193257,
1,19,TWO_STAGE_RH,LEXMMFSA,shared_battery_mode_node_level_v1,SI-Drahi_10-d1-HET-ULO-BHI-72f1b1f90c,TK-PB-Drahi_10-d1-HET-ULO-d8d80a9180-r1,SS-c81930d9c8ba,17,3,lex_phase_3,OPTIMAL,FEASIBLE_POINT,111367.04498957776,111367.04498957776,0,163998,163998,251384,712556,5124,0,5124,25620,5124,256,0,0,NaN,0,NaN,0.0,1.000000001193257,
1,19,TWO_STAGE_RH,LEXMMFSA,shared_battery_mode_node_level_v1,SI-Drahi_10-d1-HET-ULO-BHI-72f1b1f90c,TK-PB-Drahi_10-d1-HET-ULO-d8d80a9180-r1,SS-c81930d9c8ba,17,4,lex_phase_4,OPTIMAL,FEASIBLE_POINT,148493.9846527658,148493.9846527658,0,163998,163998,251385,712562,5124,0,5124,25620,5124,256,0,0,NaN,0,NaN,0.0,1.000000001193257,
1,19,TWO_STAGE_RH,LEXMMFSA,shared_battery_mode_node_level_v1,SI-Drahi_10-d1-HET-ULO-BHI-72f1b1f90c,TK-PB-Drahi_10-d1-HET-ULO-d8d80a9180-r1,SS-c81930d9c8ba,17,5,lex_phase_5,OPTIMAL,FEASIBLE_POINT,185620.9243159552,185620.9243159552,0,163998,163998,251386,712568,5124,0,5124,25620,5124,256,0,0,NaN,0,NaN,0.0,1.000000001193257,
1,19,TWO_STAGE_RH,LEXMMFSA,shared_battery_mode_node_level_v1,SI-Drahi_10-d1-HET-ULO-BHI-72f1b1f90c,TK-PB-Drahi_10-d1-HET-ULO-d8d80a9180-r1,SS-c81930d9c8ba,17,6,economic_tie_break,OPTIMAL,FEASIBLE_POINT,675331.5251568437,675331.5251568437,0,163998,163998,251387,712574,5124,0,5124,25620,5124,256,0,0,NaN,0,NaN,0.0,1.000000001193257,
1,20,TWO_STAGE_RH,LEXMMFSA,shared_battery_mode_node_level_v1,SI-Drahi_10-d1-HET-ULO-BHI-72f1b1f90c,TK-PB-Drahi_10-d1-HET-ULO-d8d80a9180-r1,SS-c81930d9c8ba,17,1,lex_phase_1,OPTIMAL,FEASIBLE_POINT,37120.552663192124,37120.552663192124,0,163998,163998,251382,712544,5124,0,5124,25620,5124,256,0,0,NaN,0,NaN,1.4210854715202004e-14,1.000000001193257,
1,20,TWO_STAGE_RH,LEXMMFSA,shared_battery_mode_node_level_v1,SI-Drahi_10-d1-HET-ULO-BHI-72f1b1f90c,TK-PB-Drahi_10-d1-HET-ULO-d8d80a9180-r1,SS-c81930d9c8ba,17,2,lex_phase_2,OPTIMAL,FEASIBLE_POINT,74241.10532638234,74241.10532638234,0,163998,163998,251383,712550,5124,0,5124,25620,5124,256,0,0,NaN,0,NaN,1.4210854715202004e-14,1.000000001193257,
1,20,TWO_STAGE_RH,LEXMMFSA,shared_battery_mode_node_level_v1,SI-Drahi_10-d1-HET-ULO-BHI-72f1b1f90c,TK-PB-Drahi_10-d1-HET-ULO-d8d80a9180-r1,SS-c81930d9c8ba,17,3,lex_phase_3,OPTIMAL,FEASIBLE_POINT,111367.04498957776,111367.04498957776,0,163998,163998,251384,712556,5124,0,5124,25620,5124,256,0,0,NaN,0,NaN,1.4210854715202004e-14,1.000000001193257,
1,20,TWO_STAGE_RH,LEXMMFSA,shared_battery_mode_node_level_v1,SI-Drahi_10-d1-HET-ULO-BHI-72f1b1f90c,TK-PB-Drahi_10-d1-HET-ULO-d8d80a9180-r1,SS-c81930d9c8ba,17,4,lex_phase_4,OPTIMAL,FEASIBLE_POINT,148493.9846527658,148493.9846527658,0,163998,163998,251385,712562,5124,0,5124,25620,5124,256,0,0,NaN,0,NaN,1.4210854715202004e-14,1.000000001193257,
1,20,TWO_STAGE_RH,LEXMMFSA,shared_battery_mode_node_level_v1,SI-Drahi_10-d1-HET-ULO-BHI-72f1b1f90c,TK-PB-Drahi_10-d1-HET-ULO-d8d80a9180-r1,SS-c81930d9c8ba,17,5,lex_phase_5,OPTIMAL,FEASIBLE_POINT,185620.9243159552,185620.9243159552,0,163998,163998,251386,712568,5124,0,5124,25620,5124,256,0,0,NaN,0,NaN,1.4210854715202004e-14,1.000000001193257,
1,20,TWO_STAGE_RH,LEXMMFSA,shared_battery_mode_node_level_v1,SI-Drahi_10-d1-HET-ULO-BHI-72f1b1f90c,TK-PB-Drahi_10-d1-HET-ULO-d8d80a9180-r1,SS-c81930d9c8ba,17,6,economic_tie_break,OPTIMAL,FEASIBLE_POINT,675331.5251568437,675331.5251568437,0,163998,163998,251387,712574,5124,0,5124,25620,5124,256,0,0,NaN,0,NaN,1.4210854715202004e-14,1.000000001193257,
1,21,TWO_STAGE_RH,LEXMMFSA,shared_battery_mode_node_level_v1,SI-Drahi_10-d1-HET-ULO-BHI-72f1b1f90c,TK-PB-Drahi_10-d1-HET-ULO-d8d80a9180-r1,SS-3cf9bda45ea4,21,1,lex_phase_1,OPTIMAL,FEASIBLE_POINT,51771.67639208908,51771.67639208908,0,163998,163998,251382,716369,5124,0,5124,25620,5124,256,0,0,NaN,0,NaN,0.0,0.9999999995197868,
1,21,TWO_STAGE_RH,LEXMMFSA,shared_battery_mode_node_level_v1,SI-Drahi_10-d1-HET-ULO-BHI-72f1b1f90c,TK-PB-Drahi_10-d1-HET-ULO-d8d80a9180-r1,SS-3cf9bda45ea4,21,2,lex_phase_2,OPTIMAL,FEASIBLE_POINT,103543.35278417663,103543.35278417663,0,163998,163998,251383,716375,5124,0,5124,25620,5124,256,0,0,NaN,0,NaN,0.0,0.9999999995197868,
1,21,TWO_STAGE_RH,LEXMMFSA,shared_battery_mode_node_level_v1,SI-Drahi_10-d1-HET-ULO-BHI-72f1b1f90c,TK-PB-Drahi_10-d1-HET-ULO-d8d80a9180-r1,SS-3cf9bda45ea4,21,3,lex_phase_3,OPTIMAL,FEASIBLE_POINT,155315.02917626494,155315.02917626494,0,163998,163998,251384,716381,5124,0,5124,25620,5124,256,0,0,NaN,0,NaN,0.0,0.9999999995197868,
1,21,TWO_STAGE_RH,LEXMMFSA,shared_battery_mode_node_level_v1,SI-Drahi_10-d1-HET-ULO-BHI-72f1b1f90c,TK-PB-Drahi_10-d1-HET-ULO-d8d80a9180-r1,SS-3cf9bda45ea4,21,4,lex_phase_4,OPTIMAL,FEASIBLE_POINT,207086.85939081304,207086.85939081304,0,163998,163998,251385,716387,5124,0,5124,25620,5124,256,0,0,NaN,0,NaN,0.0,0.9999999995197868,
1,21,TWO_STAGE_RH,LEXMMFSA,shared_battery_mode_node_level_v1,SI-Drahi_10-d1-HET-ULO-BHI-72f1b1f90c,TK-PB-Drahi_10-d1-HET-ULO-d8d80a9180-r1,SS-3cf9bda45ea4,21,5,lex_phase_5,OPTIMAL,FEASIBLE_POINT,258873.4998870649,258873.4998870649,0,163998,163998,251386,716393,5124,0,5124,25620,5124,256,0,0,NaN,0,NaN,0.0,0.9999999995197868,
1,21,TWO_STAGE_RH,LEXMMFSA,shared_battery_mode_node_level_v1,SI-Drahi_10-d1-HET-ULO-BHI-72f1b1f90c,TK-PB-Drahi_10-d1-HET-ULO-d8d80a9180-r1,SS-3cf9bda45ea4,21,6,economic_tie_break,OPTIMAL,FEASIBLE_POINT,620346.0844652273,620346.0844652273,0,163998,163998,251387,716399,5124,0,5124,25620,5124,256,0,0,NaN,0,NaN,0.0,0.9999999995197868,
1,22,TWO_STAGE_RH,LEXMMFSA,shared_battery_mode_node_level_v1,SI-Drahi_10-d1-HET-ULO-BHI-72f1b1f90c,TK-PB-Drahi_10-d1-HET-ULO-d8d80a9180-r1,SS-3cf9bda45ea4,21,1,lex_phase_1,OPTIMAL,FEASIBLE_POINT,51771.67639208908,51771.67639208908,0,163998,163998,251382,716369,5124,0,5124,25620,5124,256,0,0,NaN,0,NaN,0.0,0.9999999995197868,
1,22,TWO_STAGE_RH,LEXMMFSA,shared_battery_mode_node_level_v1,SI-Drahi_10-d1-HET-ULO-BHI-72f1b1f90c,TK-PB-Drahi_10-d1-HET-ULO-d8d80a9180-r1,SS-3cf9bda45ea4,21,2,lex_phase_2,OPTIMAL,FEASIBLE_POINT,103543.35278417663,103543.35278417663,0,163998,163998,251383,716375,5124,0,5124,25620,5124,256,0,0,NaN,0,NaN,0.0,0.9999999995197868,
1,22,TWO_STAGE_RH,LEXMMFSA,shared_battery_mode_node_level_v1,SI-Drahi_10-d1-HET-ULO-BHI-72f1b1f90c,TK-PB-Drahi_10-d1-HET-ULO-d8d80a9180-r1,SS-3cf9bda45ea4,21,3,lex_phase_3,OPTIMAL,FEASIBLE_POINT,155315.02917626494,155315.02917626494,0,163998,163998,251384,716381,5124,0,5124,25620,5124,256,0,0,NaN,0,NaN,0.0,0.9999999995197868,
1,22,TWO_STAGE_RH,LEXMMFSA,shared_battery_mode_node_level_v1,SI-Drahi_10-d1-HET-ULO-BHI-72f1b1f90c,TK-PB-Drahi_10-d1-HET-ULO-d8d80a9180-r1,SS-3cf9bda45ea4,21,4,lex_phase_4,OPTIMAL,FEASIBLE_POINT,207086.85939081304,207086.85939081304,0,163998,163998,251385,716387,5124,0,5124,25620,5124,256,0,0,NaN,0,NaN,0.0,0.9999999995197868,
1,22,TWO_STAGE_RH,LEXMMFSA,shared_battery_mode_node_level_v1,SI-Drahi_10-d1-HET-ULO-BHI-72f1b1f90c,TK-PB-Drahi_10-d1-HET-ULO-d8d80a9180-r1,SS-3cf9bda45ea4,21,5,lex_phase_5,OPTIMAL,FEASIBLE_POINT,258873.4998870649,258873.4998870649,0,163998,163998,251386,716393,5124,0,5124,25620,5124,256,0,0,NaN,0,NaN,0.0,0.9999999995197868,
1,22,TWO_STAGE_RH,LEXMMFSA,shared_battery_mode_node_level_v1,SI-Drahi_10-d1-HET-ULO-BHI-72f1b1f90c,TK-PB-Drahi_10-d1-HET-ULO-d8d80a9180-r1,SS-3cf9bda45ea4,21,6,economic_tie_break,OPTIMAL,FEASIBLE_POINT,620346.0844652273,620346.0844652273,0,163998,163998,251387,716399,5124,0,5124,25620,5124,256,0,0,NaN,0,NaN,0.0,0.9999999995197868,
1,23,TWO_STAGE_RH,LEXMMFSA,shared_battery_mode_node_level_v1,SI-Drahi_10-d1-HET-ULO-BHI-72f1b1f90c,TK-PB-Drahi_10-d1-HET-ULO-d8d80a9180-r1,SS-3cf9bda45ea4,21,1,lex_phase_1,OPTIMAL,FEASIBLE_POINT,51771.67639208908,51771.67639208908,0,163998,163998,251382,716369,5124,0,5124,25620,5124,256,0,0,NaN,0,NaN,0.0,0.9999999995197868,
1,23,TWO_STAGE_RH,LEXMMFSA,shared_battery_mode_node_level_v1,SI-Drahi_10-d1-HET-ULO-BHI-72f1b1f90c,TK-PB-Drahi_10-d1-HET-ULO-d8d80a9180-r1,SS-3cf9bda45ea4,21,2,lex_phase_2,OPTIMAL,FEASIBLE_POINT,103543.35278417663,103543.35278417663,0,163998,163998,251383,716375,5124,0,5124,25620,5124,256,0,0,NaN,0,NaN,0.0,0.9999999995197868,
1,23,TWO_STAGE_RH,LEXMMFSA,shared_battery_mode_node_level_v1,SI-Drahi_10-d1-HET-ULO-BHI-72f1b1f90c,TK-PB-Drahi_10-d1-HET-ULO-d8d80a9180-r1,SS-3cf9bda45ea4,21,3,lex_phase_3,OPTIMAL,FEASIBLE_POINT,155315.02917626494,155315.02917626494,0,163998,163998,251384,716381,5124,0,5124,25620,5124,256,0,0,NaN,0,NaN,0.0,0.9999999995197868,
1,23,TWO_STAGE_RH,LEXMMFSA,shared_battery_mode_node_level_v1,SI-Drahi_10-d1-HET-ULO-BHI-72f1b1f90c,TK-PB-Drahi_10-d1-HET-ULO-d8d80a9180-r1,SS-3cf9bda45ea4,21,4,lex_phase_4,OPTIMAL,FEASIBLE_POINT,207086.85939081304,207086.85939081304,0,163998,163998,251385,716387,5124,0,5124,25620,5124,256,0,0,NaN,0,NaN,0.0,0.9999999995197868,
1,23,TWO_STAGE_RH,LEXMMFSA,shared_battery_mode_node_level_v1,SI-Drahi_10-d1-HET-ULO-BHI-72f1b1f90c,TK-PB-Drahi_10-d1-HET-ULO-d8d80a9180-r1,SS-3cf9bda45ea4,21,5,lex_phase_5,OPTIMAL,FEASIBLE_POINT,258873.4998870649,258873.4998870649,0,163998,163998,251386,716393,5124,0,5124,25620,5124,256,0,0,NaN,0,NaN,0.0,0.9999999995197868,
1,23,TWO_STAGE_RH,LEXMMFSA,shared_battery_mode_node_level_v1,SI-Drahi_10-d1-HET-ULO-BHI-72f1b1f90c,TK-PB-Drahi_10-d1-HET-ULO-d8d80a9180-r1,SS-3cf9bda45ea4,21,6,economic_tie_break,OPTIMAL,FEASIBLE_POINT,620346.0844652273,620346.0844652273,0,163998,163998,251387,716399,5124,0,5124,25620,5124,256,0,0,NaN,0,NaN,0.0,0.9999999995197868,
1,24,TWO_STAGE_RH,LEXMMFSA,shared_battery_mode_node_level_v1,SI-Drahi_10-d1-HET-ULO-BHI-72f1b1f90c,TK-PB-Drahi_10-d1-HET-ULO-d8d80a9180-r1,SS-3cf9bda45ea4,21,1,lex_phase_1,OPTIMAL,FEASIBLE_POINT,51771.67639208908,51771.67639208908,0,163998,163998,251382,716369,5124,0,5124,25620,5124,256,0,0,NaN,0,NaN,13.894529957451137,0.9999999995197868,
1,24,TWO_STAGE_RH,LEXMMFSA,shared_battery_mode_node_level_v1,SI-Drahi_10-d1-HET-ULO-BHI-72f1b1f90c,TK-PB-Drahi_10-d1-HET-ULO-d8d80a9180-r1,SS-3cf9bda45ea4,21,2,lex_phase_2,OPTIMAL,FEASIBLE_POINT,103543.35278417663,103543.35278417663,0,163998,163998,251383,716375,5124,0,5124,25620,5124,256,0,0,NaN,0,NaN,13.894529957451137,0.9999999995197868,
1,24,TWO_STAGE_RH,LEXMMFSA,shared_battery_mode_node_level_v1,SI-Drahi_10-d1-HET-ULO-BHI-72f1b1f90c,TK-PB-Drahi_10-d1-HET-ULO-d8d80a9180-r1,SS-3cf9bda45ea4,21,3,lex_phase_3,OPTIMAL,FEASIBLE_POINT,155315.02917626494,155315.02917626494,0,163998,163998,251384,716381,5124,0,5124,25620,5124,256,0,0,NaN,0,NaN,13.894529957451137,0.9999999995197868,
1,24,TWO_STAGE_RH,LEXMMFSA,shared_battery_mode_node_level_v1,SI-Drahi_10-d1-HET-ULO-BHI-72f1b1f90c,TK-PB-Drahi_10-d1-HET-ULO-d8d80a9180-r1,SS-3cf9bda45ea4,21,4,lex_phase_4,OPTIMAL,FEASIBLE_POINT,207086.85939081304,207086.85939081304,0,163998,163998,251385,716387,5124,0,5124,25620,5124,256,0,0,NaN,0,NaN,13.894529957451137,0.9999999995197868,
1,24,TWO_STAGE_RH,LEXMMFSA,shared_battery_mode_node_level_v1,SI-Drahi_10-d1-HET-ULO-BHI-72f1b1f90c,TK-PB-Drahi_10-d1-HET-ULO-d8d80a9180-r1,SS-3cf9bda45ea4,21,5,lex_phase_5,OPTIMAL,FEASIBLE_POINT,258873.4998870649,258873.4998870649,0,163998,163998,251386,716393,5124,0,5124,25620,5124,256,0,0,NaN,0,NaN,13.894529957451137,0.9999999995197868,
1,24,TWO_STAGE_RH,LEXMMFSA,shared_battery_mode_node_level_v1,SI-Drahi_10-d1-HET-ULO-BHI-72f1b1f90c,TK-PB-Drahi_10-d1-HET-ULO-d8d80a9180-r1,SS-3cf9bda45ea4,21,6,economic_tie_break,OPTIMAL,FEASIBLE_POINT,620346.0844652273,620346.0844652273,0,163998,163998,251387,716399,5124,0,5124,25620,5124,256,0,0,NaN,0,NaN,13.894529957451137,0.9999999995197868,
1,1,TWO_STAGE_RH,NONE,shared_battery_mode_node_level_v1,SI-Drahi_10-d1-HET-ULO-BHI-72f1b1f90c,TK-PB-Drahi_10-d1-HET-ULO-d8d80a9180-r1,SS-5d5bbea46d20,1,0,single_solve,OPTIMAL,FEASIBLE_POINT,562269.1027698478,562269.1027698478,0,163968,163968,251332,332019,5124,0,5124,25620,5124,256,0,0,NaN,0,NaN,0.0,0.0,
1,2,TWO_STAGE_RH,NONE,shared_battery_mode_node_level_v1,SI-Drahi_10-d1-HET-ULO-BHI-72f1b1f90c,TK-PB-Drahi_10-d1-HET-ULO-d8d80a9180-r1,SS-5d5bbea46d20,1,0,single_solve,OPTIMAL,FEASIBLE_POINT,562269.1027698478,562269.1027698478,0,163968,163968,251332,332019,5124,0,5124,25620,5124,256,0,0,NaN,0,NaN,0.0,0.0,
1,3,TWO_STAGE_RH,NONE,shared_battery_mode_node_level_v1,SI-Drahi_10-d1-HET-ULO-BHI-72f1b1f90c,TK-PB-Drahi_10-d1-HET-ULO-d8d80a9180-r1,SS-5d5bbea46d20,1,0,single_solve,OPTIMAL,FEASIBLE_POINT,562269.1027698478,562269.1027698478,0,163968,163968,251332,332019,5124,0,5124,25620,5124,256,0,0,NaN,0,NaN,0.0,0.0,
1,4,TWO_STAGE_RH,NONE,shared_battery_mode_node_level_v1,SI-Drahi_10-d1-HET-ULO-BHI-72f1b1f90c,TK-PB-Drahi_10-d1-HET-ULO-d8d80a9180-r1,SS-5d5bbea46d20,1,0,single_solve,OPTIMAL,FEASIBLE_POINT,562269.1027698478,562269.1027698478,0,163968,163968,251332,332019,5124,0,5124,25620,5124,256,0,0,NaN,0,NaN,0.0,0.0,
1,5,TWO_STAGE_RH,NONE,shared_battery_mode_node_level_v1,SI-Drahi_10-d1-HET-ULO-BHI-72f1b1f90c,TK-PB-Drahi_10-d1-HET-ULO-d8d80a9180-r1,SS-102adc95e052,5,0,single_solve,OPTIMAL,FEASIBLE_POINT,552149.0405948022,552149.0405948022,0,163968,163968,251332,326919,5124,0,5124,25620,5124,256,0,0,NaN,0,NaN,0.0,0.0,
1,6,TWO_STAGE_RH,NONE,shared_battery_mode_node_level_v1,SI-Drahi_10-d1-HET-ULO-BHI-72f1b1f90c,TK-PB-Drahi_10-d1-HET-ULO-d8d80a9180-r1,SS-102adc95e052,5,0,single_solve,OPTIMAL,FEASIBLE_POINT,552149.0405948022,552149.0405948022,0,163968,163968,251332,326919,5124,0,5124,25620,5124,256,0,0,NaN,0,NaN,1.4210854715202004e-14,0.0,
1,7,TWO_STAGE_RH,NONE,shared_battery_mode_node_level_v1,SI-Drahi_10-d1-HET-ULO-BHI-72f1b1f90c,TK-PB-Drahi_10-d1-HET-ULO-d8d80a9180-r1,SS-102adc95e052,5,0,single_solve,OPTIMAL,FEASIBLE_POINT,552149.0405948022,552149.0405948022,0,163968,163968,251332,326919,5124,0,5124,25620,5124,256,0,0,NaN,0,NaN,0.0,0.0,
1,8,TWO_STAGE_RH,NONE,shared_battery_mode_node_level_v1,SI-Drahi_10-d1-HET-ULO-BHI-72f1b1f90c,TK-PB-Drahi_10-d1-HET-ULO-d8d80a9180-r1,SS-102adc95e052,5,0,single_solve,OPTIMAL,FEASIBLE_POINT,552149.0405948022,552149.0405948022,0,163968,163968,251332,326919,5124,0,5124,25620,5124,256,0,0,NaN,0,NaN,0.0,0.0,
1,9,TWO_STAGE_RH,NONE,shared_battery_mode_node_level_v1,SI-Drahi_10-d1-HET-ULO-BHI-72f1b1f90c,TK-PB-Drahi_10-d1-HET-ULO-d8d80a9180-r1,SS-19da242d4543,9,0,single_solve,OPTIMAL,FEASIBLE_POINT,543498.0762310569,543498.0762310569,0,163968,163968,251332,326919,5124,0,5124,25620,5124,256,0,0,NaN,0,NaN,0.0,0.0,
1,10,TWO_STAGE_RH,NONE,shared_battery_mode_node_level_v1,SI-Drahi_10-d1-HET-ULO-BHI-72f1b1f90c,TK-PB-Drahi_10-d1-HET-ULO-d8d80a9180-r1,SS-19da242d4543,9,0,single_solve,OPTIMAL,FEASIBLE_POINT,543498.0762310569,543498.0762310569,0,163968,163968,251332,326919,5124,0,5124,25620,5124,256,0,0,NaN,0,NaN,0.0,0.0,
1,11,TWO_STAGE_RH,NONE,shared_battery_mode_node_level_v1,SI-Drahi_10-d1-HET-ULO-BHI-72f1b1f90c,TK-PB-Drahi_10-d1-HET-ULO-d8d80a9180-r1,SS-19da242d4543,9,0,single_solve,OPTIMAL,FEASIBLE_POINT,543498.0762310569,543498.0762310569,0,163968,163968,251332,326919,5124,0,5124,25620,5124,256,0,0,NaN,0,NaN,0.0,0.0,
1,12,TWO_STAGE_RH,NONE,shared_battery_mode_node_level_v1,SI-Drahi_10-d1-HET-ULO-BHI-72f1b1f90c,TK-PB-Drahi_10-d1-HET-ULO-d8d80a9180-r1,SS-19da242d4543,9,0,single_solve,OPTIMAL,FEASIBLE_POINT,543498.0762310569,543498.0762310569,0,163968,163968,251332,326919,5124,0,5124,25620,5124,256,0,0,NaN,0,NaN,0.0,0.0,
1,13,TWO_STAGE_RH,NONE,shared_battery_mode_node_level_v1,SI-Drahi_10-d1-HET-ULO-BHI-72f1b1f90c,TK-PB-Drahi_10-d1-HET-ULO-d8d80a9180-r1,SS-354317d12b7f,13,0,single_solve,OPTIMAL,FEASIBLE_POINT,536886.946927832,536886.946927832,0,163968,163968,251332,326919,5124,0,5124,25620,5124,256,0,0,NaN,0,NaN,0.0,0.0,
1,14,TWO_STAGE_RH,NONE,shared_battery_mode_node_level_v1,SI-Drahi_10-d1-HET-ULO-BHI-72f1b1f90c,TK-PB-Drahi_10-d1-HET-ULO-d8d80a9180-r1,SS-354317d12b7f,13,0,single_solve,OPTIMAL,FEASIBLE_POINT,536886.946927832,536886.946927832,0,163968,163968,251332,326919,5124,0,5124,25620,5124,256,0,0,NaN,0,NaN,0.0,0.0,
1,15,TWO_STAGE_RH,NONE,shared_battery_mode_node_level_v1,SI-Drahi_10-d1-HET-ULO-BHI-72f1b1f90c,TK-PB-Drahi_10-d1-HET-ULO-d8d80a9180-r1,SS-354317d12b7f,13,0,single_solve,OPTIMAL,FEASIBLE_POINT,536886.946927832,536886.946927832,0,163968,163968,251332,326919,5124,0,5124,25620,5124,256,0,0,NaN,0,NaN,0.0,0.0,
1,16,TWO_STAGE_RH,NONE,shared_battery_mode_node_level_v1,SI-Drahi_10-d1-HET-ULO-BHI-72f1b1f90c,TK-PB-Drahi_10-d1-HET-ULO-d8d80a9180-r1,SS-354317d12b7f,13,0,single_solve,OPTIMAL,FEASIBLE_POINT,536886.946927832,536886.946927832,0,163968,163968,251332,326919,5124,0,5124,25620,5124,256,0,0,NaN,0,NaN,0.0,0.0,
1,17,TWO_STAGE_RH,NONE,shared_battery_mode_node_level_v1,SI-Drahi_10-d1-HET-ULO-BHI-72f1b1f90c,TK-PB-Drahi_10-d1-HET-ULO-d8d80a9180-r1,SS-c81930d9c8ba,17,0,single_solve,OPTIMAL,FEASIBLE_POINT,534615.7039689245,534615.7039689245,0,163968,163968,251332,328194,5124,0,5124,25620,5124,256,0,0,NaN,0,NaN,0.0,0.0,
1,18,TWO_STAGE_RH,NONE,shared_battery_mode_node_level_v1,SI-Drahi_10-d1-HET-ULO-BHI-72f1b1f90c,TK-PB-Drahi_10-d1-HET-ULO-d8d80a9180-r1,SS-c81930d9c8ba,17,0,single_solve,OPTIMAL,FEASIBLE_POINT,534615.7039689245,534615.7039689245,0,163968,163968,251332,328194,5124,0,5124,25620,5124,256,0,0,NaN,0,NaN,0.0,0.0,
1,19,TWO_STAGE_RH,NONE,shared_battery_mode_node_level_v1,SI-Drahi_10-d1-HET-ULO-BHI-72f1b1f90c,TK-PB-Drahi_10-d1-HET-ULO-d8d80a9180-r1,SS-c81930d9c8ba,17,0,single_solve,OPTIMAL,FEASIBLE_POINT,534615.7039689245,534615.7039689245,0,163968,163968,251332,328194,5124,0,5124,25620,5124,256,0,0,NaN,0,NaN,0.0,0.0,
1,20,TWO_STAGE_RH,NONE,shared_battery_mode_node_level_v1,SI-Drahi_10-d1-HET-ULO-BHI-72f1b1f90c,TK-PB-Drahi_10-d1-HET-ULO-d8d80a9180-r1,SS-c81930d9c8ba,17,0,single_solve,OPTIMAL,FEASIBLE_POINT,534615.7039689245,534615.7039689245,0,163968,163968,251332,328194,5124,0,5124,25620,5124,256,0,0,NaN,0,NaN,0.0,0.0,
1,21,TWO_STAGE_RH,NONE,shared_battery_mode_node_level_v1,SI-Drahi_10-d1-HET-ULO-BHI-72f1b1f90c,TK-PB-Drahi_10-d1-HET-ULO-d8d80a9180-r1,SS-3cf9bda45ea4,21,0,single_solve,OPTIMAL,FEASIBLE_POINT,539749.2777543612,539749.2777543612,0,163968,163968,251332,332019,5124,0,5124,25620,5124,256,0,0,NaN,0,NaN,0.0,0.0,
1,22,TWO_STAGE_RH,NONE,shared_battery_mode_node_level_v1,SI-Drahi_10-d1-HET-ULO-BHI-72f1b1f90c,TK-PB-Drahi_10-d1-HET-ULO-d8d80a9180-r1,SS-3cf9bda45ea4,21,0,single_solve,OPTIMAL,FEASIBLE_POINT,539749.2777543612,539749.2777543612,0,163968,163968,251332,332019,5124,0,5124,25620,5124,256,0,0,NaN,0,NaN,0.0,0.0,
1,23,TWO_STAGE_RH,NONE,shared_battery_mode_node_level_v1,SI-Drahi_10-d1-HET-ULO-BHI-72f1b1f90c,TK-PB-Drahi_10-d1-HET-ULO-d8d80a9180-r1,SS-3cf9bda45ea4,21,0,single_solve,OPTIMAL,FEASIBLE_POINT,539749.2777543612,539749.2777543612,0,163968,163968,251332,332019,5124,0,5124,25620,5124,256,0,0,NaN,0,NaN,0.0,0.0,
1,24,TWO_STAGE_RH,NONE,shared_battery_mode_node_level_v1,SI-Drahi_10-d1-HET-ULO-BHI-72f1b1f90c,TK-PB-Drahi_10-d1-HET-ULO-d8d80a9180-r1,SS-3cf9bda45ea4,21,0,single_solve,OPTIMAL,FEASIBLE_POINT,539749.2777543612,539749.2777543612,0,163968,163968,251332,332019,5124,0,5124,25620,5124,256,0,0,NaN,0,NaN,2.831068712794149e-15,0.0,
1,1,TWO_STAGE_RH,PEA,shared_battery_mode_node_level_v1,SI-Drahi_10-d1-HET-ULO-BHI-72f1b1f90c,TK-PB-Drahi_10-d1-HET-ULO-d8d80a9180-r1,SS-5d5bbea46d20,1,0,single_solve,OPTIMAL,FEASIBLE_POINT,638981.7198508163,638981.7198508163,0,163968,163968,251337,357639,5124,0,5124,25620,5124,256,0,0,NaN,0,NaN,0.0,1.5916157281026244e-12,
1,2,TWO_STAGE_RH,PEA,shared_battery_mode_node_level_v1,SI-Drahi_10-d1-HET-ULO-BHI-72f1b1f90c,TK-PB-Drahi_10-d1-HET-ULO-d8d80a9180-r1,SS-5d5bbea46d20,1,0,single_solve,OPTIMAL,FEASIBLE_POINT,638981.7198508163,638981.7198508163,0,163968,163968,251337,357639,5124,0,5124,25620,5124,256,0,0,NaN,0,NaN,0.0,1.5916157281026244e-12,
1,3,TWO_STAGE_RH,PEA,shared_battery_mode_node_level_v1,SI-Drahi_10-d1-HET-ULO-BHI-72f1b1f90c,TK-PB-Drahi_10-d1-HET-ULO-d8d80a9180-r1,SS-5d5bbea46d20,1,0,single_solve,OPTIMAL,FEASIBLE_POINT,638981.7198508163,638981.7198508163,0,163968,163968,251337,357639,5124,0,5124,25620,5124,256,0,0,NaN,0,NaN,0.0,1.5916157281026244e-12,
1,4,TWO_STAGE_RH,PEA,shared_battery_mode_node_level_v1,SI-Drahi_10-d1-HET-ULO-BHI-72f1b1f90c,TK-PB-Drahi_10-d1-HET-ULO-d8d80a9180-r1,SS-5d5bbea46d20,1,0,single_solve,OPTIMAL,FEASIBLE_POINT,638981.7198508163,638981.7198508163,0,163968,163968,251337,357639,5124,0,5124,25620,5124,256,0,0,NaN,0,NaN,0.0,1.5916157281026244e-12,
1,5,TWO_STAGE_RH,PEA,shared_battery_mode_node_level_v1,SI-Drahi_10-d1-HET-ULO-BHI-72f1b1f90c,TK-PB-Drahi_10-d1-HET-ULO-d8d80a9180-r1,SS-102adc95e052,5,0,single_solve,OPTIMAL,FEASIBLE_POINT,632259.0335358843,632259.0335358843,0,163968,163968,251337,352539,5124,0,5124,25620,5124,256,0,0,NaN,0,NaN,0.0,2.3874235921539366e-12,
1,6,TWO_STAGE_RH,PEA,shared_battery_mode_node_level_v1,SI-Drahi_10-d1-HET-ULO-BHI-72f1b1f90c,TK-PB-Drahi_10-d1-HET-ULO-d8d80a9180-r1,SS-102adc95e052,5,0,single_solve,OPTIMAL,FEASIBLE_POINT,632259.0335358843,632259.0335358843,0,163968,163968,251337,352539,5124,0,5124,25620,5124,256,0,0,NaN,0,NaN,0.0,2.3874235921539366e-12,
1,7,TWO_STAGE_RH,PEA,shared_battery_mode_node_level_v1,SI-Drahi_10-d1-HET-ULO-BHI-72f1b1f90c,TK-PB-Drahi_10-d1-HET-ULO-d8d80a9180-r1,SS-102adc95e052,5,0,single_solve,OPTIMAL,FEASIBLE_POINT,632259.0335358843,632259.0335358843,0,163968,163968,251337,352539,5124,0,5124,25620,5124,256,0,0,NaN,0,NaN,0.19499999999999984,2.3874235921539366e-12,
1,8,TWO_STAGE_RH,PEA,shared_battery_mode_node_level_v1,SI-Drahi_10-d1-HET-ULO-BHI-72f1b1f90c,TK-PB-Drahi_10-d1-HET-ULO-d8d80a9180-r1,SS-102adc95e052,5,0,single_solve,OPTIMAL,FEASIBLE_POINT,632259.0335358843,632259.0335358843,0,163968,163968,251337,352539,5124,0,5124,25620,5124,256,0,0,NaN,0,NaN,4.274358644806853e-15,2.3874235921539366e-12,
1,9,TWO_STAGE_RH,PEA,shared_battery_mode_node_level_v1,SI-Drahi_10-d1-HET-ULO-BHI-72f1b1f90c,TK-PB-Drahi_10-d1-HET-ULO-d8d80a9180-r1,SS-19da242d4543,9,0,single_solve,OPTIMAL,FEASIBLE_POINT,646932.1267219495,646932.1267219495,0,163968,163968,251337,352539,5124,0,5124,25620,5124,256,0,0,NaN,0,NaN,0.0,1.7621459846850485e-12,
1,10,TWO_STAGE_RH,PEA,shared_battery_mode_node_level_v1,SI-Drahi_10-d1-HET-ULO-BHI-72f1b1f90c,TK-PB-Drahi_10-d1-HET-ULO-d8d80a9180-r1,SS-19da242d4543,9,0,single_solve,OPTIMAL,FEASIBLE_POINT,646932.1267219495,646932.1267219495,0,163968,163968,251337,352539,5124,0,5124,25620,5124,256,0,0,NaN,0,NaN,0.0,1.7621459846850485e-12,
1,11,TWO_STAGE_RH,PEA,shared_battery_mode_node_level_v1,SI-Drahi_10-d1-HET-ULO-BHI-72f1b1f90c,TK-PB-Drahi_10-d1-HET-ULO-d8d80a9180-r1,SS-19da242d4543,9,0,single_solve,OPTIMAL,FEASIBLE_POINT,646932.1267219495,646932.1267219495,0,163968,163968,251337,352539,5124,0,5124,25620,5124,256,0,0,NaN,0,NaN,5.275569059415854,1.7621459846850485e-12,
1,12,TWO_STAGE_RH,PEA,shared_battery_mode_node_level_v1,SI-Drahi_10-d1-HET-ULO-BHI-72f1b1f90c,TK-PB-Drahi_10-d1-HET-ULO-d8d80a9180-r1,SS-19da242d4543,9,0,single_solve,OPTIMAL,FEASIBLE_POINT,646932.1267219495,646932.1267219495,0,163968,163968,251337,352539,5124,0,5124,25620,5124,256,0,0,NaN,0,NaN,0.0,1.7621459846850485e-12,
1,13,TWO_STAGE_RH,PEA,shared_battery_mode_node_level_v1,SI-Drahi_10-d1-HET-ULO-BHI-72f1b1f90c,TK-PB-Drahi_10-d1-HET-ULO-d8d80a9180-r1,SS-354317d12b7f,13,0,single_solve,OPTIMAL,FEASIBLE_POINT,609777.0173121805,609777.0173121805,0,163968,163968,251337,352539,5124,0,5124,25620,5124,256,0,0,NaN,0,NaN,15.898433711189838,2.7853275241795927e-12,
1,14,TWO_STAGE_RH,PEA,shared_battery_mode_node_level_v1,SI-Drahi_10-d1-HET-ULO-BHI-72f1b1f90c,TK-PB-Drahi_10-d1-HET-ULO-d8d80a9180-r1,SS-354317d12b7f,13,0,single_solve,OPTIMAL,FEASIBLE_POINT,609777.0173121805,609777.0173121805,0,163968,163968,251337,352539,5124,0,5124,25620,5124,256,0,0,NaN,0,NaN,1.4210854715202004e-14,2.7853275241795927e-12,
1,15,TWO_STAGE_RH,PEA,shared_battery_mode_node_level_v1,SI-Drahi_10-d1-HET-ULO-BHI-72f1b1f90c,TK-PB-Drahi_10-d1-HET-ULO-d8d80a9180-r1,SS-354317d12b7f,13,0,single_solve,OPTIMAL,FEASIBLE_POINT,609777.0173121805,609777.0173121805,0,163968,163968,251337,352539,5124,0,5124,25620,5124,256,0,0,NaN,0,NaN,16.0,2.7853275241795927e-12,
1,16,TWO_STAGE_RH,PEA,shared_battery_mode_node_level_v1,SI-Drahi_10-d1-HET-ULO-BHI-72f1b1f90c,TK-PB-Drahi_10-d1-HET-ULO-d8d80a9180-r1,SS-354317d12b7f,13,0,single_solve,OPTIMAL,FEASIBLE_POINT,609777.0173121805,609777.0173121805,0,163968,163968,251337,352539,5124,0,5124,25620,5124,256,0,0,NaN,0,NaN,0.0,2.7853275241795927e-12,
1,17,TWO_STAGE_RH,PEA,shared_battery_mode_node_level_v1,SI-Drahi_10-d1-HET-ULO-BHI-72f1b1f90c,TK-PB-Drahi_10-d1-HET-ULO-d8d80a9180-r1,SS-c81930d9c8ba,17,0,single_solve,OPTIMAL,FEASIBLE_POINT,600766.5061811005,600766.5061811005,0,163968,163968,251337,353814,5124,0,5124,25620,5124,256,0,0,NaN,0,NaN,0.0,1.0800249583553523e-12,
1,18,TWO_STAGE_RH,PEA,shared_battery_mode_node_level_v1,SI-Drahi_10-d1-HET-ULO-BHI-72f1b1f90c,TK-PB-Drahi_10-d1-HET-ULO-d8d80a9180-r1,SS-c81930d9c8ba,17,0,single_solve,OPTIMAL,FEASIBLE_POINT,600766.5061811005,600766.5061811005,0,163968,163968,251337,353814,5124,0,5124,25620,5124,256,0,0,NaN,0,NaN,0.0,1.0800249583553523e-12,
1,19,TWO_STAGE_RH,PEA,shared_battery_mode_node_level_v1,SI-Drahi_10-d1-HET-ULO-BHI-72f1b1f90c,TK-PB-Drahi_10-d1-HET-ULO-d8d80a9180-r1,SS-c81930d9c8ba,17,0,single_solve,OPTIMAL,FEASIBLE_POINT,600766.5061811005,600766.5061811005,0,163968,163968,251337,353814,5124,0,5124,25620,5124,256,0,0,NaN,0,NaN,0.0,1.0800249583553523e-12,
1,20,TWO_STAGE_RH,PEA,shared_battery_mode_node_level_v1,SI-Drahi_10-d1-HET-ULO-BHI-72f1b1f90c,TK-PB-Drahi_10-d1-HET-ULO-d8d80a9180-r1,SS-c81930d9c8ba,17,0,single_solve,OPTIMAL,FEASIBLE_POINT,600766.5061811005,600766.5061811005,0,163968,163968,251337,353814,5124,0,5124,25620,5124,256,0,0,NaN,0,NaN,0.0,1.0800249583553523e-12,
1,21,TWO_STAGE_RH,PEA,shared_battery_mode_node_level_v1,SI-Drahi_10-d1-HET-ULO-BHI-72f1b1f90c,TK-PB-Drahi_10-d1-HET-ULO-d8d80a9180-r1,SS-3cf9bda45ea4,21,0,single_solve,OPTIMAL,FEASIBLE_POINT,601929.50348227,601929.50348227,0,163968,163968,251337,357639,5124,0,5124,25620,5124,256,0,0,NaN,0,NaN,0.0,1.1368683772161603e-12,
1,22,TWO_STAGE_RH,PEA,shared_battery_mode_node_level_v1,SI-Drahi_10-d1-HET-ULO-BHI-72f1b1f90c,TK-PB-Drahi_10-d1-HET-ULO-d8d80a9180-r1,SS-3cf9bda45ea4,21,0,single_solve,OPTIMAL,FEASIBLE_POINT,601929.50348227,601929.50348227,0,163968,163968,251337,357639,5124,0,5124,25620,5124,256,0,0,NaN,0,NaN,0.0,1.1368683772161603e-12,
1,23,TWO_STAGE_RH,PEA,shared_battery_mode_node_level_v1,SI-Drahi_10-d1-HET-ULO-BHI-72f1b1f90c,TK-PB-Drahi_10-d1-HET-ULO-d8d80a9180-r1,SS-3cf9bda45ea4,21,0,single_solve,OPTIMAL,FEASIBLE_POINT,601929.50348227,601929.50348227,0,163968,163968,251337,357639,5124,0,5124,25620,5124,256,0,0,NaN,0,NaN,0.0,1.1368683772161603e-12,
1,24,TWO_STAGE_RH,PEA,shared_battery_mode_node_level_v1,SI-Drahi_10-d1-HET-ULO-BHI-72f1b1f90c,TK-PB-Drahi_10-d1-HET-ULO-d8d80a9180-r1,SS-3cf9bda45ea4,21,0,single_solve,OPTIMAL,FEASIBLE_POINT,601929.50348227,601929.50348227,0,163968,163968,251337,357639,5124,0,5124,25620,5124,256,0,0,NaN,0,NaN,2.831068712794149e-15,1.1368683772161603e-12,
1,1,TWO_STAGE_RH,SA,shared_battery_mode_node_level_v1,SI-Drahi_10-d1-HET-ULO-BHI-72f1b1f90c,TK-PB-Drahi_10-d1-HET-ULO-d8d80a9180-r1,SS-5d5bbea46d20,1,0,single_solve,OPTIMAL,FEASIBLE_POINT,635877.81416852,635877.81416852,0,163968,163968,251337,716319,5124,0,5124,25620,5124,256,0,0,NaN,0,NaN,0.0,2.1827872842550278e-10,
1,2,TWO_STAGE_RH,SA,shared_battery_mode_node_level_v1,SI-Drahi_10-d1-HET-ULO-BHI-72f1b1f90c,TK-PB-Drahi_10-d1-HET-ULO-d8d80a9180-r1,SS-5d5bbea46d20,1,0,single_solve,OPTIMAL,FEASIBLE_POINT,635877.81416852,635877.81416852,0,163968,163968,251337,716319,5124,0,5124,25620,5124,256,0,0,NaN,0,NaN,0.0,2.1827872842550278e-10,
1,3,TWO_STAGE_RH,SA,shared_battery_mode_node_level_v1,SI-Drahi_10-d1-HET-ULO-BHI-72f1b1f90c,TK-PB-Drahi_10-d1-HET-ULO-d8d80a9180-r1,SS-5d5bbea46d20,1,0,single_solve,OPTIMAL,FEASIBLE_POINT,635877.81416852,635877.81416852,0,163968,163968,251337,716319,5124,0,5124,25620,5124,256,0,0,NaN,0,NaN,0.0,2.1827872842550278e-10,
1,4,TWO_STAGE_RH,SA,shared_battery_mode_node_level_v1,SI-Drahi_10-d1-HET-ULO-BHI-72f1b1f90c,TK-PB-Drahi_10-d1-HET-ULO-d8d80a9180-r1,SS-5d5bbea46d20,1,0,single_solve,OPTIMAL,FEASIBLE_POINT,635877.81416852,635877.81416852,0,163968,163968,251337,716319,5124,0,5124,25620,5124,256,0,0,NaN,0,NaN,1.4210854715202004e-14,2.1827872842550278e-10,
1,5,TWO_STAGE_RH,SA,shared_battery_mode_node_level_v1,SI-Drahi_10-d1-HET-ULO-BHI-72f1b1f90c,TK-PB-Drahi_10-d1-HET-ULO-d8d80a9180-r1,SS-102adc95e052,5,0,single_solve,OPTIMAL,FEASIBLE_POINT,614204.958637238,614204.958637238,0,163968,163968,251337,711219,5124,0,5124,25620,5124,256,0,0,NaN,0,NaN,6.559789750328518,4.220055416226387e-10,
1,6,TWO_STAGE_RH,SA,shared_battery_mode_node_level_v1,SI-Drahi_10-d1-HET-ULO-BHI-72f1b1f90c,TK-PB-Drahi_10-d1-HET-ULO-d8d80a9180-r1,SS-102adc95e052,5,0,single_solve,OPTIMAL,FEASIBLE_POINT,614204.958637238,614204.958637238,0,163968,163968,251337,711219,5124,0,5124,25620,5124,256,0,0,NaN,0,NaN,0.0,4.220055416226387e-10,
1,7,TWO_STAGE_RH,SA,shared_battery_mode_node_level_v1,SI-Drahi_10-d1-HET-ULO-BHI-72f1b1f90c,TK-PB-Drahi_10-d1-HET-ULO-d8d80a9180-r1,SS-102adc95e052,5,0,single_solve,OPTIMAL,FEASIBLE_POINT,614204.958637238,614204.958637238,0,163968,163968,251337,711219,5124,0,5124,25620,5124,256,0,0,NaN,0,NaN,0.0,4.220055416226387e-10,
1,8,TWO_STAGE_RH,SA,shared_battery_mode_node_level_v1,SI-Drahi_10-d1-HET-ULO-BHI-72f1b1f90c,TK-PB-Drahi_10-d1-HET-ULO-d8d80a9180-r1,SS-102adc95e052,5,0,single_solve,OPTIMAL,FEASIBLE_POINT,614204.958637238,614204.958637238,0,163968,163968,251337,711219,5124,0,5124,25620,5124,256,0,0,NaN,0,NaN,2.831068712794149e-15,4.220055416226387e-10,
1,9,TWO_STAGE_RH,SA,shared_battery_mode_node_level_v1,SI-Drahi_10-d1-HET-ULO-BHI-72f1b1f90c,TK-PB-Drahi_10-d1-HET-ULO-d8d80a9180-r1,SS-19da242d4543,9,0,single_solve,OPTIMAL,FEASIBLE_POINT,617869.9388851952,617869.9388851952,0,163968,163968,251337,711219,5124,0,5124,25620,5124,256,0,0,NaN,0,NaN,8.881784197001252e-16,2.837623469531536e-10,
1,10,TWO_STAGE_RH,SA,shared_battery_mode_node_level_v1,SI-Drahi_10-d1-HET-ULO-BHI-72f1b1f90c,TK-PB-Drahi_10-d1-HET-ULO-d8d80a9180-r1,SS-19da242d4543,9,0,single_solve,OPTIMAL,FEASIBLE_POINT,617869.9388851952,617869.9388851952,0,163968,163968,251337,711219,5124,0,5124,25620,5124,256,0,0,NaN,0,NaN,5.400124791776761e-13,2.837623469531536e-10,
1,11,TWO_STAGE_RH,SA,shared_battery_mode_node_level_v1,SI-Drahi_10-d1-HET-ULO-BHI-72f1b1f90c,TK-PB-Drahi_10-d1-HET-ULO-d8d80a9180-r1,SS-19da242d4543,9,0,single_solve,OPTIMAL,FEASIBLE_POINT,617869.9388851952,617869.9388851952,0,163968,163968,251337,711219,5124,0,5124,25620,5124,256,0,0,NaN,0,NaN,0.0,2.837623469531536e-10,
1,12,TWO_STAGE_RH,SA,shared_battery_mode_node_level_v1,SI-Drahi_10-d1-HET-ULO-BHI-72f1b1f90c,TK-PB-Drahi_10-d1-HET-ULO-d8d80a9180-r1,SS-19da242d4543,9,0,single_solve,OPTIMAL,FEASIBLE_POINT,617869.9388851952,617869.9388851952,0,163968,163968,251337,711219,5124,0,5124,25620,5124,256,0,0,NaN,0,NaN,1.4210854715202004e-14,2.837623469531536e-10,
1,13,TWO_STAGE_RH,SA,shared_battery_mode_node_level_v1,SI-Drahi_10-d1-HET-ULO-BHI-72f1b1f90c,TK-PB-Drahi_10-d1-HET-ULO-d8d80a9180-r1,SS-354317d12b7f,13,0,single_solve,OPTIMAL,FEASIBLE_POINT,629632.7931726864,629632.7931726864,0,163968,163968,251337,711219,5124,0,5124,25620,5124,256,0,0,NaN,0,NaN,0.0,3.892637323588133e-10,
1,14,TWO_STAGE_RH,SA,shared_battery_mode_node_level_v1,SI-Drahi_10-d1-HET-ULO-BHI-72f1b1f90c,TK-PB-Drahi_10-d1-HET-ULO-d8d80a9180-r1,SS-354317d12b7f,13,0,single_solve,OPTIMAL,FEASIBLE_POINT,629632.7931726864,629632.7931726864,0,163968,163968,251337,711219,5124,0,5124,25620,5124,256,0,0,NaN,0,NaN,1.4210854715202004e-14,3.892637323588133e-10,
1,15,TWO_STAGE_RH,SA,shared_battery_mode_node_level_v1,SI-Drahi_10-d1-HET-ULO-BHI-72f1b1f90c,TK-PB-Drahi_10-d1-HET-ULO-d8d80a9180-r1,SS-354317d12b7f,13,0,single_solve,OPTIMAL,FEASIBLE_POINT,629632.7931726864,629632.7931726864,0,163968,163968,251337,711219,5124,0,5124,25620,5124,256,0,0,NaN,0,NaN,0.0,3.892637323588133e-10,
1,16,TWO_STAGE_RH,SA,shared_battery_mode_node_level_v1,SI-Drahi_10-d1-HET-ULO-BHI-72f1b1f90c,TK-PB-Drahi_10-d1-HET-ULO-d8d80a9180-r1,SS-354317d12b7f,13,0,single_solve,OPTIMAL,FEASIBLE_POINT,629632.7931726864,629632.7931726864,0,163968,163968,251337,711219,5124,0,5124,25620,5124,256,0,0,NaN,0,NaN,1.4210854715202004e-14,3.892637323588133e-10,
1,17,TWO_STAGE_RH,SA,shared_battery_mode_node_level_v1,SI-Drahi_10-d1-HET-ULO-BHI-72f1b1f90c,TK-PB-Drahi_10-d1-HET-ULO-d8d80a9180-r1,SS-c81930d9c8ba,17,0,single_solve,OPTIMAL,FEASIBLE_POINT,641200.8949616433,641200.8949616433,0,163968,163968,251337,712494,5124,0,5124,25620,5124,256,0,0,NaN,0,NaN,15.180026281208935,2.6193447411060333e-10,
1,18,TWO_STAGE_RH,SA,shared_battery_mode_node_level_v1,SI-Drahi_10-d1-HET-ULO-BHI-72f1b1f90c,TK-PB-Drahi_10-d1-HET-ULO-d8d80a9180-r1,SS-c81930d9c8ba,17,0,single_solve,OPTIMAL,FEASIBLE_POINT,641200.8949616433,641200.8949616433,0,163968,163968,251337,712494,5124,0,5124,25620,5124,256,0,0,NaN,0,NaN,0.0,2.6193447411060333e-10,
1,19,TWO_STAGE_RH,SA,shared_battery_mode_node_level_v1,SI-Drahi_10-d1-HET-ULO-BHI-72f1b1f90c,TK-PB-Drahi_10-d1-HET-ULO-d8d80a9180-r1,SS-c81930d9c8ba,17,0,single_solve,OPTIMAL,FEASIBLE_POINT,641200.8949616433,641200.8949616433,0,163968,163968,251337,712494,5124,0,5124,25620,5124,256,0,0,NaN,0,NaN,0.0,2.6193447411060333e-10,
1,20,TWO_STAGE_RH,SA,shared_battery_mode_node_level_v1,SI-Drahi_10-d1-HET-ULO-BHI-72f1b1f90c,TK-PB-Drahi_10-d1-HET-ULO-d8d80a9180-r1,SS-c81930d9c8ba,17,0,single_solve,OPTIMAL,FEASIBLE_POINT,641200.8949616433,641200.8949616433,0,163968,163968,251337,712494,5124,0,5124,25620,5124,256,0,0,NaN,0,NaN,2.842170943040401e-14,2.6193447411060333e-10,
1,21,TWO_STAGE_RH,SA,shared_battery_mode_node_level_v1,SI-Drahi_10-d1-HET-ULO-BHI-72f1b1f90c,TK-PB-Drahi_10-d1-HET-ULO-d8d80a9180-r1,SS-3cf9bda45ea4,21,0,single_solve,OPTIMAL,FEASIBLE_POINT,619125.7848326511,619125.7848326511,0,163968,163968,251337,716319,5124,0,5124,25620,5124,256,0,0,NaN,0,NaN,0.0,4.5838532969355583e-10,
1,22,TWO_STAGE_RH,SA,shared_battery_mode_node_level_v1,SI-Drahi_10-d1-HET-ULO-BHI-72f1b1f90c,TK-PB-Drahi_10-d1-HET-ULO-d8d80a9180-r1,SS-3cf9bda45ea4,21,0,single_solve,OPTIMAL,FEASIBLE_POINT,619125.7848326511,619125.7848326511,0,163968,163968,251337,716319,5124,0,5124,25620,5124,256,0,0,NaN,0,NaN,0.0,4.5838532969355583e-10,
1,23,TWO_STAGE_RH,SA,shared_battery_mode_node_level_v1,SI-Drahi_10-d1-HET-ULO-BHI-72f1b1f90c,TK-PB-Drahi_10-d1-HET-ULO-d8d80a9180-r1,SS-3cf9bda45ea4,21,0,single_solve,OPTIMAL,FEASIBLE_POINT,619125.7848326511,619125.7848326511,0,163968,163968,251337,716319,5124,0,5124,25620,5124,256,0,0,NaN,0,NaN,7.105427357601002e-15,4.5838532969355583e-10,
1,24,TWO_STAGE_RH,SA,shared_battery_mode_node_level_v1,SI-Drahi_10-d1-HET-ULO-BHI-72f1b1f90c,TK-PB-Drahi_10-d1-HET-ULO-d8d80a9180-r1,SS-3cf9bda45ea4,21,0,single_solve,OPTIMAL,FEASIBLE_POINT,619125.7848326511,619125.7848326511,0,163968,163968,251337,716319,5124,0,5124,25620,5124,256,0,0,NaN,0,NaN,5.881778321660574,4.5838532969355583e-10,
1,1,TWO_STAGE_RH,STATIC_DEMAND_SHARE,shared_battery_mode_node_level_v1,SI-Drahi_10-d1-HET-ULO-BHI-72f1b1f90c,TK-PB-Drahi_10-d1-HET-ULO-d8d80a9180-r1,SS-5d5bbea46d20,1,0,single_solve,OPTIMAL,FEASIBLE_POINT,562269.1027698456,562269.1027698456,0,163968,163968,276952,357639,5124,0,5124,25620,5124,256,0,0,NaN,0,NaN,0.0,0.0,
1,2,TWO_STAGE_RH,STATIC_DEMAND_SHARE,shared_battery_mode_node_level_v1,SI-Drahi_10-d1-HET-ULO-BHI-72f1b1f90c,TK-PB-Drahi_10-d1-HET-ULO-d8d80a9180-r1,SS-5d5bbea46d20,1,0,single_solve,OPTIMAL,FEASIBLE_POINT,562269.1027698456,562269.1027698456,0,163968,163968,276952,357639,5124,0,5124,25620,5124,256,0,0,NaN,0,NaN,0.0,0.0,
1,3,TWO_STAGE_RH,STATIC_DEMAND_SHARE,shared_battery_mode_node_level_v1,SI-Drahi_10-d1-HET-ULO-BHI-72f1b1f90c,TK-PB-Drahi_10-d1-HET-ULO-d8d80a9180-r1,SS-5d5bbea46d20,1,0,single_solve,OPTIMAL,FEASIBLE_POINT,562269.1027698456,562269.1027698456,0,163968,163968,276952,357639,5124,0,5124,25620,5124,256,0,0,NaN,0,NaN,0.0,0.0,
1,4,TWO_STAGE_RH,STATIC_DEMAND_SHARE,shared_battery_mode_node_level_v1,SI-Drahi_10-d1-HET-ULO-BHI-72f1b1f90c,TK-PB-Drahi_10-d1-HET-ULO-d8d80a9180-r1,SS-5d5bbea46d20,1,0,single_solve,OPTIMAL,FEASIBLE_POINT,562269.1027698456,562269.1027698456,0,163968,163968,276952,357639,5124,0,5124,25620,5124,256,0,0,NaN,0,NaN,0.0,0.0,
1,5,TWO_STAGE_RH,STATIC_DEMAND_SHARE,shared_battery_mode_node_level_v1,SI-Drahi_10-d1-HET-ULO-BHI-72f1b1f90c,TK-PB-Drahi_10-d1-HET-ULO-d8d80a9180-r1,SS-102adc95e052,5,0,single_solve,OPTIMAL,FEASIBLE_POINT,552149.0405948024,552149.0405948024,0,163968,163968,276952,352539,5124,0,5124,25620,5124,256,0,0,NaN,0,NaN,0.0,0.0,
1,6,TWO_STAGE_RH,STATIC_DEMAND_SHARE,shared_battery_mode_node_level_v1,SI-Drahi_10-d1-HET-ULO-BHI-72f1b1f90c,TK-PB-Drahi_10-d1-HET-ULO-d8d80a9180-r1,SS-102adc95e052,5,0,single_solve,OPTIMAL,FEASIBLE_POINT,552149.0405948024,552149.0405948024,0,163968,163968,276952,352539,5124,0,5124,25620,5124,256,0,0,NaN,0,NaN,0.0,0.0,
1,7,TWO_STAGE_RH,STATIC_DEMAND_SHARE,shared_battery_mode_node_level_v1,SI-Drahi_10-d1-HET-ULO-BHI-72f1b1f90c,TK-PB-Drahi_10-d1-HET-ULO-d8d80a9180-r1,SS-102adc95e052,5,0,single_solve,OPTIMAL,FEASIBLE_POINT,552149.0405948024,552149.0405948024,0,163968,163968,276952,352539,5124,0,5124,25620,5124,256,0,0,NaN,0,NaN,7.105427357601002e-15,0.0,
1,8,TWO_STAGE_RH,STATIC_DEMAND_SHARE,shared_battery_mode_node_level_v1,SI-Drahi_10-d1-HET-ULO-BHI-72f1b1f90c,TK-PB-Drahi_10-d1-HET-ULO-d8d80a9180-r1,SS-102adc95e052,5,0,single_solve,OPTIMAL,FEASIBLE_POINT,552149.0405948024,552149.0405948024,0,163968,163968,276952,352539,5124,0,5124,25620,5124,256,0,0,NaN,0,NaN,1.4210854715202004e-14,0.0,
1,9,TWO_STAGE_RH,STATIC_DEMAND_SHARE,shared_battery_mode_node_level_v1,SI-Drahi_10-d1-HET-ULO-BHI-72f1b1f90c,TK-PB-Drahi_10-d1-HET-ULO-d8d80a9180-r1,SS-19da242d4543,9,0,single_solve,OPTIMAL,FEASIBLE_POINT,543498.0762310534,543498.0762310534,0,163968,163968,276952,352539,5124,0,5124,25620,5124,256,0,0,NaN,0,NaN,0.0,0.0,
1,10,TWO_STAGE_RH,STATIC_DEMAND_SHARE,shared_battery_mode_node_level_v1,SI-Drahi_10-d1-HET-ULO-BHI-72f1b1f90c,TK-PB-Drahi_10-d1-HET-ULO-d8d80a9180-r1,SS-19da242d4543,9,0,single_solve,OPTIMAL,FEASIBLE_POINT,543498.0762310534,543498.0762310534,0,163968,163968,276952,352539,5124,0,5124,25620,5124,256,0,0,NaN,0,NaN,0.0,0.0,
1,11,TWO_STAGE_RH,STATIC_DEMAND_SHARE,shared_battery_mode_node_level_v1,SI-Drahi_10-d1-HET-ULO-BHI-72f1b1f90c,TK-PB-Drahi_10-d1-HET-ULO-d8d80a9180-r1,SS-19da242d4543,9,0,single_solve,OPTIMAL,FEASIBLE_POINT,543498.0762310534,543498.0762310534,0,163968,163968,276952,352539,5124,0,5124,25620,5124,256,0,0,NaN,0,NaN,0.0,0.0,
1,12,TWO_STAGE_RH,STATIC_DEMAND_SHARE,shared_battery_mode_node_level_v1,SI-Drahi_10-d1-HET-ULO-BHI-72f1b1f90c,TK-PB-Drahi_10-d1-HET-ULO-d8d80a9180-r1,SS-19da242d4543,9,0,single_solve,OPTIMAL,FEASIBLE_POINT,543498.0762310534,543498.0762310534,0,163968,163968,276952,352539,5124,0,5124,25620,5124,256,0,0,NaN,0,NaN,0.0,0.0,
1,13,TWO_STAGE_RH,STATIC_DEMAND_SHARE,shared_battery_mode_node_level_v1,SI-Drahi_10-d1-HET-ULO-BHI-72f1b1f90c,TK-PB-Drahi_10-d1-HET-ULO-d8d80a9180-r1,SS-354317d12b7f,13,0,single_solve,OPTIMAL,FEASIBLE_POINT,536888.1250343523,536888.1250343523,0,163968,163968,276952,352539,5124,0,5124,25620,5124,256,0,0,NaN,0,NaN,0.0,0.0,
1,14,TWO_STAGE_RH,STATIC_DEMAND_SHARE,shared_battery_mode_node_level_v1,SI-Drahi_10-d1-HET-ULO-BHI-72f1b1f90c,TK-PB-Drahi_10-d1-HET-ULO-d8d80a9180-r1,SS-354317d12b7f,13,0,single_solve,OPTIMAL,FEASIBLE_POINT,536888.1250343523,536888.1250343523,0,163968,163968,276952,352539,5124,0,5124,25620,5124,256,0,0,NaN,0,NaN,0.0,0.0,
1,15,TWO_STAGE_RH,STATIC_DEMAND_SHARE,shared_battery_mode_node_level_v1,SI-Drahi_10-d1-HET-ULO-BHI-72f1b1f90c,TK-PB-Drahi_10-d1-HET-ULO-d8d80a9180-r1,SS-354317d12b7f,13,0,single_solve,OPTIMAL,FEASIBLE_POINT,536888.1250343523,536888.1250343523,0,163968,163968,276952,352539,5124,0,5124,25620,5124,256,0,0,NaN,0,NaN,0.0,0.0,
1,16,TWO_STAGE_RH,STATIC_DEMAND_SHARE,shared_battery_mode_node_level_v1,SI-Drahi_10-d1-HET-ULO-BHI-72f1b1f90c,TK-PB-Drahi_10-d1-HET-ULO-d8d80a9180-r1,SS-354317d12b7f,13,0,single_solve,OPTIMAL,FEASIBLE_POINT,536888.1250343523,536888.1250343523,0,163968,163968,276952,352539,5124,0,5124,25620,5124,256,0,0,NaN,0,NaN,0.0,0.0,
1,17,TWO_STAGE_RH,STATIC_DEMAND_SHARE,shared_battery_mode_node_level_v1,SI-Drahi_10-d1-HET-ULO-BHI-72f1b1f90c,TK-PB-Drahi_10-d1-HET-ULO-d8d80a9180-r1,SS-c81930d9c8ba,17,0,single_solve,OPTIMAL,FEASIBLE_POINT,534615.7039689237,534615.7039689237,0,163968,163968,276952,353814,5124,0,5124,25620,5124,256,0,0,NaN,0,NaN,1.4210854715202004e-14,0.0,
1,18,TWO_STAGE_RH,STATIC_DEMAND_SHARE,shared_battery_mode_node_level_v1,SI-Drahi_10-d1-HET-ULO-BHI-72f1b1f90c,TK-PB-Drahi_10-d1-HET-ULO-d8d80a9180-r1,SS-c81930d9c8ba,17,0,single_solve,OPTIMAL,FEASIBLE_POINT,534615.7039689237,534615.7039689237,0,163968,163968,276952,353814,5124,0,5124,25620,5124,256,0,0,NaN,0,NaN,0.0,0.0,
1,19,TWO_STAGE_RH,STATIC_DEMAND_SHARE,shared_battery_mode_node_level_v1,SI-Drahi_10-d1-HET-ULO-BHI-72f1b1f90c,TK-PB-Drahi_10-d1-HET-ULO-d8d80a9180-r1,SS-c81930d9c8ba,17,0,single_solve,OPTIMAL,FEASIBLE_POINT,534615.7039689237,534615.7039689237,0,163968,163968,276952,353814,5124,0,5124,25620,5124,256,0,0,NaN,0,NaN,1.4210854715202004e-14,0.0,
1,20,TWO_STAGE_RH,STATIC_DEMAND_SHARE,shared_battery_mode_node_level_v1,SI-Drahi_10-d1-HET-ULO-BHI-72f1b1f90c,TK-PB-Drahi_10-d1-HET-ULO-d8d80a9180-r1,SS-c81930d9c8ba,17,0,single_solve,OPTIMAL,FEASIBLE_POINT,534615.7039689237,534615.7039689237,0,163968,163968,276952,353814,5124,0,5124,25620,5124,256,0,0,NaN,0,NaN,0.0,0.0,
1,21,TWO_STAGE_RH,STATIC_DEMAND_SHARE,shared_battery_mode_node_level_v1,SI-Drahi_10-d1-HET-ULO-BHI-72f1b1f90c,TK-PB-Drahi_10-d1-HET-ULO-d8d80a9180-r1,SS-3cf9bda45ea4,21,0,single_solve,OPTIMAL,FEASIBLE_POINT,539749.2777543631,539749.2777543631,0,163968,163968,276952,357639,5124,0,5124,25620,5124,256,0,0,NaN,0,NaN,0.0,0.0,
1,22,TWO_STAGE_RH,STATIC_DEMAND_SHARE,shared_battery_mode_node_level_v1,SI-Drahi_10-d1-HET-ULO-BHI-72f1b1f90c,TK-PB-Drahi_10-d1-HET-ULO-d8d80a9180-r1,SS-3cf9bda45ea4,21,0,single_solve,OPTIMAL,FEASIBLE_POINT,539749.2777543631,539749.2777543631,0,163968,163968,276952,357639,5124,0,5124,25620,5124,256,0,0,NaN,0,NaN,0.0,0.0,
1,23,TWO_STAGE_RH,STATIC_DEMAND_SHARE,shared_battery_mode_node_level_v1,SI-Drahi_10-d1-HET-ULO-BHI-72f1b1f90c,TK-PB-Drahi_10-d1-HET-ULO-d8d80a9180-r1,SS-3cf9bda45ea4,21,0,single_solve,OPTIMAL,FEASIBLE_POINT,539749.2777543631,539749.2777543631,0,163968,163968,276952,357639,5124,0,5124,25620,5124,256,0,0,NaN,0,NaN,0.0,0.0,
1,24,TWO_STAGE_RH,STATIC_DEMAND_SHARE,shared_battery_mode_node_level_v1,SI-Drahi_10-d1-HET-ULO-BHI-72f1b1f90c,TK-PB-Drahi_10-d1-HET-ULO-d8d80a9180-r1,SS-3cf9bda45ea4,21,0,single_solve,OPTIMAL,FEASIBLE_POINT,539749.2777543631,539749.2777543631,0,163968,163968,276952,357639,5124,0,5124,25620,5124,256,0,0,NaN,0,NaN,2.831068712794149e-15,0.0,
1,1,DETERMINISTIC_RH,LEXMMFPEA,shared_battery_mode_node_level_v1,SI-Drahi_10-d1-HET-ULO-BLO-d3d04947f5,TK-PB-Drahi_10-d1-HET-ULO-d8d80a9180-r1,SS-5d5bbea46d20,1,1,lex_phase_1,OPTIMAL,FEASIBLE_POINT,243.75975215910424,243.75975215910424,0,798,798,1227,2189,24,0,24,120,24,1,0,0,NaN,0,NaN,0.0,1.0,
1,1,DETERMINISTIC_RH,LEXMMFPEA,shared_battery_mode_node_level_v1,SI-Drahi_10-d1-HET-ULO-BLO-d3d04947f5,TK-PB-Drahi_10-d1-HET-ULO-d8d80a9180-r1,SS-5d5bbea46d20,1,2,lex_phase_2,OPTIMAL,FEASIBLE_POINT,487.5195043182084,487.5195043182084,0,798,798,1228,2195,24,0,24,120,24,1,0,0,NaN,0,NaN,0.0,1.0,
1,1,DETERMINISTIC_RH,LEXMMFPEA,shared_battery_mode_node_level_v1,SI-Drahi_10-d1-HET-ULO-BLO-d3d04947f5,TK-PB-Drahi_10-d1-HET-ULO-d8d80a9180-r1,SS-5d5bbea46d20,1,3,lex_phase_3,OPTIMAL,FEASIBLE_POINT,731.2792564773126,731.2792564773126,0,798,798,1229,2201,24,0,24,120,24,1,0,0,NaN,0,NaN,0.0,1.0,
1,1,DETERMINISTIC_RH,LEXMMFPEA,shared_battery_mode_node_level_v1,SI-Drahi_10-d1-HET-ULO-BLO-d3d04947f5,TK-PB-Drahi_10-d1-HET-ULO-d8d80a9180-r1,SS-5d5bbea46d20,1,4,lex_phase_4,OPTIMAL,FEASIBLE_POINT,975.0390086364168,975.0390086364168,0,798,798,1230,2207,24,0,24,120,24,1,0,0,NaN,0,NaN,0.0,1.0,
1,1,DETERMINISTIC_RH,LEXMMFPEA,shared_battery_mode_node_level_v1,SI-Drahi_10-d1-HET-ULO-BLO-d3d04947f5,TK-PB-Drahi_10-d1-HET-ULO-d8d80a9180-r1,SS-5d5bbea46d20,1,5,lex_phase_5,OPTIMAL,FEASIBLE_POINT,1218.7987607955213,1218.7987607955213,0,798,798,1231,2213,24,0,24,120,24,1,0,0,NaN,0,NaN,0.0,1.0,
1,1,DETERMINISTIC_RH,LEXMMFPEA,shared_battery_mode_node_level_v1,SI-Drahi_10-d1-HET-ULO-BLO-d3d04947f5,TK-PB-Drahi_10-d1-HET-ULO-d8d80a9180-r1,SS-5d5bbea46d20,1,6,economic_tie_break,OPTIMAL,FEASIBLE_POINT,672475.1592209388,672475.1592209388,0,798,798,1232,2219,24,0,24,120,24,1,0,0,NaN,0,NaN,0.0,1.0,
1,2,DETERMINISTIC_RH,LEXMMFPEA,shared_battery_mode_node_level_v1,SI-Drahi_10-d1-HET-ULO-BLO-d3d04947f5,TK-PB-Drahi_10-d1-HET-ULO-d8d80a9180-r1,SS-5d5bbea46d20,1,1,lex_phase_1,OPTIMAL,FEASIBLE_POINT,243.75975215910424,243.75975215910424,0,798,798,1227,2189,24,0,24,120,24,1,0,0,NaN,0,NaN,3.126388037344441e-13,1.0,
1,2,DETERMINISTIC_RH,LEXMMFPEA,shared_battery_mode_node_level_v1,SI-Drahi_10-d1-HET-ULO-BLO-d3d04947f5,TK-PB-Drahi_10-d1-HET-ULO-d8d80a9180-r1,SS-5d5bbea46d20,1,2,lex_phase_2,OPTIMAL,FEASIBLE_POINT,487.5195043182084,487.5195043182084,0,798,798,1228,2195,24,0,24,120,24,1,0,0,NaN,0,NaN,3.126388037344441e-13,1.0,
1,2,DETERMINISTIC_RH,LEXMMFPEA,shared_battery_mode_node_level_v1,SI-Drahi_10-d1-HET-ULO-BLO-d3d04947f5,TK-PB-Drahi_10-d1-HET-ULO-d8d80a9180-r1,SS-5d5bbea46d20,1,3,lex_phase_3,OPTIMAL,FEASIBLE_POINT,731.2792564773126,731.2792564773126,0,798,798,1229,2201,24,0,24,120,24,1,0,0,NaN,0,NaN,3.126388037344441e-13,1.0,
1,2,DETERMINISTIC_RH,LEXMMFPEA,shared_battery_mode_node_level_v1,SI-Drahi_10-d1-HET-ULO-BLO-d3d04947f5,TK-PB-Drahi_10-d1-HET-ULO-d8d80a9180-r1,SS-5d5bbea46d20,1,4,lex_phase_4,OPTIMAL,FEASIBLE_POINT,975.0390086364168,975.0390086364168,0,798,798,1230,2207,24,0,24,120,24,1,0,0,NaN,0,NaN,3.126388037344441e-13,1.0,
1,2,DETERMINISTIC_RH,LEXMMFPEA,shared_battery_mode_node_level_v1,SI-Drahi_10-d1-HET-ULO-BLO-d3d04947f5,TK-PB-Drahi_10-d1-HET-ULO-d8d80a9180-r1,SS-5d5bbea46d20,1,5,lex_phase_5,OPTIMAL,FEASIBLE_POINT,1218.7987607955213,1218.7987607955213,0,798,798,1231,2213,24,0,24,120,24,1,0,0,NaN,0,NaN,3.126388037344441e-13,1.0,
1,2,DETERMINISTIC_RH,LEXMMFPEA,shared_battery_mode_node_level_v1,SI-Drahi_10-d1-HET-ULO-BLO-d3d04947f5,TK-PB-Drahi_10-d1-HET-ULO-d8d80a9180-r1,SS-5d5bbea46d20,1,6,economic_tie_break,OPTIMAL,FEASIBLE_POINT,672475.1592209388,672475.1592209388,0,798,798,1232,2219,24,0,24,120,24,1,0,0,NaN,0,NaN,3.126388037344441e-13,1.0,
1,3,DETERMINISTIC_RH,LEXMMFPEA,shared_battery_mode_node_level_v1,SI-Drahi_10-d1-HET-ULO-BLO-d3d04947f5,TK-PB-Drahi_10-d1-HET-ULO-d8d80a9180-r1,SS-5d5bbea46d20,1,1,lex_phase_1,OPTIMAL,FEASIBLE_POINT,243.75975215910424,243.75975215910424,0,798,798,1227,2189,24,0,24,120,24,1,0,0,NaN,0,NaN,3.268496584496461e-13,1.0,
1,3,DETERMINISTIC_RH,LEXMMFPEA,shared_battery_mode_node_level_v1,SI-Drahi_10-d1-HET-ULO-BLO-d3d04947f5,TK-PB-Drahi_10-d1-HET-ULO-d8d80a9180-r1,SS-5d5bbea46d20,1,2,lex_phase_2,OPTIMAL,FEASIBLE_POINT,487.5195043182084,487.5195043182084,0,798,798,1228,2195,24,0,24,120,24,1,0,0,NaN,0,NaN,3.268496584496461e-13,1.0,
1,3,DETERMINISTIC_RH,LEXMMFPEA,shared_battery_mode_node_level_v1,SI-Drahi_10-d1-HET-ULO-BLO-d3d04947f5,TK-PB-Drahi_10-d1-HET-ULO-d8d80a9180-r1,SS-5d5bbea46d20,1,3,lex_phase_3,OPTIMAL,FEASIBLE_POINT,731.2792564773126,731.2792564773126,0,798,798,1229,2201,24,0,24,120,24,1,0,0,NaN,0,NaN,3.268496584496461e-13,1.0,
1,3,DETERMINISTIC_RH,LEXMMFPEA,shared_battery_mode_node_level_v1,SI-Drahi_10-d1-HET-ULO-BLO-d3d04947f5,TK-PB-Drahi_10-d1-HET-ULO-d8d80a9180-r1,SS-5d5bbea46d20,1,4,lex_phase_4,OPTIMAL,FEASIBLE_POINT,975.0390086364168,975.0390086364168,0,798,798,1230,2207,24,0,24,120,24,1,0,0,NaN,0,NaN,3.268496584496461e-13,1.0,
1,3,DETERMINISTIC_RH,LEXMMFPEA,shared_battery_mode_node_level_v1,SI-Drahi_10-d1-HET-ULO-BLO-d3d04947f5,TK-PB-Drahi_10-d1-HET-ULO-d8d80a9180-r1,SS-5d5bbea46d20,1,5,lex_phase_5,OPTIMAL,FEASIBLE_POINT,1218.7987607955213,1218.7987607955213,0,798,798,1231,2213,24,0,24,120,24,1,0,0,NaN,0,NaN,3.268496584496461e-13,1.0,
1,3,DETERMINISTIC_RH,LEXMMFPEA,shared_battery_mode_node_level_v1,SI-Drahi_10-d1-HET-ULO-BLO-d3d04947f5,TK-PB-Drahi_10-d1-HET-ULO-d8d80a9180-r1,SS-5d5bbea46d20,1,6,economic_tie_break,OPTIMAL,FEASIBLE_POINT,672475.1592209388,672475.1592209388,0,798,798,1232,2219,24,0,24,120,24,1,0,0,NaN,0,NaN,3.268496584496461e-13,1.0,
1,4,DETERMINISTIC_RH,LEXMMFPEA,shared_battery_mode_node_level_v1,SI-Drahi_10-d1-HET-ULO-BLO-d3d04947f5,TK-PB-Drahi_10-d1-HET-ULO-d8d80a9180-r1,SS-5d5bbea46d20,1,1,lex_phase_1,OPTIMAL,FEASIBLE_POINT,243.75975215910424,243.75975215910424,0,798,798,1227,2189,24,0,24,120,24,1,0,0,NaN,0,NaN,6.821210263296962e-13,1.0,
1,4,DETERMINISTIC_RH,LEXMMFPEA,shared_battery_mode_node_level_v1,SI-Drahi_10-d1-HET-ULO-BLO-d3d04947f5,TK-PB-Drahi_10-d1-HET-ULO-d8d80a9180-r1,SS-5d5bbea46d20,1,2,lex_phase_2,OPTIMAL,FEASIBLE_POINT,487.5195043182084,487.5195043182084,0,798,798,1228,2195,24,0,24,120,24,1,0,0,NaN,0,NaN,6.821210263296962e-13,1.0,
1,4,DETERMINISTIC_RH,LEXMMFPEA,shared_battery_mode_node_level_v1,SI-Drahi_10-d1-HET-ULO-BLO-d3d04947f5,TK-PB-Drahi_10-d1-HET-ULO-d8d80a9180-r1,SS-5d5bbea46d20,1,3,lex_phase_3,OPTIMAL,FEASIBLE_POINT,731.2792564773126,731.2792564773126,0,798,798,1229,2201,24,0,24,120,24,1,0,0,NaN,0,NaN,6.821210263296962e-13,1.0,
1,4,DETERMINISTIC_RH,LEXMMFPEA,shared_battery_mode_node_level_v1,SI-Drahi_10-d1-HET-ULO-BLO-d3d04947f5,TK-PB-Drahi_10-d1-HET-ULO-d8d80a9180-r1,SS-5d5bbea46d20,1,4,lex_phase_4,OPTIMAL,FEASIBLE_POINT,975.0390086364168,975.0390086364168,0,798,798,1230,2207,24,0,24,120,24,1,0,0,NaN,0,NaN,6.821210263296962e-13,1.0,
1,4,DETERMINISTIC_RH,LEXMMFPEA,shared_battery_mode_node_level_v1,SI-Drahi_10-d1-HET-ULO-BLO-d3d04947f5,TK-PB-Drahi_10-d1-HET-ULO-d8d80a9180-r1,SS-5d5bbea46d20,1,5,lex_phase_5,OPTIMAL,FEASIBLE_POINT,1218.7987607955213,1218.7987607955213,0,798,798,1231,2213,24,0,24,120,24,1,0,0,NaN,0,NaN,6.821210263296962e-13,1.0,
1,4,DETERMINISTIC_RH,LEXMMFPEA,shared_battery_mode_node_level_v1,SI-Drahi_10-d1-HET-ULO-BLO-d3d04947f5,TK-PB-Drahi_10-d1-HET-ULO-d8d80a9180-r1,SS-5d5bbea46d20,1,6,economic_tie_break,OPTIMAL,FEASIBLE_POINT,672475.1592209388,672475.1592209388,0,798,798,1232,2219,24,0,24,120,24,1,0,0,NaN,0,NaN,6.821210263296962e-13,1.0,
1,5,DETERMINISTIC_RH,LEXMMFPEA,shared_battery_mode_node_level_v1,SI-Drahi_10-d1-HET-ULO-BLO-d3d04947f5,TK-PB-Drahi_10-d1-HET-ULO-d8d80a9180-r1,SS-102adc95e052,5,1,lex_phase_1,OPTIMAL,FEASIBLE_POINT,238.4192324657161,238.4192324657161,0,798,798,1227,2189,24,0,24,120,24,1,0,0,NaN,0,NaN,0.0,1.0000000000002274,
1,5,DETERMINISTIC_RH,LEXMMFPEA,shared_battery_mode_node_level_v1,SI-Drahi_10-d1-HET-ULO-BLO-d3d04947f5,TK-PB-Drahi_10-d1-HET-ULO-d8d80a9180-r1,SS-102adc95e052,5,2,lex_phase_2,OPTIMAL,FEASIBLE_POINT,476.8384649314322,476.8384649314322,0,798,798,1228,2195,24,0,24,120,24,1,0,0,NaN,0,NaN,0.0,1.0000000000002274,
1,5,DETERMINISTIC_RH,LEXMMFPEA,shared_battery_mode_node_level_v1,SI-Drahi_10-d1-HET-ULO-BLO-d3d04947f5,TK-PB-Drahi_10-d1-HET-ULO-d8d80a9180-r1,SS-102adc95e052,5,3,lex_phase_3,OPTIMAL,FEASIBLE_POINT,715.2576973971484,715.2576973971484,0,798,798,1229,2201,24,0,24,120,24,1,0,0,NaN,0,NaN,0.0,1.0000000000002274,
1,5,DETERMINISTIC_RH,LEXMMFPEA,shared_battery_mode_node_level_v1,SI-Drahi_10-d1-HET-ULO-BLO-d3d04947f5,TK-PB-Drahi_10-d1-HET-ULO-d8d80a9180-r1,SS-102adc95e052,5,4,lex_phase_4,OPTIMAL,FEASIBLE_POINT,953.6769298628644,953.6769298628644,0,798,798,1230,2207,24,0,24,120,24,1,0,0,NaN,0,NaN,0.0,1.0000000000002274,
1,5,DETERMINISTIC_RH,LEXMMFPEA,shared_battery_mode_node_level_v1,SI-Drahi_10-d1-HET-ULO-BLO-d3d04947f5,TK-PB-Drahi_10-d1-HET-ULO-d8d80a9180-r1,SS-102adc95e052,5,5,lex_phase_5,OPTIMAL,FEASIBLE_POINT,1192.0961623285805,1192.0961623285805,0,798,798,1231,2213,24,0,24,120,24,1,0,0,NaN,0,NaN,0.0,1.0000000000002274,
1,5,DETERMINISTIC_RH,LEXMMFPEA,shared_battery_mode_node_level_v1,SI-Drahi_10-d1-HET-ULO-BLO-d3d04947f5,TK-PB-Drahi_10-d1-HET-ULO-d8d80a9180-r1,SS-102adc95e052,5,6,economic_tie_break,OPTIMAL,FEASIBLE_POINT,664564.5388453958,664564.5388453958,0,798,798,1232,2219,24,0,24,120,24,1,0,0,NaN,0,NaN,0.0,1.0000000000002274,
1,6,DETERMINISTIC_RH,LEXMMFPEA,shared_battery_mode_node_level_v1,SI-Drahi_10-d1-HET-ULO-BLO-d3d04947f5,TK-PB-Drahi_10-d1-HET-ULO-d8d80a9180-r1,SS-102adc95e052,5,1,lex_phase_1,OPTIMAL,FEASIBLE_POINT,238.4192324657161,238.4192324657161,0,798,798,1227,2189,24,0,24,120,24,1,0,0,NaN,0,NaN,4.831690603168681e-13,1.0000000000002274,
1,6,DETERMINISTIC_RH,LEXMMFPEA,shared_battery_mode_node_level_v1,SI-Drahi_10-d1-HET-ULO-BLO-d3d04947f5,TK-PB-Drahi_10-d1-HET-ULO-d8d80a9180-r1,SS-102adc95e052,5,2,lex_phase_2,OPTIMAL,FEASIBLE_POINT,476.8384649314322,476.8384649314322,0,798,798,1228,2195,24,0,24,120,24,1,0,0,NaN,0,NaN,4.831690603168681e-13,1.0000000000002274,
1,6,DETERMINISTIC_RH,LEXMMFPEA,shared_battery_mode_node_level_v1,SI-Drahi_10-d1-HET-ULO-BLO-d3d04947f5,TK-PB-Drahi_10-d1-HET-ULO-d8d80a9180-r1,SS-102adc95e052,5,3,lex_phase_3,OPTIMAL,FEASIBLE_POINT,715.2576973971484,715.2576973971484,0,798,798,1229,2201,24,0,24,120,24,1,0,0,NaN,0,NaN,4.831690603168681e-13,1.0000000000002274,
1,6,DETERMINISTIC_RH,LEXMMFPEA,shared_battery_mode_node_level_v1,SI-Drahi_10-d1-HET-ULO-BLO-d3d04947f5,TK-PB-Drahi_10-d1-HET-ULO-d8d80a9180-r1,SS-102adc95e052,5,4,lex_phase_4,OPTIMAL,FEASIBLE_POINT,953.6769298628644,953.6769298628644,0,798,798,1230,2207,24,0,24,120,24,1,0,0,NaN,0,NaN,4.831690603168681e-13,1.0000000000002274,
1,6,DETERMINISTIC_RH,LEXMMFPEA,shared_battery_mode_node_level_v1,SI-Drahi_10-d1-HET-ULO-BLO-d3d04947f5,TK-PB-Drahi_10-d1-HET-ULO-d8d80a9180-r1,SS-102adc95e052,5,5,lex_phase_5,OPTIMAL,FEASIBLE_POINT,1192.0961623285805,1192.0961623285805,0,798,798,1231,2213,24,0,24,120,24,1,0,0,NaN,0,NaN,4.831690603168681e-13,1.0000000000002274,
1,6,DETERMINISTIC_RH,LEXMMFPEA,shared_battery_mode_node_level_v1,SI-Drahi_10-d1-HET-ULO-BLO-d3d04947f5,TK-PB-Drahi_10-d1-HET-ULO-d8d80a9180-r1,SS-102adc95e052,5,6,economic_tie_break,OPTIMAL,FEASIBLE_POINT,664564.5388453958,664564.5388453958,0,798,798,1232,2219,24,0,24,120,24,1,0,0,NaN,0,NaN,4.831690603168681e-13,1.0000000000002274,
1,7,DETERMINISTIC_RH,LEXMMFPEA,shared_battery_mode_node_level_v1,SI-Drahi_10-d1-HET-ULO-BLO-d3d04947f5,TK-PB-Drahi_10-d1-HET-ULO-d8d80a9180-r1,SS-102adc95e052,5,1,lex_phase_1,OPTIMAL,FEASIBLE_POINT,238.4192324657161,238.4192324657161,0,798,798,1227,2189,24,0,24,120,24,1,0,0,NaN,0,NaN,5.968558980384842e-13,1.0000000000002274,
1,7,DETERMINISTIC_RH,LEXMMFPEA,shared_battery_mode_node_level_v1,SI-Drahi_10-d1-HET-ULO-BLO-d3d04947f5,TK-PB-Drahi_10-d1-HET-ULO-d8d80a9180-r1,SS-102adc95e052,5,2,lex_phase_2,OPTIMAL,FEASIBLE_POINT,476.8384649314322,476.8384649314322,0,798,798,1228,2195,24,0,24,120,24,1,0,0,NaN,0,NaN,5.968558980384842e-13,1.0000000000002274,
1,7,DETERMINISTIC_RH,LEXMMFPEA,shared_battery_mode_node_level_v1,SI-Drahi_10-d1-HET-ULO-BLO-d3d04947f5,TK-PB-Drahi_10-d1-HET-ULO-d8d80a9180-r1,SS-102adc95e052,5,3,lex_phase_3,OPTIMAL,FEASIBLE_POINT,715.2576973971484,715.2576973971484,0,798,798,1229,2201,24,0,24,120,24,1,0,0,NaN,0,NaN,5.968558980384842e-13,1.0000000000002274,
1,7,DETERMINISTIC_RH,LEXMMFPEA,shared_battery_mode_node_level_v1,SI-Drahi_10-d1-HET-ULO-BLO-d3d04947f5,TK-PB-Drahi_10-d1-HET-ULO-d8d80a9180-r1,SS-102adc95e052,5,4,lex_phase_4,OPTIMAL,FEASIBLE_POINT,953.6769298628644,953.6769298628644,0,798,798,1230,2207,24,0,24,120,24,1,0,0,NaN,0,NaN,5.968558980384842e-13,1.0000000000002274,
1,7,DETERMINISTIC_RH,LEXMMFPEA,shared_battery_mode_node_level_v1,SI-Drahi_10-d1-HET-ULO-BLO-d3d04947f5,TK-PB-Drahi_10-d1-HET-ULO-d8d80a9180-r1,SS-102adc95e052,5,5,lex_phase_5,OPTIMAL,FEASIBLE_POINT,1192.0961623285805,1192.0961623285805,0,798,798,1231,2213,24,0,24,120,24,1,0,0,NaN,0,NaN,5.968558980384842e-13,1.0000000000002274,
1,7,DETERMINISTIC_RH,LEXMMFPEA,shared_battery_mode_node_level_v1,SI-Drahi_10-d1-HET-ULO-BLO-d3d04947f5,TK-PB-Drahi_10-d1-HET-ULO-d8d80a9180-r1,SS-102adc95e052,5,6,economic_tie_break,OPTIMAL,FEASIBLE_POINT,664564.5388453958,664564.5388453958,0,798,798,1232,2219,24,0,24,120,24,1,0,0,NaN,0,NaN,5.968558980384842e-13,1.0000000000002274,
1,8,DETERMINISTIC_RH,LEXMMFPEA,shared_battery_mode_node_level_v1,SI-Drahi_10-d1-HET-ULO-BLO-d3d04947f5,TK-PB-Drahi_10-d1-HET-ULO-d8d80a9180-r1,SS-102adc95e052,5,1,lex_phase_1,OPTIMAL,FEASIBLE_POINT,238.4192324657161,238.4192324657161,0,798,798,1227,2189,24,0,24,120,24,1,0,0,NaN,0,NaN,4.973799150320701e-13,1.0000000000002274,
1,8,DETERMINISTIC_RH,LEXMMFPEA,shared_battery_mode_node_level_v1,SI-Drahi_10-d1-HET-ULO-BLO-d3d04947f5,TK-PB-Drahi_10-d1-HET-ULO-d8d80a9180-r1,SS-102adc95e052,5,2,lex_phase_2,OPTIMAL,FEASIBLE_POINT,476.8384649314322,476.8384649314322,0,798,798,1228,2195,24,0,24,120,24,1,0,0,NaN,0,NaN,4.973799150320701e-13,1.0000000000002274,
1,8,DETERMINISTIC_RH,LEXMMFPEA,shared_battery_mode_node_level_v1,SI-Drahi_10-d1-HET-ULO-BLO-d3d04947f5,TK-PB-Drahi_10-d1-HET-ULO-d8d80a9180-r1,SS-102adc95e052,5,3,lex_phase_3,OPTIMAL,FEASIBLE_POINT,715.2576973971484,715.2576973971484,0,798,798,1229,2201,24,0,24,120,24,1,0,0,NaN,0,NaN,4.973799150320701e-13,1.0000000000002274,
1,8,DETERMINISTIC_RH,LEXMMFPEA,shared_battery_mode_node_level_v1,SI-Drahi_10-d1-HET-ULO-BLO-d3d04947f5,TK-PB-Drahi_10-d1-HET-ULO-d8d80a9180-r1,SS-102adc95e052,5,4,lex_phase_4,OPTIMAL,FEASIBLE_POINT,953.6769298628644,953.6769298628644,0,798,798,1230,2207,24,0,24,120,24,1,0,0,NaN,0,NaN,4.973799150320701e-13,1.0000000000002274,
1,8,DETERMINISTIC_RH,LEXMMFPEA,shared_battery_mode_node_level_v1,SI-Drahi_10-d1-HET-ULO-BLO-d3d04947f5,TK-PB-Drahi_10-d1-HET-ULO-d8d80a9180-r1,SS-102adc95e052,5,5,lex_phase_5,OPTIMAL,FEASIBLE_POINT,1192.0961623285805,1192.0961623285805,0,798,798,1231,2213,24,0,24,120,24,1,0,0,NaN,0,NaN,4.973799150320701e-13,1.0000000000002274,
1,8,DETERMINISTIC_RH,LEXMMFPEA,shared_battery_mode_node_level_v1,SI-Drahi_10-d1-HET-ULO-BLO-d3d04947f5,TK-PB-Drahi_10-d1-HET-ULO-d8d80a9180-r1,SS-102adc95e052,5,6,economic_tie_break,OPTIMAL,FEASIBLE_POINT,664564.5388453958,664564.5388453958,0,798,798,1232,2219,24,0,24,120,24,1,0,0,NaN,0,NaN,4.973799150320701e-13,1.0000000000002274,
1,9,DETERMINISTIC_RH,LEXMMFPEA,shared_battery_mode_node_level_v1,SI-Drahi_10-d1-HET-ULO-BLO-d3d04947f5,TK-PB-Drahi_10-d1-HET-ULO-d8d80a9180-r1,SS-19da242d4543,9,1,lex_phase_1,OPTIMAL,FEASIBLE_POINT,310.08039671184014,310.08039671184014,0,798,798,1227,2189,24,0,24,120,24,1,0,0,NaN,0,NaN,0.0,0.9999999999997726,
1,9,DETERMINISTIC_RH,LEXMMFPEA,shared_battery_mode_node_level_v1,SI-Drahi_10-d1-HET-ULO-BLO-d3d04947f5,TK-PB-Drahi_10-d1-HET-ULO-d8d80a9180-r1,SS-19da242d4543,9,2,lex_phase_2,OPTIMAL,FEASIBLE_POINT,620.1607934236803,620.1607934236803,0,798,798,1228,2195,24,0,24,120,24,1,0,0,NaN,0,NaN,0.0,0.9999999999997726,
1,9,DETERMINISTIC_RH,LEXMMFPEA,shared_battery_mode_node_level_v1,SI-Drahi_10-d1-HET-ULO-BLO-d3d04947f5,TK-PB-Drahi_10-d1-HET-ULO-d8d80a9180-r1,SS-19da242d4543,9,3,lex_phase_3,OPTIMAL,FEASIBLE_POINT,930.2411901355204,930.2411901355204,0,798,798,1229,2201,24,0,24,120,24,1,0,0,NaN,0,NaN,0.0,0.9999999999997726,
1,9,DETERMINISTIC_RH,LEXMMFPEA,shared_battery_mode_node_level_v1,SI-Drahi_10-d1-HET-ULO-BLO-d3d04947f5,TK-PB-Drahi_10-d1-HET-ULO-d8d80a9180-r1,SS-19da242d4543,9,4,lex_phase_4,OPTIMAL,FEASIBLE_POINT,1240.3215868473605,1240.3215868473605,0,798,798,1230,2207,24,0,24,120,24,1,0,0,NaN,0,NaN,0.0,0.9999999999997726,
1,9,DETERMINISTIC_RH,LEXMMFPEA,shared_battery_mode_node_level_v1,SI-Drahi_10-d1-HET-ULO-BLO-d3d04947f5,TK-PB-Drahi_10-d1-HET-ULO-d8d80a9180-r1,SS-19da242d4543,9,5,lex_phase_5,OPTIMAL,FEASIBLE_POINT,1550.4019835592003,1550.4019835592003,0,798,798,1231,2213,24,0,24,120,24,1,0,0,NaN,0,NaN,0.0,0.9999999999997726,
1,9,DETERMINISTIC_RH,LEXMMFPEA,shared_battery_mode_node_level_v1,SI-Drahi_10-d1-HET-ULO-BLO-d3d04947f5,TK-PB-Drahi_10-d1-HET-ULO-d8d80a9180-r1,SS-19da242d4543,9,6,economic_tie_break,OPTIMAL,FEASIBLE_POINT,667933.3433921435,667933.3433921435,0,798,798,1232,2219,24,0,24,120,24,1,0,0,NaN,0,NaN,0.0,0.9999999999997726,
1,10,DETERMINISTIC_RH,LEXMMFPEA,shared_battery_mode_node_level_v1,SI-Drahi_10-d1-HET-ULO-BLO-d3d04947f5,TK-PB-Drahi_10-d1-HET-ULO-d8d80a9180-r1,SS-19da242d4543,9,1,lex_phase_1,OPTIMAL,FEASIBLE_POINT,310.08039671184014,310.08039671184014,0,798,798,1227,2189,24,0,24,120,24,1,0,0,NaN,0,NaN,4.547473508864641e-13,0.9999999999997726,
1,10,DETERMINISTIC_RH,LEXMMFPEA,shared_battery_mode_node_level_v1,SI-Drahi_10-d1-HET-ULO-BLO-d3d04947f5,TK-PB-Drahi_10-d1-HET-ULO-d8d80a9180-r1,SS-19da242d4543,9,2,lex_phase_2,OPTIMAL,FEASIBLE_POINT,620.1607934236803,620.1607934236803,0,798,798,1228,2195,24,0,24,120,24,1,0,0,NaN,0,NaN,4.547473508864641e-13,0.9999999999997726,
1,10,DETERMINISTIC_RH,LEXMMFPEA,shared_battery_mode_node_level_v1,SI-Drahi_10-d1-HET-ULO-BLO-d3d04947f5,TK-PB-Drahi_10-d1-HET-ULO-d8d80a9180-r1,SS-19da242d4543,9,3,lex_phase_3,OPTIMAL,FEASIBLE_POINT,930.2411901355204,930.2411901355204,0,798,798,1229,2201,24,0,24,120,24,1,0,0,NaN,0,NaN,4.547473508864641e-13,0.9999999999997726,
1,10,DETERMINISTIC_RH,LEXMMFPEA,shared_battery_mode_node_level_v1,SI-Drahi_10-d1-HET-ULO-BLO-d3d04947f5,TK-PB-Drahi_10-d1-HET-ULO-d8d80a9180-r1,SS-19da242d4543,9,4,lex_phase_4,OPTIMAL,FEASIBLE_POINT,1240.3215868473605,1240.3215868473605,0,798,798,1230,2207,24,0,24,120,24,1,0,0,NaN,0,NaN,4.547473508864641e-13,0.9999999999997726,
1,10,DETERMINISTIC_RH,LEXMMFPEA,shared_battery_mode_node_level_v1,SI-Drahi_10-d1-HET-ULO-BLO-d3d04947f5,TK-PB-Drahi_10-d1-HET-ULO-d8d80a9180-r1,SS-19da242d4543,9,5,lex_phase_5,OPTIMAL,FEASIBLE_POINT,1550.4019835592003,1550.4019835592003,0,798,798,1231,2213,24,0,24,120,24,1,0,0,NaN,0,NaN,4.547473508864641e-13,0.9999999999997726,
1,10,DETERMINISTIC_RH,LEXMMFPEA,shared_battery_mode_node_level_v1,SI-Drahi_10-d1-HET-ULO-BLO-d3d04947f5,TK-PB-Drahi_10-d1-HET-ULO-d8d80a9180-r1,SS-19da242d4543,9,6,economic_tie_break,OPTIMAL,FEASIBLE_POINT,667933.3433921435,667933.3433921435,0,798,798,1232,2219,24,0,24,120,24,1,0,0,NaN,0,NaN,4.547473508864641e-13,0.9999999999997726,
1,11,DETERMINISTIC_RH,LEXMMFPEA,shared_battery_mode_node_level_v1,SI-Drahi_10-d1-HET-ULO-BLO-d3d04947f5,TK-PB-Drahi_10-d1-HET-ULO-d8d80a9180-r1,SS-19da242d4543,9,1,lex_phase_1,OPTIMAL,FEASIBLE_POINT,310.08039671184014,310.08039671184014,0,798,798,1227,2189,24,0,24,120,24,1,0,0,NaN,0,NaN,5.400124791776761e-13,0.9999999999997726,
1,11,DETERMINISTIC_RH,LEXMMFPEA,shared_battery_mode_node_level_v1,SI-Drahi_10-d1-HET-ULO-BLO-d3d04947f5,TK-PB-Drahi_10-d1-HET-ULO-d8d80a9180-r1,SS-19da242d4543,9,2,lex_phase_2,OPTIMAL,FEASIBLE_POINT,620.1607934236803,620.1607934236803,0,798,798,1228,2195,24,0,24,120,24,1,0,0,NaN,0,NaN,5.400124791776761e-13,0.9999999999997726,
1,11,DETERMINISTIC_RH,LEXMMFPEA,shared_battery_mode_node_level_v1,SI-Drahi_10-d1-HET-ULO-BLO-d3d04947f5,TK-PB-Drahi_10-d1-HET-ULO-d8d80a9180-r1,SS-19da242d4543,9,3,lex_phase_3,OPTIMAL,FEASIBLE_POINT,930.2411901355204,930.2411901355204,0,798,798,1229,2201,24,0,24,120,24,1,0,0,NaN,0,NaN,5.400124791776761e-13,0.9999999999997726,
1,11,DETERMINISTIC_RH,LEXMMFPEA,shared_battery_mode_node_level_v1,SI-Drahi_10-d1-HET-ULO-BLO-d3d04947f5,TK-PB-Drahi_10-d1-HET-ULO-d8d80a9180-r1,SS-19da242d4543,9,4,lex_phase_4,OPTIMAL,FEASIBLE_POINT,1240.3215868473605,1240.3215868473605,0,798,798,1230,2207,24,0,24,120,24,1,0,0,NaN,0,NaN,5.400124791776761e-13,0.9999999999997726,
1,11,DETERMINISTIC_RH,LEXMMFPEA,shared_battery_mode_node_level_v1,SI-Drahi_10-d1-HET-ULO-BLO-d3d04947f5,TK-PB-Drahi_10-d1-HET-ULO-d8d80a9180-r1,SS-19da242d4543,9,5,lex_phase_5,OPTIMAL,FEASIBLE_POINT,1550.4019835592003,1550.4019835592003,0,798,798,1231,2213,24,0,24,120,24,1,0,0,NaN,0,NaN,5.400124791776761e-13,0.9999999999997726,
1,11,DETERMINISTIC_RH,LEXMMFPEA,shared_battery_mode_node_level_v1,SI-Drahi_10-d1-HET-ULO-BLO-d3d04947f5,TK-PB-Drahi_10-d1-HET-ULO-d8d80a9180-r1,SS-19da242d4543,9,6,economic_tie_break,OPTIMAL,FEASIBLE_POINT,667933.3433921435,667933.3433921435,0,798,798,1232,2219,24,0,24,120,24,1,0,0,NaN,0,NaN,5.400124791776761e-13,0.9999999999997726,
1,12,DETERMINISTIC_RH,LEXMMFPEA,shared_battery_mode_node_level_v1,SI-Drahi_10-d1-HET-ULO-BLO-d3d04947f5,TK-PB-Drahi_10-d1-HET-ULO-d8d80a9180-r1,SS-19da242d4543,9,1,lex_phase_1,OPTIMAL,FEASIBLE_POINT,310.08039671184014,310.08039671184014,0,798,798,1227,2189,24,0,24,120,24,1,0,0,NaN,0,NaN,5.542233338928781e-13,0.9999999999997726,
1,12,DETERMINISTIC_RH,LEXMMFPEA,shared_battery_mode_node_level_v1,SI-Drahi_10-d1-HET-ULO-BLO-d3d04947f5,TK-PB-Drahi_10-d1-HET-ULO-d8d80a9180-r1,SS-19da242d4543,9,2,lex_phase_2,OPTIMAL,FEASIBLE_POINT,620.1607934236803,620.1607934236803,0,798,798,1228,2195,24,0,24,120,24,1,0,0,NaN,0,NaN,5.542233338928781e-13,0.9999999999997726,
1,12,DETERMINISTIC_RH,LEXMMFPEA,shared_battery_mode_node_level_v1,SI-Drahi_10-d1-HET-ULO-BLO-d3d04947f5,TK-PB-Drahi_10-d1-HET-ULO-d8d80a9180-r1,SS-19da242d4543,9,3,lex_phase_3,OPTIMAL,FEASIBLE_POINT,930.2411901355204,930.2411901355204,0,798,798,1229,2201,24,0,24,120,24,1,0,0,NaN,0,NaN,5.542233338928781e-13,0.9999999999997726,
1,12,DETERMINISTIC_RH,LEXMMFPEA,shared_battery_mode_node_level_v1,SI-Drahi_10-d1-HET-ULO-BLO-d3d04947f5,TK-PB-Drahi_10-d1-HET-ULO-d8d80a9180-r1,SS-19da242d4543,9,4,lex_phase_4,OPTIMAL,FEASIBLE_POINT,1240.3215868473605,1240.3215868473605,0,798,798,1230,2207,24,0,24,120,24,1,0,0,NaN,0,NaN,5.542233338928781e-13,0.9999999999997726,
1,12,DETERMINISTIC_RH,LEXMMFPEA,shared_battery_mode_node_level_v1,SI-Drahi_10-d1-HET-ULO-BLO-d3d04947f5,TK-PB-Drahi_10-d1-HET-ULO-d8d80a9180-r1,SS-19da242d4543,9,5,lex_phase_5,OPTIMAL,FEASIBLE_POINT,1550.4019835592003,1550.4019835592003,0,798,798,1231,2213,24,0,24,120,24,1,0,0,NaN,0,NaN,5.542233338928781e-13,0.9999999999997726,
1,12,DETERMINISTIC_RH,LEXMMFPEA,shared_battery_mode_node_level_v1,SI-Drahi_10-d1-HET-ULO-BLO-d3d04947f5,TK-PB-Drahi_10-d1-HET-ULO-d8d80a9180-r1,SS-19da242d4543,9,6,economic_tie_break,OPTIMAL,FEASIBLE_POINT,667933.3433921435,667933.3433921435,0,798,798,1232,2219,24,0,24,120,24,1,0,0,NaN,0,NaN,5.542233338928781e-13,0.9999999999997726,
1,13,DETERMINISTIC_RH,LEXMMFPEA,shared_battery_mode_node_level_v1,SI-Drahi_10-d1-HET-ULO-BLO-d3d04947f5,TK-PB-Drahi_10-d1-HET-ULO-d8d80a9180-r1,SS-354317d12b7f,13,1,lex_phase_1,OPTIMAL,FEASIBLE_POINT,405.96628260599533,405.96628260599533,0,798,798,1227,2189,24,0,24,120,24,1,0,0,NaN,0,NaN,2.730617608409986,1.0,
1,13,DETERMINISTIC_RH,LEXMMFPEA,shared_battery_mode_node_level_v1,SI-Drahi_10-d1-HET-ULO-BLO-d3d04947f5,TK-PB-Drahi_10-d1-HET-ULO-d8d80a9180-r1,SS-354317d12b7f,13,2,lex_phase_2,OPTIMAL,FEASIBLE_POINT,811.9325652119905,811.9325652119905,0,798,798,1228,2195,24,0,24,120,24,1,0,0,NaN,0,NaN,2.730617608409986,1.0,
1,13,DETERMINISTIC_RH,LEXMMFPEA,shared_battery_mode_node_level_v1,SI-Drahi_10-d1-HET-ULO-BLO-d3d04947f5,TK-PB-Drahi_10-d1-HET-ULO-d8d80a9180-r1,SS-354317d12b7f,13,3,lex_phase_3,OPTIMAL,FEASIBLE_POINT,1217.8988478179858,1217.8988478179858,0,798,798,1229,2201,24,0,24,120,24,1,0,0,NaN,0,NaN,2.730617608409986,1.0,
1,13,DETERMINISTIC_RH,LEXMMFPEA,shared_battery_mode_node_level_v1,SI-Drahi_10-d1-HET-ULO-BLO-d3d04947f5,TK-PB-Drahi_10-d1-HET-ULO-d8d80a9180-r1,SS-354317d12b7f,13,4,lex_phase_4,OPTIMAL,FEASIBLE_POINT,1623.865130423981,1623.865130423981,0,798,798,1230,2207,24,0,24,120,24,1,0,0,NaN,0,NaN,2.730617608409986,1.0,
1,13,DETERMINISTIC_RH,LEXMMFPEA,shared_battery_mode_node_level_v1,SI-Drahi_10-d1-HET-ULO-BLO-d3d04947f5,TK-PB-Drahi_10-d1-HET-ULO-d8d80a9180-r1,SS-354317d12b7f,13,5,lex_phase_5,OPTIMAL,FEASIBLE_POINT,2029.8314130299766,2029.8314130299766,0,798,798,1231,2213,24,0,24,120,24,1,0,0,NaN,0,NaN,2.730617608409986,1.0,
1,13,DETERMINISTIC_RH,LEXMMFPEA,shared_battery_mode_node_level_v1,SI-Drahi_10-d1-HET-ULO-BLO-d3d04947f5,TK-PB-Drahi_10-d1-HET-ULO-d8d80a9180-r1,SS-354317d12b7f,13,6,economic_tie_break,OPTIMAL,FEASIBLE_POINT,660231.7544388643,660231.7544388643,0,798,798,1232,2219,24,0,24,120,24,1,0,0,NaN,0,NaN,2.730617608409986,1.0,
1,14,DETERMINISTIC_RH,LEXMMFPEA,shared_battery_mode_node_level_v1,SI-Drahi_10-d1-HET-ULO-BLO-d3d04947f5,TK-PB-Drahi_10-d1-HET-ULO-d8d80a9180-r1,SS-354317d12b7f,13,1,lex_phase_1,OPTIMAL,FEASIBLE_POINT,405.96628260599533,405.96628260599533,0,798,798,1227,2189,24,0,24,120,24,1,0,0,NaN,0,NaN,2.8421709430404007e-13,1.0,
1,14,DETERMINISTIC_RH,LEXMMFPEA,shared_battery_mode_node_level_v1,SI-Drahi_10-d1-HET-ULO-BLO-d3d04947f5,TK-PB-Drahi_10-d1-HET-ULO-d8d80a9180-r1,SS-354317d12b7f,13,2,lex_phase_2,OPTIMAL,FEASIBLE_POINT,811.9325652119905,811.9325652119905,0,798,798,1228,2195,24,0,24,120,24,1,0,0,NaN,0,NaN,2.8421709430404007e-13,1.0,
1,14,DETERMINISTIC_RH,LEXMMFPEA,shared_battery_mode_node_level_v1,SI-Drahi_10-d1-HET-ULO-BLO-d3d04947f5,TK-PB-Drahi_10-d1-HET-ULO-d8d80a9180-r1,SS-354317d12b7f,13,3,lex_phase_3,OPTIMAL,FEASIBLE_POINT,1217.8988478179858,1217.8988478179858,0,798,798,1229,2201,24,0,24,120,24,1,0,0,NaN,0,NaN,2.8421709430404007e-13,1.0,
1,14,DETERMINISTIC_RH,LEXMMFPEA,shared_battery_mode_node_level_v1,SI-Drahi_10-d1-HET-ULO-BLO-d3d04947f5,TK-PB-Drahi_10-d1-HET-ULO-d8d80a9180-r1,SS-354317d12b7f,13,4,lex_phase_4,OPTIMAL,FEASIBLE_POINT,1623.865130423981,1623.865130423981,0,798,798,1230,2207,24,0,24,120,24,1,0,0,NaN,0,NaN,2.8421709430404007e-13,1.0,
1,14,DETERMINISTIC_RH,LEXMMFPEA,shared_battery_mode_node_level_v1,SI-Drahi_10-d1-HET-ULO-BLO-d3d04947f5,TK-PB-Drahi_10-d1-HET-ULO-d8d80a9180-r1,SS-354317d12b7f,13,5,lex_phase_5,OPTIMAL,FEASIBLE_POINT,2029.8314130299766,2029.8314130299766,0,798,798,1231,2213,24,0,24,120,24,1,0,0,NaN,0,NaN,2.8421709430404007e-13,1.0,
1,14,DETERMINISTIC_RH,LEXMMFPEA,shared_battery_mode_node_level_v1,SI-Drahi_10-d1-HET-ULO-BLO-d3d04947f5,TK-PB-Drahi_10-d1-HET-ULO-d8d80a9180-r1,SS-354317d12b7f,13,6,economic_tie_break,OPTIMAL,FEASIBLE_POINT,660231.7544388643,660231.7544388643,0,798,798,1232,2219,24,0,24,120,24,1,0,0,NaN,0,NaN,2.8421709430404007e-13,1.0,
1,15,DETERMINISTIC_RH,LEXMMFPEA,shared_battery_mode_node_level_v1,SI-Drahi_10-d1-HET-ULO-BLO-d3d04947f5,TK-PB-Drahi_10-d1-HET-ULO-d8d80a9180-r1,SS-354317d12b7f,13,1,lex_phase_1,OPTIMAL,FEASIBLE_POINT,405.96628260599533,405.96628260599533,0,798,798,1227,2189,24,0,24,120,24,1,0,0,NaN,0,NaN,4.0,1.0,
1,15,DETERMINISTIC_RH,LEXMMFPEA,shared_battery_mode_node_level_v1,SI-Drahi_10-d1-HET-ULO-BLO-d3d04947f5,TK-PB-Drahi_10-d1-HET-ULO-d8d80a9180-r1,SS-354317d12b7f,13,2,lex_phase_2,OPTIMAL,FEASIBLE_POINT,811.9325652119905,811.9325652119905,0,798,798,1228,2195,24,0,24,120,24,1,0,0,NaN,0,NaN,4.0,1.0,
1,15,DETERMINISTIC_RH,LEXMMFPEA,shared_battery_mode_node_level_v1,SI-Drahi_10-d1-HET-ULO-BLO-d3d04947f5,TK-PB-Drahi_10-d1-HET-ULO-d8d80a9180-r1,SS-354317d12b7f,13,3,lex_phase_3,OPTIMAL,FEASIBLE_POINT,1217.8988478179858,1217.8988478179858,0,798,798,1229,2201,24,0,24,120,24,1,0,0,NaN,0,NaN,4.0,1.0,
1,15,DETERMINISTIC_RH,LEXMMFPEA,shared_battery_mode_node_level_v1,SI-Drahi_10-d1-HET-ULO-BLO-d3d04947f5,TK-PB-Drahi_10-d1-HET-ULO-d8d80a9180-r1,SS-354317d12b7f,13,4,lex_phase_4,OPTIMAL,FEASIBLE_POINT,1623.865130423981,1623.865130423981,0,798,798,1230,2207,24,0,24,120,24,1,0,0,NaN,0,NaN,4.0,1.0,
1,15,DETERMINISTIC_RH,LEXMMFPEA,shared_battery_mode_node_level_v1,SI-Drahi_10-d1-HET-ULO-BLO-d3d04947f5,TK-PB-Drahi_10-d1-HET-ULO-d8d80a9180-r1,SS-354317d12b7f,13,5,lex_phase_5,OPTIMAL,FEASIBLE_POINT,2029.8314130299766,2029.8314130299766,0,798,798,1231,2213,24,0,24,120,24,1,0,0,NaN,0,NaN,4.0,1.0,
1,15,DETERMINISTIC_RH,LEXMMFPEA,shared_battery_mode_node_level_v1,SI-Drahi_10-d1-HET-ULO-BLO-d3d04947f5,TK-PB-Drahi_10-d1-HET-ULO-d8d80a9180-r1,SS-354317d12b7f,13,6,economic_tie_break,OPTIMAL,FEASIBLE_POINT,660231.7544388643,660231.7544388643,0,798,798,1232,2219,24,0,24,120,24,1,0,0,NaN,0,NaN,4.0,1.0,
1,16,DETERMINISTIC_RH,LEXMMFPEA,shared_battery_mode_node_level_v1,SI-Drahi_10-d1-HET-ULO-BLO-d3d04947f5,TK-PB-Drahi_10-d1-HET-ULO-d8d80a9180-r1,SS-354317d12b7f,13,1,lex_phase_1,OPTIMAL,FEASIBLE_POINT,405.96628260599533,405.96628260599533,0,798,798,1227,2189,24,0,24,120,24,1,0,0,NaN,0,NaN,5.115907697472721e-13,1.0,
1,16,DETERMINISTIC_RH,LEXMMFPEA,shared_battery_mode_node_level_v1,SI-Drahi_10-d1-HET-ULO-BLO-d3d04947f5,TK-PB-Drahi_10-d1-HET-ULO-d8d80a9180-r1,SS-354317d12b7f,13,2,lex_phase_2,OPTIMAL,FEASIBLE_POINT,811.9325652119905,811.9325652119905,0,798,798,1228,2195,24,0,24,120,24,1,0,0,NaN,0,NaN,5.115907697472721e-13,1.0,
1,16,DETERMINISTIC_RH,LEXMMFPEA,shared_battery_mode_node_level_v1,SI-Drahi_10-d1-HET-ULO-BLO-d3d04947f5,TK-PB-Drahi_10-d1-HET-ULO-d8d80a9180-r1,SS-354317d12b7f,13,3,lex_phase_3,OPTIMAL,FEASIBLE_POINT,1217.8988478179858,1217.8988478179858,0,798,798,1229,2201,24,0,24,120,24,1,0,0,NaN,0,NaN,5.115907697472721e-13,1.0,
1,16,DETERMINISTIC_RH,LEXMMFPEA,shared_battery_mode_node_level_v1,SI-Drahi_10-d1-HET-ULO-BLO-d3d04947f5,TK-PB-Drahi_10-d1-HET-ULO-d8d80a9180-r1,SS-354317d12b7f,13,4,lex_phase_4,OPTIMAL,FEASIBLE_POINT,1623.865130423981,1623.865130423981,0,798,798,1230,2207,24,0,24,120,24,1,0,0,NaN,0,NaN,5.115907697472721e-13,1.0,
1,16,DETERMINISTIC_RH,LEXMMFPEA,shared_battery_mode_node_level_v1,SI-Drahi_10-d1-HET-ULO-BLO-d3d04947f5,TK-PB-Drahi_10-d1-HET-ULO-d8d80a9180-r1,SS-354317d12b7f,13,5,lex_phase_5,OPTIMAL,FEASIBLE_POINT,2029.8314130299766,2029.8314130299766,0,798,798,1231,2213,24,0,24,120,24,1,0,0,NaN,0,NaN,5.115907697472721e-13,1.0,
1,16,DETERMINISTIC_RH,LEXMMFPEA,shared_battery_mode_node_level_v1,SI-Drahi_10-d1-HET-ULO-BLO-d3d04947f5,TK-PB-Drahi_10-d1-HET-ULO-d8d80a9180-r1,SS-354317d12b7f,13,6,economic_tie_break,OPTIMAL,FEASIBLE_POINT,660231.7544388643,660231.7544388643,0,798,798,1232,2219,24,0,24,120,24,1,0,0,NaN,0,NaN,5.115907697472721e-13,1.0,
1,17,DETERMINISTIC_RH,LEXMMFPEA,shared_battery_mode_node_level_v1,SI-Drahi_10-d1-HET-ULO-BLO-d3d04947f5,TK-PB-Drahi_10-d1-HET-ULO-d8d80a9180-r1,SS-c81930d9c8ba,17,1,lex_phase_1,OPTIMAL,FEASIBLE_POINT,490.27173436355196,490.27173436355196,0,798,798,1227,2189,24,0,24,120,24,1,0,0,NaN,0,NaN,0.0,1.0,
1,17,DETERMINISTIC_RH,LEXMMFPEA,shared_battery_mode_node_level_v1,SI-Drahi_10-d1-HET-ULO-BLO-d3d04947f5,TK-PB-Drahi_10-d1-HET-ULO-d8d80a9180-r1,SS-c81930d9c8ba,17,2,lex_phase_2,OPTIMAL,FEASIBLE_POINT,980.5434687271039,980.5434687271039,0,798,798,1228,2195,24,0,24,120,24,1,0,0,NaN,0,NaN,0.0,1.0,
1,17,DETERMINISTIC_RH,LEXMMFPEA,shared_battery_mode_node_level_v1,SI-Drahi_10-d1-HET-ULO-BLO-d3d04947f5,TK-PB-Drahi_10-d1-HET-ULO-d8d80a9180-r1,SS-c81930d9c8ba,17,3,lex_phase_3,OPTIMAL,FEASIBLE_POINT,1470.8152030906558,1470.8152030906558,0,798,798,1229,2201,24,0,24,120,24,1,0,0,NaN,0,NaN,0.0,1.0,
1,17,DETERMINISTIC_RH,LEXMMFPEA,shared_battery_mode_node_level_v1,SI-Drahi_10-d1-HET-ULO-BLO-d3d04947f5,TK-PB-Drahi_10-d1-HET-ULO-d8d80a9180-r1,SS-c81930d9c8ba,17,4,lex_phase_4,OPTIMAL,FEASIBLE_POINT,1961.0869374542078,1961.0869374542078,0,798,798,1230,2207,24,0,24,120,24,1,0,0,NaN,0,NaN,0.0,1.0,
1,17,DETERMINISTIC_RH,LEXMMFPEA,shared_battery_mode_node_level_v1,SI-Drahi_10-d1-HET-ULO-BLO-d3d04947f5,TK-PB-Drahi_10-d1-HET-ULO-d8d80a9180-r1,SS-c81930d9c8ba,17,5,lex_phase_5,OPTIMAL,FEASIBLE_POINT,2451.3586718177594,2451.3586718177594,0,798,798,1231,2213,24,0,24,120,24,1,0,0,NaN,0,NaN,0.0,1.0,
1,17,DETERMINISTIC_RH,LEXMMFPEA,shared_battery_mode_node_level_v1,SI-Drahi_10-d1-HET-ULO-BLO-d3d04947f5,TK-PB-Drahi_10-d1-HET-ULO-d8d80a9180-r1,SS-c81930d9c8ba,17,6,economic_tie_break,OPTIMAL,FEASIBLE_POINT,675494.673221833,675494.673221833,0,798,798,1232,2219,24,0,24,120,24,1,0,0,NaN,0,NaN,0.0,1.0,
1,18,DETERMINISTIC_RH,LEXMMFPEA,shared_battery_mode_node_level_v1,SI-Drahi_10-d1-HET-ULO-BLO-d3d04947f5,TK-PB-Drahi_10-d1-HET-ULO-d8d80a9180-r1,SS-c81930d9c8ba,17,1,lex_phase_1,OPTIMAL,FEASIBLE_POINT,490.27173436355196,490.27173436355196,0,798,798,1227,2189,24,0,24,120,24,1,0,0,NaN,0,NaN,2.2737367544323206e-13,1.0,
1,18,DETERMINISTIC_RH,LEXMMFPEA,shared_battery_mode_node_level_v1,SI-Drahi_10-d1-HET-ULO-BLO-d3d04947f5,TK-PB-Drahi_10-d1-HET-ULO-d8d80a9180-r1,SS-c81930d9c8ba,17,2,lex_phase_2,OPTIMAL,FEASIBLE_POINT,980.5434687271039,980.5434687271039,0,798,798,1228,2195,24,0,24,120,24,1,0,0,NaN,0,NaN,2.2737367544323206e-13,1.0,
1,18,DETERMINISTIC_RH,LEXMMFPEA,shared_battery_mode_node_level_v1,SI-Drahi_10-d1-HET-ULO-BLO-d3d04947f5,TK-PB-Drahi_10-d1-HET-ULO-d8d80a9180-r1,SS-c81930d9c8ba,17,3,lex_phase_3,OPTIMAL,FEASIBLE_POINT,1470.8152030906558,1470.8152030906558,0,798,798,1229,2201,24,0,24,120,24,1,0,0,NaN,0,NaN,2.2737367544323206e-13,1.0,
1,18,DETERMINISTIC_RH,LEXMMFPEA,shared_battery_mode_node_level_v1,SI-Drahi_10-d1-HET-ULO-BLO-d3d04947f5,TK-PB-Drahi_10-d1-HET-ULO-d8d80a9180-r1,SS-c81930d9c8ba,17,4,lex_phase_4,OPTIMAL,FEASIBLE_POINT,1961.0869374542078,1961.0869374542078,0,798,798,1230,2207,24,0,24,120,24,1,0,0,NaN,0,NaN,2.2737367544323206e-13,1.0,
1,18,DETERMINISTIC_RH,LEXMMFPEA,shared_battery_mode_node_level_v1,SI-Drahi_10-d1-HET-ULO-BLO-d3d04947f5,TK-PB-Drahi_10-d1-HET-ULO-d8d80a9180-r1,SS-c81930d9c8ba,17,5,lex_phase_5,OPTIMAL,FEASIBLE_POINT,2451.3586718177594,2451.3586718177594,0,798,798,1231,2213,24,0,24,120,24,1,0,0,NaN,0,NaN,2.2737367544323206e-13,1.0,
1,18,DETERMINISTIC_RH,LEXMMFPEA,shared_battery_mode_node_level_v1,SI-Drahi_10-d1-HET-ULO-BLO-d3d04947f5,TK-PB-Drahi_10-d1-HET-ULO-d8d80a9180-r1,SS-c81930d9c8ba,17,6,economic_tie_break,OPTIMAL,FEASIBLE_POINT,675494.673221833,675494.673221833,0,798,798,1232,2219,24,0,24,120,24,1,0,0,NaN,0,NaN,2.2737367544323206e-13,1.0,
1,19,DETERMINISTIC_RH,LEXMMFPEA,shared_battery_mode_node_level_v1,SI-Drahi_10-d1-HET-ULO-BLO-d3d04947f5,TK-PB-Drahi_10-d1-HET-ULO-d8d80a9180-r1,SS-c81930d9c8ba,17,1,lex_phase_1,OPTIMAL,FEASIBLE_POINT,490.27173436355196,490.27173436355196,0,798,798,1227,2189,24,0,24,120,24,1,0,0,NaN,0,NaN,3.268496584496461e-13,1.0,
1,19,DETERMINISTIC_RH,LEXMMFPEA,shared_battery_mode_node_level_v1,SI-Drahi_10-d1-HET-ULO-BLO-d3d04947f5,TK-PB-Drahi_10-d1-HET-ULO-d8d80a9180-r1,SS-c81930d9c8ba,17,2,lex_phase_2,OPTIMAL,FEASIBLE_POINT,980.5434687271039,980.5434687271039,0,798,798,1228,2195,24,0,24,120,24,1,0,0,NaN,0,NaN,3.268496584496461e-13,1.0,
1,19,DETERMINISTIC_RH,LEXMMFPEA,shared_battery_mode_node_level_v1,SI-Drahi_10-d1-HET-ULO-BLO-d3d04947f5,TK-PB-Drahi_10-d1-HET-ULO-d8d80a9180-r1,SS-c81930d9c8ba,17,3,lex_phase_3,OPTIMAL,FEASIBLE_POINT,1470.8152030906558,1470.8152030906558,0,798,798,1229,2201,24,0,24,120,24,1,0,0,NaN,0,NaN,3.268496584496461e-13,1.0,
1,19,DETERMINISTIC_RH,LEXMMFPEA,shared_battery_mode_node_level_v1,SI-Drahi_10-d1-HET-ULO-BLO-d3d04947f5,TK-PB-Drahi_10-d1-HET-ULO-d8d80a9180-r1,SS-c81930d9c8ba,17,4,lex_phase_4,OPTIMAL,FEASIBLE_POINT,1961.0869374542078,1961.0869374542078,0,798,798,1230,2207,24,0,24,120,24,1,0,0,NaN,0,NaN,3.268496584496461e-13,1.0,
1,19,DETERMINISTIC_RH,LEXMMFPEA,shared_battery_mode_node_level_v1,SI-Drahi_10-d1-HET-ULO-BLO-d3d04947f5,TK-PB-Drahi_10-d1-HET-ULO-d8d80a9180-r1,SS-c81930d9c8ba,17,5,lex_phase_5,OPTIMAL,FEASIBLE_POINT,2451.3586718177594,2451.3586718177594,0,798,798,1231,2213,24,0,24,120,24,1,0,0,NaN,0,NaN,3.268496584496461e-13,1.0,
1,19,DETERMINISTIC_RH,LEXMMFPEA,shared_battery_mode_node_level_v1,SI-Drahi_10-d1-HET-ULO-BLO-d3d04947f5,TK-PB-Drahi_10-d1-HET-ULO-d8d80a9180-r1,SS-c81930d9c8ba,17,6,economic_tie_break,OPTIMAL,FEASIBLE_POINT,675494.673221833,675494.673221833,0,798,798,1232,2219,24,0,24,120,24,1,0,0,NaN,0,NaN,3.268496584496461e-13,1.0,
1,20,DETERMINISTIC_RH,LEXMMFPEA,shared_battery_mode_node_level_v1,SI-Drahi_10-d1-HET-ULO-BLO-d3d04947f5,TK-PB-Drahi_10-d1-HET-ULO-d8d80a9180-r1,SS-c81930d9c8ba,17,1,lex_phase_1,OPTIMAL,FEASIBLE_POINT,490.27173436355196,490.27173436355196,0,798,798,1227,2189,24,0,24,120,24,1,0,0,NaN,0,NaN,5.826450433232822e-13,1.0,
1,20,DETERMINISTIC_RH,LEXMMFPEA,shared_battery_mode_node_level_v1,SI-Drahi_10-d1-HET-ULO-BLO-d3d04947f5,TK-PB-Drahi_10-d1-HET-ULO-d8d80a9180-r1,SS-c81930d9c8ba,17,2,lex_phase_2,OPTIMAL,FEASIBLE_POINT,980.5434687271039,980.5434687271039,0,798,798,1228,2195,24,0,24,120,24,1,0,0,NaN,0,NaN,5.826450433232822e-13,1.0,
1,20,DETERMINISTIC_RH,LEXMMFPEA,shared_battery_mode_node_level_v1,SI-Drahi_10-d1-HET-ULO-BLO-d3d04947f5,TK-PB-Drahi_10-d1-HET-ULO-d8d80a9180-r1,SS-c81930d9c8ba,17,3,lex_phase_3,OPTIMAL,FEASIBLE_POINT,1470.8152030906558,1470.8152030906558,0,798,798,1229,2201,24,0,24,120,24,1,0,0,NaN,0,NaN,5.826450433232822e-13,1.0,
1,20,DETERMINISTIC_RH,LEXMMFPEA,shared_battery_mode_node_level_v1,SI-Drahi_10-d1-HET-ULO-BLO-d3d04947f5,TK-PB-Drahi_10-d1-HET-ULO-d8d80a9180-r1,SS-c81930d9c8ba,17,4,lex_phase_4,OPTIMAL,FEASIBLE_POINT,1961.0869374542078,1961.0869374542078,0,798,798,1230,2207,24,0,24,120,24,1,0,0,NaN,0,NaN,5.826450433232822e-13,1.0,
1,20,DETERMINISTIC_RH,LEXMMFPEA,shared_battery_mode_node_level_v1,SI-Drahi_10-d1-HET-ULO-BLO-d3d04947f5,TK-PB-Drahi_10-d1-HET-ULO-d8d80a9180-r1,SS-c81930d9c8ba,17,5,lex_phase_5,OPTIMAL,FEASIBLE_POINT,2451.3586718177594,2451.3586718177594,0,798,798,1231,2213,24,0,24,120,24,1,0,0,NaN,0,NaN,5.826450433232822e-13,1.0,
1,20,DETERMINISTIC_RH,LEXMMFPEA,shared_battery_mode_node_level_v1,SI-Drahi_10-d1-HET-ULO-BLO-d3d04947f5,TK-PB-Drahi_10-d1-HET-ULO-d8d80a9180-r1,SS-c81930d9c8ba,17,6,economic_tie_break,OPTIMAL,FEASIBLE_POINT,675494.673221833,675494.673221833,0,798,798,1232,2219,24,0,24,120,24,1,0,0,NaN,0,NaN,5.826450433232822e-13,1.0,
1,21,DETERMINISTIC_RH,LEXMMFPEA,shared_battery_mode_node_level_v1,SI-Drahi_10-d1-HET-ULO-BLO-d3d04947f5,TK-PB-Drahi_10-d1-HET-ULO-d8d80a9180-r1,SS-3cf9bda45ea4,21,1,lex_phase_1,OPTIMAL,FEASIBLE_POINT,502.59966644391636,502.59966644391636,0,798,798,1227,2189,24,0,24,120,24,1,0,0,NaN,0,NaN,0.0,1.0,
1,21,DETERMINISTIC_RH,LEXMMFPEA,shared_battery_mode_node_level_v1,SI-Drahi_10-d1-HET-ULO-BLO-d3d04947f5,TK-PB-Drahi_10-d1-HET-ULO-d8d80a9180-r1,SS-3cf9bda45ea4,21,2,lex_phase_2,OPTIMAL,FEASIBLE_POINT,1005.1993328878325,1005.1993328878325,0,798,798,1228,2195,24,0,24,120,24,1,0,0,NaN,0,NaN,0.0,1.0,
1,21,DETERMINISTIC_RH,LEXMMFPEA,shared_battery_mode_node_level_v1,SI-Drahi_10-d1-HET-ULO-BLO-d3d04947f5,TK-PB-Drahi_10-d1-HET-ULO-d8d80a9180-r1,SS-3cf9bda45ea4,21,3,lex_phase_3,OPTIMAL,FEASIBLE_POINT,1507.7989993317487,1507.7989993317487,0,798,798,1229,2201,24,0,24,120,24,1,0,0,NaN,0,NaN,0.0,1.0,
1,21,DETERMINISTIC_RH,LEXMMFPEA,shared_battery_mode_node_level_v1,SI-Drahi_10-d1-HET-ULO-BLO-d3d04947f5,TK-PB-Drahi_10-d1-HET-ULO-d8d80a9180-r1,SS-3cf9bda45ea4,21,4,lex_phase_4,OPTIMAL,FEASIBLE_POINT,2010.398665775665,2010.398665775665,0,798,798,1230,2207,24,0,24,120,24,1,0,0,NaN,0,NaN,0.0,1.0,
1,21,DETERMINISTIC_RH,LEXMMFPEA,shared_battery_mode_node_level_v1,SI-Drahi_10-d1-HET-ULO-BLO-d3d04947f5,TK-PB-Drahi_10-d1-HET-ULO-d8d80a9180-r1,SS-3cf9bda45ea4,21,5,lex_phase_5,OPTIMAL,FEASIBLE_POINT,2512.9983322195812,2512.9983322195812,0,798,798,1231,2213,24,0,24,120,24,1,0,0,NaN,0,NaN,0.0,1.0,
1,21,DETERMINISTIC_RH,LEXMMFPEA,shared_battery_mode_node_level_v1,SI-Drahi_10-d1-HET-ULO-BLO-d3d04947f5,TK-PB-Drahi_10-d1-HET-ULO-d8d80a9180-r1,SS-3cf9bda45ea4,21,6,economic_tie_break,OPTIMAL,FEASIBLE_POINT,665750.5342239685,665750.5342239685,0,798,798,1232,2219,24,0,24,120,24,1,0,0,NaN,0,NaN,0.0,1.0,
1,22,DETERMINISTIC_RH,LEXMMFPEA,shared_battery_mode_node_level_v1,SI-Drahi_10-d1-HET-ULO-BLO-d3d04947f5,TK-PB-Drahi_10-d1-HET-ULO-d8d80a9180-r1,SS-3cf9bda45ea4,21,1,lex_phase_1,OPTIMAL,FEASIBLE_POINT,502.59966644391636,502.59966644391636,0,798,798,1227,2189,24,0,24,120,24,1,0,0,NaN,0,NaN,4.831690603168681e-13,1.0,
1,22,DETERMINISTIC_RH,LEXMMFPEA,shared_battery_mode_node_level_v1,SI-Drahi_10-d1-HET-ULO-BLO-d3d04947f5,TK-PB-Drahi_10-d1-HET-ULO-d8d80a9180-r1,SS-3cf9bda45ea4,21,2,lex_phase_2,OPTIMAL,FEASIBLE_POINT,1005.1993328878325,1005.1993328878325,0,798,798,1228,2195,24,0,24,120,24,1,0,0,NaN,0,NaN,4.831690603168681e-13,1.0,
1,22,DETERMINISTIC_RH,LEXMMFPEA,shared_battery_mode_node_level_v1,SI-Drahi_10-d1-HET-ULO-BLO-d3d04947f5,TK-PB-Drahi_10-d1-HET-ULO-d8d80a9180-r1,SS-3cf9bda45ea4,21,3,lex_phase_3,OPTIMAL,FEASIBLE_POINT,1507.7989993317487,1507.7989993317487,0,798,798,1229,2201,24,0,24,120,24,1,0,0,NaN,0,NaN,4.831690603168681e-13,1.0,
1,22,DETERMINISTIC_RH,LEXMMFPEA,shared_battery_mode_node_level_v1,SI-Drahi_10-d1-HET-ULO-BLO-d3d04947f5,TK-PB-Drahi_10-d1-HET-ULO-d8d80a9180-r1,SS-3cf9bda45ea4,21,4,lex_phase_4,OPTIMAL,FEASIBLE_POINT,2010.398665775665,2010.398665775665,0,798,798,1230,2207,24,0,24,120,24,1,0,0,NaN,0,NaN,4.831690603168681e-13,1.0,
1,22,DETERMINISTIC_RH,LEXMMFPEA,shared_battery_mode_node_level_v1,SI-Drahi_10-d1-HET-ULO-BLO-d3d04947f5,TK-PB-Drahi_10-d1-HET-ULO-d8d80a9180-r1,SS-3cf9bda45ea4,21,5,lex_phase_5,OPTIMAL,FEASIBLE_POINT,2512.9983322195812,2512.9983322195812,0,798,798,1231,2213,24,0,24,120,24,1,0,0,NaN,0,NaN,4.831690603168681e-13,1.0,
1,22,DETERMINISTIC_RH,LEXMMFPEA,shared_battery_mode_node_level_v1,SI-Drahi_10-d1-HET-ULO-BLO-d3d04947f5,TK-PB-Drahi_10-d1-HET-ULO-d8d80a9180-r1,SS-3cf9bda45ea4,21,6,economic_tie_break,OPTIMAL,FEASIBLE_POINT,665750.5342239685,665750.5342239685,0,798,798,1232,2219,24,0,24,120,24,1,0,0,NaN,0,NaN,4.831690603168681e-13,1.0,
1,23,DETERMINISTIC_RH,LEXMMFPEA,shared_battery_mode_node_level_v1,SI-Drahi_10-d1-HET-ULO-BLO-d3d04947f5,TK-PB-Drahi_10-d1-HET-ULO-d8d80a9180-r1,SS-3cf9bda45ea4,21,1,lex_phase_1,OPTIMAL,FEASIBLE_POINT,502.59966644391636,502.59966644391636,0,798,798,1227,2189,24,0,24,120,24,1,0,0,NaN,0,NaN,4.973799150320701e-13,1.0,
1,23,DETERMINISTIC_RH,LEXMMFPEA,shared_battery_mode_node_level_v1,SI-Drahi_10-d1-HET-ULO-BLO-d3d04947f5,TK-PB-Drahi_10-d1-HET-ULO-d8d80a9180-r1,SS-3cf9bda45ea4,21,2,lex_phase_2,OPTIMAL,FEASIBLE_POINT,1005.1993328878325,1005.1993328878325,0,798,798,1228,2195,24,0,24,120,24,1,0,0,NaN,0,NaN,4.973799150320701e-13,1.0,
1,23,DETERMINISTIC_RH,LEXMMFPEA,shared_battery_mode_node_level_v1,SI-Drahi_10-d1-HET-ULO-BLO-d3d04947f5,TK-PB-Drahi_10-d1-HET-ULO-d8d80a9180-r1,SS-3cf9bda45ea4,21,3,lex_phase_3,OPTIMAL,FEASIBLE_POINT,1507.7989993317487,1507.7989993317487,0,798,798,1229,2201,24,0,24,120,24,1,0,0,NaN,0,NaN,4.973799150320701e-13,1.0,
1,23,DETERMINISTIC_RH,LEXMMFPEA,shared_battery_mode_node_level_v1,SI-Drahi_10-d1-HET-ULO-BLO-d3d04947f5,TK-PB-Drahi_10-d1-HET-ULO-d8d80a9180-r1,SS-3cf9bda45ea4,21,4,lex_phase_4,OPTIMAL,FEASIBLE_POINT,2010.398665775665,2010.398665775665,0,798,798,1230,2207,24,0,24,120,24,1,0,0,NaN,0,NaN,4.973799150320701e-13,1.0,
1,23,DETERMINISTIC_RH,LEXMMFPEA,shared_battery_mode_node_level_v1,SI-Drahi_10-d1-HET-ULO-BLO-d3d04947f5,TK-PB-Drahi_10-d1-HET-ULO-d8d80a9180-r1,SS-3cf9bda45ea4,21,5,lex_phase_5,OPTIMAL,FEASIBLE_POINT,2512.9983322195812,2512.9983322195812,0,798,798,1231,2213,24,0,24,120,24,1,0,0,NaN,0,NaN,4.973799150320701e-13,1.0,
1,23,DETERMINISTIC_RH,LEXMMFPEA,shared_battery_mode_node_level_v1,SI-Drahi_10-d1-HET-ULO-BLO-d3d04947f5,TK-PB-Drahi_10-d1-HET-ULO-d8d80a9180-r1,SS-3cf9bda45ea4,21,6,economic_tie_break,OPTIMAL,FEASIBLE_POINT,665750.5342239685,665750.5342239685,0,798,798,1232,2219,24,0,24,120,24,1,0,0,NaN,0,NaN,4.973799150320701e-13,1.0,
1,24,DETERMINISTIC_RH,LEXMMFPEA,shared_battery_mode_node_level_v1,SI-Drahi_10-d1-HET-ULO-BLO-d3d04947f5,TK-PB-Drahi_10-d1-HET-ULO-d8d80a9180-r1,SS-3cf9bda45ea4,21,1,lex_phase_1,OPTIMAL,FEASIBLE_POINT,502.59966644391636,502.59966644391636,0,798,798,1227,2189,24,0,24,120,24,1,0,0,NaN,0,NaN,3.410605131648481e-13,1.0,
1,24,DETERMINISTIC_RH,LEXMMFPEA,shared_battery_mode_node_level_v1,SI-Drahi_10-d1-HET-ULO-BLO-d3d04947f5,TK-PB-Drahi_10-d1-HET-ULO-d8d80a9180-r1,SS-3cf9bda45ea4,21,2,lex_phase_2,OPTIMAL,FEASIBLE_POINT,1005.1993328878325,1005.1993328878325,0,798,798,1228,2195,24,0,24,120,24,1,0,0,NaN,0,NaN,3.410605131648481e-13,1.0,
1,24,DETERMINISTIC_RH,LEXMMFPEA,shared_battery_mode_node_level_v1,SI-Drahi_10-d1-HET-ULO-BLO-d3d04947f5,TK-PB-Drahi_10-d1-HET-ULO-d8d80a9180-r1,SS-3cf9bda45ea4,21,3,lex_phase_3,OPTIMAL,FEASIBLE_POINT,1507.7989993317487,1507.7989993317487,0,798,798,1229,2201,24,0,24,120,24,1,0,0,NaN,0,NaN,3.410605131648481e-13,1.0,
1,24,DETERMINISTIC_RH,LEXMMFPEA,shared_battery_mode_node_level_v1,SI-Drahi_10-d1-HET-ULO-BLO-d3d04947f5,TK-PB-Drahi_10-d1-HET-ULO-d8d80a9180-r1,SS-3cf9bda45ea4,21,4,lex_phase_4,OPTIMAL,FEASIBLE_POINT,2010.398665775665,2010.398665775665,0,798,798,1230,2207,24,0,24,120,24,1,0,0,NaN,0,NaN,3.410605131648481e-13,1.0,
1,24,DETERMINISTIC_RH,LEXMMFPEA,shared_battery_mode_node_level_v1,SI-Drahi_10-d1-HET-ULO-BLO-d3d04947f5,TK-PB-Drahi_10-d1-HET-ULO-d8d80a9180-r1,SS-3cf9bda45ea4,21,5,lex_phase_5,OPTIMAL,FEASIBLE_POINT,2512.9983322195812,2512.9983322195812,0,798,798,1231,2213,24,0,24,120,24,1,0,0,NaN,0,NaN,3.410605131648481e-13,1.0,
1,24,DETERMINISTIC_RH,LEXMMFPEA,shared_battery_mode_node_level_v1,SI-Drahi_10-d1-HET-ULO-BLO-d3d04947f5,TK-PB-Drahi_10-d1-HET-ULO-d8d80a9180-r1,SS-3cf9bda45ea4,21,6,economic_tie_break,OPTIMAL,FEASIBLE_POINT,665750.5342239685,665750.5342239685,0,798,798,1232,2219,24,0,24,120,24,1,0,0,NaN,0,NaN,3.410605131648481e-13,1.0,
1,1,DETERMINISTIC_RH,LEXMMFSA,shared_battery_mode_node_level_v1,SI-Drahi_10-d1-HET-ULO-BLO-d3d04947f5,TK-PB-Drahi_10-d1-HET-ULO-d8d80a9180-r1,SS-5d5bbea46d20,1,1,lex_phase_1,OPTIMAL,FEASIBLE_POINT,18982.310806979294,18982.310806979294,0,798,798,1227,3389,24,0,24,120,24,1,0,0,NaN,0,NaN,0.0,1.0000000000291038,
1,1,DETERMINISTIC_RH,LEXMMFSA,shared_battery_mode_node_level_v1,SI-Drahi_10-d1-HET-ULO-BLO-d3d04947f5,TK-PB-Drahi_10-d1-HET-ULO-d8d80a9180-r1,SS-5d5bbea46d20,1,2,lex_phase_2,OPTIMAL,FEASIBLE_POINT,37964.62161395859,37964.62161395859,0,798,798,1228,3395,24,0,24,120,24,1,0,0,NaN,0,NaN,0.0,1.0000000000291038,
1,1,DETERMINISTIC_RH,LEXMMFSA,shared_battery_mode_node_level_v1,SI-Drahi_10-d1-HET-ULO-BLO-d3d04947f5,TK-PB-Drahi_10-d1-HET-ULO-d8d80a9180-r1,SS-5d5bbea46d20,1,3,lex_phase_3,OPTIMAL,FEASIBLE_POINT,56946.93242093788,56946.93242093788,0,798,798,1229,3401,24,0,24,120,24,1,0,0,NaN,0,NaN,0.0,1.0000000000291038,
1,1,DETERMINISTIC_RH,LEXMMFSA,shared_battery_mode_node_level_v1,SI-Drahi_10-d1-HET-ULO-BLO-d3d04947f5,TK-PB-Drahi_10-d1-HET-ULO-d8d80a9180-r1,SS-5d5bbea46d20,1,4,lex_phase_4,OPTIMAL,FEASIBLE_POINT,75929.24322791718,75929.24322791718,0,798,798,1230,3407,24,0,24,120,24,1,0,0,NaN,0,NaN,0.0,1.0000000000291038,
1,1,DETERMINISTIC_RH,LEXMMFSA,shared_battery_mode_node_level_v1,SI-Drahi_10-d1-HET-ULO-BLO-d3d04947f5,TK-PB-Drahi_10-d1-HET-ULO-d8d80a9180-r1,SS-5d5bbea46d20,1,5,lex_phase_5,OPTIMAL,FEASIBLE_POINT,94929.7150348964,94929.7150348964,0,798,798,1231,3413,24,0,24,120,24,1,0,0,NaN,0,NaN,0.0,1.0000000000291038,
1,1,DETERMINISTIC_RH,LEXMMFSA,shared_battery_mode_node_level_v1,SI-Drahi_10-d1-HET-ULO-BLO-d3d04947f5,TK-PB-Drahi_10-d1-HET-ULO-d8d80a9180-r1,SS-5d5bbea46d20,1,6,economic_tie_break,OPTIMAL,FEASIBLE_POINT,694496.267552163,694496.267552163,0,798,798,1232,3419,24,0,24,120,24,1,0,0,NaN,0,NaN,0.0,1.0000000000291038,
1,2,DETERMINISTIC_RH,LEXMMFSA,shared_battery_mode_node_level_v1,SI-Drahi_10-d1-HET-ULO-BLO-d3d04947f5,TK-PB-Drahi_10-d1-HET-ULO-d8d80a9180-r1,SS-5d5bbea46d20,1,1,lex_phase_1,OPTIMAL,FEASIBLE_POINT,18982.310806979294,18982.310806979294,0,798,798,1227,3389,24,0,24,120,24,1,0,0,NaN,0,NaN,3.126388037344441e-13,1.0000000000291038,
1,2,DETERMINISTIC_RH,LEXMMFSA,shared_battery_mode_node_level_v1,SI-Drahi_10-d1-HET-ULO-BLO-d3d04947f5,TK-PB-Drahi_10-d1-HET-ULO-d8d80a9180-r1,SS-5d5bbea46d20,1,2,lex_phase_2,OPTIMAL,FEASIBLE_POINT,37964.62161395859,37964.62161395859,0,798,798,1228,3395,24,0,24,120,24,1,0,0,NaN,0,NaN,3.126388037344441e-13,1.0000000000291038,
1,2,DETERMINISTIC_RH,LEXMMFSA,shared_battery_mode_node_level_v1,SI-Drahi_10-d1-HET-ULO-BLO-d3d04947f5,TK-PB-Drahi_10-d1-HET-ULO-d8d80a9180-r1,SS-5d5bbea46d20,1,3,lex_phase_3,OPTIMAL,FEASIBLE_POINT,56946.93242093788,56946.93242093788,0,798,798,1229,3401,24,0,24,120,24,1,0,0,NaN,0,NaN,3.126388037344441e-13,1.0000000000291038,
1,2,DETERMINISTIC_RH,LEXMMFSA,shared_battery_mode_node_level_v1,SI-Drahi_10-d1-HET-ULO-BLO-d3d04947f5,TK-PB-Drahi_10-d1-HET-ULO-d8d80a9180-r1,SS-5d5bbea46d20,1,4,lex_phase_4,OPTIMAL,FEASIBLE_POINT,75929.24322791718,75929.24322791718,0,798,798,1230,3407,24,0,24,120,24,1,0,0,NaN,0,NaN,3.126388037344441e-13,1.0000000000291038,
1,2,DETERMINISTIC_RH,LEXMMFSA,shared_battery_mode_node_level_v1,SI-Drahi_10-d1-HET-ULO-BLO-d3d04947f5,TK-PB-Drahi_10-d1-HET-ULO-d8d80a9180-r1,SS-5d5bbea46d20,1,5,lex_phase_5,OPTIMAL,FEASIBLE_POINT,94929.7150348964,94929.7150348964,0,798,798,1231,3413,24,0,24,120,24,1,0,0,NaN,0,NaN,3.126388037344441e-13,1.0000000000291038,
1,2,DETERMINISTIC_RH,LEXMMFSA,shared_battery_mode_node_level_v1,SI-Drahi_10-d1-HET-ULO-BLO-d3d04947f5,TK-PB-Drahi_10-d1-HET-ULO-d8d80a9180-r1,SS-5d5bbea46d20,1,6,economic_tie_break,OPTIMAL,FEASIBLE_POINT,694496.267552163,694496.267552163,0,798,798,1232,3419,24,0,24,120,24,1,0,0,NaN,0,NaN,3.126388037344441e-13,1.0000000000291038,
1,3,DETERMINISTIC_RH,LEXMMFSA,shared_battery_mode_node_level_v1,SI-Drahi_10-d1-HET-ULO-BLO-d3d04947f5,TK-PB-Drahi_10-d1-HET-ULO-d8d80a9180-r1,SS-5d5bbea46d20,1,1,lex_phase_1,OPTIMAL,FEASIBLE_POINT,18982.310806979294,18982.310806979294,0,798,798,1227,3389,24,0,24,120,24,1,0,0,NaN,0,NaN,3.268496584496461e-13,1.0000000000291038,
1,3,DETERMINISTIC_RH,LEXMMFSA,shared_battery_mode_node_level_v1,SI-Drahi_10-d1-HET-ULO-BLO-d3d04947f5,TK-PB-Drahi_10-d1-HET-ULO-d8d80a9180-r1,SS-5d5bbea46d20,1,2,lex_phase_2,OPTIMAL,FEASIBLE_POINT,37964.62161395859,37964.62161395859,0,798,798,1228,3395,24,0,24,120,24,1,0,0,NaN,0,NaN,3.268496584496461e-13,1.0000000000291038,
1,3,DETERMINISTIC_RH,LEXMMFSA,shared_battery_mode_node_level_v1,SI-Drahi_10-d1-HET-ULO-BLO-d3d04947f5,TK-PB-Drahi_10-d1-HET-ULO-d8d80a9180-r1,SS-5d5bbea46d20,1,3,lex_phase_3,OPTIMAL,FEASIBLE_POINT,56946.93242093788,56946.93242093788,0,798,798,1229,3401,24,0,24,120,24,1,0,0,NaN,0,NaN,3.268496584496461e-13,1.0000000000291038,
1,3,DETERMINISTIC_RH,LEXMMFSA,shared_battery_mode_node_level_v1,SI-Drahi_10-d1-HET-ULO-BLO-d3d04947f5,TK-PB-Drahi_10-d1-HET-ULO-d8d80a9180-r1,SS-5d5bbea46d20,1,4,lex_phase_4,OPTIMAL,FEASIBLE_POINT,75929.24322791718,75929.24322791718,0,798,798,1230,3407,24,0,24,120,24,1,0,0,NaN,0,NaN,3.268496584496461e-13,1.0000000000291038,
1,3,DETERMINISTIC_RH,LEXMMFSA,shared_battery_mode_node_level_v1,SI-Drahi_10-d1-HET-ULO-BLO-d3d04947f5,TK-PB-Drahi_10-d1-HET-ULO-d8d80a9180-r1,SS-5d5bbea46d20,1,5,lex_phase_5,OPTIMAL,FEASIBLE_POINT,94929.7150348964,94929.7150348964,0,798,798,1231,3413,24,0,24,120,24,1,0,0,NaN,0,NaN,3.268496584496461e-13,1.0000000000291038,
1,3,DETERMINISTIC_RH,LEXMMFSA,shared_battery_mode_node_level_v1,SI-Drahi_10-d1-HET-ULO-BLO-d3d04947f5,TK-PB-Drahi_10-d1-HET-ULO-d8d80a9180-r1,SS-5d5bbea46d20,1,6,economic_tie_break,OPTIMAL,FEASIBLE_POINT,694496.267552163,694496.267552163,0,798,798,1232,3419,24,0,24,120,24,1,0,0,NaN,0,NaN,3.268496584496461e-13,1.0000000000291038,
1,4,DETERMINISTIC_RH,LEXMMFSA,shared_battery_mode_node_level_v1,SI-Drahi_10-d1-HET-ULO-BLO-d3d04947f5,TK-PB-Drahi_10-d1-HET-ULO-d8d80a9180-r1,SS-5d5bbea46d20,1,1,lex_phase_1,OPTIMAL,FEASIBLE_POINT,18982.310806979294,18982.310806979294,0,798,798,1227,3389,24,0,24,120,24,1,0,0,NaN,0,NaN,6.821210263296962e-13,1.0000000000291038,
1,4,DETERMINISTIC_RH,LEXMMFSA,shared_battery_mode_node_level_v1,SI-Drahi_10-d1-HET-ULO-BLO-d3d04947f5,TK-PB-Drahi_10-d1-HET-ULO-d8d80a9180-r1,SS-5d5bbea46d20,1,2,lex_phase_2,OPTIMAL,FEASIBLE_POINT,37964.62161395859,37964.62161395859,0,798,798,1228,3395,24,0,24,120,24,1,0,0,NaN,0,NaN,6.821210263296962e-13,1.0000000000291038,
1,4,DETERMINISTIC_RH,LEXMMFSA,shared_battery_mode_node_level_v1,SI-Drahi_10-d1-HET-ULO-BLO-d3d04947f5,TK-PB-Drahi_10-d1-HET-ULO-d8d80a9180-r1,SS-5d5bbea46d20,1,3,lex_phase_3,OPTIMAL,FEASIBLE_POINT,56946.93242093788,56946.93242093788,0,798,798,1229,3401,24,0,24,120,24,1,0,0,NaN,0,NaN,6.821210263296962e-13,1.0000000000291038,
1,4,DETERMINISTIC_RH,LEXMMFSA,shared_battery_mode_node_level_v1,SI-Drahi_10-d1-HET-ULO-BLO-d3d04947f5,TK-PB-Drahi_10-d1-HET-ULO-d8d80a9180-r1,SS-5d5bbea46d20,1,4,lex_phase_4,OPTIMAL,FEASIBLE_POINT,75929.24322791718,75929.24322791718,0,798,798,1230,3407,24,0,24,120,24,1,0,0,NaN,0,NaN,6.821210263296962e-13,1.0000000000291038,
1,4,DETERMINISTIC_RH,LEXMMFSA,shared_battery_mode_node_level_v1,SI-Drahi_10-d1-HET-ULO-BLO-d3d04947f5,TK-PB-Drahi_10-d1-HET-ULO-d8d80a9180-r1,SS-5d5bbea46d20,1,5,lex_phase_5,OPTIMAL,FEASIBLE_POINT,94929.7150348964,94929.7150348964,0,798,798,1231,3413,24,0,24,120,24,1,0,0,NaN,0,NaN,6.821210263296962e-13,1.0000000000291038,
1,4,DETERMINISTIC_RH,LEXMMFSA,shared_battery_mode_node_level_v1,SI-Drahi_10-d1-HET-ULO-BLO-d3d04947f5,TK-PB-Drahi_10-d1-HET-ULO-d8d80a9180-r1,SS-5d5bbea46d20,1,6,economic_tie_break,OPTIMAL,FEASIBLE_POINT,694496.267552163,694496.267552163,0,798,798,1232,3419,24,0,24,120,24,1,0,0,NaN,0,NaN,6.821210263296962e-13,1.0000000000291038,
1,5,DETERMINISTIC_RH,LEXMMFSA,shared_battery_mode_node_level_v1,SI-Drahi_10-d1-HET-ULO-BLO-d3d04947f5,TK-PB-Drahi_10-d1-HET-ULO-d8d80a9180-r1,SS-102adc95e052,5,1,lex_phase_1,OPTIMAL,FEASIBLE_POINT,17950.03399065721,17950.03399065721,0,798,798,1227,3389,24,0,24,120,24,1,0,0,NaN,0,NaN,0.0,1.000000000014552,
1,5,DETERMINISTIC_RH,LEXMMFSA,shared_battery_mode_node_level_v1,SI-Drahi_10-d1-HET-ULO-BLO-d3d04947f5,TK-PB-Drahi_10-d1-HET-ULO-d8d80a9180-r1,SS-102adc95e052,5,2,lex_phase_2,OPTIMAL,FEASIBLE_POINT,35900.0679813144,35900.0679813144,0,798,798,1228,3395,24,0,24,120,24,1,0,0,NaN,0,NaN,0.0,1.000000000014552,
1,5,DETERMINISTIC_RH,LEXMMFSA,shared_battery_mode_node_level_v1,SI-Drahi_10-d1-HET-ULO-BLO-d3d04947f5,TK-PB-Drahi_10-d1-HET-ULO-d8d80a9180-r1,SS-102adc95e052,5,3,lex_phase_3,OPTIMAL,FEASIBLE_POINT,53855.488971971645,53855.488971971645,0,798,798,1229,3401,24,0,24,120,24,1,0,0,NaN,0,NaN,0.0,1.000000000014552,
1,5,DETERMINISTIC_RH,LEXMMFSA,shared_battery_mode_node_level_v1,SI-Drahi_10-d1-HET-ULO-BLO-d3d04947f5,TK-PB-Drahi_10-d1-HET-ULO-d8d80a9180-r1,SS-102adc95e052,5,4,lex_phase_4,OPTIMAL,FEASIBLE_POINT,71811.90996262891,71811.90996262891,0,798,798,1230,3407,24,0,24,120,24,1,0,0,NaN,0,NaN,0.0,1.000000000014552,
1,5,DETERMINISTIC_RH,LEXMMFSA,shared_battery_mode_node_level_v1,SI-Drahi_10-d1-HET-ULO-BLO-d3d04947f5,TK-PB-Drahi_10-d1-HET-ULO-d8d80a9180-r1,SS-102adc95e052,5,5,lex_phase_5,OPTIMAL,FEASIBLE_POINT,89768.33095328623,89768.33095328623,0,798,798,1231,3413,24,0,24,120,24,1,0,0,NaN,0,NaN,0.0,1.000000000014552,
1,5,DETERMINISTIC_RH,LEXMMFSA,shared_battery_mode_node_level_v1,SI-Drahi_10-d1-HET-ULO-BLO-d3d04947f5,TK-PB-Drahi_10-d1-HET-ULO-d8d80a9180-r1,SS-102adc95e052,5,6,economic_tie_break,OPTIMAL,FEASIBLE_POINT,693227.5963721576,693227.5963721576,0,798,798,1232,3419,24,0,24,120,24,1,0,0,NaN,0,NaN,0.0,1.000000000014552,
1,6,DETERMINISTIC_RH,LEXMMFSA,shared_battery_mode_node_level_v1,SI-Drahi_10-d1-HET-ULO-BLO-d3d04947f5,TK-PB-Drahi_10-d1-HET-ULO-d8d80a9180-r1,SS-102adc95e052,5,1,lex_phase_1,OPTIMAL,FEASIBLE_POINT,17950.03399065721,17950.03399065721,0,798,798,1227,3389,24,0,24,120,24,1,0,0,NaN,0,NaN,4.831690603168681e-13,1.000000000014552,
1,6,DETERMINISTIC_RH,LEXMMFSA,shared_battery_mode_node_level_v1,SI-Drahi_10-d1-HET-ULO-BLO-d3d04947f5,TK-PB-Drahi_10-d1-HET-ULO-d8d80a9180-r1,SS-102adc95e052,5,2,lex_phase_2,OPTIMAL,FEASIBLE_POINT,35900.0679813144,35900.0679813144,0,798,798,1228,3395,24,0,24,120,24,1,0,0,NaN,0,NaN,4.831690603168681e-13,1.000000000014552,
1,6,DETERMINISTIC_RH,LEXMMFSA,shared_battery_mode_node_level_v1,SI-Drahi_10-d1-HET-ULO-BLO-d3d04947f5,TK-PB-Drahi_10-d1-HET-ULO-d8d80a9180-r1,SS-102adc95e052,5,3,lex_phase_3,OPTIMAL,FEASIBLE_POINT,53855.488971971645,53855.488971971645,0,798,798,1229,3401,24,0,24,120,24,1,0,0,NaN,0,NaN,4.831690603168681e-13,1.000000000014552,
1,6,DETERMINISTIC_RH,LEXMMFSA,shared_battery_mode_node_level_v1,SI-Drahi_10-d1-HET-ULO-BLO-d3d04947f5,TK-PB-Drahi_10-d1-HET-ULO-d8d80a9180-r1,SS-102adc95e052,5,4,lex_phase_4,OPTIMAL,FEASIBLE_POINT,71811.90996262891,71811.90996262891,0,798,798,1230,3407,24,0,24,120,24,1,0,0,NaN,0,NaN,4.831690603168681e-13,1.000000000014552,
1,6,DETERMINISTIC_RH,LEXMMFSA,shared_battery_mode_node_level_v1,SI-Drahi_10-d1-HET-ULO-BLO-d3d04947f5,TK-PB-Drahi_10-d1-HET-ULO-d8d80a9180-r1,SS-102adc95e052,5,5,lex_phase_5,OPTIMAL,FEASIBLE_POINT,89768.33095328623,89768.33095328623,0,798,798,1231,3413,24,0,24,120,24,1,0,0,NaN,0,NaN,4.831690603168681e-13,1.000000000014552,
1,6,DETERMINISTIC_RH,LEXMMFSA,shared_battery_mode_node_level_v1,SI-Drahi_10-d1-HET-ULO-BLO-d3d04947f5,TK-PB-Drahi_10-d1-HET-ULO-d8d80a9180-r1,SS-102adc95e052,5,6,economic_tie_break,OPTIMAL,FEASIBLE_POINT,693227.5963721576,693227.5963721576,0,798,798,1232,3419,24,0,24,120,24,1,0,0,NaN,0,NaN,4.831690603168681e-13,1.000000000014552,
1,7,DETERMINISTIC_RH,LEXMMFSA,shared_battery_mode_node_level_v1,SI-Drahi_10-d1-HET-ULO-BLO-d3d04947f5,TK-PB-Drahi_10-d1-HET-ULO-d8d80a9180-r1,SS-102adc95e052,5,1,lex_phase_1,OPTIMAL,FEASIBLE_POINT,17950.03399065721,17950.03399065721,0,798,798,1227,3389,24,0,24,120,24,1,0,0,NaN,0,NaN,5.968558980384842e-13,1.000000000014552,
1,7,DETERMINISTIC_RH,LEXMMFSA,shared_battery_mode_node_level_v1,SI-Drahi_10-d1-HET-ULO-BLO-d3d04947f5,TK-PB-Drahi_10-d1-HET-ULO-d8d80a9180-r1,SS-102adc95e052,5,2,lex_phase_2,OPTIMAL,FEASIBLE_POINT,35900.0679813144,35900.0679813144,0,798,798,1228,3395,24,0,24,120,24,1,0,0,NaN,0,NaN,5.968558980384842e-13,1.000000000014552,
1,7,DETERMINISTIC_RH,LEXMMFSA,shared_battery_mode_node_level_v1,SI-Drahi_10-d1-HET-ULO-BLO-d3d04947f5,TK-PB-Drahi_10-d1-HET-ULO-d8d80a9180-r1,SS-102adc95e052,5,3,lex_phase_3,OPTIMAL,FEASIBLE_POINT,53855.488971971645,53855.488971971645,0,798,798,1229,3401,24,0,24,120,24,1,0,0,NaN,0,NaN,5.968558980384842e-13,1.000000000014552,
1,7,DETERMINISTIC_RH,LEXMMFSA,shared_battery_mode_node_level_v1,SI-Drahi_10-d1-HET-ULO-BLO-d3d04947f5,TK-PB-Drahi_10-d1-HET-ULO-d8d80a9180-r1,SS-102adc95e052,5,4,lex_phase_4,OPTIMAL,FEASIBLE_POINT,71811.90996262891,71811.90996262891,0,798,798,1230,3407,24,0,24,120,24,1,0,0,NaN,0,NaN,5.968558980384842e-13,1.000000000014552,
1,7,DETERMINISTIC_RH,LEXMMFSA,shared_battery_mode_node_level_v1,SI-Drahi_10-d1-HET-ULO-BLO-d3d04947f5,TK-PB-Drahi_10-d1-HET-ULO-d8d80a9180-r1,SS-102adc95e052,5,5,lex_phase_5,OPTIMAL,FEASIBLE_POINT,89768.33095328623,89768.33095328623,0,798,798,1231,3413,24,0,24,120,24,1,0,0,NaN,0,NaN,5.968558980384842e-13,1.000000000014552,
1,7,DETERMINISTIC_RH,LEXMMFSA,shared_battery_mode_node_level_v1,SI-Drahi_10-d1-HET-ULO-BLO-d3d04947f5,TK-PB-Drahi_10-d1-HET-ULO-d8d80a9180-r1,SS-102adc95e052,5,6,economic_tie_break,OPTIMAL,FEASIBLE_POINT,693227.5963721576,693227.5963721576,0,798,798,1232,3419,24,0,24,120,24,1,0,0,NaN,0,NaN,5.968558980384842e-13,1.000000000014552,
1,8,DETERMINISTIC_RH,LEXMMFSA,shared_battery_mode_node_level_v1,SI-Drahi_10-d1-HET-ULO-BLO-d3d04947f5,TK-PB-Drahi_10-d1-HET-ULO-d8d80a9180-r1,SS-102adc95e052,5,1,lex_phase_1,OPTIMAL,FEASIBLE_POINT,17950.03399065721,17950.03399065721,0,798,798,1227,3389,24,0,24,120,24,1,0,0,NaN,0,NaN,0.30187499999999956,1.000000000014552,
1,8,DETERMINISTIC_RH,LEXMMFSA,shared_battery_mode_node_level_v1,SI-Drahi_10-d1-HET-ULO-BLO-d3d04947f5,TK-PB-Drahi_10-d1-HET-ULO-d8d80a9180-r1,SS-102adc95e052,5,2,lex_phase_2,OPTIMAL,FEASIBLE_POINT,35900.0679813144,35900.0679813144,0,798,798,1228,3395,24,0,24,120,24,1,0,0,NaN,0,NaN,0.30187499999999956,1.000000000014552,
1,8,DETERMINISTIC_RH,LEXMMFSA,shared_battery_mode_node_level_v1,SI-Drahi_10-d1-HET-ULO-BLO-d3d04947f5,TK-PB-Drahi_10-d1-HET-ULO-d8d80a9180-r1,SS-102adc95e052,5,3,lex_phase_3,OPTIMAL,FEASIBLE_POINT,53855.488971971645,53855.488971971645,0,798,798,1229,3401,24,0,24,120,24,1,0,0,NaN,0,NaN,0.30187499999999956,1.000000000014552,
1,8,DETERMINISTIC_RH,LEXMMFSA,shared_battery_mode_node_level_v1,SI-Drahi_10-d1-HET-ULO-BLO-d3d04947f5,TK-PB-Drahi_10-d1-HET-ULO-d8d80a9180-r1,SS-102adc95e052,5,4,lex_phase_4,OPTIMAL,FEASIBLE_POINT,71811.90996262891,71811.90996262891,0,798,798,1230,3407,24,0,24,120,24,1,0,0,NaN,0,NaN,0.30187499999999956,1.000000000014552,
1,8,DETERMINISTIC_RH,LEXMMFSA,shared_battery_mode_node_level_v1,SI-Drahi_10-d1-HET-ULO-BLO-d3d04947f5,TK-PB-Drahi_10-d1-HET-ULO-d8d80a9180-r1,SS-102adc95e052,5,5,lex_phase_5,OPTIMAL,FEASIBLE_POINT,89768.33095328623,89768.33095328623,0,798,798,1231,3413,24,0,24,120,24,1,0,0,NaN,0,NaN,0.30187499999999956,1.000000000014552,
1,8,DETERMINISTIC_RH,LEXMMFSA,shared_battery_mode_node_level_v1,SI-Drahi_10-d1-HET-ULO-BLO-d3d04947f5,TK-PB-Drahi_10-d1-HET-ULO-d8d80a9180-r1,SS-102adc95e052,5,6,economic_tie_break,OPTIMAL,FEASIBLE_POINT,693227.5963721576,693227.5963721576,0,798,798,1232,3419,24,0,24,120,24,1,0,0,NaN,0,NaN,0.30187499999999956,1.000000000014552,
1,9,DETERMINISTIC_RH,LEXMMFSA,shared_battery_mode_node_level_v1,SI-Drahi_10-d1-HET-ULO-BLO-d3d04947f5,TK-PB-Drahi_10-d1-HET-ULO-d8d80a9180-r1,SS-19da242d4543,9,1,lex_phase_1,OPTIMAL,FEASIBLE_POINT,21726.53153311045,21726.53153311045,0,798,798,1227,3389,24,0,24,120,24,1,0,0,NaN,0,NaN,0.0,1.000000000010914,
1,9,DETERMINISTIC_RH,LEXMMFSA,shared_battery_mode_node_level_v1,SI-Drahi_10-d1-HET-ULO-BLO-d3d04947f5,TK-PB-Drahi_10-d1-HET-ULO-d8d80a9180-r1,SS-19da242d4543,9,2,lex_phase_2,OPTIMAL,FEASIBLE_POINT,43453.063066220886,43453.063066220886,0,798,798,1228,3395,24,0,24,120,24,1,0,0,NaN,0,NaN,0.0,1.000000000010914,
1,9,DETERMINISTIC_RH,LEXMMFSA,shared_battery_mode_node_level_v1,SI-Drahi_10-d1-HET-ULO-BLO-d3d04947f5,TK-PB-Drahi_10-d1-HET-ULO-d8d80a9180-r1,SS-19da242d4543,9,3,lex_phase_3,OPTIMAL,FEASIBLE_POINT,65185.37706144718,65185.37706144718,0,798,798,1229,3401,24,0,24,120,24,1,0,0,NaN,0,NaN,0.0,1.000000000010914,
1,9,DETERMINISTIC_RH,LEXMMFSA,shared_battery_mode_node_level_v1,SI-Drahi_10-d1-HET-ULO-BLO-d3d04947f5,TK-PB-Drahi_10-d1-HET-ULO-d8d80a9180-r1,SS-19da242d4543,9,4,lex_phase_4,OPTIMAL,FEASIBLE_POINT,86918.69105667339,86918.69105667339,0,798,798,1230,3407,24,0,24,120,24,1,0,0,NaN,0,NaN,0.0,1.000000000010914,
1,9,DETERMINISTIC_RH,LEXMMFSA,shared_battery_mode_node_level_v1,SI-Drahi_10-d1-HET-ULO-BLO-d3d04947f5,TK-PB-Drahi_10-d1-HET-ULO-d8d80a9180-r1,SS-19da242d4543,9,5,lex_phase_5,OPTIMAL,FEASIBLE_POINT,108652.01295664758,108652.01295664758,0,798,798,1231,3413,24,0,24,120,24,1,0,0,NaN,0,NaN,0.0,1.000000000010914,
1,9,DETERMINISTIC_RH,LEXMMFSA,shared_battery_mode_node_level_v1,SI-Drahi_10-d1-HET-ULO-BLO-d3d04947f5,TK-PB-Drahi_10-d1-HET-ULO-d8d80a9180-r1,SS-19da242d4543,9,6,economic_tie_break,OPTIMAL,FEASIBLE_POINT,724614.3284471958,724614.3284471958,0,798,798,1232,3419,24,0,24,120,24,1,0,0,NaN,0,NaN,0.0,1.000000000010914,
1,10,DETERMINISTIC_RH,LEXMMFSA,shared_battery_mode_node_level_v1,SI-Drahi_10-d1-HET-ULO-BLO-d3d04947f5,TK-PB-Drahi_10-d1-HET-ULO-d8d80a9180-r1,SS-19da242d4543,9,1,lex_phase_1,OPTIMAL,FEASIBLE_POINT,21726.53153311045,21726.53153311045,0,798,798,1227,3389,24,0,24,120,24,1,0,0,NaN,0,NaN,4.547473508864641e-13,1.000000000010914,
1,10,DETERMINISTIC_RH,LEXMMFSA,shared_battery_mode_node_level_v1,SI-Drahi_10-d1-HET-ULO-BLO-d3d04947f5,TK-PB-Drahi_10-d1-HET-ULO-d8d80a9180-r1,SS-19da242d4543,9,2,lex_phase_2,OPTIMAL,FEASIBLE_POINT,43453.063066220886,43453.063066220886,0,798,798,1228,3395,24,0,24,120,24,1,0,0,NaN,0,NaN,4.547473508864641e-13,1.000000000010914,
1,10,DETERMINISTIC_RH,LEXMMFSA,shared_battery_mode_node_level_v1,SI-Drahi_10-d1-HET-ULO-BLO-d3d04947f5,TK-PB-Drahi_10-d1-HET-ULO-d8d80a9180-r1,SS-19da242d4543,9,3,lex_phase_3,OPTIMAL,FEASIBLE_POINT,65185.37706144718,65185.37706144718,0,798,798,1229,3401,24,0,24,120,24,1,0,0,NaN,0,NaN,4.547473508864641e-13,1.000000000010914,
1,10,DETERMINISTIC_RH,LEXMMFSA,shared_battery_mode_node_level_v1,SI-Drahi_10-d1-HET-ULO-BLO-d3d04947f5,TK-PB-Drahi_10-d1-HET-ULO-d8d80a9180-r1,SS-19da242d4543,9,4,lex_phase_4,OPTIMAL,FEASIBLE_POINT,86918.69105667339,86918.69105667339,0,798,798,1230,3407,24,0,24,120,24,1,0,0,NaN,0,NaN,4.547473508864641e-13,1.000000000010914,
1,10,DETERMINISTIC_RH,LEXMMFSA,shared_battery_mode_node_level_v1,SI-Drahi_10-d1-HET-ULO-BLO-d3d04947f5,TK-PB-Drahi_10-d1-HET-ULO-d8d80a9180-r1,SS-19da242d4543,9,5,lex_phase_5,OPTIMAL,FEASIBLE_POINT,108652.01295664758,108652.01295664758,0,798,798,1231,3413,24,0,24,120,24,1,0,0,NaN,0,NaN,4.547473508864641e-13,1.000000000010914,
1,10,DETERMINISTIC_RH,LEXMMFSA,shared_battery_mode_node_level_v1,SI-Drahi_10-d1-HET-ULO-BLO-d3d04947f5,TK-PB-Drahi_10-d1-HET-ULO-d8d80a9180-r1,SS-19da242d4543,9,6,economic_tie_break,OPTIMAL,FEASIBLE_POINT,724614.3284471958,724614.3284471958,0,798,798,1232,3419,24,0,24,120,24,1,0,0,NaN,0,NaN,4.547473508864641e-13,1.000000000010914,
1,11,DETERMINISTIC_RH,LEXMMFSA,shared_battery_mode_node_level_v1,SI-Drahi_10-d1-HET-ULO-BLO-d3d04947f5,TK-PB-Drahi_10-d1-HET-ULO-d8d80a9180-r1,SS-19da242d4543,9,1,lex_phase_1,OPTIMAL,FEASIBLE_POINT,21726.53153311045,21726.53153311045,0,798,798,1227,3389,24,0,24,120,24,1,0,0,NaN,0,NaN,5.400124791776761e-13,1.000000000010914,
1,11,DETERMINISTIC_RH,LEXMMFSA,shared_battery_mode_node_level_v1,SI-Drahi_10-d1-HET-ULO-BLO-d3d04947f5,TK-PB-Drahi_10-d1-HET-ULO-d8d80a9180-r1,SS-19da242d4543,9,2,lex_phase_2,OPTIMAL,FEASIBLE_POINT,43453.063066220886,43453.063066220886,0,798,798,1228,3395,24,0,24,120,24,1,0,0,NaN,0,NaN,5.400124791776761e-13,1.000000000010914,
1,11,DETERMINISTIC_RH,LEXMMFSA,shared_battery_mode_node_level_v1,SI-Drahi_10-d1-HET-ULO-BLO-d3d04947f5,TK-PB-Drahi_10-d1-HET-ULO-d8d80a9180-r1,SS-19da242d4543,9,3,lex_phase_3,OPTIMAL,FEASIBLE_POINT,65185.37706144718,65185.37706144718,0,798,798,1229,3401,24,0,24,120,24,1,0,0,NaN,0,NaN,5.400124791776761e-13,1.000000000010914,
1,11,DETERMINISTIC_RH,LEXMMFSA,shared_battery_mode_node_level_v1,SI-Drahi_10-d1-HET-ULO-BLO-d3d04947f5,TK-PB-Drahi_10-d1-HET-ULO-d8d80a9180-r1,SS-19da242d4543,9,4,lex_phase_4,OPTIMAL,FEASIBLE_POINT,86918.69105667339,86918.69105667339,0,798,798,1230,3407,24,0,24,120,24,1,0,0,NaN,0,NaN,5.400124791776761e-13,1.000000000010914,
1,11,DETERMINISTIC_RH,LEXMMFSA,shared_battery_mode_node_level_v1,SI-Drahi_10-d1-HET-ULO-BLO-d3d04947f5,TK-PB-Drahi_10-d1-HET-ULO-d8d80a9180-r1,SS-19da242d4543,9,5,lex_phase_5,OPTIMAL,FEASIBLE_POINT,108652.01295664758,108652.01295664758,0,798,798,1231,3413,24,0,24,120,24,1,0,0,NaN,0,NaN,5.400124791776761e-13,1.000000000010914,
1,11,DETERMINISTIC_RH,LEXMMFSA,shared_battery_mode_node_level_v1,SI-Drahi_10-d1-HET-ULO-BLO-d3d04947f5,TK-PB-Drahi_10-d1-HET-ULO-d8d80a9180-r1,SS-19da242d4543,9,6,economic_tie_break,OPTIMAL,FEASIBLE_POINT,724614.3284471958,724614.3284471958,0,798,798,1232,3419,24,0,24,120,24,1,0,0,NaN,0,NaN,5.400124791776761e-13,1.000000000010914,
1,12,DETERMINISTIC_RH,LEXMMFSA,shared_battery_mode_node_level_v1,SI-Drahi_10-d1-HET-ULO-BLO-d3d04947f5,TK-PB-Drahi_10-d1-HET-ULO-d8d80a9180-r1,SS-19da242d4543,9,1,lex_phase_1,OPTIMAL,FEASIBLE_POINT,21726.53153311045,21726.53153311045,0,798,798,1227,3389,24,0,24,120,24,1,0,0,NaN,0,NaN,5.542233338928781e-13,1.000000000010914,
1,12,DETERMINISTIC_RH,LEXMMFSA,shared_battery_mode_node_level_v1,SI-Drahi_10-d1-HET-ULO-BLO-d3d04947f5,TK-PB-Drahi_10-d1-HET-ULO-d8d80a9180-r1,SS-19da242d4543,9,2,lex_phase_2,OPTIMAL,FEASIBLE_POINT,43453.063066220886,43453.063066220886,0,798,798,1228,3395,24,0,24,120,24,1,0,0,NaN,0,NaN,5.542233338928781e-13,1.000000000010914,
1,12,DETERMINISTIC_RH,LEXMMFSA,shared_battery_mode_node_level_v1,SI-Drahi_10-d1-HET-ULO-BLO-d3d04947f5,TK-PB-Drahi_10-d1-HET-ULO-d8d80a9180-r1,SS-19da242d4543,9,3,lex_phase_3,OPTIMAL,FEASIBLE_POINT,65185.37706144718,65185.37706144718,0,798,798,1229,3401,24,0,24,120,24,1,0,0,NaN,0,NaN,5.542233338928781e-13,1.000000000010914,
1,12,DETERMINISTIC_RH,LEXMMFSA,shared_battery_mode_node_level_v1,SI-Drahi_10-d1-HET-ULO-BLO-d3d04947f5,TK-PB-Drahi_10-d1-HET-ULO-d8d80a9180-r1,SS-19da242d4543,9,4,lex_phase_4,OPTIMAL,FEASIBLE_POINT,86918.69105667339,86918.69105667339,0,798,798,1230,3407,24,0,24,120,24,1,0,0,NaN,0,NaN,5.542233338928781e-13,1.000000000010914,
1,12,DETERMINISTIC_RH,LEXMMFSA,shared_battery_mode_node_level_v1,SI-Drahi_10-d1-HET-ULO-BLO-d3d04947f5,TK-PB-Drahi_10-d1-HET-ULO-d8d80a9180-r1,SS-19da242d4543,9,5,lex_phase_5,OPTIMAL,FEASIBLE_POINT,108652.01295664758,108652.01295664758,0,798,798,1231,3413,24,0,24,120,24,1,0,0,NaN,0,NaN,5.542233338928781e-13,1.000000000010914,
1,12,DETERMINISTIC_RH,LEXMMFSA,shared_battery_mode_node_level_v1,SI-Drahi_10-d1-HET-ULO-BLO-d3d04947f5,TK-PB-Drahi_10-d1-HET-ULO-d8d80a9180-r1,SS-19da242d4543,9,6,economic_tie_break,OPTIMAL,FEASIBLE_POINT,724614.3284471958,724614.3284471958,0,798,798,1232,3419,24,0,24,120,24,1,0,0,NaN,0,NaN,5.542233338928781e-13,1.000000000010914,
1,13,DETERMINISTIC_RH,LEXMMFSA,shared_battery_mode_node_level_v1,SI-Drahi_10-d1-HET-ULO-BLO-d3d04947f5,TK-PB-Drahi_10-d1-HET-ULO-d8d80a9180-r1,SS-354317d12b7f,13,1,lex_phase_1,OPTIMAL,FEASIBLE_POINT,22955.81642409948,22955.81642409948,0,798,798,1227,3389,24,0,24,120,24,1,0,0,NaN,0,NaN,0.0,1.0000000000582077,
1,13,DETERMINISTIC_RH,LEXMMFSA,shared_battery_mode_node_level_v1,SI-Drahi_10-d1-HET-ULO-BLO-d3d04947f5,TK-PB-Drahi_10-d1-HET-ULO-d8d80a9180-r1,SS-354317d12b7f,13,2,lex_phase_2,OPTIMAL,FEASIBLE_POINT,45911.63284819898,45911.63284819898,0,798,798,1228,3395,24,0,24,120,24,1,0,0,NaN,0,NaN,0.0,1.0000000000582077,
1,13,DETERMINISTIC_RH,LEXMMFSA,shared_battery_mode_node_level_v1,SI-Drahi_10-d1-HET-ULO-BLO-d3d04947f5,TK-PB-Drahi_10-d1-HET-ULO-d8d80a9180-r1,SS-354317d12b7f,13,3,lex_phase_3,OPTIMAL,FEASIBLE_POINT,68873.10600919876,68873.10600919876,0,798,798,1229,3401,24,0,24,120,24,1,0,0,NaN,0,NaN,0.0,1.0000000000582077,
1,13,DETERMINISTIC_RH,LEXMMFSA,shared_battery_mode_node_level_v1,SI-Drahi_10-d1-HET-ULO-BLO-d3d04947f5,TK-PB-Drahi_10-d1-HET-ULO-d8d80a9180-r1,SS-354317d12b7f,13,4,lex_phase_4,OPTIMAL,FEASIBLE_POINT,91835.5791701986,91835.5791701986,0,798,798,1230,3407,24,0,24,120,24,1,0,0,NaN,0,NaN,0.0,1.0000000000582077,
1,13,DETERMINISTIC_RH,LEXMMFSA,shared_battery_mode_node_level_v1,SI-Drahi_10-d1-HET-ULO-BLO-d3d04947f5,TK-PB-Drahi_10-d1-HET-ULO-d8d80a9180-r1,SS-354317d12b7f,13,5,lex_phase_5,OPTIMAL,FEASIBLE_POINT,114798.11704598348,114798.11704598348,0,798,798,1231,3413,24,0,24,120,24,1,0,0,NaN,0,NaN,0.0,1.0000000000582077,
1,13,DETERMINISTIC_RH,LEXMMFSA,shared_battery_mode_node_level_v1,SI-Drahi_10-d1-HET-ULO-BLO-d3d04947f5,TK-PB-Drahi_10-d1-HET-ULO-d8d80a9180-r1,SS-354317d12b7f,13,6,economic_tie_break,OPTIMAL,FEASIBLE_POINT,707460.8040926576,707460.8040926576,0,798,798,1232,3419,24,0,24,120,24,1,0,0,NaN,0,NaN,0.0,1.0000000000582077,
1,14,DETERMINISTIC_RH,LEXMMFSA,shared_battery_mode_node_level_v1,SI-Drahi_10-d1-HET-ULO-BLO-d3d04947f5,TK-PB-Drahi_10-d1-HET-ULO-d8d80a9180-r1,SS-354317d12b7f,13,1,lex_phase_1,OPTIMAL,FEASIBLE_POINT,22955.81642409948,22955.81642409948,0,798,798,1227,3389,24,0,24,120,24,1,0,0,NaN,0,NaN,2.8421709430404007e-13,1.0000000000582077,
1,14,DETERMINISTIC_RH,LEXMMFSA,shared_battery_mode_node_level_v1,SI-Drahi_10-d1-HET-ULO-BLO-d3d04947f5,TK-PB-Drahi_10-d1-HET-ULO-d8d80a9180-r1,SS-354317d12b7f,13,2,lex_phase_2,OPTIMAL,FEASIBLE_POINT,45911.63284819898,45911.63284819898,0,798,798,1228,3395,24,0,24,120,24,1,0,0,NaN,0,NaN,2.8421709430404007e-13,1.0000000000582077,
1,14,DETERMINISTIC_RH,LEXMMFSA,shared_battery_mode_node_level_v1,SI-Drahi_10-d1-HET-ULO-BLO-d3d04947f5,TK-PB-Drahi_10-d1-HET-ULO-d8d80a9180-r1,SS-354317d12b7f,13,3,lex_phase_3,OPTIMAL,FEASIBLE_POINT,68873.10600919876,68873.10600919876,0,798,798,1229,3401,24,0,24,120,24,1,0,0,NaN,0,NaN,2.8421709430404007e-13,1.0000000000582077,
1,14,DETERMINISTIC_RH,LEXMMFSA,shared_battery_mode_node_level_v1,SI-Drahi_10-d1-HET-ULO-BLO-d3d04947f5,TK-PB-Drahi_10-d1-HET-ULO-d8d80a9180-r1,SS-354317d12b7f,13,4,lex_phase_4,OPTIMAL,FEASIBLE_POINT,91835.5791701986,91835.5791701986,0,798,798,1230,3407,24,0,24,120,24,1,0,0,NaN,0,NaN,2.8421709430404007e-13,1.0000000000582077,
1,14,DETERMINISTIC_RH,LEXMMFSA,shared_battery_mode_node_level_v1,SI-Drahi_10-d1-HET-ULO-BLO-d3d04947f5,TK-PB-Drahi_10-d1-HET-ULO-d8d80a9180-r1,SS-354317d12b7f,13,5,lex_phase_5,OPTIMAL,FEASIBLE_POINT,114798.11704598348,114798.11704598348,0,798,798,1231,3413,24,0,24,120,24,1,0,0,NaN,0,NaN,2.8421709430404007e-13,1.0000000000582077,
1,14,DETERMINISTIC_RH,LEXMMFSA,shared_battery_mode_node_level_v1,SI-Drahi_10-d1-HET-ULO-BLO-d3d04947f5,TK-PB-Drahi_10-d1-HET-ULO-d8d80a9180-r1,SS-354317d12b7f,13,6,economic_tie_break,OPTIMAL,FEASIBLE_POINT,707460.8040926576,707460.8040926576,0,798,798,1232,3419,24,0,24,120,24,1,0,0,NaN,0,NaN,2.8421709430404007e-13,1.0000000000582077,
1,15,DETERMINISTIC_RH,LEXMMFSA,shared_battery_mode_node_level_v1,SI-Drahi_10-d1-HET-ULO-BLO-d3d04947f5,TK-PB-Drahi_10-d1-HET-ULO-d8d80a9180-r1,SS-354317d12b7f,13,1,lex_phase_1,OPTIMAL,FEASIBLE_POINT,22955.81642409948,22955.81642409948,0,798,798,1227,3389,24,0,24,120,24,1,0,0,NaN,0,NaN,2.984279490192421e-13,1.0000000000582077,
1,15,DETERMINISTIC_RH,LEXMMFSA,shared_battery_mode_node_level_v1,SI-Drahi_10-d1-HET-ULO-BLO-d3d04947f5,TK-PB-Drahi_10-d1-HET-ULO-d8d80a9180-r1,SS-354317d12b7f,13,2,lex_phase_2,OPTIMAL,FEASIBLE_POINT,45911.63284819898,45911.63284819898,0,798,798,1228,3395,24,0,24,120,24,1,0,0,NaN,0,NaN,2.984279490192421e-13,1.0000000000582077,
1,15,DETERMINISTIC_RH,LEXMMFSA,shared_battery_mode_node_level_v1,SI-Drahi_10-d1-HET-ULO-BLO-d3d04947f5,TK-PB-Drahi_10-d1-HET-ULO-d8d80a9180-r1,SS-354317d12b7f,13,3,lex_phase_3,OPTIMAL,FEASIBLE_POINT,68873.10600919876,68873.10600919876,0,798,798,1229,3401,24,0,24,120,24,1,0,0,NaN,0,NaN,2.984279490192421e-13,1.0000000000582077,
1,15,DETERMINISTIC_RH,LEXMMFSA,shared_battery_mode_node_level_v1,SI-Drahi_10-d1-HET-ULO-BLO-d3d04947f5,TK-PB-Drahi_10-d1-HET-ULO-d8d80a9180-r1,SS-354317d12b7f,13,4,lex_phase_4,OPTIMAL,FEASIBLE_POINT,91835.5791701986,91835.5791701986,0,798,798,1230,3407,24,0,24,120,24,1,0,0,NaN,0,NaN,2.984279490192421e-13,1.0000000000582077,
1,15,DETERMINISTIC_RH,LEXMMFSA,shared_battery_mode_node_level_v1,SI-Drahi_10-d1-HET-ULO-BLO-d3d04947f5,TK-PB-Drahi_10-d1-HET-ULO-d8d80a9180-r1,SS-354317d12b7f,13,5,lex_phase_5,OPTIMAL,FEASIBLE_POINT,114798.11704598348,114798.11704598348,0,798,798,1231,3413,24,0,24,120,24,1,0,0,NaN,0,NaN,2.984279490192421e-13,1.0000000000582077,
1,15,DETERMINISTIC_RH,LEXMMFSA,shared_battery_mode_node_level_v1,SI-Drahi_10-d1-HET-ULO-BLO-d3d04947f5,TK-PB-Drahi_10-d1-HET-ULO-d8d80a9180-r1,SS-354317d12b7f,13,6,economic_tie_break,OPTIMAL,FEASIBLE_POINT,707460.8040926576,707460.8040926576,0,798,798,1232,3419,24,0,24,120,24,1,0,0,NaN,0,NaN,2.984279490192421e-13,1.0000000000582077,
1,16,DETERMINISTIC_RH,LEXMMFSA,shared_battery_mode_node_level_v1,SI-Drahi_10-d1-HET-ULO-BLO-d3d04947f5,TK-PB-Drahi_10-d1-HET-ULO-d8d80a9180-r1,SS-354317d12b7f,13,1,lex_phase_1,OPTIMAL,FEASIBLE_POINT,22955.81642409948,22955.81642409948,0,798,798,1227,3389,24,0,24,120,24,1,0,0,NaN,0,NaN,5.115907697472721e-13,1.0000000000582077,
1,16,DETERMINISTIC_RH,LEXMMFSA,shared_battery_mode_node_level_v1,SI-Drahi_10-d1-HET-ULO-BLO-d3d04947f5,TK-PB-Drahi_10-d1-HET-ULO-d8d80a9180-r1,SS-354317d12b7f,13,2,lex_phase_2,OPTIMAL,FEASIBLE_POINT,45911.63284819898,45911.63284819898,0,798,798,1228,3395,24,0,24,120,24,1,0,0,NaN,0,NaN,5.115907697472721e-13,1.0000000000582077,
1,16,DETERMINISTIC_RH,LEXMMFSA,shared_battery_mode_node_level_v1,SI-Drahi_10-d1-HET-ULO-BLO-d3d04947f5,TK-PB-Drahi_10-d1-HET-ULO-d8d80a9180-r1,SS-354317d12b7f,13,3,lex_phase_3,OPTIMAL,FEASIBLE_POINT,68873.10600919876,68873.10600919876,0,798,798,1229,3401,24,0,24,120,24,1,0,0,NaN,0,NaN,5.115907697472721e-13,1.0000000000582077,
1,16,DETERMINISTIC_RH,LEXMMFSA,shared_battery_mode_node_level_v1,SI-Drahi_10-d1-HET-ULO-BLO-d3d04947f5,TK-PB-Drahi_10-d1-HET-ULO-d8d80a9180-r1,SS-354317d12b7f,13,4,lex_phase_4,OPTIMAL,FEASIBLE_POINT,91835.5791701986,91835.5791701986,0,798,798,1230,3407,24,0,24,120,24,1,0,0,NaN,0,NaN,5.115907697472721e-13,1.0000000000582077,
1,16,DETERMINISTIC_RH,LEXMMFSA,shared_battery_mode_node_level_v1,SI-Drahi_10-d1-HET-ULO-BLO-d3d04947f5,TK-PB-Drahi_10-d1-HET-ULO-d8d80a9180-r1,SS-354317d12b7f,13,5,lex_phase_5,OPTIMAL,FEASIBLE_POINT,114798.11704598348,114798.11704598348,0,798,798,1231,3413,24,0,24,120,24,1,0,0,NaN,0,NaN,5.115907697472721e-13,1.0000000000582077,
1,16,DETERMINISTIC_RH,LEXMMFSA,shared_battery_mode_node_level_v1,SI-Drahi_10-d1-HET-ULO-BLO-d3d04947f5,TK-PB-Drahi_10-d1-HET-ULO-d8d80a9180-r1,SS-354317d12b7f,13,6,economic_tie_break,OPTIMAL,FEASIBLE_POINT,707460.8040926576,707460.8040926576,0,798,798,1232,3419,24,0,24,120,24,1,0,0,NaN,0,NaN,5.115907697472721e-13,1.0000000000582077,
1,17,DETERMINISTIC_RH,LEXMMFSA,shared_battery_mode_node_level_v1,SI-Drahi_10-d1-HET-ULO-BLO-d3d04947f5,TK-PB-Drahi_10-d1-HET-ULO-d8d80a9180-r1,SS-c81930d9c8ba,17,1,lex_phase_1,OPTIMAL,FEASIBLE_POINT,24771.37838684592,24771.37838684592,0,798,798,1227,3389,24,0,24,120,24,1,0,0,NaN,0,NaN,3.7950065703022338,1.0000000000582077,
1,17,DETERMINISTIC_RH,LEXMMFSA,shared_battery_mode_node_level_v1,SI-Drahi_10-d1-HET-ULO-BLO-d3d04947f5,TK-PB-Drahi_10-d1-HET-ULO-d8d80a9180-r1,SS-c81930d9c8ba,17,2,lex_phase_2,OPTIMAL,FEASIBLE_POINT,49542.75677369183,49542.75677369183,0,798,798,1228,3395,24,0,24,120,24,1,0,0,NaN,0,NaN,3.7950065703022338,1.0000000000582077,
1,17,DETERMINISTIC_RH,LEXMMFSA,shared_battery_mode_node_level_v1,SI-Drahi_10-d1-HET-ULO-BLO-d3d04947f5,TK-PB-Drahi_10-d1-HET-ULO-d8d80a9180-r1,SS-c81930d9c8ba,17,3,lex_phase_3,OPTIMAL,FEASIBLE_POINT,74319.88216053773,74319.88216053773,0,798,798,1229,3401,24,0,24,120,24,1,0,0,NaN,0,NaN,3.7950065703022338,1.0000000000582077,
1,17,DETERMINISTIC_RH,LEXMMFSA,shared_battery_mode_node_level_v1,SI-Drahi_10-d1-HET-ULO-BLO-d3d04947f5,TK-PB-Drahi_10-d1-HET-ULO-d8d80a9180-r1,SS-c81930d9c8ba,17,4,lex_phase_4,OPTIMAL,FEASIBLE_POINT,99098.00754738359,99098.00754738359,0,798,798,1230,3407,24,0,24,120,24,1,0,0,NaN,0,NaN,3.7950065703022338,1.0000000000582077,
1,17,DETERMINISTIC_RH,LEXMMFSA,shared_battery_mode_node_level_v1,SI-Drahi_10-d1-HET-ULO-BLO-d3d04947f5,TK-PB-Drahi_10-d1-HET-ULO-d8d80a9180-r1,SS-c81930d9c8ba,17,5,lex_phase_5,OPTIMAL,FEASIBLE_POINT,123876.1329342295,123876.1329342295,0,798,798,1231,3413,24,0,24,120,24,1,0,0,NaN,0,NaN,3.7950065703022338,1.0000000000582077,
1,17,DETERMINISTIC_RH,LEXMMFSA,shared_battery_mode_node_level_v1,SI-Drahi_10-d1-HET-ULO-BLO-d3d04947f5,TK-PB-Drahi_10-d1-HET-ULO-d8d80a9180-r1,SS-c81930d9c8ba,17,6,economic_tie_break,OPTIMAL,FEASIBLE_POINT,725748.7888182966,725748.7888182966,0,798,798,1232,3419,24,0,24,120,24,1,0,0,NaN,0,NaN,3.7950065703022338,1.0000000000582077,
1,18,DETERMINISTIC_RH,LEXMMFSA,shared_battery_mode_node_level_v1,SI-Drahi_10-d1-HET-ULO-BLO-d3d04947f5,TK-PB-Drahi_10-d1-HET-ULO-d8d80a9180-r1,SS-c81930d9c8ba,17,1,lex_phase_1,OPTIMAL,FEASIBLE_POINT,24771.37838684592,24771.37838684592,0,798,798,1227,3389,24,0,24,120,24,1,0,0,NaN,0,NaN,2.2737367544323206e-13,1.0000000000582077,
1,18,DETERMINISTIC_RH,LEXMMFSA,shared_battery_mode_node_level_v1,SI-Drahi_10-d1-HET-ULO-BLO-d3d04947f5,TK-PB-Drahi_10-d1-HET-ULO-d8d80a9180-r1,SS-c81930d9c8ba,17,2,lex_phase_2,OPTIMAL,FEASIBLE_POINT,49542.75677369183,49542.75677369183,0,798,798,1228,3395,24,0,24,120,24,1,0,0,NaN,0,NaN,2.2737367544323206e-13,1.0000000000582077,
1,18,DETERMINISTIC_RH,LEXMMFSA,shared_battery_mode_node_level_v1,SI-Drahi_10-d1-HET-ULO-BLO-d3d04947f5,TK-PB-Drahi_10-d1-HET-ULO-d8d80a9180-r1,SS-c81930d9c8ba,17,3,lex_phase_3,OPTIMAL,FEASIBLE_POINT,74319.88216053773,74319.88216053773,0,798,798,1229,3401,24,0,24,120,24,1,0,0,NaN,0,NaN,2.2737367544323206e-13,1.0000000000582077,
1,18,DETERMINISTIC_RH,LEXMMFSA,shared_battery_mode_node_level_v1,SI-Drahi_10-d1-HET-ULO-BLO-d3d04947f5,TK-PB-Drahi_10-d1-HET-ULO-d8d80a9180-r1,SS-c81930d9c8ba,17,4,lex_phase_4,OPTIMAL,FEASIBLE_POINT,99098.00754738359,99098.00754738359,0,798,798,1230,3407,24,0,24,120,24,1,0,0,NaN,0,NaN,2.2737367544323206e-13,1.0000000000582077,
1,18,DETERMINISTIC_RH,LEXMMFSA,shared_battery_mode_node_level_v1,SI-Drahi_10-d1-HET-ULO-BLO-d3d04947f5,TK-PB-Drahi_10-d1-HET-ULO-d8d80a9180-r1,SS-c81930d9c8ba,17,5,lex_phase_5,OPTIMAL,FEASIBLE_POINT,123876.1329342295,123876.1329342295,0,798,798,1231,3413,24,0,24,120,24,1,0,0,NaN,0,NaN,2.2737367544323206e-13,1.0000000000582077,
1,18,DETERMINISTIC_RH,LEXMMFSA,shared_battery_mode_node_level_v1,SI-Drahi_10-d1-HET-ULO-BLO-d3d04947f5,TK-PB-Drahi_10-d1-HET-ULO-d8d80a9180-r1,SS-c81930d9c8ba,17,6,economic_tie_break,OPTIMAL,FEASIBLE_POINT,725748.7888182966,725748.7888182966,0,798,798,1232,3419,24,0,24,120,24,1,0,0,NaN,0,NaN,2.2737367544323206e-13,1.0000000000582077,
1,19,DETERMINISTIC_RH,LEXMMFSA,shared_battery_mode_node_level_v1,SI-Drahi_10-d1-HET-ULO-BLO-d3d04947f5,TK-PB-Drahi_10-d1-HET-ULO-d8d80a9180-r1,SS-c81930d9c8ba,17,1,lex_phase_1,OPTIMAL,FEASIBLE_POINT,24771.37838684592,24771.37838684592,0,798,798,1227,3389,24,0,24,120,24,1,0,0,NaN,0,NaN,3.268496584496461e-13,1.0000000000582077,
1,19,DETERMINISTIC_RH,LEXMMFSA,shared_battery_mode_node_level_v1,SI-Drahi_10-d1-HET-ULO-BLO-d3d04947f5,TK-PB-Drahi_10-d1-HET-ULO-d8d80a9180-r1,SS-c81930d9c8ba,17,2,lex_phase_2,OPTIMAL,FEASIBLE_POINT,49542.75677369183,49542.75677369183,0,798,798,1228,3395,24,0,24,120,24,1,0,0,NaN,0,NaN,3.268496584496461e-13,1.0000000000582077,
1,19,DETERMINISTIC_RH,LEXMMFSA,shared_battery_mode_node_level_v1,SI-Drahi_10-d1-HET-ULO-BLO-d3d04947f5,TK-PB-Drahi_10-d1-HET-ULO-d8d80a9180-r1,SS-c81930d9c8ba,17,3,lex_phase_3,OPTIMAL,FEASIBLE_POINT,74319.88216053773,74319.88216053773,0,798,798,1229,3401,24,0,24,120,24,1,0,0,NaN,0,NaN,3.268496584496461e-13,1.0000000000582077,
1,19,DETERMINISTIC_RH,LEXMMFSA,shared_battery_mode_node_level_v1,SI-Drahi_10-d1-HET-ULO-BLO-d3d04947f5,TK-PB-Drahi_10-d1-HET-ULO-d8d80a9180-r1,SS-c81930d9c8ba,17,4,lex_phase_4,OPTIMAL,FEASIBLE_POINT,99098.00754738359,99098.00754738359,0,798,798,1230,3407,24,0,24,120,24,1,0,0,NaN,0,NaN,3.268496584496461e-13,1.0000000000582077,
1,19,DETERMINISTIC_RH,LEXMMFSA,shared_battery_mode_node_level_v1,SI-Drahi_10-d1-HET-ULO-BLO-d3d04947f5,TK-PB-Drahi_10-d1-HET-ULO-d8d80a9180-r1,SS-c81930d9c8ba,17,5,lex_phase_5,OPTIMAL,FEASIBLE_POINT,123876.1329342295,123876.1329342295,0,798,798,1231,3413,24,0,24,120,24,1,0,0,NaN,0,NaN,3.268496584496461e-13,1.0000000000582077,
1,19,DETERMINISTIC_RH,LEXMMFSA,shared_battery_mode_node_level_v1,SI-Drahi_10-d1-HET-ULO-BLO-d3d04947f5,TK-PB-Drahi_10-d1-HET-ULO-d8d80a9180-r1,SS-c81930d9c8ba,17,6,economic_tie_break,OPTIMAL,FEASIBLE_POINT,725748.7888182966,725748.7888182966,0,798,798,1232,3419,24,0,24,120,24,1,0,0,NaN,0,NaN,3.268496584496461e-13,1.0000000000582077,
1,20,DETERMINISTIC_RH,LEXMMFSA,shared_battery_mode_node_level_v1,SI-Drahi_10-d1-HET-ULO-BLO-d3d04947f5,TK-PB-Drahi_10-d1-HET-ULO-d8d80a9180-r1,SS-c81930d9c8ba,17,1,lex_phase_1,OPTIMAL,FEASIBLE_POINT,24771.37838684592,24771.37838684592,0,798,798,1227,3389,24,0,24,120,24,1,0,0,NaN,0,NaN,5.826450433232822e-13,1.0000000000582077,
1,20,DETERMINISTIC_RH,LEXMMFSA,shared_battery_mode_node_level_v1,SI-Drahi_10-d1-HET-ULO-BLO-d3d04947f5,TK-PB-Drahi_10-d1-HET-ULO-d8d80a9180-r1,SS-c81930d9c8ba,17,2,lex_phase_2,OPTIMAL,FEASIBLE_POINT,49542.75677369183,49542.75677369183,0,798,798,1228,3395,24,0,24,120,24,1,0,0,NaN,0,NaN,5.826450433232822e-13,1.0000000000582077,
1,20,DETERMINISTIC_RH,LEXMMFSA,shared_battery_mode_node_level_v1,SI-Drahi_10-d1-HET-ULO-BLO-d3d04947f5,TK-PB-Drahi_10-d1-HET-ULO-d8d80a9180-r1,SS-c81930d9c8ba,17,3,lex_phase_3,OPTIMAL,FEASIBLE_POINT,74319.88216053773,74319.88216053773,0,798,798,1229,3401,24,0,24,120,24,1,0,0,NaN,0,NaN,5.826450433232822e-13,1.0000000000582077,
1,20,DETERMINISTIC_RH,LEXMMFSA,shared_battery_mode_node_level_v1,SI-Drahi_10-d1-HET-ULO-BLO-d3d04947f5,TK-PB-Drahi_10-d1-HET-ULO-d8d80a9180-r1,SS-c81930d9c8ba,17,4,lex_phase_4,OPTIMAL,FEASIBLE_POINT,99098.00754738359,99098.00754738359,0,798,798,1230,3407,24,0,24,120,24,1,0,0,NaN,0,NaN,5.826450433232822e-13,1.0000000000582077,
1,20,DETERMINISTIC_RH,LEXMMFSA,shared_battery_mode_node_level_v1,SI-Drahi_10-d1-HET-ULO-BLO-d3d04947f5,TK-PB-Drahi_10-d1-HET-ULO-d8d80a9180-r1,SS-c81930d9c8ba,17,5,lex_phase_5,OPTIMAL,FEASIBLE_POINT,123876.1329342295,123876.1329342295,0,798,798,1231,3413,24,0,24,120,24,1,0,0,NaN,0,NaN,5.826450433232822e-13,1.0000000000582077,
1,20,DETERMINISTIC_RH,LEXMMFSA,shared_battery_mode_node_level_v1,SI-Drahi_10-d1-HET-ULO-BLO-d3d04947f5,TK-PB-Drahi_10-d1-HET-ULO-d8d80a9180-r1,SS-c81930d9c8ba,17,6,economic_tie_break,OPTIMAL,FEASIBLE_POINT,725748.7888182966,725748.7888182966,0,798,798,1232,3419,24,0,24,120,24,1,0,0,NaN,0,NaN,5.826450433232822e-13,1.0000000000582077,
1,21,DETERMINISTIC_RH,LEXMMFSA,shared_battery_mode_node_level_v1,SI-Drahi_10-d1-HET-ULO-BLO-d3d04947f5,TK-PB-Drahi_10-d1-HET-ULO-d8d80a9180-r1,SS-3cf9bda45ea4,21,1,lex_phase_1,OPTIMAL,FEASIBLE_POINT,34981.95740715842,34981.95740715842,0,798,798,1227,3389,24,0,24,120,24,1,0,0,NaN,0,NaN,0.0,1.0,
1,21,DETERMINISTIC_RH,LEXMMFSA,shared_battery_mode_node_level_v1,SI-Drahi_10-d1-HET-ULO-BLO-d3d04947f5,TK-PB-Drahi_10-d1-HET-ULO-d8d80a9180-r1,SS-3cf9bda45ea4,21,2,lex_phase_2,OPTIMAL,FEASIBLE_POINT,69963.91481431683,69963.91481431683,0,798,798,1228,3395,24,0,24,120,24,1,0,0,NaN,0,NaN,0.0,1.0,
1,21,DETERMINISTIC_RH,LEXMMFSA,shared_battery_mode_node_level_v1,SI-Drahi_10-d1-HET-ULO-BLO-d3d04947f5,TK-PB-Drahi_10-d1-HET-ULO-d8d80a9180-r1,SS-3cf9bda45ea4,21,3,lex_phase_3,OPTIMAL,FEASIBLE_POINT,104945.87222147523,104945.87222147523,0,798,798,1229,3401,24,0,24,120,24,1,0,0,NaN,0,NaN,0.0,1.0,
1,21,DETERMINISTIC_RH,LEXMMFSA,shared_battery_mode_node_level_v1,SI-Drahi_10-d1-HET-ULO-BLO-d3d04947f5,TK-PB-Drahi_10-d1-HET-ULO-d8d80a9180-r1,SS-3cf9bda45ea4,21,4,lex_phase_4,OPTIMAL,FEASIBLE_POINT,139927.82962863366,139927.82962863366,0,798,798,1230,3407,24,0,24,120,24,1,0,0,NaN,0,NaN,0.0,1.0,
1,21,DETERMINISTIC_RH,LEXMMFSA,shared_battery_mode_node_level_v1,SI-Drahi_10-d1-HET-ULO-BLO-d3d04947f5,TK-PB-Drahi_10-d1-HET-ULO-d8d80a9180-r1,SS-3cf9bda45ea4,21,5,lex_phase_5,OPTIMAL,FEASIBLE_POINT,174927.94803579233,174927.94803579233,0,798,798,1231,3413,24,0,24,120,24,1,0,0,NaN,0,NaN,0.0,1.0,
1,21,DETERMINISTIC_RH,LEXMMFSA,shared_battery_mode_node_level_v1,SI-Drahi_10-d1-HET-ULO-BLO-d3d04947f5,TK-PB-Drahi_10-d1-HET-ULO-d8d80a9180-r1,SS-3cf9bda45ea4,21,6,economic_tie_break,OPTIMAL,FEASIBLE_POINT,687388.7912769209,687388.7912769209,0,798,798,1232,3419,24,0,24,120,24,1,0,0,NaN,0,NaN,0.0,1.0,
1,22,DETERMINISTIC_RH,LEXMMFSA,shared_battery_mode_node_level_v1,SI-Drahi_10-d1-HET-ULO-BLO-d3d04947f5,TK-PB-Drahi_10-d1-HET-ULO-d8d80a9180-r1,SS-3cf9bda45ea4,21,1,lex_phase_1,OPTIMAL,FEASIBLE_POINT,34981.95740715842,34981.95740715842,0,798,798,1227,3389,24,0,24,120,24,1,0,0,NaN,0,NaN,4.831690603168681e-13,1.0,
1,22,DETERMINISTIC_RH,LEXMMFSA,shared_battery_mode_node_level_v1,SI-Drahi_10-d1-HET-ULO-BLO-d3d04947f5,TK-PB-Drahi_10-d1-HET-ULO-d8d80a9180-r1,SS-3cf9bda45ea4,21,2,lex_phase_2,OPTIMAL,FEASIBLE_POINT,69963.91481431683,69963.91481431683,0,798,798,1228,3395,24,0,24,120,24,1,0,0,NaN,0,NaN,4.831690603168681e-13,1.0,
1,22,DETERMINISTIC_RH,LEXMMFSA,shared_battery_mode_node_level_v1,SI-Drahi_10-d1-HET-ULO-BLO-d3d04947f5,TK-PB-Drahi_10-d1-HET-ULO-d8d80a9180-r1,SS-3cf9bda45ea4,21,3,lex_phase_3,OPTIMAL,FEASIBLE_POINT,104945.87222147523,104945.87222147523,0,798,798,1229,3401,24,0,24,120,24,1,0,0,NaN,0,NaN,4.831690603168681e-13,1.0,
1,22,DETERMINISTIC_RH,LEXMMFSA,shared_battery_mode_node_level_v1,SI-Drahi_10-d1-HET-ULO-BLO-d3d04947f5,TK-PB-Drahi_10-d1-HET-ULO-d8d80a9180-r1,SS-3cf9bda45ea4,21,4,lex_phase_4,OPTIMAL,FEASIBLE_POINT,139927.82962863366,139927.82962863366,0,798,798,1230,3407,24,0,24,120,24,1,0,0,NaN,0,NaN,4.831690603168681e-13,1.0,
1,22,DETERMINISTIC_RH,LEXMMFSA,shared_battery_mode_node_level_v1,SI-Drahi_10-d1-HET-ULO-BLO-d3d04947f5,TK-PB-Drahi_10-d1-HET-ULO-d8d80a9180-r1,SS-3cf9bda45ea4,21,5,lex_phase_5,OPTIMAL,FEASIBLE_POINT,174927.94803579233,174927.94803579233,0,798,798,1231,3413,24,0,24,120,24,1,0,0,NaN,0,NaN,4.831690603168681e-13,1.0,
1,22,DETERMINISTIC_RH,LEXMMFSA,shared_battery_mode_node_level_v1,SI-Drahi_10-d1-HET-ULO-BLO-d3d04947f5,TK-PB-Drahi_10-d1-HET-ULO-d8d80a9180-r1,SS-3cf9bda45ea4,21,6,economic_tie_break,OPTIMAL,FEASIBLE_POINT,687388.7912769209,687388.7912769209,0,798,798,1232,3419,24,0,24,120,24,1,0,0,NaN,0,NaN,4.831690603168681e-13,1.0,
1,23,DETERMINISTIC_RH,LEXMMFSA,shared_battery_mode_node_level_v1,SI-Drahi_10-d1-HET-ULO-BLO-d3d04947f5,TK-PB-Drahi_10-d1-HET-ULO-d8d80a9180-r1,SS-3cf9bda45ea4,21,1,lex_phase_1,OPTIMAL,FEASIBLE_POINT,34981.95740715842,34981.95740715842,0,798,798,1227,3389,24,0,24,120,24,1,0,0,NaN,0,NaN,4.973799150320701e-13,1.0,
1,23,DETERMINISTIC_RH,LEXMMFSA,shared_battery_mode_node_level_v1,SI-Drahi_10-d1-HET-ULO-BLO-d3d04947f5,TK-PB-Drahi_10-d1-HET-ULO-d8d80a9180-r1,SS-3cf9bda45ea4,21,2,lex_phase_2,OPTIMAL,FEASIBLE_POINT,69963.91481431683,69963.91481431683,0,798,798,1228,3395,24,0,24,120,24,1,0,0,NaN,0,NaN,4.973799150320701e-13,1.0,
1,23,DETERMINISTIC_RH,LEXMMFSA,shared_battery_mode_node_level_v1,SI-Drahi_10-d1-HET-ULO-BLO-d3d04947f5,TK-PB-Drahi_10-d1-HET-ULO-d8d80a9180-r1,SS-3cf9bda45ea4,21,3,lex_phase_3,OPTIMAL,FEASIBLE_POINT,104945.87222147523,104945.87222147523,0,798,798,1229,3401,24,0,24,120,24,1,0,0,NaN,0,NaN,4.973799150320701e-13,1.0,
1,23,DETERMINISTIC_RH,LEXMMFSA,shared_battery_mode_node_level_v1,SI-Drahi_10-d1-HET-ULO-BLO-d3d04947f5,TK-PB-Drahi_10-d1-HET-ULO-d8d80a9180-r1,SS-3cf9bda45ea4,21,4,lex_phase_4,OPTIMAL,FEASIBLE_POINT,139927.82962863366,139927.82962863366,0,798,798,1230,3407,24,0,24,120,24,1,0,0,NaN,0,NaN,4.973799150320701e-13,1.0,
1,23,DETERMINISTIC_RH,LEXMMFSA,shared_battery_mode_node_level_v1,SI-Drahi_10-d1-HET-ULO-BLO-d3d04947f5,TK-PB-Drahi_10-d1-HET-ULO-d8d80a9180-r1,SS-3cf9bda45ea4,21,5,lex_phase_5,OPTIMAL,FEASIBLE_POINT,174927.94803579233,174927.94803579233,0,798,798,1231,3413,24,0,24,120,24,1,0,0,NaN,0,NaN,4.973799150320701e-13,1.0,
1,23,DETERMINISTIC_RH,LEXMMFSA,shared_battery_mode_node_level_v1,SI-Drahi_10-d1-HET-ULO-BLO-d3d04947f5,TK-PB-Drahi_10-d1-HET-ULO-d8d80a9180-r1,SS-3cf9bda45ea4,21,6,economic_tie_break,OPTIMAL,FEASIBLE_POINT,687388.7912769209,687388.7912769209,0,798,798,1232,3419,24,0,24,120,24,1,0,0,NaN,0,NaN,4.973799150320701e-13,1.0,
1,24,DETERMINISTIC_RH,LEXMMFSA,shared_battery_mode_node_level_v1,SI-Drahi_10-d1-HET-ULO-BLO-d3d04947f5,TK-PB-Drahi_10-d1-HET-ULO-d8d80a9180-r1,SS-3cf9bda45ea4,21,1,lex_phase_1,OPTIMAL,FEASIBLE_POINT,34981.95740715842,34981.95740715842,0,798,798,1227,3389,24,0,24,120,24,1,0,0,NaN,0,NaN,3.410605131648481e-13,1.0,
1,24,DETERMINISTIC_RH,LEXMMFSA,shared_battery_mode_node_level_v1,SI-Drahi_10-d1-HET-ULO-BLO-d3d04947f5,TK-PB-Drahi_10-d1-HET-ULO-d8d80a9180-r1,SS-3cf9bda45ea4,21,2,lex_phase_2,OPTIMAL,FEASIBLE_POINT,69963.91481431683,69963.91481431683,0,798,798,1228,3395,24,0,24,120,24,1,0,0,NaN,0,NaN,3.410605131648481e-13,1.0,
1,24,DETERMINISTIC_RH,LEXMMFSA,shared_battery_mode_node_level_v1,SI-Drahi_10-d1-HET-ULO-BLO-d3d04947f5,TK-PB-Drahi_10-d1-HET-ULO-d8d80a9180-r1,SS-3cf9bda45ea4,21,3,lex_phase_3,OPTIMAL,FEASIBLE_POINT,104945.87222147523,104945.87222147523,0,798,798,1229,3401,24,0,24,120,24,1,0,0,NaN,0,NaN,3.410605131648481e-13,1.0,
1,24,DETERMINISTIC_RH,LEXMMFSA,shared_battery_mode_node_level_v1,SI-Drahi_10-d1-HET-ULO-BLO-d3d04947f5,TK-PB-Drahi_10-d1-HET-ULO-d8d80a9180-r1,SS-3cf9bda45ea4,21,4,lex_phase_4,OPTIMAL,FEASIBLE_POINT,139927.82962863366,139927.82962863366,0,798,798,1230,3407,24,0,24,120,24,1,0,0,NaN,0,NaN,3.410605131648481e-13,1.0,
1,24,DETERMINISTIC_RH,LEXMMFSA,shared_battery_mode_node_level_v1,SI-Drahi_10-d1-HET-ULO-BLO-d3d04947f5,TK-PB-Drahi_10-d1-HET-ULO-d8d80a9180-r1,SS-3cf9bda45ea4,21,5,lex_phase_5,OPTIMAL,FEASIBLE_POINT,174927.94803579233,174927.94803579233,0,798,798,1231,3413,24,0,24,120,24,1,0,0,NaN,0,NaN,3.410605131648481e-13,1.0,
1,24,DETERMINISTIC_RH,LEXMMFSA,shared_battery_mode_node_level_v1,SI-Drahi_10-d1-HET-ULO-BLO-d3d04947f5,TK-PB-Drahi_10-d1-HET-ULO-d8d80a9180-r1,SS-3cf9bda45ea4,21,6,economic_tie_break,OPTIMAL,FEASIBLE_POINT,687388.7912769209,687388.7912769209,0,798,798,1232,3419,24,0,24,120,24,1,0,0,NaN,0,NaN,3.410605131648481e-13,1.0,
1,1,DETERMINISTIC_RH,NONE,shared_battery_mode_node_level_v1,SI-Drahi_10-d1-HET-ULO-BLO-d3d04947f5,TK-PB-Drahi_10-d1-HET-ULO-d8d80a9180-r1,SS-5d5bbea46d20,1,0,single_solve,OPTIMAL,FEASIBLE_POINT,565144.3855141815,565144.3855141815,0,768,768,1177,1539,24,0,24,120,24,1,0,0,NaN,0,NaN,0.0,0.0,
1,2,DETERMINISTIC_RH,NONE,shared_battery_mode_node_level_v1,SI-Drahi_10-d1-HET-ULO-BLO-d3d04947f5,TK-PB-Drahi_10-d1-HET-ULO-d8d80a9180-r1,SS-5d5bbea46d20,1,0,single_solve,OPTIMAL,FEASIBLE_POINT,565144.3855141815,565144.3855141815,0,768,768,1177,1539,24,0,24,120,24,1,0,0,NaN,0,NaN,3.126388037344441e-13,0.0,
1,3,DETERMINISTIC_RH,NONE,shared_battery_mode_node_level_v1,SI-Drahi_10-d1-HET-ULO-BLO-d3d04947f5,TK-PB-Drahi_10-d1-HET-ULO-d8d80a9180-r1,SS-5d5bbea46d20,1,0,single_solve,OPTIMAL,FEASIBLE_POINT,565144.3855141815,565144.3855141815,0,768,768,1177,1539,24,0,24,120,24,1,0,0,NaN,0,NaN,3.268496584496461e-13,0.0,
1,4,DETERMINISTIC_RH,NONE,shared_battery_mode_node_level_v1,SI-Drahi_10-d1-HET-ULO-BLO-d3d04947f5,TK-PB-Drahi_10-d1-HET-ULO-d8d80a9180-r1,SS-5d5bbea46d20,1,0,single_solve,OPTIMAL,FEASIBLE_POINT,565144.3855141815,565144.3855141815,0,768,768,1177,1539,24,0,24,120,24,1,0,0,NaN,0,NaN,6.821210263296962e-13,0.0,
1,5,DETERMINISTIC_RH,NONE,shared_battery_mode_node_level_v1,SI-Drahi_10-d1-HET-ULO-BLO-d3d04947f5,TK-PB-Drahi_10-d1-HET-ULO-d8d80a9180-r1,SS-102adc95e052,5,0,single_solve,OPTIMAL,FEASIBLE_POINT,563121.6604703987,563121.6604703987,0,768,768,1177,1539,24,0,24,120,24,1,0,0,NaN,0,NaN,0.0,0.0,
1,6,DETERMINISTIC_RH,NONE,shared_battery_mode_node_level_v1,SI-Drahi_10-d1-HET-ULO-BLO-d3d04947f5,TK-PB-Drahi_10-d1-HET-ULO-d8d80a9180-r1,SS-102adc95e052,5,0,single_solve,OPTIMAL,FEASIBLE_POINT,563121.6604703987,563121.6604703987,0,768,768,1177,1539,24,0,24,120,24,1,0,0,NaN,0,NaN,4.831690603168681e-13,0.0,
1,7,DETERMINISTIC_RH,NONE,shared_battery_mode_node_level_v1,SI-Drahi_10-d1-HET-ULO-BLO-d3d04947f5,TK-PB-Drahi_10-d1-HET-ULO-d8d80a9180-r1,SS-102adc95e052,5,0,single_solve,OPTIMAL,FEASIBLE_POINT,563121.6604703987,563121.6604703987,0,768,768,1177,1539,24,0,24,120,24,1,0,0,NaN,0,NaN,5.968558980384842e-13,0.0,
1,8,DETERMINISTIC_RH,NONE,shared_battery_mode_node_level_v1,SI-Drahi_10-d1-HET-ULO-BLO-d3d04947f5,TK-PB-Drahi_10-d1-HET-ULO-d8d80a9180-r1,SS-102adc95e052,5,0,single_solve,OPTIMAL,FEASIBLE_POINT,563121.6604703987,563121.6604703987,0,768,768,1177,1539,24,0,24,120,24,1,0,0,NaN,0,NaN,4.973799150320701e-13,0.0,
1,9,DETERMINISTIC_RH,NONE,shared_battery_mode_node_level_v1,SI-Drahi_10-d1-HET-ULO-BLO-d3d04947f5,TK-PB-Drahi_10-d1-HET-ULO-d8d80a9180-r1,SS-19da242d4543,9,0,single_solve,OPTIMAL,FEASIBLE_POINT,550017.541156739,550017.541156739,0,768,768,1177,1539,24,0,24,120,24,1,0,0,NaN,0,NaN,0.0,0.0,
1,10,DETERMINISTIC_RH,NONE,shared_battery_mode_node_level_v1,SI-Drahi_10-d1-HET-ULO-BLO-d3d04947f5,TK-PB-Drahi_10-d1-HET-ULO-d8d80a9180-r1,SS-19da242d4543,9,0,single_solve,OPTIMAL,FEASIBLE_POINT,550017.541156739,550017.541156739,0,768,768,1177,1539,24,0,24,120,24,1,0,0,NaN,0,NaN,4.547473508864641e-13,0.0,
1,11,DETERMINISTIC_RH,NONE,shared_battery_mode_node_level_v1,SI-Drahi_10-d1-HET-ULO-BLO-d3d04947f5,TK-PB-Drahi_10-d1-HET-ULO-d8d80a9180-r1,SS-19da242d4543,9,0,single_solve,OPTIMAL,FEASIBLE_POINT,550017.541156739,550017.541156739,0,768,768,1177,1539,24,0,24,120,24,1,0,0,NaN,0,NaN,5.400124791776761e-13,0.0,
1,12,DETERMINISTIC_RH,NONE,shared_battery_mode_node_level_v1,SI-Drahi_10-d1-HET-ULO-BLO-d3d04947f5,TK-PB-Drahi_10-d1-HET-ULO-d8d80a9180-r1,SS-19da242d4543,9,0,single_solve,OPTIMAL,FEASIBLE_POINT,550017.541156739,550017.541156739,0,768,768,1177,1539,24,0,24,120,24,1,0,0,NaN,0,NaN,5.542233338928781e-13,0.0,
1,13,DETERMINISTIC_RH,NONE,shared_battery_mode_node_level_v1,SI-Drahi_10-d1-HET-ULO-BLO-d3d04947f5,TK-PB-Drahi_10-d1-HET-ULO-d8d80a9180-r1,SS-354317d12b7f,13,0,single_solve,OPTIMAL,FEASIBLE_POINT,551529.7993964357,551529.7993964357,0,768,768,1177,1539,24,0,24,120,24,1,0,0,NaN,0,NaN,0.0,0.0,
1,14,DETERMINISTIC_RH,NONE,shared_battery_mode_node_level_v1,SI-Drahi_10-d1-HET-ULO-BLO-d3d04947f5,TK-PB-Drahi_10-d1-HET-ULO-d8d80a9180-r1,SS-354317d12b7f,13,0,single_solve,OPTIMAL,FEASIBLE_POINT,551529.7993964357,551529.7993964357,0,768,768,1177,1539,24,0,24,120,24,1,0,0,NaN,0,NaN,2.8421709430404007e-13,0.0,
1,15,DETERMINISTIC_RH,NONE,shared_battery_mode_node_level_v1,SI-Drahi_10-d1-HET-ULO-BLO-d3d04947f5,TK-PB-Drahi_10-d1-HET-ULO-d8d80a9180-r1,SS-354317d12b7f,13,0,single_solve,OPTIMAL,FEASIBLE_POINT,551529.7993964357,551529.7993964357,0,768,768,1177,1539,24,0,24,120,24,1,0,0,NaN,0,NaN,2.984279490192421e-13,0.0,
1,16,DETERMINISTIC_RH,NONE,shared_battery_mode_node_level_v1,SI-Drahi_10-d1-HET-ULO-BLO-d3d04947f5,TK-PB-Drahi_10-d1-HET-ULO-d8d80a9180-r1,SS-354317d12b7f,13,0,single_solve,OPTIMAL,FEASIBLE_POINT,551529.7993964357,551529.7993964357,0,768,768,1177,1539,24,0,24,120,24,1,0,0,NaN,0,NaN,5.115907697472721e-13,0.0,
1,17,DETERMINISTIC_RH,NONE,shared_battery_mode_node_level_v1,SI-Drahi_10-d1-HET-ULO-BLO-d3d04947f5,TK-PB-Drahi_10-d1-HET-ULO-d8d80a9180-r1,SS-c81930d9c8ba,17,0,single_solve,OPTIMAL,FEASIBLE_POINT,553213.7981965527,553213.7981965527,0,768,768,1177,1539,24,0,24,120,24,1,0,0,NaN,0,NaN,0.0,0.0,
1,18,DETERMINISTIC_RH,NONE,shared_battery_mode_node_level_v1,SI-Drahi_10-d1-HET-ULO-BLO-d3d04947f5,TK-PB-Drahi_10-d1-HET-ULO-d8d80a9180-r1,SS-c81930d9c8ba,17,0,single_solve,OPTIMAL,FEASIBLE_POINT,553213.7981965527,553213.7981965527,0,768,768,1177,1539,24,0,24,120,24,1,0,0,NaN,0,NaN,2.2737367544323206e-13,0.0,
1,19,DETERMINISTIC_RH,NONE,shared_battery_mode_node_level_v1,SI-Drahi_10-d1-HET-ULO-BLO-d3d04947f5,TK-PB-Drahi_10-d1-HET-ULO-d8d80a9180-r1,SS-c81930d9c8ba,17,0,single_solve,OPTIMAL,FEASIBLE_POINT,553213.7981965527,553213.7981965527,0,768,768,1177,1539,24,0,24,120,24,1,0,0,NaN,0,NaN,3.268496584496461e-13,0.0,
1,20,DETERMINISTIC_RH,NONE,shared_battery_mode_node_level_v1,SI-Drahi_10-d1-HET-ULO-BLO-d3d04947f5,TK-PB-Drahi_10-d1-HET-ULO-d8d80a9180-r1,SS-c81930d9c8ba,17,0,single_solve,OPTIMAL,FEASIBLE_POINT,553213.7981965527,553213.7981965527,0,768,768,1177,1539,24,0,24,120,24,1,0,0,NaN,0,NaN,5.826450433232822e-13,0.0,
1,21,DETERMINISTIC_RH,NONE,shared_battery_mode_node_level_v1,SI-Drahi_10-d1-HET-ULO-BLO-d3d04947f5,TK-PB-Drahi_10-d1-HET-ULO-d8d80a9180-r1,SS-3cf9bda45ea4,21,0,single_solve,OPTIMAL,FEASIBLE_POINT,554545.2158478937,554545.2158478937,0,768,768,1177,1539,24,0,24,120,24,1,0,0,NaN,0,NaN,0.0,0.0,
1,22,DETERMINISTIC_RH,NONE,shared_battery_mode_node_level_v1,SI-Drahi_10-d1-HET-ULO-BLO-d3d04947f5,TK-PB-Drahi_10-d1-HET-ULO-d8d80a9180-r1,SS-3cf9bda45ea4,21,0,single_solve,OPTIMAL,FEASIBLE_POINT,554545.2158478937,554545.2158478937,0,768,768,1177,1539,24,0,24,120,24,1,0,0,NaN,0,NaN,4.831690603168681e-13,0.0,
1,23,DETERMINISTIC_RH,NONE,shared_battery_mode_node_level_v1,SI-Drahi_10-d1-HET-ULO-BLO-d3d04947f5,TK-PB-Drahi_10-d1-HET-ULO-d8d80a9180-r1,SS-3cf9bda45ea4,21,0,single_solve,OPTIMAL,FEASIBLE_POINT,554545.2158478937,554545.2158478937,0,768,768,1177,1539,24,0,24,120,24,1,0,0,NaN,0,NaN,4.973799150320701e-13,0.0,
1,24,DETERMINISTIC_RH,NONE,shared_battery_mode_node_level_v1,SI-Drahi_10-d1-HET-ULO-BLO-d3d04947f5,TK-PB-Drahi_10-d1-HET-ULO-d8d80a9180-r1,SS-3cf9bda45ea4,21,0,single_solve,OPTIMAL,FEASIBLE_POINT,554545.2158478937,554545.2158478937,0,768,768,1177,1539,24,0,24,120,24,1,0,0,NaN,0,NaN,3.410605131648481e-13,0.0,
1,1,DETERMINISTIC_RH,PEA,shared_battery_mode_node_level_v1,SI-Drahi_10-d1-HET-ULO-BLO-d3d04947f5,TK-PB-Drahi_10-d1-HET-ULO-d8d80a9180-r1,SS-5d5bbea46d20,1,0,single_solve,OPTIMAL,FEASIBLE_POINT,665400.6888880542,665400.6888880542,0,768,768,1182,1659,24,0,24,120,24,1,0,0,NaN,0,NaN,0.0,8.526512829121202e-14,
1,2,DETERMINISTIC_RH,PEA,shared_battery_mode_node_level_v1,SI-Drahi_10-d1-HET-ULO-BLO-d3d04947f5,TK-PB-Drahi_10-d1-HET-ULO-d8d80a9180-r1,SS-5d5bbea46d20,1,0,single_solve,OPTIMAL,FEASIBLE_POINT,665400.6888880542,665400.6888880542,0,768,768,1182,1659,24,0,24,120,24,1,0,0,NaN,0,NaN,3.126388037344441e-13,8.526512829121202e-14,
1,3,DETERMINISTIC_RH,PEA,shared_battery_mode_node_level_v1,SI-Drahi_10-d1-HET-ULO-BLO-d3d04947f5,TK-PB-Drahi_10-d1-HET-ULO-d8d80a9180-r1,SS-5d5bbea46d20,1,0,single_solve,OPTIMAL,FEASIBLE_POINT,665400.6888880542,665400.6888880542,0,768,768,1182,1659,24,0,24,120,24,1,0,0,NaN,0,NaN,3.268496584496461e-13,8.526512829121202e-14,
1,4,DETERMINISTIC_RH,PEA,shared_battery_mode_node_level_v1,SI-Drahi_10-d1-HET-ULO-BLO-d3d04947f5,TK-PB-Drahi_10-d1-HET-ULO-d8d80a9180-r1,SS-5d5bbea46d20,1,0,single_solve,OPTIMAL,FEASIBLE_POINT,665400.6888880542,665400.6888880542,0,768,768,1182,1659,24,0,24,120,24,1,0,0,NaN,0,NaN,6.821210263296962e-13,8.526512829121202e-14,
1,5,DETERMINISTIC_RH,PEA,shared_battery_mode_node_level_v1,SI-Drahi_10-d1-HET-ULO-BLO-d3d04947f5,TK-PB-Drahi_10-d1-HET-ULO-d8d80a9180-r1,SS-102adc95e052,5,0,single_solve,OPTIMAL,FEASIBLE_POINT,666512.3193214731,666512.3193214731,0,768,768,1182,1659,24,0,24,120,24,1,0,0,NaN,0,NaN,0.0,3.410605131648481e-13,
1,6,DETERMINISTIC_RH,PEA,shared_battery_mode_node_level_v1,SI-Drahi_10-d1-HET-ULO-BLO-d3d04947f5,TK-PB-Drahi_10-d1-HET-ULO-d8d80a9180-r1,SS-102adc95e052,5,0,single_solve,OPTIMAL,FEASIBLE_POINT,666512.3193214731,666512.3193214731,0,768,768,1182,1659,24,0,24,120,24,1,0,0,NaN,0,NaN,4.831690603168681e-13,3.410605131648481e-13,
1,7,DETERMINISTIC_RH,PEA,shared_battery_mode_node_level_v1,SI-Drahi_10-d1-HET-ULO-BLO-d3d04947f5,TK-PB-Drahi_10-d1-HET-ULO-d8d80a9180-r1,SS-102adc95e052,5,0,single_solve,OPTIMAL,FEASIBLE_POINT,666512.3193214731,666512.3193214731,0,768,768,1182,1659,24,0,24,120,24,1,0,0,NaN,0,NaN,0.19500000000000006,3.410605131648481e-13,
1,8,DETERMINISTIC_RH,PEA,shared_battery_mode_node_level_v1,SI-Drahi_10-d1-HET-ULO-BLO-d3d04947f5,TK-PB-Drahi_10-d1-HET-ULO-d8d80a9180-r1,SS-102adc95e052,5,0,single_solve,OPTIMAL,FEASIBLE_POINT,666512.3193214731,666512.3193214731,0,768,768,1182,1659,24,0,24,120,24,1,0,0,NaN,0,NaN,4.973799150320701e-13,3.410605131648481e-13,
1,9,DETERMINISTIC_RH,PEA,shared_battery_mode_node_level_v1,SI-Drahi_10-d1-HET-ULO-BLO-d3d04947f5,TK-PB-Drahi_10-d1-HET-ULO-d8d80a9180-r1,SS-19da242d4543,9,0,single_solve,OPTIMAL,FEASIBLE_POINT,673122.0530024607,673122.0530024607,0,768,768,1182,1659,24,0,24,120,24,1,0,0,NaN,0,NaN,0.0,2.2737367544323206e-13,
1,10,DETERMINISTIC_RH,PEA,shared_battery_mode_node_level_v1,SI-Drahi_10-d1-HET-ULO-BLO-d3d04947f5,TK-PB-Drahi_10-d1-HET-ULO-d8d80a9180-r1,SS-19da242d4543,9,0,single_solve,OPTIMAL,FEASIBLE_POINT,673122.0530024607,673122.0530024607,0,768,768,1182,1659,24,0,24,120,24,1,0,0,NaN,0,NaN,4.547473508864641e-13,2.2737367544323206e-13,
1,11,DETERMINISTIC_RH,PEA,shared_battery_mode_node_level_v1,SI-Drahi_10-d1-HET-ULO-BLO-d3d04947f5,TK-PB-Drahi_10-d1-HET-ULO-d8d80a9180-r1,SS-19da242d4543,9,0,single_solve,OPTIMAL,FEASIBLE_POINT,673122.0530024607,673122.0530024607,0,768,768,1182,1659,24,0,24,120,24,1,0,0,NaN,0,NaN,0.8593955321944804,2.2737367544323206e-13,
1,12,DETERMINISTIC_RH,PEA,shared_battery_mode_node_level_v1,SI-Drahi_10-d1-HET-ULO-BLO-d3d04947f5,TK-PB-Drahi_10-d1-HET-ULO-d8d80a9180-r1,SS-19da242d4543,9,0,single_solve,OPTIMAL,FEASIBLE_POINT,673122.0530024607,673122.0530024607,0,768,768,1182,1659,24,0,24,120,24,1,0,0,NaN,0,NaN,5.542233338928781e-13,2.2737367544323206e-13,
1,13,DETERMINISTIC_RH,PEA,shared_battery_mode_node_level_v1,SI-Drahi_10-d1-HET-ULO-BLO-d3d04947f5,TK-PB-Drahi_10-d1-HET-ULO-d8d80a9180-r1,SS-354317d12b7f,13,0,single_solve,OPTIMAL,FEASIBLE_POINT,644041.9438228738,644041.9438228738,0,768,768,1182,1659,24,0,24,120,24,1,0,0,NaN,0,NaN,3.5900131406044666,2.2737367544323206e-13,
1,14,DETERMINISTIC_RH,PEA,shared_battery_mode_node_level_v1,SI-Drahi_10-d1-HET-ULO-BLO-d3d04947f5,TK-PB-Drahi_10-d1-HET-ULO-d8d80a9180-r1,SS-354317d12b7f,13,0,single_solve,OPTIMAL,FEASIBLE_POINT,644041.9438228738,644041.9438228738,0,768,768,1182,1659,24,0,24,120,24,1,0,0,NaN,0,NaN,2.8421709430404007e-13,2.2737367544323206e-13,
1,15,DETERMINISTIC_RH,PEA,shared_battery_mode_node_level_v1,SI-Drahi_10-d1-HET-ULO-BLO-d3d04947f5,TK-PB-Drahi_10-d1-HET-ULO-d8d80a9180-r1,SS-354317d12b7f,13,0,single_solve,OPTIMAL,FEASIBLE_POINT,644041.9438228738,644041.9438228738,0,768,768,1182,1659,24,0,24,120,24,1,0,0,NaN,0,NaN,4.0,2.2737367544323206e-13,
1,16,DETERMINISTIC_RH,PEA,shared_battery_mode_node_level_v1,SI-Drahi_10-d1-HET-ULO-BLO-d3d04947f5,TK-PB-Drahi_10-d1-HET-ULO-d8d80a9180-r1,SS-354317d12b7f,13,0,single_solve,OPTIMAL,FEASIBLE_POINT,644041.9438228738,644041.9438228738,0,768,768,1182,1659,24,0,24,120,24,1,0,0,NaN,0,NaN,5.115907697472721e-13,2.2737367544323206e-13,
1,17,DETERMINISTIC_RH,PEA,shared_battery_mode_node_level_v1,SI-Drahi_10-d1-HET-ULO-BLO-d3d04947f5,TK-PB-Drahi_10-d1-HET-ULO-d8d80a9180-r1,SS-c81930d9c8ba,17,0,single_solve,OPTIMAL,FEASIBLE_POINT,643117.8495391291,643117.8495391291,0,768,768,1182,1659,24,0,24,120,24,1,0,0,NaN,0,NaN,0.0,3.410605131648481e-13,
1,18,DETERMINISTIC_RH,PEA,shared_battery_mode_node_level_v1,SI-Drahi_10-d1-HET-ULO-BLO-d3d04947f5,TK-PB-Drahi_10-d1-HET-ULO-d8d80a9180-r1,SS-c81930d9c8ba,17,0,single_solve,OPTIMAL,FEASIBLE_POINT,643117.8495391291,643117.8495391291,0,768,768,1182,1659,24,0,24,120,24,1,0,0,NaN,0,NaN,2.2737367544323206e-13,3.410605131648481e-13,
1,19,DETERMINISTIC_RH,PEA,shared_battery_mode_node_level_v1,SI-Drahi_10-d1-HET-ULO-BLO-d3d04947f5,TK-PB-Drahi_10-d1-HET-ULO-d8d80a9180-r1,SS-c81930d9c8ba,17,0,single_solve,OPTIMAL,FEASIBLE_POINT,643117.8495391291,643117.8495391291,0,768,768,1182,1659,24,0,24,120,24,1,0,0,NaN,0,NaN,3.268496584496461e-13,3.410605131648481e-13,
1,20,DETERMINISTIC_RH,PEA,shared_battery_mode_node_level_v1,SI-Drahi_10-d1-HET-ULO-BLO-d3d04947f5,TK-PB-Drahi_10-d1-HET-ULO-d8d80a9180-r1,SS-c81930d9c8ba,17,0,single_solve,OPTIMAL,FEASIBLE_POINT,643117.8495391291,643117.8495391291,0,768,768,1182,1659,24,0,24,120,24,1,0,0,NaN,0,NaN,5.826450433232822e-13,3.410605131648481e-13,
1,21,DETERMINISTIC_RH,PEA,shared_battery_mode_node_level_v1,SI-Drahi_10-d1-HET-ULO-BLO-d3d04947f5,TK-PB-Drahi_10-d1-HET-ULO-d8d80a9180-r1,SS-3cf9bda45ea4,21,0,single_solve,OPTIMAL,FEASIBLE_POINT,646516.1981195632,646516.1981195632,0,768,768,1182,1659,24,0,24,120,24,1,0,0,NaN,0,NaN,0.0,1.1368683772161603e-13,
1,22,DETERMINISTIC_RH,PEA,shared_battery_mode_node_level_v1,SI-Drahi_10-d1-HET-ULO-BLO-d3d04947f5,TK-PB-Drahi_10-d1-HET-ULO-d8d80a9180-r1,SS-3cf9bda45ea4,21,0,single_solve,OPTIMAL,FEASIBLE_POINT,646516.1981195632,646516.1981195632,0,768,768,1182,1659,24,0,24,120,24,1,0,0,NaN,0,NaN,4.831690603168681e-13,1.1368683772161603e-13,
1,23,DETERMINISTIC_RH,PEA,shared_battery_mode_node_level_v1,SI-Drahi_10-d1-HET-ULO-BLO-d3d04947f5,TK-PB-Drahi_10-d1-HET-ULO-d8d80a9180-r1,SS-3cf9bda45ea4,21,0,single_solve,OPTIMAL,FEASIBLE_POINT,646516.1981195632,646516.1981195632,0,768,768,1182,1659,24,0,24,120,24,1,0,0,NaN,0,NaN,4.973799150320701e-13,1.1368683772161603e-13,
1,24,DETERMINISTIC_RH,PEA,shared_battery_mode_node_level_v1,SI-Drahi_10-d1-HET-ULO-BLO-d3d04947f5,TK-PB-Drahi_10-d1-HET-ULO-d8d80a9180-r1,SS-3cf9bda45ea4,21,0,single_solve,OPTIMAL,FEASIBLE_POINT,646516.1981195632,646516.1981195632,0,768,768,1182,1659,24,0,24,120,24,1,0,0,NaN,0,NaN,3.410605131648481e-13,1.1368683772161603e-13,
1,1,DETERMINISTIC_RH,SA,shared_battery_mode_node_level_v1,SI-Drahi_10-d1-HET-ULO-BLO-d3d04947f5,TK-PB-Drahi_10-d1-HET-ULO-d8d80a9180-r1,SS-5d5bbea46d20,1,0,single_solve,OPTIMAL,FEASIBLE_POINT,694204.4975635867,694204.4975635867,0,768,768,1182,3339,24,0,24,120,24,1,0,0,NaN,0,NaN,0.0,9.822542779147625e-11,
1,2,DETERMINISTIC_RH,SA,shared_battery_mode_node_level_v1,SI-Drahi_10-d1-HET-ULO-BLO-d3d04947f5,TK-PB-Drahi_10-d1-HET-ULO-d8d80a9180-r1,SS-5d5bbea46d20,1,0,single_solve,OPTIMAL,FEASIBLE_POINT,694204.4975635867,694204.4975635867,0,768,768,1182,3339,24,0,24,120,24,1,0,0,NaN,0,NaN,3.126388037344441e-13,9.822542779147625e-11,
1,3,DETERMINISTIC_RH,SA,shared_battery_mode_node_level_v1,SI-Drahi_10-d1-HET-ULO-BLO-d3d04947f5,TK-PB-Drahi_10-d1-HET-ULO-d8d80a9180-r1,SS-5d5bbea46d20,1,0,single_solve,OPTIMAL,FEASIBLE_POINT,694204.4975635867,694204.4975635867,0,768,768,1182,3339,24,0,24,120,24,1,0,0,NaN,0,NaN,3.268496584496461e-13,9.822542779147625e-11,
1,4,DETERMINISTIC_RH,SA,shared_battery_mode_node_level_v1,SI-Drahi_10-d1-HET-ULO-BLO-d3d04947f5,TK-PB-Drahi_10-d1-HET-ULO-d8d80a9180-r1,SS-5d5bbea46d20,1,0,single_solve,OPTIMAL,FEASIBLE_POINT,694204.4975635867,694204.4975635867,0,768,768,1182,3339,24,0,24,120,24,1,0,0,NaN,0,NaN,0.35267013819906445,9.822542779147625e-11,
1,5,DETERMINISTIC_RH,SA,shared_battery_mode_node_level_v1,SI-Drahi_10-d1-HET-ULO-BLO-d3d04947f5,TK-PB-Drahi_10-d1-HET-ULO-d8d80a9180-r1,SS-102adc95e052,5,0,single_solve,OPTIMAL,FEASIBLE_POINT,683050.0748490707,683050.0748490707,0,768,768,1182,3339,24,0,24,120,24,1,0,0,NaN,0,NaN,0.0,4.3655745685100555e-11,
1,6,DETERMINISTIC_RH,SA,shared_battery_mode_node_level_v1,SI-Drahi_10-d1-HET-ULO-BLO-d3d04947f5,TK-PB-Drahi_10-d1-HET-ULO-d8d80a9180-r1,SS-102adc95e052,5,0,single_solve,OPTIMAL,FEASIBLE_POINT,683050.0748490707,683050.0748490707,0,768,768,1182,3339,24,0,24,120,24,1,0,0,NaN,0,NaN,1.0820703781379692,4.3655745685100555e-11,
1,7,DETERMINISTIC_RH,SA,shared_battery_mode_node_level_v1,SI-Drahi_10-d1-HET-ULO-BLO-d3d04947f5,TK-PB-Drahi_10-d1-HET-ULO-d8d80a9180-r1,SS-102adc95e052,5,0,single_solve,OPTIMAL,FEASIBLE_POINT,683050.0748490707,683050.0748490707,0,768,768,1182,3339,24,0,24,120,24,1,0,0,NaN,0,NaN,5.968558980384842e-13,4.3655745685100555e-11,
1,8,DETERMINISTIC_RH,SA,shared_battery_mode_node_level_v1,SI-Drahi_10-d1-HET-ULO-BLO-d3d04947f5,TK-PB-Drahi_10-d1-HET-ULO-d8d80a9180-r1,SS-102adc95e052,5,0,single_solve,OPTIMAL,FEASIBLE_POINT,683050.0748490707,683050.0748490707,0,768,768,1182,3339,24,0,24,120,24,1,0,0,NaN,0,NaN,4.973799150320701e-13,4.3655745685100555e-11,
1,9,DETERMINISTIC_RH,SA,shared_battery_mode_node_level_v1,SI-Drahi_10-d1-HET-ULO-BLO-d3d04947f5,TK-PB-Drahi_10-d1-HET-ULO-d8d80a9180-r1,SS-19da242d4543,9,0,single_solve,OPTIMAL,FEASIBLE_POINT,693413.6232346651,693413.6232346651,0,768,768,1182,3339,24,0,24,120,24,1,0,0,NaN,0,NaN,0.0,8.003553375601768e-11,
1,10,DETERMINISTIC_RH,SA,shared_battery_mode_node_level_v1,SI-Drahi_10-d1-HET-ULO-BLO-d3d04947f5,TK-PB-Drahi_10-d1-HET-ULO-d8d80a9180-r1,SS-19da242d4543,9,0,single_solve,OPTIMAL,FEASIBLE_POINT,693413.6232346651,693413.6232346651,0,768,768,1182,3339,24,0,24,120,24,1,0,0,NaN,0,NaN,4.547473508864641e-13,8.003553375601768e-11,
1,11,DETERMINISTIC_RH,SA,shared_battery_mode_node_level_v1,SI-Drahi_10-d1-HET-ULO-BLO-d3d04947f5,TK-PB-Drahi_10-d1-HET-ULO-d8d80a9180-r1,SS-19da242d4543,9,0,single_solve,OPTIMAL,FEASIBLE_POINT,693413.6232346651,693413.6232346651,0,768,768,1182,3339,24,0,24,120,24,1,0,0,NaN,0,NaN,5.400124791776761e-13,8.003553375601768e-11,
1,12,DETERMINISTIC_RH,SA,shared_battery_mode_node_level_v1,SI-Drahi_10-d1-HET-ULO-BLO-d3d04947f5,TK-PB-Drahi_10-d1-HET-ULO-d8d80a9180-r1,SS-19da242d4543,9,0,single_solve,OPTIMAL,FEASIBLE_POINT,693413.6232346651,693413.6232346651,0,768,768,1182,3339,24,0,24,120,24,1,0,0,NaN,0,NaN,5.542233338928781e-13,8.003553375601768e-11,
1,13,DETERMINISTIC_RH,SA,shared_battery_mode_node_level_v1,SI-Drahi_10-d1-HET-ULO-BLO-d3d04947f5,TK-PB-Drahi_10-d1-HET-ULO-d8d80a9180-r1,SS-354317d12b7f,13,0,single_solve,OPTIMAL,FEASIBLE_POINT,678158.1217744134,678158.1217744134,0,768,768,1182,3339,24,0,24,120,24,1,0,0,NaN,0,NaN,0.0,1.2369127944111824e-10,
1,14,DETERMINISTIC_RH,SA,shared_battery_mode_node_level_v1,SI-Drahi_10-d1-HET-ULO-BLO-d3d04947f5,TK-PB-Drahi_10-d1-HET-ULO-d8d80a9180-r1,SS-354317d12b7f,13,0,single_solve,OPTIMAL,FEASIBLE_POINT,678158.1217744134,678158.1217744134,0,768,768,1182,3339,24,0,24,120,24,1,0,0,NaN,0,NaN,2.8421709430404007e-13,1.2369127944111824e-10,
1,15,DETERMINISTIC_RH,SA,shared_battery_mode_node_level_v1,SI-Drahi_10-d1-HET-ULO-BLO-d3d04947f5,TK-PB-Drahi_10-d1-HET-ULO-d8d80a9180-r1,SS-354317d12b7f,13,0,single_solve,OPTIMAL,FEASIBLE_POINT,678158.1217744134,678158.1217744134,0,768,768,1182,3339,24,0,24,120,24,1,0,0,NaN,0,NaN,2.984279490192421e-13,1.2369127944111824e-10,
1,16,DETERMINISTIC_RH,SA,shared_battery_mode_node_level_v1,SI-Drahi_10-d1-HET-ULO-BLO-d3d04947f5,TK-PB-Drahi_10-d1-HET-ULO-d8d80a9180-r1,SS-354317d12b7f,13,0,single_solve,OPTIMAL,FEASIBLE_POINT,678158.1217744134,678158.1217744134,0,768,768,1182,3339,24,0,24,120,24,1,0,0,NaN,0,NaN,5.115907697472721e-13,1.2369127944111824e-10,
1,17,DETERMINISTIC_RH,SA,shared_battery_mode_node_level_v1,SI-Drahi_10-d1-HET-ULO-BLO-d3d04947f5,TK-PB-Drahi_10-d1-HET-ULO-d8d80a9180-r1,SS-c81930d9c8ba,17,0,single_solve,OPTIMAL,FEASIBLE_POINT,688458.429949153,688458.429949153,0,768,768,1182,3339,24,0,24,120,24,1,0,0,NaN,0,NaN,3.7950065703022338,2.1827872842550278e-11,
1,18,DETERMINISTIC_RH,SA,shared_battery_mode_node_level_v1,SI-Drahi_10-d1-HET-ULO-BLO-d3d04947f5,TK-PB-Drahi_10-d1-HET-ULO-d8d80a9180-r1,SS-c81930d9c8ba,17,0,single_solve,OPTIMAL,FEASIBLE_POINT,688458.429949153,688458.429949153,0,768,768,1182,3339,24,0,24,120,24,1,0,0,NaN,0,NaN,2.2737367544323206e-13,2.1827872842550278e-11,
1,19,DETERMINISTIC_RH,SA,shared_battery_mode_node_level_v1,SI-Drahi_10-d1-HET-ULO-BLO-d3d04947f5,TK-PB-Drahi_10-d1-HET-ULO-d8d80a9180-r1,SS-c81930d9c8ba,17,0,single_solve,OPTIMAL,FEASIBLE_POINT,688458.429949153,688458.429949153,0,768,768,1182,3339,24,0,24,120,24,1,0,0,NaN,0,NaN,3.268496584496461e-13,2.1827872842550278e-11,
1,20,DETERMINISTIC_RH,SA,shared_battery_mode_node_level_v1,SI-Drahi_10-d1-HET-ULO-BLO-d3d04947f5,TK-PB-Drahi_10-d1-HET-ULO-d8d80a9180-r1,SS-c81930d9c8ba,17,0,single_solve,OPTIMAL,FEASIBLE_POINT,688458.429949153,688458.429949153,0,768,768,1182,3339,24,0,24,120,24,1,0,0,NaN,0,NaN,5.826450433232822e-13,2.1827872842550278e-11,
1,21,DETERMINISTIC_RH,SA,shared_battery_mode_node_level_v1,SI-Drahi_10-d1-HET-ULO-BLO-d3d04947f5,TK-PB-Drahi_10-d1-HET-ULO-d8d80a9180-r1,SS-3cf9bda45ea4,21,0,single_solve,OPTIMAL,FEASIBLE_POINT,677855.2168749188,677855.2168749188,0,768,768,1182,3339,24,0,24,120,24,1,0,0,NaN,0,NaN,0.0,5.093170329928398e-11,
1,22,DETERMINISTIC_RH,SA,shared_battery_mode_node_level_v1,SI-Drahi_10-d1-HET-ULO-BLO-d3d04947f5,TK-PB-Drahi_10-d1-HET-ULO-d8d80a9180-r1,SS-3cf9bda45ea4,21,0,single_solve,OPTIMAL,FEASIBLE_POINT,677855.2168749188,677855.2168749188,0,768,768,1182,3339,24,0,24,120,24,1,0,0,NaN,0,NaN,4.831690603168681e-13,5.093170329928398e-11,
1,23,DETERMINISTIC_RH,SA,shared_battery_mode_node_level_v1,SI-Drahi_10-d1-HET-ULO-BLO-d3d04947f5,TK-PB-Drahi_10-d1-HET-ULO-d8d80a9180-r1,SS-3cf9bda45ea4,21,0,single_solve,OPTIMAL,FEASIBLE_POINT,677855.2168749188,677855.2168749188,0,768,768,1182,3339,24,0,24,120,24,1,0,0,NaN,0,NaN,4.973799150320701e-13,5.093170329928398e-11,
1,24,DETERMINISTIC_RH,SA,shared_battery_mode_node_level_v1,SI-Drahi_10-d1-HET-ULO-BLO-d3d04947f5,TK-PB-Drahi_10-d1-HET-ULO-d8d80a9180-r1,SS-3cf9bda45ea4,21,0,single_solve,OPTIMAL,FEASIBLE_POINT,677855.2168749188,677855.2168749188,0,768,768,1182,3339,24,0,24,120,24,1,0,0,NaN,0,NaN,3.410605131648481e-13,5.093170329928398e-11,
1,1,DETERMINISTIC_RH,STATIC_DEMAND_SHARE,shared_battery_mode_node_level_v1,SI-Drahi_10-d1-HET-ULO-BLO-d3d04947f5,TK-PB-Drahi_10-d1-HET-ULO-d8d80a9180-r1,SS-5d5bbea46d20,1,0,single_solve,OPTIMAL,FEASIBLE_POINT,565144.3855141815,565144.3855141815,0,768,768,1297,1659,24,0,24,120,24,1,0,0,NaN,0,NaN,0.0,0.0,
1,2,DETERMINISTIC_RH,STATIC_DEMAND_SHARE,shared_battery_mode_node_level_v1,SI-Drahi_10-d1-HET-ULO-BLO-d3d04947f5,TK-PB-Drahi_10-d1-HET-ULO-d8d80a9180-r1,SS-5d5bbea46d20,1,0,single_solve,OPTIMAL,FEASIBLE_POINT,565144.3855141815,565144.3855141815,0,768,768,1297,1659,24,0,24,120,24,1,0,0,NaN,0,NaN,3.126388037344441e-13,0.0,
1,3,DETERMINISTIC_RH,STATIC_DEMAND_SHARE,shared_battery_mode_node_level_v1,SI-Drahi_10-d1-HET-ULO-BLO-d3d04947f5,TK-PB-Drahi_10-d1-HET-ULO-d8d80a9180-r1,SS-5d5bbea46d20,1,0,single_solve,OPTIMAL,FEASIBLE_POINT,565144.3855141815,565144.3855141815,0,768,768,1297,1659,24,0,24,120,24,1,0,0,NaN,0,NaN,3.268496584496461e-13,0.0,
1,4,DETERMINISTIC_RH,STATIC_DEMAND_SHARE,shared_battery_mode_node_level_v1,SI-Drahi_10-d1-HET-ULO-BLO-d3d04947f5,TK-PB-Drahi_10-d1-HET-ULO-d8d80a9180-r1,SS-5d5bbea46d20,1,0,single_solve,OPTIMAL,FEASIBLE_POINT,565144.3855141815,565144.3855141815,0,768,768,1297,1659,24,0,24,120,24,1,0,0,NaN,0,NaN,6.821210263296962e-13,0.0,
1,5,DETERMINISTIC_RH,STATIC_DEMAND_SHARE,shared_battery_mode_node_level_v1,SI-Drahi_10-d1-HET-ULO-BLO-d3d04947f5,TK-PB-Drahi_10-d1-HET-ULO-d8d80a9180-r1,SS-102adc95e052,5,0,single_solve,OPTIMAL,FEASIBLE_POINT,563121.6604703986,563121.6604703986,0,768,768,1297,1659,24,0,24,120,24,1,0,0,NaN,0,NaN,0.0,0.0,
1,6,DETERMINISTIC_RH,STATIC_DEMAND_SHARE,shared_battery_mode_node_level_v1,SI-Drahi_10-d1-HET-ULO-BLO-d3d04947f5,TK-PB-Drahi_10-d1-HET-ULO-d8d80a9180-r1,SS-102adc95e052,5,0,single_solve,OPTIMAL,FEASIBLE_POINT,563121.6604703986,563121.6604703986,0,768,768,1297,1659,24,0,24,120,24,1,0,0,NaN,0,NaN,4.831690603168681e-13,0.0,
1,7,DETERMINISTIC_RH,STATIC_DEMAND_SHARE,shared_battery_mode_node_level_v1,SI-Drahi_10-d1-HET-ULO-BLO-d3d04947f5,TK-PB-Drahi_10-d1-HET-ULO-d8d80a9180-r1,SS-102adc95e052,5,0,single_solve,OPTIMAL,FEASIBLE_POINT,563121.6604703986,563121.6604703986,0,768,768,1297,1659,24,0,24,120,24,1,0,0,NaN,0,NaN,5.968558980384842e-13,0.0,
1,8,DETERMINISTIC_RH,STATIC_DEMAND_SHARE,shared_battery_mode_node_level_v1,SI-Drahi_10-d1-HET-ULO-BLO-d3d04947f5,TK-PB-Drahi_10-d1-HET-ULO-d8d80a9180-r1,SS-102adc95e052,5,0,single_solve,OPTIMAL,FEASIBLE_POINT,563121.6604703986,563121.6604703986,0,768,768,1297,1659,24,0,24,120,24,1,0,0,NaN,0,NaN,4.973799150320701e-13,0.0,
1,9,DETERMINISTIC_RH,STATIC_DEMAND_SHARE,shared_battery_mode_node_level_v1,SI-Drahi_10-d1-HET-ULO-BLO-d3d04947f5,TK-PB-Drahi_10-d1-HET-ULO-d8d80a9180-r1,SS-19da242d4543,9,0,single_solve,OPTIMAL,FEASIBLE_POINT,550017.541156739,550017.541156739,0,768,768,1297,1659,24,0,24,120,24,1,0,0,NaN,0,NaN,0.0,0.0,
1,10,DETERMINISTIC_RH,STATIC_DEMAND_SHARE,shared_battery_mode_node_level_v1,SI-Drahi_10-d1-HET-ULO-BLO-d3d04947f5,TK-PB-Drahi_10-d1-HET-ULO-d8d80a9180-r1,SS-19da242d4543,9,0,single_solve,OPTIMAL,FEASIBLE_POINT,550017.541156739,550017.541156739,0,768,768,1297,1659,24,0,24,120,24,1,0,0,NaN,0,NaN,4.547473508864641e-13,0.0,
1,11,DETERMINISTIC_RH,STATIC_DEMAND_SHARE,shared_battery_mode_node_level_v1,SI-Drahi_10-d1-HET-ULO-BLO-d3d04947f5,TK-PB-Drahi_10-d1-HET-ULO-d8d80a9180-r1,SS-19da242d4543,9,0,single_solve,OPTIMAL,FEASIBLE_POINT,550017.541156739,550017.541156739,0,768,768,1297,1659,24,0,24,120,24,1,0,0,NaN,0,NaN,5.400124791776761e-13,0.0,
1,12,DETERMINISTIC_RH,STATIC_DEMAND_SHARE,shared_battery_mode_node_level_v1,SI-Drahi_10-d1-HET-ULO-BLO-d3d04947f5,TK-PB-Drahi_10-d1-HET-ULO-d8d80a9180-r1,SS-19da242d4543,9,0,single_solve,OPTIMAL,FEASIBLE_POINT,550017.541156739,550017.541156739,0,768,768,1297,1659,24,0,24,120,24,1,0,0,NaN,0,NaN,5.542233338928781e-13,0.0,
1,13,DETERMINISTIC_RH,STATIC_DEMAND_SHARE,shared_battery_mode_node_level_v1,SI-Drahi_10-d1-HET-ULO-BLO-d3d04947f5,TK-PB-Drahi_10-d1-HET-ULO-d8d80a9180-r1,SS-354317d12b7f,13,0,single_solve,OPTIMAL,FEASIBLE_POINT,551529.7993964356,551529.7993964356,0,768,768,1297,1659,24,0,24,120,24,1,0,0,NaN,0,NaN,0.0,0.0,
1,14,DETERMINISTIC_RH,STATIC_DEMAND_SHARE,shared_battery_mode_node_level_v1,SI-Drahi_10-d1-HET-ULO-BLO-d3d04947f5,TK-PB-Drahi_10-d1-HET-ULO-d8d80a9180-r1,SS-354317d12b7f,13,0,single_solve,OPTIMAL,FEASIBLE_POINT,551529.7993964356,551529.7993964356,0,768,768,1297,1659,24,0,24,120,24,1,0,0,NaN,0,NaN,2.8421709430404007e-13,0.0,
1,15,DETERMINISTIC_RH,STATIC_DEMAND_SHARE,shared_battery_mode_node_level_v1,SI-Drahi_10-d1-HET-ULO-BLO-d3d04947f5,TK-PB-Drahi_10-d1-HET-ULO-d8d80a9180-r1,SS-354317d12b7f,13,0,single_solve,OPTIMAL,FEASIBLE_POINT,551529.7993964356,551529.7993964356,0,768,768,1297,1659,24,0,24,120,24,1,0,0,NaN,0,NaN,2.984279490192421e-13,0.0,
1,16,DETERMINISTIC_RH,STATIC_DEMAND_SHARE,shared_battery_mode_node_level_v1,SI-Drahi_10-d1-HET-ULO-BLO-d3d04947f5,TK-PB-Drahi_10-d1-HET-ULO-d8d80a9180-r1,SS-354317d12b7f,13,0,single_solve,OPTIMAL,FEASIBLE_POINT,551529.7993964356,551529.7993964356,0,768,768,1297,1659,24,0,24,120,24,1,0,0,NaN,0,NaN,5.115907697472721e-13,0.0,
1,17,DETERMINISTIC_RH,STATIC_DEMAND_SHARE,shared_battery_mode_node_level_v1,SI-Drahi_10-d1-HET-ULO-BLO-d3d04947f5,TK-PB-Drahi_10-d1-HET-ULO-d8d80a9180-r1,SS-c81930d9c8ba,17,0,single_solve,OPTIMAL,FEASIBLE_POINT,553213.7981965527,553213.7981965527,0,768,768,1297,1659,24,0,24,120,24,1,0,0,NaN,0,NaN,1.4210854715202004e-14,0.0,
1,18,DETERMINISTIC_RH,STATIC_DEMAND_SHARE,shared_battery_mode_node_level_v1,SI-Drahi_10-d1-HET-ULO-BLO-d3d04947f5,TK-PB-Drahi_10-d1-HET-ULO-d8d80a9180-r1,SS-c81930d9c8ba,17,0,single_solve,OPTIMAL,FEASIBLE_POINT,553213.7981965527,553213.7981965527,0,768,768,1297,1659,24,0,24,120,24,1,0,0,NaN,0,NaN,2.4158453015843406e-13,0.0,
1,19,DETERMINISTIC_RH,STATIC_DEMAND_SHARE,shared_battery_mode_node_level_v1,SI-Drahi_10-d1-HET-ULO-BLO-d3d04947f5,TK-PB-Drahi_10-d1-HET-ULO-d8d80a9180-r1,SS-c81930d9c8ba,17,0,single_solve,OPTIMAL,FEASIBLE_POINT,553213.7981965527,553213.7981965527,0,768,768,1297,1659,24,0,24,120,24,1,0,0,NaN,0,NaN,3.268496584496461e-13,0.0,
1,20,DETERMINISTIC_RH,STATIC_DEMAND_SHARE,shared_battery_mode_node_level_v1,SI-Drahi_10-d1-HET-ULO-BLO-d3d04947f5,TK-PB-Drahi_10-d1-HET-ULO-d8d80a9180-r1,SS-c81930d9c8ba,17,0,single_solve,OPTIMAL,FEASIBLE_POINT,553213.7981965527,553213.7981965527,0,768,768,1297,1659,24,0,24,120,24,1,0,0,NaN,0,NaN,5.826450433232822e-13,0.0,
1,21,DETERMINISTIC_RH,STATIC_DEMAND_SHARE,shared_battery_mode_node_level_v1,SI-Drahi_10-d1-HET-ULO-BLO-d3d04947f5,TK-PB-Drahi_10-d1-HET-ULO-d8d80a9180-r1,SS-3cf9bda45ea4,21,0,single_solve,OPTIMAL,FEASIBLE_POINT,554545.2158478937,554545.2158478937,0,768,768,1297,1659,24,0,24,120,24,1,0,0,NaN,0,NaN,0.0,0.0,
1,22,DETERMINISTIC_RH,STATIC_DEMAND_SHARE,shared_battery_mode_node_level_v1,SI-Drahi_10-d1-HET-ULO-BLO-d3d04947f5,TK-PB-Drahi_10-d1-HET-ULO-d8d80a9180-r1,SS-3cf9bda45ea4,21,0,single_solve,OPTIMAL,FEASIBLE_POINT,554545.2158478937,554545.2158478937,0,768,768,1297,1659,24,0,24,120,24,1,0,0,NaN,0,NaN,4.831690603168681e-13,0.0,
1,23,DETERMINISTIC_RH,STATIC_DEMAND_SHARE,shared_battery_mode_node_level_v1,SI-Drahi_10-d1-HET-ULO-BLO-d3d04947f5,TK-PB-Drahi_10-d1-HET-ULO-d8d80a9180-r1,SS-3cf9bda45ea4,21,0,single_solve,OPTIMAL,FEASIBLE_POINT,554545.2158478937,554545.2158478937,0,768,768,1297,1659,24,0,24,120,24,1,0,0,NaN,0,NaN,4.973799150320701e-13,0.0,
1,24,DETERMINISTIC_RH,STATIC_DEMAND_SHARE,shared_battery_mode_node_level_v1,SI-Drahi_10-d1-HET-ULO-BLO-d3d04947f5,TK-PB-Drahi_10-d1-HET-ULO-d8d80a9180-r1,SS-3cf9bda45ea4,21,0,single_solve,OPTIMAL,FEASIBLE_POINT,554545.2158478937,554545.2158478937,0,768,768,1297,1659,24,0,24,120,24,1,0,0,NaN,0,NaN,3.410605131648481e-13,0.0,
1,1,MULTISTAGE_RH,LEXMMFPEA,shared_battery_mode_node_level_v1,SI-Drahi_10-d1-HET-ULO-BLO-d3d04947f5,TK-PB-Drahi_10-d1-HET-ULO-d8d80a9180-r1,SS-5d5bbea46d20,1,1,lex_phase_1,OPTIMAL,FEASIBLE_POINT,243.75975215910438,243.75975215910438,0,76446,76446,117318,211193,2388,0,2388,11940,2388,256,0,0,NaN,0,NaN,0.0,1.0,
1,1,MULTISTAGE_RH,LEXMMFPEA,shared_battery_mode_node_level_v1,SI-Drahi_10-d1-HET-ULO-BLO-d3d04947f5,TK-PB-Drahi_10-d1-HET-ULO-d8d80a9180-r1,SS-5d5bbea46d20,1,2,lex_phase_2,OPTIMAL,FEASIBLE_POINT,487.5195043182088,487.5195043182088,0,76446,76446,117319,211199,2388,0,2388,11940,2388,256,0,0,NaN,0,NaN,0.0,1.0,
1,1,MULTISTAGE_RH,LEXMMFPEA,shared_battery_mode_node_level_v1,SI-Drahi_10-d1-HET-ULO-BLO-d3d04947f5,TK-PB-Drahi_10-d1-HET-ULO-d8d80a9180-r1,SS-5d5bbea46d20,1,3,lex_phase_3,OPTIMAL,FEASIBLE_POINT,731.2792564773132,731.2792564773132,0,76446,76446,117320,211205,2388,0,2388,11940,2388,256,0,0,NaN,0,NaN,0.0,1.0,
1,1,MULTISTAGE_RH,LEXMMFPEA,shared_battery_mode_node_level_v1,SI-Drahi_10-d1-HET-ULO-BLO-d3d04947f5,TK-PB-Drahi_10-d1-HET-ULO-d8d80a9180-r1,SS-5d5bbea46d20,1,4,lex_phase_4,OPTIMAL,FEASIBLE_POINT,975.0390086364176,975.0390086364176,0,76446,76446,117321,211211,2388,0,2388,11940,2388,256,0,0,NaN,0,NaN,0.0,1.0,
1,1,MULTISTAGE_RH,LEXMMFPEA,shared_battery_mode_node_level_v1,SI-Drahi_10-d1-HET-ULO-BLO-d3d04947f5,TK-PB-Drahi_10-d1-HET-ULO-d8d80a9180-r1,SS-5d5bbea46d20,1,5,lex_phase_5,OPTIMAL,FEASIBLE_POINT,1218.798760795522,1218.798760795522,0,76446,76446,117322,211217,2388,0,2388,11940,2388,256,0,0,NaN,0,NaN,0.0,1.0,
1,1,MULTISTAGE_RH,LEXMMFPEA,shared_battery_mode_node_level_v1,SI-Drahi_10-d1-HET-ULO-BLO-d3d04947f5,TK-PB-Drahi_10-d1-HET-ULO-d8d80a9180-r1,SS-5d5bbea46d20,1,6,economic_tie_break,OPTIMAL,FEASIBLE_POINT,672512.7158121669,672512.7158121669,0,76446,76446,117323,211223,2388,0,2388,11940,2388,256,0,0,NaN,0,NaN,0.0,1.0,
1,2,MULTISTAGE_RH,LEXMMFPEA,shared_battery_mode_node_level_v1,SI-Drahi_10-d1-HET-ULO-BLO-d3d04947f5,TK-PB-Drahi_10-d1-HET-ULO-d8d80a9180-r1,SS-5d5bbea46d20,1,1,lex_phase_1,OPTIMAL,FEASIBLE_POINT,243.75975215910438,243.75975215910438,0,76446,76446,117318,211193,2388,0,2388,11940,2388,256,0,0,NaN,0,NaN,0.0,1.0,
1,2,MULTISTAGE_RH,LEXMMFPEA,shared_battery_mode_node_level_v1,SI-Drahi_10-d1-HET-ULO-BLO-d3d04947f5,TK-PB-Drahi_10-d1-HET-ULO-d8d80a9180-r1,SS-5d5bbea46d20,1,2,lex_phase_2,OPTIMAL,FEASIBLE_POINT,487.5195043182088,487.5195043182088,0,76446,76446,117319,211199,2388,0,2388,11940,2388,256,0,0,NaN,0,NaN,0.0,1.0,
1,2,MULTISTAGE_RH,LEXMMFPEA,shared_battery_mode_node_level_v1,SI-Drahi_10-d1-HET-ULO-BLO-d3d04947f5,TK-PB-Drahi_10-d1-HET-ULO-d8d80a9180-r1,SS-5d5bbea46d20,1,3,lex_phase_3,OPTIMAL,FEASIBLE_POINT,731.2792564773132,731.2792564773132,0,76446,76446,117320,211205,2388,0,2388,11940,2388,256,0,0,NaN,0,NaN,0.0,1.0,
1,2,MULTISTAGE_RH,LEXMMFPEA,shared_battery_mode_node_level_v1,SI-Drahi_10-d1-HET-ULO-BLO-d3d04947f5,TK-PB-Drahi_10-d1-HET-ULO-d8d80a9180-r1,SS-5d5bbea46d20,1,4,lex_phase_4,OPTIMAL,FEASIBLE_POINT,975.0390086364176,975.0390086364176,0,76446,76446,117321,211211,2388,0,2388,11940,2388,256,0,0,NaN,0,NaN,0.0,1.0,
1,2,MULTISTAGE_RH,LEXMMFPEA,shared_battery_mode_node_level_v1,SI-Drahi_10-d1-HET-ULO-BLO-d3d04947f5,TK-PB-Drahi_10-d1-HET-ULO-d8d80a9180-r1,SS-5d5bbea46d20,1,5,lex_phase_5,OPTIMAL,FEASIBLE_POINT,1218.798760795522,1218.798760795522,0,76446,76446,117322,211217,2388,0,2388,11940,2388,256,0,0,NaN,0,NaN,0.0,1.0,
1,2,MULTISTAGE_RH,LEXMMFPEA,shared_battery_mode_node_level_v1,SI-Drahi_10-d1-HET-ULO-BLO-d3d04947f5,TK-PB-Drahi_10-d1-HET-ULO-d8d80a9180-r1,SS-5d5bbea46d20,1,6,economic_tie_break,OPTIMAL,FEASIBLE_POINT,672512.7158121669,672512.7158121669,0,76446,76446,117323,211223,2388,0,2388,11940,2388,256,0,0,NaN,0,NaN,0.0,1.0,
1,3,MULTISTAGE_RH,LEXMMFPEA,shared_battery_mode_node_level_v1,SI-Drahi_10-d1-HET-ULO-BLO-d3d04947f5,TK-PB-Drahi_10-d1-HET-ULO-d8d80a9180-r1,SS-5d5bbea46d20,1,1,lex_phase_1,OPTIMAL,FEASIBLE_POINT,243.75975215910438,243.75975215910438,0,76446,76446,117318,211193,2388,0,2388,11940,2388,256,0,0,NaN,0,NaN,0.0,1.0,
1,3,MULTISTAGE_RH,LEXMMFPEA,shared_battery_mode_node_level_v1,SI-Drahi_10-d1-HET-ULO-BLO-d3d04947f5,TK-PB-Drahi_10-d1-HET-ULO-d8d80a9180-r1,SS-5d5bbea46d20,1,2,lex_phase_2,OPTIMAL,FEASIBLE_POINT,487.5195043182088,487.5195043182088,0,76446,76446,117319,211199,2388,0,2388,11940,2388,256,0,0,NaN,0,NaN,0.0,1.0,
1,3,MULTISTAGE_RH,LEXMMFPEA,shared_battery_mode_node_level_v1,SI-Drahi_10-d1-HET-ULO-BLO-d3d04947f5,TK-PB-Drahi_10-d1-HET-ULO-d8d80a9180-r1,SS-5d5bbea46d20,1,3,lex_phase_3,OPTIMAL,FEASIBLE_POINT,731.2792564773132,731.2792564773132,0,76446,76446,117320,211205,2388,0,2388,11940,2388,256,0,0,NaN,0,NaN,0.0,1.0,
1,3,MULTISTAGE_RH,LEXMMFPEA,shared_battery_mode_node_level_v1,SI-Drahi_10-d1-HET-ULO-BLO-d3d04947f5,TK-PB-Drahi_10-d1-HET-ULO-d8d80a9180-r1,SS-5d5bbea46d20,1,4,lex_phase_4,OPTIMAL,FEASIBLE_POINT,975.0390086364176,975.0390086364176,0,76446,76446,117321,211211,2388,0,2388,11940,2388,256,0,0,NaN,0,NaN,0.0,1.0,
1,3,MULTISTAGE_RH,LEXMMFPEA,shared_battery_mode_node_level_v1,SI-Drahi_10-d1-HET-ULO-BLO-d3d04947f5,TK-PB-Drahi_10-d1-HET-ULO-d8d80a9180-r1,SS-5d5bbea46d20,1,5,lex_phase_5,OPTIMAL,FEASIBLE_POINT,1218.798760795522,1218.798760795522,0,76446,76446,117322,211217,2388,0,2388,11940,2388,256,0,0,NaN,0,NaN,0.0,1.0,
1,3,MULTISTAGE_RH,LEXMMFPEA,shared_battery_mode_node_level_v1,SI-Drahi_10-d1-HET-ULO-BLO-d3d04947f5,TK-PB-Drahi_10-d1-HET-ULO-d8d80a9180-r1,SS-5d5bbea46d20,1,6,economic_tie_break,OPTIMAL,FEASIBLE_POINT,672512.7158121669,672512.7158121669,0,76446,76446,117323,211223,2388,0,2388,11940,2388,256,0,0,NaN,0,NaN,0.0,1.0,
1,4,MULTISTAGE_RH,LEXMMFPEA,shared_battery_mode_node_level_v1,SI-Drahi_10-d1-HET-ULO-BLO-d3d04947f5,TK-PB-Drahi_10-d1-HET-ULO-d8d80a9180-r1,SS-5d5bbea46d20,1,1,lex_phase_1,OPTIMAL,FEASIBLE_POINT,243.75975215910438,243.75975215910438,0,76446,76446,117318,211193,2388,0,2388,11940,2388,256,0,0,NaN,0,NaN,0.0,1.0,
1,4,MULTISTAGE_RH,LEXMMFPEA,shared_battery_mode_node_level_v1,SI-Drahi_10-d1-HET-ULO-BLO-d3d04947f5,TK-PB-Drahi_10-d1-HET-ULO-d8d80a9180-r1,SS-5d5bbea46d20,1,2,lex_phase_2,OPTIMAL,FEASIBLE_POINT,487.5195043182088,487.5195043182088,0,76446,76446,117319,211199,2388,0,2388,11940,2388,256,0,0,NaN,0,NaN,0.0,1.0,
1,4,MULTISTAGE_RH,LEXMMFPEA,shared_battery_mode_node_level_v1,SI-Drahi_10-d1-HET-ULO-BLO-d3d04947f5,TK-PB-Drahi_10-d1-HET-ULO-d8d80a9180-r1,SS-5d5bbea46d20,1,3,lex_phase_3,OPTIMAL,FEASIBLE_POINT,731.2792564773132,731.2792564773132,0,76446,76446,117320,211205,2388,0,2388,11940,2388,256,0,0,NaN,0,NaN,0.0,1.0,
1,4,MULTISTAGE_RH,LEXMMFPEA,shared_battery_mode_node_level_v1,SI-Drahi_10-d1-HET-ULO-BLO-d3d04947f5,TK-PB-Drahi_10-d1-HET-ULO-d8d80a9180-r1,SS-5d5bbea46d20,1,4,lex_phase_4,OPTIMAL,FEASIBLE_POINT,975.0390086364176,975.0390086364176,0,76446,76446,117321,211211,2388,0,2388,11940,2388,256,0,0,NaN,0,NaN,0.0,1.0,
1,4,MULTISTAGE_RH,LEXMMFPEA,shared_battery_mode_node_level_v1,SI-Drahi_10-d1-HET-ULO-BLO-d3d04947f5,TK-PB-Drahi_10-d1-HET-ULO-d8d80a9180-r1,SS-5d5bbea46d20,1,5,lex_phase_5,OPTIMAL,FEASIBLE_POINT,1218.798760795522,1218.798760795522,0,76446,76446,117322,211217,2388,0,2388,11940,2388,256,0,0,NaN,0,NaN,0.0,1.0,
1,4,MULTISTAGE_RH,LEXMMFPEA,shared_battery_mode_node_level_v1,SI-Drahi_10-d1-HET-ULO-BLO-d3d04947f5,TK-PB-Drahi_10-d1-HET-ULO-d8d80a9180-r1,SS-5d5bbea46d20,1,6,economic_tie_break,OPTIMAL,FEASIBLE_POINT,672512.7158121669,672512.7158121669,0,76446,76446,117323,211223,2388,0,2388,11940,2388,256,0,0,NaN,0,NaN,0.0,1.0,
1,5,MULTISTAGE_RH,LEXMMFPEA,shared_battery_mode_node_level_v1,SI-Drahi_10-d1-HET-ULO-BLO-d3d04947f5,TK-PB-Drahi_10-d1-HET-ULO-d8d80a9180-r1,SS-102adc95e052,5,1,lex_phase_1,OPTIMAL,FEASIBLE_POINT,238.41923246571614,238.41923246571614,0,76446,76446,117318,207053,2388,0,2388,11940,2388,256,0,0,NaN,0,NaN,0.0,0.9999999999997726,
1,5,MULTISTAGE_RH,LEXMMFPEA,shared_battery_mode_node_level_v1,SI-Drahi_10-d1-HET-ULO-BLO-d3d04947f5,TK-PB-Drahi_10-d1-HET-ULO-d8d80a9180-r1,SS-102adc95e052,5,2,lex_phase_2,OPTIMAL,FEASIBLE_POINT,476.8384649314323,476.8384649314323,0,76446,76446,117319,207059,2388,0,2388,11940,2388,256,0,0,NaN,0,NaN,0.0,0.9999999999997726,
1,5,MULTISTAGE_RH,LEXMMFPEA,shared_battery_mode_node_level_v1,SI-Drahi_10-d1-HET-ULO-BLO-d3d04947f5,TK-PB-Drahi_10-d1-HET-ULO-d8d80a9180-r1,SS-102adc95e052,5,3,lex_phase_3,OPTIMAL,FEASIBLE_POINT,715.2576973971485,715.2576973971485,0,76446,76446,117320,207065,2388,0,2388,11940,2388,256,0,0,NaN,0,NaN,0.0,0.9999999999997726,
1,5,MULTISTAGE_RH,LEXMMFPEA,shared_battery_mode_node_level_v1,SI-Drahi_10-d1-HET-ULO-BLO-d3d04947f5,TK-PB-Drahi_10-d1-HET-ULO-d8d80a9180-r1,SS-102adc95e052,5,4,lex_phase_4,OPTIMAL,FEASIBLE_POINT,953.6769298628647,953.6769298628647,0,76446,76446,117321,207071,2388,0,2388,11940,2388,256,0,0,NaN,0,NaN,0.0,0.9999999999997726,
1,5,MULTISTAGE_RH,LEXMMFPEA,shared_battery_mode_node_level_v1,SI-Drahi_10-d1-HET-ULO-BLO-d3d04947f5,TK-PB-Drahi_10-d1-HET-ULO-d8d80a9180-r1,SS-102adc95e052,5,5,lex_phase_5,OPTIMAL,FEASIBLE_POINT,1192.0961623285807,1192.0961623285807,0,76446,76446,117322,207077,2388,0,2388,11940,2388,256,0,0,NaN,0,NaN,0.0,0.9999999999997726,
1,5,MULTISTAGE_RH,LEXMMFPEA,shared_battery_mode_node_level_v1,SI-Drahi_10-d1-HET-ULO-BLO-d3d04947f5,TK-PB-Drahi_10-d1-HET-ULO-d8d80a9180-r1,SS-102adc95e052,5,6,economic_tie_break,OPTIMAL,FEASIBLE_POINT,664624.6455713348,664624.6455713348,0,76446,76446,117323,207083,2388,0,2388,11940,2388,256,0,0,NaN,0,NaN,0.0,0.9999999999997726,
1,6,MULTISTAGE_RH,LEXMMFPEA,shared_battery_mode_node_level_v1,SI-Drahi_10-d1-HET-ULO-BLO-d3d04947f5,TK-PB-Drahi_10-d1-HET-ULO-d8d80a9180-r1,SS-102adc95e052,5,1,lex_phase_1,OPTIMAL,FEASIBLE_POINT,238.41923246571614,238.41923246571614,0,76446,76446,117318,207053,2388,0,2388,11940,2388,256,0,0,NaN,0,NaN,1.4210854715202004e-14,0.9999999999997726,
1,6,MULTISTAGE_RH,LEXMMFPEA,shared_battery_mode_node_level_v1,SI-Drahi_10-d1-HET-ULO-BLO-d3d04947f5,TK-PB-Drahi_10-d1-HET-ULO-d8d80a9180-r1,SS-102adc95e052,5,2,lex_phase_2,OPTIMAL,FEASIBLE_POINT,476.8384649314323,476.8384649314323,0,76446,76446,117319,207059,2388,0,2388,11940,2388,256,0,0,NaN,0,NaN,1.4210854715202004e-14,0.9999999999997726,
1,6,MULTISTAGE_RH,LEXMMFPEA,shared_battery_mode_node_level_v1,SI-Drahi_10-d1-HET-ULO-BLO-d3d04947f5,TK-PB-Drahi_10-d1-HET-ULO-d8d80a9180-r1,SS-102adc95e052,5,3,lex_phase_3,OPTIMAL,FEASIBLE_POINT,715.2576973971485,715.2576973971485,0,76446,76446,117320,207065,2388,0,2388,11940,2388,256,0,0,NaN,0,NaN,1.4210854715202004e-14,0.9999999999997726,
1,6,MULTISTAGE_RH,LEXMMFPEA,shared_battery_mode_node_level_v1,SI-Drahi_10-d1-HET-ULO-BLO-d3d04947f5,TK-PB-Drahi_10-d1-HET-ULO-d8d80a9180-r1,SS-102adc95e052,5,4,lex_phase_4,OPTIMAL,FEASIBLE_POINT,953.6769298628647,953.6769298628647,0,76446,76446,117321,207071,2388,0,2388,11940,2388,256,0,0,NaN,0,NaN,1.4210854715202004e-14,0.9999999999997726,
1,6,MULTISTAGE_RH,LEXMMFPEA,shared_battery_mode_node_level_v1,SI-Drahi_10-d1-HET-ULO-BLO-d3d04947f5,TK-PB-Drahi_10-d1-HET-ULO-d8d80a9180-r1,SS-102adc95e052,5,5,lex_phase_5,OPTIMAL,FEASIBLE_POINT,1192.0961623285807,1192.0961623285807,0,76446,76446,117322,207077,2388,0,2388,11940,2388,256,0,0,NaN,0,NaN,1.4210854715202004e-14,0.9999999999997726,
1,6,MULTISTAGE_RH,LEXMMFPEA,shared_battery_mode_node_level_v1,SI-Drahi_10-d1-HET-ULO-BLO-d3d04947f5,TK-PB-Drahi_10-d1-HET-ULO-d8d80a9180-r1,SS-102adc95e052,5,6,economic_tie_break,OPTIMAL,FEASIBLE_POINT,664624.6455713348,664624.6455713348,0,76446,76446,117323,207083,2388,0,2388,11940,2388,256,0,0,NaN,0,NaN,1.4210854715202004e-14,0.9999999999997726,
1,7,MULTISTAGE_RH,LEXMMFPEA,shared_battery_mode_node_level_v1,SI-Drahi_10-d1-HET-ULO-BLO-d3d04947f5,TK-PB-Drahi_10-d1-HET-ULO-d8d80a9180-r1,SS-102adc95e052,5,1,lex_phase_1,OPTIMAL,FEASIBLE_POINT,238.41923246571614,238.41923246571614,0,76446,76446,117318,207053,2388,0,2388,11940,2388,256,0,0,NaN,0,NaN,0.0,0.9999999999997726,
1,7,MULTISTAGE_RH,LEXMMFPEA,shared_battery_mode_node_level_v1,SI-Drahi_10-d1-HET-ULO-BLO-d3d04947f5,TK-PB-Drahi_10-d1-HET-ULO-d8d80a9180-r1,SS-102adc95e052,5,2,lex_phase_2,OPTIMAL,FEASIBLE_POINT,476.8384649314323,476.8384649314323,0,76446,76446,117319,207059,2388,0,2388,11940,2388,256,0,0,NaN,0,NaN,0.0,0.9999999999997726,
1,7,MULTISTAGE_RH,LEXMMFPEA,shared_battery_mode_node_level_v1,SI-Drahi_10-d1-HET-ULO-BLO-d3d04947f5,TK-PB-Drahi_10-d1-HET-ULO-d8d80a9180-r1,SS-102adc95e052,5,3,lex_phase_3,OPTIMAL,FEASIBLE_POINT,715.2576973971485,715.2576973971485,0,76446,76446,117320,207065,2388,0,2388,11940,2388,256,0,0,NaN,0,NaN,0.0,0.9999999999997726,
1,7,MULTISTAGE_RH,LEXMMFPEA,shared_battery_mode_node_level_v1,SI-Drahi_10-d1-HET-ULO-BLO-d3d04947f5,TK-PB-Drahi_10-d1-HET-ULO-d8d80a9180-r1,SS-102adc95e052,5,4,lex_phase_4,OPTIMAL,FEASIBLE_POINT,953.6769298628647,953.6769298628647,0,76446,76446,117321,207071,2388,0,2388,11940,2388,256,0,0,NaN,0,NaN,0.0,0.9999999999997726,
1,7,MULTISTAGE_RH,LEXMMFPEA,shared_battery_mode_node_level_v1,SI-Drahi_10-d1-HET-ULO-BLO-d3d04947f5,TK-PB-Drahi_10-d1-HET-ULO-d8d80a9180-r1,SS-102adc95e052,5,5,lex_phase_5,OPTIMAL,FEASIBLE_POINT,1192.0961623285807,1192.0961623285807,0,76446,76446,117322,207077,2388,0,2388,11940,2388,256,0,0,NaN,0,NaN,0.0,0.9999999999997726,
1,7,MULTISTAGE_RH,LEXMMFPEA,shared_battery_mode_node_level_v1,SI-Drahi_10-d1-HET-ULO-BLO-d3d04947f5,TK-PB-Drahi_10-d1-HET-ULO-d8d80a9180-r1,SS-102adc95e052,5,6,economic_tie_break,OPTIMAL,FEASIBLE_POINT,664624.6455713348,664624.6455713348,0,76446,76446,117323,207083,2388,0,2388,11940,2388,256,0,0,NaN,0,NaN,0.0,0.9999999999997726,
1,8,MULTISTAGE_RH,LEXMMFPEA,shared_battery_mode_node_level_v1,SI-Drahi_10-d1-HET-ULO-BLO-d3d04947f5,TK-PB-Drahi_10-d1-HET-ULO-d8d80a9180-r1,SS-102adc95e052,5,1,lex_phase_1,OPTIMAL,FEASIBLE_POINT,238.41923246571614,238.41923246571614,0,76446,76446,117318,207053,2388,0,2388,11940,2388,256,0,0,NaN,0,NaN,7.216449660063518e-16,0.9999999999997726,
1,8,MULTISTAGE_RH,LEXMMFPEA,shared_battery_mode_node_level_v1,SI-Drahi_10-d1-HET-ULO-BLO-d3d04947f5,TK-PB-Drahi_10-d1-HET-ULO-d8d80a9180-r1,SS-102adc95e052,5,2,lex_phase_2,OPTIMAL,FEASIBLE_POINT,476.8384649314323,476.8384649314323,0,76446,76446,117319,207059,2388,0,2388,11940,2388,256,0,0,NaN,0,NaN,7.216449660063518e-16,0.9999999999997726,
1,8,MULTISTAGE_RH,LEXMMFPEA,shared_battery_mode_node_level_v1,SI-Drahi_10-d1-HET-ULO-BLO-d3d04947f5,TK-PB-Drahi_10-d1-HET-ULO-d8d80a9180-r1,SS-102adc95e052,5,3,lex_phase_3,OPTIMAL,FEASIBLE_POINT,715.2576973971485,715.2576973971485,0,76446,76446,117320,207065,2388,0,2388,11940,2388,256,0,0,NaN,0,NaN,7.216449660063518e-16,0.9999999999997726,
1,8,MULTISTAGE_RH,LEXMMFPEA,shared_battery_mode_node_level_v1,SI-Drahi_10-d1-HET-ULO-BLO-d3d04947f5,TK-PB-Drahi_10-d1-HET-ULO-d8d80a9180-r1,SS-102adc95e052,5,4,lex_phase_4,OPTIMAL,FEASIBLE_POINT,953.6769298628647,953.6769298628647,0,76446,76446,117321,207071,2388,0,2388,11940,2388,256,0,0,NaN,0,NaN,7.216449660063518e-16,0.9999999999997726,
1,8,MULTISTAGE_RH,LEXMMFPEA,shared_battery_mode_node_level_v1,SI-Drahi_10-d1-HET-ULO-BLO-d3d04947f5,TK-PB-Drahi_10-d1-HET-ULO-d8d80a9180-r1,SS-102adc95e052,5,5,lex_phase_5,OPTIMAL,FEASIBLE_POINT,1192.0961623285807,1192.0961623285807,0,76446,76446,117322,207077,2388,0,2388,11940,2388,256,0,0,NaN,0,NaN,7.216449660063518e-16,0.9999999999997726,
1,8,MULTISTAGE_RH,LEXMMFPEA,shared_battery_mode_node_level_v1,SI-Drahi_10-d1-HET-ULO-BLO-d3d04947f5,TK-PB-Drahi_10-d1-HET-ULO-d8d80a9180-r1,SS-102adc95e052,5,6,economic_tie_break,OPTIMAL,FEASIBLE_POINT,664624.6455713348,664624.6455713348,0,76446,76446,117323,207083,2388,0,2388,11940,2388,256,0,0,NaN,0,NaN,7.216449660063518e-16,0.9999999999997726,
1,9,MULTISTAGE_RH,LEXMMFPEA,shared_battery_mode_node_level_v1,SI-Drahi_10-d1-HET-ULO-BLO-d3d04947f5,TK-PB-Drahi_10-d1-HET-ULO-d8d80a9180-r1,SS-19da242d4543,9,1,lex_phase_1,OPTIMAL,FEASIBLE_POINT,310.0803967118401,310.0803967118401,0,76446,76446,117318,211133,2388,0,2388,11940,2388,256,0,0,NaN,0,NaN,0.0,1.0,
1,9,MULTISTAGE_RH,LEXMMFPEA,shared_battery_mode_node_level_v1,SI-Drahi_10-d1-HET-ULO-BLO-d3d04947f5,TK-PB-Drahi_10-d1-HET-ULO-d8d80a9180-r1,SS-19da242d4543,9,2,lex_phase_2,OPTIMAL,FEASIBLE_POINT,620.16079342368,620.16079342368,0,76446,76446,117319,211139,2388,0,2388,11940,2388,256,0,0,NaN,0,NaN,0.0,1.0,
1,9,MULTISTAGE_RH,LEXMMFPEA,shared_battery_mode_node_level_v1,SI-Drahi_10-d1-HET-ULO-BLO-d3d04947f5,TK-PB-Drahi_10-d1-HET-ULO-d8d80a9180-r1,SS-19da242d4543,9,3,lex_phase_3,OPTIMAL,FEASIBLE_POINT,930.2411901355201,930.2411901355201,0,76446,76446,117320,211145,2388,0,2388,11940,2388,256,0,0,NaN,0,NaN,0.0,1.0,
1,9,MULTISTAGE_RH,LEXMMFPEA,shared_battery_mode_node_level_v1,SI-Drahi_10-d1-HET-ULO-BLO-d3d04947f5,TK-PB-Drahi_10-d1-HET-ULO-d8d80a9180-r1,SS-19da242d4543,9,4,lex_phase_4,OPTIMAL,FEASIBLE_POINT,1240.32158684736,1240.32158684736,0,76446,76446,117321,211151,2388,0,2388,11940,2388,256,0,0,NaN,0,NaN,0.0,1.0,
1,9,MULTISTAGE_RH,LEXMMFPEA,shared_battery_mode_node_level_v1,SI-Drahi_10-d1-HET-ULO-BLO-d3d04947f5,TK-PB-Drahi_10-d1-HET-ULO-d8d80a9180-r1,SS-19da242d4543,9,5,lex_phase_5,OPTIMAL,FEASIBLE_POINT,1550.4019835592007,1550.4019835592007,0,76446,76446,117322,211157,2388,0,2388,11940,2388,256,0,0,NaN,0,NaN,0.0,1.0,
1,9,MULTISTAGE_RH,LEXMMFPEA,shared_battery_mode_node_level_v1,SI-Drahi_10-d1-HET-ULO-BLO-d3d04947f5,TK-PB-Drahi_10-d1-HET-ULO-d8d80a9180-r1,SS-19da242d4543,9,6,economic_tie_break,OPTIMAL,FEASIBLE_POINT,667933.3433921427,667933.3433921427,0,76446,76446,117323,211163,2388,0,2388,11940,2388,256,0,0,NaN,0,NaN,0.0,1.0,
1,10,MULTISTAGE_RH,LEXMMFPEA,shared_battery_mode_node_level_v1,SI-Drahi_10-d1-HET-ULO-BLO-d3d04947f5,TK-PB-Drahi_10-d1-HET-ULO-d8d80a9180-r1,SS-19da242d4543,9,1,lex_phase_1,OPTIMAL,FEASIBLE_POINT,310.0803967118401,310.0803967118401,0,76446,76446,117318,211133,2388,0,2388,11940,2388,256,0,0,NaN,0,NaN,0.0,1.0,
1,10,MULTISTAGE_RH,LEXMMFPEA,shared_battery_mode_node_level_v1,SI-Drahi_10-d1-HET-ULO-BLO-d3d04947f5,TK-PB-Drahi_10-d1-HET-ULO-d8d80a9180-r1,SS-19da242d4543,9,2,lex_phase_2,OPTIMAL,FEASIBLE_POINT,620.16079342368,620.16079342368,0,76446,76446,117319,211139,2388,0,2388,11940,2388,256,0,0,NaN,0,NaN,0.0,1.0,
1,10,MULTISTAGE_RH,LEXMMFPEA,shared_battery_mode_node_level_v1,SI-Drahi_10-d1-HET-ULO-BLO-d3d04947f5,TK-PB-Drahi_10-d1-HET-ULO-d8d80a9180-r1,SS-19da242d4543,9,3,lex_phase_3,OPTIMAL,FEASIBLE_POINT,930.2411901355201,930.2411901355201,0,76446,76446,117320,211145,2388,0,2388,11940,2388,256,0,0,NaN,0,NaN,0.0,1.0,
1,10,MULTISTAGE_RH,LEXMMFPEA,shared_battery_mode_node_level_v1,SI-Drahi_10-d1-HET-ULO-BLO-d3d04947f5,TK-PB-Drahi_10-d1-HET-ULO-d8d80a9180-r1,SS-19da242d4543,9,4,lex_phase_4,OPTIMAL,FEASIBLE_POINT,1240.32158684736,1240.32158684736,0,76446,76446,117321,211151,2388,0,2388,11940,2388,256,0,0,NaN,0,NaN,0.0,1.0,
1,10,MULTISTAGE_RH,LEXMMFPEA,shared_battery_mode_node_level_v1,SI-Drahi_10-d1-HET-ULO-BLO-d3d04947f5,TK-PB-Drahi_10-d1-HET-ULO-d8d80a9180-r1,SS-19da242d4543,9,5,lex_phase_5,OPTIMAL,FEASIBLE_POINT,1550.4019835592007,1550.4019835592007,0,76446,76446,117322,211157,2388,0,2388,11940,2388,256,0,0,NaN,0,NaN,0.0,1.0,
1,10,MULTISTAGE_RH,LEXMMFPEA,shared_battery_mode_node_level_v1,SI-Drahi_10-d1-HET-ULO-BLO-d3d04947f5,TK-PB-Drahi_10-d1-HET-ULO-d8d80a9180-r1,SS-19da242d4543,9,6,economic_tie_break,OPTIMAL,FEASIBLE_POINT,667933.3433921427,667933.3433921427,0,76446,76446,117323,211163,2388,0,2388,11940,2388,256,0,0,NaN,0,NaN,0.0,1.0,
1,11,MULTISTAGE_RH,LEXMMFPEA,shared_battery_mode_node_level_v1,SI-Drahi_10-d1-HET-ULO-BLO-d3d04947f5,TK-PB-Drahi_10-d1-HET-ULO-d8d80a9180-r1,SS-19da242d4543,9,1,lex_phase_1,OPTIMAL,FEASIBLE_POINT,310.0803967118401,310.0803967118401,0,76446,76446,117318,211133,2388,0,2388,11940,2388,256,0,0,NaN,0,NaN,0.8593955321944797,1.0,
1,11,MULTISTAGE_RH,LEXMMFPEA,shared_battery_mode_node_level_v1,SI-Drahi_10-d1-HET-ULO-BLO-d3d04947f5,TK-PB-Drahi_10-d1-HET-ULO-d8d80a9180-r1,SS-19da242d4543,9,2,lex_phase_2,OPTIMAL,FEASIBLE_POINT,620.16079342368,620.16079342368,0,76446,76446,117319,211139,2388,0,2388,11940,2388,256,0,0,NaN,0,NaN,0.8593955321944797,1.0,
1,11,MULTISTAGE_RH,LEXMMFPEA,shared_battery_mode_node_level_v1,SI-Drahi_10-d1-HET-ULO-BLO-d3d04947f5,TK-PB-Drahi_10-d1-HET-ULO-d8d80a9180-r1,SS-19da242d4543,9,3,lex_phase_3,OPTIMAL,FEASIBLE_POINT,930.2411901355201,930.2411901355201,0,76446,76446,117320,211145,2388,0,2388,11940,2388,256,0,0,NaN,0,NaN,0.8593955321944797,1.0,
1,11,MULTISTAGE_RH,LEXMMFPEA,shared_battery_mode_node_level_v1,SI-Drahi_10-d1-HET-ULO-BLO-d3d04947f5,TK-PB-Drahi_10-d1-HET-ULO-d8d80a9180-r1,SS-19da242d4543,9,4,lex_phase_4,OPTIMAL,FEASIBLE_POINT,1240.32158684736,1240.32158684736,0,76446,76446,117321,211151,2388,0,2388,11940,2388,256,0,0,NaN,0,NaN,0.8593955321944797,1.0,
1,11,MULTISTAGE_RH,LEXMMFPEA,shared_battery_mode_node_level_v1,SI-Drahi_10-d1-HET-ULO-BLO-d3d04947f5,TK-PB-Drahi_10-d1-HET-ULO-d8d80a9180-r1,SS-19da242d4543,9,5,lex_phase_5,OPTIMAL,FEASIBLE_POINT,1550.4019835592007,1550.4019835592007,0,76446,76446,117322,211157,2388,0,2388,11940,2388,256,0,0,NaN,0,NaN,0.8593955321944797,1.0,
1,11,MULTISTAGE_RH,LEXMMFPEA,shared_battery_mode_node_level_v1,SI-Drahi_10-d1-HET-ULO-BLO-d3d04947f5,TK-PB-Drahi_10-d1-HET-ULO-d8d80a9180-r1,SS-19da242d4543,9,6,economic_tie_break,OPTIMAL,FEASIBLE_POINT,667933.3433921427,667933.3433921427,0,76446,76446,117323,211163,2388,0,2388,11940,2388,256,0,0,NaN,0,NaN,0.8593955321944797,1.0,
1,12,MULTISTAGE_RH,LEXMMFPEA,shared_battery_mode_node_level_v1,SI-Drahi_10-d1-HET-ULO-BLO-d3d04947f5,TK-PB-Drahi_10-d1-HET-ULO-d8d80a9180-r1,SS-19da242d4543,9,1,lex_phase_1,OPTIMAL,FEASIBLE_POINT,310.0803967118401,310.0803967118401,0,76446,76446,117318,211133,2388,0,2388,11940,2388,256,0,0,NaN,0,NaN,1.4210854715202004e-14,1.0,
1,12,MULTISTAGE_RH,LEXMMFPEA,shared_battery_mode_node_level_v1,SI-Drahi_10-d1-HET-ULO-BLO-d3d04947f5,TK-PB-Drahi_10-d1-HET-ULO-d8d80a9180-r1,SS-19da242d4543,9,2,lex_phase_2,OPTIMAL,FEASIBLE_POINT,620.16079342368,620.16079342368,0,76446,76446,117319,211139,2388,0,2388,11940,2388,256,0,0,NaN,0,NaN,1.4210854715202004e-14,1.0,
1,12,MULTISTAGE_RH,LEXMMFPEA,shared_battery_mode_node_level_v1,SI-Drahi_10-d1-HET-ULO-BLO-d3d04947f5,TK-PB-Drahi_10-d1-HET-ULO-d8d80a9180-r1,SS-19da242d4543,9,3,lex_phase_3,OPTIMAL,FEASIBLE_POINT,930.2411901355201,930.2411901355201,0,76446,76446,117320,211145,2388,0,2388,11940,2388,256,0,0,NaN,0,NaN,1.4210854715202004e-14,1.0,
1,12,MULTISTAGE_RH,LEXMMFPEA,shared_battery_mode_node_level_v1,SI-Drahi_10-d1-HET-ULO-BLO-d3d04947f5,TK-PB-Drahi_10-d1-HET-ULO-d8d80a9180-r1,SS-19da242d4543,9,4,lex_phase_4,OPTIMAL,FEASIBLE_POINT,1240.32158684736,1240.32158684736,0,76446,76446,117321,211151,2388,0,2388,11940,2388,256,0,0,NaN,0,NaN,1.4210854715202004e-14,1.0,
1,12,MULTISTAGE_RH,LEXMMFPEA,shared_battery_mode_node_level_v1,SI-Drahi_10-d1-HET-ULO-BLO-d3d04947f5,TK-PB-Drahi_10-d1-HET-ULO-d8d80a9180-r1,SS-19da242d4543,9,5,lex_phase_5,OPTIMAL,FEASIBLE_POINT,1550.4019835592007,1550.4019835592007,0,76446,76446,117322,211157,2388,0,2388,11940,2388,256,0,0,NaN,0,NaN,1.4210854715202004e-14,1.0,
1,12,MULTISTAGE_RH,LEXMMFPEA,shared_battery_mode_node_level_v1,SI-Drahi_10-d1-HET-ULO-BLO-d3d04947f5,TK-PB-Drahi_10-d1-HET-ULO-d8d80a9180-r1,SS-19da242d4543,9,6,economic_tie_break,OPTIMAL,FEASIBLE_POINT,667933.3433921427,667933.3433921427,0,76446,76446,117323,211163,2388,0,2388,11940,2388,256,0,0,NaN,0,NaN,1.4210854715202004e-14,1.0,
1,13,MULTISTAGE_RH,LEXMMFPEA,shared_battery_mode_node_level_v1,SI-Drahi_10-d1-HET-ULO-BLO-d3d04947f5,TK-PB-Drahi_10-d1-HET-ULO-d8d80a9180-r1,SS-354317d12b7f,13,1,lex_phase_1,OPTIMAL,FEASIBLE_POINT,405.966282605995,405.966282605995,0,76446,76446,117318,215993,2388,0,2388,11940,2388,256,0,0,NaN,0,NaN,1.4210854715202004e-14,1.0000000000006821,
1,13,MULTISTAGE_RH,LEXMMFPEA,shared_battery_mode_node_level_v1,SI-Drahi_10-d1-HET-ULO-BLO-d3d04947f5,TK-PB-Drahi_10-d1-HET-ULO-d8d80a9180-r1,SS-354317d12b7f,13,2,lex_phase_2,OPTIMAL,FEASIBLE_POINT,811.9325652119901,811.9325652119901,0,76446,76446,117319,215999,2388,0,2388,11940,2388,256,0,0,NaN,0,NaN,1.4210854715202004e-14,1.0000000000006821,
1,13,MULTISTAGE_RH,LEXMMFPEA,shared_battery_mode_node_level_v1,SI-Drahi_10-d1-HET-ULO-BLO-d3d04947f5,TK-PB-Drahi_10-d1-HET-ULO-d8d80a9180-r1,SS-354317d12b7f,13,3,lex_phase_3,OPTIMAL,FEASIBLE_POINT,1217.8988478179851,1217.8988478179851,0,76446,76446,117320,216005,2388,0,2388,11940,2388,256,0,0,NaN,0,NaN,1.4210854715202004e-14,1.0000000000006821,
1,13,MULTISTAGE_RH,LEXMMFPEA,shared_battery_mode_node_level_v1,SI-Drahi_10-d1-HET-ULO-BLO-d3d04947f5,TK-PB-Drahi_10-d1-HET-ULO-d8d80a9180-r1,SS-354317d12b7f,13,4,lex_phase_4,OPTIMAL,FEASIBLE_POINT,1623.8651304239802,1623.8651304239802,0,76446,76446,117321,216011,2388,0,2388,11940,2388,256,0,0,NaN,0,NaN,1.4210854715202004e-14,1.0000000000006821,
1,13,MULTISTAGE_RH,LEXMMFPEA,shared_battery_mode_node_level_v1,SI-Drahi_10-d1-HET-ULO-BLO-d3d04947f5,TK-PB-Drahi_10-d1-HET-ULO-d8d80a9180-r1,SS-354317d12b7f,13,5,lex_phase_5,OPTIMAL,FEASIBLE_POINT,2029.831413029975,2029.831413029975,0,76446,76446,117322,216017,2388,0,2388,11940,2388,256,0,0,NaN,0,NaN,1.4210854715202004e-14,1.0000000000006821,
1,13,MULTISTAGE_RH,LEXMMFPEA,shared_battery_mode_node_level_v1,SI-Drahi_10-d1-HET-ULO-BLO-d3d04947f5,TK-PB-Drahi_10-d1-HET-ULO-d8d80a9180-r1,SS-354317d12b7f,13,6,economic_tie_break,OPTIMAL,FEASIBLE_POINT,660225.3952111128,660225.3952111128,0,76446,76446,117323,216023,2388,0,2388,11940,2388,256,0,0,NaN,0,NaN,1.4210854715202004e-14,1.0000000000006821,
1,14,MULTISTAGE_RH,LEXMMFPEA,shared_battery_mode_node_level_v1,SI-Drahi_10-d1-HET-ULO-BLO-d3d04947f5,TK-PB-Drahi_10-d1-HET-ULO-d8d80a9180-r1,SS-354317d12b7f,13,1,lex_phase_1,OPTIMAL,FEASIBLE_POINT,405.966282605995,405.966282605995,0,76446,76446,117318,215993,2388,0,2388,11940,2388,256,0,0,NaN,0,NaN,0.0,1.0000000000006821,
1,14,MULTISTAGE_RH,LEXMMFPEA,shared_battery_mode_node_level_v1,SI-Drahi_10-d1-HET-ULO-BLO-d3d04947f5,TK-PB-Drahi_10-d1-HET-ULO-d8d80a9180-r1,SS-354317d12b7f,13,2,lex_phase_2,OPTIMAL,FEASIBLE_POINT,811.9325652119901,811.9325652119901,0,76446,76446,117319,215999,2388,0,2388,11940,2388,256,0,0,NaN,0,NaN,0.0,1.0000000000006821,
1,14,MULTISTAGE_RH,LEXMMFPEA,shared_battery_mode_node_level_v1,SI-Drahi_10-d1-HET-ULO-BLO-d3d04947f5,TK-PB-Drahi_10-d1-HET-ULO-d8d80a9180-r1,SS-354317d12b7f,13,3,lex_phase_3,OPTIMAL,FEASIBLE_POINT,1217.8988478179851,1217.8988478179851,0,76446,76446,117320,216005,2388,0,2388,11940,2388,256,0,0,NaN,0,NaN,0.0,1.0000000000006821,
1,14,MULTISTAGE_RH,LEXMMFPEA,shared_battery_mode_node_level_v1,SI-Drahi_10-d1-HET-ULO-BLO-d3d04947f5,TK-PB-Drahi_10-d1-HET-ULO-d8d80a9180-r1,SS-354317d12b7f,13,4,lex_phase_4,OPTIMAL,FEASIBLE_POINT,1623.8651304239802,1623.8651304239802,0,76446,76446,117321,216011,2388,0,2388,11940,2388,256,0,0,NaN,0,NaN,0.0,1.0000000000006821,
1,14,MULTISTAGE_RH,LEXMMFPEA,shared_battery_mode_node_level_v1,SI-Drahi_10-d1-HET-ULO-BLO-d3d04947f5,TK-PB-Drahi_10-d1-HET-ULO-d8d80a9180-r1,SS-354317d12b7f,13,5,lex_phase_5,OPTIMAL,FEASIBLE_POINT,2029.831413029975,2029.831413029975,0,76446,76446,117322,216017,2388,0,2388,11940,2388,256,0,0,NaN,0,NaN,0.0,1.0000000000006821,
1,14,MULTISTAGE_RH,LEXMMFPEA,shared_battery_mode_node_level_v1,SI-Drahi_10-d1-HET-ULO-BLO-d3d04947f5,TK-PB-Drahi_10-d1-HET-ULO-d8d80a9180-r1,SS-354317d12b7f,13,6,economic_tie_break,OPTIMAL,FEASIBLE_POINT,660225.3952111128,660225.3952111128,0,76446,76446,117323,216023,2388,0,2388,11940,2388,256,0,0,NaN,0,NaN,0.0,1.0000000000006821,
1,15,MULTISTAGE_RH,LEXMMFPEA,shared_battery_mode_node_level_v1,SI-Drahi_10-d1-HET-ULO-BLO-d3d04947f5,TK-PB-Drahi_10-d1-HET-ULO-d8d80a9180-r1,SS-354317d12b7f,13,1,lex_phase_1,OPTIMAL,FEASIBLE_POINT,405.966282605995,405.966282605995,0,76446,76446,117318,215993,2388,0,2388,11940,2388,256,0,0,NaN,0,NaN,0.4099868593955289,1.0000000000006821,
1,15,MULTISTAGE_RH,LEXMMFPEA,shared_battery_mode_node_level_v1,SI-Drahi_10-d1-HET-ULO-BLO-d3d04947f5,TK-PB-Drahi_10-d1-HET-ULO-d8d80a9180-r1,SS-354317d12b7f,13,2,lex_phase_2,OPTIMAL,FEASIBLE_POINT,811.9325652119901,811.9325652119901,0,76446,76446,117319,215999,2388,0,2388,11940,2388,256,0,0,NaN,0,NaN,0.4099868593955289,1.0000000000006821,
1,15,MULTISTAGE_RH,LEXMMFPEA,shared_battery_mode_node_level_v1,SI-Drahi_10-d1-HET-ULO-BLO-d3d04947f5,TK-PB-Drahi_10-d1-HET-ULO-d8d80a9180-r1,SS-354317d12b7f,13,3,lex_phase_3,OPTIMAL,FEASIBLE_POINT,1217.8988478179851,1217.8988478179851,0,76446,76446,117320,216005,2388,0,2388,11940,2388,256,0,0,NaN,0,NaN,0.4099868593955289,1.0000000000006821,
1,15,MULTISTAGE_RH,LEXMMFPEA,shared_battery_mode_node_level_v1,SI-Drahi_10-d1-HET-ULO-BLO-d3d04947f5,TK-PB-Drahi_10-d1-HET-ULO-d8d80a9180-r1,SS-354317d12b7f,13,4,lex_phase_4,OPTIMAL,FEASIBLE_POINT,1623.8651304239802,1623.8651304239802,0,76446,76446,117321,216011,2388,0,2388,11940,2388,256,0,0,NaN,0,NaN,0.4099868593955289,1.0000000000006821,
1,15,MULTISTAGE_RH,LEXMMFPEA,shared_battery_mode_node_level_v1,SI-Drahi_10-d1-HET-ULO-BLO-d3d04947f5,TK-PB-Drahi_10-d1-HET-ULO-d8d80a9180-r1,SS-354317d12b7f,13,5,lex_phase_5,OPTIMAL,FEASIBLE_POINT,2029.831413029975,2029.831413029975,0,76446,76446,117322,216017,2388,0,2388,11940,2388,256,0,0,NaN,0,NaN,0.4099868593955289,1.0000000000006821,
1,15,MULTISTAGE_RH,LEXMMFPEA,shared_battery_mode_node_level_v1,SI-Drahi_10-d1-HET-ULO-BLO-d3d04947f5,TK-PB-Drahi_10-d1-HET-ULO-d8d80a9180-r1,SS-354317d12b7f,13,6,economic_tie_break,OPTIMAL,FEASIBLE_POINT,660225.3952111128,660225.3952111128,0,76446,76446,117323,216023,2388,0,2388,11940,2388,256,0,0,NaN,0,NaN,0.4099868593955289,1.0000000000006821,
1,16,MULTISTAGE_RH,LEXMMFPEA,shared_battery_mode_node_level_v1,SI-Drahi_10-d1-HET-ULO-BLO-d3d04947f5,TK-PB-Drahi_10-d1-HET-ULO-d8d80a9180-r1,SS-354317d12b7f,13,1,lex_phase_1,OPTIMAL,FEASIBLE_POINT,405.966282605995,405.966282605995,0,76446,76446,117318,215993,2388,0,2388,11940,2388,256,0,0,NaN,0,NaN,0.0,1.0000000000006821,
1,16,MULTISTAGE_RH,LEXMMFPEA,shared_battery_mode_node_level_v1,SI-Drahi_10-d1-HET-ULO-BLO-d3d04947f5,TK-PB-Drahi_10-d1-HET-ULO-d8d80a9180-r1,SS-354317d12b7f,13,2,lex_phase_2,OPTIMAL,FEASIBLE_POINT,811.9325652119901,811.9325652119901,0,76446,76446,117319,215999,2388,0,2388,11940,2388,256,0,0,NaN,0,NaN,0.0,1.0000000000006821,
1,16,MULTISTAGE_RH,LEXMMFPEA,shared_battery_mode_node_level_v1,SI-Drahi_10-d1-HET-ULO-BLO-d3d04947f5,TK-PB-Drahi_10-d1-HET-ULO-d8d80a9180-r1,SS-354317d12b7f,13,3,lex_phase_3,OPTIMAL,FEASIBLE_POINT,1217.8988478179851,1217.8988478179851,0,76446,76446,117320,216005,2388,0,2388,11940,2388,256,0,0,NaN,0,NaN,0.0,1.0000000000006821,
1,16,MULTISTAGE_RH,LEXMMFPEA,shared_battery_mode_node_level_v1,SI-Drahi_10-d1-HET-ULO-BLO-d3d04947f5,TK-PB-Drahi_10-d1-HET-ULO-d8d80a9180-r1,SS-354317d12b7f,13,4,lex_phase_4,OPTIMAL,FEASIBLE_POINT,1623.8651304239802,1623.8651304239802,0,76446,76446,117321,216011,2388,0,2388,11940,2388,256,0,0,NaN,0,NaN,0.0,1.0000000000006821,
1,16,MULTISTAGE_RH,LEXMMFPEA,shared_battery_mode_node_level_v1,SI-Drahi_10-d1-HET-ULO-BLO-d3d04947f5,TK-PB-Drahi_10-d1-HET-ULO-d8d80a9180-r1,SS-354317d12b7f,13,5,lex_phase_5,OPTIMAL,FEASIBLE_POINT,2029.831413029975,2029.831413029975,0,76446,76446,117322,216017,2388,0,2388,11940,2388,256,0,0,NaN,0,NaN,0.0,1.0000000000006821,
1,16,MULTISTAGE_RH,LEXMMFPEA,shared_battery_mode_node_level_v1,SI-Drahi_10-d1-HET-ULO-BLO-d3d04947f5,TK-PB-Drahi_10-d1-HET-ULO-d8d80a9180-r1,SS-354317d12b7f,13,6,economic_tie_break,OPTIMAL,FEASIBLE_POINT,660225.3952111128,660225.3952111128,0,76446,76446,117323,216023,2388,0,2388,11940,2388,256,0,0,NaN,0,NaN,0.0,1.0000000000006821,
1,17,MULTISTAGE_RH,LEXMMFPEA,shared_battery_mode_node_level_v1,SI-Drahi_10-d1-HET-ULO-BLO-d3d04947f5,TK-PB-Drahi_10-d1-HET-ULO-d8d80a9180-r1,SS-c81930d9c8ba,17,1,lex_phase_1,OPTIMAL,FEASIBLE_POINT,490.27173436355145,490.27173436355145,0,76446,76446,117318,217208,2388,0,2388,11940,2388,256,0,0,NaN,0,NaN,0.0,1.0000000000004547,
1,17,MULTISTAGE_RH,LEXMMFPEA,shared_battery_mode_node_level_v1,SI-Drahi_10-d1-HET-ULO-BLO-d3d04947f5,TK-PB-Drahi_10-d1-HET-ULO-d8d80a9180-r1,SS-c81930d9c8ba,17,2,lex_phase_2,OPTIMAL,FEASIBLE_POINT,980.5434687271031,980.5434687271031,0,76446,76446,117319,217214,2388,0,2388,11940,2388,256,0,0,NaN,0,NaN,0.0,1.0000000000004547,
1,17,MULTISTAGE_RH,LEXMMFPEA,shared_battery_mode_node_level_v1,SI-Drahi_10-d1-HET-ULO-BLO-d3d04947f5,TK-PB-Drahi_10-d1-HET-ULO-d8d80a9180-r1,SS-c81930d9c8ba,17,3,lex_phase_3,OPTIMAL,FEASIBLE_POINT,1470.8152030906547,1470.8152030906547,0,76446,76446,117320,217220,2388,0,2388,11940,2388,256,0,0,NaN,0,NaN,0.0,1.0000000000004547,
1,17,MULTISTAGE_RH,LEXMMFPEA,shared_battery_mode_node_level_v1,SI-Drahi_10-d1-HET-ULO-BLO-d3d04947f5,TK-PB-Drahi_10-d1-HET-ULO-d8d80a9180-r1,SS-c81930d9c8ba,17,4,lex_phase_4,OPTIMAL,FEASIBLE_POINT,1961.0869374542062,1961.0869374542062,0,76446,76446,117321,217226,2388,0,2388,11940,2388,256,0,0,NaN,0,NaN,0.0,1.0000000000004547,
1,17,MULTISTAGE_RH,LEXMMFPEA,shared_battery_mode_node_level_v1,SI-Drahi_10-d1-HET-ULO-BLO-d3d04947f5,TK-PB-Drahi_10-d1-HET-ULO-d8d80a9180-r1,SS-c81930d9c8ba,17,5,lex_phase_5,OPTIMAL,FEASIBLE_POINT,2451.3586718177585,2451.3586718177585,0,76446,76446,117322,217232,2388,0,2388,11940,2388,256,0,0,NaN,0,NaN,0.0,1.0000000000004547,
1,17,MULTISTAGE_RH,LEXMMFPEA,shared_battery_mode_node_level_v1,SI-Drahi_10-d1-HET-ULO-BLO-d3d04947f5,TK-PB-Drahi_10-d1-HET-ULO-d8d80a9180-r1,SS-c81930d9c8ba,17,6,economic_tie_break,OPTIMAL,FEASIBLE_POINT,675730.8497949359,675730.8497949359,0,76446,76446,117323,217238,2388,0,2388,11940,2388,256,0,0,NaN,0,NaN,0.0,1.0000000000004547,
1,18,MULTISTAGE_RH,LEXMMFPEA,shared_battery_mode_node_level_v1,SI-Drahi_10-d1-HET-ULO-BLO-d3d04947f5,TK-PB-Drahi_10-d1-HET-ULO-d8d80a9180-r1,SS-c81930d9c8ba,17,1,lex_phase_1,OPTIMAL,FEASIBLE_POINT,490.27173436355145,490.27173436355145,0,76446,76446,117318,217208,2388,0,2388,11940,2388,256,0,0,NaN,0,NaN,0.0,1.0000000000004547,
1,18,MULTISTAGE_RH,LEXMMFPEA,shared_battery_mode_node_level_v1,SI-Drahi_10-d1-HET-ULO-BLO-d3d04947f5,TK-PB-Drahi_10-d1-HET-ULO-d8d80a9180-r1,SS-c81930d9c8ba,17,2,lex_phase_2,OPTIMAL,FEASIBLE_POINT,980.5434687271031,980.5434687271031,0,76446,76446,117319,217214,2388,0,2388,11940,2388,256,0,0,NaN,0,NaN,0.0,1.0000000000004547,
1,18,MULTISTAGE_RH,LEXMMFPEA,shared_battery_mode_node_level_v1,SI-Drahi_10-d1-HET-ULO-BLO-d3d04947f5,TK-PB-Drahi_10-d1-HET-ULO-d8d80a9180-r1,SS-c81930d9c8ba,17,3,lex_phase_3,OPTIMAL,FEASIBLE_POINT,1470.8152030906547,1470.8152030906547,0,76446,76446,117320,217220,2388,0,2388,11940,2388,256,0,0,NaN,0,NaN,0.0,1.0000000000004547,
1,18,MULTISTAGE_RH,LEXMMFPEA,shared_battery_mode_node_level_v1,SI-Drahi_10-d1-HET-ULO-BLO-d3d04947f5,TK-PB-Drahi_10-d1-HET-ULO-d8d80a9180-r1,SS-c81930d9c8ba,17,4,lex_phase_4,OPTIMAL,FEASIBLE_POINT,1961.0869374542062,1961.0869374542062,0,76446,76446,117321,217226,2388,0,2388,11940,2388,256,0,0,NaN,0,NaN,0.0,1.0000000000004547,
1,18,MULTISTAGE_RH,LEXMMFPEA,shared_battery_mode_node_level_v1,SI-Drahi_10-d1-HET-ULO-BLO-d3d04947f5,TK-PB-Drahi_10-d1-HET-ULO-d8d80a9180-r1,SS-c81930d9c8ba,17,5,lex_phase_5,OPTIMAL,FEASIBLE_POINT,2451.3586718177585,2451.3586718177585,0,76446,76446,117322,217232,2388,0,2388,11940,2388,256,0,0,NaN,0,NaN,0.0,1.0000000000004547,
1,18,MULTISTAGE_RH,LEXMMFPEA,shared_battery_mode_node_level_v1,SI-Drahi_10-d1-HET-ULO-BLO-d3d04947f5,TK-PB-Drahi_10-d1-HET-ULO-d8d80a9180-r1,SS-c81930d9c8ba,17,6,economic_tie_break,OPTIMAL,FEASIBLE_POINT,675730.8497949359,675730.8497949359,0,76446,76446,117323,217238,2388,0,2388,11940,2388,256,0,0,NaN,0,NaN,0.0,1.0000000000004547,
1,19,MULTISTAGE_RH,LEXMMFPEA,shared_battery_mode_node_level_v1,SI-Drahi_10-d1-HET-ULO-BLO-d3d04947f5,TK-PB-Drahi_10-d1-HET-ULO-d8d80a9180-r1,SS-c81930d9c8ba,17,1,lex_phase_1,OPTIMAL,FEASIBLE_POINT,490.27173436355145,490.27173436355145,0,76446,76446,117318,217208,2388,0,2388,11940,2388,256,0,0,NaN,0,NaN,0.0,1.0000000000004547,
1,19,MULTISTAGE_RH,LEXMMFPEA,shared_battery_mode_node_level_v1,SI-Drahi_10-d1-HET-ULO-BLO-d3d04947f5,TK-PB-Drahi_10-d1-HET-ULO-d8d80a9180-r1,SS-c81930d9c8ba,17,2,lex_phase_2,OPTIMAL,FEASIBLE_POINT,980.5434687271031,980.5434687271031,0,76446,76446,117319,217214,2388,0,2388,11940,2388,256,0,0,NaN,0,NaN,0.0,1.0000000000004547,
1,19,MULTISTAGE_RH,LEXMMFPEA,shared_battery_mode_node_level_v1,SI-Drahi_10-d1-HET-ULO-BLO-d3d04947f5,TK-PB-Drahi_10-d1-HET-ULO-d8d80a9180-r1,SS-c81930d9c8ba,17,3,lex_phase_3,OPTIMAL,FEASIBLE_POINT,1470.8152030906547,1470.8152030906547,0,76446,76446,117320,217220,2388,0,2388,11940,2388,256,0,0,NaN,0,NaN,0.0,1.0000000000004547,
1,19,MULTISTAGE_RH,LEXMMFPEA,shared_battery_mode_node_level_v1,SI-Drahi_10-d1-HET-ULO-BLO-d3d04947f5,TK-PB-Drahi_10-d1-HET-ULO-d8d80a9180-r1,SS-c81930d9c8ba,17,4,lex_phase_4,OPTIMAL,FEASIBLE_POINT,1961.0869374542062,1961.0869374542062,0,76446,76446,117321,217226,2388,0,2388,11940,2388,256,0,0,NaN,0,NaN,0.0,1.0000000000004547,
1,19,MULTISTAGE_RH,LEXMMFPEA,shared_battery_mode_node_level_v1,SI-Drahi_10-d1-HET-ULO-BLO-d3d04947f5,TK-PB-Drahi_10-d1-HET-ULO-d8d80a9180-r1,SS-c81930d9c8ba,17,5,lex_phase_5,OPTIMAL,FEASIBLE_POINT,2451.3586718177585,2451.3586718177585,0,76446,76446,117322,217232,2388,0,2388,11940,2388,256,0,0,NaN,0,NaN,0.0,1.0000000000004547,
1,19,MULTISTAGE_RH,LEXMMFPEA,shared_battery_mode_node_level_v1,SI-Drahi_10-d1-HET-ULO-BLO-d3d04947f5,TK-PB-Drahi_10-d1-HET-ULO-d8d80a9180-r1,SS-c81930d9c8ba,17,6,economic_tie_break,OPTIMAL,FEASIBLE_POINT,675730.8497949359,675730.8497949359,0,76446,76446,117323,217238,2388,0,2388,11940,2388,256,0,0,NaN,0,NaN,0.0,1.0000000000004547,
1,20,MULTISTAGE_RH,LEXMMFPEA,shared_battery_mode_node_level_v1,SI-Drahi_10-d1-HET-ULO-BLO-d3d04947f5,TK-PB-Drahi_10-d1-HET-ULO-d8d80a9180-r1,SS-c81930d9c8ba,17,1,lex_phase_1,OPTIMAL,FEASIBLE_POINT,490.27173436355145,490.27173436355145,0,76446,76446,117318,217208,2388,0,2388,11940,2388,256,0,0,NaN,0,NaN,0.0,1.0000000000004547,
1,20,MULTISTAGE_RH,LEXMMFPEA,shared_battery_mode_node_level_v1,SI-Drahi_10-d1-HET-ULO-BLO-d3d04947f5,TK-PB-Drahi_10-d1-HET-ULO-d8d80a9180-r1,SS-c81930d9c8ba,17,2,lex_phase_2,OPTIMAL,FEASIBLE_POINT,980.5434687271031,980.5434687271031,0,76446,76446,117319,217214,2388,0,2388,11940,2388,256,0,0,NaN,0,NaN,0.0,1.0000000000004547,
1,20,MULTISTAGE_RH,LEXMMFPEA,shared_battery_mode_node_level_v1,SI-Drahi_10-d1-HET-ULO-BLO-d3d04947f5,TK-PB-Drahi_10-d1-HET-ULO-d8d80a9180-r1,SS-c81930d9c8ba,17,3,lex_phase_3,OPTIMAL,FEASIBLE_POINT,1470.8152030906547,1470.8152030906547,0,76446,76446,117320,217220,2388,0,2388,11940,2388,256,0,0,NaN,0,NaN,0.0,1.0000000000004547,
1,20,MULTISTAGE_RH,LEXMMFPEA,shared_battery_mode_node_level_v1,SI-Drahi_10-d1-HET-ULO-BLO-d3d04947f5,TK-PB-Drahi_10-d1-HET-ULO-d8d80a9180-r1,SS-c81930d9c8ba,17,4,lex_phase_4,OPTIMAL,FEASIBLE_POINT,1961.0869374542062,1961.0869374542062,0,76446,76446,117321,217226,2388,0,2388,11940,2388,256,0,0,NaN,0,NaN,0.0,1.0000000000004547,
1,20,MULTISTAGE_RH,LEXMMFPEA,shared_battery_mode_node_level_v1,SI-Drahi_10-d1-HET-ULO-BLO-d3d04947f5,TK-PB-Drahi_10-d1-HET-ULO-d8d80a9180-r1,SS-c81930d9c8ba,17,5,lex_phase_5,OPTIMAL,FEASIBLE_POINT,2451.3586718177585,2451.3586718177585,0,76446,76446,117322,217232,2388,0,2388,11940,2388,256,0,0,NaN,0,NaN,0.0,1.0000000000004547,
1,20,MULTISTAGE_RH,LEXMMFPEA,shared_battery_mode_node_level_v1,SI-Drahi_10-d1-HET-ULO-BLO-d3d04947f5,TK-PB-Drahi_10-d1-HET-ULO-d8d80a9180-r1,SS-c81930d9c8ba,17,6,economic_tie_break,OPTIMAL,FEASIBLE_POINT,675730.8497949359,675730.8497949359,0,76446,76446,117323,217238,2388,0,2388,11940,2388,256,0,0,NaN,0,NaN,0.0,1.0000000000004547,
1,21,MULTISTAGE_RH,LEXMMFPEA,shared_battery_mode_node_level_v1,SI-Drahi_10-d1-HET-ULO-BLO-d3d04947f5,TK-PB-Drahi_10-d1-HET-ULO-d8d80a9180-r1,SS-3cf9bda45ea4,21,1,lex_phase_1,OPTIMAL,FEASIBLE_POINT,502.5996664439157,502.5996664439157,0,76446,76446,117318,216233,2388,0,2388,11940,2388,256,0,0,NaN,0,NaN,0.42174515235456944,1.0000000000006821,
1,21,MULTISTAGE_RH,LEXMMFPEA,shared_battery_mode_node_level_v1,SI-Drahi_10-d1-HET-ULO-BLO-d3d04947f5,TK-PB-Drahi_10-d1-HET-ULO-d8d80a9180-r1,SS-3cf9bda45ea4,21,2,lex_phase_2,OPTIMAL,FEASIBLE_POINT,1005.1993328878315,1005.1993328878315,0,76446,76446,117319,216239,2388,0,2388,11940,2388,256,0,0,NaN,0,NaN,0.42174515235456944,1.0000000000006821,
1,21,MULTISTAGE_RH,LEXMMFPEA,shared_battery_mode_node_level_v1,SI-Drahi_10-d1-HET-ULO-BLO-d3d04947f5,TK-PB-Drahi_10-d1-HET-ULO-d8d80a9180-r1,SS-3cf9bda45ea4,21,3,lex_phase_3,OPTIMAL,FEASIBLE_POINT,1507.7989993317472,1507.7989993317472,0,76446,76446,117320,216245,2388,0,2388,11940,2388,256,0,0,NaN,0,NaN,0.42174515235456944,1.0000000000006821,
1,21,MULTISTAGE_RH,LEXMMFPEA,shared_battery_mode_node_level_v1,SI-Drahi_10-d1-HET-ULO-BLO-d3d04947f5,TK-PB-Drahi_10-d1-HET-ULO-d8d80a9180-r1,SS-3cf9bda45ea4,21,4,lex_phase_4,OPTIMAL,FEASIBLE_POINT,2010.398665775663,2010.398665775663,0,76446,76446,117321,216251,2388,0,2388,11940,2388,256,0,0,NaN,0,NaN,0.42174515235456944,1.0000000000006821,
1,21,MULTISTAGE_RH,LEXMMFPEA,shared_battery_mode_node_level_v1,SI-Drahi_10-d1-HET-ULO-BLO-d3d04947f5,TK-PB-Drahi_10-d1-HET-ULO-d8d80a9180-r1,SS-3cf9bda45ea4,21,5,lex_phase_5,OPTIMAL,FEASIBLE_POINT,2512.9983322195776,2512.9983322195776,0,76446,76446,117322,216257,2388,0,2388,11940,2388,256,0,0,NaN,0,NaN,0.42174515235456944,1.0000000000006821,
1,21,MULTISTAGE_RH,LEXMMFPEA,shared_battery_mode_node_level_v1,SI-Drahi_10-d1-HET-ULO-BLO-d3d04947f5,TK-PB-Drahi_10-d1-HET-ULO-d8d80a9180-r1,SS-3cf9bda45ea4,21,6,economic_tie_break,OPTIMAL,FEASIBLE_POINT,665999.7315355184,665999.7315355184,0,76446,76446,117323,216263,2388,0,2388,11940,2388,256,0,0,NaN,0,NaN,0.42174515235456944,1.0000000000006821,
1,22,MULTISTAGE_RH,LEXMMFPEA,shared_battery_mode_node_level_v1,SI-Drahi_10-d1-HET-ULO-BLO-d3d04947f5,TK-PB-Drahi_10-d1-HET-ULO-d8d80a9180-r1,SS-3cf9bda45ea4,21,1,lex_phase_1,OPTIMAL,FEASIBLE_POINT,502.5996664439157,502.5996664439157,0,76446,76446,117318,216233,2388,0,2388,11940,2388,256,0,0,NaN,0,NaN,0.0,1.0000000000006821,
1,22,MULTISTAGE_RH,LEXMMFPEA,shared_battery_mode_node_level_v1,SI-Drahi_10-d1-HET-ULO-BLO-d3d04947f5,TK-PB-Drahi_10-d1-HET-ULO-d8d80a9180-r1,SS-3cf9bda45ea4,21,2,lex_phase_2,OPTIMAL,FEASIBLE_POINT,1005.1993328878315,1005.1993328878315,0,76446,76446,117319,216239,2388,0,2388,11940,2388,256,0,0,NaN,0,NaN,0.0,1.0000000000006821,
1,22,MULTISTAGE_RH,LEXMMFPEA,shared_battery_mode_node_level_v1,SI-Drahi_10-d1-HET-ULO-BLO-d3d04947f5,TK-PB-Drahi_10-d1-HET-ULO-d8d80a9180-r1,SS-3cf9bda45ea4,21,3,lex_phase_3,OPTIMAL,FEASIBLE_POINT,1507.7989993317472,1507.7989993317472,0,76446,76446,117320,216245,2388,0,2388,11940,2388,256,0,0,NaN,0,NaN,0.0,1.0000000000006821,
1,22,MULTISTAGE_RH,LEXMMFPEA,shared_battery_mode_node_level_v1,SI-Drahi_10-d1-HET-ULO-BLO-d3d04947f5,TK-PB-Drahi_10-d1-HET-ULO-d8d80a9180-r1,SS-3cf9bda45ea4,21,4,lex_phase_4,OPTIMAL,FEASIBLE_POINT,2010.398665775663,2010.398665775663,0,76446,76446,117321,216251,2388,0,2388,11940,2388,256,0,0,NaN,0,NaN,0.0,1.0000000000006821,
1,22,MULTISTAGE_RH,LEXMMFPEA,shared_battery_mode_node_level_v1,SI-Drahi_10-d1-HET-ULO-BLO-d3d04947f5,TK-PB-Drahi_10-d1-HET-ULO-d8d80a9180-r1,SS-3cf9bda45ea4,21,5,lex_phase_5,OPTIMAL,FEASIBLE_POINT,2512.9983322195776,2512.9983322195776,0,76446,76446,117322,216257,2388,0,2388,11940,2388,256,0,0,NaN,0,NaN,0.0,1.0000000000006821,
1,22,MULTISTAGE_RH,LEXMMFPEA,shared_battery_mode_node_level_v1,SI-Drahi_10-d1-HET-ULO-BLO-d3d04947f5,TK-PB-Drahi_10-d1-HET-ULO-d8d80a9180-r1,SS-3cf9bda45ea4,21,6,economic_tie_break,OPTIMAL,FEASIBLE_POINT,665999.7315355184,665999.7315355184,0,76446,76446,117323,216263,2388,0,2388,11940,2388,256,0,0,NaN,0,NaN,0.0,1.0000000000006821,
1,23,MULTISTAGE_RH,LEXMMFPEA,shared_battery_mode_node_level_v1,SI-Drahi_10-d1-HET-ULO-BLO-d3d04947f5,TK-PB-Drahi_10-d1-HET-ULO-d8d80a9180-r1,SS-3cf9bda45ea4,21,1,lex_phase_1,OPTIMAL,FEASIBLE_POINT,502.5996664439157,502.5996664439157,0,76446,76446,117318,216233,2388,0,2388,11940,2388,256,0,0,NaN,0,NaN,0.0,1.0000000000006821,
1,23,MULTISTAGE_RH,LEXMMFPEA,shared_battery_mode_node_level_v1,SI-Drahi_10-d1-HET-ULO-BLO-d3d04947f5,TK-PB-Drahi_10-d1-HET-ULO-d8d80a9180-r1,SS-3cf9bda45ea4,21,2,lex_phase_2,OPTIMAL,FEASIBLE_POINT,1005.1993328878315,1005.1993328878315,0,76446,76446,117319,216239,2388,0,2388,11940,2388,256,0,0,NaN,0,NaN,0.0,1.0000000000006821,
1,23,MULTISTAGE_RH,LEXMMFPEA,shared_battery_mode_node_level_v1,SI-Drahi_10-d1-HET-ULO-BLO-d3d04947f5,TK-PB-Drahi_10-d1-HET-ULO-d8d80a9180-r1,SS-3cf9bda45ea4,21,3,lex_phase_3,OPTIMAL,FEASIBLE_POINT,1507.7989993317472,1507.7989993317472,0,76446,76446,117320,216245,2388,0,2388,11940,2388,256,0,0,NaN,0,NaN,0.0,1.0000000000006821,
1,23,MULTISTAGE_RH,LEXMMFPEA,shared_battery_mode_node_level_v1,SI-Drahi_10-d1-HET-ULO-BLO-d3d04947f5,TK-PB-Drahi_10-d1-HET-ULO-d8d80a9180-r1,SS-3cf9bda45ea4,21,4,lex_phase_4,OPTIMAL,FEASIBLE_POINT,2010.398665775663,2010.398665775663,0,76446,76446,117321,216251,2388,0,2388,11940,2388,256,0,0,NaN,0,NaN,0.0,1.0000000000006821,
1,23,MULTISTAGE_RH,LEXMMFPEA,shared_battery_mode_node_level_v1,SI-Drahi_10-d1-HET-ULO-BLO-d3d04947f5,TK-PB-Drahi_10-d1-HET-ULO-d8d80a9180-r1,SS-3cf9bda45ea4,21,5,lex_phase_5,OPTIMAL,FEASIBLE_POINT,2512.9983322195776,2512.9983322195776,0,76446,76446,117322,216257,2388,0,2388,11940,2388,256,0,0,NaN,0,NaN,0.0,1.0000000000006821,
1,23,MULTISTAGE_RH,LEXMMFPEA,shared_battery_mode_node_level_v1,SI-Drahi_10-d1-HET-ULO-BLO-d3d04947f5,TK-PB-Drahi_10-d1-HET-ULO-d8d80a9180-r1,SS-3cf9bda45ea4,21,6,economic_tie_break,OPTIMAL,FEASIBLE_POINT,665999.7315355184,665999.7315355184,0,76446,76446,117323,216263,2388,0,2388,11940,2388,256,0,0,NaN,0,NaN,0.0,1.0000000000006821,
1,24,MULTISTAGE_RH,LEXMMFPEA,shared_battery_mode_node_level_v1,SI-Drahi_10-d1-HET-ULO-BLO-d3d04947f5,TK-PB-Drahi_10-d1-HET-ULO-d8d80a9180-r1,SS-3cf9bda45ea4,21,1,lex_phase_1,OPTIMAL,FEASIBLE_POINT,502.5996664439157,502.5996664439157,0,76446,76446,117318,216233,2388,0,2388,11940,2388,256,0,0,NaN,0,NaN,7.216449660063518e-16,1.0000000000006821,
1,24,MULTISTAGE_RH,LEXMMFPEA,shared_battery_mode_node_level_v1,SI-Drahi_10-d1-HET-ULO-BLO-d3d04947f5,TK-PB-Drahi_10-d1-HET-ULO-d8d80a9180-r1,SS-3cf9bda45ea4,21,2,lex_phase_2,OPTIMAL,FEASIBLE_POINT,1005.1993328878315,1005.1993328878315,0,76446,76446,117319,216239,2388,0,2388,11940,2388,256,0,0,NaN,0,NaN,7.216449660063518e-16,1.0000000000006821,
1,24,MULTISTAGE_RH,LEXMMFPEA,shared_battery_mode_node_level_v1,SI-Drahi_10-d1-HET-ULO-BLO-d3d04947f5,TK-PB-Drahi_10-d1-HET-ULO-d8d80a9180-r1,SS-3cf9bda45ea4,21,3,lex_phase_3,OPTIMAL,FEASIBLE_POINT,1507.7989993317472,1507.7989993317472,0,76446,76446,117320,216245,2388,0,2388,11940,2388,256,0,0,NaN,0,NaN,7.216449660063518e-16,1.0000000000006821,
1,24,MULTISTAGE_RH,LEXMMFPEA,shared_battery_mode_node_level_v1,SI-Drahi_10-d1-HET-ULO-BLO-d3d04947f5,TK-PB-Drahi_10-d1-HET-ULO-d8d80a9180-r1,SS-3cf9bda45ea4,21,4,lex_phase_4,OPTIMAL,FEASIBLE_POINT,2010.398665775663,2010.398665775663,0,76446,76446,117321,216251,2388,0,2388,11940,2388,256,0,0,NaN,0,NaN,7.216449660063518e-16,1.0000000000006821,
1,24,MULTISTAGE_RH,LEXMMFPEA,shared_battery_mode_node_level_v1,SI-Drahi_10-d1-HET-ULO-BLO-d3d04947f5,TK-PB-Drahi_10-d1-HET-ULO-d8d80a9180-r1,SS-3cf9bda45ea4,21,5,lex_phase_5,OPTIMAL,FEASIBLE_POINT,2512.9983322195776,2512.9983322195776,0,76446,76446,117322,216257,2388,0,2388,11940,2388,256,0,0,NaN,0,NaN,7.216449660063518e-16,1.0000000000006821,
1,24,MULTISTAGE_RH,LEXMMFPEA,shared_battery_mode_node_level_v1,SI-Drahi_10-d1-HET-ULO-BLO-d3d04947f5,TK-PB-Drahi_10-d1-HET-ULO-d8d80a9180-r1,SS-3cf9bda45ea4,21,6,economic_tie_break,OPTIMAL,FEASIBLE_POINT,665999.7315355184,665999.7315355184,0,76446,76446,117323,216263,2388,0,2388,11940,2388,256,0,0,NaN,0,NaN,7.216449660063518e-16,1.0000000000006821,
1,1,MULTISTAGE_RH,LEXMMFSA,shared_battery_mode_node_level_v1,SI-Drahi_10-d1-HET-ULO-BLO-d3d04947f5,TK-PB-Drahi_10-d1-HET-ULO-d8d80a9180-r1,SS-5d5bbea46d20,1,1,lex_phase_1,OPTIMAL,FEASIBLE_POINT,18982.3108069797,18982.3108069797,0,76446,76446,117318,330593,2388,0,2388,11940,2388,256,0,0,NaN,0,NaN,0.0,1.0000000008876668,
1,1,MULTISTAGE_RH,LEXMMFSA,shared_battery_mode_node_level_v1,SI-Drahi_10-d1-HET-ULO-BLO-d3d04947f5,TK-PB-Drahi_10-d1-HET-ULO-d8d80a9180-r1,SS-5d5bbea46d20,1,2,lex_phase_2,OPTIMAL,FEASIBLE_POINT,37964.621613959,37964.621613959,0,76446,76446,117319,330599,2388,0,2388,11940,2388,256,0,0,NaN,0,NaN,0.0,1.0000000008876668,
1,1,MULTISTAGE_RH,LEXMMFSA,shared_battery_mode_node_level_v1,SI-Drahi_10-d1-HET-ULO-BLO-d3d04947f5,TK-PB-Drahi_10-d1-HET-ULO-d8d80a9180-r1,SS-5d5bbea46d20,1,3,lex_phase_3,OPTIMAL,FEASIBLE_POINT,56946.93242093851,56946.93242093851,0,76446,76446,117320,330605,2388,0,2388,11940,2388,256,0,0,NaN,0,NaN,0.0,1.0000000008876668,
1,1,MULTISTAGE_RH,LEXMMFSA,shared_battery_mode_node_level_v1,SI-Drahi_10-d1-HET-ULO-BLO-d3d04947f5,TK-PB-Drahi_10-d1-HET-ULO-d8d80a9180-r1,SS-5d5bbea46d20,1,4,lex_phase_4,OPTIMAL,FEASIBLE_POINT,75929.243227918,75929.243227918,0,76446,76446,117321,330611,2388,0,2388,11940,2388,256,0,0,NaN,0,NaN,0.0,1.0000000008876668,
1,1,MULTISTAGE_RH,LEXMMFSA,shared_battery_mode_node_level_v1,SI-Drahi_10-d1-HET-ULO-BLO-d3d04947f5,TK-PB-Drahi_10-d1-HET-ULO-d8d80a9180-r1,SS-5d5bbea46d20,1,5,lex_phase_5,OPTIMAL,FEASIBLE_POINT,94929.7150348941,94929.7150348941,0,76446,76446,117322,330617,2388,0,2388,11940,2388,256,0,0,NaN,0,NaN,0.0,1.0000000008876668,
1,1,MULTISTAGE_RH,LEXMMFSA,shared_battery_mode_node_level_v1,SI-Drahi_10-d1-HET-ULO-BLO-d3d04947f5,TK-PB-Drahi_10-d1-HET-ULO-d8d80a9180-r1,SS-5d5bbea46d20,1,6,economic_tie_break,OPTIMAL,FEASIBLE_POINT,694496.2675521552,694496.2675521552,0,76446,76446,117323,330623,2388,0,2388,11940,2388,256,0,0,NaN,0,NaN,0.0,1.0000000008876668,
1,2,MULTISTAGE_RH,LEXMMFSA,shared_battery_mode_node_level_v1,SI-Drahi_10-d1-HET-ULO-BLO-d3d04947f5,TK-PB-Drahi_10-d1-HET-ULO-d8d80a9180-r1,SS-5d5bbea46d20,1,1,lex_phase_1,OPTIMAL,FEASIBLE_POINT,18982.3108069797,18982.3108069797,0,76446,76446,117318,330593,2388,0,2388,11940,2388,256,0,0,NaN,0,NaN,0.0,1.0000000008876668,
1,2,MULTISTAGE_RH,LEXMMFSA,shared_battery_mode_node_level_v1,SI-Drahi_10-d1-HET-ULO-BLO-d3d04947f5,TK-PB-Drahi_10-d1-HET-ULO-d8d80a9180-r1,SS-5d5bbea46d20,1,2,lex_phase_2,OPTIMAL,FEASIBLE_POINT,37964.621613959,37964.621613959,0,76446,76446,117319,330599,2388,0,2388,11940,2388,256,0,0,NaN,0,NaN,0.0,1.0000000008876668,
1,2,MULTISTAGE_RH,LEXMMFSA,shared_battery_mode_node_level_v1,SI-Drahi_10-d1-HET-ULO-BLO-d3d04947f5,TK-PB-Drahi_10-d1-HET-ULO-d8d80a9180-r1,SS-5d5bbea46d20,1,3,lex_phase_3,OPTIMAL,FEASIBLE_POINT,56946.93242093851,56946.93242093851,0,76446,76446,117320,330605,2388,0,2388,11940,2388,256,0,0,NaN,0,NaN,0.0,1.0000000008876668,
1,2,MULTISTAGE_RH,LEXMMFSA,shared_battery_mode_node_level_v1,SI-Drahi_10-d1-HET-ULO-BLO-d3d04947f5,TK-PB-Drahi_10-d1-HET-ULO-d8d80a9180-r1,SS-5d5bbea46d20,1,4,lex_phase_4,OPTIMAL,FEASIBLE_POINT,75929.243227918,75929.243227918,0,76446,76446,117321,330611,2388,0,2388,11940,2388,256,0,0,NaN,0,NaN,0.0,1.0000000008876668,
1,2,MULTISTAGE_RH,LEXMMFSA,shared_battery_mode_node_level_v1,SI-Drahi_10-d1-HET-ULO-BLO-d3d04947f5,TK-PB-Drahi_10-d1-HET-ULO-d8d80a9180-r1,SS-5d5bbea46d20,1,5,lex_phase_5,OPTIMAL,FEASIBLE_POINT,94929.7150348941,94929.7150348941,0,76446,76446,117322,330617,2388,0,2388,11940,2388,256,0,0,NaN,0,NaN,0.0,1.0000000008876668,
1,2,MULTISTAGE_RH,LEXMMFSA,shared_battery_mode_node_level_v1,SI-Drahi_10-d1-HET-ULO-BLO-d3d04947f5,TK-PB-Drahi_10-d1-HET-ULO-d8d80a9180-r1,SS-5d5bbea46d20,1,6,economic_tie_break,OPTIMAL,FEASIBLE_POINT,694496.2675521552,694496.2675521552,0,76446,76446,117323,330623,2388,0,2388,11940,2388,256,0,0,NaN,0,NaN,0.0,1.0000000008876668,
1,3,MULTISTAGE_RH,LEXMMFSA,shared_battery_mode_node_level_v1,SI-Drahi_10-d1-HET-ULO-BLO-d3d04947f5,TK-PB-Drahi_10-d1-HET-ULO-d8d80a9180-r1,SS-5d5bbea46d20,1,1,lex_phase_1,OPTIMAL,FEASIBLE_POINT,18982.3108069797,18982.3108069797,0,76446,76446,117318,330593,2388,0,2388,11940,2388,256,0,0,NaN,0,NaN,0.0,1.0000000008876668,
1,3,MULTISTAGE_RH,LEXMMFSA,shared_battery_mode_node_level_v1,SI-Drahi_10-d1-HET-ULO-BLO-d3d04947f5,TK-PB-Drahi_10-d1-HET-ULO-d8d80a9180-r1,SS-5d5bbea46d20,1,2,lex_phase_2,OPTIMAL,FEASIBLE_POINT,37964.621613959,37964.621613959,0,76446,76446,117319,330599,2388,0,2388,11940,2388,256,0,0,NaN,0,NaN,0.0,1.0000000008876668,
1,3,MULTISTAGE_RH,LEXMMFSA,shared_battery_mode_node_level_v1,SI-Drahi_10-d1-HET-ULO-BLO-d3d04947f5,TK-PB-Drahi_10-d1-HET-ULO-d8d80a9180-r1,SS-5d5bbea46d20,1,3,lex_phase_3,OPTIMAL,FEASIBLE_POINT,56946.93242093851,56946.93242093851,0,76446,76446,117320,330605,2388,0,2388,11940,2388,256,0,0,NaN,0,NaN,0.0,1.0000000008876668,
1,3,MULTISTAGE_RH,LEXMMFSA,shared_battery_mode_node_level_v1,SI-Drahi_10-d1-HET-ULO-BLO-d3d04947f5,TK-PB-Drahi_10-d1-HET-ULO-d8d80a9180-r1,SS-5d5bbea46d20,1,4,lex_phase_4,OPTIMAL,FEASIBLE_POINT,75929.243227918,75929.243227918,0,76446,76446,117321,330611,2388,0,2388,11940,2388,256,0,0,NaN,0,NaN,0.0,1.0000000008876668,
1,3,MULTISTAGE_RH,LEXMMFSA,shared_battery_mode_node_level_v1,SI-Drahi_10-d1-HET-ULO-BLO-d3d04947f5,TK-PB-Drahi_10-d1-HET-ULO-d8d80a9180-r1,SS-5d5bbea46d20,1,5,lex_phase_5,OPTIMAL,FEASIBLE_POINT,94929.7150348941,94929.7150348941,0,76446,76446,117322,330617,2388,0,2388,11940,2388,256,0,0,NaN,0,NaN,0.0,1.0000000008876668,
1,3,MULTISTAGE_RH,LEXMMFSA,shared_battery_mode_node_level_v1,SI-Drahi_10-d1-HET-ULO-BLO-d3d04947f5,TK-PB-Drahi_10-d1-HET-ULO-d8d80a9180-r1,SS-5d5bbea46d20,1,6,economic_tie_break,OPTIMAL,FEASIBLE_POINT,694496.2675521552,694496.2675521552,0,76446,76446,117323,330623,2388,0,2388,11940,2388,256,0,0,NaN,0,NaN,0.0,1.0000000008876668,
1,4,MULTISTAGE_RH,LEXMMFSA,shared_battery_mode_node_level_v1,SI-Drahi_10-d1-HET-ULO-BLO-d3d04947f5,TK-PB-Drahi_10-d1-HET-ULO-d8d80a9180-r1,SS-5d5bbea46d20,1,1,lex_phase_1,OPTIMAL,FEASIBLE_POINT,18982.3108069797,18982.3108069797,0,76446,76446,117318,330593,2388,0,2388,11940,2388,256,0,0,NaN,0,NaN,0.0,1.0000000008876668,
1,4,MULTISTAGE_RH,LEXMMFSA,shared_battery_mode_node_level_v1,SI-Drahi_10-d1-HET-ULO-BLO-d3d04947f5,TK-PB-Drahi_10-d1-HET-ULO-d8d80a9180-r1,SS-5d5bbea46d20,1,2,lex_phase_2,OPTIMAL,FEASIBLE_POINT,37964.621613959,37964.621613959,0,76446,76446,117319,330599,2388,0,2388,11940,2388,256,0,0,NaN,0,NaN,0.0,1.0000000008876668,
1,4,MULTISTAGE_RH,LEXMMFSA,shared_battery_mode_node_level_v1,SI-Drahi_10-d1-HET-ULO-BLO-d3d04947f5,TK-PB-Drahi_10-d1-HET-ULO-d8d80a9180-r1,SS-5d5bbea46d20,1,3,lex_phase_3,OPTIMAL,FEASIBLE_POINT,56946.93242093851,56946.93242093851,0,76446,76446,117320,330605,2388,0,2388,11940,2388,256,0,0,NaN,0,NaN,0.0,1.0000000008876668,
1,4,MULTISTAGE_RH,LEXMMFSA,shared_battery_mode_node_level_v1,SI-Drahi_10-d1-HET-ULO-BLO-d3d04947f5,TK-PB-Drahi_10-d1-HET-ULO-d8d80a9180-r1,SS-5d5bbea46d20,1,4,lex_phase_4,OPTIMAL,FEASIBLE_POINT,75929.243227918,75929.243227918,0,76446,76446,117321,330611,2388,0,2388,11940,2388,256,0,0,NaN,0,NaN,0.0,1.0000000008876668,
1,4,MULTISTAGE_RH,LEXMMFSA,shared_battery_mode_node_level_v1,SI-Drahi_10-d1-HET-ULO-BLO-d3d04947f5,TK-PB-Drahi_10-d1-HET-ULO-d8d80a9180-r1,SS-5d5bbea46d20,1,5,lex_phase_5,OPTIMAL,FEASIBLE_POINT,94929.7150348941,94929.7150348941,0,76446,76446,117322,330617,2388,0,2388,11940,2388,256,0,0,NaN,0,NaN,0.0,1.0000000008876668,
1,4,MULTISTAGE_RH,LEXMMFSA,shared_battery_mode_node_level_v1,SI-Drahi_10-d1-HET-ULO-BLO-d3d04947f5,TK-PB-Drahi_10-d1-HET-ULO-d8d80a9180-r1,SS-5d5bbea46d20,1,6,economic_tie_break,OPTIMAL,FEASIBLE_POINT,694496.2675521552,694496.2675521552,0,76446,76446,117323,330623,2388,0,2388,11940,2388,256,0,0,NaN,0,NaN,0.0,1.0000000008876668,
1,5,MULTISTAGE_RH,LEXMMFSA,shared_battery_mode_node_level_v1,SI-Drahi_10-d1-HET-ULO-BLO-d3d04947f5,TK-PB-Drahi_10-d1-HET-ULO-d8d80a9180-r1,SS-102adc95e052,5,1,lex_phase_1,OPTIMAL,FEASIBLE_POINT,17950.033990658114,17950.033990658114,0,76446,76446,117318,326453,2388,0,2388,11940,2388,256,0,0,NaN,0,NaN,0.0,1.0000000000582077,
1,5,MULTISTAGE_RH,LEXMMFSA,shared_battery_mode_node_level_v1,SI-Drahi_10-d1-HET-ULO-BLO-d3d04947f5,TK-PB-Drahi_10-d1-HET-ULO-d8d80a9180-r1,SS-102adc95e052,5,2,lex_phase_2,OPTIMAL,FEASIBLE_POINT,35900.067981314554,35900.067981314554,0,76446,76446,117319,326459,2388,0,2388,11940,2388,256,0,0,NaN,0,NaN,0.0,1.0000000000582077,
1,5,MULTISTAGE_RH,LEXMMFSA,shared_battery_mode_node_level_v1,SI-Drahi_10-d1-HET-ULO-BLO-d3d04947f5,TK-PB-Drahi_10-d1-HET-ULO-d8d80a9180-r1,SS-102adc95e052,5,3,lex_phase_3,OPTIMAL,FEASIBLE_POINT,53855.48897196851,53855.48897196851,0,76446,76446,117320,326465,2388,0,2388,11940,2388,256,0,0,NaN,0,NaN,0.0,1.0000000000582077,
1,5,MULTISTAGE_RH,LEXMMFSA,shared_battery_mode_node_level_v1,SI-Drahi_10-d1-HET-ULO-BLO-d3d04947f5,TK-PB-Drahi_10-d1-HET-ULO-d8d80a9180-r1,SS-102adc95e052,5,4,lex_phase_4,OPTIMAL,FEASIBLE_POINT,71811.90996262508,71811.90996262508,0,76446,76446,117321,326471,2388,0,2388,11940,2388,256,0,0,NaN,0,NaN,0.0,1.0000000000582077,
1,5,MULTISTAGE_RH,LEXMMFSA,shared_battery_mode_node_level_v1,SI-Drahi_10-d1-HET-ULO-BLO-d3d04947f5,TK-PB-Drahi_10-d1-HET-ULO-d8d80a9180-r1,SS-102adc95e052,5,5,lex_phase_5,OPTIMAL,FEASIBLE_POINT,89768.33095328363,89768.33095328363,0,76446,76446,117322,326477,2388,0,2388,11940,2388,256,0,0,NaN,0,NaN,0.0,1.0000000000582077,
1,5,MULTISTAGE_RH,LEXMMFSA,shared_battery_mode_node_level_v1,SI-Drahi_10-d1-HET-ULO-BLO-d3d04947f5,TK-PB-Drahi_10-d1-HET-ULO-d8d80a9180-r1,SS-102adc95e052,5,6,economic_tie_break,OPTIMAL,FEASIBLE_POINT,693227.5963721506,693227.5963721506,0,76446,76446,117323,326483,2388,0,2388,11940,2388,256,0,0,NaN,0,NaN,0.0,1.0000000000582077,
1,6,MULTISTAGE_RH,LEXMMFSA,shared_battery_mode_node_level_v1,SI-Drahi_10-d1-HET-ULO-BLO-d3d04947f5,TK-PB-Drahi_10-d1-HET-ULO-d8d80a9180-r1,SS-102adc95e052,5,1,lex_phase_1,OPTIMAL,FEASIBLE_POINT,17950.033990658114,17950.033990658114,0,76446,76446,117318,326453,2388,0,2388,11940,2388,256,0,0,NaN,0,NaN,0.0,1.0000000000582077,
1,6,MULTISTAGE_RH,LEXMMFSA,shared_battery_mode_node_level_v1,SI-Drahi_10-d1-HET-ULO-BLO-d3d04947f5,TK-PB-Drahi_10-d1-HET-ULO-d8d80a9180-r1,SS-102adc95e052,5,2,lex_phase_2,OPTIMAL,FEASIBLE_POINT,35900.067981314554,35900.067981314554,0,76446,76446,117319,326459,2388,0,2388,11940,2388,256,0,0,NaN,0,NaN,0.0,1.0000000000582077,
1,6,MULTISTAGE_RH,LEXMMFSA,shared_battery_mode_node_level_v1,SI-Drahi_10-d1-HET-ULO-BLO-d3d04947f5,TK-PB-Drahi_10-d1-HET-ULO-d8d80a9180-r1,SS-102adc95e052,5,3,lex_phase_3,OPTIMAL,FEASIBLE_POINT,53855.48897196851,53855.48897196851,0,76446,76446,117320,326465,2388,0,2388,11940,2388,256,0,0,NaN,0,NaN,0.0,1.0000000000582077,
1,6,MULTISTAGE_RH,LEXMMFSA,shared_battery_mode_node_level_v1,SI-Drahi_10-d1-HET-ULO-BLO-d3d04947f5,TK-PB-Drahi_10-d1-HET-ULO-d8d80a9180-r1,SS-102adc95e052,5,4,lex_phase_4,OPTIMAL,FEASIBLE_POINT,71811.90996262508,71811.90996262508,0,76446,76446,117321,326471,2388,0,2388,11940,2388,256,0,0,NaN,0,NaN,0.0,1.0000000000582077,
1,6,MULTISTAGE_RH,LEXMMFSA,shared_battery_mode_node_level_v1,SI-Drahi_10-d1-HET-ULO-BLO-d3d04947f5,TK-PB-Drahi_10-d1-HET-ULO-d8d80a9180-r1,SS-102adc95e052,5,5,lex_phase_5,OPTIMAL,FEASIBLE_POINT,89768.33095328363,89768.33095328363,0,76446,76446,117322,326477,2388,0,2388,11940,2388,256,0,0,NaN,0,NaN,0.0,1.0000000000582077,
1,6,MULTISTAGE_RH,LEXMMFSA,shared_battery_mode_node_level_v1,SI-Drahi_10-d1-HET-ULO-BLO-d3d04947f5,TK-PB-Drahi_10-d1-HET-ULO-d8d80a9180-r1,SS-102adc95e052,5,6,economic_tie_break,OPTIMAL,FEASIBLE_POINT,693227.5963721506,693227.5963721506,0,76446,76446,117323,326483,2388,0,2388,11940,2388,256,0,0,NaN,0,NaN,0.0,1.0000000000582077,
1,7,MULTISTAGE_RH,LEXMMFSA,shared_battery_mode_node_level_v1,SI-Drahi_10-d1-HET-ULO-BLO-d3d04947f5,TK-PB-Drahi_10-d1-HET-ULO-d8d80a9180-r1,SS-102adc95e052,5,1,lex_phase_1,OPTIMAL,FEASIBLE_POINT,17950.033990658114,17950.033990658114,0,76446,76446,117318,326453,2388,0,2388,11940,2388,256,0,0,NaN,0,NaN,0.0,1.0000000000582077,
1,7,MULTISTAGE_RH,LEXMMFSA,shared_battery_mode_node_level_v1,SI-Drahi_10-d1-HET-ULO-BLO-d3d04947f5,TK-PB-Drahi_10-d1-HET-ULO-d8d80a9180-r1,SS-102adc95e052,5,2,lex_phase_2,OPTIMAL,FEASIBLE_POINT,35900.067981314554,35900.067981314554,0,76446,76446,117319,326459,2388,0,2388,11940,2388,256,0,0,NaN,0,NaN,0.0,1.0000000000582077,
1,7,MULTISTAGE_RH,LEXMMFSA,shared_battery_mode_node_level_v1,SI-Drahi_10-d1-HET-ULO-BLO-d3d04947f5,TK-PB-Drahi_10-d1-HET-ULO-d8d80a9180-r1,SS-102adc95e052,5,3,lex_phase_3,OPTIMAL,FEASIBLE_POINT,53855.48897196851,53855.48897196851,0,76446,76446,117320,326465,2388,0,2388,11940,2388,256,0,0,NaN,0,NaN,0.0,1.0000000000582077,
1,7,MULTISTAGE_RH,LEXMMFSA,shared_battery_mode_node_level_v1,SI-Drahi_10-d1-HET-ULO-BLO-d3d04947f5,TK-PB-Drahi_10-d1-HET-ULO-d8d80a9180-r1,SS-102adc95e052,5,4,lex_phase_4,OPTIMAL,FEASIBLE_POINT,71811.90996262508,71811.90996262508,0,76446,76446,117321,326471,2388,0,2388,11940,2388,256,0,0,NaN,0,NaN,0.0,1.0000000000582077,
1,7,MULTISTAGE_RH,LEXMMFSA,shared_battery_mode_node_level_v1,SI-Drahi_10-d1-HET-ULO-BLO-d3d04947f5,TK-PB-Drahi_10-d1-HET-ULO-d8d80a9180-r1,SS-102adc95e052,5,5,lex_phase_5,OPTIMAL,FEASIBLE_POINT,89768.33095328363,89768.33095328363,0,76446,76446,117322,326477,2388,0,2388,11940,2388,256,0,0,NaN,0,NaN,0.0,1.0000000000582077,
1,7,MULTISTAGE_RH,LEXMMFSA,shared_battery_mode_node_level_v1,SI-Drahi_10-d1-HET-ULO-BLO-d3d04947f5,TK-PB-Drahi_10-d1-HET-ULO-d8d80a9180-r1,SS-102adc95e052,5,6,economic_tie_break,OPTIMAL,FEASIBLE_POINT,693227.5963721506,693227.5963721506,0,76446,76446,117323,326483,2388,0,2388,11940,2388,256,0,0,NaN,0,NaN,0.0,1.0000000000582077,
1,8,MULTISTAGE_RH,LEXMMFSA,shared_battery_mode_node_level_v1,SI-Drahi_10-d1-HET-ULO-BLO-d3d04947f5,TK-PB-Drahi_10-d1-HET-ULO-d8d80a9180-r1,SS-102adc95e052,5,1,lex_phase_1,OPTIMAL,FEASIBLE_POINT,17950.033990658114,17950.033990658114,0,76446,76446,117318,326453,2388,0,2388,11940,2388,256,0,0,NaN,0,NaN,0.30187499999999956,1.0000000000582077,
1,8,MULTISTAGE_RH,LEXMMFSA,shared_battery_mode_node_level_v1,SI-Drahi_10-d1-HET-ULO-BLO-d3d04947f5,TK-PB-Drahi_10-d1-HET-ULO-d8d80a9180-r1,SS-102adc95e052,5,2,lex_phase_2,OPTIMAL,FEASIBLE_POINT,35900.067981314554,35900.067981314554,0,76446,76446,117319,326459,2388,0,2388,11940,2388,256,0,0,NaN,0,NaN,0.30187499999999956,1.0000000000582077,
1,8,MULTISTAGE_RH,LEXMMFSA,shared_battery_mode_node_level_v1,SI-Drahi_10-d1-HET-ULO-BLO-d3d04947f5,TK-PB-Drahi_10-d1-HET-ULO-d8d80a9180-r1,SS-102adc95e052,5,3,lex_phase_3,OPTIMAL,FEASIBLE_POINT,53855.48897196851,53855.48897196851,0,76446,76446,117320,326465,2388,0,2388,11940,2388,256,0,0,NaN,0,NaN,0.30187499999999956,1.0000000000582077,
1,8,MULTISTAGE_RH,LEXMMFSA,shared_battery_mode_node_level_v1,SI-Drahi_10-d1-HET-ULO-BLO-d3d04947f5,TK-PB-Drahi_10-d1-HET-ULO-d8d80a9180-r1,SS-102adc95e052,5,4,lex_phase_4,OPTIMAL,FEASIBLE_POINT,71811.90996262508,71811.90996262508,0,76446,76446,117321,326471,2388,0,2388,11940,2388,256,0,0,NaN,0,NaN,0.30187499999999956,1.0000000000582077,
1,8,MULTISTAGE_RH,LEXMMFSA,shared_battery_mode_node_level_v1,SI-Drahi_10-d1-HET-ULO-BLO-d3d04947f5,TK-PB-Drahi_10-d1-HET-ULO-d8d80a9180-r1,SS-102adc95e052,5,5,lex_phase_5,OPTIMAL,FEASIBLE_POINT,89768.33095328363,89768.33095328363,0,76446,76446,117322,326477,2388,0,2388,11940,2388,256,0,0,NaN,0,NaN,0.30187499999999956,1.0000000000582077,
1,8,MULTISTAGE_RH,LEXMMFSA,shared_battery_mode_node_level_v1,SI-Drahi_10-d1-HET-ULO-BLO-d3d04947f5,TK-PB-Drahi_10-d1-HET-ULO-d8d80a9180-r1,SS-102adc95e052,5,6,economic_tie_break,OPTIMAL,FEASIBLE_POINT,693227.5963721506,693227.5963721506,0,76446,76446,117323,326483,2388,0,2388,11940,2388,256,0,0,NaN,0,NaN,0.30187499999999956,1.0000000000582077,
1,9,MULTISTAGE_RH,LEXMMFSA,shared_battery_mode_node_level_v1,SI-Drahi_10-d1-HET-ULO-BLO-d3d04947f5,TK-PB-Drahi_10-d1-HET-ULO-d8d80a9180-r1,SS-19da242d4543,9,1,lex_phase_1,OPTIMAL,FEASIBLE_POINT,21726.531533111192,21726.531533111192,0,76446,76446,117318,330533,2388,0,2388,11940,2388,256,0,0,NaN,0,NaN,0.0,1.0000000001382432,
1,9,MULTISTAGE_RH,LEXMMFSA,shared_battery_mode_node_level_v1,SI-Drahi_10-d1-HET-ULO-BLO-d3d04947f5,TK-PB-Drahi_10-d1-HET-ULO-d8d80a9180-r1,SS-19da242d4543,9,2,lex_phase_2,OPTIMAL,FEASIBLE_POINT,43453.063066220915,43453.063066220915,0,76446,76446,117319,330539,2388,0,2388,11940,2388,256,0,0,NaN,0,NaN,0.0,1.0000000001382432,
1,9,MULTISTAGE_RH,LEXMMFSA,shared_battery_mode_node_level_v1,SI-Drahi_10-d1-HET-ULO-BLO-d3d04947f5,TK-PB-Drahi_10-d1-HET-ULO-d8d80a9180-r1,SS-19da242d4543,9,3,lex_phase_3,OPTIMAL,FEASIBLE_POINT,65185.37706144672,65185.37706144672,0,76446,76446,117320,330545,2388,0,2388,11940,2388,256,0,0,NaN,0,NaN,0.0,1.0000000001382432,
1,9,MULTISTAGE_RH,LEXMMFSA,shared_battery_mode_node_level_v1,SI-Drahi_10-d1-HET-ULO-BLO-d3d04947f5,TK-PB-Drahi_10-d1-HET-ULO-d8d80a9180-r1,SS-19da242d4543,9,4,lex_phase_4,OPTIMAL,FEASIBLE_POINT,86918.69105667308,86918.69105667308,0,76446,76446,117321,330551,2388,0,2388,11940,2388,256,0,0,NaN,0,NaN,0.0,1.0000000001382432,
1,9,MULTISTAGE_RH,LEXMMFSA,shared_battery_mode_node_level_v1,SI-Drahi_10-d1-HET-ULO-BLO-d3d04947f5,TK-PB-Drahi_10-d1-HET-ULO-d8d80a9180-r1,SS-19da242d4543,9,5,lex_phase_5,OPTIMAL,FEASIBLE_POINT,108652.01295664132,108652.01295664132,0,76446,76446,117322,330557,2388,0,2388,11940,2388,256,0,0,NaN,0,NaN,0.0,1.0000000001382432,
1,9,MULTISTAGE_RH,LEXMMFSA,shared_battery_mode_node_level_v1,SI-Drahi_10-d1-HET-ULO-BLO-d3d04947f5,TK-PB-Drahi_10-d1-HET-ULO-d8d80a9180-r1,SS-19da242d4543,9,6,economic_tie_break,OPTIMAL,FEASIBLE_POINT,724614.3284471894,724614.3284471894,0,76446,76446,117323,330563,2388,0,2388,11940,2388,256,0,0,NaN,0,NaN,0.0,1.0000000001382432,
1,10,MULTISTAGE_RH,LEXMMFSA,shared_battery_mode_node_level_v1,SI-Drahi_10-d1-HET-ULO-BLO-d3d04947f5,TK-PB-Drahi_10-d1-HET-ULO-d8d80a9180-r1,SS-19da242d4543,9,1,lex_phase_1,OPTIMAL,FEASIBLE_POINT,21726.531533111192,21726.531533111192,0,76446,76446,117318,330533,2388,0,2388,11940,2388,256,0,0,NaN,0,NaN,0.0,1.0000000001382432,
1,10,MULTISTAGE_RH,LEXMMFSA,shared_battery_mode_node_level_v1,SI-Drahi_10-d1-HET-ULO-BLO-d3d04947f5,TK-PB-Drahi_10-d1-HET-ULO-d8d80a9180-r1,SS-19da242d4543,9,2,lex_phase_2,OPTIMAL,FEASIBLE_POINT,43453.063066220915,43453.063066220915,0,76446,76446,117319,330539,2388,0,2388,11940,2388,256,0,0,NaN,0,NaN,0.0,1.0000000001382432,
1,10,MULTISTAGE_RH,LEXMMFSA,shared_battery_mode_node_level_v1,SI-Drahi_10-d1-HET-ULO-BLO-d3d04947f5,TK-PB-Drahi_10-d1-HET-ULO-d8d80a9180-r1,SS-19da242d4543,9,3,lex_phase_3,OPTIMAL,FEASIBLE_POINT,65185.37706144672,65185.37706144672,0,76446,76446,117320,330545,2388,0,2388,11940,2388,256,0,0,NaN,0,NaN,0.0,1.0000000001382432,
1,10,MULTISTAGE_RH,LEXMMFSA,shared_battery_mode_node_level_v1,SI-Drahi_10-d1-HET-ULO-BLO-d3d04947f5,TK-PB-Drahi_10-d1-HET-ULO-d8d80a9180-r1,SS-19da242d4543,9,4,lex_phase_4,OPTIMAL,FEASIBLE_POINT,86918.69105667308,86918.69105667308,0,76446,76446,117321,330551,2388,0,2388,11940,2388,256,0,0,NaN,0,NaN,0.0,1.0000000001382432,
1,10,MULTISTAGE_RH,LEXMMFSA,shared_battery_mode_node_level_v1,SI-Drahi_10-d1-HET-ULO-BLO-d3d04947f5,TK-PB-Drahi_10-d1-HET-ULO-d8d80a9180-r1,SS-19da242d4543,9,5,lex_phase_5,OPTIMAL,FEASIBLE_POINT,108652.01295664132,108652.01295664132,0,76446,76446,117322,330557,2388,0,2388,11940,2388,256,0,0,NaN,0,NaN,0.0,1.0000000001382432,
1,10,MULTISTAGE_RH,LEXMMFSA,shared_battery_mode_node_level_v1,SI-Drahi_10-d1-HET-ULO-BLO-d3d04947f5,TK-PB-Drahi_10-d1-HET-ULO-d8d80a9180-r1,SS-19da242d4543,9,6,economic_tie_break,OPTIMAL,FEASIBLE_POINT,724614.3284471894,724614.3284471894,0,76446,76446,117323,330563,2388,0,2388,11940,2388,256,0,0,NaN,0,NaN,0.0,1.0000000001382432,
1,11,MULTISTAGE_RH,LEXMMFSA,shared_battery_mode_node_level_v1,SI-Drahi_10-d1-HET-ULO-BLO-d3d04947f5,TK-PB-Drahi_10-d1-HET-ULO-d8d80a9180-r1,SS-19da242d4543,9,1,lex_phase_1,OPTIMAL,FEASIBLE_POINT,21726.531533111192,21726.531533111192,0,76446,76446,117318,330533,2388,0,2388,11940,2388,256,0,0,NaN,0,NaN,0.0,1.0000000001382432,
1,11,MULTISTAGE_RH,LEXMMFSA,shared_battery_mode_node_level_v1,SI-Drahi_10-d1-HET-ULO-BLO-d3d04947f5,TK-PB-Drahi_10-d1-HET-ULO-d8d80a9180-r1,SS-19da242d4543,9,2,lex_phase_2,OPTIMAL,FEASIBLE_POINT,43453.063066220915,43453.063066220915,0,76446,76446,117319,330539,2388,0,2388,11940,2388,256,0,0,NaN,0,NaN,0.0,1.0000000001382432,
1,11,MULTISTAGE_RH,LEXMMFSA,shared_battery_mode_node_level_v1,SI-Drahi_10-d1-HET-ULO-BLO-d3d04947f5,TK-PB-Drahi_10-d1-HET-ULO-d8d80a9180-r1,SS-19da242d4543,9,3,lex_phase_3,OPTIMAL,FEASIBLE_POINT,65185.37706144672,65185.37706144672,0,76446,76446,117320,330545,2388,0,2388,11940,2388,256,0,0,NaN,0,NaN,0.0,1.0000000001382432,
1,11,MULTISTAGE_RH,LEXMMFSA,shared_battery_mode_node_level_v1,SI-Drahi_10-d1-HET-ULO-BLO-d3d04947f5,TK-PB-Drahi_10-d1-HET-ULO-d8d80a9180-r1,SS-19da242d4543,9,4,lex_phase_4,OPTIMAL,FEASIBLE_POINT,86918.69105667308,86918.69105667308,0,76446,76446,117321,330551,2388,0,2388,11940,2388,256,0,0,NaN,0,NaN,0.0,1.0000000001382432,
1,11,MULTISTAGE_RH,LEXMMFSA,shared_battery_mode_node_level_v1,SI-Drahi_10-d1-HET-ULO-BLO-d3d04947f5,TK-PB-Drahi_10-d1-HET-ULO-d8d80a9180-r1,SS-19da242d4543,9,5,lex_phase_5,OPTIMAL,FEASIBLE_POINT,108652.01295664132,108652.01295664132,0,76446,76446,117322,330557,2388,0,2388,11940,2388,256,0,0,NaN,0,NaN,0.0,1.0000000001382432,
1,11,MULTISTAGE_RH,LEXMMFSA,shared_battery_mode_node_level_v1,SI-Drahi_10-d1-HET-ULO-BLO-d3d04947f5,TK-PB-Drahi_10-d1-HET-ULO-d8d80a9180-r1,SS-19da242d4543,9,6,economic_tie_break,OPTIMAL,FEASIBLE_POINT,724614.3284471894,724614.3284471894,0,76446,76446,117323,330563,2388,0,2388,11940,2388,256,0,0,NaN,0,NaN,0.0,1.0000000001382432,
1,12,MULTISTAGE_RH,LEXMMFSA,shared_battery_mode_node_level_v1,SI-Drahi_10-d1-HET-ULO-BLO-d3d04947f5,TK-PB-Drahi_10-d1-HET-ULO-d8d80a9180-r1,SS-19da242d4543,9,1,lex_phase_1,OPTIMAL,FEASIBLE_POINT,21726.531533111192,21726.531533111192,0,76446,76446,117318,330533,2388,0,2388,11940,2388,256,0,0,NaN,0,NaN,3.552713678800501e-15,1.0000000001382432,
1,12,MULTISTAGE_RH,LEXMMFSA,shared_battery_mode_node_level_v1,SI-Drahi_10-d1-HET-ULO-BLO-d3d04947f5,TK-PB-Drahi_10-d1-HET-ULO-d8d80a9180-r1,SS-19da242d4543,9,2,lex_phase_2,OPTIMAL,FEASIBLE_POINT,43453.063066220915,43453.063066220915,0,76446,76446,117319,330539,2388,0,2388,11940,2388,256,0,0,NaN,0,NaN,3.552713678800501e-15,1.0000000001382432,
1,12,MULTISTAGE_RH,LEXMMFSA,shared_battery_mode_node_level_v1,SI-Drahi_10-d1-HET-ULO-BLO-d3d04947f5,TK-PB-Drahi_10-d1-HET-ULO-d8d80a9180-r1,SS-19da242d4543,9,3,lex_phase_3,OPTIMAL,FEASIBLE_POINT,65185.37706144672,65185.37706144672,0,76446,76446,117320,330545,2388,0,2388,11940,2388,256,0,0,NaN,0,NaN,3.552713678800501e-15,1.0000000001382432,
1,12,MULTISTAGE_RH,LEXMMFSA,shared_battery_mode_node_level_v1,SI-Drahi_10-d1-HET-ULO-BLO-d3d04947f5,TK-PB-Drahi_10-d1-HET-ULO-d8d80a9180-r1,SS-19da242d4543,9,4,lex_phase_4,OPTIMAL,FEASIBLE_POINT,86918.69105667308,86918.69105667308,0,76446,76446,117321,330551,2388,0,2388,11940,2388,256,0,0,NaN,0,NaN,3.552713678800501e-15,1.0000000001382432,
1,12,MULTISTAGE_RH,LEXMMFSA,shared_battery_mode_node_level_v1,SI-Drahi_10-d1-HET-ULO-BLO-d3d04947f5,TK-PB-Drahi_10-d1-HET-ULO-d8d80a9180-r1,SS-19da242d4543,9,5,lex_phase_5,OPTIMAL,FEASIBLE_POINT,108652.01295664132,108652.01295664132,0,76446,76446,117322,330557,2388,0,2388,11940,2388,256,0,0,NaN,0,NaN,3.552713678800501e-15,1.0000000001382432,
1,12,MULTISTAGE_RH,LEXMMFSA,shared_battery_mode_node_level_v1,SI-Drahi_10-d1-HET-ULO-BLO-d3d04947f5,TK-PB-Drahi_10-d1-HET-ULO-d8d80a9180-r1,SS-19da242d4543,9,6,economic_tie_break,OPTIMAL,FEASIBLE_POINT,724614.3284471894,724614.3284471894,0,76446,76446,117323,330563,2388,0,2388,11940,2388,256,0,0,NaN,0,NaN,3.552713678800501e-15,1.0000000001382432,
1,13,MULTISTAGE_RH,LEXMMFSA,shared_battery_mode_node_level_v1,SI-Drahi_10-d1-HET-ULO-BLO-d3d04947f5,TK-PB-Drahi_10-d1-HET-ULO-d8d80a9180-r1,SS-354317d12b7f,13,1,lex_phase_1,OPTIMAL,FEASIBLE_POINT,22955.816424099925,22955.816424099925,0,76446,76446,117318,335393,2388,0,2388,11940,2388,256,0,0,NaN,0,NaN,0.0,1.00000000034197,
1,13,MULTISTAGE_RH,LEXMMFSA,shared_battery_mode_node_level_v1,SI-Drahi_10-d1-HET-ULO-BLO-d3d04947f5,TK-PB-Drahi_10-d1-HET-ULO-d8d80a9180-r1,SS-354317d12b7f,13,2,lex_phase_2,OPTIMAL,FEASIBLE_POINT,45911.632848199304,45911.632848199304,0,76446,76446,117319,335399,2388,0,2388,11940,2388,256,0,0,NaN,0,NaN,0.0,1.00000000034197,
1,13,MULTISTAGE_RH,LEXMMFSA,shared_battery_mode_node_level_v1,SI-Drahi_10-d1-HET-ULO-BLO-d3d04947f5,TK-PB-Drahi_10-d1-HET-ULO-d8d80a9180-r1,SS-354317d12b7f,13,3,lex_phase_3,OPTIMAL,FEASIBLE_POINT,68873.10600919933,68873.10600919933,0,76446,76446,117320,335405,2388,0,2388,11940,2388,256,0,0,NaN,0,NaN,0.0,1.00000000034197,
1,13,MULTISTAGE_RH,LEXMMFSA,shared_battery_mode_node_level_v1,SI-Drahi_10-d1-HET-ULO-BLO-d3d04947f5,TK-PB-Drahi_10-d1-HET-ULO-d8d80a9180-r1,SS-354317d12b7f,13,4,lex_phase_4,OPTIMAL,FEASIBLE_POINT,91835.57917019913,91835.57917019913,0,76446,76446,117321,335411,2388,0,2388,11940,2388,256,0,0,NaN,0,NaN,0.0,1.00000000034197,
1,13,MULTISTAGE_RH,LEXMMFSA,shared_battery_mode_node_level_v1,SI-Drahi_10-d1-HET-ULO-BLO-d3d04947f5,TK-PB-Drahi_10-d1-HET-ULO-d8d80a9180-r1,SS-354317d12b7f,13,5,lex_phase_5,OPTIMAL,FEASIBLE_POINT,114798.1170459869,114798.1170459869,0,76446,76446,117322,335417,2388,0,2388,11940,2388,256,0,0,NaN,0,NaN,0.0,1.00000000034197,
1,13,MULTISTAGE_RH,LEXMMFSA,shared_battery_mode_node_level_v1,SI-Drahi_10-d1-HET-ULO-BLO-d3d04947f5,TK-PB-Drahi_10-d1-HET-ULO-d8d80a9180-r1,SS-354317d12b7f,13,6,economic_tie_break,OPTIMAL,FEASIBLE_POINT,707460.8040926695,707460.8040926695,0,76446,76446,117323,335423,2388,0,2388,11940,2388,256,0,0,NaN,0,NaN,0.0,1.00000000034197,
1,14,MULTISTAGE_RH,LEXMMFSA,shared_battery_mode_node_level_v1,SI-Drahi_10-d1-HET-ULO-BLO-d3d04947f5,TK-PB-Drahi_10-d1-HET-ULO-d8d80a9180-r1,SS-354317d12b7f,13,1,lex_phase_1,OPTIMAL,FEASIBLE_POINT,22955.816424099925,22955.816424099925,0,76446,76446,117318,335393,2388,0,2388,11940,2388,256,0,0,NaN,0,NaN,0.0,1.00000000034197,
1,14,MULTISTAGE_RH,LEXMMFSA,shared_battery_mode_node_level_v1,SI-Drahi_10-d1-HET-ULO-BLO-d3d04947f5,TK-PB-Drahi_10-d1-HET-ULO-d8d80a9180-r1,SS-354317d12b7f,13,2,lex_phase_2,OPTIMAL,FEASIBLE_POINT,45911.632848199304,45911.632848199304,0,76446,76446,117319,335399,2388,0,2388,11940,2388,256,0,0,NaN,0,NaN,0.0,1.00000000034197,
1,14,MULTISTAGE_RH,LEXMMFSA,shared_battery_mode_node_level_v1,SI-Drahi_10-d1-HET-ULO-BLO-d3d04947f5,TK-PB-Drahi_10-d1-HET-ULO-d8d80a9180-r1,SS-354317d12b7f,13,3,lex_phase_3,OPTIMAL,FEASIBLE_POINT,68873.10600919933,68873.10600919933,0,76446,76446,117320,335405,2388,0,2388,11940,2388,256,0,0,NaN,0,NaN,0.0,1.00000000034197,
1,14,MULTISTAGE_RH,LEXMMFSA,shared_battery_mode_node_level_v1,SI-Drahi_10-d1-HET-ULO-BLO-d3d04947f5,TK-PB-Drahi_10-d1-HET-ULO-d8d80a9180-r1,SS-354317d12b7f,13,4,lex_phase_4,OPTIMAL,FEASIBLE_POINT,91835.57917019913,91835.57917019913,0,76446,76446,117321,335411,2388,0,2388,11940,2388,256,0,0,NaN,0,NaN,0.0,1.00000000034197,
1,14,MULTISTAGE_RH,LEXMMFSA,shared_battery_mode_node_level_v1,SI-Drahi_10-d1-HET-ULO-BLO-d3d04947f5,TK-PB-Drahi_10-d1-HET-ULO-d8d80a9180-r1,SS-354317d12b7f,13,5,lex_phase_5,OPTIMAL,FEASIBLE_POINT,114798.1170459869,114798.1170459869,0,76446,76446,117322,335417,2388,0,2388,11940,2388,256,0,0,NaN,0,NaN,0.0,1.00000000034197,
1,14,MULTISTAGE_RH,LEXMMFSA,shared_battery_mode_node_level_v1,SI-Drahi_10-d1-HET-ULO-BLO-d3d04947f5,TK-PB-Drahi_10-d1-HET-ULO-d8d80a9180-r1,SS-354317d12b7f,13,6,economic_tie_break,OPTIMAL,FEASIBLE_POINT,707460.8040926695,707460.8040926695,0,76446,76446,117323,335423,2388,0,2388,11940,2388,256,0,0,NaN,0,NaN,0.0,1.00000000034197,
1,15,MULTISTAGE_RH,LEXMMFSA,shared_battery_mode_node_level_v1,SI-Drahi_10-d1-HET-ULO-BLO-d3d04947f5,TK-PB-Drahi_10-d1-HET-ULO-d8d80a9180-r1,SS-354317d12b7f,13,1,lex_phase_1,OPTIMAL,FEASIBLE_POINT,22955.816424099925,22955.816424099925,0,76446,76446,117318,335393,2388,0,2388,11940,2388,256,0,0,NaN,0,NaN,0.0,1.00000000034197,
1,15,MULTISTAGE_RH,LEXMMFSA,shared_battery_mode_node_level_v1,SI-Drahi_10-d1-HET-ULO-BLO-d3d04947f5,TK-PB-Drahi_10-d1-HET-ULO-d8d80a9180-r1,SS-354317d12b7f,13,2,lex_phase_2,OPTIMAL,FEASIBLE_POINT,45911.632848199304,45911.632848199304,0,76446,76446,117319,335399,2388,0,2388,11940,2388,256,0,0,NaN,0,NaN,0.0,1.00000000034197,
1,15,MULTISTAGE_RH,LEXMMFSA,shared_battery_mode_node_level_v1,SI-Drahi_10-d1-HET-ULO-BLO-d3d04947f5,TK-PB-Drahi_10-d1-HET-ULO-d8d80a9180-r1,SS-354317d12b7f,13,3,lex_phase_3,OPTIMAL,FEASIBLE_POINT,68873.10600919933,68873.10600919933,0,76446,76446,117320,335405,2388,0,2388,11940,2388,256,0,0,NaN,0,NaN,0.0,1.00000000034197,
1,15,MULTISTAGE_RH,LEXMMFSA,shared_battery_mode_node_level_v1,SI-Drahi_10-d1-HET-ULO-BLO-d3d04947f5,TK-PB-Drahi_10-d1-HET-ULO-d8d80a9180-r1,SS-354317d12b7f,13,4,lex_phase_4,OPTIMAL,FEASIBLE_POINT,91835.57917019913,91835.57917019913,0,76446,76446,117321,335411,2388,0,2388,11940,2388,256,0,0,NaN,0,NaN,0.0,1.00000000034197,
1,15,MULTISTAGE_RH,LEXMMFSA,shared_battery_mode_node_level_v1,SI-Drahi_10-d1-HET-ULO-BLO-d3d04947f5,TK-PB-Drahi_10-d1-HET-ULO-d8d80a9180-r1,SS-354317d12b7f,13,5,lex_phase_5,OPTIMAL,FEASIBLE_POINT,114798.1170459869,114798.1170459869,0,76446,76446,117322,335417,2388,0,2388,11940,2388,256,0,0,NaN,0,NaN,0.0,1.00000000034197,
1,15,MULTISTAGE_RH,LEXMMFSA,shared_battery_mode_node_level_v1,SI-Drahi_10-d1-HET-ULO-BLO-d3d04947f5,TK-PB-Drahi_10-d1-HET-ULO-d8d80a9180-r1,SS-354317d12b7f,13,6,economic_tie_break,OPTIMAL,FEASIBLE_POINT,707460.8040926695,707460.8040926695,0,76446,76446,117323,335423,2388,0,2388,11940,2388,256,0,0,NaN,0,NaN,0.0,1.00000000034197,
1,16,MULTISTAGE_RH,LEXMMFSA,shared_battery_mode_node_level_v1,SI-Drahi_10-d1-HET-ULO-BLO-d3d04947f5,TK-PB-Drahi_10-d1-HET-ULO-d8d80a9180-r1,SS-354317d12b7f,13,1,lex_phase_1,OPTIMAL,FEASIBLE_POINT,22955.816424099925,22955.816424099925,0,76446,76446,117318,335393,2388,0,2388,11940,2388,256,0,0,NaN,0,NaN,0.0,1.00000000034197,
1,16,MULTISTAGE_RH,LEXMMFSA,shared_battery_mode_node_level_v1,SI-Drahi_10-d1-HET-ULO-BLO-d3d04947f5,TK-PB-Drahi_10-d1-HET-ULO-d8d80a9180-r1,SS-354317d12b7f,13,2,lex_phase_2,OPTIMAL,FEASIBLE_POINT,45911.632848199304,45911.632848199304,0,76446,76446,117319,335399,2388,0,2388,11940,2388,256,0,0,NaN,0,NaN,0.0,1.00000000034197,
1,16,MULTISTAGE_RH,LEXMMFSA,shared_battery_mode_node_level_v1,SI-Drahi_10-d1-HET-ULO-BLO-d3d04947f5,TK-PB-Drahi_10-d1-HET-ULO-d8d80a9180-r1,SS-354317d12b7f,13,3,lex_phase_3,OPTIMAL,FEASIBLE_POINT,68873.10600919933,68873.10600919933,0,76446,76446,117320,335405,2388,0,2388,11940,2388,256,0,0,NaN,0,NaN,0.0,1.00000000034197,
1,16,MULTISTAGE_RH,LEXMMFSA,shared_battery_mode_node_level_v1,SI-Drahi_10-d1-HET-ULO-BLO-d3d04947f5,TK-PB-Drahi_10-d1-HET-ULO-d8d80a9180-r1,SS-354317d12b7f,13,4,lex_phase_4,OPTIMAL,FEASIBLE_POINT,91835.57917019913,91835.57917019913,0,76446,76446,117321,335411,2388,0,2388,11940,2388,256,0,0,NaN,0,NaN,0.0,1.00000000034197,
1,16,MULTISTAGE_RH,LEXMMFSA,shared_battery_mode_node_level_v1,SI-Drahi_10-d1-HET-ULO-BLO-d3d04947f5,TK-PB-Drahi_10-d1-HET-ULO-d8d80a9180-r1,SS-354317d12b7f,13,5,lex_phase_5,OPTIMAL,FEASIBLE_POINT,114798.1170459869,114798.1170459869,0,76446,76446,117322,335417,2388,0,2388,11940,2388,256,0,0,NaN,0,NaN,0.0,1.00000000034197,
1,16,MULTISTAGE_RH,LEXMMFSA,shared_battery_mode_node_level_v1,SI-Drahi_10-d1-HET-ULO-BLO-d3d04947f5,TK-PB-Drahi_10-d1-HET-ULO-d8d80a9180-r1,SS-354317d12b7f,13,6,economic_tie_break,OPTIMAL,FEASIBLE_POINT,707460.8040926695,707460.8040926695,0,76446,76446,117323,335423,2388,0,2388,11940,2388,256,0,0,NaN,0,NaN,0.0,1.00000000034197,
1,17,MULTISTAGE_RH,LEXMMFSA,shared_battery_mode_node_level_v1,SI-Drahi_10-d1-HET-ULO-BLO-d3d04947f5,TK-PB-Drahi_10-d1-HET-ULO-d8d80a9180-r1,SS-c81930d9c8ba,17,1,lex_phase_1,OPTIMAL,FEASIBLE_POINT,24771.378386846,24771.378386846,0,76446,76446,117318,336608,2388,0,2388,11940,2388,256,0,0,NaN,0,NaN,3.7950065703022338,1.0000000009968062,
1,17,MULTISTAGE_RH,LEXMMFSA,shared_battery_mode_node_level_v1,SI-Drahi_10-d1-HET-ULO-BLO-d3d04947f5,TK-PB-Drahi_10-d1-HET-ULO-d8d80a9180-r1,SS-c81930d9c8ba,17,2,lex_phase_2,OPTIMAL,FEASIBLE_POINT,49542.75677369259,49542.75677369259,0,76446,76446,117319,336614,2388,0,2388,11940,2388,256,0,0,NaN,0,NaN,3.7950065703022338,1.0000000009968062,
1,17,MULTISTAGE_RH,LEXMMFSA,shared_battery_mode_node_level_v1,SI-Drahi_10-d1-HET-ULO-BLO-d3d04947f5,TK-PB-Drahi_10-d1-HET-ULO-d8d80a9180-r1,SS-c81930d9c8ba,17,3,lex_phase_3,OPTIMAL,FEASIBLE_POINT,74319.88216053863,74319.88216053863,0,76446,76446,117320,336620,2388,0,2388,11940,2388,256,0,0,NaN,0,NaN,3.7950065703022338,1.0000000009968062,
1,17,MULTISTAGE_RH,LEXMMFSA,shared_battery_mode_node_level_v1,SI-Drahi_10-d1-HET-ULO-BLO-d3d04947f5,TK-PB-Drahi_10-d1-HET-ULO-d8d80a9180-r1,SS-c81930d9c8ba,17,4,lex_phase_4,OPTIMAL,FEASIBLE_POINT,99098.00754738488,99098.00754738488,0,76446,76446,117321,336626,2388,0,2388,11940,2388,256,0,0,NaN,0,NaN,3.7950065703022338,1.0000000009968062,
1,17,MULTISTAGE_RH,LEXMMFSA,shared_battery_mode_node_level_v1,SI-Drahi_10-d1-HET-ULO-BLO-d3d04947f5,TK-PB-Drahi_10-d1-HET-ULO-d8d80a9180-r1,SS-c81930d9c8ba,17,5,lex_phase_5,OPTIMAL,FEASIBLE_POINT,123876.13293423141,123876.13293423141,0,76446,76446,117322,336632,2388,0,2388,11940,2388,256,0,0,NaN,0,NaN,3.7950065703022338,1.0000000009968062,
1,17,MULTISTAGE_RH,LEXMMFSA,shared_battery_mode_node_level_v1,SI-Drahi_10-d1-HET-ULO-BLO-d3d04947f5,TK-PB-Drahi_10-d1-HET-ULO-d8d80a9180-r1,SS-c81930d9c8ba,17,6,economic_tie_break,OPTIMAL,FEASIBLE_POINT,725748.788818295,725748.788818295,0,76446,76446,117323,336638,2388,0,2388,11940,2388,256,0,0,NaN,0,NaN,3.7950065703022338,1.0000000009968062,
1,18,MULTISTAGE_RH,LEXMMFSA,shared_battery_mode_node_level_v1,SI-Drahi_10-d1-HET-ULO-BLO-d3d04947f5,TK-PB-Drahi_10-d1-HET-ULO-d8d80a9180-r1,SS-c81930d9c8ba,17,1,lex_phase_1,OPTIMAL,FEASIBLE_POINT,24771.378386846,24771.378386846,0,76446,76446,117318,336608,2388,0,2388,11940,2388,256,0,0,NaN,0,NaN,0.0,1.0000000009968062,
1,18,MULTISTAGE_RH,LEXMMFSA,shared_battery_mode_node_level_v1,SI-Drahi_10-d1-HET-ULO-BLO-d3d04947f5,TK-PB-Drahi_10-d1-HET-ULO-d8d80a9180-r1,SS-c81930d9c8ba,17,2,lex_phase_2,OPTIMAL,FEASIBLE_POINT,49542.75677369259,49542.75677369259,0,76446,76446,117319,336614,2388,0,2388,11940,2388,256,0,0,NaN,0,NaN,0.0,1.0000000009968062,
1,18,MULTISTAGE_RH,LEXMMFSA,shared_battery_mode_node_level_v1,SI-Drahi_10-d1-HET-ULO-BLO-d3d04947f5,TK-PB-Drahi_10-d1-HET-ULO-d8d80a9180-r1,SS-c81930d9c8ba,17,3,lex_phase_3,OPTIMAL,FEASIBLE_POINT,74319.88216053863,74319.88216053863,0,76446,76446,117320,336620,2388,0,2388,11940,2388,256,0,0,NaN,0,NaN,0.0,1.0000000009968062,
1,18,MULTISTAGE_RH,LEXMMFSA,shared_battery_mode_node_level_v1,SI-Drahi_10-d1-HET-ULO-BLO-d3d04947f5,TK-PB-Drahi_10-d1-HET-ULO-d8d80a9180-r1,SS-c81930d9c8ba,17,4,lex_phase_4,OPTIMAL,FEASIBLE_POINT,99098.00754738488,99098.00754738488,0,76446,76446,117321,336626,2388,0,2388,11940,2388,256,0,0,NaN,0,NaN,0.0,1.0000000009968062,
1,18,MULTISTAGE_RH,LEXMMFSA,shared_battery_mode_node_level_v1,SI-Drahi_10-d1-HET-ULO-BLO-d3d04947f5,TK-PB-Drahi_10-d1-HET-ULO-d8d80a9180-r1,SS-c81930d9c8ba,17,5,lex_phase_5,OPTIMAL,FEASIBLE_POINT,123876.13293423141,123876.13293423141,0,76446,76446,117322,336632,2388,0,2388,11940,2388,256,0,0,NaN,0,NaN,0.0,1.0000000009968062,
1,18,MULTISTAGE_RH,LEXMMFSA,shared_battery_mode_node_level_v1,SI-Drahi_10-d1-HET-ULO-BLO-d3d04947f5,TK-PB-Drahi_10-d1-HET-ULO-d8d80a9180-r1,SS-c81930d9c8ba,17,6,economic_tie_break,OPTIMAL,FEASIBLE_POINT,725748.788818295,725748.788818295,0,76446,76446,117323,336638,2388,0,2388,11940,2388,256,0,0,NaN,0,NaN,0.0,1.0000000009968062,
1,19,MULTISTAGE_RH,LEXMMFSA,shared_battery_mode_node_level_v1,SI-Drahi_10-d1-HET-ULO-BLO-d3d04947f5,TK-PB-Drahi_10-d1-HET-ULO-d8d80a9180-r1,SS-c81930d9c8ba,17,1,lex_phase_1,OPTIMAL,FEASIBLE_POINT,24771.378386846,24771.378386846,0,76446,76446,117318,336608,2388,0,2388,11940,2388,256,0,0,NaN,0,NaN,0.0,1.0000000009968062,
1,19,MULTISTAGE_RH,LEXMMFSA,shared_battery_mode_node_level_v1,SI-Drahi_10-d1-HET-ULO-BLO-d3d04947f5,TK-PB-Drahi_10-d1-HET-ULO-d8d80a9180-r1,SS-c81930d9c8ba,17,2,lex_phase_2,OPTIMAL,FEASIBLE_POINT,49542.75677369259,49542.75677369259,0,76446,76446,117319,336614,2388,0,2388,11940,2388,256,0,0,NaN,0,NaN,0.0,1.0000000009968062,
1,19,MULTISTAGE_RH,LEXMMFSA,shared_battery_mode_node_level_v1,SI-Drahi_10-d1-HET-ULO-BLO-d3d04947f5,TK-PB-Drahi_10-d1-HET-ULO-d8d80a9180-r1,SS-c81930d9c8ba,17,3,lex_phase_3,OPTIMAL,FEASIBLE_POINT,74319.88216053863,74319.88216053863,0,76446,76446,117320,336620,2388,0,2388,11940,2388,256,0,0,NaN,0,NaN,0.0,1.0000000009968062,
1,19,MULTISTAGE_RH,LEXMMFSA,shared_battery_mode_node_level_v1,SI-Drahi_10-d1-HET-ULO-BLO-d3d04947f5,TK-PB-Drahi_10-d1-HET-ULO-d8d80a9180-r1,SS-c81930d9c8ba,17,4,lex_phase_4,OPTIMAL,FEASIBLE_POINT,99098.00754738488,99098.00754738488,0,76446,76446,117321,336626,2388,0,2388,11940,2388,256,0,0,NaN,0,NaN,0.0,1.0000000009968062,
1,19,MULTISTAGE_RH,LEXMMFSA,shared_battery_mode_node_level_v1,SI-Drahi_10-d1-HET-ULO-BLO-d3d04947f5,TK-PB-Drahi_10-d1-HET-ULO-d8d80a9180-r1,SS-c81930d9c8ba,17,5,lex_phase_5,OPTIMAL,FEASIBLE_POINT,123876.13293423141,123876.13293423141,0,76446,76446,117322,336632,2388,0,2388,11940,2388,256,0,0,NaN,0,NaN,0.0,1.0000000009968062,
1,19,MULTISTAGE_RH,LEXMMFSA,shared_battery_mode_node_level_v1,SI-Drahi_10-d1-HET-ULO-BLO-d3d04947f5,TK-PB-Drahi_10-d1-HET-ULO-d8d80a9180-r1,SS-c81930d9c8ba,17,6,economic_tie_break,OPTIMAL,FEASIBLE_POINT,725748.788818295,725748.788818295,0,76446,76446,117323,336638,2388,0,2388,11940,2388,256,0,0,NaN,0,NaN,0.0,1.0000000009968062,
1,20,MULTISTAGE_RH,LEXMMFSA,shared_battery_mode_node_level_v1,SI-Drahi_10-d1-HET-ULO-BLO-d3d04947f5,TK-PB-Drahi_10-d1-HET-ULO-d8d80a9180-r1,SS-c81930d9c8ba,17,1,lex_phase_1,OPTIMAL,FEASIBLE_POINT,24771.378386846,24771.378386846,0,76446,76446,117318,336608,2388,0,2388,11940,2388,256,0,0,NaN,0,NaN,0.0,1.0000000009968062,
1,20,MULTISTAGE_RH,LEXMMFSA,shared_battery_mode_node_level_v1,SI-Drahi_10-d1-HET-ULO-BLO-d3d04947f5,TK-PB-Drahi_10-d1-HET-ULO-d8d80a9180-r1,SS-c81930d9c8ba,17,2,lex_phase_2,OPTIMAL,FEASIBLE_POINT,49542.75677369259,49542.75677369259,0,76446,76446,117319,336614,2388,0,2388,11940,2388,256,0,0,NaN,0,NaN,0.0,1.0000000009968062,
1,20,MULTISTAGE_RH,LEXMMFSA,shared_battery_mode_node_level_v1,SI-Drahi_10-d1-HET-ULO-BLO-d3d04947f5,TK-PB-Drahi_10-d1-HET-ULO-d8d80a9180-r1,SS-c81930d9c8ba,17,3,lex_phase_3,OPTIMAL,FEASIBLE_POINT,74319.88216053863,74319.88216053863,0,76446,76446,117320,336620,2388,0,2388,11940,2388,256,0,0,NaN,0,NaN,0.0,1.0000000009968062,
1,20,MULTISTAGE_RH,LEXMMFSA,shared_battery_mode_node_level_v1,SI-Drahi_10-d1-HET-ULO-BLO-d3d04947f5,TK-PB-Drahi_10-d1-HET-ULO-d8d80a9180-r1,SS-c81930d9c8ba,17,4,lex_phase_4,OPTIMAL,FEASIBLE_POINT,99098.00754738488,99098.00754738488,0,76446,76446,117321,336626,2388,0,2388,11940,2388,256,0,0,NaN,0,NaN,0.0,1.0000000009968062,
1,20,MULTISTAGE_RH,LEXMMFSA,shared_battery_mode_node_level_v1,SI-Drahi_10-d1-HET-ULO-BLO-d3d04947f5,TK-PB-Drahi_10-d1-HET-ULO-d8d80a9180-r1,SS-c81930d9c8ba,17,5,lex_phase_5,OPTIMAL,FEASIBLE_POINT,123876.13293423141,123876.13293423141,0,76446,76446,117322,336632,2388,0,2388,11940,2388,256,0,0,NaN,0,NaN,0.0,1.0000000009968062,
1,20,MULTISTAGE_RH,LEXMMFSA,shared_battery_mode_node_level_v1,SI-Drahi_10-d1-HET-ULO-BLO-d3d04947f5,TK-PB-Drahi_10-d1-HET-ULO-d8d80a9180-r1,SS-c81930d9c8ba,17,6,economic_tie_break,OPTIMAL,FEASIBLE_POINT,725748.788818295,725748.788818295,0,76446,76446,117323,336638,2388,0,2388,11940,2388,256,0,0,NaN,0,NaN,0.0,1.0000000009968062,
1,21,MULTISTAGE_RH,LEXMMFSA,shared_battery_mode_node_level_v1,SI-Drahi_10-d1-HET-ULO-BLO-d3d04947f5,TK-PB-Drahi_10-d1-HET-ULO-d8d80a9180-r1,SS-3cf9bda45ea4,21,1,lex_phase_1,OPTIMAL,FEASIBLE_POINT,34981.95740715794,34981.95740715794,0,76446,76446,117318,335633,2388,0,2388,11940,2388,256,0,0,NaN,0,NaN,0.0,0.9999999986903276,
1,21,MULTISTAGE_RH,LEXMMFSA,shared_battery_mode_node_level_v1,SI-Drahi_10-d1-HET-ULO-BLO-d3d04947f5,TK-PB-Drahi_10-d1-HET-ULO-d8d80a9180-r1,SS-3cf9bda45ea4,21,2,lex_phase_2,OPTIMAL,FEASIBLE_POINT,69963.91481431651,69963.91481431651,0,76446,76446,117319,335639,2388,0,2388,11940,2388,256,0,0,NaN,0,NaN,0.0,0.9999999986903276,
1,21,MULTISTAGE_RH,LEXMMFSA,shared_battery_mode_node_level_v1,SI-Drahi_10-d1-HET-ULO-BLO-d3d04947f5,TK-PB-Drahi_10-d1-HET-ULO-d8d80a9180-r1,SS-3cf9bda45ea4,21,3,lex_phase_3,OPTIMAL,FEASIBLE_POINT,104945.87222147477,104945.87222147477,0,76446,76446,117320,335645,2388,0,2388,11940,2388,256,0,0,NaN,0,NaN,0.0,0.9999999986903276,
1,21,MULTISTAGE_RH,LEXMMFSA,shared_battery_mode_node_level_v1,SI-Drahi_10-d1-HET-ULO-BLO-d3d04947f5,TK-PB-Drahi_10-d1-HET-ULO-d8d80a9180-r1,SS-3cf9bda45ea4,21,4,lex_phase_4,OPTIMAL,FEASIBLE_POINT,139927.82962863302,139927.82962863302,0,76446,76446,117321,335651,2388,0,2388,11940,2388,256,0,0,NaN,0,NaN,0.0,0.9999999986903276,
1,21,MULTISTAGE_RH,LEXMMFSA,shared_battery_mode_node_level_v1,SI-Drahi_10-d1-HET-ULO-BLO-d3d04947f5,TK-PB-Drahi_10-d1-HET-ULO-d8d80a9180-r1,SS-3cf9bda45ea4,21,5,lex_phase_5,OPTIMAL,FEASIBLE_POINT,174927.948035771,174927.948035771,0,76446,76446,117322,335657,2388,0,2388,11940,2388,256,0,0,NaN,0,NaN,0.0,0.9999999986903276,
1,21,MULTISTAGE_RH,LEXMMFSA,shared_battery_mode_node_level_v1,SI-Drahi_10-d1-HET-ULO-BLO-d3d04947f5,TK-PB-Drahi_10-d1-HET-ULO-d8d80a9180-r1,SS-3cf9bda45ea4,21,6,economic_tie_break,OPTIMAL,FEASIBLE_POINT,687388.7912769453,687388.7912769453,0,76446,76446,117323,335663,2388,0,2388,11940,2388,256,0,0,NaN,0,NaN,0.0,0.9999999986903276,
1,22,MULTISTAGE_RH,LEXMMFSA,shared_battery_mode_node_level_v1,SI-Drahi_10-d1-HET-ULO-BLO-d3d04947f5,TK-PB-Drahi_10-d1-HET-ULO-d8d80a9180-r1,SS-3cf9bda45ea4,21,1,lex_phase_1,OPTIMAL,FEASIBLE_POINT,34981.95740715794,34981.95740715794,0,76446,76446,117318,335633,2388,0,2388,11940,2388,256,0,0,NaN,0,NaN,0.0,0.9999999986903276,
1,22,MULTISTAGE_RH,LEXMMFSA,shared_battery_mode_node_level_v1,SI-Drahi_10-d1-HET-ULO-BLO-d3d04947f5,TK-PB-Drahi_10-d1-HET-ULO-d8d80a9180-r1,SS-3cf9bda45ea4,21,2,lex_phase_2,OPTIMAL,FEASIBLE_POINT,69963.91481431651,69963.91481431651,0,76446,76446,117319,335639,2388,0,2388,11940,2388,256,0,0,NaN,0,NaN,0.0,0.9999999986903276,
1,22,MULTISTAGE_RH,LEXMMFSA,shared_battery_mode_node_level_v1,SI-Drahi_10-d1-HET-ULO-BLO-d3d04947f5,TK-PB-Drahi_10-d1-HET-ULO-d8d80a9180-r1,SS-3cf9bda45ea4,21,3,lex_phase_3,OPTIMAL,FEASIBLE_POINT,104945.87222147477,104945.87222147477,0,76446,76446,117320,335645,2388,0,2388,11940,2388,256,0,0,NaN,0,NaN,0.0,0.9999999986903276,
1,22,MULTISTAGE_RH,LEXMMFSA,shared_battery_mode_node_level_v1,SI-Drahi_10-d1-HET-ULO-BLO-d3d04947f5,TK-PB-Drahi_10-d1-HET-ULO-d8d80a9180-r1,SS-3cf9bda45ea4,21,4,lex_phase_4,OPTIMAL,FEASIBLE_POINT,139927.82962863302,139927.82962863302,0,76446,76446,117321,335651,2388,0,2388,11940,2388,256,0,0,NaN,0,NaN,0.0,0.9999999986903276,
1,22,MULTISTAGE_RH,LEXMMFSA,shared_battery_mode_node_level_v1,SI-Drahi_10-d1-HET-ULO-BLO-d3d04947f5,TK-PB-Drahi_10-d1-HET-ULO-d8d80a9180-r1,SS-3cf9bda45ea4,21,5,lex_phase_5,OPTIMAL,FEASIBLE_POINT,174927.948035771,174927.948035771,0,76446,76446,117322,335657,2388,0,2388,11940,2388,256,0,0,NaN,0,NaN,0.0,0.9999999986903276,
1,22,MULTISTAGE_RH,LEXMMFSA,shared_battery_mode_node_level_v1,SI-Drahi_10-d1-HET-ULO-BLO-d3d04947f5,TK-PB-Drahi_10-d1-HET-ULO-d8d80a9180-r1,SS-3cf9bda45ea4,21,6,economic_tie_break,OPTIMAL,FEASIBLE_POINT,687388.7912769453,687388.7912769453,0,76446,76446,117323,335663,2388,0,2388,11940,2388,256,0,0,NaN,0,NaN,0.0,0.9999999986903276,
1,23,MULTISTAGE_RH,LEXMMFSA,shared_battery_mode_node_level_v1,SI-Drahi_10-d1-HET-ULO-BLO-d3d04947f5,TK-PB-Drahi_10-d1-HET-ULO-d8d80a9180-r1,SS-3cf9bda45ea4,21,1,lex_phase_1,OPTIMAL,FEASIBLE_POINT,34981.95740715794,34981.95740715794,0,76446,76446,117318,335633,2388,0,2388,11940,2388,256,0,0,NaN,0,NaN,0.0,0.9999999986903276,
1,23,MULTISTAGE_RH,LEXMMFSA,shared_battery_mode_node_level_v1,SI-Drahi_10-d1-HET-ULO-BLO-d3d04947f5,TK-PB-Drahi_10-d1-HET-ULO-d8d80a9180-r1,SS-3cf9bda45ea4,21,2,lex_phase_2,OPTIMAL,FEASIBLE_POINT,69963.91481431651,69963.91481431651,0,76446,76446,117319,335639,2388,0,2388,11940,2388,256,0,0,NaN,0,NaN,0.0,0.9999999986903276,
1,23,MULTISTAGE_RH,LEXMMFSA,shared_battery_mode_node_level_v1,SI-Drahi_10-d1-HET-ULO-BLO-d3d04947f5,TK-PB-Drahi_10-d1-HET-ULO-d8d80a9180-r1,SS-3cf9bda45ea4,21,3,lex_phase_3,OPTIMAL,FEASIBLE_POINT,104945.87222147477,104945.87222147477,0,76446,76446,117320,335645,2388,0,2388,11940,2388,256,0,0,NaN,0,NaN,0.0,0.9999999986903276,
1,23,MULTISTAGE_RH,LEXMMFSA,shared_battery_mode_node_level_v1,SI-Drahi_10-d1-HET-ULO-BLO-d3d04947f5,TK-PB-Drahi_10-d1-HET-ULO-d8d80a9180-r1,SS-3cf9bda45ea4,21,4,lex_phase_4,OPTIMAL,FEASIBLE_POINT,139927.82962863302,139927.82962863302,0,76446,76446,117321,335651,2388,0,2388,11940,2388,256,0,0,NaN,0,NaN,0.0,0.9999999986903276,
1,23,MULTISTAGE_RH,LEXMMFSA,shared_battery_mode_node_level_v1,SI-Drahi_10-d1-HET-ULO-BLO-d3d04947f5,TK-PB-Drahi_10-d1-HET-ULO-d8d80a9180-r1,SS-3cf9bda45ea4,21,5,lex_phase_5,OPTIMAL,FEASIBLE_POINT,174927.948035771,174927.948035771,0,76446,76446,117322,335657,2388,0,2388,11940,2388,256,0,0,NaN,0,NaN,0.0,0.9999999986903276,
1,23,MULTISTAGE_RH,LEXMMFSA,shared_battery_mode_node_level_v1,SI-Drahi_10-d1-HET-ULO-BLO-d3d04947f5,TK-PB-Drahi_10-d1-HET-ULO-d8d80a9180-r1,SS-3cf9bda45ea4,21,6,economic_tie_break,OPTIMAL,FEASIBLE_POINT,687388.7912769453,687388.7912769453,0,76446,76446,117323,335663,2388,0,2388,11940,2388,256,0,0,NaN,0,NaN,0.0,0.9999999986903276,
1,24,MULTISTAGE_RH,LEXMMFSA,shared_battery_mode_node_level_v1,SI-Drahi_10-d1-HET-ULO-BLO-d3d04947f5,TK-PB-Drahi_10-d1-HET-ULO-d8d80a9180-r1,SS-3cf9bda45ea4,21,1,lex_phase_1,OPTIMAL,FEASIBLE_POINT,34981.95740715794,34981.95740715794,0,76446,76446,117318,335633,2388,0,2388,11940,2388,256,0,0,NaN,0,NaN,0.0,0.9999999986903276,
1,24,MULTISTAGE_RH,LEXMMFSA,shared_battery_mode_node_level_v1,SI-Drahi_10-d1-HET-ULO-BLO-d3d04947f5,TK-PB-Drahi_10-d1-HET-ULO-d8d80a9180-r1,SS-3cf9bda45ea4,21,2,lex_phase_2,OPTIMAL,FEASIBLE_POINT,69963.91481431651,69963.91481431651,0,76446,76446,117319,335639,2388,0,2388,11940,2388,256,0,0,NaN,0,NaN,0.0,0.9999999986903276,
1,24,MULTISTAGE_RH,LEXMMFSA,shared_battery_mode_node_level_v1,SI-Drahi_10-d1-HET-ULO-BLO-d3d04947f5,TK-PB-Drahi_10-d1-HET-ULO-d8d80a9180-r1,SS-3cf9bda45ea4,21,3,lex_phase_3,OPTIMAL,FEASIBLE_POINT,104945.87222147477,104945.87222147477,0,76446,76446,117320,335645,2388,0,2388,11940,2388,256,0,0,NaN,0,NaN,0.0,0.9999999986903276,
1,24,MULTISTAGE_RH,LEXMMFSA,shared_battery_mode_node_level_v1,SI-Drahi_10-d1-HET-ULO-BLO-d3d04947f5,TK-PB-Drahi_10-d1-HET-ULO-d8d80a9180-r1,SS-3cf9bda45ea4,21,4,lex_phase_4,OPTIMAL,FEASIBLE_POINT,139927.82962863302,139927.82962863302,0,76446,76446,117321,335651,2388,0,2388,11940,2388,256,0,0,NaN,0,NaN,0.0,0.9999999986903276,
1,24,MULTISTAGE_RH,LEXMMFSA,shared_battery_mode_node_level_v1,SI-Drahi_10-d1-HET-ULO-BLO-d3d04947f5,TK-PB-Drahi_10-d1-HET-ULO-d8d80a9180-r1,SS-3cf9bda45ea4,21,5,lex_phase_5,OPTIMAL,FEASIBLE_POINT,174927.948035771,174927.948035771,0,76446,76446,117322,335657,2388,0,2388,11940,2388,256,0,0,NaN,0,NaN,0.0,0.9999999986903276,
1,24,MULTISTAGE_RH,LEXMMFSA,shared_battery_mode_node_level_v1,SI-Drahi_10-d1-HET-ULO-BLO-d3d04947f5,TK-PB-Drahi_10-d1-HET-ULO-d8d80a9180-r1,SS-3cf9bda45ea4,21,6,economic_tie_break,OPTIMAL,FEASIBLE_POINT,687388.7912769453,687388.7912769453,0,76446,76446,117323,335663,2388,0,2388,11940,2388,256,0,0,NaN,0,NaN,0.0,0.9999999986903276,
1,1,MULTISTAGE_RH,NONE,shared_battery_mode_node_level_v1,SI-Drahi_10-d1-HET-ULO-BLO-d3d04947f5,TK-PB-Drahi_10-d1-HET-ULO-d8d80a9180-r1,SS-5d5bbea46d20,1,0,single_solve,OPTIMAL,FEASIBLE_POINT,565162.3763996274,565162.3763996274,0,76416,76416,117268,151443,2388,0,2388,11940,2388,256,0,0,NaN,0,NaN,0.0,0.0,
1,2,MULTISTAGE_RH,NONE,shared_battery_mode_node_level_v1,SI-Drahi_10-d1-HET-ULO-BLO-d3d04947f5,TK-PB-Drahi_10-d1-HET-ULO-d8d80a9180-r1,SS-5d5bbea46d20,1,0,single_solve,OPTIMAL,FEASIBLE_POINT,565162.3763996274,565162.3763996274,0,76416,76416,117268,151443,2388,0,2388,11940,2388,256,0,0,NaN,0,NaN,0.0,0.0,
1,3,MULTISTAGE_RH,NONE,shared_battery_mode_node_level_v1,SI-Drahi_10-d1-HET-ULO-BLO-d3d04947f5,TK-PB-Drahi_10-d1-HET-ULO-d8d80a9180-r1,SS-5d5bbea46d20,1,0,single_solve,OPTIMAL,FEASIBLE_POINT,565162.3763996274,565162.3763996274,0,76416,76416,117268,151443,2388,0,2388,11940,2388,256,0,0,NaN,0,NaN,0.0,0.0,
1,4,MULTISTAGE_RH,NONE,shared_battery_mode_node_level_v1,SI-Drahi_10-d1-HET-ULO-BLO-d3d04947f5,TK-PB-Drahi_10-d1-HET-ULO-d8d80a9180-r1,SS-5d5bbea46d20,1,0,single_solve,OPTIMAL,FEASIBLE_POINT,565162.3763996274,565162.3763996274,0,76416,76416,117268,151443,2388,0,2388,11940,2388,256,0,0,NaN,0,NaN,0.0,0.0,
1,5,MULTISTAGE_RH,NONE,shared_battery_mode_node_level_v1,SI-Drahi_10-d1-HET-ULO-BLO-d3d04947f5,TK-PB-Drahi_10-d1-HET-ULO-d8d80a9180-r1,SS-102adc95e052,5,0,single_solve,OPTIMAL,FEASIBLE_POINT,563146.6151649039,563146.6151649039,0,76416,76416,117268,147303,2388,0,2388,11940,2388,256,0,0,NaN,0,NaN,0.0,0.0,
1,6,MULTISTAGE_RH,NONE,shared_battery_mode_node_level_v1,SI-Drahi_10-d1-HET-ULO-BLO-d3d04947f5,TK-PB-Drahi_10-d1-HET-ULO-d8d80a9180-r1,SS-102adc95e052,5,0,single_solve,OPTIMAL,FEASIBLE_POINT,563146.6151649039,563146.6151649039,0,76416,76416,117268,147303,2388,0,2388,11940,2388,256,0,0,NaN,0,NaN,0.0,0.0,
1,7,MULTISTAGE_RH,NONE,shared_battery_mode_node_level_v1,SI-Drahi_10-d1-HET-ULO-BLO-d3d04947f5,TK-PB-Drahi_10-d1-HET-ULO-d8d80a9180-r1,SS-102adc95e052,5,0,single_solve,OPTIMAL,FEASIBLE_POINT,563146.6151649039,563146.6151649039,0,76416,76416,117268,147303,2388,0,2388,11940,2388,256,0,0,NaN,0,NaN,0.0,0.0,
1,8,MULTISTAGE_RH,NONE,shared_battery_mode_node_level_v1,SI-Drahi_10-d1-HET-ULO-BLO-d3d04947f5,TK-PB-Drahi_10-d1-HET-ULO-d8d80a9180-r1,SS-102adc95e052,5,0,single_solve,OPTIMAL,FEASIBLE_POINT,563146.6151649039,563146.6151649039,0,76416,76416,117268,147303,2388,0,2388,11940,2388,256,0,0,NaN,0,NaN,0.0,0.0,
1,9,MULTISTAGE_RH,NONE,shared_battery_mode_node_level_v1,SI-Drahi_10-d1-HET-ULO-BLO-d3d04947f5,TK-PB-Drahi_10-d1-HET-ULO-d8d80a9180-r1,SS-19da242d4543,9,0,single_solve,OPTIMAL,FEASIBLE_POINT,550017.5411567367,550017.5411567367,0,76416,76416,117268,151383,2388,0,2388,11940,2388,256,0,0,NaN,0,NaN,0.0,0.0,
1,10,MULTISTAGE_RH,NONE,shared_battery_mode_node_level_v1,SI-Drahi_10-d1-HET-ULO-BLO-d3d04947f5,TK-PB-Drahi_10-d1-HET-ULO-d8d80a9180-r1,SS-19da242d4543,9,0,single_solve,OPTIMAL,FEASIBLE_POINT,550017.5411567367,550017.5411567367,0,76416,76416,117268,151383,2388,0,2388,11940,2388,256,0,0,NaN,0,NaN,0.0,0.0,
1,11,MULTISTAGE_RH,NONE,shared_battery_mode_node_level_v1,SI-Drahi_10-d1-HET-ULO-BLO-d3d04947f5,TK-PB-Drahi_10-d1-HET-ULO-d8d80a9180-r1,SS-19da242d4543,9,0,single_solve,OPTIMAL,FEASIBLE_POINT,550017.5411567367,550017.5411567367,0,76416,76416,117268,151383,2388,0,2388,11940,2388,256,0,0,NaN,0,NaN,0.0,0.0,
1,12,MULTISTAGE_RH,NONE,shared_battery_mode_node_level_v1,SI-Drahi_10-d1-HET-ULO-BLO-d3d04947f5,TK-PB-Drahi_10-d1-HET-ULO-d8d80a9180-r1,SS-19da242d4543,9,0,single_solve,OPTIMAL,FEASIBLE_POINT,550017.5411567367,550017.5411567367,0,76416,76416,117268,151383,2388,0,2388,11940,2388,256,0,0,NaN,0,NaN,0.0,0.0,
1,13,MULTISTAGE_RH,NONE,shared_battery_mode_node_level_v1,SI-Drahi_10-d1-HET-ULO-BLO-d3d04947f5,TK-PB-Drahi_10-d1-HET-ULO-d8d80a9180-r1,SS-354317d12b7f,13,0,single_solve,OPTIMAL,FEASIBLE_POINT,551529.7993964338,551529.7993964338,0,76416,76416,117268,156243,2388,0,2388,11940,2388,256,0,0,NaN,0,NaN,0.0,0.0,
1,14,MULTISTAGE_RH,NONE,shared_battery_mode_node_level_v1,SI-Drahi_10-d1-HET-ULO-BLO-d3d04947f5,TK-PB-Drahi_10-d1-HET-ULO-d8d80a9180-r1,SS-354317d12b7f,13,0,single_solve,OPTIMAL,FEASIBLE_POINT,551529.7993964338,551529.7993964338,0,76416,76416,117268,156243,2388,0,2388,11940,2388,256,0,0,NaN,0,NaN,0.0,0.0,
1,15,MULTISTAGE_RH,NONE,shared_battery_mode_node_level_v1,SI-Drahi_10-d1-HET-ULO-BLO-d3d04947f5,TK-PB-Drahi_10-d1-HET-ULO-d8d80a9180-r1,SS-354317d12b7f,13,0,single_solve,OPTIMAL,FEASIBLE_POINT,551529.7993964338,551529.7993964338,0,76416,76416,117268,156243,2388,0,2388,11940,2388,256,0,0,NaN,0,NaN,0.0,0.0,
1,16,MULTISTAGE_RH,NONE,shared_battery_mode_node_level_v1,SI-Drahi_10-d1-HET-ULO-BLO-d3d04947f5,TK-PB-Drahi_10-d1-HET-ULO-d8d80a9180-r1,SS-354317d12b7f,13,0,single_solve,OPTIMAL,FEASIBLE_POINT,551529.7993964338,551529.7993964338,0,76416,76416,117268,156243,2388,0,2388,11940,2388,256,0,0,NaN,0,NaN,0.0,0.0,
1,17,MULTISTAGE_RH,NONE,shared_battery_mode_node_level_v1,SI-Drahi_10-d1-HET-ULO-BLO-d3d04947f5,TK-PB-Drahi_10-d1-HET-ULO-d8d80a9180-r1,SS-c81930d9c8ba,17,0,single_solve,OPTIMAL,FEASIBLE_POINT,553236.4557254103,553236.4557254103,0,76416,76416,117268,157458,2388,0,2388,11940,2388,256,0,0,NaN,0,NaN,0.0,0.0,
1,18,MULTISTAGE_RH,NONE,shared_battery_mode_node_level_v1,SI-Drahi_10-d1-HET-ULO-BLO-d3d04947f5,TK-PB-Drahi_10-d1-HET-ULO-d8d80a9180-r1,SS-c81930d9c8ba,17,0,single_solve,OPTIMAL,FEASIBLE_POINT,553236.4557254103,553236.4557254103,0,76416,76416,117268,157458,2388,0,2388,11940,2388,256,0,0,NaN,0,NaN,0.0,0.0,
1,19,MULTISTAGE_RH,NONE,shared_battery_mode_node_level_v1,SI-Drahi_10-d1-HET-ULO-BLO-d3d04947f5,TK-PB-Drahi_10-d1-HET-ULO-d8d80a9180-r1,SS-c81930d9c8ba,17,0,single_solve,OPTIMAL,FEASIBLE_POINT,553236.4557254103,553236.4557254103,0,76416,76416,117268,157458,2388,0,2388,11940,2388,256,0,0,NaN,0,NaN,0.0,0.0,
1,20,MULTISTAGE_RH,NONE,shared_battery_mode_node_level_v1,SI-Drahi_10-d1-HET-ULO-BLO-d3d04947f5,TK-PB-Drahi_10-d1-HET-ULO-d8d80a9180-r1,SS-c81930d9c8ba,17,0,single_solve,OPTIMAL,FEASIBLE_POINT,553236.4557254103,553236.4557254103,0,76416,76416,117268,157458,2388,0,2388,11940,2388,256,0,0,NaN,0,NaN,0.0,0.0,
1,21,MULTISTAGE_RH,NONE,shared_battery_mode_node_level_v1,SI-Drahi_10-d1-HET-ULO-BLO-d3d04947f5,TK-PB-Drahi_10-d1-HET-ULO-d8d80a9180-r1,SS-3cf9bda45ea4,21,0,single_solve,OPTIMAL,FEASIBLE_POINT,554586.1893864964,554586.1893864964,0,76416,76416,117268,156483,2388,0,2388,11940,2388,256,0,0,NaN,0,NaN,0.0,0.0,
1,22,MULTISTAGE_RH,NONE,shared_battery_mode_node_level_v1,SI-Drahi_10-d1-HET-ULO-BLO-d3d04947f5,TK-PB-Drahi_10-d1-HET-ULO-d8d80a9180-r1,SS-3cf9bda45ea4,21,0,single_solve,OPTIMAL,FEASIBLE_POINT,554586.1893864964,554586.1893864964,0,76416,76416,117268,156483,2388,0,2388,11940,2388,256,0,0,NaN,0,NaN,0.0,0.0,
1,23,MULTISTAGE_RH,NONE,shared_battery_mode_node_level_v1,SI-Drahi_10-d1-HET-ULO-BLO-d3d04947f5,TK-PB-Drahi_10-d1-HET-ULO-d8d80a9180-r1,SS-3cf9bda45ea4,21,0,single_solve,OPTIMAL,FEASIBLE_POINT,554586.1893864964,554586.1893864964,0,76416,76416,117268,156483,2388,0,2388,11940,2388,256,0,0,NaN,0,NaN,0.0,0.0,
1,24,MULTISTAGE_RH,NONE,shared_battery_mode_node_level_v1,SI-Drahi_10-d1-HET-ULO-BLO-d3d04947f5,TK-PB-Drahi_10-d1-HET-ULO-d8d80a9180-r1,SS-3cf9bda45ea4,21,0,single_solve,OPTIMAL,FEASIBLE_POINT,554586.1893864964,554586.1893864964,0,76416,76416,117268,156483,2388,0,2388,11940,2388,256,0,0,NaN,0,NaN,7.216449660063518e-16,0.0,
1,1,MULTISTAGE_RH,PEA,shared_battery_mode_node_level_v1,SI-Drahi_10-d1-HET-ULO-BLO-d3d04947f5,TK-PB-Drahi_10-d1-HET-ULO-d8d80a9180-r1,SS-5d5bbea46d20,1,0,single_solve,OPTIMAL,FEASIBLE_POINT,665100.6376805974,665100.6376805974,0,76416,76416,117273,163383,2388,0,2388,11940,2388,256,0,0,NaN,0,NaN,0.0,2.8421709430404007e-13,
1,2,MULTISTAGE_RH,PEA,shared_battery_mode_node_level_v1,SI-Drahi_10-d1-HET-ULO-BLO-d3d04947f5,TK-PB-Drahi_10-d1-HET-ULO-d8d80a9180-r1,SS-5d5bbea46d20,1,0,single_solve,OPTIMAL,FEASIBLE_POINT,665100.6376805974,665100.6376805974,0,76416,76416,117273,163383,2388,0,2388,11940,2388,256,0,0,NaN,0,NaN,0.0,2.8421709430404007e-13,
1,3,MULTISTAGE_RH,PEA,shared_battery_mode_node_level_v1,SI-Drahi_10-d1-HET-ULO-BLO-d3d04947f5,TK-PB-Drahi_10-d1-HET-ULO-d8d80a9180-r1,SS-5d5bbea46d20,1,0,single_solve,OPTIMAL,FEASIBLE_POINT,665100.6376805974,665100.6376805974,0,76416,76416,117273,163383,2388,0,2388,11940,2388,256,0,0,NaN,0,NaN,0.0,2.8421709430404007e-13,
1,4,MULTISTAGE_RH,PEA,shared_battery_mode_node_level_v1,SI-Drahi_10-d1-HET-ULO-BLO-d3d04947f5,TK-PB-Drahi_10-d1-HET-ULO-d8d80a9180-r1,SS-5d5bbea46d20,1,0,single_solve,OPTIMAL,FEASIBLE_POINT,665100.6376805974,665100.6376805974,0,76416,76416,117273,163383,2388,0,2388,11940,2388,256,0,0,NaN,0,NaN,0.0,2.8421709430404007e-13,
1,5,MULTISTAGE_RH,PEA,shared_battery_mode_node_level_v1,SI-Drahi_10-d1-HET-ULO-BLO-d3d04947f5,TK-PB-Drahi_10-d1-HET-ULO-d8d80a9180-r1,SS-102adc95e052,5,0,single_solve,OPTIMAL,FEASIBLE_POINT,666503.0940587452,666503.0940587452,0,76416,76416,117273,159243,2388,0,2388,11940,2388,256,0,0,NaN,0,NaN,0.0,2.2737367544323206e-13,
1,6,MULTISTAGE_RH,PEA,shared_battery_mode_node_level_v1,SI-Drahi_10-d1-HET-ULO-BLO-d3d04947f5,TK-PB-Drahi_10-d1-HET-ULO-d8d80a9180-r1,SS-102adc95e052,5,0,single_solve,OPTIMAL,FEASIBLE_POINT,666503.0940587452,666503.0940587452,0,76416,76416,117273,159243,2388,0,2388,11940,2388,256,0,0,NaN,0,NaN,0.0,2.2737367544323206e-13,
1,7,MULTISTAGE_RH,PEA,shared_battery_mode_node_level_v1,SI-Drahi_10-d1-HET-ULO-BLO-d3d04947f5,TK-PB-Drahi_10-d1-HET-ULO-d8d80a9180-r1,SS-102adc95e052,5,0,single_solve,OPTIMAL,FEASIBLE_POINT,666503.0940587452,666503.0940587452,0,76416,76416,117273,159243,2388,0,2388,11940,2388,256,0,0,NaN,0,NaN,0.19500000000000006,2.2737367544323206e-13,
1,8,MULTISTAGE_RH,PEA,shared_battery_mode_node_level_v1,SI-Drahi_10-d1-HET-ULO-BLO-d3d04947f5,TK-PB-Drahi_10-d1-HET-ULO-d8d80a9180-r1,SS-102adc95e052,5,0,single_solve,OPTIMAL,FEASIBLE_POINT,666503.0940587452,666503.0940587452,0,76416,76416,117273,159243,2388,0,2388,11940,2388,256,0,0,NaN,0,NaN,7.216449660063518e-16,2.2737367544323206e-13,
1,9,MULTISTAGE_RH,PEA,shared_battery_mode_node_level_v1,SI-Drahi_10-d1-HET-ULO-BLO-d3d04947f5,TK-PB-Drahi_10-d1-HET-ULO-d8d80a9180-r1,SS-19da242d4543,9,0,single_solve,OPTIMAL,FEASIBLE_POINT,673031.5589520524,673031.5589520524,0,76416,76416,117273,163323,2388,0,2388,11940,2388,256,0,0,NaN,0,NaN,0.0,3.410605131648481e-13,
1,10,MULTISTAGE_RH,PEA,shared_battery_mode_node_level_v1,SI-Drahi_10-d1-HET-ULO-BLO-d3d04947f5,TK-PB-Drahi_10-d1-HET-ULO-d8d80a9180-r1,SS-19da242d4543,9,0,single_solve,OPTIMAL,FEASIBLE_POINT,673031.5589520524,673031.5589520524,0,76416,76416,117273,163323,2388,0,2388,11940,2388,256,0,0,NaN,0,NaN,2.842170943040401e-14,3.410605131648481e-13,
1,11,MULTISTAGE_RH,PEA,shared_battery_mode_node_level_v1,SI-Drahi_10-d1-HET-ULO-BLO-d3d04947f5,TK-PB-Drahi_10-d1-HET-ULO-d8d80a9180-r1,SS-19da242d4543,9,0,single_solve,OPTIMAL,FEASIBLE_POINT,673031.5589520524,673031.5589520524,0,76416,76416,117273,163323,2388,0,2388,11940,2388,256,0,0,NaN,0,NaN,4.0,3.410605131648481e-13,
1,12,MULTISTAGE_RH,PEA,shared_battery_mode_node_level_v1,SI-Drahi_10-d1-HET-ULO-BLO-d3d04947f5,TK-PB-Drahi_10-d1-HET-ULO-d8d80a9180-r1,SS-19da242d4543,9,0,single_solve,OPTIMAL,FEASIBLE_POINT,673031.5589520524,673031.5589520524,0,76416,76416,117273,163323,2388,0,2388,11940,2388,256,0,0,NaN,0,NaN,0.0,3.410605131648481e-13,
1,13,MULTISTAGE_RH,PEA,shared_battery_mode_node_level_v1,SI-Drahi_10-d1-HET-ULO-BLO-d3d04947f5,TK-PB-Drahi_10-d1-HET-ULO-d8d80a9180-r1,SS-354317d12b7f,13,0,single_solve,OPTIMAL,FEASIBLE_POINT,643838.8163768707,643838.8163768707,0,76416,76416,117273,168183,2388,0,2388,11940,2388,256,0,0,NaN,0,NaN,1.2693823915900104,1.4779288903810084e-12,
1,14,MULTISTAGE_RH,PEA,shared_battery_mode_node_level_v1,SI-Drahi_10-d1-HET-ULO-BLO-d3d04947f5,TK-PB-Drahi_10-d1-HET-ULO-d8d80a9180-r1,SS-354317d12b7f,13,0,single_solve,OPTIMAL,FEASIBLE_POINT,643838.8163768707,643838.8163768707,0,76416,76416,117273,168183,2388,0,2388,11940,2388,256,0,0,NaN,0,NaN,3.552713678800501e-15,1.4779288903810084e-12,
1,15,MULTISTAGE_RH,PEA,shared_battery_mode_node_level_v1,SI-Drahi_10-d1-HET-ULO-BLO-d3d04947f5,TK-PB-Drahi_10-d1-HET-ULO-d8d80a9180-r1,SS-354317d12b7f,13,0,single_solve,OPTIMAL,FEASIBLE_POINT,643838.8163768707,643838.8163768707,0,76416,76416,117273,168183,2388,0,2388,11940,2388,256,0,0,NaN,0,NaN,4.0,1.4779288903810084e-12,
1,16,MULTISTAGE_RH,PEA,shared_battery_mode_node_level_v1,SI-Drahi_10-d1-HET-ULO-BLO-d3d04947f5,TK-PB-Drahi_10-d1-HET-ULO-d8d80a9180-r1,SS-354317d12b7f,13,0,single_solve,OPTIMAL,FEASIBLE_POINT,643838.8163768707,643838.8163768707,0,76416,76416,117273,168183,2388,0,2388,11940,2388,256,0,0,NaN,0,NaN,0.0,1.4779288903810084e-12,
1,17,MULTISTAGE_RH,PEA,shared_battery_mode_node_level_v1,SI-Drahi_10-d1-HET-ULO-BLO-d3d04947f5,TK-PB-Drahi_10-d1-HET-ULO-d8d80a9180-r1,SS-c81930d9c8ba,17,0,single_solve,OPTIMAL,FEASIBLE_POINT,643074.6227739439,643074.6227739439,0,76416,76416,117273,169398,2388,0,2388,11940,2388,256,0,0,NaN,0,NaN,0.0,2.0463630789890885e-12,
1,18,MULTISTAGE_RH,PEA,shared_battery_mode_node_level_v1,SI-Drahi_10-d1-HET-ULO-BLO-d3d04947f5,TK-PB-Drahi_10-d1-HET-ULO-d8d80a9180-r1,SS-c81930d9c8ba,17,0,single_solve,OPTIMAL,FEASIBLE_POINT,643074.6227739439,643074.6227739439,0,76416,76416,117273,169398,2388,0,2388,11940,2388,256,0,0,NaN,0,NaN,0.0,2.0463630789890885e-12,
1,19,MULTISTAGE_RH,PEA,shared_battery_mode_node_level_v1,SI-Drahi_10-d1-HET-ULO-BLO-d3d04947f5,TK-PB-Drahi_10-d1-HET-ULO-d8d80a9180-r1,SS-c81930d9c8ba,17,0,single_solve,OPTIMAL,FEASIBLE_POINT,643074.6227739439,643074.6227739439,0,76416,76416,117273,169398,2388,0,2388,11940,2388,256,0,0,NaN,0,NaN,0.0,2.0463630789890885e-12,
1,20,MULTISTAGE_RH,PEA,shared_battery_mode_node_level_v1,SI-Drahi_10-d1-HET-ULO-BLO-d3d04947f5,TK-PB-Drahi_10-d1-HET-ULO-d8d80a9180-r1,SS-c81930d9c8ba,17,0,single_solve,OPTIMAL,FEASIBLE_POINT,643074.6227739439,643074.6227739439,0,76416,76416,117273,169398,2388,0,2388,11940,2388,256,0,0,NaN,0,NaN,0.0,2.0463630789890885e-12,
1,21,MULTISTAGE_RH,PEA,shared_battery_mode_node_level_v1,SI-Drahi_10-d1-HET-ULO-BLO-d3d04947f5,TK-PB-Drahi_10-d1-HET-ULO-d8d80a9180-r1,SS-3cf9bda45ea4,21,0,single_solve,OPTIMAL,FEASIBLE_POINT,646408.4689721379,646408.4689721379,0,76416,76416,117273,168423,2388,0,2388,11940,2388,256,0,0,NaN,0,NaN,0.0,3.979039320256561e-13,
1,22,MULTISTAGE_RH,PEA,shared_battery_mode_node_level_v1,SI-Drahi_10-d1-HET-ULO-BLO-d3d04947f5,TK-PB-Drahi_10-d1-HET-ULO-d8d80a9180-r1,SS-3cf9bda45ea4,21,0,single_solve,OPTIMAL,FEASIBLE_POINT,646408.4689721379,646408.4689721379,0,76416,76416,117273,168423,2388,0,2388,11940,2388,256,0,0,NaN,0,NaN,0.0,3.979039320256561e-13,
1,23,MULTISTAGE_RH,PEA,shared_battery_mode_node_level_v1,SI-Drahi_10-d1-HET-ULO-BLO-d3d04947f5,TK-PB-Drahi_10-d1-HET-ULO-d8d80a9180-r1,SS-3cf9bda45ea4,21,0,single_solve,OPTIMAL,FEASIBLE_POINT,646408.4689721379,646408.4689721379,0,76416,76416,117273,168423,2388,0,2388,11940,2388,256,0,0,NaN,0,NaN,0.0,3.979039320256561e-13,
1,24,MULTISTAGE_RH,PEA,shared_battery_mode_node_level_v1,SI-Drahi_10-d1-HET-ULO-BLO-d3d04947f5,TK-PB-Drahi_10-d1-HET-ULO-d8d80a9180-r1,SS-3cf9bda45ea4,21,0,single_solve,OPTIMAL,FEASIBLE_POINT,646408.4689721379,646408.4689721379,0,76416,76416,117273,168423,2388,0,2388,11940,2388,256,0,0,NaN,0,NaN,7.216449660063518e-16,3.979039320256561e-13,
1,1,MULTISTAGE_RH,SA,shared_battery_mode_node_level_v1,SI-Drahi_10-d1-HET-ULO-BLO-d3d04947f5,TK-PB-Drahi_10-d1-HET-ULO-d8d80a9180-r1,SS-5d5bbea46d20,1,0,single_solve,OPTIMAL,FEASIBLE_POINT,693036.3007573433,693036.3007573433,0,76416,76416,117273,330543,2388,0,2388,11940,2388,256,0,0,NaN,0,NaN,0.0,3.019522409886122e-10,
1,2,MULTISTAGE_RH,SA,shared_battery_mode_node_level_v1,SI-Drahi_10-d1-HET-ULO-BLO-d3d04947f5,TK-PB-Drahi_10-d1-HET-ULO-d8d80a9180-r1,SS-5d5bbea46d20,1,0,single_solve,OPTIMAL,FEASIBLE_POINT,693036.3007573433,693036.3007573433,0,76416,76416,117273,330543,2388,0,2388,11940,2388,256,0,0,NaN,0,NaN,0.0,3.019522409886122e-10,
1,3,MULTISTAGE_RH,SA,shared_battery_mode_node_level_v1,SI-Drahi_10-d1-HET-ULO-BLO-d3d04947f5,TK-PB-Drahi_10-d1-HET-ULO-d8d80a9180-r1,SS-5d5bbea46d20,1,0,single_solve,OPTIMAL,FEASIBLE_POINT,693036.3007573433,693036.3007573433,0,76416,76416,117273,330543,2388,0,2388,11940,2388,256,0,0,NaN,0,NaN,0.0,3.019522409886122e-10,
1,4,MULTISTAGE_RH,SA,shared_battery_mode_node_level_v1,SI-Drahi_10-d1-HET-ULO-BLO-d3d04947f5,TK-PB-Drahi_10-d1-HET-ULO-d8d80a9180-r1,SS-5d5bbea46d20,1,0,single_solve,OPTIMAL,FEASIBLE_POINT,693036.3007573433,693036.3007573433,0,76416,76416,117273,330543,2388,0,2388,11940,2388,256,0,0,NaN,0,NaN,0.0,3.019522409886122e-10,
1,5,MULTISTAGE_RH,SA,shared_battery_mode_node_level_v1,SI-Drahi_10-d1-HET-ULO-BLO-d3d04947f5,TK-PB-Drahi_10-d1-HET-ULO-d8d80a9180-r1,SS-102adc95e052,5,0,single_solve,OPTIMAL,FEASIBLE_POINT,683312.8729783252,683312.8729783252,0,76416,76416,117273,326403,2388,0,2388,11940,2388,256,0,0,NaN,0,NaN,1.6399474375821272,1.0186340659856796e-9,
1,6,MULTISTAGE_RH,SA,shared_battery_mode_node_level_v1,SI-Drahi_10-d1-HET-ULO-BLO-d3d04947f5,TK-PB-Drahi_10-d1-HET-ULO-d8d80a9180-r1,SS-102adc95e052,5,0,single_solve,OPTIMAL,FEASIBLE_POINT,683312.8729783252,683312.8729783252,0,76416,76416,117273,326403,2388,0,2388,11940,2388,256,0,0,NaN,0,NaN,0.0,1.0186340659856796e-9,
1,7,MULTISTAGE_RH,SA,shared_battery_mode_node_level_v1,SI-Drahi_10-d1-HET-ULO-BLO-d3d04947f5,TK-PB-Drahi_10-d1-HET-ULO-d8d80a9180-r1,SS-102adc95e052,5,0,single_solve,OPTIMAL,FEASIBLE_POINT,683312.8729783252,683312.8729783252,0,76416,76416,117273,326403,2388,0,2388,11940,2388,256,0,0,NaN,0,NaN,0.0,1.0186340659856796e-9,
1,8,MULTISTAGE_RH,SA,shared_battery_mode_node_level_v1,SI-Drahi_10-d1-HET-ULO-BLO-d3d04947f5,TK-PB-Drahi_10-d1-HET-ULO-d8d80a9180-r1,SS-102adc95e052,5,0,single_solve,OPTIMAL,FEASIBLE_POINT,683312.8729783252,683312.8729783252,0,76416,76416,117273,326403,2388,0,2388,11940,2388,256,0,0,NaN,0,NaN,7.216449660063518e-16,1.0186340659856796e-9,
1,9,MULTISTAGE_RH,SA,shared_battery_mode_node_level_v1,SI-Drahi_10-d1-HET-ULO-BLO-d3d04947f5,TK-PB-Drahi_10-d1-HET-ULO-d8d80a9180-r1,SS-19da242d4543,9,0,single_solve,OPTIMAL,FEASIBLE_POINT,693130.669172501,693130.669172501,0,76416,76416,117273,330483,2388,0,2388,11940,2388,256,0,0,NaN,0,NaN,0.0,4.911271389573812e-10,
1,10,MULTISTAGE_RH,SA,shared_battery_mode_node_level_v1,SI-Drahi_10-d1-HET-ULO-BLO-d3d04947f5,TK-PB-Drahi_10-d1-HET-ULO-d8d80a9180-r1,SS-19da242d4543,9,0,single_solve,OPTIMAL,FEASIBLE_POINT,693130.669172501,693130.669172501,0,76416,76416,117273,330483,2388,0,2388,11940,2388,256,0,0,NaN,0,NaN,0.0,4.911271389573812e-10,
1,11,MULTISTAGE_RH,SA,shared_battery_mode_node_level_v1,SI-Drahi_10-d1-HET-ULO-BLO-d3d04947f5,TK-PB-Drahi_10-d1-HET-ULO-d8d80a9180-r1,SS-19da242d4543,9,0,single_solve,OPTIMAL,FEASIBLE_POINT,693130.669172501,693130.669172501,0,76416,76416,117273,330483,2388,0,2388,11940,2388,256,0,0,NaN,0,NaN,0.0,4.911271389573812e-10,
1,12,MULTISTAGE_RH,SA,shared_battery_mode_node_level_v1,SI-Drahi_10-d1-HET-ULO-BLO-d3d04947f5,TK-PB-Drahi_10-d1-HET-ULO-d8d80a9180-r1,SS-19da242d4543,9,0,single_solve,OPTIMAL,FEASIBLE_POINT,693130.669172501,693130.669172501,0,76416,76416,117273,330483,2388,0,2388,11940,2388,256,0,0,NaN,0,NaN,1.4210854715202004e-14,4.911271389573812e-10,
1,13,MULTISTAGE_RH,SA,shared_battery_mode_node_level_v1,SI-Drahi_10-d1-HET-ULO-BLO-d3d04947f5,TK-PB-Drahi_10-d1-HET-ULO-d8d80a9180-r1,SS-354317d12b7f,13,0,single_solve,OPTIMAL,FEASIBLE_POINT,674227.0992971957,674227.0992971957,0,76416,76416,117273,335343,2388,0,2388,11940,2388,256,0,0,NaN,0,NaN,0.0,4.220055416226387e-10,
1,14,MULTISTAGE_RH,SA,shared_battery_mode_node_level_v1,SI-Drahi_10-d1-HET-ULO-BLO-d3d04947f5,TK-PB-Drahi_10-d1-HET-ULO-d8d80a9180-r1,SS-354317d12b7f,13,0,single_solve,OPTIMAL,FEASIBLE_POINT,674227.0992971957,674227.0992971957,0,76416,76416,117273,335343,2388,0,2388,11940,2388,256,0,0,NaN,0,NaN,1.7763568394002505e-15,4.220055416226387e-10,
1,15,MULTISTAGE_RH,SA,shared_battery_mode_node_level_v1,SI-Drahi_10-d1-HET-ULO-BLO-d3d04947f5,TK-PB-Drahi_10-d1-HET-ULO-d8d80a9180-r1,SS-354317d12b7f,13,0,single_solve,OPTIMAL,FEASIBLE_POINT,674227.0992971957,674227.0992971957,0,76416,76416,117273,335343,2388,0,2388,11940,2388,256,0,0,NaN,0,NaN,0.0,4.220055416226387e-10,
1,16,MULTISTAGE_RH,SA,shared_battery_mode_node_level_v1,SI-Drahi_10-d1-HET-ULO-BLO-d3d04947f5,TK-PB-Drahi_10-d1-HET-ULO-d8d80a9180-r1,SS-354317d12b7f,13,0,single_solve,OPTIMAL,FEASIBLE_POINT,674227.0992971957,674227.0992971957,0,76416,76416,117273,335343,2388,0,2388,11940,2388,256,0,0,NaN,0,NaN,0.0,4.220055416226387e-10,
1,17,MULTISTAGE_RH,SA,shared_battery_mode_node_level_v1,SI-Drahi_10-d1-HET-ULO-BLO-d3d04947f5,TK-PB-Drahi_10-d1-HET-ULO-d8d80a9180-r1,SS-c81930d9c8ba,17,0,single_solve,OPTIMAL,FEASIBLE_POINT,683718.664835402,683718.664835402,0,76416,76416,117273,336558,2388,0,2388,11940,2388,256,0,0,NaN,0,NaN,3.795006570302234,7.566995918750763e-10,
1,18,MULTISTAGE_RH,SA,shared_battery_mode_node_level_v1,SI-Drahi_10-d1-HET-ULO-BLO-d3d04947f5,TK-PB-Drahi_10-d1-HET-ULO-d8d80a9180-r1,SS-c81930d9c8ba,17,0,single_solve,OPTIMAL,FEASIBLE_POINT,683718.664835402,683718.664835402,0,76416,76416,117273,336558,2388,0,2388,11940,2388,256,0,0,NaN,0,NaN,0.0,7.566995918750763e-10,
1,19,MULTISTAGE_RH,SA,shared_battery_mode_node_level_v1,SI-Drahi_10-d1-HET-ULO-BLO-d3d04947f5,TK-PB-Drahi_10-d1-HET-ULO-d8d80a9180-r1,SS-c81930d9c8ba,17,0,single_solve,OPTIMAL,FEASIBLE_POINT,683718.664835402,683718.664835402,0,76416,76416,117273,336558,2388,0,2388,11940,2388,256,0,0,NaN,0,NaN,0.0,7.566995918750763e-10,
1,20,MULTISTAGE_RH,SA,shared_battery_mode_node_level_v1,SI-Drahi_10-d1-HET-ULO-BLO-d3d04947f5,TK-PB-Drahi_10-d1-HET-ULO-d8d80a9180-r1,SS-c81930d9c8ba,17,0,single_solve,OPTIMAL,FEASIBLE_POINT,683718.664835402,683718.664835402,0,76416,76416,117273,336558,2388,0,2388,11940,2388,256,0,0,NaN,0,NaN,0.0,7.566995918750763e-10,
1,21,MULTISTAGE_RH,SA,shared_battery_mode_node_level_v1,SI-Drahi_10-d1-HET-ULO-BLO-d3d04947f5,TK-PB-Drahi_10-d1-HET-ULO-d8d80a9180-r1,SS-3cf9bda45ea4,21,0,single_solve,OPTIMAL,FEASIBLE_POINT,672977.3983859417,672977.3983859417,0,76416,76416,117273,335583,2388,0,2388,11940,2388,256,0,0,NaN,0,NaN,0.0,4.220055416226387e-10,
1,22,MULTISTAGE_RH,SA,shared_battery_mode_node_level_v1,SI-Drahi_10-d1-HET-ULO-BLO-d3d04947f5,TK-PB-Drahi_10-d1-HET-ULO-d8d80a9180-r1,SS-3cf9bda45ea4,21,0,single_solve,OPTIMAL,FEASIBLE_POINT,672977.3983859417,672977.3983859417,0,76416,76416,117273,335583,2388,0,2388,11940,2388,256,0,0,NaN,0,NaN,1.4210854715202004e-14,4.220055416226387e-10,
1,23,MULTISTAGE_RH,SA,shared_battery_mode_node_level_v1,SI-Drahi_10-d1-HET-ULO-BLO-d3d04947f5,TK-PB-Drahi_10-d1-HET-ULO-d8d80a9180-r1,SS-3cf9bda45ea4,21,0,single_solve,OPTIMAL,FEASIBLE_POINT,672977.3983859417,672977.3983859417,0,76416,76416,117273,335583,2388,0,2388,11940,2388,256,0,0,NaN,0,NaN,0.0,4.220055416226387e-10,
1,24,MULTISTAGE_RH,SA,shared_battery_mode_node_level_v1,SI-Drahi_10-d1-HET-ULO-BLO-d3d04947f5,TK-PB-Drahi_10-d1-HET-ULO-d8d80a9180-r1,SS-3cf9bda45ea4,21,0,single_solve,OPTIMAL,FEASIBLE_POINT,672977.3983859417,672977.3983859417,0,76416,76416,117273,335583,2388,0,2388,11940,2388,256,0,0,NaN,0,NaN,0.0,4.220055416226387e-10,
1,1,MULTISTAGE_RH,STATIC_DEMAND_SHARE,shared_battery_mode_node_level_v1,SI-Drahi_10-d1-HET-ULO-BLO-d3d04947f5,TK-PB-Drahi_10-d1-HET-ULO-d8d80a9180-r1,SS-5d5bbea46d20,1,0,single_solve,OPTIMAL,FEASIBLE_POINT,565162.3763996284,565162.3763996284,0,76416,76416,129208,163383,2388,0,2388,11940,2388,256,0,0,NaN,0,NaN,0.0,0.0,
1,2,MULTISTAGE_RH,STATIC_DEMAND_SHARE,shared_battery_mode_node_level_v1,SI-Drahi_10-d1-HET-ULO-BLO-d3d04947f5,TK-PB-Drahi_10-d1-HET-ULO-d8d80a9180-r1,SS-5d5bbea46d20,1,0,single_solve,OPTIMAL,FEASIBLE_POINT,565162.3763996284,565162.3763996284,0,76416,76416,129208,163383,2388,0,2388,11940,2388,256,0,0,NaN,0,NaN,0.0,0.0,
1,3,MULTISTAGE_RH,STATIC_DEMAND_SHARE,shared_battery_mode_node_level_v1,SI-Drahi_10-d1-HET-ULO-BLO-d3d04947f5,TK-PB-Drahi_10-d1-HET-ULO-d8d80a9180-r1,SS-5d5bbea46d20,1,0,single_solve,OPTIMAL,FEASIBLE_POINT,565162.3763996284,565162.3763996284,0,76416,76416,129208,163383,2388,0,2388,11940,2388,256,0,0,NaN,0,NaN,0.0,0.0,
1,4,MULTISTAGE_RH,STATIC_DEMAND_SHARE,shared_battery_mode_node_level_v1,SI-Drahi_10-d1-HET-ULO-BLO-d3d04947f5,TK-PB-Drahi_10-d1-HET-ULO-d8d80a9180-r1,SS-5d5bbea46d20,1,0,single_solve,OPTIMAL,FEASIBLE_POINT,565162.3763996284,565162.3763996284,0,76416,76416,129208,163383,2388,0,2388,11940,2388,256,0,0,NaN,0,NaN,0.0,0.0,
1,5,MULTISTAGE_RH,STATIC_DEMAND_SHARE,shared_battery_mode_node_level_v1,SI-Drahi_10-d1-HET-ULO-BLO-d3d04947f5,TK-PB-Drahi_10-d1-HET-ULO-d8d80a9180-r1,SS-102adc95e052,5,0,single_solve,OPTIMAL,FEASIBLE_POINT,563146.6151649028,563146.6151649028,0,76416,76416,129208,159243,2388,0,2388,11940,2388,256,0,0,NaN,0,NaN,0.0,0.0,
1,6,MULTISTAGE_RH,STATIC_DEMAND_SHARE,shared_battery_mode_node_level_v1,SI-Drahi_10-d1-HET-ULO-BLO-d3d04947f5,TK-PB-Drahi_10-d1-HET-ULO-d8d80a9180-r1,SS-102adc95e052,5,0,single_solve,OPTIMAL,FEASIBLE_POINT,563146.6151649028,563146.6151649028,0,76416,76416,129208,159243,2388,0,2388,11940,2388,256,0,0,NaN,0,NaN,0.0,0.0,
1,7,MULTISTAGE_RH,STATIC_DEMAND_SHARE,shared_battery_mode_node_level_v1,SI-Drahi_10-d1-HET-ULO-BLO-d3d04947f5,TK-PB-Drahi_10-d1-HET-ULO-d8d80a9180-r1,SS-102adc95e052,5,0,single_solve,OPTIMAL,FEASIBLE_POINT,563146.6151649028,563146.6151649028,0,76416,76416,129208,159243,2388,0,2388,11940,2388,256,0,0,NaN,0,NaN,7.105427357601002e-15,0.0,
1,8,MULTISTAGE_RH,STATIC_DEMAND_SHARE,shared_battery_mode_node_level_v1,SI-Drahi_10-d1-HET-ULO-BLO-d3d04947f5,TK-PB-Drahi_10-d1-HET-ULO-d8d80a9180-r1,SS-102adc95e052,5,0,single_solve,OPTIMAL,FEASIBLE_POINT,563146.6151649028,563146.6151649028,0,76416,76416,129208,159243,2388,0,2388,11940,2388,256,0,0,NaN,0,NaN,1.4210854715202004e-14,0.0,
1,9,MULTISTAGE_RH,STATIC_DEMAND_SHARE,shared_battery_mode_node_level_v1,SI-Drahi_10-d1-HET-ULO-BLO-d3d04947f5,TK-PB-Drahi_10-d1-HET-ULO-d8d80a9180-r1,SS-19da242d4543,9,0,single_solve,OPTIMAL,FEASIBLE_POINT,550017.5411567364,550017.5411567364,0,76416,76416,129208,163323,2388,0,2388,11940,2388,256,0,0,NaN,0,NaN,0.0,0.0,
1,10,MULTISTAGE_RH,STATIC_DEMAND_SHARE,shared_battery_mode_node_level_v1,SI-Drahi_10-d1-HET-ULO-BLO-d3d04947f5,TK-PB-Drahi_10-d1-HET-ULO-d8d80a9180-r1,SS-19da242d4543,9,0,single_solve,OPTIMAL,FEASIBLE_POINT,550017.5411567364,550017.5411567364,0,76416,76416,129208,163323,2388,0,2388,11940,2388,256,0,0,NaN,0,NaN,0.0,0.0,
1,11,MULTISTAGE_RH,STATIC_DEMAND_SHARE,shared_battery_mode_node_level_v1,SI-Drahi_10-d1-HET-ULO-BLO-d3d04947f5,TK-PB-Drahi_10-d1-HET-ULO-d8d80a9180-r1,SS-19da242d4543,9,0,single_solve,OPTIMAL,FEASIBLE_POINT,550017.5411567364,550017.5411567364,0,76416,76416,129208,163323,2388,0,2388,11940,2388,256,0,0,NaN,0,NaN,0.0,0.0,
1,12,MULTISTAGE_RH,STATIC_DEMAND_SHARE,shared_battery_mode_node_level_v1,SI-Drahi_10-d1-HET-ULO-BLO-d3d04947f5,TK-PB-Drahi_10-d1-HET-ULO-d8d80a9180-r1,SS-19da242d4543,9,0,single_solve,OPTIMAL,FEASIBLE_POINT,550017.5411567364,550017.5411567364,0,76416,76416,129208,163323,2388,0,2388,11940,2388,256,0,0,NaN,0,NaN,0.0,0.0,
1,13,MULTISTAGE_RH,STATIC_DEMAND_SHARE,shared_battery_mode_node_level_v1,SI-Drahi_10-d1-HET-ULO-BLO-d3d04947f5,TK-PB-Drahi_10-d1-HET-ULO-d8d80a9180-r1,SS-354317d12b7f,13,0,single_solve,OPTIMAL,FEASIBLE_POINT,551536.6986511967,551536.6986511967,0,76416,76416,129208,168183,2388,0,2388,11940,2388,256,0,0,NaN,0,NaN,0.0,0.0,
1,14,MULTISTAGE_RH,STATIC_DEMAND_SHARE,shared_battery_mode_node_level_v1,SI-Drahi_10-d1-HET-ULO-BLO-d3d04947f5,TK-PB-Drahi_10-d1-HET-ULO-d8d80a9180-r1,SS-354317d12b7f,13,0,single_solve,OPTIMAL,FEASIBLE_POINT,551536.6986511967,551536.6986511967,0,76416,76416,129208,168183,2388,0,2388,11940,2388,256,0,0,NaN,0,NaN,0.0,0.0,
1,15,MULTISTAGE_RH,STATIC_DEMAND_SHARE,shared_battery_mode_node_level_v1,SI-Drahi_10-d1-HET-ULO-BLO-d3d04947f5,TK-PB-Drahi_10-d1-HET-ULO-d8d80a9180-r1,SS-354317d12b7f,13,0,single_solve,OPTIMAL,FEASIBLE_POINT,551536.6986511967,551536.6986511967,0,76416,76416,129208,168183,2388,0,2388,11940,2388,256,0,0,NaN,0,NaN,0.0,0.0,
1,16,MULTISTAGE_RH,STATIC_DEMAND_SHARE,shared_battery_mode_node_level_v1,SI-Drahi_10-d1-HET-ULO-BLO-d3d04947f5,TK-PB-Drahi_10-d1-HET-ULO-d8d80a9180-r1,SS-354317d12b7f,13,0,single_solve,OPTIMAL,FEASIBLE_POINT,551536.6986511967,551536.6986511967,0,76416,76416,129208,168183,2388,0,2388,11940,2388,256,0,0,NaN,0,NaN,0.0,0.0,
1,17,MULTISTAGE_RH,STATIC_DEMAND_SHARE,shared_battery_mode_node_level_v1,SI-Drahi_10-d1-HET-ULO-BLO-d3d04947f5,TK-PB-Drahi_10-d1-HET-ULO-d8d80a9180-r1,SS-c81930d9c8ba,17,0,single_solve,OPTIMAL,FEASIBLE_POINT,553236.45572541,553236.45572541,0,76416,76416,129208,169398,2388,0,2388,11940,2388,256,0,0,NaN,0,NaN,1.4210854715202004e-14,0.0,
1,18,MULTISTAGE_RH,STATIC_DEMAND_SHARE,shared_battery_mode_node_level_v1,SI-Drahi_10-d1-HET-ULO-BLO-d3d04947f5,TK-PB-Drahi_10-d1-HET-ULO-d8d80a9180-r1,SS-c81930d9c8ba,17,0,single_solve,OPTIMAL,FEASIBLE_POINT,553236.45572541,553236.45572541,0,76416,76416,129208,169398,2388,0,2388,11940,2388,256,0,0,NaN,0,NaN,0.0,0.0,
1,19,MULTISTAGE_RH,STATIC_DEMAND_SHARE,shared_battery_mode_node_level_v1,SI-Drahi_10-d1-HET-ULO-BLO-d3d04947f5,TK-PB-Drahi_10-d1-HET-ULO-d8d80a9180-r1,SS-c81930d9c8ba,17,0,single_solve,OPTIMAL,FEASIBLE_POINT,553236.45572541,553236.45572541,0,76416,76416,129208,169398,2388,0,2388,11940,2388,256,0,0,NaN,0,NaN,1.4210854715202004e-14,0.0,
1,20,MULTISTAGE_RH,STATIC_DEMAND_SHARE,shared_battery_mode_node_level_v1,SI-Drahi_10-d1-HET-ULO-BLO-d3d04947f5,TK-PB-Drahi_10-d1-HET-ULO-d8d80a9180-r1,SS-c81930d9c8ba,17,0,single_solve,OPTIMAL,FEASIBLE_POINT,553236.45572541,553236.45572541,0,76416,76416,129208,169398,2388,0,2388,11940,2388,256,0,0,NaN,0,NaN,0.0,0.0,
1,21,MULTISTAGE_RH,STATIC_DEMAND_SHARE,shared_battery_mode_node_level_v1,SI-Drahi_10-d1-HET-ULO-BLO-d3d04947f5,TK-PB-Drahi_10-d1-HET-ULO-d8d80a9180-r1,SS-3cf9bda45ea4,21,0,single_solve,OPTIMAL,FEASIBLE_POINT,554586.1893864967,554586.1893864967,0,76416,76416,129208,168423,2388,0,2388,11940,2388,256,0,0,NaN,0,NaN,0.0,0.0,
1,22,MULTISTAGE_RH,STATIC_DEMAND_SHARE,shared_battery_mode_node_level_v1,SI-Drahi_10-d1-HET-ULO-BLO-d3d04947f5,TK-PB-Drahi_10-d1-HET-ULO-d8d80a9180-r1,SS-3cf9bda45ea4,21,0,single_solve,OPTIMAL,FEASIBLE_POINT,554586.1893864967,554586.1893864967,0,76416,76416,129208,168423,2388,0,2388,11940,2388,256,0,0,NaN,0,NaN,0.0,0.0,
1,23,MULTISTAGE_RH,STATIC_DEMAND_SHARE,shared_battery_mode_node_level_v1,SI-Drahi_10-d1-HET-ULO-BLO-d3d04947f5,TK-PB-Drahi_10-d1-HET-ULO-d8d80a9180-r1,SS-3cf9bda45ea4,21,0,single_solve,OPTIMAL,FEASIBLE_POINT,554586.1893864967,554586.1893864967,0,76416,76416,129208,168423,2388,0,2388,11940,2388,256,0,0,NaN,0,NaN,0.0,0.0,
1,24,MULTISTAGE_RH,STATIC_DEMAND_SHARE,shared_battery_mode_node_level_v1,SI-Drahi_10-d1-HET-ULO-BLO-d3d04947f5,TK-PB-Drahi_10-d1-HET-ULO-d8d80a9180-r1,SS-3cf9bda45ea4,21,0,single_solve,OPTIMAL,FEASIBLE_POINT,554586.1893864967,554586.1893864967,0,76416,76416,129208,168423,2388,0,2388,11940,2388,256,0,0,NaN,0,NaN,7.216449660063518e-16,0.0,
1,1,TWO_STAGE_RH,LEXMMFPEA,shared_battery_mode_node_level_v1,SI-Drahi_10-d1-HET-ULO-BLO-d3d04947f5,TK-PB-Drahi_10-d1-HET-ULO-d8d80a9180-r1,SS-5d5bbea46d20,1,1,lex_phase_1,OPTIMAL,FEASIBLE_POINT,243.75975215910466,243.75975215910466,0,163998,163998,251382,460169,5124,0,5124,25620,5124,256,0,0,NaN,0,NaN,0.0,1.000000000000398,
1,1,TWO_STAGE_RH,LEXMMFPEA,shared_battery_mode_node_level_v1,SI-Drahi_10-d1-HET-ULO-BLO-d3d04947f5,TK-PB-Drahi_10-d1-HET-ULO-d8d80a9180-r1,SS-5d5bbea46d20,1,2,lex_phase_2,OPTIMAL,FEASIBLE_POINT,487.5195043182097,487.5195043182097,0,163998,163998,251383,460175,5124,0,5124,25620,5124,256,0,0,NaN,0,NaN,0.0,1.000000000000398,
1,1,TWO_STAGE_RH,LEXMMFPEA,shared_battery_mode_node_level_v1,SI-Drahi_10-d1-HET-ULO-BLO-d3d04947f5,TK-PB-Drahi_10-d1-HET-ULO-d8d80a9180-r1,SS-5d5bbea46d20,1,3,lex_phase_3,OPTIMAL,FEASIBLE_POINT,731.2792564773146,731.2792564773146,0,163998,163998,251384,460181,5124,0,5124,25620,5124,256,0,0,NaN,0,NaN,0.0,1.000000000000398,
1,1,TWO_STAGE_RH,LEXMMFPEA,shared_battery_mode_node_level_v1,SI-Drahi_10-d1-HET-ULO-BLO-d3d04947f5,TK-PB-Drahi_10-d1-HET-ULO-d8d80a9180-r1,SS-5d5bbea46d20,1,4,lex_phase_4,OPTIMAL,FEASIBLE_POINT,975.0390086364195,975.0390086364195,0,163998,163998,251385,460187,5124,0,5124,25620,5124,256,0,0,NaN,0,NaN,0.0,1.000000000000398,
1,1,TWO_STAGE_RH,LEXMMFPEA,shared_battery_mode_node_level_v1,SI-Drahi_10-d1-HET-ULO-BLO-d3d04947f5,TK-PB-Drahi_10-d1-HET-ULO-d8d80a9180-r1,SS-5d5bbea46d20,1,5,lex_phase_5,OPTIMAL,FEASIBLE_POINT,1218.7987607955238,1218.7987607955238,0,163998,163998,251386,460193,5124,0,5124,25620,5124,256,0,0,NaN,0,NaN,0.0,1.000000000000398,
1,1,TWO_STAGE_RH,LEXMMFPEA,shared_battery_mode_node_level_v1,SI-Drahi_10-d1-HET-ULO-BLO-d3d04947f5,TK-PB-Drahi_10-d1-HET-ULO-d8d80a9180-r1,SS-5d5bbea46d20,1,6,economic_tie_break,OPTIMAL,FEASIBLE_POINT,672512.4257661697,672512.4257661697,0,163998,163998,251387,460199,5124,0,5124,25620,5124,256,0,0,NaN,0,NaN,0.0,1.000000000000398,
1,2,TWO_STAGE_RH,LEXMMFPEA,shared_battery_mode_node_level_v1,SI-Drahi_10-d1-HET-ULO-BLO-d3d04947f5,TK-PB-Drahi_10-d1-HET-ULO-d8d80a9180-r1,SS-5d5bbea46d20,1,1,lex_phase_1,OPTIMAL,FEASIBLE_POINT,243.75975215910466,243.75975215910466,0,163998,163998,251382,460169,5124,0,5124,25620,5124,256,0,0,NaN,0,NaN,0.0,1.000000000000398,
1,2,TWO_STAGE_RH,LEXMMFPEA,shared_battery_mode_node_level_v1,SI-Drahi_10-d1-HET-ULO-BLO-d3d04947f5,TK-PB-Drahi_10-d1-HET-ULO-d8d80a9180-r1,SS-5d5bbea46d20,1,2,lex_phase_2,OPTIMAL,FEASIBLE_POINT,487.5195043182097,487.5195043182097,0,163998,163998,251383,460175,5124,0,5124,25620,5124,256,0,0,NaN,0,NaN,0.0,1.000000000000398,
1,2,TWO_STAGE_RH,LEXMMFPEA,shared_battery_mode_node_level_v1,SI-Drahi_10-d1-HET-ULO-BLO-d3d04947f5,TK-PB-Drahi_10-d1-HET-ULO-d8d80a9180-r1,SS-5d5bbea46d20,1,3,lex_phase_3,OPTIMAL,FEASIBLE_POINT,731.2792564773146,731.2792564773146,0,163998,163998,251384,460181,5124,0,5124,25620,5124,256,0,0,NaN,0,NaN,0.0,1.000000000000398,
1,2,TWO_STAGE_RH,LEXMMFPEA,shared_battery_mode_node_level_v1,SI-Drahi_10-d1-HET-ULO-BLO-d3d04947f5,TK-PB-Drahi_10-d1-HET-ULO-d8d80a9180-r1,SS-5d5bbea46d20,1,4,lex_phase_4,OPTIMAL,FEASIBLE_POINT,975.0390086364195,975.0390086364195,0,163998,163998,251385,460187,5124,0,5124,25620,5124,256,0,0,NaN,0,NaN,0.0,1.000000000000398,
1,2,TWO_STAGE_RH,LEXMMFPEA,shared_battery_mode_node_level_v1,SI-Drahi_10-d1-HET-ULO-BLO-d3d04947f5,TK-PB-Drahi_10-d1-HET-ULO-d8d80a9180-r1,SS-5d5bbea46d20,1,5,lex_phase_5,OPTIMAL,FEASIBLE_POINT,1218.7987607955238,1218.7987607955238,0,163998,163998,251386,460193,5124,0,5124,25620,5124,256,0,0,NaN,0,NaN,0.0,1.000000000000398,
1,2,TWO_STAGE_RH,LEXMMFPEA,shared_battery_mode_node_level_v1,SI-Drahi_10-d1-HET-ULO-BLO-d3d04947f5,TK-PB-Drahi_10-d1-HET-ULO-d8d80a9180-r1,SS-5d5bbea46d20,1,6,economic_tie_break,OPTIMAL,FEASIBLE_POINT,672512.4257661697,672512.4257661697,0,163998,163998,251387,460199,5124,0,5124,25620,5124,256,0,0,NaN,0,NaN,0.0,1.000000000000398,
1,3,TWO_STAGE_RH,LEXMMFPEA,shared_battery_mode_node_level_v1,SI-Drahi_10-d1-HET-ULO-BLO-d3d04947f5,TK-PB-Drahi_10-d1-HET-ULO-d8d80a9180-r1,SS-5d5bbea46d20,1,1,lex_phase_1,OPTIMAL,FEASIBLE_POINT,243.75975215910466,243.75975215910466,0,163998,163998,251382,460169,5124,0,5124,25620,5124,256,0,0,NaN,0,NaN,0.0,1.000000000000398,
1,3,TWO_STAGE_RH,LEXMMFPEA,shared_battery_mode_node_level_v1,SI-Drahi_10-d1-HET-ULO-BLO-d3d04947f5,TK-PB-Drahi_10-d1-HET-ULO-d8d80a9180-r1,SS-5d5bbea46d20,1,2,lex_phase_2,OPTIMAL,FEASIBLE_POINT,487.5195043182097,487.5195043182097,0,163998,163998,251383,460175,5124,0,5124,25620,5124,256,0,0,NaN,0,NaN,0.0,1.000000000000398,
1,3,TWO_STAGE_RH,LEXMMFPEA,shared_battery_mode_node_level_v1,SI-Drahi_10-d1-HET-ULO-BLO-d3d04947f5,TK-PB-Drahi_10-d1-HET-ULO-d8d80a9180-r1,SS-5d5bbea46d20,1,3,lex_phase_3,OPTIMAL,FEASIBLE_POINT,731.2792564773146,731.2792564773146,0,163998,163998,251384,460181,5124,0,5124,25620,5124,256,0,0,NaN,0,NaN,0.0,1.000000000000398,
1,3,TWO_STAGE_RH,LEXMMFPEA,shared_battery_mode_node_level_v1,SI-Drahi_10-d1-HET-ULO-BLO-d3d04947f5,TK-PB-Drahi_10-d1-HET-ULO-d8d80a9180-r1,SS-5d5bbea46d20,1,4,lex_phase_4,OPTIMAL,FEASIBLE_POINT,975.0390086364195,975.0390086364195,0,163998,163998,251385,460187,5124,0,5124,25620,5124,256,0,0,NaN,0,NaN,0.0,1.000000000000398,
1,3,TWO_STAGE_RH,LEXMMFPEA,shared_battery_mode_node_level_v1,SI-Drahi_10-d1-HET-ULO-BLO-d3d04947f5,TK-PB-Drahi_10-d1-HET-ULO-d8d80a9180-r1,SS-5d5bbea46d20,1,5,lex_phase_5,OPTIMAL,FEASIBLE_POINT,1218.7987607955238,1218.7987607955238,0,163998,163998,251386,460193,5124,0,5124,25620,5124,256,0,0,NaN,0,NaN,0.0,1.000000000000398,
1,3,TWO_STAGE_RH,LEXMMFPEA,shared_battery_mode_node_level_v1,SI-Drahi_10-d1-HET-ULO-BLO-d3d04947f5,TK-PB-Drahi_10-d1-HET-ULO-d8d80a9180-r1,SS-5d5bbea46d20,1,6,economic_tie_break,OPTIMAL,FEASIBLE_POINT,672512.4257661697,672512.4257661697,0,163998,163998,251387,460199,5124,0,5124,25620,5124,256,0,0,NaN,0,NaN,0.0,1.000000000000398,
1,4,TWO_STAGE_RH,LEXMMFPEA,shared_battery_mode_node_level_v1,SI-Drahi_10-d1-HET-ULO-BLO-d3d04947f5,TK-PB-Drahi_10-d1-HET-ULO-d8d80a9180-r1,SS-5d5bbea46d20,1,1,lex_phase_1,OPTIMAL,FEASIBLE_POINT,243.75975215910466,243.75975215910466,0,163998,163998,251382,460169,5124,0,5124,25620,5124,256,0,0,NaN,0,NaN,0.0,1.000000000000398,
1,4,TWO_STAGE_RH,LEXMMFPEA,shared_battery_mode_node_level_v1,SI-Drahi_10-d1-HET-ULO-BLO-d3d04947f5,TK-PB-Drahi_10-d1-HET-ULO-d8d80a9180-r1,SS-5d5bbea46d20,1,2,lex_phase_2,OPTIMAL,FEASIBLE_POINT,487.5195043182097,487.5195043182097,0,163998,163998,251383,460175,5124,0,5124,25620,5124,256,0,0,NaN,0,NaN,0.0,1.000000000000398,
1,4,TWO_STAGE_RH,LEXMMFPEA,shared_battery_mode_node_level_v1,SI-Drahi_10-d1-HET-ULO-BLO-d3d04947f5,TK-PB-Drahi_10-d1-HET-ULO-d8d80a9180-r1,SS-5d5bbea46d20,1,3,lex_phase_3,OPTIMAL,FEASIBLE_POINT,731.2792564773146,731.2792564773146,0,163998,163998,251384,460181,5124,0,5124,25620,5124,256,0,0,NaN,0,NaN,0.0,1.000000000000398,
1,4,TWO_STAGE_RH,LEXMMFPEA,shared_battery_mode_node_level_v1,SI-Drahi_10-d1-HET-ULO-BLO-d3d04947f5,TK-PB-Drahi_10-d1-HET-ULO-d8d80a9180-r1,SS-5d5bbea46d20,1,4,lex_phase_4,OPTIMAL,FEASIBLE_POINT,975.0390086364195,975.0390086364195,0,163998,163998,251385,460187,5124,0,5124,25620,5124,256,0,0,NaN,0,NaN,0.0,1.000000000000398,
1,4,TWO_STAGE_RH,LEXMMFPEA,shared_battery_mode_node_level_v1,SI-Drahi_10-d1-HET-ULO-BLO-d3d04947f5,TK-PB-Drahi_10-d1-HET-ULO-d8d80a9180-r1,SS-5d5bbea46d20,1,5,lex_phase_5,OPTIMAL,FEASIBLE_POINT,1218.7987607955238,1218.7987607955238,0,163998,163998,251386,460193,5124,0,5124,25620,5124,256,0,0,NaN,0,NaN,0.0,1.000000000000398,
1,4,TWO_STAGE_RH,LEXMMFPEA,shared_battery_mode_node_level_v1,SI-Drahi_10-d1-HET-ULO-BLO-d3d04947f5,TK-PB-Drahi_10-d1-HET-ULO-d8d80a9180-r1,SS-5d5bbea46d20,1,6,economic_tie_break,OPTIMAL,FEASIBLE_POINT,672512.4257661697,672512.4257661697,0,163998,163998,251387,460199,5124,0,5124,25620,5124,256,0,0,NaN,0,NaN,0.0,1.000000000000398,
1,5,TWO_STAGE_RH,LEXMMFPEA,shared_battery_mode_node_level_v1,SI-Drahi_10-d1-HET-ULO-BLO-d3d04947f5,TK-PB-Drahi_10-d1-HET-ULO-d8d80a9180-r1,SS-102adc95e052,5,1,lex_phase_1,OPTIMAL,FEASIBLE_POINT,238.41923246571622,238.41923246571622,0,163998,163998,251382,455069,5124,0,5124,25620,5124,256,0,0,NaN,0,NaN,0.0,1.000000000001478,
1,5,TWO_STAGE_RH,LEXMMFPEA,shared_battery_mode_node_level_v1,SI-Drahi_10-d1-HET-ULO-BLO-d3d04947f5,TK-PB-Drahi_10-d1-HET-ULO-d8d80a9180-r1,SS-102adc95e052,5,2,lex_phase_2,OPTIMAL,FEASIBLE_POINT,476.8384649314319,476.8384649314319,0,163998,163998,251383,455075,5124,0,5124,25620,5124,256,0,0,NaN,0,NaN,0.0,1.000000000001478,
1,5,TWO_STAGE_RH,LEXMMFPEA,shared_battery_mode_node_level_v1,SI-Drahi_10-d1-HET-ULO-BLO-d3d04947f5,TK-PB-Drahi_10-d1-HET-ULO-d8d80a9180-r1,SS-102adc95e052,5,3,lex_phase_3,OPTIMAL,FEASIBLE_POINT,715.2576973971478,715.2576973971478,0,163998,163998,251384,455081,5124,0,5124,25620,5124,256,0,0,NaN,0,NaN,0.0,1.000000000001478,
1,5,TWO_STAGE_RH,LEXMMFPEA,shared_battery_mode_node_level_v1,SI-Drahi_10-d1-HET-ULO-BLO-d3d04947f5,TK-PB-Drahi_10-d1-HET-ULO-d8d80a9180-r1,SS-102adc95e052,5,4,lex_phase_4,OPTIMAL,FEASIBLE_POINT,953.6769298628637,953.6769298628637,0,163998,163998,251385,455087,5124,0,5124,25620,5124,256,0,0,NaN,0,NaN,0.0,1.000000000001478,
1,5,TWO_STAGE_RH,LEXMMFPEA,shared_battery_mode_node_level_v1,SI-Drahi_10-d1-HET-ULO-BLO-d3d04947f5,TK-PB-Drahi_10-d1-HET-ULO-d8d80a9180-r1,SS-102adc95e052,5,5,lex_phase_5,OPTIMAL,FEASIBLE_POINT,1192.0961623285777,1192.0961623285777,0,163998,163998,251386,455093,5124,0,5124,25620,5124,256,0,0,NaN,0,NaN,0.0,1.000000000001478,
1,5,TWO_STAGE_RH,LEXMMFPEA,shared_battery_mode_node_level_v1,SI-Drahi_10-d1-HET-ULO-BLO-d3d04947f5,TK-PB-Drahi_10-d1-HET-ULO-d8d80a9180-r1,SS-102adc95e052,5,6,economic_tie_break,OPTIMAL,FEASIBLE_POINT,664624.6455713202,664624.6455713202,0,163998,163998,251387,455099,5124,0,5124,25620,5124,256,0,0,NaN,0,NaN,0.0,1.000000000001478,
1,6,TWO_STAGE_RH,LEXMMFPEA,shared_battery_mode_node_level_v1,SI-Drahi_10-d1-HET-ULO-BLO-d3d04947f5,TK-PB-Drahi_10-d1-HET-ULO-d8d80a9180-r1,SS-102adc95e052,5,1,lex_phase_1,OPTIMAL,FEASIBLE_POINT,238.41923246571622,238.41923246571622,0,163998,163998,251382,455069,5124,0,5124,25620,5124,256,0,0,NaN,0,NaN,1.4210854715202004e-14,1.000000000001478,
1,6,TWO_STAGE_RH,LEXMMFPEA,shared_battery_mode_node_level_v1,SI-Drahi_10-d1-HET-ULO-BLO-d3d04947f5,TK-PB-Drahi_10-d1-HET-ULO-d8d80a9180-r1,SS-102adc95e052,5,2,lex_phase_2,OPTIMAL,FEASIBLE_POINT,476.8384649314319,476.8384649314319,0,163998,163998,251383,455075,5124,0,5124,25620,5124,256,0,0,NaN,0,NaN,1.4210854715202004e-14,1.000000000001478,
1,6,TWO_STAGE_RH,LEXMMFPEA,shared_battery_mode_node_level_v1,SI-Drahi_10-d1-HET-ULO-BLO-d3d04947f5,TK-PB-Drahi_10-d1-HET-ULO-d8d80a9180-r1,SS-102adc95e052,5,3,lex_phase_3,OPTIMAL,FEASIBLE_POINT,715.2576973971478,715.2576973971478,0,163998,163998,251384,455081,5124,0,5124,25620,5124,256,0,0,NaN,0,NaN,1.4210854715202004e-14,1.000000000001478,
1,6,TWO_STAGE_RH,LEXMMFPEA,shared_battery_mode_node_level_v1,SI-Drahi_10-d1-HET-ULO-BLO-d3d04947f5,TK-PB-Drahi_10-d1-HET-ULO-d8d80a9180-r1,SS-102adc95e052,5,4,lex_phase_4,OPTIMAL,FEASIBLE_POINT,953.6769298628637,953.6769298628637,0,163998,163998,251385,455087,5124,0,5124,25620,5124,256,0,0,NaN,0,NaN,1.4210854715202004e-14,1.000000000001478,
1,6,TWO_STAGE_RH,LEXMMFPEA,shared_battery_mode_node_level_v1,SI-Drahi_10-d1-HET-ULO-BLO-d3d04947f5,TK-PB-Drahi_10-d1-HET-ULO-d8d80a9180-r1,SS-102adc95e052,5,5,lex_phase_5,OPTIMAL,FEASIBLE_POINT,1192.0961623285777,1192.0961623285777,0,163998,163998,251386,455093,5124,0,5124,25620,5124,256,0,0,NaN,0,NaN,1.4210854715202004e-14,1.000000000001478,
1,6,TWO_STAGE_RH,LEXMMFPEA,shared_battery_mode_node_level_v1,SI-Drahi_10-d1-HET-ULO-BLO-d3d04947f5,TK-PB-Drahi_10-d1-HET-ULO-d8d80a9180-r1,SS-102adc95e052,5,6,economic_tie_break,OPTIMAL,FEASIBLE_POINT,664624.6455713202,664624.6455713202,0,163998,163998,251387,455099,5124,0,5124,25620,5124,256,0,0,NaN,0,NaN,1.4210854715202004e-14,1.000000000001478,
1,7,TWO_STAGE_RH,LEXMMFPEA,shared_battery_mode_node_level_v1,SI-Drahi_10-d1-HET-ULO-BLO-d3d04947f5,TK-PB-Drahi_10-d1-HET-ULO-d8d80a9180-r1,SS-102adc95e052,5,1,lex_phase_1,OPTIMAL,FEASIBLE_POINT,238.41923246571622,238.41923246571622,0,163998,163998,251382,455069,5124,0,5124,25620,5124,256,0,0,NaN,0,NaN,0.0,1.000000000001478,
1,7,TWO_STAGE_RH,LEXMMFPEA,shared_battery_mode_node_level_v1,SI-Drahi_10-d1-HET-ULO-BLO-d3d04947f5,TK-PB-Drahi_10-d1-HET-ULO-d8d80a9180-r1,SS-102adc95e052,5,2,lex_phase_2,OPTIMAL,FEASIBLE_POINT,476.8384649314319,476.8384649314319,0,163998,163998,251383,455075,5124,0,5124,25620,5124,256,0,0,NaN,0,NaN,0.0,1.000000000001478,
1,7,TWO_STAGE_RH,LEXMMFPEA,shared_battery_mode_node_level_v1,SI-Drahi_10-d1-HET-ULO-BLO-d3d04947f5,TK-PB-Drahi_10-d1-HET-ULO-d8d80a9180-r1,SS-102adc95e052,5,3,lex_phase_3,OPTIMAL,FEASIBLE_POINT,715.2576973971478,715.2576973971478,0,163998,163998,251384,455081,5124,0,5124,25620,5124,256,0,0,NaN,0,NaN,0.0,1.000000000001478,
1,7,TWO_STAGE_RH,LEXMMFPEA,shared_battery_mode_node_level_v1,SI-Drahi_10-d1-HET-ULO-BLO-d3d04947f5,TK-PB-Drahi_10-d1-HET-ULO-d8d80a9180-r1,SS-102adc95e052,5,4,lex_phase_4,OPTIMAL,FEASIBLE_POINT,953.6769298628637,953.6769298628637,0,163998,163998,251385,455087,5124,0,5124,25620,5124,256,0,0,NaN,0,NaN,0.0,1.000000000001478,
1,7,TWO_STAGE_RH,LEXMMFPEA,shared_battery_mode_node_level_v1,SI-Drahi_10-d1-HET-ULO-BLO-d3d04947f5,TK-PB-Drahi_10-d1-HET-ULO-d8d80a9180-r1,SS-102adc95e052,5,5,lex_phase_5,OPTIMAL,FEASIBLE_POINT,1192.0961623285777,1192.0961623285777,0,163998,163998,251386,455093,5124,0,5124,25620,5124,256,0,0,NaN,0,NaN,0.0,1.000000000001478,
1,7,TWO_STAGE_RH,LEXMMFPEA,shared_battery_mode_node_level_v1,SI-Drahi_10-d1-HET-ULO-BLO-d3d04947f5,TK-PB-Drahi_10-d1-HET-ULO-d8d80a9180-r1,SS-102adc95e052,5,6,economic_tie_break,OPTIMAL,FEASIBLE_POINT,664624.6455713202,664624.6455713202,0,163998,163998,251387,455099,5124,0,5124,25620,5124,256,0,0,NaN,0,NaN,0.0,1.000000000001478,
1,8,TWO_STAGE_RH,LEXMMFPEA,shared_battery_mode_node_level_v1,SI-Drahi_10-d1-HET-ULO-BLO-d3d04947f5,TK-PB-Drahi_10-d1-HET-ULO-d8d80a9180-r1,SS-102adc95e052,5,1,lex_phase_1,OPTIMAL,FEASIBLE_POINT,238.41923246571622,238.41923246571622,0,163998,163998,251382,455069,5124,0,5124,25620,5124,256,0,0,NaN,0,NaN,7.216449660063518e-16,1.000000000001478,
1,8,TWO_STAGE_RH,LEXMMFPEA,shared_battery_mode_node_level_v1,SI-Drahi_10-d1-HET-ULO-BLO-d3d04947f5,TK-PB-Drahi_10-d1-HET-ULO-d8d80a9180-r1,SS-102adc95e052,5,2,lex_phase_2,OPTIMAL,FEASIBLE_POINT,476.8384649314319,476.8384649314319,0,163998,163998,251383,455075,5124,0,5124,25620,5124,256,0,0,NaN,0,NaN,7.216449660063518e-16,1.000000000001478,
1,8,TWO_STAGE_RH,LEXMMFPEA,shared_battery_mode_node_level_v1,SI-Drahi_10-d1-HET-ULO-BLO-d3d04947f5,TK-PB-Drahi_10-d1-HET-ULO-d8d80a9180-r1,SS-102adc95e052,5,3,lex_phase_3,OPTIMAL,FEASIBLE_POINT,715.2576973971478,715.2576973971478,0,163998,163998,251384,455081,5124,0,5124,25620,5124,256,0,0,NaN,0,NaN,7.216449660063518e-16,1.000000000001478,
1,8,TWO_STAGE_RH,LEXMMFPEA,shared_battery_mode_node_level_v1,SI-Drahi_10-d1-HET-ULO-BLO-d3d04947f5,TK-PB-Drahi_10-d1-HET-ULO-d8d80a9180-r1,SS-102adc95e052,5,4,lex_phase_4,OPTIMAL,FEASIBLE_POINT,953.6769298628637,953.6769298628637,0,163998,163998,251385,455087,5124,0,5124,25620,5124,256,0,0,NaN,0,NaN,7.216449660063518e-16,1.000000000001478,
1,8,TWO_STAGE_RH,LEXMMFPEA,shared_battery_mode_node_level_v1,SI-Drahi_10-d1-HET-ULO-BLO-d3d04947f5,TK-PB-Drahi_10-d1-HET-ULO-d8d80a9180-r1,SS-102adc95e052,5,5,lex_phase_5,OPTIMAL,FEASIBLE_POINT,1192.0961623285777,1192.0961623285777,0,163998,163998,251386,455093,5124,0,5124,25620,5124,256,0,0,NaN,0,NaN,7.216449660063518e-16,1.000000000001478,
1,8,TWO_STAGE_RH,LEXMMFPEA,shared_battery_mode_node_level_v1,SI-Drahi_10-d1-HET-ULO-BLO-d3d04947f5,TK-PB-Drahi_10-d1-HET-ULO-d8d80a9180-r1,SS-102adc95e052,5,6,economic_tie_break,OPTIMAL,FEASIBLE_POINT,664624.6455713202,664624.6455713202,0,163998,163998,251387,455099,5124,0,5124,25620,5124,256,0,0,NaN,0,NaN,7.216449660063518e-16,1.000000000001478,
1,9,TWO_STAGE_RH,LEXMMFPEA,shared_battery_mode_node_level_v1,SI-Drahi_10-d1-HET-ULO-BLO-d3d04947f5,TK-PB-Drahi_10-d1-HET-ULO-d8d80a9180-r1,SS-19da242d4543,9,1,lex_phase_1,OPTIMAL,FEASIBLE_POINT,310.0803967118398,310.0803967118398,0,163998,163998,251382,455069,5124,0,5124,25620,5124,256,0,0,NaN,0,NaN,0.0,1.0000000000017053,
1,9,TWO_STAGE_RH,LEXMMFPEA,shared_battery_mode_node_level_v1,SI-Drahi_10-d1-HET-ULO-BLO-d3d04947f5,TK-PB-Drahi_10-d1-HET-ULO-d8d80a9180-r1,SS-19da242d4543,9,2,lex_phase_2,OPTIMAL,FEASIBLE_POINT,620.1607934236806,620.1607934236806,0,163998,163998,251383,455075,5124,0,5124,25620,5124,256,0,0,NaN,0,NaN,0.0,1.0000000000017053,
1,9,TWO_STAGE_RH,LEXMMFPEA,shared_battery_mode_node_level_v1,SI-Drahi_10-d1-HET-ULO-BLO-d3d04947f5,TK-PB-Drahi_10-d1-HET-ULO-d8d80a9180-r1,SS-19da242d4543,9,3,lex_phase_3,OPTIMAL,FEASIBLE_POINT,930.2411901355209,930.2411901355209,0,163998,163998,251384,455081,5124,0,5124,25620,5124,256,0,0,NaN,0,NaN,0.0,1.0000000000017053,
1,9,TWO_STAGE_RH,LEXMMFPEA,shared_battery_mode_node_level_v1,SI-Drahi_10-d1-HET-ULO-BLO-d3d04947f5,TK-PB-Drahi_10-d1-HET-ULO-d8d80a9180-r1,SS-19da242d4543,9,4,lex_phase_4,OPTIMAL,FEASIBLE_POINT,1240.3215868473612,1240.3215868473612,0,163998,163998,251385,455087,5124,0,5124,25620,5124,256,0,0,NaN,0,NaN,0.0,1.0000000000017053,
1,9,TWO_STAGE_RH,LEXMMFPEA,shared_battery_mode_node_level_v1,SI-Drahi_10-d1-HET-ULO-BLO-d3d04947f5,TK-PB-Drahi_10-d1-HET-ULO-d8d80a9180-r1,SS-19da242d4543,9,5,lex_phase_5,OPTIMAL,FEASIBLE_POINT,1550.401983559202,1550.401983559202,0,163998,163998,251386,455093,5124,0,5124,25620,5124,256,0,0,NaN,0,NaN,0.0,1.0000000000017053,
1,9,TWO_STAGE_RH,LEXMMFPEA,shared_battery_mode_node_level_v1,SI-Drahi_10-d1-HET-ULO-BLO-d3d04947f5,TK-PB-Drahi_10-d1-HET-ULO-d8d80a9180-r1,SS-19da242d4543,9,6,economic_tie_break,OPTIMAL,FEASIBLE_POINT,667933.3433921546,667933.3433921546,0,163998,163998,251387,455099,5124,0,5124,25620,5124,256,0,0,NaN,0,NaN,0.0,1.0000000000017053,
1,10,TWO_STAGE_RH,LEXMMFPEA,shared_battery_mode_node_level_v1,SI-Drahi_10-d1-HET-ULO-BLO-d3d04947f5,TK-PB-Drahi_10-d1-HET-ULO-d8d80a9180-r1,SS-19da242d4543,9,1,lex_phase_1,OPTIMAL,FEASIBLE_POINT,310.0803967118398,310.0803967118398,0,163998,163998,251382,455069,5124,0,5124,25620,5124,256,0,0,NaN,0,NaN,0.0,1.0000000000017053,
1,10,TWO_STAGE_RH,LEXMMFPEA,shared_battery_mode_node_level_v1,SI-Drahi_10-d1-HET-ULO-BLO-d3d04947f5,TK-PB-Drahi_10-d1-HET-ULO-d8d80a9180-r1,SS-19da242d4543,9,2,lex_phase_2,OPTIMAL,FEASIBLE_POINT,620.1607934236806,620.1607934236806,0,163998,163998,251383,455075,5124,0,5124,25620,5124,256,0,0,NaN,0,NaN,0.0,1.0000000000017053,
1,10,TWO_STAGE_RH,LEXMMFPEA,shared_battery_mode_node_level_v1,SI-Drahi_10-d1-HET-ULO-BLO-d3d04947f5,TK-PB-Drahi_10-d1-HET-ULO-d8d80a9180-r1,SS-19da242d4543,9,3,lex_phase_3,OPTIMAL,FEASIBLE_POINT,930.2411901355209,930.2411901355209,0,163998,163998,251384,455081,5124,0,5124,25620,5124,256,0,0,NaN,0,NaN,0.0,1.0000000000017053,
1,10,TWO_STAGE_RH,LEXMMFPEA,shared_battery_mode_node_level_v1,SI-Drahi_10-d1-HET-ULO-BLO-d3d04947f5,TK-PB-Drahi_10-d1-HET-ULO-d8d80a9180-r1,SS-19da242d4543,9,4,lex_phase_4,OPTIMAL,FEASIBLE_POINT,1240.3215868473612,1240.3215868473612,0,163998,163998,251385,455087,5124,0,5124,25620,5124,256,0,0,NaN,0,NaN,0.0,1.0000000000017053,
1,10,TWO_STAGE_RH,LEXMMFPEA,shared_battery_mode_node_level_v1,SI-Drahi_10-d1-HET-ULO-BLO-d3d04947f5,TK-PB-Drahi_10-d1-HET-ULO-d8d80a9180-r1,SS-19da242d4543,9,5,lex_phase_5,OPTIMAL,FEASIBLE_POINT,1550.401983559202,1550.401983559202,0,163998,163998,251386,455093,5124,0,5124,25620,5124,256,0,0,NaN,0,NaN,0.0,1.0000000000017053,
1,10,TWO_STAGE_RH,LEXMMFPEA,shared_battery_mode_node_level_v1,SI-Drahi_10-d1-HET-ULO-BLO-d3d04947f5,TK-PB-Drahi_10-d1-HET-ULO-d8d80a9180-r1,SS-19da242d4543,9,6,economic_tie_break,OPTIMAL,FEASIBLE_POINT,667933.3433921546,667933.3433921546,0,163998,163998,251387,455099,5124,0,5124,25620,5124,256,0,0,NaN,0,NaN,0.0,1.0000000000017053,
1,11,TWO_STAGE_RH,LEXMMFPEA,shared_battery_mode_node_level_v1,SI-Drahi_10-d1-HET-ULO-BLO-d3d04947f5,TK-PB-Drahi_10-d1-HET-ULO-d8d80a9180-r1,SS-19da242d4543,9,1,lex_phase_1,OPTIMAL,FEASIBLE_POINT,310.0803967118398,310.0803967118398,0,163998,163998,251382,455069,5124,0,5124,25620,5124,256,0,0,NaN,0,NaN,4.0,1.0000000000017053,
1,11,TWO_STAGE_RH,LEXMMFPEA,shared_battery_mode_node_level_v1,SI-Drahi_10-d1-HET-ULO-BLO-d3d04947f5,TK-PB-Drahi_10-d1-HET-ULO-d8d80a9180-r1,SS-19da242d4543,9,2,lex_phase_2,OPTIMAL,FEASIBLE_POINT,620.1607934236806,620.1607934236806,0,163998,163998,251383,455075,5124,0,5124,25620,5124,256,0,0,NaN,0,NaN,4.0,1.0000000000017053,
1,11,TWO_STAGE_RH,LEXMMFPEA,shared_battery_mode_node_level_v1,SI-Drahi_10-d1-HET-ULO-BLO-d3d04947f5,TK-PB-Drahi_10-d1-HET-ULO-d8d80a9180-r1,SS-19da242d4543,9,3,lex_phase_3,OPTIMAL,FEASIBLE_POINT,930.2411901355209,930.2411901355209,0,163998,163998,251384,455081,5124,0,5124,25620,5124,256,0,0,NaN,0,NaN,4.0,1.0000000000017053,
1,11,TWO_STAGE_RH,LEXMMFPEA,shared_battery_mode_node_level_v1,SI-Drahi_10-d1-HET-ULO-BLO-d3d04947f5,TK-PB-Drahi_10-d1-HET-ULO-d8d80a9180-r1,SS-19da242d4543,9,4,lex_phase_4,OPTIMAL,FEASIBLE_POINT,1240.3215868473612,1240.3215868473612,0,163998,163998,251385,455087,5124,0,5124,25620,5124,256,0,0,NaN,0,NaN,4.0,1.0000000000017053,
1,11,TWO_STAGE_RH,LEXMMFPEA,shared_battery_mode_node_level_v1,SI-Drahi_10-d1-HET-ULO-BLO-d3d04947f5,TK-PB-Drahi_10-d1-HET-ULO-d8d80a9180-r1,SS-19da242d4543,9,5,lex_phase_5,OPTIMAL,FEASIBLE_POINT,1550.401983559202,1550.401983559202,0,163998,163998,251386,455093,5124,0,5124,25620,5124,256,0,0,NaN,0,NaN,4.0,1.0000000000017053,
1,11,TWO_STAGE_RH,LEXMMFPEA,shared_battery_mode_node_level_v1,SI-Drahi_10-d1-HET-ULO-BLO-d3d04947f5,TK-PB-Drahi_10-d1-HET-ULO-d8d80a9180-r1,SS-19da242d4543,9,6,economic_tie_break,OPTIMAL,FEASIBLE_POINT,667933.3433921546,667933.3433921546,0,163998,163998,251387,455099,5124,0,5124,25620,5124,256,0,0,NaN,0,NaN,4.0,1.0000000000017053,
1,12,TWO_STAGE_RH,LEXMMFPEA,shared_battery_mode_node_level_v1,SI-Drahi_10-d1-HET-ULO-BLO-d3d04947f5,TK-PB-Drahi_10-d1-HET-ULO-d8d80a9180-r1,SS-19da242d4543,9,1,lex_phase_1,OPTIMAL,FEASIBLE_POINT,310.0803967118398,310.0803967118398,0,163998,163998,251382,455069,5124,0,5124,25620,5124,256,0,0,NaN,0,NaN,3.552713678800501e-15,1.0000000000017053,
1,12,TWO_STAGE_RH,LEXMMFPEA,shared_battery_mode_node_level_v1,SI-Drahi_10-d1-HET-ULO-BLO-d3d04947f5,TK-PB-Drahi_10-d1-HET-ULO-d8d80a9180-r1,SS-19da242d4543,9,2,lex_phase_2,OPTIMAL,FEASIBLE_POINT,620.1607934236806,620.1607934236806,0,163998,163998,251383,455075,5124,0,5124,25620,5124,256,0,0,NaN,0,NaN,3.552713678800501e-15,1.0000000000017053,
1,12,TWO_STAGE_RH,LEXMMFPEA,shared_battery_mode_node_level_v1,SI-Drahi_10-d1-HET-ULO-BLO-d3d04947f5,TK-PB-Drahi_10-d1-HET-ULO-d8d80a9180-r1,SS-19da242d4543,9,3,lex_phase_3,OPTIMAL,FEASIBLE_POINT,930.2411901355209,930.2411901355209,0,163998,163998,251384,455081,5124,0,5124,25620,5124,256,0,0,NaN,0,NaN,3.552713678800501e-15,1.0000000000017053,
1,12,TWO_STAGE_RH,LEXMMFPEA,shared_battery_mode_node_level_v1,SI-Drahi_10-d1-HET-ULO-BLO-d3d04947f5,TK-PB-Drahi_10-d1-HET-ULO-d8d80a9180-r1,SS-19da242d4543,9,4,lex_phase_4,OPTIMAL,FEASIBLE_POINT,1240.3215868473612,1240.3215868473612,0,163998,163998,251385,455087,5124,0,5124,25620,5124,256,0,0,NaN,0,NaN,3.552713678800501e-15,1.0000000000017053,
1,12,TWO_STAGE_RH,LEXMMFPEA,shared_battery_mode_node_level_v1,SI-Drahi_10-d1-HET-ULO-BLO-d3d04947f5,TK-PB-Drahi_10-d1-HET-ULO-d8d80a9180-r1,SS-19da242d4543,9,5,lex_phase_5,OPTIMAL,FEASIBLE_POINT,1550.401983559202,1550.401983559202,0,163998,163998,251386,455093,5124,0,5124,25620,5124,256,0,0,NaN,0,NaN,3.552713678800501e-15,1.0000000000017053,
1,12,TWO_STAGE_RH,LEXMMFPEA,shared_battery_mode_node_level_v1,SI-Drahi_10-d1-HET-ULO-BLO-d3d04947f5,TK-PB-Drahi_10-d1-HET-ULO-d8d80a9180-r1,SS-19da242d4543,9,6,economic_tie_break,OPTIMAL,FEASIBLE_POINT,667933.3433921546,667933.3433921546,0,163998,163998,251387,455099,5124,0,5124,25620,5124,256,0,0,NaN,0,NaN,3.552713678800501e-15,1.0000000000017053,
1,13,TWO_STAGE_RH,LEXMMFPEA,shared_battery_mode_node_level_v1,SI-Drahi_10-d1-HET-ULO-BLO-d3d04947f5,TK-PB-Drahi_10-d1-HET-ULO-d8d80a9180-r1,SS-354317d12b7f,13,1,lex_phase_1,OPTIMAL,FEASIBLE_POINT,405.9662826059951,405.9662826059951,0,163998,163998,251382,455069,5124,0,5124,25620,5124,256,0,0,NaN,0,NaN,3.1406044678055185,1.0000000000004547,
1,13,TWO_STAGE_RH,LEXMMFPEA,shared_battery_mode_node_level_v1,SI-Drahi_10-d1-HET-ULO-BLO-d3d04947f5,TK-PB-Drahi_10-d1-HET-ULO-d8d80a9180-r1,SS-354317d12b7f,13,2,lex_phase_2,OPTIMAL,FEASIBLE_POINT,811.9325652119878,811.9325652119878,0,163998,163998,251383,455075,5124,0,5124,25620,5124,256,0,0,NaN,0,NaN,3.1406044678055185,1.0000000000004547,
1,13,TWO_STAGE_RH,LEXMMFPEA,shared_battery_mode_node_level_v1,SI-Drahi_10-d1-HET-ULO-BLO-d3d04947f5,TK-PB-Drahi_10-d1-HET-ULO-d8d80a9180-r1,SS-354317d12b7f,13,3,lex_phase_3,OPTIMAL,FEASIBLE_POINT,1217.8988478179817,1217.8988478179817,0,163998,163998,251384,455081,5124,0,5124,25620,5124,256,0,0,NaN,0,NaN,3.1406044678055185,1.0000000000004547,
1,13,TWO_STAGE_RH,LEXMMFPEA,shared_battery_mode_node_level_v1,SI-Drahi_10-d1-HET-ULO-BLO-d3d04947f5,TK-PB-Drahi_10-d1-HET-ULO-d8d80a9180-r1,SS-354317d12b7f,13,4,lex_phase_4,OPTIMAL,FEASIBLE_POINT,1623.8651304239756,1623.8651304239756,0,163998,163998,251385,455087,5124,0,5124,25620,5124,256,0,0,NaN,0,NaN,3.1406044678055185,1.0000000000004547,
1,13,TWO_STAGE_RH,LEXMMFPEA,shared_battery_mode_node_level_v1,SI-Drahi_10-d1-HET-ULO-BLO-d3d04947f5,TK-PB-Drahi_10-d1-HET-ULO-d8d80a9180-r1,SS-354317d12b7f,13,5,lex_phase_5,OPTIMAL,FEASIBLE_POINT,2029.8314130299725,2029.8314130299725,0,163998,163998,251386,455093,5124,0,5124,25620,5124,256,0,0,NaN,0,NaN,3.1406044678055185,1.0000000000004547,
1,13,TWO_STAGE_RH,LEXMMFPEA,shared_battery_mode_node_level_v1,SI-Drahi_10-d1-HET-ULO-BLO-d3d04947f5,TK-PB-Drahi_10-d1-HET-ULO-d8d80a9180-r1,SS-354317d12b7f,13,6,economic_tie_break,OPTIMAL,FEASIBLE_POINT,660178.2861441129,660178.2861441129,0,163998,163998,251387,455099,5124,0,5124,25620,5124,256,0,0,NaN,0,NaN,3.1406044678055185,1.0000000000004547,
1,14,TWO_STAGE_RH,LEXMMFPEA,shared_battery_mode_node_level_v1,SI-Drahi_10-d1-HET-ULO-BLO-d3d04947f5,TK-PB-Drahi_10-d1-HET-ULO-d8d80a9180-r1,SS-354317d12b7f,13,1,lex_phase_1,OPTIMAL,FEASIBLE_POINT,405.9662826059951,405.9662826059951,0,163998,163998,251382,455069,5124,0,5124,25620,5124,256,0,0,NaN,0,NaN,1.4210854715202004e-14,1.0000000000004547,
1,14,TWO_STAGE_RH,LEXMMFPEA,shared_battery_mode_node_level_v1,SI-Drahi_10-d1-HET-ULO-BLO-d3d04947f5,TK-PB-Drahi_10-d1-HET-ULO-d8d80a9180-r1,SS-354317d12b7f,13,2,lex_phase_2,OPTIMAL,FEASIBLE_POINT,811.9325652119878,811.9325652119878,0,163998,163998,251383,455075,5124,0,5124,25620,5124,256,0,0,NaN,0,NaN,1.4210854715202004e-14,1.0000000000004547,
1,14,TWO_STAGE_RH,LEXMMFPEA,shared_battery_mode_node_level_v1,SI-Drahi_10-d1-HET-ULO-BLO-d3d04947f5,TK-PB-Drahi_10-d1-HET-ULO-d8d80a9180-r1,SS-354317d12b7f,13,3,lex_phase_3,OPTIMAL,FEASIBLE_POINT,1217.8988478179817,1217.8988478179817,0,163998,163998,251384,455081,5124,0,5124,25620,5124,256,0,0,NaN,0,NaN,1.4210854715202004e-14,1.0000000000004547,
1,14,TWO_STAGE_RH,LEXMMFPEA,shared_battery_mode_node_level_v1,SI-Drahi_10-d1-HET-ULO-BLO-d3d04947f5,TK-PB-Drahi_10-d1-HET-ULO-d8d80a9180-r1,SS-354317d12b7f,13,4,lex_phase_4,OPTIMAL,FEASIBLE_POINT,1623.8651304239756,1623.8651304239756,0,163998,163998,251385,455087,5124,0,5124,25620,5124,256,0,0,NaN,0,NaN,1.4210854715202004e-14,1.0000000000004547,
1,14,TWO_STAGE_RH,LEXMMFPEA,shared_battery_mode_node_level_v1,SI-Drahi_10-d1-HET-ULO-BLO-d3d04947f5,TK-PB-Drahi_10-d1-HET-ULO-d8d80a9180-r1,SS-354317d12b7f,13,5,lex_phase_5,OPTIMAL,FEASIBLE_POINT,2029.8314130299725,2029.8314130299725,0,163998,163998,251386,455093,5124,0,5124,25620,5124,256,0,0,NaN,0,NaN,1.4210854715202004e-14,1.0000000000004547,
1,14,TWO_STAGE_RH,LEXMMFPEA,shared_battery_mode_node_level_v1,SI-Drahi_10-d1-HET-ULO-BLO-d3d04947f5,TK-PB-Drahi_10-d1-HET-ULO-d8d80a9180-r1,SS-354317d12b7f,13,6,economic_tie_break,OPTIMAL,FEASIBLE_POINT,660178.2861441129,660178.2861441129,0,163998,163998,251387,455099,5124,0,5124,25620,5124,256,0,0,NaN,0,NaN,1.4210854715202004e-14,1.0000000000004547,
1,15,TWO_STAGE_RH,LEXMMFPEA,shared_battery_mode_node_level_v1,SI-Drahi_10-d1-HET-ULO-BLO-d3d04947f5,TK-PB-Drahi_10-d1-HET-ULO-d8d80a9180-r1,SS-354317d12b7f,13,1,lex_phase_1,OPTIMAL,FEASIBLE_POINT,405.9662826059951,405.9662826059951,0,163998,163998,251382,455069,5124,0,5124,25620,5124,256,0,0,NaN,0,NaN,0.4099868593955289,1.0000000000004547,
1,15,TWO_STAGE_RH,LEXMMFPEA,shared_battery_mode_node_level_v1,SI-Drahi_10-d1-HET-ULO-BLO-d3d04947f5,TK-PB-Drahi_10-d1-HET-ULO-d8d80a9180-r1,SS-354317d12b7f,13,2,lex_phase_2,OPTIMAL,FEASIBLE_POINT,811.9325652119878,811.9325652119878,0,163998,163998,251383,455075,5124,0,5124,25620,5124,256,0,0,NaN,0,NaN,0.4099868593955289,1.0000000000004547,
1,15,TWO_STAGE_RH,LEXMMFPEA,shared_battery_mode_node_level_v1,SI-Drahi_10-d1-HET-ULO-BLO-d3d04947f5,TK-PB-Drahi_10-d1-HET-ULO-d8d80a9180-r1,SS-354317d12b7f,13,3,lex_phase_3,OPTIMAL,FEASIBLE_POINT,1217.8988478179817,1217.8988478179817,0,163998,163998,251384,455081,5124,0,5124,25620,5124,256,0,0,NaN,0,NaN,0.4099868593955289,1.0000000000004547,
1,15,TWO_STAGE_RH,LEXMMFPEA,shared_battery_mode_node_level_v1,SI-Drahi_10-d1-HET-ULO-BLO-d3d04947f5,TK-PB-Drahi_10-d1-HET-ULO-d8d80a9180-r1,SS-354317d12b7f,13,4,lex_phase_4,OPTIMAL,FEASIBLE_POINT,1623.8651304239756,1623.8651304239756,0,163998,163998,251385,455087,5124,0,5124,25620,5124,256,0,0,NaN,0,NaN,0.4099868593955289,1.0000000000004547,
1,15,TWO_STAGE_RH,LEXMMFPEA,shared_battery_mode_node_level_v1,SI-Drahi_10-d1-HET-ULO-BLO-d3d04947f5,TK-PB-Drahi_10-d1-HET-ULO-d8d80a9180-r1,SS-354317d12b7f,13,5,lex_phase_5,OPTIMAL,FEASIBLE_POINT,2029.8314130299725,2029.8314130299725,0,163998,163998,251386,455093,5124,0,5124,25620,5124,256,0,0,NaN,0,NaN,0.4099868593955289,1.0000000000004547,
1,15,TWO_STAGE_RH,LEXMMFPEA,shared_battery_mode_node_level_v1,SI-Drahi_10-d1-HET-ULO-BLO-d3d04947f5,TK-PB-Drahi_10-d1-HET-ULO-d8d80a9180-r1,SS-354317d12b7f,13,6,economic_tie_break,OPTIMAL,FEASIBLE_POINT,660178.2861441129,660178.2861441129,0,163998,163998,251387,455099,5124,0,5124,25620,5124,256,0,0,NaN,0,NaN,0.4099868593955289,1.0000000000004547,
1,16,TWO_STAGE_RH,LEXMMFPEA,shared_battery_mode_node_level_v1,SI-Drahi_10-d1-HET-ULO-BLO-d3d04947f5,TK-PB-Drahi_10-d1-HET-ULO-d8d80a9180-r1,SS-354317d12b7f,13,1,lex_phase_1,OPTIMAL,FEASIBLE_POINT,405.9662826059951,405.9662826059951,0,163998,163998,251382,455069,5124,0,5124,25620,5124,256,0,0,NaN,0,NaN,0.0,1.0000000000004547,
1,16,TWO_STAGE_RH,LEXMMFPEA,shared_battery_mode_node_level_v1,SI-Drahi_10-d1-HET-ULO-BLO-d3d04947f5,TK-PB-Drahi_10-d1-HET-ULO-d8d80a9180-r1,SS-354317d12b7f,13,2,lex_phase_2,OPTIMAL,FEASIBLE_POINT,811.9325652119878,811.9325652119878,0,163998,163998,251383,455075,5124,0,5124,25620,5124,256,0,0,NaN,0,NaN,0.0,1.0000000000004547,
1,16,TWO_STAGE_RH,LEXMMFPEA,shared_battery_mode_node_level_v1,SI-Drahi_10-d1-HET-ULO-BLO-d3d04947f5,TK-PB-Drahi_10-d1-HET-ULO-d8d80a9180-r1,SS-354317d12b7f,13,3,lex_phase_3,OPTIMAL,FEASIBLE_POINT,1217.8988478179817,1217.8988478179817,0,163998,163998,251384,455081,5124,0,5124,25620,5124,256,0,0,NaN,0,NaN,0.0,1.0000000000004547,
1,16,TWO_STAGE_RH,LEXMMFPEA,shared_battery_mode_node_level_v1,SI-Drahi_10-d1-HET-ULO-BLO-d3d04947f5,TK-PB-Drahi_10-d1-HET-ULO-d8d80a9180-r1,SS-354317d12b7f,13,4,lex_phase_4,OPTIMAL,FEASIBLE_POINT,1623.8651304239756,1623.8651304239756,0,163998,163998,251385,455087,5124,0,5124,25620,5124,256,0,0,NaN,0,NaN,0.0,1.0000000000004547,
1,16,TWO_STAGE_RH,LEXMMFPEA,shared_battery_mode_node_level_v1,SI-Drahi_10-d1-HET-ULO-BLO-d3d04947f5,TK-PB-Drahi_10-d1-HET-ULO-d8d80a9180-r1,SS-354317d12b7f,13,5,lex_phase_5,OPTIMAL,FEASIBLE_POINT,2029.8314130299725,2029.8314130299725,0,163998,163998,251386,455093,5124,0,5124,25620,5124,256,0,0,NaN,0,NaN,0.0,1.0000000000004547,
1,16,TWO_STAGE_RH,LEXMMFPEA,shared_battery_mode_node_level_v1,SI-Drahi_10-d1-HET-ULO-BLO-d3d04947f5,TK-PB-Drahi_10-d1-HET-ULO-d8d80a9180-r1,SS-354317d12b7f,13,6,economic_tie_break,OPTIMAL,FEASIBLE_POINT,660178.2861441129,660178.2861441129,0,163998,163998,251387,455099,5124,0,5124,25620,5124,256,0,0,NaN,0,NaN,0.0,1.0000000000004547,
1,17,TWO_STAGE_RH,LEXMMFPEA,shared_battery_mode_node_level_v1,SI-Drahi_10-d1-HET-ULO-BLO-d3d04947f5,TK-PB-Drahi_10-d1-HET-ULO-d8d80a9180-r1,SS-c81930d9c8ba,17,1,lex_phase_1,OPTIMAL,FEASIBLE_POINT,490.2717343635515,490.2717343635515,0,163998,163998,251382,456344,5124,0,5124,25620,5124,256,0,0,NaN,0,NaN,1.4210854715202004e-14,1.0000000000015916,
1,17,TWO_STAGE_RH,LEXMMFPEA,shared_battery_mode_node_level_v1,SI-Drahi_10-d1-HET-ULO-BLO-d3d04947f5,TK-PB-Drahi_10-d1-HET-ULO-d8d80a9180-r1,SS-c81930d9c8ba,17,2,lex_phase_2,OPTIMAL,FEASIBLE_POINT,980.5434687271035,980.5434687271035,0,163998,163998,251383,456350,5124,0,5124,25620,5124,256,0,0,NaN,0,NaN,1.4210854715202004e-14,1.0000000000015916,
1,17,TWO_STAGE_RH,LEXMMFPEA,shared_battery_mode_node_level_v1,SI-Drahi_10-d1-HET-ULO-BLO-d3d04947f5,TK-PB-Drahi_10-d1-HET-ULO-d8d80a9180-r1,SS-c81930d9c8ba,17,3,lex_phase_3,OPTIMAL,FEASIBLE_POINT,1470.8152030906551,1470.8152030906551,0,163998,163998,251384,456356,5124,0,5124,25620,5124,256,0,0,NaN,0,NaN,1.4210854715202004e-14,1.0000000000015916,
1,17,TWO_STAGE_RH,LEXMMFPEA,shared_battery_mode_node_level_v1,SI-Drahi_10-d1-HET-ULO-BLO-d3d04947f5,TK-PB-Drahi_10-d1-HET-ULO-d8d80a9180-r1,SS-c81930d9c8ba,17,4,lex_phase_4,OPTIMAL,FEASIBLE_POINT,1961.086937454207,1961.086937454207,0,163998,163998,251385,456362,5124,0,5124,25620,5124,256,0,0,NaN,0,NaN,1.4210854715202004e-14,1.0000000000015916,
1,17,TWO_STAGE_RH,LEXMMFPEA,shared_battery_mode_node_level_v1,SI-Drahi_10-d1-HET-ULO-BLO-d3d04947f5,TK-PB-Drahi_10-d1-HET-ULO-d8d80a9180-r1,SS-c81930d9c8ba,17,5,lex_phase_5,OPTIMAL,FEASIBLE_POINT,2451.358671817758,2451.358671817758,0,163998,163998,251386,456368,5124,0,5124,25620,5124,256,0,0,NaN,0,NaN,1.4210854715202004e-14,1.0000000000015916,
1,17,TWO_STAGE_RH,LEXMMFPEA,shared_battery_mode_node_level_v1,SI-Drahi_10-d1-HET-ULO-BLO-d3d04947f5,TK-PB-Drahi_10-d1-HET-ULO-d8d80a9180-r1,SS-c81930d9c8ba,17,6,economic_tie_break,OPTIMAL,FEASIBLE_POINT,675730.8497949396,675730.8497949396,0,163998,163998,251387,456374,5124,0,5124,25620,5124,256,0,0,NaN,0,NaN,1.4210854715202004e-14,1.0000000000015916,
1,18,TWO_STAGE_RH,LEXMMFPEA,shared_battery_mode_node_level_v1,SI-Drahi_10-d1-HET-ULO-BLO-d3d04947f5,TK-PB-Drahi_10-d1-HET-ULO-d8d80a9180-r1,SS-c81930d9c8ba,17,1,lex_phase_1,OPTIMAL,FEASIBLE_POINT,490.2717343635515,490.2717343635515,0,163998,163998,251382,456344,5124,0,5124,25620,5124,256,0,0,NaN,0,NaN,0.0,1.0000000000015916,
1,18,TWO_STAGE_RH,LEXMMFPEA,shared_battery_mode_node_level_v1,SI-Drahi_10-d1-HET-ULO-BLO-d3d04947f5,TK-PB-Drahi_10-d1-HET-ULO-d8d80a9180-r1,SS-c81930d9c8ba,17,2,lex_phase_2,OPTIMAL,FEASIBLE_POINT,980.5434687271035,980.5434687271035,0,163998,163998,251383,456350,5124,0,5124,25620,5124,256,0,0,NaN,0,NaN,0.0,1.0000000000015916,
1,18,TWO_STAGE_RH,LEXMMFPEA,shared_battery_mode_node_level_v1,SI-Drahi_10-d1-HET-ULO-BLO-d3d04947f5,TK-PB-Drahi_10-d1-HET-ULO-d8d80a9180-r1,SS-c81930d9c8ba,17,3,lex_phase_3,OPTIMAL,FEASIBLE_POINT,1470.8152030906551,1470.8152030906551,0,163998,163998,251384,456356,5124,0,5124,25620,5124,256,0,0,NaN,0,NaN,0.0,1.0000000000015916,
1,18,TWO_STAGE_RH,LEXMMFPEA,shared_battery_mode_node_level_v1,SI-Drahi_10-d1-HET-ULO-BLO-d3d04947f5,TK-PB-Drahi_10-d1-HET-ULO-d8d80a9180-r1,SS-c81930d9c8ba,17,4,lex_phase_4,OPTIMAL,FEASIBLE_POINT,1961.086937454207,1961.086937454207,0,163998,163998,251385,456362,5124,0,5124,25620,5124,256,0,0,NaN,0,NaN,0.0,1.0000000000015916,
1,18,TWO_STAGE_RH,LEXMMFPEA,shared_battery_mode_node_level_v1,SI-Drahi_10-d1-HET-ULO-BLO-d3d04947f5,TK-PB-Drahi_10-d1-HET-ULO-d8d80a9180-r1,SS-c81930d9c8ba,17,5,lex_phase_5,OPTIMAL,FEASIBLE_POINT,2451.358671817758,2451.358671817758,0,163998,163998,251386,456368,5124,0,5124,25620,5124,256,0,0,NaN,0,NaN,0.0,1.0000000000015916,
1,18,TWO_STAGE_RH,LEXMMFPEA,shared_battery_mode_node_level_v1,SI-Drahi_10-d1-HET-ULO-BLO-d3d04947f5,TK-PB-Drahi_10-d1-HET-ULO-d8d80a9180-r1,SS-c81930d9c8ba,17,6,economic_tie_break,OPTIMAL,FEASIBLE_POINT,675730.8497949396,675730.8497949396,0,163998,163998,251387,456374,5124,0,5124,25620,5124,256,0,0,NaN,0,NaN,0.0,1.0000000000015916,
1,19,TWO_STAGE_RH,LEXMMFPEA,shared_battery_mode_node_level_v1,SI-Drahi_10-d1-HET-ULO-BLO-d3d04947f5,TK-PB-Drahi_10-d1-HET-ULO-d8d80a9180-r1,SS-c81930d9c8ba,17,1,lex_phase_1,OPTIMAL,FEASIBLE_POINT,490.2717343635515,490.2717343635515,0,163998,163998,251382,456344,5124,0,5124,25620,5124,256,0,0,NaN,0,NaN,0.0,1.0000000000015916,
1,19,TWO_STAGE_RH,LEXMMFPEA,shared_battery_mode_node_level_v1,SI-Drahi_10-d1-HET-ULO-BLO-d3d04947f5,TK-PB-Drahi_10-d1-HET-ULO-d8d80a9180-r1,SS-c81930d9c8ba,17,2,lex_phase_2,OPTIMAL,FEASIBLE_POINT,980.5434687271035,980.5434687271035,0,163998,163998,251383,456350,5124,0,5124,25620,5124,256,0,0,NaN,0,NaN,0.0,1.0000000000015916,
1,19,TWO_STAGE_RH,LEXMMFPEA,shared_battery_mode_node_level_v1,SI-Drahi_10-d1-HET-ULO-BLO-d3d04947f5,TK-PB-Drahi_10-d1-HET-ULO-d8d80a9180-r1,SS-c81930d9c8ba,17,3,lex_phase_3,OPTIMAL,FEASIBLE_POINT,1470.8152030906551,1470.8152030906551,0,163998,163998,251384,456356,5124,0,5124,25620,5124,256,0,0,NaN,0,NaN,0.0,1.0000000000015916,
1,19,TWO_STAGE_RH,LEXMMFPEA,shared_battery_mode_node_level_v1,SI-Drahi_10-d1-HET-ULO-BLO-d3d04947f5,TK-PB-Drahi_10-d1-HET-ULO-d8d80a9180-r1,SS-c81930d9c8ba,17,4,lex_phase_4,OPTIMAL,FEASIBLE_POINT,1961.086937454207,1961.086937454207,0,163998,163998,251385,456362,5124,0,5124,25620,5124,256,0,0,NaN,0,NaN,0.0,1.0000000000015916,
1,19,TWO_STAGE_RH,LEXMMFPEA,shared_battery_mode_node_level_v1,SI-Drahi_10-d1-HET-ULO-BLO-d3d04947f5,TK-PB-Drahi_10-d1-HET-ULO-d8d80a9180-r1,SS-c81930d9c8ba,17,5,lex_phase_5,OPTIMAL,FEASIBLE_POINT,2451.358671817758,2451.358671817758,0,163998,163998,251386,456368,5124,0,5124,25620,5124,256,0,0,NaN,0,NaN,0.0,1.0000000000015916,
1,19,TWO_STAGE_RH,LEXMMFPEA,shared_battery_mode_node_level_v1,SI-Drahi_10-d1-HET-ULO-BLO-d3d04947f5,TK-PB-Drahi_10-d1-HET-ULO-d8d80a9180-r1,SS-c81930d9c8ba,17,6,economic_tie_break,OPTIMAL,FEASIBLE_POINT,675730.8497949396,675730.8497949396,0,163998,163998,251387,456374,5124,0,5124,25620,5124,256,0,0,NaN,0,NaN,0.0,1.0000000000015916,
1,20,TWO_STAGE_RH,LEXMMFPEA,shared_battery_mode_node_level_v1,SI-Drahi_10-d1-HET-ULO-BLO-d3d04947f5,TK-PB-Drahi_10-d1-HET-ULO-d8d80a9180-r1,SS-c81930d9c8ba,17,1,lex_phase_1,OPTIMAL,FEASIBLE_POINT,490.2717343635515,490.2717343635515,0,163998,163998,251382,456344,5124,0,5124,25620,5124,256,0,0,NaN,0,NaN,0.0,1.0000000000015916,
1,20,TWO_STAGE_RH,LEXMMFPEA,shared_battery_mode_node_level_v1,SI-Drahi_10-d1-HET-ULO-BLO-d3d04947f5,TK-PB-Drahi_10-d1-HET-ULO-d8d80a9180-r1,SS-c81930d9c8ba,17,2,lex_phase_2,OPTIMAL,FEASIBLE_POINT,980.5434687271035,980.5434687271035,0,163998,163998,251383,456350,5124,0,5124,25620,5124,256,0,0,NaN,0,NaN,0.0,1.0000000000015916,
1,20,TWO_STAGE_RH,LEXMMFPEA,shared_battery_mode_node_level_v1,SI-Drahi_10-d1-HET-ULO-BLO-d3d04947f5,TK-PB-Drahi_10-d1-HET-ULO-d8d80a9180-r1,SS-c81930d9c8ba,17,3,lex_phase_3,OPTIMAL,FEASIBLE_POINT,1470.8152030906551,1470.8152030906551,0,163998,163998,251384,456356,5124,0,5124,25620,5124,256,0,0,NaN,0,NaN,0.0,1.0000000000015916,
1,20,TWO_STAGE_RH,LEXMMFPEA,shared_battery_mode_node_level_v1,SI-Drahi_10-d1-HET-ULO-BLO-d3d04947f5,TK-PB-Drahi_10-d1-HET-ULO-d8d80a9180-r1,SS-c81930d9c8ba,17,4,lex_phase_4,OPTIMAL,FEASIBLE_POINT,1961.086937454207,1961.086937454207,0,163998,163998,251385,456362,5124,0,5124,25620,5124,256,0,0,NaN,0,NaN,0.0,1.0000000000015916,
1,20,TWO_STAGE_RH,LEXMMFPEA,shared_battery_mode_node_level_v1,SI-Drahi_10-d1-HET-ULO-BLO-d3d04947f5,TK-PB-Drahi_10-d1-HET-ULO-d8d80a9180-r1,SS-c81930d9c8ba,17,5,lex_phase_5,OPTIMAL,FEASIBLE_POINT,2451.358671817758,2451.358671817758,0,163998,163998,251386,456368,5124,0,5124,25620,5124,256,0,0,NaN,0,NaN,0.0,1.0000000000015916,
1,20,TWO_STAGE_RH,LEXMMFPEA,shared_battery_mode_node_level_v1,SI-Drahi_10-d1-HET-ULO-BLO-d3d04947f5,TK-PB-Drahi_10-d1-HET-ULO-d8d80a9180-r1,SS-c81930d9c8ba,17,6,economic_tie_break,OPTIMAL,FEASIBLE_POINT,675730.8497949396,675730.8497949396,0,163998,163998,251387,456374,5124,0,5124,25620,5124,256,0,0,NaN,0,NaN,0.0,1.0000000000015916,
1,21,TWO_STAGE_RH,LEXMMFPEA,shared_battery_mode_node_level_v1,SI-Drahi_10-d1-HET-ULO-BLO-d3d04947f5,TK-PB-Drahi_10-d1-HET-ULO-d8d80a9180-r1,SS-3cf9bda45ea4,21,1,lex_phase_1,OPTIMAL,FEASIBLE_POINT,502.5996664439156,502.5996664439156,0,163998,163998,251382,460169,5124,0,5124,25620,5124,256,0,0,NaN,0,NaN,0.42174515235456944,1.000000000001819,
1,21,TWO_STAGE_RH,LEXMMFPEA,shared_battery_mode_node_level_v1,SI-Drahi_10-d1-HET-ULO-BLO-d3d04947f5,TK-PB-Drahi_10-d1-HET-ULO-d8d80a9180-r1,SS-3cf9bda45ea4,21,2,lex_phase_2,OPTIMAL,FEASIBLE_POINT,1005.1993328878316,1005.1993328878316,0,163998,163998,251383,460175,5124,0,5124,25620,5124,256,0,0,NaN,0,NaN,0.42174515235456944,1.000000000001819,
1,21,TWO_STAGE_RH,LEXMMFPEA,shared_battery_mode_node_level_v1,SI-Drahi_10-d1-HET-ULO-BLO-d3d04947f5,TK-PB-Drahi_10-d1-HET-ULO-d8d80a9180-r1,SS-3cf9bda45ea4,21,3,lex_phase_3,OPTIMAL,FEASIBLE_POINT,1507.7989993317474,1507.7989993317474,0,163998,163998,251384,460181,5124,0,5124,25620,5124,256,0,0,NaN,0,NaN,0.42174515235456944,1.000000000001819,
1,21,TWO_STAGE_RH,LEXMMFPEA,shared_battery_mode_node_level_v1,SI-Drahi_10-d1-HET-ULO-BLO-d3d04947f5,TK-PB-Drahi_10-d1-HET-ULO-d8d80a9180-r1,SS-3cf9bda45ea4,21,4,lex_phase_4,OPTIMAL,FEASIBLE_POINT,2010.3986657756632,2010.3986657756632,0,163998,163998,251385,460187,5124,0,5124,25620,5124,256,0,0,NaN,0,NaN,0.42174515235456944,1.000000000001819,
1,21,TWO_STAGE_RH,LEXMMFPEA,shared_battery_mode_node_level_v1,SI-Drahi_10-d1-HET-ULO-BLO-d3d04947f5,TK-PB-Drahi_10-d1-HET-ULO-d8d80a9180-r1,SS-3cf9bda45ea4,21,5,lex_phase_5,OPTIMAL,FEASIBLE_POINT,2512.99833221958,2512.99833221958,0,163998,163998,251386,460193,5124,0,5124,25620,5124,256,0,0,NaN,0,NaN,0.42174515235456944,1.000000000001819,
1,21,TWO_STAGE_RH,LEXMMFPEA,shared_battery_mode_node_level_v1,SI-Drahi_10-d1-HET-ULO-BLO-d3d04947f5,TK-PB-Drahi_10-d1-HET-ULO-d8d80a9180-r1,SS-3cf9bda45ea4,21,6,economic_tie_break,OPTIMAL,FEASIBLE_POINT,665999.7315355198,665999.7315355198,0,163998,163998,251387,460199,5124,0,5124,25620,5124,256,0,0,NaN,0,NaN,0.42174515235456944,1.000000000001819,
1,22,TWO_STAGE_RH,LEXMMFPEA,shared_battery_mode_node_level_v1,SI-Drahi_10-d1-HET-ULO-BLO-d3d04947f5,TK-PB-Drahi_10-d1-HET-ULO-d8d80a9180-r1,SS-3cf9bda45ea4,21,1,lex_phase_1,OPTIMAL,FEASIBLE_POINT,502.5996664439156,502.5996664439156,0,163998,163998,251382,460169,5124,0,5124,25620,5124,256,0,0,NaN,0,NaN,0.0,1.000000000001819,
1,22,TWO_STAGE_RH,LEXMMFPEA,shared_battery_mode_node_level_v1,SI-Drahi_10-d1-HET-ULO-BLO-d3d04947f5,TK-PB-Drahi_10-d1-HET-ULO-d8d80a9180-r1,SS-3cf9bda45ea4,21,2,lex_phase_2,OPTIMAL,FEASIBLE_POINT,1005.1993328878316,1005.1993328878316,0,163998,163998,251383,460175,5124,0,5124,25620,5124,256,0,0,NaN,0,NaN,0.0,1.000000000001819,
1,22,TWO_STAGE_RH,LEXMMFPEA,shared_battery_mode_node_level_v1,SI-Drahi_10-d1-HET-ULO-BLO-d3d04947f5,TK-PB-Drahi_10-d1-HET-ULO-d8d80a9180-r1,SS-3cf9bda45ea4,21,3,lex_phase_3,OPTIMAL,FEASIBLE_POINT,1507.7989993317474,1507.7989993317474,0,163998,163998,251384,460181,5124,0,5124,25620,5124,256,0,0,NaN,0,NaN,0.0,1.000000000001819,
1,22,TWO_STAGE_RH,LEXMMFPEA,shared_battery_mode_node_level_v1,SI-Drahi_10-d1-HET-ULO-BLO-d3d04947f5,TK-PB-Drahi_10-d1-HET-ULO-d8d80a9180-r1,SS-3cf9bda45ea4,21,4,lex_phase_4,OPTIMAL,FEASIBLE_POINT,2010.3986657756632,2010.3986657756632,0,163998,163998,251385,460187,5124,0,5124,25620,5124,256,0,0,NaN,0,NaN,0.0,1.000000000001819,
1,22,TWO_STAGE_RH,LEXMMFPEA,shared_battery_mode_node_level_v1,SI-Drahi_10-d1-HET-ULO-BLO-d3d04947f5,TK-PB-Drahi_10-d1-HET-ULO-d8d80a9180-r1,SS-3cf9bda45ea4,21,5,lex_phase_5,OPTIMAL,FEASIBLE_POINT,2512.99833221958,2512.99833221958,0,163998,163998,251386,460193,5124,0,5124,25620,5124,256,0,0,NaN,0,NaN,0.0,1.000000000001819,
1,22,TWO_STAGE_RH,LEXMMFPEA,shared_battery_mode_node_level_v1,SI-Drahi_10-d1-HET-ULO-BLO-d3d04947f5,TK-PB-Drahi_10-d1-HET-ULO-d8d80a9180-r1,SS-3cf9bda45ea4,21,6,economic_tie_break,OPTIMAL,FEASIBLE_POINT,665999.7315355198,665999.7315355198,0,163998,163998,251387,460199,5124,0,5124,25620,5124,256,0,0,NaN,0,NaN,0.0,1.000000000001819,
1,23,TWO_STAGE_RH,LEXMMFPEA,shared_battery_mode_node_level_v1,SI-Drahi_10-d1-HET-ULO-BLO-d3d04947f5,TK-PB-Drahi_10-d1-HET-ULO-d8d80a9180-r1,SS-3cf9bda45ea4,21,1,lex_phase_1,OPTIMAL,FEASIBLE_POINT,502.5996664439156,502.5996664439156,0,163998,163998,251382,460169,5124,0,5124,25620,5124,256,0,0,NaN,0,NaN,0.0,1.000000000001819,
1,23,TWO_STAGE_RH,LEXMMFPEA,shared_battery_mode_node_level_v1,SI-Drahi_10-d1-HET-ULO-BLO-d3d04947f5,TK-PB-Drahi_10-d1-HET-ULO-d8d80a9180-r1,SS-3cf9bda45ea4,21,2,lex_phase_2,OPTIMAL,FEASIBLE_POINT,1005.1993328878316,1005.1993328878316,0,163998,163998,251383,460175,5124,0,5124,25620,5124,256,0,0,NaN,0,NaN,0.0,1.000000000001819,
1,23,TWO_STAGE_RH,LEXMMFPEA,shared_battery_mode_node_level_v1,SI-Drahi_10-d1-HET-ULO-BLO-d3d04947f5,TK-PB-Drahi_10-d1-HET-ULO-d8d80a9180-r1,SS-3cf9bda45ea4,21,3,lex_phase_3,OPTIMAL,FEASIBLE_POINT,1507.7989993317474,1507.7989993317474,0,163998,163998,251384,460181,5124,0,5124,25620,5124,256,0,0,NaN,0,NaN,0.0,1.000000000001819,
1,23,TWO_STAGE_RH,LEXMMFPEA,shared_battery_mode_node_level_v1,SI-Drahi_10-d1-HET-ULO-BLO-d3d04947f5,TK-PB-Drahi_10-d1-HET-ULO-d8d80a9180-r1,SS-3cf9bda45ea4,21,4,lex_phase_4,OPTIMAL,FEASIBLE_POINT,2010.3986657756632,2010.3986657756632,0,163998,163998,251385,460187,5124,0,5124,25620,5124,256,0,0,NaN,0,NaN,0.0,1.000000000001819,
1,23,TWO_STAGE_RH,LEXMMFPEA,shared_battery_mode_node_level_v1,SI-Drahi_10-d1-HET-ULO-BLO-d3d04947f5,TK-PB-Drahi_10-d1-HET-ULO-d8d80a9180-r1,SS-3cf9bda45ea4,21,5,lex_phase_5,OPTIMAL,FEASIBLE_POINT,2512.99833221958,2512.99833221958,0,163998,163998,251386,460193,5124,0,5124,25620,5124,256,0,0,NaN,0,NaN,0.0,1.000000000001819,
1,23,TWO_STAGE_RH,LEXMMFPEA,shared_battery_mode_node_level_v1,SI-Drahi_10-d1-HET-ULO-BLO-d3d04947f5,TK-PB-Drahi_10-d1-HET-ULO-d8d80a9180-r1,SS-3cf9bda45ea4,21,6,economic_tie_break,OPTIMAL,FEASIBLE_POINT,665999.7315355198,665999.7315355198,0,163998,163998,251387,460199,5124,0,5124,25620,5124,256,0,0,NaN,0,NaN,0.0,1.000000000001819,
1,24,TWO_STAGE_RH,LEXMMFPEA,shared_battery_mode_node_level_v1,SI-Drahi_10-d1-HET-ULO-BLO-d3d04947f5,TK-PB-Drahi_10-d1-HET-ULO-d8d80a9180-r1,SS-3cf9bda45ea4,21,1,lex_phase_1,OPTIMAL,FEASIBLE_POINT,502.5996664439156,502.5996664439156,0,163998,163998,251382,460169,5124,0,5124,25620,5124,256,0,0,NaN,0,NaN,7.216449660063518e-16,1.000000000001819,
1,24,TWO_STAGE_RH,LEXMMFPEA,shared_battery_mode_node_level_v1,SI-Drahi_10-d1-HET-ULO-BLO-d3d04947f5,TK-PB-Drahi_10-d1-HET-ULO-d8d80a9180-r1,SS-3cf9bda45ea4,21,2,lex_phase_2,OPTIMAL,FEASIBLE_POINT,1005.1993328878316,1005.1993328878316,0,163998,163998,251383,460175,5124,0,5124,25620,5124,256,0,0,NaN,0,NaN,7.216449660063518e-16,1.000000000001819,
1,24,TWO_STAGE_RH,LEXMMFPEA,shared_battery_mode_node_level_v1,SI-Drahi_10-d1-HET-ULO-BLO-d3d04947f5,TK-PB-Drahi_10-d1-HET-ULO-d8d80a9180-r1,SS-3cf9bda45ea4,21,3,lex_phase_3,OPTIMAL,FEASIBLE_POINT,1507.7989993317474,1507.7989993317474,0,163998,163998,251384,460181,5124,0,5124,25620,5124,256,0,0,NaN,0,NaN,7.216449660063518e-16,1.000000000001819,
1,24,TWO_STAGE_RH,LEXMMFPEA,shared_battery_mode_node_level_v1,SI-Drahi_10-d1-HET-ULO-BLO-d3d04947f5,TK-PB-Drahi_10-d1-HET-ULO-d8d80a9180-r1,SS-3cf9bda45ea4,21,4,lex_phase_4,OPTIMAL,FEASIBLE_POINT,2010.3986657756632,2010.3986657756632,0,163998,163998,251385,460187,5124,0,5124,25620,5124,256,0,0,NaN,0,NaN,7.216449660063518e-16,1.000000000001819,
1,24,TWO_STAGE_RH,LEXMMFPEA,shared_battery_mode_node_level_v1,SI-Drahi_10-d1-HET-ULO-BLO-d3d04947f5,TK-PB-Drahi_10-d1-HET-ULO-d8d80a9180-r1,SS-3cf9bda45ea4,21,5,lex_phase_5,OPTIMAL,FEASIBLE_POINT,2512.99833221958,2512.99833221958,0,163998,163998,251386,460193,5124,0,5124,25620,5124,256,0,0,NaN,0,NaN,7.216449660063518e-16,1.000000000001819,
1,24,TWO_STAGE_RH,LEXMMFPEA,shared_battery_mode_node_level_v1,SI-Drahi_10-d1-HET-ULO-BLO-d3d04947f5,TK-PB-Drahi_10-d1-HET-ULO-d8d80a9180-r1,SS-3cf9bda45ea4,21,6,economic_tie_break,OPTIMAL,FEASIBLE_POINT,665999.7315355198,665999.7315355198,0,163998,163998,251387,460199,5124,0,5124,25620,5124,256,0,0,NaN,0,NaN,7.216449660063518e-16,1.000000000001819,
1,1,TWO_STAGE_RH,LEXMMFSA,shared_battery_mode_node_level_v1,SI-Drahi_10-d1-HET-ULO-BLO-d3d04947f5,TK-PB-Drahi_10-d1-HET-ULO-d8d80a9180-r1,SS-5d5bbea46d20,1,1,lex_phase_1,OPTIMAL,FEASIBLE_POINT,18982.31080697889,18982.31080697889,0,163998,163998,251382,716369,5124,0,5124,25620,5124,256,0,0,NaN,0,NaN,0.0,1.0000000002255547,
1,1,TWO_STAGE_RH,LEXMMFSA,shared_battery_mode_node_level_v1,SI-Drahi_10-d1-HET-ULO-BLO-d3d04947f5,TK-PB-Drahi_10-d1-HET-ULO-d8d80a9180-r1,SS-5d5bbea46d20,1,2,lex_phase_2,OPTIMAL,FEASIBLE_POINT,37964.62161395809,37964.62161395809,0,163998,163998,251383,716375,5124,0,5124,25620,5124,256,0,0,NaN,0,NaN,0.0,1.0000000002255547,
1,1,TWO_STAGE_RH,LEXMMFSA,shared_battery_mode_node_level_v1,SI-Drahi_10-d1-HET-ULO-BLO-d3d04947f5,TK-PB-Drahi_10-d1-HET-ULO-d8d80a9180-r1,SS-5d5bbea46d20,1,3,lex_phase_3,OPTIMAL,FEASIBLE_POINT,56946.932420937126,56946.932420937126,0,163998,163998,251384,716381,5124,0,5124,25620,5124,256,0,0,NaN,0,NaN,0.0,1.0000000002255547,
1,1,TWO_STAGE_RH,LEXMMFSA,shared_battery_mode_node_level_v1,SI-Drahi_10-d1-HET-ULO-BLO-d3d04947f5,TK-PB-Drahi_10-d1-HET-ULO-d8d80a9180-r1,SS-5d5bbea46d20,1,4,lex_phase_4,OPTIMAL,FEASIBLE_POINT,75929.24322791617,75929.24322791617,0,163998,163998,251385,716387,5124,0,5124,25620,5124,256,0,0,NaN,0,NaN,0.0,1.0000000002255547,
1,1,TWO_STAGE_RH,LEXMMFSA,shared_battery_mode_node_level_v1,SI-Drahi_10-d1-HET-ULO-BLO-d3d04947f5,TK-PB-Drahi_10-d1-HET-ULO-d8d80a9180-r1,SS-5d5bbea46d20,1,5,lex_phase_5,OPTIMAL,FEASIBLE_POINT,94929.7150348824,94929.7150348824,0,163998,163998,251386,716393,5124,0,5124,25620,5124,256,0,0,NaN,0,NaN,0.0,1.0000000002255547,
1,1,TWO_STAGE_RH,LEXMMFSA,shared_battery_mode_node_level_v1,SI-Drahi_10-d1-HET-ULO-BLO-d3d04947f5,TK-PB-Drahi_10-d1-HET-ULO-d8d80a9180-r1,SS-5d5bbea46d20,1,6,economic_tie_break,OPTIMAL,FEASIBLE_POINT,694496.2675521614,694496.2675521614,0,163998,163998,251387,716399,5124,0,5124,25620,5124,256,0,0,NaN,0,NaN,0.0,1.0000000002255547,
1,2,TWO_STAGE_RH,LEXMMFSA,shared_battery_mode_node_level_v1,SI-Drahi_10-d1-HET-ULO-BLO-d3d04947f5,TK-PB-Drahi_10-d1-HET-ULO-d8d80a9180-r1,SS-5d5bbea46d20,1,1,lex_phase_1,OPTIMAL,FEASIBLE_POINT,18982.31080697889,18982.31080697889,0,163998,163998,251382,716369,5124,0,5124,25620,5124,256,0,0,NaN,0,NaN,0.0,1.0000000002255547,
1,2,TWO_STAGE_RH,LEXMMFSA,shared_battery_mode_node_level_v1,SI-Drahi_10-d1-HET-ULO-BLO-d3d04947f5,TK-PB-Drahi_10-d1-HET-ULO-d8d80a9180-r1,SS-5d5bbea46d20,1,2,lex_phase_2,OPTIMAL,FEASIBLE_POINT,37964.62161395809,37964.62161395809,0,163998,163998,251383,716375,5124,0,5124,25620,5124,256,0,0,NaN,0,NaN,0.0,1.0000000002255547,
1,2,TWO_STAGE_RH,LEXMMFSA,shared_battery_mode_node_level_v1,SI-Drahi_10-d1-HET-ULO-BLO-d3d04947f5,TK-PB-Drahi_10-d1-HET-ULO-d8d80a9180-r1,SS-5d5bbea46d20,1,3,lex_phase_3,OPTIMAL,FEASIBLE_POINT,56946.932420937126,56946.932420937126,0,163998,163998,251384,716381,5124,0,5124,25620,5124,256,0,0,NaN,0,NaN,0.0,1.0000000002255547,
1,2,TWO_STAGE_RH,LEXMMFSA,shared_battery_mode_node_level_v1,SI-Drahi_10-d1-HET-ULO-BLO-d3d04947f5,TK-PB-Drahi_10-d1-HET-ULO-d8d80a9180-r1,SS-5d5bbea46d20,1,4,lex_phase_4,OPTIMAL,FEASIBLE_POINT,75929.24322791617,75929.24322791617,0,163998,163998,251385,716387,5124,0,5124,25620,5124,256,0,0,NaN,0,NaN,0.0,1.0000000002255547,
1,2,TWO_STAGE_RH,LEXMMFSA,shared_battery_mode_node_level_v1,SI-Drahi_10-d1-HET-ULO-BLO-d3d04947f5,TK-PB-Drahi_10-d1-HET-ULO-d8d80a9180-r1,SS-5d5bbea46d20,1,5,lex_phase_5,OPTIMAL,FEASIBLE_POINT,94929.7150348824,94929.7150348824,0,163998,163998,251386,716393,5124,0,5124,25620,5124,256,0,0,NaN,0,NaN,0.0,1.0000000002255547,
1,2,TWO_STAGE_RH,LEXMMFSA,shared_battery_mode_node_level_v1,SI-Drahi_10-d1-HET-ULO-BLO-d3d04947f5,TK-PB-Drahi_10-d1-HET-ULO-d8d80a9180-r1,SS-5d5bbea46d20,1,6,economic_tie_break,OPTIMAL,FEASIBLE_POINT,694496.2675521614,694496.2675521614,0,163998,163998,251387,716399,5124,0,5124,25620,5124,256,0,0,NaN,0,NaN,0.0,1.0000000002255547,
1,3,TWO_STAGE_RH,LEXMMFSA,shared_battery_mode_node_level_v1,SI-Drahi_10-d1-HET-ULO-BLO-d3d04947f5,TK-PB-Drahi_10-d1-HET-ULO-d8d80a9180-r1,SS-5d5bbea46d20,1,1,lex_phase_1,OPTIMAL,FEASIBLE_POINT,18982.31080697889,18982.31080697889,0,163998,163998,251382,716369,5124,0,5124,25620,5124,256,0,0,NaN,0,NaN,0.0,1.0000000002255547,
1,3,TWO_STAGE_RH,LEXMMFSA,shared_battery_mode_node_level_v1,SI-Drahi_10-d1-HET-ULO-BLO-d3d04947f5,TK-PB-Drahi_10-d1-HET-ULO-d8d80a9180-r1,SS-5d5bbea46d20,1,2,lex_phase_2,OPTIMAL,FEASIBLE_POINT,37964.62161395809,37964.62161395809,0,163998,163998,251383,716375,5124,0,5124,25620,5124,256,0,0,NaN,0,NaN,0.0,1.0000000002255547,
1,3,TWO_STAGE_RH,LEXMMFSA,shared_battery_mode_node_level_v1,SI-Drahi_10-d1-HET-ULO-BLO-d3d04947f5,TK-PB-Drahi_10-d1-HET-ULO-d8d80a9180-r1,SS-5d5bbea46d20,1,3,lex_phase_3,OPTIMAL,FEASIBLE_POINT,56946.932420937126,56946.932420937126,0,163998,163998,251384,716381,5124,0,5124,25620,5124,256,0,0,NaN,0,NaN,0.0,1.0000000002255547,
1,3,TWO_STAGE_RH,LEXMMFSA,shared_battery_mode_node_level_v1,SI-Drahi_10-d1-HET-ULO-BLO-d3d04947f5,TK-PB-Drahi_10-d1-HET-ULO-d8d80a9180-r1,SS-5d5bbea46d20,1,4,lex_phase_4,OPTIMAL,FEASIBLE_POINT,75929.24322791617,75929.24322791617,0,163998,163998,251385,716387,5124,0,5124,25620,5124,256,0,0,NaN,0,NaN,0.0,1.0000000002255547,
1,3,TWO_STAGE_RH,LEXMMFSA,shared_battery_mode_node_level_v1,SI-Drahi_10-d1-HET-ULO-BLO-d3d04947f5,TK-PB-Drahi_10-d1-HET-ULO-d8d80a9180-r1,SS-5d5bbea46d20,1,5,lex_phase_5,OPTIMAL,FEASIBLE_POINT,94929.7150348824,94929.7150348824,0,163998,163998,251386,716393,5124,0,5124,25620,5124,256,0,0,NaN,0,NaN,0.0,1.0000000002255547,
1,3,TWO_STAGE_RH,LEXMMFSA,shared_battery_mode_node_level_v1,SI-Drahi_10-d1-HET-ULO-BLO-d3d04947f5,TK-PB-Drahi_10-d1-HET-ULO-d8d80a9180-r1,SS-5d5bbea46d20,1,6,economic_tie_break,OPTIMAL,FEASIBLE_POINT,694496.2675521614,694496.2675521614,0,163998,163998,251387,716399,5124,0,5124,25620,5124,256,0,0,NaN,0,NaN,0.0,1.0000000002255547,
1,4,TWO_STAGE_RH,LEXMMFSA,shared_battery_mode_node_level_v1,SI-Drahi_10-d1-HET-ULO-BLO-d3d04947f5,TK-PB-Drahi_10-d1-HET-ULO-d8d80a9180-r1,SS-5d5bbea46d20,1,1,lex_phase_1,OPTIMAL,FEASIBLE_POINT,18982.31080697889,18982.31080697889,0,163998,163998,251382,716369,5124,0,5124,25620,5124,256,0,0,NaN,0,NaN,0.0,1.0000000002255547,
1,4,TWO_STAGE_RH,LEXMMFSA,shared_battery_mode_node_level_v1,SI-Drahi_10-d1-HET-ULO-BLO-d3d04947f5,TK-PB-Drahi_10-d1-HET-ULO-d8d80a9180-r1,SS-5d5bbea46d20,1,2,lex_phase_2,OPTIMAL,FEASIBLE_POINT,37964.62161395809,37964.62161395809,0,163998,163998,251383,716375,5124,0,5124,25620,5124,256,0,0,NaN,0,NaN,0.0,1.0000000002255547,
1,4,TWO_STAGE_RH,LEXMMFSA,shared_battery_mode_node_level_v1,SI-Drahi_10-d1-HET-ULO-BLO-d3d04947f5,TK-PB-Drahi_10-d1-HET-ULO-d8d80a9180-r1,SS-5d5bbea46d20,1,3,lex_phase_3,OPTIMAL,FEASIBLE_POINT,56946.932420937126,56946.932420937126,0,163998,163998,251384,716381,5124,0,5124,25620,5124,256,0,0,NaN,0,NaN,0.0,1.0000000002255547,
1,4,TWO_STAGE_RH,LEXMMFSA,shared_battery_mode_node_level_v1,SI-Drahi_10-d1-HET-ULO-BLO-d3d04947f5,TK-PB-Drahi_10-d1-HET-ULO-d8d80a9180-r1,SS-5d5bbea46d20,1,4,lex_phase_4,OPTIMAL,FEASIBLE_POINT,75929.24322791617,75929.24322791617,0,163998,163998,251385,716387,5124,0,5124,25620,5124,256,0,0,NaN,0,NaN,0.0,1.0000000002255547,
1,4,TWO_STAGE_RH,LEXMMFSA,shared_battery_mode_node_level_v1,SI-Drahi_10-d1-HET-ULO-BLO-d3d04947f5,TK-PB-Drahi_10-d1-HET-ULO-d8d80a9180-r1,SS-5d5bbea46d20,1,5,lex_phase_5,OPTIMAL,FEASIBLE_POINT,94929.7150348824,94929.7150348824,0,163998,163998,251386,716393,5124,0,5124,25620,5124,256,0,0,NaN,0,NaN,0.0,1.0000000002255547,
1,4,TWO_STAGE_RH,LEXMMFSA,shared_battery_mode_node_level_v1,SI-Drahi_10-d1-HET-ULO-BLO-d3d04947f5,TK-PB-Drahi_10-d1-HET-ULO-d8d80a9180-r1,SS-5d5bbea46d20,1,6,economic_tie_break,OPTIMAL,FEASIBLE_POINT,694496.2675521614,694496.2675521614,0,163998,163998,251387,716399,5124,0,5124,25620,5124,256,0,0,NaN,0,NaN,0.0,1.0000000002255547,
1,5,TWO_STAGE_RH,LEXMMFSA,shared_battery_mode_node_level_v1,SI-Drahi_10-d1-HET-ULO-BLO-d3d04947f5,TK-PB-Drahi_10-d1-HET-ULO-d8d80a9180-r1,SS-102adc95e052,5,1,lex_phase_1,OPTIMAL,FEASIBLE_POINT,17950.033990657408,17950.033990657408,0,163998,163998,251382,711269,5124,0,5124,25620,5124,256,0,0,NaN,0,NaN,0.0,0.9999999999854481,
1,5,TWO_STAGE_RH,LEXMMFSA,shared_battery_mode_node_level_v1,SI-Drahi_10-d1-HET-ULO-BLO-d3d04947f5,TK-PB-Drahi_10-d1-HET-ULO-d8d80a9180-r1,SS-102adc95e052,5,2,lex_phase_2,OPTIMAL,FEASIBLE_POINT,35900.06798131438,35900.06798131438,0,163998,163998,251383,711275,5124,0,5124,25620,5124,256,0,0,NaN,0,NaN,0.0,0.9999999999854481,
1,5,TWO_STAGE_RH,LEXMMFSA,shared_battery_mode_node_level_v1,SI-Drahi_10-d1-HET-ULO-BLO-d3d04947f5,TK-PB-Drahi_10-d1-HET-ULO-d8d80a9180-r1,SS-102adc95e052,5,3,lex_phase_3,OPTIMAL,FEASIBLE_POINT,53855.488971969935,53855.488971969935,0,163998,163998,251384,711281,5124,0,5124,25620,5124,256,0,0,NaN,0,NaN,0.0,0.9999999999854481,
1,5,TWO_STAGE_RH,LEXMMFSA,shared_battery_mode_node_level_v1,SI-Drahi_10-d1-HET-ULO-BLO-d3d04947f5,TK-PB-Drahi_10-d1-HET-ULO-d8d80a9180-r1,SS-102adc95e052,5,4,lex_phase_4,OPTIMAL,FEASIBLE_POINT,71811.90996262981,71811.90996262981,0,163998,163998,251385,711287,5124,0,5124,25620,5124,256,0,0,NaN,0,NaN,0.0,0.9999999999854481,
1,5,TWO_STAGE_RH,LEXMMFSA,shared_battery_mode_node_level_v1,SI-Drahi_10-d1-HET-ULO-BLO-d3d04947f5,TK-PB-Drahi_10-d1-HET-ULO-d8d80a9180-r1,SS-102adc95e052,5,5,lex_phase_5,OPTIMAL,FEASIBLE_POINT,89768.33095328287,89768.33095328287,0,163998,163998,251386,711293,5124,0,5124,25620,5124,256,0,0,NaN,0,NaN,0.0,0.9999999999854481,
1,5,TWO_STAGE_RH,LEXMMFSA,shared_battery_mode_node_level_v1,SI-Drahi_10-d1-HET-ULO-BLO-d3d04947f5,TK-PB-Drahi_10-d1-HET-ULO-d8d80a9180-r1,SS-102adc95e052,5,6,economic_tie_break,OPTIMAL,FEASIBLE_POINT,693227.5963721408,693227.5963721408,0,163998,163998,251387,711299,5124,0,5124,25620,5124,256,0,0,NaN,0,NaN,0.0,0.9999999999854481,
1,6,TWO_STAGE_RH,LEXMMFSA,shared_battery_mode_node_level_v1,SI-Drahi_10-d1-HET-ULO-BLO-d3d04947f5,TK-PB-Drahi_10-d1-HET-ULO-d8d80a9180-r1,SS-102adc95e052,5,1,lex_phase_1,OPTIMAL,FEASIBLE_POINT,17950.033990657408,17950.033990657408,0,163998,163998,251382,711269,5124,0,5124,25620,5124,256,0,0,NaN,0,NaN,0.0,0.9999999999854481,
1,6,TWO_STAGE_RH,LEXMMFSA,shared_battery_mode_node_level_v1,SI-Drahi_10-d1-HET-ULO-BLO-d3d04947f5,TK-PB-Drahi_10-d1-HET-ULO-d8d80a9180-r1,SS-102adc95e052,5,2,lex_phase_2,OPTIMAL,FEASIBLE_POINT,35900.06798131438,35900.06798131438,0,163998,163998,251383,711275,5124,0,5124,25620,5124,256,0,0,NaN,0,NaN,0.0,0.9999999999854481,
1,6,TWO_STAGE_RH,LEXMMFSA,shared_battery_mode_node_level_v1,SI-Drahi_10-d1-HET-ULO-BLO-d3d04947f5,TK-PB-Drahi_10-d1-HET-ULO-d8d80a9180-r1,SS-102adc95e052,5,3,lex_phase_3,OPTIMAL,FEASIBLE_POINT,53855.488971969935,53855.488971969935,0,163998,163998,251384,711281,5124,0,5124,25620,5124,256,0,0,NaN,0,NaN,0.0,0.9999999999854481,
1,6,TWO_STAGE_RH,LEXMMFSA,shared_battery_mode_node_level_v1,SI-Drahi_10-d1-HET-ULO-BLO-d3d04947f5,TK-PB-Drahi_10-d1-HET-ULO-d8d80a9180-r1,SS-102adc95e052,5,4,lex_phase_4,OPTIMAL,FEASIBLE_POINT,71811.90996262981,71811.90996262981,0,163998,163998,251385,711287,5124,0,5124,25620,5124,256,0,0,NaN,0,NaN,0.0,0.9999999999854481,
1,6,TWO_STAGE_RH,LEXMMFSA,shared_battery_mode_node_level_v1,SI-Drahi_10-d1-HET-ULO-BLO-d3d04947f5,TK-PB-Drahi_10-d1-HET-ULO-d8d80a9180-r1,SS-102adc95e052,5,5,lex_phase_5,OPTIMAL,FEASIBLE_POINT,89768.33095328287,89768.33095328287,0,163998,163998,251386,711293,5124,0,5124,25620,5124,256,0,0,NaN,0,NaN,0.0,0.9999999999854481,
1,6,TWO_STAGE_RH,LEXMMFSA,shared_battery_mode_node_level_v1,SI-Drahi_10-d1-HET-ULO-BLO-d3d04947f5,TK-PB-Drahi_10-d1-HET-ULO-d8d80a9180-r1,SS-102adc95e052,5,6,economic_tie_break,OPTIMAL,FEASIBLE_POINT,693227.5963721408,693227.5963721408,0,163998,163998,251387,711299,5124,0,5124,25620,5124,256,0,0,NaN,0,NaN,0.0,0.9999999999854481,
1,7,TWO_STAGE_RH,LEXMMFSA,shared_battery_mode_node_level_v1,SI-Drahi_10-d1-HET-ULO-BLO-d3d04947f5,TK-PB-Drahi_10-d1-HET-ULO-d8d80a9180-r1,SS-102adc95e052,5,1,lex_phase_1,OPTIMAL,FEASIBLE_POINT,17950.033990657408,17950.033990657408,0,163998,163998,251382,711269,5124,0,5124,25620,5124,256,0,0,NaN,0,NaN,0.0,0.9999999999854481,
1,7,TWO_STAGE_RH,LEXMMFSA,shared_battery_mode_node_level_v1,SI-Drahi_10-d1-HET-ULO-BLO-d3d04947f5,TK-PB-Drahi_10-d1-HET-ULO-d8d80a9180-r1,SS-102adc95e052,5,2,lex_phase_2,OPTIMAL,FEASIBLE_POINT,35900.06798131438,35900.06798131438,0,163998,163998,251383,711275,5124,0,5124,25620,5124,256,0,0,NaN,0,NaN,0.0,0.9999999999854481,
1,7,TWO_STAGE_RH,LEXMMFSA,shared_battery_mode_node_level_v1,SI-Drahi_10-d1-HET-ULO-BLO-d3d04947f5,TK-PB-Drahi_10-d1-HET-ULO-d8d80a9180-r1,SS-102adc95e052,5,3,lex_phase_3,OPTIMAL,FEASIBLE_POINT,53855.488971969935,53855.488971969935,0,163998,163998,251384,711281,5124,0,5124,25620,5124,256,0,0,NaN,0,NaN,0.0,0.9999999999854481,
1,7,TWO_STAGE_RH,LEXMMFSA,shared_battery_mode_node_level_v1,SI-Drahi_10-d1-HET-ULO-BLO-d3d04947f5,TK-PB-Drahi_10-d1-HET-ULO-d8d80a9180-r1,SS-102adc95e052,5,4,lex_phase_4,OPTIMAL,FEASIBLE_POINT,71811.90996262981,71811.90996262981,0,163998,163998,251385,711287,5124,0,5124,25620,5124,256,0,0,NaN,0,NaN,0.0,0.9999999999854481,
1,7,TWO_STAGE_RH,LEXMMFSA,shared_battery_mode_node_level_v1,SI-Drahi_10-d1-HET-ULO-BLO-d3d04947f5,TK-PB-Drahi_10-d1-HET-ULO-d8d80a9180-r1,SS-102adc95e052,5,5,lex_phase_5,OPTIMAL,FEASIBLE_POINT,89768.33095328287,89768.33095328287,0,163998,163998,251386,711293,5124,0,5124,25620,5124,256,0,0,NaN,0,NaN,0.0,0.9999999999854481,
1,7,TWO_STAGE_RH,LEXMMFSA,shared_battery_mode_node_level_v1,SI-Drahi_10-d1-HET-ULO-BLO-d3d04947f5,TK-PB-Drahi_10-d1-HET-ULO-d8d80a9180-r1,SS-102adc95e052,5,6,economic_tie_break,OPTIMAL,FEASIBLE_POINT,693227.5963721408,693227.5963721408,0,163998,163998,251387,711299,5124,0,5124,25620,5124,256,0,0,NaN,0,NaN,0.0,0.9999999999854481,
1,8,TWO_STAGE_RH,LEXMMFSA,shared_battery_mode_node_level_v1,SI-Drahi_10-d1-HET-ULO-BLO-d3d04947f5,TK-PB-Drahi_10-d1-HET-ULO-d8d80a9180-r1,SS-102adc95e052,5,1,lex_phase_1,OPTIMAL,FEASIBLE_POINT,17950.033990657408,17950.033990657408,0,163998,163998,251382,711269,5124,0,5124,25620,5124,256,0,0,NaN,0,NaN,0.30187499999999956,0.9999999999854481,
1,8,TWO_STAGE_RH,LEXMMFSA,shared_battery_mode_node_level_v1,SI-Drahi_10-d1-HET-ULO-BLO-d3d04947f5,TK-PB-Drahi_10-d1-HET-ULO-d8d80a9180-r1,SS-102adc95e052,5,2,lex_phase_2,OPTIMAL,FEASIBLE_POINT,35900.06798131438,35900.06798131438,0,163998,163998,251383,711275,5124,0,5124,25620,5124,256,0,0,NaN,0,NaN,0.30187499999999956,0.9999999999854481,
1,8,TWO_STAGE_RH,LEXMMFSA,shared_battery_mode_node_level_v1,SI-Drahi_10-d1-HET-ULO-BLO-d3d04947f5,TK-PB-Drahi_10-d1-HET-ULO-d8d80a9180-r1,SS-102adc95e052,5,3,lex_phase_3,OPTIMAL,FEASIBLE_POINT,53855.488971969935,53855.488971969935,0,163998,163998,251384,711281,5124,0,5124,25620,5124,256,0,0,NaN,0,NaN,0.30187499999999956,0.9999999999854481,
1,8,TWO_STAGE_RH,LEXMMFSA,shared_battery_mode_node_level_v1,SI-Drahi_10-d1-HET-ULO-BLO-d3d04947f5,TK-PB-Drahi_10-d1-HET-ULO-d8d80a9180-r1,SS-102adc95e052,5,4,lex_phase_4,OPTIMAL,FEASIBLE_POINT,71811.90996262981,71811.90996262981,0,163998,163998,251385,711287,5124,0,5124,25620,5124,256,0,0,NaN,0,NaN,0.30187499999999956,0.9999999999854481,
1,8,TWO_STAGE_RH,LEXMMFSA,shared_battery_mode_node_level_v1,SI-Drahi_10-d1-HET-ULO-BLO-d3d04947f5,TK-PB-Drahi_10-d1-HET-ULO-d8d80a9180-r1,SS-102adc95e052,5,5,lex_phase_5,OPTIMAL,FEASIBLE_POINT,89768.33095328287,89768.33095328287,0,163998,163998,251386,711293,5124,0,5124,25620,5124,256,0,0,NaN,0,NaN,0.30187499999999956,0.9999999999854481,
1,8,TWO_STAGE_RH,LEXMMFSA,shared_battery_mode_node_level_v1,SI-Drahi_10-d1-HET-ULO-BLO-d3d04947f5,TK-PB-Drahi_10-d1-HET-ULO-d8d80a9180-r1,SS-102adc95e052,5,6,economic_tie_break,OPTIMAL,FEASIBLE_POINT,693227.5963721408,693227.5963721408,0,163998,163998,251387,711299,5124,0,5124,25620,5124,256,0,0,NaN,0,NaN,0.30187499999999956,0.9999999999854481,
1,9,TWO_STAGE_RH,LEXMMFSA,shared_battery_mode_node_level_v1,SI-Drahi_10-d1-HET-ULO-BLO-d3d04947f5,TK-PB-Drahi_10-d1-HET-ULO-d8d80a9180-r1,SS-19da242d4543,9,1,lex_phase_1,OPTIMAL,FEASIBLE_POINT,21726.53153311125,21726.53153311125,0,163998,163998,251382,711269,5124,0,5124,25620,5124,256,0,0,NaN,0,NaN,0.0,0.9999999998108251,
1,9,TWO_STAGE_RH,LEXMMFSA,shared_battery_mode_node_level_v1,SI-Drahi_10-d1-HET-ULO-BLO-d3d04947f5,TK-PB-Drahi_10-d1-HET-ULO-d8d80a9180-r1,SS-19da242d4543,9,2,lex_phase_2,OPTIMAL,FEASIBLE_POINT,43453.06306622058,43453.06306622058,0,163998,163998,251383,711275,5124,0,5124,25620,5124,256,0,0,NaN,0,NaN,0.0,0.9999999998108251,
1,9,TWO_STAGE_RH,LEXMMFSA,shared_battery_mode_node_level_v1,SI-Drahi_10-d1-HET-ULO-BLO-d3d04947f5,TK-PB-Drahi_10-d1-HET-ULO-d8d80a9180-r1,SS-19da242d4543,9,3,lex_phase_3,OPTIMAL,FEASIBLE_POINT,65185.377061444764,65185.377061444764,0,163998,163998,251384,711281,5124,0,5124,25620,5124,256,0,0,NaN,0,NaN,0.0,0.9999999998108251,
1,9,TWO_STAGE_RH,LEXMMFSA,shared_battery_mode_node_level_v1,SI-Drahi_10-d1-HET-ULO-BLO-d3d04947f5,TK-PB-Drahi_10-d1-HET-ULO-d8d80a9180-r1,SS-19da242d4543,9,4,lex_phase_4,OPTIMAL,FEASIBLE_POINT,86918.69105667036,86918.69105667036,0,163998,163998,251385,711287,5124,0,5124,25620,5124,256,0,0,NaN,0,NaN,0.0,0.9999999998108251,
1,9,TWO_STAGE_RH,LEXMMFSA,shared_battery_mode_node_level_v1,SI-Drahi_10-d1-HET-ULO-BLO-d3d04947f5,TK-PB-Drahi_10-d1-HET-ULO-d8d80a9180-r1,SS-19da242d4543,9,5,lex_phase_5,OPTIMAL,FEASIBLE_POINT,108652.01295663917,108652.01295663917,0,163998,163998,251386,711293,5124,0,5124,25620,5124,256,0,0,NaN,0,NaN,0.0,0.9999999998108251,
1,9,TWO_STAGE_RH,LEXMMFSA,shared_battery_mode_node_level_v1,SI-Drahi_10-d1-HET-ULO-BLO-d3d04947f5,TK-PB-Drahi_10-d1-HET-ULO-d8d80a9180-r1,SS-19da242d4543,9,6,economic_tie_break,OPTIMAL,FEASIBLE_POINT,724614.3284471794,724614.3284471794,0,163998,163998,251387,711299,5124,0,5124,25620,5124,256,0,0,NaN,0,NaN,0.0,0.9999999998108251,
1,10,TWO_STAGE_RH,LEXMMFSA,shared_battery_mode_node_level_v1,SI-Drahi_10-d1-HET-ULO-BLO-d3d04947f5,TK-PB-Drahi_10-d1-HET-ULO-d8d80a9180-r1,SS-19da242d4543,9,1,lex_phase_1,OPTIMAL,FEASIBLE_POINT,21726.53153311125,21726.53153311125,0,163998,163998,251382,711269,5124,0,5124,25620,5124,256,0,0,NaN,0,NaN,0.0,0.9999999998108251,
1,10,TWO_STAGE_RH,LEXMMFSA,shared_battery_mode_node_level_v1,SI-Drahi_10-d1-HET-ULO-BLO-d3d04947f5,TK-PB-Drahi_10-d1-HET-ULO-d8d80a9180-r1,SS-19da242d4543,9,2,lex_phase_2,OPTIMAL,FEASIBLE_POINT,43453.06306622058,43453.06306622058,0,163998,163998,251383,711275,5124,0,5124,25620,5124,256,0,0,NaN,0,NaN,0.0,0.9999999998108251,
1,10,TWO_STAGE_RH,LEXMMFSA,shared_battery_mode_node_level_v1,SI-Drahi_10-d1-HET-ULO-BLO-d3d04947f5,TK-PB-Drahi_10-d1-HET-ULO-d8d80a9180-r1,SS-19da242d4543,9,3,lex_phase_3,OPTIMAL,FEASIBLE_POINT,65185.377061444764,65185.377061444764,0,163998,163998,251384,711281,5124,0,5124,25620,5124,256,0,0,NaN,0,NaN,0.0,0.9999999998108251,
1,10,TWO_STAGE_RH,LEXMMFSA,shared_battery_mode_node_level_v1,SI-Drahi_10-d1-HET-ULO-BLO-d3d04947f5,TK-PB-Drahi_10-d1-HET-ULO-d8d80a9180-r1,SS-19da242d4543,9,4,lex_phase_4,OPTIMAL,FEASIBLE_POINT,86918.69105667036,86918.69105667036,0,163998,163998,251385,711287,5124,0,5124,25620,5124,256,0,0,NaN,0,NaN,0.0,0.9999999998108251,
1,10,TWO_STAGE_RH,LEXMMFSA,shared_battery_mode_node_level_v1,SI-Drahi_10-d1-HET-ULO-BLO-d3d04947f5,TK-PB-Drahi_10-d1-HET-ULO-d8d80a9180-r1,SS-19da242d4543,9,5,lex_phase_5,OPTIMAL,FEASIBLE_POINT,108652.01295663917,108652.01295663917,0,163998,163998,251386,711293,5124,0,5124,25620,5124,256,0,0,NaN,0,NaN,0.0,0.9999999998108251,
1,10,TWO_STAGE_RH,LEXMMFSA,shared_battery_mode_node_level_v1,SI-Drahi_10-d1-HET-ULO-BLO-d3d04947f5,TK-PB-Drahi_10-d1-HET-ULO-d8d80a9180-r1,SS-19da242d4543,9,6,economic_tie_break,OPTIMAL,FEASIBLE_POINT,724614.3284471794,724614.3284471794,0,163998,163998,251387,711299,5124,0,5124,25620,5124,256,0,0,NaN,0,NaN,0.0,0.9999999998108251,
1,11,TWO_STAGE_RH,LEXMMFSA,shared_battery_mode_node_level_v1,SI-Drahi_10-d1-HET-ULO-BLO-d3d04947f5,TK-PB-Drahi_10-d1-HET-ULO-d8d80a9180-r1,SS-19da242d4543,9,1,lex_phase_1,OPTIMAL,FEASIBLE_POINT,21726.53153311125,21726.53153311125,0,163998,163998,251382,711269,5124,0,5124,25620,5124,256,0,0,NaN,0,NaN,0.0,0.9999999998108251,
1,11,TWO_STAGE_RH,LEXMMFSA,shared_battery_mode_node_level_v1,SI-Drahi_10-d1-HET-ULO-BLO-d3d04947f5,TK-PB-Drahi_10-d1-HET-ULO-d8d80a9180-r1,SS-19da242d4543,9,2,lex_phase_2,OPTIMAL,FEASIBLE_POINT,43453.06306622058,43453.06306622058,0,163998,163998,251383,711275,5124,0,5124,25620,5124,256,0,0,NaN,0,NaN,0.0,0.9999999998108251,
1,11,TWO_STAGE_RH,LEXMMFSA,shared_battery_mode_node_level_v1,SI-Drahi_10-d1-HET-ULO-BLO-d3d04947f5,TK-PB-Drahi_10-d1-HET-ULO-d8d80a9180-r1,SS-19da242d4543,9,3,lex_phase_3,OPTIMAL,FEASIBLE_POINT,65185.377061444764,65185.377061444764,0,163998,163998,251384,711281,5124,0,5124,25620,5124,256,0,0,NaN,0,NaN,0.0,0.9999999998108251,
1,11,TWO_STAGE_RH,LEXMMFSA,shared_battery_mode_node_level_v1,SI-Drahi_10-d1-HET-ULO-BLO-d3d04947f5,TK-PB-Drahi_10-d1-HET-ULO-d8d80a9180-r1,SS-19da242d4543,9,4,lex_phase_4,OPTIMAL,FEASIBLE_POINT,86918.69105667036,86918.69105667036,0,163998,163998,251385,711287,5124,0,5124,25620,5124,256,0,0,NaN,0,NaN,0.0,0.9999999998108251,
1,11,TWO_STAGE_RH,LEXMMFSA,shared_battery_mode_node_level_v1,SI-Drahi_10-d1-HET-ULO-BLO-d3d04947f5,TK-PB-Drahi_10-d1-HET-ULO-d8d80a9180-r1,SS-19da242d4543,9,5,lex_phase_5,OPTIMAL,FEASIBLE_POINT,108652.01295663917,108652.01295663917,0,163998,163998,251386,711293,5124,0,5124,25620,5124,256,0,0,NaN,0,NaN,0.0,0.9999999998108251,
1,11,TWO_STAGE_RH,LEXMMFSA,shared_battery_mode_node_level_v1,SI-Drahi_10-d1-HET-ULO-BLO-d3d04947f5,TK-PB-Drahi_10-d1-HET-ULO-d8d80a9180-r1,SS-19da242d4543,9,6,economic_tie_break,OPTIMAL,FEASIBLE_POINT,724614.3284471794,724614.3284471794,0,163998,163998,251387,711299,5124,0,5124,25620,5124,256,0,0,NaN,0,NaN,0.0,0.9999999998108251,
1,12,TWO_STAGE_RH,LEXMMFSA,shared_battery_mode_node_level_v1,SI-Drahi_10-d1-HET-ULO-BLO-d3d04947f5,TK-PB-Drahi_10-d1-HET-ULO-d8d80a9180-r1,SS-19da242d4543,9,1,lex_phase_1,OPTIMAL,FEASIBLE_POINT,21726.53153311125,21726.53153311125,0,163998,163998,251382,711269,5124,0,5124,25620,5124,256,0,0,NaN,0,NaN,0.0,0.9999999998108251,
1,12,TWO_STAGE_RH,LEXMMFSA,shared_battery_mode_node_level_v1,SI-Drahi_10-d1-HET-ULO-BLO-d3d04947f5,TK-PB-Drahi_10-d1-HET-ULO-d8d80a9180-r1,SS-19da242d4543,9,2,lex_phase_2,OPTIMAL,FEASIBLE_POINT,43453.06306622058,43453.06306622058,0,163998,163998,251383,711275,5124,0,5124,25620,5124,256,0,0,NaN,0,NaN,0.0,0.9999999998108251,
1,12,TWO_STAGE_RH,LEXMMFSA,shared_battery_mode_node_level_v1,SI-Drahi_10-d1-HET-ULO-BLO-d3d04947f5,TK-PB-Drahi_10-d1-HET-ULO-d8d80a9180-r1,SS-19da242d4543,9,3,lex_phase_3,OPTIMAL,FEASIBLE_POINT,65185.377061444764,65185.377061444764,0,163998,163998,251384,711281,5124,0,5124,25620,5124,256,0,0,NaN,0,NaN,0.0,0.9999999998108251,
1,12,TWO_STAGE_RH,LEXMMFSA,shared_battery_mode_node_level_v1,SI-Drahi_10-d1-HET-ULO-BLO-d3d04947f5,TK-PB-Drahi_10-d1-HET-ULO-d8d80a9180-r1,SS-19da242d4543,9,4,lex_phase_4,OPTIMAL,FEASIBLE_POINT,86918.69105667036,86918.69105667036,0,163998,163998,251385,711287,5124,0,5124,25620,5124,256,0,0,NaN,0,NaN,0.0,0.9999999998108251,
1,12,TWO_STAGE_RH,LEXMMFSA,shared_battery_mode_node_level_v1,SI-Drahi_10-d1-HET-ULO-BLO-d3d04947f5,TK-PB-Drahi_10-d1-HET-ULO-d8d80a9180-r1,SS-19da242d4543,9,5,lex_phase_5,OPTIMAL,FEASIBLE_POINT,108652.01295663917,108652.01295663917,0,163998,163998,251386,711293,5124,0,5124,25620,5124,256,0,0,NaN,0,NaN,0.0,0.9999999998108251,
1,12,TWO_STAGE_RH,LEXMMFSA,shared_battery_mode_node_level_v1,SI-Drahi_10-d1-HET-ULO-BLO-d3d04947f5,TK-PB-Drahi_10-d1-HET-ULO-d8d80a9180-r1,SS-19da242d4543,9,6,economic_tie_break,OPTIMAL,FEASIBLE_POINT,724614.3284471794,724614.3284471794,0,163998,163998,251387,711299,5124,0,5124,25620,5124,256,0,0,NaN,0,NaN,0.0,0.9999999998108251,
1,13,TWO_STAGE_RH,LEXMMFSA,shared_battery_mode_node_level_v1,SI-Drahi_10-d1-HET-ULO-BLO-d3d04947f5,TK-PB-Drahi_10-d1-HET-ULO-d8d80a9180-r1,SS-354317d12b7f,13,1,lex_phase_1,OPTIMAL,FEASIBLE_POINT,22955.816424099714,22955.816424099714,0,163998,163998,251382,711269,5124,0,5124,25620,5124,256,0,0,NaN,0,NaN,0.0,0.9999999995270628,
1,13,TWO_STAGE_RH,LEXMMFSA,shared_battery_mode_node_level_v1,SI-Drahi_10-d1-HET-ULO-BLO-d3d04947f5,TK-PB-Drahi_10-d1-HET-ULO-d8d80a9180-r1,SS-354317d12b7f,13,2,lex_phase_2,OPTIMAL,FEASIBLE_POINT,45911.63284819819,45911.63284819819,0,163998,163998,251383,711275,5124,0,5124,25620,5124,256,0,0,NaN,0,NaN,0.0,0.9999999995270628,
1,13,TWO_STAGE_RH,LEXMMFSA,shared_battery_mode_node_level_v1,SI-Drahi_10-d1-HET-ULO-BLO-d3d04947f5,TK-PB-Drahi_10-d1-HET-ULO-d8d80a9180-r1,SS-354317d12b7f,13,3,lex_phase_3,OPTIMAL,FEASIBLE_POINT,68873.10600919674,68873.10600919674,0,163998,163998,251384,711281,5124,0,5124,25620,5124,256,0,0,NaN,0,NaN,0.0,0.9999999995270628,
1,13,TWO_STAGE_RH,LEXMMFSA,shared_battery_mode_node_level_v1,SI-Drahi_10-d1-HET-ULO-BLO-d3d04947f5,TK-PB-Drahi_10-d1-HET-ULO-d8d80a9180-r1,SS-354317d12b7f,13,4,lex_phase_4,OPTIMAL,FEASIBLE_POINT,91835.57917019831,91835.57917019831,0,163998,163998,251385,711287,5124,0,5124,25620,5124,256,0,0,NaN,0,NaN,0.0,0.9999999995270628,
1,13,TWO_STAGE_RH,LEXMMFSA,shared_battery_mode_node_level_v1,SI-Drahi_10-d1-HET-ULO-BLO-d3d04947f5,TK-PB-Drahi_10-d1-HET-ULO-d8d80a9180-r1,SS-354317d12b7f,13,5,lex_phase_5,OPTIMAL,FEASIBLE_POINT,114798.11704598625,114798.11704598625,0,163998,163998,251386,711293,5124,0,5124,25620,5124,256,0,0,NaN,0,NaN,0.0,0.9999999995270628,
1,13,TWO_STAGE_RH,LEXMMFSA,shared_battery_mode_node_level_v1,SI-Drahi_10-d1-HET-ULO-BLO-d3d04947f5,TK-PB-Drahi_10-d1-HET-ULO-d8d80a9180-r1,SS-354317d12b7f,13,6,economic_tie_break,OPTIMAL,FEASIBLE_POINT,707460.804092671,707460.804092671,0,163998,163998,251387,711299,5124,0,5124,25620,5124,256,0,0,NaN,0,NaN,0.0,0.9999999995270628,
1,14,TWO_STAGE_RH,LEXMMFSA,shared_battery_mode_node_level_v1,SI-Drahi_10-d1-HET-ULO-BLO-d3d04947f5,TK-PB-Drahi_10-d1-HET-ULO-d8d80a9180-r1,SS-354317d12b7f,13,1,lex_phase_1,OPTIMAL,FEASIBLE_POINT,22955.816424099714,22955.816424099714,0,163998,163998,251382,711269,5124,0,5124,25620,5124,256,0,0,NaN,0,NaN,0.0,0.9999999995270628,
1,14,TWO_STAGE_RH,LEXMMFSA,shared_battery_mode_node_level_v1,SI-Drahi_10-d1-HET-ULO-BLO-d3d04947f5,TK-PB-Drahi_10-d1-HET-ULO-d8d80a9180-r1,SS-354317d12b7f,13,2,lex_phase_2,OPTIMAL,FEASIBLE_POINT,45911.63284819819,45911.63284819819,0,163998,163998,251383,711275,5124,0,5124,25620,5124,256,0,0,NaN,0,NaN,0.0,0.9999999995270628,
1,14,TWO_STAGE_RH,LEXMMFSA,shared_battery_mode_node_level_v1,SI-Drahi_10-d1-HET-ULO-BLO-d3d04947f5,TK-PB-Drahi_10-d1-HET-ULO-d8d80a9180-r1,SS-354317d12b7f,13,3,lex_phase_3,OPTIMAL,FEASIBLE_POINT,68873.10600919674,68873.10600919674,0,163998,163998,251384,711281,5124,0,5124,25620,5124,256,0,0,NaN,0,NaN,0.0,0.9999999995270628,
1,14,TWO_STAGE_RH,LEXMMFSA,shared_battery_mode_node_level_v1,SI-Drahi_10-d1-HET-ULO-BLO-d3d04947f5,TK-PB-Drahi_10-d1-HET-ULO-d8d80a9180-r1,SS-354317d12b7f,13,4,lex_phase_4,OPTIMAL,FEASIBLE_POINT,91835.57917019831,91835.57917019831,0,163998,163998,251385,711287,5124,0,5124,25620,5124,256,0,0,NaN,0,NaN,0.0,0.9999999995270628,
1,14,TWO_STAGE_RH,LEXMMFSA,shared_battery_mode_node_level_v1,SI-Drahi_10-d1-HET-ULO-BLO-d3d04947f5,TK-PB-Drahi_10-d1-HET-ULO-d8d80a9180-r1,SS-354317d12b7f,13,5,lex_phase_5,OPTIMAL,FEASIBLE_POINT,114798.11704598625,114798.11704598625,0,163998,163998,251386,711293,5124,0,5124,25620,5124,256,0,0,NaN,0,NaN,0.0,0.9999999995270628,
1,14,TWO_STAGE_RH,LEXMMFSA,shared_battery_mode_node_level_v1,SI-Drahi_10-d1-HET-ULO-BLO-d3d04947f5,TK-PB-Drahi_10-d1-HET-ULO-d8d80a9180-r1,SS-354317d12b7f,13,6,economic_tie_break,OPTIMAL,FEASIBLE_POINT,707460.804092671,707460.804092671,0,163998,163998,251387,711299,5124,0,5124,25620,5124,256,0,0,NaN,0,NaN,0.0,0.9999999995270628,
1,15,TWO_STAGE_RH,LEXMMFSA,shared_battery_mode_node_level_v1,SI-Drahi_10-d1-HET-ULO-BLO-d3d04947f5,TK-PB-Drahi_10-d1-HET-ULO-d8d80a9180-r1,SS-354317d12b7f,13,1,lex_phase_1,OPTIMAL,FEASIBLE_POINT,22955.816424099714,22955.816424099714,0,163998,163998,251382,711269,5124,0,5124,25620,5124,256,0,0,NaN,0,NaN,0.0,0.9999999995270628,
1,15,TWO_STAGE_RH,LEXMMFSA,shared_battery_mode_node_level_v1,SI-Drahi_10-d1-HET-ULO-BLO-d3d04947f5,TK-PB-Drahi_10-d1-HET-ULO-d8d80a9180-r1,SS-354317d12b7f,13,2,lex_phase_2,OPTIMAL,FEASIBLE_POINT,45911.63284819819,45911.63284819819,0,163998,163998,251383,711275,5124,0,5124,25620,5124,256,0,0,NaN,0,NaN,0.0,0.9999999995270628,
1,15,TWO_STAGE_RH,LEXMMFSA,shared_battery_mode_node_level_v1,SI-Drahi_10-d1-HET-ULO-BLO-d3d04947f5,TK-PB-Drahi_10-d1-HET-ULO-d8d80a9180-r1,SS-354317d12b7f,13,3,lex_phase_3,OPTIMAL,FEASIBLE_POINT,68873.10600919674,68873.10600919674,0,163998,163998,251384,711281,5124,0,5124,25620,5124,256,0,0,NaN,0,NaN,0.0,0.9999999995270628,
1,15,TWO_STAGE_RH,LEXMMFSA,shared_battery_mode_node_level_v1,SI-Drahi_10-d1-HET-ULO-BLO-d3d04947f5,TK-PB-Drahi_10-d1-HET-ULO-d8d80a9180-r1,SS-354317d12b7f,13,4,lex_phase_4,OPTIMAL,FEASIBLE_POINT,91835.57917019831,91835.57917019831,0,163998,163998,251385,711287,5124,0,5124,25620,5124,256,0,0,NaN,0,NaN,0.0,0.9999999995270628,
1,15,TWO_STAGE_RH,LEXMMFSA,shared_battery_mode_node_level_v1,SI-Drahi_10-d1-HET-ULO-BLO-d3d04947f5,TK-PB-Drahi_10-d1-HET-ULO-d8d80a9180-r1,SS-354317d12b7f,13,5,lex_phase_5,OPTIMAL,FEASIBLE_POINT,114798.11704598625,114798.11704598625,0,163998,163998,251386,711293,5124,0,5124,25620,5124,256,0,0,NaN,0,NaN,0.0,0.9999999995270628,
1,15,TWO_STAGE_RH,LEXMMFSA,shared_battery_mode_node_level_v1,SI-Drahi_10-d1-HET-ULO-BLO-d3d04947f5,TK-PB-Drahi_10-d1-HET-ULO-d8d80a9180-r1,SS-354317d12b7f,13,6,economic_tie_break,OPTIMAL,FEASIBLE_POINT,707460.804092671,707460.804092671,0,163998,163998,251387,711299,5124,0,5124,25620,5124,256,0,0,NaN,0,NaN,0.0,0.9999999995270628,
1,16,TWO_STAGE_RH,LEXMMFSA,shared_battery_mode_node_level_v1,SI-Drahi_10-d1-HET-ULO-BLO-d3d04947f5,TK-PB-Drahi_10-d1-HET-ULO-d8d80a9180-r1,SS-354317d12b7f,13,1,lex_phase_1,OPTIMAL,FEASIBLE_POINT,22955.816424099714,22955.816424099714,0,163998,163998,251382,711269,5124,0,5124,25620,5124,256,0,0,NaN,0,NaN,0.0,0.9999999995270628,
1,16,TWO_STAGE_RH,LEXMMFSA,shared_battery_mode_node_level_v1,SI-Drahi_10-d1-HET-ULO-BLO-d3d04947f5,TK-PB-Drahi_10-d1-HET-ULO-d8d80a9180-r1,SS-354317d12b7f,13,2,lex_phase_2,OPTIMAL,FEASIBLE_POINT,45911.63284819819,45911.63284819819,0,163998,163998,251383,711275,5124,0,5124,25620,5124,256,0,0,NaN,0,NaN,0.0,0.9999999995270628,
1,16,TWO_STAGE_RH,LEXMMFSA,shared_battery_mode_node_level_v1,SI-Drahi_10-d1-HET-ULO-BLO-d3d04947f5,TK-PB-Drahi_10-d1-HET-ULO-d8d80a9180-r1,SS-354317d12b7f,13,3,lex_phase_3,OPTIMAL,FEASIBLE_POINT,68873.10600919674,68873.10600919674,0,163998,163998,251384,711281,5124,0,5124,25620,5124,256,0,0,NaN,0,NaN,0.0,0.9999999995270628,
1,16,TWO_STAGE_RH,LEXMMFSA,shared_battery_mode_node_level_v1,SI-Drahi_10-d1-HET-ULO-BLO-d3d04947f5,TK-PB-Drahi_10-d1-HET-ULO-d8d80a9180-r1,SS-354317d12b7f,13,4,lex_phase_4,OPTIMAL,FEASIBLE_POINT,91835.57917019831,91835.57917019831,0,163998,163998,251385,711287,5124,0,5124,25620,5124,256,0,0,NaN,0,NaN,0.0,0.9999999995270628,
1,16,TWO_STAGE_RH,LEXMMFSA,shared_battery_mode_node_level_v1,SI-Drahi_10-d1-HET-ULO-BLO-d3d04947f5,TK-PB-Drahi_10-d1-HET-ULO-d8d80a9180-r1,SS-354317d12b7f,13,5,lex_phase_5,OPTIMAL,FEASIBLE_POINT,114798.11704598625,114798.11704598625,0,163998,163998,251386,711293,5124,0,5124,25620,5124,256,0,0,NaN,0,NaN,0.0,0.9999999995270628,
1,16,TWO_STAGE_RH,LEXMMFSA,shared_battery_mode_node_level_v1,SI-Drahi_10-d1-HET-ULO-BLO-d3d04947f5,TK-PB-Drahi_10-d1-HET-ULO-d8d80a9180-r1,SS-354317d12b7f,13,6,economic_tie_break,OPTIMAL,FEASIBLE_POINT,707460.804092671,707460.804092671,0,163998,163998,251387,711299,5124,0,5124,25620,5124,256,0,0,NaN,0,NaN,0.0,0.9999999995270628,
1,17,TWO_STAGE_RH,LEXMMFSA,shared_battery_mode_node_level_v1,SI-Drahi_10-d1-HET-ULO-BLO-d3d04947f5,TK-PB-Drahi_10-d1-HET-ULO-d8d80a9180-r1,SS-c81930d9c8ba,17,1,lex_phase_1,OPTIMAL,FEASIBLE_POINT,24771.378386846554,24771.378386846554,0,163998,163998,251382,712544,5124,0,5124,25620,5124,256,0,0,NaN,0,NaN,3.7950065703022338,1.0000000001346052,
1,17,TWO_STAGE_RH,LEXMMFSA,shared_battery_mode_node_level_v1,SI-Drahi_10-d1-HET-ULO-BLO-d3d04947f5,TK-PB-Drahi_10-d1-HET-ULO-d8d80a9180-r1,SS-c81930d9c8ba,17,2,lex_phase_2,OPTIMAL,FEASIBLE_POINT,49542.75677369156,49542.75677369156,0,163998,163998,251383,712550,5124,0,5124,25620,5124,256,0,0,NaN,0,NaN,3.7950065703022338,1.0000000001346052,
1,17,TWO_STAGE_RH,LEXMMFSA,shared_battery_mode_node_level_v1,SI-Drahi_10-d1-HET-ULO-BLO-d3d04947f5,TK-PB-Drahi_10-d1-HET-ULO-d8d80a9180-r1,SS-c81930d9c8ba,17,3,lex_phase_3,OPTIMAL,FEASIBLE_POINT,74319.88216053932,74319.88216053932,0,163998,163998,251384,712556,5124,0,5124,25620,5124,256,0,0,NaN,0,NaN,3.7950065703022338,1.0000000001346052,
1,17,TWO_STAGE_RH,LEXMMFSA,shared_battery_mode_node_level_v1,SI-Drahi_10-d1-HET-ULO-BLO-d3d04947f5,TK-PB-Drahi_10-d1-HET-ULO-d8d80a9180-r1,SS-c81930d9c8ba,17,4,lex_phase_4,OPTIMAL,FEASIBLE_POINT,99098.0075473867,99098.0075473867,0,163998,163998,251385,712562,5124,0,5124,25620,5124,256,0,0,NaN,0,NaN,3.7950065703022338,1.0000000001346052,
1,17,TWO_STAGE_RH,LEXMMFSA,shared_battery_mode_node_level_v1,SI-Drahi_10-d1-HET-ULO-BLO-d3d04947f5,TK-PB-Drahi_10-d1-HET-ULO-d8d80a9180-r1,SS-c81930d9c8ba,17,5,lex_phase_5,OPTIMAL,FEASIBLE_POINT,123876.13293423432,123876.13293423432,0,163998,163998,251386,712568,5124,0,5124,25620,5124,256,0,0,NaN,0,NaN,3.7950065703022338,1.0000000001346052,
1,17,TWO_STAGE_RH,LEXMMFSA,shared_battery_mode_node_level_v1,SI-Drahi_10-d1-HET-ULO-BLO-d3d04947f5,TK-PB-Drahi_10-d1-HET-ULO-d8d80a9180-r1,SS-c81930d9c8ba,17,6,economic_tie_break,OPTIMAL,FEASIBLE_POINT,725748.788818271,725748.788818271,0,163998,163998,251387,712574,5124,0,5124,25620,5124,256,0,0,NaN,0,NaN,3.7950065703022338,1.0000000001346052,
1,18,TWO_STAGE_RH,LEXMMFSA,shared_battery_mode_node_level_v1,SI-Drahi_10-d1-HET-ULO-BLO-d3d04947f5,TK-PB-Drahi_10-d1-HET-ULO-d8d80a9180-r1,SS-c81930d9c8ba,17,1,lex_phase_1,OPTIMAL,FEASIBLE_POINT,24771.378386846554,24771.378386846554,0,163998,163998,251382,712544,5124,0,5124,25620,5124,256,0,0,NaN,0,NaN,0.0,1.0000000001346052,
1,18,TWO_STAGE_RH,LEXMMFSA,shared_battery_mode_node_level_v1,SI-Drahi_10-d1-HET-ULO-BLO-d3d04947f5,TK-PB-Drahi_10-d1-HET-ULO-d8d80a9180-r1,SS-c81930d9c8ba,17,2,lex_phase_2,OPTIMAL,FEASIBLE_POINT,49542.75677369156,49542.75677369156,0,163998,163998,251383,712550,5124,0,5124,25620,5124,256,0,0,NaN,0,NaN,0.0,1.0000000001346052,
1,18,TWO_STAGE_RH,LEXMMFSA,shared_battery_mode_node_level_v1,SI-Drahi_10-d1-HET-ULO-BLO-d3d04947f5,TK-PB-Drahi_10-d1-HET-ULO-d8d80a9180-r1,SS-c81930d9c8ba,17,3,lex_phase_3,OPTIMAL,FEASIBLE_POINT,74319.88216053932,74319.88216053932,0,163998,163998,251384,712556,5124,0,5124,25620,5124,256,0,0,NaN,0,NaN,0.0,1.0000000001346052,
1,18,TWO_STAGE_RH,LEXMMFSA,shared_battery_mode_node_level_v1,SI-Drahi_10-d1-HET-ULO-BLO-d3d04947f5,TK-PB-Drahi_10-d1-HET-ULO-d8d80a9180-r1,SS-c81930d9c8ba,17,4,lex_phase_4,OPTIMAL,FEASIBLE_POINT,99098.0075473867,99098.0075473867,0,163998,163998,251385,712562,5124,0,5124,25620,5124,256,0,0,NaN,0,NaN,0.0,1.0000000001346052,
1,18,TWO_STAGE_RH,LEXMMFSA,shared_battery_mode_node_level_v1,SI-Drahi_10-d1-HET-ULO-BLO-d3d04947f5,TK-PB-Drahi_10-d1-HET-ULO-d8d80a9180-r1,SS-c81930d9c8ba,17,5,lex_phase_5,OPTIMAL,FEASIBLE_POINT,123876.13293423432,123876.13293423432,0,163998,163998,251386,712568,5124,0,5124,25620,5124,256,0,0,NaN,0,NaN,0.0,1.0000000001346052,
1,18,TWO_STAGE_RH,LEXMMFSA,shared_battery_mode_node_level_v1,SI-Drahi_10-d1-HET-ULO-BLO-d3d04947f5,TK-PB-Drahi_10-d1-HET-ULO-d8d80a9180-r1,SS-c81930d9c8ba,17,6,economic_tie_break,OPTIMAL,FEASIBLE_POINT,725748.788818271,725748.788818271,0,163998,163998,251387,712574,5124,0,5124,25620,5124,256,0,0,NaN,0,NaN,0.0,1.0000000001346052,
1,19,TWO_STAGE_RH,LEXMMFSA,shared_battery_mode_node_level_v1,SI-Drahi_10-d1-HET-ULO-BLO-d3d04947f5,TK-PB-Drahi_10-d1-HET-ULO-d8d80a9180-r1,SS-c81930d9c8ba,17,1,lex_phase_1,OPTIMAL,FEASIBLE_POINT,24771.378386846554,24771.378386846554,0,163998,163998,251382,712544,5124,0,5124,25620,5124,256,0,0,NaN,0,NaN,0.0,1.0000000001346052,
1,19,TWO_STAGE_RH,LEXMMFSA,shared_battery_mode_node_level_v1,SI-Drahi_10-d1-HET-ULO-BLO-d3d04947f5,TK-PB-Drahi_10-d1-HET-ULO-d8d80a9180-r1,SS-c81930d9c8ba,17,2,lex_phase_2,OPTIMAL,FEASIBLE_POINT,49542.75677369156,49542.75677369156,0,163998,163998,251383,712550,5124,0,5124,25620,5124,256,0,0,NaN,0,NaN,0.0,1.0000000001346052,
1,19,TWO_STAGE_RH,LEXMMFSA,shared_battery_mode_node_level_v1,SI-Drahi_10-d1-HET-ULO-BLO-d3d04947f5,TK-PB-Drahi_10-d1-HET-ULO-d8d80a9180-r1,SS-c81930d9c8ba,17,3,lex_phase_3,OPTIMAL,FEASIBLE_POINT,74319.88216053932,74319.88216053932,0,163998,163998,251384,712556,5124,0,5124,25620,5124,256,0,0,NaN,0,NaN,0.0,1.0000000001346052,
1,19,TWO_STAGE_RH,LEXMMFSA,shared_battery_mode_node_level_v1,SI-Drahi_10-d1-HET-ULO-BLO-d3d04947f5,TK-PB-Drahi_10-d1-HET-ULO-d8d80a9180-r1,SS-c81930d9c8ba,17,4,lex_phase_4,OPTIMAL,FEASIBLE_POINT,99098.0075473867,99098.0075473867,0,163998,163998,251385,712562,5124,0,5124,25620,5124,256,0,0,NaN,0,NaN,0.0,1.0000000001346052,
1,19,TWO_STAGE_RH,LEXMMFSA,shared_battery_mode_node_level_v1,SI-Drahi_10-d1-HET-ULO-BLO-d3d04947f5,TK-PB-Drahi_10-d1-HET-ULO-d8d80a9180-r1,SS-c81930d9c8ba,17,5,lex_phase_5,OPTIMAL,FEASIBLE_POINT,123876.13293423432,123876.13293423432,0,163998,163998,251386,712568,5124,0,5124,25620,5124,256,0,0,NaN,0,NaN,0.0,1.0000000001346052,
1,19,TWO_STAGE_RH,LEXMMFSA,shared_battery_mode_node_level_v1,SI-Drahi_10-d1-HET-ULO-BLO-d3d04947f5,TK-PB-Drahi_10-d1-HET-ULO-d8d80a9180-r1,SS-c81930d9c8ba,17,6,economic_tie_break,OPTIMAL,FEASIBLE_POINT,725748.788818271,725748.788818271,0,163998,163998,251387,712574,5124,0,5124,25620,5124,256,0,0,NaN,0,NaN,0.0,1.0000000001346052,
1,20,TWO_STAGE_RH,LEXMMFSA,shared_battery_mode_node_level_v1,SI-Drahi_10-d1-HET-ULO-BLO-d3d04947f5,TK-PB-Drahi_10-d1-HET-ULO-d8d80a9180-r1,SS-c81930d9c8ba,17,1,lex_phase_1,OPTIMAL,FEASIBLE_POINT,24771.378386846554,24771.378386846554,0,163998,163998,251382,712544,5124,0,5124,25620,5124,256,0,0,NaN,0,NaN,3.552713678800501e-15,1.0000000001346052,
1,20,TWO_STAGE_RH,LEXMMFSA,shared_battery_mode_node_level_v1,SI-Drahi_10-d1-HET-ULO-BLO-d3d04947f5,TK-PB-Drahi_10-d1-HET-ULO-d8d80a9180-r1,SS-c81930d9c8ba,17,2,lex_phase_2,OPTIMAL,FEASIBLE_POINT,49542.75677369156,49542.75677369156,0,163998,163998,251383,712550,5124,0,5124,25620,5124,256,0,0,NaN,0,NaN,3.552713678800501e-15,1.0000000001346052,
1,20,TWO_STAGE_RH,LEXMMFSA,shared_battery_mode_node_level_v1,SI-Drahi_10-d1-HET-ULO-BLO-d3d04947f5,TK-PB-Drahi_10-d1-HET-ULO-d8d80a9180-r1,SS-c81930d9c8ba,17,3,lex_phase_3,OPTIMAL,FEASIBLE_POINT,74319.88216053932,74319.88216053932,0,163998,163998,251384,712556,5124,0,5124,25620,5124,256,0,0,NaN,0,NaN,3.552713678800501e-15,1.0000000001346052,
1,20,TWO_STAGE_RH,LEXMMFSA,shared_battery_mode_node_level_v1,SI-Drahi_10-d1-HET-ULO-BLO-d3d04947f5,TK-PB-Drahi_10-d1-HET-ULO-d8d80a9180-r1,SS-c81930d9c8ba,17,4,lex_phase_4,OPTIMAL,FEASIBLE_POINT,99098.0075473867,99098.0075473867,0,163998,163998,251385,712562,5124,0,5124,25620,5124,256,0,0,NaN,0,NaN,3.552713678800501e-15,1.0000000001346052,
1,20,TWO_STAGE_RH,LEXMMFSA,shared_battery_mode_node_level_v1,SI-Drahi_10-d1-HET-ULO-BLO-d3d04947f5,TK-PB-Drahi_10-d1-HET-ULO-d8d80a9180-r1,SS-c81930d9c8ba,17,5,lex_phase_5,OPTIMAL,FEASIBLE_POINT,123876.13293423432,123876.13293423432,0,163998,163998,251386,712568,5124,0,5124,25620,5124,256,0,0,NaN,0,NaN,3.552713678800501e-15,1.0000000001346052,
1,20,TWO_STAGE_RH,LEXMMFSA,shared_battery_mode_node_level_v1,SI-Drahi_10-d1-HET-ULO-BLO-d3d04947f5,TK-PB-Drahi_10-d1-HET-ULO-d8d80a9180-r1,SS-c81930d9c8ba,17,6,economic_tie_break,OPTIMAL,FEASIBLE_POINT,725748.788818271,725748.788818271,0,163998,163998,251387,712574,5124,0,5124,25620,5124,256,0,0,NaN,0,NaN,3.552713678800501e-15,1.0000000001346052,
1,21,TWO_STAGE_RH,LEXMMFSA,shared_battery_mode_node_level_v1,SI-Drahi_10-d1-HET-ULO-BLO-d3d04947f5,TK-PB-Drahi_10-d1-HET-ULO-d8d80a9180-r1,SS-3cf9bda45ea4,21,1,lex_phase_1,OPTIMAL,FEASIBLE_POINT,34984.482925019474,34984.482925019474,0,163998,163998,251382,716369,5124,0,5124,25620,5124,256,0,0,NaN,0,NaN,0.0,1.0000000014551915,
1,21,TWO_STAGE_RH,LEXMMFSA,shared_battery_mode_node_level_v1,SI-Drahi_10-d1-HET-ULO-BLO-d3d04947f5,TK-PB-Drahi_10-d1-HET-ULO-d8d80a9180-r1,SS-3cf9bda45ea4,21,2,lex_phase_2,OPTIMAL,FEASIBLE_POINT,69968.96585003876,69968.96585003876,0,163998,163998,251383,716375,5124,0,5124,25620,5124,256,0,0,NaN,0,NaN,0.0,1.0000000014551915,
1,21,TWO_STAGE_RH,LEXMMFSA,shared_battery_mode_node_level_v1,SI-Drahi_10-d1-HET-ULO-BLO-d3d04947f5,TK-PB-Drahi_10-d1-HET-ULO-d8d80a9180-r1,SS-3cf9bda45ea4,21,3,lex_phase_3,OPTIMAL,FEASIBLE_POINT,104953.44877505815,104953.44877505815,0,163998,163998,251384,716381,5124,0,5124,25620,5124,256,0,0,NaN,0,NaN,0.0,1.0000000014551915,
1,21,TWO_STAGE_RH,LEXMMFSA,shared_battery_mode_node_level_v1,SI-Drahi_10-d1-HET-ULO-BLO-d3d04947f5,TK-PB-Drahi_10-d1-HET-ULO-d8d80a9180-r1,SS-3cf9bda45ea4,21,4,lex_phase_4,OPTIMAL,FEASIBLE_POINT,139937.93170007752,139937.93170007752,0,163998,163998,251385,716387,5124,0,5124,25620,5124,256,0,0,NaN,0,NaN,0.0,1.0000000014551915,
1,21,TWO_STAGE_RH,LEXMMFSA,shared_battery_mode_node_level_v1,SI-Drahi_10-d1-HET-ULO-BLO-d3d04947f5,TK-PB-Drahi_10-d1-HET-ULO-d8d80a9180-r1,SS-3cf9bda45ea4,21,5,lex_phase_5,OPTIMAL,FEASIBLE_POINT,174940.5756251038,174940.5756251038,0,163998,163998,251386,716393,5124,0,5124,25620,5124,256,0,0,NaN,0,NaN,0.0,1.0000000014551915,
1,21,TWO_STAGE_RH,LEXMMFSA,shared_battery_mode_node_level_v1,SI-Drahi_10-d1-HET-ULO-BLO-d3d04947f5,TK-PB-Drahi_10-d1-HET-ULO-d8d80a9180-r1,SS-3cf9bda45ea4,21,6,economic_tie_break,OPTIMAL,FEASIBLE_POINT,687376.1636876412,687376.1636876412,0,163998,163998,251387,716399,5124,0,5124,25620,5124,256,0,0,NaN,0,NaN,0.0,1.0000000014551915,
1,22,TWO_STAGE_RH,LEXMMFSA,shared_battery_mode_node_level_v1,SI-Drahi_10-d1-HET-ULO-BLO-d3d04947f5,TK-PB-Drahi_10-d1-HET-ULO-d8d80a9180-r1,SS-3cf9bda45ea4,21,1,lex_phase_1,OPTIMAL,FEASIBLE_POINT,34984.482925019474,34984.482925019474,0,163998,163998,251382,716369,5124,0,5124,25620,5124,256,0,0,NaN,0,NaN,0.0,1.0000000014551915,
1,22,TWO_STAGE_RH,LEXMMFSA,shared_battery_mode_node_level_v1,SI-Drahi_10-d1-HET-ULO-BLO-d3d04947f5,TK-PB-Drahi_10-d1-HET-ULO-d8d80a9180-r1,SS-3cf9bda45ea4,21,2,lex_phase_2,OPTIMAL,FEASIBLE_POINT,69968.96585003876,69968.96585003876,0,163998,163998,251383,716375,5124,0,5124,25620,5124,256,0,0,NaN,0,NaN,0.0,1.0000000014551915,
1,22,TWO_STAGE_RH,LEXMMFSA,shared_battery_mode_node_level_v1,SI-Drahi_10-d1-HET-ULO-BLO-d3d04947f5,TK-PB-Drahi_10-d1-HET-ULO-d8d80a9180-r1,SS-3cf9bda45ea4,21,3,lex_phase_3,OPTIMAL,FEASIBLE_POINT,104953.44877505815,104953.44877505815,0,163998,163998,251384,716381,5124,0,5124,25620,5124,256,0,0,NaN,0,NaN,0.0,1.0000000014551915,
1,22,TWO_STAGE_RH,LEXMMFSA,shared_battery_mode_node_level_v1,SI-Drahi_10-d1-HET-ULO-BLO-d3d04947f5,TK-PB-Drahi_10-d1-HET-ULO-d8d80a9180-r1,SS-3cf9bda45ea4,21,4,lex_phase_4,OPTIMAL,FEASIBLE_POINT,139937.93170007752,139937.93170007752,0,163998,163998,251385,716387,5124,0,5124,25620,5124,256,0,0,NaN,0,NaN,0.0,1.0000000014551915,
1,22,TWO_STAGE_RH,LEXMMFSA,shared_battery_mode_node_level_v1,SI-Drahi_10-d1-HET-ULO-BLO-d3d04947f5,TK-PB-Drahi_10-d1-HET-ULO-d8d80a9180-r1,SS-3cf9bda45ea4,21,5,lex_phase_5,OPTIMAL,FEASIBLE_POINT,174940.5756251038,174940.5756251038,0,163998,163998,251386,716393,5124,0,5124,25620,5124,256,0,0,NaN,0,NaN,0.0,1.0000000014551915,
1,22,TWO_STAGE_RH,LEXMMFSA,shared_battery_mode_node_level_v1,SI-Drahi_10-d1-HET-ULO-BLO-d3d04947f5,TK-PB-Drahi_10-d1-HET-ULO-d8d80a9180-r1,SS-3cf9bda45ea4,21,6,economic_tie_break,OPTIMAL,FEASIBLE_POINT,687376.1636876412,687376.1636876412,0,163998,163998,251387,716399,5124,0,5124,25620,5124,256,0,0,NaN,0,NaN,0.0,1.0000000014551915,
1,23,TWO_STAGE_RH,LEXMMFSA,shared_battery_mode_node_level_v1,SI-Drahi_10-d1-HET-ULO-BLO-d3d04947f5,TK-PB-Drahi_10-d1-HET-ULO-d8d80a9180-r1,SS-3cf9bda45ea4,21,1,lex_phase_1,OPTIMAL,FEASIBLE_POINT,34984.482925019474,34984.482925019474,0,163998,163998,251382,716369,5124,0,5124,25620,5124,256,0,0,NaN,0,NaN,0.0,1.0000000014551915,
1,23,TWO_STAGE_RH,LEXMMFSA,shared_battery_mode_node_level_v1,SI-Drahi_10-d1-HET-ULO-BLO-d3d04947f5,TK-PB-Drahi_10-d1-HET-ULO-d8d80a9180-r1,SS-3cf9bda45ea4,21,2,lex_phase_2,OPTIMAL,FEASIBLE_POINT,69968.96585003876,69968.96585003876,0,163998,163998,251383,716375,5124,0,5124,25620,5124,256,0,0,NaN,0,NaN,0.0,1.0000000014551915,
1,23,TWO_STAGE_RH,LEXMMFSA,shared_battery_mode_node_level_v1,SI-Drahi_10-d1-HET-ULO-BLO-d3d04947f5,TK-PB-Drahi_10-d1-HET-ULO-d8d80a9180-r1,SS-3cf9bda45ea4,21,3,lex_phase_3,OPTIMAL,FEASIBLE_POINT,104953.44877505815,104953.44877505815,0,163998,163998,251384,716381,5124,0,5124,25620,5124,256,0,0,NaN,0,NaN,0.0,1.0000000014551915,
1,23,TWO_STAGE_RH,LEXMMFSA,shared_battery_mode_node_level_v1,SI-Drahi_10-d1-HET-ULO-BLO-d3d04947f5,TK-PB-Drahi_10-d1-HET-ULO-d8d80a9180-r1,SS-3cf9bda45ea4,21,4,lex_phase_4,OPTIMAL,FEASIBLE_POINT,139937.93170007752,139937.93170007752,0,163998,163998,251385,716387,5124,0,5124,25620,5124,256,0,0,NaN,0,NaN,0.0,1.0000000014551915,
1,23,TWO_STAGE_RH,LEXMMFSA,shared_battery_mode_node_level_v1,SI-Drahi_10-d1-HET-ULO-BLO-d3d04947f5,TK-PB-Drahi_10-d1-HET-ULO-d8d80a9180-r1,SS-3cf9bda45ea4,21,5,lex_phase_5,OPTIMAL,FEASIBLE_POINT,174940.5756251038,174940.5756251038,0,163998,163998,251386,716393,5124,0,5124,25620,5124,256,0,0,NaN,0,NaN,0.0,1.0000000014551915,
1,23,TWO_STAGE_RH,LEXMMFSA,shared_battery_mode_node_level_v1,SI-Drahi_10-d1-HET-ULO-BLO-d3d04947f5,TK-PB-Drahi_10-d1-HET-ULO-d8d80a9180-r1,SS-3cf9bda45ea4,21,6,economic_tie_break,OPTIMAL,FEASIBLE_POINT,687376.1636876412,687376.1636876412,0,163998,163998,251387,716399,5124,0,5124,25620,5124,256,0,0,NaN,0,NaN,0.0,1.0000000014551915,
1,24,TWO_STAGE_RH,LEXMMFSA,shared_battery_mode_node_level_v1,SI-Drahi_10-d1-HET-ULO-BLO-d3d04947f5,TK-PB-Drahi_10-d1-HET-ULO-d8d80a9180-r1,SS-3cf9bda45ea4,21,1,lex_phase_1,OPTIMAL,FEASIBLE_POINT,34984.482925019474,34984.482925019474,0,163998,163998,251382,716369,5124,0,5124,25620,5124,256,0,0,NaN,0,NaN,0.0,1.0000000014551915,
1,24,TWO_STAGE_RH,LEXMMFSA,shared_battery_mode_node_level_v1,SI-Drahi_10-d1-HET-ULO-BLO-d3d04947f5,TK-PB-Drahi_10-d1-HET-ULO-d8d80a9180-r1,SS-3cf9bda45ea4,21,2,lex_phase_2,OPTIMAL,FEASIBLE_POINT,69968.96585003876,69968.96585003876,0,163998,163998,251383,716375,5124,0,5124,25620,5124,256,0,0,NaN,0,NaN,0.0,1.0000000014551915,
1,24,TWO_STAGE_RH,LEXMMFSA,shared_battery_mode_node_level_v1,SI-Drahi_10-d1-HET-ULO-BLO-d3d04947f5,TK-PB-Drahi_10-d1-HET-ULO-d8d80a9180-r1,SS-3cf9bda45ea4,21,3,lex_phase_3,OPTIMAL,FEASIBLE_POINT,104953.44877505815,104953.44877505815,0,163998,163998,251384,716381,5124,0,5124,25620,5124,256,0,0,NaN,0,NaN,0.0,1.0000000014551915,
1,24,TWO_STAGE_RH,LEXMMFSA,shared_battery_mode_node_level_v1,SI-Drahi_10-d1-HET-ULO-BLO-d3d04947f5,TK-PB-Drahi_10-d1-HET-ULO-d8d80a9180-r1,SS-3cf9bda45ea4,21,4,lex_phase_4,OPTIMAL,FEASIBLE_POINT,139937.93170007752,139937.93170007752,0,163998,163998,251385,716387,5124,0,5124,25620,5124,256,0,0,NaN,0,NaN,0.0,1.0000000014551915,
1,24,TWO_STAGE_RH,LEXMMFSA,shared_battery_mode_node_level_v1,SI-Drahi_10-d1-HET-ULO-BLO-d3d04947f5,TK-PB-Drahi_10-d1-HET-ULO-d8d80a9180-r1,SS-3cf9bda45ea4,21,5,lex_phase_5,OPTIMAL,FEASIBLE_POINT,174940.5756251038,174940.5756251038,0,163998,163998,251386,716393,5124,0,5124,25620,5124,256,0,0,NaN,0,NaN,0.0,1.0000000014551915,
1,24,TWO_STAGE_RH,LEXMMFSA,shared_battery_mode_node_level_v1,SI-Drahi_10-d1-HET-ULO-BLO-d3d04947f5,TK-PB-Drahi_10-d1-HET-ULO-d8d80a9180-r1,SS-3cf9bda45ea4,21,6,economic_tie_break,OPTIMAL,FEASIBLE_POINT,687376.1636876412,687376.1636876412,0,163998,163998,251387,716399,5124,0,5124,25620,5124,256,0,0,NaN,0,NaN,0.0,1.0000000014551915,
1,1,TWO_STAGE_RH,NONE,shared_battery_mode_node_level_v1,SI-Drahi_10-d1-HET-ULO-BLO-d3d04947f5,TK-PB-Drahi_10-d1-HET-ULO-d8d80a9180-r1,SS-5d5bbea46d20,1,0,single_solve,OPTIMAL,FEASIBLE_POINT,565162.3763996299,565162.3763996299,0,163968,163968,251332,332019,5124,0,5124,25620,5124,256,0,0,NaN,0,NaN,0.0,0.0,
1,2,TWO_STAGE_RH,NONE,shared_battery_mode_node_level_v1,SI-Drahi_10-d1-HET-ULO-BLO-d3d04947f5,TK-PB-Drahi_10-d1-HET-ULO-d8d80a9180-r1,SS-5d5bbea46d20,1,0,single_solve,OPTIMAL,FEASIBLE_POINT,565162.3763996299,565162.3763996299,0,163968,163968,251332,332019,5124,0,5124,25620,5124,256,0,0,NaN,0,NaN,0.0,0.0,
1,3,TWO_STAGE_RH,NONE,shared_battery_mode_node_level_v1,SI-Drahi_10-d1-HET-ULO-BLO-d3d04947f5,TK-PB-Drahi_10-d1-HET-ULO-d8d80a9180-r1,SS-5d5bbea46d20,1,0,single_solve,OPTIMAL,FEASIBLE_POINT,565162.3763996299,565162.3763996299,0,163968,163968,251332,332019,5124,0,5124,25620,5124,256,0,0,NaN,0,NaN,0.0,0.0,
1,4,TWO_STAGE_RH,NONE,shared_battery_mode_node_level_v1,SI-Drahi_10-d1-HET-ULO-BLO-d3d04947f5,TK-PB-Drahi_10-d1-HET-ULO-d8d80a9180-r1,SS-5d5bbea46d20,1,0,single_solve,OPTIMAL,FEASIBLE_POINT,565162.3763996299,565162.3763996299,0,163968,163968,251332,332019,5124,0,5124,25620,5124,256,0,0,NaN,0,NaN,0.0,0.0,
1,5,TWO_STAGE_RH,NONE,shared_battery_mode_node_level_v1,SI-Drahi_10-d1-HET-ULO-BLO-d3d04947f5,TK-PB-Drahi_10-d1-HET-ULO-d8d80a9180-r1,SS-102adc95e052,5,0,single_solve,OPTIMAL,FEASIBLE_POINT,563146.6151649065,563146.6151649065,0,163968,163968,251332,326919,5124,0,5124,25620,5124,256,0,0,NaN,0,NaN,0.0,0.0,
1,6,TWO_STAGE_RH,NONE,shared_battery_mode_node_level_v1,SI-Drahi_10-d1-HET-ULO-BLO-d3d04947f5,TK-PB-Drahi_10-d1-HET-ULO-d8d80a9180-r1,SS-102adc95e052,5,0,single_solve,OPTIMAL,FEASIBLE_POINT,563146.6151649065,563146.6151649065,0,163968,163968,251332,326919,5124,0,5124,25620,5124,256,0,0,NaN,0,NaN,0.0,0.0,
1,7,TWO_STAGE_RH,NONE,shared_battery_mode_node_level_v1,SI-Drahi_10-d1-HET-ULO-BLO-d3d04947f5,TK-PB-Drahi_10-d1-HET-ULO-d8d80a9180-r1,SS-102adc95e052,5,0,single_solve,OPTIMAL,FEASIBLE_POINT,563146.6151649065,563146.6151649065,0,163968,163968,251332,326919,5124,0,5124,25620,5124,256,0,0,NaN,0,NaN,0.0,0.0,
1,8,TWO_STAGE_RH,NONE,shared_battery_mode_node_level_v1,SI-Drahi_10-d1-HET-ULO-BLO-d3d04947f5,TK-PB-Drahi_10-d1-HET-ULO-d8d80a9180-r1,SS-102adc95e052,5,0,single_solve,OPTIMAL,FEASIBLE_POINT,563146.6151649065,563146.6151649065,0,163968,163968,251332,326919,5124,0,5124,25620,5124,256,0,0,NaN,0,NaN,0.0,0.0,
1,9,TWO_STAGE_RH,NONE,shared_battery_mode_node_level_v1,SI-Drahi_10-d1-HET-ULO-BLO-d3d04947f5,TK-PB-Drahi_10-d1-HET-ULO-d8d80a9180-r1,SS-19da242d4543,9,0,single_solve,OPTIMAL,FEASIBLE_POINT,550017.5411567346,550017.5411567346,0,163968,163968,251332,326919,5124,0,5124,25620,5124,256,0,0,NaN,0,NaN,0.0,0.0,
1,10,TWO_STAGE_RH,NONE,shared_battery_mode_node_level_v1,SI-Drahi_10-d1-HET-ULO-BLO-d3d04947f5,TK-PB-Drahi_10-d1-HET-ULO-d8d80a9180-r1,SS-19da242d4543,9,0,single_solve,OPTIMAL,FEASIBLE_POINT,550017.5411567346,550017.5411567346,0,163968,163968,251332,326919,5124,0,5124,25620,5124,256,0,0,NaN,0,NaN,0.0,0.0,
1,11,TWO_STAGE_RH,NONE,shared_battery_mode_node_level_v1,SI-Drahi_10-d1-HET-ULO-BLO-d3d04947f5,TK-PB-Drahi_10-d1-HET-ULO-d8d80a9180-r1,SS-19da242d4543,9,0,single_solve,OPTIMAL,FEASIBLE_POINT,550017.5411567346,550017.5411567346,0,163968,163968,251332,326919,5124,0,5124,25620,5124,256,0,0,NaN,0,NaN,0.0,0.0,
1,12,TWO_STAGE_RH,NONE,shared_battery_mode_node_level_v1,SI-Drahi_10-d1-HET-ULO-BLO-d3d04947f5,TK-PB-Drahi_10-d1-HET-ULO-d8d80a9180-r1,SS-19da242d4543,9,0,single_solve,OPTIMAL,FEASIBLE_POINT,550017.5411567346,550017.5411567346,0,163968,163968,251332,326919,5124,0,5124,25620,5124,256,0,0,NaN,0,NaN,0.0,0.0,
1,13,TWO_STAGE_RH,NONE,shared_battery_mode_node_level_v1,SI-Drahi_10-d1-HET-ULO-BLO-d3d04947f5,TK-PB-Drahi_10-d1-HET-ULO-d8d80a9180-r1,SS-354317d12b7f,13,0,single_solve,OPTIMAL,FEASIBLE_POINT,551529.7993964308,551529.7993964308,0,163968,163968,251332,326919,5124,0,5124,25620,5124,256,0,0,NaN,0,NaN,0.0,0.0,
1,14,TWO_STAGE_RH,NONE,shared_battery_mode_node_level_v1,SI-Drahi_10-d1-HET-ULO-BLO-d3d04947f5,TK-PB-Drahi_10-d1-HET-ULO-d8d80a9180-r1,SS-354317d12b7f,13,0,single_solve,OPTIMAL,FEASIBLE_POINT,551529.7993964308,551529.7993964308,0,163968,163968,251332,326919,5124,0,5124,25620,5124,256,0,0,NaN,0,NaN,0.0,0.0,
1,15,TWO_STAGE_RH,NONE,shared_battery_mode_node_level_v1,SI-Drahi_10-d1-HET-ULO-BLO-d3d04947f5,TK-PB-Drahi_10-d1-HET-ULO-d8d80a9180-r1,SS-354317d12b7f,13,0,single_solve,OPTIMAL,FEASIBLE_POINT,551529.7993964308,551529.7993964308,0,163968,163968,251332,326919,5124,0,5124,25620,5124,256,0,0,NaN,0,NaN,0.0,0.0,
1,16,TWO_STAGE_RH,NONE,shared_battery_mode_node_level_v1,SI-Drahi_10-d1-HET-ULO-BLO-d3d04947f5,TK-PB-Drahi_10-d1-HET-ULO-d8d80a9180-r1,SS-354317d12b7f,13,0,single_solve,OPTIMAL,FEASIBLE_POINT,551529.7993964308,551529.7993964308,0,163968,163968,251332,326919,5124,0,5124,25620,5124,256,0,0,NaN,0,NaN,0.0,0.0,
1,17,TWO_STAGE_RH,NONE,shared_battery_mode_node_level_v1,SI-Drahi_10-d1-HET-ULO-BLO-d3d04947f5,TK-PB-Drahi_10-d1-HET-ULO-d8d80a9180-r1,SS-c81930d9c8ba,17,0,single_solve,OPTIMAL,FEASIBLE_POINT,553236.4557254061,553236.4557254061,0,163968,163968,251332,328194,5124,0,5124,25620,5124,256,0,0,NaN,0,NaN,0.0,0.0,
1,18,TWO_STAGE_RH,NONE,shared_battery_mode_node_level_v1,SI-Drahi_10-d1-HET-ULO-BLO-d3d04947f5,TK-PB-Drahi_10-d1-HET-ULO-d8d80a9180-r1,SS-c81930d9c8ba,17,0,single_solve,OPTIMAL,FEASIBLE_POINT,553236.4557254061,553236.4557254061,0,163968,163968,251332,328194,5124,0,5124,25620,5124,256,0,0,NaN,0,NaN,0.0,0.0,
1,19,TWO_STAGE_RH,NONE,shared_battery_mode_node_level_v1,SI-Drahi_10-d1-HET-ULO-BLO-d3d04947f5,TK-PB-Drahi_10-d1-HET-ULO-d8d80a9180-r1,SS-c81930d9c8ba,17,0,single_solve,OPTIMAL,FEASIBLE_POINT,553236.4557254061,553236.4557254061,0,163968,163968,251332,328194,5124,0,5124,25620,5124,256,0,0,NaN,0,NaN,0.0,0.0,
1,20,TWO_STAGE_RH,NONE,shared_battery_mode_node_level_v1,SI-Drahi_10-d1-HET-ULO-BLO-d3d04947f5,TK-PB-Drahi_10-d1-HET-ULO-d8d80a9180-r1,SS-c81930d9c8ba,17,0,single_solve,OPTIMAL,FEASIBLE_POINT,553236.4557254061,553236.4557254061,0,163968,163968,251332,328194,5124,0,5124,25620,5124,256,0,0,NaN,0,NaN,0.0,0.0,
1,21,TWO_STAGE_RH,NONE,shared_battery_mode_node_level_v1,SI-Drahi_10-d1-HET-ULO-BLO-d3d04947f5,TK-PB-Drahi_10-d1-HET-ULO-d8d80a9180-r1,SS-3cf9bda45ea4,21,0,single_solve,OPTIMAL,FEASIBLE_POINT,554578.3576578769,554578.3576578769,0,163968,163968,251332,332019,5124,0,5124,25620,5124,256,0,0,NaN,0,NaN,0.0,0.0,
1,22,TWO_STAGE_RH,NONE,shared_battery_mode_node_level_v1,SI-Drahi_10-d1-HET-ULO-BLO-d3d04947f5,TK-PB-Drahi_10-d1-HET-ULO-d8d80a9180-r1,SS-3cf9bda45ea4,21,0,single_solve,OPTIMAL,FEASIBLE_POINT,554578.3576578769,554578.3576578769,0,163968,163968,251332,332019,5124,0,5124,25620,5124,256,0,0,NaN,0,NaN,0.0,0.0,
1,23,TWO_STAGE_RH,NONE,shared_battery_mode_node_level_v1,SI-Drahi_10-d1-HET-ULO-BLO-d3d04947f5,TK-PB-Drahi_10-d1-HET-ULO-d8d80a9180-r1,SS-3cf9bda45ea4,21,0,single_solve,OPTIMAL,FEASIBLE_POINT,554578.3576578769,554578.3576578769,0,163968,163968,251332,332019,5124,0,5124,25620,5124,256,0,0,NaN,0,NaN,0.0,0.0,
1,24,TWO_STAGE_RH,NONE,shared_battery_mode_node_level_v1,SI-Drahi_10-d1-HET-ULO-BLO-d3d04947f5,TK-PB-Drahi_10-d1-HET-ULO-d8d80a9180-r1,SS-3cf9bda45ea4,21,0,single_solve,OPTIMAL,FEASIBLE_POINT,554578.3576578769,554578.3576578769,0,163968,163968,251332,332019,5124,0,5124,25620,5124,256,0,0,NaN,0,NaN,7.216449660063518e-16,0.0,
1,1,TWO_STAGE_RH,PEA,shared_battery_mode_node_level_v1,SI-Drahi_10-d1-HET-ULO-BLO-d3d04947f5,TK-PB-Drahi_10-d1-HET-ULO-d8d80a9180-r1,SS-5d5bbea46d20,1,0,single_solve,OPTIMAL,FEASIBLE_POINT,665100.3476345926,665100.3476345926,0,163968,163968,251337,357639,5124,0,5124,25620,5124,256,0,0,NaN,0,NaN,0.0,2.4726887204451486e-12,
1,2,TWO_STAGE_RH,PEA,shared_battery_mode_node_level_v1,SI-Drahi_10-d1-HET-ULO-BLO-d3d04947f5,TK-PB-Drahi_10-d1-HET-ULO-d8d80a9180-r1,SS-5d5bbea46d20,1,0,single_solve,OPTIMAL,FEASIBLE_POINT,665100.3476345926,665100.3476345926,0,163968,163968,251337,357639,5124,0,5124,25620,5124,256,0,0,NaN,0,NaN,0.0,2.4726887204451486e-12,
1,3,TWO_STAGE_RH,PEA,shared_battery_mode_node_level_v1,SI-Drahi_10-d1-HET-ULO-BLO-d3d04947f5,TK-PB-Drahi_10-d1-HET-ULO-d8d80a9180-r1,SS-5d5bbea46d20,1,0,single_solve,OPTIMAL,FEASIBLE_POINT,665100.3476345926,665100.3476345926,0,163968,163968,251337,357639,5124,0,5124,25620,5124,256,0,0,NaN,0,NaN,0.0,2.4726887204451486e-12,
1,4,TWO_STAGE_RH,PEA,shared_battery_mode_node_level_v1,SI-Drahi_10-d1-HET-ULO-BLO-d3d04947f5,TK-PB-Drahi_10-d1-HET-ULO-d8d80a9180-r1,SS-5d5bbea46d20,1,0,single_solve,OPTIMAL,FEASIBLE_POINT,665100.3476345926,665100.3476345926,0,163968,163968,251337,357639,5124,0,5124,25620,5124,256,0,0,NaN,0,NaN,0.0,2.4726887204451486e-12,
1,5,TWO_STAGE_RH,PEA,shared_battery_mode_node_level_v1,SI-Drahi_10-d1-HET-ULO-BLO-d3d04947f5,TK-PB-Drahi_10-d1-HET-ULO-d8d80a9180-r1,SS-102adc95e052,5,0,single_solve,OPTIMAL,FEASIBLE_POINT,666503.0940587369,666503.0940587369,0,163968,163968,251337,352539,5124,0,5124,25620,5124,256,0,0,NaN,0,NaN,0.0,2.5011104298755527e-12,
1,6,TWO_STAGE_RH,PEA,shared_battery_mode_node_level_v1,SI-Drahi_10-d1-HET-ULO-BLO-d3d04947f5,TK-PB-Drahi_10-d1-HET-ULO-d8d80a9180-r1,SS-102adc95e052,5,0,single_solve,OPTIMAL,FEASIBLE_POINT,666503.0940587369,666503.0940587369,0,163968,163968,251337,352539,5124,0,5124,25620,5124,256,0,0,NaN,0,NaN,0.0,2.5011104298755527e-12,
1,7,TWO_STAGE_RH,PEA,shared_battery_mode_node_level_v1,SI-Drahi_10-d1-HET-ULO-BLO-d3d04947f5,TK-PB-Drahi_10-d1-HET-ULO-d8d80a9180-r1,SS-102adc95e052,5,0,single_solve,OPTIMAL,FEASIBLE_POINT,666503.0940587369,666503.0940587369,0,163968,163968,251337,352539,5124,0,5124,25620,5124,256,0,0,NaN,0,NaN,0.19500000000000006,2.5011104298755527e-12,
1,8,TWO_STAGE_RH,PEA,shared_battery_mode_node_level_v1,SI-Drahi_10-d1-HET-ULO-BLO-d3d04947f5,TK-PB-Drahi_10-d1-HET-ULO-d8d80a9180-r1,SS-102adc95e052,5,0,single_solve,OPTIMAL,FEASIBLE_POINT,666503.0940587369,666503.0940587369,0,163968,163968,251337,352539,5124,0,5124,25620,5124,256,0,0,NaN,0,NaN,1.4210854715202004e-14,2.5011104298755527e-12,
1,9,TWO_STAGE_RH,PEA,shared_battery_mode_node_level_v1,SI-Drahi_10-d1-HET-ULO-BLO-d3d04947f5,TK-PB-Drahi_10-d1-HET-ULO-d8d80a9180-r1,SS-19da242d4543,9,0,single_solve,OPTIMAL,FEASIBLE_POINT,673031.5589520469,673031.5589520469,0,163968,163968,251337,352539,5124,0,5124,25620,5124,256,0,0,NaN,0,NaN,0.0,2.7853275241795927e-12,
1,10,TWO_STAGE_RH,PEA,shared_battery_mode_node_level_v1,SI-Drahi_10-d1-HET-ULO-BLO-d3d04947f5,TK-PB-Drahi_10-d1-HET-ULO-d8d80a9180-r1,SS-19da242d4543,9,0,single_solve,OPTIMAL,FEASIBLE_POINT,673031.5589520469,673031.5589520469,0,163968,163968,251337,352539,5124,0,5124,25620,5124,256,0,0,NaN,0,NaN,0.0,2.7853275241795927e-12,
1,11,TWO_STAGE_RH,PEA,shared_battery_mode_node_level_v1,SI-Drahi_10-d1-HET-ULO-BLO-d3d04947f5,TK-PB-Drahi_10-d1-HET-ULO-d8d80a9180-r1,SS-19da242d4543,9,0,single_solve,OPTIMAL,FEASIBLE_POINT,673031.5589520469,673031.5589520469,0,163968,163968,251337,352539,5124,0,5124,25620,5124,256,0,0,NaN,0,NaN,0.0,2.7853275241795927e-12,
1,12,TWO_STAGE_RH,PEA,shared_battery_mode_node_level_v1,SI-Drahi_10-d1-HET-ULO-BLO-d3d04947f5,TK-PB-Drahi_10-d1-HET-ULO-d8d80a9180-r1,SS-19da242d4543,9,0,single_solve,OPTIMAL,FEASIBLE_POINT,673031.5589520469,673031.5589520469,0,163968,163968,251337,352539,5124,0,5124,25620,5124,256,0,0,NaN,0,NaN,0.0,2.7853275241795927e-12,
1,13,TWO_STAGE_RH,PEA,shared_battery_mode_node_level_v1,SI-Drahi_10-d1-HET-ULO-BLO-d3d04947f5,TK-PB-Drahi_10-d1-HET-ULO-d8d80a9180-r1,SS-354317d12b7f,13,0,single_solve,OPTIMAL,FEASIBLE_POINT,643905.6710417825,643905.6710417825,0,163968,163968,251337,352539,5124,0,5124,25620,5124,256,0,0,NaN,0,NaN,2.730617608409986,1.1937117960769683e-12,
1,14,TWO_STAGE_RH,PEA,shared_battery_mode_node_level_v1,SI-Drahi_10-d1-HET-ULO-BLO-d3d04947f5,TK-PB-Drahi_10-d1-HET-ULO-d8d80a9180-r1,SS-354317d12b7f,13,0,single_solve,OPTIMAL,FEASIBLE_POINT,643905.6710417825,643905.6710417825,0,163968,163968,251337,352539,5124,0,5124,25620,5124,256,0,0,NaN,0,NaN,1.4210854715202004e-14,1.1937117960769683e-12,
1,15,TWO_STAGE_RH,PEA,shared_battery_mode_node_level_v1,SI-Drahi_10-d1-HET-ULO-BLO-d3d04947f5,TK-PB-Drahi_10-d1-HET-ULO-d8d80a9180-r1,SS-354317d12b7f,13,0,single_solve,OPTIMAL,FEASIBLE_POINT,643905.6710417825,643905.6710417825,0,163968,163968,251337,352539,5124,0,5124,25620,5124,256,0,0,NaN,0,NaN,4.0,1.1937117960769683e-12,
1,16,TWO_STAGE_RH,PEA,shared_battery_mode_node_level_v1,SI-Drahi_10-d1-HET-ULO-BLO-d3d04947f5,TK-PB-Drahi_10-d1-HET-ULO-d8d80a9180-r1,SS-354317d12b7f,13,0,single_solve,OPTIMAL,FEASIBLE_POINT,643905.6710417825,643905.6710417825,0,163968,163968,251337,352539,5124,0,5124,25620,5124,256,0,0,NaN,0,NaN,1.4210854715202004e-14,1.1937117960769683e-12,
1,17,TWO_STAGE_RH,PEA,shared_battery_mode_node_level_v1,SI-Drahi_10-d1-HET-ULO-BLO-d3d04947f5,TK-PB-Drahi_10-d1-HET-ULO-d8d80a9180-r1,SS-c81930d9c8ba,17,0,single_solve,OPTIMAL,FEASIBLE_POINT,642634.6294493661,642634.6294493661,0,163968,163968,251337,353814,5124,0,5124,25620,5124,256,0,0,NaN,0,NaN,0.0,1.3642420526593924e-12,
1,18,TWO_STAGE_RH,PEA,shared_battery_mode_node_level_v1,SI-Drahi_10-d1-HET-ULO-BLO-d3d04947f5,TK-PB-Drahi_10-d1-HET-ULO-d8d80a9180-r1,SS-c81930d9c8ba,17,0,single_solve,OPTIMAL,FEASIBLE_POINT,642634.6294493661,642634.6294493661,0,163968,163968,251337,353814,5124,0,5124,25620,5124,256,0,0,NaN,0,NaN,0.0,1.3642420526593924e-12,
1,19,TWO_STAGE_RH,PEA,shared_battery_mode_node_level_v1,SI-Drahi_10-d1-HET-ULO-BLO-d3d04947f5,TK-PB-Drahi_10-d1-HET-ULO-d8d80a9180-r1,SS-c81930d9c8ba,17,0,single_solve,OPTIMAL,FEASIBLE_POINT,642634.6294493661,642634.6294493661,0,163968,163968,251337,353814,5124,0,5124,25620,5124,256,0,0,NaN,0,NaN,0.0,1.3642420526593924e-12,
1,20,TWO_STAGE_RH,PEA,shared_battery_mode_node_level_v1,SI-Drahi_10-d1-HET-ULO-BLO-d3d04947f5,TK-PB-Drahi_10-d1-HET-ULO-d8d80a9180-r1,SS-c81930d9c8ba,17,0,single_solve,OPTIMAL,FEASIBLE_POINT,642634.6294493661,642634.6294493661,0,163968,163968,251337,353814,5124,0,5124,25620,5124,256,0,0,NaN,0,NaN,0.0,1.3642420526593924e-12,
1,21,TWO_STAGE_RH,PEA,shared_battery_mode_node_level_v1,SI-Drahi_10-d1-HET-ULO-BLO-d3d04947f5,TK-PB-Drahi_10-d1-HET-ULO-d8d80a9180-r1,SS-3cf9bda45ea4,21,0,single_solve,OPTIMAL,FEASIBLE_POINT,645968.1017965543,645968.1017965543,0,163968,163968,251337,357639,5124,0,5124,25620,5124,256,0,0,NaN,0,NaN,0.0,3.410605131648481e-13,
1,22,TWO_STAGE_RH,PEA,shared_battery_mode_node_level_v1,SI-Drahi_10-d1-HET-ULO-BLO-d3d04947f5,TK-PB-Drahi_10-d1-HET-ULO-d8d80a9180-r1,SS-3cf9bda45ea4,21,0,single_solve,OPTIMAL,FEASIBLE_POINT,645968.1017965543,645968.1017965543,0,163968,163968,251337,357639,5124,0,5124,25620,5124,256,0,0,NaN,0,NaN,0.0,3.410605131648481e-13,
1,23,TWO_STAGE_RH,PEA,shared_battery_mode_node_level_v1,SI-Drahi_10-d1-HET-ULO-BLO-d3d04947f5,TK-PB-Drahi_10-d1-HET-ULO-d8d80a9180-r1,SS-3cf9bda45ea4,21,0,single_solve,OPTIMAL,FEASIBLE_POINT,645968.1017965543,645968.1017965543,0,163968,163968,251337,357639,5124,0,5124,25620,5124,256,0,0,NaN,0,NaN,0.0,3.410605131648481e-13,
1,24,TWO_STAGE_RH,PEA,shared_battery_mode_node_level_v1,SI-Drahi_10-d1-HET-ULO-BLO-d3d04947f5,TK-PB-Drahi_10-d1-HET-ULO-d8d80a9180-r1,SS-3cf9bda45ea4,21,0,single_solve,OPTIMAL,FEASIBLE_POINT,645968.1017965543,645968.1017965543,0,163968,163968,251337,357639,5124,0,5124,25620,5124,256,0,0,NaN,0,NaN,7.216449660063518e-16,3.410605131648481e-13,
1,1,TWO_STAGE_RH,SA,shared_battery_mode_node_level_v1,SI-Drahi_10-d1-HET-ULO-BLO-d3d04947f5,TK-PB-Drahi_10-d1-HET-ULO-d8d80a9180-r1,SS-5d5bbea46d20,1,0,single_solve,OPTIMAL,FEASIBLE_POINT,692836.0682175574,692836.0682175574,0,163968,163968,251337,716319,5124,0,5124,25620,5124,256,0,0,NaN,0,NaN,0.0,4.147295840084553e-10,
1,2,TWO_STAGE_RH,SA,shared_battery_mode_node_level_v1,SI-Drahi_10-d1-HET-ULO-BLO-d3d04947f5,TK-PB-Drahi_10-d1-HET-ULO-d8d80a9180-r1,SS-5d5bbea46d20,1,0,single_solve,OPTIMAL,FEASIBLE_POINT,692836.0682175574,692836.0682175574,0,163968,163968,251337,716319,5124,0,5124,25620,5124,256,0,0,NaN,0,NaN,0.0,4.147295840084553e-10,
1,3,TWO_STAGE_RH,SA,shared_battery_mode_node_level_v1,SI-Drahi_10-d1-HET-ULO-BLO-d3d04947f5,TK-PB-Drahi_10-d1-HET-ULO-d8d80a9180-r1,SS-5d5bbea46d20,1,0,single_solve,OPTIMAL,FEASIBLE_POINT,692836.0682175574,692836.0682175574,0,163968,163968,251337,716319,5124,0,5124,25620,5124,256,0,0,NaN,0,NaN,0.0,4.147295840084553e-10,
1,4,TWO_STAGE_RH,SA,shared_battery_mode_node_level_v1,SI-Drahi_10-d1-HET-ULO-BLO-d3d04947f5,TK-PB-Drahi_10-d1-HET-ULO-d8d80a9180-r1,SS-5d5bbea46d20,1,0,single_solve,OPTIMAL,FEASIBLE_POINT,692836.0682175574,692836.0682175574,0,163968,163968,251337,716319,5124,0,5124,25620,5124,256,0,0,NaN,0,NaN,1.4210854715202004e-14,4.147295840084553e-10,
1,5,TWO_STAGE_RH,SA,shared_battery_mode_node_level_v1,SI-Drahi_10-d1-HET-ULO-BLO-d3d04947f5,TK-PB-Drahi_10-d1-HET-ULO-d8d80a9180-r1,SS-102adc95e052,5,0,single_solve,OPTIMAL,FEASIBLE_POINT,683262.5526828755,683262.5526828755,0,163968,163968,251337,711219,5124,0,5124,25620,5124,256,0,0,NaN,0,NaN,1.6399474375821281,5.675246939063072e-10,
1,6,TWO_STAGE_RH,SA,shared_battery_mode_node_level_v1,SI-Drahi_10-d1-HET-ULO-BLO-d3d04947f5,TK-PB-Drahi_10-d1-HET-ULO-d8d80a9180-r1,SS-102adc95e052,5,0,single_solve,OPTIMAL,FEASIBLE_POINT,683262.5526828755,683262.5526828755,0,163968,163968,251337,711219,5124,0,5124,25620,5124,256,0,0,NaN,0,NaN,0.0,5.675246939063072e-10,
1,7,TWO_STAGE_RH,SA,shared_battery_mode_node_level_v1,SI-Drahi_10-d1-HET-ULO-BLO-d3d04947f5,TK-PB-Drahi_10-d1-HET-ULO-d8d80a9180-r1,SS-102adc95e052,5,0,single_solve,OPTIMAL,FEASIBLE_POINT,683262.5526828755,683262.5526828755,0,163968,163968,251337,711219,5124,0,5124,25620,5124,256,0,0,NaN,0,NaN,0.0,5.675246939063072e-10,
1,8,TWO_STAGE_RH,SA,shared_battery_mode_node_level_v1,SI-Drahi_10-d1-HET-ULO-BLO-d3d04947f5,TK-PB-Drahi_10-d1-HET-ULO-d8d80a9180-r1,SS-102adc95e052,5,0,single_solve,OPTIMAL,FEASIBLE_POINT,683262.5526828755,683262.5526828755,0,163968,163968,251337,711219,5124,0,5124,25620,5124,256,0,0,NaN,0,NaN,7.216449660063518e-16,5.675246939063072e-10,
1,9,TWO_STAGE_RH,SA,shared_battery_mode_node_level_v1,SI-Drahi_10-d1-HET-ULO-BLO-d3d04947f5,TK-PB-Drahi_10-d1-HET-ULO-d8d80a9180-r1,SS-19da242d4543,9,0,single_solve,OPTIMAL,FEASIBLE_POINT,692975.9465734111,692975.9465734111,0,163968,163968,251337,711219,5124,0,5124,25620,5124,256,0,0,NaN,0,NaN,0.0,1.0440999176353216e-9,
1,10,TWO_STAGE_RH,SA,shared_battery_mode_node_level_v1,SI-Drahi_10-d1-HET-ULO-BLO-d3d04947f5,TK-PB-Drahi_10-d1-HET-ULO-d8d80a9180-r1,SS-19da242d4543,9,0,single_solve,OPTIMAL,FEASIBLE_POINT,692975.9465734111,692975.9465734111,0,163968,163968,251337,711219,5124,0,5124,25620,5124,256,0,0,NaN,0,NaN,0.0,1.0440999176353216e-9,
1,11,TWO_STAGE_RH,SA,shared_battery_mode_node_level_v1,SI-Drahi_10-d1-HET-ULO-BLO-d3d04947f5,TK-PB-Drahi_10-d1-HET-ULO-d8d80a9180-r1,SS-19da242d4543,9,0,single_solve,OPTIMAL,FEASIBLE_POINT,692975.9465734111,692975.9465734111,0,163968,163968,251337,711219,5124,0,5124,25620,5124,256,0,0,NaN,0,NaN,2.842170943040401e-14,1.0440999176353216e-9,
1,12,TWO_STAGE_RH,SA,shared_battery_mode_node_level_v1,SI-Drahi_10-d1-HET-ULO-BLO-d3d04947f5,TK-PB-Drahi_10-d1-HET-ULO-d8d80a9180-r1,SS-19da242d4543,9,0,single_solve,OPTIMAL,FEASIBLE_POINT,692975.9465734111,692975.9465734111,0,163968,163968,251337,711219,5124,0,5124,25620,5124,256,0,0,NaN,0,NaN,1.4210854715202004e-14,1.0440999176353216e-9,
1,13,TWO_STAGE_RH,SA,shared_battery_mode_node_level_v1,SI-Drahi_10-d1-HET-ULO-BLO-d3d04947f5,TK-PB-Drahi_10-d1-HET-ULO-d8d80a9180-r1,SS-354317d12b7f,13,0,single_solve,OPTIMAL,FEASIBLE_POINT,670130.7275976171,670130.7275976171,0,163968,163968,251337,711219,5124,0,5124,25620,5124,256,0,0,NaN,0,NaN,0.0,4.1109160520136356e-10,
1,14,TWO_STAGE_RH,SA,shared_battery_mode_node_level_v1,SI-Drahi_10-d1-HET-ULO-BLO-d3d04947f5,TK-PB-Drahi_10-d1-HET-ULO-d8d80a9180-r1,SS-354317d12b7f,13,0,single_solve,OPTIMAL,FEASIBLE_POINT,670130.7275976171,670130.7275976171,0,163968,163968,251337,711219,5124,0,5124,25620,5124,256,0,0,NaN,0,NaN,1.7763568394002505e-15,4.1109160520136356e-10,
1,15,TWO_STAGE_RH,SA,shared_battery_mode_node_level_v1,SI-Drahi_10-d1-HET-ULO-BLO-d3d04947f5,TK-PB-Drahi_10-d1-HET-ULO-d8d80a9180-r1,SS-354317d12b7f,13,0,single_solve,OPTIMAL,FEASIBLE_POINT,670130.7275976171,670130.7275976171,0,163968,163968,251337,711219,5124,0,5124,25620,5124,256,0,0,NaN,0,NaN,0.0,4.1109160520136356e-10,
1,16,TWO_STAGE_RH,SA,shared_battery_mode_node_level_v1,SI-Drahi_10-d1-HET-ULO-BLO-d3d04947f5,TK-PB-Drahi_10-d1-HET-ULO-d8d80a9180-r1,SS-354317d12b7f,13,0,single_solve,OPTIMAL,FEASIBLE_POINT,670130.7275976171,670130.7275976171,0,163968,163968,251337,711219,5124,0,5124,25620,5124,256,0,0,NaN,0,NaN,0.0,4.1109160520136356e-10,
1,17,TWO_STAGE_RH,SA,shared_battery_mode_node_level_v1,SI-Drahi_10-d1-HET-ULO-BLO-d3d04947f5,TK-PB-Drahi_10-d1-HET-ULO-d8d80a9180-r1,SS-c81930d9c8ba,17,0,single_solve,OPTIMAL,FEASIBLE_POINT,679584.0826658842,679584.0826658842,0,163968,163968,251337,712494,5124,0,5124,25620,5124,256,0,0,NaN,0,NaN,3.7950065703022338,1.4842953532934189e-9,
1,18,TWO_STAGE_RH,SA,shared_battery_mode_node_level_v1,SI-Drahi_10-d1-HET-ULO-BLO-d3d04947f5,TK-PB-Drahi_10-d1-HET-ULO-d8d80a9180-r1,SS-c81930d9c8ba,17,0,single_solve,OPTIMAL,FEASIBLE_POINT,679584.0826658842,679584.0826658842,0,163968,163968,251337,712494,5124,0,5124,25620,5124,256,0,0,NaN,0,NaN,0.0,1.4842953532934189e-9,
1,19,TWO_STAGE_RH,SA,shared_battery_mode_node_level_v1,SI-Drahi_10-d1-HET-ULO-BLO-d3d04947f5,TK-PB-Drahi_10-d1-HET-ULO-d8d80a9180-r1,SS-c81930d9c8ba,17,0,single_solve,OPTIMAL,FEASIBLE_POINT,679584.0826658842,679584.0826658842,0,163968,163968,251337,712494,5124,0,5124,25620,5124,256,0,0,NaN,0,NaN,0.0,1.4842953532934189e-9,
1,20,TWO_STAGE_RH,SA,shared_battery_mode_node_level_v1,SI-Drahi_10-d1-HET-ULO-BLO-d3d04947f5,TK-PB-Drahi_10-d1-HET-ULO-d8d80a9180-r1,SS-c81930d9c8ba,17,0,single_solve,OPTIMAL,FEASIBLE_POINT,679584.0826658842,679584.0826658842,0,163968,163968,251337,712494,5124,0,5124,25620,5124,256,0,0,NaN,0,NaN,0.0,1.4842953532934189e-9,
1,21,TWO_STAGE_RH,SA,shared_battery_mode_node_level_v1,SI-Drahi_10-d1-HET-ULO-BLO-d3d04947f5,TK-PB-Drahi_10-d1-HET-ULO-d8d80a9180-r1,SS-3cf9bda45ea4,21,0,single_solve,OPTIMAL,FEASIBLE_POINT,668844.6616782339,668844.6616782339,0,163968,163968,251337,716319,5124,0,5124,25620,5124,256,0,0,NaN,0,NaN,0.0,2.3283064365386963e-10,
1,22,TWO_STAGE_RH,SA,shared_battery_mode_node_level_v1,SI-Drahi_10-d1-HET-ULO-BLO-d3d04947f5,TK-PB-Drahi_10-d1-HET-ULO-d8d80a9180-r1,SS-3cf9bda45ea4,21,0,single_solve,OPTIMAL,FEASIBLE_POINT,668844.6616782339,668844.6616782339,0,163968,163968,251337,716319,5124,0,5124,25620,5124,256,0,0,NaN,0,NaN,0.0,2.3283064365386963e-10,
1,23,TWO_STAGE_RH,SA,shared_battery_mode_node_level_v1,SI-Drahi_10-d1-HET-ULO-BLO-d3d04947f5,TK-PB-Drahi_10-d1-HET-ULO-d8d80a9180-r1,SS-3cf9bda45ea4,21,0,single_solve,OPTIMAL,FEASIBLE_POINT,668844.6616782339,668844.6616782339,0,163968,163968,251337,716319,5124,0,5124,25620,5124,256,0,0,NaN,0,NaN,1.4210854715202004e-14,2.3283064365386963e-10,
1,24,TWO_STAGE_RH,SA,shared_battery_mode_node_level_v1,SI-Drahi_10-d1-HET-ULO-BLO-d3d04947f5,TK-PB-Drahi_10-d1-HET-ULO-d8d80a9180-r1,SS-3cf9bda45ea4,21,0,single_solve,OPTIMAL,FEASIBLE_POINT,668844.6616782339,668844.6616782339,0,163968,163968,251337,716319,5124,0,5124,25620,5124,256,0,0,NaN,0,NaN,8.881784197001252e-16,2.3283064365386963e-10,
1,1,TWO_STAGE_RH,STATIC_DEMAND_SHARE,shared_battery_mode_node_level_v1,SI-Drahi_10-d1-HET-ULO-BLO-d3d04947f5,TK-PB-Drahi_10-d1-HET-ULO-d8d80a9180-r1,SS-5d5bbea46d20,1,0,single_solve,OPTIMAL,FEASIBLE_POINT,565162.3763996277,565162.3763996277,0,163968,163968,276952,357639,5124,0,5124,25620,5124,256,0,0,NaN,0,NaN,0.0,0.0,
1,2,TWO_STAGE_RH,STATIC_DEMAND_SHARE,shared_battery_mode_node_level_v1,SI-Drahi_10-d1-HET-ULO-BLO-d3d04947f5,TK-PB-Drahi_10-d1-HET-ULO-d8d80a9180-r1,SS-5d5bbea46d20,1,0,single_solve,OPTIMAL,FEASIBLE_POINT,565162.3763996277,565162.3763996277,0,163968,163968,276952,357639,5124,0,5124,25620,5124,256,0,0,NaN,0,NaN,0.0,0.0,
1,3,TWO_STAGE_RH,STATIC_DEMAND_SHARE,shared_battery_mode_node_level_v1,SI-Drahi_10-d1-HET-ULO-BLO-d3d04947f5,TK-PB-Drahi_10-d1-HET-ULO-d8d80a9180-r1,SS-5d5bbea46d20,1,0,single_solve,OPTIMAL,FEASIBLE_POINT,565162.3763996277,565162.3763996277,0,163968,163968,276952,357639,5124,0,5124,25620,5124,256,0,0,NaN,0,NaN,0.0,0.0,
1,4,TWO_STAGE_RH,STATIC_DEMAND_SHARE,shared_battery_mode_node_level_v1,SI-Drahi_10-d1-HET-ULO-BLO-d3d04947f5,TK-PB-Drahi_10-d1-HET-ULO-d8d80a9180-r1,SS-5d5bbea46d20,1,0,single_solve,OPTIMAL,FEASIBLE_POINT,565162.3763996277,565162.3763996277,0,163968,163968,276952,357639,5124,0,5124,25620,5124,256,0,0,NaN,0,NaN,0.0,0.0,
1,5,TWO_STAGE_RH,STATIC_DEMAND_SHARE,shared_battery_mode_node_level_v1,SI-Drahi_10-d1-HET-ULO-BLO-d3d04947f5,TK-PB-Drahi_10-d1-HET-ULO-d8d80a9180-r1,SS-102adc95e052,5,0,single_solve,OPTIMAL,FEASIBLE_POINT,563146.6151649068,563146.6151649068,0,163968,163968,276952,352539,5124,0,5124,25620,5124,256,0,0,NaN,0,NaN,0.0,0.0,
1,6,TWO_STAGE_RH,STATIC_DEMAND_SHARE,shared_battery_mode_node_level_v1,SI-Drahi_10-d1-HET-ULO-BLO-d3d04947f5,TK-PB-Drahi_10-d1-HET-ULO-d8d80a9180-r1,SS-102adc95e052,5,0,single_solve,OPTIMAL,FEASIBLE_POINT,563146.6151649068,563146.6151649068,0,163968,163968,276952,352539,5124,0,5124,25620,5124,256,0,0,NaN,0,NaN,0.0,0.0,
1,7,TWO_STAGE_RH,STATIC_DEMAND_SHARE,shared_battery_mode_node_level_v1,SI-Drahi_10-d1-HET-ULO-BLO-d3d04947f5,TK-PB-Drahi_10-d1-HET-ULO-d8d80a9180-r1,SS-102adc95e052,5,0,single_solve,OPTIMAL,FEASIBLE_POINT,563146.6151649068,563146.6151649068,0,163968,163968,276952,352539,5124,0,5124,25620,5124,256,0,0,NaN,0,NaN,7.105427357601002e-15,0.0,
1,8,TWO_STAGE_RH,STATIC_DEMAND_SHARE,shared_battery_mode_node_level_v1,SI-Drahi_10-d1-HET-ULO-BLO-d3d04947f5,TK-PB-Drahi_10-d1-HET-ULO-d8d80a9180-r1,SS-102adc95e052,5,0,single_solve,OPTIMAL,FEASIBLE_POINT,563146.6151649068,563146.6151649068,0,163968,163968,276952,352539,5124,0,5124,25620,5124,256,0,0,NaN,0,NaN,1.4210854715202004e-14,0.0,
1,9,TWO_STAGE_RH,STATIC_DEMAND_SHARE,shared_battery_mode_node_level_v1,SI-Drahi_10-d1-HET-ULO-BLO-d3d04947f5,TK-PB-Drahi_10-d1-HET-ULO-d8d80a9180-r1,SS-19da242d4543,9,0,single_solve,OPTIMAL,FEASIBLE_POINT,550017.5411567346,550017.5411567346,0,163968,163968,276952,352539,5124,0,5124,25620,5124,256,0,0,NaN,0,NaN,0.0,0.0,
1,10,TWO_STAGE_RH,STATIC_DEMAND_SHARE,shared_battery_mode_node_level_v1,SI-Drahi_10-d1-HET-ULO-BLO-d3d04947f5,TK-PB-Drahi_10-d1-HET-ULO-d8d80a9180-r1,SS-19da242d4543,9,0,single_solve,OPTIMAL,FEASIBLE_POINT,550017.5411567346,550017.5411567346,0,163968,163968,276952,352539,5124,0,5124,25620,5124,256,0,0,NaN,0,NaN,0.0,0.0,
1,11,TWO_STAGE_RH,STATIC_DEMAND_SHARE,shared_battery_mode_node_level_v1,SI-Drahi_10-d1-HET-ULO-BLO-d3d04947f5,TK-PB-Drahi_10-d1-HET-ULO-d8d80a9180-r1,SS-19da242d4543,9,0,single_solve,OPTIMAL,FEASIBLE_POINT,550017.5411567346,550017.5411567346,0,163968,163968,276952,352539,5124,0,5124,25620,5124,256,0,0,NaN,0,NaN,0.0,0.0,
1,12,TWO_STAGE_RH,STATIC_DEMAND_SHARE,shared_battery_mode_node_level_v1,SI-Drahi_10-d1-HET-ULO-BLO-d3d04947f5,TK-PB-Drahi_10-d1-HET-ULO-d8d80a9180-r1,SS-19da242d4543,9,0,single_solve,OPTIMAL,FEASIBLE_POINT,550017.5411567346,550017.5411567346,0,163968,163968,276952,352539,5124,0,5124,25620,5124,256,0,0,NaN,0,NaN,0.0,0.0,
1,13,TWO_STAGE_RH,STATIC_DEMAND_SHARE,shared_battery_mode_node_level_v1,SI-Drahi_10-d1-HET-ULO-BLO-d3d04947f5,TK-PB-Drahi_10-d1-HET-ULO-d8d80a9180-r1,SS-354317d12b7f,13,0,single_solve,OPTIMAL,FEASIBLE_POINT,551536.6376148829,551536.6376148829,0,163968,163968,276952,352539,5124,0,5124,25620,5124,256,0,0,NaN,0,NaN,0.0,0.0,
1,14,TWO_STAGE_RH,STATIC_DEMAND_SHARE,shared_battery_mode_node_level_v1,SI-Drahi_10-d1-HET-ULO-BLO-d3d04947f5,TK-PB-Drahi_10-d1-HET-ULO-d8d80a9180-r1,SS-354317d12b7f,13,0,single_solve,OPTIMAL,FEASIBLE_POINT,551536.6376148829,551536.6376148829,0,163968,163968,276952,352539,5124,0,5124,25620,5124,256,0,0,NaN,0,NaN,0.0,0.0,
1,15,TWO_STAGE_RH,STATIC_DEMAND_SHARE,shared_battery_mode_node_level_v1,SI-Drahi_10-d1-HET-ULO-BLO-d3d04947f5,TK-PB-Drahi_10-d1-HET-ULO-d8d80a9180-r1,SS-354317d12b7f,13,0,single_solve,OPTIMAL,FEASIBLE_POINT,551536.6376148829,551536.6376148829,0,163968,163968,276952,352539,5124,0,5124,25620,5124,256,0,0,NaN,0,NaN,0.0,0.0,
1,16,TWO_STAGE_RH,STATIC_DEMAND_SHARE,shared_battery_mode_node_level_v1,SI-Drahi_10-d1-HET-ULO-BLO-d3d04947f5,TK-PB-Drahi_10-d1-HET-ULO-d8d80a9180-r1,SS-354317d12b7f,13,0,single_solve,OPTIMAL,FEASIBLE_POINT,551536.6376148829,551536.6376148829,0,163968,163968,276952,352539,5124,0,5124,25620,5124,256,0,0,NaN,0,NaN,0.0,0.0,
1,17,TWO_STAGE_RH,STATIC_DEMAND_SHARE,shared_battery_mode_node_level_v1,SI-Drahi_10-d1-HET-ULO-BLO-d3d04947f5,TK-PB-Drahi_10-d1-HET-ULO-d8d80a9180-r1,SS-c81930d9c8ba,17,0,single_solve,OPTIMAL,FEASIBLE_POINT,553236.4557254054,553236.4557254054,0,163968,163968,276952,353814,5124,0,5124,25620,5124,256,0,0,NaN,0,NaN,1.4210854715202004e-14,0.0,
1,18,TWO_STAGE_RH,STATIC_DEMAND_SHARE,shared_battery_mode_node_level_v1,SI-Drahi_10-d1-HET-ULO-BLO-d3d04947f5,TK-PB-Drahi_10-d1-HET-ULO-d8d80a9180-r1,SS-c81930d9c8ba,17,0,single_solve,OPTIMAL,FEASIBLE_POINT,553236.4557254054,553236.4557254054,0,163968,163968,276952,353814,5124,0,5124,25620,5124,256,0,0,NaN,0,NaN,0.0,0.0,
1,19,TWO_STAGE_RH,STATIC_DEMAND_SHARE,shared_battery_mode_node_level_v1,SI-Drahi_10-d1-HET-ULO-BLO-d3d04947f5,TK-PB-Drahi_10-d1-HET-ULO-d8d80a9180-r1,SS-c81930d9c8ba,17,0,single_solve,OPTIMAL,FEASIBLE_POINT,553236.4557254054,553236.4557254054,0,163968,163968,276952,353814,5124,0,5124,25620,5124,256,0,0,NaN,0,NaN,1.4210854715202004e-14,0.0,
1,20,TWO_STAGE_RH,STATIC_DEMAND_SHARE,shared_battery_mode_node_level_v1,SI-Drahi_10-d1-HET-ULO-BLO-d3d04947f5,TK-PB-Drahi_10-d1-HET-ULO-d8d80a9180-r1,SS-c81930d9c8ba,17,0,single_solve,OPTIMAL,FEASIBLE_POINT,553236.4557254054,553236.4557254054,0,163968,163968,276952,353814,5124,0,5124,25620,5124,256,0,0,NaN,0,NaN,0.0,0.0,
1,21,TWO_STAGE_RH,STATIC_DEMAND_SHARE,shared_battery_mode_node_level_v1,SI-Drahi_10-d1-HET-ULO-BLO-d3d04947f5,TK-PB-Drahi_10-d1-HET-ULO-d8d80a9180-r1,SS-3cf9bda45ea4,21,0,single_solve,OPTIMAL,FEASIBLE_POINT,554578.3576578777,554578.3576578777,0,163968,163968,276952,357639,5124,0,5124,25620,5124,256,0,0,NaN,0,NaN,0.0,0.0,
1,22,TWO_STAGE_RH,STATIC_DEMAND_SHARE,shared_battery_mode_node_level_v1,SI-Drahi_10-d1-HET-ULO-BLO-d3d04947f5,TK-PB-Drahi_10-d1-HET-ULO-d8d80a9180-r1,SS-3cf9bda45ea4,21,0,single_solve,OPTIMAL,FEASIBLE_POINT,554578.3576578777,554578.3576578777,0,163968,163968,276952,357639,5124,0,5124,25620,5124,256,0,0,NaN,0,NaN,0.0,0.0,
1,23,TWO_STAGE_RH,STATIC_DEMAND_SHARE,shared_battery_mode_node_level_v1,SI-Drahi_10-d1-HET-ULO-BLO-d3d04947f5,TK-PB-Drahi_10-d1-HET-ULO-d8d80a9180-r1,SS-3cf9bda45ea4,21,0,single_solve,OPTIMAL,FEASIBLE_POINT,554578.3576578777,554578.3576578777,0,163968,163968,276952,357639,5124,0,5124,25620,5124,256,0,0,NaN,0,NaN,0.0,0.0,
1,24,TWO_STAGE_RH,STATIC_DEMAND_SHARE,shared_battery_mode_node_level_v1,SI-Drahi_10-d1-HET-ULO-BLO-d3d04947f5,TK-PB-Drahi_10-d1-HET-ULO-d8d80a9180-r1,SS-3cf9bda45ea4,21,0,single_solve,OPTIMAL,FEASIBLE_POINT,554578.3576578777,554578.3576578777,0,163968,163968,276952,357639,5124,0,5124,25620,5124,256,0,0,NaN,0,NaN,7.216449660063518e-16,0.0,
