FormulationID,StructuralInstanceID,ParallelTaskID,ScenarioSupportID,ObjectiveCriterion,Replication,Controller,Fairness,Resource,RollingStart,Period,RealizedNode,SharedBatteryMode,AggregateCharge,AggregateDischarge,StateOfChargeBefore,StateOfChargeAfter,ChargingLinkResidual,DischargingLinkResidual,SimultaneousFlowFlag,SimultaneousFlowResidual,IntegralityResidual,BatteryTransitionResidual,StateOfChargeBoundResidual,TerminalResidual
shared_battery_mode_node_level_v1,SI-Drahi_14-d2-HOM-ULO-BHI-fdfe4a413b,TK-PB-Drahi_14-d2-HOM-ULO-9e640d1615-r1,SS-5d5bbea46d20,risk_neutral_expectation,1,DETERMINISTIC_RH,LEXMMFPEA,pv,1,1,1,1.0,0.0,0.0,0.2,0.2,0.0,0.0,false,0.0,0.0,0.0,0.0,0.0
shared_battery_mode_node_level_v1,SI-Drahi_14-d2-HOM-ULO-BHI-fdfe4a413b,TK-PB-Drahi_14-d2-HOM-ULO-9e640d1615-r1,SS-5d5bbea46d20,risk_neutral_expectation,1,DETERMINISTIC_RH,LEXMMFPEA,pv,1,2,1,1.0,32.0,0.0,0.2,30.599999999999998,0.0,0.0,false,0.0,0.0,0.0,0.0,0.0
shared_battery_mode_node_level_v1,SI-Drahi_14-d2-HOM-ULO-BHI-fdfe4a413b,TK-PB-Drahi_14-d2-HOM-ULO-9e640d1615-r1,SS-5d5bbea46d20,risk_neutral_expectation,1,DETERMINISTIC_RH,LEXMMFPEA,pv,1,3,1,1.0,0.0,0.0,30.599999999999998,30.599999999999998,0.0,0.0,false,0.0,0.0,0.0,0.0,0.0
shared_battery_mode_node_level_v1,SI-Drahi_14-d2-HOM-ULO-BHI-fdfe4a413b,TK-PB-Drahi_14-d2-HOM-ULO-9e640d1615-r1,SS-5d5bbea46d20,risk_neutral_expectation,1,DETERMINISTIC_RH,LEXMMFPEA,pv,1,4,1,1.0,0.0,0.0,30.599999999999998,30.599999999999998,0.0,0.0,false,0.0,0.0,0.0,0.0,0.0
shared_battery_mode_node_level_v1,SI-Drahi_14-d2-HOM-ULO-BHI-fdfe4a413b,TK-PB-Drahi_14-d2-HOM-ULO-9e640d1615-r1,SS-102adc95e052,risk_neutral_expectation,1,DETERMINISTIC_RH,LEXMMFPEA,pv,5,5,1,1.0,0.0,0.0,30.599999999999998,30.599999999999998,0.0,0.0,false,0.0,0.0,0.0,0.0,0.0
shared_battery_mode_node_level_v1,SI-Drahi_14-d2-HOM-ULO-BHI-fdfe4a413b,TK-PB-Drahi_14-d2-HOM-ULO-9e640d1615-r1,SS-102adc95e052,risk_neutral_expectation,1,DETERMINISTIC_RH,LEXMMFPEA,pv,5,6,1,1.0,0.0,0.0,30.599999999999998,30.599999999999998,0.0,0.0,false,0.0,0.0,0.0,0.0,0.0
shared_battery_mode_node_level_v1,SI-Drahi_14-d2-HOM-ULO-BHI-fdfe4a413b,TK-PB-Drahi_14-d2-HOM-ULO-9e640d1615-r1,SS-102adc95e052,risk_neutral_expectation,1,DETERMINISTIC_RH,LEXMMFPEA,pv,5,7,1,0.0,0.0,0.0,30.599999999999998,30.599999999999998,0.0,0.0,false,0.0,0.0,0.0,0.0,0.0
shared_battery_mode_node_level_v1,SI-Drahi_14-d2-HOM-ULO-BHI-fdfe4a413b,TK-PB-Drahi_14-d2-HOM-ULO-9e640d1615-r1,SS-102adc95e052,risk_neutral_expectation,1,DETERMINISTIC_RH,LEXMMFPEA,pv,5,8,1,0.0,0.0,0.0,30.599999999999998,30.599999999999998,0.0,0.0,false,0.0,0.0,0.0,0.0,0.0
shared_battery_mode_node_level_v1,SI-Drahi_14-d2-HOM-ULO-BHI-fdfe4a413b,TK-PB-Drahi_14-d2-HOM-ULO-9e640d1615-r1,SS-19da242d4543,risk_neutral_expectation,1,DETERMINISTIC_RH,LEXMMFPEA,pv,9,9,1,0.0,0.0,0.0,30.599999999999998,30.599999999999998,0.0,0.0,false,0.0,0.0,0.0,0.0,0.0
shared_battery_mode_node_level_v1,SI-Drahi_14-d2-HOM-ULO-BHI-fdfe4a413b,TK-PB-Drahi_14-d2-HOM-ULO-9e640d1615-r1,SS-19da242d4543,risk_neutral_expectation,1,DETERMINISTIC_RH,LEXMMFPEA,pv,9,10,1,1.0,32.0,0.0,30.599999999999998,61.0,0.0,0.0,false,0.0,0.0,0.0,0.0,0.0
shared_battery_mode_node_level_v1,SI-Drahi_14-d2-HOM-ULO-BHI-fdfe4a413b,TK-PB-Drahi_14-d2-HOM-ULO-9e640d1615-r1,SS-19da242d4543,risk_neutral_expectation,1,DETERMINISTIC_RH,LEXMMFPEA,pv,9,11,1,1.0,32.0,0.0,61.0,91.4,0.0,0.0,false,0.0,0.0,0.0,0.0,0.0
shared_battery_mode_node_level_v1,SI-Drahi_14-d2-HOM-ULO-BHI-fdfe4a413b,TK-PB-Drahi_14-d2-HOM-ULO-9e640d1615-r1,SS-19da242d4543,risk_neutral_expectation,1,DETERMINISTIC_RH,LEXMMFPEA,pv,9,12,1,0.0,-1.3073986337985843e-12,0.0,91.4,91.39999999999877,0.0,0.0,false,0.0,0.0,0.0,0.0,0.0
shared_battery_mode_node_level_v1,SI-Drahi_14-d2-HOM-ULO-BHI-fdfe4a413b,TK-PB-Drahi_14-d2-HOM-ULO-9e640d1615-r1,SS-354317d12b7f,risk_neutral_expectation,1,DETERMINISTIC_RH,LEXMMFPEA,pv,13,13,1,0.0,0.0,0.0,91.39999999999877,91.39999999999877,0.0,0.0,false,0.0,0.0,0.0,0.0,0.0
shared_battery_mode_node_level_v1,SI-Drahi_14-d2-HOM-ULO-BHI-fdfe4a413b,TK-PB-Drahi_14-d2-HOM-ULO-9e640d1615-r1,SS-354317d12b7f,risk_neutral_expectation,1,DETERMINISTIC_RH,LEXMMFPEA,pv,13,14,1,1.0,32.0,0.0,91.39999999999877,121.79999999999876,0.0,0.0,false,0.0,0.0,0.0,0.0,0.0
shared_battery_mode_node_level_v1,SI-Drahi_14-d2-HOM-ULO-BHI-fdfe4a413b,TK-PB-Drahi_14-d2-HOM-ULO-9e640d1615-r1,SS-354317d12b7f,risk_neutral_expectation,1,DETERMINISTIC_RH,LEXMMFPEA,pv,13,15,1,0.0,0.0,6.963318810448982e-13,121.79999999999876,121.79999999999802,0.0,0.0,false,0.0,0.0,0.0,0.0,0.0
shared_battery_mode_node_level_v1,SI-Drahi_14-d2-HOM-ULO-BHI-fdfe4a413b,TK-PB-Drahi_14-d2-HOM-ULO-9e640d1615-r1,SS-354317d12b7f,risk_neutral_expectation,1,DETERMINISTIC_RH,LEXMMFPEA,pv,13,16,1,0.0,0.0,0.0,121.79999999999802,121.79999999999802,0.0,0.0,false,0.0,0.0,0.0,0.0,0.0
shared_battery_mode_node_level_v1,SI-Drahi_14-d2-HOM-ULO-BHI-fdfe4a413b,TK-PB-Drahi_14-d2-HOM-ULO-9e640d1615-r1,SS-c81930d9c8ba,risk_neutral_expectation,1,DETERMINISTIC_RH,LEXMMFPEA,pv,17,17,1,0.0,0.0,0.0,121.79999999999802,121.79999999999802,0.0,0.0,false,0.0,0.0,0.0,0.0,0.0
shared_battery_mode_node_level_v1,SI-Drahi_14-d2-HOM-ULO-BHI-fdfe4a413b,TK-PB-Drahi_14-d2-HOM-ULO-9e640d1615-r1,SS-c81930d9c8ba,risk_neutral_expectation,1,DETERMINISTIC_RH,LEXMMFPEA,pv,17,18,1,0.0,0.0,32.0,121.79999999999802,88.11578947368224,0.0,0.0,false,0.0,0.0,0.0,0.0,0.0
shared_battery_mode_node_level_v1,SI-Drahi_14-d2-HOM-ULO-BHI-fdfe4a413b,TK-PB-Drahi_14-d2-HOM-ULO-9e640d1615-r1,SS-c81930d9c8ba,risk_neutral_expectation,1,DETERMINISTIC_RH,LEXMMFPEA,pv,17,19,1,1.0,32.0,0.0,88.11578947368224,118.51578947368225,0.0,0.0,false,0.0,0.0,0.0,0.0,0.0
shared_battery_mode_node_level_v1,SI-Drahi_14-d2-HOM-ULO-BHI-fdfe4a413b,TK-PB-Drahi_14-d2-HOM-ULO-9e640d1615-r1,SS-c81930d9c8ba,risk_neutral_expectation,1,DETERMINISTIC_RH,LEXMMFPEA,pv,17,20,1,0.24619113573413642,7.878116343492366,0.0,118.51578947368225,126.0,0.0,0.0,false,0.0,0.24619113573413642,0.0,0.0,0.0
shared_battery_mode_node_level_v1,SI-Drahi_14-d2-HOM-ULO-BHI-fdfe4a413b,TK-PB-Drahi_14-d2-HOM-ULO-9e640d1615-r1,SS-3cf9bda45ea4,risk_neutral_expectation,1,DETERMINISTIC_RH,LEXMMFPEA,pv,21,21,1,0.0,0.0,32.0,126.0,92.31578947368422,0.0,0.0,false,0.0,0.0,0.0,0.0,0.0
shared_battery_mode_node_level_v1,SI-Drahi_14-d2-HOM-ULO-BHI-fdfe4a413b,TK-PB-Drahi_14-d2-HOM-ULO-9e640d1615-r1,SS-3cf9bda45ea4,risk_neutral_expectation,1,DETERMINISTIC_RH,LEXMMFPEA,pv,21,22,1,0.0,0.0,32.0,92.31578947368422,58.63157894736843,0.0,0.0,false,0.0,0.0,0.0,0.0,0.0
shared_battery_mode_node_level_v1,SI-Drahi_14-d2-HOM-ULO-BHI-fdfe4a413b,TK-PB-Drahi_14-d2-HOM-ULO-9e640d1615-r1,SS-3cf9bda45ea4,risk_neutral_expectation,1,DETERMINISTIC_RH,LEXMMFPEA,pv,21,23,1,0.0,0.0,32.0,58.63157894736843,24.947368421052644,0.0,0.0,false,0.0,0.0,0.0,0.0,0.0
shared_battery_mode_node_level_v1,SI-Drahi_14-d2-HOM-ULO-BHI-fdfe4a413b,TK-PB-Drahi_14-d2-HOM-ULO-9e640d1615-r1,SS-3cf9bda45ea4,risk_neutral_expectation,1,DETERMINISTIC_RH,LEXMMFPEA,pv,21,24,1,0.2653124999999996,0.0,23.510000000000012,24.947368421052644,0.1999999999999993,0.0,0.0,false,0.0,0.2653124999999996,7.216449660063518e-16,7.216449660063518e-16,0.0
shared_battery_mode_node_level_v1,SI-Drahi_14-d2-HOM-ULO-BHI-fdfe4a413b,TK-PB-Drahi_14-d2-HOM-ULO-9e640d1615-r1,SS-5d5bbea46d20,risk_neutral_expectation,1,DETERMINISTIC_RH,LEXMMFSA,savings,1,1,1,1.0,0.0,0.0,0.2,0.2,0.0,0.0,false,0.0,0.0,0.0,0.0,0.0
shared_battery_mode_node_level_v1,SI-Drahi_14-d2-HOM-ULO-BHI-fdfe4a413b,TK-PB-Drahi_14-d2-HOM-ULO-9e640d1615-r1,SS-5d5bbea46d20,risk_neutral_expectation,1,DETERMINISTIC_RH,LEXMMFSA,savings,1,2,1,1.0,32.0,0.0,0.2,30.599999999999998,0.0,0.0,false,0.0,0.0,0.0,0.0,0.0
shared_battery_mode_node_level_v1,SI-Drahi_14-d2-HOM-ULO-BHI-fdfe4a413b,TK-PB-Drahi_14-d2-HOM-ULO-9e640d1615-r1,SS-5d5bbea46d20,risk_neutral_expectation,1,DETERMINISTIC_RH,LEXMMFSA,savings,1,3,1,1.0,0.0,0.0,30.599999999999998,30.599999999999998,0.0,0.0,false,0.0,0.0,0.0,0.0,0.0
shared_battery_mode_node_level_v1,SI-Drahi_14-d2-HOM-ULO-BHI-fdfe4a413b,TK-PB-Drahi_14-d2-HOM-ULO-9e640d1615-r1,SS-5d5bbea46d20,risk_neutral_expectation,1,DETERMINISTIC_RH,LEXMMFSA,savings,1,4,1,1.0,0.0,0.0,30.599999999999998,30.599999999999998,0.0,0.0,false,0.0,0.0,0.0,0.0,0.0
shared_battery_mode_node_level_v1,SI-Drahi_14-d2-HOM-ULO-BHI-fdfe4a413b,TK-PB-Drahi_14-d2-HOM-ULO-9e640d1615-r1,SS-102adc95e052,risk_neutral_expectation,1,DETERMINISTIC_RH,LEXMMFSA,savings,5,5,1,1.0,0.0,0.0,30.599999999999998,30.599999999999998,0.0,0.0,false,0.0,0.0,0.0,0.0,0.0
shared_battery_mode_node_level_v1,SI-Drahi_14-d2-HOM-ULO-BHI-fdfe4a413b,TK-PB-Drahi_14-d2-HOM-ULO-9e640d1615-r1,SS-102adc95e052,risk_neutral_expectation,1,DETERMINISTIC_RH,LEXMMFSA,savings,5,6,1,1.0,0.0,0.0,30.599999999999998,30.599999999999998,0.0,0.0,false,0.0,0.0,0.0,0.0,0.0
shared_battery_mode_node_level_v1,SI-Drahi_14-d2-HOM-ULO-BHI-fdfe4a413b,TK-PB-Drahi_14-d2-HOM-ULO-9e640d1615-r1,SS-102adc95e052,risk_neutral_expectation,1,DETERMINISTIC_RH,LEXMMFSA,savings,5,7,1,1.0,0.0,0.0,30.599999999999998,30.599999999999998,0.0,0.0,false,0.0,0.0,0.0,0.0,0.0
shared_battery_mode_node_level_v1,SI-Drahi_14-d2-HOM-ULO-BHI-fdfe4a413b,TK-PB-Drahi_14-d2-HOM-ULO-9e640d1615-r1,SS-102adc95e052,risk_neutral_expectation,1,DETERMINISTIC_RH,LEXMMFSA,savings,5,8,1,1.0,-1.2718714970105793e-12,0.0,30.599999999999998,30.59999999999879,0.0,0.0,false,0.0,0.0,0.0,0.0,0.0
shared_battery_mode_node_level_v1,SI-Drahi_14-d2-HOM-ULO-BHI-fdfe4a413b,TK-PB-Drahi_14-d2-HOM-ULO-9e640d1615-r1,SS-19da242d4543,risk_neutral_expectation,1,DETERMINISTIC_RH,LEXMMFSA,savings,9,9,1,1.0,0.0,0.0,30.59999999999879,30.59999999999879,0.0,0.0,false,0.0,0.0,0.0,0.0,0.0
shared_battery_mode_node_level_v1,SI-Drahi_14-d2-HOM-ULO-BHI-fdfe4a413b,TK-PB-Drahi_14-d2-HOM-ULO-9e640d1615-r1,SS-19da242d4543,risk_neutral_expectation,1,DETERMINISTIC_RH,LEXMMFSA,savings,9,10,1,1.0,32.0,0.0,30.59999999999879,60.99999999999879,0.0,0.0,false,0.0,0.0,0.0,0.0,0.0
shared_battery_mode_node_level_v1,SI-Drahi_14-d2-HOM-ULO-BHI-fdfe4a413b,TK-PB-Drahi_14-d2-HOM-ULO-9e640d1615-r1,SS-19da242d4543,risk_neutral_expectation,1,DETERMINISTIC_RH,LEXMMFSA,savings,9,11,1,1.0,32.0,0.0,60.99999999999879,91.39999999999878,0.0,0.0,false,0.0,0.0,0.0,0.0,0.0
shared_battery_mode_node_level_v1,SI-Drahi_14-d2-HOM-ULO-BHI-fdfe4a413b,TK-PB-Drahi_14-d2-HOM-ULO-9e640d1615-r1,SS-19da242d4543,risk_neutral_expectation,1,DETERMINISTIC_RH,LEXMMFSA,savings,9,12,1,1.0,-1.3073986337985843e-12,0.0,91.39999999999878,91.39999999999755,0.0,0.0,false,0.0,0.0,0.0,0.0,0.0
shared_battery_mode_node_level_v1,SI-Drahi_14-d2-HOM-ULO-BHI-fdfe4a413b,TK-PB-Drahi_14-d2-HOM-ULO-9e640d1615-r1,SS-354317d12b7f,risk_neutral_expectation,1,DETERMINISTIC_RH,LEXMMFSA,savings,13,13,1,1.0,0.0,0.0,91.39999999999755,91.39999999999755,0.0,0.0,false,0.0,0.0,0.0,0.0,0.0
shared_battery_mode_node_level_v1,SI-Drahi_14-d2-HOM-ULO-BHI-fdfe4a413b,TK-PB-Drahi_14-d2-HOM-ULO-9e640d1615-r1,SS-354317d12b7f,risk_neutral_expectation,1,DETERMINISTIC_RH,LEXMMFSA,savings,13,14,1,1.0,32.0,0.0,91.39999999999755,121.79999999999754,0.0,0.0,false,0.0,0.0,0.0,0.0,0.0
shared_battery_mode_node_level_v1,SI-Drahi_14-d2-HOM-ULO-BHI-fdfe4a413b,TK-PB-Drahi_14-d2-HOM-ULO-9e640d1615-r1,SS-354317d12b7f,risk_neutral_expectation,1,DETERMINISTIC_RH,LEXMMFSA,savings,13,15,1,1.0,-6.963318810448982e-13,0.0,121.79999999999754,121.79999999999687,0.0,0.0,false,0.0,0.0,0.0,0.0,0.0
shared_battery_mode_node_level_v1,SI-Drahi_14-d2-HOM-ULO-BHI-fdfe4a413b,TK-PB-Drahi_14-d2-HOM-ULO-9e640d1615-r1,SS-354317d12b7f,risk_neutral_expectation,1,DETERMINISTIC_RH,LEXMMFSA,savings,13,16,1,1.0,-3.055333763768431e-13,0.0,121.79999999999687,121.79999999999659,0.0,0.0,false,0.0,0.0,0.0,0.0,0.0
shared_battery_mode_node_level_v1,SI-Drahi_14-d2-HOM-ULO-BHI-fdfe4a413b,TK-PB-Drahi_14-d2-HOM-ULO-9e640d1615-r1,SS-c81930d9c8ba,risk_neutral_expectation,1,DETERMINISTIC_RH,LEXMMFSA,savings,17,17,1,1.0,0.0,0.0,121.79999999999659,121.79999999999659,0.0,0.0,false,0.0,0.0,0.0,0.0,0.0
shared_battery_mode_node_level_v1,SI-Drahi_14-d2-HOM-ULO-BHI-fdfe4a413b,TK-PB-Drahi_14-d2-HOM-ULO-9e640d1615-r1,SS-c81930d9c8ba,risk_neutral_expectation,1,DETERMINISTIC_RH,LEXMMFSA,savings,17,18,1,0.0,0.0,32.0,121.79999999999659,88.11578947368079,0.0,0.0,false,0.0,0.0,0.0,0.0,0.0
shared_battery_mode_node_level_v1,SI-Drahi_14-d2-HOM-ULO-BHI-fdfe4a413b,TK-PB-Drahi_14-d2-HOM-ULO-9e640d1615-r1,SS-c81930d9c8ba,risk_neutral_expectation,1,DETERMINISTIC_RH,LEXMMFSA,savings,17,19,1,1.0,32.0,0.0,88.11578947368079,118.5157894736808,0.0,0.0,false,0.0,0.0,0.0,0.0,0.0
shared_battery_mode_node_level_v1,SI-Drahi_14-d2-HOM-ULO-BHI-fdfe4a413b,TK-PB-Drahi_14-d2-HOM-ULO-9e640d1615-r1,SS-c81930d9c8ba,risk_neutral_expectation,1,DETERMINISTIC_RH,LEXMMFSA,savings,17,20,1,1.0,7.878116343493897,0.0,118.5157894736808,126.0,0.0,0.0,false,0.0,0.0,0.0,0.0,0.0
shared_battery_mode_node_level_v1,SI-Drahi_14-d2-HOM-ULO-BHI-fdfe4a413b,TK-PB-Drahi_14-d2-HOM-ULO-9e640d1615-r1,SS-3cf9bda45ea4,risk_neutral_expectation,1,DETERMINISTIC_RH,LEXMMFSA,savings,21,21,1,0.0,0.0,32.0,126.0,92.31578947368422,0.0,0.0,false,0.0,0.0,0.0,0.0,0.0
shared_battery_mode_node_level_v1,SI-Drahi_14-d2-HOM-ULO-BHI-fdfe4a413b,TK-PB-Drahi_14-d2-HOM-ULO-9e640d1615-r1,SS-3cf9bda45ea4,risk_neutral_expectation,1,DETERMINISTIC_RH,LEXMMFSA,savings,21,22,1,0.0,0.0,32.0,92.31578947368422,58.63157894736843,0.0,0.0,false,0.0,0.0,0.0,0.0,0.0
shared_battery_mode_node_level_v1,SI-Drahi_14-d2-HOM-ULO-BHI-fdfe4a413b,TK-PB-Drahi_14-d2-HOM-ULO-9e640d1615-r1,SS-3cf9bda45ea4,risk_neutral_expectation,1,DETERMINISTIC_RH,LEXMMFSA,savings,21,23,1,0.0,0.0,32.0,58.63157894736843,24.947368421052644,0.0,0.0,false,0.0,0.0,0.0,0.0,0.0
shared_battery_mode_node_level_v1,SI-Drahi_14-d2-HOM-ULO-BHI-fdfe4a413b,TK-PB-Drahi_14-d2-HOM-ULO-9e640d1615-r1,SS-3cf9bda45ea4,risk_neutral_expectation,1,DETERMINISTIC_RH,LEXMMFSA,savings,21,24,1,0.2653124999999995,0.0,23.510000000000016,24.947368421052644,0.19999999999999574,0.0,0.0,false,0.0,0.2653124999999995,4.274358644806853e-15,4.274358644806853e-15,0.0
shared_battery_mode_node_level_v1,SI-Drahi_14-d2-HOM-ULO-BHI-fdfe4a413b,TK-PB-Drahi_14-d2-HOM-ULO-9e640d1615-r1,SS-5d5bbea46d20,risk_neutral_expectation,1,DETERMINISTIC_RH,NONE,none,1,1,1,1.0,0.0,0.0,0.2,0.2,0.0,0.0,false,0.0,0.0,0.0,0.0,0.0
shared_battery_mode_node_level_v1,SI-Drahi_14-d2-HOM-ULO-BHI-fdfe4a413b,TK-PB-Drahi_14-d2-HOM-ULO-9e640d1615-r1,SS-5d5bbea46d20,risk_neutral_expectation,1,DETERMINISTIC_RH,NONE,none,1,2,1,1.0,32.0,0.0,0.2,30.599999999999998,0.0,0.0,false,0.0,0.0,0.0,0.0,0.0
shared_battery_mode_node_level_v1,SI-Drahi_14-d2-HOM-ULO-BHI-fdfe4a413b,TK-PB-Drahi_14-d2-HOM-ULO-9e640d1615-r1,SS-5d5bbea46d20,risk_neutral_expectation,1,DETERMINISTIC_RH,NONE,none,1,3,1,1.0,0.0,0.0,30.599999999999998,30.599999999999998,0.0,0.0,false,0.0,0.0,0.0,0.0,0.0
shared_battery_mode_node_level_v1,SI-Drahi_14-d2-HOM-ULO-BHI-fdfe4a413b,TK-PB-Drahi_14-d2-HOM-ULO-9e640d1615-r1,SS-5d5bbea46d20,risk_neutral_expectation,1,DETERMINISTIC_RH,NONE,none,1,4,1,1.0,0.0,0.0,30.599999999999998,30.599999999999998,0.0,0.0,false,0.0,0.0,0.0,0.0,0.0
shared_battery_mode_node_level_v1,SI-Drahi_14-d2-HOM-ULO-BHI-fdfe4a413b,TK-PB-Drahi_14-d2-HOM-ULO-9e640d1615-r1,SS-102adc95e052,risk_neutral_expectation,1,DETERMINISTIC_RH,NONE,none,5,5,1,1.0,0.0,0.0,30.599999999999998,30.599999999999998,0.0,0.0,false,0.0,0.0,0.0,0.0,0.0
shared_battery_mode_node_level_v1,SI-Drahi_14-d2-HOM-ULO-BHI-fdfe4a413b,TK-PB-Drahi_14-d2-HOM-ULO-9e640d1615-r1,SS-102adc95e052,risk_neutral_expectation,1,DETERMINISTIC_RH,NONE,none,5,6,1,1.0,0.0,0.0,30.599999999999998,30.599999999999998,0.0,0.0,false,0.0,0.0,0.0,0.0,0.0
shared_battery_mode_node_level_v1,SI-Drahi_14-d2-HOM-ULO-BHI-fdfe4a413b,TK-PB-Drahi_14-d2-HOM-ULO-9e640d1615-r1,SS-102adc95e052,risk_neutral_expectation,1,DETERMINISTIC_RH,NONE,none,5,7,1,1.0,-5.648814749292796e-13,0.0,30.599999999999998,30.59999999999946,0.0,0.0,false,0.0,0.0,0.0,0.0,0.0
shared_battery_mode_node_level_v1,SI-Drahi_14-d2-HOM-ULO-BHI-fdfe4a413b,TK-PB-Drahi_14-d2-HOM-ULO-9e640d1615-r1,SS-102adc95e052,risk_neutral_expectation,1,DETERMINISTIC_RH,NONE,none,5,8,1,1.0,-1.2718714970105793e-12,0.0,30.59999999999946,30.599999999998253,0.0,0.0,false,0.0,0.0,0.0,0.0,0.0
shared_battery_mode_node_level_v1,SI-Drahi_14-d2-HOM-ULO-BHI-fdfe4a413b,TK-PB-Drahi_14-d2-HOM-ULO-9e640d1615-r1,SS-19da242d4543,risk_neutral_expectation,1,DETERMINISTIC_RH,NONE,none,9,9,1,1.0,0.0,0.0,30.599999999998253,30.599999999998253,0.0,0.0,false,0.0,0.0,0.0,0.0,0.0
shared_battery_mode_node_level_v1,SI-Drahi_14-d2-HOM-ULO-BHI-fdfe4a413b,TK-PB-Drahi_14-d2-HOM-ULO-9e640d1615-r1,SS-19da242d4543,risk_neutral_expectation,1,DETERMINISTIC_RH,NONE,none,9,10,1,1.0,32.0,0.0,30.599999999998253,60.99999999999825,0.0,0.0,false,0.0,0.0,0.0,0.0,0.0
shared_battery_mode_node_level_v1,SI-Drahi_14-d2-HOM-ULO-BHI-fdfe4a413b,TK-PB-Drahi_14-d2-HOM-ULO-9e640d1615-r1,SS-19da242d4543,risk_neutral_expectation,1,DETERMINISTIC_RH,NONE,none,9,11,1,1.0,32.0,0.0,60.99999999999825,91.39999999999824,0.0,0.0,false,0.0,0.0,0.0,0.0,0.0
shared_battery_mode_node_level_v1,SI-Drahi_14-d2-HOM-ULO-BHI-fdfe4a413b,TK-PB-Drahi_14-d2-HOM-ULO-9e640d1615-r1,SS-19da242d4543,risk_neutral_expectation,1,DETERMINISTIC_RH,NONE,none,9,12,1,1.0,-1.3073986337985843e-12,0.0,91.39999999999824,91.39999999999701,0.0,0.0,false,0.0,0.0,0.0,0.0,0.0
shared_battery_mode_node_level_v1,SI-Drahi_14-d2-HOM-ULO-BHI-fdfe4a413b,TK-PB-Drahi_14-d2-HOM-ULO-9e640d1615-r1,SS-354317d12b7f,risk_neutral_expectation,1,DETERMINISTIC_RH,NONE,none,13,13,1,1.0,0.0,0.0,91.39999999999701,91.39999999999701,0.0,0.0,false,0.0,0.0,0.0,0.0,0.0
shared_battery_mode_node_level_v1,SI-Drahi_14-d2-HOM-ULO-BHI-fdfe4a413b,TK-PB-Drahi_14-d2-HOM-ULO-9e640d1615-r1,SS-354317d12b7f,risk_neutral_expectation,1,DETERMINISTIC_RH,NONE,none,13,14,1,1.0,32.0,0.0,91.39999999999701,121.799999999997,0.0,0.0,false,0.0,0.0,0.0,0.0,0.0
shared_battery_mode_node_level_v1,SI-Drahi_14-d2-HOM-ULO-BHI-fdfe4a413b,TK-PB-Drahi_14-d2-HOM-ULO-9e640d1615-r1,SS-354317d12b7f,risk_neutral_expectation,1,DETERMINISTIC_RH,NONE,none,13,15,1,1.0,-6.963318810448982e-13,0.0,121.799999999997,121.79999999999633,0.0,0.0,false,0.0,0.0,0.0,0.0,0.0
shared_battery_mode_node_level_v1,SI-Drahi_14-d2-HOM-ULO-BHI-fdfe4a413b,TK-PB-Drahi_14-d2-HOM-ULO-9e640d1615-r1,SS-354317d12b7f,risk_neutral_expectation,1,DETERMINISTIC_RH,NONE,none,13,16,1,1.0,-3.055333763768431e-13,0.0,121.79999999999633,121.79999999999605,0.0,0.0,false,0.0,0.0,0.0,0.0,0.0
shared_battery_mode_node_level_v1,SI-Drahi_14-d2-HOM-ULO-BHI-fdfe4a413b,TK-PB-Drahi_14-d2-HOM-ULO-9e640d1615-r1,SS-c81930d9c8ba,risk_neutral_expectation,1,DETERMINISTIC_RH,NONE,none,17,17,1,1.0,0.0,0.0,121.79999999999605,121.79999999999605,0.0,0.0,false,0.0,0.0,0.0,0.0,0.0
shared_battery_mode_node_level_v1,SI-Drahi_14-d2-HOM-ULO-BHI-fdfe4a413b,TK-PB-Drahi_14-d2-HOM-ULO-9e640d1615-r1,SS-c81930d9c8ba,risk_neutral_expectation,1,DETERMINISTIC_RH,NONE,none,17,18,1,0.0,0.0,32.0,121.79999999999605,88.11578947368025,0.0,0.0,false,0.0,0.0,0.0,0.0,0.0
shared_battery_mode_node_level_v1,SI-Drahi_14-d2-HOM-ULO-BHI-fdfe4a413b,TK-PB-Drahi_14-d2-HOM-ULO-9e640d1615-r1,SS-c81930d9c8ba,risk_neutral_expectation,1,DETERMINISTIC_RH,NONE,none,17,19,1,1.0,32.0,0.0,88.11578947368025,118.51578947368026,0.0,0.0,false,0.0,0.0,0.0,0.0,0.0
shared_battery_mode_node_level_v1,SI-Drahi_14-d2-HOM-ULO-BHI-fdfe4a413b,TK-PB-Drahi_14-d2-HOM-ULO-9e640d1615-r1,SS-c81930d9c8ba,risk_neutral_expectation,1,DETERMINISTIC_RH,NONE,none,17,20,1,1.0,7.878116343494469,0.0,118.51578947368026,126.0,0.0,0.0,false,0.0,0.0,0.0,0.0,0.0
shared_battery_mode_node_level_v1,SI-Drahi_14-d2-HOM-ULO-BHI-fdfe4a413b,TK-PB-Drahi_14-d2-HOM-ULO-9e640d1615-r1,SS-3cf9bda45ea4,risk_neutral_expectation,1,DETERMINISTIC_RH,NONE,none,21,21,1,0.0,0.0,32.0,126.0,92.31578947368422,0.0,0.0,false,0.0,0.0,0.0,0.0,0.0
shared_battery_mode_node_level_v1,SI-Drahi_14-d2-HOM-ULO-BHI-fdfe4a413b,TK-PB-Drahi_14-d2-HOM-ULO-9e640d1615-r1,SS-3cf9bda45ea4,risk_neutral_expectation,1,DETERMINISTIC_RH,NONE,none,21,22,1,0.0,0.0,32.0,92.31578947368422,58.63157894736843,0.0,0.0,false,0.0,0.0,0.0,0.0,0.0
shared_battery_mode_node_level_v1,SI-Drahi_14-d2-HOM-ULO-BHI-fdfe4a413b,TK-PB-Drahi_14-d2-HOM-ULO-9e640d1615-r1,SS-3cf9bda45ea4,risk_neutral_expectation,1,DETERMINISTIC_RH,NONE,none,21,23,1,0.0,0.0,32.0,58.63157894736843,24.947368421052644,0.0,0.0,false,0.0,0.0,0.0,0.0,0.0
shared_battery_mode_node_level_v1,SI-Drahi_14-d2-HOM-ULO-BHI-fdfe4a413b,TK-PB-Drahi_14-d2-HOM-ULO-9e640d1615-r1,SS-3cf9bda45ea4,risk_neutral_expectation,1,DETERMINISTIC_RH,NONE,none,21,24,1,0.2653124999999996,0.0,23.510000000000012,24.947368421052644,0.1999999999999993,0.0,0.0,false,0.0,0.2653124999999996,7.216449660063518e-16,7.216449660063518e-16,0.0
shared_battery_mode_node_level_v1,SI-Drahi_14-d2-HOM-ULO-BHI-fdfe4a413b,TK-PB-Drahi_14-d2-HOM-ULO-9e640d1615-r1,SS-5d5bbea46d20,risk_neutral_expectation,1,DETERMINISTIC_RH,PEA,pv,1,1,1,1.0,0.0,0.0,0.2,0.2,0.0,0.0,false,0.0,0.0,0.0,0.0,0.0
shared_battery_mode_node_level_v1,SI-Drahi_14-d2-HOM-ULO-BHI-fdfe4a413b,TK-PB-Drahi_14-d2-HOM-ULO-9e640d1615-r1,SS-5d5bbea46d20,risk_neutral_expectation,1,DETERMINISTIC_RH,PEA,pv,1,2,1,1.0,32.0,0.0,0.2,30.599999999999998,0.0,0.0,false,0.0,0.0,0.0,0.0,0.0
shared_battery_mode_node_level_v1,SI-Drahi_14-d2-HOM-ULO-BHI-fdfe4a413b,TK-PB-Drahi_14-d2-HOM-ULO-9e640d1615-r1,SS-5d5bbea46d20,risk_neutral_expectation,1,DETERMINISTIC_RH,PEA,pv,1,3,1,1.0,0.0,0.0,30.599999999999998,30.599999999999998,0.0,0.0,false,0.0,0.0,0.0,0.0,0.0
shared_battery_mode_node_level_v1,SI-Drahi_14-d2-HOM-ULO-BHI-fdfe4a413b,TK-PB-Drahi_14-d2-HOM-ULO-9e640d1615-r1,SS-5d5bbea46d20,risk_neutral_expectation,1,DETERMINISTIC_RH,PEA,pv,1,4,1,1.0,0.0,0.0,30.599999999999998,30.599999999999998,0.0,0.0,false,0.0,0.0,0.0,0.0,0.0
shared_battery_mode_node_level_v1,SI-Drahi_14-d2-HOM-ULO-BHI-fdfe4a413b,TK-PB-Drahi_14-d2-HOM-ULO-9e640d1615-r1,SS-102adc95e052,risk_neutral_expectation,1,DETERMINISTIC_RH,PEA,pv,5,5,1,1.0,0.0,0.0,30.599999999999998,30.599999999999998,0.0,0.0,false,0.0,0.0,0.0,0.0,0.0
shared_battery_mode_node_level_v1,SI-Drahi_14-d2-HOM-ULO-BHI-fdfe4a413b,TK-PB-Drahi_14-d2-HOM-ULO-9e640d1615-r1,SS-102adc95e052,risk_neutral_expectation,1,DETERMINISTIC_RH,PEA,pv,5,6,1,1.0,0.0,0.0,30.599999999999998,30.599999999999998,0.0,0.0,false,0.0,0.0,0.0,0.0,0.0
shared_battery_mode_node_level_v1,SI-Drahi_14-d2-HOM-ULO-BHI-fdfe4a413b,TK-PB-Drahi_14-d2-HOM-ULO-9e640d1615-r1,SS-102adc95e052,risk_neutral_expectation,1,DETERMINISTIC_RH,PEA,pv,5,7,1,1.0,-5.648814749292796e-13,0.0,30.599999999999998,30.59999999999946,0.0,0.0,false,0.0,0.0,0.0,0.0,0.0
shared_battery_mode_node_level_v1,SI-Drahi_14-d2-HOM-ULO-BHI-fdfe4a413b,TK-PB-Drahi_14-d2-HOM-ULO-9e640d1615-r1,SS-102adc95e052,risk_neutral_expectation,1,DETERMINISTIC_RH,PEA,pv,5,8,1,1.0,-1.2718714970105793e-12,0.0,30.59999999999946,30.599999999998253,0.0,0.0,false,0.0,0.0,0.0,0.0,0.0
shared_battery_mode_node_level_v1,SI-Drahi_14-d2-HOM-ULO-BHI-fdfe4a413b,TK-PB-Drahi_14-d2-HOM-ULO-9e640d1615-r1,SS-19da242d4543,risk_neutral_expectation,1,DETERMINISTIC_RH,PEA,pv,9,9,1,1.0,0.0,0.0,30.599999999998253,30.599999999998253,0.0,0.0,false,0.0,0.0,0.0,0.0,0.0
shared_battery_mode_node_level_v1,SI-Drahi_14-d2-HOM-ULO-BHI-fdfe4a413b,TK-PB-Drahi_14-d2-HOM-ULO-9e640d1615-r1,SS-19da242d4543,risk_neutral_expectation,1,DETERMINISTIC_RH,PEA,pv,9,10,1,1.0,32.0,0.0,30.599999999998253,60.99999999999825,0.0,0.0,false,0.0,0.0,0.0,0.0,0.0
shared_battery_mode_node_level_v1,SI-Drahi_14-d2-HOM-ULO-BHI-fdfe4a413b,TK-PB-Drahi_14-d2-HOM-ULO-9e640d1615-r1,SS-19da242d4543,risk_neutral_expectation,1,DETERMINISTIC_RH,PEA,pv,9,11,1,1.0,32.0,0.0,60.99999999999825,91.39999999999824,0.0,0.0,false,0.0,0.0,0.0,0.0,0.0
shared_battery_mode_node_level_v1,SI-Drahi_14-d2-HOM-ULO-BHI-fdfe4a413b,TK-PB-Drahi_14-d2-HOM-ULO-9e640d1615-r1,SS-19da242d4543,risk_neutral_expectation,1,DETERMINISTIC_RH,PEA,pv,9,12,1,1.0,-1.3073986337985843e-12,0.0,91.39999999999824,91.39999999999701,0.0,0.0,false,0.0,0.0,0.0,0.0,0.0
shared_battery_mode_node_level_v1,SI-Drahi_14-d2-HOM-ULO-BHI-fdfe4a413b,TK-PB-Drahi_14-d2-HOM-ULO-9e640d1615-r1,SS-354317d12b7f,risk_neutral_expectation,1,DETERMINISTIC_RH,PEA,pv,13,13,1,1.0,0.0,0.0,91.39999999999701,91.39999999999701,0.0,0.0,false,0.0,0.0,0.0,0.0,0.0
shared_battery_mode_node_level_v1,SI-Drahi_14-d2-HOM-ULO-BHI-fdfe4a413b,TK-PB-Drahi_14-d2-HOM-ULO-9e640d1615-r1,SS-354317d12b7f,risk_neutral_expectation,1,DETERMINISTIC_RH,PEA,pv,13,14,1,1.0,32.0,0.0,91.39999999999701,121.799999999997,0.0,0.0,false,0.0,0.0,0.0,0.0,0.0
shared_battery_mode_node_level_v1,SI-Drahi_14-d2-HOM-ULO-BHI-fdfe4a413b,TK-PB-Drahi_14-d2-HOM-ULO-9e640d1615-r1,SS-354317d12b7f,risk_neutral_expectation,1,DETERMINISTIC_RH,PEA,pv,13,15,1,0.9999999999999782,0.0,6.963318810448982e-13,121.799999999997,121.79999999999626,0.0,0.0,false,0.0,2.1760371282653068e-14,0.0,0.0,0.0
shared_battery_mode_node_level_v1,SI-Drahi_14-d2-HOM-ULO-BHI-fdfe4a413b,TK-PB-Drahi_14-d2-HOM-ULO-9e640d1615-r1,SS-354317d12b7f,risk_neutral_expectation,1,DETERMINISTIC_RH,PEA,pv,13,16,1,1.0,-3.055333763768431e-13,0.0,121.79999999999626,121.79999999999598,0.0,0.0,false,0.0,0.0,0.0,0.0,0.0
shared_battery_mode_node_level_v1,SI-Drahi_14-d2-HOM-ULO-BHI-fdfe4a413b,TK-PB-Drahi_14-d2-HOM-ULO-9e640d1615-r1,SS-c81930d9c8ba,risk_neutral_expectation,1,DETERMINISTIC_RH,PEA,pv,17,17,1,1.0,0.0,0.0,121.79999999999598,121.79999999999598,0.0,0.0,false,0.0,0.0,0.0,0.0,0.0
shared_battery_mode_node_level_v1,SI-Drahi_14-d2-HOM-ULO-BHI-fdfe4a413b,TK-PB-Drahi_14-d2-HOM-ULO-9e640d1615-r1,SS-c81930d9c8ba,risk_neutral_expectation,1,DETERMINISTIC_RH,PEA,pv,17,18,1,0.0,0.0,32.0,121.79999999999598,88.1157894736802,0.0,0.0,false,0.0,0.0,0.0,0.0,0.0
shared_battery_mode_node_level_v1,SI-Drahi_14-d2-HOM-ULO-BHI-fdfe4a413b,TK-PB-Drahi_14-d2-HOM-ULO-9e640d1615-r1,SS-c81930d9c8ba,risk_neutral_expectation,1,DETERMINISTIC_RH,PEA,pv,17,19,1,1.0,32.0,0.0,88.1157894736802,118.5157894736802,0.0,0.0,false,0.0,0.0,0.0,0.0,0.0
shared_battery_mode_node_level_v1,SI-Drahi_14-d2-HOM-ULO-BHI-fdfe4a413b,TK-PB-Drahi_14-d2-HOM-ULO-9e640d1615-r1,SS-c81930d9c8ba,risk_neutral_expectation,1,DETERMINISTIC_RH,PEA,pv,17,20,1,1.0,7.878116343494526,0.0,118.5157894736802,126.0,0.0,0.0,false,0.0,0.0,0.0,0.0,0.0
shared_battery_mode_node_level_v1,SI-Drahi_14-d2-HOM-ULO-BHI-fdfe4a413b,TK-PB-Drahi_14-d2-HOM-ULO-9e640d1615-r1,SS-3cf9bda45ea4,risk_neutral_expectation,1,DETERMINISTIC_RH,PEA,pv,21,21,1,0.0,0.0,32.0,126.0,92.31578947368422,0.0,0.0,false,0.0,0.0,0.0,0.0,0.0
shared_battery_mode_node_level_v1,SI-Drahi_14-d2-HOM-ULO-BHI-fdfe4a413b,TK-PB-Drahi_14-d2-HOM-ULO-9e640d1615-r1,SS-3cf9bda45ea4,risk_neutral_expectation,1,DETERMINISTIC_RH,PEA,pv,21,22,1,0.0,0.0,32.0,92.31578947368422,58.63157894736843,0.0,0.0,false,0.0,0.0,0.0,0.0,0.0
shared_battery_mode_node_level_v1,SI-Drahi_14-d2-HOM-ULO-BHI-fdfe4a413b,TK-PB-Drahi_14-d2-HOM-ULO-9e640d1615-r1,SS-3cf9bda45ea4,risk_neutral_expectation,1,DETERMINISTIC_RH,PEA,pv,21,23,1,0.0,0.0,32.0,58.63157894736843,24.947368421052644,0.0,0.0,false,0.0,0.0,0.0,0.0,0.0
shared_battery_mode_node_level_v1,SI-Drahi_14-d2-HOM-ULO-BHI-fdfe4a413b,TK-PB-Drahi_14-d2-HOM-ULO-9e640d1615-r1,SS-3cf9bda45ea4,risk_neutral_expectation,1,DETERMINISTIC_RH,PEA,pv,21,24,1,0.2653124999999996,0.0,23.510000000000012,24.947368421052644,0.1999999999999993,0.0,0.0,false,0.0,0.2653124999999996,7.216449660063518e-16,7.216449660063518e-16,0.0
shared_battery_mode_node_level_v1,SI-Drahi_14-d2-HOM-ULO-BHI-fdfe4a413b,TK-PB-Drahi_14-d2-HOM-ULO-9e640d1615-r1,SS-5d5bbea46d20,risk_neutral_expectation,1,DETERMINISTIC_RH,SA,savings,1,1,1,1.0,0.0,0.0,0.2,0.2,0.0,0.0,false,0.0,0.0,0.0,0.0,0.0
shared_battery_mode_node_level_v1,SI-Drahi_14-d2-HOM-ULO-BHI-fdfe4a413b,TK-PB-Drahi_14-d2-HOM-ULO-9e640d1615-r1,SS-5d5bbea46d20,risk_neutral_expectation,1,DETERMINISTIC_RH,SA,savings,1,2,1,1.0,32.0,0.0,0.2,30.599999999999998,0.0,0.0,false,0.0,0.0,0.0,0.0,0.0
shared_battery_mode_node_level_v1,SI-Drahi_14-d2-HOM-ULO-BHI-fdfe4a413b,TK-PB-Drahi_14-d2-HOM-ULO-9e640d1615-r1,SS-5d5bbea46d20,risk_neutral_expectation,1,DETERMINISTIC_RH,SA,savings,1,3,1,1.0,0.0,0.0,30.599999999999998,30.599999999999998,0.0,0.0,false,0.0,0.0,0.0,0.0,0.0
shared_battery_mode_node_level_v1,SI-Drahi_14-d2-HOM-ULO-BHI-fdfe4a413b,TK-PB-Drahi_14-d2-HOM-ULO-9e640d1615-r1,SS-5d5bbea46d20,risk_neutral_expectation,1,DETERMINISTIC_RH,SA,savings,1,4,1,1.0,0.0,0.0,30.599999999999998,30.599999999999998,0.0,0.0,false,0.0,0.0,0.0,0.0,0.0
shared_battery_mode_node_level_v1,SI-Drahi_14-d2-HOM-ULO-BHI-fdfe4a413b,TK-PB-Drahi_14-d2-HOM-ULO-9e640d1615-r1,SS-102adc95e052,risk_neutral_expectation,1,DETERMINISTIC_RH,SA,savings,5,5,1,1.0,0.0,0.0,30.599999999999998,30.599999999999998,0.0,0.0,false,0.0,0.0,0.0,0.0,0.0
shared_battery_mode_node_level_v1,SI-Drahi_14-d2-HOM-ULO-BHI-fdfe4a413b,TK-PB-Drahi_14-d2-HOM-ULO-9e640d1615-r1,SS-102adc95e052,risk_neutral_expectation,1,DETERMINISTIC_RH,SA,savings,5,6,1,1.0,0.0,0.0,30.599999999999998,30.599999999999998,0.0,0.0,false,0.0,0.0,0.0,0.0,0.0
shared_battery_mode_node_level_v1,SI-Drahi_14-d2-HOM-ULO-BHI-fdfe4a413b,TK-PB-Drahi_14-d2-HOM-ULO-9e640d1615-r1,SS-102adc95e052,risk_neutral_expectation,1,DETERMINISTIC_RH,SA,savings,5,7,1,1.0,-5.648814749292796e-13,0.0,30.599999999999998,30.59999999999946,0.0,0.0,false,0.0,0.0,0.0,0.0,0.0
shared_battery_mode_node_level_v1,SI-Drahi_14-d2-HOM-ULO-BHI-fdfe4a413b,TK-PB-Drahi_14-d2-HOM-ULO-9e640d1615-r1,SS-102adc95e052,risk_neutral_expectation,1,DETERMINISTIC_RH,SA,savings,5,8,1,1.0,-1.2718714970105793e-12,0.0,30.59999999999946,30.599999999998253,0.0,0.0,false,0.0,0.0,0.0,0.0,0.0
shared_battery_mode_node_level_v1,SI-Drahi_14-d2-HOM-ULO-BHI-fdfe4a413b,TK-PB-Drahi_14-d2-HOM-ULO-9e640d1615-r1,SS-19da242d4543,risk_neutral_expectation,1,DETERMINISTIC_RH,SA,savings,9,9,1,1.0,0.0,0.0,30.599999999998253,30.599999999998253,0.0,0.0,false,0.0,0.0,0.0,0.0,0.0
shared_battery_mode_node_level_v1,SI-Drahi_14-d2-HOM-ULO-BHI-fdfe4a413b,TK-PB-Drahi_14-d2-HOM-ULO-9e640d1615-r1,SS-19da242d4543,risk_neutral_expectation,1,DETERMINISTIC_RH,SA,savings,9,10,1,1.0,32.0,0.0,30.599999999998253,60.99999999999825,0.0,0.0,false,0.0,0.0,0.0,0.0,0.0
shared_battery_mode_node_level_v1,SI-Drahi_14-d2-HOM-ULO-BHI-fdfe4a413b,TK-PB-Drahi_14-d2-HOM-ULO-9e640d1615-r1,SS-19da242d4543,risk_neutral_expectation,1,DETERMINISTIC_RH,SA,savings,9,11,1,1.0,32.0,0.0,60.99999999999825,91.39999999999824,0.0,0.0,false,0.0,0.0,0.0,0.0,0.0
shared_battery_mode_node_level_v1,SI-Drahi_14-d2-HOM-ULO-BHI-fdfe4a413b,TK-PB-Drahi_14-d2-HOM-ULO-9e640d1615-r1,SS-19da242d4543,risk_neutral_expectation,1,DETERMINISTIC_RH,SA,savings,9,12,1,1.0,-1.3073986337985843e-12,0.0,91.39999999999824,91.39999999999701,0.0,0.0,false,0.0,0.0,0.0,0.0,0.0
shared_battery_mode_node_level_v1,SI-Drahi_14-d2-HOM-ULO-BHI-fdfe4a413b,TK-PB-Drahi_14-d2-HOM-ULO-9e640d1615-r1,SS-354317d12b7f,risk_neutral_expectation,1,DETERMINISTIC_RH,SA,savings,13,13,1,1.0,0.0,0.0,91.39999999999701,91.39999999999701,0.0,0.0,false,0.0,0.0,0.0,0.0,0.0
shared_battery_mode_node_level_v1,SI-Drahi_14-d2-HOM-ULO-BHI-fdfe4a413b,TK-PB-Drahi_14-d2-HOM-ULO-9e640d1615-r1,SS-354317d12b7f,risk_neutral_expectation,1,DETERMINISTIC_RH,SA,savings,13,14,1,1.0,32.0,0.0,91.39999999999701,121.799999999997,0.0,0.0,false,0.0,0.0,0.0,0.0,0.0
shared_battery_mode_node_level_v1,SI-Drahi_14-d2-HOM-ULO-BHI-fdfe4a413b,TK-PB-Drahi_14-d2-HOM-ULO-9e640d1615-r1,SS-354317d12b7f,risk_neutral_expectation,1,DETERMINISTIC_RH,SA,savings,13,15,1,0.9999999999999782,0.0,6.963318810448982e-13,121.799999999997,121.79999999999626,0.0,0.0,false,0.0,2.1760371282653068e-14,0.0,0.0,0.0
shared_battery_mode_node_level_v1,SI-Drahi_14-d2-HOM-ULO-BHI-fdfe4a413b,TK-PB-Drahi_14-d2-HOM-ULO-9e640d1615-r1,SS-354317d12b7f,risk_neutral_expectation,1,DETERMINISTIC_RH,SA,savings,13,16,1,1.0,-3.055333763768431e-13,0.0,121.79999999999626,121.79999999999598,0.0,0.0,false,0.0,0.0,0.0,0.0,0.0
shared_battery_mode_node_level_v1,SI-Drahi_14-d2-HOM-ULO-BHI-fdfe4a413b,TK-PB-Drahi_14-d2-HOM-ULO-9e640d1615-r1,SS-c81930d9c8ba,risk_neutral_expectation,1,DETERMINISTIC_RH,SA,savings,17,17,1,1.0,0.0,0.0,121.79999999999598,121.79999999999598,0.0,0.0,false,0.0,0.0,0.0,0.0,0.0
shared_battery_mode_node_level_v1,SI-Drahi_14-d2-HOM-ULO-BHI-fdfe4a413b,TK-PB-Drahi_14-d2-HOM-ULO-9e640d1615-r1,SS-c81930d9c8ba,risk_neutral_expectation,1,DETERMINISTIC_RH,SA,savings,17,18,1,0.0,0.0,32.0,121.79999999999598,88.1157894736802,0.0,0.0,false,0.0,0.0,0.0,0.0,0.0
shared_battery_mode_node_level_v1,SI-Drahi_14-d2-HOM-ULO-BHI-fdfe4a413b,TK-PB-Drahi_14-d2-HOM-ULO-9e640d1615-r1,SS-c81930d9c8ba,risk_neutral_expectation,1,DETERMINISTIC_RH,SA,savings,17,19,1,1.0,32.0,0.0,88.1157894736802,118.5157894736802,0.0,0.0,false,0.0,0.0,0.0,0.0,0.0
shared_battery_mode_node_level_v1,SI-Drahi_14-d2-HOM-ULO-BHI-fdfe4a413b,TK-PB-Drahi_14-d2-HOM-ULO-9e640d1615-r1,SS-c81930d9c8ba,risk_neutral_expectation,1,DETERMINISTIC_RH,SA,savings,17,20,1,1.0,7.878116343494526,0.0,118.5157894736802,126.0,0.0,0.0,false,0.0,0.0,0.0,0.0,0.0
shared_battery_mode_node_level_v1,SI-Drahi_14-d2-HOM-ULO-BHI-fdfe4a413b,TK-PB-Drahi_14-d2-HOM-ULO-9e640d1615-r1,SS-3cf9bda45ea4,risk_neutral_expectation,1,DETERMINISTIC_RH,SA,savings,21,21,1,0.0,0.0,32.0,126.0,92.31578947368422,0.0,0.0,false,0.0,0.0,0.0,0.0,0.0
shared_battery_mode_node_level_v1,SI-Drahi_14-d2-HOM-ULO-BHI-fdfe4a413b,TK-PB-Drahi_14-d2-HOM-ULO-9e640d1615-r1,SS-3cf9bda45ea4,risk_neutral_expectation,1,DETERMINISTIC_RH,SA,savings,21,22,1,0.0,0.0,32.0,92.31578947368422,58.63157894736843,0.0,0.0,false,0.0,0.0,0.0,0.0,0.0
shared_battery_mode_node_level_v1,SI-Drahi_14-d2-HOM-ULO-BHI-fdfe4a413b,TK-PB-Drahi_14-d2-HOM-ULO-9e640d1615-r1,SS-3cf9bda45ea4,risk_neutral_expectation,1,DETERMINISTIC_RH,SA,savings,21,23,1,0.0,0.0,32.0,58.63157894736843,24.947368421052644,0.0,0.0,false,0.0,0.0,0.0,0.0,0.0
shared_battery_mode_node_level_v1,SI-Drahi_14-d2-HOM-ULO-BHI-fdfe4a413b,TK-PB-Drahi_14-d2-HOM-ULO-9e640d1615-r1,SS-3cf9bda45ea4,risk_neutral_expectation,1,DETERMINISTIC_RH,SA,savings,21,24,1,0.2653124999999995,0.0,23.510000000000016,24.947368421052644,0.19999999999999574,0.0,0.0,false,0.0,0.2653124999999995,4.274358644806853e-15,4.274358644806853e-15,0.0
shared_battery_mode_node_level_v1,SI-Drahi_14-d2-HOM-ULO-BHI-fdfe4a413b,TK-PB-Drahi_14-d2-HOM-ULO-9e640d1615-r1,SS-5d5bbea46d20,risk_neutral_expectation,1,DETERMINISTIC_RH,STATIC_DEMAND_SHARE,pv,1,1,1,1.0,0.0,0.0,0.2,0.2,0.0,0.0,false,0.0,0.0,0.0,0.0,0.0
shared_battery_mode_node_level_v1,SI-Drahi_14-d2-HOM-ULO-BHI-fdfe4a413b,TK-PB-Drahi_14-d2-HOM-ULO-9e640d1615-r1,SS-5d5bbea46d20,risk_neutral_expectation,1,DETERMINISTIC_RH,STATIC_DEMAND_SHARE,pv,1,2,1,1.0,32.0,0.0,0.2,30.599999999999998,0.0,0.0,false,0.0,0.0,0.0,0.0,0.0
shared_battery_mode_node_level_v1,SI-Drahi_14-d2-HOM-ULO-BHI-fdfe4a413b,TK-PB-Drahi_14-d2-HOM-ULO-9e640d1615-r1,SS-5d5bbea46d20,risk_neutral_expectation,1,DETERMINISTIC_RH,STATIC_DEMAND_SHARE,pv,1,3,1,1.0,0.0,0.0,30.599999999999998,30.599999999999998,0.0,0.0,false,0.0,0.0,0.0,0.0,0.0
shared_battery_mode_node_level_v1,SI-Drahi_14-d2-HOM-ULO-BHI-fdfe4a413b,TK-PB-Drahi_14-d2-HOM-ULO-9e640d1615-r1,SS-5d5bbea46d20,risk_neutral_expectation,1,DETERMINISTIC_RH,STATIC_DEMAND_SHARE,pv,1,4,1,1.0,0.0,0.0,30.599999999999998,30.599999999999998,0.0,0.0,false,0.0,0.0,0.0,0.0,0.0
shared_battery_mode_node_level_v1,SI-Drahi_14-d2-HOM-ULO-BHI-fdfe4a413b,TK-PB-Drahi_14-d2-HOM-ULO-9e640d1615-r1,SS-102adc95e052,risk_neutral_expectation,1,DETERMINISTIC_RH,STATIC_DEMAND_SHARE,pv,5,5,1,1.0,0.0,0.0,30.599999999999998,30.599999999999998,0.0,0.0,false,0.0,0.0,0.0,0.0,0.0
shared_battery_mode_node_level_v1,SI-Drahi_14-d2-HOM-ULO-BHI-fdfe4a413b,TK-PB-Drahi_14-d2-HOM-ULO-9e640d1615-r1,SS-102adc95e052,risk_neutral_expectation,1,DETERMINISTIC_RH,STATIC_DEMAND_SHARE,pv,5,6,1,1.0,0.0,0.0,30.599999999999998,30.599999999999998,0.0,0.0,false,0.0,0.0,0.0,0.0,0.0
shared_battery_mode_node_level_v1,SI-Drahi_14-d2-HOM-ULO-BHI-fdfe4a413b,TK-PB-Drahi_14-d2-HOM-ULO-9e640d1615-r1,SS-102adc95e052,risk_neutral_expectation,1,DETERMINISTIC_RH,STATIC_DEMAND_SHARE,pv,5,7,1,1.0,-5.595524044110789e-13,0.0,30.599999999999998,30.599999999999465,0.0,0.0,false,0.0,0.0,0.0,0.0,0.0
shared_battery_mode_node_level_v1,SI-Drahi_14-d2-HOM-ULO-BHI-fdfe4a413b,TK-PB-Drahi_14-d2-HOM-ULO-9e640d1615-r1,SS-102adc95e052,risk_neutral_expectation,1,DETERMINISTIC_RH,STATIC_DEMAND_SHARE,pv,5,8,1,1.0,-1.2967404927621828e-12,0.0,30.599999999999465,30.599999999998232,0.0,0.0,false,0.0,0.0,0.0,0.0,0.0
shared_battery_mode_node_level_v1,SI-Drahi_14-d2-HOM-ULO-BHI-fdfe4a413b,TK-PB-Drahi_14-d2-HOM-ULO-9e640d1615-r1,SS-19da242d4543,risk_neutral_expectation,1,DETERMINISTIC_RH,STATIC_DEMAND_SHARE,pv,9,9,1,1.0,0.0,0.0,30.599999999998232,30.599999999998232,0.0,0.0,false,0.0,0.0,0.0,0.0,0.0
shared_battery_mode_node_level_v1,SI-Drahi_14-d2-HOM-ULO-BHI-fdfe4a413b,TK-PB-Drahi_14-d2-HOM-ULO-9e640d1615-r1,SS-19da242d4543,risk_neutral_expectation,1,DETERMINISTIC_RH,STATIC_DEMAND_SHARE,pv,9,10,1,1.0,32.0,0.0,30.599999999998232,60.99999999999823,0.0,0.0,false,0.0,0.0,0.0,0.0,0.0
shared_battery_mode_node_level_v1,SI-Drahi_14-d2-HOM-ULO-BHI-fdfe4a413b,TK-PB-Drahi_14-d2-HOM-ULO-9e640d1615-r1,SS-19da242d4543,risk_neutral_expectation,1,DETERMINISTIC_RH,STATIC_DEMAND_SHARE,pv,9,11,1,1.0,32.0,0.0,60.99999999999823,91.39999999999823,0.0,0.0,false,0.0,0.0,0.0,0.0,0.0
shared_battery_mode_node_level_v1,SI-Drahi_14-d2-HOM-ULO-BHI-fdfe4a413b,TK-PB-Drahi_14-d2-HOM-ULO-9e640d1615-r1,SS-19da242d4543,risk_neutral_expectation,1,DETERMINISTIC_RH,STATIC_DEMAND_SHARE,pv,9,12,1,1.0,-1.2789769243681803e-12,0.0,91.39999999999823,91.39999999999702,0.0,0.0,false,0.0,0.0,0.0,0.0,0.0
shared_battery_mode_node_level_v1,SI-Drahi_14-d2-HOM-ULO-BHI-fdfe4a413b,TK-PB-Drahi_14-d2-HOM-ULO-9e640d1615-r1,SS-354317d12b7f,risk_neutral_expectation,1,DETERMINISTIC_RH,STATIC_DEMAND_SHARE,pv,13,13,1,1.0,0.0,0.0,91.39999999999702,91.39999999999702,0.0,0.0,false,0.0,0.0,0.0,0.0,0.0
shared_battery_mode_node_level_v1,SI-Drahi_14-d2-HOM-ULO-BHI-fdfe4a413b,TK-PB-Drahi_14-d2-HOM-ULO-9e640d1615-r1,SS-354317d12b7f,risk_neutral_expectation,1,DETERMINISTIC_RH,STATIC_DEMAND_SHARE,pv,13,14,1,1.0,32.0,0.0,91.39999999999702,121.79999999999703,0.0,0.0,false,0.0,0.0,0.0,0.0,0.0
shared_battery_mode_node_level_v1,SI-Drahi_14-d2-HOM-ULO-BHI-fdfe4a413b,TK-PB-Drahi_14-d2-HOM-ULO-9e640d1615-r1,SS-354317d12b7f,risk_neutral_expectation,1,DETERMINISTIC_RH,STATIC_DEMAND_SHARE,pv,13,15,1,1.0,-6.394884621840902e-13,0.0,121.79999999999703,121.79999999999642,0.0,0.0,false,0.0,0.0,0.0,0.0,0.0
shared_battery_mode_node_level_v1,SI-Drahi_14-d2-HOM-ULO-BHI-fdfe4a413b,TK-PB-Drahi_14-d2-HOM-ULO-9e640d1615-r1,SS-354317d12b7f,risk_neutral_expectation,1,DETERMINISTIC_RH,STATIC_DEMAND_SHARE,pv,13,16,1,1.0,0.0,0.0,121.79999999999642,121.79999999999642,0.0,0.0,false,0.0,0.0,0.0,0.0,0.0
shared_battery_mode_node_level_v1,SI-Drahi_14-d2-HOM-ULO-BHI-fdfe4a413b,TK-PB-Drahi_14-d2-HOM-ULO-9e640d1615-r1,SS-c81930d9c8ba,risk_neutral_expectation,1,DETERMINISTIC_RH,STATIC_DEMAND_SHARE,pv,17,17,1,1.0,0.0,0.0,121.79999999999642,121.79999999999642,0.0,0.0,false,0.0,0.0,0.0,0.0,0.0
shared_battery_mode_node_level_v1,SI-Drahi_14-d2-HOM-ULO-BHI-fdfe4a413b,TK-PB-Drahi_14-d2-HOM-ULO-9e640d1615-r1,SS-c81930d9c8ba,risk_neutral_expectation,1,DETERMINISTIC_RH,STATIC_DEMAND_SHARE,pv,17,18,1,0.0,0.0,32.0,121.79999999999642,88.11578947368062,0.0,0.0,false,0.0,0.0,0.0,0.0,0.0
shared_battery_mode_node_level_v1,SI-Drahi_14-d2-HOM-ULO-BHI-fdfe4a413b,TK-PB-Drahi_14-d2-HOM-ULO-9e640d1615-r1,SS-c81930d9c8ba,risk_neutral_expectation,1,DETERMINISTIC_RH,STATIC_DEMAND_SHARE,pv,17,19,1,1.0,32.0,0.0,88.11578947368062,118.51578947368063,0.0,0.0,false,0.0,0.0,0.0,0.0,0.0
shared_battery_mode_node_level_v1,SI-Drahi_14-d2-HOM-ULO-BHI-fdfe4a413b,TK-PB-Drahi_14-d2-HOM-ULO-9e640d1615-r1,SS-c81930d9c8ba,risk_neutral_expectation,1,DETERMINISTIC_RH,STATIC_DEMAND_SHARE,pv,17,20,1,1.0,7.878116343494071,0.0,118.51578947368063,126.0,0.0,0.0,false,0.0,0.0,0.0,0.0,0.0
shared_battery_mode_node_level_v1,SI-Drahi_14-d2-HOM-ULO-BHI-fdfe4a413b,TK-PB-Drahi_14-d2-HOM-ULO-9e640d1615-r1,SS-3cf9bda45ea4,risk_neutral_expectation,1,DETERMINISTIC_RH,STATIC_DEMAND_SHARE,pv,21,21,1,0.0,0.0,32.0,126.0,92.31578947368422,0.0,0.0,false,0.0,0.0,0.0,0.0,0.0
shared_battery_mode_node_level_v1,SI-Drahi_14-d2-HOM-ULO-BHI-fdfe4a413b,TK-PB-Drahi_14-d2-HOM-ULO-9e640d1615-r1,SS-3cf9bda45ea4,risk_neutral_expectation,1,DETERMINISTIC_RH,STATIC_DEMAND_SHARE,pv,21,22,1,0.0,0.0,32.0,92.31578947368422,58.63157894736843,0.0,0.0,false,0.0,0.0,0.0,0.0,0.0
shared_battery_mode_node_level_v1,SI-Drahi_14-d2-HOM-ULO-BHI-fdfe4a413b,TK-PB-Drahi_14-d2-HOM-ULO-9e640d1615-r1,SS-3cf9bda45ea4,risk_neutral_expectation,1,DETERMINISTIC_RH,STATIC_DEMAND_SHARE,pv,21,23,1,0.0,0.0,32.0,58.63157894736843,24.947368421052644,0.0,0.0,false,0.0,0.0,0.0,0.0,0.0
shared_battery_mode_node_level_v1,SI-Drahi_14-d2-HOM-ULO-BHI-fdfe4a413b,TK-PB-Drahi_14-d2-HOM-ULO-9e640d1615-r1,SS-3cf9bda45ea4,risk_neutral_expectation,1,DETERMINISTIC_RH,STATIC_DEMAND_SHARE,pv,21,24,1,0.2653124999999996,0.0,23.510000000000012,24.947368421052644,0.1999999999999993,0.0,0.0,false,0.0,0.2653124999999996,7.216449660063518e-16,7.216449660063518e-16,0.0
shared_battery_mode_node_level_v1,SI-Drahi_14-d2-HOM-ULO-BHI-fdfe4a413b,TK-PB-Drahi_14-d2-HOM-ULO-9e640d1615-r1,SS-5d5bbea46d20,risk_neutral_expectation,1,MULTISTAGE_RH,LEXMMFPEA,pv,1,1,1,1.0,0.0,0.0,0.2,0.2,0.0,0.0,false,0.0,0.0,0.0,0.0,0.0
shared_battery_mode_node_level_v1,SI-Drahi_14-d2-HOM-ULO-BHI-fdfe4a413b,TK-PB-Drahi_14-d2-HOM-ULO-9e640d1615-r1,SS-5d5bbea46d20,risk_neutral_expectation,1,MULTISTAGE_RH,LEXMMFPEA,pv,1,2,1,1.0,32.0,0.0,0.2,30.599999999999998,0.0,0.0,false,0.0,0.0,0.0,0.0,0.0
shared_battery_mode_node_level_v1,SI-Drahi_14-d2-HOM-ULO-BHI-fdfe4a413b,TK-PB-Drahi_14-d2-HOM-ULO-9e640d1615-r1,SS-5d5bbea46d20,risk_neutral_expectation,1,MULTISTAGE_RH,LEXMMFPEA,pv,1,3,1,1.0,0.0,0.0,30.599999999999998,30.599999999999998,0.0,0.0,false,0.0,0.0,0.0,0.0,0.0
shared_battery_mode_node_level_v1,SI-Drahi_14-d2-HOM-ULO-BHI-fdfe4a413b,TK-PB-Drahi_14-d2-HOM-ULO-9e640d1615-r1,SS-5d5bbea46d20,risk_neutral_expectation,1,MULTISTAGE_RH,LEXMMFPEA,pv,1,4,1,1.0,0.0,0.0,30.599999999999998,30.599999999999998,0.0,0.0,false,0.0,0.0,0.0,0.0,0.0
shared_battery_mode_node_level_v1,SI-Drahi_14-d2-HOM-ULO-BHI-fdfe4a413b,TK-PB-Drahi_14-d2-HOM-ULO-9e640d1615-r1,SS-102adc95e052,risk_neutral_expectation,1,MULTISTAGE_RH,LEXMMFPEA,pv,5,5,1,1.0,0.0,0.0,30.599999999999998,30.599999999999998,0.0,0.0,false,0.0,0.0,0.0,0.0,0.0
shared_battery_mode_node_level_v1,SI-Drahi_14-d2-HOM-ULO-BHI-fdfe4a413b,TK-PB-Drahi_14-d2-HOM-ULO-9e640d1615-r1,SS-102adc95e052,risk_neutral_expectation,1,MULTISTAGE_RH,LEXMMFPEA,pv,5,6,1,1.0,0.0,0.0,30.599999999999998,30.599999999999998,0.0,0.0,false,0.0,0.0,0.0,0.0,0.0
shared_battery_mode_node_level_v1,SI-Drahi_14-d2-HOM-ULO-BHI-fdfe4a413b,TK-PB-Drahi_14-d2-HOM-ULO-9e640d1615-r1,SS-102adc95e052,risk_neutral_expectation,1,MULTISTAGE_RH,LEXMMFPEA,pv,5,7,1,1.0,0.0,0.0,30.599999999999998,30.599999999999998,0.0,0.0,false,0.0,0.0,0.0,0.0,0.0
shared_battery_mode_node_level_v1,SI-Drahi_14-d2-HOM-ULO-BHI-fdfe4a413b,TK-PB-Drahi_14-d2-HOM-ULO-9e640d1615-r1,SS-102adc95e052,risk_neutral_expectation,1,MULTISTAGE_RH,LEXMMFPEA,pv,5,8,1,1.0,0.0,0.0,30.599999999999998,30.599999999999998,0.0,0.0,false,0.0,0.0,0.0,0.0,0.0
shared_battery_mode_node_level_v1,SI-Drahi_14-d2-HOM-ULO-BHI-fdfe4a413b,TK-PB-Drahi_14-d2-HOM-ULO-9e640d1615-r1,SS-19da242d4543,risk_neutral_expectation,1,MULTISTAGE_RH,LEXMMFPEA,pv,9,9,1,0.0,0.0,0.0,30.599999999999998,30.599999999999998,0.0,0.0,false,0.0,0.0,0.0,0.0,0.0
shared_battery_mode_node_level_v1,SI-Drahi_14-d2-HOM-ULO-BHI-fdfe4a413b,TK-PB-Drahi_14-d2-HOM-ULO-9e640d1615-r1,SS-19da242d4543,risk_neutral_expectation,1,MULTISTAGE_RH,LEXMMFPEA,pv,9,10,1,1.0,32.0,0.0,30.599999999999998,61.0,0.0,0.0,false,0.0,0.0,0.0,0.0,0.0
shared_battery_mode_node_level_v1,SI-Drahi_14-d2-HOM-ULO-BHI-fdfe4a413b,TK-PB-Drahi_14-d2-HOM-ULO-9e640d1615-r1,SS-19da242d4543,risk_neutral_expectation,1,MULTISTAGE_RH,LEXMMFPEA,pv,9,11,1,1.0,32.0,0.0,61.0,91.4,0.0,0.0,false,0.0,0.0,0.0,0.0,0.0
shared_battery_mode_node_level_v1,SI-Drahi_14-d2-HOM-ULO-BHI-fdfe4a413b,TK-PB-Drahi_14-d2-HOM-ULO-9e640d1615-r1,SS-19da242d4543,risk_neutral_expectation,1,MULTISTAGE_RH,LEXMMFPEA,pv,9,12,1,0.0,0.0,0.0,91.4,91.4,0.0,0.0,false,0.0,0.0,0.0,0.0,0.0
shared_battery_mode_node_level_v1,SI-Drahi_14-d2-HOM-ULO-BHI-fdfe4a413b,TK-PB-Drahi_14-d2-HOM-ULO-9e640d1615-r1,SS-354317d12b7f,risk_neutral_expectation,1,MULTISTAGE_RH,LEXMMFPEA,pv,13,13,1,1.0,0.0,0.0,91.4,91.4,0.0,0.0,false,0.0,0.0,0.0,0.0,0.0
shared_battery_mode_node_level_v1,SI-Drahi_14-d2-HOM-ULO-BHI-fdfe4a413b,TK-PB-Drahi_14-d2-HOM-ULO-9e640d1615-r1,SS-354317d12b7f,risk_neutral_expectation,1,MULTISTAGE_RH,LEXMMFPEA,pv,13,14,1,1.0,32.0,0.0,91.4,121.80000000000001,0.0,0.0,false,0.0,0.0,0.0,0.0,0.0
shared_battery_mode_node_level_v1,SI-Drahi_14-d2-HOM-ULO-BHI-fdfe4a413b,TK-PB-Drahi_14-d2-HOM-ULO-9e640d1615-r1,SS-354317d12b7f,risk_neutral_expectation,1,MULTISTAGE_RH,LEXMMFPEA,pv,13,15,1,0.0,0.0,0.0,121.80000000000001,121.80000000000001,0.0,0.0,false,0.0,0.0,0.0,0.0,0.0
shared_battery_mode_node_level_v1,SI-Drahi_14-d2-HOM-ULO-BHI-fdfe4a413b,TK-PB-Drahi_14-d2-HOM-ULO-9e640d1615-r1,SS-354317d12b7f,risk_neutral_expectation,1,MULTISTAGE_RH,LEXMMFPEA,pv,13,16,1,0.0,0.0,0.0,121.80000000000001,121.80000000000001,0.0,0.0,false,0.0,0.0,0.0,0.0,0.0
shared_battery_mode_node_level_v1,SI-Drahi_14-d2-HOM-ULO-BHI-fdfe4a413b,TK-PB-Drahi_14-d2-HOM-ULO-9e640d1615-r1,SS-c81930d9c8ba,risk_neutral_expectation,1,MULTISTAGE_RH,LEXMMFPEA,pv,17,17,1,0.0,0.0,0.0,121.80000000000001,121.80000000000001,0.0,0.0,false,0.0,0.0,0.0,0.0,0.0
shared_battery_mode_node_level_v1,SI-Drahi_14-d2-HOM-ULO-BHI-fdfe4a413b,TK-PB-Drahi_14-d2-HOM-ULO-9e640d1615-r1,SS-c81930d9c8ba,risk_neutral_expectation,1,MULTISTAGE_RH,LEXMMFPEA,pv,17,18,1,0.0,0.0,32.0,121.80000000000001,88.11578947368423,0.0,0.0,false,0.0,0.0,0.0,0.0,0.0
shared_battery_mode_node_level_v1,SI-Drahi_14-d2-HOM-ULO-BHI-fdfe4a413b,TK-PB-Drahi_14-d2-HOM-ULO-9e640d1615-r1,SS-c81930d9c8ba,risk_neutral_expectation,1,MULTISTAGE_RH,LEXMMFPEA,pv,17,19,1,1.0,32.0,0.0,88.11578947368423,118.51578947368424,0.0,0.0,false,0.0,0.0,0.0,0.0,0.0
shared_battery_mode_node_level_v1,SI-Drahi_14-d2-HOM-ULO-BHI-fdfe4a413b,TK-PB-Drahi_14-d2-HOM-ULO-9e640d1615-r1,SS-c81930d9c8ba,risk_neutral_expectation,1,MULTISTAGE_RH,LEXMMFPEA,pv,17,20,1,0.24619113573407114,7.878116343490277,0.0,118.51578947368424,126.0,0.0,0.0,false,0.0,0.24619113573407114,0.0,0.0,0.0
shared_battery_mode_node_level_v1,SI-Drahi_14-d2-HOM-ULO-BHI-fdfe4a413b,TK-PB-Drahi_14-d2-HOM-ULO-9e640d1615-r1,SS-3cf9bda45ea4,risk_neutral_expectation,1,MULTISTAGE_RH,LEXMMFPEA,pv,21,21,1,0.0,0.0,32.0,126.0,92.31578947368422,0.0,0.0,false,0.0,0.0,0.0,0.0,0.0
shared_battery_mode_node_level_v1,SI-Drahi_14-d2-HOM-ULO-BHI-fdfe4a413b,TK-PB-Drahi_14-d2-HOM-ULO-9e640d1615-r1,SS-3cf9bda45ea4,risk_neutral_expectation,1,MULTISTAGE_RH,LEXMMFPEA,pv,21,22,1,0.0,0.0,32.0,92.31578947368422,58.63157894736843,0.0,0.0,false,0.0,0.0,0.0,0.0,0.0
shared_battery_mode_node_level_v1,SI-Drahi_14-d2-HOM-ULO-BHI-fdfe4a413b,TK-PB-Drahi_14-d2-HOM-ULO-9e640d1615-r1,SS-3cf9bda45ea4,risk_neutral_expectation,1,MULTISTAGE_RH,LEXMMFPEA,pv,21,23,1,0.0,0.0,32.0,58.63157894736843,24.947368421052644,0.0,0.0,false,0.0,0.0,0.0,0.0,0.0
shared_battery_mode_node_level_v1,SI-Drahi_14-d2-HOM-ULO-BHI-fdfe4a413b,TK-PB-Drahi_14-d2-HOM-ULO-9e640d1615-r1,SS-3cf9bda45ea4,risk_neutral_expectation,1,MULTISTAGE_RH,LEXMMFPEA,pv,21,24,1,0.2653124999999996,0.0,23.510000000000012,24.947368421052644,0.1999999999999993,0.0,0.0,false,0.0,0.2653124999999996,7.216449660063518e-16,7.216449660063518e-16,0.0
shared_battery_mode_node_level_v1,SI-Drahi_14-d2-HOM-ULO-BHI-fdfe4a413b,TK-PB-Drahi_14-d2-HOM-ULO-9e640d1615-r1,SS-5d5bbea46d20,risk_neutral_expectation,1,MULTISTAGE_RH,LEXMMFSA,savings,1,1,1,1.0,0.0,0.0,0.2,0.2,0.0,0.0,false,0.0,0.0,0.0,0.0,0.0
shared_battery_mode_node_level_v1,SI-Drahi_14-d2-HOM-ULO-BHI-fdfe4a413b,TK-PB-Drahi_14-d2-HOM-ULO-9e640d1615-r1,SS-5d5bbea46d20,risk_neutral_expectation,1,MULTISTAGE_RH,LEXMMFSA,savings,1,2,1,1.0,32.0,0.0,0.2,30.599999999999998,0.0,0.0,false,0.0,0.0,0.0,0.0,0.0
shared_battery_mode_node_level_v1,SI-Drahi_14-d2-HOM-ULO-BHI-fdfe4a413b,TK-PB-Drahi_14-d2-HOM-ULO-9e640d1615-r1,SS-5d5bbea46d20,risk_neutral_expectation,1,MULTISTAGE_RH,LEXMMFSA,savings,1,3,1,1.0,0.0,0.0,30.599999999999998,30.599999999999998,0.0,0.0,false,0.0,0.0,0.0,0.0,0.0
shared_battery_mode_node_level_v1,SI-Drahi_14-d2-HOM-ULO-BHI-fdfe4a413b,TK-PB-Drahi_14-d2-HOM-ULO-9e640d1615-r1,SS-5d5bbea46d20,risk_neutral_expectation,1,MULTISTAGE_RH,LEXMMFSA,savings,1,4,1,1.0,0.0,0.0,30.599999999999998,30.599999999999998,0.0,0.0,false,0.0,0.0,0.0,0.0,0.0
shared_battery_mode_node_level_v1,SI-Drahi_14-d2-HOM-ULO-BHI-fdfe4a413b,TK-PB-Drahi_14-d2-HOM-ULO-9e640d1615-r1,SS-102adc95e052,risk_neutral_expectation,1,MULTISTAGE_RH,LEXMMFSA,savings,5,5,1,1.0,0.0,0.0,30.599999999999998,30.599999999999998,0.0,0.0,false,0.0,0.0,0.0,0.0,0.0
shared_battery_mode_node_level_v1,SI-Drahi_14-d2-HOM-ULO-BHI-fdfe4a413b,TK-PB-Drahi_14-d2-HOM-ULO-9e640d1615-r1,SS-102adc95e052,risk_neutral_expectation,1,MULTISTAGE_RH,LEXMMFSA,savings,5,6,1,1.0,0.0,0.0,30.599999999999998,30.599999999999998,0.0,0.0,false,0.0,0.0,0.0,0.0,0.0
shared_battery_mode_node_level_v1,SI-Drahi_14-d2-HOM-ULO-BHI-fdfe4a413b,TK-PB-Drahi_14-d2-HOM-ULO-9e640d1615-r1,SS-102adc95e052,risk_neutral_expectation,1,MULTISTAGE_RH,LEXMMFSA,savings,5,7,1,1.0,0.0,0.0,30.599999999999998,30.599999999999998,0.0,0.0,false,0.0,0.0,0.0,0.0,0.0
shared_battery_mode_node_level_v1,SI-Drahi_14-d2-HOM-ULO-BHI-fdfe4a413b,TK-PB-Drahi_14-d2-HOM-ULO-9e640d1615-r1,SS-102adc95e052,risk_neutral_expectation,1,MULTISTAGE_RH,LEXMMFSA,savings,5,8,1,1.0,0.0,0.0,30.599999999999998,30.599999999999998,0.0,0.0,false,0.0,0.0,0.0,0.0,0.0
shared_battery_mode_node_level_v1,SI-Drahi_14-d2-HOM-ULO-BHI-fdfe4a413b,TK-PB-Drahi_14-d2-HOM-ULO-9e640d1615-r1,SS-19da242d4543,risk_neutral_expectation,1,MULTISTAGE_RH,LEXMMFSA,savings,9,9,1,1.0,0.0,0.0,30.599999999999998,30.599999999999998,0.0,0.0,false,0.0,0.0,0.0,0.0,0.0
shared_battery_mode_node_level_v1,SI-Drahi_14-d2-HOM-ULO-BHI-fdfe4a413b,TK-PB-Drahi_14-d2-HOM-ULO-9e640d1615-r1,SS-19da242d4543,risk_neutral_expectation,1,MULTISTAGE_RH,LEXMMFSA,savings,9,10,1,1.0,32.0,0.0,30.599999999999998,61.0,0.0,0.0,false,0.0,0.0,0.0,0.0,0.0
shared_battery_mode_node_level_v1,SI-Drahi_14-d2-HOM-ULO-BHI-fdfe4a413b,TK-PB-Drahi_14-d2-HOM-ULO-9e640d1615-r1,SS-19da242d4543,risk_neutral_expectation,1,MULTISTAGE_RH,LEXMMFSA,savings,9,11,1,1.0,32.0,0.0,61.0,91.4,0.0,0.0,false,0.0,0.0,0.0,0.0,0.0
shared_battery_mode_node_level_v1,SI-Drahi_14-d2-HOM-ULO-BHI-fdfe4a413b,TK-PB-Drahi_14-d2-HOM-ULO-9e640d1615-r1,SS-19da242d4543,risk_neutral_expectation,1,MULTISTAGE_RH,LEXMMFSA,savings,9,12,1,1.0,0.0,0.0,91.4,91.4,0.0,0.0,false,0.0,0.0,0.0,0.0,0.0
shared_battery_mode_node_level_v1,SI-Drahi_14-d2-HOM-ULO-BHI-fdfe4a413b,TK-PB-Drahi_14-d2-HOM-ULO-9e640d1615-r1,SS-354317d12b7f,risk_neutral_expectation,1,MULTISTAGE_RH,LEXMMFSA,savings,13,13,1,1.0,0.0,0.0,91.4,91.4,0.0,0.0,false,0.0,0.0,0.0,0.0,0.0
shared_battery_mode_node_level_v1,SI-Drahi_14-d2-HOM-ULO-BHI-fdfe4a413b,TK-PB-Drahi_14-d2-HOM-ULO-9e640d1615-r1,SS-354317d12b7f,risk_neutral_expectation,1,MULTISTAGE_RH,LEXMMFSA,savings,13,14,1,1.0,32.0,0.0,91.4,121.80000000000001,0.0,0.0,false,0.0,0.0,0.0,0.0,0.0
shared_battery_mode_node_level_v1,SI-Drahi_14-d2-HOM-ULO-BHI-fdfe4a413b,TK-PB-Drahi_14-d2-HOM-ULO-9e640d1615-r1,SS-354317d12b7f,risk_neutral_expectation,1,MULTISTAGE_RH,LEXMMFSA,savings,13,15,1,1.0,0.0,0.0,121.80000000000001,121.80000000000001,0.0,0.0,false,0.0,0.0,0.0,0.0,0.0
shared_battery_mode_node_level_v1,SI-Drahi_14-d2-HOM-ULO-BHI-fdfe4a413b,TK-PB-Drahi_14-d2-HOM-ULO-9e640d1615-r1,SS-354317d12b7f,risk_neutral_expectation,1,MULTISTAGE_RH,LEXMMFSA,savings,13,16,1,1.0,0.0,0.0,121.80000000000001,121.80000000000001,0.0,0.0,false,0.0,0.0,0.0,0.0,0.0
shared_battery_mode_node_level_v1,SI-Drahi_14-d2-HOM-ULO-BHI-fdfe4a413b,TK-PB-Drahi_14-d2-HOM-ULO-9e640d1615-r1,SS-c81930d9c8ba,risk_neutral_expectation,1,MULTISTAGE_RH,LEXMMFSA,savings,17,17,1,1.0,0.0,0.0,121.80000000000001,121.80000000000001,0.0,0.0,false,0.0,0.0,0.0,0.0,0.0
shared_battery_mode_node_level_v1,SI-Drahi_14-d2-HOM-ULO-BHI-fdfe4a413b,TK-PB-Drahi_14-d2-HOM-ULO-9e640d1615-r1,SS-c81930d9c8ba,risk_neutral_expectation,1,MULTISTAGE_RH,LEXMMFSA,savings,17,18,1,0.0,0.0,32.0,121.80000000000001,88.11578947368423,0.0,0.0,false,0.0,0.0,0.0,0.0,0.0
shared_battery_mode_node_level_v1,SI-Drahi_14-d2-HOM-ULO-BHI-fdfe4a413b,TK-PB-Drahi_14-d2-HOM-ULO-9e640d1615-r1,SS-c81930d9c8ba,risk_neutral_expectation,1,MULTISTAGE_RH,LEXMMFSA,savings,17,19,1,1.0,32.0,0.0,88.11578947368423,118.51578947368424,0.0,0.0,false,0.0,0.0,0.0,0.0,0.0
shared_battery_mode_node_level_v1,SI-Drahi_14-d2-HOM-ULO-BHI-fdfe4a413b,TK-PB-Drahi_14-d2-HOM-ULO-9e640d1615-r1,SS-c81930d9c8ba,risk_neutral_expectation,1,MULTISTAGE_RH,LEXMMFSA,savings,17,20,1,1.0,7.878116343490277,0.0,118.51578947368424,126.0,0.0,0.0,false,0.0,0.0,0.0,0.0,0.0
shared_battery_mode_node_level_v1,SI-Drahi_14-d2-HOM-ULO-BHI-fdfe4a413b,TK-PB-Drahi_14-d2-HOM-ULO-9e640d1615-r1,SS-3cf9bda45ea4,risk_neutral_expectation,1,MULTISTAGE_RH,LEXMMFSA,savings,21,21,1,0.0,0.0,32.0,126.0,92.31578947368422,0.0,0.0,false,0.0,0.0,0.0,0.0,0.0
shared_battery_mode_node_level_v1,SI-Drahi_14-d2-HOM-ULO-BHI-fdfe4a413b,TK-PB-Drahi_14-d2-HOM-ULO-9e640d1615-r1,SS-3cf9bda45ea4,risk_neutral_expectation,1,MULTISTAGE_RH,LEXMMFSA,savings,21,22,1,0.0,0.0,32.0,92.31578947368422,58.63157894736843,0.0,0.0,false,0.0,0.0,7.105427357601002e-15,0.0,0.0
shared_battery_mode_node_level_v1,SI-Drahi_14-d2-HOM-ULO-BHI-fdfe4a413b,TK-PB-Drahi_14-d2-HOM-ULO-9e640d1615-r1,SS-3cf9bda45ea4,risk_neutral_expectation,1,MULTISTAGE_RH,LEXMMFSA,savings,21,23,1,0.0,0.0,32.0,58.63157894736843,24.947368421052644,0.0,0.0,false,0.0,0.0,3.552713678800501e-15,0.0,0.0
shared_battery_mode_node_level_v1,SI-Drahi_14-d2-HOM-ULO-BHI-fdfe4a413b,TK-PB-Drahi_14-d2-HOM-ULO-9e640d1615-r1,SS-3cf9bda45ea4,risk_neutral_expectation,1,MULTISTAGE_RH,LEXMMFSA,savings,21,24,1,0.2653124999999995,0.0,23.510000000000016,24.947368421052644,0.19999999999999574,0.0,0.0,false,0.0,0.2653124999999995,4.274358644806853e-15,4.274358644806853e-15,0.0
shared_battery_mode_node_level_v1,SI-Drahi_14-d2-HOM-ULO-BHI-fdfe4a413b,TK-PB-Drahi_14-d2-HOM-ULO-9e640d1615-r1,SS-5d5bbea46d20,risk_neutral_expectation,1,MULTISTAGE_RH,NONE,none,1,1,1,1.0,0.0,0.0,0.2,0.2,0.0,0.0,false,0.0,0.0,0.0,0.0,0.0
shared_battery_mode_node_level_v1,SI-Drahi_14-d2-HOM-ULO-BHI-fdfe4a413b,TK-PB-Drahi_14-d2-HOM-ULO-9e640d1615-r1,SS-5d5bbea46d20,risk_neutral_expectation,1,MULTISTAGE_RH,NONE,none,1,2,1,1.0,32.0,0.0,0.2,30.599999999999998,0.0,0.0,false,0.0,0.0,0.0,0.0,0.0
shared_battery_mode_node_level_v1,SI-Drahi_14-d2-HOM-ULO-BHI-fdfe4a413b,TK-PB-Drahi_14-d2-HOM-ULO-9e640d1615-r1,SS-5d5bbea46d20,risk_neutral_expectation,1,MULTISTAGE_RH,NONE,none,1,3,1,1.0,0.0,0.0,30.599999999999998,30.599999999999998,0.0,0.0,false,0.0,0.0,0.0,0.0,0.0
shared_battery_mode_node_level_v1,SI-Drahi_14-d2-HOM-ULO-BHI-fdfe4a413b,TK-PB-Drahi_14-d2-HOM-ULO-9e640d1615-r1,SS-5d5bbea46d20,risk_neutral_expectation,1,MULTISTAGE_RH,NONE,none,1,4,1,1.0,0.0,0.0,30.599999999999998,30.599999999999998,0.0,0.0,false,0.0,0.0,0.0,0.0,0.0
shared_battery_mode_node_level_v1,SI-Drahi_14-d2-HOM-ULO-BHI-fdfe4a413b,TK-PB-Drahi_14-d2-HOM-ULO-9e640d1615-r1,SS-102adc95e052,risk_neutral_expectation,1,MULTISTAGE_RH,NONE,none,5,5,1,1.0,0.0,0.0,30.599999999999998,30.599999999999998,0.0,0.0,false,0.0,0.0,0.0,0.0,0.0
shared_battery_mode_node_level_v1,SI-Drahi_14-d2-HOM-ULO-BHI-fdfe4a413b,TK-PB-Drahi_14-d2-HOM-ULO-9e640d1615-r1,SS-102adc95e052,risk_neutral_expectation,1,MULTISTAGE_RH,NONE,none,5,6,1,1.0,0.0,0.0,30.599999999999998,30.599999999999998,0.0,0.0,false,0.0,0.0,0.0,0.0,0.0
shared_battery_mode_node_level_v1,SI-Drahi_14-d2-HOM-ULO-BHI-fdfe4a413b,TK-PB-Drahi_14-d2-HOM-ULO-9e640d1615-r1,SS-102adc95e052,risk_neutral_expectation,1,MULTISTAGE_RH,NONE,none,5,7,1,1.0,0.0,0.0,30.599999999999998,30.599999999999998,0.0,0.0,false,0.0,0.0,0.0,0.0,0.0
shared_battery_mode_node_level_v1,SI-Drahi_14-d2-HOM-ULO-BHI-fdfe4a413b,TK-PB-Drahi_14-d2-HOM-ULO-9e640d1615-r1,SS-102adc95e052,risk_neutral_expectation,1,MULTISTAGE_RH,NONE,none,5,8,1,1.0,0.0,0.0,30.599999999999998,30.599999999999998,0.0,0.0,false,0.0,0.0,0.0,0.0,0.0
shared_battery_mode_node_level_v1,SI-Drahi_14-d2-HOM-ULO-BHI-fdfe4a413b,TK-PB-Drahi_14-d2-HOM-ULO-9e640d1615-r1,SS-19da242d4543,risk_neutral_expectation,1,MULTISTAGE_RH,NONE,none,9,9,1,1.0,0.0,0.0,30.599999999999998,30.599999999999998,0.0,0.0,false,0.0,0.0,0.0,0.0,0.0
shared_battery_mode_node_level_v1,SI-Drahi_14-d2-HOM-ULO-BHI-fdfe4a413b,TK-PB-Drahi_14-d2-HOM-ULO-9e640d1615-r1,SS-19da242d4543,risk_neutral_expectation,1,MULTISTAGE_RH,NONE,none,9,10,1,1.0,32.0,0.0,30.599999999999998,61.0,0.0,0.0,false,0.0,0.0,0.0,0.0,0.0
shared_battery_mode_node_level_v1,SI-Drahi_14-d2-HOM-ULO-BHI-fdfe4a413b,TK-PB-Drahi_14-d2-HOM-ULO-9e640d1615-r1,SS-19da242d4543,risk_neutral_expectation,1,MULTISTAGE_RH,NONE,none,9,11,1,1.0,32.0,0.0,61.0,91.4,0.0,0.0,false,0.0,0.0,0.0,0.0,0.0
shared_battery_mode_node_level_v1,SI-Drahi_14-d2-HOM-ULO-BHI-fdfe4a413b,TK-PB-Drahi_14-d2-HOM-ULO-9e640d1615-r1,SS-19da242d4543,risk_neutral_expectation,1,MULTISTAGE_RH,NONE,none,9,12,1,1.0,0.0,0.0,91.4,91.4,0.0,0.0,false,0.0,0.0,0.0,0.0,0.0
shared_battery_mode_node_level_v1,SI-Drahi_14-d2-HOM-ULO-BHI-fdfe4a413b,TK-PB-Drahi_14-d2-HOM-ULO-9e640d1615-r1,SS-354317d12b7f,risk_neutral_expectation,1,MULTISTAGE_RH,NONE,none,13,13,1,1.0,0.0,0.0,91.4,91.4,0.0,0.0,false,0.0,0.0,0.0,0.0,0.0
shared_battery_mode_node_level_v1,SI-Drahi_14-d2-HOM-ULO-BHI-fdfe4a413b,TK-PB-Drahi_14-d2-HOM-ULO-9e640d1615-r1,SS-354317d12b7f,risk_neutral_expectation,1,MULTISTAGE_RH,NONE,none,13,14,1,1.0,32.0,0.0,91.4,121.80000000000001,0.0,0.0,false,0.0,0.0,0.0,0.0,0.0
shared_battery_mode_node_level_v1,SI-Drahi_14-d2-HOM-ULO-BHI-fdfe4a413b,TK-PB-Drahi_14-d2-HOM-ULO-9e640d1615-r1,SS-354317d12b7f,risk_neutral_expectation,1,MULTISTAGE_RH,NONE,none,13,15,1,1.0,0.0,0.0,121.80000000000001,121.80000000000001,0.0,0.0,false,0.0,0.0,0.0,0.0,0.0
shared_battery_mode_node_level_v1,SI-Drahi_14-d2-HOM-ULO-BHI-fdfe4a413b,TK-PB-Drahi_14-d2-HOM-ULO-9e640d1615-r1,SS-354317d12b7f,risk_neutral_expectation,1,MULTISTAGE_RH,NONE,none,13,16,1,1.0,0.0,0.0,121.80000000000001,121.80000000000001,0.0,0.0,false,0.0,0.0,0.0,0.0,0.0
shared_battery_mode_node_level_v1,SI-Drahi_14-d2-HOM-ULO-BHI-fdfe4a413b,TK-PB-Drahi_14-d2-HOM-ULO-9e640d1615-r1,SS-c81930d9c8ba,risk_neutral_expectation,1,MULTISTAGE_RH,NONE,none,17,17,1,1.0,0.0,0.0,121.80000000000001,121.80000000000001,0.0,0.0,false,0.0,0.0,0.0,0.0,0.0
shared_battery_mode_node_level_v1,SI-Drahi_14-d2-HOM-ULO-BHI-fdfe4a413b,TK-PB-Drahi_14-d2-HOM-ULO-9e640d1615-r1,SS-c81930d9c8ba,risk_neutral_expectation,1,MULTISTAGE_RH,NONE,none,17,18,1,0.0,0.0,32.0,121.80000000000001,88.11578947368423,0.0,0.0,false,0.0,0.0,0.0,0.0,0.0
shared_battery_mode_node_level_v1,SI-Drahi_14-d2-HOM-ULO-BHI-fdfe4a413b,TK-PB-Drahi_14-d2-HOM-ULO-9e640d1615-r1,SS-c81930d9c8ba,risk_neutral_expectation,1,MULTISTAGE_RH,NONE,none,17,19,1,1.0,32.0,0.0,88.11578947368423,118.51578947368424,0.0,0.0,false,0.0,0.0,0.0,0.0,0.0
shared_battery_mode_node_level_v1,SI-Drahi_14-d2-HOM-ULO-BHI-fdfe4a413b,TK-PB-Drahi_14-d2-HOM-ULO-9e640d1615-r1,SS-c81930d9c8ba,risk_neutral_expectation,1,MULTISTAGE_RH,NONE,none,17,20,1,1.0,7.878116343490277,0.0,118.51578947368424,126.0,0.0,0.0,false,0.0,0.0,0.0,0.0,0.0
shared_battery_mode_node_level_v1,SI-Drahi_14-d2-HOM-ULO-BHI-fdfe4a413b,TK-PB-Drahi_14-d2-HOM-ULO-9e640d1615-r1,SS-3cf9bda45ea4,risk_neutral_expectation,1,MULTISTAGE_RH,NONE,none,21,21,1,0.0,0.0,32.0,126.0,92.31578947368422,0.0,0.0,false,0.0,0.0,0.0,0.0,0.0
shared_battery_mode_node_level_v1,SI-Drahi_14-d2-HOM-ULO-BHI-fdfe4a413b,TK-PB-Drahi_14-d2-HOM-ULO-9e640d1615-r1,SS-3cf9bda45ea4,risk_neutral_expectation,1,MULTISTAGE_RH,NONE,none,21,22,1,0.0,0.0,32.0,92.31578947368422,58.63157894736843,0.0,0.0,false,0.0,0.0,0.0,0.0,0.0
shared_battery_mode_node_level_v1,SI-Drahi_14-d2-HOM-ULO-BHI-fdfe4a413b,TK-PB-Drahi_14-d2-HOM-ULO-9e640d1615-r1,SS-3cf9bda45ea4,risk_neutral_expectation,1,MULTISTAGE_RH,NONE,none,21,23,1,0.0,0.0,32.0,58.63157894736843,24.947368421052644,0.0,0.0,false,0.0,0.0,0.0,0.0,0.0
shared_battery_mode_node_level_v1,SI-Drahi_14-d2-HOM-ULO-BHI-fdfe4a413b,TK-PB-Drahi_14-d2-HOM-ULO-9e640d1615-r1,SS-3cf9bda45ea4,risk_neutral_expectation,1,MULTISTAGE_RH,NONE,none,21,24,1,0.2653124999999996,0.0,23.510000000000012,24.947368421052644,0.1999999999999993,0.0,0.0,false,0.0,0.2653124999999996,7.216449660063518e-16,7.216449660063518e-16,0.0
shared_battery_mode_node_level_v1,SI-Drahi_14-d2-HOM-ULO-BHI-fdfe4a413b,TK-PB-Drahi_14-d2-HOM-ULO-9e640d1615-r1,SS-5d5bbea46d20,risk_neutral_expectation,1,MULTISTAGE_RH,PEA,pv,1,1,1,1.0,0.0,0.0,0.2,0.2,0.0,0.0,false,0.0,0.0,0.0,0.0,0.0
shared_battery_mode_node_level_v1,SI-Drahi_14-d2-HOM-ULO-BHI-fdfe4a413b,TK-PB-Drahi_14-d2-HOM-ULO-9e640d1615-r1,SS-5d5bbea46d20,risk_neutral_expectation,1,MULTISTAGE_RH,PEA,pv,1,2,1,1.0,32.0,0.0,0.2,30.599999999999998,0.0,0.0,false,0.0,0.0,0.0,0.0,0.0
shared_battery_mode_node_level_v1,SI-Drahi_14-d2-HOM-ULO-BHI-fdfe4a413b,TK-PB-Drahi_14-d2-HOM-ULO-9e640d1615-r1,SS-5d5bbea46d20,risk_neutral_expectation,1,MULTISTAGE_RH,PEA,pv,1,3,1,1.0,0.0,0.0,30.599999999999998,30.599999999999998,0.0,0.0,false,0.0,0.0,0.0,0.0,0.0
shared_battery_mode_node_level_v1,SI-Drahi_14-d2-HOM-ULO-BHI-fdfe4a413b,TK-PB-Drahi_14-d2-HOM-ULO-9e640d1615-r1,SS-5d5bbea46d20,risk_neutral_expectation,1,MULTISTAGE_RH,PEA,pv,1,4,1,1.0,0.0,0.0,30.599999999999998,30.599999999999998,0.0,0.0,false,0.0,0.0,0.0,0.0,0.0
shared_battery_mode_node_level_v1,SI-Drahi_14-d2-HOM-ULO-BHI-fdfe4a413b,TK-PB-Drahi_14-d2-HOM-ULO-9e640d1615-r1,SS-102adc95e052,risk_neutral_expectation,1,MULTISTAGE_RH,PEA,pv,5,5,1,1.0,0.0,0.0,30.599999999999998,30.599999999999998,0.0,0.0,false,0.0,0.0,0.0,0.0,0.0
shared_battery_mode_node_level_v1,SI-Drahi_14-d2-HOM-ULO-BHI-fdfe4a413b,TK-PB-Drahi_14-d2-HOM-ULO-9e640d1615-r1,SS-102adc95e052,risk_neutral_expectation,1,MULTISTAGE_RH,PEA,pv,5,6,1,1.0,0.0,0.0,30.599999999999998,30.599999999999998,0.0,0.0,false,0.0,0.0,0.0,0.0,0.0
shared_battery_mode_node_level_v1,SI-Drahi_14-d2-HOM-ULO-BHI-fdfe4a413b,TK-PB-Drahi_14-d2-HOM-ULO-9e640d1615-r1,SS-102adc95e052,risk_neutral_expectation,1,MULTISTAGE_RH,PEA,pv,5,7,1,1.0,0.0,0.0,30.599999999999998,30.599999999999998,0.0,0.0,false,0.0,0.0,0.0,0.0,0.0
shared_battery_mode_node_level_v1,SI-Drahi_14-d2-HOM-ULO-BHI-fdfe4a413b,TK-PB-Drahi_14-d2-HOM-ULO-9e640d1615-r1,SS-102adc95e052,risk_neutral_expectation,1,MULTISTAGE_RH,PEA,pv,5,8,1,1.0,0.0,0.0,30.599999999999998,30.599999999999998,0.0,0.0,false,0.0,0.0,0.0,0.0,0.0
shared_battery_mode_node_level_v1,SI-Drahi_14-d2-HOM-ULO-BHI-fdfe4a413b,TK-PB-Drahi_14-d2-HOM-ULO-9e640d1615-r1,SS-19da242d4543,risk_neutral_expectation,1,MULTISTAGE_RH,PEA,pv,9,9,1,1.0,0.0,0.0,30.599999999999998,30.599999999999998,0.0,0.0,false,0.0,0.0,0.0,0.0,0.0
shared_battery_mode_node_level_v1,SI-Drahi_14-d2-HOM-ULO-BHI-fdfe4a413b,TK-PB-Drahi_14-d2-HOM-ULO-9e640d1615-r1,SS-19da242d4543,risk_neutral_expectation,1,MULTISTAGE_RH,PEA,pv,9,10,1,1.0,32.0,0.0,30.599999999999998,61.0,0.0,0.0,false,0.0,0.0,0.0,0.0,0.0
shared_battery_mode_node_level_v1,SI-Drahi_14-d2-HOM-ULO-BHI-fdfe4a413b,TK-PB-Drahi_14-d2-HOM-ULO-9e640d1615-r1,SS-19da242d4543,risk_neutral_expectation,1,MULTISTAGE_RH,PEA,pv,9,11,1,1.0,32.0,0.0,61.0,91.4,0.0,0.0,false,0.0,0.0,0.0,0.0,0.0
shared_battery_mode_node_level_v1,SI-Drahi_14-d2-HOM-ULO-BHI-fdfe4a413b,TK-PB-Drahi_14-d2-HOM-ULO-9e640d1615-r1,SS-19da242d4543,risk_neutral_expectation,1,MULTISTAGE_RH,PEA,pv,9,12,1,1.0,0.0,0.0,91.4,91.4,0.0,0.0,false,0.0,0.0,0.0,0.0,0.0
shared_battery_mode_node_level_v1,SI-Drahi_14-d2-HOM-ULO-BHI-fdfe4a413b,TK-PB-Drahi_14-d2-HOM-ULO-9e640d1615-r1,SS-354317d12b7f,risk_neutral_expectation,1,MULTISTAGE_RH,PEA,pv,13,13,1,1.0,0.0,0.0,91.4,91.4,0.0,0.0,false,0.0,0.0,0.0,0.0,0.0
shared_battery_mode_node_level_v1,SI-Drahi_14-d2-HOM-ULO-BHI-fdfe4a413b,TK-PB-Drahi_14-d2-HOM-ULO-9e640d1615-r1,SS-354317d12b7f,risk_neutral_expectation,1,MULTISTAGE_RH,PEA,pv,13,14,1,1.0,32.0,0.0,91.4,121.80000000000001,0.0,0.0,false,0.0,0.0,0.0,0.0,0.0
shared_battery_mode_node_level_v1,SI-Drahi_14-d2-HOM-ULO-BHI-fdfe4a413b,TK-PB-Drahi_14-d2-HOM-ULO-9e640d1615-r1,SS-354317d12b7f,risk_neutral_expectation,1,MULTISTAGE_RH,PEA,pv,13,15,1,1.0,0.0,0.0,121.80000000000001,121.80000000000001,0.0,0.0,false,0.0,0.0,0.0,0.0,0.0
shared_battery_mode_node_level_v1,SI-Drahi_14-d2-HOM-ULO-BHI-fdfe4a413b,TK-PB-Drahi_14-d2-HOM-ULO-9e640d1615-r1,SS-354317d12b7f,risk_neutral_expectation,1,MULTISTAGE_RH,PEA,pv,13,16,1,1.0,0.0,0.0,121.80000000000001,121.80000000000001,0.0,0.0,false,0.0,0.0,0.0,0.0,0.0
shared_battery_mode_node_level_v1,SI-Drahi_14-d2-HOM-ULO-BHI-fdfe4a413b,TK-PB-Drahi_14-d2-HOM-ULO-9e640d1615-r1,SS-c81930d9c8ba,risk_neutral_expectation,1,MULTISTAGE_RH,PEA,pv,17,17,1,1.0,0.0,0.0,121.80000000000001,121.80000000000001,0.0,0.0,false,0.0,0.0,0.0,0.0,0.0
shared_battery_mode_node_level_v1,SI-Drahi_14-d2-HOM-ULO-BHI-fdfe4a413b,TK-PB-Drahi_14-d2-HOM-ULO-9e640d1615-r1,SS-c81930d9c8ba,risk_neutral_expectation,1,MULTISTAGE_RH,PEA,pv,17,18,1,0.0,0.0,32.0,121.80000000000001,88.11578947368423,0.0,0.0,false,0.0,0.0,0.0,0.0,0.0
shared_battery_mode_node_level_v1,SI-Drahi_14-d2-HOM-ULO-BHI-fdfe4a413b,TK-PB-Drahi_14-d2-HOM-ULO-9e640d1615-r1,SS-c81930d9c8ba,risk_neutral_expectation,1,MULTISTAGE_RH,PEA,pv,17,19,1,1.0,32.0,0.0,88.11578947368423,118.51578947368424,0.0,0.0,false,0.0,0.0,0.0,0.0,0.0
shared_battery_mode_node_level_v1,SI-Drahi_14-d2-HOM-ULO-BHI-fdfe4a413b,TK-PB-Drahi_14-d2-HOM-ULO-9e640d1615-r1,SS-c81930d9c8ba,risk_neutral_expectation,1,MULTISTAGE_RH,PEA,pv,17,20,1,1.0,7.878116343490277,0.0,118.51578947368424,126.0,0.0,0.0,false,0.0,0.0,0.0,0.0,0.0
shared_battery_mode_node_level_v1,SI-Drahi_14-d2-HOM-ULO-BHI-fdfe4a413b,TK-PB-Drahi_14-d2-HOM-ULO-9e640d1615-r1,SS-3cf9bda45ea4,risk_neutral_expectation,1,MULTISTAGE_RH,PEA,pv,21,21,1,0.0,0.0,32.0,126.0,92.31578947368422,0.0,0.0,false,0.0,0.0,0.0,0.0,0.0
shared_battery_mode_node_level_v1,SI-Drahi_14-d2-HOM-ULO-BHI-fdfe4a413b,TK-PB-Drahi_14-d2-HOM-ULO-9e640d1615-r1,SS-3cf9bda45ea4,risk_neutral_expectation,1,MULTISTAGE_RH,PEA,pv,21,22,1,0.0,0.0,32.0,92.31578947368422,58.63157894736843,0.0,0.0,false,0.0,0.0,0.0,0.0,0.0
shared_battery_mode_node_level_v1,SI-Drahi_14-d2-HOM-ULO-BHI-fdfe4a413b,TK-PB-Drahi_14-d2-HOM-ULO-9e640d1615-r1,SS-3cf9bda45ea4,risk_neutral_expectation,1,MULTISTAGE_RH,PEA,pv,21,23,1,0.0,0.0,32.0,58.63157894736843,24.947368421052644,0.0,0.0,false,0.0,0.0,0.0,0.0,0.0
shared_battery_mode_node_level_v1,SI-Drahi_14-d2-HOM-ULO-BHI-fdfe4a413b,TK-PB-Drahi_14-d2-HOM-ULO-9e640d1615-r1,SS-3cf9bda45ea4,risk_neutral_expectation,1,MULTISTAGE_RH,PEA,pv,21,24,1,0.2653124999999996,0.0,23.510000000000012,24.947368421052644,0.1999999999999993,0.0,0.0,false,0.0,0.2653124999999996,7.216449660063518e-16,7.216449660063518e-16,0.0
shared_battery_mode_node_level_v1,SI-Drahi_14-d2-HOM-ULO-BHI-fdfe4a413b,TK-PB-Drahi_14-d2-HOM-ULO-9e640d1615-r1,SS-5d5bbea46d20,risk_neutral_expectation,1,MULTISTAGE_RH,SA,savings,1,1,1,1.0,0.0,0.0,0.2,0.2,0.0,0.0,false,0.0,0.0,0.0,0.0,0.0
shared_battery_mode_node_level_v1,SI-Drahi_14-d2-HOM-ULO-BHI-fdfe4a413b,TK-PB-Drahi_14-d2-HOM-ULO-9e640d1615-r1,SS-5d5bbea46d20,risk_neutral_expectation,1,MULTISTAGE_RH,SA,savings,1,2,1,1.0,31.99999999999989,0.0,0.2,30.599999999999895,0.0,0.0,false,0.0,0.0,3.552713678800501e-15,0.0,0.0
shared_battery_mode_node_level_v1,SI-Drahi_14-d2-HOM-ULO-BHI-fdfe4a413b,TK-PB-Drahi_14-d2-HOM-ULO-9e640d1615-r1,SS-5d5bbea46d20,risk_neutral_expectation,1,MULTISTAGE_RH,SA,savings,1,3,1,1.0,0.0,0.0,30.599999999999895,30.599999999999895,0.0,0.0,false,0.0,0.0,3.552713678800501e-15,0.0,0.0
shared_battery_mode_node_level_v1,SI-Drahi_14-d2-HOM-ULO-BHI-fdfe4a413b,TK-PB-Drahi_14-d2-HOM-ULO-9e640d1615-r1,SS-5d5bbea46d20,risk_neutral_expectation,1,MULTISTAGE_RH,SA,savings,1,4,1,1.0,0.0,0.0,30.599999999999895,30.599999999999895,0.0,0.0,false,0.0,0.0,3.552713678800501e-15,0.0,0.0
shared_battery_mode_node_level_v1,SI-Drahi_14-d2-HOM-ULO-BHI-fdfe4a413b,TK-PB-Drahi_14-d2-HOM-ULO-9e640d1615-r1,SS-102adc95e052,risk_neutral_expectation,1,MULTISTAGE_RH,SA,savings,5,5,1,1.0,0.0,0.0,30.599999999999895,30.599999999999895,0.0,0.0,false,0.0,0.0,0.0,0.0,0.0
shared_battery_mode_node_level_v1,SI-Drahi_14-d2-HOM-ULO-BHI-fdfe4a413b,TK-PB-Drahi_14-d2-HOM-ULO-9e640d1615-r1,SS-102adc95e052,risk_neutral_expectation,1,MULTISTAGE_RH,SA,savings,5,6,1,1.0,0.0,0.0,30.599999999999895,30.599999999999895,0.0,0.0,false,0.0,0.0,0.0,0.0,0.0
shared_battery_mode_node_level_v1,SI-Drahi_14-d2-HOM-ULO-BHI-fdfe4a413b,TK-PB-Drahi_14-d2-HOM-ULO-9e640d1615-r1,SS-102adc95e052,risk_neutral_expectation,1,MULTISTAGE_RH,SA,savings,5,7,1,1.0,0.0,0.0,30.599999999999895,30.599999999999895,0.0,0.0,false,0.0,0.0,0.0,0.0,0.0
shared_battery_mode_node_level_v1,SI-Drahi_14-d2-HOM-ULO-BHI-fdfe4a413b,TK-PB-Drahi_14-d2-HOM-ULO-9e640d1615-r1,SS-102adc95e052,risk_neutral_expectation,1,MULTISTAGE_RH,SA,savings,5,8,1,1.0,0.0,0.0,30.599999999999895,30.599999999999895,0.0,0.0,false,0.0,0.0,0.0,0.0,0.0
shared_battery_mode_node_level_v1,SI-Drahi_14-d2-HOM-ULO-BHI-fdfe4a413b,TK-PB-Drahi_14-d2-HOM-ULO-9e640d1615-r1,SS-19da242d4543,risk_neutral_expectation,1,MULTISTAGE_RH,SA,savings,9,9,1,1.0,0.0,0.0,30.599999999999895,30.599999999999895,0.0,0.0,false,0.0,0.0,0.0,0.0,0.0
shared_battery_mode_node_level_v1,SI-Drahi_14-d2-HOM-ULO-BHI-fdfe4a413b,TK-PB-Drahi_14-d2-HOM-ULO-9e640d1615-r1,SS-19da242d4543,risk_neutral_expectation,1,MULTISTAGE_RH,SA,savings,9,10,1,1.0,32.0,0.0,30.599999999999895,60.99999999999989,0.0,0.0,false,0.0,0.0,0.0,0.0,0.0
shared_battery_mode_node_level_v1,SI-Drahi_14-d2-HOM-ULO-BHI-fdfe4a413b,TK-PB-Drahi_14-d2-HOM-ULO-9e640d1615-r1,SS-19da242d4543,risk_neutral_expectation,1,MULTISTAGE_RH,SA,savings,9,11,1,1.0,32.0,0.0,60.99999999999989,91.39999999999989,0.0,0.0,false,0.0,0.0,0.0,0.0,0.0
shared_battery_mode_node_level_v1,SI-Drahi_14-d2-HOM-ULO-BHI-fdfe4a413b,TK-PB-Drahi_14-d2-HOM-ULO-9e640d1615-r1,SS-19da242d4543,risk_neutral_expectation,1,MULTISTAGE_RH,SA,savings,9,12,1,1.0,0.0,0.0,91.39999999999989,91.39999999999989,0.0,0.0,false,0.0,0.0,0.0,0.0,0.0
shared_battery_mode_node_level_v1,SI-Drahi_14-d2-HOM-ULO-BHI-fdfe4a413b,TK-PB-Drahi_14-d2-HOM-ULO-9e640d1615-r1,SS-354317d12b7f,risk_neutral_expectation,1,MULTISTAGE_RH,SA,savings,13,13,1,1.0,0.0,0.0,91.39999999999989,91.39999999999989,0.0,0.0,false,0.0,0.0,0.0,0.0,0.0
shared_battery_mode_node_level_v1,SI-Drahi_14-d2-HOM-ULO-BHI-fdfe4a413b,TK-PB-Drahi_14-d2-HOM-ULO-9e640d1615-r1,SS-354317d12b7f,risk_neutral_expectation,1,MULTISTAGE_RH,SA,savings,13,14,1,1.0,32.0,0.0,91.39999999999989,121.7999999999999,0.0,0.0,false,0.0,0.0,0.0,0.0,0.0
shared_battery_mode_node_level_v1,SI-Drahi_14-d2-HOM-ULO-BHI-fdfe4a413b,TK-PB-Drahi_14-d2-HOM-ULO-9e640d1615-r1,SS-354317d12b7f,risk_neutral_expectation,1,MULTISTAGE_RH,SA,savings,13,15,1,1.0,0.0,0.0,121.7999999999999,121.7999999999999,0.0,0.0,false,0.0,0.0,0.0,0.0,0.0
shared_battery_mode_node_level_v1,SI-Drahi_14-d2-HOM-ULO-BHI-fdfe4a413b,TK-PB-Drahi_14-d2-HOM-ULO-9e640d1615-r1,SS-354317d12b7f,risk_neutral_expectation,1,MULTISTAGE_RH,SA,savings,13,16,1,1.0,0.0,0.0,121.7999999999999,121.7999999999999,0.0,0.0,false,0.0,0.0,0.0,0.0,0.0
shared_battery_mode_node_level_v1,SI-Drahi_14-d2-HOM-ULO-BHI-fdfe4a413b,TK-PB-Drahi_14-d2-HOM-ULO-9e640d1615-r1,SS-c81930d9c8ba,risk_neutral_expectation,1,MULTISTAGE_RH,SA,savings,17,17,1,1.0,0.0,0.0,121.7999999999999,121.7999999999999,0.0,0.0,false,0.0,0.0,0.0,0.0,0.0
shared_battery_mode_node_level_v1,SI-Drahi_14-d2-HOM-ULO-BHI-fdfe4a413b,TK-PB-Drahi_14-d2-HOM-ULO-9e640d1615-r1,SS-c81930d9c8ba,risk_neutral_expectation,1,MULTISTAGE_RH,SA,savings,17,18,1,0.0,0.0,32.0,121.7999999999999,88.11578947368412,0.0,0.0,false,0.0,0.0,0.0,0.0,0.0
shared_battery_mode_node_level_v1,SI-Drahi_14-d2-HOM-ULO-BHI-fdfe4a413b,TK-PB-Drahi_14-d2-HOM-ULO-9e640d1615-r1,SS-c81930d9c8ba,risk_neutral_expectation,1,MULTISTAGE_RH,SA,savings,17,19,1,1.0,32.0,0.0,88.11578947368412,118.51578947368412,0.0,0.0,false,0.0,0.0,0.0,0.0,0.0
shared_battery_mode_node_level_v1,SI-Drahi_14-d2-HOM-ULO-BHI-fdfe4a413b,TK-PB-Drahi_14-d2-HOM-ULO-9e640d1615-r1,SS-c81930d9c8ba,risk_neutral_expectation,1,MULTISTAGE_RH,SA,savings,17,20,1,1.0,7.8781163434903965,0.0,118.51578947368412,126.0,0.0,0.0,false,0.0,0.0,0.0,0.0,0.0
shared_battery_mode_node_level_v1,SI-Drahi_14-d2-HOM-ULO-BHI-fdfe4a413b,TK-PB-Drahi_14-d2-HOM-ULO-9e640d1615-r1,SS-3cf9bda45ea4,risk_neutral_expectation,1,MULTISTAGE_RH,SA,savings,21,21,1,0.0,0.0,32.0,126.0,92.31578947368422,0.0,0.0,false,0.0,0.0,0.0,0.0,0.0
shared_battery_mode_node_level_v1,SI-Drahi_14-d2-HOM-ULO-BHI-fdfe4a413b,TK-PB-Drahi_14-d2-HOM-ULO-9e640d1615-r1,SS-3cf9bda45ea4,risk_neutral_expectation,1,MULTISTAGE_RH,SA,savings,21,22,1,0.0,0.0,32.0,92.31578947368422,58.63157894736843,0.0,0.0,false,0.0,0.0,7.105427357601002e-15,0.0,0.0
shared_battery_mode_node_level_v1,SI-Drahi_14-d2-HOM-ULO-BHI-fdfe4a413b,TK-PB-Drahi_14-d2-HOM-ULO-9e640d1615-r1,SS-3cf9bda45ea4,risk_neutral_expectation,1,MULTISTAGE_RH,SA,savings,21,23,1,0.0,0.0,32.0,58.63157894736843,24.947368421052644,0.0,0.0,false,0.0,0.0,7.105427357601002e-15,0.0,0.0
shared_battery_mode_node_level_v1,SI-Drahi_14-d2-HOM-ULO-BHI-fdfe4a413b,TK-PB-Drahi_14-d2-HOM-ULO-9e640d1615-r1,SS-3cf9bda45ea4,risk_neutral_expectation,1,MULTISTAGE_RH,SA,savings,21,24,1,0.2653124999999997,0.0,23.510000000000012,24.947368421052644,0.1999999999999993,0.0,0.0,false,0.0,0.2653124999999997,7.216449660063518e-16,7.216449660063518e-16,0.0
shared_battery_mode_node_level_v1,SI-Drahi_14-d2-HOM-ULO-BHI-fdfe4a413b,TK-PB-Drahi_14-d2-HOM-ULO-9e640d1615-r1,SS-5d5bbea46d20,risk_neutral_expectation,1,MULTISTAGE_RH,STATIC_DEMAND_SHARE,pv,1,1,1,1.0,0.0,0.0,0.2,0.2,0.0,0.0,false,0.0,0.0,0.0,0.0,0.0
shared_battery_mode_node_level_v1,SI-Drahi_14-d2-HOM-ULO-BHI-fdfe4a413b,TK-PB-Drahi_14-d2-HOM-ULO-9e640d1615-r1,SS-5d5bbea46d20,risk_neutral_expectation,1,MULTISTAGE_RH,STATIC_DEMAND_SHARE,pv,1,2,1,1.0,32.0,0.0,0.2,30.599999999999998,0.0,0.0,false,0.0,0.0,0.0,0.0,0.0
shared_battery_mode_node_level_v1,SI-Drahi_14-d2-HOM-ULO-BHI-fdfe4a413b,TK-PB-Drahi_14-d2-HOM-ULO-9e640d1615-r1,SS-5d5bbea46d20,risk_neutral_expectation,1,MULTISTAGE_RH,STATIC_DEMAND_SHARE,pv,1,3,1,1.0,0.0,0.0,30.599999999999998,30.599999999999998,0.0,0.0,false,0.0,0.0,0.0,0.0,0.0
shared_battery_mode_node_level_v1,SI-Drahi_14-d2-HOM-ULO-BHI-fdfe4a413b,TK-PB-Drahi_14-d2-HOM-ULO-9e640d1615-r1,SS-5d5bbea46d20,risk_neutral_expectation,1,MULTISTAGE_RH,STATIC_DEMAND_SHARE,pv,1,4,1,1.0,0.0,0.0,30.599999999999998,30.599999999999998,0.0,0.0,false,0.0,0.0,0.0,0.0,0.0
shared_battery_mode_node_level_v1,SI-Drahi_14-d2-HOM-ULO-BHI-fdfe4a413b,TK-PB-Drahi_14-d2-HOM-ULO-9e640d1615-r1,SS-102adc95e052,risk_neutral_expectation,1,MULTISTAGE_RH,STATIC_DEMAND_SHARE,pv,5,5,1,1.0,0.0,0.0,30.599999999999998,30.599999999999998,0.0,0.0,false,0.0,0.0,0.0,0.0,0.0
shared_battery_mode_node_level_v1,SI-Drahi_14-d2-HOM-ULO-BHI-fdfe4a413b,TK-PB-Drahi_14-d2-HOM-ULO-9e640d1615-r1,SS-102adc95e052,risk_neutral_expectation,1,MULTISTAGE_RH,STATIC_DEMAND_SHARE,pv,5,6,1,1.0,0.0,0.0,30.599999999999998,30.599999999999998,0.0,0.0,false,0.0,0.0,0.0,0.0,0.0
shared_battery_mode_node_level_v1,SI-Drahi_14-d2-HOM-ULO-BHI-fdfe4a413b,TK-PB-Drahi_14-d2-HOM-ULO-9e640d1615-r1,SS-102adc95e052,risk_neutral_expectation,1,MULTISTAGE_RH,STATIC_DEMAND_SHARE,pv,5,7,1,1.0,0.0,0.0,30.599999999999998,30.599999999999998,0.0,0.0,false,0.0,0.0,0.0,0.0,0.0
shared_battery_mode_node_level_v1,SI-Drahi_14-d2-HOM-ULO-BHI-fdfe4a413b,TK-PB-Drahi_14-d2-HOM-ULO-9e640d1615-r1,SS-102adc95e052,risk_neutral_expectation,1,MULTISTAGE_RH,STATIC_DEMAND_SHARE,pv,5,8,1,1.0,0.0,0.0,30.599999999999998,30.599999999999998,0.0,0.0,false,0.0,0.0,0.0,0.0,0.0
shared_battery_mode_node_level_v1,SI-Drahi_14-d2-HOM-ULO-BHI-fdfe4a413b,TK-PB-Drahi_14-d2-HOM-ULO-9e640d1615-r1,SS-19da242d4543,risk_neutral_expectation,1,MULTISTAGE_RH,STATIC_DEMAND_SHARE,pv,9,9,1,1.0,0.0,0.0,30.599999999999998,30.599999999999998,0.0,0.0,false,0.0,0.0,0.0,0.0,0.0
shared_battery_mode_node_level_v1,SI-Drahi_14-d2-HOM-ULO-BHI-fdfe4a413b,TK-PB-Drahi_14-d2-HOM-ULO-9e640d1615-r1,SS-19da242d4543,risk_neutral_expectation,1,MULTISTAGE_RH,STATIC_DEMAND_SHARE,pv,9,10,1,1.0,32.0,0.0,30.599999999999998,61.0,0.0,0.0,false,0.0,0.0,0.0,0.0,0.0
shared_battery_mode_node_level_v1,SI-Drahi_14-d2-HOM-ULO-BHI-fdfe4a413b,TK-PB-Drahi_14-d2-HOM-ULO-9e640d1615-r1,SS-19da242d4543,risk_neutral_expectation,1,MULTISTAGE_RH,STATIC_DEMAND_SHARE,pv,9,11,1,1.0,32.0,0.0,61.0,91.4,0.0,0.0,false,0.0,0.0,0.0,0.0,0.0
shared_battery_mode_node_level_v1,SI-Drahi_14-d2-HOM-ULO-BHI-fdfe4a413b,TK-PB-Drahi_14-d2-HOM-ULO-9e640d1615-r1,SS-19da242d4543,risk_neutral_expectation,1,MULTISTAGE_RH,STATIC_DEMAND_SHARE,pv,9,12,1,1.0,0.0,0.0,91.4,91.4,0.0,0.0,false,0.0,0.0,0.0,0.0,0.0
shared_battery_mode_node_level_v1,SI-Drahi_14-d2-HOM-ULO-BHI-fdfe4a413b,TK-PB-Drahi_14-d2-HOM-ULO-9e640d1615-r1,SS-354317d12b7f,risk_neutral_expectation,1,MULTISTAGE_RH,STATIC_DEMAND_SHARE,pv,13,13,1,1.0,0.0,0.0,91.4,91.4,0.0,0.0,false,0.0,0.0,0.0,0.0,0.0
shared_battery_mode_node_level_v1,SI-Drahi_14-d2-HOM-ULO-BHI-fdfe4a413b,TK-PB-Drahi_14-d2-HOM-ULO-9e640d1615-r1,SS-354317d12b7f,risk_neutral_expectation,1,MULTISTAGE_RH,STATIC_DEMAND_SHARE,pv,13,14,1,1.0,32.0,0.0,91.4,121.80000000000001,0.0,0.0,false,0.0,0.0,0.0,0.0,0.0
shared_battery_mode_node_level_v1,SI-Drahi_14-d2-HOM-ULO-BHI-fdfe4a413b,TK-PB-Drahi_14-d2-HOM-ULO-9e640d1615-r1,SS-354317d12b7f,risk_neutral_expectation,1,MULTISTAGE_RH,STATIC_DEMAND_SHARE,pv,13,15,1,1.0,0.0,0.0,121.80000000000001,121.80000000000001,0.0,0.0,false,0.0,0.0,0.0,0.0,0.0
shared_battery_mode_node_level_v1,SI-Drahi_14-d2-HOM-ULO-BHI-fdfe4a413b,TK-PB-Drahi_14-d2-HOM-ULO-9e640d1615-r1,SS-354317d12b7f,risk_neutral_expectation,1,MULTISTAGE_RH,STATIC_DEMAND_SHARE,pv,13,16,1,1.0,0.0,0.0,121.80000000000001,121.80000000000001,0.0,0.0,false,0.0,0.0,0.0,0.0,0.0
shared_battery_mode_node_level_v1,SI-Drahi_14-d2-HOM-ULO-BHI-fdfe4a413b,TK-PB-Drahi_14-d2-HOM-ULO-9e640d1615-r1,SS-c81930d9c8ba,risk_neutral_expectation,1,MULTISTAGE_RH,STATIC_DEMAND_SHARE,pv,17,17,1,1.0,0.0,0.0,121.80000000000001,121.80000000000001,0.0,0.0,false,0.0,0.0,0.0,0.0,0.0
shared_battery_mode_node_level_v1,SI-Drahi_14-d2-HOM-ULO-BHI-fdfe4a413b,TK-PB-Drahi_14-d2-HOM-ULO-9e640d1615-r1,SS-c81930d9c8ba,risk_neutral_expectation,1,MULTISTAGE_RH,STATIC_DEMAND_SHARE,pv,17,18,1,0.0,0.0,32.0,121.80000000000001,88.11578947368423,0.0,0.0,false,0.0,0.0,0.0,0.0,0.0
shared_battery_mode_node_level_v1,SI-Drahi_14-d2-HOM-ULO-BHI-fdfe4a413b,TK-PB-Drahi_14-d2-HOM-ULO-9e640d1615-r1,SS-c81930d9c8ba,risk_neutral_expectation,1,MULTISTAGE_RH,STATIC_DEMAND_SHARE,pv,17,19,1,1.0,32.0,0.0,88.11578947368423,118.51578947368424,0.0,0.0,false,0.0,0.0,0.0,0.0,0.0
shared_battery_mode_node_level_v1,SI-Drahi_14-d2-HOM-ULO-BHI-fdfe4a413b,TK-PB-Drahi_14-d2-HOM-ULO-9e640d1615-r1,SS-c81930d9c8ba,risk_neutral_expectation,1,MULTISTAGE_RH,STATIC_DEMAND_SHARE,pv,17,20,1,1.0,7.878116343490277,0.0,118.51578947368424,126.0,0.0,0.0,false,0.0,0.0,0.0,0.0,0.0
shared_battery_mode_node_level_v1,SI-Drahi_14-d2-HOM-ULO-BHI-fdfe4a413b,TK-PB-Drahi_14-d2-HOM-ULO-9e640d1615-r1,SS-3cf9bda45ea4,risk_neutral_expectation,1,MULTISTAGE_RH,STATIC_DEMAND_SHARE,pv,21,21,1,0.0,0.0,32.0,126.0,92.31578947368422,0.0,0.0,false,0.0,0.0,0.0,0.0,0.0
shared_battery_mode_node_level_v1,SI-Drahi_14-d2-HOM-ULO-BHI-fdfe4a413b,TK-PB-Drahi_14-d2-HOM-ULO-9e640d1615-r1,SS-3cf9bda45ea4,risk_neutral_expectation,1,MULTISTAGE_RH,STATIC_DEMAND_SHARE,pv,21,22,1,0.0,0.0,32.0,92.31578947368422,58.63157894736843,0.0,0.0,false,0.0,0.0,0.0,0.0,0.0
shared_battery_mode_node_level_v1,SI-Drahi_14-d2-HOM-ULO-BHI-fdfe4a413b,TK-PB-Drahi_14-d2-HOM-ULO-9e640d1615-r1,SS-3cf9bda45ea4,risk_neutral_expectation,1,MULTISTAGE_RH,STATIC_DEMAND_SHARE,pv,21,23,1,0.0,0.0,32.0,58.63157894736843,24.947368421052644,0.0,0.0,false,0.0,0.0,0.0,0.0,0.0
shared_battery_mode_node_level_v1,SI-Drahi_14-d2-HOM-ULO-BHI-fdfe4a413b,TK-PB-Drahi_14-d2-HOM-ULO-9e640d1615-r1,SS-3cf9bda45ea4,risk_neutral_expectation,1,MULTISTAGE_RH,STATIC_DEMAND_SHARE,pv,21,24,1,0.2653124999999996,0.0,23.510000000000012,24.947368421052644,0.1999999999999993,0.0,0.0,false,0.0,0.2653124999999996,7.216449660063518e-16,7.216449660063518e-16,0.0
shared_battery_mode_node_level_v1,SI-Drahi_14-d2-HOM-ULO-BHI-fdfe4a413b,TK-PB-Drahi_14-d2-HOM-ULO-9e640d1615-r1,SS-5d5bbea46d20,risk_neutral_expectation,1,TWO_STAGE_RH,LEXMMFPEA,pv,1,1,1,1.0,0.0,0.0,0.2,0.2,0.0,0.0,false,0.0,0.0,0.0,0.0,0.0
shared_battery_mode_node_level_v1,SI-Drahi_14-d2-HOM-ULO-BHI-fdfe4a413b,TK-PB-Drahi_14-d2-HOM-ULO-9e640d1615-r1,SS-5d5bbea46d20,risk_neutral_expectation,1,TWO_STAGE_RH,LEXMMFPEA,pv,1,2,1,1.0,32.0,0.0,0.2,30.599999999999998,0.0,0.0,false,0.0,0.0,0.0,0.0,0.0
shared_battery_mode_node_level_v1,SI-Drahi_14-d2-HOM-ULO-BHI-fdfe4a413b,TK-PB-Drahi_14-d2-HOM-ULO-9e640d1615-r1,SS-5d5bbea46d20,risk_neutral_expectation,1,TWO_STAGE_RH,LEXMMFPEA,pv,1,3,1,1.0,0.0,0.0,30.599999999999998,30.599999999999998,0.0,0.0,false,0.0,0.0,0.0,0.0,0.0
shared_battery_mode_node_level_v1,SI-Drahi_14-d2-HOM-ULO-BHI-fdfe4a413b,TK-PB-Drahi_14-d2-HOM-ULO-9e640d1615-r1,SS-5d5bbea46d20,risk_neutral_expectation,1,TWO_STAGE_RH,LEXMMFPEA,pv,1,4,1,1.0,0.0,0.0,30.599999999999998,30.599999999999998,0.0,0.0,false,0.0,0.0,0.0,0.0,0.0
shared_battery_mode_node_level_v1,SI-Drahi_14-d2-HOM-ULO-BHI-fdfe4a413b,TK-PB-Drahi_14-d2-HOM-ULO-9e640d1615-r1,SS-102adc95e052,risk_neutral_expectation,1,TWO_STAGE_RH,LEXMMFPEA,pv,5,5,1,1.0,0.0,0.0,30.599999999999998,30.599999999999998,0.0,0.0,false,0.0,0.0,0.0,0.0,0.0
shared_battery_mode_node_level_v1,SI-Drahi_14-d2-HOM-ULO-BHI-fdfe4a413b,TK-PB-Drahi_14-d2-HOM-ULO-9e640d1615-r1,SS-102adc95e052,risk_neutral_expectation,1,TWO_STAGE_RH,LEXMMFPEA,pv,5,6,1,1.0,0.0,0.0,30.599999999999998,30.599999999999998,0.0,0.0,false,0.0,0.0,0.0,0.0,0.0
shared_battery_mode_node_level_v1,SI-Drahi_14-d2-HOM-ULO-BHI-fdfe4a413b,TK-PB-Drahi_14-d2-HOM-ULO-9e640d1615-r1,SS-102adc95e052,risk_neutral_expectation,1,TWO_STAGE_RH,LEXMMFPEA,pv,5,7,1,0.0,0.0,0.0,30.599999999999998,30.599999999999998,0.0,0.0,false,0.0,0.0,0.0,0.0,0.0
shared_battery_mode_node_level_v1,SI-Drahi_14-d2-HOM-ULO-BHI-fdfe4a413b,TK-PB-Drahi_14-d2-HOM-ULO-9e640d1615-r1,SS-102adc95e052,risk_neutral_expectation,1,TWO_STAGE_RH,LEXMMFPEA,pv,5,8,1,0.0,0.0,0.0,30.599999999999998,30.599999999999998,0.0,0.0,false,0.0,0.0,0.0,0.0,0.0
shared_battery_mode_node_level_v1,SI-Drahi_14-d2-HOM-ULO-BHI-fdfe4a413b,TK-PB-Drahi_14-d2-HOM-ULO-9e640d1615-r1,SS-19da242d4543,risk_neutral_expectation,1,TWO_STAGE_RH,LEXMMFPEA,pv,9,9,1,0.0,0.0,0.0,30.599999999999998,30.599999999999998,0.0,0.0,false,0.0,0.0,0.0,0.0,0.0
shared_battery_mode_node_level_v1,SI-Drahi_14-d2-HOM-ULO-BHI-fdfe4a413b,TK-PB-Drahi_14-d2-HOM-ULO-9e640d1615-r1,SS-19da242d4543,risk_neutral_expectation,1,TWO_STAGE_RH,LEXMMFPEA,pv,9,10,1,1.0,32.0,0.0,30.599999999999998,61.0,0.0,0.0,false,0.0,0.0,7.105427357601002e-15,0.0,0.0
shared_battery_mode_node_level_v1,SI-Drahi_14-d2-HOM-ULO-BHI-fdfe4a413b,TK-PB-Drahi_14-d2-HOM-ULO-9e640d1615-r1,SS-19da242d4543,risk_neutral_expectation,1,TWO_STAGE_RH,LEXMMFPEA,pv,9,11,1,1.0,32.0,0.0,61.0,91.4,0.0,0.0,false,0.0,0.0,1.4210854715202004e-14,0.0,0.0
shared_battery_mode_node_level_v1,SI-Drahi_14-d2-HOM-ULO-BHI-fdfe4a413b,TK-PB-Drahi_14-d2-HOM-ULO-9e640d1615-r1,SS-19da242d4543,risk_neutral_expectation,1,TWO_STAGE_RH,LEXMMFPEA,pv,9,12,1,0.0,0.0,0.0,91.4,91.4,0.0,0.0,false,0.0,0.0,1.4210854715202004e-14,0.0,0.0
shared_battery_mode_node_level_v1,SI-Drahi_14-d2-HOM-ULO-BHI-fdfe4a413b,TK-PB-Drahi_14-d2-HOM-ULO-9e640d1615-r1,SS-354317d12b7f,risk_neutral_expectation,1,TWO_STAGE_RH,LEXMMFPEA,pv,13,13,1,0.0,0.0,0.0,91.4,91.4,0.0,0.0,false,0.0,0.0,0.0,0.0,0.0
shared_battery_mode_node_level_v1,SI-Drahi_14-d2-HOM-ULO-BHI-fdfe4a413b,TK-PB-Drahi_14-d2-HOM-ULO-9e640d1615-r1,SS-354317d12b7f,risk_neutral_expectation,1,TWO_STAGE_RH,LEXMMFPEA,pv,13,14,1,1.0,32.0,0.0,91.4,121.80000000000001,0.0,0.0,false,0.0,0.0,2.842170943040401e-14,0.0,0.0
shared_battery_mode_node_level_v1,SI-Drahi_14-d2-HOM-ULO-BHI-fdfe4a413b,TK-PB-Drahi_14-d2-HOM-ULO-9e640d1615-r1,SS-354317d12b7f,risk_neutral_expectation,1,TWO_STAGE_RH,LEXMMFPEA,pv,13,15,1,0.0,0.0,0.0,121.80000000000001,121.80000000000001,0.0,0.0,false,0.0,0.0,2.842170943040401e-14,0.0,0.0
shared_battery_mode_node_level_v1,SI-Drahi_14-d2-HOM-ULO-BHI-fdfe4a413b,TK-PB-Drahi_14-d2-HOM-ULO-9e640d1615-r1,SS-354317d12b7f,risk_neutral_expectation,1,TWO_STAGE_RH,LEXMMFPEA,pv,13,16,1,0.0,0.0,0.0,121.80000000000001,121.80000000000001,0.0,0.0,false,0.0,0.0,2.842170943040401e-14,0.0,0.0
shared_battery_mode_node_level_v1,SI-Drahi_14-d2-HOM-ULO-BHI-fdfe4a413b,TK-PB-Drahi_14-d2-HOM-ULO-9e640d1615-r1,SS-c81930d9c8ba,risk_neutral_expectation,1,TWO_STAGE_RH,LEXMMFPEA,pv,17,17,1,0.0,0.0,0.0,121.80000000000001,121.80000000000001,0.0,0.0,false,0.0,0.0,0.0,0.0,0.0
shared_battery_mode_node_level_v1,SI-Drahi_14-d2-HOM-ULO-BHI-fdfe4a413b,TK-PB-Drahi_14-d2-HOM-ULO-9e640d1615-r1,SS-c81930d9c8ba,risk_neutral_expectation,1,TWO_STAGE_RH,LEXMMFPEA,pv,17,18,1,0.0,0.0,32.0,121.80000000000001,88.11578947368423,0.0,0.0,false,0.0,0.0,0.0,0.0,0.0
shared_battery_mode_node_level_v1,SI-Drahi_14-d2-HOM-ULO-BHI-fdfe4a413b,TK-PB-Drahi_14-d2-HOM-ULO-9e640d1615-r1,SS-c81930d9c8ba,risk_neutral_expectation,1,TWO_STAGE_RH,LEXMMFPEA,pv,17,19,1,1.0,32.0,0.0,88.11578947368423,118.51578947368424,0.0,0.0,false,0.0,0.0,0.0,0.0,0.0
shared_battery_mode_node_level_v1,SI-Drahi_14-d2-HOM-ULO-BHI-fdfe4a413b,TK-PB-Drahi_14-d2-HOM-ULO-9e640d1615-r1,SS-c81930d9c8ba,risk_neutral_expectation,1,TWO_STAGE_RH,LEXMMFPEA,pv,17,20,1,0.24619113573407114,7.878116343490277,0.0,118.51578947368424,126.0,0.0,0.0,false,0.0,0.24619113573407114,0.0,0.0,0.0
shared_battery_mode_node_level_v1,SI-Drahi_14-d2-HOM-ULO-BHI-fdfe4a413b,TK-PB-Drahi_14-d2-HOM-ULO-9e640d1615-r1,SS-3cf9bda45ea4,risk_neutral_expectation,1,TWO_STAGE_RH,LEXMMFPEA,pv,21,21,1,0.0,0.0,32.0,126.0,92.31578947368422,0.0,0.0,false,0.0,0.0,0.0,0.0,0.0
shared_battery_mode_node_level_v1,SI-Drahi_14-d2-HOM-ULO-BHI-fdfe4a413b,TK-PB-Drahi_14-d2-HOM-ULO-9e640d1615-r1,SS-3cf9bda45ea4,risk_neutral_expectation,1,TWO_STAGE_RH,LEXMMFPEA,pv,21,22,1,0.0,0.0,32.0,92.31578947368422,58.63157894736843,0.0,0.0,false,0.0,0.0,0.0,0.0,0.0
shared_battery_mode_node_level_v1,SI-Drahi_14-d2-HOM-ULO-BHI-fdfe4a413b,TK-PB-Drahi_14-d2-HOM-ULO-9e640d1615-r1,SS-3cf9bda45ea4,risk_neutral_expectation,1,TWO_STAGE_RH,LEXMMFPEA,pv,21,23,1,0.0,0.0,32.0,58.63157894736843,24.947368421052644,0.0,0.0,false,0.0,0.0,0.0,0.0,0.0
shared_battery_mode_node_level_v1,SI-Drahi_14-d2-HOM-ULO-BHI-fdfe4a413b,TK-PB-Drahi_14-d2-HOM-ULO-9e640d1615-r1,SS-3cf9bda45ea4,risk_neutral_expectation,1,TWO_STAGE_RH,LEXMMFPEA,pv,21,24,1,0.0,0.0,23.510000000000012,24.947368421052644,0.1999999999999993,0.0,0.0,false,0.0,0.0,7.216449660063518e-16,7.216449660063518e-16,0.0
shared_battery_mode_node_level_v1,SI-Drahi_14-d2-HOM-ULO-BHI-fdfe4a413b,TK-PB-Drahi_14-d2-HOM-ULO-9e640d1615-r1,SS-5d5bbea46d20,risk_neutral_expectation,1,TWO_STAGE_RH,LEXMMFSA,savings,1,1,1,1.0,0.0,0.0,0.2,0.2,0.0,0.0,false,0.0,0.0,0.0,0.0,0.0
shared_battery_mode_node_level_v1,SI-Drahi_14-d2-HOM-ULO-BHI-fdfe4a413b,TK-PB-Drahi_14-d2-HOM-ULO-9e640d1615-r1,SS-5d5bbea46d20,risk_neutral_expectation,1,TWO_STAGE_RH,LEXMMFSA,savings,1,2,1,1.0,32.0,0.0,0.2,30.599999999999998,0.0,0.0,false,0.0,0.0,0.0,0.0,0.0
shared_battery_mode_node_level_v1,SI-Drahi_14-d2-HOM-ULO-BHI-fdfe4a413b,TK-PB-Drahi_14-d2-HOM-ULO-9e640d1615-r1,SS-5d5bbea46d20,risk_neutral_expectation,1,TWO_STAGE_RH,LEXMMFSA,savings,1,3,1,1.0,0.0,0.0,30.599999999999998,30.599999999999998,0.0,0.0,false,0.0,0.0,0.0,0.0,0.0
shared_battery_mode_node_level_v1,SI-Drahi_14-d2-HOM-ULO-BHI-fdfe4a413b,TK-PB-Drahi_14-d2-HOM-ULO-9e640d1615-r1,SS-5d5bbea46d20,risk_neutral_expectation,1,TWO_STAGE_RH,LEXMMFSA,savings,1,4,1,1.0,0.0,0.0,30.599999999999998,30.599999999999998,0.0,0.0,false,0.0,0.0,0.0,0.0,0.0
shared_battery_mode_node_level_v1,SI-Drahi_14-d2-HOM-ULO-BHI-fdfe4a413b,TK-PB-Drahi_14-d2-HOM-ULO-9e640d1615-r1,SS-102adc95e052,risk_neutral_expectation,1,TWO_STAGE_RH,LEXMMFSA,savings,5,5,1,1.0,0.0,0.0,30.599999999999998,30.599999999999998,0.0,0.0,false,0.0,0.0,0.0,0.0,0.0
shared_battery_mode_node_level_v1,SI-Drahi_14-d2-HOM-ULO-BHI-fdfe4a413b,TK-PB-Drahi_14-d2-HOM-ULO-9e640d1615-r1,SS-102adc95e052,risk_neutral_expectation,1,TWO_STAGE_RH,LEXMMFSA,savings,5,6,1,1.0,0.0,0.0,30.599999999999998,30.599999999999998,0.0,0.0,false,0.0,0.0,0.0,0.0,0.0
shared_battery_mode_node_level_v1,SI-Drahi_14-d2-HOM-ULO-BHI-fdfe4a413b,TK-PB-Drahi_14-d2-HOM-ULO-9e640d1615-r1,SS-102adc95e052,risk_neutral_expectation,1,TWO_STAGE_RH,LEXMMFSA,savings,5,7,1,1.0,0.0,0.0,30.599999999999998,30.599999999999998,0.0,0.0,false,0.0,0.0,0.0,0.0,0.0
shared_battery_mode_node_level_v1,SI-Drahi_14-d2-HOM-ULO-BHI-fdfe4a413b,TK-PB-Drahi_14-d2-HOM-ULO-9e640d1615-r1,SS-102adc95e052,risk_neutral_expectation,1,TWO_STAGE_RH,LEXMMFSA,savings,5,8,1,1.0,0.0,0.0,30.599999999999998,30.599999999999998,0.0,0.0,false,0.0,0.0,0.0,0.0,0.0
shared_battery_mode_node_level_v1,SI-Drahi_14-d2-HOM-ULO-BHI-fdfe4a413b,TK-PB-Drahi_14-d2-HOM-ULO-9e640d1615-r1,SS-19da242d4543,risk_neutral_expectation,1,TWO_STAGE_RH,LEXMMFSA,savings,9,9,1,1.0,0.0,0.0,30.599999999999998,30.599999999999998,0.0,0.0,false,0.0,0.0,0.0,0.0,0.0
shared_battery_mode_node_level_v1,SI-Drahi_14-d2-HOM-ULO-BHI-fdfe4a413b,TK-PB-Drahi_14-d2-HOM-ULO-9e640d1615-r1,SS-19da242d4543,risk_neutral_expectation,1,TWO_STAGE_RH,LEXMMFSA,savings,9,10,1,1.0,32.0,0.0,30.599999999999998,61.0,0.0,0.0,false,0.0,0.0,0.0,0.0,0.0
shared_battery_mode_node_level_v1,SI-Drahi_14-d2-HOM-ULO-BHI-fdfe4a413b,TK-PB-Drahi_14-d2-HOM-ULO-9e640d1615-r1,SS-19da242d4543,risk_neutral_expectation,1,TWO_STAGE_RH,LEXMMFSA,savings,9,11,1,1.0,32.0,0.0,61.0,91.4,0.0,0.0,false,0.0,0.0,0.0,0.0,0.0
shared_battery_mode_node_level_v1,SI-Drahi_14-d2-HOM-ULO-BHI-fdfe4a413b,TK-PB-Drahi_14-d2-HOM-ULO-9e640d1615-r1,SS-19da242d4543,risk_neutral_expectation,1,TWO_STAGE_RH,LEXMMFSA,savings,9,12,1,1.0,0.0,0.0,91.4,91.4,0.0,0.0,false,0.0,0.0,0.0,0.0,0.0
shared_battery_mode_node_level_v1,SI-Drahi_14-d2-HOM-ULO-BHI-fdfe4a413b,TK-PB-Drahi_14-d2-HOM-ULO-9e640d1615-r1,SS-354317d12b7f,risk_neutral_expectation,1,TWO_STAGE_RH,LEXMMFSA,savings,13,13,1,1.0,0.0,0.0,91.4,91.4,0.0,0.0,false,0.0,0.0,0.0,0.0,0.0
shared_battery_mode_node_level_v1,SI-Drahi_14-d2-HOM-ULO-BHI-fdfe4a413b,TK-PB-Drahi_14-d2-HOM-ULO-9e640d1615-r1,SS-354317d12b7f,risk_neutral_expectation,1,TWO_STAGE_RH,LEXMMFSA,savings,13,14,1,1.0,32.0,0.0,91.4,121.80000000000001,0.0,0.0,false,0.0,0.0,0.0,0.0,0.0
shared_battery_mode_node_level_v1,SI-Drahi_14-d2-HOM-ULO-BHI-fdfe4a413b,TK-PB-Drahi_14-d2-HOM-ULO-9e640d1615-r1,SS-354317d12b7f,risk_neutral_expectation,1,TWO_STAGE_RH,LEXMMFSA,savings,13,15,1,1.0,0.0,0.0,121.80000000000001,121.80000000000001,0.0,0.0,false,0.0,0.0,0.0,0.0,0.0
shared_battery_mode_node_level_v1,SI-Drahi_14-d2-HOM-ULO-BHI-fdfe4a413b,TK-PB-Drahi_14-d2-HOM-ULO-9e640d1615-r1,SS-354317d12b7f,risk_neutral_expectation,1,TWO_STAGE_RH,LEXMMFSA,savings,13,16,1,1.0,0.0,0.0,121.80000000000001,121.80000000000001,0.0,0.0,false,0.0,0.0,0.0,0.0,0.0
shared_battery_mode_node_level_v1,SI-Drahi_14-d2-HOM-ULO-BHI-fdfe4a413b,TK-PB-Drahi_14-d2-HOM-ULO-9e640d1615-r1,SS-c81930d9c8ba,risk_neutral_expectation,1,TWO_STAGE_RH,LEXMMFSA,savings,17,17,1,1.0,0.0,0.0,121.80000000000001,121.80000000000001,0.0,0.0,false,0.0,0.0,0.0,0.0,0.0
shared_battery_mode_node_level_v1,SI-Drahi_14-d2-HOM-ULO-BHI-fdfe4a413b,TK-PB-Drahi_14-d2-HOM-ULO-9e640d1615-r1,SS-c81930d9c8ba,risk_neutral_expectation,1,TWO_STAGE_RH,LEXMMFSA,savings,17,18,1,0.0,0.0,32.0,121.80000000000001,88.11578947368423,0.0,0.0,false,0.0,0.0,0.0,0.0,0.0
shared_battery_mode_node_level_v1,SI-Drahi_14-d2-HOM-ULO-BHI-fdfe4a413b,TK-PB-Drahi_14-d2-HOM-ULO-9e640d1615-r1,SS-c81930d9c8ba,risk_neutral_expectation,1,TWO_STAGE_RH,LEXMMFSA,savings,17,19,1,1.0,32.0,0.0,88.11578947368423,118.51578947368424,0.0,0.0,false,0.0,0.0,0.0,0.0,0.0
shared_battery_mode_node_level_v1,SI-Drahi_14-d2-HOM-ULO-BHI-fdfe4a413b,TK-PB-Drahi_14-d2-HOM-ULO-9e640d1615-r1,SS-c81930d9c8ba,risk_neutral_expectation,1,TWO_STAGE_RH,LEXMMFSA,savings,17,20,1,1.0,7.878116343490277,0.0,118.51578947368424,126.0,0.0,0.0,false,0.0,0.0,0.0,0.0,0.0
shared_battery_mode_node_level_v1,SI-Drahi_14-d2-HOM-ULO-BHI-fdfe4a413b,TK-PB-Drahi_14-d2-HOM-ULO-9e640d1615-r1,SS-3cf9bda45ea4,risk_neutral_expectation,1,TWO_STAGE_RH,LEXMMFSA,savings,21,21,1,0.0,0.0,32.0,126.0,92.31578947368422,0.0,0.0,false,0.0,0.0,0.0,0.0,0.0
shared_battery_mode_node_level_v1,SI-Drahi_14-d2-HOM-ULO-BHI-fdfe4a413b,TK-PB-Drahi_14-d2-HOM-ULO-9e640d1615-r1,SS-3cf9bda45ea4,risk_neutral_expectation,1,TWO_STAGE_RH,LEXMMFSA,savings,21,22,1,0.0,0.0,32.0,92.31578947368422,58.63157894736843,0.0,0.0,false,0.0,0.0,0.0,0.0,0.0
shared_battery_mode_node_level_v1,SI-Drahi_14-d2-HOM-ULO-BHI-fdfe4a413b,TK-PB-Drahi_14-d2-HOM-ULO-9e640d1615-r1,SS-3cf9bda45ea4,risk_neutral_expectation,1,TWO_STAGE_RH,LEXMMFSA,savings,21,23,1,0.0,0.0,32.0,58.63157894736843,24.947368421052644,0.0,0.0,false,0.0,0.0,0.0,0.0,0.0
shared_battery_mode_node_level_v1,SI-Drahi_14-d2-HOM-ULO-BHI-fdfe4a413b,TK-PB-Drahi_14-d2-HOM-ULO-9e640d1615-r1,SS-3cf9bda45ea4,risk_neutral_expectation,1,TWO_STAGE_RH,LEXMMFSA,savings,21,24,1,0.26531249999999973,0.0,23.51000000000001,24.947368421052644,0.20000000000000284,0.0,0.0,false,0.0,0.26531249999999973,2.831068712794149e-15,0.0,0.0
shared_battery_mode_node_level_v1,SI-Drahi_14-d2-HOM-ULO-BHI-fdfe4a413b,TK-PB-Drahi_14-d2-HOM-ULO-9e640d1615-r1,SS-5d5bbea46d20,risk_neutral_expectation,1,TWO_STAGE_RH,NONE,none,1,1,1,1.0,0.0,0.0,0.2,0.2,0.0,0.0,false,0.0,0.0,0.0,0.0,0.0
shared_battery_mode_node_level_v1,SI-Drahi_14-d2-HOM-ULO-BHI-fdfe4a413b,TK-PB-Drahi_14-d2-HOM-ULO-9e640d1615-r1,SS-5d5bbea46d20,risk_neutral_expectation,1,TWO_STAGE_RH,NONE,none,1,2,1,1.0,32.0,0.0,0.2,30.599999999999998,0.0,0.0,false,0.0,0.0,0.0,0.0,0.0
shared_battery_mode_node_level_v1,SI-Drahi_14-d2-HOM-ULO-BHI-fdfe4a413b,TK-PB-Drahi_14-d2-HOM-ULO-9e640d1615-r1,SS-5d5bbea46d20,risk_neutral_expectation,1,TWO_STAGE_RH,NONE,none,1,3,1,1.0,0.0,0.0,30.599999999999998,30.599999999999998,0.0,0.0,false,0.0,0.0,0.0,0.0,0.0
shared_battery_mode_node_level_v1,SI-Drahi_14-d2-HOM-ULO-BHI-fdfe4a413b,TK-PB-Drahi_14-d2-HOM-ULO-9e640d1615-r1,SS-5d5bbea46d20,risk_neutral_expectation,1,TWO_STAGE_RH,NONE,none,1,4,1,1.0,0.0,0.0,30.599999999999998,30.599999999999998,0.0,0.0,false,0.0,0.0,0.0,0.0,0.0
shared_battery_mode_node_level_v1,SI-Drahi_14-d2-HOM-ULO-BHI-fdfe4a413b,TK-PB-Drahi_14-d2-HOM-ULO-9e640d1615-r1,SS-102adc95e052,risk_neutral_expectation,1,TWO_STAGE_RH,NONE,none,5,5,1,1.0,0.0,0.0,30.599999999999998,30.599999999999998,0.0,0.0,false,0.0,0.0,0.0,0.0,0.0
shared_battery_mode_node_level_v1,SI-Drahi_14-d2-HOM-ULO-BHI-fdfe4a413b,TK-PB-Drahi_14-d2-HOM-ULO-9e640d1615-r1,SS-102adc95e052,risk_neutral_expectation,1,TWO_STAGE_RH,NONE,none,5,6,1,1.0,0.0,0.0,30.599999999999998,30.599999999999998,0.0,0.0,false,0.0,0.0,0.0,0.0,0.0
shared_battery_mode_node_level_v1,SI-Drahi_14-d2-HOM-ULO-BHI-fdfe4a413b,TK-PB-Drahi_14-d2-HOM-ULO-9e640d1615-r1,SS-102adc95e052,risk_neutral_expectation,1,TWO_STAGE_RH,NONE,none,5,7,1,1.0,0.0,0.0,30.599999999999998,30.599999999999998,0.0,0.0,false,0.0,0.0,0.0,0.0,0.0
shared_battery_mode_node_level_v1,SI-Drahi_14-d2-HOM-ULO-BHI-fdfe4a413b,TK-PB-Drahi_14-d2-HOM-ULO-9e640d1615-r1,SS-102adc95e052,risk_neutral_expectation,1,TWO_STAGE_RH,NONE,none,5,8,1,1.0,0.0,0.0,30.599999999999998,30.599999999999998,0.0,0.0,false,0.0,0.0,0.0,0.0,0.0
shared_battery_mode_node_level_v1,SI-Drahi_14-d2-HOM-ULO-BHI-fdfe4a413b,TK-PB-Drahi_14-d2-HOM-ULO-9e640d1615-r1,SS-19da242d4543,risk_neutral_expectation,1,TWO_STAGE_RH,NONE,none,9,9,1,1.0,0.0,0.0,30.599999999999998,30.599999999999998,0.0,0.0,false,0.0,0.0,0.0,0.0,0.0
shared_battery_mode_node_level_v1,SI-Drahi_14-d2-HOM-ULO-BHI-fdfe4a413b,TK-PB-Drahi_14-d2-HOM-ULO-9e640d1615-r1,SS-19da242d4543,risk_neutral_expectation,1,TWO_STAGE_RH,NONE,none,9,10,1,1.0,32.0,0.0,30.599999999999998,61.0,0.0,0.0,false,0.0,0.0,0.0,0.0,0.0
shared_battery_mode_node_level_v1,SI-Drahi_14-d2-HOM-ULO-BHI-fdfe4a413b,TK-PB-Drahi_14-d2-HOM-ULO-9e640d1615-r1,SS-19da242d4543,risk_neutral_expectation,1,TWO_STAGE_RH,NONE,none,9,11,1,1.0,32.0,0.0,61.0,91.4,0.0,0.0,false,0.0,0.0,0.0,0.0,0.0
shared_battery_mode_node_level_v1,SI-Drahi_14-d2-HOM-ULO-BHI-fdfe4a413b,TK-PB-Drahi_14-d2-HOM-ULO-9e640d1615-r1,SS-19da242d4543,risk_neutral_expectation,1,TWO_STAGE_RH,NONE,none,9,12,1,1.0,0.0,0.0,91.4,91.4,0.0,0.0,false,0.0,0.0,0.0,0.0,0.0
shared_battery_mode_node_level_v1,SI-Drahi_14-d2-HOM-ULO-BHI-fdfe4a413b,TK-PB-Drahi_14-d2-HOM-ULO-9e640d1615-r1,SS-354317d12b7f,risk_neutral_expectation,1,TWO_STAGE_RH,NONE,none,13,13,1,1.0,0.0,0.0,91.4,91.4,0.0,0.0,false,0.0,0.0,0.0,0.0,0.0
shared_battery_mode_node_level_v1,SI-Drahi_14-d2-HOM-ULO-BHI-fdfe4a413b,TK-PB-Drahi_14-d2-HOM-ULO-9e640d1615-r1,SS-354317d12b7f,risk_neutral_expectation,1,TWO_STAGE_RH,NONE,none,13,14,1,1.0,32.0,0.0,91.4,121.80000000000001,0.0,0.0,false,0.0,0.0,0.0,0.0,0.0
shared_battery_mode_node_level_v1,SI-Drahi_14-d2-HOM-ULO-BHI-fdfe4a413b,TK-PB-Drahi_14-d2-HOM-ULO-9e640d1615-r1,SS-354317d12b7f,risk_neutral_expectation,1,TWO_STAGE_RH,NONE,none,13,15,1,1.0,0.0,0.0,121.80000000000001,121.80000000000001,0.0,0.0,false,0.0,0.0,0.0,0.0,0.0
shared_battery_mode_node_level_v1,SI-Drahi_14-d2-HOM-ULO-BHI-fdfe4a413b,TK-PB-Drahi_14-d2-HOM-ULO-9e640d1615-r1,SS-354317d12b7f,risk_neutral_expectation,1,TWO_STAGE_RH,NONE,none,13,16,1,1.0,0.0,0.0,121.80000000000001,121.80000000000001,0.0,0.0,false,0.0,0.0,0.0,0.0,0.0
shared_battery_mode_node_level_v1,SI-Drahi_14-d2-HOM-ULO-BHI-fdfe4a413b,TK-PB-Drahi_14-d2-HOM-ULO-9e640d1615-r1,SS-c81930d9c8ba,risk_neutral_expectation,1,TWO_STAGE_RH,NONE,none,17,17,1,1.0,0.0,0.0,121.80000000000001,121.80000000000001,0.0,0.0,false,0.0,0.0,0.0,0.0,0.0
shared_battery_mode_node_level_v1,SI-Drahi_14-d2-HOM-ULO-BHI-fdfe4a413b,TK-PB-Drahi_14-d2-HOM-ULO-9e640d1615-r1,SS-c81930d9c8ba,risk_neutral_expectation,1,TWO_STAGE_RH,NONE,none,17,18,1,0.0,0.0,32.0,121.80000000000001,88.11578947368423,0.0,0.0,false,0.0,0.0,0.0,0.0,0.0
shared_battery_mode_node_level_v1,SI-Drahi_14-d2-HOM-ULO-BHI-fdfe4a413b,TK-PB-Drahi_14-d2-HOM-ULO-9e640d1615-r1,SS-c81930d9c8ba,risk_neutral_expectation,1,TWO_STAGE_RH,NONE,none,17,19,1,1.0,32.0,0.0,88.11578947368423,118.51578947368424,0.0,0.0,false,0.0,0.0,0.0,0.0,0.0
shared_battery_mode_node_level_v1,SI-Drahi_14-d2-HOM-ULO-BHI-fdfe4a413b,TK-PB-Drahi_14-d2-HOM-ULO-9e640d1615-r1,SS-c81930d9c8ba,risk_neutral_expectation,1,TWO_STAGE_RH,NONE,none,17,20,1,1.0,7.878116343490277,0.0,118.51578947368424,126.0,0.0,0.0,false,0.0,0.0,0.0,0.0,0.0
shared_battery_mode_node_level_v1,SI-Drahi_14-d2-HOM-ULO-BHI-fdfe4a413b,TK-PB-Drahi_14-d2-HOM-ULO-9e640d1615-r1,SS-3cf9bda45ea4,risk_neutral_expectation,1,TWO_STAGE_RH,NONE,none,21,21,1,0.0,0.0,32.0,126.0,92.31578947368422,0.0,0.0,false,0.0,0.0,0.0,0.0,0.0
shared_battery_mode_node_level_v1,SI-Drahi_14-d2-HOM-ULO-BHI-fdfe4a413b,TK-PB-Drahi_14-d2-HOM-ULO-9e640d1615-r1,SS-3cf9bda45ea4,risk_neutral_expectation,1,TWO_STAGE_RH,NONE,none,21,22,1,0.0,0.0,32.0,92.31578947368422,58.63157894736843,0.0,0.0,false,0.0,0.0,0.0,0.0,0.0
shared_battery_mode_node_level_v1,SI-Drahi_14-d2-HOM-ULO-BHI-fdfe4a413b,TK-PB-Drahi_14-d2-HOM-ULO-9e640d1615-r1,SS-3cf9bda45ea4,risk_neutral_expectation,1,TWO_STAGE_RH,NONE,none,21,23,1,0.0,0.0,32.0,58.63157894736843,24.947368421052644,0.0,0.0,false,0.0,0.0,0.0,0.0,0.0
shared_battery_mode_node_level_v1,SI-Drahi_14-d2-HOM-ULO-BHI-fdfe4a413b,TK-PB-Drahi_14-d2-HOM-ULO-9e640d1615-r1,SS-3cf9bda45ea4,risk_neutral_expectation,1,TWO_STAGE_RH,NONE,none,21,24,1,0.2653124999999996,0.0,23.510000000000012,24.947368421052644,0.1999999999999993,0.0,0.0,false,0.0,0.2653124999999996,7.216449660063518e-16,7.216449660063518e-16,0.0
shared_battery_mode_node_level_v1,SI-Drahi_14-d2-HOM-ULO-BHI-fdfe4a413b,TK-PB-Drahi_14-d2-HOM-ULO-9e640d1615-r1,SS-5d5bbea46d20,risk_neutral_expectation,1,TWO_STAGE_RH,PEA,pv,1,1,1,1.0,0.0,0.0,0.2,0.2,0.0,0.0,false,0.0,0.0,0.0,0.0,0.0
shared_battery_mode_node_level_v1,SI-Drahi_14-d2-HOM-ULO-BHI-fdfe4a413b,TK-PB-Drahi_14-d2-HOM-ULO-9e640d1615-r1,SS-5d5bbea46d20,risk_neutral_expectation,1,TWO_STAGE_RH,PEA,pv,1,2,1,1.0,32.0,0.0,0.2,30.599999999999998,0.0,0.0,false,0.0,0.0,0.0,0.0,0.0
shared_battery_mode_node_level_v1,SI-Drahi_14-d2-HOM-ULO-BHI-fdfe4a413b,TK-PB-Drahi_14-d2-HOM-ULO-9e640d1615-r1,SS-5d5bbea46d20,risk_neutral_expectation,1,TWO_STAGE_RH,PEA,pv,1,3,1,1.0,0.0,0.0,30.599999999999998,30.599999999999998,0.0,0.0,false,0.0,0.0,0.0,0.0,0.0
shared_battery_mode_node_level_v1,SI-Drahi_14-d2-HOM-ULO-BHI-fdfe4a413b,TK-PB-Drahi_14-d2-HOM-ULO-9e640d1615-r1,SS-5d5bbea46d20,risk_neutral_expectation,1,TWO_STAGE_RH,PEA,pv,1,4,1,1.0,0.0,0.0,30.599999999999998,30.599999999999998,0.0,0.0,false,0.0,0.0,0.0,0.0,0.0
shared_battery_mode_node_level_v1,SI-Drahi_14-d2-HOM-ULO-BHI-fdfe4a413b,TK-PB-Drahi_14-d2-HOM-ULO-9e640d1615-r1,SS-102adc95e052,risk_neutral_expectation,1,TWO_STAGE_RH,PEA,pv,5,5,1,1.0,0.0,0.0,30.599999999999998,30.599999999999998,0.0,0.0,false,0.0,0.0,0.0,0.0,0.0
shared_battery_mode_node_level_v1,SI-Drahi_14-d2-HOM-ULO-BHI-fdfe4a413b,TK-PB-Drahi_14-d2-HOM-ULO-9e640d1615-r1,SS-102adc95e052,risk_neutral_expectation,1,TWO_STAGE_RH,PEA,pv,5,6,1,1.0,0.0,0.0,30.599999999999998,30.599999999999998,0.0,0.0,false,0.0,0.0,0.0,0.0,0.0
shared_battery_mode_node_level_v1,SI-Drahi_14-d2-HOM-ULO-BHI-fdfe4a413b,TK-PB-Drahi_14-d2-HOM-ULO-9e640d1615-r1,SS-102adc95e052,risk_neutral_expectation,1,TWO_STAGE_RH,PEA,pv,5,7,1,1.0,0.0,0.0,30.599999999999998,30.599999999999998,0.0,0.0,false,0.0,0.0,0.0,0.0,0.0
shared_battery_mode_node_level_v1,SI-Drahi_14-d2-HOM-ULO-BHI-fdfe4a413b,TK-PB-Drahi_14-d2-HOM-ULO-9e640d1615-r1,SS-102adc95e052,risk_neutral_expectation,1,TWO_STAGE_RH,PEA,pv,5,8,1,1.0,0.0,0.0,30.599999999999998,30.599999999999998,0.0,0.0,false,0.0,0.0,0.0,0.0,0.0
shared_battery_mode_node_level_v1,SI-Drahi_14-d2-HOM-ULO-BHI-fdfe4a413b,TK-PB-Drahi_14-d2-HOM-ULO-9e640d1615-r1,SS-19da242d4543,risk_neutral_expectation,1,TWO_STAGE_RH,PEA,pv,9,9,1,1.0,0.0,0.0,30.599999999999998,30.599999999999998,0.0,0.0,false,0.0,0.0,0.0,0.0,0.0
shared_battery_mode_node_level_v1,SI-Drahi_14-d2-HOM-ULO-BHI-fdfe4a413b,TK-PB-Drahi_14-d2-HOM-ULO-9e640d1615-r1,SS-19da242d4543,risk_neutral_expectation,1,TWO_STAGE_RH,PEA,pv,9,10,1,1.0,32.0,0.0,30.599999999999998,61.0,0.0,0.0,false,0.0,0.0,0.0,0.0,0.0
shared_battery_mode_node_level_v1,SI-Drahi_14-d2-HOM-ULO-BHI-fdfe4a413b,TK-PB-Drahi_14-d2-HOM-ULO-9e640d1615-r1,SS-19da242d4543,risk_neutral_expectation,1,TWO_STAGE_RH,PEA,pv,9,11,1,1.0,32.0,0.0,61.0,91.4,0.0,0.0,false,0.0,0.0,0.0,0.0,0.0
shared_battery_mode_node_level_v1,SI-Drahi_14-d2-HOM-ULO-BHI-fdfe4a413b,TK-PB-Drahi_14-d2-HOM-ULO-9e640d1615-r1,SS-19da242d4543,risk_neutral_expectation,1,TWO_STAGE_RH,PEA,pv,9,12,1,1.0,0.0,0.0,91.4,91.4,0.0,0.0,false,0.0,0.0,0.0,0.0,0.0
shared_battery_mode_node_level_v1,SI-Drahi_14-d2-HOM-ULO-BHI-fdfe4a413b,TK-PB-Drahi_14-d2-HOM-ULO-9e640d1615-r1,SS-354317d12b7f,risk_neutral_expectation,1,TWO_STAGE_RH,PEA,pv,13,13,1,1.0,0.0,0.0,91.4,91.4,0.0,0.0,false,0.0,0.0,0.0,0.0,0.0
shared_battery_mode_node_level_v1,SI-Drahi_14-d2-HOM-ULO-BHI-fdfe4a413b,TK-PB-Drahi_14-d2-HOM-ULO-9e640d1615-r1,SS-354317d12b7f,risk_neutral_expectation,1,TWO_STAGE_RH,PEA,pv,13,14,1,1.0,32.0,0.0,91.4,121.80000000000001,0.0,0.0,false,0.0,0.0,0.0,0.0,0.0
shared_battery_mode_node_level_v1,SI-Drahi_14-d2-HOM-ULO-BHI-fdfe4a413b,TK-PB-Drahi_14-d2-HOM-ULO-9e640d1615-r1,SS-354317d12b7f,risk_neutral_expectation,1,TWO_STAGE_RH,PEA,pv,13,15,1,1.0,0.0,0.0,121.80000000000001,121.80000000000001,0.0,0.0,false,0.0,0.0,0.0,0.0,0.0
shared_battery_mode_node_level_v1,SI-Drahi_14-d2-HOM-ULO-BHI-fdfe4a413b,TK-PB-Drahi_14-d2-HOM-ULO-9e640d1615-r1,SS-354317d12b7f,risk_neutral_expectation,1,TWO_STAGE_RH,PEA,pv,13,16,1,1.0,0.0,0.0,121.80000000000001,121.80000000000001,0.0,0.0,false,0.0,0.0,0.0,0.0,0.0
shared_battery_mode_node_level_v1,SI-Drahi_14-d2-HOM-ULO-BHI-fdfe4a413b,TK-PB-Drahi_14-d2-HOM-ULO-9e640d1615-r1,SS-c81930d9c8ba,risk_neutral_expectation,1,TWO_STAGE_RH,PEA,pv,17,17,1,1.0,0.0,0.0,121.80000000000001,121.80000000000001,0.0,0.0,false,0.0,0.0,0.0,0.0,0.0
shared_battery_mode_node_level_v1,SI-Drahi_14-d2-HOM-ULO-BHI-fdfe4a413b,TK-PB-Drahi_14-d2-HOM-ULO-9e640d1615-r1,SS-c81930d9c8ba,risk_neutral_expectation,1,TWO_STAGE_RH,PEA,pv,17,18,1,0.0,0.0,32.0,121.80000000000001,88.11578947368423,0.0,0.0,false,0.0,0.0,0.0,0.0,0.0
shared_battery_mode_node_level_v1,SI-Drahi_14-d2-HOM-ULO-BHI-fdfe4a413b,TK-PB-Drahi_14-d2-HOM-ULO-9e640d1615-r1,SS-c81930d9c8ba,risk_neutral_expectation,1,TWO_STAGE_RH,PEA,pv,17,19,1,1.0,32.0,0.0,88.11578947368423,118.51578947368424,0.0,0.0,false,0.0,0.0,0.0,0.0,0.0
shared_battery_mode_node_level_v1,SI-Drahi_14-d2-HOM-ULO-BHI-fdfe4a413b,TK-PB-Drahi_14-d2-HOM-ULO-9e640d1615-r1,SS-c81930d9c8ba,risk_neutral_expectation,1,TWO_STAGE_RH,PEA,pv,17,20,1,1.0,7.878116343490277,0.0,118.51578947368424,126.0,0.0,0.0,false,0.0,0.0,0.0,0.0,0.0
shared_battery_mode_node_level_v1,SI-Drahi_14-d2-HOM-ULO-BHI-fdfe4a413b,TK-PB-Drahi_14-d2-HOM-ULO-9e640d1615-r1,SS-3cf9bda45ea4,risk_neutral_expectation,1,TWO_STAGE_RH,PEA,pv,21,21,1,0.0,0.0,32.0,126.0,92.31578947368422,0.0,0.0,false,0.0,0.0,0.0,0.0,0.0
shared_battery_mode_node_level_v1,SI-Drahi_14-d2-HOM-ULO-BHI-fdfe4a413b,TK-PB-Drahi_14-d2-HOM-ULO-9e640d1615-r1,SS-3cf9bda45ea4,risk_neutral_expectation,1,TWO_STAGE_RH,PEA,pv,21,22,1,0.0,0.0,32.0,92.31578947368422,58.63157894736843,0.0,0.0,false,0.0,0.0,0.0,0.0,0.0
shared_battery_mode_node_level_v1,SI-Drahi_14-d2-HOM-ULO-BHI-fdfe4a413b,TK-PB-Drahi_14-d2-HOM-ULO-9e640d1615-r1,SS-3cf9bda45ea4,risk_neutral_expectation,1,TWO_STAGE_RH,PEA,pv,21,23,1,0.0,0.0,32.0,58.63157894736843,24.947368421052644,0.0,0.0,false,0.0,0.0,0.0,0.0,0.0
shared_battery_mode_node_level_v1,SI-Drahi_14-d2-HOM-ULO-BHI-fdfe4a413b,TK-PB-Drahi_14-d2-HOM-ULO-9e640d1615-r1,SS-3cf9bda45ea4,risk_neutral_expectation,1,TWO_STAGE_RH,PEA,pv,21,24,1,0.2653124999999996,0.0,23.510000000000012,24.947368421052644,0.1999999999999993,0.0,0.0,false,0.0,0.2653124999999996,7.216449660063518e-16,7.216449660063518e-16,0.0
shared_battery_mode_node_level_v1,SI-Drahi_14-d2-HOM-ULO-BHI-fdfe4a413b,TK-PB-Drahi_14-d2-HOM-ULO-9e640d1615-r1,SS-5d5bbea46d20,risk_neutral_expectation,1,TWO_STAGE_RH,SA,savings,1,1,1,1.0,0.0,0.0,0.2,0.2,0.0,0.0,false,0.0,0.0,0.0,0.0,0.0
shared_battery_mode_node_level_v1,SI-Drahi_14-d2-HOM-ULO-BHI-fdfe4a413b,TK-PB-Drahi_14-d2-HOM-ULO-9e640d1615-r1,SS-5d5bbea46d20,risk_neutral_expectation,1,TWO_STAGE_RH,SA,savings,1,2,1,1.0,32.0,0.0,0.2,30.599999999999998,0.0,0.0,false,0.0,0.0,0.0,0.0,0.0
shared_battery_mode_node_level_v1,SI-Drahi_14-d2-HOM-ULO-BHI-fdfe4a413b,TK-PB-Drahi_14-d2-HOM-ULO-9e640d1615-r1,SS-5d5bbea46d20,risk_neutral_expectation,1,TWO_STAGE_RH,SA,savings,1,3,1,1.0,0.0,0.0,30.599999999999998,30.599999999999998,0.0,0.0,false,0.0,0.0,0.0,0.0,0.0
shared_battery_mode_node_level_v1,SI-Drahi_14-d2-HOM-ULO-BHI-fdfe4a413b,TK-PB-Drahi_14-d2-HOM-ULO-9e640d1615-r1,SS-5d5bbea46d20,risk_neutral_expectation,1,TWO_STAGE_RH,SA,savings,1,4,1,1.0,0.0,0.0,30.599999999999998,30.599999999999998,0.0,0.0,false,0.0,0.0,0.0,0.0,0.0
shared_battery_mode_node_level_v1,SI-Drahi_14-d2-HOM-ULO-BHI-fdfe4a413b,TK-PB-Drahi_14-d2-HOM-ULO-9e640d1615-r1,SS-102adc95e052,risk_neutral_expectation,1,TWO_STAGE_RH,SA,savings,5,5,1,1.0,0.0,0.0,30.599999999999998,30.599999999999998,0.0,0.0,false,0.0,0.0,0.0,0.0,0.0
shared_battery_mode_node_level_v1,SI-Drahi_14-d2-HOM-ULO-BHI-fdfe4a413b,TK-PB-Drahi_14-d2-HOM-ULO-9e640d1615-r1,SS-102adc95e052,risk_neutral_expectation,1,TWO_STAGE_RH,SA,savings,5,6,1,1.0,0.0,0.0,30.599999999999998,30.599999999999998,0.0,0.0,false,0.0,0.0,0.0,0.0,0.0
shared_battery_mode_node_level_v1,SI-Drahi_14-d2-HOM-ULO-BHI-fdfe4a413b,TK-PB-Drahi_14-d2-HOM-ULO-9e640d1615-r1,SS-102adc95e052,risk_neutral_expectation,1,TWO_STAGE_RH,SA,savings,5,7,1,1.0,0.0,0.0,30.599999999999998,30.599999999999998,0.0,0.0,false,0.0,0.0,0.0,0.0,0.0
shared_battery_mode_node_level_v1,SI-Drahi_14-d2-HOM-ULO-BHI-fdfe4a413b,TK-PB-Drahi_14-d2-HOM-ULO-9e640d1615-r1,SS-102adc95e052,risk_neutral_expectation,1,TWO_STAGE_RH,SA,savings,5,8,1,1.0,0.0,0.0,30.599999999999998,30.599999999999998,0.0,0.0,false,0.0,0.0,0.0,0.0,0.0
shared_battery_mode_node_level_v1,SI-Drahi_14-d2-HOM-ULO-BHI-fdfe4a413b,TK-PB-Drahi_14-d2-HOM-ULO-9e640d1615-r1,SS-19da242d4543,risk_neutral_expectation,1,TWO_STAGE_RH,SA,savings,9,9,1,1.0,0.0,0.0,30.599999999999998,30.599999999999998,0.0,0.0,false,0.0,0.0,0.0,0.0,0.0
shared_battery_mode_node_level_v1,SI-Drahi_14-d2-HOM-ULO-BHI-fdfe4a413b,TK-PB-Drahi_14-d2-HOM-ULO-9e640d1615-r1,SS-19da242d4543,risk_neutral_expectation,1,TWO_STAGE_RH,SA,savings,9,10,1,1.0,32.0,0.0,30.599999999999998,61.0,0.0,0.0,false,0.0,0.0,0.0,0.0,0.0
shared_battery_mode_node_level_v1,SI-Drahi_14-d2-HOM-ULO-BHI-fdfe4a413b,TK-PB-Drahi_14-d2-HOM-ULO-9e640d1615-r1,SS-19da242d4543,risk_neutral_expectation,1,TWO_STAGE_RH,SA,savings,9,11,1,1.0,32.0,0.0,61.0,91.4,0.0,0.0,false,0.0,0.0,0.0,0.0,0.0
shared_battery_mode_node_level_v1,SI-Drahi_14-d2-HOM-ULO-BHI-fdfe4a413b,TK-PB-Drahi_14-d2-HOM-ULO-9e640d1615-r1,SS-19da242d4543,risk_neutral_expectation,1,TWO_STAGE_RH,SA,savings,9,12,1,1.0,0.0,0.0,91.4,91.4,0.0,0.0,false,0.0,0.0,0.0,0.0,0.0
shared_battery_mode_node_level_v1,SI-Drahi_14-d2-HOM-ULO-BHI-fdfe4a413b,TK-PB-Drahi_14-d2-HOM-ULO-9e640d1615-r1,SS-354317d12b7f,risk_neutral_expectation,1,TWO_STAGE_RH,SA,savings,13,13,1,1.0,0.0,0.0,91.4,91.4,0.0,0.0,false,0.0,0.0,0.0,0.0,0.0
shared_battery_mode_node_level_v1,SI-Drahi_14-d2-HOM-ULO-BHI-fdfe4a413b,TK-PB-Drahi_14-d2-HOM-ULO-9e640d1615-r1,SS-354317d12b7f,risk_neutral_expectation,1,TWO_STAGE_RH,SA,savings,13,14,1,1.0,32.0,0.0,91.4,121.80000000000001,0.0,0.0,false,0.0,0.0,0.0,0.0,0.0
shared_battery_mode_node_level_v1,SI-Drahi_14-d2-HOM-ULO-BHI-fdfe4a413b,TK-PB-Drahi_14-d2-HOM-ULO-9e640d1615-r1,SS-354317d12b7f,risk_neutral_expectation,1,TWO_STAGE_RH,SA,savings,13,15,1,1.0,0.0,0.0,121.80000000000001,121.80000000000001,0.0,0.0,false,0.0,0.0,0.0,0.0,0.0
shared_battery_mode_node_level_v1,SI-Drahi_14-d2-HOM-ULO-BHI-fdfe4a413b,TK-PB-Drahi_14-d2-HOM-ULO-9e640d1615-r1,SS-354317d12b7f,risk_neutral_expectation,1,TWO_STAGE_RH,SA,savings,13,16,1,1.0,0.0,0.0,121.80000000000001,121.80000000000001,0.0,0.0,false,0.0,0.0,0.0,0.0,0.0
shared_battery_mode_node_level_v1,SI-Drahi_14-d2-HOM-ULO-BHI-fdfe4a413b,TK-PB-Drahi_14-d2-HOM-ULO-9e640d1615-r1,SS-c81930d9c8ba,risk_neutral_expectation,1,TWO_STAGE_RH,SA,savings,17,17,1,1.0,0.0,0.0,121.80000000000001,121.80000000000001,0.0,0.0,false,0.0,0.0,0.0,0.0,0.0
shared_battery_mode_node_level_v1,SI-Drahi_14-d2-HOM-ULO-BHI-fdfe4a413b,TK-PB-Drahi_14-d2-HOM-ULO-9e640d1615-r1,SS-c81930d9c8ba,risk_neutral_expectation,1,TWO_STAGE_RH,SA,savings,17,18,1,0.0,0.0,32.0,121.80000000000001,88.11578947368423,0.0,0.0,false,0.0,0.0,0.0,0.0,0.0
shared_battery_mode_node_level_v1,SI-Drahi_14-d2-HOM-ULO-BHI-fdfe4a413b,TK-PB-Drahi_14-d2-HOM-ULO-9e640d1615-r1,SS-c81930d9c8ba,risk_neutral_expectation,1,TWO_STAGE_RH,SA,savings,17,19,1,1.0,32.0,0.0,88.11578947368423,118.51578947368424,0.0,0.0,false,0.0,0.0,0.0,0.0,0.0
shared_battery_mode_node_level_v1,SI-Drahi_14-d2-HOM-ULO-BHI-fdfe4a413b,TK-PB-Drahi_14-d2-HOM-ULO-9e640d1615-r1,SS-c81930d9c8ba,risk_neutral_expectation,1,TWO_STAGE_RH,SA,savings,17,20,1,1.0,7.878116343490277,0.0,118.51578947368424,126.0,0.0,0.0,false,0.0,0.0,0.0,0.0,0.0
shared_battery_mode_node_level_v1,SI-Drahi_14-d2-HOM-ULO-BHI-fdfe4a413b,TK-PB-Drahi_14-d2-HOM-ULO-9e640d1615-r1,SS-3cf9bda45ea4,risk_neutral_expectation,1,TWO_STAGE_RH,SA,savings,21,21,1,0.0,0.0,32.0,126.0,92.31578947368422,0.0,0.0,false,0.0,0.0,1.4210854715202004e-14,0.0,0.0
shared_battery_mode_node_level_v1,SI-Drahi_14-d2-HOM-ULO-BHI-fdfe4a413b,TK-PB-Drahi_14-d2-HOM-ULO-9e640d1615-r1,SS-3cf9bda45ea4,risk_neutral_expectation,1,TWO_STAGE_RH,SA,savings,21,22,1,0.0,0.0,32.0,92.31578947368422,58.63157894736843,0.0,0.0,false,0.0,0.0,7.815970093361102e-14,0.0,0.0
shared_battery_mode_node_level_v1,SI-Drahi_14-d2-HOM-ULO-BHI-fdfe4a413b,TK-PB-Drahi_14-d2-HOM-ULO-9e640d1615-r1,SS-3cf9bda45ea4,risk_neutral_expectation,1,TWO_STAGE_RH,SA,savings,21,23,1,0.0,0.0,32.0,58.63157894736843,24.947368421052644,0.0,0.0,false,0.0,0.0,7.815970093361102e-14,0.0,0.0
shared_battery_mode_node_level_v1,SI-Drahi_14-d2-HOM-ULO-BHI-fdfe4a413b,TK-PB-Drahi_14-d2-HOM-ULO-9e640d1615-r1,SS-3cf9bda45ea4,risk_neutral_expectation,1,TWO_STAGE_RH,SA,savings,21,24,1,0.26531250000000184,0.0,23.50999999999994,24.947368421052644,0.2000000000000739,0.0,0.0,false,0.0,0.26531250000000184,7.388534228880417e-14,0.0,0.0
shared_battery_mode_node_level_v1,SI-Drahi_14-d2-HOM-ULO-BHI-fdfe4a413b,TK-PB-Drahi_14-d2-HOM-ULO-9e640d1615-r1,SS-5d5bbea46d20,risk_neutral_expectation,1,TWO_STAGE_RH,STATIC_DEMAND_SHARE,pv,1,1,1,1.0,0.0,0.0,0.2,0.2,0.0,0.0,false,0.0,0.0,0.0,0.0,0.0
shared_battery_mode_node_level_v1,SI-Drahi_14-d2-HOM-ULO-BHI-fdfe4a413b,TK-PB-Drahi_14-d2-HOM-ULO-9e640d1615-r1,SS-5d5bbea46d20,risk_neutral_expectation,1,TWO_STAGE_RH,STATIC_DEMAND_SHARE,pv,1,2,1,1.0,32.0,0.0,0.2,30.599999999999998,0.0,0.0,false,0.0,0.0,0.0,0.0,0.0
shared_battery_mode_node_level_v1,SI-Drahi_14-d2-HOM-ULO-BHI-fdfe4a413b,TK-PB-Drahi_14-d2-HOM-ULO-9e640d1615-r1,SS-5d5bbea46d20,risk_neutral_expectation,1,TWO_STAGE_RH,STATIC_DEMAND_SHARE,pv,1,3,1,1.0,0.0,0.0,30.599999999999998,30.599999999999998,0.0,0.0,false,0.0,0.0,0.0,0.0,0.0
shared_battery_mode_node_level_v1,SI-Drahi_14-d2-HOM-ULO-BHI-fdfe4a413b,TK-PB-Drahi_14-d2-HOM-ULO-9e640d1615-r1,SS-5d5bbea46d20,risk_neutral_expectation,1,TWO_STAGE_RH,STATIC_DEMAND_SHARE,pv,1,4,1,1.0,0.0,0.0,30.599999999999998,30.599999999999998,0.0,0.0,false,0.0,0.0,0.0,0.0,0.0
shared_battery_mode_node_level_v1,SI-Drahi_14-d2-HOM-ULO-BHI-fdfe4a413b,TK-PB-Drahi_14-d2-HOM-ULO-9e640d1615-r1,SS-102adc95e052,risk_neutral_expectation,1,TWO_STAGE_RH,STATIC_DEMAND_SHARE,pv,5,5,1,1.0,0.0,0.0,30.599999999999998,30.599999999999998,0.0,0.0,false,0.0,0.0,0.0,0.0,0.0
shared_battery_mode_node_level_v1,SI-Drahi_14-d2-HOM-ULO-BHI-fdfe4a413b,TK-PB-Drahi_14-d2-HOM-ULO-9e640d1615-r1,SS-102adc95e052,risk_neutral_expectation,1,TWO_STAGE_RH,STATIC_DEMAND_SHARE,pv,5,6,1,1.0,0.0,0.0,30.599999999999998,30.599999999999998,0.0,0.0,false,0.0,0.0,0.0,0.0,0.0
shared_battery_mode_node_level_v1,SI-Drahi_14-d2-HOM-ULO-BHI-fdfe4a413b,TK-PB-Drahi_14-d2-HOM-ULO-9e640d1615-r1,SS-102adc95e052,risk_neutral_expectation,1,TWO_STAGE_RH,STATIC_DEMAND_SHARE,pv,5,7,1,1.0,0.0,0.0,30.599999999999998,30.599999999999998,0.0,0.0,false,0.0,0.0,0.0,0.0,0.0
shared_battery_mode_node_level_v1,SI-Drahi_14-d2-HOM-ULO-BHI-fdfe4a413b,TK-PB-Drahi_14-d2-HOM-ULO-9e640d1615-r1,SS-102adc95e052,risk_neutral_expectation,1,TWO_STAGE_RH,STATIC_DEMAND_SHARE,pv,5,8,1,1.0,0.0,0.0,30.599999999999998,30.599999999999998,0.0,0.0,false,0.0,0.0,0.0,0.0,0.0
shared_battery_mode_node_level_v1,SI-Drahi_14-d2-HOM-ULO-BHI-fdfe4a413b,TK-PB-Drahi_14-d2-HOM-ULO-9e640d1615-r1,SS-19da242d4543,risk_neutral_expectation,1,TWO_STAGE_RH,STATIC_DEMAND_SHARE,pv,9,9,1,1.0,0.0,0.0,30.599999999999998,30.599999999999998,0.0,0.0,false,0.0,0.0,0.0,0.0,0.0
shared_battery_mode_node_level_v1,SI-Drahi_14-d2-HOM-ULO-BHI-fdfe4a413b,TK-PB-Drahi_14-d2-HOM-ULO-9e640d1615-r1,SS-19da242d4543,risk_neutral_expectation,1,TWO_STAGE_RH,STATIC_DEMAND_SHARE,pv,9,10,1,1.0,32.0,0.0,30.599999999999998,61.0,0.0,0.0,false,0.0,0.0,0.0,0.0,0.0
shared_battery_mode_node_level_v1,SI-Drahi_14-d2-HOM-ULO-BHI-fdfe4a413b,TK-PB-Drahi_14-d2-HOM-ULO-9e640d1615-r1,SS-19da242d4543,risk_neutral_expectation,1,TWO_STAGE_RH,STATIC_DEMAND_SHARE,pv,9,11,1,1.0,32.0,0.0,61.0,91.4,0.0,0.0,false,0.0,0.0,0.0,0.0,0.0
shared_battery_mode_node_level_v1,SI-Drahi_14-d2-HOM-ULO-BHI-fdfe4a413b,TK-PB-Drahi_14-d2-HOM-ULO-9e640d1615-r1,SS-19da242d4543,risk_neutral_expectation,1,TWO_STAGE_RH,STATIC_DEMAND_SHARE,pv,9,12,1,1.0,0.0,0.0,91.4,91.4,0.0,0.0,false,0.0,0.0,0.0,0.0,0.0
shared_battery_mode_node_level_v1,SI-Drahi_14-d2-HOM-ULO-BHI-fdfe4a413b,TK-PB-Drahi_14-d2-HOM-ULO-9e640d1615-r1,SS-354317d12b7f,risk_neutral_expectation,1,TWO_STAGE_RH,STATIC_DEMAND_SHARE,pv,13,13,1,1.0,0.0,0.0,91.4,91.4,0.0,0.0,false,0.0,0.0,0.0,0.0,0.0
shared_battery_mode_node_level_v1,SI-Drahi_14-d2-HOM-ULO-BHI-fdfe4a413b,TK-PB-Drahi_14-d2-HOM-ULO-9e640d1615-r1,SS-354317d12b7f,risk_neutral_expectation,1,TWO_STAGE_RH,STATIC_DEMAND_SHARE,pv,13,14,1,1.0,32.0,0.0,91.4,121.80000000000001,0.0,0.0,false,0.0,0.0,0.0,0.0,0.0
shared_battery_mode_node_level_v1,SI-Drahi_14-d2-HOM-ULO-BHI-fdfe4a413b,TK-PB-Drahi_14-d2-HOM-ULO-9e640d1615-r1,SS-354317d12b7f,risk_neutral_expectation,1,TWO_STAGE_RH,STATIC_DEMAND_SHARE,pv,13,15,1,1.0,0.0,0.0,121.80000000000001,121.80000000000001,0.0,0.0,false,0.0,0.0,0.0,0.0,0.0
shared_battery_mode_node_level_v1,SI-Drahi_14-d2-HOM-ULO-BHI-fdfe4a413b,TK-PB-Drahi_14-d2-HOM-ULO-9e640d1615-r1,SS-354317d12b7f,risk_neutral_expectation,1,TWO_STAGE_RH,STATIC_DEMAND_SHARE,pv,13,16,1,1.0,0.0,0.0,121.80000000000001,121.80000000000001,0.0,0.0,false,0.0,0.0,0.0,0.0,0.0
shared_battery_mode_node_level_v1,SI-Drahi_14-d2-HOM-ULO-BHI-fdfe4a413b,TK-PB-Drahi_14-d2-HOM-ULO-9e640d1615-r1,SS-c81930d9c8ba,risk_neutral_expectation,1,TWO_STAGE_RH,STATIC_DEMAND_SHARE,pv,17,17,1,1.0,0.0,0.0,121.80000000000001,121.80000000000001,0.0,0.0,false,0.0,0.0,0.0,0.0,0.0
shared_battery_mode_node_level_v1,SI-Drahi_14-d2-HOM-ULO-BHI-fdfe4a413b,TK-PB-Drahi_14-d2-HOM-ULO-9e640d1615-r1,SS-c81930d9c8ba,risk_neutral_expectation,1,TWO_STAGE_RH,STATIC_DEMAND_SHARE,pv,17,18,1,0.0,0.0,32.0,121.80000000000001,88.11578947368423,0.0,0.0,false,0.0,0.0,0.0,0.0,0.0
shared_battery_mode_node_level_v1,SI-Drahi_14-d2-HOM-ULO-BHI-fdfe4a413b,TK-PB-Drahi_14-d2-HOM-ULO-9e640d1615-r1,SS-c81930d9c8ba,risk_neutral_expectation,1,TWO_STAGE_RH,STATIC_DEMAND_SHARE,pv,17,19,1,1.0,32.0,0.0,88.11578947368423,118.51578947368424,0.0,0.0,false,0.0,0.0,0.0,0.0,0.0
shared_battery_mode_node_level_v1,SI-Drahi_14-d2-HOM-ULO-BHI-fdfe4a413b,TK-PB-Drahi_14-d2-HOM-ULO-9e640d1615-r1,SS-c81930d9c8ba,risk_neutral_expectation,1,TWO_STAGE_RH,STATIC_DEMAND_SHARE,pv,17,20,1,1.0,7.878116343490277,0.0,118.51578947368424,126.0,0.0,0.0,false,0.0,0.0,0.0,0.0,0.0
shared_battery_mode_node_level_v1,SI-Drahi_14-d2-HOM-ULO-BHI-fdfe4a413b,TK-PB-Drahi_14-d2-HOM-ULO-9e640d1615-r1,SS-3cf9bda45ea4,risk_neutral_expectation,1,TWO_STAGE_RH,STATIC_DEMAND_SHARE,pv,21,21,1,0.0,0.0,32.0,126.0,92.31578947368422,0.0,0.0,false,0.0,0.0,0.0,0.0,0.0
shared_battery_mode_node_level_v1,SI-Drahi_14-d2-HOM-ULO-BHI-fdfe4a413b,TK-PB-Drahi_14-d2-HOM-ULO-9e640d1615-r1,SS-3cf9bda45ea4,risk_neutral_expectation,1,TWO_STAGE_RH,STATIC_DEMAND_SHARE,pv,21,22,1,0.0,0.0,32.0,92.31578947368422,58.63157894736843,0.0,0.0,false,0.0,0.0,0.0,0.0,0.0
shared_battery_mode_node_level_v1,SI-Drahi_14-d2-HOM-ULO-BHI-fdfe4a413b,TK-PB-Drahi_14-d2-HOM-ULO-9e640d1615-r1,SS-3cf9bda45ea4,risk_neutral_expectation,1,TWO_STAGE_RH,STATIC_DEMAND_SHARE,pv,21,23,1,0.0,0.0,32.0,58.63157894736843,24.947368421052644,0.0,0.0,false,0.0,0.0,0.0,0.0,0.0
shared_battery_mode_node_level_v1,SI-Drahi_14-d2-HOM-ULO-BHI-fdfe4a413b,TK-PB-Drahi_14-d2-HOM-ULO-9e640d1615-r1,SS-3cf9bda45ea4,risk_neutral_expectation,1,TWO_STAGE_RH,STATIC_DEMAND_SHARE,pv,21,24,1,0.2653124999999996,0.0,23.510000000000012,24.947368421052644,0.1999999999999993,0.0,0.0,false,0.0,0.2653124999999996,7.216449660063518e-16,7.216449660063518e-16,0.0
shared_battery_mode_node_level_v1,SI-Drahi_14-d2-HOM-ULO-BLO-fb15d9bbd9,TK-PB-Drahi_14-d2-HOM-ULO-9e640d1615-r1,SS-5d5bbea46d20,risk_neutral_expectation,1,DETERMINISTIC_RH,LEXMMFPEA,pv,1,1,1,1.0,0.0,0.0,0.2,0.2,0.0,0.0,false,0.0,0.0,0.0,0.0,0.0
shared_battery_mode_node_level_v1,SI-Drahi_14-d2-HOM-ULO-BLO-fb15d9bbd9,TK-PB-Drahi_14-d2-HOM-ULO-9e640d1615-r1,SS-5d5bbea46d20,risk_neutral_expectation,1,DETERMINISTIC_RH,LEXMMFPEA,pv,1,2,1,1.0,8.0,0.0,0.2,7.8,0.0,0.0,false,0.0,0.0,0.0,0.0,0.0
shared_battery_mode_node_level_v1,SI-Drahi_14-d2-HOM-ULO-BLO-fb15d9bbd9,TK-PB-Drahi_14-d2-HOM-ULO-9e640d1615-r1,SS-5d5bbea46d20,risk_neutral_expectation,1,DETERMINISTIC_RH,LEXMMFPEA,pv,1,3,1,1.0,0.0,0.0,7.8,7.8,0.0,0.0,false,0.0,0.0,0.0,0.0,0.0
shared_battery_mode_node_level_v1,SI-Drahi_14-d2-HOM-ULO-BLO-fb15d9bbd9,TK-PB-Drahi_14-d2-HOM-ULO-9e640d1615-r1,SS-5d5bbea46d20,risk_neutral_expectation,1,DETERMINISTIC_RH,LEXMMFPEA,pv,1,4,1,1.0,0.0,0.0,7.8,7.8,0.0,0.0,false,0.0,0.0,0.0,0.0,0.0
shared_battery_mode_node_level_v1,SI-Drahi_14-d2-HOM-ULO-BLO-fb15d9bbd9,TK-PB-Drahi_14-d2-HOM-ULO-9e640d1615-r1,SS-102adc95e052,risk_neutral_expectation,1,DETERMINISTIC_RH,LEXMMFPEA,pv,5,5,1,1.0,0.0,0.0,7.8,7.8,0.0,0.0,false,0.0,0.0,0.0,0.0,0.0
shared_battery_mode_node_level_v1,SI-Drahi_14-d2-HOM-ULO-BLO-fb15d9bbd9,TK-PB-Drahi_14-d2-HOM-ULO-9e640d1615-r1,SS-102adc95e052,risk_neutral_expectation,1,DETERMINISTIC_RH,LEXMMFPEA,pv,5,6,1,1.0,0.0,0.0,7.8,7.8,0.0,0.0,false,0.0,0.0,0.0,0.0,0.0
shared_battery_mode_node_level_v1,SI-Drahi_14-d2-HOM-ULO-BLO-fb15d9bbd9,TK-PB-Drahi_14-d2-HOM-ULO-9e640d1615-r1,SS-102adc95e052,risk_neutral_expectation,1,DETERMINISTIC_RH,LEXMMFPEA,pv,5,7,1,1.0,0.0,0.0,7.8,7.8,0.0,0.0,false,0.0,0.0,0.0,0.0,0.0
shared_battery_mode_node_level_v1,SI-Drahi_14-d2-HOM-ULO-BLO-fb15d9bbd9,TK-PB-Drahi_14-d2-HOM-ULO-9e640d1615-r1,SS-102adc95e052,risk_neutral_expectation,1,DETERMINISTIC_RH,LEXMMFPEA,pv,5,8,1,1.0,-1.2718714970105793e-12,0.0,7.8,7.799999999998792,0.0,0.0,false,0.0,0.0,0.0,0.0,0.0
shared_battery_mode_node_level_v1,SI-Drahi_14-d2-HOM-ULO-BLO-fb15d9bbd9,TK-PB-Drahi_14-d2-HOM-ULO-9e640d1615-r1,SS-19da242d4543,risk_neutral_expectation,1,DETERMINISTIC_RH,LEXMMFPEA,pv,9,9,1,0.0,0.0,0.0,7.799999999998792,7.799999999998792,0.0,0.0,false,0.0,0.0,0.0,0.0,0.0
shared_battery_mode_node_level_v1,SI-Drahi_14-d2-HOM-ULO-BLO-fb15d9bbd9,TK-PB-Drahi_14-d2-HOM-ULO-9e640d1615-r1,SS-19da242d4543,risk_neutral_expectation,1,DETERMINISTIC_RH,LEXMMFPEA,pv,9,10,1,1.0,8.0,0.0,7.799999999998792,15.39999999999879,0.0,0.0,false,0.0,0.0,0.0,0.0,0.0
shared_battery_mode_node_level_v1,SI-Drahi_14-d2-HOM-ULO-BLO-fb15d9bbd9,TK-PB-Drahi_14-d2-HOM-ULO-9e640d1615-r1,SS-19da242d4543,risk_neutral_expectation,1,DETERMINISTIC_RH,LEXMMFPEA,pv,9,11,1,1.0,8.0,0.0,15.39999999999879,22.999999999998792,0.0,0.0,false,0.0,0.0,0.0,0.0,0.0
shared_battery_mode_node_level_v1,SI-Drahi_14-d2-HOM-ULO-BLO-fb15d9bbd9,TK-PB-Drahi_14-d2-HOM-ULO-9e640d1615-r1,SS-19da242d4543,risk_neutral_expectation,1,DETERMINISTIC_RH,LEXMMFPEA,pv,9,12,1,-1.6342482922482304e-13,-1.3073986337985843e-12,0.0,22.999999999998792,22.99999999999755,0.0,0.0,false,0.0,1.6342482922482304e-13,0.0,0.0,0.0
shared_battery_mode_node_level_v1,SI-Drahi_14-d2-HOM-ULO-BLO-fb15d9bbd9,TK-PB-Drahi_14-d2-HOM-ULO-9e640d1615-r1,SS-354317d12b7f,risk_neutral_expectation,1,DETERMINISTIC_RH,LEXMMFPEA,pv,13,13,1,0.0,0.0,0.0,22.99999999999755,22.99999999999755,0.0,0.0,false,0.0,0.0,0.0,0.0,0.0
shared_battery_mode_node_level_v1,SI-Drahi_14-d2-HOM-ULO-BLO-fb15d9bbd9,TK-PB-Drahi_14-d2-HOM-ULO-9e640d1615-r1,SS-354317d12b7f,risk_neutral_expectation,1,DETERMINISTIC_RH,LEXMMFPEA,pv,13,14,1,1.0,8.0,0.0,22.99999999999755,30.59999999999755,0.0,0.0,false,0.0,0.0,0.0,0.0,0.0
shared_battery_mode_node_level_v1,SI-Drahi_14-d2-HOM-ULO-BLO-fb15d9bbd9,TK-PB-Drahi_14-d2-HOM-ULO-9e640d1615-r1,SS-354317d12b7f,risk_neutral_expectation,1,DETERMINISTIC_RH,LEXMMFPEA,pv,13,15,1,0.0,-6.963318810448982e-13,0.0,30.59999999999755,30.59999999999689,0.0,0.0,false,0.0,0.0,0.0,0.0,0.0
shared_battery_mode_node_level_v1,SI-Drahi_14-d2-HOM-ULO-BLO-fb15d9bbd9,TK-PB-Drahi_14-d2-HOM-ULO-9e640d1615-r1,SS-354317d12b7f,risk_neutral_expectation,1,DETERMINISTIC_RH,LEXMMFPEA,pv,13,16,1,0.0,-3.055333763768431e-13,0.0,30.59999999999689,30.599999999996598,0.0,0.0,false,0.0,0.0,0.0,0.0,0.0
shared_battery_mode_node_level_v1,SI-Drahi_14-d2-HOM-ULO-BLO-fb15d9bbd9,TK-PB-Drahi_14-d2-HOM-ULO-9e640d1615-r1,SS-c81930d9c8ba,risk_neutral_expectation,1,DETERMINISTIC_RH,LEXMMFPEA,pv,17,17,1,0.0,0.0,0.0,30.599999999996598,30.599999999996598,0.0,0.0,false,0.0,0.0,0.0,0.0,0.0
shared_battery_mode_node_level_v1,SI-Drahi_14-d2-HOM-ULO-BLO-fb15d9bbd9,TK-PB-Drahi_14-d2-HOM-ULO-9e640d1615-r1,SS-c81930d9c8ba,risk_neutral_expectation,1,DETERMINISTIC_RH,LEXMMFPEA,pv,17,18,1,0.0,0.0,8.0,30.599999999996598,22.178947368417653,0.0,0.0,false,0.0,0.0,0.0,0.0,0.0
shared_battery_mode_node_level_v1,SI-Drahi_14-d2-HOM-ULO-BLO-fb15d9bbd9,TK-PB-Drahi_14-d2-HOM-ULO-9e640d1615-r1,SS-c81930d9c8ba,risk_neutral_expectation,1,DETERMINISTIC_RH,LEXMMFPEA,pv,17,19,1,1.0,8.0,0.0,22.178947368417653,29.778947368417654,0.0,0.0,false,0.0,0.0,0.0,0.0,0.0
shared_battery_mode_node_level_v1,SI-Drahi_14-d2-HOM-ULO-BLO-fb15d9bbd9,TK-PB-Drahi_14-d2-HOM-ULO-9e640d1615-r1,SS-c81930d9c8ba,risk_neutral_expectation,1,DETERMINISTIC_RH,LEXMMFPEA,pv,17,20,1,0.22645429362925595,1.8116343490340476,0.0,29.778947368417654,31.5,0.0,0.0,false,0.0,0.22645429362925595,0.0,0.0,0.0
shared_battery_mode_node_level_v1,SI-Drahi_14-d2-HOM-ULO-BLO-fb15d9bbd9,TK-PB-Drahi_14-d2-HOM-ULO-9e640d1615-r1,SS-3cf9bda45ea4,risk_neutral_expectation,1,DETERMINISTIC_RH,LEXMMFPEA,pv,21,21,1,0.0,0.0,8.0,31.5,23.078947368421055,0.0,0.0,false,0.0,0.0,0.0,0.0,0.0
shared_battery_mode_node_level_v1,SI-Drahi_14-d2-HOM-ULO-BLO-fb15d9bbd9,TK-PB-Drahi_14-d2-HOM-ULO-9e640d1615-r1,SS-3cf9bda45ea4,risk_neutral_expectation,1,DETERMINISTIC_RH,LEXMMFPEA,pv,21,22,1,0.0,0.0,8.0,23.078947368421055,14.657894736842108,0.0,0.0,false,0.0,0.0,0.0,0.0,0.0
shared_battery_mode_node_level_v1,SI-Drahi_14-d2-HOM-ULO-BLO-fb15d9bbd9,TK-PB-Drahi_14-d2-HOM-ULO-9e640d1615-r1,SS-3cf9bda45ea4,risk_neutral_expectation,1,DETERMINISTIC_RH,LEXMMFPEA,pv,21,23,1,0.0,0.0,8.0,14.657894736842108,6.236842105263161,0.0,0.0,false,0.0,0.0,0.0,0.0,0.0
shared_battery_mode_node_level_v1,SI-Drahi_14-d2-HOM-ULO-BLO-fb15d9bbd9,TK-PB-Drahi_14-d2-HOM-ULO-9e640d1615-r1,SS-3cf9bda45ea4,risk_neutral_expectation,1,DETERMINISTIC_RH,LEXMMFPEA,pv,21,24,1,0.2831249999999996,0.0,5.735000000000003,6.236842105263161,0.20000000000000018,0.0,0.0,false,0.0,0.2831249999999996,1.6653345369377348e-16,0.0,0.0
shared_battery_mode_node_level_v1,SI-Drahi_14-d2-HOM-ULO-BLO-fb15d9bbd9,TK-PB-Drahi_14-d2-HOM-ULO-9e640d1615-r1,SS-5d5bbea46d20,risk_neutral_expectation,1,DETERMINISTIC_RH,LEXMMFSA,savings,1,1,1,1.0,0.0,0.0,0.2,0.2,0.0,0.0,false,0.0,0.0,0.0,0.0,0.0
shared_battery_mode_node_level_v1,SI-Drahi_14-d2-HOM-ULO-BLO-fb15d9bbd9,TK-PB-Drahi_14-d2-HOM-ULO-9e640d1615-r1,SS-5d5bbea46d20,risk_neutral_expectation,1,DETERMINISTIC_RH,LEXMMFSA,savings,1,2,1,1.0,8.0,0.0,0.2,7.8,0.0,0.0,false,0.0,0.0,0.0,0.0,0.0
shared_battery_mode_node_level_v1,SI-Drahi_14-d2-HOM-ULO-BLO-fb15d9bbd9,TK-PB-Drahi_14-d2-HOM-ULO-9e640d1615-r1,SS-5d5bbea46d20,risk_neutral_expectation,1,DETERMINISTIC_RH,LEXMMFSA,savings,1,3,1,1.0,0.0,0.0,7.8,7.8,0.0,0.0,false,0.0,0.0,0.0,0.0,0.0
shared_battery_mode_node_level_v1,SI-Drahi_14-d2-HOM-ULO-BLO-fb15d9bbd9,TK-PB-Drahi_14-d2-HOM-ULO-9e640d1615-r1,SS-5d5bbea46d20,risk_neutral_expectation,1,DETERMINISTIC_RH,LEXMMFSA,savings,1,4,1,1.0,0.0,0.0,7.8,7.8,0.0,0.0,false,0.0,0.0,0.0,0.0,0.0
shared_battery_mode_node_level_v1,SI-Drahi_14-d2-HOM-ULO-BLO-fb15d9bbd9,TK-PB-Drahi_14-d2-HOM-ULO-9e640d1615-r1,SS-102adc95e052,risk_neutral_expectation,1,DETERMINISTIC_RH,LEXMMFSA,savings,5,5,1,1.0,0.0,0.0,7.8,7.8,0.0,0.0,false,0.0,0.0,0.0,0.0,0.0
shared_battery_mode_node_level_v1,SI-Drahi_14-d2-HOM-ULO-BLO-fb15d9bbd9,TK-PB-Drahi_14-d2-HOM-ULO-9e640d1615-r1,SS-102adc95e052,risk_neutral_expectation,1,DETERMINISTIC_RH,LEXMMFSA,savings,5,6,1,1.0,0.0,0.0,7.8,7.8,0.0,0.0,false,0.0,0.0,0.0,0.0,0.0
shared_battery_mode_node_level_v1,SI-Drahi_14-d2-HOM-ULO-BLO-fb15d9bbd9,TK-PB-Drahi_14-d2-HOM-ULO-9e640d1615-r1,SS-102adc95e052,risk_neutral_expectation,1,DETERMINISTIC_RH,LEXMMFSA,savings,5,7,1,1.0,-5.648814749292796e-13,0.0,7.8,7.799999999999463,0.0,0.0,false,0.0,0.0,0.0,0.0,0.0
shared_battery_mode_node_level_v1,SI-Drahi_14-d2-HOM-ULO-BLO-fb15d9bbd9,TK-PB-Drahi_14-d2-HOM-ULO-9e640d1615-r1,SS-102adc95e052,risk_neutral_expectation,1,DETERMINISTIC_RH,LEXMMFSA,savings,5,8,1,1.0,-1.2718714970105793e-12,0.0,7.799999999999463,7.799999999998255,0.0,0.0,false,0.0,0.0,0.0,0.0,0.0
shared_battery_mode_node_level_v1,SI-Drahi_14-d2-HOM-ULO-BLO-fb15d9bbd9,TK-PB-Drahi_14-d2-HOM-ULO-9e640d1615-r1,SS-19da242d4543,risk_neutral_expectation,1,DETERMINISTIC_RH,LEXMMFSA,savings,9,9,1,1.0,0.0,0.0,7.799999999998255,7.799999999998255,0.0,0.0,false,0.0,0.0,0.0,0.0,0.0
shared_battery_mode_node_level_v1,SI-Drahi_14-d2-HOM-ULO-BLO-fb15d9bbd9,TK-PB-Drahi_14-d2-HOM-ULO-9e640d1615-r1,SS-19da242d4543,risk_neutral_expectation,1,DETERMINISTIC_RH,LEXMMFSA,savings,9,10,1,1.0,8.0,0.0,7.799999999998255,15.399999999998254,0.0,0.0,false,0.0,0.0,0.0,0.0,0.0
shared_battery_mode_node_level_v1,SI-Drahi_14-d2-HOM-ULO-BLO-fb15d9bbd9,TK-PB-Drahi_14-d2-HOM-ULO-9e640d1615-r1,SS-19da242d4543,risk_neutral_expectation,1,DETERMINISTIC_RH,LEXMMFSA,savings,9,11,1,1.0,8.0,0.0,15.399999999998254,22.999999999998252,0.0,0.0,false,0.0,0.0,0.0,0.0,0.0
shared_battery_mode_node_level_v1,SI-Drahi_14-d2-HOM-ULO-BLO-fb15d9bbd9,TK-PB-Drahi_14-d2-HOM-ULO-9e640d1615-r1,SS-19da242d4543,risk_neutral_expectation,1,DETERMINISTIC_RH,LEXMMFSA,savings,9,12,1,1.0,-1.3073986337985843e-12,0.0,22.999999999998252,22.99999999999701,0.0,0.0,false,0.0,0.0,0.0,0.0,0.0
shared_battery_mode_node_level_v1,SI-Drahi_14-d2-HOM-ULO-BLO-fb15d9bbd9,TK-PB-Drahi_14-d2-HOM-ULO-9e640d1615-r1,SS-354317d12b7f,risk_neutral_expectation,1,DETERMINISTIC_RH,LEXMMFSA,savings,13,13,1,1.0,0.0,0.0,22.99999999999701,22.99999999999701,0.0,0.0,false,0.0,0.0,0.0,0.0,0.0
shared_battery_mode_node_level_v1,SI-Drahi_14-d2-HOM-ULO-BLO-fb15d9bbd9,TK-PB-Drahi_14-d2-HOM-ULO-9e640d1615-r1,SS-354317d12b7f,risk_neutral_expectation,1,DETERMINISTIC_RH,LEXMMFSA,savings,13,14,1,1.0,8.0,0.0,22.99999999999701,30.59999999999701,0.0,0.0,false,0.0,0.0,0.0,0.0,0.0
shared_battery_mode_node_level_v1,SI-Drahi_14-d2-HOM-ULO-BLO-fb15d9bbd9,TK-PB-Drahi_14-d2-HOM-ULO-9e640d1615-r1,SS-354317d12b7f,risk_neutral_expectation,1,DETERMINISTIC_RH,LEXMMFSA,savings,13,15,1,1.0,-6.963318810448982e-13,0.0,30.59999999999701,30.59999999999635,0.0,0.0,false,0.0,0.0,0.0,0.0,0.0
shared_battery_mode_node_level_v1,SI-Drahi_14-d2-HOM-ULO-BLO-fb15d9bbd9,TK-PB-Drahi_14-d2-HOM-ULO-9e640d1615-r1,SS-354317d12b7f,risk_neutral_expectation,1,DETERMINISTIC_RH,LEXMMFSA,savings,13,16,1,1.0,-3.055333763768431e-13,0.0,30.59999999999635,30.599999999996058,0.0,0.0,false,0.0,0.0,0.0,0.0,0.0
shared_battery_mode_node_level_v1,SI-Drahi_14-d2-HOM-ULO-BLO-fb15d9bbd9,TK-PB-Drahi_14-d2-HOM-ULO-9e640d1615-r1,SS-c81930d9c8ba,risk_neutral_expectation,1,DETERMINISTIC_RH,LEXMMFSA,savings,17,17,1,1.0,0.0,0.0,30.599999999996058,30.599999999996058,0.0,0.0,false,0.0,0.0,0.0,0.0,0.0
shared_battery_mode_node_level_v1,SI-Drahi_14-d2-HOM-ULO-BLO-fb15d9bbd9,TK-PB-Drahi_14-d2-HOM-ULO-9e640d1615-r1,SS-c81930d9c8ba,risk_neutral_expectation,1,DETERMINISTIC_RH,LEXMMFSA,savings,17,18,1,0.0,0.0,8.0,30.599999999996058,22.178947368417113,0.0,0.0,false,0.0,0.0,0.0,0.0,0.0
shared_battery_mode_node_level_v1,SI-Drahi_14-d2-HOM-ULO-BLO-fb15d9bbd9,TK-PB-Drahi_14-d2-HOM-ULO-9e640d1615-r1,SS-c81930d9c8ba,risk_neutral_expectation,1,DETERMINISTIC_RH,LEXMMFSA,savings,17,19,1,1.0,8.0,0.0,22.178947368417113,29.778947368417114,0.0,0.0,false,0.0,0.0,0.0,0.0,0.0
shared_battery_mode_node_level_v1,SI-Drahi_14-d2-HOM-ULO-BLO-fb15d9bbd9,TK-PB-Drahi_14-d2-HOM-ULO-9e640d1615-r1,SS-c81930d9c8ba,risk_neutral_expectation,1,DETERMINISTIC_RH,LEXMMFSA,savings,17,20,1,1.0,1.8116343490346165,0.0,29.778947368417114,31.5,0.0,0.0,false,0.0,0.0,0.0,0.0,0.0
shared_battery_mode_node_level_v1,SI-Drahi_14-d2-HOM-ULO-BLO-fb15d9bbd9,TK-PB-Drahi_14-d2-HOM-ULO-9e640d1615-r1,SS-3cf9bda45ea4,risk_neutral_expectation,1,DETERMINISTIC_RH,LEXMMFSA,savings,21,21,1,0.0,0.0,8.0,31.5,23.078947368421055,0.0,0.0,false,0.0,0.0,0.0,0.0,0.0
shared_battery_mode_node_level_v1,SI-Drahi_14-d2-HOM-ULO-BLO-fb15d9bbd9,TK-PB-Drahi_14-d2-HOM-ULO-9e640d1615-r1,SS-3cf9bda45ea4,risk_neutral_expectation,1,DETERMINISTIC_RH,LEXMMFSA,savings,21,22,1,0.0,0.0,8.0,23.078947368421055,14.657894736842108,0.0,0.0,false,0.0,0.0,0.0,0.0,0.0
shared_battery_mode_node_level_v1,SI-Drahi_14-d2-HOM-ULO-BLO-fb15d9bbd9,TK-PB-Drahi_14-d2-HOM-ULO-9e640d1615-r1,SS-3cf9bda45ea4,risk_neutral_expectation,1,DETERMINISTIC_RH,LEXMMFSA,savings,21,23,1,0.0,0.0,8.0,14.657894736842108,6.236842105263161,0.0,0.0,false,0.0,0.0,0.0,0.0,0.0
shared_battery_mode_node_level_v1,SI-Drahi_14-d2-HOM-ULO-BLO-fb15d9bbd9,TK-PB-Drahi_14-d2-HOM-ULO-9e640d1615-r1,SS-3cf9bda45ea4,risk_neutral_expectation,1,DETERMINISTIC_RH,LEXMMFSA,savings,21,24,1,0.2831249999999996,0.0,5.735000000000003,6.236842105263161,0.20000000000000018,0.0,0.0,false,0.0,0.2831249999999996,1.6653345369377348e-16,0.0,0.0
shared_battery_mode_node_level_v1,SI-Drahi_14-d2-HOM-ULO-BLO-fb15d9bbd9,TK-PB-Drahi_14-d2-HOM-ULO-9e640d1615-r1,SS-5d5bbea46d20,risk_neutral_expectation,1,DETERMINISTIC_RH,NONE,none,1,1,1,1.0,0.0,0.0,0.2,0.2,0.0,0.0,false,0.0,0.0,0.0,0.0,0.0
shared_battery_mode_node_level_v1,SI-Drahi_14-d2-HOM-ULO-BLO-fb15d9bbd9,TK-PB-Drahi_14-d2-HOM-ULO-9e640d1615-r1,SS-5d5bbea46d20,risk_neutral_expectation,1,DETERMINISTIC_RH,NONE,none,1,2,1,1.0,8.0,0.0,0.2,7.8,0.0,0.0,false,0.0,0.0,0.0,0.0,0.0
shared_battery_mode_node_level_v1,SI-Drahi_14-d2-HOM-ULO-BLO-fb15d9bbd9,TK-PB-Drahi_14-d2-HOM-ULO-9e640d1615-r1,SS-5d5bbea46d20,risk_neutral_expectation,1,DETERMINISTIC_RH,NONE,none,1,3,1,1.0,0.0,0.0,7.8,7.8,0.0,0.0,false,0.0,0.0,0.0,0.0,0.0
shared_battery_mode_node_level_v1,SI-Drahi_14-d2-HOM-ULO-BLO-fb15d9bbd9,TK-PB-Drahi_14-d2-HOM-ULO-9e640d1615-r1,SS-5d5bbea46d20,risk_neutral_expectation,1,DETERMINISTIC_RH,NONE,none,1,4,1,1.0,0.0,0.0,7.8,7.8,0.0,0.0,false,0.0,0.0,0.0,0.0,0.0
shared_battery_mode_node_level_v1,SI-Drahi_14-d2-HOM-ULO-BLO-fb15d9bbd9,TK-PB-Drahi_14-d2-HOM-ULO-9e640d1615-r1,SS-102adc95e052,risk_neutral_expectation,1,DETERMINISTIC_RH,NONE,none,5,5,1,1.0,0.0,0.0,7.8,7.8,0.0,0.0,false,0.0,0.0,0.0,0.0,0.0
shared_battery_mode_node_level_v1,SI-Drahi_14-d2-HOM-ULO-BLO-fb15d9bbd9,TK-PB-Drahi_14-d2-HOM-ULO-9e640d1615-r1,SS-102adc95e052,risk_neutral_expectation,1,DETERMINISTIC_RH,NONE,none,5,6,1,1.0,0.0,0.0,7.8,7.8,0.0,0.0,false,0.0,0.0,0.0,0.0,0.0
shared_battery_mode_node_level_v1,SI-Drahi_14-d2-HOM-ULO-BLO-fb15d9bbd9,TK-PB-Drahi_14-d2-HOM-ULO-9e640d1615-r1,SS-102adc95e052,risk_neutral_expectation,1,DETERMINISTIC_RH,NONE,none,5,7,1,1.0,-5.648814749292796e-13,0.0,7.8,7.799999999999463,0.0,0.0,false,0.0,0.0,0.0,0.0,0.0
shared_battery_mode_node_level_v1,SI-Drahi_14-d2-HOM-ULO-BLO-fb15d9bbd9,TK-PB-Drahi_14-d2-HOM-ULO-9e640d1615-r1,SS-102adc95e052,risk_neutral_expectation,1,DETERMINISTIC_RH,NONE,none,5,8,1,1.0,-1.2718714970105793e-12,0.0,7.799999999999463,7.799999999998255,0.0,0.0,false,0.0,0.0,0.0,0.0,0.0
shared_battery_mode_node_level_v1,SI-Drahi_14-d2-HOM-ULO-BLO-fb15d9bbd9,TK-PB-Drahi_14-d2-HOM-ULO-9e640d1615-r1,SS-19da242d4543,risk_neutral_expectation,1,DETERMINISTIC_RH,NONE,none,9,9,1,1.0,0.0,0.0,7.799999999998255,7.799999999998255,0.0,0.0,false,0.0,0.0,0.0,0.0,0.0
shared_battery_mode_node_level_v1,SI-Drahi_14-d2-HOM-ULO-BLO-fb15d9bbd9,TK-PB-Drahi_14-d2-HOM-ULO-9e640d1615-r1,SS-19da242d4543,risk_neutral_expectation,1,DETERMINISTIC_RH,NONE,none,9,10,1,1.0,8.0,0.0,7.799999999998255,15.399999999998254,0.0,0.0,false,0.0,0.0,0.0,0.0,0.0
shared_battery_mode_node_level_v1,SI-Drahi_14-d2-HOM-ULO-BLO-fb15d9bbd9,TK-PB-Drahi_14-d2-HOM-ULO-9e640d1615-r1,SS-19da242d4543,risk_neutral_expectation,1,DETERMINISTIC_RH,NONE,none,9,11,1,1.0,8.0,0.0,15.399999999998254,22.999999999998252,0.0,0.0,false,0.0,0.0,0.0,0.0,0.0
shared_battery_mode_node_level_v1,SI-Drahi_14-d2-HOM-ULO-BLO-fb15d9bbd9,TK-PB-Drahi_14-d2-HOM-ULO-9e640d1615-r1,SS-19da242d4543,risk_neutral_expectation,1,DETERMINISTIC_RH,NONE,none,9,12,1,1.0,-1.3073986337985843e-12,0.0,22.999999999998252,22.99999999999701,0.0,0.0,false,0.0,0.0,0.0,0.0,0.0
shared_battery_mode_node_level_v1,SI-Drahi_14-d2-HOM-ULO-BLO-fb15d9bbd9,TK-PB-Drahi_14-d2-HOM-ULO-9e640d1615-r1,SS-354317d12b7f,risk_neutral_expectation,1,DETERMINISTIC_RH,NONE,none,13,13,1,1.0,0.0,0.0,22.99999999999701,22.99999999999701,0.0,0.0,false,0.0,0.0,0.0,0.0,0.0
shared_battery_mode_node_level_v1,SI-Drahi_14-d2-HOM-ULO-BLO-fb15d9bbd9,TK-PB-Drahi_14-d2-HOM-ULO-9e640d1615-r1,SS-354317d12b7f,risk_neutral_expectation,1,DETERMINISTIC_RH,NONE,none,13,14,1,1.0,8.0,0.0,22.99999999999701,30.59999999999701,0.0,0.0,false,0.0,0.0,0.0,0.0,0.0
shared_battery_mode_node_level_v1,SI-Drahi_14-d2-HOM-ULO-BLO-fb15d9bbd9,TK-PB-Drahi_14-d2-HOM-ULO-9e640d1615-r1,SS-354317d12b7f,risk_neutral_expectation,1,DETERMINISTIC_RH,NONE,none,13,15,1,1.0,-6.963318810448982e-13,0.0,30.59999999999701,30.59999999999635,0.0,0.0,false,0.0,0.0,0.0,0.0,0.0
shared_battery_mode_node_level_v1,SI-Drahi_14-d2-HOM-ULO-BLO-fb15d9bbd9,TK-PB-Drahi_14-d2-HOM-ULO-9e640d1615-r1,SS-354317d12b7f,risk_neutral_expectation,1,DETERMINISTIC_RH,NONE,none,13,16,1,1.0,-3.055333763768431e-13,0.0,30.59999999999635,30.599999999996058,0.0,0.0,false,0.0,0.0,0.0,0.0,0.0
shared_battery_mode_node_level_v1,SI-Drahi_14-d2-HOM-ULO-BLO-fb15d9bbd9,TK-PB-Drahi_14-d2-HOM-ULO-9e640d1615-r1,SS-c81930d9c8ba,risk_neutral_expectation,1,DETERMINISTIC_RH,NONE,none,17,17,1,1.0,0.0,0.0,30.599999999996058,30.599999999996058,0.0,0.0,false,0.0,0.0,0.0,0.0,0.0
shared_battery_mode_node_level_v1,SI-Drahi_14-d2-HOM-ULO-BLO-fb15d9bbd9,TK-PB-Drahi_14-d2-HOM-ULO-9e640d1615-r1,SS-c81930d9c8ba,risk_neutral_expectation,1,DETERMINISTIC_RH,NONE,none,17,18,1,0.0,0.0,8.0,30.599999999996058,22.178947368417113,0.0,0.0,false,0.0,0.0,0.0,0.0,0.0
shared_battery_mode_node_level_v1,SI-Drahi_14-d2-HOM-ULO-BLO-fb15d9bbd9,TK-PB-Drahi_14-d2-HOM-ULO-9e640d1615-r1,SS-c81930d9c8ba,risk_neutral_expectation,1,DETERMINISTIC_RH,NONE,none,17,19,1,1.0,8.0,0.0,22.178947368417113,29.778947368417114,0.0,0.0,false,0.0,0.0,0.0,0.0,0.0
shared_battery_mode_node_level_v1,SI-Drahi_14-d2-HOM-ULO-BLO-fb15d9bbd9,TK-PB-Drahi_14-d2-HOM-ULO-9e640d1615-r1,SS-c81930d9c8ba,risk_neutral_expectation,1,DETERMINISTIC_RH,NONE,none,17,20,1,1.0,1.811634349034616,0.0,29.778947368417114,31.5,0.0,0.0,false,0.0,0.0,0.0,0.0,0.0
shared_battery_mode_node_level_v1,SI-Drahi_14-d2-HOM-ULO-BLO-fb15d9bbd9,TK-PB-Drahi_14-d2-HOM-ULO-9e640d1615-r1,SS-3cf9bda45ea4,risk_neutral_expectation,1,DETERMINISTIC_RH,NONE,none,21,21,1,0.0,0.0,8.0,31.5,23.078947368421055,0.0,0.0,false,0.0,0.0,0.0,0.0,0.0
shared_battery_mode_node_level_v1,SI-Drahi_14-d2-HOM-ULO-BLO-fb15d9bbd9,TK-PB-Drahi_14-d2-HOM-ULO-9e640d1615-r1,SS-3cf9bda45ea4,risk_neutral_expectation,1,DETERMINISTIC_RH,NONE,none,21,22,1,0.0,0.0,8.0,23.078947368421055,14.657894736842108,0.0,0.0,false,0.0,0.0,0.0,0.0,0.0
shared_battery_mode_node_level_v1,SI-Drahi_14-d2-HOM-ULO-BLO-fb15d9bbd9,TK-PB-Drahi_14-d2-HOM-ULO-9e640d1615-r1,SS-3cf9bda45ea4,risk_neutral_expectation,1,DETERMINISTIC_RH,NONE,none,21,23,1,0.0,0.0,8.0,14.657894736842108,6.236842105263161,0.0,0.0,false,0.0,0.0,0.0,0.0,0.0
shared_battery_mode_node_level_v1,SI-Drahi_14-d2-HOM-ULO-BLO-fb15d9bbd9,TK-PB-Drahi_14-d2-HOM-ULO-9e640d1615-r1,SS-3cf9bda45ea4,risk_neutral_expectation,1,DETERMINISTIC_RH,NONE,none,21,24,1,0.2831249999999996,0.0,5.735000000000003,6.236842105263161,0.20000000000000018,0.0,0.0,false,0.0,0.2831249999999996,1.6653345369377348e-16,0.0,0.0
shared_battery_mode_node_level_v1,SI-Drahi_14-d2-HOM-ULO-BLO-fb15d9bbd9,TK-PB-Drahi_14-d2-HOM-ULO-9e640d1615-r1,SS-5d5bbea46d20,risk_neutral_expectation,1,DETERMINISTIC_RH,PEA,pv,1,1,1,1.0,0.0,0.0,0.2,0.2,0.0,0.0,false,0.0,0.0,0.0,0.0,0.0
shared_battery_mode_node_level_v1,SI-Drahi_14-d2-HOM-ULO-BLO-fb15d9bbd9,TK-PB-Drahi_14-d2-HOM-ULO-9e640d1615-r1,SS-5d5bbea46d20,risk_neutral_expectation,1,DETERMINISTIC_RH,PEA,pv,1,2,1,1.0,8.0,0.0,0.2,7.8,0.0,0.0,false,0.0,0.0,0.0,0.0,0.0
shared_battery_mode_node_level_v1,SI-Drahi_14-d2-HOM-ULO-BLO-fb15d9bbd9,TK-PB-Drahi_14-d2-HOM-ULO-9e640d1615-r1,SS-5d5bbea46d20,risk_neutral_expectation,1,DETERMINISTIC_RH,PEA,pv,1,3,1,1.0,0.0,0.0,7.8,7.8,0.0,0.0,false,0.0,0.0,0.0,0.0,0.0
shared_battery_mode_node_level_v1,SI-Drahi_14-d2-HOM-ULO-BLO-fb15d9bbd9,TK-PB-Drahi_14-d2-HOM-ULO-9e640d1615-r1,SS-5d5bbea46d20,risk_neutral_expectation,1,DETERMINISTIC_RH,PEA,pv,1,4,1,1.0,0.0,0.0,7.8,7.8,0.0,0.0,false,0.0,0.0,0.0,0.0,0.0
shared_battery_mode_node_level_v1,SI-Drahi_14-d2-HOM-ULO-BLO-fb15d9bbd9,TK-PB-Drahi_14-d2-HOM-ULO-9e640d1615-r1,SS-102adc95e052,risk_neutral_expectation,1,DETERMINISTIC_RH,PEA,pv,5,5,1,1.0,0.0,0.0,7.8,7.8,0.0,0.0,false,0.0,0.0,0.0,0.0,0.0
shared_battery_mode_node_level_v1,SI-Drahi_14-d2-HOM-ULO-BLO-fb15d9bbd9,TK-PB-Drahi_14-d2-HOM-ULO-9e640d1615-r1,SS-102adc95e052,risk_neutral_expectation,1,DETERMINISTIC_RH,PEA,pv,5,6,1,1.0,0.0,0.0,7.8,7.8,0.0,0.0,false,0.0,0.0,0.0,0.0,0.0
shared_battery_mode_node_level_v1,SI-Drahi_14-d2-HOM-ULO-BLO-fb15d9bbd9,TK-PB-Drahi_14-d2-HOM-ULO-9e640d1615-r1,SS-102adc95e052,risk_neutral_expectation,1,DETERMINISTIC_RH,PEA,pv,5,7,1,1.0,-5.648814749292796e-13,0.0,7.8,7.799999999999463,0.0,0.0,false,0.0,0.0,0.0,0.0,0.0
shared_battery_mode_node_level_v1,SI-Drahi_14-d2-HOM-ULO-BLO-fb15d9bbd9,TK-PB-Drahi_14-d2-HOM-ULO-9e640d1615-r1,SS-102adc95e052,risk_neutral_expectation,1,DETERMINISTIC_RH,PEA,pv,5,8,1,1.0,-1.2718714970105793e-12,0.0,7.799999999999463,7.799999999998255,0.0,0.0,false,0.0,0.0,0.0,0.0,0.0
shared_battery_mode_node_level_v1,SI-Drahi_14-d2-HOM-ULO-BLO-fb15d9bbd9,TK-PB-Drahi_14-d2-HOM-ULO-9e640d1615-r1,SS-19da242d4543,risk_neutral_expectation,1,DETERMINISTIC_RH,PEA,pv,9,9,1,1.0,0.0,0.0,7.799999999998255,7.799999999998255,0.0,0.0,false,0.0,0.0,0.0,0.0,0.0
shared_battery_mode_node_level_v1,SI-Drahi_14-d2-HOM-ULO-BLO-fb15d9bbd9,TK-PB-Drahi_14-d2-HOM-ULO-9e640d1615-r1,SS-19da242d4543,risk_neutral_expectation,1,DETERMINISTIC_RH,PEA,pv,9,10,1,1.0,8.0,0.0,7.799999999998255,15.399999999998254,0.0,0.0,false,0.0,0.0,0.0,0.0,0.0
shared_battery_mode_node_level_v1,SI-Drahi_14-d2-HOM-ULO-BLO-fb15d9bbd9,TK-PB-Drahi_14-d2-HOM-ULO-9e640d1615-r1,SS-19da242d4543,risk_neutral_expectation,1,DETERMINISTIC_RH,PEA,pv,9,11,1,1.0,8.0,0.0,15.399999999998254,22.999999999998252,0.0,0.0,false,0.0,0.0,0.0,0.0,0.0
shared_battery_mode_node_level_v1,SI-Drahi_14-d2-HOM-ULO-BLO-fb15d9bbd9,TK-PB-Drahi_14-d2-HOM-ULO-9e640d1615-r1,SS-19da242d4543,risk_neutral_expectation,1,DETERMINISTIC_RH,PEA,pv,9,12,1,1.0,-1.3073986337985843e-12,0.0,22.999999999998252,22.99999999999701,0.0,0.0,false,0.0,0.0,0.0,0.0,0.0
shared_battery_mode_node_level_v1,SI-Drahi_14-d2-HOM-ULO-BLO-fb15d9bbd9,TK-PB-Drahi_14-d2-HOM-ULO-9e640d1615-r1,SS-354317d12b7f,risk_neutral_expectation,1,DETERMINISTIC_RH,PEA,pv,13,13,1,1.0,0.0,0.0,22.99999999999701,22.99999999999701,0.0,0.0,false,0.0,0.0,0.0,0.0,0.0
shared_battery_mode_node_level_v1,SI-Drahi_14-d2-HOM-ULO-BLO-fb15d9bbd9,TK-PB-Drahi_14-d2-HOM-ULO-9e640d1615-r1,SS-354317d12b7f,risk_neutral_expectation,1,DETERMINISTIC_RH,PEA,pv,13,14,1,1.0,8.0,0.0,22.99999999999701,30.59999999999701,0.0,0.0,false,0.0,0.0,0.0,0.0,0.0
shared_battery_mode_node_level_v1,SI-Drahi_14-d2-HOM-ULO-BLO-fb15d9bbd9,TK-PB-Drahi_14-d2-HOM-ULO-9e640d1615-r1,SS-354317d12b7f,risk_neutral_expectation,1,DETERMINISTIC_RH,PEA,pv,13,15,1,0.999999999999913,0.0,6.963318810448982e-13,30.59999999999701,30.599999999996278,0.0,0.0,false,0.0,8.704148513061227e-14,0.0,0.0,0.0
shared_battery_mode_node_level_v1,SI-Drahi_14-d2-HOM-ULO-BLO-fb15d9bbd9,TK-PB-Drahi_14-d2-HOM-ULO-9e640d1615-r1,SS-354317d12b7f,risk_neutral_expectation,1,DETERMINISTIC_RH,PEA,pv,13,16,1,1.0,-3.055333763768431e-13,0.0,30.599999999996278,30.599999999995987,0.0,0.0,false,0.0,0.0,0.0,0.0,0.0
shared_battery_mode_node_level_v1,SI-Drahi_14-d2-HOM-ULO-BLO-fb15d9bbd9,TK-PB-Drahi_14-d2-HOM-ULO-9e640d1615-r1,SS-c81930d9c8ba,risk_neutral_expectation,1,DETERMINISTIC_RH,PEA,pv,17,17,1,1.0,0.0,0.0,30.599999999995987,30.599999999995987,0.0,0.0,false,0.0,0.0,0.0,0.0,0.0
shared_battery_mode_node_level_v1,SI-Drahi_14-d2-HOM-ULO-BLO-fb15d9bbd9,TK-PB-Drahi_14-d2-HOM-ULO-9e640d1615-r1,SS-c81930d9c8ba,risk_neutral_expectation,1,DETERMINISTIC_RH,PEA,pv,17,18,1,0.0,0.0,8.0,30.599999999995987,22.17894736841704,0.0,0.0,false,0.0,0.0,0.0,0.0,0.0
shared_battery_mode_node_level_v1,SI-Drahi_14-d2-HOM-ULO-BLO-fb15d9bbd9,TK-PB-Drahi_14-d2-HOM-ULO-9e640d1615-r1,SS-c81930d9c8ba,risk_neutral_expectation,1,DETERMINISTIC_RH,PEA,pv,17,19,1,1.0,8.0,0.0,22.17894736841704,29.778947368417043,0.0,0.0,false,0.0,0.0,0.0,0.0,0.0
shared_battery_mode_node_level_v1,SI-Drahi_14-d2-HOM-ULO-BLO-fb15d9bbd9,TK-PB-Drahi_14-d2-HOM-ULO-9e640d1615-r1,SS-c81930d9c8ba,risk_neutral_expectation,1,DETERMINISTIC_RH,PEA,pv,17,20,1,1.0,1.8116343490346907,0.0,29.778947368417043,31.5,0.0,0.0,false,0.0,0.0,0.0,0.0,0.0
shared_battery_mode_node_level_v1,SI-Drahi_14-d2-HOM-ULO-BLO-fb15d9bbd9,TK-PB-Drahi_14-d2-HOM-ULO-9e640d1615-r1,SS-3cf9bda45ea4,risk_neutral_expectation,1,DETERMINISTIC_RH,PEA,pv,21,21,1,0.0,0.0,8.0,31.5,23.078947368421055,0.0,0.0,false,0.0,0.0,0.0,0.0,0.0
shared_battery_mode_node_level_v1,SI-Drahi_14-d2-HOM-ULO-BLO-fb15d9bbd9,TK-PB-Drahi_14-d2-HOM-ULO-9e640d1615-r1,SS-3cf9bda45ea4,risk_neutral_expectation,1,DETERMINISTIC_RH,PEA,pv,21,22,1,0.0,0.0,8.0,23.078947368421055,14.657894736842108,0.0,0.0,false,0.0,0.0,0.0,0.0,0.0
shared_battery_mode_node_level_v1,SI-Drahi_14-d2-HOM-ULO-BLO-fb15d9bbd9,TK-PB-Drahi_14-d2-HOM-ULO-9e640d1615-r1,SS-3cf9bda45ea4,risk_neutral_expectation,1,DETERMINISTIC_RH,PEA,pv,21,23,1,0.0,0.0,8.0,14.657894736842108,6.236842105263161,0.0,0.0,false,0.0,0.0,0.0,0.0,0.0
shared_battery_mode_node_level_v1,SI-Drahi_14-d2-HOM-ULO-BLO-fb15d9bbd9,TK-PB-Drahi_14-d2-HOM-ULO-9e640d1615-r1,SS-3cf9bda45ea4,risk_neutral_expectation,1,DETERMINISTIC_RH,PEA,pv,21,24,1,0.2831249999999996,0.0,5.735000000000003,6.236842105263161,0.20000000000000018,0.0,0.0,false,0.0,0.2831249999999996,1.6653345369377348e-16,0.0,0.0
shared_battery_mode_node_level_v1,SI-Drahi_14-d2-HOM-ULO-BLO-fb15d9bbd9,TK-PB-Drahi_14-d2-HOM-ULO-9e640d1615-r1,SS-5d5bbea46d20,risk_neutral_expectation,1,DETERMINISTIC_RH,SA,savings,1,1,1,1.0,0.0,0.0,0.2,0.2,0.0,0.0,false,0.0,0.0,0.0,0.0,0.0
shared_battery_mode_node_level_v1,SI-Drahi_14-d2-HOM-ULO-BLO-fb15d9bbd9,TK-PB-Drahi_14-d2-HOM-ULO-9e640d1615-r1,SS-5d5bbea46d20,risk_neutral_expectation,1,DETERMINISTIC_RH,SA,savings,1,2,1,1.0,8.0,0.0,0.2,7.8,0.0,0.0,false,0.0,0.0,0.0,0.0,0.0
shared_battery_mode_node_level_v1,SI-Drahi_14-d2-HOM-ULO-BLO-fb15d9bbd9,TK-PB-Drahi_14-d2-HOM-ULO-9e640d1615-r1,SS-5d5bbea46d20,risk_neutral_expectation,1,DETERMINISTIC_RH,SA,savings,1,3,1,1.0,0.0,0.0,7.8,7.8,0.0,0.0,false,0.0,0.0,0.0,0.0,0.0
shared_battery_mode_node_level_v1,SI-Drahi_14-d2-HOM-ULO-BLO-fb15d9bbd9,TK-PB-Drahi_14-d2-HOM-ULO-9e640d1615-r1,SS-5d5bbea46d20,risk_neutral_expectation,1,DETERMINISTIC_RH,SA,savings,1,4,1,1.0,0.0,0.0,7.8,7.8,0.0,0.0,false,0.0,0.0,0.0,0.0,0.0
shared_battery_mode_node_level_v1,SI-Drahi_14-d2-HOM-ULO-BLO-fb15d9bbd9,TK-PB-Drahi_14-d2-HOM-ULO-9e640d1615-r1,SS-102adc95e052,risk_neutral_expectation,1,DETERMINISTIC_RH,SA,savings,5,5,1,1.0,0.0,0.0,7.8,7.8,0.0,0.0,false,0.0,0.0,0.0,0.0,0.0
shared_battery_mode_node_level_v1,SI-Drahi_14-d2-HOM-ULO-BLO-fb15d9bbd9,TK-PB-Drahi_14-d2-HOM-ULO-9e640d1615-r1,SS-102adc95e052,risk_neutral_expectation,1,DETERMINISTIC_RH,SA,savings,5,6,1,1.0,0.0,0.0,7.8,7.8,0.0,0.0,false,0.0,0.0,0.0,0.0,0.0
shared_battery_mode_node_level_v1,SI-Drahi_14-d2-HOM-ULO-BLO-fb15d9bbd9,TK-PB-Drahi_14-d2-HOM-ULO-9e640d1615-r1,SS-102adc95e052,risk_neutral_expectation,1,DETERMINISTIC_RH,SA,savings,5,7,1,1.0,-5.648814749292796e-13,0.0,7.8,7.799999999999463,0.0,0.0,false,0.0,0.0,0.0,0.0,0.0
shared_battery_mode_node_level_v1,SI-Drahi_14-d2-HOM-ULO-BLO-fb15d9bbd9,TK-PB-Drahi_14-d2-HOM-ULO-9e640d1615-r1,SS-102adc95e052,risk_neutral_expectation,1,DETERMINISTIC_RH,SA,savings,5,8,1,1.0,-1.2718714970105793e-12,0.0,7.799999999999463,7.799999999998255,0.0,0.0,false,0.0,0.0,0.0,0.0,0.0
shared_battery_mode_node_level_v1,SI-Drahi_14-d2-HOM-ULO-BLO-fb15d9bbd9,TK-PB-Drahi_14-d2-HOM-ULO-9e640d1615-r1,SS-19da242d4543,risk_neutral_expectation,1,DETERMINISTIC_RH,SA,savings,9,9,1,1.0,0.0,0.0,7.799999999998255,7.799999999998255,0.0,0.0,false,0.0,0.0,0.0,0.0,0.0
shared_battery_mode_node_level_v1,SI-Drahi_14-d2-HOM-ULO-BLO-fb15d9bbd9,TK-PB-Drahi_14-d2-HOM-ULO-9e640d1615-r1,SS-19da242d4543,risk_neutral_expectation,1,DETERMINISTIC_RH,SA,savings,9,10,1,1.0,8.0,0.0,7.799999999998255,15.399999999998254,0.0,0.0,false,0.0,0.0,0.0,0.0,0.0
shared_battery_mode_node_level_v1,SI-Drahi_14-d2-HOM-ULO-BLO-fb15d9bbd9,TK-PB-Drahi_14-d2-HOM-ULO-9e640d1615-r1,SS-19da242d4543,risk_neutral_expectation,1,DETERMINISTIC_RH,SA,savings,9,11,1,1.0,8.0,0.0,15.399999999998254,22.999999999998252,0.0,0.0,false,0.0,0.0,0.0,0.0,0.0
shared_battery_mode_node_level_v1,SI-Drahi_14-d2-HOM-ULO-BLO-fb15d9bbd9,TK-PB-Drahi_14-d2-HOM-ULO-9e640d1615-r1,SS-19da242d4543,risk_neutral_expectation,1,DETERMINISTIC_RH,SA,savings,9,12,1,1.0,-1.3073986337985843e-12,0.0,22.999999999998252,22.99999999999701,0.0,0.0,false,0.0,0.0,0.0,0.0,0.0
shared_battery_mode_node_level_v1,SI-Drahi_14-d2-HOM-ULO-BLO-fb15d9bbd9,TK-PB-Drahi_14-d2-HOM-ULO-9e640d1615-r1,SS-354317d12b7f,risk_neutral_expectation,1,DETERMINISTIC_RH,SA,savings,13,13,1,1.0,0.0,0.0,22.99999999999701,22.99999999999701,0.0,0.0,false,0.0,0.0,0.0,0.0,0.0
shared_battery_mode_node_level_v1,SI-Drahi_14-d2-HOM-ULO-BLO-fb15d9bbd9,TK-PB-Drahi_14-d2-HOM-ULO-9e640d1615-r1,SS-354317d12b7f,risk_neutral_expectation,1,DETERMINISTIC_RH,SA,savings,13,14,1,1.0,8.0,0.0,22.99999999999701,30.59999999999701,0.0,0.0,false,0.0,0.0,0.0,0.0,0.0
shared_battery_mode_node_level_v1,SI-Drahi_14-d2-HOM-ULO-BLO-fb15d9bbd9,TK-PB-Drahi_14-d2-HOM-ULO-9e640d1615-r1,SS-354317d12b7f,risk_neutral_expectation,1,DETERMINISTIC_RH,SA,savings,13,15,1,0.999999999999913,0.0,6.963318810448982e-13,30.59999999999701,30.599999999996278,0.0,0.0,false,0.0,8.704148513061227e-14,0.0,0.0,0.0
shared_battery_mode_node_level_v1,SI-Drahi_14-d2-HOM-ULO-BLO-fb15d9bbd9,TK-PB-Drahi_14-d2-HOM-ULO-9e640d1615-r1,SS-354317d12b7f,risk_neutral_expectation,1,DETERMINISTIC_RH,SA,savings,13,16,1,1.0,-3.055333763768431e-13,0.0,30.599999999996278,30.599999999995987,0.0,0.0,false,0.0,0.0,0.0,0.0,0.0
shared_battery_mode_node_level_v1,SI-Drahi_14-d2-HOM-ULO-BLO-fb15d9bbd9,TK-PB-Drahi_14-d2-HOM-ULO-9e640d1615-r1,SS-c81930d9c8ba,risk_neutral_expectation,1,DETERMINISTIC_RH,SA,savings,17,17,1,1.0,0.0,0.0,30.599999999995987,30.599999999995987,0.0,0.0,false,0.0,0.0,0.0,0.0,0.0
shared_battery_mode_node_level_v1,SI-Drahi_14-d2-HOM-ULO-BLO-fb15d9bbd9,TK-PB-Drahi_14-d2-HOM-ULO-9e640d1615-r1,SS-c81930d9c8ba,risk_neutral_expectation,1,DETERMINISTIC_RH,SA,savings,17,18,1,0.0,0.0,8.0,30.599999999995987,22.17894736841704,0.0,0.0,false,0.0,0.0,0.0,0.0,0.0
shared_battery_mode_node_level_v1,SI-Drahi_14-d2-HOM-ULO-BLO-fb15d9bbd9,TK-PB-Drahi_14-d2-HOM-ULO-9e640d1615-r1,SS-c81930d9c8ba,risk_neutral_expectation,1,DETERMINISTIC_RH,SA,savings,17,19,1,1.0,8.0,0.0,22.17894736841704,29.778947368417043,0.0,0.0,false,0.0,0.0,0.0,0.0,0.0
shared_battery_mode_node_level_v1,SI-Drahi_14-d2-HOM-ULO-BLO-fb15d9bbd9,TK-PB-Drahi_14-d2-HOM-ULO-9e640d1615-r1,SS-c81930d9c8ba,risk_neutral_expectation,1,DETERMINISTIC_RH,SA,savings,17,20,1,1.0,1.8116343490346913,0.0,29.778947368417043,31.5,0.0,0.0,false,0.0,0.0,0.0,0.0,0.0
shared_battery_mode_node_level_v1,SI-Drahi_14-d2-HOM-ULO-BLO-fb15d9bbd9,TK-PB-Drahi_14-d2-HOM-ULO-9e640d1615-r1,SS-3cf9bda45ea4,risk_neutral_expectation,1,DETERMINISTIC_RH,SA,savings,21,21,1,0.0,0.0,8.0,31.5,23.078947368421055,0.0,0.0,false,0.0,0.0,0.0,0.0,0.0
shared_battery_mode_node_level_v1,SI-Drahi_14-d2-HOM-ULO-BLO-fb15d9bbd9,TK-PB-Drahi_14-d2-HOM-ULO-9e640d1615-r1,SS-3cf9bda45ea4,risk_neutral_expectation,1,DETERMINISTIC_RH,SA,savings,21,22,1,0.0,0.0,8.0,23.078947368421055,14.657894736842108,0.0,0.0,false,0.0,0.0,0.0,0.0,0.0
shared_battery_mode_node_level_v1,SI-Drahi_14-d2-HOM-ULO-BLO-fb15d9bbd9,TK-PB-Drahi_14-d2-HOM-ULO-9e640d1615-r1,SS-3cf9bda45ea4,risk_neutral_expectation,1,DETERMINISTIC_RH,SA,savings,21,23,1,0.0,0.0,8.0,14.657894736842108,6.236842105263161,0.0,0.0,false,0.0,0.0,0.0,0.0,0.0
shared_battery_mode_node_level_v1,SI-Drahi_14-d2-HOM-ULO-BLO-fb15d9bbd9,TK-PB-Drahi_14-d2-HOM-ULO-9e640d1615-r1,SS-3cf9bda45ea4,risk_neutral_expectation,1,DETERMINISTIC_RH,SA,savings,21,24,1,0.2831249999999996,0.0,5.735000000000003,6.236842105263161,0.20000000000000018,0.0,0.0,false,0.0,0.2831249999999996,1.6653345369377348e-16,0.0,0.0
shared_battery_mode_node_level_v1,SI-Drahi_14-d2-HOM-ULO-BLO-fb15d9bbd9,TK-PB-Drahi_14-d2-HOM-ULO-9e640d1615-r1,SS-5d5bbea46d20,risk_neutral_expectation,1,DETERMINISTIC_RH,STATIC_DEMAND_SHARE,pv,1,1,1,1.0,0.0,0.0,0.2,0.2,0.0,0.0,false,0.0,0.0,0.0,0.0,0.0
shared_battery_mode_node_level_v1,SI-Drahi_14-d2-HOM-ULO-BLO-fb15d9bbd9,TK-PB-Drahi_14-d2-HOM-ULO-9e640d1615-r1,SS-5d5bbea46d20,risk_neutral_expectation,1,DETERMINISTIC_RH,STATIC_DEMAND_SHARE,pv,1,2,1,1.0,8.0,0.0,0.2,7.8,0.0,0.0,false,0.0,0.0,0.0,0.0,0.0
shared_battery_mode_node_level_v1,SI-Drahi_14-d2-HOM-ULO-BLO-fb15d9bbd9,TK-PB-Drahi_14-d2-HOM-ULO-9e640d1615-r1,SS-5d5bbea46d20,risk_neutral_expectation,1,DETERMINISTIC_RH,STATIC_DEMAND_SHARE,pv,1,3,1,1.0,0.0,0.0,7.8,7.8,0.0,0.0,false,0.0,0.0,0.0,0.0,0.0
shared_battery_mode_node_level_v1,SI-Drahi_14-d2-HOM-ULO-BLO-fb15d9bbd9,TK-PB-Drahi_14-d2-HOM-ULO-9e640d1615-r1,SS-5d5bbea46d20,risk_neutral_expectation,1,DETERMINISTIC_RH,STATIC_DEMAND_SHARE,pv,1,4,1,1.0,0.0,0.0,7.8,7.8,0.0,0.0,false,0.0,0.0,0.0,0.0,0.0
shared_battery_mode_node_level_v1,SI-Drahi_14-d2-HOM-ULO-BLO-fb15d9bbd9,TK-PB-Drahi_14-d2-HOM-ULO-9e640d1615-r1,SS-102adc95e052,risk_neutral_expectation,1,DETERMINISTIC_RH,STATIC_DEMAND_SHARE,pv,5,5,1,1.0,0.0,0.0,7.8,7.8,0.0,0.0,false,0.0,0.0,0.0,0.0,0.0
shared_battery_mode_node_level_v1,SI-Drahi_14-d2-HOM-ULO-BLO-fb15d9bbd9,TK-PB-Drahi_14-d2-HOM-ULO-9e640d1615-r1,SS-102adc95e052,risk_neutral_expectation,1,DETERMINISTIC_RH,STATIC_DEMAND_SHARE,pv,5,6,1,1.0,0.0,0.0,7.8,7.8,0.0,0.0,false,0.0,0.0,0.0,0.0,0.0
shared_battery_mode_node_level_v1,SI-Drahi_14-d2-HOM-ULO-BLO-fb15d9bbd9,TK-PB-Drahi_14-d2-HOM-ULO-9e640d1615-r1,SS-102adc95e052,risk_neutral_expectation,1,DETERMINISTIC_RH,STATIC_DEMAND_SHARE,pv,5,7,1,1.0,-5.595524044110789e-13,0.0,7.8,7.799999999999468,0.0,0.0,false,0.0,0.0,0.0,0.0,0.0
shared_battery_mode_node_level_v1,SI-Drahi_14-d2-HOM-ULO-BLO-fb15d9bbd9,TK-PB-Drahi_14-d2-HOM-ULO-9e640d1615-r1,SS-102adc95e052,risk_neutral_expectation,1,DETERMINISTIC_RH,STATIC_DEMAND_SHARE,pv,5,8,1,1.0,-1.2967404927621828e-12,0.0,7.799999999999468,7.799999999998236,0.0,0.0,false,0.0,0.0,0.0,0.0,0.0
shared_battery_mode_node_level_v1,SI-Drahi_14-d2-HOM-ULO-BLO-fb15d9bbd9,TK-PB-Drahi_14-d2-HOM-ULO-9e640d1615-r1,SS-19da242d4543,risk_neutral_expectation,1,DETERMINISTIC_RH,STATIC_DEMAND_SHARE,pv,9,9,1,1.0,0.0,0.0,7.799999999998236,7.799999999998236,0.0,0.0,false,0.0,0.0,0.0,0.0,0.0
shared_battery_mode_node_level_v1,SI-Drahi_14-d2-HOM-ULO-BLO-fb15d9bbd9,TK-PB-Drahi_14-d2-HOM-ULO-9e640d1615-r1,SS-19da242d4543,risk_neutral_expectation,1,DETERMINISTIC_RH,STATIC_DEMAND_SHARE,pv,9,10,1,1.0,8.0,0.0,7.799999999998236,15.399999999998236,0.0,0.0,false,0.0,0.0,0.0,0.0,0.0
shared_battery_mode_node_level_v1,SI-Drahi_14-d2-HOM-ULO-BLO-fb15d9bbd9,TK-PB-Drahi_14-d2-HOM-ULO-9e640d1615-r1,SS-19da242d4543,risk_neutral_expectation,1,DETERMINISTIC_RH,STATIC_DEMAND_SHARE,pv,9,11,1,1.0,8.0,0.0,15.399999999998236,22.999999999998238,0.0,0.0,false,0.0,0.0,0.0,0.0,0.0
shared_battery_mode_node_level_v1,SI-Drahi_14-d2-HOM-ULO-BLO-fb15d9bbd9,TK-PB-Drahi_14-d2-HOM-ULO-9e640d1615-r1,SS-19da242d4543,risk_neutral_expectation,1,DETERMINISTIC_RH,STATIC_DEMAND_SHARE,pv,9,12,1,1.0,-1.2789769243681803e-12,0.0,22.999999999998238,22.999999999997023,0.0,0.0,false,0.0,0.0,0.0,0.0,0.0
shared_battery_mode_node_level_v1,SI-Drahi_14-d2-HOM-ULO-BLO-fb15d9bbd9,TK-PB-Drahi_14-d2-HOM-ULO-9e640d1615-r1,SS-354317d12b7f,risk_neutral_expectation,1,DETERMINISTIC_RH,STATIC_DEMAND_SHARE,pv,13,13,1,1.0,0.0,0.0,22.999999999997023,22.999999999997023,0.0,0.0,false,0.0,0.0,0.0,0.0,0.0
shared_battery_mode_node_level_v1,SI-Drahi_14-d2-HOM-ULO-BLO-fb15d9bbd9,TK-PB-Drahi_14-d2-HOM-ULO-9e640d1615-r1,SS-354317d12b7f,risk_neutral_expectation,1,DETERMINISTIC_RH,STATIC_DEMAND_SHARE,pv,13,14,1,1.0,8.0,0.0,22.999999999997023,30.599999999997024,0.0,0.0,false,0.0,0.0,0.0,0.0,0.0
shared_battery_mode_node_level_v1,SI-Drahi_14-d2-HOM-ULO-BLO-fb15d9bbd9,TK-PB-Drahi_14-d2-HOM-ULO-9e640d1615-r1,SS-354317d12b7f,risk_neutral_expectation,1,DETERMINISTIC_RH,STATIC_DEMAND_SHARE,pv,13,15,1,1.0,-6.394884621840902e-13,0.0,30.599999999997024,30.599999999996417,0.0,0.0,false,0.0,0.0,0.0,0.0,0.0
shared_battery_mode_node_level_v1,SI-Drahi_14-d2-HOM-ULO-BLO-fb15d9bbd9,TK-PB-Drahi_14-d2-HOM-ULO-9e640d1615-r1,SS-354317d12b7f,risk_neutral_expectation,1,DETERMINISTIC_RH,STATIC_DEMAND_SHARE,pv,13,16,1,1.0,0.0,0.0,30.599999999996417,30.599999999996417,0.0,0.0,false,0.0,0.0,0.0,0.0,0.0
shared_battery_mode_node_level_v1,SI-Drahi_14-d2-HOM-ULO-BLO-fb15d9bbd9,TK-PB-Drahi_14-d2-HOM-ULO-9e640d1615-r1,SS-c81930d9c8ba,risk_neutral_expectation,1,DETERMINISTIC_RH,STATIC_DEMAND_SHARE,pv,17,17,1,1.0,0.0,0.0,30.599999999996417,30.599999999996417,0.0,0.0,false,0.0,0.0,0.0,0.0,0.0
shared_battery_mode_node_level_v1,SI-Drahi_14-d2-HOM-ULO-BLO-fb15d9bbd9,TK-PB-Drahi_14-d2-HOM-ULO-9e640d1615-r1,SS-c81930d9c8ba,risk_neutral_expectation,1,DETERMINISTIC_RH,STATIC_DEMAND_SHARE,pv,17,18,1,0.0,0.0,8.0,30.599999999996417,22.178947368417468,0.0,0.0,false,0.0,0.0,0.0,0.0,0.0
shared_battery_mode_node_level_v1,SI-Drahi_14-d2-HOM-ULO-BLO-fb15d9bbd9,TK-PB-Drahi_14-d2-HOM-ULO-9e640d1615-r1,SS-c81930d9c8ba,risk_neutral_expectation,1,DETERMINISTIC_RH,STATIC_DEMAND_SHARE,pv,17,19,1,1.0,8.0,0.0,22.178947368417468,29.77894736841747,0.0,0.0,false,0.0,0.0,0.0,0.0,0.0
shared_battery_mode_node_level_v1,SI-Drahi_14-d2-HOM-ULO-BLO-fb15d9bbd9,TK-PB-Drahi_14-d2-HOM-ULO-9e640d1615-r1,SS-c81930d9c8ba,risk_neutral_expectation,1,DETERMINISTIC_RH,STATIC_DEMAND_SHARE,pv,17,20,1,1.0,1.811634349034243,0.0,29.77894736841747,31.5,0.0,0.0,false,0.0,0.0,0.0,0.0,0.0
shared_battery_mode_node_level_v1,SI-Drahi_14-d2-HOM-ULO-BLO-fb15d9bbd9,TK-PB-Drahi_14-d2-HOM-ULO-9e640d1615-r1,SS-3cf9bda45ea4,risk_neutral_expectation,1,DETERMINISTIC_RH,STATIC_DEMAND_SHARE,pv,21,21,1,0.0,0.0,8.0,31.5,23.078947368421055,0.0,0.0,false,0.0,0.0,0.0,0.0,0.0
shared_battery_mode_node_level_v1,SI-Drahi_14-d2-HOM-ULO-BLO-fb15d9bbd9,TK-PB-Drahi_14-d2-HOM-ULO-9e640d1615-r1,SS-3cf9bda45ea4,risk_neutral_expectation,1,DETERMINISTIC_RH,STATIC_DEMAND_SHARE,pv,21,22,1,0.0,0.0,8.0,23.078947368421055,14.657894736842108,0.0,0.0,false,0.0,0.0,0.0,0.0,0.0
shared_battery_mode_node_level_v1,SI-Drahi_14-d2-HOM-ULO-BLO-fb15d9bbd9,TK-PB-Drahi_14-d2-HOM-ULO-9e640d1615-r1,SS-3cf9bda45ea4,risk_neutral_expectation,1,DETERMINISTIC_RH,STATIC_DEMAND_SHARE,pv,21,23,1,0.0,0.0,8.0,14.657894736842108,6.236842105263161,0.0,0.0,false,0.0,0.0,0.0,0.0,0.0
shared_battery_mode_node_level_v1,SI-Drahi_14-d2-HOM-ULO-BLO-fb15d9bbd9,TK-PB-Drahi_14-d2-HOM-ULO-9e640d1615-r1,SS-3cf9bda45ea4,risk_neutral_expectation,1,DETERMINISTIC_RH,STATIC_DEMAND_SHARE,pv,21,24,1,0.2831249999999996,0.0,5.735000000000003,6.236842105263161,0.20000000000000018,0.0,0.0,false,0.0,0.2831249999999996,1.6653345369377348e-16,0.0,0.0
shared_battery_mode_node_level_v1,SI-Drahi_14-d2-HOM-ULO-BLO-fb15d9bbd9,TK-PB-Drahi_14-d2-HOM-ULO-9e640d1615-r1,SS-5d5bbea46d20,risk_neutral_expectation,1,MULTISTAGE_RH,LEXMMFPEA,pv,1,1,1,1.0,0.0,0.0,0.2,0.2,0.0,0.0,false,0.0,0.0,0.0,0.0,0.0
shared_battery_mode_node_level_v1,SI-Drahi_14-d2-HOM-ULO-BLO-fb15d9bbd9,TK-PB-Drahi_14-d2-HOM-ULO-9e640d1615-r1,SS-5d5bbea46d20,risk_neutral_expectation,1,MULTISTAGE_RH,LEXMMFPEA,pv,1,2,1,1.0,8.0,0.0,0.2,7.8,0.0,0.0,false,0.0,0.0,0.0,0.0,0.0
shared_battery_mode_node_level_v1,SI-Drahi_14-d2-HOM-ULO-BLO-fb15d9bbd9,TK-PB-Drahi_14-d2-HOM-ULO-9e640d1615-r1,SS-5d5bbea46d20,risk_neutral_expectation,1,MULTISTAGE_RH,LEXMMFPEA,pv,1,3,1,1.0,0.0,0.0,7.8,7.8,0.0,0.0,false,0.0,0.0,0.0,0.0,0.0
shared_battery_mode_node_level_v1,SI-Drahi_14-d2-HOM-ULO-BLO-fb15d9bbd9,TK-PB-Drahi_14-d2-HOM-ULO-9e640d1615-r1,SS-5d5bbea46d20,risk_neutral_expectation,1,MULTISTAGE_RH,LEXMMFPEA,pv,1,4,1,1.0,0.0,0.0,7.8,7.8,0.0,0.0,false,0.0,0.0,0.0,0.0,0.0
shared_battery_mode_node_level_v1,SI-Drahi_14-d2-HOM-ULO-BLO-fb15d9bbd9,TK-PB-Drahi_14-d2-HOM-ULO-9e640d1615-r1,SS-102adc95e052,risk_neutral_expectation,1,MULTISTAGE_RH,LEXMMFPEA,pv,5,5,1,1.0,0.0,0.0,7.8,7.8,0.0,0.0,false,0.0,0.0,0.0,0.0,0.0
shared_battery_mode_node_level_v1,SI-Drahi_14-d2-HOM-ULO-BLO-fb15d9bbd9,TK-PB-Drahi_14-d2-HOM-ULO-9e640d1615-r1,SS-102adc95e052,risk_neutral_expectation,1,MULTISTAGE_RH,LEXMMFPEA,pv,5,6,1,0.0,0.0,0.0,7.8,7.8,0.0,0.0,false,0.0,0.0,0.0,0.0,0.0
shared_battery_mode_node_level_v1,SI-Drahi_14-d2-HOM-ULO-BLO-fb15d9bbd9,TK-PB-Drahi_14-d2-HOM-ULO-9e640d1615-r1,SS-102adc95e052,risk_neutral_expectation,1,MULTISTAGE_RH,LEXMMFPEA,pv,5,7,1,1.0,0.0,0.0,7.8,7.8,0.0,0.0,false,0.0,0.0,0.0,0.0,0.0
shared_battery_mode_node_level_v1,SI-Drahi_14-d2-HOM-ULO-BLO-fb15d9bbd9,TK-PB-Drahi_14-d2-HOM-ULO-9e640d1615-r1,SS-102adc95e052,risk_neutral_expectation,1,MULTISTAGE_RH,LEXMMFPEA,pv,5,8,1,0.0,0.0,0.0,7.8,7.8,0.0,0.0,false,0.0,0.0,0.0,0.0,0.0
shared_battery_mode_node_level_v1,SI-Drahi_14-d2-HOM-ULO-BLO-fb15d9bbd9,TK-PB-Drahi_14-d2-HOM-ULO-9e640d1615-r1,SS-19da242d4543,risk_neutral_expectation,1,MULTISTAGE_RH,LEXMMFPEA,pv,9,9,1,1.0,0.0,0.0,7.8,7.8,0.0,0.0,false,0.0,0.0,0.0,0.0,0.0
shared_battery_mode_node_level_v1,SI-Drahi_14-d2-HOM-ULO-BLO-fb15d9bbd9,TK-PB-Drahi_14-d2-HOM-ULO-9e640d1615-r1,SS-19da242d4543,risk_neutral_expectation,1,MULTISTAGE_RH,LEXMMFPEA,pv,9,10,1,1.0,8.0,0.0,7.8,15.399999999999999,0.0,0.0,false,0.0,0.0,0.0,0.0,0.0
shared_battery_mode_node_level_v1,SI-Drahi_14-d2-HOM-ULO-BLO-fb15d9bbd9,TK-PB-Drahi_14-d2-HOM-ULO-9e640d1615-r1,SS-19da242d4543,risk_neutral_expectation,1,MULTISTAGE_RH,LEXMMFPEA,pv,9,11,1,1.0,8.0,0.0,15.399999999999999,23.0,0.0,0.0,false,0.0,0.0,0.0,0.0,0.0
shared_battery_mode_node_level_v1,SI-Drahi_14-d2-HOM-ULO-BLO-fb15d9bbd9,TK-PB-Drahi_14-d2-HOM-ULO-9e640d1615-r1,SS-19da242d4543,risk_neutral_expectation,1,MULTISTAGE_RH,LEXMMFPEA,pv,9,12,1,1.0,0.0,0.0,23.0,23.0,0.0,0.0,false,0.0,0.0,0.0,0.0,0.0
shared_battery_mode_node_level_v1,SI-Drahi_14-d2-HOM-ULO-BLO-fb15d9bbd9,TK-PB-Drahi_14-d2-HOM-ULO-9e640d1615-r1,SS-354317d12b7f,risk_neutral_expectation,1,MULTISTAGE_RH,LEXMMFPEA,pv,13,13,1,0.0,0.0,0.0,23.0,23.0,0.0,0.0,false,0.0,0.0,0.0,0.0,0.0
shared_battery_mode_node_level_v1,SI-Drahi_14-d2-HOM-ULO-BLO-fb15d9bbd9,TK-PB-Drahi_14-d2-HOM-ULO-9e640d1615-r1,SS-354317d12b7f,risk_neutral_expectation,1,MULTISTAGE_RH,LEXMMFPEA,pv,13,14,1,1.0,8.0,0.0,23.0,30.6,0.0,0.0,false,0.0,0.0,0.0,0.0,0.0
shared_battery_mode_node_level_v1,SI-Drahi_14-d2-HOM-ULO-BLO-fb15d9bbd9,TK-PB-Drahi_14-d2-HOM-ULO-9e640d1615-r1,SS-354317d12b7f,risk_neutral_expectation,1,MULTISTAGE_RH,LEXMMFPEA,pv,13,15,1,0.0,0.0,0.0,30.6,30.6,0.0,0.0,false,0.0,0.0,0.0,0.0,0.0
shared_battery_mode_node_level_v1,SI-Drahi_14-d2-HOM-ULO-BLO-fb15d9bbd9,TK-PB-Drahi_14-d2-HOM-ULO-9e640d1615-r1,SS-354317d12b7f,risk_neutral_expectation,1,MULTISTAGE_RH,LEXMMFPEA,pv,13,16,1,0.0,0.0,0.0,30.6,30.6,0.0,0.0,false,0.0,0.0,0.0,0.0,0.0
shared_battery_mode_node_level_v1,SI-Drahi_14-d2-HOM-ULO-BLO-fb15d9bbd9,TK-PB-Drahi_14-d2-HOM-ULO-9e640d1615-r1,SS-c81930d9c8ba,risk_neutral_expectation,1,MULTISTAGE_RH,LEXMMFPEA,pv,17,17,1,0.0,0.0,0.0,30.6,30.6,0.0,0.0,false,0.0,0.0,0.0,0.0,0.0
shared_battery_mode_node_level_v1,SI-Drahi_14-d2-HOM-ULO-BLO-fb15d9bbd9,TK-PB-Drahi_14-d2-HOM-ULO-9e640d1615-r1,SS-c81930d9c8ba,risk_neutral_expectation,1,MULTISTAGE_RH,LEXMMFPEA,pv,17,18,1,0.0,0.0,8.0,30.6,22.178947368421056,0.0,0.0,false,0.0,0.0,0.0,0.0,0.0
shared_battery_mode_node_level_v1,SI-Drahi_14-d2-HOM-ULO-BLO-fb15d9bbd9,TK-PB-Drahi_14-d2-HOM-ULO-9e640d1615-r1,SS-c81930d9c8ba,risk_neutral_expectation,1,MULTISTAGE_RH,LEXMMFPEA,pv,17,19,1,1.0,8.0,0.0,22.178947368421056,29.778947368421058,0.0,0.0,false,0.0,0.0,0.0,0.0,0.0
shared_battery_mode_node_level_v1,SI-Drahi_14-d2-HOM-ULO-BLO-fb15d9bbd9,TK-PB-Drahi_14-d2-HOM-ULO-9e640d1615-r1,SS-c81930d9c8ba,risk_neutral_expectation,1,MULTISTAGE_RH,LEXMMFPEA,pv,17,20,1,0.22645429362880787,1.811634349030463,0.0,29.778947368421058,31.499999999999996,0.0,0.0,false,0.0,0.22645429362880787,3.552713678800501e-15,0.0,0.0
shared_battery_mode_node_level_v1,SI-Drahi_14-d2-HOM-ULO-BLO-fb15d9bbd9,TK-PB-Drahi_14-d2-HOM-ULO-9e640d1615-r1,SS-3cf9bda45ea4,risk_neutral_expectation,1,MULTISTAGE_RH,LEXMMFPEA,pv,21,21,1,0.0,0.0,8.0,31.499999999999996,23.078947368421048,0.0,0.0,false,0.0,0.0,0.0,0.0,0.0
shared_battery_mode_node_level_v1,SI-Drahi_14-d2-HOM-ULO-BLO-fb15d9bbd9,TK-PB-Drahi_14-d2-HOM-ULO-9e640d1615-r1,SS-3cf9bda45ea4,risk_neutral_expectation,1,MULTISTAGE_RH,LEXMMFPEA,pv,21,22,1,0.0,0.0,8.0,23.078947368421048,14.6578947368421,0.0,0.0,false,0.0,0.0,0.0,0.0,0.0
shared_battery_mode_node_level_v1,SI-Drahi_14-d2-HOM-ULO-BLO-fb15d9bbd9,TK-PB-Drahi_14-d2-HOM-ULO-9e640d1615-r1,SS-3cf9bda45ea4,risk_neutral_expectation,1,MULTISTAGE_RH,LEXMMFPEA,pv,21,23,1,0.0,0.0,8.0,14.6578947368421,6.236842105263154,0.0,0.0,false,0.0,0.0,0.0,0.0,0.0
shared_battery_mode_node_level_v1,SI-Drahi_14-d2-HOM-ULO-BLO-fb15d9bbd9,TK-PB-Drahi_14-d2-HOM-ULO-9e640d1615-r1,SS-3cf9bda45ea4,risk_neutral_expectation,1,MULTISTAGE_RH,LEXMMFPEA,pv,21,24,1,0.0,0.0,5.734999999999996,6.236842105263154,0.20000000000000018,0.0,0.0,false,0.0,0.0,1.6653345369377348e-16,0.0,0.0
shared_battery_mode_node_level_v1,SI-Drahi_14-d2-HOM-ULO-BLO-fb15d9bbd9,TK-PB-Drahi_14-d2-HOM-ULO-9e640d1615-r1,SS-5d5bbea46d20,risk_neutral_expectation,1,MULTISTAGE_RH,LEXMMFSA,savings,1,1,1,1.0,0.0,0.0,0.2,0.2,0.0,0.0,false,0.0,0.0,0.0,0.0,0.0
shared_battery_mode_node_level_v1,SI-Drahi_14-d2-HOM-ULO-BLO-fb15d9bbd9,TK-PB-Drahi_14-d2-HOM-ULO-9e640d1615-r1,SS-5d5bbea46d20,risk_neutral_expectation,1,MULTISTAGE_RH,LEXMMFSA,savings,1,2,1,1.0,8.0,0.0,0.2,7.8,0.0,0.0,false,0.0,0.0,0.0,0.0,0.0
shared_battery_mode_node_level_v1,SI-Drahi_14-d2-HOM-ULO-BLO-fb15d9bbd9,TK-PB-Drahi_14-d2-HOM-ULO-9e640d1615-r1,SS-5d5bbea46d20,risk_neutral_expectation,1,MULTISTAGE_RH,LEXMMFSA,savings,1,3,1,1.0,0.0,0.0,7.8,7.8,0.0,0.0,false,0.0,0.0,0.0,0.0,0.0
shared_battery_mode_node_level_v1,SI-Drahi_14-d2-HOM-ULO-BLO-fb15d9bbd9,TK-PB-Drahi_14-d2-HOM-ULO-9e640d1615-r1,SS-5d5bbea46d20,risk_neutral_expectation,1,MULTISTAGE_RH,LEXMMFSA,savings,1,4,1,1.0,0.0,0.0,7.8,7.8,0.0,0.0,false,0.0,0.0,0.0,0.0,0.0
shared_battery_mode_node_level_v1,SI-Drahi_14-d2-HOM-ULO-BLO-fb15d9bbd9,TK-PB-Drahi_14-d2-HOM-ULO-9e640d1615-r1,SS-102adc95e052,risk_neutral_expectation,1,MULTISTAGE_RH,LEXMMFSA,savings,5,5,1,1.0,0.0,0.0,7.8,7.8,0.0,0.0,false,0.0,0.0,0.0,0.0,0.0
shared_battery_mode_node_level_v1,SI-Drahi_14-d2-HOM-ULO-BLO-fb15d9bbd9,TK-PB-Drahi_14-d2-HOM-ULO-9e640d1615-r1,SS-102adc95e052,risk_neutral_expectation,1,MULTISTAGE_RH,LEXMMFSA,savings,5,6,1,1.0,0.0,0.0,7.8,7.8,0.0,0.0,false,0.0,0.0,0.0,0.0,0.0
shared_battery_mode_node_level_v1,SI-Drahi_14-d2-HOM-ULO-BLO-fb15d9bbd9,TK-PB-Drahi_14-d2-HOM-ULO-9e640d1615-r1,SS-102adc95e052,risk_neutral_expectation,1,MULTISTAGE_RH,LEXMMFSA,savings,5,7,1,1.0,0.0,0.0,7.8,7.8,0.0,0.0,false,0.0,0.0,0.0,0.0,0.0
shared_battery_mode_node_level_v1,SI-Drahi_14-d2-HOM-ULO-BLO-fb15d9bbd9,TK-PB-Drahi_14-d2-HOM-ULO-9e640d1615-r1,SS-102adc95e052,risk_neutral_expectation,1,MULTISTAGE_RH,LEXMMFSA,savings,5,8,1,1.0,0.0,0.0,7.8,7.8,0.0,0.0,false,0.0,0.0,0.0,0.0,0.0
shared_battery_mode_node_level_v1,SI-Drahi_14-d2-HOM-ULO-BLO-fb15d9bbd9,TK-PB-Drahi_14-d2-HOM-ULO-9e640d1615-r1,SS-19da242d4543,risk_neutral_expectation,1,MULTISTAGE_RH,LEXMMFSA,savings,9,9,1,1.0,0.0,0.0,7.8,7.8,0.0,0.0,false,0.0,0.0,0.0,0.0,0.0
shared_battery_mode_node_level_v1,SI-Drahi_14-d2-HOM-ULO-BLO-fb15d9bbd9,TK-PB-Drahi_14-d2-HOM-ULO-9e640d1615-r1,SS-19da242d4543,risk_neutral_expectation,1,MULTISTAGE_RH,LEXMMFSA,savings,9,10,1,1.0,8.0,0.0,7.8,15.399999999999999,0.0,0.0,false,0.0,0.0,0.0,0.0,0.0
shared_battery_mode_node_level_v1,SI-Drahi_14-d2-HOM-ULO-BLO-fb15d9bbd9,TK-PB-Drahi_14-d2-HOM-ULO-9e640d1615-r1,SS-19da242d4543,risk_neutral_expectation,1,MULTISTAGE_RH,LEXMMFSA,savings,9,11,1,1.0,8.0,0.0,15.399999999999999,23.0,0.0,0.0,false,0.0,0.0,0.0,0.0,0.0
shared_battery_mode_node_level_v1,SI-Drahi_14-d2-HOM-ULO-BLO-fb15d9bbd9,TK-PB-Drahi_14-d2-HOM-ULO-9e640d1615-r1,SS-19da242d4543,risk_neutral_expectation,1,MULTISTAGE_RH,LEXMMFSA,savings,9,12,1,1.0,0.0,0.0,23.0,23.0,0.0,0.0,false,0.0,0.0,0.0,0.0,0.0
shared_battery_mode_node_level_v1,SI-Drahi_14-d2-HOM-ULO-BLO-fb15d9bbd9,TK-PB-Drahi_14-d2-HOM-ULO-9e640d1615-r1,SS-354317d12b7f,risk_neutral_expectation,1,MULTISTAGE_RH,LEXMMFSA,savings,13,13,1,1.0,0.0,0.0,23.0,23.0,0.0,0.0,false,0.0,0.0,0.0,0.0,0.0
shared_battery_mode_node_level_v1,SI-Drahi_14-d2-HOM-ULO-BLO-fb15d9bbd9,TK-PB-Drahi_14-d2-HOM-ULO-9e640d1615-r1,SS-354317d12b7f,risk_neutral_expectation,1,MULTISTAGE_RH,LEXMMFSA,savings,13,14,1,1.0,8.0,0.0,23.0,30.6,0.0,0.0,false,0.0,0.0,0.0,0.0,0.0
shared_battery_mode_node_level_v1,SI-Drahi_14-d2-HOM-ULO-BLO-fb15d9bbd9,TK-PB-Drahi_14-d2-HOM-ULO-9e640d1615-r1,SS-354317d12b7f,risk_neutral_expectation,1,MULTISTAGE_RH,LEXMMFSA,savings,13,15,1,1.0,0.0,0.0,30.6,30.6,0.0,0.0,false,0.0,0.0,0.0,0.0,0.0
shared_battery_mode_node_level_v1,SI-Drahi_14-d2-HOM-ULO-BLO-fb15d9bbd9,TK-PB-Drahi_14-d2-HOM-ULO-9e640d1615-r1,SS-354317d12b7f,risk_neutral_expectation,1,MULTISTAGE_RH,LEXMMFSA,savings,13,16,1,1.0,0.0,0.0,30.6,30.6,0.0,0.0,false,0.0,0.0,0.0,0.0,0.0
shared_battery_mode_node_level_v1,SI-Drahi_14-d2-HOM-ULO-BLO-fb15d9bbd9,TK-PB-Drahi_14-d2-HOM-ULO-9e640d1615-r1,SS-c81930d9c8ba,risk_neutral_expectation,1,MULTISTAGE_RH,LEXMMFSA,savings,17,17,1,1.0,0.0,0.0,30.6,30.6,0.0,0.0,false,0.0,0.0,0.0,0.0,0.0
shared_battery_mode_node_level_v1,SI-Drahi_14-d2-HOM-ULO-BLO-fb15d9bbd9,TK-PB-Drahi_14-d2-HOM-ULO-9e640d1615-r1,SS-c81930d9c8ba,risk_neutral_expectation,1,MULTISTAGE_RH,LEXMMFSA,savings,17,18,1,0.0,0.0,8.0,30.6,22.178947368421056,0.0,0.0,false,0.0,0.0,0.0,0.0,0.0
shared_battery_mode_node_level_v1,SI-Drahi_14-d2-HOM-ULO-BLO-fb15d9bbd9,TK-PB-Drahi_14-d2-HOM-ULO-9e640d1615-r1,SS-c81930d9c8ba,risk_neutral_expectation,1,MULTISTAGE_RH,LEXMMFSA,savings,17,19,1,1.0,8.0,0.0,22.178947368421056,29.778947368421058,0.0,0.0,false,0.0,0.0,0.0,0.0,0.0
shared_battery_mode_node_level_v1,SI-Drahi_14-d2-HOM-ULO-BLO-fb15d9bbd9,TK-PB-Drahi_14-d2-HOM-ULO-9e640d1615-r1,SS-c81930d9c8ba,risk_neutral_expectation,1,MULTISTAGE_RH,LEXMMFSA,savings,17,20,1,1.0,1.8116343490304654,0.0,29.778947368421058,31.5,0.0,0.0,false,0.0,0.0,0.0,0.0,0.0
shared_battery_mode_node_level_v1,SI-Drahi_14-d2-HOM-ULO-BLO-fb15d9bbd9,TK-PB-Drahi_14-d2-HOM-ULO-9e640d1615-r1,SS-3cf9bda45ea4,risk_neutral_expectation,1,MULTISTAGE_RH,LEXMMFSA,savings,21,21,1,0.0,0.0,8.0,31.5,23.078947368421055,0.0,0.0,false,0.0,0.0,0.0,0.0,0.0
shared_battery_mode_node_level_v1,SI-Drahi_14-d2-HOM-ULO-BLO-fb15d9bbd9,TK-PB-Drahi_14-d2-HOM-ULO-9e640d1615-r1,SS-3cf9bda45ea4,risk_neutral_expectation,1,MULTISTAGE_RH,LEXMMFSA,savings,21,22,1,0.0,0.0,8.0,23.078947368421055,14.657894736842108,0.0,0.0,false,0.0,0.0,1.7763568394002505e-15,0.0,0.0
shared_battery_mode_node_level_v1,SI-Drahi_14-d2-HOM-ULO-BLO-fb15d9bbd9,TK-PB-Drahi_14-d2-HOM-ULO-9e640d1615-r1,SS-3cf9bda45ea4,risk_neutral_expectation,1,MULTISTAGE_RH,LEXMMFSA,savings,21,23,1,0.0,0.0,8.0,14.657894736842108,6.236842105263161,0.0,0.0,false,0.0,0.0,1.7763568394002505e-15,0.0,0.0
shared_battery_mode_node_level_v1,SI-Drahi_14-d2-HOM-ULO-BLO-fb15d9bbd9,TK-PB-Drahi_14-d2-HOM-ULO-9e640d1615-r1,SS-3cf9bda45ea4,risk_neutral_expectation,1,MULTISTAGE_RH,LEXMMFSA,savings,21,24,1,0.2831249999999994,0.0,5.735000000000005,6.236842105263161,0.1999999999999975,0.0,0.0,false,0.0,0.2831249999999994,2.4980018054066022e-15,2.4980018054066022e-15,0.0
shared_battery_mode_node_level_v1,SI-Drahi_14-d2-HOM-ULO-BLO-fb15d9bbd9,TK-PB-Drahi_14-d2-HOM-ULO-9e640d1615-r1,SS-5d5bbea46d20,risk_neutral_expectation,1,MULTISTAGE_RH,NONE,none,1,1,1,1.0,0.0,0.0,0.2,0.2,0.0,0.0,false,0.0,0.0,0.0,0.0,0.0
shared_battery_mode_node_level_v1,SI-Drahi_14-d2-HOM-ULO-BLO-fb15d9bbd9,TK-PB-Drahi_14-d2-HOM-ULO-9e640d1615-r1,SS-5d5bbea46d20,risk_neutral_expectation,1,MULTISTAGE_RH,NONE,none,1,2,1,1.0,8.0,0.0,0.2,7.8,0.0,0.0,false,0.0,0.0,0.0,0.0,0.0
shared_battery_mode_node_level_v1,SI-Drahi_14-d2-HOM-ULO-BLO-fb15d9bbd9,TK-PB-Drahi_14-d2-HOM-ULO-9e640d1615-r1,SS-5d5bbea46d20,risk_neutral_expectation,1,MULTISTAGE_RH,NONE,none,1,3,1,1.0,0.0,0.0,7.8,7.8,0.0,0.0,false,0.0,0.0,0.0,0.0,0.0
shared_battery_mode_node_level_v1,SI-Drahi_14-d2-HOM-ULO-BLO-fb15d9bbd9,TK-PB-Drahi_14-d2-HOM-ULO-9e640d1615-r1,SS-5d5bbea46d20,risk_neutral_expectation,1,MULTISTAGE_RH,NONE,none,1,4,1,1.0,0.0,0.0,7.8,7.8,0.0,0.0,false,0.0,0.0,0.0,0.0,0.0
shared_battery_mode_node_level_v1,SI-Drahi_14-d2-HOM-ULO-BLO-fb15d9bbd9,TK-PB-Drahi_14-d2-HOM-ULO-9e640d1615-r1,SS-102adc95e052,risk_neutral_expectation,1,MULTISTAGE_RH,NONE,none,5,5,1,1.0,0.0,0.0,7.8,7.8,0.0,0.0,false,0.0,0.0,0.0,0.0,0.0
shared_battery_mode_node_level_v1,SI-Drahi_14-d2-HOM-ULO-BLO-fb15d9bbd9,TK-PB-Drahi_14-d2-HOM-ULO-9e640d1615-r1,SS-102adc95e052,risk_neutral_expectation,1,MULTISTAGE_RH,NONE,none,5,6,1,1.0,0.0,0.0,7.8,7.8,0.0,0.0,false,0.0,0.0,0.0,0.0,0.0
shared_battery_mode_node_level_v1,SI-Drahi_14-d2-HOM-ULO-BLO-fb15d9bbd9,TK-PB-Drahi_14-d2-HOM-ULO-9e640d1615-r1,SS-102adc95e052,risk_neutral_expectation,1,MULTISTAGE_RH,NONE,none,5,7,1,1.0,0.0,0.0,7.8,7.8,0.0,0.0,false,0.0,0.0,0.0,0.0,0.0
shared_battery_mode_node_level_v1,SI-Drahi_14-d2-HOM-ULO-BLO-fb15d9bbd9,TK-PB-Drahi_14-d2-HOM-ULO-9e640d1615-r1,SS-102adc95e052,risk_neutral_expectation,1,MULTISTAGE_RH,NONE,none,5,8,1,1.0,0.0,0.0,7.8,7.8,0.0,0.0,false,0.0,0.0,0.0,0.0,0.0
shared_battery_mode_node_level_v1,SI-Drahi_14-d2-HOM-ULO-BLO-fb15d9bbd9,TK-PB-Drahi_14-d2-HOM-ULO-9e640d1615-r1,SS-19da242d4543,risk_neutral_expectation,1,MULTISTAGE_RH,NONE,none,9,9,1,1.0,0.0,0.0,7.8,7.8,0.0,0.0,false,0.0,0.0,0.0,0.0,0.0
shared_battery_mode_node_level_v1,SI-Drahi_14-d2-HOM-ULO-BLO-fb15d9bbd9,TK-PB-Drahi_14-d2-HOM-ULO-9e640d1615-r1,SS-19da242d4543,risk_neutral_expectation,1,MULTISTAGE_RH,NONE,none,9,10,1,1.0,8.0,0.0,7.8,15.399999999999999,0.0,0.0,false,0.0,0.0,0.0,0.0,0.0
shared_battery_mode_node_level_v1,SI-Drahi_14-d2-HOM-ULO-BLO-fb15d9bbd9,TK-PB-Drahi_14-d2-HOM-ULO-9e640d1615-r1,SS-19da242d4543,risk_neutral_expectation,1,MULTISTAGE_RH,NONE,none,9,11,1,1.0,8.0,0.0,15.399999999999999,23.0,0.0,0.0,false,0.0,0.0,0.0,0.0,0.0
shared_battery_mode_node_level_v1,SI-Drahi_14-d2-HOM-ULO-BLO-fb15d9bbd9,TK-PB-Drahi_14-d2-HOM-ULO-9e640d1615-r1,SS-19da242d4543,risk_neutral_expectation,1,MULTISTAGE_RH,NONE,none,9,12,1,1.0,0.0,0.0,23.0,23.0,0.0,0.0,false,0.0,0.0,0.0,0.0,0.0
shared_battery_mode_node_level_v1,SI-Drahi_14-d2-HOM-ULO-BLO-fb15d9bbd9,TK-PB-Drahi_14-d2-HOM-ULO-9e640d1615-r1,SS-354317d12b7f,risk_neutral_expectation,1,MULTISTAGE_RH,NONE,none,13,13,1,1.0,0.0,0.0,23.0,23.0,0.0,0.0,false,0.0,0.0,0.0,0.0,0.0
shared_battery_mode_node_level_v1,SI-Drahi_14-d2-HOM-ULO-BLO-fb15d9bbd9,TK-PB-Drahi_14-d2-HOM-ULO-9e640d1615-r1,SS-354317d12b7f,risk_neutral_expectation,1,MULTISTAGE_RH,NONE,none,13,14,1,1.0,8.0,0.0,23.0,30.6,0.0,0.0,false,0.0,0.0,0.0,0.0,0.0
shared_battery_mode_node_level_v1,SI-Drahi_14-d2-HOM-ULO-BLO-fb15d9bbd9,TK-PB-Drahi_14-d2-HOM-ULO-9e640d1615-r1,SS-354317d12b7f,risk_neutral_expectation,1,MULTISTAGE_RH,NONE,none,13,15,1,1.0,0.0,0.0,30.6,30.6,0.0,0.0,false,0.0,0.0,0.0,0.0,0.0
shared_battery_mode_node_level_v1,SI-Drahi_14-d2-HOM-ULO-BLO-fb15d9bbd9,TK-PB-Drahi_14-d2-HOM-ULO-9e640d1615-r1,SS-354317d12b7f,risk_neutral_expectation,1,MULTISTAGE_RH,NONE,none,13,16,1,1.0,0.0,0.0,30.6,30.6,0.0,0.0,false,0.0,0.0,0.0,0.0,0.0
shared_battery_mode_node_level_v1,SI-Drahi_14-d2-HOM-ULO-BLO-fb15d9bbd9,TK-PB-Drahi_14-d2-HOM-ULO-9e640d1615-r1,SS-c81930d9c8ba,risk_neutral_expectation,1,MULTISTAGE_RH,NONE,none,17,17,1,1.0,0.0,0.0,30.6,30.6,0.0,0.0,false,0.0,0.0,0.0,0.0,0.0
shared_battery_mode_node_level_v1,SI-Drahi_14-d2-HOM-ULO-BLO-fb15d9bbd9,TK-PB-Drahi_14-d2-HOM-ULO-9e640d1615-r1,SS-c81930d9c8ba,risk_neutral_expectation,1,MULTISTAGE_RH,NONE,none,17,18,1,0.0,0.0,8.0,30.6,22.178947368421056,0.0,0.0,false,0.0,0.0,0.0,0.0,0.0
shared_battery_mode_node_level_v1,SI-Drahi_14-d2-HOM-ULO-BLO-fb15d9bbd9,TK-PB-Drahi_14-d2-HOM-ULO-9e640d1615-r1,SS-c81930d9c8ba,risk_neutral_expectation,1,MULTISTAGE_RH,NONE,none,17,19,1,1.0,8.0,0.0,22.178947368421056,29.778947368421058,0.0,0.0,false,0.0,0.0,0.0,0.0,0.0
shared_battery_mode_node_level_v1,SI-Drahi_14-d2-HOM-ULO-BLO-fb15d9bbd9,TK-PB-Drahi_14-d2-HOM-ULO-9e640d1615-r1,SS-c81930d9c8ba,risk_neutral_expectation,1,MULTISTAGE_RH,NONE,none,17,20,1,1.0,1.811634349030463,0.0,29.778947368421058,31.499999999999996,0.0,0.0,false,0.0,0.0,3.552713678800501e-15,0.0,0.0
shared_battery_mode_node_level_v1,SI-Drahi_14-d2-HOM-ULO-BLO-fb15d9bbd9,TK-PB-Drahi_14-d2-HOM-ULO-9e640d1615-r1,SS-3cf9bda45ea4,risk_neutral_expectation,1,MULTISTAGE_RH,NONE,none,21,21,1,0.0,0.0,8.0,31.499999999999996,23.078947368421048,0.0,0.0,false,0.0,0.0,0.0,0.0,0.0
shared_battery_mode_node_level_v1,SI-Drahi_14-d2-HOM-ULO-BLO-fb15d9bbd9,TK-PB-Drahi_14-d2-HOM-ULO-9e640d1615-r1,SS-3cf9bda45ea4,risk_neutral_expectation,1,MULTISTAGE_RH,NONE,none,21,22,1,0.0,0.0,8.0,23.078947368421048,14.6578947368421,0.0,0.0,false,0.0,0.0,0.0,0.0,0.0
shared_battery_mode_node_level_v1,SI-Drahi_14-d2-HOM-ULO-BLO-fb15d9bbd9,TK-PB-Drahi_14-d2-HOM-ULO-9e640d1615-r1,SS-3cf9bda45ea4,risk_neutral_expectation,1,MULTISTAGE_RH,NONE,none,21,23,1,0.0,0.0,8.0,14.6578947368421,6.236842105263154,0.0,0.0,false,0.0,0.0,0.0,0.0,0.0
shared_battery_mode_node_level_v1,SI-Drahi_14-d2-HOM-ULO-BLO-fb15d9bbd9,TK-PB-Drahi_14-d2-HOM-ULO-9e640d1615-r1,SS-3cf9bda45ea4,risk_neutral_expectation,1,MULTISTAGE_RH,NONE,none,21,24,1,0.2831250000000005,0.0,5.734999999999996,6.236842105263154,0.20000000000000018,0.0,0.0,false,0.0,0.2831250000000005,1.6653345369377348e-16,0.0,0.0
shared_battery_mode_node_level_v1,SI-Drahi_14-d2-HOM-ULO-BLO-fb15d9bbd9,TK-PB-Drahi_14-d2-HOM-ULO-9e640d1615-r1,SS-5d5bbea46d20,risk_neutral_expectation,1,MULTISTAGE_RH,PEA,pv,1,1,1,1.0,0.0,0.0,0.2,0.2,0.0,0.0,false,0.0,0.0,0.0,0.0,0.0
shared_battery_mode_node_level_v1,SI-Drahi_14-d2-HOM-ULO-BLO-fb15d9bbd9,TK-PB-Drahi_14-d2-HOM-ULO-9e640d1615-r1,SS-5d5bbea46d20,risk_neutral_expectation,1,MULTISTAGE_RH,PEA,pv,1,2,1,1.0,8.0,0.0,0.2,7.8,0.0,0.0,false,0.0,0.0,0.0,0.0,0.0
shared_battery_mode_node_level_v1,SI-Drahi_14-d2-HOM-ULO-BLO-fb15d9bbd9,TK-PB-Drahi_14-d2-HOM-ULO-9e640d1615-r1,SS-5d5bbea46d20,risk_neutral_expectation,1,MULTISTAGE_RH,PEA,pv,1,3,1,1.0,0.0,0.0,7.8,7.8,0.0,0.0,false,0.0,0.0,0.0,0.0,0.0
shared_battery_mode_node_level_v1,SI-Drahi_14-d2-HOM-ULO-BLO-fb15d9bbd9,TK-PB-Drahi_14-d2-HOM-ULO-9e640d1615-r1,SS-5d5bbea46d20,risk_neutral_expectation,1,MULTISTAGE_RH,PEA,pv,1,4,1,1.0,0.0,0.0,7.8,7.8,0.0,0.0,false,0.0,0.0,0.0,0.0,0.0
shared_battery_mode_node_level_v1,SI-Drahi_14-d2-HOM-ULO-BLO-fb15d9bbd9,TK-PB-Drahi_14-d2-HOM-ULO-9e640d1615-r1,SS-102adc95e052,risk_neutral_expectation,1,MULTISTAGE_RH,PEA,pv,5,5,1,1.0,0.0,0.0,7.8,7.8,0.0,0.0,false,0.0,0.0,0.0,0.0,0.0
shared_battery_mode_node_level_v1,SI-Drahi_14-d2-HOM-ULO-BLO-fb15d9bbd9,TK-PB-Drahi_14-d2-HOM-ULO-9e640d1615-r1,SS-102adc95e052,risk_neutral_expectation,1,MULTISTAGE_RH,PEA,pv,5,6,1,1.0,0.0,0.0,7.8,7.8,0.0,0.0,false,0.0,0.0,0.0,0.0,0.0
shared_battery_mode_node_level_v1,SI-Drahi_14-d2-HOM-ULO-BLO-fb15d9bbd9,TK-PB-Drahi_14-d2-HOM-ULO-9e640d1615-r1,SS-102adc95e052,risk_neutral_expectation,1,MULTISTAGE_RH,PEA,pv,5,7,1,1.0,0.0,0.0,7.8,7.8,0.0,0.0,false,0.0,0.0,0.0,0.0,0.0
shared_battery_mode_node_level_v1,SI-Drahi_14-d2-HOM-ULO-BLO-fb15d9bbd9,TK-PB-Drahi_14-d2-HOM-ULO-9e640d1615-r1,SS-102adc95e052,risk_neutral_expectation,1,MULTISTAGE_RH,PEA,pv,5,8,1,1.0,0.0,0.0,7.8,7.8,0.0,0.0,false,0.0,0.0,0.0,0.0,0.0
shared_battery_mode_node_level_v1,SI-Drahi_14-d2-HOM-ULO-BLO-fb15d9bbd9,TK-PB-Drahi_14-d2-HOM-ULO-9e640d1615-r1,SS-19da242d4543,risk_neutral_expectation,1,MULTISTAGE_RH,PEA,pv,9,9,1,1.0,0.0,0.0,7.8,7.8,0.0,0.0,false,0.0,0.0,0.0,0.0,0.0
shared_battery_mode_node_level_v1,SI-Drahi_14-d2-HOM-ULO-BLO-fb15d9bbd9,TK-PB-Drahi_14-d2-HOM-ULO-9e640d1615-r1,SS-19da242d4543,risk_neutral_expectation,1,MULTISTAGE_RH,PEA,pv,9,10,1,1.0,8.0,0.0,7.8,15.399999999999999,0.0,0.0,false,0.0,0.0,0.0,0.0,0.0
shared_battery_mode_node_level_v1,SI-Drahi_14-d2-HOM-ULO-BLO-fb15d9bbd9,TK-PB-Drahi_14-d2-HOM-ULO-9e640d1615-r1,SS-19da242d4543,risk_neutral_expectation,1,MULTISTAGE_RH,PEA,pv,9,11,1,1.0,8.0,0.0,15.399999999999999,23.0,0.0,0.0,false,0.0,0.0,0.0,0.0,0.0
shared_battery_mode_node_level_v1,SI-Drahi_14-d2-HOM-ULO-BLO-fb15d9bbd9,TK-PB-Drahi_14-d2-HOM-ULO-9e640d1615-r1,SS-19da242d4543,risk_neutral_expectation,1,MULTISTAGE_RH,PEA,pv,9,12,1,1.0,0.0,0.0,23.0,23.0,0.0,0.0,false,0.0,0.0,0.0,0.0,0.0
shared_battery_mode_node_level_v1,SI-Drahi_14-d2-HOM-ULO-BLO-fb15d9bbd9,TK-PB-Drahi_14-d2-HOM-ULO-9e640d1615-r1,SS-354317d12b7f,risk_neutral_expectation,1,MULTISTAGE_RH,PEA,pv,13,13,1,1.0,0.0,0.0,23.0,23.0,0.0,0.0,false,0.0,0.0,0.0,0.0,0.0
shared_battery_mode_node_level_v1,SI-Drahi_14-d2-HOM-ULO-BLO-fb15d9bbd9,TK-PB-Drahi_14-d2-HOM-ULO-9e640d1615-r1,SS-354317d12b7f,risk_neutral_expectation,1,MULTISTAGE_RH,PEA,pv,13,14,1,1.0,8.0,0.0,23.0,30.6,0.0,0.0,false,0.0,0.0,0.0,0.0,0.0
shared_battery_mode_node_level_v1,SI-Drahi_14-d2-HOM-ULO-BLO-fb15d9bbd9,TK-PB-Drahi_14-d2-HOM-ULO-9e640d1615-r1,SS-354317d12b7f,risk_neutral_expectation,1,MULTISTAGE_RH,PEA,pv,13,15,1,1.0,0.0,0.0,30.6,30.6,0.0,0.0,false,0.0,0.0,0.0,0.0,0.0
shared_battery_mode_node_level_v1,SI-Drahi_14-d2-HOM-ULO-BLO-fb15d9bbd9,TK-PB-Drahi_14-d2-HOM-ULO-9e640d1615-r1,SS-354317d12b7f,risk_neutral_expectation,1,MULTISTAGE_RH,PEA,pv,13,16,1,1.0,0.0,0.0,30.6,30.6,0.0,0.0,false,0.0,0.0,0.0,0.0,0.0
shared_battery_mode_node_level_v1,SI-Drahi_14-d2-HOM-ULO-BLO-fb15d9bbd9,TK-PB-Drahi_14-d2-HOM-ULO-9e640d1615-r1,SS-c81930d9c8ba,risk_neutral_expectation,1,MULTISTAGE_RH,PEA,pv,17,17,1,1.0,0.0,0.0,30.6,30.6,0.0,0.0,false,0.0,0.0,0.0,0.0,0.0
shared_battery_mode_node_level_v1,SI-Drahi_14-d2-HOM-ULO-BLO-fb15d9bbd9,TK-PB-Drahi_14-d2-HOM-ULO-9e640d1615-r1,SS-c81930d9c8ba,risk_neutral_expectation,1,MULTISTAGE_RH,PEA,pv,17,18,1,0.0,0.0,8.0,30.6,22.178947368421056,0.0,0.0,false,0.0,0.0,0.0,0.0,0.0
shared_battery_mode_node_level_v1,SI-Drahi_14-d2-HOM-ULO-BLO-fb15d9bbd9,TK-PB-Drahi_14-d2-HOM-ULO-9e640d1615-r1,SS-c81930d9c8ba,risk_neutral_expectation,1,MULTISTAGE_RH,PEA,pv,17,19,1,1.0,8.0,0.0,22.178947368421056,29.778947368421058,0.0,0.0,false,0.0,0.0,0.0,0.0,0.0
shared_battery_mode_node_level_v1,SI-Drahi_14-d2-HOM-ULO-BLO-fb15d9bbd9,TK-PB-Drahi_14-d2-HOM-ULO-9e640d1615-r1,SS-c81930d9c8ba,risk_neutral_expectation,1,MULTISTAGE_RH,PEA,pv,17,20,1,1.0,1.811634349030463,0.0,29.778947368421058,31.499999999999996,0.0,0.0,false,0.0,0.0,3.552713678800501e-15,0.0,0.0
shared_battery_mode_node_level_v1,SI-Drahi_14-d2-HOM-ULO-BLO-fb15d9bbd9,TK-PB-Drahi_14-d2-HOM-ULO-9e640d1615-r1,SS-3cf9bda45ea4,risk_neutral_expectation,1,MULTISTAGE_RH,PEA,pv,21,21,1,0.0,0.0,8.0,31.499999999999996,23.078947368421048,0.0,0.0,false,0.0,0.0,0.0,0.0,0.0
shared_battery_mode_node_level_v1,SI-Drahi_14-d2-HOM-ULO-BLO-fb15d9bbd9,TK-PB-Drahi_14-d2-HOM-ULO-9e640d1615-r1,SS-3cf9bda45ea4,risk_neutral_expectation,1,MULTISTAGE_RH,PEA,pv,21,22,1,0.0,0.0,8.0,23.078947368421048,14.6578947368421,0.0,0.0,false,0.0,0.0,0.0,0.0,0.0
shared_battery_mode_node_level_v1,SI-Drahi_14-d2-HOM-ULO-BLO-fb15d9bbd9,TK-PB-Drahi_14-d2-HOM-ULO-9e640d1615-r1,SS-3cf9bda45ea4,risk_neutral_expectation,1,MULTISTAGE_RH,PEA,pv,21,23,1,0.0,0.0,8.0,14.6578947368421,6.236842105263154,0.0,0.0,false,0.0,0.0,0.0,0.0,0.0
shared_battery_mode_node_level_v1,SI-Drahi_14-d2-HOM-ULO-BLO-fb15d9bbd9,TK-PB-Drahi_14-d2-HOM-ULO-9e640d1615-r1,SS-3cf9bda45ea4,risk_neutral_expectation,1,MULTISTAGE_RH,PEA,pv,21,24,1,0.2831250000000005,0.0,5.734999999999996,6.236842105263154,0.20000000000000018,0.0,0.0,false,0.0,0.2831250000000005,1.6653345369377348e-16,0.0,0.0
shared_battery_mode_node_level_v1,SI-Drahi_14-d2-HOM-ULO-BLO-fb15d9bbd9,TK-PB-Drahi_14-d2-HOM-ULO-9e640d1615-r1,SS-5d5bbea46d20,risk_neutral_expectation,1,MULTISTAGE_RH,SA,savings,1,1,1,1.0,0.0,0.0,0.2,0.2,0.0,0.0,false,0.0,0.0,0.0,0.0,0.0
shared_battery_mode_node_level_v1,SI-Drahi_14-d2-HOM-ULO-BLO-fb15d9bbd9,TK-PB-Drahi_14-d2-HOM-ULO-9e640d1615-r1,SS-5d5bbea46d20,risk_neutral_expectation,1,MULTISTAGE_RH,SA,savings,1,2,1,1.0,8.0,0.0,0.2,7.8,0.0,0.0,false,0.0,0.0,0.0,0.0,0.0
shared_battery_mode_node_level_v1,SI-Drahi_14-d2-HOM-ULO-BLO-fb15d9bbd9,TK-PB-Drahi_14-d2-HOM-ULO-9e640d1615-r1,SS-5d5bbea46d20,risk_neutral_expectation,1,MULTISTAGE_RH,SA,savings,1,3,1,1.0,0.0,0.0,7.8,7.8,0.0,0.0,false,0.0,0.0,0.0,0.0,0.0
shared_battery_mode_node_level_v1,SI-Drahi_14-d2-HOM-ULO-BLO-fb15d9bbd9,TK-PB-Drahi_14-d2-HOM-ULO-9e640d1615-r1,SS-5d5bbea46d20,risk_neutral_expectation,1,MULTISTAGE_RH,SA,savings,1,4,1,1.0,0.0,0.0,7.8,7.8,0.0,0.0,false,0.0,0.0,0.0,0.0,0.0
shared_battery_mode_node_level_v1,SI-Drahi_14-d2-HOM-ULO-BLO-fb15d9bbd9,TK-PB-Drahi_14-d2-HOM-ULO-9e640d1615-r1,SS-102adc95e052,risk_neutral_expectation,1,MULTISTAGE_RH,SA,savings,5,5,1,1.0,0.0,0.0,7.8,7.8,0.0,0.0,false,0.0,0.0,0.0,0.0,0.0
shared_battery_mode_node_level_v1,SI-Drahi_14-d2-HOM-ULO-BLO-fb15d9bbd9,TK-PB-Drahi_14-d2-HOM-ULO-9e640d1615-r1,SS-102adc95e052,risk_neutral_expectation,1,MULTISTAGE_RH,SA,savings,5,6,1,1.0,0.0,0.0,7.8,7.8,0.0,0.0,false,0.0,0.0,0.0,0.0,0.0
shared_battery_mode_node_level_v1,SI-Drahi_14-d2-HOM-ULO-BLO-fb15d9bbd9,TK-PB-Drahi_14-d2-HOM-ULO-9e640d1615-r1,SS-102adc95e052,risk_neutral_expectation,1,MULTISTAGE_RH,SA,savings,5,7,1,1.0,0.0,0.0,7.8,7.8,0.0,0.0,false,0.0,0.0,0.0,0.0,0.0
shared_battery_mode_node_level_v1,SI-Drahi_14-d2-HOM-ULO-BLO-fb15d9bbd9,TK-PB-Drahi_14-d2-HOM-ULO-9e640d1615-r1,SS-102adc95e052,risk_neutral_expectation,1,MULTISTAGE_RH,SA,savings,5,8,1,1.0,0.0,0.0,7.8,7.8,0.0,0.0,false,0.0,0.0,0.0,0.0,0.0
shared_battery_mode_node_level_v1,SI-Drahi_14-d2-HOM-ULO-BLO-fb15d9bbd9,TK-PB-Drahi_14-d2-HOM-ULO-9e640d1615-r1,SS-19da242d4543,risk_neutral_expectation,1,MULTISTAGE_RH,SA,savings,9,9,1,1.0,0.0,0.0,7.8,7.8,0.0,0.0,false,0.0,0.0,0.0,0.0,0.0
shared_battery_mode_node_level_v1,SI-Drahi_14-d2-HOM-ULO-BLO-fb15d9bbd9,TK-PB-Drahi_14-d2-HOM-ULO-9e640d1615-r1,SS-19da242d4543,risk_neutral_expectation,1,MULTISTAGE_RH,SA,savings,9,10,1,1.0,8.0,0.0,7.8,15.399999999999999,0.0,0.0,false,0.0,0.0,0.0,0.0,0.0
shared_battery_mode_node_level_v1,SI-Drahi_14-d2-HOM-ULO-BLO-fb15d9bbd9,TK-PB-Drahi_14-d2-HOM-ULO-9e640d1615-r1,SS-19da242d4543,risk_neutral_expectation,1,MULTISTAGE_RH,SA,savings,9,11,1,1.0,8.0,0.0,15.399999999999999,23.0,0.0,0.0,false,0.0,0.0,0.0,0.0,0.0
shared_battery_mode_node_level_v1,SI-Drahi_14-d2-HOM-ULO-BLO-fb15d9bbd9,TK-PB-Drahi_14-d2-HOM-ULO-9e640d1615-r1,SS-19da242d4543,risk_neutral_expectation,1,MULTISTAGE_RH,SA,savings,9,12,1,1.0,0.0,0.0,23.0,23.0,0.0,0.0,false,0.0,0.0,0.0,0.0,0.0
shared_battery_mode_node_level_v1,SI-Drahi_14-d2-HOM-ULO-BLO-fb15d9bbd9,TK-PB-Drahi_14-d2-HOM-ULO-9e640d1615-r1,SS-354317d12b7f,risk_neutral_expectation,1,MULTISTAGE_RH,SA,savings,13,13,1,1.0,0.0,0.0,23.0,23.0,0.0,0.0,false,0.0,0.0,0.0,0.0,0.0
shared_battery_mode_node_level_v1,SI-Drahi_14-d2-HOM-ULO-BLO-fb15d9bbd9,TK-PB-Drahi_14-d2-HOM-ULO-9e640d1615-r1,SS-354317d12b7f,risk_neutral_expectation,1,MULTISTAGE_RH,SA,savings,13,14,1,1.0,8.0,0.0,23.0,30.6,0.0,0.0,false,0.0,0.0,0.0,0.0,0.0
shared_battery_mode_node_level_v1,SI-Drahi_14-d2-HOM-ULO-BLO-fb15d9bbd9,TK-PB-Drahi_14-d2-HOM-ULO-9e640d1615-r1,SS-354317d12b7f,risk_neutral_expectation,1,MULTISTAGE_RH,SA,savings,13,15,1,1.0,0.0,0.0,30.6,30.6,0.0,0.0,false,0.0,0.0,0.0,0.0,0.0
shared_battery_mode_node_level_v1,SI-Drahi_14-d2-HOM-ULO-BLO-fb15d9bbd9,TK-PB-Drahi_14-d2-HOM-ULO-9e640d1615-r1,SS-354317d12b7f,risk_neutral_expectation,1,MULTISTAGE_RH,SA,savings,13,16,1,1.0,0.0,0.0,30.6,30.6,0.0,0.0,false,0.0,0.0,0.0,0.0,0.0
shared_battery_mode_node_level_v1,SI-Drahi_14-d2-HOM-ULO-BLO-fb15d9bbd9,TK-PB-Drahi_14-d2-HOM-ULO-9e640d1615-r1,SS-c81930d9c8ba,risk_neutral_expectation,1,MULTISTAGE_RH,SA,savings,17,17,1,1.0,0.0,0.0,30.6,30.6,0.0,0.0,false,0.0,0.0,0.0,0.0,0.0
shared_battery_mode_node_level_v1,SI-Drahi_14-d2-HOM-ULO-BLO-fb15d9bbd9,TK-PB-Drahi_14-d2-HOM-ULO-9e640d1615-r1,SS-c81930d9c8ba,risk_neutral_expectation,1,MULTISTAGE_RH,SA,savings,17,18,1,0.0,0.0,8.0,30.6,22.178947368421056,0.0,0.0,false,0.0,0.0,0.0,0.0,0.0
shared_battery_mode_node_level_v1,SI-Drahi_14-d2-HOM-ULO-BLO-fb15d9bbd9,TK-PB-Drahi_14-d2-HOM-ULO-9e640d1615-r1,SS-c81930d9c8ba,risk_neutral_expectation,1,MULTISTAGE_RH,SA,savings,17,19,1,1.0,8.0,0.0,22.178947368421056,29.778947368421058,0.0,0.0,false,0.0,0.0,0.0,0.0,0.0
shared_battery_mode_node_level_v1,SI-Drahi_14-d2-HOM-ULO-BLO-fb15d9bbd9,TK-PB-Drahi_14-d2-HOM-ULO-9e640d1615-r1,SS-c81930d9c8ba,risk_neutral_expectation,1,MULTISTAGE_RH,SA,savings,17,20,1,1.0,1.8116343490304654,0.0,29.778947368421058,31.5,0.0,0.0,false,0.0,0.0,0.0,0.0,0.0
shared_battery_mode_node_level_v1,SI-Drahi_14-d2-HOM-ULO-BLO-fb15d9bbd9,TK-PB-Drahi_14-d2-HOM-ULO-9e640d1615-r1,SS-3cf9bda45ea4,risk_neutral_expectation,1,MULTISTAGE_RH,SA,savings,21,21,1,0.0,0.0,8.0,31.5,23.078947368421055,0.0,0.0,false,0.0,0.0,0.0,0.0,0.0
shared_battery_mode_node_level_v1,SI-Drahi_14-d2-HOM-ULO-BLO-fb15d9bbd9,TK-PB-Drahi_14-d2-HOM-ULO-9e640d1615-r1,SS-3cf9bda45ea4,risk_neutral_expectation,1,MULTISTAGE_RH,SA,savings,21,22,1,0.0,0.0,8.0,23.078947368421055,14.657894736842108,0.0,0.0,false,0.0,0.0,0.0,0.0,0.0
shared_battery_mode_node_level_v1,SI-Drahi_14-d2-HOM-ULO-BLO-fb15d9bbd9,TK-PB-Drahi_14-d2-HOM-ULO-9e640d1615-r1,SS-3cf9bda45ea4,risk_neutral_expectation,1,MULTISTAGE_RH,SA,savings,21,23,1,0.0,0.0,8.0,14.657894736842108,6.236842105263161,0.0,0.0,false,0.0,0.0,2.6645352591003757e-15,0.0,0.0
shared_battery_mode_node_level_v1,SI-Drahi_14-d2-HOM-ULO-BLO-fb15d9bbd9,TK-PB-Drahi_14-d2-HOM-ULO-9e640d1615-r1,SS-3cf9bda45ea4,risk_neutral_expectation,1,MULTISTAGE_RH,SA,savings,21,24,1,0.28312499999999996,0.0,5.735,6.236842105263161,0.20000000000000284,0.0,0.0,false,0.0,0.28312499999999996,2.831068712794149e-15,0.0,0.0
shared_battery_mode_node_level_v1,SI-Drahi_14-d2-HOM-ULO-BLO-fb15d9bbd9,TK-PB-Drahi_14-d2-HOM-ULO-9e640d1615-r1,SS-5d5bbea46d20,risk_neutral_expectation,1,MULTISTAGE_RH,STATIC_DEMAND_SHARE,pv,1,1,1,1.0,0.0,0.0,0.2,0.2,0.0,0.0,false,0.0,0.0,0.0,0.0,0.0
shared_battery_mode_node_level_v1,SI-Drahi_14-d2-HOM-ULO-BLO-fb15d9bbd9,TK-PB-Drahi_14-d2-HOM-ULO-9e640d1615-r1,SS-5d5bbea46d20,risk_neutral_expectation,1,MULTISTAGE_RH,STATIC_DEMAND_SHARE,pv,1,2,1,1.0,8.0,0.0,0.2,7.8,0.0,0.0,false,0.0,0.0,0.0,0.0,0.0
shared_battery_mode_node_level_v1,SI-Drahi_14-d2-HOM-ULO-BLO-fb15d9bbd9,TK-PB-Drahi_14-d2-HOM-ULO-9e640d1615-r1,SS-5d5bbea46d20,risk_neutral_expectation,1,MULTISTAGE_RH,STATIC_DEMAND_SHARE,pv,1,3,1,1.0,0.0,0.0,7.8,7.8,0.0,0.0,false,0.0,0.0,0.0,0.0,0.0
shared_battery_mode_node_level_v1,SI-Drahi_14-d2-HOM-ULO-BLO-fb15d9bbd9,TK-PB-Drahi_14-d2-HOM-ULO-9e640d1615-r1,SS-5d5bbea46d20,risk_neutral_expectation,1,MULTISTAGE_RH,STATIC_DEMAND_SHARE,pv,1,4,1,1.0,0.0,0.0,7.8,7.8,0.0,0.0,false,0.0,0.0,0.0,0.0,0.0
shared_battery_mode_node_level_v1,SI-Drahi_14-d2-HOM-ULO-BLO-fb15d9bbd9,TK-PB-Drahi_14-d2-HOM-ULO-9e640d1615-r1,SS-102adc95e052,risk_neutral_expectation,1,MULTISTAGE_RH,STATIC_DEMAND_SHARE,pv,5,5,1,1.0,0.0,0.0,7.8,7.8,0.0,0.0,false,0.0,0.0,0.0,0.0,0.0
shared_battery_mode_node_level_v1,SI-Drahi_14-d2-HOM-ULO-BLO-fb15d9bbd9,TK-PB-Drahi_14-d2-HOM-ULO-9e640d1615-r1,SS-102adc95e052,risk_neutral_expectation,1,MULTISTAGE_RH,STATIC_DEMAND_SHARE,pv,5,6,1,1.0,0.0,0.0,7.8,7.8,0.0,0.0,false,0.0,0.0,0.0,0.0,0.0
shared_battery_mode_node_level_v1,SI-Drahi_14-d2-HOM-ULO-BLO-fb15d9bbd9,TK-PB-Drahi_14-d2-HOM-ULO-9e640d1615-r1,SS-102adc95e052,risk_neutral_expectation,1,MULTISTAGE_RH,STATIC_DEMAND_SHARE,pv,5,7,1,1.0,0.0,0.0,7.8,7.8,0.0,0.0,false,0.0,0.0,0.0,0.0,0.0
shared_battery_mode_node_level_v1,SI-Drahi_14-d2-HOM-ULO-BLO-fb15d9bbd9,TK-PB-Drahi_14-d2-HOM-ULO-9e640d1615-r1,SS-102adc95e052,risk_neutral_expectation,1,MULTISTAGE_RH,STATIC_DEMAND_SHARE,pv,5,8,1,1.0,0.0,0.0,7.8,7.8,0.0,0.0,false,0.0,0.0,0.0,0.0,0.0
shared_battery_mode_node_level_v1,SI-Drahi_14-d2-HOM-ULO-BLO-fb15d9bbd9,TK-PB-Drahi_14-d2-HOM-ULO-9e640d1615-r1,SS-19da242d4543,risk_neutral_expectation,1,MULTISTAGE_RH,STATIC_DEMAND_SHARE,pv,9,9,1,1.0,0.0,0.0,7.8,7.8,0.0,0.0,false,0.0,0.0,0.0,0.0,0.0
shared_battery_mode_node_level_v1,SI-Drahi_14-d2-HOM-ULO-BLO-fb15d9bbd9,TK-PB-Drahi_14-d2-HOM-ULO-9e640d1615-r1,SS-19da242d4543,risk_neutral_expectation,1,MULTISTAGE_RH,STATIC_DEMAND_SHARE,pv,9,10,1,1.0,8.0,0.0,7.8,15.399999999999999,0.0,0.0,false,0.0,0.0,0.0,0.0,0.0
shared_battery_mode_node_level_v1,SI-Drahi_14-d2-HOM-ULO-BLO-fb15d9bbd9,TK-PB-Drahi_14-d2-HOM-ULO-9e640d1615-r1,SS-19da242d4543,risk_neutral_expectation,1,MULTISTAGE_RH,STATIC_DEMAND_SHARE,pv,9,11,1,1.0,8.0,0.0,15.399999999999999,23.0,0.0,0.0,false,0.0,0.0,0.0,0.0,0.0
shared_battery_mode_node_level_v1,SI-Drahi_14-d2-HOM-ULO-BLO-fb15d9bbd9,TK-PB-Drahi_14-d2-HOM-ULO-9e640d1615-r1,SS-19da242d4543,risk_neutral_expectation,1,MULTISTAGE_RH,STATIC_DEMAND_SHARE,pv,9,12,1,1.0,0.0,0.0,23.0,23.0,0.0,0.0,false,0.0,0.0,0.0,0.0,0.0
shared_battery_mode_node_level_v1,SI-Drahi_14-d2-HOM-ULO-BLO-fb15d9bbd9,TK-PB-Drahi_14-d2-HOM-ULO-9e640d1615-r1,SS-354317d12b7f,risk_neutral_expectation,1,MULTISTAGE_RH,STATIC_DEMAND_SHARE,pv,13,13,1,1.0,0.0,0.0,23.0,23.0,0.0,0.0,false,0.0,0.0,0.0,0.0,0.0
shared_battery_mode_node_level_v1,SI-Drahi_14-d2-HOM-ULO-BLO-fb15d9bbd9,TK-PB-Drahi_14-d2-HOM-ULO-9e640d1615-r1,SS-354317d12b7f,risk_neutral_expectation,1,MULTISTAGE_RH,STATIC_DEMAND_SHARE,pv,13,14,1,1.0,8.0,0.0,23.0,30.6,0.0,0.0,false,0.0,0.0,0.0,0.0,0.0
shared_battery_mode_node_level_v1,SI-Drahi_14-d2-HOM-ULO-BLO-fb15d9bbd9,TK-PB-Drahi_14-d2-HOM-ULO-9e640d1615-r1,SS-354317d12b7f,risk_neutral_expectation,1,MULTISTAGE_RH,STATIC_DEMAND_SHARE,pv,13,15,1,1.0,0.0,0.0,30.6,30.6,0.0,0.0,false,0.0,0.0,0.0,0.0,0.0
shared_battery_mode_node_level_v1,SI-Drahi_14-d2-HOM-ULO-BLO-fb15d9bbd9,TK-PB-Drahi_14-d2-HOM-ULO-9e640d1615-r1,SS-354317d12b7f,risk_neutral_expectation,1,MULTISTAGE_RH,STATIC_DEMAND_SHARE,pv,13,16,1,1.0,0.0,0.0,30.6,30.6,0.0,0.0,false,0.0,0.0,0.0,0.0,0.0
shared_battery_mode_node_level_v1,SI-Drahi_14-d2-HOM-ULO-BLO-fb15d9bbd9,TK-PB-Drahi_14-d2-HOM-ULO-9e640d1615-r1,SS-c81930d9c8ba,risk_neutral_expectation,1,MULTISTAGE_RH,STATIC_DEMAND_SHARE,pv,17,17,1,1.0,0.0,0.0,30.6,30.6,0.0,0.0,false,0.0,0.0,0.0,0.0,0.0
shared_battery_mode_node_level_v1,SI-Drahi_14-d2-HOM-ULO-BLO-fb15d9bbd9,TK-PB-Drahi_14-d2-HOM-ULO-9e640d1615-r1,SS-c81930d9c8ba,risk_neutral_expectation,1,MULTISTAGE_RH,STATIC_DEMAND_SHARE,pv,17,18,1,0.0,0.0,8.0,30.6,22.178947368421056,0.0,0.0,false,0.0,0.0,0.0,0.0,0.0
shared_battery_mode_node_level_v1,SI-Drahi_14-d2-HOM-ULO-BLO-fb15d9bbd9,TK-PB-Drahi_14-d2-HOM-ULO-9e640d1615-r1,SS-c81930d9c8ba,risk_neutral_expectation,1,MULTISTAGE_RH,STATIC_DEMAND_SHARE,pv,17,19,1,1.0,8.0,0.0,22.178947368421056,29.778947368421058,0.0,0.0,false,0.0,0.0,0.0,0.0,0.0
shared_battery_mode_node_level_v1,SI-Drahi_14-d2-HOM-ULO-BLO-fb15d9bbd9,TK-PB-Drahi_14-d2-HOM-ULO-9e640d1615-r1,SS-c81930d9c8ba,risk_neutral_expectation,1,MULTISTAGE_RH,STATIC_DEMAND_SHARE,pv,17,20,1,1.0,1.811634349030463,0.0,29.778947368421058,31.499999999999996,0.0,0.0,false,0.0,0.0,3.552713678800501e-15,0.0,0.0
shared_battery_mode_node_level_v1,SI-Drahi_14-d2-HOM-ULO-BLO-fb15d9bbd9,TK-PB-Drahi_14-d2-HOM-ULO-9e640d1615-r1,SS-3cf9bda45ea4,risk_neutral_expectation,1,MULTISTAGE_RH,STATIC_DEMAND_SHARE,pv,21,21,1,0.0,0.0,8.0,31.499999999999996,23.078947368421048,0.0,0.0,false,0.0,0.0,0.0,0.0,0.0
shared_battery_mode_node_level_v1,SI-Drahi_14-d2-HOM-ULO-BLO-fb15d9bbd9,TK-PB-Drahi_14-d2-HOM-ULO-9e640d1615-r1,SS-3cf9bda45ea4,risk_neutral_expectation,1,MULTISTAGE_RH,STATIC_DEMAND_SHARE,pv,21,22,1,0.0,0.0,8.0,23.078947368421048,14.6578947368421,0.0,0.0,false,0.0,0.0,0.0,0.0,0.0
shared_battery_mode_node_level_v1,SI-Drahi_14-d2-HOM-ULO-BLO-fb15d9bbd9,TK-PB-Drahi_14-d2-HOM-ULO-9e640d1615-r1,SS-3cf9bda45ea4,risk_neutral_expectation,1,MULTISTAGE_RH,STATIC_DEMAND_SHARE,pv,21,23,1,0.0,0.0,8.0,14.6578947368421,6.236842105263154,0.0,0.0,false,0.0,0.0,0.0,0.0,0.0
shared_battery_mode_node_level_v1,SI-Drahi_14-d2-HOM-ULO-BLO-fb15d9bbd9,TK-PB-Drahi_14-d2-HOM-ULO-9e640d1615-r1,SS-3cf9bda45ea4,risk_neutral_expectation,1,MULTISTAGE_RH,STATIC_DEMAND_SHARE,pv,21,24,1,0.2831250000000005,0.0,5.734999999999996,6.236842105263154,0.20000000000000018,0.0,0.0,false,0.0,0.2831250000000005,1.6653345369377348e-16,0.0,0.0
shared_battery_mode_node_level_v1,SI-Drahi_14-d2-HOM-ULO-BLO-fb15d9bbd9,TK-PB-Drahi_14-d2-HOM-ULO-9e640d1615-r1,SS-5d5bbea46d20,risk_neutral_expectation,1,TWO_STAGE_RH,LEXMMFPEA,pv,1,1,1,1.0,0.0,0.0,0.2,0.2,0.0,0.0,false,0.0,0.0,0.0,0.0,0.0
shared_battery_mode_node_level_v1,SI-Drahi_14-d2-HOM-ULO-BLO-fb15d9bbd9,TK-PB-Drahi_14-d2-HOM-ULO-9e640d1615-r1,SS-5d5bbea46d20,risk_neutral_expectation,1,TWO_STAGE_RH,LEXMMFPEA,pv,1,2,1,1.0,8.0,0.0,0.2,7.8,0.0,0.0,false,0.0,0.0,0.0,0.0,0.0
shared_battery_mode_node_level_v1,SI-Drahi_14-d2-HOM-ULO-BLO-fb15d9bbd9,TK-PB-Drahi_14-d2-HOM-ULO-9e640d1615-r1,SS-5d5bbea46d20,risk_neutral_expectation,1,TWO_STAGE_RH,LEXMMFPEA,pv,1,3,1,1.0,0.0,0.0,7.8,7.8,0.0,0.0,false,0.0,0.0,0.0,0.0,0.0
shared_battery_mode_node_level_v1,SI-Drahi_14-d2-HOM-ULO-BLO-fb15d9bbd9,TK-PB-Drahi_14-d2-HOM-ULO-9e640d1615-r1,SS-5d5bbea46d20,risk_neutral_expectation,1,TWO_STAGE_RH,LEXMMFPEA,pv,1,4,1,1.0,0.0,0.0,7.8,7.8,0.0,0.0,false,0.0,0.0,0.0,0.0,0.0
shared_battery_mode_node_level_v1,SI-Drahi_14-d2-HOM-ULO-BLO-fb15d9bbd9,TK-PB-Drahi_14-d2-HOM-ULO-9e640d1615-r1,SS-102adc95e052,risk_neutral_expectation,1,TWO_STAGE_RH,LEXMMFPEA,pv,5,5,1,1.0,0.0,0.0,7.8,7.8,0.0,0.0,false,0.0,0.0,0.0,0.0,0.0
shared_battery_mode_node_level_v1,SI-Drahi_14-d2-HOM-ULO-BLO-fb15d9bbd9,TK-PB-Drahi_14-d2-HOM-ULO-9e640d1615-r1,SS-102adc95e052,risk_neutral_expectation,1,TWO_STAGE_RH,LEXMMFPEA,pv,5,6,1,0.0,0.0,0.0,7.8,7.8,0.0,0.0,false,0.0,0.0,0.0,0.0,0.0
shared_battery_mode_node_level_v1,SI-Drahi_14-d2-HOM-ULO-BLO-fb15d9bbd9,TK-PB-Drahi_14-d2-HOM-ULO-9e640d1615-r1,SS-102adc95e052,risk_neutral_expectation,1,TWO_STAGE_RH,LEXMMFPEA,pv,5,7,1,1.0,0.0,0.0,7.8,7.8,0.0,0.0,false,0.0,0.0,0.0,0.0,0.0
shared_battery_mode_node_level_v1,SI-Drahi_14-d2-HOM-ULO-BLO-fb15d9bbd9,TK-PB-Drahi_14-d2-HOM-ULO-9e640d1615-r1,SS-102adc95e052,risk_neutral_expectation,1,TWO_STAGE_RH,LEXMMFPEA,pv,5,8,1,0.0,0.0,0.0,7.8,7.8,0.0,0.0,false,0.0,0.0,0.0,0.0,0.0
shared_battery_mode_node_level_v1,SI-Drahi_14-d2-HOM-ULO-BLO-fb15d9bbd9,TK-PB-Drahi_14-d2-HOM-ULO-9e640d1615-r1,SS-19da242d4543,risk_neutral_expectation,1,TWO_STAGE_RH,LEXMMFPEA,pv,9,9,1,0.0,0.0,0.0,7.8,7.8,0.0,0.0,false,0.0,0.0,0.0,0.0,0.0
shared_battery_mode_node_level_v1,SI-Drahi_14-d2-HOM-ULO-BLO-fb15d9bbd9,TK-PB-Drahi_14-d2-HOM-ULO-9e640d1615-r1,SS-19da242d4543,risk_neutral_expectation,1,TWO_STAGE_RH,LEXMMFPEA,pv,9,10,1,1.0,8.0,0.0,7.8,15.399999999999999,0.0,0.0,false,0.0,0.0,0.0,0.0,0.0
shared_battery_mode_node_level_v1,SI-Drahi_14-d2-HOM-ULO-BLO-fb15d9bbd9,TK-PB-Drahi_14-d2-HOM-ULO-9e640d1615-r1,SS-19da242d4543,risk_neutral_expectation,1,TWO_STAGE_RH,LEXMMFPEA,pv,9,11,1,1.0,8.0,0.0,15.399999999999999,23.0,0.0,0.0,false,0.0,0.0,0.0,0.0,0.0
shared_battery_mode_node_level_v1,SI-Drahi_14-d2-HOM-ULO-BLO-fb15d9bbd9,TK-PB-Drahi_14-d2-HOM-ULO-9e640d1615-r1,SS-19da242d4543,risk_neutral_expectation,1,TWO_STAGE_RH,LEXMMFPEA,pv,9,12,1,0.0,0.0,0.0,23.0,23.0,0.0,0.0,false,0.0,0.0,0.0,0.0,0.0
shared_battery_mode_node_level_v1,SI-Drahi_14-d2-HOM-ULO-BLO-fb15d9bbd9,TK-PB-Drahi_14-d2-HOM-ULO-9e640d1615-r1,SS-354317d12b7f,risk_neutral_expectation,1,TWO_STAGE_RH,LEXMMFPEA,pv,13,13,1,1.0,0.0,0.0,23.0,23.0,0.0,0.0,false,0.0,0.0,0.0,0.0,0.0
shared_battery_mode_node_level_v1,SI-Drahi_14-d2-HOM-ULO-BLO-fb15d9bbd9,TK-PB-Drahi_14-d2-HOM-ULO-9e640d1615-r1,SS-354317d12b7f,risk_neutral_expectation,1,TWO_STAGE_RH,LEXMMFPEA,pv,13,14,1,1.0,8.0,0.0,23.0,30.6,0.0,0.0,false,0.0,0.0,0.0,0.0,0.0
shared_battery_mode_node_level_v1,SI-Drahi_14-d2-HOM-ULO-BLO-fb15d9bbd9,TK-PB-Drahi_14-d2-HOM-ULO-9e640d1615-r1,SS-354317d12b7f,risk_neutral_expectation,1,TWO_STAGE_RH,LEXMMFPEA,pv,13,15,1,0.0,0.0,0.0,30.6,30.6,0.0,0.0,false,0.0,0.0,0.0,0.0,0.0
shared_battery_mode_node_level_v1,SI-Drahi_14-d2-HOM-ULO-BLO-fb15d9bbd9,TK-PB-Drahi_14-d2-HOM-ULO-9e640d1615-r1,SS-354317d12b7f,risk_neutral_expectation,1,TWO_STAGE_RH,LEXMMFPEA,pv,13,16,1,1.0,0.0,0.0,30.6,30.6,0.0,0.0,false,0.0,0.0,0.0,0.0,0.0
shared_battery_mode_node_level_v1,SI-Drahi_14-d2-HOM-ULO-BLO-fb15d9bbd9,TK-PB-Drahi_14-d2-HOM-ULO-9e640d1615-r1,SS-c81930d9c8ba,risk_neutral_expectation,1,TWO_STAGE_RH,LEXMMFPEA,pv,17,17,1,0.0,0.0,0.0,30.6,30.6,0.0,0.0,false,0.0,0.0,0.0,0.0,0.0
shared_battery_mode_node_level_v1,SI-Drahi_14-d2-HOM-ULO-BLO-fb15d9bbd9,TK-PB-Drahi_14-d2-HOM-ULO-9e640d1615-r1,SS-c81930d9c8ba,risk_neutral_expectation,1,TWO_STAGE_RH,LEXMMFPEA,pv,17,18,1,0.0,0.0,8.0,30.6,22.178947368421056,0.0,0.0,false,0.0,0.0,0.0,0.0,0.0
shared_battery_mode_node_level_v1,SI-Drahi_14-d2-HOM-ULO-BLO-fb15d9bbd9,TK-PB-Drahi_14-d2-HOM-ULO-9e640d1615-r1,SS-c81930d9c8ba,risk_neutral_expectation,1,TWO_STAGE_RH,LEXMMFPEA,pv,17,19,1,1.0,8.0,0.0,22.178947368421056,29.778947368421058,0.0,0.0,false,0.0,0.0,0.0,0.0,0.0
shared_battery_mode_node_level_v1,SI-Drahi_14-d2-HOM-ULO-BLO-fb15d9bbd9,TK-PB-Drahi_14-d2-HOM-ULO-9e640d1615-r1,SS-c81930d9c8ba,risk_neutral_expectation,1,TWO_STAGE_RH,LEXMMFPEA,pv,17,20,1,0.22645429362880817,1.8116343490304654,0.0,29.778947368421058,31.5,0.0,0.0,false,0.0,0.22645429362880817,0.0,0.0,0.0
shared_battery_mode_node_level_v1,SI-Drahi_14-d2-HOM-ULO-BLO-fb15d9bbd9,TK-PB-Drahi_14-d2-HOM-ULO-9e640d1615-r1,SS-3cf9bda45ea4,risk_neutral_expectation,1,TWO_STAGE_RH,LEXMMFPEA,pv,21,21,1,0.0,0.0,8.0,31.5,23.078947368421055,0.0,0.0,false,0.0,0.0,0.0,0.0,0.0
shared_battery_mode_node_level_v1,SI-Drahi_14-d2-HOM-ULO-BLO-fb15d9bbd9,TK-PB-Drahi_14-d2-HOM-ULO-9e640d1615-r1,SS-3cf9bda45ea4,risk_neutral_expectation,1,TWO_STAGE_RH,LEXMMFPEA,pv,21,22,1,0.0,0.0,8.0,23.078947368421055,14.657894736842108,0.0,0.0,false,0.0,0.0,0.0,0.0,0.0
shared_battery_mode_node_level_v1,SI-Drahi_14-d2-HOM-ULO-BLO-fb15d9bbd9,TK-PB-Drahi_14-d2-HOM-ULO-9e640d1615-r1,SS-3cf9bda45ea4,risk_neutral_expectation,1,TWO_STAGE_RH,LEXMMFPEA,pv,21,23,1,0.0,0.0,8.0,14.657894736842108,6.236842105263161,0.0,0.0,false,0.0,0.0,0.0,0.0,0.0
shared_battery_mode_node_level_v1,SI-Drahi_14-d2-HOM-ULO-BLO-fb15d9bbd9,TK-PB-Drahi_14-d2-HOM-ULO-9e640d1615-r1,SS-3cf9bda45ea4,risk_neutral_expectation,1,TWO_STAGE_RH,LEXMMFPEA,pv,21,24,1,0.2831249999999996,0.0,5.735000000000003,6.236842105263161,0.20000000000000018,0.0,0.0,false,0.0,0.2831249999999996,1.6653345369377348e-16,0.0,0.0
shared_battery_mode_node_level_v1,SI-Drahi_14-d2-HOM-ULO-BLO-fb15d9bbd9,TK-PB-Drahi_14-d2-HOM-ULO-9e640d1615-r1,SS-5d5bbea46d20,risk_neutral_expectation,1,TWO_STAGE_RH,LEXMMFSA,savings,1,1,1,1.0,0.0,0.0,0.2,0.2,0.0,0.0,false,0.0,0.0,0.0,0.0,0.0
shared_battery_mode_node_level_v1,SI-Drahi_14-d2-HOM-ULO-BLO-fb15d9bbd9,TK-PB-Drahi_14-d2-HOM-ULO-9e640d1615-r1,SS-5d5bbea46d20,risk_neutral_expectation,1,TWO_STAGE_RH,LEXMMFSA,savings,1,2,1,1.0,8.0,0.0,0.2,7.8,0.0,0.0,false,0.0,0.0,0.0,0.0,0.0
shared_battery_mode_node_level_v1,SI-Drahi_14-d2-HOM-ULO-BLO-fb15d9bbd9,TK-PB-Drahi_14-d2-HOM-ULO-9e640d1615-r1,SS-5d5bbea46d20,risk_neutral_expectation,1,TWO_STAGE_RH,LEXMMFSA,savings,1,3,1,1.0,0.0,0.0,7.8,7.8,0.0,0.0,false,0.0,0.0,0.0,0.0,0.0
shared_battery_mode_node_level_v1,SI-Drahi_14-d2-HOM-ULO-BLO-fb15d9bbd9,TK-PB-Drahi_14-d2-HOM-ULO-9e640d1615-r1,SS-5d5bbea46d20,risk_neutral_expectation,1,TWO_STAGE_RH,LEXMMFSA,savings,1,4,1,1.0,0.0,0.0,7.8,7.8,0.0,0.0,false,0.0,0.0,0.0,0.0,0.0
shared_battery_mode_node_level_v1,SI-Drahi_14-d2-HOM-ULO-BLO-fb15d9bbd9,TK-PB-Drahi_14-d2-HOM-ULO-9e640d1615-r1,SS-102adc95e052,risk_neutral_expectation,1,TWO_STAGE_RH,LEXMMFSA,savings,5,5,1,1.0,0.0,0.0,7.8,7.8,0.0,0.0,false,0.0,0.0,0.0,0.0,0.0
shared_battery_mode_node_level_v1,SI-Drahi_14-d2-HOM-ULO-BLO-fb15d9bbd9,TK-PB-Drahi_14-d2-HOM-ULO-9e640d1615-r1,SS-102adc95e052,risk_neutral_expectation,1,TWO_STAGE_RH,LEXMMFSA,savings,5,6,1,1.0,0.0,0.0,7.8,7.8,0.0,0.0,false,0.0,0.0,0.0,0.0,0.0
shared_battery_mode_node_level_v1,SI-Drahi_14-d2-HOM-ULO-BLO-fb15d9bbd9,TK-PB-Drahi_14-d2-HOM-ULO-9e640d1615-r1,SS-102adc95e052,risk_neutral_expectation,1,TWO_STAGE_RH,LEXMMFSA,savings,5,7,1,1.0,0.0,0.0,7.8,7.8,0.0,0.0,false,0.0,0.0,0.0,0.0,0.0
shared_battery_mode_node_level_v1,SI-Drahi_14-d2-HOM-ULO-BLO-fb15d9bbd9,TK-PB-Drahi_14-d2-HOM-ULO-9e640d1615-r1,SS-102adc95e052,risk_neutral_expectation,1,TWO_STAGE_RH,LEXMMFSA,savings,5,8,1,1.0,0.0,0.0,7.8,7.8,0.0,0.0,false,0.0,0.0,0.0,0.0,0.0
shared_battery_mode_node_level_v1,SI-Drahi_14-d2-HOM-ULO-BLO-fb15d9bbd9,TK-PB-Drahi_14-d2-HOM-ULO-9e640d1615-r1,SS-19da242d4543,risk_neutral_expectation,1,TWO_STAGE_RH,LEXMMFSA,savings,9,9,1,1.0,0.0,0.0,7.8,7.8,0.0,0.0,false,0.0,0.0,0.0,0.0,0.0
shared_battery_mode_node_level_v1,SI-Drahi_14-d2-HOM-ULO-BLO-fb15d9bbd9,TK-PB-Drahi_14-d2-HOM-ULO-9e640d1615-r1,SS-19da242d4543,risk_neutral_expectation,1,TWO_STAGE_RH,LEXMMFSA,savings,9,10,1,1.0,8.0,0.0,7.8,15.399999999999999,0.0,0.0,false,0.0,0.0,0.0,0.0,0.0
shared_battery_mode_node_level_v1,SI-Drahi_14-d2-HOM-ULO-BLO-fb15d9bbd9,TK-PB-Drahi_14-d2-HOM-ULO-9e640d1615-r1,SS-19da242d4543,risk_neutral_expectation,1,TWO_STAGE_RH,LEXMMFSA,savings,9,11,1,1.0,8.0,0.0,15.399999999999999,23.0,0.0,0.0,false,0.0,0.0,0.0,0.0,0.0
shared_battery_mode_node_level_v1,SI-Drahi_14-d2-HOM-ULO-BLO-fb15d9bbd9,TK-PB-Drahi_14-d2-HOM-ULO-9e640d1615-r1,SS-19da242d4543,risk_neutral_expectation,1,TWO_STAGE_RH,LEXMMFSA,savings,9,12,1,1.0,0.0,0.0,23.0,23.0,0.0,0.0,false,0.0,0.0,0.0,0.0,0.0
shared_battery_mode_node_level_v1,SI-Drahi_14-d2-HOM-ULO-BLO-fb15d9bbd9,TK-PB-Drahi_14-d2-HOM-ULO-9e640d1615-r1,SS-354317d12b7f,risk_neutral_expectation,1,TWO_STAGE_RH,LEXMMFSA,savings,13,13,1,1.0,0.0,0.0,23.0,23.0,0.0,0.0,false,0.0,0.0,0.0,0.0,0.0
shared_battery_mode_node_level_v1,SI-Drahi_14-d2-HOM-ULO-BLO-fb15d9bbd9,TK-PB-Drahi_14-d2-HOM-ULO-9e640d1615-r1,SS-354317d12b7f,risk_neutral_expectation,1,TWO_STAGE_RH,LEXMMFSA,savings,13,14,1,1.0,8.0,0.0,23.0,30.6,0.0,0.0,false,0.0,0.0,0.0,0.0,0.0
shared_battery_mode_node_level_v1,SI-Drahi_14-d2-HOM-ULO-BLO-fb15d9bbd9,TK-PB-Drahi_14-d2-HOM-ULO-9e640d1615-r1,SS-354317d12b7f,risk_neutral_expectation,1,TWO_STAGE_RH,LEXMMFSA,savings,13,15,1,1.0,0.0,0.0,30.6,30.6,0.0,0.0,false,0.0,0.0,0.0,0.0,0.0
shared_battery_mode_node_level_v1,SI-Drahi_14-d2-HOM-ULO-BLO-fb15d9bbd9,TK-PB-Drahi_14-d2-HOM-ULO-9e640d1615-r1,SS-354317d12b7f,risk_neutral_expectation,1,TWO_STAGE_RH,LEXMMFSA,savings,13,16,1,1.0,0.0,0.0,30.6,30.6,0.0,0.0,false,0.0,0.0,0.0,0.0,0.0
shared_battery_mode_node_level_v1,SI-Drahi_14-d2-HOM-ULO-BLO-fb15d9bbd9,TK-PB-Drahi_14-d2-HOM-ULO-9e640d1615-r1,SS-c81930d9c8ba,risk_neutral_expectation,1,TWO_STAGE_RH,LEXMMFSA,savings,17,17,1,1.0,0.0,0.0,30.6,30.6,0.0,0.0,false,0.0,0.0,0.0,0.0,0.0
shared_battery_mode_node_level_v1,SI-Drahi_14-d2-HOM-ULO-BLO-fb15d9bbd9,TK-PB-Drahi_14-d2-HOM-ULO-9e640d1615-r1,SS-c81930d9c8ba,risk_neutral_expectation,1,TWO_STAGE_RH,LEXMMFSA,savings,17,18,1,0.0,0.0,8.0,30.6,22.178947368421056,0.0,0.0,false,0.0,0.0,0.0,0.0,0.0
shared_battery_mode_node_level_v1,SI-Drahi_14-d2-HOM-ULO-BLO-fb15d9bbd9,TK-PB-Drahi_14-d2-HOM-ULO-9e640d1615-r1,SS-c81930d9c8ba,risk_neutral_expectation,1,TWO_STAGE_RH,LEXMMFSA,savings,17,19,1,1.0,8.0,0.0,22.178947368421056,29.778947368421058,0.0,0.0,false,0.0,0.0,0.0,0.0,0.0
shared_battery_mode_node_level_v1,SI-Drahi_14-d2-HOM-ULO-BLO-fb15d9bbd9,TK-PB-Drahi_14-d2-HOM-ULO-9e640d1615-r1,SS-c81930d9c8ba,risk_neutral_expectation,1,TWO_STAGE_RH,LEXMMFSA,savings,17,20,1,1.0,1.8116343490304654,0.0,29.778947368421058,31.5,0.0,0.0,false,0.0,0.0,0.0,0.0,0.0
shared_battery_mode_node_level_v1,SI-Drahi_14-d2-HOM-ULO-BLO-fb15d9bbd9,TK-PB-Drahi_14-d2-HOM-ULO-9e640d1615-r1,SS-3cf9bda45ea4,risk_neutral_expectation,1,TWO_STAGE_RH,LEXMMFSA,savings,21,21,1,0.0,0.0,8.0,31.5,23.078947368421055,0.0,0.0,false,0.0,0.0,0.0,0.0,0.0
shared_battery_mode_node_level_v1,SI-Drahi_14-d2-HOM-ULO-BLO-fb15d9bbd9,TK-PB-Drahi_14-d2-HOM-ULO-9e640d1615-r1,SS-3cf9bda45ea4,risk_neutral_expectation,1,TWO_STAGE_RH,LEXMMFSA,savings,21,22,1,0.0,0.0,8.0,23.078947368421055,14.657894736842108,0.0,0.0,false,0.0,0.0,1.7763568394002505e-15,0.0,0.0
shared_battery_mode_node_level_v1,SI-Drahi_14-d2-HOM-ULO-BLO-fb15d9bbd9,TK-PB-Drahi_14-d2-HOM-ULO-9e640d1615-r1,SS-3cf9bda45ea4,risk_neutral_expectation,1,TWO_STAGE_RH,LEXMMFSA,savings,21,23,1,0.0,0.0,8.0,14.657894736842108,6.236842105263161,0.0,0.0,false,0.0,0.0,1.7763568394002505e-15,0.0,0.0
shared_battery_mode_node_level_v1,SI-Drahi_14-d2-HOM-ULO-BLO-fb15d9bbd9,TK-PB-Drahi_14-d2-HOM-ULO-9e640d1615-r1,SS-3cf9bda45ea4,risk_neutral_expectation,1,TWO_STAGE_RH,LEXMMFSA,savings,21,24,1,0.2831250000000065,0.0,5.734999999999948,6.236842105263161,0.2000000000000579,0.0,0.0,false,0.0,0.2831250000000065,5.789813073420191e-14,0.0,0.0
shared_battery_mode_node_level_v1,SI-Drahi_14-d2-HOM-ULO-BLO-fb15d9bbd9,TK-PB-Drahi_14-d2-HOM-ULO-9e640d1615-r1,SS-5d5bbea46d20,risk_neutral_expectation,1,TWO_STAGE_RH,NONE,none,1,1,1,1.0,0.0,0.0,0.2,0.2,0.0,0.0,false,0.0,0.0,0.0,0.0,0.0
shared_battery_mode_node_level_v1,SI-Drahi_14-d2-HOM-ULO-BLO-fb15d9bbd9,TK-PB-Drahi_14-d2-HOM-ULO-9e640d1615-r1,SS-5d5bbea46d20,risk_neutral_expectation,1,TWO_STAGE_RH,NONE,none,1,2,1,1.0,8.0,0.0,0.2,7.8,0.0,0.0,false,0.0,0.0,0.0,0.0,0.0
shared_battery_mode_node_level_v1,SI-Drahi_14-d2-HOM-ULO-BLO-fb15d9bbd9,TK-PB-Drahi_14-d2-HOM-ULO-9e640d1615-r1,SS-5d5bbea46d20,risk_neutral_expectation,1,TWO_STAGE_RH,NONE,none,1,3,1,1.0,0.0,0.0,7.8,7.8,0.0,0.0,false,0.0,0.0,0.0,0.0,0.0
shared_battery_mode_node_level_v1,SI-Drahi_14-d2-HOM-ULO-BLO-fb15d9bbd9,TK-PB-Drahi_14-d2-HOM-ULO-9e640d1615-r1,SS-5d5bbea46d20,risk_neutral_expectation,1,TWO_STAGE_RH,NONE,none,1,4,1,1.0,0.0,0.0,7.8,7.8,0.0,0.0,false,0.0,0.0,0.0,0.0,0.0
shared_battery_mode_node_level_v1,SI-Drahi_14-d2-HOM-ULO-BLO-fb15d9bbd9,TK-PB-Drahi_14-d2-HOM-ULO-9e640d1615-r1,SS-102adc95e052,risk_neutral_expectation,1,TWO_STAGE_RH,NONE,none,5,5,1,1.0,0.0,0.0,7.8,7.8,0.0,0.0,false,0.0,0.0,0.0,0.0,0.0
shared_battery_mode_node_level_v1,SI-Drahi_14-d2-HOM-ULO-BLO-fb15d9bbd9,TK-PB-Drahi_14-d2-HOM-ULO-9e640d1615-r1,SS-102adc95e052,risk_neutral_expectation,1,TWO_STAGE_RH,NONE,none,5,6,1,1.0,0.0,0.0,7.8,7.8,0.0,0.0,false,0.0,0.0,0.0,0.0,0.0
shared_battery_mode_node_level_v1,SI-Drahi_14-d2-HOM-ULO-BLO-fb15d9bbd9,TK-PB-Drahi_14-d2-HOM-ULO-9e640d1615-r1,SS-102adc95e052,risk_neutral_expectation,1,TWO_STAGE_RH,NONE,none,5,7,1,1.0,0.0,0.0,7.8,7.8,0.0,0.0,false,0.0,0.0,0.0,0.0,0.0
shared_battery_mode_node_level_v1,SI-Drahi_14-d2-HOM-ULO-BLO-fb15d9bbd9,TK-PB-Drahi_14-d2-HOM-ULO-9e640d1615-r1,SS-102adc95e052,risk_neutral_expectation,1,TWO_STAGE_RH,NONE,none,5,8,1,1.0,0.0,0.0,7.8,7.8,0.0,0.0,false,0.0,0.0,0.0,0.0,0.0
shared_battery_mode_node_level_v1,SI-Drahi_14-d2-HOM-ULO-BLO-fb15d9bbd9,TK-PB-Drahi_14-d2-HOM-ULO-9e640d1615-r1,SS-19da242d4543,risk_neutral_expectation,1,TWO_STAGE_RH,NONE,none,9,9,1,1.0,0.0,0.0,7.8,7.8,0.0,0.0,false,0.0,0.0,0.0,0.0,0.0
shared_battery_mode_node_level_v1,SI-Drahi_14-d2-HOM-ULO-BLO-fb15d9bbd9,TK-PB-Drahi_14-d2-HOM-ULO-9e640d1615-r1,SS-19da242d4543,risk_neutral_expectation,1,TWO_STAGE_RH,NONE,none,9,10,1,1.0,8.0,0.0,7.8,15.399999999999999,0.0,0.0,false,0.0,0.0,0.0,0.0,0.0
shared_battery_mode_node_level_v1,SI-Drahi_14-d2-HOM-ULO-BLO-fb15d9bbd9,TK-PB-Drahi_14-d2-HOM-ULO-9e640d1615-r1,SS-19da242d4543,risk_neutral_expectation,1,TWO_STAGE_RH,NONE,none,9,11,1,1.0,8.0,0.0,15.399999999999999,23.0,0.0,0.0,false,0.0,0.0,0.0,0.0,0.0
shared_battery_mode_node_level_v1,SI-Drahi_14-d2-HOM-ULO-BLO-fb15d9bbd9,TK-PB-Drahi_14-d2-HOM-ULO-9e640d1615-r1,SS-19da242d4543,risk_neutral_expectation,1,TWO_STAGE_RH,NONE,none,9,12,1,1.0,0.0,0.0,23.0,23.0,0.0,0.0,false,0.0,0.0,0.0,0.0,0.0
shared_battery_mode_node_level_v1,SI-Drahi_14-d2-HOM-ULO-BLO-fb15d9bbd9,TK-PB-Drahi_14-d2-HOM-ULO-9e640d1615-r1,SS-354317d12b7f,risk_neutral_expectation,1,TWO_STAGE_RH,NONE,none,13,13,1,1.0,0.0,0.0,23.0,23.0,0.0,0.0,false,0.0,0.0,0.0,0.0,0.0
shared_battery_mode_node_level_v1,SI-Drahi_14-d2-HOM-ULO-BLO-fb15d9bbd9,TK-PB-Drahi_14-d2-HOM-ULO-9e640d1615-r1,SS-354317d12b7f,risk_neutral_expectation,1,TWO_STAGE_RH,NONE,none,13,14,1,1.0,8.0,0.0,23.0,30.6,0.0,0.0,false,0.0,0.0,0.0,0.0,0.0
shared_battery_mode_node_level_v1,SI-Drahi_14-d2-HOM-ULO-BLO-fb15d9bbd9,TK-PB-Drahi_14-d2-HOM-ULO-9e640d1615-r1,SS-354317d12b7f,risk_neutral_expectation,1,TWO_STAGE_RH,NONE,none,13,15,1,1.0,0.0,0.0,30.6,30.6,0.0,0.0,false,0.0,0.0,0.0,0.0,0.0
shared_battery_mode_node_level_v1,SI-Drahi_14-d2-HOM-ULO-BLO-fb15d9bbd9,TK-PB-Drahi_14-d2-HOM-ULO-9e640d1615-r1,SS-354317d12b7f,risk_neutral_expectation,1,TWO_STAGE_RH,NONE,none,13,16,1,1.0,0.0,0.0,30.6,30.6,0.0,0.0,false,0.0,0.0,0.0,0.0,0.0
shared_battery_mode_node_level_v1,SI-Drahi_14-d2-HOM-ULO-BLO-fb15d9bbd9,TK-PB-Drahi_14-d2-HOM-ULO-9e640d1615-r1,SS-c81930d9c8ba,risk_neutral_expectation,1,TWO_STAGE_RH,NONE,none,17,17,1,1.0,0.0,0.0,30.6,30.6,0.0,0.0,false,0.0,0.0,0.0,0.0,0.0
shared_battery_mode_node_level_v1,SI-Drahi_14-d2-HOM-ULO-BLO-fb15d9bbd9,TK-PB-Drahi_14-d2-HOM-ULO-9e640d1615-r1,SS-c81930d9c8ba,risk_neutral_expectation,1,TWO_STAGE_RH,NONE,none,17,18,1,0.0,0.0,8.0,30.6,22.178947368421056,0.0,0.0,false,0.0,0.0,0.0,0.0,0.0
shared_battery_mode_node_level_v1,SI-Drahi_14-d2-HOM-ULO-BLO-fb15d9bbd9,TK-PB-Drahi_14-d2-HOM-ULO-9e640d1615-r1,SS-c81930d9c8ba,risk_neutral_expectation,1,TWO_STAGE_RH,NONE,none,17,19,1,1.0,8.0,0.0,22.178947368421056,29.778947368421058,0.0,0.0,false,0.0,0.0,0.0,0.0,0.0
shared_battery_mode_node_level_v1,SI-Drahi_14-d2-HOM-ULO-BLO-fb15d9bbd9,TK-PB-Drahi_14-d2-HOM-ULO-9e640d1615-r1,SS-c81930d9c8ba,risk_neutral_expectation,1,TWO_STAGE_RH,NONE,none,17,20,1,1.0,1.811634349030463,0.0,29.778947368421058,31.499999999999996,0.0,0.0,false,0.0,0.0,3.552713678800501e-15,0.0,0.0
shared_battery_mode_node_level_v1,SI-Drahi_14-d2-HOM-ULO-BLO-fb15d9bbd9,TK-PB-Drahi_14-d2-HOM-ULO-9e640d1615-r1,SS-3cf9bda45ea4,risk_neutral_expectation,1,TWO_STAGE_RH,NONE,none,21,21,1,0.0,0.0,8.0,31.499999999999996,23.078947368421048,0.0,0.0,false,0.0,0.0,0.0,0.0,0.0
shared_battery_mode_node_level_v1,SI-Drahi_14-d2-HOM-ULO-BLO-fb15d9bbd9,TK-PB-Drahi_14-d2-HOM-ULO-9e640d1615-r1,SS-3cf9bda45ea4,risk_neutral_expectation,1,TWO_STAGE_RH,NONE,none,21,22,1,0.0,0.0,8.0,23.078947368421048,14.6578947368421,0.0,0.0,false,0.0,0.0,0.0,0.0,0.0
shared_battery_mode_node_level_v1,SI-Drahi_14-d2-HOM-ULO-BLO-fb15d9bbd9,TK-PB-Drahi_14-d2-HOM-ULO-9e640d1615-r1,SS-3cf9bda45ea4,risk_neutral_expectation,1,TWO_STAGE_RH,NONE,none,21,23,1,0.0,0.0,8.0,14.6578947368421,6.236842105263154,0.0,0.0,false,0.0,0.0,0.0,0.0,0.0
shared_battery_mode_node_level_v1,SI-Drahi_14-d2-HOM-ULO-BLO-fb15d9bbd9,TK-PB-Drahi_14-d2-HOM-ULO-9e640d1615-r1,SS-3cf9bda45ea4,risk_neutral_expectation,1,TWO_STAGE_RH,NONE,none,21,24,1,0.2831250000000005,0.0,5.734999999999996,6.236842105263154,0.20000000000000018,0.0,0.0,false,0.0,0.2831250000000005,1.6653345369377348e-16,0.0,0.0
shared_battery_mode_node_level_v1,SI-Drahi_14-d2-HOM-ULO-BLO-fb15d9bbd9,TK-PB-Drahi_14-d2-HOM-ULO-9e640d1615-r1,SS-5d5bbea46d20,risk_neutral_expectation,1,TWO_STAGE_RH,PEA,pv,1,1,1,1.0,0.0,0.0,0.2,0.2,0.0,0.0,false,0.0,0.0,0.0,0.0,0.0
shared_battery_mode_node_level_v1,SI-Drahi_14-d2-HOM-ULO-BLO-fb15d9bbd9,TK-PB-Drahi_14-d2-HOM-ULO-9e640d1615-r1,SS-5d5bbea46d20,risk_neutral_expectation,1,TWO_STAGE_RH,PEA,pv,1,2,1,1.0,8.0,0.0,0.2,7.8,0.0,0.0,false,0.0,0.0,0.0,0.0,0.0
shared_battery_mode_node_level_v1,SI-Drahi_14-d2-HOM-ULO-BLO-fb15d9bbd9,TK-PB-Drahi_14-d2-HOM-ULO-9e640d1615-r1,SS-5d5bbea46d20,risk_neutral_expectation,1,TWO_STAGE_RH,PEA,pv,1,3,1,1.0,0.0,0.0,7.8,7.8,0.0,0.0,false,0.0,0.0,0.0,0.0,0.0
shared_battery_mode_node_level_v1,SI-Drahi_14-d2-HOM-ULO-BLO-fb15d9bbd9,TK-PB-Drahi_14-d2-HOM-ULO-9e640d1615-r1,SS-5d5bbea46d20,risk_neutral_expectation,1,TWO_STAGE_RH,PEA,pv,1,4,1,1.0,0.0,0.0,7.8,7.8,0.0,0.0,false,0.0,0.0,0.0,0.0,0.0
shared_battery_mode_node_level_v1,SI-Drahi_14-d2-HOM-ULO-BLO-fb15d9bbd9,TK-PB-Drahi_14-d2-HOM-ULO-9e640d1615-r1,SS-102adc95e052,risk_neutral_expectation,1,TWO_STAGE_RH,PEA,pv,5,5,1,1.0,0.0,0.0,7.8,7.8,0.0,0.0,false,0.0,0.0,0.0,0.0,0.0
shared_battery_mode_node_level_v1,SI-Drahi_14-d2-HOM-ULO-BLO-fb15d9bbd9,TK-PB-Drahi_14-d2-HOM-ULO-9e640d1615-r1,SS-102adc95e052,risk_neutral_expectation,1,TWO_STAGE_RH,PEA,pv,5,6,1,1.0,0.0,0.0,7.8,7.8,0.0,0.0,false,0.0,0.0,0.0,0.0,0.0
shared_battery_mode_node_level_v1,SI-Drahi_14-d2-HOM-ULO-BLO-fb15d9bbd9,TK-PB-Drahi_14-d2-HOM-ULO-9e640d1615-r1,SS-102adc95e052,risk_neutral_expectation,1,TWO_STAGE_RH,PEA,pv,5,7,1,1.0,0.0,0.0,7.8,7.8,0.0,0.0,false,0.0,0.0,0.0,0.0,0.0
shared_battery_mode_node_level_v1,SI-Drahi_14-d2-HOM-ULO-BLO-fb15d9bbd9,TK-PB-Drahi_14-d2-HOM-ULO-9e640d1615-r1,SS-102adc95e052,risk_neutral_expectation,1,TWO_STAGE_RH,PEA,pv,5,8,1,1.0,0.0,0.0,7.8,7.8,0.0,0.0,false,0.0,0.0,0.0,0.0,0.0
shared_battery_mode_node_level_v1,SI-Drahi_14-d2-HOM-ULO-BLO-fb15d9bbd9,TK-PB-Drahi_14-d2-HOM-ULO-9e640d1615-r1,SS-19da242d4543,risk_neutral_expectation,1,TWO_STAGE_RH,PEA,pv,9,9,1,1.0,0.0,0.0,7.8,7.8,0.0,0.0,false,0.0,0.0,0.0,0.0,0.0
shared_battery_mode_node_level_v1,SI-Drahi_14-d2-HOM-ULO-BLO-fb15d9bbd9,TK-PB-Drahi_14-d2-HOM-ULO-9e640d1615-r1,SS-19da242d4543,risk_neutral_expectation,1,TWO_STAGE_RH,PEA,pv,9,10,1,1.0,8.0,0.0,7.8,15.399999999999999,0.0,0.0,false,0.0,0.0,0.0,0.0,0.0
shared_battery_mode_node_level_v1,SI-Drahi_14-d2-HOM-ULO-BLO-fb15d9bbd9,TK-PB-Drahi_14-d2-HOM-ULO-9e640d1615-r1,SS-19da242d4543,risk_neutral_expectation,1,TWO_STAGE_RH,PEA,pv,9,11,1,1.0,8.0,0.0,15.399999999999999,23.0,0.0,0.0,false,0.0,0.0,0.0,0.0,0.0
shared_battery_mode_node_level_v1,SI-Drahi_14-d2-HOM-ULO-BLO-fb15d9bbd9,TK-PB-Drahi_14-d2-HOM-ULO-9e640d1615-r1,SS-19da242d4543,risk_neutral_expectation,1,TWO_STAGE_RH,PEA,pv,9,12,1,1.0,0.0,0.0,23.0,23.0,0.0,0.0,false,0.0,0.0,0.0,0.0,0.0
shared_battery_mode_node_level_v1,SI-Drahi_14-d2-HOM-ULO-BLO-fb15d9bbd9,TK-PB-Drahi_14-d2-HOM-ULO-9e640d1615-r1,SS-354317d12b7f,risk_neutral_expectation,1,TWO_STAGE_RH,PEA,pv,13,13,1,1.0,0.0,0.0,23.0,23.0,0.0,0.0,false,0.0,0.0,0.0,0.0,0.0
shared_battery_mode_node_level_v1,SI-Drahi_14-d2-HOM-ULO-BLO-fb15d9bbd9,TK-PB-Drahi_14-d2-HOM-ULO-9e640d1615-r1,SS-354317d12b7f,risk_neutral_expectation,1,TWO_STAGE_RH,PEA,pv,13,14,1,1.0,8.0,0.0,23.0,30.6,0.0,0.0,false,0.0,0.0,0.0,0.0,0.0
shared_battery_mode_node_level_v1,SI-Drahi_14-d2-HOM-ULO-BLO-fb15d9bbd9,TK-PB-Drahi_14-d2-HOM-ULO-9e640d1615-r1,SS-354317d12b7f,risk_neutral_expectation,1,TWO_STAGE_RH,PEA,pv,13,15,1,1.0,0.0,0.0,30.6,30.6,0.0,0.0,false,0.0,0.0,0.0,0.0,0.0
shared_battery_mode_node_level_v1,SI-Drahi_14-d2-HOM-ULO-BLO-fb15d9bbd9,TK-PB-Drahi_14-d2-HOM-ULO-9e640d1615-r1,SS-354317d12b7f,risk_neutral_expectation,1,TWO_STAGE_RH,PEA,pv,13,16,1,1.0,0.0,0.0,30.6,30.6,0.0,0.0,false,0.0,0.0,0.0,0.0,0.0
shared_battery_mode_node_level_v1,SI-Drahi_14-d2-HOM-ULO-BLO-fb15d9bbd9,TK-PB-Drahi_14-d2-HOM-ULO-9e640d1615-r1,SS-c81930d9c8ba,risk_neutral_expectation,1,TWO_STAGE_RH,PEA,pv,17,17,1,1.0,0.0,0.0,30.6,30.6,0.0,0.0,false,0.0,0.0,0.0,0.0,0.0
shared_battery_mode_node_level_v1,SI-Drahi_14-d2-HOM-ULO-BLO-fb15d9bbd9,TK-PB-Drahi_14-d2-HOM-ULO-9e640d1615-r1,SS-c81930d9c8ba,risk_neutral_expectation,1,TWO_STAGE_RH,PEA,pv,17,18,1,0.0,0.0,8.0,30.6,22.178947368421056,0.0,0.0,false,0.0,0.0,0.0,0.0,0.0
shared_battery_mode_node_level_v1,SI-Drahi_14-d2-HOM-ULO-BLO-fb15d9bbd9,TK-PB-Drahi_14-d2-HOM-ULO-9e640d1615-r1,SS-c81930d9c8ba,risk_neutral_expectation,1,TWO_STAGE_RH,PEA,pv,17,19,1,1.0,8.0,0.0,22.178947368421056,29.778947368421058,0.0,0.0,false,0.0,0.0,0.0,0.0,0.0
shared_battery_mode_node_level_v1,SI-Drahi_14-d2-HOM-ULO-BLO-fb15d9bbd9,TK-PB-Drahi_14-d2-HOM-ULO-9e640d1615-r1,SS-c81930d9c8ba,risk_neutral_expectation,1,TWO_STAGE_RH,PEA,pv,17,20,1,1.0,1.811634349030463,0.0,29.778947368421058,31.499999999999996,0.0,0.0,false,0.0,0.0,3.552713678800501e-15,0.0,0.0
shared_battery_mode_node_level_v1,SI-Drahi_14-d2-HOM-ULO-BLO-fb15d9bbd9,TK-PB-Drahi_14-d2-HOM-ULO-9e640d1615-r1,SS-3cf9bda45ea4,risk_neutral_expectation,1,TWO_STAGE_RH,PEA,pv,21,21,1,0.0,0.0,8.0,31.499999999999996,23.078947368421048,0.0,0.0,false,0.0,0.0,0.0,0.0,0.0
shared_battery_mode_node_level_v1,SI-Drahi_14-d2-HOM-ULO-BLO-fb15d9bbd9,TK-PB-Drahi_14-d2-HOM-ULO-9e640d1615-r1,SS-3cf9bda45ea4,risk_neutral_expectation,1,TWO_STAGE_RH,PEA,pv,21,22,1,0.0,0.0,8.0,23.078947368421048,14.6578947368421,0.0,0.0,false,0.0,0.0,0.0,0.0,0.0
shared_battery_mode_node_level_v1,SI-Drahi_14-d2-HOM-ULO-BLO-fb15d9bbd9,TK-PB-Drahi_14-d2-HOM-ULO-9e640d1615-r1,SS-3cf9bda45ea4,risk_neutral_expectation,1,TWO_STAGE_RH,PEA,pv,21,23,1,0.0,0.0,8.0,14.6578947368421,6.236842105263154,0.0,0.0,false,0.0,0.0,0.0,0.0,0.0
shared_battery_mode_node_level_v1,SI-Drahi_14-d2-HOM-ULO-BLO-fb15d9bbd9,TK-PB-Drahi_14-d2-HOM-ULO-9e640d1615-r1,SS-3cf9bda45ea4,risk_neutral_expectation,1,TWO_STAGE_RH,PEA,pv,21,24,1,0.2831250000000005,0.0,5.734999999999996,6.236842105263154,0.20000000000000018,0.0,0.0,false,0.0,0.2831250000000005,1.6653345369377348e-16,0.0,0.0
shared_battery_mode_node_level_v1,SI-Drahi_14-d2-HOM-ULO-BLO-fb15d9bbd9,TK-PB-Drahi_14-d2-HOM-ULO-9e640d1615-r1,SS-5d5bbea46d20,risk_neutral_expectation,1,TWO_STAGE_RH,SA,savings,1,1,1,1.0,0.0,0.0,0.2,0.2,0.0,0.0,false,0.0,0.0,0.0,0.0,0.0
shared_battery_mode_node_level_v1,SI-Drahi_14-d2-HOM-ULO-BLO-fb15d9bbd9,TK-PB-Drahi_14-d2-HOM-ULO-9e640d1615-r1,SS-5d5bbea46d20,risk_neutral_expectation,1,TWO_STAGE_RH,SA,savings,1,2,1,1.0,8.0,0.0,0.2,7.8,0.0,0.0,false,0.0,0.0,0.0,0.0,0.0
shared_battery_mode_node_level_v1,SI-Drahi_14-d2-HOM-ULO-BLO-fb15d9bbd9,TK-PB-Drahi_14-d2-HOM-ULO-9e640d1615-r1,SS-5d5bbea46d20,risk_neutral_expectation,1,TWO_STAGE_RH,SA,savings,1,3,1,1.0,0.0,0.0,7.8,7.8,0.0,0.0,false,0.0,0.0,0.0,0.0,0.0
shared_battery_mode_node_level_v1,SI-Drahi_14-d2-HOM-ULO-BLO-fb15d9bbd9,TK-PB-Drahi_14-d2-HOM-ULO-9e640d1615-r1,SS-5d5bbea46d20,risk_neutral_expectation,1,TWO_STAGE_RH,SA,savings,1,4,1,1.0,0.0,0.0,7.8,7.8,0.0,0.0,false,0.0,0.0,0.0,0.0,0.0
shared_battery_mode_node_level_v1,SI-Drahi_14-d2-HOM-ULO-BLO-fb15d9bbd9,TK-PB-Drahi_14-d2-HOM-ULO-9e640d1615-r1,SS-102adc95e052,risk_neutral_expectation,1,TWO_STAGE_RH,SA,savings,5,5,1,1.0,0.0,0.0,7.8,7.8,0.0,0.0,false,0.0,0.0,0.0,0.0,0.0
shared_battery_mode_node_level_v1,SI-Drahi_14-d2-HOM-ULO-BLO-fb15d9bbd9,TK-PB-Drahi_14-d2-HOM-ULO-9e640d1615-r1,SS-102adc95e052,risk_neutral_expectation,1,TWO_STAGE_RH,SA,savings,5,6,1,1.0,0.0,0.0,7.8,7.8,0.0,0.0,false,0.0,0.0,0.0,0.0,0.0
shared_battery_mode_node_level_v1,SI-Drahi_14-d2-HOM-ULO-BLO-fb15d9bbd9,TK-PB-Drahi_14-d2-HOM-ULO-9e640d1615-r1,SS-102adc95e052,risk_neutral_expectation,1,TWO_STAGE_RH,SA,savings,5,7,1,1.0,0.0,0.0,7.8,7.8,0.0,0.0,false,0.0,0.0,0.0,0.0,0.0
shared_battery_mode_node_level_v1,SI-Drahi_14-d2-HOM-ULO-BLO-fb15d9bbd9,TK-PB-Drahi_14-d2-HOM-ULO-9e640d1615-r1,SS-102adc95e052,risk_neutral_expectation,1,TWO_STAGE_RH,SA,savings,5,8,1,1.0,0.0,0.0,7.8,7.8,0.0,0.0,false,0.0,0.0,0.0,0.0,0.0
shared_battery_mode_node_level_v1,SI-Drahi_14-d2-HOM-ULO-BLO-fb15d9bbd9,TK-PB-Drahi_14-d2-HOM-ULO-9e640d1615-r1,SS-19da242d4543,risk_neutral_expectation,1,TWO_STAGE_RH,SA,savings,9,9,1,1.0,0.0,0.0,7.8,7.8,0.0,0.0,false,0.0,0.0,0.0,0.0,0.0
shared_battery_mode_node_level_v1,SI-Drahi_14-d2-HOM-ULO-BLO-fb15d9bbd9,TK-PB-Drahi_14-d2-HOM-ULO-9e640d1615-r1,SS-19da242d4543,risk_neutral_expectation,1,TWO_STAGE_RH,SA,savings,9,10,1,1.0,8.0,0.0,7.8,15.399999999999999,0.0,0.0,false,0.0,0.0,0.0,0.0,0.0
shared_battery_mode_node_level_v1,SI-Drahi_14-d2-HOM-ULO-BLO-fb15d9bbd9,TK-PB-Drahi_14-d2-HOM-ULO-9e640d1615-r1,SS-19da242d4543,risk_neutral_expectation,1,TWO_STAGE_RH,SA,savings,9,11,1,1.0,8.0,0.0,15.399999999999999,23.0,0.0,0.0,false,0.0,0.0,0.0,0.0,0.0
shared_battery_mode_node_level_v1,SI-Drahi_14-d2-HOM-ULO-BLO-fb15d9bbd9,TK-PB-Drahi_14-d2-HOM-ULO-9e640d1615-r1,SS-19da242d4543,risk_neutral_expectation,1,TWO_STAGE_RH,SA,savings,9,12,1,1.0,0.0,0.0,23.0,23.0,0.0,0.0,false,0.0,0.0,0.0,0.0,0.0
shared_battery_mode_node_level_v1,SI-Drahi_14-d2-HOM-ULO-BLO-fb15d9bbd9,TK-PB-Drahi_14-d2-HOM-ULO-9e640d1615-r1,SS-354317d12b7f,risk_neutral_expectation,1,TWO_STAGE_RH,SA,savings,13,13,1,1.0,0.0,0.0,23.0,23.0,0.0,0.0,false,0.0,0.0,0.0,0.0,0.0
shared_battery_mode_node_level_v1,SI-Drahi_14-d2-HOM-ULO-BLO-fb15d9bbd9,TK-PB-Drahi_14-d2-HOM-ULO-9e640d1615-r1,SS-354317d12b7f,risk_neutral_expectation,1,TWO_STAGE_RH,SA,savings,13,14,1,1.0,8.0,0.0,23.0,30.6,0.0,0.0,false,0.0,0.0,0.0,0.0,0.0
shared_battery_mode_node_level_v1,SI-Drahi_14-d2-HOM-ULO-BLO-fb15d9bbd9,TK-PB-Drahi_14-d2-HOM-ULO-9e640d1615-r1,SS-354317d12b7f,risk_neutral_expectation,1,TWO_STAGE_RH,SA,savings,13,15,1,1.0,0.0,0.0,30.6,30.6,0.0,0.0,false,0.0,0.0,0.0,0.0,0.0
shared_battery_mode_node_level_v1,SI-Drahi_14-d2-HOM-ULO-BLO-fb15d9bbd9,TK-PB-Drahi_14-d2-HOM-ULO-9e640d1615-r1,SS-354317d12b7f,risk_neutral_expectation,1,TWO_STAGE_RH,SA,savings,13,16,1,1.0,0.0,0.0,30.6,30.6,0.0,0.0,false,0.0,0.0,0.0,0.0,0.0
shared_battery_mode_node_level_v1,SI-Drahi_14-d2-HOM-ULO-BLO-fb15d9bbd9,TK-PB-Drahi_14-d2-HOM-ULO-9e640d1615-r1,SS-c81930d9c8ba,risk_neutral_expectation,1,TWO_STAGE_RH,SA,savings,17,17,1,1.0,0.0,0.0,30.6,30.6,0.0,0.0,false,0.0,0.0,0.0,0.0,0.0
shared_battery_mode_node_level_v1,SI-Drahi_14-d2-HOM-ULO-BLO-fb15d9bbd9,TK-PB-Drahi_14-d2-HOM-ULO-9e640d1615-r1,SS-c81930d9c8ba,risk_neutral_expectation,1,TWO_STAGE_RH,SA,savings,17,18,1,0.0,0.0,8.0,30.6,22.178947368421056,0.0,0.0,false,0.0,0.0,0.0,0.0,0.0
shared_battery_mode_node_level_v1,SI-Drahi_14-d2-HOM-ULO-BLO-fb15d9bbd9,TK-PB-Drahi_14-d2-HOM-ULO-9e640d1615-r1,SS-c81930d9c8ba,risk_neutral_expectation,1,TWO_STAGE_RH,SA,savings,17,19,1,1.0,8.0,0.0,22.178947368421056,29.778947368421058,0.0,0.0,false,0.0,0.0,0.0,0.0,0.0
shared_battery_mode_node_level_v1,SI-Drahi_14-d2-HOM-ULO-BLO-fb15d9bbd9,TK-PB-Drahi_14-d2-HOM-ULO-9e640d1615-r1,SS-c81930d9c8ba,risk_neutral_expectation,1,TWO_STAGE_RH,SA,savings,17,20,1,1.0,1.8116343490304654,0.0,29.778947368421058,31.5,0.0,0.0,false,0.0,0.0,0.0,0.0,0.0
shared_battery_mode_node_level_v1,SI-Drahi_14-d2-HOM-ULO-BLO-fb15d9bbd9,TK-PB-Drahi_14-d2-HOM-ULO-9e640d1615-r1,SS-3cf9bda45ea4,risk_neutral_expectation,1,TWO_STAGE_RH,SA,savings,21,21,1,0.0,0.0,8.0,31.5,23.078947368421055,0.0,0.0,false,0.0,0.0,1.0658141036401503e-14,0.0,0.0
shared_battery_mode_node_level_v1,SI-Drahi_14-d2-HOM-ULO-BLO-fb15d9bbd9,TK-PB-Drahi_14-d2-HOM-ULO-9e640d1615-r1,SS-3cf9bda45ea4,risk_neutral_expectation,1,TWO_STAGE_RH,SA,savings,21,22,1,0.0,0.0,8.0,23.078947368421055,14.657894736842108,0.0,0.0,false,0.0,0.0,1.0658141036401503e-14,0.0,0.0
shared_battery_mode_node_level_v1,SI-Drahi_14-d2-HOM-ULO-BLO-fb15d9bbd9,TK-PB-Drahi_14-d2-HOM-ULO-9e640d1615-r1,SS-3cf9bda45ea4,risk_neutral_expectation,1,TWO_STAGE_RH,SA,savings,21,23,1,0.0,0.0,8.0,14.657894736842108,6.236842105263161,0.0,0.0,false,0.0,0.0,1.0658141036401503e-14,0.0,0.0
shared_battery_mode_node_level_v1,SI-Drahi_14-d2-HOM-ULO-BLO-fb15d9bbd9,TK-PB-Drahi_14-d2-HOM-ULO-9e640d1615-r1,SS-3cf9bda45ea4,risk_neutral_expectation,1,TWO_STAGE_RH,SA,savings,21,24,1,0.2831249999999983,0.0,5.735000000000014,6.236842105263161,0.19999999999998863,0.0,0.0,false,0.0,0.2831249999999983,1.1379786002407855e-14,1.1379786002407855e-14,0.0
shared_battery_mode_node_level_v1,SI-Drahi_14-d2-HOM-ULO-BLO-fb15d9bbd9,TK-PB-Drahi_14-d2-HOM-ULO-9e640d1615-r1,SS-5d5bbea46d20,risk_neutral_expectation,1,TWO_STAGE_RH,STATIC_DEMAND_SHARE,pv,1,1,1,1.0,0.0,0.0,0.2,0.2,0.0,0.0,false,0.0,0.0,0.0,0.0,0.0
shared_battery_mode_node_level_v1,SI-Drahi_14-d2-HOM-ULO-BLO-fb15d9bbd9,TK-PB-Drahi_14-d2-HOM-ULO-9e640d1615-r1,SS-5d5bbea46d20,risk_neutral_expectation,1,TWO_STAGE_RH,STATIC_DEMAND_SHARE,pv,1,2,1,1.0,8.0,0.0,0.2,7.8,0.0,0.0,false,0.0,0.0,0.0,0.0,0.0
shared_battery_mode_node_level_v1,SI-Drahi_14-d2-HOM-ULO-BLO-fb15d9bbd9,TK-PB-Drahi_14-d2-HOM-ULO-9e640d1615-r1,SS-5d5bbea46d20,risk_neutral_expectation,1,TWO_STAGE_RH,STATIC_DEMAND_SHARE,pv,1,3,1,1.0,0.0,0.0,7.8,7.8,0.0,0.0,false,0.0,0.0,0.0,0.0,0.0
shared_battery_mode_node_level_v1,SI-Drahi_14-d2-HOM-ULO-BLO-fb15d9bbd9,TK-PB-Drahi_14-d2-HOM-ULO-9e640d1615-r1,SS-5d5bbea46d20,risk_neutral_expectation,1,TWO_STAGE_RH,STATIC_DEMAND_SHARE,pv,1,4,1,1.0,0.0,0.0,7.8,7.8,0.0,0.0,false,0.0,0.0,0.0,0.0,0.0
shared_battery_mode_node_level_v1,SI-Drahi_14-d2-HOM-ULO-BLO-fb15d9bbd9,TK-PB-Drahi_14-d2-HOM-ULO-9e640d1615-r1,SS-102adc95e052,risk_neutral_expectation,1,TWO_STAGE_RH,STATIC_DEMAND_SHARE,pv,5,5,1,1.0,0.0,0.0,7.8,7.8,0.0,0.0,false,0.0,0.0,0.0,0.0,0.0
shared_battery_mode_node_level_v1,SI-Drahi_14-d2-HOM-ULO-BLO-fb15d9bbd9,TK-PB-Drahi_14-d2-HOM-ULO-9e640d1615-r1,SS-102adc95e052,risk_neutral_expectation,1,TWO_STAGE_RH,STATIC_DEMAND_SHARE,pv,5,6,1,1.0,0.0,0.0,7.8,7.8,0.0,0.0,false,0.0,0.0,0.0,0.0,0.0
shared_battery_mode_node_level_v1,SI-Drahi_14-d2-HOM-ULO-BLO-fb15d9bbd9,TK-PB-Drahi_14-d2-HOM-ULO-9e640d1615-r1,SS-102adc95e052,risk_neutral_expectation,1,TWO_STAGE_RH,STATIC_DEMAND_SHARE,pv,5,7,1,1.0,0.0,0.0,7.8,7.8,0.0,0.0,false,0.0,0.0,0.0,0.0,0.0
shared_battery_mode_node_level_v1,SI-Drahi_14-d2-HOM-ULO-BLO-fb15d9bbd9,TK-PB-Drahi_14-d2-HOM-ULO-9e640d1615-r1,SS-102adc95e052,risk_neutral_expectation,1,TWO_STAGE_RH,STATIC_DEMAND_SHARE,pv,5,8,1,1.0,0.0,0.0,7.8,7.8,0.0,0.0,false,0.0,0.0,0.0,0.0,0.0
shared_battery_mode_node_level_v1,SI-Drahi_14-d2-HOM-ULO-BLO-fb15d9bbd9,TK-PB-Drahi_14-d2-HOM-ULO-9e640d1615-r1,SS-19da242d4543,risk_neutral_expectation,1,TWO_STAGE_RH,STATIC_DEMAND_SHARE,pv,9,9,1,1.0,0.0,0.0,7.8,7.8,0.0,0.0,false,0.0,0.0,0.0,0.0,0.0
shared_battery_mode_node_level_v1,SI-Drahi_14-d2-HOM-ULO-BLO-fb15d9bbd9,TK-PB-Drahi_14-d2-HOM-ULO-9e640d1615-r1,SS-19da242d4543,risk_neutral_expectation,1,TWO_STAGE_RH,STATIC_DEMAND_SHARE,pv,9,10,1,1.0,8.0,0.0,7.8,15.399999999999999,0.0,0.0,false,0.0,0.0,0.0,0.0,0.0
shared_battery_mode_node_level_v1,SI-Drahi_14-d2-HOM-ULO-BLO-fb15d9bbd9,TK-PB-Drahi_14-d2-HOM-ULO-9e640d1615-r1,SS-19da242d4543,risk_neutral_expectation,1,TWO_STAGE_RH,STATIC_DEMAND_SHARE,pv,9,11,1,1.0,8.0,0.0,15.399999999999999,23.0,0.0,0.0,false,0.0,0.0,0.0,0.0,0.0
shared_battery_mode_node_level_v1,SI-Drahi_14-d2-HOM-ULO-BLO-fb15d9bbd9,TK-PB-Drahi_14-d2-HOM-ULO-9e640d1615-r1,SS-19da242d4543,risk_neutral_expectation,1,TWO_STAGE_RH,STATIC_DEMAND_SHARE,pv,9,12,1,1.0,0.0,0.0,23.0,23.0,0.0,0.0,false,0.0,0.0,0.0,0.0,0.0
shared_battery_mode_node_level_v1,SI-Drahi_14-d2-HOM-ULO-BLO-fb15d9bbd9,TK-PB-Drahi_14-d2-HOM-ULO-9e640d1615-r1,SS-354317d12b7f,risk_neutral_expectation,1,TWO_STAGE_RH,STATIC_DEMAND_SHARE,pv,13,13,1,1.0,0.0,0.0,23.0,23.0,0.0,0.0,false,0.0,0.0,0.0,0.0,0.0
shared_battery_mode_node_level_v1,SI-Drahi_14-d2-HOM-ULO-BLO-fb15d9bbd9,TK-PB-Drahi_14-d2-HOM-ULO-9e640d1615-r1,SS-354317d12b7f,risk_neutral_expectation,1,TWO_STAGE_RH,STATIC_DEMAND_SHARE,pv,13,14,1,1.0,8.0,0.0,23.0,30.6,0.0,0.0,false,0.0,0.0,0.0,0.0,0.0
shared_battery_mode_node_level_v1,SI-Drahi_14-d2-HOM-ULO-BLO-fb15d9bbd9,TK-PB-Drahi_14-d2-HOM-ULO-9e640d1615-r1,SS-354317d12b7f,risk_neutral_expectation,1,TWO_STAGE_RH,STATIC_DEMAND_SHARE,pv,13,15,1,1.0,0.0,0.0,30.6,30.6,0.0,0.0,false,0.0,0.0,0.0,0.0,0.0
shared_battery_mode_node_level_v1,SI-Drahi_14-d2-HOM-ULO-BLO-fb15d9bbd9,TK-PB-Drahi_14-d2-HOM-ULO-9e640d1615-r1,SS-354317d12b7f,risk_neutral_expectation,1,TWO_STAGE_RH,STATIC_DEMAND_SHARE,pv,13,16,1,1.0,0.0,0.0,30.6,30.6,0.0,0.0,false,0.0,0.0,0.0,0.0,0.0
shared_battery_mode_node_level_v1,SI-Drahi_14-d2-HOM-ULO-BLO-fb15d9bbd9,TK-PB-Drahi_14-d2-HOM-ULO-9e640d1615-r1,SS-c81930d9c8ba,risk_neutral_expectation,1,TWO_STAGE_RH,STATIC_DEMAND_SHARE,pv,17,17,1,1.0,0.0,0.0,30.6,30.6,0.0,0.0,false,0.0,0.0,0.0,0.0,0.0
shared_battery_mode_node_level_v1,SI-Drahi_14-d2-HOM-ULO-BLO-fb15d9bbd9,TK-PB-Drahi_14-d2-HOM-ULO-9e640d1615-r1,SS-c81930d9c8ba,risk_neutral_expectation,1,TWO_STAGE_RH,STATIC_DEMAND_SHARE,pv,17,18,1,0.0,0.0,8.0,30.6,22.178947368421056,0.0,0.0,false,0.0,0.0,0.0,0.0,0.0
shared_battery_mode_node_level_v1,SI-Drahi_14-d2-HOM-ULO-BLO-fb15d9bbd9,TK-PB-Drahi_14-d2-HOM-ULO-9e640d1615-r1,SS-c81930d9c8ba,risk_neutral_expectation,1,TWO_STAGE_RH,STATIC_DEMAND_SHARE,pv,17,19,1,1.0,8.0,0.0,22.178947368421056,29.778947368421058,0.0,0.0,false,0.0,0.0,0.0,0.0,0.0
shared_battery_mode_node_level_v1,SI-Drahi_14-d2-HOM-ULO-BLO-fb15d9bbd9,TK-PB-Drahi_14-d2-HOM-ULO-9e640d1615-r1,SS-c81930d9c8ba,risk_neutral_expectation,1,TWO_STAGE_RH,STATIC_DEMAND_SHARE,pv,17,20,1,1.0,1.811634349030463,0.0,29.778947368421058,31.499999999999996,0.0,0.0,false,0.0,0.0,3.552713678800501e-15,0.0,0.0
shared_battery_mode_node_level_v1,SI-Drahi_14-d2-HOM-ULO-BLO-fb15d9bbd9,TK-PB-Drahi_14-d2-HOM-ULO-9e640d1615-r1,SS-3cf9bda45ea4,risk_neutral_expectation,1,TWO_STAGE_RH,STATIC_DEMAND_SHARE,pv,21,21,1,0.0,0.0,8.0,31.499999999999996,23.078947368421048,0.0,0.0,false,0.0,0.0,0.0,0.0,0.0
shared_battery_mode_node_level_v1,SI-Drahi_14-d2-HOM-ULO-BLO-fb15d9bbd9,TK-PB-Drahi_14-d2-HOM-ULO-9e640d1615-r1,SS-3cf9bda45ea4,risk_neutral_expectation,1,TWO_STAGE_RH,STATIC_DEMAND_SHARE,pv,21,22,1,0.0,0.0,8.0,23.078947368421048,14.6578947368421,0.0,0.0,false,0.0,0.0,0.0,0.0,0.0
shared_battery_mode_node_level_v1,SI-Drahi_14-d2-HOM-ULO-BLO-fb15d9bbd9,TK-PB-Drahi_14-d2-HOM-ULO-9e640d1615-r1,SS-3cf9bda45ea4,risk_neutral_expectation,1,TWO_STAGE_RH,STATIC_DEMAND_SHARE,pv,21,23,1,0.0,0.0,8.0,14.6578947368421,6.236842105263154,0.0,0.0,false,0.0,0.0,0.0,0.0,0.0
shared_battery_mode_node_level_v1,SI-Drahi_14-d2-HOM-ULO-BLO-fb15d9bbd9,TK-PB-Drahi_14-d2-HOM-ULO-9e640d1615-r1,SS-3cf9bda45ea4,risk_neutral_expectation,1,TWO_STAGE_RH,STATIC_DEMAND_SHARE,pv,21,24,1,0.2831250000000005,0.0,5.734999999999996,6.236842105263154,0.20000000000000018,0.0,0.0,false,0.0,0.2831250000000005,1.6653345369377348e-16,0.0,0.0
