Replication,Period,Controller,Fairness,FormulationID,StructuralInstanceID,ParallelTaskID,ScenarioSupportID,RollingStart,Phase,PhaseLabel,TerminationStatus,PrimalStatus,Objective,ObjectiveBound,BinaryVariables,ContinuousVariables,TotalVariables,Constraints,Nonzeros,ExpectedModeNodes,GeneratedModeBinaries,UniquePolicyModes,LegacyHouseholdModeBinaries,LookaheadNodes,LookaheadScenarios,PresolveReducedVariables,PresolveReducedConstraints,RootRelaxation,BranchAndBoundNodes,FinalGap,MaxPhysicalResidual,FairnessResidual,FailureMessage
5,1,DETERMINISTIC_RH,LEXMMFPEA,shared_battery_mode_node_level_v1,SI-Drahi_13-d2-HET-UHI-BHI-b5b4fe09a4,TK-PB-Drahi_13-d2-HET-UHI-e201b86fbb-r5,SS-b6fde45dba3b,1,1,lex_phase_1,OPTIMAL,FEASIBLE_POINT,487.1968403092925,487.1968403092925,0,798,798,1227,2189,24,0,24,120,24,1,0,0,NaN,0,NaN,0.0,1.0,
5,1,DETERMINISTIC_RH,LEXMMFPEA,shared_battery_mode_node_level_v1,SI-Drahi_13-d2-HET-UHI-BHI-b5b4fe09a4,TK-PB-Drahi_13-d2-HET-UHI-e201b86fbb-r5,SS-b6fde45dba3b,1,2,lex_phase_2,OPTIMAL,FEASIBLE_POINT,974.3936806185849,974.3936806185849,0,798,798,1228,2195,24,0,24,120,24,1,0,0,NaN,0,NaN,0.0,1.0,
5,1,DETERMINISTIC_RH,LEXMMFPEA,shared_battery_mode_node_level_v1,SI-Drahi_13-d2-HET-UHI-BHI-b5b4fe09a4,TK-PB-Drahi_13-d2-HET-UHI-e201b86fbb-r5,SS-b6fde45dba3b,1,3,lex_phase_3,OPTIMAL,FEASIBLE_POINT,1461.5905209278774,1461.5905209278774,0,798,798,1229,2201,24,0,24,120,24,1,0,0,NaN,0,NaN,0.0,1.0,
5,1,DETERMINISTIC_RH,LEXMMFPEA,shared_battery_mode_node_level_v1,SI-Drahi_13-d2-HET-UHI-BHI-b5b4fe09a4,TK-PB-Drahi_13-d2-HET-UHI-e201b86fbb-r5,SS-b6fde45dba3b,1,4,lex_phase_4,OPTIMAL,FEASIBLE_POINT,1948.7873612371698,1948.7873612371698,0,798,798,1230,2207,24,0,24,120,24,1,0,0,NaN,0,NaN,0.0,1.0,
5,1,DETERMINISTIC_RH,LEXMMFPEA,shared_battery_mode_node_level_v1,SI-Drahi_13-d2-HET-UHI-BHI-b5b4fe09a4,TK-PB-Drahi_13-d2-HET-UHI-e201b86fbb-r5,SS-b6fde45dba3b,1,5,lex_phase_5,OPTIMAL,FEASIBLE_POINT,2435.9842015464624,2435.9842015464624,0,798,798,1231,2213,24,0,24,120,24,1,0,0,NaN,0,NaN,0.0,1.0,
5,1,DETERMINISTIC_RH,LEXMMFPEA,shared_battery_mode_node_level_v1,SI-Drahi_13-d2-HET-UHI-BHI-b5b4fe09a4,TK-PB-Drahi_13-d2-HET-UHI-e201b86fbb-r5,SS-b6fde45dba3b,1,6,economic_tie_break,OPTIMAL,FEASIBLE_POINT,597464.9761814886,597464.9761814886,0,798,798,1232,2219,24,0,24,120,24,1,0,0,NaN,0,NaN,0.0,1.0,
5,2,DETERMINISTIC_RH,LEXMMFPEA,shared_battery_mode_node_level_v1,SI-Drahi_13-d2-HET-UHI-BHI-b5b4fe09a4,TK-PB-Drahi_13-d2-HET-UHI-e201b86fbb-r5,SS-b6fde45dba3b,1,1,lex_phase_1,OPTIMAL,FEASIBLE_POINT,487.1968403092925,487.1968403092925,0,798,798,1227,2189,24,0,24,120,24,1,0,0,NaN,0,NaN,4.689582056016661e-13,1.0,
5,2,DETERMINISTIC_RH,LEXMMFPEA,shared_battery_mode_node_level_v1,SI-Drahi_13-d2-HET-UHI-BHI-b5b4fe09a4,TK-PB-Drahi_13-d2-HET-UHI-e201b86fbb-r5,SS-b6fde45dba3b,1,2,lex_phase_2,OPTIMAL,FEASIBLE_POINT,974.3936806185849,974.3936806185849,0,798,798,1228,2195,24,0,24,120,24,1,0,0,NaN,0,NaN,4.689582056016661e-13,1.0,
5,2,DETERMINISTIC_RH,LEXMMFPEA,shared_battery_mode_node_level_v1,SI-Drahi_13-d2-HET-UHI-BHI-b5b4fe09a4,TK-PB-Drahi_13-d2-HET-UHI-e201b86fbb-r5,SS-b6fde45dba3b,1,3,lex_phase_3,OPTIMAL,FEASIBLE_POINT,1461.5905209278774,1461.5905209278774,0,798,798,1229,2201,24,0,24,120,24,1,0,0,NaN,0,NaN,4.689582056016661e-13,1.0,
5,2,DETERMINISTIC_RH,LEXMMFPEA,shared_battery_mode_node_level_v1,SI-Drahi_13-d2-HET-UHI-BHI-b5b4fe09a4,TK-PB-Drahi_13-d2-HET-UHI-e201b86fbb-r5,SS-b6fde45dba3b,1,4,lex_phase_4,OPTIMAL,FEASIBLE_POINT,1948.7873612371698,1948.7873612371698,0,798,798,1230,2207,24,0,24,120,24,1,0,0,NaN,0,NaN,4.689582056016661e-13,1.0,
5,2,DETERMINISTIC_RH,LEXMMFPEA,shared_battery_mode_node_level_v1,SI-Drahi_13-d2-HET-UHI-BHI-b5b4fe09a4,TK-PB-Drahi_13-d2-HET-UHI-e201b86fbb-r5,SS-b6fde45dba3b,1,5,lex_phase_5,OPTIMAL,FEASIBLE_POINT,2435.9842015464624,2435.9842015464624,0,798,798,1231,2213,24,0,24,120,24,1,0,0,NaN,0,NaN,4.689582056016661e-13,1.0,
5,2,DETERMINISTIC_RH,LEXMMFPEA,shared_battery_mode_node_level_v1,SI-Drahi_13-d2-HET-UHI-BHI-b5b4fe09a4,TK-PB-Drahi_13-d2-HET-UHI-e201b86fbb-r5,SS-b6fde45dba3b,1,6,economic_tie_break,OPTIMAL,FEASIBLE_POINT,597464.9761814886,597464.9761814886,0,798,798,1232,2219,24,0,24,120,24,1,0,0,NaN,0,NaN,4.689582056016661e-13,1.0,
5,3,DETERMINISTIC_RH,LEXMMFPEA,shared_battery_mode_node_level_v1,SI-Drahi_13-d2-HET-UHI-BHI-b5b4fe09a4,TK-PB-Drahi_13-d2-HET-UHI-e201b86fbb-r5,SS-b6fde45dba3b,1,1,lex_phase_1,OPTIMAL,FEASIBLE_POINT,487.1968403092925,487.1968403092925,0,798,798,1227,2189,24,0,24,120,24,1,0,0,NaN,0,NaN,2.984279490192421e-13,1.0,
5,3,DETERMINISTIC_RH,LEXMMFPEA,shared_battery_mode_node_level_v1,SI-Drahi_13-d2-HET-UHI-BHI-b5b4fe09a4,TK-PB-Drahi_13-d2-HET-UHI-e201b86fbb-r5,SS-b6fde45dba3b,1,2,lex_phase_2,OPTIMAL,FEASIBLE_POINT,974.3936806185849,974.3936806185849,0,798,798,1228,2195,24,0,24,120,24,1,0,0,NaN,0,NaN,2.984279490192421e-13,1.0,
5,3,DETERMINISTIC_RH,LEXMMFPEA,shared_battery_mode_node_level_v1,SI-Drahi_13-d2-HET-UHI-BHI-b5b4fe09a4,TK-PB-Drahi_13-d2-HET-UHI-e201b86fbb-r5,SS-b6fde45dba3b,1,3,lex_phase_3,OPTIMAL,FEASIBLE_POINT,1461.5905209278774,1461.5905209278774,0,798,798,1229,2201,24,0,24,120,24,1,0,0,NaN,0,NaN,2.984279490192421e-13,1.0,
5,3,DETERMINISTIC_RH,LEXMMFPEA,shared_battery_mode_node_level_v1,SI-Drahi_13-d2-HET-UHI-BHI-b5b4fe09a4,TK-PB-Drahi_13-d2-HET-UHI-e201b86fbb-r5,SS-b6fde45dba3b,1,4,lex_phase_4,OPTIMAL,FEASIBLE_POINT,1948.7873612371698,1948.7873612371698,0,798,798,1230,2207,24,0,24,120,24,1,0,0,NaN,0,NaN,2.984279490192421e-13,1.0,
5,3,DETERMINISTIC_RH,LEXMMFPEA,shared_battery_mode_node_level_v1,SI-Drahi_13-d2-HET-UHI-BHI-b5b4fe09a4,TK-PB-Drahi_13-d2-HET-UHI-e201b86fbb-r5,SS-b6fde45dba3b,1,5,lex_phase_5,OPTIMAL,FEASIBLE_POINT,2435.9842015464624,2435.9842015464624,0,798,798,1231,2213,24,0,24,120,24,1,0,0,NaN,0,NaN,2.984279490192421e-13,1.0,
5,3,DETERMINISTIC_RH,LEXMMFPEA,shared_battery_mode_node_level_v1,SI-Drahi_13-d2-HET-UHI-BHI-b5b4fe09a4,TK-PB-Drahi_13-d2-HET-UHI-e201b86fbb-r5,SS-b6fde45dba3b,1,6,economic_tie_break,OPTIMAL,FEASIBLE_POINT,597464.9761814886,597464.9761814886,0,798,798,1232,2219,24,0,24,120,24,1,0,0,NaN,0,NaN,2.984279490192421e-13,1.0,
5,4,DETERMINISTIC_RH,LEXMMFPEA,shared_battery_mode_node_level_v1,SI-Drahi_13-d2-HET-UHI-BHI-b5b4fe09a4,TK-PB-Drahi_13-d2-HET-UHI-e201b86fbb-r5,SS-b6fde45dba3b,1,1,lex_phase_1,OPTIMAL,FEASIBLE_POINT,487.1968403092925,487.1968403092925,0,798,798,1227,2189,24,0,24,120,24,1,0,0,NaN,0,NaN,0.09750000000000003,1.0,
5,4,DETERMINISTIC_RH,LEXMMFPEA,shared_battery_mode_node_level_v1,SI-Drahi_13-d2-HET-UHI-BHI-b5b4fe09a4,TK-PB-Drahi_13-d2-HET-UHI-e201b86fbb-r5,SS-b6fde45dba3b,1,2,lex_phase_2,OPTIMAL,FEASIBLE_POINT,974.3936806185849,974.3936806185849,0,798,798,1228,2195,24,0,24,120,24,1,0,0,NaN,0,NaN,0.09750000000000003,1.0,
5,4,DETERMINISTIC_RH,LEXMMFPEA,shared_battery_mode_node_level_v1,SI-Drahi_13-d2-HET-UHI-BHI-b5b4fe09a4,TK-PB-Drahi_13-d2-HET-UHI-e201b86fbb-r5,SS-b6fde45dba3b,1,3,lex_phase_3,OPTIMAL,FEASIBLE_POINT,1461.5905209278774,1461.5905209278774,0,798,798,1229,2201,24,0,24,120,24,1,0,0,NaN,0,NaN,0.09750000000000003,1.0,
5,4,DETERMINISTIC_RH,LEXMMFPEA,shared_battery_mode_node_level_v1,SI-Drahi_13-d2-HET-UHI-BHI-b5b4fe09a4,TK-PB-Drahi_13-d2-HET-UHI-e201b86fbb-r5,SS-b6fde45dba3b,1,4,lex_phase_4,OPTIMAL,FEASIBLE_POINT,1948.7873612371698,1948.7873612371698,0,798,798,1230,2207,24,0,24,120,24,1,0,0,NaN,0,NaN,0.09750000000000003,1.0,
5,4,DETERMINISTIC_RH,LEXMMFPEA,shared_battery_mode_node_level_v1,SI-Drahi_13-d2-HET-UHI-BHI-b5b4fe09a4,TK-PB-Drahi_13-d2-HET-UHI-e201b86fbb-r5,SS-b6fde45dba3b,1,5,lex_phase_5,OPTIMAL,FEASIBLE_POINT,2435.9842015464624,2435.9842015464624,0,798,798,1231,2213,24,0,24,120,24,1,0,0,NaN,0,NaN,0.09750000000000003,1.0,
5,4,DETERMINISTIC_RH,LEXMMFPEA,shared_battery_mode_node_level_v1,SI-Drahi_13-d2-HET-UHI-BHI-b5b4fe09a4,TK-PB-Drahi_13-d2-HET-UHI-e201b86fbb-r5,SS-b6fde45dba3b,1,6,economic_tie_break,OPTIMAL,FEASIBLE_POINT,597464.9761814886,597464.9761814886,0,798,798,1232,2219,24,0,24,120,24,1,0,0,NaN,0,NaN,0.09750000000000003,1.0,
5,5,DETERMINISTIC_RH,LEXMMFPEA,shared_battery_mode_node_level_v1,SI-Drahi_13-d2-HET-UHI-BHI-b5b4fe09a4,TK-PB-Drahi_13-d2-HET-UHI-e201b86fbb-r5,SS-59c6d7df9164,5,1,lex_phase_1,OPTIMAL,FEASIBLE_POINT,194.60555259420113,194.60555259420113,0,798,798,1227,2189,24,0,24,120,24,1,0,0,NaN,0,NaN,0.0,1.0,
5,5,DETERMINISTIC_RH,LEXMMFPEA,shared_battery_mode_node_level_v1,SI-Drahi_13-d2-HET-UHI-BHI-b5b4fe09a4,TK-PB-Drahi_13-d2-HET-UHI-e201b86fbb-r5,SS-59c6d7df9164,5,2,lex_phase_2,OPTIMAL,FEASIBLE_POINT,389.21110518840237,389.21110518840237,0,798,798,1228,2195,24,0,24,120,24,1,0,0,NaN,0,NaN,0.0,1.0,
5,5,DETERMINISTIC_RH,LEXMMFPEA,shared_battery_mode_node_level_v1,SI-Drahi_13-d2-HET-UHI-BHI-b5b4fe09a4,TK-PB-Drahi_13-d2-HET-UHI-e201b86fbb-r5,SS-59c6d7df9164,5,3,lex_phase_3,OPTIMAL,FEASIBLE_POINT,583.8166577826036,583.8166577826036,0,798,798,1229,2201,24,0,24,120,24,1,0,0,NaN,0,NaN,0.0,1.0,
5,5,DETERMINISTIC_RH,LEXMMFPEA,shared_battery_mode_node_level_v1,SI-Drahi_13-d2-HET-UHI-BHI-b5b4fe09a4,TK-PB-Drahi_13-d2-HET-UHI-e201b86fbb-r5,SS-59c6d7df9164,5,4,lex_phase_4,OPTIMAL,FEASIBLE_POINT,778.4222103768047,778.4222103768047,0,798,798,1230,2207,24,0,24,120,24,1,0,0,NaN,0,NaN,0.0,1.0,
5,5,DETERMINISTIC_RH,LEXMMFPEA,shared_battery_mode_node_level_v1,SI-Drahi_13-d2-HET-UHI-BHI-b5b4fe09a4,TK-PB-Drahi_13-d2-HET-UHI-e201b86fbb-r5,SS-59c6d7df9164,5,5,lex_phase_5,OPTIMAL,FEASIBLE_POINT,973.0277629710057,973.0277629710057,0,798,798,1231,2213,24,0,24,120,24,1,0,0,NaN,0,NaN,0.0,1.0,
5,5,DETERMINISTIC_RH,LEXMMFPEA,shared_battery_mode_node_level_v1,SI-Drahi_13-d2-HET-UHI-BHI-b5b4fe09a4,TK-PB-Drahi_13-d2-HET-UHI-e201b86fbb-r5,SS-59c6d7df9164,5,6,economic_tie_break,OPTIMAL,FEASIBLE_POINT,623610.3189832952,623610.3189832952,0,798,798,1232,2219,24,0,24,120,24,1,0,0,NaN,0,NaN,0.0,1.0,
5,6,DETERMINISTIC_RH,LEXMMFPEA,shared_battery_mode_node_level_v1,SI-Drahi_13-d2-HET-UHI-BHI-b5b4fe09a4,TK-PB-Drahi_13-d2-HET-UHI-e201b86fbb-r5,SS-59c6d7df9164,5,1,lex_phase_1,OPTIMAL,FEASIBLE_POINT,194.60555259420113,194.60555259420113,0,798,798,1227,2189,24,0,24,120,24,1,0,0,NaN,0,NaN,0.09750000000000014,1.0,
5,6,DETERMINISTIC_RH,LEXMMFPEA,shared_battery_mode_node_level_v1,SI-Drahi_13-d2-HET-UHI-BHI-b5b4fe09a4,TK-PB-Drahi_13-d2-HET-UHI-e201b86fbb-r5,SS-59c6d7df9164,5,2,lex_phase_2,OPTIMAL,FEASIBLE_POINT,389.21110518840237,389.21110518840237,0,798,798,1228,2195,24,0,24,120,24,1,0,0,NaN,0,NaN,0.09750000000000014,1.0,
5,6,DETERMINISTIC_RH,LEXMMFPEA,shared_battery_mode_node_level_v1,SI-Drahi_13-d2-HET-UHI-BHI-b5b4fe09a4,TK-PB-Drahi_13-d2-HET-UHI-e201b86fbb-r5,SS-59c6d7df9164,5,3,lex_phase_3,OPTIMAL,FEASIBLE_POINT,583.8166577826036,583.8166577826036,0,798,798,1229,2201,24,0,24,120,24,1,0,0,NaN,0,NaN,0.09750000000000014,1.0,
5,6,DETERMINISTIC_RH,LEXMMFPEA,shared_battery_mode_node_level_v1,SI-Drahi_13-d2-HET-UHI-BHI-b5b4fe09a4,TK-PB-Drahi_13-d2-HET-UHI-e201b86fbb-r5,SS-59c6d7df9164,5,4,lex_phase_4,OPTIMAL,FEASIBLE_POINT,778.4222103768047,778.4222103768047,0,798,798,1230,2207,24,0,24,120,24,1,0,0,NaN,0,NaN,0.09750000000000014,1.0,
5,6,DETERMINISTIC_RH,LEXMMFPEA,shared_battery_mode_node_level_v1,SI-Drahi_13-d2-HET-UHI-BHI-b5b4fe09a4,TK-PB-Drahi_13-d2-HET-UHI-e201b86fbb-r5,SS-59c6d7df9164,5,5,lex_phase_5,OPTIMAL,FEASIBLE_POINT,973.0277629710057,973.0277629710057,0,798,798,1231,2213,24,0,24,120,24,1,0,0,NaN,0,NaN,0.09750000000000014,1.0,
5,6,DETERMINISTIC_RH,LEXMMFPEA,shared_battery_mode_node_level_v1,SI-Drahi_13-d2-HET-UHI-BHI-b5b4fe09a4,TK-PB-Drahi_13-d2-HET-UHI-e201b86fbb-r5,SS-59c6d7df9164,5,6,economic_tie_break,OPTIMAL,FEASIBLE_POINT,623610.3189832952,623610.3189832952,0,798,798,1232,2219,24,0,24,120,24,1,0,0,NaN,0,NaN,0.09750000000000014,1.0,
5,7,DETERMINISTIC_RH,LEXMMFPEA,shared_battery_mode_node_level_v1,SI-Drahi_13-d2-HET-UHI-BHI-b5b4fe09a4,TK-PB-Drahi_13-d2-HET-UHI-e201b86fbb-r5,SS-59c6d7df9164,5,1,lex_phase_1,OPTIMAL,FEASIBLE_POINT,194.60555259420113,194.60555259420113,0,798,798,1227,2189,24,0,24,120,24,1,0,0,NaN,0,NaN,1.9895196601282805e-13,1.0,
5,7,DETERMINISTIC_RH,LEXMMFPEA,shared_battery_mode_node_level_v1,SI-Drahi_13-d2-HET-UHI-BHI-b5b4fe09a4,TK-PB-Drahi_13-d2-HET-UHI-e201b86fbb-r5,SS-59c6d7df9164,5,2,lex_phase_2,OPTIMAL,FEASIBLE_POINT,389.21110518840237,389.21110518840237,0,798,798,1228,2195,24,0,24,120,24,1,0,0,NaN,0,NaN,1.9895196601282805e-13,1.0,
5,7,DETERMINISTIC_RH,LEXMMFPEA,shared_battery_mode_node_level_v1,SI-Drahi_13-d2-HET-UHI-BHI-b5b4fe09a4,TK-PB-Drahi_13-d2-HET-UHI-e201b86fbb-r5,SS-59c6d7df9164,5,3,lex_phase_3,OPTIMAL,FEASIBLE_POINT,583.8166577826036,583.8166577826036,0,798,798,1229,2201,24,0,24,120,24,1,0,0,NaN,0,NaN,1.9895196601282805e-13,1.0,
5,7,DETERMINISTIC_RH,LEXMMFPEA,shared_battery_mode_node_level_v1,SI-Drahi_13-d2-HET-UHI-BHI-b5b4fe09a4,TK-PB-Drahi_13-d2-HET-UHI-e201b86fbb-r5,SS-59c6d7df9164,5,4,lex_phase_4,OPTIMAL,FEASIBLE_POINT,778.4222103768047,778.4222103768047,0,798,798,1230,2207,24,0,24,120,24,1,0,0,NaN,0,NaN,1.9895196601282805e-13,1.0,
5,7,DETERMINISTIC_RH,LEXMMFPEA,shared_battery_mode_node_level_v1,SI-Drahi_13-d2-HET-UHI-BHI-b5b4fe09a4,TK-PB-Drahi_13-d2-HET-UHI-e201b86fbb-r5,SS-59c6d7df9164,5,5,lex_phase_5,OPTIMAL,FEASIBLE_POINT,973.0277629710057,973.0277629710057,0,798,798,1231,2213,24,0,24,120,24,1,0,0,NaN,0,NaN,1.9895196601282805e-13,1.0,
5,7,DETERMINISTIC_RH,LEXMMFPEA,shared_battery_mode_node_level_v1,SI-Drahi_13-d2-HET-UHI-BHI-b5b4fe09a4,TK-PB-Drahi_13-d2-HET-UHI-e201b86fbb-r5,SS-59c6d7df9164,5,6,economic_tie_break,OPTIMAL,FEASIBLE_POINT,623610.3189832952,623610.3189832952,0,798,798,1232,2219,24,0,24,120,24,1,0,0,NaN,0,NaN,1.9895196601282805e-13,1.0,
5,8,DETERMINISTIC_RH,LEXMMFPEA,shared_battery_mode_node_level_v1,SI-Drahi_13-d2-HET-UHI-BHI-b5b4fe09a4,TK-PB-Drahi_13-d2-HET-UHI-e201b86fbb-r5,SS-59c6d7df9164,5,1,lex_phase_1,OPTIMAL,FEASIBLE_POINT,194.60555259420113,194.60555259420113,0,798,798,1227,2189,24,0,24,120,24,1,0,0,NaN,0,NaN,3.836930773104541e-13,1.0,
5,8,DETERMINISTIC_RH,LEXMMFPEA,shared_battery_mode_node_level_v1,SI-Drahi_13-d2-HET-UHI-BHI-b5b4fe09a4,TK-PB-Drahi_13-d2-HET-UHI-e201b86fbb-r5,SS-59c6d7df9164,5,2,lex_phase_2,OPTIMAL,FEASIBLE_POINT,389.21110518840237,389.21110518840237,0,798,798,1228,2195,24,0,24,120,24,1,0,0,NaN,0,NaN,3.836930773104541e-13,1.0,
5,8,DETERMINISTIC_RH,LEXMMFPEA,shared_battery_mode_node_level_v1,SI-Drahi_13-d2-HET-UHI-BHI-b5b4fe09a4,TK-PB-Drahi_13-d2-HET-UHI-e201b86fbb-r5,SS-59c6d7df9164,5,3,lex_phase_3,OPTIMAL,FEASIBLE_POINT,583.8166577826036,583.8166577826036,0,798,798,1229,2201,24,0,24,120,24,1,0,0,NaN,0,NaN,3.836930773104541e-13,1.0,
5,8,DETERMINISTIC_RH,LEXMMFPEA,shared_battery_mode_node_level_v1,SI-Drahi_13-d2-HET-UHI-BHI-b5b4fe09a4,TK-PB-Drahi_13-d2-HET-UHI-e201b86fbb-r5,SS-59c6d7df9164,5,4,lex_phase_4,OPTIMAL,FEASIBLE_POINT,778.4222103768047,778.4222103768047,0,798,798,1230,2207,24,0,24,120,24,1,0,0,NaN,0,NaN,3.836930773104541e-13,1.0,
5,8,DETERMINISTIC_RH,LEXMMFPEA,shared_battery_mode_node_level_v1,SI-Drahi_13-d2-HET-UHI-BHI-b5b4fe09a4,TK-PB-Drahi_13-d2-HET-UHI-e201b86fbb-r5,SS-59c6d7df9164,5,5,lex_phase_5,OPTIMAL,FEASIBLE_POINT,973.0277629710057,973.0277629710057,0,798,798,1231,2213,24,0,24,120,24,1,0,0,NaN,0,NaN,3.836930773104541e-13,1.0,
5,8,DETERMINISTIC_RH,LEXMMFPEA,shared_battery_mode_node_level_v1,SI-Drahi_13-d2-HET-UHI-BHI-b5b4fe09a4,TK-PB-Drahi_13-d2-HET-UHI-e201b86fbb-r5,SS-59c6d7df9164,5,6,economic_tie_break,OPTIMAL,FEASIBLE_POINT,623610.3189832952,623610.3189832952,0,798,798,1232,2219,24,0,24,120,24,1,0,0,NaN,0,NaN,3.836930773104541e-13,1.0,
5,9,DETERMINISTIC_RH,LEXMMFPEA,shared_battery_mode_node_level_v1,SI-Drahi_13-d2-HET-UHI-BHI-b5b4fe09a4,TK-PB-Drahi_13-d2-HET-UHI-e201b86fbb-r5,SS-baeb7d556d60,9,1,lex_phase_1,OPTIMAL,FEASIBLE_POINT,514.1414402584778,514.1414402584778,0,798,798,1227,2189,24,0,24,120,24,1,0,0,NaN,0,NaN,10.62286465177468,1.0,
5,9,DETERMINISTIC_RH,LEXMMFPEA,shared_battery_mode_node_level_v1,SI-Drahi_13-d2-HET-UHI-BHI-b5b4fe09a4,TK-PB-Drahi_13-d2-HET-UHI-e201b86fbb-r5,SS-baeb7d556d60,9,2,lex_phase_2,OPTIMAL,FEASIBLE_POINT,1028.2828805169556,1028.2828805169556,0,798,798,1228,2195,24,0,24,120,24,1,0,0,NaN,0,NaN,10.62286465177468,1.0,
5,9,DETERMINISTIC_RH,LEXMMFPEA,shared_battery_mode_node_level_v1,SI-Drahi_13-d2-HET-UHI-BHI-b5b4fe09a4,TK-PB-Drahi_13-d2-HET-UHI-e201b86fbb-r5,SS-baeb7d556d60,9,3,lex_phase_3,OPTIMAL,FEASIBLE_POINT,1542.4243207754334,1542.4243207754334,0,798,798,1229,2201,24,0,24,120,24,1,0,0,NaN,0,NaN,10.62286465177468,1.0,
5,9,DETERMINISTIC_RH,LEXMMFPEA,shared_battery_mode_node_level_v1,SI-Drahi_13-d2-HET-UHI-BHI-b5b4fe09a4,TK-PB-Drahi_13-d2-HET-UHI-e201b86fbb-r5,SS-baeb7d556d60,9,4,lex_phase_4,OPTIMAL,FEASIBLE_POINT,2056.5657610339113,2056.5657610339113,0,798,798,1230,2207,24,0,24,120,24,1,0,0,NaN,0,NaN,10.62286465177468,1.0,
5,9,DETERMINISTIC_RH,LEXMMFPEA,shared_battery_mode_node_level_v1,SI-Drahi_13-d2-HET-UHI-BHI-b5b4fe09a4,TK-PB-Drahi_13-d2-HET-UHI-e201b86fbb-r5,SS-baeb7d556d60,9,5,lex_phase_5,OPTIMAL,FEASIBLE_POINT,2570.707201292389,2570.707201292389,0,798,798,1231,2213,24,0,24,120,24,1,0,0,NaN,0,NaN,10.62286465177468,1.0,
5,9,DETERMINISTIC_RH,LEXMMFPEA,shared_battery_mode_node_level_v1,SI-Drahi_13-d2-HET-UHI-BHI-b5b4fe09a4,TK-PB-Drahi_13-d2-HET-UHI-e201b86fbb-r5,SS-baeb7d556d60,9,6,economic_tie_break,OPTIMAL,FEASIBLE_POINT,566885.2925155103,566885.2925155103,0,798,798,1232,2219,24,0,24,120,24,1,0,0,NaN,0,NaN,10.62286465177468,1.0,
5,10,DETERMINISTIC_RH,LEXMMFPEA,shared_battery_mode_node_level_v1,SI-Drahi_13-d2-HET-UHI-BHI-b5b4fe09a4,TK-PB-Drahi_13-d2-HET-UHI-e201b86fbb-r5,SS-baeb7d556d60,9,1,lex_phase_1,OPTIMAL,FEASIBLE_POINT,514.1414402584778,514.1414402584778,0,798,798,1227,2189,24,0,24,120,24,1,0,0,NaN,0,NaN,15.999999999999375,1.0,
5,10,DETERMINISTIC_RH,LEXMMFPEA,shared_battery_mode_node_level_v1,SI-Drahi_13-d2-HET-UHI-BHI-b5b4fe09a4,TK-PB-Drahi_13-d2-HET-UHI-e201b86fbb-r5,SS-baeb7d556d60,9,2,lex_phase_2,OPTIMAL,FEASIBLE_POINT,1028.2828805169556,1028.2828805169556,0,798,798,1228,2195,24,0,24,120,24,1,0,0,NaN,0,NaN,15.999999999999375,1.0,
5,10,DETERMINISTIC_RH,LEXMMFPEA,shared_battery_mode_node_level_v1,SI-Drahi_13-d2-HET-UHI-BHI-b5b4fe09a4,TK-PB-Drahi_13-d2-HET-UHI-e201b86fbb-r5,SS-baeb7d556d60,9,3,lex_phase_3,OPTIMAL,FEASIBLE_POINT,1542.4243207754334,1542.4243207754334,0,798,798,1229,2201,24,0,24,120,24,1,0,0,NaN,0,NaN,15.999999999999375,1.0,
5,10,DETERMINISTIC_RH,LEXMMFPEA,shared_battery_mode_node_level_v1,SI-Drahi_13-d2-HET-UHI-BHI-b5b4fe09a4,TK-PB-Drahi_13-d2-HET-UHI-e201b86fbb-r5,SS-baeb7d556d60,9,4,lex_phase_4,OPTIMAL,FEASIBLE_POINT,2056.5657610339113,2056.5657610339113,0,798,798,1230,2207,24,0,24,120,24,1,0,0,NaN,0,NaN,15.999999999999375,1.0,
5,10,DETERMINISTIC_RH,LEXMMFPEA,shared_battery_mode_node_level_v1,SI-Drahi_13-d2-HET-UHI-BHI-b5b4fe09a4,TK-PB-Drahi_13-d2-HET-UHI-e201b86fbb-r5,SS-baeb7d556d60,9,5,lex_phase_5,OPTIMAL,FEASIBLE_POINT,2570.707201292389,2570.707201292389,0,798,798,1231,2213,24,0,24,120,24,1,0,0,NaN,0,NaN,15.999999999999375,1.0,
5,10,DETERMINISTIC_RH,LEXMMFPEA,shared_battery_mode_node_level_v1,SI-Drahi_13-d2-HET-UHI-BHI-b5b4fe09a4,TK-PB-Drahi_13-d2-HET-UHI-e201b86fbb-r5,SS-baeb7d556d60,9,6,economic_tie_break,OPTIMAL,FEASIBLE_POINT,566885.2925155103,566885.2925155103,0,798,798,1232,2219,24,0,24,120,24,1,0,0,NaN,0,NaN,15.999999999999375,1.0,
5,11,DETERMINISTIC_RH,LEXMMFPEA,shared_battery_mode_node_level_v1,SI-Drahi_13-d2-HET-UHI-BHI-b5b4fe09a4,TK-PB-Drahi_13-d2-HET-UHI-e201b86fbb-r5,SS-baeb7d556d60,9,1,lex_phase_1,OPTIMAL,FEASIBLE_POINT,514.1414402584778,514.1414402584778,0,798,798,1227,2189,24,0,24,120,24,1,0,0,NaN,0,NaN,6.536993168992922e-13,1.0,
5,11,DETERMINISTIC_RH,LEXMMFPEA,shared_battery_mode_node_level_v1,SI-Drahi_13-d2-HET-UHI-BHI-b5b4fe09a4,TK-PB-Drahi_13-d2-HET-UHI-e201b86fbb-r5,SS-baeb7d556d60,9,2,lex_phase_2,OPTIMAL,FEASIBLE_POINT,1028.2828805169556,1028.2828805169556,0,798,798,1228,2195,24,0,24,120,24,1,0,0,NaN,0,NaN,6.536993168992922e-13,1.0,
5,11,DETERMINISTIC_RH,LEXMMFPEA,shared_battery_mode_node_level_v1,SI-Drahi_13-d2-HET-UHI-BHI-b5b4fe09a4,TK-PB-Drahi_13-d2-HET-UHI-e201b86fbb-r5,SS-baeb7d556d60,9,3,lex_phase_3,OPTIMAL,FEASIBLE_POINT,1542.4243207754334,1542.4243207754334,0,798,798,1229,2201,24,0,24,120,24,1,0,0,NaN,0,NaN,6.536993168992922e-13,1.0,
5,11,DETERMINISTIC_RH,LEXMMFPEA,shared_battery_mode_node_level_v1,SI-Drahi_13-d2-HET-UHI-BHI-b5b4fe09a4,TK-PB-Drahi_13-d2-HET-UHI-e201b86fbb-r5,SS-baeb7d556d60,9,4,lex_phase_4,OPTIMAL,FEASIBLE_POINT,2056.5657610339113,2056.5657610339113,0,798,798,1230,2207,24,0,24,120,24,1,0,0,NaN,0,NaN,6.536993168992922e-13,1.0,
5,11,DETERMINISTIC_RH,LEXMMFPEA,shared_battery_mode_node_level_v1,SI-Drahi_13-d2-HET-UHI-BHI-b5b4fe09a4,TK-PB-Drahi_13-d2-HET-UHI-e201b86fbb-r5,SS-baeb7d556d60,9,5,lex_phase_5,OPTIMAL,FEASIBLE_POINT,2570.707201292389,2570.707201292389,0,798,798,1231,2213,24,0,24,120,24,1,0,0,NaN,0,NaN,6.536993168992922e-13,1.0,
5,11,DETERMINISTIC_RH,LEXMMFPEA,shared_battery_mode_node_level_v1,SI-Drahi_13-d2-HET-UHI-BHI-b5b4fe09a4,TK-PB-Drahi_13-d2-HET-UHI-e201b86fbb-r5,SS-baeb7d556d60,9,6,economic_tie_break,OPTIMAL,FEASIBLE_POINT,566885.2925155103,566885.2925155103,0,798,798,1232,2219,24,0,24,120,24,1,0,0,NaN,0,NaN,6.536993168992922e-13,1.0,
5,12,DETERMINISTIC_RH,LEXMMFPEA,shared_battery_mode_node_level_v1,SI-Drahi_13-d2-HET-UHI-BHI-b5b4fe09a4,TK-PB-Drahi_13-d2-HET-UHI-e201b86fbb-r5,SS-baeb7d556d60,9,1,lex_phase_1,OPTIMAL,FEASIBLE_POINT,514.1414402584778,514.1414402584778,0,798,798,1227,2189,24,0,24,120,24,1,0,0,NaN,0,NaN,8.526512829121202e-13,1.0,
5,12,DETERMINISTIC_RH,LEXMMFPEA,shared_battery_mode_node_level_v1,SI-Drahi_13-d2-HET-UHI-BHI-b5b4fe09a4,TK-PB-Drahi_13-d2-HET-UHI-e201b86fbb-r5,SS-baeb7d556d60,9,2,lex_phase_2,OPTIMAL,FEASIBLE_POINT,1028.2828805169556,1028.2828805169556,0,798,798,1228,2195,24,0,24,120,24,1,0,0,NaN,0,NaN,8.526512829121202e-13,1.0,
5,12,DETERMINISTIC_RH,LEXMMFPEA,shared_battery_mode_node_level_v1,SI-Drahi_13-d2-HET-UHI-BHI-b5b4fe09a4,TK-PB-Drahi_13-d2-HET-UHI-e201b86fbb-r5,SS-baeb7d556d60,9,3,lex_phase_3,OPTIMAL,FEASIBLE_POINT,1542.4243207754334,1542.4243207754334,0,798,798,1229,2201,24,0,24,120,24,1,0,0,NaN,0,NaN,8.526512829121202e-13,1.0,
5,12,DETERMINISTIC_RH,LEXMMFPEA,shared_battery_mode_node_level_v1,SI-Drahi_13-d2-HET-UHI-BHI-b5b4fe09a4,TK-PB-Drahi_13-d2-HET-UHI-e201b86fbb-r5,SS-baeb7d556d60,9,4,lex_phase_4,OPTIMAL,FEASIBLE_POINT,2056.5657610339113,2056.5657610339113,0,798,798,1230,2207,24,0,24,120,24,1,0,0,NaN,0,NaN,8.526512829121202e-13,1.0,
5,12,DETERMINISTIC_RH,LEXMMFPEA,shared_battery_mode_node_level_v1,SI-Drahi_13-d2-HET-UHI-BHI-b5b4fe09a4,TK-PB-Drahi_13-d2-HET-UHI-e201b86fbb-r5,SS-baeb7d556d60,9,5,lex_phase_5,OPTIMAL,FEASIBLE_POINT,2570.707201292389,2570.707201292389,0,798,798,1231,2213,24,0,24,120,24,1,0,0,NaN,0,NaN,8.526512829121202e-13,1.0,
5,12,DETERMINISTIC_RH,LEXMMFPEA,shared_battery_mode_node_level_v1,SI-Drahi_13-d2-HET-UHI-BHI-b5b4fe09a4,TK-PB-Drahi_13-d2-HET-UHI-e201b86fbb-r5,SS-baeb7d556d60,9,6,economic_tie_break,OPTIMAL,FEASIBLE_POINT,566885.2925155103,566885.2925155103,0,798,798,1232,2219,24,0,24,120,24,1,0,0,NaN,0,NaN,8.526512829121202e-13,1.0,
5,13,DETERMINISTIC_RH,LEXMMFPEA,shared_battery_mode_node_level_v1,SI-Drahi_13-d2-HET-UHI-BHI-b5b4fe09a4,TK-PB-Drahi_13-d2-HET-UHI-e201b86fbb-r5,SS-784512b1c103,13,1,lex_phase_1,OPTIMAL,FEASIBLE_POINT,676.6803033453543,676.6803033453543,0,798,798,1227,2189,24,0,24,120,24,1,0,0,NaN,0,NaN,0.0,1.0000000000002274,
5,13,DETERMINISTIC_RH,LEXMMFPEA,shared_battery_mode_node_level_v1,SI-Drahi_13-d2-HET-UHI-BHI-b5b4fe09a4,TK-PB-Drahi_13-d2-HET-UHI-e201b86fbb-r5,SS-784512b1c103,13,2,lex_phase_2,OPTIMAL,FEASIBLE_POINT,1353.3606066907087,1353.3606066907087,0,798,798,1228,2195,24,0,24,120,24,1,0,0,NaN,0,NaN,0.0,1.0000000000002274,
5,13,DETERMINISTIC_RH,LEXMMFPEA,shared_battery_mode_node_level_v1,SI-Drahi_13-d2-HET-UHI-BHI-b5b4fe09a4,TK-PB-Drahi_13-d2-HET-UHI-e201b86fbb-r5,SS-784512b1c103,13,3,lex_phase_3,OPTIMAL,FEASIBLE_POINT,2030.040910036063,2030.040910036063,0,798,798,1229,2201,24,0,24,120,24,1,0,0,NaN,0,NaN,0.0,1.0000000000002274,
5,13,DETERMINISTIC_RH,LEXMMFPEA,shared_battery_mode_node_level_v1,SI-Drahi_13-d2-HET-UHI-BHI-b5b4fe09a4,TK-PB-Drahi_13-d2-HET-UHI-e201b86fbb-r5,SS-784512b1c103,13,4,lex_phase_4,OPTIMAL,FEASIBLE_POINT,2706.7212133814173,2706.7212133814173,0,798,798,1230,2207,24,0,24,120,24,1,0,0,NaN,0,NaN,0.0,1.0000000000002274,
5,13,DETERMINISTIC_RH,LEXMMFPEA,shared_battery_mode_node_level_v1,SI-Drahi_13-d2-HET-UHI-BHI-b5b4fe09a4,TK-PB-Drahi_13-d2-HET-UHI-e201b86fbb-r5,SS-784512b1c103,13,5,lex_phase_5,OPTIMAL,FEASIBLE_POINT,3383.401516726772,3383.401516726772,0,798,798,1231,2213,24,0,24,120,24,1,0,0,NaN,0,NaN,0.0,1.0000000000002274,
5,13,DETERMINISTIC_RH,LEXMMFPEA,shared_battery_mode_node_level_v1,SI-Drahi_13-d2-HET-UHI-BHI-b5b4fe09a4,TK-PB-Drahi_13-d2-HET-UHI-e201b86fbb-r5,SS-784512b1c103,13,6,economic_tie_break,OPTIMAL,FEASIBLE_POINT,610931.4682329578,610931.4682329578,0,798,798,1232,2219,24,0,24,120,24,1,0,0,NaN,0,NaN,0.0,1.0000000000002274,
5,14,DETERMINISTIC_RH,LEXMMFPEA,shared_battery_mode_node_level_v1,SI-Drahi_13-d2-HET-UHI-BHI-b5b4fe09a4,TK-PB-Drahi_13-d2-HET-UHI-e201b86fbb-r5,SS-784512b1c103,13,1,lex_phase_1,OPTIMAL,FEASIBLE_POINT,676.6803033453543,676.6803033453543,0,798,798,1227,2189,24,0,24,120,24,1,0,0,NaN,0,NaN,15.999999999999687,1.0000000000002274,
5,14,DETERMINISTIC_RH,LEXMMFPEA,shared_battery_mode_node_level_v1,SI-Drahi_13-d2-HET-UHI-BHI-b5b4fe09a4,TK-PB-Drahi_13-d2-HET-UHI-e201b86fbb-r5,SS-784512b1c103,13,2,lex_phase_2,OPTIMAL,FEASIBLE_POINT,1353.3606066907087,1353.3606066907087,0,798,798,1228,2195,24,0,24,120,24,1,0,0,NaN,0,NaN,15.999999999999687,1.0000000000002274,
5,14,DETERMINISTIC_RH,LEXMMFPEA,shared_battery_mode_node_level_v1,SI-Drahi_13-d2-HET-UHI-BHI-b5b4fe09a4,TK-PB-Drahi_13-d2-HET-UHI-e201b86fbb-r5,SS-784512b1c103,13,3,lex_phase_3,OPTIMAL,FEASIBLE_POINT,2030.040910036063,2030.040910036063,0,798,798,1229,2201,24,0,24,120,24,1,0,0,NaN,0,NaN,15.999999999999687,1.0000000000002274,
5,14,DETERMINISTIC_RH,LEXMMFPEA,shared_battery_mode_node_level_v1,SI-Drahi_13-d2-HET-UHI-BHI-b5b4fe09a4,TK-PB-Drahi_13-d2-HET-UHI-e201b86fbb-r5,SS-784512b1c103,13,4,lex_phase_4,OPTIMAL,FEASIBLE_POINT,2706.7212133814173,2706.7212133814173,0,798,798,1230,2207,24,0,24,120,24,1,0,0,NaN,0,NaN,15.999999999999687,1.0000000000002274,
5,14,DETERMINISTIC_RH,LEXMMFPEA,shared_battery_mode_node_level_v1,SI-Drahi_13-d2-HET-UHI-BHI-b5b4fe09a4,TK-PB-Drahi_13-d2-HET-UHI-e201b86fbb-r5,SS-784512b1c103,13,5,lex_phase_5,OPTIMAL,FEASIBLE_POINT,3383.401516726772,3383.401516726772,0,798,798,1231,2213,24,0,24,120,24,1,0,0,NaN,0,NaN,15.999999999999687,1.0000000000002274,
5,14,DETERMINISTIC_RH,LEXMMFPEA,shared_battery_mode_node_level_v1,SI-Drahi_13-d2-HET-UHI-BHI-b5b4fe09a4,TK-PB-Drahi_13-d2-HET-UHI-e201b86fbb-r5,SS-784512b1c103,13,6,economic_tie_break,OPTIMAL,FEASIBLE_POINT,610931.4682329578,610931.4682329578,0,798,798,1232,2219,24,0,24,120,24,1,0,0,NaN,0,NaN,15.999999999999687,1.0000000000002274,
5,15,DETERMINISTIC_RH,LEXMMFPEA,shared_battery_mode_node_level_v1,SI-Drahi_13-d2-HET-UHI-BHI-b5b4fe09a4,TK-PB-Drahi_13-d2-HET-UHI-e201b86fbb-r5,SS-784512b1c103,13,1,lex_phase_1,OPTIMAL,FEASIBLE_POINT,676.6803033453543,676.6803033453543,0,798,798,1227,2189,24,0,24,120,24,1,0,0,NaN,0,NaN,15.999999999999787,1.0000000000002274,
5,15,DETERMINISTIC_RH,LEXMMFPEA,shared_battery_mode_node_level_v1,SI-Drahi_13-d2-HET-UHI-BHI-b5b4fe09a4,TK-PB-Drahi_13-d2-HET-UHI-e201b86fbb-r5,SS-784512b1c103,13,2,lex_phase_2,OPTIMAL,FEASIBLE_POINT,1353.3606066907087,1353.3606066907087,0,798,798,1228,2195,24,0,24,120,24,1,0,0,NaN,0,NaN,15.999999999999787,1.0000000000002274,
5,15,DETERMINISTIC_RH,LEXMMFPEA,shared_battery_mode_node_level_v1,SI-Drahi_13-d2-HET-UHI-BHI-b5b4fe09a4,TK-PB-Drahi_13-d2-HET-UHI-e201b86fbb-r5,SS-784512b1c103,13,3,lex_phase_3,OPTIMAL,FEASIBLE_POINT,2030.040910036063,2030.040910036063,0,798,798,1229,2201,24,0,24,120,24,1,0,0,NaN,0,NaN,15.999999999999787,1.0000000000002274,
5,15,DETERMINISTIC_RH,LEXMMFPEA,shared_battery_mode_node_level_v1,SI-Drahi_13-d2-HET-UHI-BHI-b5b4fe09a4,TK-PB-Drahi_13-d2-HET-UHI-e201b86fbb-r5,SS-784512b1c103,13,4,lex_phase_4,OPTIMAL,FEASIBLE_POINT,2706.7212133814173,2706.7212133814173,0,798,798,1230,2207,24,0,24,120,24,1,0,0,NaN,0,NaN,15.999999999999787,1.0000000000002274,
5,15,DETERMINISTIC_RH,LEXMMFPEA,shared_battery_mode_node_level_v1,SI-Drahi_13-d2-HET-UHI-BHI-b5b4fe09a4,TK-PB-Drahi_13-d2-HET-UHI-e201b86fbb-r5,SS-784512b1c103,13,5,lex_phase_5,OPTIMAL,FEASIBLE_POINT,3383.401516726772,3383.401516726772,0,798,798,1231,2213,24,0,24,120,24,1,0,0,NaN,0,NaN,15.999999999999787,1.0000000000002274,
5,15,DETERMINISTIC_RH,LEXMMFPEA,shared_battery_mode_node_level_v1,SI-Drahi_13-d2-HET-UHI-BHI-b5b4fe09a4,TK-PB-Drahi_13-d2-HET-UHI-e201b86fbb-r5,SS-784512b1c103,13,6,economic_tie_break,OPTIMAL,FEASIBLE_POINT,610931.4682329578,610931.4682329578,0,798,798,1232,2219,24,0,24,120,24,1,0,0,NaN,0,NaN,15.999999999999787,1.0000000000002274,
5,16,DETERMINISTIC_RH,LEXMMFPEA,shared_battery_mode_node_level_v1,SI-Drahi_13-d2-HET-UHI-BHI-b5b4fe09a4,TK-PB-Drahi_13-d2-HET-UHI-e201b86fbb-r5,SS-784512b1c103,13,1,lex_phase_1,OPTIMAL,FEASIBLE_POINT,676.6803033453543,676.6803033453543,0,798,798,1227,2189,24,0,24,120,24,1,0,0,NaN,0,NaN,3.126388037344441e-13,1.0000000000002274,
5,16,DETERMINISTIC_RH,LEXMMFPEA,shared_battery_mode_node_level_v1,SI-Drahi_13-d2-HET-UHI-BHI-b5b4fe09a4,TK-PB-Drahi_13-d2-HET-UHI-e201b86fbb-r5,SS-784512b1c103,13,2,lex_phase_2,OPTIMAL,FEASIBLE_POINT,1353.3606066907087,1353.3606066907087,0,798,798,1228,2195,24,0,24,120,24,1,0,0,NaN,0,NaN,3.126388037344441e-13,1.0000000000002274,
5,16,DETERMINISTIC_RH,LEXMMFPEA,shared_battery_mode_node_level_v1,SI-Drahi_13-d2-HET-UHI-BHI-b5b4fe09a4,TK-PB-Drahi_13-d2-HET-UHI-e201b86fbb-r5,SS-784512b1c103,13,3,lex_phase_3,OPTIMAL,FEASIBLE_POINT,2030.040910036063,2030.040910036063,0,798,798,1229,2201,24,0,24,120,24,1,0,0,NaN,0,NaN,3.126388037344441e-13,1.0000000000002274,
5,16,DETERMINISTIC_RH,LEXMMFPEA,shared_battery_mode_node_level_v1,SI-Drahi_13-d2-HET-UHI-BHI-b5b4fe09a4,TK-PB-Drahi_13-d2-HET-UHI-e201b86fbb-r5,SS-784512b1c103,13,4,lex_phase_4,OPTIMAL,FEASIBLE_POINT,2706.7212133814173,2706.7212133814173,0,798,798,1230,2207,24,0,24,120,24,1,0,0,NaN,0,NaN,3.126388037344441e-13,1.0000000000002274,
5,16,DETERMINISTIC_RH,LEXMMFPEA,shared_battery_mode_node_level_v1,SI-Drahi_13-d2-HET-UHI-BHI-b5b4fe09a4,TK-PB-Drahi_13-d2-HET-UHI-e201b86fbb-r5,SS-784512b1c103,13,5,lex_phase_5,OPTIMAL,FEASIBLE_POINT,3383.401516726772,3383.401516726772,0,798,798,1231,2213,24,0,24,120,24,1,0,0,NaN,0,NaN,3.126388037344441e-13,1.0000000000002274,
5,16,DETERMINISTIC_RH,LEXMMFPEA,shared_battery_mode_node_level_v1,SI-Drahi_13-d2-HET-UHI-BHI-b5b4fe09a4,TK-PB-Drahi_13-d2-HET-UHI-e201b86fbb-r5,SS-784512b1c103,13,6,economic_tie_break,OPTIMAL,FEASIBLE_POINT,610931.4682329578,610931.4682329578,0,798,798,1232,2219,24,0,24,120,24,1,0,0,NaN,0,NaN,3.126388037344441e-13,1.0000000000002274,
5,17,DETERMINISTIC_RH,LEXMMFPEA,shared_battery_mode_node_level_v1,SI-Drahi_13-d2-HET-UHI-BHI-b5b4fe09a4,TK-PB-Drahi_13-d2-HET-UHI-e201b86fbb-r5,SS-ced84ca7a4eb,17,1,lex_phase_1,OPTIMAL,FEASIBLE_POINT,853.1242074416707,853.1242074416707,0,798,798,1227,2189,24,0,24,120,24,1,0,0,NaN,0,NaN,5.684341886080802e-14,1.0,
5,17,DETERMINISTIC_RH,LEXMMFPEA,shared_battery_mode_node_level_v1,SI-Drahi_13-d2-HET-UHI-BHI-b5b4fe09a4,TK-PB-Drahi_13-d2-HET-UHI-e201b86fbb-r5,SS-ced84ca7a4eb,17,2,lex_phase_2,OPTIMAL,FEASIBLE_POINT,1706.2484148833414,1706.2484148833414,0,798,798,1228,2195,24,0,24,120,24,1,0,0,NaN,0,NaN,5.684341886080802e-14,1.0,
5,17,DETERMINISTIC_RH,LEXMMFPEA,shared_battery_mode_node_level_v1,SI-Drahi_13-d2-HET-UHI-BHI-b5b4fe09a4,TK-PB-Drahi_13-d2-HET-UHI-e201b86fbb-r5,SS-ced84ca7a4eb,17,3,lex_phase_3,OPTIMAL,FEASIBLE_POINT,2559.3726223250123,2559.3726223250123,0,798,798,1229,2201,24,0,24,120,24,1,0,0,NaN,0,NaN,5.684341886080802e-14,1.0,
5,17,DETERMINISTIC_RH,LEXMMFPEA,shared_battery_mode_node_level_v1,SI-Drahi_13-d2-HET-UHI-BHI-b5b4fe09a4,TK-PB-Drahi_13-d2-HET-UHI-e201b86fbb-r5,SS-ced84ca7a4eb,17,4,lex_phase_4,OPTIMAL,FEASIBLE_POINT,3412.496829766683,3412.496829766683,0,798,798,1230,2207,24,0,24,120,24,1,0,0,NaN,0,NaN,5.684341886080802e-14,1.0,
5,17,DETERMINISTIC_RH,LEXMMFPEA,shared_battery_mode_node_level_v1,SI-Drahi_13-d2-HET-UHI-BHI-b5b4fe09a4,TK-PB-Drahi_13-d2-HET-UHI-e201b86fbb-r5,SS-ced84ca7a4eb,17,5,lex_phase_5,OPTIMAL,FEASIBLE_POINT,4265.621037208353,4265.621037208353,0,798,798,1231,2213,24,0,24,120,24,1,0,0,NaN,0,NaN,5.684341886080802e-14,1.0,
5,17,DETERMINISTIC_RH,LEXMMFPEA,shared_battery_mode_node_level_v1,SI-Drahi_13-d2-HET-UHI-BHI-b5b4fe09a4,TK-PB-Drahi_13-d2-HET-UHI-e201b86fbb-r5,SS-ced84ca7a4eb,17,6,economic_tie_break,OPTIMAL,FEASIBLE_POINT,612393.9291565991,612393.9291565991,0,798,798,1232,2219,24,0,24,120,24,1,0,0,NaN,0,NaN,5.684341886080802e-14,1.0,
5,18,DETERMINISTIC_RH,LEXMMFPEA,shared_battery_mode_node_level_v1,SI-Drahi_13-d2-HET-UHI-BHI-b5b4fe09a4,TK-PB-Drahi_13-d2-HET-UHI-e201b86fbb-r5,SS-ced84ca7a4eb,17,1,lex_phase_1,OPTIMAL,FEASIBLE_POINT,853.1242074416707,853.1242074416707,0,798,798,1227,2189,24,0,24,120,24,1,0,0,NaN,0,NaN,4.689582056016661e-13,1.0,
5,18,DETERMINISTIC_RH,LEXMMFPEA,shared_battery_mode_node_level_v1,SI-Drahi_13-d2-HET-UHI-BHI-b5b4fe09a4,TK-PB-Drahi_13-d2-HET-UHI-e201b86fbb-r5,SS-ced84ca7a4eb,17,2,lex_phase_2,OPTIMAL,FEASIBLE_POINT,1706.2484148833414,1706.2484148833414,0,798,798,1228,2195,24,0,24,120,24,1,0,0,NaN,0,NaN,4.689582056016661e-13,1.0,
5,18,DETERMINISTIC_RH,LEXMMFPEA,shared_battery_mode_node_level_v1,SI-Drahi_13-d2-HET-UHI-BHI-b5b4fe09a4,TK-PB-Drahi_13-d2-HET-UHI-e201b86fbb-r5,SS-ced84ca7a4eb,17,3,lex_phase_3,OPTIMAL,FEASIBLE_POINT,2559.3726223250123,2559.3726223250123,0,798,798,1229,2201,24,0,24,120,24,1,0,0,NaN,0,NaN,4.689582056016661e-13,1.0,
5,18,DETERMINISTIC_RH,LEXMMFPEA,shared_battery_mode_node_level_v1,SI-Drahi_13-d2-HET-UHI-BHI-b5b4fe09a4,TK-PB-Drahi_13-d2-HET-UHI-e201b86fbb-r5,SS-ced84ca7a4eb,17,4,lex_phase_4,OPTIMAL,FEASIBLE_POINT,3412.496829766683,3412.496829766683,0,798,798,1230,2207,24,0,24,120,24,1,0,0,NaN,0,NaN,4.689582056016661e-13,1.0,
5,18,DETERMINISTIC_RH,LEXMMFPEA,shared_battery_mode_node_level_v1,SI-Drahi_13-d2-HET-UHI-BHI-b5b4fe09a4,TK-PB-Drahi_13-d2-HET-UHI-e201b86fbb-r5,SS-ced84ca7a4eb,17,5,lex_phase_5,OPTIMAL,FEASIBLE_POINT,4265.621037208353,4265.621037208353,0,798,798,1231,2213,24,0,24,120,24,1,0,0,NaN,0,NaN,4.689582056016661e-13,1.0,
5,18,DETERMINISTIC_RH,LEXMMFPEA,shared_battery_mode_node_level_v1,SI-Drahi_13-d2-HET-UHI-BHI-b5b4fe09a4,TK-PB-Drahi_13-d2-HET-UHI-e201b86fbb-r5,SS-ced84ca7a4eb,17,6,economic_tie_break,OPTIMAL,FEASIBLE_POINT,612393.9291565991,612393.9291565991,0,798,798,1232,2219,24,0,24,120,24,1,0,0,NaN,0,NaN,4.689582056016661e-13,1.0,
5,19,DETERMINISTIC_RH,LEXMMFPEA,shared_battery_mode_node_level_v1,SI-Drahi_13-d2-HET-UHI-BHI-b5b4fe09a4,TK-PB-Drahi_13-d2-HET-UHI-e201b86fbb-r5,SS-ced84ca7a4eb,17,1,lex_phase_1,OPTIMAL,FEASIBLE_POINT,853.1242074416707,853.1242074416707,0,798,798,1227,2189,24,0,24,120,24,1,0,0,NaN,0,NaN,4.831690603168681e-13,1.0,
5,19,DETERMINISTIC_RH,LEXMMFPEA,shared_battery_mode_node_level_v1,SI-Drahi_13-d2-HET-UHI-BHI-b5b4fe09a4,TK-PB-Drahi_13-d2-HET-UHI-e201b86fbb-r5,SS-ced84ca7a4eb,17,2,lex_phase_2,OPTIMAL,FEASIBLE_POINT,1706.2484148833414,1706.2484148833414,0,798,798,1228,2195,24,0,24,120,24,1,0,0,NaN,0,NaN,4.831690603168681e-13,1.0,
5,19,DETERMINISTIC_RH,LEXMMFPEA,shared_battery_mode_node_level_v1,SI-Drahi_13-d2-HET-UHI-BHI-b5b4fe09a4,TK-PB-Drahi_13-d2-HET-UHI-e201b86fbb-r5,SS-ced84ca7a4eb,17,3,lex_phase_3,OPTIMAL,FEASIBLE_POINT,2559.3726223250123,2559.3726223250123,0,798,798,1229,2201,24,0,24,120,24,1,0,0,NaN,0,NaN,4.831690603168681e-13,1.0,
5,19,DETERMINISTIC_RH,LEXMMFPEA,shared_battery_mode_node_level_v1,SI-Drahi_13-d2-HET-UHI-BHI-b5b4fe09a4,TK-PB-Drahi_13-d2-HET-UHI-e201b86fbb-r5,SS-ced84ca7a4eb,17,4,lex_phase_4,OPTIMAL,FEASIBLE_POINT,3412.496829766683,3412.496829766683,0,798,798,1230,2207,24,0,24,120,24,1,0,0,NaN,0,NaN,4.831690603168681e-13,1.0,
5,19,DETERMINISTIC_RH,LEXMMFPEA,shared_battery_mode_node_level_v1,SI-Drahi_13-d2-HET-UHI-BHI-b5b4fe09a4,TK-PB-Drahi_13-d2-HET-UHI-e201b86fbb-r5,SS-ced84ca7a4eb,17,5,lex_phase_5,OPTIMAL,FEASIBLE_POINT,4265.621037208353,4265.621037208353,0,798,798,1231,2213,24,0,24,120,24,1,0,0,NaN,0,NaN,4.831690603168681e-13,1.0,
5,19,DETERMINISTIC_RH,LEXMMFPEA,shared_battery_mode_node_level_v1,SI-Drahi_13-d2-HET-UHI-BHI-b5b4fe09a4,TK-PB-Drahi_13-d2-HET-UHI-e201b86fbb-r5,SS-ced84ca7a4eb,17,6,economic_tie_break,OPTIMAL,FEASIBLE_POINT,612393.9291565991,612393.9291565991,0,798,798,1232,2219,24,0,24,120,24,1,0,0,NaN,0,NaN,4.831690603168681e-13,1.0,
5,20,DETERMINISTIC_RH,LEXMMFPEA,shared_battery_mode_node_level_v1,SI-Drahi_13-d2-HET-UHI-BHI-b5b4fe09a4,TK-PB-Drahi_13-d2-HET-UHI-e201b86fbb-r5,SS-ced84ca7a4eb,17,1,lex_phase_1,OPTIMAL,FEASIBLE_POINT,853.1242074416707,853.1242074416707,0,798,798,1227,2189,24,0,24,120,24,1,0,0,NaN,0,NaN,3.694822225952521e-13,1.0,
5,20,DETERMINISTIC_RH,LEXMMFPEA,shared_battery_mode_node_level_v1,SI-Drahi_13-d2-HET-UHI-BHI-b5b4fe09a4,TK-PB-Drahi_13-d2-HET-UHI-e201b86fbb-r5,SS-ced84ca7a4eb,17,2,lex_phase_2,OPTIMAL,FEASIBLE_POINT,1706.2484148833414,1706.2484148833414,0,798,798,1228,2195,24,0,24,120,24,1,0,0,NaN,0,NaN,3.694822225952521e-13,1.0,
5,20,DETERMINISTIC_RH,LEXMMFPEA,shared_battery_mode_node_level_v1,SI-Drahi_13-d2-HET-UHI-BHI-b5b4fe09a4,TK-PB-Drahi_13-d2-HET-UHI-e201b86fbb-r5,SS-ced84ca7a4eb,17,3,lex_phase_3,OPTIMAL,FEASIBLE_POINT,2559.3726223250123,2559.3726223250123,0,798,798,1229,2201,24,0,24,120,24,1,0,0,NaN,0,NaN,3.694822225952521e-13,1.0,
5,20,DETERMINISTIC_RH,LEXMMFPEA,shared_battery_mode_node_level_v1,SI-Drahi_13-d2-HET-UHI-BHI-b5b4fe09a4,TK-PB-Drahi_13-d2-HET-UHI-e201b86fbb-r5,SS-ced84ca7a4eb,17,4,lex_phase_4,OPTIMAL,FEASIBLE_POINT,3412.496829766683,3412.496829766683,0,798,798,1230,2207,24,0,24,120,24,1,0,0,NaN,0,NaN,3.694822225952521e-13,1.0,
5,20,DETERMINISTIC_RH,LEXMMFPEA,shared_battery_mode_node_level_v1,SI-Drahi_13-d2-HET-UHI-BHI-b5b4fe09a4,TK-PB-Drahi_13-d2-HET-UHI-e201b86fbb-r5,SS-ced84ca7a4eb,17,5,lex_phase_5,OPTIMAL,FEASIBLE_POINT,4265.621037208353,4265.621037208353,0,798,798,1231,2213,24,0,24,120,24,1,0,0,NaN,0,NaN,3.694822225952521e-13,1.0,
5,20,DETERMINISTIC_RH,LEXMMFPEA,shared_battery_mode_node_level_v1,SI-Drahi_13-d2-HET-UHI-BHI-b5b4fe09a4,TK-PB-Drahi_13-d2-HET-UHI-e201b86fbb-r5,SS-ced84ca7a4eb,17,6,economic_tie_break,OPTIMAL,FEASIBLE_POINT,612393.9291565991,612393.9291565991,0,798,798,1232,2219,24,0,24,120,24,1,0,0,NaN,0,NaN,3.694822225952521e-13,1.0,
5,21,DETERMINISTIC_RH,LEXMMFPEA,shared_battery_mode_node_level_v1,SI-Drahi_13-d2-HET-UHI-BHI-b5b4fe09a4,TK-PB-Drahi_13-d2-HET-UHI-e201b86fbb-r5,SS-fec72d83146f,21,1,lex_phase_1,OPTIMAL,FEASIBLE_POINT,832.6022783473582,832.6022783473582,0,798,798,1227,2189,24,0,24,120,24,1,0,0,NaN,0,NaN,0.0,1.0,
5,21,DETERMINISTIC_RH,LEXMMFPEA,shared_battery_mode_node_level_v1,SI-Drahi_13-d2-HET-UHI-BHI-b5b4fe09a4,TK-PB-Drahi_13-d2-HET-UHI-e201b86fbb-r5,SS-fec72d83146f,21,2,lex_phase_2,OPTIMAL,FEASIBLE_POINT,1665.2045566947165,1665.2045566947165,0,798,798,1228,2195,24,0,24,120,24,1,0,0,NaN,0,NaN,0.0,1.0,
5,21,DETERMINISTIC_RH,LEXMMFPEA,shared_battery_mode_node_level_v1,SI-Drahi_13-d2-HET-UHI-BHI-b5b4fe09a4,TK-PB-Drahi_13-d2-HET-UHI-e201b86fbb-r5,SS-fec72d83146f,21,3,lex_phase_3,OPTIMAL,FEASIBLE_POINT,2497.806835042075,2497.806835042075,0,798,798,1229,2201,24,0,24,120,24,1,0,0,NaN,0,NaN,0.0,1.0,
5,21,DETERMINISTIC_RH,LEXMMFPEA,shared_battery_mode_node_level_v1,SI-Drahi_13-d2-HET-UHI-BHI-b5b4fe09a4,TK-PB-Drahi_13-d2-HET-UHI-e201b86fbb-r5,SS-fec72d83146f,21,4,lex_phase_4,OPTIMAL,FEASIBLE_POINT,3330.409113389433,3330.409113389433,0,798,798,1230,2207,24,0,24,120,24,1,0,0,NaN,0,NaN,0.0,1.0,
5,21,DETERMINISTIC_RH,LEXMMFPEA,shared_battery_mode_node_level_v1,SI-Drahi_13-d2-HET-UHI-BHI-b5b4fe09a4,TK-PB-Drahi_13-d2-HET-UHI-e201b86fbb-r5,SS-fec72d83146f,21,5,lex_phase_5,OPTIMAL,FEASIBLE_POINT,4163.011391736792,4163.011391736792,0,798,798,1231,2213,24,0,24,120,24,1,0,0,NaN,0,NaN,0.0,1.0,
5,21,DETERMINISTIC_RH,LEXMMFPEA,shared_battery_mode_node_level_v1,SI-Drahi_13-d2-HET-UHI-BHI-b5b4fe09a4,TK-PB-Drahi_13-d2-HET-UHI-e201b86fbb-r5,SS-fec72d83146f,21,6,economic_tie_break,OPTIMAL,FEASIBLE_POINT,624972.9973377814,624972.9973377814,0,798,798,1232,2219,24,0,24,120,24,1,0,0,NaN,0,NaN,0.0,1.0,
5,22,DETERMINISTIC_RH,LEXMMFPEA,shared_battery_mode_node_level_v1,SI-Drahi_13-d2-HET-UHI-BHI-b5b4fe09a4,TK-PB-Drahi_13-d2-HET-UHI-e201b86fbb-r5,SS-fec72d83146f,21,1,lex_phase_1,OPTIMAL,FEASIBLE_POINT,832.6022783473582,832.6022783473582,0,798,798,1227,2189,24,0,24,120,24,1,0,0,NaN,0,NaN,5.258016244624741e-13,1.0,
5,22,DETERMINISTIC_RH,LEXMMFPEA,shared_battery_mode_node_level_v1,SI-Drahi_13-d2-HET-UHI-BHI-b5b4fe09a4,TK-PB-Drahi_13-d2-HET-UHI-e201b86fbb-r5,SS-fec72d83146f,21,2,lex_phase_2,OPTIMAL,FEASIBLE_POINT,1665.2045566947165,1665.2045566947165,0,798,798,1228,2195,24,0,24,120,24,1,0,0,NaN,0,NaN,5.258016244624741e-13,1.0,
5,22,DETERMINISTIC_RH,LEXMMFPEA,shared_battery_mode_node_level_v1,SI-Drahi_13-d2-HET-UHI-BHI-b5b4fe09a4,TK-PB-Drahi_13-d2-HET-UHI-e201b86fbb-r5,SS-fec72d83146f,21,3,lex_phase_3,OPTIMAL,FEASIBLE_POINT,2497.806835042075,2497.806835042075,0,798,798,1229,2201,24,0,24,120,24,1,0,0,NaN,0,NaN,5.258016244624741e-13,1.0,
5,22,DETERMINISTIC_RH,LEXMMFPEA,shared_battery_mode_node_level_v1,SI-Drahi_13-d2-HET-UHI-BHI-b5b4fe09a4,TK-PB-Drahi_13-d2-HET-UHI-e201b86fbb-r5,SS-fec72d83146f,21,4,lex_phase_4,OPTIMAL,FEASIBLE_POINT,3330.409113389433,3330.409113389433,0,798,798,1230,2207,24,0,24,120,24,1,0,0,NaN,0,NaN,5.258016244624741e-13,1.0,
5,22,DETERMINISTIC_RH,LEXMMFPEA,shared_battery_mode_node_level_v1,SI-Drahi_13-d2-HET-UHI-BHI-b5b4fe09a4,TK-PB-Drahi_13-d2-HET-UHI-e201b86fbb-r5,SS-fec72d83146f,21,5,lex_phase_5,OPTIMAL,FEASIBLE_POINT,4163.011391736792,4163.011391736792,0,798,798,1231,2213,24,0,24,120,24,1,0,0,NaN,0,NaN,5.258016244624741e-13,1.0,
5,22,DETERMINISTIC_RH,LEXMMFPEA,shared_battery_mode_node_level_v1,SI-Drahi_13-d2-HET-UHI-BHI-b5b4fe09a4,TK-PB-Drahi_13-d2-HET-UHI-e201b86fbb-r5,SS-fec72d83146f,21,6,economic_tie_break,OPTIMAL,FEASIBLE_POINT,624972.9973377814,624972.9973377814,0,798,798,1232,2219,24,0,24,120,24,1,0,0,NaN,0,NaN,5.258016244624741e-13,1.0,
5,23,DETERMINISTIC_RH,LEXMMFPEA,shared_battery_mode_node_level_v1,SI-Drahi_13-d2-HET-UHI-BHI-b5b4fe09a4,TK-PB-Drahi_13-d2-HET-UHI-e201b86fbb-r5,SS-fec72d83146f,21,1,lex_phase_1,OPTIMAL,FEASIBLE_POINT,832.6022783473582,832.6022783473582,0,798,798,1227,2189,24,0,24,120,24,1,0,0,NaN,0,NaN,3.268496584496461e-13,1.0,
5,23,DETERMINISTIC_RH,LEXMMFPEA,shared_battery_mode_node_level_v1,SI-Drahi_13-d2-HET-UHI-BHI-b5b4fe09a4,TK-PB-Drahi_13-d2-HET-UHI-e201b86fbb-r5,SS-fec72d83146f,21,2,lex_phase_2,OPTIMAL,FEASIBLE_POINT,1665.2045566947165,1665.2045566947165,0,798,798,1228,2195,24,0,24,120,24,1,0,0,NaN,0,NaN,3.268496584496461e-13,1.0,
5,23,DETERMINISTIC_RH,LEXMMFPEA,shared_battery_mode_node_level_v1,SI-Drahi_13-d2-HET-UHI-BHI-b5b4fe09a4,TK-PB-Drahi_13-d2-HET-UHI-e201b86fbb-r5,SS-fec72d83146f,21,3,lex_phase_3,OPTIMAL,FEASIBLE_POINT,2497.806835042075,2497.806835042075,0,798,798,1229,2201,24,0,24,120,24,1,0,0,NaN,0,NaN,3.268496584496461e-13,1.0,
5,23,DETERMINISTIC_RH,LEXMMFPEA,shared_battery_mode_node_level_v1,SI-Drahi_13-d2-HET-UHI-BHI-b5b4fe09a4,TK-PB-Drahi_13-d2-HET-UHI-e201b86fbb-r5,SS-fec72d83146f,21,4,lex_phase_4,OPTIMAL,FEASIBLE_POINT,3330.409113389433,3330.409113389433,0,798,798,1230,2207,24,0,24,120,24,1,0,0,NaN,0,NaN,3.268496584496461e-13,1.0,
5,23,DETERMINISTIC_RH,LEXMMFPEA,shared_battery_mode_node_level_v1,SI-Drahi_13-d2-HET-UHI-BHI-b5b4fe09a4,TK-PB-Drahi_13-d2-HET-UHI-e201b86fbb-r5,SS-fec72d83146f,21,5,lex_phase_5,OPTIMAL,FEASIBLE_POINT,4163.011391736792,4163.011391736792,0,798,798,1231,2213,24,0,24,120,24,1,0,0,NaN,0,NaN,3.268496584496461e-13,1.0,
5,23,DETERMINISTIC_RH,LEXMMFPEA,shared_battery_mode_node_level_v1,SI-Drahi_13-d2-HET-UHI-BHI-b5b4fe09a4,TK-PB-Drahi_13-d2-HET-UHI-e201b86fbb-r5,SS-fec72d83146f,21,6,economic_tie_break,OPTIMAL,FEASIBLE_POINT,624972.9973377814,624972.9973377814,0,798,798,1232,2219,24,0,24,120,24,1,0,0,NaN,0,NaN,3.268496584496461e-13,1.0,
5,24,DETERMINISTIC_RH,LEXMMFPEA,shared_battery_mode_node_level_v1,SI-Drahi_13-d2-HET-UHI-BHI-b5b4fe09a4,TK-PB-Drahi_13-d2-HET-UHI-e201b86fbb-r5,SS-fec72d83146f,21,1,lex_phase_1,OPTIMAL,FEASIBLE_POINT,832.6022783473582,832.6022783473582,0,798,798,1227,2189,24,0,24,120,24,1,0,0,NaN,0,NaN,8.526512829121202e-14,1.0,
5,24,DETERMINISTIC_RH,LEXMMFPEA,shared_battery_mode_node_level_v1,SI-Drahi_13-d2-HET-UHI-BHI-b5b4fe09a4,TK-PB-Drahi_13-d2-HET-UHI-e201b86fbb-r5,SS-fec72d83146f,21,2,lex_phase_2,OPTIMAL,FEASIBLE_POINT,1665.2045566947165,1665.2045566947165,0,798,798,1228,2195,24,0,24,120,24,1,0,0,NaN,0,NaN,8.526512829121202e-14,1.0,
5,24,DETERMINISTIC_RH,LEXMMFPEA,shared_battery_mode_node_level_v1,SI-Drahi_13-d2-HET-UHI-BHI-b5b4fe09a4,TK-PB-Drahi_13-d2-HET-UHI-e201b86fbb-r5,SS-fec72d83146f,21,3,lex_phase_3,OPTIMAL,FEASIBLE_POINT,2497.806835042075,2497.806835042075,0,798,798,1229,2201,24,0,24,120,24,1,0,0,NaN,0,NaN,8.526512829121202e-14,1.0,
5,24,DETERMINISTIC_RH,LEXMMFPEA,shared_battery_mode_node_level_v1,SI-Drahi_13-d2-HET-UHI-BHI-b5b4fe09a4,TK-PB-Drahi_13-d2-HET-UHI-e201b86fbb-r5,SS-fec72d83146f,21,4,lex_phase_4,OPTIMAL,FEASIBLE_POINT,3330.409113389433,3330.409113389433,0,798,798,1230,2207,24,0,24,120,24,1,0,0,NaN,0,NaN,8.526512829121202e-14,1.0,
5,24,DETERMINISTIC_RH,LEXMMFPEA,shared_battery_mode_node_level_v1,SI-Drahi_13-d2-HET-UHI-BHI-b5b4fe09a4,TK-PB-Drahi_13-d2-HET-UHI-e201b86fbb-r5,SS-fec72d83146f,21,5,lex_phase_5,OPTIMAL,FEASIBLE_POINT,4163.011391736792,4163.011391736792,0,798,798,1231,2213,24,0,24,120,24,1,0,0,NaN,0,NaN,8.526512829121202e-14,1.0,
5,24,DETERMINISTIC_RH,LEXMMFPEA,shared_battery_mode_node_level_v1,SI-Drahi_13-d2-HET-UHI-BHI-b5b4fe09a4,TK-PB-Drahi_13-d2-HET-UHI-e201b86fbb-r5,SS-fec72d83146f,21,6,economic_tie_break,OPTIMAL,FEASIBLE_POINT,624972.9973377814,624972.9973377814,0,798,798,1232,2219,24,0,24,120,24,1,0,0,NaN,0,NaN,8.526512829121202e-14,1.0,
5,1,DETERMINISTIC_RH,LEXMMFSA,shared_battery_mode_node_level_v1,SI-Drahi_13-d2-HET-UHI-BHI-b5b4fe09a4,TK-PB-Drahi_13-d2-HET-UHI-e201b86fbb-r5,SS-b6fde45dba3b,1,1,lex_phase_1,OPTIMAL,FEASIBLE_POINT,40828.48675515549,40828.48675515549,0,798,798,1227,3389,24,0,24,120,24,1,0,0,NaN,0,NaN,0.0,1.0000000000291038,
5,1,DETERMINISTIC_RH,LEXMMFSA,shared_battery_mode_node_level_v1,SI-Drahi_13-d2-HET-UHI-BHI-b5b4fe09a4,TK-PB-Drahi_13-d2-HET-UHI-e201b86fbb-r5,SS-b6fde45dba3b,1,2,lex_phase_2,OPTIMAL,FEASIBLE_POINT,81656.97351031096,81656.97351031096,0,798,798,1228,3395,24,0,24,120,24,1,0,0,NaN,0,NaN,0.0,1.0000000000291038,
5,1,DETERMINISTIC_RH,LEXMMFSA,shared_battery_mode_node_level_v1,SI-Drahi_13-d2-HET-UHI-BHI-b5b4fe09a4,TK-PB-Drahi_13-d2-HET-UHI-e201b86fbb-r5,SS-b6fde45dba3b,1,3,lex_phase_3,OPTIMAL,FEASIBLE_POINT,122490.98834833663,122490.98834833663,0,798,798,1229,3401,24,0,24,120,24,1,0,0,NaN,0,NaN,0.0,1.0000000000291038,
5,1,DETERMINISTIC_RH,LEXMMFSA,shared_battery_mode_node_level_v1,SI-Drahi_13-d2-HET-UHI-BHI-b5b4fe09a4,TK-PB-Drahi_13-d2-HET-UHI-e201b86fbb-r5,SS-b6fde45dba3b,1,4,lex_phase_4,OPTIMAL,FEASIBLE_POINT,163326.0031863624,163326.0031863624,0,798,798,1230,3407,24,0,24,120,24,1,0,0,NaN,0,NaN,0.0,1.0000000000291038,
5,1,DETERMINISTIC_RH,LEXMMFSA,shared_battery_mode_node_level_v1,SI-Drahi_13-d2-HET-UHI-BHI-b5b4fe09a4,TK-PB-Drahi_13-d2-HET-UHI-e201b86fbb-r5,SS-b6fde45dba3b,1,5,lex_phase_5,OPTIMAL,FEASIBLE_POINT,204161.09411891695,204161.09411891695,0,798,798,1231,3413,24,0,24,120,24,1,0,0,NaN,0,NaN,0.0,1.0000000000291038,
5,1,DETERMINISTIC_RH,LEXMMFSA,shared_battery_mode_node_level_v1,SI-Drahi_13-d2-HET-UHI-BHI-b5b4fe09a4,TK-PB-Drahi_13-d2-HET-UHI-e201b86fbb-r5,SS-b6fde45dba3b,1,6,economic_tie_break,OPTIMAL,FEASIBLE_POINT,716667.5613755747,716667.5613755747,0,798,798,1232,3419,24,0,24,120,24,1,0,0,NaN,0,NaN,0.0,1.0000000000291038,
5,2,DETERMINISTIC_RH,LEXMMFSA,shared_battery_mode_node_level_v1,SI-Drahi_13-d2-HET-UHI-BHI-b5b4fe09a4,TK-PB-Drahi_13-d2-HET-UHI-e201b86fbb-r5,SS-b6fde45dba3b,1,1,lex_phase_1,OPTIMAL,FEASIBLE_POINT,40828.48675515549,40828.48675515549,0,798,798,1227,3389,24,0,24,120,24,1,0,0,NaN,0,NaN,3.2798948751642563,1.0000000000291038,
5,2,DETERMINISTIC_RH,LEXMMFSA,shared_battery_mode_node_level_v1,SI-Drahi_13-d2-HET-UHI-BHI-b5b4fe09a4,TK-PB-Drahi_13-d2-HET-UHI-e201b86fbb-r5,SS-b6fde45dba3b,1,2,lex_phase_2,OPTIMAL,FEASIBLE_POINT,81656.97351031096,81656.97351031096,0,798,798,1228,3395,24,0,24,120,24,1,0,0,NaN,0,NaN,3.2798948751642563,1.0000000000291038,
5,2,DETERMINISTIC_RH,LEXMMFSA,shared_battery_mode_node_level_v1,SI-Drahi_13-d2-HET-UHI-BHI-b5b4fe09a4,TK-PB-Drahi_13-d2-HET-UHI-e201b86fbb-r5,SS-b6fde45dba3b,1,3,lex_phase_3,OPTIMAL,FEASIBLE_POINT,122490.98834833663,122490.98834833663,0,798,798,1229,3401,24,0,24,120,24,1,0,0,NaN,0,NaN,3.2798948751642563,1.0000000000291038,
5,2,DETERMINISTIC_RH,LEXMMFSA,shared_battery_mode_node_level_v1,SI-Drahi_13-d2-HET-UHI-BHI-b5b4fe09a4,TK-PB-Drahi_13-d2-HET-UHI-e201b86fbb-r5,SS-b6fde45dba3b,1,4,lex_phase_4,OPTIMAL,FEASIBLE_POINT,163326.0031863624,163326.0031863624,0,798,798,1230,3407,24,0,24,120,24,1,0,0,NaN,0,NaN,3.2798948751642563,1.0000000000291038,
5,2,DETERMINISTIC_RH,LEXMMFSA,shared_battery_mode_node_level_v1,SI-Drahi_13-d2-HET-UHI-BHI-b5b4fe09a4,TK-PB-Drahi_13-d2-HET-UHI-e201b86fbb-r5,SS-b6fde45dba3b,1,5,lex_phase_5,OPTIMAL,FEASIBLE_POINT,204161.09411891695,204161.09411891695,0,798,798,1231,3413,24,0,24,120,24,1,0,0,NaN,0,NaN,3.2798948751642563,1.0000000000291038,
5,2,DETERMINISTIC_RH,LEXMMFSA,shared_battery_mode_node_level_v1,SI-Drahi_13-d2-HET-UHI-BHI-b5b4fe09a4,TK-PB-Drahi_13-d2-HET-UHI-e201b86fbb-r5,SS-b6fde45dba3b,1,6,economic_tie_break,OPTIMAL,FEASIBLE_POINT,716667.5613755747,716667.5613755747,0,798,798,1232,3419,24,0,24,120,24,1,0,0,NaN,0,NaN,3.2798948751642563,1.0000000000291038,
5,3,DETERMINISTIC_RH,LEXMMFSA,shared_battery_mode_node_level_v1,SI-Drahi_13-d2-HET-UHI-BHI-b5b4fe09a4,TK-PB-Drahi_13-d2-HET-UHI-e201b86fbb-r5,SS-b6fde45dba3b,1,1,lex_phase_1,OPTIMAL,FEASIBLE_POINT,40828.48675515549,40828.48675515549,0,798,798,1227,3389,24,0,24,120,24,1,0,0,NaN,0,NaN,2.984279490192421e-13,1.0000000000291038,
5,3,DETERMINISTIC_RH,LEXMMFSA,shared_battery_mode_node_level_v1,SI-Drahi_13-d2-HET-UHI-BHI-b5b4fe09a4,TK-PB-Drahi_13-d2-HET-UHI-e201b86fbb-r5,SS-b6fde45dba3b,1,2,lex_phase_2,OPTIMAL,FEASIBLE_POINT,81656.97351031096,81656.97351031096,0,798,798,1228,3395,24,0,24,120,24,1,0,0,NaN,0,NaN,2.984279490192421e-13,1.0000000000291038,
5,3,DETERMINISTIC_RH,LEXMMFSA,shared_battery_mode_node_level_v1,SI-Drahi_13-d2-HET-UHI-BHI-b5b4fe09a4,TK-PB-Drahi_13-d2-HET-UHI-e201b86fbb-r5,SS-b6fde45dba3b,1,3,lex_phase_3,OPTIMAL,FEASIBLE_POINT,122490.98834833663,122490.98834833663,0,798,798,1229,3401,24,0,24,120,24,1,0,0,NaN,0,NaN,2.984279490192421e-13,1.0000000000291038,
5,3,DETERMINISTIC_RH,LEXMMFSA,shared_battery_mode_node_level_v1,SI-Drahi_13-d2-HET-UHI-BHI-b5b4fe09a4,TK-PB-Drahi_13-d2-HET-UHI-e201b86fbb-r5,SS-b6fde45dba3b,1,4,lex_phase_4,OPTIMAL,FEASIBLE_POINT,163326.0031863624,163326.0031863624,0,798,798,1230,3407,24,0,24,120,24,1,0,0,NaN,0,NaN,2.984279490192421e-13,1.0000000000291038,
5,3,DETERMINISTIC_RH,LEXMMFSA,shared_battery_mode_node_level_v1,SI-Drahi_13-d2-HET-UHI-BHI-b5b4fe09a4,TK-PB-Drahi_13-d2-HET-UHI-e201b86fbb-r5,SS-b6fde45dba3b,1,5,lex_phase_5,OPTIMAL,FEASIBLE_POINT,204161.09411891695,204161.09411891695,0,798,798,1231,3413,24,0,24,120,24,1,0,0,NaN,0,NaN,2.984279490192421e-13,1.0000000000291038,
5,3,DETERMINISTIC_RH,LEXMMFSA,shared_battery_mode_node_level_v1,SI-Drahi_13-d2-HET-UHI-BHI-b5b4fe09a4,TK-PB-Drahi_13-d2-HET-UHI-e201b86fbb-r5,SS-b6fde45dba3b,1,6,economic_tie_break,OPTIMAL,FEASIBLE_POINT,716667.5613755747,716667.5613755747,0,798,798,1232,3419,24,0,24,120,24,1,0,0,NaN,0,NaN,2.984279490192421e-13,1.0000000000291038,
5,4,DETERMINISTIC_RH,LEXMMFSA,shared_battery_mode_node_level_v1,SI-Drahi_13-d2-HET-UHI-BHI-b5b4fe09a4,TK-PB-Drahi_13-d2-HET-UHI-e201b86fbb-r5,SS-b6fde45dba3b,1,1,lex_phase_1,OPTIMAL,FEASIBLE_POINT,40828.48675515549,40828.48675515549,0,798,798,1227,3389,24,0,24,120,24,1,0,0,NaN,0,NaN,4.121147867408581e-13,1.0000000000291038,
5,4,DETERMINISTIC_RH,LEXMMFSA,shared_battery_mode_node_level_v1,SI-Drahi_13-d2-HET-UHI-BHI-b5b4fe09a4,TK-PB-Drahi_13-d2-HET-UHI-e201b86fbb-r5,SS-b6fde45dba3b,1,2,lex_phase_2,OPTIMAL,FEASIBLE_POINT,81656.97351031096,81656.97351031096,0,798,798,1228,3395,24,0,24,120,24,1,0,0,NaN,0,NaN,4.121147867408581e-13,1.0000000000291038,
5,4,DETERMINISTIC_RH,LEXMMFSA,shared_battery_mode_node_level_v1,SI-Drahi_13-d2-HET-UHI-BHI-b5b4fe09a4,TK-PB-Drahi_13-d2-HET-UHI-e201b86fbb-r5,SS-b6fde45dba3b,1,3,lex_phase_3,OPTIMAL,FEASIBLE_POINT,122490.98834833663,122490.98834833663,0,798,798,1229,3401,24,0,24,120,24,1,0,0,NaN,0,NaN,4.121147867408581e-13,1.0000000000291038,
5,4,DETERMINISTIC_RH,LEXMMFSA,shared_battery_mode_node_level_v1,SI-Drahi_13-d2-HET-UHI-BHI-b5b4fe09a4,TK-PB-Drahi_13-d2-HET-UHI-e201b86fbb-r5,SS-b6fde45dba3b,1,4,lex_phase_4,OPTIMAL,FEASIBLE_POINT,163326.0031863624,163326.0031863624,0,798,798,1230,3407,24,0,24,120,24,1,0,0,NaN,0,NaN,4.121147867408581e-13,1.0000000000291038,
5,4,DETERMINISTIC_RH,LEXMMFSA,shared_battery_mode_node_level_v1,SI-Drahi_13-d2-HET-UHI-BHI-b5b4fe09a4,TK-PB-Drahi_13-d2-HET-UHI-e201b86fbb-r5,SS-b6fde45dba3b,1,5,lex_phase_5,OPTIMAL,FEASIBLE_POINT,204161.09411891695,204161.09411891695,0,798,798,1231,3413,24,0,24,120,24,1,0,0,NaN,0,NaN,4.121147867408581e-13,1.0000000000291038,
5,4,DETERMINISTIC_RH,LEXMMFSA,shared_battery_mode_node_level_v1,SI-Drahi_13-d2-HET-UHI-BHI-b5b4fe09a4,TK-PB-Drahi_13-d2-HET-UHI-e201b86fbb-r5,SS-b6fde45dba3b,1,6,economic_tie_break,OPTIMAL,FEASIBLE_POINT,716667.5613755747,716667.5613755747,0,798,798,1232,3419,24,0,24,120,24,1,0,0,NaN,0,NaN,4.121147867408581e-13,1.0000000000291038,
5,5,DETERMINISTIC_RH,LEXMMFSA,shared_battery_mode_node_level_v1,SI-Drahi_13-d2-HET-UHI-BHI-b5b4fe09a4,TK-PB-Drahi_13-d2-HET-UHI-e201b86fbb-r5,SS-59c6d7df9164,5,1,lex_phase_1,OPTIMAL,FEASIBLE_POINT,36455.06977793982,36455.06977793982,0,798,798,1227,3389,24,0,24,120,24,1,0,0,NaN,0,NaN,0.0,0.9999999999708962,
5,5,DETERMINISTIC_RH,LEXMMFSA,shared_battery_mode_node_level_v1,SI-Drahi_13-d2-HET-UHI-BHI-b5b4fe09a4,TK-PB-Drahi_13-d2-HET-UHI-e201b86fbb-r5,SS-59c6d7df9164,5,2,lex_phase_2,OPTIMAL,FEASIBLE_POINT,72910.13955587959,72910.13955587959,0,798,798,1228,3395,24,0,24,120,24,1,0,0,NaN,0,NaN,0.0,0.9999999999708962,
5,5,DETERMINISTIC_RH,LEXMMFSA,shared_battery_mode_node_level_v1,SI-Drahi_13-d2-HET-UHI-BHI-b5b4fe09a4,TK-PB-Drahi_13-d2-HET-UHI-e201b86fbb-r5,SS-59c6d7df9164,5,3,lex_phase_3,OPTIMAL,FEASIBLE_POINT,109369.59300048594,109369.59300048594,0,798,798,1229,3401,24,0,24,120,24,1,0,0,NaN,0,NaN,0.0,0.9999999999708962,
5,5,DETERMINISTIC_RH,LEXMMFSA,shared_battery_mode_node_level_v1,SI-Drahi_13-d2-HET-UHI-BHI-b5b4fe09a4,TK-PB-Drahi_13-d2-HET-UHI-e201b86fbb-r5,SS-59c6d7df9164,5,4,lex_phase_4,OPTIMAL,FEASIBLE_POINT,145830.0464450923,145830.0464450923,0,798,798,1230,3407,24,0,24,120,24,1,0,0,NaN,0,NaN,0.0,0.9999999999708962,
5,5,DETERMINISTIC_RH,LEXMMFSA,shared_battery_mode_node_level_v1,SI-Drahi_13-d2-HET-UHI-BHI-b5b4fe09a4,TK-PB-Drahi_13-d2-HET-UHI-e201b86fbb-r5,SS-59c6d7df9164,5,5,lex_phase_5,OPTIMAL,FEASIBLE_POINT,182290.4998896987,182290.4998896987,0,798,798,1231,3413,24,0,24,120,24,1,0,0,NaN,0,NaN,0.0,0.9999999999708962,
5,5,DETERMINISTIC_RH,LEXMMFSA,shared_battery_mode_node_level_v1,SI-Drahi_13-d2-HET-UHI-BHI-b5b4fe09a4,TK-PB-Drahi_13-d2-HET-UHI-e201b86fbb-r5,SS-59c6d7df9164,5,6,economic_tie_break,OPTIMAL,FEASIBLE_POINT,609553.3556491395,609553.3556491395,0,798,798,1232,3419,24,0,24,120,24,1,0,0,NaN,0,NaN,0.0,0.9999999999708962,
5,6,DETERMINISTIC_RH,LEXMMFSA,shared_battery_mode_node_level_v1,SI-Drahi_13-d2-HET-UHI-BHI-b5b4fe09a4,TK-PB-Drahi_13-d2-HET-UHI-e201b86fbb-r5,SS-59c6d7df9164,5,1,lex_phase_1,OPTIMAL,FEASIBLE_POINT,36455.06977793982,36455.06977793982,0,798,798,1227,3389,24,0,24,120,24,1,0,0,NaN,0,NaN,1.6399474375821268,0.9999999999708962,
5,6,DETERMINISTIC_RH,LEXMMFSA,shared_battery_mode_node_level_v1,SI-Drahi_13-d2-HET-UHI-BHI-b5b4fe09a4,TK-PB-Drahi_13-d2-HET-UHI-e201b86fbb-r5,SS-59c6d7df9164,5,2,lex_phase_2,OPTIMAL,FEASIBLE_POINT,72910.13955587959,72910.13955587959,0,798,798,1228,3395,24,0,24,120,24,1,0,0,NaN,0,NaN,1.6399474375821268,0.9999999999708962,
5,6,DETERMINISTIC_RH,LEXMMFSA,shared_battery_mode_node_level_v1,SI-Drahi_13-d2-HET-UHI-BHI-b5b4fe09a4,TK-PB-Drahi_13-d2-HET-UHI-e201b86fbb-r5,SS-59c6d7df9164,5,3,lex_phase_3,OPTIMAL,FEASIBLE_POINT,109369.59300048594,109369.59300048594,0,798,798,1229,3401,24,0,24,120,24,1,0,0,NaN,0,NaN,1.6399474375821268,0.9999999999708962,
5,6,DETERMINISTIC_RH,LEXMMFSA,shared_battery_mode_node_level_v1,SI-Drahi_13-d2-HET-UHI-BHI-b5b4fe09a4,TK-PB-Drahi_13-d2-HET-UHI-e201b86fbb-r5,SS-59c6d7df9164,5,4,lex_phase_4,OPTIMAL,FEASIBLE_POINT,145830.0464450923,145830.0464450923,0,798,798,1230,3407,24,0,24,120,24,1,0,0,NaN,0,NaN,1.6399474375821268,0.9999999999708962,
5,6,DETERMINISTIC_RH,LEXMMFSA,shared_battery_mode_node_level_v1,SI-Drahi_13-d2-HET-UHI-BHI-b5b4fe09a4,TK-PB-Drahi_13-d2-HET-UHI-e201b86fbb-r5,SS-59c6d7df9164,5,5,lex_phase_5,OPTIMAL,FEASIBLE_POINT,182290.4998896987,182290.4998896987,0,798,798,1231,3413,24,0,24,120,24,1,0,0,NaN,0,NaN,1.6399474375821268,0.9999999999708962,
5,6,DETERMINISTIC_RH,LEXMMFSA,shared_battery_mode_node_level_v1,SI-Drahi_13-d2-HET-UHI-BHI-b5b4fe09a4,TK-PB-Drahi_13-d2-HET-UHI-e201b86fbb-r5,SS-59c6d7df9164,5,6,economic_tie_break,OPTIMAL,FEASIBLE_POINT,609553.3556491395,609553.3556491395,0,798,798,1232,3419,24,0,24,120,24,1,0,0,NaN,0,NaN,1.6399474375821268,0.9999999999708962,
5,7,DETERMINISTIC_RH,LEXMMFSA,shared_battery_mode_node_level_v1,SI-Drahi_13-d2-HET-UHI-BHI-b5b4fe09a4,TK-PB-Drahi_13-d2-HET-UHI-e201b86fbb-r5,SS-59c6d7df9164,5,1,lex_phase_1,OPTIMAL,FEASIBLE_POINT,36455.06977793982,36455.06977793982,0,798,798,1227,3389,24,0,24,120,24,1,0,0,NaN,0,NaN,1.9895196601282805e-13,0.9999999999708962,
5,7,DETERMINISTIC_RH,LEXMMFSA,shared_battery_mode_node_level_v1,SI-Drahi_13-d2-HET-UHI-BHI-b5b4fe09a4,TK-PB-Drahi_13-d2-HET-UHI-e201b86fbb-r5,SS-59c6d7df9164,5,2,lex_phase_2,OPTIMAL,FEASIBLE_POINT,72910.13955587959,72910.13955587959,0,798,798,1228,3395,24,0,24,120,24,1,0,0,NaN,0,NaN,1.9895196601282805e-13,0.9999999999708962,
5,7,DETERMINISTIC_RH,LEXMMFSA,shared_battery_mode_node_level_v1,SI-Drahi_13-d2-HET-UHI-BHI-b5b4fe09a4,TK-PB-Drahi_13-d2-HET-UHI-e201b86fbb-r5,SS-59c6d7df9164,5,3,lex_phase_3,OPTIMAL,FEASIBLE_POINT,109369.59300048594,109369.59300048594,0,798,798,1229,3401,24,0,24,120,24,1,0,0,NaN,0,NaN,1.9895196601282805e-13,0.9999999999708962,
5,7,DETERMINISTIC_RH,LEXMMFSA,shared_battery_mode_node_level_v1,SI-Drahi_13-d2-HET-UHI-BHI-b5b4fe09a4,TK-PB-Drahi_13-d2-HET-UHI-e201b86fbb-r5,SS-59c6d7df9164,5,4,lex_phase_4,OPTIMAL,FEASIBLE_POINT,145830.0464450923,145830.0464450923,0,798,798,1230,3407,24,0,24,120,24,1,0,0,NaN,0,NaN,1.9895196601282805e-13,0.9999999999708962,
5,7,DETERMINISTIC_RH,LEXMMFSA,shared_battery_mode_node_level_v1,SI-Drahi_13-d2-HET-UHI-BHI-b5b4fe09a4,TK-PB-Drahi_13-d2-HET-UHI-e201b86fbb-r5,SS-59c6d7df9164,5,5,lex_phase_5,OPTIMAL,FEASIBLE_POINT,182290.4998896987,182290.4998896987,0,798,798,1231,3413,24,0,24,120,24,1,0,0,NaN,0,NaN,1.9895196601282805e-13,0.9999999999708962,
5,7,DETERMINISTIC_RH,LEXMMFSA,shared_battery_mode_node_level_v1,SI-Drahi_13-d2-HET-UHI-BHI-b5b4fe09a4,TK-PB-Drahi_13-d2-HET-UHI-e201b86fbb-r5,SS-59c6d7df9164,5,6,economic_tie_break,OPTIMAL,FEASIBLE_POINT,609553.3556491395,609553.3556491395,0,798,798,1232,3419,24,0,24,120,24,1,0,0,NaN,0,NaN,1.9895196601282805e-13,0.9999999999708962,
5,8,DETERMINISTIC_RH,LEXMMFSA,shared_battery_mode_node_level_v1,SI-Drahi_13-d2-HET-UHI-BHI-b5b4fe09a4,TK-PB-Drahi_13-d2-HET-UHI-e201b86fbb-r5,SS-59c6d7df9164,5,1,lex_phase_1,OPTIMAL,FEASIBLE_POINT,36455.06977793982,36455.06977793982,0,798,798,1227,3389,24,0,24,120,24,1,0,0,NaN,0,NaN,1.6399474375821264,0.9999999999708962,
5,8,DETERMINISTIC_RH,LEXMMFSA,shared_battery_mode_node_level_v1,SI-Drahi_13-d2-HET-UHI-BHI-b5b4fe09a4,TK-PB-Drahi_13-d2-HET-UHI-e201b86fbb-r5,SS-59c6d7df9164,5,2,lex_phase_2,OPTIMAL,FEASIBLE_POINT,72910.13955587959,72910.13955587959,0,798,798,1228,3395,24,0,24,120,24,1,0,0,NaN,0,NaN,1.6399474375821264,0.9999999999708962,
5,8,DETERMINISTIC_RH,LEXMMFSA,shared_battery_mode_node_level_v1,SI-Drahi_13-d2-HET-UHI-BHI-b5b4fe09a4,TK-PB-Drahi_13-d2-HET-UHI-e201b86fbb-r5,SS-59c6d7df9164,5,3,lex_phase_3,OPTIMAL,FEASIBLE_POINT,109369.59300048594,109369.59300048594,0,798,798,1229,3401,24,0,24,120,24,1,0,0,NaN,0,NaN,1.6399474375821264,0.9999999999708962,
5,8,DETERMINISTIC_RH,LEXMMFSA,shared_battery_mode_node_level_v1,SI-Drahi_13-d2-HET-UHI-BHI-b5b4fe09a4,TK-PB-Drahi_13-d2-HET-UHI-e201b86fbb-r5,SS-59c6d7df9164,5,4,lex_phase_4,OPTIMAL,FEASIBLE_POINT,145830.0464450923,145830.0464450923,0,798,798,1230,3407,24,0,24,120,24,1,0,0,NaN,0,NaN,1.6399474375821264,0.9999999999708962,
5,8,DETERMINISTIC_RH,LEXMMFSA,shared_battery_mode_node_level_v1,SI-Drahi_13-d2-HET-UHI-BHI-b5b4fe09a4,TK-PB-Drahi_13-d2-HET-UHI-e201b86fbb-r5,SS-59c6d7df9164,5,5,lex_phase_5,OPTIMAL,FEASIBLE_POINT,182290.4998896987,182290.4998896987,0,798,798,1231,3413,24,0,24,120,24,1,0,0,NaN,0,NaN,1.6399474375821264,0.9999999999708962,
5,8,DETERMINISTIC_RH,LEXMMFSA,shared_battery_mode_node_level_v1,SI-Drahi_13-d2-HET-UHI-BHI-b5b4fe09a4,TK-PB-Drahi_13-d2-HET-UHI-e201b86fbb-r5,SS-59c6d7df9164,5,6,economic_tie_break,OPTIMAL,FEASIBLE_POINT,609553.3556491395,609553.3556491395,0,798,798,1232,3419,24,0,24,120,24,1,0,0,NaN,0,NaN,1.6399474375821264,0.9999999999708962,
5,9,DETERMINISTIC_RH,LEXMMFSA,shared_battery_mode_node_level_v1,SI-Drahi_13-d2-HET-UHI-BHI-b5b4fe09a4,TK-PB-Drahi_13-d2-HET-UHI-e201b86fbb-r5,SS-baeb7d556d60,9,1,lex_phase_1,OPTIMAL,FEASIBLE_POINT,62139.954194657264,62139.954194657264,0,798,798,1227,3389,24,0,24,120,24,1,0,0,NaN,0,NaN,1.4932499681208355e-14,1.0,
5,9,DETERMINISTIC_RH,LEXMMFSA,shared_battery_mode_node_level_v1,SI-Drahi_13-d2-HET-UHI-BHI-b5b4fe09a4,TK-PB-Drahi_13-d2-HET-UHI-e201b86fbb-r5,SS-baeb7d556d60,9,2,lex_phase_2,OPTIMAL,FEASIBLE_POINT,124279.90838931451,124279.90838931451,0,798,798,1228,3395,24,0,24,120,24,1,0,0,NaN,0,NaN,1.4932499681208355e-14,1.0,
5,9,DETERMINISTIC_RH,LEXMMFSA,shared_battery_mode_node_level_v1,SI-Drahi_13-d2-HET-UHI-BHI-b5b4fe09a4,TK-PB-Drahi_13-d2-HET-UHI-e201b86fbb-r5,SS-baeb7d556d60,9,3,lex_phase_3,OPTIMAL,FEASIBLE_POINT,186419.86258397176,186419.86258397176,0,798,798,1229,3401,24,0,24,120,24,1,0,0,NaN,0,NaN,1.4932499681208355e-14,1.0,
5,9,DETERMINISTIC_RH,LEXMMFSA,shared_battery_mode_node_level_v1,SI-Drahi_13-d2-HET-UHI-BHI-b5b4fe09a4,TK-PB-Drahi_13-d2-HET-UHI-e201b86fbb-r5,SS-baeb7d556d60,9,4,lex_phase_4,OPTIMAL,FEASIBLE_POINT,248568.11227862907,248568.11227862907,0,798,798,1230,3407,24,0,24,120,24,1,0,0,NaN,0,NaN,1.4932499681208355e-14,1.0,
5,9,DETERMINISTIC_RH,LEXMMFSA,shared_battery_mode_node_level_v1,SI-Drahi_13-d2-HET-UHI-BHI-b5b4fe09a4,TK-PB-Drahi_13-d2-HET-UHI-e201b86fbb-r5,SS-baeb7d556d60,9,5,lex_phase_5,OPTIMAL,FEASIBLE_POINT,310717.3619732864,310717.3619732864,0,798,798,1231,3413,24,0,24,120,24,1,0,0,NaN,0,NaN,1.4932499681208355e-14,1.0,
5,9,DETERMINISTIC_RH,LEXMMFSA,shared_battery_mode_node_level_v1,SI-Drahi_13-d2-HET-UHI-BHI-b5b4fe09a4,TK-PB-Drahi_13-d2-HET-UHI-e201b86fbb-r5,SS-baeb7d556d60,9,6,economic_tie_break,OPTIMAL,FEASIBLE_POINT,608803.0764155415,608803.0764155415,0,798,798,1232,3419,24,0,24,120,24,1,0,0,NaN,0,NaN,1.4932499681208355e-14,1.0,
5,10,DETERMINISTIC_RH,LEXMMFSA,shared_battery_mode_node_level_v1,SI-Drahi_13-d2-HET-UHI-BHI-b5b4fe09a4,TK-PB-Drahi_13-d2-HET-UHI-e201b86fbb-r5,SS-baeb7d556d60,9,1,lex_phase_1,OPTIMAL,FEASIBLE_POINT,62139.954194657264,62139.954194657264,0,798,798,1227,3389,24,0,24,120,24,1,0,0,NaN,0,NaN,9.947598300641403e-13,1.0,
5,10,DETERMINISTIC_RH,LEXMMFSA,shared_battery_mode_node_level_v1,SI-Drahi_13-d2-HET-UHI-BHI-b5b4fe09a4,TK-PB-Drahi_13-d2-HET-UHI-e201b86fbb-r5,SS-baeb7d556d60,9,2,lex_phase_2,OPTIMAL,FEASIBLE_POINT,124279.90838931451,124279.90838931451,0,798,798,1228,3395,24,0,24,120,24,1,0,0,NaN,0,NaN,9.947598300641403e-13,1.0,
5,10,DETERMINISTIC_RH,LEXMMFSA,shared_battery_mode_node_level_v1,SI-Drahi_13-d2-HET-UHI-BHI-b5b4fe09a4,TK-PB-Drahi_13-d2-HET-UHI-e201b86fbb-r5,SS-baeb7d556d60,9,3,lex_phase_3,OPTIMAL,FEASIBLE_POINT,186419.86258397176,186419.86258397176,0,798,798,1229,3401,24,0,24,120,24,1,0,0,NaN,0,NaN,9.947598300641403e-13,1.0,
5,10,DETERMINISTIC_RH,LEXMMFSA,shared_battery_mode_node_level_v1,SI-Drahi_13-d2-HET-UHI-BHI-b5b4fe09a4,TK-PB-Drahi_13-d2-HET-UHI-e201b86fbb-r5,SS-baeb7d556d60,9,4,lex_phase_4,OPTIMAL,FEASIBLE_POINT,248568.11227862907,248568.11227862907,0,798,798,1230,3407,24,0,24,120,24,1,0,0,NaN,0,NaN,9.947598300641403e-13,1.0,
5,10,DETERMINISTIC_RH,LEXMMFSA,shared_battery_mode_node_level_v1,SI-Drahi_13-d2-HET-UHI-BHI-b5b4fe09a4,TK-PB-Drahi_13-d2-HET-UHI-e201b86fbb-r5,SS-baeb7d556d60,9,5,lex_phase_5,OPTIMAL,FEASIBLE_POINT,310717.3619732864,310717.3619732864,0,798,798,1231,3413,24,0,24,120,24,1,0,0,NaN,0,NaN,9.947598300641403e-13,1.0,
5,10,DETERMINISTIC_RH,LEXMMFSA,shared_battery_mode_node_level_v1,SI-Drahi_13-d2-HET-UHI-BHI-b5b4fe09a4,TK-PB-Drahi_13-d2-HET-UHI-e201b86fbb-r5,SS-baeb7d556d60,9,6,economic_tie_break,OPTIMAL,FEASIBLE_POINT,608803.0764155415,608803.0764155415,0,798,798,1232,3419,24,0,24,120,24,1,0,0,NaN,0,NaN,9.947598300641403e-13,1.0,
5,11,DETERMINISTIC_RH,LEXMMFSA,shared_battery_mode_node_level_v1,SI-Drahi_13-d2-HET-UHI-BHI-b5b4fe09a4,TK-PB-Drahi_13-d2-HET-UHI-e201b86fbb-r5,SS-baeb7d556d60,9,1,lex_phase_1,OPTIMAL,FEASIBLE_POINT,62139.954194657264,62139.954194657264,0,798,798,1227,3389,24,0,24,120,24,1,0,0,NaN,0,NaN,6.536993168992922e-13,1.0,
5,11,DETERMINISTIC_RH,LEXMMFSA,shared_battery_mode_node_level_v1,SI-Drahi_13-d2-HET-UHI-BHI-b5b4fe09a4,TK-PB-Drahi_13-d2-HET-UHI-e201b86fbb-r5,SS-baeb7d556d60,9,2,lex_phase_2,OPTIMAL,FEASIBLE_POINT,124279.90838931451,124279.90838931451,0,798,798,1228,3395,24,0,24,120,24,1,0,0,NaN,0,NaN,6.536993168992922e-13,1.0,
5,11,DETERMINISTIC_RH,LEXMMFSA,shared_battery_mode_node_level_v1,SI-Drahi_13-d2-HET-UHI-BHI-b5b4fe09a4,TK-PB-Drahi_13-d2-HET-UHI-e201b86fbb-r5,SS-baeb7d556d60,9,3,lex_phase_3,OPTIMAL,FEASIBLE_POINT,186419.86258397176,186419.86258397176,0,798,798,1229,3401,24,0,24,120,24,1,0,0,NaN,0,NaN,6.536993168992922e-13,1.0,
5,11,DETERMINISTIC_RH,LEXMMFSA,shared_battery_mode_node_level_v1,SI-Drahi_13-d2-HET-UHI-BHI-b5b4fe09a4,TK-PB-Drahi_13-d2-HET-UHI-e201b86fbb-r5,SS-baeb7d556d60,9,4,lex_phase_4,OPTIMAL,FEASIBLE_POINT,248568.11227862907,248568.11227862907,0,798,798,1230,3407,24,0,24,120,24,1,0,0,NaN,0,NaN,6.536993168992922e-13,1.0,
5,11,DETERMINISTIC_RH,LEXMMFSA,shared_battery_mode_node_level_v1,SI-Drahi_13-d2-HET-UHI-BHI-b5b4fe09a4,TK-PB-Drahi_13-d2-HET-UHI-e201b86fbb-r5,SS-baeb7d556d60,9,5,lex_phase_5,OPTIMAL,FEASIBLE_POINT,310717.3619732864,310717.3619732864,0,798,798,1231,3413,24,0,24,120,24,1,0,0,NaN,0,NaN,6.536993168992922e-13,1.0,
5,11,DETERMINISTIC_RH,LEXMMFSA,shared_battery_mode_node_level_v1,SI-Drahi_13-d2-HET-UHI-BHI-b5b4fe09a4,TK-PB-Drahi_13-d2-HET-UHI-e201b86fbb-r5,SS-baeb7d556d60,9,6,economic_tie_break,OPTIMAL,FEASIBLE_POINT,608803.0764155415,608803.0764155415,0,798,798,1232,3419,24,0,24,120,24,1,0,0,NaN,0,NaN,6.536993168992922e-13,1.0,
5,12,DETERMINISTIC_RH,LEXMMFSA,shared_battery_mode_node_level_v1,SI-Drahi_13-d2-HET-UHI-BHI-b5b4fe09a4,TK-PB-Drahi_13-d2-HET-UHI-e201b86fbb-r5,SS-baeb7d556d60,9,1,lex_phase_1,OPTIMAL,FEASIBLE_POINT,62139.954194657264,62139.954194657264,0,798,798,1227,3389,24,0,24,120,24,1,0,0,NaN,0,NaN,8.526512829121202e-13,1.0,
5,12,DETERMINISTIC_RH,LEXMMFSA,shared_battery_mode_node_level_v1,SI-Drahi_13-d2-HET-UHI-BHI-b5b4fe09a4,TK-PB-Drahi_13-d2-HET-UHI-e201b86fbb-r5,SS-baeb7d556d60,9,2,lex_phase_2,OPTIMAL,FEASIBLE_POINT,124279.90838931451,124279.90838931451,0,798,798,1228,3395,24,0,24,120,24,1,0,0,NaN,0,NaN,8.526512829121202e-13,1.0,
5,12,DETERMINISTIC_RH,LEXMMFSA,shared_battery_mode_node_level_v1,SI-Drahi_13-d2-HET-UHI-BHI-b5b4fe09a4,TK-PB-Drahi_13-d2-HET-UHI-e201b86fbb-r5,SS-baeb7d556d60,9,3,lex_phase_3,OPTIMAL,FEASIBLE_POINT,186419.86258397176,186419.86258397176,0,798,798,1229,3401,24,0,24,120,24,1,0,0,NaN,0,NaN,8.526512829121202e-13,1.0,
5,12,DETERMINISTIC_RH,LEXMMFSA,shared_battery_mode_node_level_v1,SI-Drahi_13-d2-HET-UHI-BHI-b5b4fe09a4,TK-PB-Drahi_13-d2-HET-UHI-e201b86fbb-r5,SS-baeb7d556d60,9,4,lex_phase_4,OPTIMAL,FEASIBLE_POINT,248568.11227862907,248568.11227862907,0,798,798,1230,3407,24,0,24,120,24,1,0,0,NaN,0,NaN,8.526512829121202e-13,1.0,
5,12,DETERMINISTIC_RH,LEXMMFSA,shared_battery_mode_node_level_v1,SI-Drahi_13-d2-HET-UHI-BHI-b5b4fe09a4,TK-PB-Drahi_13-d2-HET-UHI-e201b86fbb-r5,SS-baeb7d556d60,9,5,lex_phase_5,OPTIMAL,FEASIBLE_POINT,310717.3619732864,310717.3619732864,0,798,798,1231,3413,24,0,24,120,24,1,0,0,NaN,0,NaN,8.526512829121202e-13,1.0,
5,12,DETERMINISTIC_RH,LEXMMFSA,shared_battery_mode_node_level_v1,SI-Drahi_13-d2-HET-UHI-BHI-b5b4fe09a4,TK-PB-Drahi_13-d2-HET-UHI-e201b86fbb-r5,SS-baeb7d556d60,9,6,economic_tie_break,OPTIMAL,FEASIBLE_POINT,608803.0764155415,608803.0764155415,0,798,798,1232,3419,24,0,24,120,24,1,0,0,NaN,0,NaN,8.526512829121202e-13,1.0,
5,13,DETERMINISTIC_RH,LEXMMFSA,shared_battery_mode_node_level_v1,SI-Drahi_13-d2-HET-UHI-BHI-b5b4fe09a4,TK-PB-Drahi_13-d2-HET-UHI-e201b86fbb-r5,SS-784512b1c103,13,1,lex_phase_1,OPTIMAL,FEASIBLE_POINT,60811.89826388458,60811.89826388458,0,798,798,1227,3389,24,0,24,120,24,1,0,0,NaN,0,NaN,0.0,1.000000000014552,
5,13,DETERMINISTIC_RH,LEXMMFSA,shared_battery_mode_node_level_v1,SI-Drahi_13-d2-HET-UHI-BHI-b5b4fe09a4,TK-PB-Drahi_13-d2-HET-UHI-e201b86fbb-r5,SS-784512b1c103,13,2,lex_phase_2,OPTIMAL,FEASIBLE_POINT,121623.79652776913,121623.79652776913,0,798,798,1228,3395,24,0,24,120,24,1,0,0,NaN,0,NaN,0.0,1.000000000014552,
5,13,DETERMINISTIC_RH,LEXMMFSA,shared_battery_mode_node_level_v1,SI-Drahi_13-d2-HET-UHI-BHI-b5b4fe09a4,TK-PB-Drahi_13-d2-HET-UHI-e201b86fbb-r5,SS-784512b1c103,13,3,lex_phase_3,OPTIMAL,FEASIBLE_POINT,182435.7129347162,182435.7129347162,0,798,798,1229,3401,24,0,24,120,24,1,0,0,NaN,0,NaN,0.0,1.000000000014552,
5,13,DETERMINISTIC_RH,LEXMMFSA,shared_battery_mode_node_level_v1,SI-Drahi_13-d2-HET-UHI-BHI-b5b4fe09a4,TK-PB-Drahi_13-d2-HET-UHI-e201b86fbb-r5,SS-784512b1c103,13,4,lex_phase_4,OPTIMAL,FEASIBLE_POINT,243256.48185085622,243256.48185085622,0,798,798,1230,3407,24,0,24,120,24,1,0,0,NaN,0,NaN,0.0,1.000000000014552,
5,13,DETERMINISTIC_RH,LEXMMFSA,shared_battery_mode_node_level_v1,SI-Drahi_13-d2-HET-UHI-BHI-b5b4fe09a4,TK-PB-Drahi_13-d2-HET-UHI-e201b86fbb-r5,SS-784512b1c103,13,5,lex_phase_5,OPTIMAL,FEASIBLE_POINT,304078.2507669962,304078.2507669962,0,798,798,1231,3413,24,0,24,120,24,1,0,0,NaN,0,NaN,0.0,1.000000000014552,
5,13,DETERMINISTIC_RH,LEXMMFSA,shared_battery_mode_node_level_v1,SI-Drahi_13-d2-HET-UHI-BHI-b5b4fe09a4,TK-PB-Drahi_13-d2-HET-UHI-e201b86fbb-r5,SS-784512b1c103,13,6,economic_tie_break,OPTIMAL,FEASIBLE_POINT,699122.684991971,699122.684991971,0,798,798,1232,3419,24,0,24,120,24,1,0,0,NaN,0,NaN,0.0,1.000000000014552,
5,14,DETERMINISTIC_RH,LEXMMFSA,shared_battery_mode_node_level_v1,SI-Drahi_13-d2-HET-UHI-BHI-b5b4fe09a4,TK-PB-Drahi_13-d2-HET-UHI-e201b86fbb-r5,SS-784512b1c103,13,1,lex_phase_1,OPTIMAL,FEASIBLE_POINT,60811.89826388458,60811.89826388458,0,798,798,1227,3389,24,0,24,120,24,1,0,0,NaN,0,NaN,4.547473508864641e-13,1.000000000014552,
5,14,DETERMINISTIC_RH,LEXMMFSA,shared_battery_mode_node_level_v1,SI-Drahi_13-d2-HET-UHI-BHI-b5b4fe09a4,TK-PB-Drahi_13-d2-HET-UHI-e201b86fbb-r5,SS-784512b1c103,13,2,lex_phase_2,OPTIMAL,FEASIBLE_POINT,121623.79652776913,121623.79652776913,0,798,798,1228,3395,24,0,24,120,24,1,0,0,NaN,0,NaN,4.547473508864641e-13,1.000000000014552,
5,14,DETERMINISTIC_RH,LEXMMFSA,shared_battery_mode_node_level_v1,SI-Drahi_13-d2-HET-UHI-BHI-b5b4fe09a4,TK-PB-Drahi_13-d2-HET-UHI-e201b86fbb-r5,SS-784512b1c103,13,3,lex_phase_3,OPTIMAL,FEASIBLE_POINT,182435.7129347162,182435.7129347162,0,798,798,1229,3401,24,0,24,120,24,1,0,0,NaN,0,NaN,4.547473508864641e-13,1.000000000014552,
5,14,DETERMINISTIC_RH,LEXMMFSA,shared_battery_mode_node_level_v1,SI-Drahi_13-d2-HET-UHI-BHI-b5b4fe09a4,TK-PB-Drahi_13-d2-HET-UHI-e201b86fbb-r5,SS-784512b1c103,13,4,lex_phase_4,OPTIMAL,FEASIBLE_POINT,243256.48185085622,243256.48185085622,0,798,798,1230,3407,24,0,24,120,24,1,0,0,NaN,0,NaN,4.547473508864641e-13,1.000000000014552,
5,14,DETERMINISTIC_RH,LEXMMFSA,shared_battery_mode_node_level_v1,SI-Drahi_13-d2-HET-UHI-BHI-b5b4fe09a4,TK-PB-Drahi_13-d2-HET-UHI-e201b86fbb-r5,SS-784512b1c103,13,5,lex_phase_5,OPTIMAL,FEASIBLE_POINT,304078.2507669962,304078.2507669962,0,798,798,1231,3413,24,0,24,120,24,1,0,0,NaN,0,NaN,4.547473508864641e-13,1.000000000014552,
5,14,DETERMINISTIC_RH,LEXMMFSA,shared_battery_mode_node_level_v1,SI-Drahi_13-d2-HET-UHI-BHI-b5b4fe09a4,TK-PB-Drahi_13-d2-HET-UHI-e201b86fbb-r5,SS-784512b1c103,13,6,economic_tie_break,OPTIMAL,FEASIBLE_POINT,699122.684991971,699122.684991971,0,798,798,1232,3419,24,0,24,120,24,1,0,0,NaN,0,NaN,4.547473508864641e-13,1.000000000014552,
5,15,DETERMINISTIC_RH,LEXMMFSA,shared_battery_mode_node_level_v1,SI-Drahi_13-d2-HET-UHI-BHI-b5b4fe09a4,TK-PB-Drahi_13-d2-HET-UHI-e201b86fbb-r5,SS-784512b1c103,13,1,lex_phase_1,OPTIMAL,FEASIBLE_POINT,60811.89826388458,60811.89826388458,0,798,798,1227,3389,24,0,24,120,24,1,0,0,NaN,0,NaN,9.663381206337363e-13,1.000000000014552,
5,15,DETERMINISTIC_RH,LEXMMFSA,shared_battery_mode_node_level_v1,SI-Drahi_13-d2-HET-UHI-BHI-b5b4fe09a4,TK-PB-Drahi_13-d2-HET-UHI-e201b86fbb-r5,SS-784512b1c103,13,2,lex_phase_2,OPTIMAL,FEASIBLE_POINT,121623.79652776913,121623.79652776913,0,798,798,1228,3395,24,0,24,120,24,1,0,0,NaN,0,NaN,9.663381206337363e-13,1.000000000014552,
5,15,DETERMINISTIC_RH,LEXMMFSA,shared_battery_mode_node_level_v1,SI-Drahi_13-d2-HET-UHI-BHI-b5b4fe09a4,TK-PB-Drahi_13-d2-HET-UHI-e201b86fbb-r5,SS-784512b1c103,13,3,lex_phase_3,OPTIMAL,FEASIBLE_POINT,182435.7129347162,182435.7129347162,0,798,798,1229,3401,24,0,24,120,24,1,0,0,NaN,0,NaN,9.663381206337363e-13,1.000000000014552,
5,15,DETERMINISTIC_RH,LEXMMFSA,shared_battery_mode_node_level_v1,SI-Drahi_13-d2-HET-UHI-BHI-b5b4fe09a4,TK-PB-Drahi_13-d2-HET-UHI-e201b86fbb-r5,SS-784512b1c103,13,4,lex_phase_4,OPTIMAL,FEASIBLE_POINT,243256.48185085622,243256.48185085622,0,798,798,1230,3407,24,0,24,120,24,1,0,0,NaN,0,NaN,9.663381206337363e-13,1.000000000014552,
5,15,DETERMINISTIC_RH,LEXMMFSA,shared_battery_mode_node_level_v1,SI-Drahi_13-d2-HET-UHI-BHI-b5b4fe09a4,TK-PB-Drahi_13-d2-HET-UHI-e201b86fbb-r5,SS-784512b1c103,13,5,lex_phase_5,OPTIMAL,FEASIBLE_POINT,304078.2507669962,304078.2507669962,0,798,798,1231,3413,24,0,24,120,24,1,0,0,NaN,0,NaN,9.663381206337363e-13,1.000000000014552,
5,15,DETERMINISTIC_RH,LEXMMFSA,shared_battery_mode_node_level_v1,SI-Drahi_13-d2-HET-UHI-BHI-b5b4fe09a4,TK-PB-Drahi_13-d2-HET-UHI-e201b86fbb-r5,SS-784512b1c103,13,6,economic_tie_break,OPTIMAL,FEASIBLE_POINT,699122.684991971,699122.684991971,0,798,798,1232,3419,24,0,24,120,24,1,0,0,NaN,0,NaN,9.663381206337363e-13,1.000000000014552,
5,16,DETERMINISTIC_RH,LEXMMFSA,shared_battery_mode_node_level_v1,SI-Drahi_13-d2-HET-UHI-BHI-b5b4fe09a4,TK-PB-Drahi_13-d2-HET-UHI-e201b86fbb-r5,SS-784512b1c103,13,1,lex_phase_1,OPTIMAL,FEASIBLE_POINT,60811.89826388458,60811.89826388458,0,798,798,1227,3389,24,0,24,120,24,1,0,0,NaN,0,NaN,3.126388037344441e-13,1.000000000014552,
5,16,DETERMINISTIC_RH,LEXMMFSA,shared_battery_mode_node_level_v1,SI-Drahi_13-d2-HET-UHI-BHI-b5b4fe09a4,TK-PB-Drahi_13-d2-HET-UHI-e201b86fbb-r5,SS-784512b1c103,13,2,lex_phase_2,OPTIMAL,FEASIBLE_POINT,121623.79652776913,121623.79652776913,0,798,798,1228,3395,24,0,24,120,24,1,0,0,NaN,0,NaN,3.126388037344441e-13,1.000000000014552,
5,16,DETERMINISTIC_RH,LEXMMFSA,shared_battery_mode_node_level_v1,SI-Drahi_13-d2-HET-UHI-BHI-b5b4fe09a4,TK-PB-Drahi_13-d2-HET-UHI-e201b86fbb-r5,SS-784512b1c103,13,3,lex_phase_3,OPTIMAL,FEASIBLE_POINT,182435.7129347162,182435.7129347162,0,798,798,1229,3401,24,0,24,120,24,1,0,0,NaN,0,NaN,3.126388037344441e-13,1.000000000014552,
5,16,DETERMINISTIC_RH,LEXMMFSA,shared_battery_mode_node_level_v1,SI-Drahi_13-d2-HET-UHI-BHI-b5b4fe09a4,TK-PB-Drahi_13-d2-HET-UHI-e201b86fbb-r5,SS-784512b1c103,13,4,lex_phase_4,OPTIMAL,FEASIBLE_POINT,243256.48185085622,243256.48185085622,0,798,798,1230,3407,24,0,24,120,24,1,0,0,NaN,0,NaN,3.126388037344441e-13,1.000000000014552,
5,16,DETERMINISTIC_RH,LEXMMFSA,shared_battery_mode_node_level_v1,SI-Drahi_13-d2-HET-UHI-BHI-b5b4fe09a4,TK-PB-Drahi_13-d2-HET-UHI-e201b86fbb-r5,SS-784512b1c103,13,5,lex_phase_5,OPTIMAL,FEASIBLE_POINT,304078.2507669962,304078.2507669962,0,798,798,1231,3413,24,0,24,120,24,1,0,0,NaN,0,NaN,3.126388037344441e-13,1.000000000014552,
5,16,DETERMINISTIC_RH,LEXMMFSA,shared_battery_mode_node_level_v1,SI-Drahi_13-d2-HET-UHI-BHI-b5b4fe09a4,TK-PB-Drahi_13-d2-HET-UHI-e201b86fbb-r5,SS-784512b1c103,13,6,economic_tie_break,OPTIMAL,FEASIBLE_POINT,699122.684991971,699122.684991971,0,798,798,1232,3419,24,0,24,120,24,1,0,0,NaN,0,NaN,3.126388037344441e-13,1.000000000014552,
5,17,DETERMINISTIC_RH,LEXMMFSA,shared_battery_mode_node_level_v1,SI-Drahi_13-d2-HET-UHI-BHI-b5b4fe09a4,TK-PB-Drahi_13-d2-HET-UHI-e201b86fbb-r5,SS-ced84ca7a4eb,17,1,lex_phase_1,OPTIMAL,FEASIBLE_POINT,65344.90928157638,65344.90928157638,0,798,798,1227,3389,24,0,24,120,24,1,0,0,NaN,0,NaN,0.0,0.9999999999708962,
5,17,DETERMINISTIC_RH,LEXMMFSA,shared_battery_mode_node_level_v1,SI-Drahi_13-d2-HET-UHI-BHI-b5b4fe09a4,TK-PB-Drahi_13-d2-HET-UHI-e201b86fbb-r5,SS-ced84ca7a4eb,17,2,lex_phase_2,OPTIMAL,FEASIBLE_POINT,130689.81856315274,130689.81856315274,0,798,798,1228,3395,24,0,24,120,24,1,0,0,NaN,0,NaN,0.0,0.9999999999708962,
5,17,DETERMINISTIC_RH,LEXMMFSA,shared_battery_mode_node_level_v1,SI-Drahi_13-d2-HET-UHI-BHI-b5b4fe09a4,TK-PB-Drahi_13-d2-HET-UHI-e201b86fbb-r5,SS-ced84ca7a4eb,17,3,lex_phase_3,OPTIMAL,FEASIBLE_POINT,196034.72784472912,196034.72784472912,0,798,798,1229,3401,24,0,24,120,24,1,0,0,NaN,0,NaN,0.0,0.9999999999708962,
5,17,DETERMINISTIC_RH,LEXMMFSA,shared_battery_mode_node_level_v1,SI-Drahi_13-d2-HET-UHI-BHI-b5b4fe09a4,TK-PB-Drahi_13-d2-HET-UHI-e201b86fbb-r5,SS-ced84ca7a4eb,17,4,lex_phase_4,OPTIMAL,FEASIBLE_POINT,261389.65262630544,261389.65262630544,0,798,798,1230,3407,24,0,24,120,24,1,0,0,NaN,0,NaN,0.0,0.9999999999708962,
5,17,DETERMINISTIC_RH,LEXMMFSA,shared_battery_mode_node_level_v1,SI-Drahi_13-d2-HET-UHI-BHI-b5b4fe09a4,TK-PB-Drahi_13-d2-HET-UHI-e201b86fbb-r5,SS-ced84ca7a4eb,17,5,lex_phase_5,OPTIMAL,FEASIBLE_POINT,326745.57740788173,326745.57740788173,0,798,798,1231,3413,24,0,24,120,24,1,0,0,NaN,0,NaN,0.0,0.9999999999708962,
5,17,DETERMINISTIC_RH,LEXMMFSA,shared_battery_mode_node_level_v1,SI-Drahi_13-d2-HET-UHI-BHI-b5b4fe09a4,TK-PB-Drahi_13-d2-HET-UHI-e201b86fbb-r5,SS-ced84ca7a4eb,17,6,economic_tie_break,OPTIMAL,FEASIBLE_POINT,725696.6359537762,725696.6359537762,0,798,798,1232,3419,24,0,24,120,24,1,0,0,NaN,0,NaN,0.0,0.9999999999708962,
5,18,DETERMINISTIC_RH,LEXMMFSA,shared_battery_mode_node_level_v1,SI-Drahi_13-d2-HET-UHI-BHI-b5b4fe09a4,TK-PB-Drahi_13-d2-HET-UHI-e201b86fbb-r5,SS-ced84ca7a4eb,17,1,lex_phase_1,OPTIMAL,FEASIBLE_POINT,65344.90928157638,65344.90928157638,0,798,798,1227,3389,24,0,24,120,24,1,0,0,NaN,0,NaN,4.689582056016661e-13,0.9999999999708962,
5,18,DETERMINISTIC_RH,LEXMMFSA,shared_battery_mode_node_level_v1,SI-Drahi_13-d2-HET-UHI-BHI-b5b4fe09a4,TK-PB-Drahi_13-d2-HET-UHI-e201b86fbb-r5,SS-ced84ca7a4eb,17,2,lex_phase_2,OPTIMAL,FEASIBLE_POINT,130689.81856315274,130689.81856315274,0,798,798,1228,3395,24,0,24,120,24,1,0,0,NaN,0,NaN,4.689582056016661e-13,0.9999999999708962,
5,18,DETERMINISTIC_RH,LEXMMFSA,shared_battery_mode_node_level_v1,SI-Drahi_13-d2-HET-UHI-BHI-b5b4fe09a4,TK-PB-Drahi_13-d2-HET-UHI-e201b86fbb-r5,SS-ced84ca7a4eb,17,3,lex_phase_3,OPTIMAL,FEASIBLE_POINT,196034.72784472912,196034.72784472912,0,798,798,1229,3401,24,0,24,120,24,1,0,0,NaN,0,NaN,4.689582056016661e-13,0.9999999999708962,
5,18,DETERMINISTIC_RH,LEXMMFSA,shared_battery_mode_node_level_v1,SI-Drahi_13-d2-HET-UHI-BHI-b5b4fe09a4,TK-PB-Drahi_13-d2-HET-UHI-e201b86fbb-r5,SS-ced84ca7a4eb,17,4,lex_phase_4,OPTIMAL,FEASIBLE_POINT,261389.65262630544,261389.65262630544,0,798,798,1230,3407,24,0,24,120,24,1,0,0,NaN,0,NaN,4.689582056016661e-13,0.9999999999708962,
5,18,DETERMINISTIC_RH,LEXMMFSA,shared_battery_mode_node_level_v1,SI-Drahi_13-d2-HET-UHI-BHI-b5b4fe09a4,TK-PB-Drahi_13-d2-HET-UHI-e201b86fbb-r5,SS-ced84ca7a4eb,17,5,lex_phase_5,OPTIMAL,FEASIBLE_POINT,326745.57740788173,326745.57740788173,0,798,798,1231,3413,24,0,24,120,24,1,0,0,NaN,0,NaN,4.689582056016661e-13,0.9999999999708962,
5,18,DETERMINISTIC_RH,LEXMMFSA,shared_battery_mode_node_level_v1,SI-Drahi_13-d2-HET-UHI-BHI-b5b4fe09a4,TK-PB-Drahi_13-d2-HET-UHI-e201b86fbb-r5,SS-ced84ca7a4eb,17,6,economic_tie_break,OPTIMAL,FEASIBLE_POINT,725696.6359537762,725696.6359537762,0,798,798,1232,3419,24,0,24,120,24,1,0,0,NaN,0,NaN,4.689582056016661e-13,0.9999999999708962,
5,19,DETERMINISTIC_RH,LEXMMFSA,shared_battery_mode_node_level_v1,SI-Drahi_13-d2-HET-UHI-BHI-b5b4fe09a4,TK-PB-Drahi_13-d2-HET-UHI-e201b86fbb-r5,SS-ced84ca7a4eb,17,1,lex_phase_1,OPTIMAL,FEASIBLE_POINT,65344.90928157638,65344.90928157638,0,798,798,1227,3389,24,0,24,120,24,1,0,0,NaN,0,NaN,4.462549277266749,0.9999999999708962,
5,19,DETERMINISTIC_RH,LEXMMFSA,shared_battery_mode_node_level_v1,SI-Drahi_13-d2-HET-UHI-BHI-b5b4fe09a4,TK-PB-Drahi_13-d2-HET-UHI-e201b86fbb-r5,SS-ced84ca7a4eb,17,2,lex_phase_2,OPTIMAL,FEASIBLE_POINT,130689.81856315274,130689.81856315274,0,798,798,1228,3395,24,0,24,120,24,1,0,0,NaN,0,NaN,4.462549277266749,0.9999999999708962,
5,19,DETERMINISTIC_RH,LEXMMFSA,shared_battery_mode_node_level_v1,SI-Drahi_13-d2-HET-UHI-BHI-b5b4fe09a4,TK-PB-Drahi_13-d2-HET-UHI-e201b86fbb-r5,SS-ced84ca7a4eb,17,3,lex_phase_3,OPTIMAL,FEASIBLE_POINT,196034.72784472912,196034.72784472912,0,798,798,1229,3401,24,0,24,120,24,1,0,0,NaN,0,NaN,4.462549277266749,0.9999999999708962,
5,19,DETERMINISTIC_RH,LEXMMFSA,shared_battery_mode_node_level_v1,SI-Drahi_13-d2-HET-UHI-BHI-b5b4fe09a4,TK-PB-Drahi_13-d2-HET-UHI-e201b86fbb-r5,SS-ced84ca7a4eb,17,4,lex_phase_4,OPTIMAL,FEASIBLE_POINT,261389.65262630544,261389.65262630544,0,798,798,1230,3407,24,0,24,120,24,1,0,0,NaN,0,NaN,4.462549277266749,0.9999999999708962,
5,19,DETERMINISTIC_RH,LEXMMFSA,shared_battery_mode_node_level_v1,SI-Drahi_13-d2-HET-UHI-BHI-b5b4fe09a4,TK-PB-Drahi_13-d2-HET-UHI-e201b86fbb-r5,SS-ced84ca7a4eb,17,5,lex_phase_5,OPTIMAL,FEASIBLE_POINT,326745.57740788173,326745.57740788173,0,798,798,1231,3413,24,0,24,120,24,1,0,0,NaN,0,NaN,4.462549277266749,0.9999999999708962,
5,19,DETERMINISTIC_RH,LEXMMFSA,shared_battery_mode_node_level_v1,SI-Drahi_13-d2-HET-UHI-BHI-b5b4fe09a4,TK-PB-Drahi_13-d2-HET-UHI-e201b86fbb-r5,SS-ced84ca7a4eb,17,6,economic_tie_break,OPTIMAL,FEASIBLE_POINT,725696.6359537762,725696.6359537762,0,798,798,1232,3419,24,0,24,120,24,1,0,0,NaN,0,NaN,4.462549277266749,0.9999999999708962,
5,20,DETERMINISTIC_RH,LEXMMFSA,shared_battery_mode_node_level_v1,SI-Drahi_13-d2-HET-UHI-BHI-b5b4fe09a4,TK-PB-Drahi_13-d2-HET-UHI-e201b86fbb-r5,SS-ced84ca7a4eb,17,1,lex_phase_1,OPTIMAL,FEASIBLE_POINT,65344.90928157638,65344.90928157638,0,798,798,1227,3389,24,0,24,120,24,1,0,0,NaN,0,NaN,3.694822225952521e-13,0.9999999999708962,
5,20,DETERMINISTIC_RH,LEXMMFSA,shared_battery_mode_node_level_v1,SI-Drahi_13-d2-HET-UHI-BHI-b5b4fe09a4,TK-PB-Drahi_13-d2-HET-UHI-e201b86fbb-r5,SS-ced84ca7a4eb,17,2,lex_phase_2,OPTIMAL,FEASIBLE_POINT,130689.81856315274,130689.81856315274,0,798,798,1228,3395,24,0,24,120,24,1,0,0,NaN,0,NaN,3.694822225952521e-13,0.9999999999708962,
5,20,DETERMINISTIC_RH,LEXMMFSA,shared_battery_mode_node_level_v1,SI-Drahi_13-d2-HET-UHI-BHI-b5b4fe09a4,TK-PB-Drahi_13-d2-HET-UHI-e201b86fbb-r5,SS-ced84ca7a4eb,17,3,lex_phase_3,OPTIMAL,FEASIBLE_POINT,196034.72784472912,196034.72784472912,0,798,798,1229,3401,24,0,24,120,24,1,0,0,NaN,0,NaN,3.694822225952521e-13,0.9999999999708962,
5,20,DETERMINISTIC_RH,LEXMMFSA,shared_battery_mode_node_level_v1,SI-Drahi_13-d2-HET-UHI-BHI-b5b4fe09a4,TK-PB-Drahi_13-d2-HET-UHI-e201b86fbb-r5,SS-ced84ca7a4eb,17,4,lex_phase_4,OPTIMAL,FEASIBLE_POINT,261389.65262630544,261389.65262630544,0,798,798,1230,3407,24,0,24,120,24,1,0,0,NaN,0,NaN,3.694822225952521e-13,0.9999999999708962,
5,20,DETERMINISTIC_RH,LEXMMFSA,shared_battery_mode_node_level_v1,SI-Drahi_13-d2-HET-UHI-BHI-b5b4fe09a4,TK-PB-Drahi_13-d2-HET-UHI-e201b86fbb-r5,SS-ced84ca7a4eb,17,5,lex_phase_5,OPTIMAL,FEASIBLE_POINT,326745.57740788173,326745.57740788173,0,798,798,1231,3413,24,0,24,120,24,1,0,0,NaN,0,NaN,3.694822225952521e-13,0.9999999999708962,
5,20,DETERMINISTIC_RH,LEXMMFSA,shared_battery_mode_node_level_v1,SI-Drahi_13-d2-HET-UHI-BHI-b5b4fe09a4,TK-PB-Drahi_13-d2-HET-UHI-e201b86fbb-r5,SS-ced84ca7a4eb,17,6,economic_tie_break,OPTIMAL,FEASIBLE_POINT,725696.6359537762,725696.6359537762,0,798,798,1232,3419,24,0,24,120,24,1,0,0,NaN,0,NaN,3.694822225952521e-13,0.9999999999708962,
5,21,DETERMINISTIC_RH,LEXMMFSA,shared_battery_mode_node_level_v1,SI-Drahi_13-d2-HET-UHI-BHI-b5b4fe09a4,TK-PB-Drahi_13-d2-HET-UHI-e201b86fbb-r5,SS-fec72d83146f,21,1,lex_phase_1,OPTIMAL,FEASIBLE_POINT,63545.12021847752,63545.12021847752,0,798,798,1227,3389,24,0,24,120,24,1,0,0,NaN,0,NaN,0.0,0.9999999999708962,
5,21,DETERMINISTIC_RH,LEXMMFSA,shared_battery_mode_node_level_v1,SI-Drahi_13-d2-HET-UHI-BHI-b5b4fe09a4,TK-PB-Drahi_13-d2-HET-UHI-e201b86fbb-r5,SS-fec72d83146f,21,2,lex_phase_2,OPTIMAL,FEASIBLE_POINT,127090.24043695496,127090.24043695496,0,798,798,1228,3395,24,0,24,120,24,1,0,0,NaN,0,NaN,0.0,0.9999999999708962,
5,21,DETERMINISTIC_RH,LEXMMFSA,shared_battery_mode_node_level_v1,SI-Drahi_13-d2-HET-UHI-BHI-b5b4fe09a4,TK-PB-Drahi_13-d2-HET-UHI-e201b86fbb-r5,SS-fec72d83146f,21,3,lex_phase_3,OPTIMAL,FEASIBLE_POINT,190641.53098876582,190641.53098876582,0,798,798,1229,3401,24,0,24,120,24,1,0,0,NaN,0,NaN,0.0,0.9999999999708962,
5,21,DETERMINISTIC_RH,LEXMMFSA,shared_battery_mode_node_level_v1,SI-Drahi_13-d2-HET-UHI-BHI-b5b4fe09a4,TK-PB-Drahi_13-d2-HET-UHI-e201b86fbb-r5,SS-fec72d83146f,21,4,lex_phase_4,OPTIMAL,FEASIBLE_POINT,254193.82154057676,254193.82154057676,0,798,798,1230,3407,24,0,24,120,24,1,0,0,NaN,0,NaN,0.0,0.9999999999708962,
5,21,DETERMINISTIC_RH,LEXMMFSA,shared_battery_mode_node_level_v1,SI-Drahi_13-d2-HET-UHI-BHI-b5b4fe09a4,TK-PB-Drahi_13-d2-HET-UHI-e201b86fbb-r5,SS-fec72d83146f,21,5,lex_phase_5,OPTIMAL,FEASIBLE_POINT,317746.11209238775,317746.11209238775,0,798,798,1231,3413,24,0,24,120,24,1,0,0,NaN,0,NaN,0.0,0.9999999999708962,
5,21,DETERMINISTIC_RH,LEXMMFSA,shared_battery_mode_node_level_v1,SI-Drahi_13-d2-HET-UHI-BHI-b5b4fe09a4,TK-PB-Drahi_13-d2-HET-UHI-e201b86fbb-r5,SS-fec72d83146f,21,6,economic_tie_break,OPTIMAL,FEASIBLE_POINT,771913.8630585894,771913.8630585894,0,798,798,1232,3419,24,0,24,120,24,1,0,0,NaN,0,NaN,0.0,0.9999999999708962,
5,22,DETERMINISTIC_RH,LEXMMFSA,shared_battery_mode_node_level_v1,SI-Drahi_13-d2-HET-UHI-BHI-b5b4fe09a4,TK-PB-Drahi_13-d2-HET-UHI-e201b86fbb-r5,SS-fec72d83146f,21,1,lex_phase_1,OPTIMAL,FEASIBLE_POINT,63545.12021847752,63545.12021847752,0,798,798,1227,3389,24,0,24,120,24,1,0,0,NaN,0,NaN,5.258016244624741e-13,0.9999999999708962,
5,22,DETERMINISTIC_RH,LEXMMFSA,shared_battery_mode_node_level_v1,SI-Drahi_13-d2-HET-UHI-BHI-b5b4fe09a4,TK-PB-Drahi_13-d2-HET-UHI-e201b86fbb-r5,SS-fec72d83146f,21,2,lex_phase_2,OPTIMAL,FEASIBLE_POINT,127090.24043695496,127090.24043695496,0,798,798,1228,3395,24,0,24,120,24,1,0,0,NaN,0,NaN,5.258016244624741e-13,0.9999999999708962,
5,22,DETERMINISTIC_RH,LEXMMFSA,shared_battery_mode_node_level_v1,SI-Drahi_13-d2-HET-UHI-BHI-b5b4fe09a4,TK-PB-Drahi_13-d2-HET-UHI-e201b86fbb-r5,SS-fec72d83146f,21,3,lex_phase_3,OPTIMAL,FEASIBLE_POINT,190641.53098876582,190641.53098876582,0,798,798,1229,3401,24,0,24,120,24,1,0,0,NaN,0,NaN,5.258016244624741e-13,0.9999999999708962,
5,22,DETERMINISTIC_RH,LEXMMFSA,shared_battery_mode_node_level_v1,SI-Drahi_13-d2-HET-UHI-BHI-b5b4fe09a4,TK-PB-Drahi_13-d2-HET-UHI-e201b86fbb-r5,SS-fec72d83146f,21,4,lex_phase_4,OPTIMAL,FEASIBLE_POINT,254193.82154057676,254193.82154057676,0,798,798,1230,3407,24,0,24,120,24,1,0,0,NaN,0,NaN,5.258016244624741e-13,0.9999999999708962,
5,22,DETERMINISTIC_RH,LEXMMFSA,shared_battery_mode_node_level_v1,SI-Drahi_13-d2-HET-UHI-BHI-b5b4fe09a4,TK-PB-Drahi_13-d2-HET-UHI-e201b86fbb-r5,SS-fec72d83146f,21,5,lex_phase_5,OPTIMAL,FEASIBLE_POINT,317746.11209238775,317746.11209238775,0,798,798,1231,3413,24,0,24,120,24,1,0,0,NaN,0,NaN,5.258016244624741e-13,0.9999999999708962,
5,22,DETERMINISTIC_RH,LEXMMFSA,shared_battery_mode_node_level_v1,SI-Drahi_13-d2-HET-UHI-BHI-b5b4fe09a4,TK-PB-Drahi_13-d2-HET-UHI-e201b86fbb-r5,SS-fec72d83146f,21,6,economic_tie_break,OPTIMAL,FEASIBLE_POINT,771913.8630585894,771913.8630585894,0,798,798,1232,3419,24,0,24,120,24,1,0,0,NaN,0,NaN,5.258016244624741e-13,0.9999999999708962,
5,23,DETERMINISTIC_RH,LEXMMFSA,shared_battery_mode_node_level_v1,SI-Drahi_13-d2-HET-UHI-BHI-b5b4fe09a4,TK-PB-Drahi_13-d2-HET-UHI-e201b86fbb-r5,SS-fec72d83146f,21,1,lex_phase_1,OPTIMAL,FEASIBLE_POINT,63545.12021847752,63545.12021847752,0,798,798,1227,3389,24,0,24,120,24,1,0,0,NaN,0,NaN,3.268496584496461e-13,0.9999999999708962,
5,23,DETERMINISTIC_RH,LEXMMFSA,shared_battery_mode_node_level_v1,SI-Drahi_13-d2-HET-UHI-BHI-b5b4fe09a4,TK-PB-Drahi_13-d2-HET-UHI-e201b86fbb-r5,SS-fec72d83146f,21,2,lex_phase_2,OPTIMAL,FEASIBLE_POINT,127090.24043695496,127090.24043695496,0,798,798,1228,3395,24,0,24,120,24,1,0,0,NaN,0,NaN,3.268496584496461e-13,0.9999999999708962,
5,23,DETERMINISTIC_RH,LEXMMFSA,shared_battery_mode_node_level_v1,SI-Drahi_13-d2-HET-UHI-BHI-b5b4fe09a4,TK-PB-Drahi_13-d2-HET-UHI-e201b86fbb-r5,SS-fec72d83146f,21,3,lex_phase_3,OPTIMAL,FEASIBLE_POINT,190641.53098876582,190641.53098876582,0,798,798,1229,3401,24,0,24,120,24,1,0,0,NaN,0,NaN,3.268496584496461e-13,0.9999999999708962,
5,23,DETERMINISTIC_RH,LEXMMFSA,shared_battery_mode_node_level_v1,SI-Drahi_13-d2-HET-UHI-BHI-b5b4fe09a4,TK-PB-Drahi_13-d2-HET-UHI-e201b86fbb-r5,SS-fec72d83146f,21,4,lex_phase_4,OPTIMAL,FEASIBLE_POINT,254193.82154057676,254193.82154057676,0,798,798,1230,3407,24,0,24,120,24,1,0,0,NaN,0,NaN,3.268496584496461e-13,0.9999999999708962,
5,23,DETERMINISTIC_RH,LEXMMFSA,shared_battery_mode_node_level_v1,SI-Drahi_13-d2-HET-UHI-BHI-b5b4fe09a4,TK-PB-Drahi_13-d2-HET-UHI-e201b86fbb-r5,SS-fec72d83146f,21,5,lex_phase_5,OPTIMAL,FEASIBLE_POINT,317746.11209238775,317746.11209238775,0,798,798,1231,3413,24,0,24,120,24,1,0,0,NaN,0,NaN,3.268496584496461e-13,0.9999999999708962,
5,23,DETERMINISTIC_RH,LEXMMFSA,shared_battery_mode_node_level_v1,SI-Drahi_13-d2-HET-UHI-BHI-b5b4fe09a4,TK-PB-Drahi_13-d2-HET-UHI-e201b86fbb-r5,SS-fec72d83146f,21,6,economic_tie_break,OPTIMAL,FEASIBLE_POINT,771913.8630585894,771913.8630585894,0,798,798,1232,3419,24,0,24,120,24,1,0,0,NaN,0,NaN,3.268496584496461e-13,0.9999999999708962,
5,24,DETERMINISTIC_RH,LEXMMFSA,shared_battery_mode_node_level_v1,SI-Drahi_13-d2-HET-UHI-BHI-b5b4fe09a4,TK-PB-Drahi_13-d2-HET-UHI-e201b86fbb-r5,SS-fec72d83146f,21,1,lex_phase_1,OPTIMAL,FEASIBLE_POINT,63545.12021847752,63545.12021847752,0,798,798,1227,3389,24,0,24,120,24,1,0,0,NaN,0,NaN,8.526512829121202e-14,0.9999999999708962,
5,24,DETERMINISTIC_RH,LEXMMFSA,shared_battery_mode_node_level_v1,SI-Drahi_13-d2-HET-UHI-BHI-b5b4fe09a4,TK-PB-Drahi_13-d2-HET-UHI-e201b86fbb-r5,SS-fec72d83146f,21,2,lex_phase_2,OPTIMAL,FEASIBLE_POINT,127090.24043695496,127090.24043695496,0,798,798,1228,3395,24,0,24,120,24,1,0,0,NaN,0,NaN,8.526512829121202e-14,0.9999999999708962,
5,24,DETERMINISTIC_RH,LEXMMFSA,shared_battery_mode_node_level_v1,SI-Drahi_13-d2-HET-UHI-BHI-b5b4fe09a4,TK-PB-Drahi_13-d2-HET-UHI-e201b86fbb-r5,SS-fec72d83146f,21,3,lex_phase_3,OPTIMAL,FEASIBLE_POINT,190641.53098876582,190641.53098876582,0,798,798,1229,3401,24,0,24,120,24,1,0,0,NaN,0,NaN,8.526512829121202e-14,0.9999999999708962,
5,24,DETERMINISTIC_RH,LEXMMFSA,shared_battery_mode_node_level_v1,SI-Drahi_13-d2-HET-UHI-BHI-b5b4fe09a4,TK-PB-Drahi_13-d2-HET-UHI-e201b86fbb-r5,SS-fec72d83146f,21,4,lex_phase_4,OPTIMAL,FEASIBLE_POINT,254193.82154057676,254193.82154057676,0,798,798,1230,3407,24,0,24,120,24,1,0,0,NaN,0,NaN,8.526512829121202e-14,0.9999999999708962,
5,24,DETERMINISTIC_RH,LEXMMFSA,shared_battery_mode_node_level_v1,SI-Drahi_13-d2-HET-UHI-BHI-b5b4fe09a4,TK-PB-Drahi_13-d2-HET-UHI-e201b86fbb-r5,SS-fec72d83146f,21,5,lex_phase_5,OPTIMAL,FEASIBLE_POINT,317746.11209238775,317746.11209238775,0,798,798,1231,3413,24,0,24,120,24,1,0,0,NaN,0,NaN,8.526512829121202e-14,0.9999999999708962,
5,24,DETERMINISTIC_RH,LEXMMFSA,shared_battery_mode_node_level_v1,SI-Drahi_13-d2-HET-UHI-BHI-b5b4fe09a4,TK-PB-Drahi_13-d2-HET-UHI-e201b86fbb-r5,SS-fec72d83146f,21,6,economic_tie_break,OPTIMAL,FEASIBLE_POINT,771913.8630585894,771913.8630585894,0,798,798,1232,3419,24,0,24,120,24,1,0,0,NaN,0,NaN,8.526512829121202e-14,0.9999999999708962,
5,1,DETERMINISTIC_RH,NONE,shared_battery_mode_node_level_v1,SI-Drahi_13-d2-HET-UHI-BHI-b5b4fe09a4,TK-PB-Drahi_13-d2-HET-UHI-e201b86fbb-r5,SS-b6fde45dba3b,1,0,single_solve,OPTIMAL,FEASIBLE_POINT,454601.3808620731,454601.3808620731,0,768,768,1177,1539,24,0,24,120,24,1,0,0,NaN,0,NaN,0.0,0.0,
5,2,DETERMINISTIC_RH,NONE,shared_battery_mode_node_level_v1,SI-Drahi_13-d2-HET-UHI-BHI-b5b4fe09a4,TK-PB-Drahi_13-d2-HET-UHI-e201b86fbb-r5,SS-b6fde45dba3b,1,0,single_solve,OPTIMAL,FEASIBLE_POINT,454601.3808620731,454601.3808620731,0,768,768,1177,1539,24,0,24,120,24,1,0,0,NaN,0,NaN,4.689582056016661e-13,0.0,
5,3,DETERMINISTIC_RH,NONE,shared_battery_mode_node_level_v1,SI-Drahi_13-d2-HET-UHI-BHI-b5b4fe09a4,TK-PB-Drahi_13-d2-HET-UHI-e201b86fbb-r5,SS-b6fde45dba3b,1,0,single_solve,OPTIMAL,FEASIBLE_POINT,454601.3808620731,454601.3808620731,0,768,768,1177,1539,24,0,24,120,24,1,0,0,NaN,0,NaN,2.984279490192421e-13,0.0,
5,4,DETERMINISTIC_RH,NONE,shared_battery_mode_node_level_v1,SI-Drahi_13-d2-HET-UHI-BHI-b5b4fe09a4,TK-PB-Drahi_13-d2-HET-UHI-e201b86fbb-r5,SS-b6fde45dba3b,1,0,single_solve,OPTIMAL,FEASIBLE_POINT,454601.3808620731,454601.3808620731,0,768,768,1177,1539,24,0,24,120,24,1,0,0,NaN,0,NaN,0.09750000000000003,0.0,
5,5,DETERMINISTIC_RH,NONE,shared_battery_mode_node_level_v1,SI-Drahi_13-d2-HET-UHI-BHI-b5b4fe09a4,TK-PB-Drahi_13-d2-HET-UHI-e201b86fbb-r5,SS-59c6d7df9164,5,0,single_solve,OPTIMAL,FEASIBLE_POINT,599193.7402679791,599193.7402679791,0,768,768,1177,1539,24,0,24,120,24,1,0,0,NaN,0,NaN,0.0,0.0,
5,6,DETERMINISTIC_RH,NONE,shared_battery_mode_node_level_v1,SI-Drahi_13-d2-HET-UHI-BHI-b5b4fe09a4,TK-PB-Drahi_13-d2-HET-UHI-e201b86fbb-r5,SS-59c6d7df9164,5,0,single_solve,OPTIMAL,FEASIBLE_POINT,599193.7402679791,599193.7402679791,0,768,768,1177,1539,24,0,24,120,24,1,0,0,NaN,0,NaN,4.831690603168681e-13,0.0,
5,7,DETERMINISTIC_RH,NONE,shared_battery_mode_node_level_v1,SI-Drahi_13-d2-HET-UHI-BHI-b5b4fe09a4,TK-PB-Drahi_13-d2-HET-UHI-e201b86fbb-r5,SS-59c6d7df9164,5,0,single_solve,OPTIMAL,FEASIBLE_POINT,599193.7402679791,599193.7402679791,0,768,768,1177,1539,24,0,24,120,24,1,0,0,NaN,0,NaN,1.9895196601282805e-13,0.0,
5,8,DETERMINISTIC_RH,NONE,shared_battery_mode_node_level_v1,SI-Drahi_13-d2-HET-UHI-BHI-b5b4fe09a4,TK-PB-Drahi_13-d2-HET-UHI-e201b86fbb-r5,SS-59c6d7df9164,5,0,single_solve,OPTIMAL,FEASIBLE_POINT,599193.7402679791,599193.7402679791,0,768,768,1177,1539,24,0,24,120,24,1,0,0,NaN,0,NaN,3.836930773104541e-13,0.0,
5,9,DETERMINISTIC_RH,NONE,shared_battery_mode_node_level_v1,SI-Drahi_13-d2-HET-UHI-BHI-b5b4fe09a4,TK-PB-Drahi_13-d2-HET-UHI-e201b86fbb-r5,SS-baeb7d556d60,9,0,single_solve,OPTIMAL,FEASIBLE_POINT,419680.7670547696,419680.7670547696,0,768,768,1177,1539,24,0,24,120,24,1,0,0,NaN,0,NaN,0.0,0.0,
5,10,DETERMINISTIC_RH,NONE,shared_battery_mode_node_level_v1,SI-Drahi_13-d2-HET-UHI-BHI-b5b4fe09a4,TK-PB-Drahi_13-d2-HET-UHI-e201b86fbb-r5,SS-baeb7d556d60,9,0,single_solve,OPTIMAL,FEASIBLE_POINT,419680.7670547696,419680.7670547696,0,768,768,1177,1539,24,0,24,120,24,1,0,0,NaN,0,NaN,1.0231815394945443e-12,0.0,
5,11,DETERMINISTIC_RH,NONE,shared_battery_mode_node_level_v1,SI-Drahi_13-d2-HET-UHI-BHI-b5b4fe09a4,TK-PB-Drahi_13-d2-HET-UHI-e201b86fbb-r5,SS-baeb7d556d60,9,0,single_solve,OPTIMAL,FEASIBLE_POINT,419680.7670547696,419680.7670547696,0,768,768,1177,1539,24,0,24,120,24,1,0,0,NaN,0,NaN,6.536993168992922e-13,0.0,
5,12,DETERMINISTIC_RH,NONE,shared_battery_mode_node_level_v1,SI-Drahi_13-d2-HET-UHI-BHI-b5b4fe09a4,TK-PB-Drahi_13-d2-HET-UHI-e201b86fbb-r5,SS-baeb7d556d60,9,0,single_solve,OPTIMAL,FEASIBLE_POINT,419680.7670547696,419680.7670547696,0,768,768,1177,1539,24,0,24,120,24,1,0,0,NaN,0,NaN,8.526512829121202e-13,0.0,
5,13,DETERMINISTIC_RH,NONE,shared_battery_mode_node_level_v1,SI-Drahi_13-d2-HET-UHI-BHI-b5b4fe09a4,TK-PB-Drahi_13-d2-HET-UHI-e201b86fbb-r5,SS-784512b1c103,13,0,single_solve,OPTIMAL,FEASIBLE_POINT,458200.6662378721,458200.6662378721,0,768,768,1177,1539,24,0,24,120,24,1,0,0,NaN,0,NaN,0.0,0.0,
5,14,DETERMINISTIC_RH,NONE,shared_battery_mode_node_level_v1,SI-Drahi_13-d2-HET-UHI-BHI-b5b4fe09a4,TK-PB-Drahi_13-d2-HET-UHI-e201b86fbb-r5,SS-784512b1c103,13,0,single_solve,OPTIMAL,FEASIBLE_POINT,458200.6662378721,458200.6662378721,0,768,768,1177,1539,24,0,24,120,24,1,0,0,NaN,0,NaN,4.547473508864641e-13,0.0,
5,15,DETERMINISTIC_RH,NONE,shared_battery_mode_node_level_v1,SI-Drahi_13-d2-HET-UHI-BHI-b5b4fe09a4,TK-PB-Drahi_13-d2-HET-UHI-e201b86fbb-r5,SS-784512b1c103,13,0,single_solve,OPTIMAL,FEASIBLE_POINT,458200.6662378721,458200.6662378721,0,768,768,1177,1539,24,0,24,120,24,1,0,0,NaN,0,NaN,9.663381206337363e-13,0.0,
5,16,DETERMINISTIC_RH,NONE,shared_battery_mode_node_level_v1,SI-Drahi_13-d2-HET-UHI-BHI-b5b4fe09a4,TK-PB-Drahi_13-d2-HET-UHI-e201b86fbb-r5,SS-784512b1c103,13,0,single_solve,OPTIMAL,FEASIBLE_POINT,458200.6662378721,458200.6662378721,0,768,768,1177,1539,24,0,24,120,24,1,0,0,NaN,0,NaN,3.126388037344441e-13,0.0,
5,17,DETERMINISTIC_RH,NONE,shared_battery_mode_node_level_v1,SI-Drahi_13-d2-HET-UHI-BHI-b5b4fe09a4,TK-PB-Drahi_13-d2-HET-UHI-e201b86fbb-r5,SS-ced84ca7a4eb,17,0,single_solve,OPTIMAL,FEASIBLE_POINT,463304.31197512266,463304.31197512266,0,768,768,1177,1539,24,0,24,120,24,1,0,0,NaN,0,NaN,0.0,0.0,
5,18,DETERMINISTIC_RH,NONE,shared_battery_mode_node_level_v1,SI-Drahi_13-d2-HET-UHI-BHI-b5b4fe09a4,TK-PB-Drahi_13-d2-HET-UHI-e201b86fbb-r5,SS-ced84ca7a4eb,17,0,single_solve,OPTIMAL,FEASIBLE_POINT,463304.31197512266,463304.31197512266,0,768,768,1177,1539,24,0,24,120,24,1,0,0,NaN,0,NaN,4.689582056016661e-13,0.0,
5,19,DETERMINISTIC_RH,NONE,shared_battery_mode_node_level_v1,SI-Drahi_13-d2-HET-UHI-BHI-b5b4fe09a4,TK-PB-Drahi_13-d2-HET-UHI-e201b86fbb-r5,SS-ced84ca7a4eb,17,0,single_solve,OPTIMAL,FEASIBLE_POINT,463304.31197512266,463304.31197512266,0,768,768,1177,1539,24,0,24,120,24,1,0,0,NaN,0,NaN,4.831690603168681e-13,0.0,
5,20,DETERMINISTIC_RH,NONE,shared_battery_mode_node_level_v1,SI-Drahi_13-d2-HET-UHI-BHI-b5b4fe09a4,TK-PB-Drahi_13-d2-HET-UHI-e201b86fbb-r5,SS-ced84ca7a4eb,17,0,single_solve,OPTIMAL,FEASIBLE_POINT,463304.31197512266,463304.31197512266,0,768,768,1177,1539,24,0,24,120,24,1,0,0,NaN,0,NaN,3.694822225952521e-13,0.0,
5,21,DETERMINISTIC_RH,NONE,shared_battery_mode_node_level_v1,SI-Drahi_13-d2-HET-UHI-BHI-b5b4fe09a4,TK-PB-Drahi_13-d2-HET-UHI-e201b86fbb-r5,SS-fec72d83146f,21,0,single_solve,OPTIMAL,FEASIBLE_POINT,514274.2603705056,514274.2603705056,0,768,768,1177,1539,24,0,24,120,24,1,0,0,NaN,0,NaN,0.0,0.0,
5,22,DETERMINISTIC_RH,NONE,shared_battery_mode_node_level_v1,SI-Drahi_13-d2-HET-UHI-BHI-b5b4fe09a4,TK-PB-Drahi_13-d2-HET-UHI-e201b86fbb-r5,SS-fec72d83146f,21,0,single_solve,OPTIMAL,FEASIBLE_POINT,514274.2603705056,514274.2603705056,0,768,768,1177,1539,24,0,24,120,24,1,0,0,NaN,0,NaN,5.258016244624741e-13,0.0,
5,23,DETERMINISTIC_RH,NONE,shared_battery_mode_node_level_v1,SI-Drahi_13-d2-HET-UHI-BHI-b5b4fe09a4,TK-PB-Drahi_13-d2-HET-UHI-e201b86fbb-r5,SS-fec72d83146f,21,0,single_solve,OPTIMAL,FEASIBLE_POINT,514274.2603705056,514274.2603705056,0,768,768,1177,1539,24,0,24,120,24,1,0,0,NaN,0,NaN,3.268496584496461e-13,0.0,
5,24,DETERMINISTIC_RH,NONE,shared_battery_mode_node_level_v1,SI-Drahi_13-d2-HET-UHI-BHI-b5b4fe09a4,TK-PB-Drahi_13-d2-HET-UHI-e201b86fbb-r5,SS-fec72d83146f,21,0,single_solve,OPTIMAL,FEASIBLE_POINT,514274.2603705056,514274.2603705056,0,768,768,1177,1539,24,0,24,120,24,1,0,0,NaN,0,NaN,8.526512829121202e-14,0.0,
5,1,DETERMINISTIC_RH,PEA,shared_battery_mode_node_level_v1,SI-Drahi_13-d2-HET-UHI-BHI-b5b4fe09a4,TK-PB-Drahi_13-d2-HET-UHI-e201b86fbb-r5,SS-b6fde45dba3b,1,0,single_solve,OPTIMAL,FEASIBLE_POINT,562269.2832357065,562269.2832357065,0,768,768,1182,1659,24,0,24,120,24,1,0,0,NaN,0,NaN,0.0,1.1368683772161603e-13,
5,2,DETERMINISTIC_RH,PEA,shared_battery_mode_node_level_v1,SI-Drahi_13-d2-HET-UHI-BHI-b5b4fe09a4,TK-PB-Drahi_13-d2-HET-UHI-e201b86fbb-r5,SS-b6fde45dba3b,1,0,single_solve,OPTIMAL,FEASIBLE_POINT,562269.2832357065,562269.2832357065,0,768,768,1182,1659,24,0,24,120,24,1,0,0,NaN,0,NaN,4.689582056016661e-13,1.1368683772161603e-13,
5,3,DETERMINISTIC_RH,PEA,shared_battery_mode_node_level_v1,SI-Drahi_13-d2-HET-UHI-BHI-b5b4fe09a4,TK-PB-Drahi_13-d2-HET-UHI-e201b86fbb-r5,SS-b6fde45dba3b,1,0,single_solve,OPTIMAL,FEASIBLE_POINT,562269.2832357065,562269.2832357065,0,768,768,1182,1659,24,0,24,120,24,1,0,0,NaN,0,NaN,2.984279490192421e-13,1.1368683772161603e-13,
5,4,DETERMINISTIC_RH,PEA,shared_battery_mode_node_level_v1,SI-Drahi_13-d2-HET-UHI-BHI-b5b4fe09a4,TK-PB-Drahi_13-d2-HET-UHI-e201b86fbb-r5,SS-b6fde45dba3b,1,0,single_solve,OPTIMAL,FEASIBLE_POINT,562269.2832357065,562269.2832357065,0,768,768,1182,1659,24,0,24,120,24,1,0,0,NaN,0,NaN,0.09750000000000003,1.1368683772161603e-13,
5,5,DETERMINISTIC_RH,PEA,shared_battery_mode_node_level_v1,SI-Drahi_13-d2-HET-UHI-BHI-b5b4fe09a4,TK-PB-Drahi_13-d2-HET-UHI-e201b86fbb-r5,SS-59c6d7df9164,5,0,single_solve,OPTIMAL,FEASIBLE_POINT,633940.8643518505,633940.8643518505,0,768,768,1182,1659,24,0,24,120,24,1,0,0,NaN,0,NaN,0.0,5.684341886080802e-14,
5,6,DETERMINISTIC_RH,PEA,shared_battery_mode_node_level_v1,SI-Drahi_13-d2-HET-UHI-BHI-b5b4fe09a4,TK-PB-Drahi_13-d2-HET-UHI-e201b86fbb-r5,SS-59c6d7df9164,5,0,single_solve,OPTIMAL,FEASIBLE_POINT,633940.8643518505,633940.8643518505,0,768,768,1182,1659,24,0,24,120,24,1,0,0,NaN,0,NaN,0.09750000000000014,5.684341886080802e-14,
5,7,DETERMINISTIC_RH,PEA,shared_battery_mode_node_level_v1,SI-Drahi_13-d2-HET-UHI-BHI-b5b4fe09a4,TK-PB-Drahi_13-d2-HET-UHI-e201b86fbb-r5,SS-59c6d7df9164,5,0,single_solve,OPTIMAL,FEASIBLE_POINT,633940.8643518505,633940.8643518505,0,768,768,1182,1659,24,0,24,120,24,1,0,0,NaN,0,NaN,1.9895196601282805e-13,5.684341886080802e-14,
5,8,DETERMINISTIC_RH,PEA,shared_battery_mode_node_level_v1,SI-Drahi_13-d2-HET-UHI-BHI-b5b4fe09a4,TK-PB-Drahi_13-d2-HET-UHI-e201b86fbb-r5,SS-59c6d7df9164,5,0,single_solve,OPTIMAL,FEASIBLE_POINT,633940.8643518505,633940.8643518505,0,768,768,1182,1659,24,0,24,120,24,1,0,0,NaN,0,NaN,3.836930773104541e-13,5.684341886080802e-14,
5,9,DETERMINISTIC_RH,PEA,shared_battery_mode_node_level_v1,SI-Drahi_13-d2-HET-UHI-BHI-b5b4fe09a4,TK-PB-Drahi_13-d2-HET-UHI-e201b86fbb-r5,SS-baeb7d556d60,9,0,single_solve,OPTIMAL,FEASIBLE_POINT,588699.9269106418,588699.9269106418,0,768,768,1182,1659,24,0,24,120,24,1,0,0,NaN,0,NaN,10.622864651774549,1.1368683772161603e-13,
5,10,DETERMINISTIC_RH,PEA,shared_battery_mode_node_level_v1,SI-Drahi_13-d2-HET-UHI-BHI-b5b4fe09a4,TK-PB-Drahi_13-d2-HET-UHI-e201b86fbb-r5,SS-baeb7d556d60,9,0,single_solve,OPTIMAL,FEASIBLE_POINT,588699.9269106418,588699.9269106418,0,768,768,1182,1659,24,0,24,120,24,1,0,0,NaN,0,NaN,15.999999999999519,1.1368683772161603e-13,
5,11,DETERMINISTIC_RH,PEA,shared_battery_mode_node_level_v1,SI-Drahi_13-d2-HET-UHI-BHI-b5b4fe09a4,TK-PB-Drahi_13-d2-HET-UHI-e201b86fbb-r5,SS-baeb7d556d60,9,0,single_solve,OPTIMAL,FEASIBLE_POINT,588699.9269106418,588699.9269106418,0,768,768,1182,1659,24,0,24,120,24,1,0,0,NaN,0,NaN,6.536993168992922e-13,1.1368683772161603e-13,
5,12,DETERMINISTIC_RH,PEA,shared_battery_mode_node_level_v1,SI-Drahi_13-d2-HET-UHI-BHI-b5b4fe09a4,TK-PB-Drahi_13-d2-HET-UHI-e201b86fbb-r5,SS-baeb7d556d60,9,0,single_solve,OPTIMAL,FEASIBLE_POINT,588699.9269106418,588699.9269106418,0,768,768,1182,1659,24,0,24,120,24,1,0,0,NaN,0,NaN,7.958078640513122e-13,1.1368683772161603e-13,
5,13,DETERMINISTIC_RH,PEA,shared_battery_mode_node_level_v1,SI-Drahi_13-d2-HET-UHI-BHI-b5b4fe09a4,TK-PB-Drahi_13-d2-HET-UHI-e201b86fbb-r5,SS-784512b1c103,13,0,single_solve,OPTIMAL,FEASIBLE_POINT,556105.2040912404,556105.2040912404,0,768,768,1182,1659,24,0,24,120,24,1,0,0,NaN,0,NaN,0.0,1.1368683772161603e-13,
5,14,DETERMINISTIC_RH,PEA,shared_battery_mode_node_level_v1,SI-Drahi_13-d2-HET-UHI-BHI-b5b4fe09a4,TK-PB-Drahi_13-d2-HET-UHI-e201b86fbb-r5,SS-784512b1c103,13,0,single_solve,OPTIMAL,FEASIBLE_POINT,556105.2040912404,556105.2040912404,0,768,768,1182,1659,24,0,24,120,24,1,0,0,NaN,0,NaN,15.999999999999659,1.1368683772161603e-13,
5,15,DETERMINISTIC_RH,PEA,shared_battery_mode_node_level_v1,SI-Drahi_13-d2-HET-UHI-BHI-b5b4fe09a4,TK-PB-Drahi_13-d2-HET-UHI-e201b86fbb-r5,SS-784512b1c103,13,0,single_solve,OPTIMAL,FEASIBLE_POINT,556105.2040912404,556105.2040912404,0,768,768,1182,1659,24,0,24,120,24,1,0,0,NaN,0,NaN,15.999999999999787,1.1368683772161603e-13,
5,16,DETERMINISTIC_RH,PEA,shared_battery_mode_node_level_v1,SI-Drahi_13-d2-HET-UHI-BHI-b5b4fe09a4,TK-PB-Drahi_13-d2-HET-UHI-e201b86fbb-r5,SS-784512b1c103,13,0,single_solve,OPTIMAL,FEASIBLE_POINT,556105.2040912404,556105.2040912404,0,768,768,1182,1659,24,0,24,120,24,1,0,0,NaN,0,NaN,3.126388037344441e-13,1.1368683772161603e-13,
5,17,DETERMINISTIC_RH,PEA,shared_battery_mode_node_level_v1,SI-Drahi_13-d2-HET-UHI-BHI-b5b4fe09a4,TK-PB-Drahi_13-d2-HET-UHI-e201b86fbb-r5,SS-ced84ca7a4eb,17,0,single_solve,OPTIMAL,FEASIBLE_POINT,508095.36703674734,508095.36703674734,0,768,768,1182,1659,24,0,24,120,24,1,0,0,NaN,0,NaN,7.247535904753022e-13,2.2737367544323206e-13,
5,18,DETERMINISTIC_RH,PEA,shared_battery_mode_node_level_v1,SI-Drahi_13-d2-HET-UHI-BHI-b5b4fe09a4,TK-PB-Drahi_13-d2-HET-UHI-e201b86fbb-r5,SS-ced84ca7a4eb,17,0,single_solve,OPTIMAL,FEASIBLE_POINT,508095.36703674734,508095.36703674734,0,768,768,1182,1659,24,0,24,120,24,1,0,0,NaN,0,NaN,4.689582056016661e-13,2.2737367544323206e-13,
5,19,DETERMINISTIC_RH,PEA,shared_battery_mode_node_level_v1,SI-Drahi_13-d2-HET-UHI-BHI-b5b4fe09a4,TK-PB-Drahi_13-d2-HET-UHI-e201b86fbb-r5,SS-ced84ca7a4eb,17,0,single_solve,OPTIMAL,FEASIBLE_POINT,508095.36703674734,508095.36703674734,0,768,768,1182,1659,24,0,24,120,24,1,0,0,NaN,0,NaN,4.831690603168681e-13,2.2737367544323206e-13,
5,20,DETERMINISTIC_RH,PEA,shared_battery_mode_node_level_v1,SI-Drahi_13-d2-HET-UHI-BHI-b5b4fe09a4,TK-PB-Drahi_13-d2-HET-UHI-e201b86fbb-r5,SS-ced84ca7a4eb,17,0,single_solve,OPTIMAL,FEASIBLE_POINT,508095.36703674734,508095.36703674734,0,768,768,1182,1659,24,0,24,120,24,1,0,0,NaN,0,NaN,3.694822225952521e-13,2.2737367544323206e-13,
5,21,DETERMINISTIC_RH,PEA,shared_battery_mode_node_level_v1,SI-Drahi_13-d2-HET-UHI-BHI-b5b4fe09a4,TK-PB-Drahi_13-d2-HET-UHI-e201b86fbb-r5,SS-fec72d83146f,21,0,single_solve,OPTIMAL,FEASIBLE_POINT,545266.6827547225,545266.6827547225,0,768,768,1182,1659,24,0,24,120,24,1,0,0,NaN,0,NaN,0.0,0.0,
5,22,DETERMINISTIC_RH,PEA,shared_battery_mode_node_level_v1,SI-Drahi_13-d2-HET-UHI-BHI-b5b4fe09a4,TK-PB-Drahi_13-d2-HET-UHI-e201b86fbb-r5,SS-fec72d83146f,21,0,single_solve,OPTIMAL,FEASIBLE_POINT,545266.6827547225,545266.6827547225,0,768,768,1182,1659,24,0,24,120,24,1,0,0,NaN,0,NaN,5.258016244624741e-13,0.0,
5,23,DETERMINISTIC_RH,PEA,shared_battery_mode_node_level_v1,SI-Drahi_13-d2-HET-UHI-BHI-b5b4fe09a4,TK-PB-Drahi_13-d2-HET-UHI-e201b86fbb-r5,SS-fec72d83146f,21,0,single_solve,OPTIMAL,FEASIBLE_POINT,545266.6827547225,545266.6827547225,0,768,768,1182,1659,24,0,24,120,24,1,0,0,NaN,0,NaN,3.268496584496461e-13,0.0,
5,24,DETERMINISTIC_RH,PEA,shared_battery_mode_node_level_v1,SI-Drahi_13-d2-HET-UHI-BHI-b5b4fe09a4,TK-PB-Drahi_13-d2-HET-UHI-e201b86fbb-r5,SS-fec72d83146f,21,0,single_solve,OPTIMAL,FEASIBLE_POINT,545266.6827547225,545266.6827547225,0,768,768,1182,1659,24,0,24,120,24,1,0,0,NaN,0,NaN,8.526512829121202e-14,0.0,
5,1,DETERMINISTIC_RH,SA,shared_battery_mode_node_level_v1,SI-Drahi_13-d2-HET-UHI-BHI-b5b4fe09a4,TK-PB-Drahi_13-d2-HET-UHI-e201b86fbb-r5,SS-b6fde45dba3b,1,0,single_solve,OPTIMAL,FEASIBLE_POINT,692353.6123868824,692353.6123868824,0,768,768,1182,3339,24,0,24,120,24,1,0,0,NaN,0,NaN,0.0,3.637978807091713e-11,
5,2,DETERMINISTIC_RH,SA,shared_battery_mode_node_level_v1,SI-Drahi_13-d2-HET-UHI-BHI-b5b4fe09a4,TK-PB-Drahi_13-d2-HET-UHI-e201b86fbb-r5,SS-b6fde45dba3b,1,0,single_solve,OPTIMAL,FEASIBLE_POINT,692353.6123868824,692353.6123868824,0,768,768,1182,3339,24,0,24,120,24,1,0,0,NaN,0,NaN,3.2798948751642563,3.637978807091713e-11,
5,3,DETERMINISTIC_RH,SA,shared_battery_mode_node_level_v1,SI-Drahi_13-d2-HET-UHI-BHI-b5b4fe09a4,TK-PB-Drahi_13-d2-HET-UHI-e201b86fbb-r5,SS-b6fde45dba3b,1,0,single_solve,OPTIMAL,FEASIBLE_POINT,692353.6123868824,692353.6123868824,0,768,768,1182,3339,24,0,24,120,24,1,0,0,NaN,0,NaN,2.984279490192421e-13,3.637978807091713e-11,
5,4,DETERMINISTIC_RH,SA,shared_battery_mode_node_level_v1,SI-Drahi_13-d2-HET-UHI-BHI-b5b4fe09a4,TK-PB-Drahi_13-d2-HET-UHI-e201b86fbb-r5,SS-b6fde45dba3b,1,0,single_solve,OPTIMAL,FEASIBLE_POINT,692353.6123868824,692353.6123868824,0,768,768,1182,3339,24,0,24,120,24,1,0,0,NaN,0,NaN,4.121147867408581e-13,3.637978807091713e-11,
5,5,DETERMINISTIC_RH,SA,shared_battery_mode_node_level_v1,SI-Drahi_13-d2-HET-UHI-BHI-b5b4fe09a4,TK-PB-Drahi_13-d2-HET-UHI-e201b86fbb-r5,SS-59c6d7df9164,5,0,single_solve,OPTIMAL,FEASIBLE_POINT,642976.6067625696,642976.6067625696,0,768,768,1182,3339,24,0,24,120,24,1,0,0,NaN,0,NaN,0.0,5.820766091346741e-11,
5,6,DETERMINISTIC_RH,SA,shared_battery_mode_node_level_v1,SI-Drahi_13-d2-HET-UHI-BHI-b5b4fe09a4,TK-PB-Drahi_13-d2-HET-UHI-e201b86fbb-r5,SS-59c6d7df9164,5,0,single_solve,OPTIMAL,FEASIBLE_POINT,642976.6067625696,642976.6067625696,0,768,768,1182,3339,24,0,24,120,24,1,0,0,NaN,0,NaN,1.63994743758213,5.820766091346741e-11,
5,7,DETERMINISTIC_RH,SA,shared_battery_mode_node_level_v1,SI-Drahi_13-d2-HET-UHI-BHI-b5b4fe09a4,TK-PB-Drahi_13-d2-HET-UHI-e201b86fbb-r5,SS-59c6d7df9164,5,0,single_solve,OPTIMAL,FEASIBLE_POINT,642976.6067625696,642976.6067625696,0,768,768,1182,3339,24,0,24,120,24,1,0,0,NaN,0,NaN,1.9895196601282805e-13,5.820766091346741e-11,
5,8,DETERMINISTIC_RH,SA,shared_battery_mode_node_level_v1,SI-Drahi_13-d2-HET-UHI-BHI-b5b4fe09a4,TK-PB-Drahi_13-d2-HET-UHI-e201b86fbb-r5,SS-59c6d7df9164,5,0,single_solve,OPTIMAL,FEASIBLE_POINT,642976.6067625696,642976.6067625696,0,768,768,1182,3339,24,0,24,120,24,1,0,0,NaN,0,NaN,1.63994743758213,5.820766091346741e-11,
5,9,DETERMINISTIC_RH,SA,shared_battery_mode_node_level_v1,SI-Drahi_13-d2-HET-UHI-BHI-b5b4fe09a4,TK-PB-Drahi_13-d2-HET-UHI-e201b86fbb-r5,SS-baeb7d556d60,9,0,single_solve,OPTIMAL,FEASIBLE_POINT,666048.2381417579,666048.2381417579,0,768,768,1182,3339,24,0,24,120,24,1,0,0,NaN,0,NaN,4.274358644806853e-15,2.9103830456733704e-11,
5,10,DETERMINISTIC_RH,SA,shared_battery_mode_node_level_v1,SI-Drahi_13-d2-HET-UHI-BHI-b5b4fe09a4,TK-PB-Drahi_13-d2-HET-UHI-e201b86fbb-r5,SS-baeb7d556d60,9,0,single_solve,OPTIMAL,FEASIBLE_POINT,666048.2381417579,666048.2381417579,0,768,768,1182,3339,24,0,24,120,24,1,0,0,NaN,0,NaN,6.252776074688882e-13,2.9103830456733704e-11,
5,11,DETERMINISTIC_RH,SA,shared_battery_mode_node_level_v1,SI-Drahi_13-d2-HET-UHI-BHI-b5b4fe09a4,TK-PB-Drahi_13-d2-HET-UHI-e201b86fbb-r5,SS-baeb7d556d60,9,0,single_solve,OPTIMAL,FEASIBLE_POINT,666048.2381417579,666048.2381417579,0,768,768,1182,3339,24,0,24,120,24,1,0,0,NaN,0,NaN,6.536993168992922e-13,2.9103830456733704e-11,
5,12,DETERMINISTIC_RH,SA,shared_battery_mode_node_level_v1,SI-Drahi_13-d2-HET-UHI-BHI-b5b4fe09a4,TK-PB-Drahi_13-d2-HET-UHI-e201b86fbb-r5,SS-baeb7d556d60,9,0,single_solve,OPTIMAL,FEASIBLE_POINT,666048.2381417579,666048.2381417579,0,768,768,1182,3339,24,0,24,120,24,1,0,0,NaN,0,NaN,8.526512829121202e-13,2.9103830456733704e-11,
5,13,DETERMINISTIC_RH,SA,shared_battery_mode_node_level_v1,SI-Drahi_13-d2-HET-UHI-BHI-b5b4fe09a4,TK-PB-Drahi_13-d2-HET-UHI-e201b86fbb-r5,SS-784512b1c103,13,0,single_solve,OPTIMAL,FEASIBLE_POINT,658748.1303856769,658748.1303856769,0,768,768,1182,3339,24,0,24,120,24,1,0,0,NaN,0,NaN,0.0,8.731149137020111e-11,
5,14,DETERMINISTIC_RH,SA,shared_battery_mode_node_level_v1,SI-Drahi_13-d2-HET-UHI-BHI-b5b4fe09a4,TK-PB-Drahi_13-d2-HET-UHI-e201b86fbb-r5,SS-784512b1c103,13,0,single_solve,OPTIMAL,FEASIBLE_POINT,658748.1303856769,658748.1303856769,0,768,768,1182,3339,24,0,24,120,24,1,0,0,NaN,0,NaN,2.2737367544323206e-13,8.731149137020111e-11,
5,15,DETERMINISTIC_RH,SA,shared_battery_mode_node_level_v1,SI-Drahi_13-d2-HET-UHI-BHI-b5b4fe09a4,TK-PB-Drahi_13-d2-HET-UHI-e201b86fbb-r5,SS-784512b1c103,13,0,single_solve,OPTIMAL,FEASIBLE_POINT,658748.1303856769,658748.1303856769,0,768,768,1182,3339,24,0,24,120,24,1,0,0,NaN,0,NaN,5.115907697472721e-13,8.731149137020111e-11,
5,16,DETERMINISTIC_RH,SA,shared_battery_mode_node_level_v1,SI-Drahi_13-d2-HET-UHI-BHI-b5b4fe09a4,TK-PB-Drahi_13-d2-HET-UHI-e201b86fbb-r5,SS-784512b1c103,13,0,single_solve,OPTIMAL,FEASIBLE_POINT,658748.1303856769,658748.1303856769,0,768,768,1182,3339,24,0,24,120,24,1,0,0,NaN,0,NaN,3.126388037344441e-13,8.731149137020111e-11,
5,17,DETERMINISTIC_RH,SA,shared_battery_mode_node_level_v1,SI-Drahi_13-d2-HET-UHI-BHI-b5b4fe09a4,TK-PB-Drahi_13-d2-HET-UHI-e201b86fbb-r5,SS-ced84ca7a4eb,17,0,single_solve,OPTIMAL,FEASIBLE_POINT,700189.7070536492,700189.7070536492,0,768,768,1182,3339,24,0,24,120,24,1,0,0,NaN,0,NaN,1.4210854715202004e-14,4.3655745685100555e-11,
5,18,DETERMINISTIC_RH,SA,shared_battery_mode_node_level_v1,SI-Drahi_13-d2-HET-UHI-BHI-b5b4fe09a4,TK-PB-Drahi_13-d2-HET-UHI-e201b86fbb-r5,SS-ced84ca7a4eb,17,0,single_solve,OPTIMAL,FEASIBLE_POINT,700189.7070536492,700189.7070536492,0,768,768,1182,3339,24,0,24,120,24,1,0,0,NaN,0,NaN,4.689582056016661e-13,4.3655745685100555e-11,
5,19,DETERMINISTIC_RH,SA,shared_battery_mode_node_level_v1,SI-Drahi_13-d2-HET-UHI-BHI-b5b4fe09a4,TK-PB-Drahi_13-d2-HET-UHI-e201b86fbb-r5,SS-ced84ca7a4eb,17,0,single_solve,OPTIMAL,FEASIBLE_POINT,700189.7070536492,700189.7070536492,0,768,768,1182,3339,24,0,24,120,24,1,0,0,NaN,0,NaN,9.046837698923213,4.3655745685100555e-11,
5,20,DETERMINISTIC_RH,SA,shared_battery_mode_node_level_v1,SI-Drahi_13-d2-HET-UHI-BHI-b5b4fe09a4,TK-PB-Drahi_13-d2-HET-UHI-e201b86fbb-r5,SS-ced84ca7a4eb,17,0,single_solve,OPTIMAL,FEASIBLE_POINT,700189.7070536492,700189.7070536492,0,768,768,1182,3339,24,0,24,120,24,1,0,0,NaN,0,NaN,3.694822225952521e-13,4.3655745685100555e-11,
5,21,DETERMINISTIC_RH,SA,shared_battery_mode_node_level_v1,SI-Drahi_13-d2-HET-UHI-BHI-b5b4fe09a4,TK-PB-Drahi_13-d2-HET-UHI-e201b86fbb-r5,SS-fec72d83146f,21,0,single_solve,OPTIMAL,FEASIBLE_POINT,722482.4297127986,722482.4297127986,0,768,768,1182,3339,24,0,24,120,24,1,0,0,NaN,0,NaN,1.4210854715202004e-14,1.1641532182693481e-10,
5,22,DETERMINISTIC_RH,SA,shared_battery_mode_node_level_v1,SI-Drahi_13-d2-HET-UHI-BHI-b5b4fe09a4,TK-PB-Drahi_13-d2-HET-UHI-e201b86fbb-r5,SS-fec72d83146f,21,0,single_solve,OPTIMAL,FEASIBLE_POINT,722482.4297127986,722482.4297127986,0,768,768,1182,3339,24,0,24,120,24,1,0,0,NaN,0,NaN,5.258016244624741e-13,1.1641532182693481e-10,
5,23,DETERMINISTIC_RH,SA,shared_battery_mode_node_level_v1,SI-Drahi_13-d2-HET-UHI-BHI-b5b4fe09a4,TK-PB-Drahi_13-d2-HET-UHI-e201b86fbb-r5,SS-fec72d83146f,21,0,single_solve,OPTIMAL,FEASIBLE_POINT,722482.4297127986,722482.4297127986,0,768,768,1182,3339,24,0,24,120,24,1,0,0,NaN,0,NaN,3.268496584496461e-13,1.1641532182693481e-10,
5,24,DETERMINISTIC_RH,SA,shared_battery_mode_node_level_v1,SI-Drahi_13-d2-HET-UHI-BHI-b5b4fe09a4,TK-PB-Drahi_13-d2-HET-UHI-e201b86fbb-r5,SS-fec72d83146f,21,0,single_solve,OPTIMAL,FEASIBLE_POINT,722482.4297127986,722482.4297127986,0,768,768,1182,3339,24,0,24,120,24,1,0,0,NaN,0,NaN,8.526512829121202e-14,1.1641532182693481e-10,
5,1,DETERMINISTIC_RH,STATIC_DEMAND_SHARE,shared_battery_mode_node_level_v1,SI-Drahi_13-d2-HET-UHI-BHI-b5b4fe09a4,TK-PB-Drahi_13-d2-HET-UHI-e201b86fbb-r5,SS-b6fde45dba3b,1,0,single_solve,OPTIMAL,FEASIBLE_POINT,454648.7429939277,454648.7429939277,0,768,768,1297,1659,24,0,24,120,24,1,0,0,NaN,0,NaN,0.0,0.0,
5,2,DETERMINISTIC_RH,STATIC_DEMAND_SHARE,shared_battery_mode_node_level_v1,SI-Drahi_13-d2-HET-UHI-BHI-b5b4fe09a4,TK-PB-Drahi_13-d2-HET-UHI-e201b86fbb-r5,SS-b6fde45dba3b,1,0,single_solve,OPTIMAL,FEASIBLE_POINT,454648.7429939277,454648.7429939277,0,768,768,1297,1659,24,0,24,120,24,1,0,0,NaN,0,NaN,4.689582056016661e-13,0.0,
5,3,DETERMINISTIC_RH,STATIC_DEMAND_SHARE,shared_battery_mode_node_level_v1,SI-Drahi_13-d2-HET-UHI-BHI-b5b4fe09a4,TK-PB-Drahi_13-d2-HET-UHI-e201b86fbb-r5,SS-b6fde45dba3b,1,0,single_solve,OPTIMAL,FEASIBLE_POINT,454648.7429939277,454648.7429939277,0,768,768,1297,1659,24,0,24,120,24,1,0,0,NaN,0,NaN,2.984279490192421e-13,0.0,
5,4,DETERMINISTIC_RH,STATIC_DEMAND_SHARE,shared_battery_mode_node_level_v1,SI-Drahi_13-d2-HET-UHI-BHI-b5b4fe09a4,TK-PB-Drahi_13-d2-HET-UHI-e201b86fbb-r5,SS-b6fde45dba3b,1,0,single_solve,OPTIMAL,FEASIBLE_POINT,454648.7429939277,454648.7429939277,0,768,768,1297,1659,24,0,24,120,24,1,0,0,NaN,0,NaN,0.09750000000000003,0.0,
5,5,DETERMINISTIC_RH,STATIC_DEMAND_SHARE,shared_battery_mode_node_level_v1,SI-Drahi_13-d2-HET-UHI-BHI-b5b4fe09a4,TK-PB-Drahi_13-d2-HET-UHI-e201b86fbb-r5,SS-59c6d7df9164,5,0,single_solve,OPTIMAL,FEASIBLE_POINT,599193.740267979,599193.740267979,0,768,768,1297,1659,24,0,24,120,24,1,0,0,NaN,0,NaN,4.440892098500626e-16,0.0,
5,6,DETERMINISTIC_RH,STATIC_DEMAND_SHARE,shared_battery_mode_node_level_v1,SI-Drahi_13-d2-HET-UHI-BHI-b5b4fe09a4,TK-PB-Drahi_13-d2-HET-UHI-e201b86fbb-r5,SS-59c6d7df9164,5,0,single_solve,OPTIMAL,FEASIBLE_POINT,599193.740267979,599193.740267979,0,768,768,1297,1659,24,0,24,120,24,1,0,0,NaN,0,NaN,4.831690603168681e-13,0.0,
5,7,DETERMINISTIC_RH,STATIC_DEMAND_SHARE,shared_battery_mode_node_level_v1,SI-Drahi_13-d2-HET-UHI-BHI-b5b4fe09a4,TK-PB-Drahi_13-d2-HET-UHI-e201b86fbb-r5,SS-59c6d7df9164,5,0,single_solve,OPTIMAL,FEASIBLE_POINT,599193.740267979,599193.740267979,0,768,768,1297,1659,24,0,24,120,24,1,0,0,NaN,0,NaN,1.9895196601282805e-13,0.0,
5,8,DETERMINISTIC_RH,STATIC_DEMAND_SHARE,shared_battery_mode_node_level_v1,SI-Drahi_13-d2-HET-UHI-BHI-b5b4fe09a4,TK-PB-Drahi_13-d2-HET-UHI-e201b86fbb-r5,SS-59c6d7df9164,5,0,single_solve,OPTIMAL,FEASIBLE_POINT,599193.740267979,599193.740267979,0,768,768,1297,1659,24,0,24,120,24,1,0,0,NaN,0,NaN,3.694822225952521e-13,0.0,
5,9,DETERMINISTIC_RH,STATIC_DEMAND_SHARE,shared_battery_mode_node_level_v1,SI-Drahi_13-d2-HET-UHI-BHI-b5b4fe09a4,TK-PB-Drahi_13-d2-HET-UHI-e201b86fbb-r5,SS-baeb7d556d60,9,0,single_solve,OPTIMAL,FEASIBLE_POINT,420594.9299935861,420594.9299935861,0,768,768,1297,1659,24,0,24,120,24,1,0,0,NaN,0,NaN,1.4210854715202004e-14,0.0,
5,10,DETERMINISTIC_RH,STATIC_DEMAND_SHARE,shared_battery_mode_node_level_v1,SI-Drahi_13-d2-HET-UHI-BHI-b5b4fe09a4,TK-PB-Drahi_13-d2-HET-UHI-e201b86fbb-r5,SS-baeb7d556d60,9,0,single_solve,OPTIMAL,FEASIBLE_POINT,420594.9299935861,420594.9299935861,0,768,768,1297,1659,24,0,24,120,24,1,0,0,NaN,0,NaN,14.971590102563056,0.0,
5,11,DETERMINISTIC_RH,STATIC_DEMAND_SHARE,shared_battery_mode_node_level_v1,SI-Drahi_13-d2-HET-UHI-BHI-b5b4fe09a4,TK-PB-Drahi_13-d2-HET-UHI-e201b86fbb-r5,SS-baeb7d556d60,9,0,single_solve,OPTIMAL,FEASIBLE_POINT,420594.9299935861,420594.9299935861,0,768,768,1297,1659,24,0,24,120,24,1,0,0,NaN,0,NaN,6.536993168992922e-13,0.0,
5,12,DETERMINISTIC_RH,STATIC_DEMAND_SHARE,shared_battery_mode_node_level_v1,SI-Drahi_13-d2-HET-UHI-BHI-b5b4fe09a4,TK-PB-Drahi_13-d2-HET-UHI-e201b86fbb-r5,SS-baeb7d556d60,9,0,single_solve,OPTIMAL,FEASIBLE_POINT,420594.9299935861,420594.9299935861,0,768,768,1297,1659,24,0,24,120,24,1,0,0,NaN,0,NaN,8.526512829121202e-13,0.0,
5,13,DETERMINISTIC_RH,STATIC_DEMAND_SHARE,shared_battery_mode_node_level_v1,SI-Drahi_13-d2-HET-UHI-BHI-b5b4fe09a4,TK-PB-Drahi_13-d2-HET-UHI-e201b86fbb-r5,SS-784512b1c103,13,0,single_solve,OPTIMAL,FEASIBLE_POINT,457437.0422301096,457437.0422301096,0,768,768,1297,1659,24,0,24,120,24,1,0,0,NaN,0,NaN,1.4210854715202004e-14,0.0,
5,14,DETERMINISTIC_RH,STATIC_DEMAND_SHARE,shared_battery_mode_node_level_v1,SI-Drahi_13-d2-HET-UHI-BHI-b5b4fe09a4,TK-PB-Drahi_13-d2-HET-UHI-e201b86fbb-r5,SS-784512b1c103,13,0,single_solve,OPTIMAL,FEASIBLE_POINT,457437.0422301096,457437.0422301096,0,768,768,1297,1659,24,0,24,120,24,1,0,0,NaN,0,NaN,12.932530955514551,0.0,
5,15,DETERMINISTIC_RH,STATIC_DEMAND_SHARE,shared_battery_mode_node_level_v1,SI-Drahi_13-d2-HET-UHI-BHI-b5b4fe09a4,TK-PB-Drahi_13-d2-HET-UHI-e201b86fbb-r5,SS-784512b1c103,13,0,single_solve,OPTIMAL,FEASIBLE_POINT,457437.0422301096,457437.0422301096,0,768,768,1297,1659,24,0,24,120,24,1,0,0,NaN,0,NaN,3.316884403087272,0.0,
5,16,DETERMINISTIC_RH,STATIC_DEMAND_SHARE,shared_battery_mode_node_level_v1,SI-Drahi_13-d2-HET-UHI-BHI-b5b4fe09a4,TK-PB-Drahi_13-d2-HET-UHI-e201b86fbb-r5,SS-784512b1c103,13,0,single_solve,OPTIMAL,FEASIBLE_POINT,457437.0422301096,457437.0422301096,0,768,768,1297,1659,24,0,24,120,24,1,0,0,NaN,0,NaN,3.268496584496461e-13,0.0,
5,17,DETERMINISTIC_RH,STATIC_DEMAND_SHARE,shared_battery_mode_node_level_v1,SI-Drahi_13-d2-HET-UHI-BHI-b5b4fe09a4,TK-PB-Drahi_13-d2-HET-UHI-e201b86fbb-r5,SS-ced84ca7a4eb,17,0,single_solve,OPTIMAL,FEASIBLE_POINT,463132.61590864067,463132.61590864067,0,768,768,1297,1659,24,0,24,120,24,1,0,0,NaN,0,NaN,1.4210854715202004e-14,0.0,
5,18,DETERMINISTIC_RH,STATIC_DEMAND_SHARE,shared_battery_mode_node_level_v1,SI-Drahi_13-d2-HET-UHI-BHI-b5b4fe09a4,TK-PB-Drahi_13-d2-HET-UHI-e201b86fbb-r5,SS-ced84ca7a4eb,17,0,single_solve,OPTIMAL,FEASIBLE_POINT,463132.61590864067,463132.61590864067,0,768,768,1297,1659,24,0,24,120,24,1,0,0,NaN,0,NaN,4.689582056016661e-13,0.0,
5,19,DETERMINISTIC_RH,STATIC_DEMAND_SHARE,shared_battery_mode_node_level_v1,SI-Drahi_13-d2-HET-UHI-BHI-b5b4fe09a4,TK-PB-Drahi_13-d2-HET-UHI-e201b86fbb-r5,SS-ced84ca7a4eb,17,0,single_solve,OPTIMAL,FEASIBLE_POINT,463132.61590864067,463132.61590864067,0,768,768,1297,1659,24,0,24,120,24,1,0,0,NaN,0,NaN,4.831690603168681e-13,0.0,
5,20,DETERMINISTIC_RH,STATIC_DEMAND_SHARE,shared_battery_mode_node_level_v1,SI-Drahi_13-d2-HET-UHI-BHI-b5b4fe09a4,TK-PB-Drahi_13-d2-HET-UHI-e201b86fbb-r5,SS-ced84ca7a4eb,17,0,single_solve,OPTIMAL,FEASIBLE_POINT,463132.61590864067,463132.61590864067,0,768,768,1297,1659,24,0,24,120,24,1,0,0,NaN,0,NaN,3.694822225952521e-13,0.0,
5,21,DETERMINISTIC_RH,STATIC_DEMAND_SHARE,shared_battery_mode_node_level_v1,SI-Drahi_13-d2-HET-UHI-BHI-b5b4fe09a4,TK-PB-Drahi_13-d2-HET-UHI-e201b86fbb-r5,SS-fec72d83146f,21,0,single_solve,OPTIMAL,FEASIBLE_POINT,514102.56430402363,514102.56430402363,0,768,768,1297,1659,24,0,24,120,24,1,0,0,NaN,0,NaN,0.0,0.0,
5,22,DETERMINISTIC_RH,STATIC_DEMAND_SHARE,shared_battery_mode_node_level_v1,SI-Drahi_13-d2-HET-UHI-BHI-b5b4fe09a4,TK-PB-Drahi_13-d2-HET-UHI-e201b86fbb-r5,SS-fec72d83146f,21,0,single_solve,OPTIMAL,FEASIBLE_POINT,514102.56430402363,514102.56430402363,0,768,768,1297,1659,24,0,24,120,24,1,0,0,NaN,0,NaN,5.258016244624741e-13,0.0,
5,23,DETERMINISTIC_RH,STATIC_DEMAND_SHARE,shared_battery_mode_node_level_v1,SI-Drahi_13-d2-HET-UHI-BHI-b5b4fe09a4,TK-PB-Drahi_13-d2-HET-UHI-e201b86fbb-r5,SS-fec72d83146f,21,0,single_solve,OPTIMAL,FEASIBLE_POINT,514102.56430402363,514102.56430402363,0,768,768,1297,1659,24,0,24,120,24,1,0,0,NaN,0,NaN,3.268496584496461e-13,0.0,
5,24,DETERMINISTIC_RH,STATIC_DEMAND_SHARE,shared_battery_mode_node_level_v1,SI-Drahi_13-d2-HET-UHI-BHI-b5b4fe09a4,TK-PB-Drahi_13-d2-HET-UHI-e201b86fbb-r5,SS-fec72d83146f,21,0,single_solve,OPTIMAL,FEASIBLE_POINT,514102.56430402363,514102.56430402363,0,768,768,1297,1659,24,0,24,120,24,1,0,0,NaN,0,NaN,8.526512829121202e-14,0.0,
5,1,MULTISTAGE_RH,LEXMMFPEA,shared_battery_mode_node_level_v1,SI-Drahi_13-d2-HET-UHI-BHI-b5b4fe09a4,TK-PB-Drahi_13-d2-HET-UHI-e201b86fbb-r5,SS-b6fde45dba3b,1,1,lex_phase_1,OPTIMAL,FEASIBLE_POINT,487.1968403092926,487.1968403092926,0,76446,76446,117318,210883,2388,0,2388,11940,2388,256,0,0,NaN,0,NaN,0.0,1.0000000000002274,
5,1,MULTISTAGE_RH,LEXMMFPEA,shared_battery_mode_node_level_v1,SI-Drahi_13-d2-HET-UHI-BHI-b5b4fe09a4,TK-PB-Drahi_13-d2-HET-UHI-e201b86fbb-r5,SS-b6fde45dba3b,1,2,lex_phase_2,OPTIMAL,FEASIBLE_POINT,974.3936806185854,974.3936806185854,0,76446,76446,117319,210889,2388,0,2388,11940,2388,256,0,0,NaN,0,NaN,0.0,1.0000000000002274,
5,1,MULTISTAGE_RH,LEXMMFPEA,shared_battery_mode_node_level_v1,SI-Drahi_13-d2-HET-UHI-BHI-b5b4fe09a4,TK-PB-Drahi_13-d2-HET-UHI-e201b86fbb-r5,SS-b6fde45dba3b,1,3,lex_phase_3,OPTIMAL,FEASIBLE_POINT,1461.590520927878,1461.590520927878,0,76446,76446,117320,210895,2388,0,2388,11940,2388,256,0,0,NaN,0,NaN,0.0,1.0000000000002274,
5,1,MULTISTAGE_RH,LEXMMFPEA,shared_battery_mode_node_level_v1,SI-Drahi_13-d2-HET-UHI-BHI-b5b4fe09a4,TK-PB-Drahi_13-d2-HET-UHI-e201b86fbb-r5,SS-b6fde45dba3b,1,4,lex_phase_4,OPTIMAL,FEASIBLE_POINT,1948.787361237171,1948.787361237171,0,76446,76446,117321,210901,2388,0,2388,11940,2388,256,0,0,NaN,0,NaN,0.0,1.0000000000002274,
5,1,MULTISTAGE_RH,LEXMMFPEA,shared_battery_mode_node_level_v1,SI-Drahi_13-d2-HET-UHI-BHI-b5b4fe09a4,TK-PB-Drahi_13-d2-HET-UHI-e201b86fbb-r5,SS-b6fde45dba3b,1,5,lex_phase_5,OPTIMAL,FEASIBLE_POINT,2435.9842015464637,2435.9842015464637,0,76446,76446,117322,210907,2388,0,2388,11940,2388,256,0,0,NaN,0,NaN,0.0,1.0000000000002274,
5,1,MULTISTAGE_RH,LEXMMFPEA,shared_battery_mode_node_level_v1,SI-Drahi_13-d2-HET-UHI-BHI-b5b4fe09a4,TK-PB-Drahi_13-d2-HET-UHI-e201b86fbb-r5,SS-b6fde45dba3b,1,6,economic_tie_break,OPTIMAL,FEASIBLE_POINT,598726.6462258084,598726.6462258084,0,76446,76446,117323,210913,2388,0,2388,11940,2388,256,0,0,NaN,0,NaN,0.0,1.0000000000002274,
5,2,MULTISTAGE_RH,LEXMMFPEA,shared_battery_mode_node_level_v1,SI-Drahi_13-d2-HET-UHI-BHI-b5b4fe09a4,TK-PB-Drahi_13-d2-HET-UHI-e201b86fbb-r5,SS-b6fde45dba3b,1,1,lex_phase_1,OPTIMAL,FEASIBLE_POINT,487.1968403092926,487.1968403092926,0,76446,76446,117318,210883,2388,0,2388,11940,2388,256,0,0,NaN,0,NaN,0.0,1.0000000000002274,
5,2,MULTISTAGE_RH,LEXMMFPEA,shared_battery_mode_node_level_v1,SI-Drahi_13-d2-HET-UHI-BHI-b5b4fe09a4,TK-PB-Drahi_13-d2-HET-UHI-e201b86fbb-r5,SS-b6fde45dba3b,1,2,lex_phase_2,OPTIMAL,FEASIBLE_POINT,974.3936806185854,974.3936806185854,0,76446,76446,117319,210889,2388,0,2388,11940,2388,256,0,0,NaN,0,NaN,0.0,1.0000000000002274,
5,2,MULTISTAGE_RH,LEXMMFPEA,shared_battery_mode_node_level_v1,SI-Drahi_13-d2-HET-UHI-BHI-b5b4fe09a4,TK-PB-Drahi_13-d2-HET-UHI-e201b86fbb-r5,SS-b6fde45dba3b,1,3,lex_phase_3,OPTIMAL,FEASIBLE_POINT,1461.590520927878,1461.590520927878,0,76446,76446,117320,210895,2388,0,2388,11940,2388,256,0,0,NaN,0,NaN,0.0,1.0000000000002274,
5,2,MULTISTAGE_RH,LEXMMFPEA,shared_battery_mode_node_level_v1,SI-Drahi_13-d2-HET-UHI-BHI-b5b4fe09a4,TK-PB-Drahi_13-d2-HET-UHI-e201b86fbb-r5,SS-b6fde45dba3b,1,4,lex_phase_4,OPTIMAL,FEASIBLE_POINT,1948.787361237171,1948.787361237171,0,76446,76446,117321,210901,2388,0,2388,11940,2388,256,0,0,NaN,0,NaN,0.0,1.0000000000002274,
5,2,MULTISTAGE_RH,LEXMMFPEA,shared_battery_mode_node_level_v1,SI-Drahi_13-d2-HET-UHI-BHI-b5b4fe09a4,TK-PB-Drahi_13-d2-HET-UHI-e201b86fbb-r5,SS-b6fde45dba3b,1,5,lex_phase_5,OPTIMAL,FEASIBLE_POINT,2435.9842015464637,2435.9842015464637,0,76446,76446,117322,210907,2388,0,2388,11940,2388,256,0,0,NaN,0,NaN,0.0,1.0000000000002274,
5,2,MULTISTAGE_RH,LEXMMFPEA,shared_battery_mode_node_level_v1,SI-Drahi_13-d2-HET-UHI-BHI-b5b4fe09a4,TK-PB-Drahi_13-d2-HET-UHI-e201b86fbb-r5,SS-b6fde45dba3b,1,6,economic_tie_break,OPTIMAL,FEASIBLE_POINT,598726.6462258084,598726.6462258084,0,76446,76446,117323,210913,2388,0,2388,11940,2388,256,0,0,NaN,0,NaN,0.0,1.0000000000002274,
5,3,MULTISTAGE_RH,LEXMMFPEA,shared_battery_mode_node_level_v1,SI-Drahi_13-d2-HET-UHI-BHI-b5b4fe09a4,TK-PB-Drahi_13-d2-HET-UHI-e201b86fbb-r5,SS-b6fde45dba3b,1,1,lex_phase_1,OPTIMAL,FEASIBLE_POINT,487.1968403092926,487.1968403092926,0,76446,76446,117318,210883,2388,0,2388,11940,2388,256,0,0,NaN,0,NaN,0.0,1.0000000000002274,
5,3,MULTISTAGE_RH,LEXMMFPEA,shared_battery_mode_node_level_v1,SI-Drahi_13-d2-HET-UHI-BHI-b5b4fe09a4,TK-PB-Drahi_13-d2-HET-UHI-e201b86fbb-r5,SS-b6fde45dba3b,1,2,lex_phase_2,OPTIMAL,FEASIBLE_POINT,974.3936806185854,974.3936806185854,0,76446,76446,117319,210889,2388,0,2388,11940,2388,256,0,0,NaN,0,NaN,0.0,1.0000000000002274,
5,3,MULTISTAGE_RH,LEXMMFPEA,shared_battery_mode_node_level_v1,SI-Drahi_13-d2-HET-UHI-BHI-b5b4fe09a4,TK-PB-Drahi_13-d2-HET-UHI-e201b86fbb-r5,SS-b6fde45dba3b,1,3,lex_phase_3,OPTIMAL,FEASIBLE_POINT,1461.590520927878,1461.590520927878,0,76446,76446,117320,210895,2388,0,2388,11940,2388,256,0,0,NaN,0,NaN,0.0,1.0000000000002274,
5,3,MULTISTAGE_RH,LEXMMFPEA,shared_battery_mode_node_level_v1,SI-Drahi_13-d2-HET-UHI-BHI-b5b4fe09a4,TK-PB-Drahi_13-d2-HET-UHI-e201b86fbb-r5,SS-b6fde45dba3b,1,4,lex_phase_4,OPTIMAL,FEASIBLE_POINT,1948.787361237171,1948.787361237171,0,76446,76446,117321,210901,2388,0,2388,11940,2388,256,0,0,NaN,0,NaN,0.0,1.0000000000002274,
5,3,MULTISTAGE_RH,LEXMMFPEA,shared_battery_mode_node_level_v1,SI-Drahi_13-d2-HET-UHI-BHI-b5b4fe09a4,TK-PB-Drahi_13-d2-HET-UHI-e201b86fbb-r5,SS-b6fde45dba3b,1,5,lex_phase_5,OPTIMAL,FEASIBLE_POINT,2435.9842015464637,2435.9842015464637,0,76446,76446,117322,210907,2388,0,2388,11940,2388,256,0,0,NaN,0,NaN,0.0,1.0000000000002274,
5,3,MULTISTAGE_RH,LEXMMFPEA,shared_battery_mode_node_level_v1,SI-Drahi_13-d2-HET-UHI-BHI-b5b4fe09a4,TK-PB-Drahi_13-d2-HET-UHI-e201b86fbb-r5,SS-b6fde45dba3b,1,6,economic_tie_break,OPTIMAL,FEASIBLE_POINT,598726.6462258084,598726.6462258084,0,76446,76446,117323,210913,2388,0,2388,11940,2388,256,0,0,NaN,0,NaN,0.0,1.0000000000002274,
5,4,MULTISTAGE_RH,LEXMMFPEA,shared_battery_mode_node_level_v1,SI-Drahi_13-d2-HET-UHI-BHI-b5b4fe09a4,TK-PB-Drahi_13-d2-HET-UHI-e201b86fbb-r5,SS-b6fde45dba3b,1,1,lex_phase_1,OPTIMAL,FEASIBLE_POINT,487.1968403092926,487.1968403092926,0,76446,76446,117318,210883,2388,0,2388,11940,2388,256,0,0,NaN,0,NaN,0.09750000000000003,1.0000000000002274,
5,4,MULTISTAGE_RH,LEXMMFPEA,shared_battery_mode_node_level_v1,SI-Drahi_13-d2-HET-UHI-BHI-b5b4fe09a4,TK-PB-Drahi_13-d2-HET-UHI-e201b86fbb-r5,SS-b6fde45dba3b,1,2,lex_phase_2,OPTIMAL,FEASIBLE_POINT,974.3936806185854,974.3936806185854,0,76446,76446,117319,210889,2388,0,2388,11940,2388,256,0,0,NaN,0,NaN,0.09750000000000003,1.0000000000002274,
5,4,MULTISTAGE_RH,LEXMMFPEA,shared_battery_mode_node_level_v1,SI-Drahi_13-d2-HET-UHI-BHI-b5b4fe09a4,TK-PB-Drahi_13-d2-HET-UHI-e201b86fbb-r5,SS-b6fde45dba3b,1,3,lex_phase_3,OPTIMAL,FEASIBLE_POINT,1461.590520927878,1461.590520927878,0,76446,76446,117320,210895,2388,0,2388,11940,2388,256,0,0,NaN,0,NaN,0.09750000000000003,1.0000000000002274,
5,4,MULTISTAGE_RH,LEXMMFPEA,shared_battery_mode_node_level_v1,SI-Drahi_13-d2-HET-UHI-BHI-b5b4fe09a4,TK-PB-Drahi_13-d2-HET-UHI-e201b86fbb-r5,SS-b6fde45dba3b,1,4,lex_phase_4,OPTIMAL,FEASIBLE_POINT,1948.787361237171,1948.787361237171,0,76446,76446,117321,210901,2388,0,2388,11940,2388,256,0,0,NaN,0,NaN,0.09750000000000003,1.0000000000002274,
5,4,MULTISTAGE_RH,LEXMMFPEA,shared_battery_mode_node_level_v1,SI-Drahi_13-d2-HET-UHI-BHI-b5b4fe09a4,TK-PB-Drahi_13-d2-HET-UHI-e201b86fbb-r5,SS-b6fde45dba3b,1,5,lex_phase_5,OPTIMAL,FEASIBLE_POINT,2435.9842015464637,2435.9842015464637,0,76446,76446,117322,210907,2388,0,2388,11940,2388,256,0,0,NaN,0,NaN,0.09750000000000003,1.0000000000002274,
5,4,MULTISTAGE_RH,LEXMMFPEA,shared_battery_mode_node_level_v1,SI-Drahi_13-d2-HET-UHI-BHI-b5b4fe09a4,TK-PB-Drahi_13-d2-HET-UHI-e201b86fbb-r5,SS-b6fde45dba3b,1,6,economic_tie_break,OPTIMAL,FEASIBLE_POINT,598726.6462258084,598726.6462258084,0,76446,76446,117323,210913,2388,0,2388,11940,2388,256,0,0,NaN,0,NaN,0.09750000000000003,1.0000000000002274,
5,5,MULTISTAGE_RH,LEXMMFPEA,shared_battery_mode_node_level_v1,SI-Drahi_13-d2-HET-UHI-BHI-b5b4fe09a4,TK-PB-Drahi_13-d2-HET-UHI-e201b86fbb-r5,SS-59c6d7df9164,5,1,lex_phase_1,OPTIMAL,FEASIBLE_POINT,194.60555259420084,194.60555259420084,0,76446,76446,117318,206778,2388,0,2388,11940,2388,256,0,0,NaN,0,NaN,0.0,1.0000000000001137,
5,5,MULTISTAGE_RH,LEXMMFPEA,shared_battery_mode_node_level_v1,SI-Drahi_13-d2-HET-UHI-BHI-b5b4fe09a4,TK-PB-Drahi_13-d2-HET-UHI-e201b86fbb-r5,SS-59c6d7df9164,5,2,lex_phase_2,OPTIMAL,FEASIBLE_POINT,389.21110518840175,389.21110518840175,0,76446,76446,117319,206784,2388,0,2388,11940,2388,256,0,0,NaN,0,NaN,0.0,1.0000000000001137,
5,5,MULTISTAGE_RH,LEXMMFPEA,shared_battery_mode_node_level_v1,SI-Drahi_13-d2-HET-UHI-BHI-b5b4fe09a4,TK-PB-Drahi_13-d2-HET-UHI-e201b86fbb-r5,SS-59c6d7df9164,5,3,lex_phase_3,OPTIMAL,FEASIBLE_POINT,583.8166577826026,583.8166577826026,0,76446,76446,117320,206790,2388,0,2388,11940,2388,256,0,0,NaN,0,NaN,0.0,1.0000000000001137,
5,5,MULTISTAGE_RH,LEXMMFPEA,shared_battery_mode_node_level_v1,SI-Drahi_13-d2-HET-UHI-BHI-b5b4fe09a4,TK-PB-Drahi_13-d2-HET-UHI-e201b86fbb-r5,SS-59c6d7df9164,5,4,lex_phase_4,OPTIMAL,FEASIBLE_POINT,778.4222103768035,778.4222103768035,0,76446,76446,117321,206796,2388,0,2388,11940,2388,256,0,0,NaN,0,NaN,0.0,1.0000000000001137,
5,5,MULTISTAGE_RH,LEXMMFPEA,shared_battery_mode_node_level_v1,SI-Drahi_13-d2-HET-UHI-BHI-b5b4fe09a4,TK-PB-Drahi_13-d2-HET-UHI-e201b86fbb-r5,SS-59c6d7df9164,5,5,lex_phase_5,OPTIMAL,FEASIBLE_POINT,973.0277629710044,973.0277629710044,0,76446,76446,117322,206802,2388,0,2388,11940,2388,256,0,0,NaN,0,NaN,0.0,1.0000000000001137,
5,5,MULTISTAGE_RH,LEXMMFPEA,shared_battery_mode_node_level_v1,SI-Drahi_13-d2-HET-UHI-BHI-b5b4fe09a4,TK-PB-Drahi_13-d2-HET-UHI-e201b86fbb-r5,SS-59c6d7df9164,5,6,economic_tie_break,OPTIMAL,FEASIBLE_POINT,629791.5055987936,629791.5055987936,0,76446,76446,117323,206808,2388,0,2388,11940,2388,256,0,0,NaN,0,NaN,0.0,1.0000000000001137,
5,6,MULTISTAGE_RH,LEXMMFPEA,shared_battery_mode_node_level_v1,SI-Drahi_13-d2-HET-UHI-BHI-b5b4fe09a4,TK-PB-Drahi_13-d2-HET-UHI-e201b86fbb-r5,SS-59c6d7df9164,5,1,lex_phase_1,OPTIMAL,FEASIBLE_POINT,194.60555259420084,194.60555259420084,0,76446,76446,117318,206778,2388,0,2388,11940,2388,256,0,0,NaN,0,NaN,1.4210854715202004e-14,1.0000000000001137,
5,6,MULTISTAGE_RH,LEXMMFPEA,shared_battery_mode_node_level_v1,SI-Drahi_13-d2-HET-UHI-BHI-b5b4fe09a4,TK-PB-Drahi_13-d2-HET-UHI-e201b86fbb-r5,SS-59c6d7df9164,5,2,lex_phase_2,OPTIMAL,FEASIBLE_POINT,389.21110518840175,389.21110518840175,0,76446,76446,117319,206784,2388,0,2388,11940,2388,256,0,0,NaN,0,NaN,1.4210854715202004e-14,1.0000000000001137,
5,6,MULTISTAGE_RH,LEXMMFPEA,shared_battery_mode_node_level_v1,SI-Drahi_13-d2-HET-UHI-BHI-b5b4fe09a4,TK-PB-Drahi_13-d2-HET-UHI-e201b86fbb-r5,SS-59c6d7df9164,5,3,lex_phase_3,OPTIMAL,FEASIBLE_POINT,583.8166577826026,583.8166577826026,0,76446,76446,117320,206790,2388,0,2388,11940,2388,256,0,0,NaN,0,NaN,1.4210854715202004e-14,1.0000000000001137,
5,6,MULTISTAGE_RH,LEXMMFPEA,shared_battery_mode_node_level_v1,SI-Drahi_13-d2-HET-UHI-BHI-b5b4fe09a4,TK-PB-Drahi_13-d2-HET-UHI-e201b86fbb-r5,SS-59c6d7df9164,5,4,lex_phase_4,OPTIMAL,FEASIBLE_POINT,778.4222103768035,778.4222103768035,0,76446,76446,117321,206796,2388,0,2388,11940,2388,256,0,0,NaN,0,NaN,1.4210854715202004e-14,1.0000000000001137,
5,6,MULTISTAGE_RH,LEXMMFPEA,shared_battery_mode_node_level_v1,SI-Drahi_13-d2-HET-UHI-BHI-b5b4fe09a4,TK-PB-Drahi_13-d2-HET-UHI-e201b86fbb-r5,SS-59c6d7df9164,5,5,lex_phase_5,OPTIMAL,FEASIBLE_POINT,973.0277629710044,973.0277629710044,0,76446,76446,117322,206802,2388,0,2388,11940,2388,256,0,0,NaN,0,NaN,1.4210854715202004e-14,1.0000000000001137,
5,6,MULTISTAGE_RH,LEXMMFPEA,shared_battery_mode_node_level_v1,SI-Drahi_13-d2-HET-UHI-BHI-b5b4fe09a4,TK-PB-Drahi_13-d2-HET-UHI-e201b86fbb-r5,SS-59c6d7df9164,5,6,economic_tie_break,OPTIMAL,FEASIBLE_POINT,629791.5055987936,629791.5055987936,0,76446,76446,117323,206808,2388,0,2388,11940,2388,256,0,0,NaN,0,NaN,1.4210854715202004e-14,1.0000000000001137,
5,7,MULTISTAGE_RH,LEXMMFPEA,shared_battery_mode_node_level_v1,SI-Drahi_13-d2-HET-UHI-BHI-b5b4fe09a4,TK-PB-Drahi_13-d2-HET-UHI-e201b86fbb-r5,SS-59c6d7df9164,5,1,lex_phase_1,OPTIMAL,FEASIBLE_POINT,194.60555259420084,194.60555259420084,0,76446,76446,117318,206778,2388,0,2388,11940,2388,256,0,0,NaN,0,NaN,7.216449660063518e-16,1.0000000000001137,
5,7,MULTISTAGE_RH,LEXMMFPEA,shared_battery_mode_node_level_v1,SI-Drahi_13-d2-HET-UHI-BHI-b5b4fe09a4,TK-PB-Drahi_13-d2-HET-UHI-e201b86fbb-r5,SS-59c6d7df9164,5,2,lex_phase_2,OPTIMAL,FEASIBLE_POINT,389.21110518840175,389.21110518840175,0,76446,76446,117319,206784,2388,0,2388,11940,2388,256,0,0,NaN,0,NaN,7.216449660063518e-16,1.0000000000001137,
5,7,MULTISTAGE_RH,LEXMMFPEA,shared_battery_mode_node_level_v1,SI-Drahi_13-d2-HET-UHI-BHI-b5b4fe09a4,TK-PB-Drahi_13-d2-HET-UHI-e201b86fbb-r5,SS-59c6d7df9164,5,3,lex_phase_3,OPTIMAL,FEASIBLE_POINT,583.8166577826026,583.8166577826026,0,76446,76446,117320,206790,2388,0,2388,11940,2388,256,0,0,NaN,0,NaN,7.216449660063518e-16,1.0000000000001137,
5,7,MULTISTAGE_RH,LEXMMFPEA,shared_battery_mode_node_level_v1,SI-Drahi_13-d2-HET-UHI-BHI-b5b4fe09a4,TK-PB-Drahi_13-d2-HET-UHI-e201b86fbb-r5,SS-59c6d7df9164,5,4,lex_phase_4,OPTIMAL,FEASIBLE_POINT,778.4222103768035,778.4222103768035,0,76446,76446,117321,206796,2388,0,2388,11940,2388,256,0,0,NaN,0,NaN,7.216449660063518e-16,1.0000000000001137,
5,7,MULTISTAGE_RH,LEXMMFPEA,shared_battery_mode_node_level_v1,SI-Drahi_13-d2-HET-UHI-BHI-b5b4fe09a4,TK-PB-Drahi_13-d2-HET-UHI-e201b86fbb-r5,SS-59c6d7df9164,5,5,lex_phase_5,OPTIMAL,FEASIBLE_POINT,973.0277629710044,973.0277629710044,0,76446,76446,117322,206802,2388,0,2388,11940,2388,256,0,0,NaN,0,NaN,7.216449660063518e-16,1.0000000000001137,
5,7,MULTISTAGE_RH,LEXMMFPEA,shared_battery_mode_node_level_v1,SI-Drahi_13-d2-HET-UHI-BHI-b5b4fe09a4,TK-PB-Drahi_13-d2-HET-UHI-e201b86fbb-r5,SS-59c6d7df9164,5,6,economic_tie_break,OPTIMAL,FEASIBLE_POINT,629791.5055987936,629791.5055987936,0,76446,76446,117323,206808,2388,0,2388,11940,2388,256,0,0,NaN,0,NaN,7.216449660063518e-16,1.0000000000001137,
5,8,MULTISTAGE_RH,LEXMMFPEA,shared_battery_mode_node_level_v1,SI-Drahi_13-d2-HET-UHI-BHI-b5b4fe09a4,TK-PB-Drahi_13-d2-HET-UHI-e201b86fbb-r5,SS-59c6d7df9164,5,1,lex_phase_1,OPTIMAL,FEASIBLE_POINT,194.60555259420084,194.60555259420084,0,76446,76446,117318,206778,2388,0,2388,11940,2388,256,0,0,NaN,0,NaN,1.4210854715202004e-14,1.0000000000001137,
5,8,MULTISTAGE_RH,LEXMMFPEA,shared_battery_mode_node_level_v1,SI-Drahi_13-d2-HET-UHI-BHI-b5b4fe09a4,TK-PB-Drahi_13-d2-HET-UHI-e201b86fbb-r5,SS-59c6d7df9164,5,2,lex_phase_2,OPTIMAL,FEASIBLE_POINT,389.21110518840175,389.21110518840175,0,76446,76446,117319,206784,2388,0,2388,11940,2388,256,0,0,NaN,0,NaN,1.4210854715202004e-14,1.0000000000001137,
5,8,MULTISTAGE_RH,LEXMMFPEA,shared_battery_mode_node_level_v1,SI-Drahi_13-d2-HET-UHI-BHI-b5b4fe09a4,TK-PB-Drahi_13-d2-HET-UHI-e201b86fbb-r5,SS-59c6d7df9164,5,3,lex_phase_3,OPTIMAL,FEASIBLE_POINT,583.8166577826026,583.8166577826026,0,76446,76446,117320,206790,2388,0,2388,11940,2388,256,0,0,NaN,0,NaN,1.4210854715202004e-14,1.0000000000001137,
5,8,MULTISTAGE_RH,LEXMMFPEA,shared_battery_mode_node_level_v1,SI-Drahi_13-d2-HET-UHI-BHI-b5b4fe09a4,TK-PB-Drahi_13-d2-HET-UHI-e201b86fbb-r5,SS-59c6d7df9164,5,4,lex_phase_4,OPTIMAL,FEASIBLE_POINT,778.4222103768035,778.4222103768035,0,76446,76446,117321,206796,2388,0,2388,11940,2388,256,0,0,NaN,0,NaN,1.4210854715202004e-14,1.0000000000001137,
5,8,MULTISTAGE_RH,LEXMMFPEA,shared_battery_mode_node_level_v1,SI-Drahi_13-d2-HET-UHI-BHI-b5b4fe09a4,TK-PB-Drahi_13-d2-HET-UHI-e201b86fbb-r5,SS-59c6d7df9164,5,5,lex_phase_5,OPTIMAL,FEASIBLE_POINT,973.0277629710044,973.0277629710044,0,76446,76446,117322,206802,2388,0,2388,11940,2388,256,0,0,NaN,0,NaN,1.4210854715202004e-14,1.0000000000001137,
5,8,MULTISTAGE_RH,LEXMMFPEA,shared_battery_mode_node_level_v1,SI-Drahi_13-d2-HET-UHI-BHI-b5b4fe09a4,TK-PB-Drahi_13-d2-HET-UHI-e201b86fbb-r5,SS-59c6d7df9164,5,6,economic_tie_break,OPTIMAL,FEASIBLE_POINT,629791.5055987936,629791.5055987936,0,76446,76446,117323,206808,2388,0,2388,11940,2388,256,0,0,NaN,0,NaN,1.4210854715202004e-14,1.0000000000001137,
5,9,MULTISTAGE_RH,LEXMMFPEA,shared_battery_mode_node_level_v1,SI-Drahi_13-d2-HET-UHI-BHI-b5b4fe09a4,TK-PB-Drahi_13-d2-HET-UHI-e201b86fbb-r5,SS-baeb7d556d60,9,1,lex_phase_1,OPTIMAL,FEASIBLE_POINT,514.1414402584775,514.1414402584775,0,76446,76446,117318,210633,2388,0,2388,11940,2388,256,0,0,NaN,0,NaN,10.622864651773995,1.0,
5,9,MULTISTAGE_RH,LEXMMFPEA,shared_battery_mode_node_level_v1,SI-Drahi_13-d2-HET-UHI-BHI-b5b4fe09a4,TK-PB-Drahi_13-d2-HET-UHI-e201b86fbb-r5,SS-baeb7d556d60,9,2,lex_phase_2,OPTIMAL,FEASIBLE_POINT,1028.2828805169552,1028.2828805169552,0,76446,76446,117319,210639,2388,0,2388,11940,2388,256,0,0,NaN,0,NaN,10.622864651773995,1.0,
5,9,MULTISTAGE_RH,LEXMMFPEA,shared_battery_mode_node_level_v1,SI-Drahi_13-d2-HET-UHI-BHI-b5b4fe09a4,TK-PB-Drahi_13-d2-HET-UHI-e201b86fbb-r5,SS-baeb7d556d60,9,3,lex_phase_3,OPTIMAL,FEASIBLE_POINT,1542.4243207754328,1542.4243207754328,0,76446,76446,117320,210645,2388,0,2388,11940,2388,256,0,0,NaN,0,NaN,10.622864651773995,1.0,
5,9,MULTISTAGE_RH,LEXMMFPEA,shared_battery_mode_node_level_v1,SI-Drahi_13-d2-HET-UHI-BHI-b5b4fe09a4,TK-PB-Drahi_13-d2-HET-UHI-e201b86fbb-r5,SS-baeb7d556d60,9,4,lex_phase_4,OPTIMAL,FEASIBLE_POINT,2056.5657610339103,2056.5657610339103,0,76446,76446,117321,210651,2388,0,2388,11940,2388,256,0,0,NaN,0,NaN,10.622864651773995,1.0,
5,9,MULTISTAGE_RH,LEXMMFPEA,shared_battery_mode_node_level_v1,SI-Drahi_13-d2-HET-UHI-BHI-b5b4fe09a4,TK-PB-Drahi_13-d2-HET-UHI-e201b86fbb-r5,SS-baeb7d556d60,9,5,lex_phase_5,OPTIMAL,FEASIBLE_POINT,2570.707201292388,2570.707201292388,0,76446,76446,117322,210657,2388,0,2388,11940,2388,256,0,0,NaN,0,NaN,10.622864651773995,1.0,
5,9,MULTISTAGE_RH,LEXMMFPEA,shared_battery_mode_node_level_v1,SI-Drahi_13-d2-HET-UHI-BHI-b5b4fe09a4,TK-PB-Drahi_13-d2-HET-UHI-e201b86fbb-r5,SS-baeb7d556d60,9,6,economic_tie_break,OPTIMAL,FEASIBLE_POINT,566910.387384437,566910.387384437,0,76446,76446,117323,210663,2388,0,2388,11940,2388,256,0,0,NaN,0,NaN,10.622864651773995,1.0,
5,10,MULTISTAGE_RH,LEXMMFPEA,shared_battery_mode_node_level_v1,SI-Drahi_13-d2-HET-UHI-BHI-b5b4fe09a4,TK-PB-Drahi_13-d2-HET-UHI-e201b86fbb-r5,SS-baeb7d556d60,9,1,lex_phase_1,OPTIMAL,FEASIBLE_POINT,514.1414402584775,514.1414402584775,0,76446,76446,117318,210633,2388,0,2388,11940,2388,256,0,0,NaN,0,NaN,15.999999999999998,1.0,
5,10,MULTISTAGE_RH,LEXMMFPEA,shared_battery_mode_node_level_v1,SI-Drahi_13-d2-HET-UHI-BHI-b5b4fe09a4,TK-PB-Drahi_13-d2-HET-UHI-e201b86fbb-r5,SS-baeb7d556d60,9,2,lex_phase_2,OPTIMAL,FEASIBLE_POINT,1028.2828805169552,1028.2828805169552,0,76446,76446,117319,210639,2388,0,2388,11940,2388,256,0,0,NaN,0,NaN,15.999999999999998,1.0,
5,10,MULTISTAGE_RH,LEXMMFPEA,shared_battery_mode_node_level_v1,SI-Drahi_13-d2-HET-UHI-BHI-b5b4fe09a4,TK-PB-Drahi_13-d2-HET-UHI-e201b86fbb-r5,SS-baeb7d556d60,9,3,lex_phase_3,OPTIMAL,FEASIBLE_POINT,1542.4243207754328,1542.4243207754328,0,76446,76446,117320,210645,2388,0,2388,11940,2388,256,0,0,NaN,0,NaN,15.999999999999998,1.0,
5,10,MULTISTAGE_RH,LEXMMFPEA,shared_battery_mode_node_level_v1,SI-Drahi_13-d2-HET-UHI-BHI-b5b4fe09a4,TK-PB-Drahi_13-d2-HET-UHI-e201b86fbb-r5,SS-baeb7d556d60,9,4,lex_phase_4,OPTIMAL,FEASIBLE_POINT,2056.5657610339103,2056.5657610339103,0,76446,76446,117321,210651,2388,0,2388,11940,2388,256,0,0,NaN,0,NaN,15.999999999999998,1.0,
5,10,MULTISTAGE_RH,LEXMMFPEA,shared_battery_mode_node_level_v1,SI-Drahi_13-d2-HET-UHI-BHI-b5b4fe09a4,TK-PB-Drahi_13-d2-HET-UHI-e201b86fbb-r5,SS-baeb7d556d60,9,5,lex_phase_5,OPTIMAL,FEASIBLE_POINT,2570.707201292388,2570.707201292388,0,76446,76446,117322,210657,2388,0,2388,11940,2388,256,0,0,NaN,0,NaN,15.999999999999998,1.0,
5,10,MULTISTAGE_RH,LEXMMFPEA,shared_battery_mode_node_level_v1,SI-Drahi_13-d2-HET-UHI-BHI-b5b4fe09a4,TK-PB-Drahi_13-d2-HET-UHI-e201b86fbb-r5,SS-baeb7d556d60,9,6,economic_tie_break,OPTIMAL,FEASIBLE_POINT,566910.387384437,566910.387384437,0,76446,76446,117323,210663,2388,0,2388,11940,2388,256,0,0,NaN,0,NaN,15.999999999999998,1.0,
5,11,MULTISTAGE_RH,LEXMMFPEA,shared_battery_mode_node_level_v1,SI-Drahi_13-d2-HET-UHI-BHI-b5b4fe09a4,TK-PB-Drahi_13-d2-HET-UHI-e201b86fbb-r5,SS-baeb7d556d60,9,1,lex_phase_1,OPTIMAL,FEASIBLE_POINT,514.1414402584775,514.1414402584775,0,76446,76446,117318,210633,2388,0,2388,11940,2388,256,0,0,NaN,0,NaN,7.105427357601002e-15,1.0,
5,11,MULTISTAGE_RH,LEXMMFPEA,shared_battery_mode_node_level_v1,SI-Drahi_13-d2-HET-UHI-BHI-b5b4fe09a4,TK-PB-Drahi_13-d2-HET-UHI-e201b86fbb-r5,SS-baeb7d556d60,9,2,lex_phase_2,OPTIMAL,FEASIBLE_POINT,1028.2828805169552,1028.2828805169552,0,76446,76446,117319,210639,2388,0,2388,11940,2388,256,0,0,NaN,0,NaN,7.105427357601002e-15,1.0,
5,11,MULTISTAGE_RH,LEXMMFPEA,shared_battery_mode_node_level_v1,SI-Drahi_13-d2-HET-UHI-BHI-b5b4fe09a4,TK-PB-Drahi_13-d2-HET-UHI-e201b86fbb-r5,SS-baeb7d556d60,9,3,lex_phase_3,OPTIMAL,FEASIBLE_POINT,1542.4243207754328,1542.4243207754328,0,76446,76446,117320,210645,2388,0,2388,11940,2388,256,0,0,NaN,0,NaN,7.105427357601002e-15,1.0,
5,11,MULTISTAGE_RH,LEXMMFPEA,shared_battery_mode_node_level_v1,SI-Drahi_13-d2-HET-UHI-BHI-b5b4fe09a4,TK-PB-Drahi_13-d2-HET-UHI-e201b86fbb-r5,SS-baeb7d556d60,9,4,lex_phase_4,OPTIMAL,FEASIBLE_POINT,2056.5657610339103,2056.5657610339103,0,76446,76446,117321,210651,2388,0,2388,11940,2388,256,0,0,NaN,0,NaN,7.105427357601002e-15,1.0,
5,11,MULTISTAGE_RH,LEXMMFPEA,shared_battery_mode_node_level_v1,SI-Drahi_13-d2-HET-UHI-BHI-b5b4fe09a4,TK-PB-Drahi_13-d2-HET-UHI-e201b86fbb-r5,SS-baeb7d556d60,9,5,lex_phase_5,OPTIMAL,FEASIBLE_POINT,2570.707201292388,2570.707201292388,0,76446,76446,117322,210657,2388,0,2388,11940,2388,256,0,0,NaN,0,NaN,7.105427357601002e-15,1.0,
5,11,MULTISTAGE_RH,LEXMMFPEA,shared_battery_mode_node_level_v1,SI-Drahi_13-d2-HET-UHI-BHI-b5b4fe09a4,TK-PB-Drahi_13-d2-HET-UHI-e201b86fbb-r5,SS-baeb7d556d60,9,6,economic_tie_break,OPTIMAL,FEASIBLE_POINT,566910.387384437,566910.387384437,0,76446,76446,117323,210663,2388,0,2388,11940,2388,256,0,0,NaN,0,NaN,7.105427357601002e-15,1.0,
5,12,MULTISTAGE_RH,LEXMMFPEA,shared_battery_mode_node_level_v1,SI-Drahi_13-d2-HET-UHI-BHI-b5b4fe09a4,TK-PB-Drahi_13-d2-HET-UHI-e201b86fbb-r5,SS-baeb7d556d60,9,1,lex_phase_1,OPTIMAL,FEASIBLE_POINT,514.1414402584775,514.1414402584775,0,76446,76446,117318,210633,2388,0,2388,11940,2388,256,0,0,NaN,0,NaN,0.0,1.0,
5,12,MULTISTAGE_RH,LEXMMFPEA,shared_battery_mode_node_level_v1,SI-Drahi_13-d2-HET-UHI-BHI-b5b4fe09a4,TK-PB-Drahi_13-d2-HET-UHI-e201b86fbb-r5,SS-baeb7d556d60,9,2,lex_phase_2,OPTIMAL,FEASIBLE_POINT,1028.2828805169552,1028.2828805169552,0,76446,76446,117319,210639,2388,0,2388,11940,2388,256,0,0,NaN,0,NaN,0.0,1.0,
5,12,MULTISTAGE_RH,LEXMMFPEA,shared_battery_mode_node_level_v1,SI-Drahi_13-d2-HET-UHI-BHI-b5b4fe09a4,TK-PB-Drahi_13-d2-HET-UHI-e201b86fbb-r5,SS-baeb7d556d60,9,3,lex_phase_3,OPTIMAL,FEASIBLE_POINT,1542.4243207754328,1542.4243207754328,0,76446,76446,117320,210645,2388,0,2388,11940,2388,256,0,0,NaN,0,NaN,0.0,1.0,
5,12,MULTISTAGE_RH,LEXMMFPEA,shared_battery_mode_node_level_v1,SI-Drahi_13-d2-HET-UHI-BHI-b5b4fe09a4,TK-PB-Drahi_13-d2-HET-UHI-e201b86fbb-r5,SS-baeb7d556d60,9,4,lex_phase_4,OPTIMAL,FEASIBLE_POINT,2056.5657610339103,2056.5657610339103,0,76446,76446,117321,210651,2388,0,2388,11940,2388,256,0,0,NaN,0,NaN,0.0,1.0,
5,12,MULTISTAGE_RH,LEXMMFPEA,shared_battery_mode_node_level_v1,SI-Drahi_13-d2-HET-UHI-BHI-b5b4fe09a4,TK-PB-Drahi_13-d2-HET-UHI-e201b86fbb-r5,SS-baeb7d556d60,9,5,lex_phase_5,OPTIMAL,FEASIBLE_POINT,2570.707201292388,2570.707201292388,0,76446,76446,117322,210657,2388,0,2388,11940,2388,256,0,0,NaN,0,NaN,0.0,1.0,
5,12,MULTISTAGE_RH,LEXMMFPEA,shared_battery_mode_node_level_v1,SI-Drahi_13-d2-HET-UHI-BHI-b5b4fe09a4,TK-PB-Drahi_13-d2-HET-UHI-e201b86fbb-r5,SS-baeb7d556d60,9,6,economic_tie_break,OPTIMAL,FEASIBLE_POINT,566910.387384437,566910.387384437,0,76446,76446,117323,210663,2388,0,2388,11940,2388,256,0,0,NaN,0,NaN,0.0,1.0,
5,13,MULTISTAGE_RH,LEXMMFPEA,shared_battery_mode_node_level_v1,SI-Drahi_13-d2-HET-UHI-BHI-b5b4fe09a4,TK-PB-Drahi_13-d2-HET-UHI-e201b86fbb-r5,SS-784512b1c103,13,1,lex_phase_1,OPTIMAL,FEASIBLE_POINT,676.6803033453546,676.6803033453546,0,76446,76446,117318,215078,2388,0,2388,11940,2388,256,0,0,NaN,0,NaN,5.684341886080801e-13,1.000000000001478,
5,13,MULTISTAGE_RH,LEXMMFPEA,shared_battery_mode_node_level_v1,SI-Drahi_13-d2-HET-UHI-BHI-b5b4fe09a4,TK-PB-Drahi_13-d2-HET-UHI-e201b86fbb-r5,SS-784512b1c103,13,2,lex_phase_2,OPTIMAL,FEASIBLE_POINT,1353.3606066907087,1353.3606066907087,0,76446,76446,117319,215084,2388,0,2388,11940,2388,256,0,0,NaN,0,NaN,5.684341886080801e-13,1.000000000001478,
5,13,MULTISTAGE_RH,LEXMMFPEA,shared_battery_mode_node_level_v1,SI-Drahi_13-d2-HET-UHI-BHI-b5b4fe09a4,TK-PB-Drahi_13-d2-HET-UHI-e201b86fbb-r5,SS-784512b1c103,13,3,lex_phase_3,OPTIMAL,FEASIBLE_POINT,2030.040910036063,2030.040910036063,0,76446,76446,117320,215090,2388,0,2388,11940,2388,256,0,0,NaN,0,NaN,5.684341886080801e-13,1.000000000001478,
5,13,MULTISTAGE_RH,LEXMMFPEA,shared_battery_mode_node_level_v1,SI-Drahi_13-d2-HET-UHI-BHI-b5b4fe09a4,TK-PB-Drahi_13-d2-HET-UHI-e201b86fbb-r5,SS-784512b1c103,13,4,lex_phase_4,OPTIMAL,FEASIBLE_POINT,2706.7212133814173,2706.7212133814173,0,76446,76446,117321,215096,2388,0,2388,11940,2388,256,0,0,NaN,0,NaN,5.684341886080801e-13,1.000000000001478,
5,13,MULTISTAGE_RH,LEXMMFPEA,shared_battery_mode_node_level_v1,SI-Drahi_13-d2-HET-UHI-BHI-b5b4fe09a4,TK-PB-Drahi_13-d2-HET-UHI-e201b86fbb-r5,SS-784512b1c103,13,5,lex_phase_5,OPTIMAL,FEASIBLE_POINT,3383.4015167267726,3383.4015167267726,0,76446,76446,117322,215102,2388,0,2388,11940,2388,256,0,0,NaN,0,NaN,5.684341886080801e-13,1.000000000001478,
5,13,MULTISTAGE_RH,LEXMMFPEA,shared_battery_mode_node_level_v1,SI-Drahi_13-d2-HET-UHI-BHI-b5b4fe09a4,TK-PB-Drahi_13-d2-HET-UHI-e201b86fbb-r5,SS-784512b1c103,13,6,economic_tie_break,OPTIMAL,FEASIBLE_POINT,612175.4070317954,612175.4070317954,0,76446,76446,117323,215108,2388,0,2388,11940,2388,256,0,0,NaN,0,NaN,5.684341886080801e-13,1.000000000001478,
5,14,MULTISTAGE_RH,LEXMMFPEA,shared_battery_mode_node_level_v1,SI-Drahi_13-d2-HET-UHI-BHI-b5b4fe09a4,TK-PB-Drahi_13-d2-HET-UHI-e201b86fbb-r5,SS-784512b1c103,13,1,lex_phase_1,OPTIMAL,FEASIBLE_POINT,676.6803033453546,676.6803033453546,0,76446,76446,117318,215078,2388,0,2388,11940,2388,256,0,0,NaN,0,NaN,15.999999999999991,1.000000000001478,
5,14,MULTISTAGE_RH,LEXMMFPEA,shared_battery_mode_node_level_v1,SI-Drahi_13-d2-HET-UHI-BHI-b5b4fe09a4,TK-PB-Drahi_13-d2-HET-UHI-e201b86fbb-r5,SS-784512b1c103,13,2,lex_phase_2,OPTIMAL,FEASIBLE_POINT,1353.3606066907087,1353.3606066907087,0,76446,76446,117319,215084,2388,0,2388,11940,2388,256,0,0,NaN,0,NaN,15.999999999999991,1.000000000001478,
5,14,MULTISTAGE_RH,LEXMMFPEA,shared_battery_mode_node_level_v1,SI-Drahi_13-d2-HET-UHI-BHI-b5b4fe09a4,TK-PB-Drahi_13-d2-HET-UHI-e201b86fbb-r5,SS-784512b1c103,13,3,lex_phase_3,OPTIMAL,FEASIBLE_POINT,2030.040910036063,2030.040910036063,0,76446,76446,117320,215090,2388,0,2388,11940,2388,256,0,0,NaN,0,NaN,15.999999999999991,1.000000000001478,
5,14,MULTISTAGE_RH,LEXMMFPEA,shared_battery_mode_node_level_v1,SI-Drahi_13-d2-HET-UHI-BHI-b5b4fe09a4,TK-PB-Drahi_13-d2-HET-UHI-e201b86fbb-r5,SS-784512b1c103,13,4,lex_phase_4,OPTIMAL,FEASIBLE_POINT,2706.7212133814173,2706.7212133814173,0,76446,76446,117321,215096,2388,0,2388,11940,2388,256,0,0,NaN,0,NaN,15.999999999999991,1.000000000001478,
5,14,MULTISTAGE_RH,LEXMMFPEA,shared_battery_mode_node_level_v1,SI-Drahi_13-d2-HET-UHI-BHI-b5b4fe09a4,TK-PB-Drahi_13-d2-HET-UHI-e201b86fbb-r5,SS-784512b1c103,13,5,lex_phase_5,OPTIMAL,FEASIBLE_POINT,3383.4015167267726,3383.4015167267726,0,76446,76446,117322,215102,2388,0,2388,11940,2388,256,0,0,NaN,0,NaN,15.999999999999991,1.000000000001478,
5,14,MULTISTAGE_RH,LEXMMFPEA,shared_battery_mode_node_level_v1,SI-Drahi_13-d2-HET-UHI-BHI-b5b4fe09a4,TK-PB-Drahi_13-d2-HET-UHI-e201b86fbb-r5,SS-784512b1c103,13,6,economic_tie_break,OPTIMAL,FEASIBLE_POINT,612175.4070317954,612175.4070317954,0,76446,76446,117323,215108,2388,0,2388,11940,2388,256,0,0,NaN,0,NaN,15.999999999999991,1.000000000001478,
5,15,MULTISTAGE_RH,LEXMMFPEA,shared_battery_mode_node_level_v1,SI-Drahi_13-d2-HET-UHI-BHI-b5b4fe09a4,TK-PB-Drahi_13-d2-HET-UHI-e201b86fbb-r5,SS-784512b1c103,13,1,lex_phase_1,OPTIMAL,FEASIBLE_POINT,676.6803033453546,676.6803033453546,0,76446,76446,117318,215078,2388,0,2388,11940,2388,256,0,0,NaN,0,NaN,16.0,1.000000000001478,
5,15,MULTISTAGE_RH,LEXMMFPEA,shared_battery_mode_node_level_v1,SI-Drahi_13-d2-HET-UHI-BHI-b5b4fe09a4,TK-PB-Drahi_13-d2-HET-UHI-e201b86fbb-r5,SS-784512b1c103,13,2,lex_phase_2,OPTIMAL,FEASIBLE_POINT,1353.3606066907087,1353.3606066907087,0,76446,76446,117319,215084,2388,0,2388,11940,2388,256,0,0,NaN,0,NaN,16.0,1.000000000001478,
5,15,MULTISTAGE_RH,LEXMMFPEA,shared_battery_mode_node_level_v1,SI-Drahi_13-d2-HET-UHI-BHI-b5b4fe09a4,TK-PB-Drahi_13-d2-HET-UHI-e201b86fbb-r5,SS-784512b1c103,13,3,lex_phase_3,OPTIMAL,FEASIBLE_POINT,2030.040910036063,2030.040910036063,0,76446,76446,117320,215090,2388,0,2388,11940,2388,256,0,0,NaN,0,NaN,16.0,1.000000000001478,
5,15,MULTISTAGE_RH,LEXMMFPEA,shared_battery_mode_node_level_v1,SI-Drahi_13-d2-HET-UHI-BHI-b5b4fe09a4,TK-PB-Drahi_13-d2-HET-UHI-e201b86fbb-r5,SS-784512b1c103,13,4,lex_phase_4,OPTIMAL,FEASIBLE_POINT,2706.7212133814173,2706.7212133814173,0,76446,76446,117321,215096,2388,0,2388,11940,2388,256,0,0,NaN,0,NaN,16.0,1.000000000001478,
5,15,MULTISTAGE_RH,LEXMMFPEA,shared_battery_mode_node_level_v1,SI-Drahi_13-d2-HET-UHI-BHI-b5b4fe09a4,TK-PB-Drahi_13-d2-HET-UHI-e201b86fbb-r5,SS-784512b1c103,13,5,lex_phase_5,OPTIMAL,FEASIBLE_POINT,3383.4015167267726,3383.4015167267726,0,76446,76446,117322,215102,2388,0,2388,11940,2388,256,0,0,NaN,0,NaN,16.0,1.000000000001478,
5,15,MULTISTAGE_RH,LEXMMFPEA,shared_battery_mode_node_level_v1,SI-Drahi_13-d2-HET-UHI-BHI-b5b4fe09a4,TK-PB-Drahi_13-d2-HET-UHI-e201b86fbb-r5,SS-784512b1c103,13,6,economic_tie_break,OPTIMAL,FEASIBLE_POINT,612175.4070317954,612175.4070317954,0,76446,76446,117323,215108,2388,0,2388,11940,2388,256,0,0,NaN,0,NaN,16.0,1.000000000001478,
5,16,MULTISTAGE_RH,LEXMMFPEA,shared_battery_mode_node_level_v1,SI-Drahi_13-d2-HET-UHI-BHI-b5b4fe09a4,TK-PB-Drahi_13-d2-HET-UHI-e201b86fbb-r5,SS-784512b1c103,13,1,lex_phase_1,OPTIMAL,FEASIBLE_POINT,676.6803033453546,676.6803033453546,0,76446,76446,117318,215078,2388,0,2388,11940,2388,256,0,0,NaN,0,NaN,2.842170943040401e-14,1.000000000001478,
5,16,MULTISTAGE_RH,LEXMMFPEA,shared_battery_mode_node_level_v1,SI-Drahi_13-d2-HET-UHI-BHI-b5b4fe09a4,TK-PB-Drahi_13-d2-HET-UHI-e201b86fbb-r5,SS-784512b1c103,13,2,lex_phase_2,OPTIMAL,FEASIBLE_POINT,1353.3606066907087,1353.3606066907087,0,76446,76446,117319,215084,2388,0,2388,11940,2388,256,0,0,NaN,0,NaN,2.842170943040401e-14,1.000000000001478,
5,16,MULTISTAGE_RH,LEXMMFPEA,shared_battery_mode_node_level_v1,SI-Drahi_13-d2-HET-UHI-BHI-b5b4fe09a4,TK-PB-Drahi_13-d2-HET-UHI-e201b86fbb-r5,SS-784512b1c103,13,3,lex_phase_3,OPTIMAL,FEASIBLE_POINT,2030.040910036063,2030.040910036063,0,76446,76446,117320,215090,2388,0,2388,11940,2388,256,0,0,NaN,0,NaN,2.842170943040401e-14,1.000000000001478,
5,16,MULTISTAGE_RH,LEXMMFPEA,shared_battery_mode_node_level_v1,SI-Drahi_13-d2-HET-UHI-BHI-b5b4fe09a4,TK-PB-Drahi_13-d2-HET-UHI-e201b86fbb-r5,SS-784512b1c103,13,4,lex_phase_4,OPTIMAL,FEASIBLE_POINT,2706.7212133814173,2706.7212133814173,0,76446,76446,117321,215096,2388,0,2388,11940,2388,256,0,0,NaN,0,NaN,2.842170943040401e-14,1.000000000001478,
5,16,MULTISTAGE_RH,LEXMMFPEA,shared_battery_mode_node_level_v1,SI-Drahi_13-d2-HET-UHI-BHI-b5b4fe09a4,TK-PB-Drahi_13-d2-HET-UHI-e201b86fbb-r5,SS-784512b1c103,13,5,lex_phase_5,OPTIMAL,FEASIBLE_POINT,3383.4015167267726,3383.4015167267726,0,76446,76446,117322,215102,2388,0,2388,11940,2388,256,0,0,NaN,0,NaN,2.842170943040401e-14,1.000000000001478,
5,16,MULTISTAGE_RH,LEXMMFPEA,shared_battery_mode_node_level_v1,SI-Drahi_13-d2-HET-UHI-BHI-b5b4fe09a4,TK-PB-Drahi_13-d2-HET-UHI-e201b86fbb-r5,SS-784512b1c103,13,6,economic_tie_break,OPTIMAL,FEASIBLE_POINT,612175.4070317954,612175.4070317954,0,76446,76446,117323,215108,2388,0,2388,11940,2388,256,0,0,NaN,0,NaN,2.842170943040401e-14,1.000000000001478,
5,17,MULTISTAGE_RH,LEXMMFPEA,shared_battery_mode_node_level_v1,SI-Drahi_13-d2-HET-UHI-BHI-b5b4fe09a4,TK-PB-Drahi_13-d2-HET-UHI-e201b86fbb-r5,SS-ced84ca7a4eb,17,1,lex_phase_1,OPTIMAL,FEASIBLE_POINT,853.1242074416709,853.1242074416709,0,76446,76446,117318,216088,2388,0,2388,11940,2388,256,0,0,NaN,0,NaN,2.842170943040401e-14,1.0000000000027285,
5,17,MULTISTAGE_RH,LEXMMFPEA,shared_battery_mode_node_level_v1,SI-Drahi_13-d2-HET-UHI-BHI-b5b4fe09a4,TK-PB-Drahi_13-d2-HET-UHI-e201b86fbb-r5,SS-ced84ca7a4eb,17,2,lex_phase_2,OPTIMAL,FEASIBLE_POINT,1706.2484148833419,1706.2484148833419,0,76446,76446,117319,216094,2388,0,2388,11940,2388,256,0,0,NaN,0,NaN,2.842170943040401e-14,1.0000000000027285,
5,17,MULTISTAGE_RH,LEXMMFPEA,shared_battery_mode_node_level_v1,SI-Drahi_13-d2-HET-UHI-BHI-b5b4fe09a4,TK-PB-Drahi_13-d2-HET-UHI-e201b86fbb-r5,SS-ced84ca7a4eb,17,3,lex_phase_3,OPTIMAL,FEASIBLE_POINT,2559.372622325013,2559.372622325013,0,76446,76446,117320,216100,2388,0,2388,11940,2388,256,0,0,NaN,0,NaN,2.842170943040401e-14,1.0000000000027285,
5,17,MULTISTAGE_RH,LEXMMFPEA,shared_battery_mode_node_level_v1,SI-Drahi_13-d2-HET-UHI-BHI-b5b4fe09a4,TK-PB-Drahi_13-d2-HET-UHI-e201b86fbb-r5,SS-ced84ca7a4eb,17,4,lex_phase_4,OPTIMAL,FEASIBLE_POINT,3412.4968297666837,3412.4968297666837,0,76446,76446,117321,216106,2388,0,2388,11940,2388,256,0,0,NaN,0,NaN,2.842170943040401e-14,1.0000000000027285,
5,17,MULTISTAGE_RH,LEXMMFPEA,shared_battery_mode_node_level_v1,SI-Drahi_13-d2-HET-UHI-BHI-b5b4fe09a4,TK-PB-Drahi_13-d2-HET-UHI-e201b86fbb-r5,SS-ced84ca7a4eb,17,5,lex_phase_5,OPTIMAL,FEASIBLE_POINT,4265.621037208352,4265.621037208352,0,76446,76446,117322,216112,2388,0,2388,11940,2388,256,0,0,NaN,0,NaN,2.842170943040401e-14,1.0000000000027285,
5,17,MULTISTAGE_RH,LEXMMFPEA,shared_battery_mode_node_level_v1,SI-Drahi_13-d2-HET-UHI-BHI-b5b4fe09a4,TK-PB-Drahi_13-d2-HET-UHI-e201b86fbb-r5,SS-ced84ca7a4eb,17,6,economic_tie_break,OPTIMAL,FEASIBLE_POINT,615084.8656558065,615084.8656558065,0,76446,76446,117323,216118,2388,0,2388,11940,2388,256,0,0,NaN,0,NaN,2.842170943040401e-14,1.0000000000027285,
5,18,MULTISTAGE_RH,LEXMMFPEA,shared_battery_mode_node_level_v1,SI-Drahi_13-d2-HET-UHI-BHI-b5b4fe09a4,TK-PB-Drahi_13-d2-HET-UHI-e201b86fbb-r5,SS-ced84ca7a4eb,17,1,lex_phase_1,OPTIMAL,FEASIBLE_POINT,853.1242074416709,853.1242074416709,0,76446,76446,117318,216088,2388,0,2388,11940,2388,256,0,0,NaN,0,NaN,2.842170943040401e-14,1.0000000000027285,
5,18,MULTISTAGE_RH,LEXMMFPEA,shared_battery_mode_node_level_v1,SI-Drahi_13-d2-HET-UHI-BHI-b5b4fe09a4,TK-PB-Drahi_13-d2-HET-UHI-e201b86fbb-r5,SS-ced84ca7a4eb,17,2,lex_phase_2,OPTIMAL,FEASIBLE_POINT,1706.2484148833419,1706.2484148833419,0,76446,76446,117319,216094,2388,0,2388,11940,2388,256,0,0,NaN,0,NaN,2.842170943040401e-14,1.0000000000027285,
5,18,MULTISTAGE_RH,LEXMMFPEA,shared_battery_mode_node_level_v1,SI-Drahi_13-d2-HET-UHI-BHI-b5b4fe09a4,TK-PB-Drahi_13-d2-HET-UHI-e201b86fbb-r5,SS-ced84ca7a4eb,17,3,lex_phase_3,OPTIMAL,FEASIBLE_POINT,2559.372622325013,2559.372622325013,0,76446,76446,117320,216100,2388,0,2388,11940,2388,256,0,0,NaN,0,NaN,2.842170943040401e-14,1.0000000000027285,
5,18,MULTISTAGE_RH,LEXMMFPEA,shared_battery_mode_node_level_v1,SI-Drahi_13-d2-HET-UHI-BHI-b5b4fe09a4,TK-PB-Drahi_13-d2-HET-UHI-e201b86fbb-r5,SS-ced84ca7a4eb,17,4,lex_phase_4,OPTIMAL,FEASIBLE_POINT,3412.4968297666837,3412.4968297666837,0,76446,76446,117321,216106,2388,0,2388,11940,2388,256,0,0,NaN,0,NaN,2.842170943040401e-14,1.0000000000027285,
5,18,MULTISTAGE_RH,LEXMMFPEA,shared_battery_mode_node_level_v1,SI-Drahi_13-d2-HET-UHI-BHI-b5b4fe09a4,TK-PB-Drahi_13-d2-HET-UHI-e201b86fbb-r5,SS-ced84ca7a4eb,17,5,lex_phase_5,OPTIMAL,FEASIBLE_POINT,4265.621037208352,4265.621037208352,0,76446,76446,117322,216112,2388,0,2388,11940,2388,256,0,0,NaN,0,NaN,2.842170943040401e-14,1.0000000000027285,
5,18,MULTISTAGE_RH,LEXMMFPEA,shared_battery_mode_node_level_v1,SI-Drahi_13-d2-HET-UHI-BHI-b5b4fe09a4,TK-PB-Drahi_13-d2-HET-UHI-e201b86fbb-r5,SS-ced84ca7a4eb,17,6,economic_tie_break,OPTIMAL,FEASIBLE_POINT,615084.8656558065,615084.8656558065,0,76446,76446,117323,216118,2388,0,2388,11940,2388,256,0,0,NaN,0,NaN,2.842170943040401e-14,1.0000000000027285,
5,19,MULTISTAGE_RH,LEXMMFPEA,shared_battery_mode_node_level_v1,SI-Drahi_13-d2-HET-UHI-BHI-b5b4fe09a4,TK-PB-Drahi_13-d2-HET-UHI-e201b86fbb-r5,SS-ced84ca7a4eb,17,1,lex_phase_1,OPTIMAL,FEASIBLE_POINT,853.1242074416709,853.1242074416709,0,76446,76446,117318,216088,2388,0,2388,11940,2388,256,0,0,NaN,0,NaN,2.842170943040401e-14,1.0000000000027285,
5,19,MULTISTAGE_RH,LEXMMFPEA,shared_battery_mode_node_level_v1,SI-Drahi_13-d2-HET-UHI-BHI-b5b4fe09a4,TK-PB-Drahi_13-d2-HET-UHI-e201b86fbb-r5,SS-ced84ca7a4eb,17,2,lex_phase_2,OPTIMAL,FEASIBLE_POINT,1706.2484148833419,1706.2484148833419,0,76446,76446,117319,216094,2388,0,2388,11940,2388,256,0,0,NaN,0,NaN,2.842170943040401e-14,1.0000000000027285,
5,19,MULTISTAGE_RH,LEXMMFPEA,shared_battery_mode_node_level_v1,SI-Drahi_13-d2-HET-UHI-BHI-b5b4fe09a4,TK-PB-Drahi_13-d2-HET-UHI-e201b86fbb-r5,SS-ced84ca7a4eb,17,3,lex_phase_3,OPTIMAL,FEASIBLE_POINT,2559.372622325013,2559.372622325013,0,76446,76446,117320,216100,2388,0,2388,11940,2388,256,0,0,NaN,0,NaN,2.842170943040401e-14,1.0000000000027285,
5,19,MULTISTAGE_RH,LEXMMFPEA,shared_battery_mode_node_level_v1,SI-Drahi_13-d2-HET-UHI-BHI-b5b4fe09a4,TK-PB-Drahi_13-d2-HET-UHI-e201b86fbb-r5,SS-ced84ca7a4eb,17,4,lex_phase_4,OPTIMAL,FEASIBLE_POINT,3412.4968297666837,3412.4968297666837,0,76446,76446,117321,216106,2388,0,2388,11940,2388,256,0,0,NaN,0,NaN,2.842170943040401e-14,1.0000000000027285,
5,19,MULTISTAGE_RH,LEXMMFPEA,shared_battery_mode_node_level_v1,SI-Drahi_13-d2-HET-UHI-BHI-b5b4fe09a4,TK-PB-Drahi_13-d2-HET-UHI-e201b86fbb-r5,SS-ced84ca7a4eb,17,5,lex_phase_5,OPTIMAL,FEASIBLE_POINT,4265.621037208352,4265.621037208352,0,76446,76446,117322,216112,2388,0,2388,11940,2388,256,0,0,NaN,0,NaN,2.842170943040401e-14,1.0000000000027285,
5,19,MULTISTAGE_RH,LEXMMFPEA,shared_battery_mode_node_level_v1,SI-Drahi_13-d2-HET-UHI-BHI-b5b4fe09a4,TK-PB-Drahi_13-d2-HET-UHI-e201b86fbb-r5,SS-ced84ca7a4eb,17,6,economic_tie_break,OPTIMAL,FEASIBLE_POINT,615084.8656558065,615084.8656558065,0,76446,76446,117323,216118,2388,0,2388,11940,2388,256,0,0,NaN,0,NaN,2.842170943040401e-14,1.0000000000027285,
5,20,MULTISTAGE_RH,LEXMMFPEA,shared_battery_mode_node_level_v1,SI-Drahi_13-d2-HET-UHI-BHI-b5b4fe09a4,TK-PB-Drahi_13-d2-HET-UHI-e201b86fbb-r5,SS-ced84ca7a4eb,17,1,lex_phase_1,OPTIMAL,FEASIBLE_POINT,853.1242074416709,853.1242074416709,0,76446,76446,117318,216088,2388,0,2388,11940,2388,256,0,0,NaN,0,NaN,2.842170943040401e-14,1.0000000000027285,
5,20,MULTISTAGE_RH,LEXMMFPEA,shared_battery_mode_node_level_v1,SI-Drahi_13-d2-HET-UHI-BHI-b5b4fe09a4,TK-PB-Drahi_13-d2-HET-UHI-e201b86fbb-r5,SS-ced84ca7a4eb,17,2,lex_phase_2,OPTIMAL,FEASIBLE_POINT,1706.2484148833419,1706.2484148833419,0,76446,76446,117319,216094,2388,0,2388,11940,2388,256,0,0,NaN,0,NaN,2.842170943040401e-14,1.0000000000027285,
5,20,MULTISTAGE_RH,LEXMMFPEA,shared_battery_mode_node_level_v1,SI-Drahi_13-d2-HET-UHI-BHI-b5b4fe09a4,TK-PB-Drahi_13-d2-HET-UHI-e201b86fbb-r5,SS-ced84ca7a4eb,17,3,lex_phase_3,OPTIMAL,FEASIBLE_POINT,2559.372622325013,2559.372622325013,0,76446,76446,117320,216100,2388,0,2388,11940,2388,256,0,0,NaN,0,NaN,2.842170943040401e-14,1.0000000000027285,
5,20,MULTISTAGE_RH,LEXMMFPEA,shared_battery_mode_node_level_v1,SI-Drahi_13-d2-HET-UHI-BHI-b5b4fe09a4,TK-PB-Drahi_13-d2-HET-UHI-e201b86fbb-r5,SS-ced84ca7a4eb,17,4,lex_phase_4,OPTIMAL,FEASIBLE_POINT,3412.4968297666837,3412.4968297666837,0,76446,76446,117321,216106,2388,0,2388,11940,2388,256,0,0,NaN,0,NaN,2.842170943040401e-14,1.0000000000027285,
5,20,MULTISTAGE_RH,LEXMMFPEA,shared_battery_mode_node_level_v1,SI-Drahi_13-d2-HET-UHI-BHI-b5b4fe09a4,TK-PB-Drahi_13-d2-HET-UHI-e201b86fbb-r5,SS-ced84ca7a4eb,17,5,lex_phase_5,OPTIMAL,FEASIBLE_POINT,4265.621037208352,4265.621037208352,0,76446,76446,117322,216112,2388,0,2388,11940,2388,256,0,0,NaN,0,NaN,2.842170943040401e-14,1.0000000000027285,
5,20,MULTISTAGE_RH,LEXMMFPEA,shared_battery_mode_node_level_v1,SI-Drahi_13-d2-HET-UHI-BHI-b5b4fe09a4,TK-PB-Drahi_13-d2-HET-UHI-e201b86fbb-r5,SS-ced84ca7a4eb,17,6,economic_tie_break,OPTIMAL,FEASIBLE_POINT,615084.8656558065,615084.8656558065,0,76446,76446,117323,216118,2388,0,2388,11940,2388,256,0,0,NaN,0,NaN,2.842170943040401e-14,1.0000000000027285,
5,21,MULTISTAGE_RH,LEXMMFPEA,shared_battery_mode_node_level_v1,SI-Drahi_13-d2-HET-UHI-BHI-b5b4fe09a4,TK-PB-Drahi_13-d2-HET-UHI-e201b86fbb-r5,SS-fec72d83146f,21,1,lex_phase_1,OPTIMAL,FEASIBLE_POINT,832.6022783473583,832.6022783473583,0,76446,76446,117318,214953,2388,0,2388,11940,2388,256,0,0,NaN,0,NaN,0.0,1.0000000000022737,
5,21,MULTISTAGE_RH,LEXMMFPEA,shared_battery_mode_node_level_v1,SI-Drahi_13-d2-HET-UHI-BHI-b5b4fe09a4,TK-PB-Drahi_13-d2-HET-UHI-e201b86fbb-r5,SS-fec72d83146f,21,2,lex_phase_2,OPTIMAL,FEASIBLE_POINT,1665.2045566947174,1665.2045566947174,0,76446,76446,117319,214959,2388,0,2388,11940,2388,256,0,0,NaN,0,NaN,0.0,1.0000000000022737,
5,21,MULTISTAGE_RH,LEXMMFPEA,shared_battery_mode_node_level_v1,SI-Drahi_13-d2-HET-UHI-BHI-b5b4fe09a4,TK-PB-Drahi_13-d2-HET-UHI-e201b86fbb-r5,SS-fec72d83146f,21,3,lex_phase_3,OPTIMAL,FEASIBLE_POINT,2497.8068350420763,2497.8068350420763,0,76446,76446,117320,214965,2388,0,2388,11940,2388,256,0,0,NaN,0,NaN,0.0,1.0000000000022737,
5,21,MULTISTAGE_RH,LEXMMFPEA,shared_battery_mode_node_level_v1,SI-Drahi_13-d2-HET-UHI-BHI-b5b4fe09a4,TK-PB-Drahi_13-d2-HET-UHI-e201b86fbb-r5,SS-fec72d83146f,21,4,lex_phase_4,OPTIMAL,FEASIBLE_POINT,3330.409113389435,3330.409113389435,0,76446,76446,117321,214971,2388,0,2388,11940,2388,256,0,0,NaN,0,NaN,0.0,1.0000000000022737,
5,21,MULTISTAGE_RH,LEXMMFPEA,shared_battery_mode_node_level_v1,SI-Drahi_13-d2-HET-UHI-BHI-b5b4fe09a4,TK-PB-Drahi_13-d2-HET-UHI-e201b86fbb-r5,SS-fec72d83146f,21,5,lex_phase_5,OPTIMAL,FEASIBLE_POINT,4163.011391736792,4163.011391736792,0,76446,76446,117322,214977,2388,0,2388,11940,2388,256,0,0,NaN,0,NaN,0.0,1.0000000000022737,
5,21,MULTISTAGE_RH,LEXMMFPEA,shared_battery_mode_node_level_v1,SI-Drahi_13-d2-HET-UHI-BHI-b5b4fe09a4,TK-PB-Drahi_13-d2-HET-UHI-e201b86fbb-r5,SS-fec72d83146f,21,6,economic_tie_break,OPTIMAL,FEASIBLE_POINT,630972.2488512502,630972.2488512502,0,76446,76446,117323,214983,2388,0,2388,11940,2388,256,0,0,NaN,0,NaN,0.0,1.0000000000022737,
5,22,MULTISTAGE_RH,LEXMMFPEA,shared_battery_mode_node_level_v1,SI-Drahi_13-d2-HET-UHI-BHI-b5b4fe09a4,TK-PB-Drahi_13-d2-HET-UHI-e201b86fbb-r5,SS-fec72d83146f,21,1,lex_phase_1,OPTIMAL,FEASIBLE_POINT,832.6022783473583,832.6022783473583,0,76446,76446,117318,214953,2388,0,2388,11940,2388,256,0,0,NaN,0,NaN,0.0,1.0000000000022737,
5,22,MULTISTAGE_RH,LEXMMFPEA,shared_battery_mode_node_level_v1,SI-Drahi_13-d2-HET-UHI-BHI-b5b4fe09a4,TK-PB-Drahi_13-d2-HET-UHI-e201b86fbb-r5,SS-fec72d83146f,21,2,lex_phase_2,OPTIMAL,FEASIBLE_POINT,1665.2045566947174,1665.2045566947174,0,76446,76446,117319,214959,2388,0,2388,11940,2388,256,0,0,NaN,0,NaN,0.0,1.0000000000022737,
5,22,MULTISTAGE_RH,LEXMMFPEA,shared_battery_mode_node_level_v1,SI-Drahi_13-d2-HET-UHI-BHI-b5b4fe09a4,TK-PB-Drahi_13-d2-HET-UHI-e201b86fbb-r5,SS-fec72d83146f,21,3,lex_phase_3,OPTIMAL,FEASIBLE_POINT,2497.8068350420763,2497.8068350420763,0,76446,76446,117320,214965,2388,0,2388,11940,2388,256,0,0,NaN,0,NaN,0.0,1.0000000000022737,
5,22,MULTISTAGE_RH,LEXMMFPEA,shared_battery_mode_node_level_v1,SI-Drahi_13-d2-HET-UHI-BHI-b5b4fe09a4,TK-PB-Drahi_13-d2-HET-UHI-e201b86fbb-r5,SS-fec72d83146f,21,4,lex_phase_4,OPTIMAL,FEASIBLE_POINT,3330.409113389435,3330.409113389435,0,76446,76446,117321,214971,2388,0,2388,11940,2388,256,0,0,NaN,0,NaN,0.0,1.0000000000022737,
5,22,MULTISTAGE_RH,LEXMMFPEA,shared_battery_mode_node_level_v1,SI-Drahi_13-d2-HET-UHI-BHI-b5b4fe09a4,TK-PB-Drahi_13-d2-HET-UHI-e201b86fbb-r5,SS-fec72d83146f,21,5,lex_phase_5,OPTIMAL,FEASIBLE_POINT,4163.011391736792,4163.011391736792,0,76446,76446,117322,214977,2388,0,2388,11940,2388,256,0,0,NaN,0,NaN,0.0,1.0000000000022737,
5,22,MULTISTAGE_RH,LEXMMFPEA,shared_battery_mode_node_level_v1,SI-Drahi_13-d2-HET-UHI-BHI-b5b4fe09a4,TK-PB-Drahi_13-d2-HET-UHI-e201b86fbb-r5,SS-fec72d83146f,21,6,economic_tie_break,OPTIMAL,FEASIBLE_POINT,630972.2488512502,630972.2488512502,0,76446,76446,117323,214983,2388,0,2388,11940,2388,256,0,0,NaN,0,NaN,0.0,1.0000000000022737,
5,23,MULTISTAGE_RH,LEXMMFPEA,shared_battery_mode_node_level_v1,SI-Drahi_13-d2-HET-UHI-BHI-b5b4fe09a4,TK-PB-Drahi_13-d2-HET-UHI-e201b86fbb-r5,SS-fec72d83146f,21,1,lex_phase_1,OPTIMAL,FEASIBLE_POINT,832.6022783473583,832.6022783473583,0,76446,76446,117318,214953,2388,0,2388,11940,2388,256,0,0,NaN,0,NaN,0.0,1.0000000000022737,
5,23,MULTISTAGE_RH,LEXMMFPEA,shared_battery_mode_node_level_v1,SI-Drahi_13-d2-HET-UHI-BHI-b5b4fe09a4,TK-PB-Drahi_13-d2-HET-UHI-e201b86fbb-r5,SS-fec72d83146f,21,2,lex_phase_2,OPTIMAL,FEASIBLE_POINT,1665.2045566947174,1665.2045566947174,0,76446,76446,117319,214959,2388,0,2388,11940,2388,256,0,0,NaN,0,NaN,0.0,1.0000000000022737,
5,23,MULTISTAGE_RH,LEXMMFPEA,shared_battery_mode_node_level_v1,SI-Drahi_13-d2-HET-UHI-BHI-b5b4fe09a4,TK-PB-Drahi_13-d2-HET-UHI-e201b86fbb-r5,SS-fec72d83146f,21,3,lex_phase_3,OPTIMAL,FEASIBLE_POINT,2497.8068350420763,2497.8068350420763,0,76446,76446,117320,214965,2388,0,2388,11940,2388,256,0,0,NaN,0,NaN,0.0,1.0000000000022737,
5,23,MULTISTAGE_RH,LEXMMFPEA,shared_battery_mode_node_level_v1,SI-Drahi_13-d2-HET-UHI-BHI-b5b4fe09a4,TK-PB-Drahi_13-d2-HET-UHI-e201b86fbb-r5,SS-fec72d83146f,21,4,lex_phase_4,OPTIMAL,FEASIBLE_POINT,3330.409113389435,3330.409113389435,0,76446,76446,117321,214971,2388,0,2388,11940,2388,256,0,0,NaN,0,NaN,0.0,1.0000000000022737,
5,23,MULTISTAGE_RH,LEXMMFPEA,shared_battery_mode_node_level_v1,SI-Drahi_13-d2-HET-UHI-BHI-b5b4fe09a4,TK-PB-Drahi_13-d2-HET-UHI-e201b86fbb-r5,SS-fec72d83146f,21,5,lex_phase_5,OPTIMAL,FEASIBLE_POINT,4163.011391736792,4163.011391736792,0,76446,76446,117322,214977,2388,0,2388,11940,2388,256,0,0,NaN,0,NaN,0.0,1.0000000000022737,
5,23,MULTISTAGE_RH,LEXMMFPEA,shared_battery_mode_node_level_v1,SI-Drahi_13-d2-HET-UHI-BHI-b5b4fe09a4,TK-PB-Drahi_13-d2-HET-UHI-e201b86fbb-r5,SS-fec72d83146f,21,6,economic_tie_break,OPTIMAL,FEASIBLE_POINT,630972.2488512502,630972.2488512502,0,76446,76446,117323,214983,2388,0,2388,11940,2388,256,0,0,NaN,0,NaN,0.0,1.0000000000022737,
5,24,MULTISTAGE_RH,LEXMMFPEA,shared_battery_mode_node_level_v1,SI-Drahi_13-d2-HET-UHI-BHI-b5b4fe09a4,TK-PB-Drahi_13-d2-HET-UHI-e201b86fbb-r5,SS-fec72d83146f,21,1,lex_phase_1,OPTIMAL,FEASIBLE_POINT,832.6022783473583,832.6022783473583,0,76446,76446,117318,214953,2388,0,2388,11940,2388,256,0,0,NaN,0,NaN,0.0,1.0000000000022737,
5,24,MULTISTAGE_RH,LEXMMFPEA,shared_battery_mode_node_level_v1,SI-Drahi_13-d2-HET-UHI-BHI-b5b4fe09a4,TK-PB-Drahi_13-d2-HET-UHI-e201b86fbb-r5,SS-fec72d83146f,21,2,lex_phase_2,OPTIMAL,FEASIBLE_POINT,1665.2045566947174,1665.2045566947174,0,76446,76446,117319,214959,2388,0,2388,11940,2388,256,0,0,NaN,0,NaN,0.0,1.0000000000022737,
5,24,MULTISTAGE_RH,LEXMMFPEA,shared_battery_mode_node_level_v1,SI-Drahi_13-d2-HET-UHI-BHI-b5b4fe09a4,TK-PB-Drahi_13-d2-HET-UHI-e201b86fbb-r5,SS-fec72d83146f,21,3,lex_phase_3,OPTIMAL,FEASIBLE_POINT,2497.8068350420763,2497.8068350420763,0,76446,76446,117320,214965,2388,0,2388,11940,2388,256,0,0,NaN,0,NaN,0.0,1.0000000000022737,
5,24,MULTISTAGE_RH,LEXMMFPEA,shared_battery_mode_node_level_v1,SI-Drahi_13-d2-HET-UHI-BHI-b5b4fe09a4,TK-PB-Drahi_13-d2-HET-UHI-e201b86fbb-r5,SS-fec72d83146f,21,4,lex_phase_4,OPTIMAL,FEASIBLE_POINT,3330.409113389435,3330.409113389435,0,76446,76446,117321,214971,2388,0,2388,11940,2388,256,0,0,NaN,0,NaN,0.0,1.0000000000022737,
5,24,MULTISTAGE_RH,LEXMMFPEA,shared_battery_mode_node_level_v1,SI-Drahi_13-d2-HET-UHI-BHI-b5b4fe09a4,TK-PB-Drahi_13-d2-HET-UHI-e201b86fbb-r5,SS-fec72d83146f,21,5,lex_phase_5,OPTIMAL,FEASIBLE_POINT,4163.011391736792,4163.011391736792,0,76446,76446,117322,214977,2388,0,2388,11940,2388,256,0,0,NaN,0,NaN,0.0,1.0000000000022737,
5,24,MULTISTAGE_RH,LEXMMFPEA,shared_battery_mode_node_level_v1,SI-Drahi_13-d2-HET-UHI-BHI-b5b4fe09a4,TK-PB-Drahi_13-d2-HET-UHI-e201b86fbb-r5,SS-fec72d83146f,21,6,economic_tie_break,OPTIMAL,FEASIBLE_POINT,630972.2488512502,630972.2488512502,0,76446,76446,117323,214983,2388,0,2388,11940,2388,256,0,0,NaN,0,NaN,0.0,1.0000000000022737,
5,1,MULTISTAGE_RH,LEXMMFSA,shared_battery_mode_node_level_v1,SI-Drahi_13-d2-HET-UHI-BHI-b5b4fe09a4,TK-PB-Drahi_13-d2-HET-UHI-e201b86fbb-r5,SS-b6fde45dba3b,1,1,lex_phase_1,OPTIMAL,FEASIBLE_POINT,40813.45655446027,40813.45655446027,0,76446,76446,117318,330283,2388,0,2388,11940,2388,256,0,0,NaN,0,NaN,0.0,1.0000000002764864,
5,1,MULTISTAGE_RH,LEXMMFSA,shared_battery_mode_node_level_v1,SI-Drahi_13-d2-HET-UHI-BHI-b5b4fe09a4,TK-PB-Drahi_13-d2-HET-UHI-e201b86fbb-r5,SS-b6fde45dba3b,1,2,lex_phase_2,OPTIMAL,FEASIBLE_POINT,81626.91310892049,81626.91310892049,0,76446,76446,117319,330289,2388,0,2388,11940,2388,256,0,0,NaN,0,NaN,0.0,1.0000000002764864,
5,1,MULTISTAGE_RH,LEXMMFSA,shared_battery_mode_node_level_v1,SI-Drahi_13-d2-HET-UHI-BHI-b5b4fe09a4,TK-PB-Drahi_13-d2-HET-UHI-e201b86fbb-r5,SS-b6fde45dba3b,1,3,lex_phase_3,OPTIMAL,FEASIBLE_POINT,122445.89774625107,122445.89774625107,0,76446,76446,117320,330295,2388,0,2388,11940,2388,256,0,0,NaN,0,NaN,0.0,1.0000000002764864,
5,1,MULTISTAGE_RH,LEXMMFSA,shared_battery_mode_node_level_v1,SI-Drahi_13-d2-HET-UHI-BHI-b5b4fe09a4,TK-PB-Drahi_13-d2-HET-UHI-e201b86fbb-r5,SS-b6fde45dba3b,1,4,lex_phase_4,OPTIMAL,FEASIBLE_POINT,163265.88238358172,163265.88238358172,0,76446,76446,117321,330301,2388,0,2388,11940,2388,256,0,0,NaN,0,NaN,0.0,1.0000000002764864,
5,1,MULTISTAGE_RH,LEXMMFSA,shared_battery_mode_node_level_v1,SI-Drahi_13-d2-HET-UHI-BHI-b5b4fe09a4,TK-PB-Drahi_13-d2-HET-UHI-e201b86fbb-r5,SS-b6fde45dba3b,1,5,lex_phase_5,OPTIMAL,FEASIBLE_POINT,204085.94311543863,204085.94311543863,0,76446,76446,117322,330307,2388,0,2388,11940,2388,256,0,0,NaN,0,NaN,0.0,1.0000000002764864,
5,1,MULTISTAGE_RH,LEXMMFSA,shared_battery_mode_node_level_v1,SI-Drahi_13-d2-HET-UHI-BHI-b5b4fe09a4,TK-PB-Drahi_13-d2-HET-UHI-e201b86fbb-r5,SS-b6fde45dba3b,1,6,economic_tie_break,OPTIMAL,FEASIBLE_POINT,716742.7123790499,716742.7123790499,0,76446,76446,117323,330313,2388,0,2388,11940,2388,256,0,0,NaN,0,NaN,0.0,1.0000000002764864,
5,2,MULTISTAGE_RH,LEXMMFSA,shared_battery_mode_node_level_v1,SI-Drahi_13-d2-HET-UHI-BHI-b5b4fe09a4,TK-PB-Drahi_13-d2-HET-UHI-e201b86fbb-r5,SS-b6fde45dba3b,1,1,lex_phase_1,OPTIMAL,FEASIBLE_POINT,40813.45655446027,40813.45655446027,0,76446,76446,117318,330283,2388,0,2388,11940,2388,256,0,0,NaN,0,NaN,3.2798948751642563,1.0000000002764864,
5,2,MULTISTAGE_RH,LEXMMFSA,shared_battery_mode_node_level_v1,SI-Drahi_13-d2-HET-UHI-BHI-b5b4fe09a4,TK-PB-Drahi_13-d2-HET-UHI-e201b86fbb-r5,SS-b6fde45dba3b,1,2,lex_phase_2,OPTIMAL,FEASIBLE_POINT,81626.91310892049,81626.91310892049,0,76446,76446,117319,330289,2388,0,2388,11940,2388,256,0,0,NaN,0,NaN,3.2798948751642563,1.0000000002764864,
5,2,MULTISTAGE_RH,LEXMMFSA,shared_battery_mode_node_level_v1,SI-Drahi_13-d2-HET-UHI-BHI-b5b4fe09a4,TK-PB-Drahi_13-d2-HET-UHI-e201b86fbb-r5,SS-b6fde45dba3b,1,3,lex_phase_3,OPTIMAL,FEASIBLE_POINT,122445.89774625107,122445.89774625107,0,76446,76446,117320,330295,2388,0,2388,11940,2388,256,0,0,NaN,0,NaN,3.2798948751642563,1.0000000002764864,
5,2,MULTISTAGE_RH,LEXMMFSA,shared_battery_mode_node_level_v1,SI-Drahi_13-d2-HET-UHI-BHI-b5b4fe09a4,TK-PB-Drahi_13-d2-HET-UHI-e201b86fbb-r5,SS-b6fde45dba3b,1,4,lex_phase_4,OPTIMAL,FEASIBLE_POINT,163265.88238358172,163265.88238358172,0,76446,76446,117321,330301,2388,0,2388,11940,2388,256,0,0,NaN,0,NaN,3.2798948751642563,1.0000000002764864,
5,2,MULTISTAGE_RH,LEXMMFSA,shared_battery_mode_node_level_v1,SI-Drahi_13-d2-HET-UHI-BHI-b5b4fe09a4,TK-PB-Drahi_13-d2-HET-UHI-e201b86fbb-r5,SS-b6fde45dba3b,1,5,lex_phase_5,OPTIMAL,FEASIBLE_POINT,204085.94311543863,204085.94311543863,0,76446,76446,117322,330307,2388,0,2388,11940,2388,256,0,0,NaN,0,NaN,3.2798948751642563,1.0000000002764864,
5,2,MULTISTAGE_RH,LEXMMFSA,shared_battery_mode_node_level_v1,SI-Drahi_13-d2-HET-UHI-BHI-b5b4fe09a4,TK-PB-Drahi_13-d2-HET-UHI-e201b86fbb-r5,SS-b6fde45dba3b,1,6,economic_tie_break,OPTIMAL,FEASIBLE_POINT,716742.7123790499,716742.7123790499,0,76446,76446,117323,330313,2388,0,2388,11940,2388,256,0,0,NaN,0,NaN,3.2798948751642563,1.0000000002764864,
5,3,MULTISTAGE_RH,LEXMMFSA,shared_battery_mode_node_level_v1,SI-Drahi_13-d2-HET-UHI-BHI-b5b4fe09a4,TK-PB-Drahi_13-d2-HET-UHI-e201b86fbb-r5,SS-b6fde45dba3b,1,1,lex_phase_1,OPTIMAL,FEASIBLE_POINT,40813.45655446027,40813.45655446027,0,76446,76446,117318,330283,2388,0,2388,11940,2388,256,0,0,NaN,0,NaN,7.105427357601002e-15,1.0000000002764864,
5,3,MULTISTAGE_RH,LEXMMFSA,shared_battery_mode_node_level_v1,SI-Drahi_13-d2-HET-UHI-BHI-b5b4fe09a4,TK-PB-Drahi_13-d2-HET-UHI-e201b86fbb-r5,SS-b6fde45dba3b,1,2,lex_phase_2,OPTIMAL,FEASIBLE_POINT,81626.91310892049,81626.91310892049,0,76446,76446,117319,330289,2388,0,2388,11940,2388,256,0,0,NaN,0,NaN,7.105427357601002e-15,1.0000000002764864,
5,3,MULTISTAGE_RH,LEXMMFSA,shared_battery_mode_node_level_v1,SI-Drahi_13-d2-HET-UHI-BHI-b5b4fe09a4,TK-PB-Drahi_13-d2-HET-UHI-e201b86fbb-r5,SS-b6fde45dba3b,1,3,lex_phase_3,OPTIMAL,FEASIBLE_POINT,122445.89774625107,122445.89774625107,0,76446,76446,117320,330295,2388,0,2388,11940,2388,256,0,0,NaN,0,NaN,7.105427357601002e-15,1.0000000002764864,
5,3,MULTISTAGE_RH,LEXMMFSA,shared_battery_mode_node_level_v1,SI-Drahi_13-d2-HET-UHI-BHI-b5b4fe09a4,TK-PB-Drahi_13-d2-HET-UHI-e201b86fbb-r5,SS-b6fde45dba3b,1,4,lex_phase_4,OPTIMAL,FEASIBLE_POINT,163265.88238358172,163265.88238358172,0,76446,76446,117321,330301,2388,0,2388,11940,2388,256,0,0,NaN,0,NaN,7.105427357601002e-15,1.0000000002764864,
5,3,MULTISTAGE_RH,LEXMMFSA,shared_battery_mode_node_level_v1,SI-Drahi_13-d2-HET-UHI-BHI-b5b4fe09a4,TK-PB-Drahi_13-d2-HET-UHI-e201b86fbb-r5,SS-b6fde45dba3b,1,5,lex_phase_5,OPTIMAL,FEASIBLE_POINT,204085.94311543863,204085.94311543863,0,76446,76446,117322,330307,2388,0,2388,11940,2388,256,0,0,NaN,0,NaN,7.105427357601002e-15,1.0000000002764864,
5,3,MULTISTAGE_RH,LEXMMFSA,shared_battery_mode_node_level_v1,SI-Drahi_13-d2-HET-UHI-BHI-b5b4fe09a4,TK-PB-Drahi_13-d2-HET-UHI-e201b86fbb-r5,SS-b6fde45dba3b,1,6,economic_tie_break,OPTIMAL,FEASIBLE_POINT,716742.7123790499,716742.7123790499,0,76446,76446,117323,330313,2388,0,2388,11940,2388,256,0,0,NaN,0,NaN,7.105427357601002e-15,1.0000000002764864,
5,4,MULTISTAGE_RH,LEXMMFSA,shared_battery_mode_node_level_v1,SI-Drahi_13-d2-HET-UHI-BHI-b5b4fe09a4,TK-PB-Drahi_13-d2-HET-UHI-e201b86fbb-r5,SS-b6fde45dba3b,1,1,lex_phase_1,OPTIMAL,FEASIBLE_POINT,40813.45655446027,40813.45655446027,0,76446,76446,117318,330283,2388,0,2388,11940,2388,256,0,0,NaN,0,NaN,4.274358644806853e-15,1.0000000002764864,
5,4,MULTISTAGE_RH,LEXMMFSA,shared_battery_mode_node_level_v1,SI-Drahi_13-d2-HET-UHI-BHI-b5b4fe09a4,TK-PB-Drahi_13-d2-HET-UHI-e201b86fbb-r5,SS-b6fde45dba3b,1,2,lex_phase_2,OPTIMAL,FEASIBLE_POINT,81626.91310892049,81626.91310892049,0,76446,76446,117319,330289,2388,0,2388,11940,2388,256,0,0,NaN,0,NaN,4.274358644806853e-15,1.0000000002764864,
5,4,MULTISTAGE_RH,LEXMMFSA,shared_battery_mode_node_level_v1,SI-Drahi_13-d2-HET-UHI-BHI-b5b4fe09a4,TK-PB-Drahi_13-d2-HET-UHI-e201b86fbb-r5,SS-b6fde45dba3b,1,3,lex_phase_3,OPTIMAL,FEASIBLE_POINT,122445.89774625107,122445.89774625107,0,76446,76446,117320,330295,2388,0,2388,11940,2388,256,0,0,NaN,0,NaN,4.274358644806853e-15,1.0000000002764864,
5,4,MULTISTAGE_RH,LEXMMFSA,shared_battery_mode_node_level_v1,SI-Drahi_13-d2-HET-UHI-BHI-b5b4fe09a4,TK-PB-Drahi_13-d2-HET-UHI-e201b86fbb-r5,SS-b6fde45dba3b,1,4,lex_phase_4,OPTIMAL,FEASIBLE_POINT,163265.88238358172,163265.88238358172,0,76446,76446,117321,330301,2388,0,2388,11940,2388,256,0,0,NaN,0,NaN,4.274358644806853e-15,1.0000000002764864,
5,4,MULTISTAGE_RH,LEXMMFSA,shared_battery_mode_node_level_v1,SI-Drahi_13-d2-HET-UHI-BHI-b5b4fe09a4,TK-PB-Drahi_13-d2-HET-UHI-e201b86fbb-r5,SS-b6fde45dba3b,1,5,lex_phase_5,OPTIMAL,FEASIBLE_POINT,204085.94311543863,204085.94311543863,0,76446,76446,117322,330307,2388,0,2388,11940,2388,256,0,0,NaN,0,NaN,4.274358644806853e-15,1.0000000002764864,
5,4,MULTISTAGE_RH,LEXMMFSA,shared_battery_mode_node_level_v1,SI-Drahi_13-d2-HET-UHI-BHI-b5b4fe09a4,TK-PB-Drahi_13-d2-HET-UHI-e201b86fbb-r5,SS-b6fde45dba3b,1,6,economic_tie_break,OPTIMAL,FEASIBLE_POINT,716742.7123790499,716742.7123790499,0,76446,76446,117323,330313,2388,0,2388,11940,2388,256,0,0,NaN,0,NaN,4.274358644806853e-15,1.0000000002764864,
5,5,MULTISTAGE_RH,LEXMMFSA,shared_battery_mode_node_level_v1,SI-Drahi_13-d2-HET-UHI-BHI-b5b4fe09a4,TK-PB-Drahi_13-d2-HET-UHI-e201b86fbb-r5,SS-59c6d7df9164,5,1,lex_phase_1,OPTIMAL,FEASIBLE_POINT,36452.307664607855,36452.307664607855,0,76446,76446,117318,326178,2388,0,2388,11940,2388,256,0,0,NaN,0,NaN,0.0,1.0000000012514647,
5,5,MULTISTAGE_RH,LEXMMFSA,shared_battery_mode_node_level_v1,SI-Drahi_13-d2-HET-UHI-BHI-b5b4fe09a4,TK-PB-Drahi_13-d2-HET-UHI-e201b86fbb-r5,SS-59c6d7df9164,5,2,lex_phase_2,OPTIMAL,FEASIBLE_POINT,72904.615329215,72904.615329215,0,76446,76446,117319,326184,2388,0,2388,11940,2388,256,0,0,NaN,0,NaN,0.0,1.0000000012514647,
5,5,MULTISTAGE_RH,LEXMMFSA,shared_battery_mode_node_level_v1,SI-Drahi_13-d2-HET-UHI-BHI-b5b4fe09a4,TK-PB-Drahi_13-d2-HET-UHI-e201b86fbb-r5,SS-59c6d7df9164,5,3,lex_phase_3,OPTIMAL,FEASIBLE_POINT,109361.30666049,109361.30666049,0,76446,76446,117320,326190,2388,0,2388,11940,2388,256,0,0,NaN,0,NaN,0.0,1.0000000012514647,
5,5,MULTISTAGE_RH,LEXMMFSA,shared_battery_mode_node_level_v1,SI-Drahi_13-d2-HET-UHI-BHI-b5b4fe09a4,TK-PB-Drahi_13-d2-HET-UHI-e201b86fbb-r5,SS-59c6d7df9164,5,4,lex_phase_4,OPTIMAL,FEASIBLE_POINT,145818.9979917645,145818.9979917645,0,76446,76446,117321,326196,2388,0,2388,11940,2388,256,0,0,NaN,0,NaN,0.0,1.0000000012514647,
5,5,MULTISTAGE_RH,LEXMMFSA,shared_battery_mode_node_level_v1,SI-Drahi_13-d2-HET-UHI-BHI-b5b4fe09a4,TK-PB-Drahi_13-d2-HET-UHI-e201b86fbb-r5,SS-59c6d7df9164,5,5,lex_phase_5,OPTIMAL,FEASIBLE_POINT,182276.68932303824,182276.68932303824,0,76446,76446,117322,326202,2388,0,2388,11940,2388,256,0,0,NaN,0,NaN,0.0,1.0000000012514647,
5,5,MULTISTAGE_RH,LEXMMFSA,shared_battery_mode_node_level_v1,SI-Drahi_13-d2-HET-UHI-BHI-b5b4fe09a4,TK-PB-Drahi_13-d2-HET-UHI-e201b86fbb-r5,SS-59c6d7df9164,5,6,economic_tie_break,OPTIMAL,FEASIBLE_POINT,609567.1662158044,609567.1662158044,0,76446,76446,117323,326208,2388,0,2388,11940,2388,256,0,0,NaN,0,NaN,0.0,1.0000000012514647,
5,6,MULTISTAGE_RH,LEXMMFSA,shared_battery_mode_node_level_v1,SI-Drahi_13-d2-HET-UHI-BHI-b5b4fe09a4,TK-PB-Drahi_13-d2-HET-UHI-e201b86fbb-r5,SS-59c6d7df9164,5,1,lex_phase_1,OPTIMAL,FEASIBLE_POINT,36452.307664607855,36452.307664607855,0,76446,76446,117318,326178,2388,0,2388,11940,2388,256,0,0,NaN,0,NaN,1.6399474375821264,1.0000000012514647,
5,6,MULTISTAGE_RH,LEXMMFSA,shared_battery_mode_node_level_v1,SI-Drahi_13-d2-HET-UHI-BHI-b5b4fe09a4,TK-PB-Drahi_13-d2-HET-UHI-e201b86fbb-r5,SS-59c6d7df9164,5,2,lex_phase_2,OPTIMAL,FEASIBLE_POINT,72904.615329215,72904.615329215,0,76446,76446,117319,326184,2388,0,2388,11940,2388,256,0,0,NaN,0,NaN,1.6399474375821264,1.0000000012514647,
5,6,MULTISTAGE_RH,LEXMMFSA,shared_battery_mode_node_level_v1,SI-Drahi_13-d2-HET-UHI-BHI-b5b4fe09a4,TK-PB-Drahi_13-d2-HET-UHI-e201b86fbb-r5,SS-59c6d7df9164,5,3,lex_phase_3,OPTIMAL,FEASIBLE_POINT,109361.30666049,109361.30666049,0,76446,76446,117320,326190,2388,0,2388,11940,2388,256,0,0,NaN,0,NaN,1.6399474375821264,1.0000000012514647,
5,6,MULTISTAGE_RH,LEXMMFSA,shared_battery_mode_node_level_v1,SI-Drahi_13-d2-HET-UHI-BHI-b5b4fe09a4,TK-PB-Drahi_13-d2-HET-UHI-e201b86fbb-r5,SS-59c6d7df9164,5,4,lex_phase_4,OPTIMAL,FEASIBLE_POINT,145818.9979917645,145818.9979917645,0,76446,76446,117321,326196,2388,0,2388,11940,2388,256,0,0,NaN,0,NaN,1.6399474375821264,1.0000000012514647,
5,6,MULTISTAGE_RH,LEXMMFSA,shared_battery_mode_node_level_v1,SI-Drahi_13-d2-HET-UHI-BHI-b5b4fe09a4,TK-PB-Drahi_13-d2-HET-UHI-e201b86fbb-r5,SS-59c6d7df9164,5,5,lex_phase_5,OPTIMAL,FEASIBLE_POINT,182276.68932303824,182276.68932303824,0,76446,76446,117322,326202,2388,0,2388,11940,2388,256,0,0,NaN,0,NaN,1.6399474375821264,1.0000000012514647,
5,6,MULTISTAGE_RH,LEXMMFSA,shared_battery_mode_node_level_v1,SI-Drahi_13-d2-HET-UHI-BHI-b5b4fe09a4,TK-PB-Drahi_13-d2-HET-UHI-e201b86fbb-r5,SS-59c6d7df9164,5,6,economic_tie_break,OPTIMAL,FEASIBLE_POINT,609567.1662158044,609567.1662158044,0,76446,76446,117323,326208,2388,0,2388,11940,2388,256,0,0,NaN,0,NaN,1.6399474375821264,1.0000000012514647,
5,7,MULTISTAGE_RH,LEXMMFSA,shared_battery_mode_node_level_v1,SI-Drahi_13-d2-HET-UHI-BHI-b5b4fe09a4,TK-PB-Drahi_13-d2-HET-UHI-e201b86fbb-r5,SS-59c6d7df9164,5,1,lex_phase_1,OPTIMAL,FEASIBLE_POINT,36452.307664607855,36452.307664607855,0,76446,76446,117318,326178,2388,0,2388,11940,2388,256,0,0,NaN,0,NaN,7.105427357601002e-15,1.0000000012514647,
5,7,MULTISTAGE_RH,LEXMMFSA,shared_battery_mode_node_level_v1,SI-Drahi_13-d2-HET-UHI-BHI-b5b4fe09a4,TK-PB-Drahi_13-d2-HET-UHI-e201b86fbb-r5,SS-59c6d7df9164,5,2,lex_phase_2,OPTIMAL,FEASIBLE_POINT,72904.615329215,72904.615329215,0,76446,76446,117319,326184,2388,0,2388,11940,2388,256,0,0,NaN,0,NaN,7.105427357601002e-15,1.0000000012514647,
5,7,MULTISTAGE_RH,LEXMMFSA,shared_battery_mode_node_level_v1,SI-Drahi_13-d2-HET-UHI-BHI-b5b4fe09a4,TK-PB-Drahi_13-d2-HET-UHI-e201b86fbb-r5,SS-59c6d7df9164,5,3,lex_phase_3,OPTIMAL,FEASIBLE_POINT,109361.30666049,109361.30666049,0,76446,76446,117320,326190,2388,0,2388,11940,2388,256,0,0,NaN,0,NaN,7.105427357601002e-15,1.0000000012514647,
5,7,MULTISTAGE_RH,LEXMMFSA,shared_battery_mode_node_level_v1,SI-Drahi_13-d2-HET-UHI-BHI-b5b4fe09a4,TK-PB-Drahi_13-d2-HET-UHI-e201b86fbb-r5,SS-59c6d7df9164,5,4,lex_phase_4,OPTIMAL,FEASIBLE_POINT,145818.9979917645,145818.9979917645,0,76446,76446,117321,326196,2388,0,2388,11940,2388,256,0,0,NaN,0,NaN,7.105427357601002e-15,1.0000000012514647,
5,7,MULTISTAGE_RH,LEXMMFSA,shared_battery_mode_node_level_v1,SI-Drahi_13-d2-HET-UHI-BHI-b5b4fe09a4,TK-PB-Drahi_13-d2-HET-UHI-e201b86fbb-r5,SS-59c6d7df9164,5,5,lex_phase_5,OPTIMAL,FEASIBLE_POINT,182276.68932303824,182276.68932303824,0,76446,76446,117322,326202,2388,0,2388,11940,2388,256,0,0,NaN,0,NaN,7.105427357601002e-15,1.0000000012514647,
5,7,MULTISTAGE_RH,LEXMMFSA,shared_battery_mode_node_level_v1,SI-Drahi_13-d2-HET-UHI-BHI-b5b4fe09a4,TK-PB-Drahi_13-d2-HET-UHI-e201b86fbb-r5,SS-59c6d7df9164,5,6,economic_tie_break,OPTIMAL,FEASIBLE_POINT,609567.1662158044,609567.1662158044,0,76446,76446,117323,326208,2388,0,2388,11940,2388,256,0,0,NaN,0,NaN,7.105427357601002e-15,1.0000000012514647,
5,8,MULTISTAGE_RH,LEXMMFSA,shared_battery_mode_node_level_v1,SI-Drahi_13-d2-HET-UHI-BHI-b5b4fe09a4,TK-PB-Drahi_13-d2-HET-UHI-e201b86fbb-r5,SS-59c6d7df9164,5,1,lex_phase_1,OPTIMAL,FEASIBLE_POINT,36452.307664607855,36452.307664607855,0,76446,76446,117318,326178,2388,0,2388,11940,2388,256,0,0,NaN,0,NaN,1.6399474375821264,1.0000000012514647,
5,8,MULTISTAGE_RH,LEXMMFSA,shared_battery_mode_node_level_v1,SI-Drahi_13-d2-HET-UHI-BHI-b5b4fe09a4,TK-PB-Drahi_13-d2-HET-UHI-e201b86fbb-r5,SS-59c6d7df9164,5,2,lex_phase_2,OPTIMAL,FEASIBLE_POINT,72904.615329215,72904.615329215,0,76446,76446,117319,326184,2388,0,2388,11940,2388,256,0,0,NaN,0,NaN,1.6399474375821264,1.0000000012514647,
5,8,MULTISTAGE_RH,LEXMMFSA,shared_battery_mode_node_level_v1,SI-Drahi_13-d2-HET-UHI-BHI-b5b4fe09a4,TK-PB-Drahi_13-d2-HET-UHI-e201b86fbb-r5,SS-59c6d7df9164,5,3,lex_phase_3,OPTIMAL,FEASIBLE_POINT,109361.30666049,109361.30666049,0,76446,76446,117320,326190,2388,0,2388,11940,2388,256,0,0,NaN,0,NaN,1.6399474375821264,1.0000000012514647,
5,8,MULTISTAGE_RH,LEXMMFSA,shared_battery_mode_node_level_v1,SI-Drahi_13-d2-HET-UHI-BHI-b5b4fe09a4,TK-PB-Drahi_13-d2-HET-UHI-e201b86fbb-r5,SS-59c6d7df9164,5,4,lex_phase_4,OPTIMAL,FEASIBLE_POINT,145818.9979917645,145818.9979917645,0,76446,76446,117321,326196,2388,0,2388,11940,2388,256,0,0,NaN,0,NaN,1.6399474375821264,1.0000000012514647,
5,8,MULTISTAGE_RH,LEXMMFSA,shared_battery_mode_node_level_v1,SI-Drahi_13-d2-HET-UHI-BHI-b5b4fe09a4,TK-PB-Drahi_13-d2-HET-UHI-e201b86fbb-r5,SS-59c6d7df9164,5,5,lex_phase_5,OPTIMAL,FEASIBLE_POINT,182276.68932303824,182276.68932303824,0,76446,76446,117322,326202,2388,0,2388,11940,2388,256,0,0,NaN,0,NaN,1.6399474375821264,1.0000000012514647,
5,8,MULTISTAGE_RH,LEXMMFSA,shared_battery_mode_node_level_v1,SI-Drahi_13-d2-HET-UHI-BHI-b5b4fe09a4,TK-PB-Drahi_13-d2-HET-UHI-e201b86fbb-r5,SS-59c6d7df9164,5,6,economic_tie_break,OPTIMAL,FEASIBLE_POINT,609567.1662158044,609567.1662158044,0,76446,76446,117323,326208,2388,0,2388,11940,2388,256,0,0,NaN,0,NaN,1.6399474375821264,1.0000000012514647,
5,9,MULTISTAGE_RH,LEXMMFSA,shared_battery_mode_node_level_v1,SI-Drahi_13-d2-HET-UHI-BHI-b5b4fe09a4,TK-PB-Drahi_13-d2-HET-UHI-e201b86fbb-r5,SS-baeb7d556d60,9,1,lex_phase_1,OPTIMAL,FEASIBLE_POINT,62884.867510758166,62884.867510758166,0,76446,76446,117318,330033,2388,0,2388,11940,2388,256,0,0,NaN,0,NaN,3.268496584496461e-13,1.0000000004074536,
5,9,MULTISTAGE_RH,LEXMMFSA,shared_battery_mode_node_level_v1,SI-Drahi_13-d2-HET-UHI-BHI-b5b4fe09a4,TK-PB-Drahi_13-d2-HET-UHI-e201b86fbb-r5,SS-baeb7d556d60,9,2,lex_phase_2,OPTIMAL,FEASIBLE_POINT,125769.73502151607,125769.73502151607,0,76446,76446,117319,330039,2388,0,2388,11940,2388,256,0,0,NaN,0,NaN,3.268496584496461e-13,1.0000000004074536,
5,9,MULTISTAGE_RH,LEXMMFSA,shared_battery_mode_node_level_v1,SI-Drahi_13-d2-HET-UHI-BHI-b5b4fe09a4,TK-PB-Drahi_13-d2-HET-UHI-e201b86fbb-r5,SS-baeb7d556d60,9,3,lex_phase_3,OPTIMAL,FEASIBLE_POINT,188654.6025322741,188654.6025322741,0,76446,76446,117320,330045,2388,0,2388,11940,2388,256,0,0,NaN,0,NaN,3.268496584496461e-13,1.0000000004074536,
5,9,MULTISTAGE_RH,LEXMMFSA,shared_battery_mode_node_level_v1,SI-Drahi_13-d2-HET-UHI-BHI-b5b4fe09a4,TK-PB-Drahi_13-d2-HET-UHI-e201b86fbb-r5,SS-baeb7d556d60,9,4,lex_phase_4,OPTIMAL,FEASIBLE_POINT,251547.76554303555,251547.76554303555,0,76446,76446,117321,330051,2388,0,2388,11940,2388,256,0,0,NaN,0,NaN,3.268496584496461e-13,1.0000000004074536,
5,9,MULTISTAGE_RH,LEXMMFSA,shared_battery_mode_node_level_v1,SI-Drahi_13-d2-HET-UHI-BHI-b5b4fe09a4,TK-PB-Drahi_13-d2-HET-UHI-e201b86fbb-r5,SS-baeb7d556d60,9,5,lex_phase_5,OPTIMAL,FEASIBLE_POINT,314441.92855379806,314441.92855379806,0,76446,76446,117322,330057,2388,0,2388,11940,2388,256,0,0,NaN,0,NaN,3.268496584496461e-13,1.0000000004074536,
5,9,MULTISTAGE_RH,LEXMMFSA,shared_battery_mode_node_level_v1,SI-Drahi_13-d2-HET-UHI-BHI-b5b4fe09a4,TK-PB-Drahi_13-d2-HET-UHI-e201b86fbb-r5,SS-baeb7d556d60,9,6,economic_tie_break,OPTIMAL,FEASIBLE_POINT,605078.5098350542,605078.5098350542,0,76446,76446,117323,330063,2388,0,2388,11940,2388,256,0,0,NaN,0,NaN,3.268496584496461e-13,1.0000000004074536,
5,10,MULTISTAGE_RH,LEXMMFSA,shared_battery_mode_node_level_v1,SI-Drahi_13-d2-HET-UHI-BHI-b5b4fe09a4,TK-PB-Drahi_13-d2-HET-UHI-e201b86fbb-r5,SS-baeb7d556d60,9,1,lex_phase_1,OPTIMAL,FEASIBLE_POINT,62884.867510758166,62884.867510758166,0,76446,76446,117318,330033,2388,0,2388,11940,2388,256,0,0,NaN,0,NaN,0.0,1.0000000004074536,
5,10,MULTISTAGE_RH,LEXMMFSA,shared_battery_mode_node_level_v1,SI-Drahi_13-d2-HET-UHI-BHI-b5b4fe09a4,TK-PB-Drahi_13-d2-HET-UHI-e201b86fbb-r5,SS-baeb7d556d60,9,2,lex_phase_2,OPTIMAL,FEASIBLE_POINT,125769.73502151607,125769.73502151607,0,76446,76446,117319,330039,2388,0,2388,11940,2388,256,0,0,NaN,0,NaN,0.0,1.0000000004074536,
5,10,MULTISTAGE_RH,LEXMMFSA,shared_battery_mode_node_level_v1,SI-Drahi_13-d2-HET-UHI-BHI-b5b4fe09a4,TK-PB-Drahi_13-d2-HET-UHI-e201b86fbb-r5,SS-baeb7d556d60,9,3,lex_phase_3,OPTIMAL,FEASIBLE_POINT,188654.6025322741,188654.6025322741,0,76446,76446,117320,330045,2388,0,2388,11940,2388,256,0,0,NaN,0,NaN,0.0,1.0000000004074536,
5,10,MULTISTAGE_RH,LEXMMFSA,shared_battery_mode_node_level_v1,SI-Drahi_13-d2-HET-UHI-BHI-b5b4fe09a4,TK-PB-Drahi_13-d2-HET-UHI-e201b86fbb-r5,SS-baeb7d556d60,9,4,lex_phase_4,OPTIMAL,FEASIBLE_POINT,251547.76554303555,251547.76554303555,0,76446,76446,117321,330051,2388,0,2388,11940,2388,256,0,0,NaN,0,NaN,0.0,1.0000000004074536,
5,10,MULTISTAGE_RH,LEXMMFSA,shared_battery_mode_node_level_v1,SI-Drahi_13-d2-HET-UHI-BHI-b5b4fe09a4,TK-PB-Drahi_13-d2-HET-UHI-e201b86fbb-r5,SS-baeb7d556d60,9,5,lex_phase_5,OPTIMAL,FEASIBLE_POINT,314441.92855379806,314441.92855379806,0,76446,76446,117322,330057,2388,0,2388,11940,2388,256,0,0,NaN,0,NaN,0.0,1.0000000004074536,
5,10,MULTISTAGE_RH,LEXMMFSA,shared_battery_mode_node_level_v1,SI-Drahi_13-d2-HET-UHI-BHI-b5b4fe09a4,TK-PB-Drahi_13-d2-HET-UHI-e201b86fbb-r5,SS-baeb7d556d60,9,6,economic_tie_break,OPTIMAL,FEASIBLE_POINT,605078.5098350542,605078.5098350542,0,76446,76446,117323,330063,2388,0,2388,11940,2388,256,0,0,NaN,0,NaN,0.0,1.0000000004074536,
5,11,MULTISTAGE_RH,LEXMMFSA,shared_battery_mode_node_level_v1,SI-Drahi_13-d2-HET-UHI-BHI-b5b4fe09a4,TK-PB-Drahi_13-d2-HET-UHI-e201b86fbb-r5,SS-baeb7d556d60,9,1,lex_phase_1,OPTIMAL,FEASIBLE_POINT,62884.867510758166,62884.867510758166,0,76446,76446,117318,330033,2388,0,2388,11940,2388,256,0,0,NaN,0,NaN,0.0,1.0000000004074536,
5,11,MULTISTAGE_RH,LEXMMFSA,shared_battery_mode_node_level_v1,SI-Drahi_13-d2-HET-UHI-BHI-b5b4fe09a4,TK-PB-Drahi_13-d2-HET-UHI-e201b86fbb-r5,SS-baeb7d556d60,9,2,lex_phase_2,OPTIMAL,FEASIBLE_POINT,125769.73502151607,125769.73502151607,0,76446,76446,117319,330039,2388,0,2388,11940,2388,256,0,0,NaN,0,NaN,0.0,1.0000000004074536,
5,11,MULTISTAGE_RH,LEXMMFSA,shared_battery_mode_node_level_v1,SI-Drahi_13-d2-HET-UHI-BHI-b5b4fe09a4,TK-PB-Drahi_13-d2-HET-UHI-e201b86fbb-r5,SS-baeb7d556d60,9,3,lex_phase_3,OPTIMAL,FEASIBLE_POINT,188654.6025322741,188654.6025322741,0,76446,76446,117320,330045,2388,0,2388,11940,2388,256,0,0,NaN,0,NaN,0.0,1.0000000004074536,
5,11,MULTISTAGE_RH,LEXMMFSA,shared_battery_mode_node_level_v1,SI-Drahi_13-d2-HET-UHI-BHI-b5b4fe09a4,TK-PB-Drahi_13-d2-HET-UHI-e201b86fbb-r5,SS-baeb7d556d60,9,4,lex_phase_4,OPTIMAL,FEASIBLE_POINT,251547.76554303555,251547.76554303555,0,76446,76446,117321,330051,2388,0,2388,11940,2388,256,0,0,NaN,0,NaN,0.0,1.0000000004074536,
5,11,MULTISTAGE_RH,LEXMMFSA,shared_battery_mode_node_level_v1,SI-Drahi_13-d2-HET-UHI-BHI-b5b4fe09a4,TK-PB-Drahi_13-d2-HET-UHI-e201b86fbb-r5,SS-baeb7d556d60,9,5,lex_phase_5,OPTIMAL,FEASIBLE_POINT,314441.92855379806,314441.92855379806,0,76446,76446,117322,330057,2388,0,2388,11940,2388,256,0,0,NaN,0,NaN,0.0,1.0000000004074536,
5,11,MULTISTAGE_RH,LEXMMFSA,shared_battery_mode_node_level_v1,SI-Drahi_13-d2-HET-UHI-BHI-b5b4fe09a4,TK-PB-Drahi_13-d2-HET-UHI-e201b86fbb-r5,SS-baeb7d556d60,9,6,economic_tie_break,OPTIMAL,FEASIBLE_POINT,605078.5098350542,605078.5098350542,0,76446,76446,117323,330063,2388,0,2388,11940,2388,256,0,0,NaN,0,NaN,0.0,1.0000000004074536,
5,12,MULTISTAGE_RH,LEXMMFSA,shared_battery_mode_node_level_v1,SI-Drahi_13-d2-HET-UHI-BHI-b5b4fe09a4,TK-PB-Drahi_13-d2-HET-UHI-e201b86fbb-r5,SS-baeb7d556d60,9,1,lex_phase_1,OPTIMAL,FEASIBLE_POINT,62884.867510758166,62884.867510758166,0,76446,76446,117318,330033,2388,0,2388,11940,2388,256,0,0,NaN,0,NaN,0.0,1.0000000004074536,
5,12,MULTISTAGE_RH,LEXMMFSA,shared_battery_mode_node_level_v1,SI-Drahi_13-d2-HET-UHI-BHI-b5b4fe09a4,TK-PB-Drahi_13-d2-HET-UHI-e201b86fbb-r5,SS-baeb7d556d60,9,2,lex_phase_2,OPTIMAL,FEASIBLE_POINT,125769.73502151607,125769.73502151607,0,76446,76446,117319,330039,2388,0,2388,11940,2388,256,0,0,NaN,0,NaN,0.0,1.0000000004074536,
5,12,MULTISTAGE_RH,LEXMMFSA,shared_battery_mode_node_level_v1,SI-Drahi_13-d2-HET-UHI-BHI-b5b4fe09a4,TK-PB-Drahi_13-d2-HET-UHI-e201b86fbb-r5,SS-baeb7d556d60,9,3,lex_phase_3,OPTIMAL,FEASIBLE_POINT,188654.6025322741,188654.6025322741,0,76446,76446,117320,330045,2388,0,2388,11940,2388,256,0,0,NaN,0,NaN,0.0,1.0000000004074536,
5,12,MULTISTAGE_RH,LEXMMFSA,shared_battery_mode_node_level_v1,SI-Drahi_13-d2-HET-UHI-BHI-b5b4fe09a4,TK-PB-Drahi_13-d2-HET-UHI-e201b86fbb-r5,SS-baeb7d556d60,9,4,lex_phase_4,OPTIMAL,FEASIBLE_POINT,251547.76554303555,251547.76554303555,0,76446,76446,117321,330051,2388,0,2388,11940,2388,256,0,0,NaN,0,NaN,0.0,1.0000000004074536,
5,12,MULTISTAGE_RH,LEXMMFSA,shared_battery_mode_node_level_v1,SI-Drahi_13-d2-HET-UHI-BHI-b5b4fe09a4,TK-PB-Drahi_13-d2-HET-UHI-e201b86fbb-r5,SS-baeb7d556d60,9,5,lex_phase_5,OPTIMAL,FEASIBLE_POINT,314441.92855379806,314441.92855379806,0,76446,76446,117322,330057,2388,0,2388,11940,2388,256,0,0,NaN,0,NaN,0.0,1.0000000004074536,
5,12,MULTISTAGE_RH,LEXMMFSA,shared_battery_mode_node_level_v1,SI-Drahi_13-d2-HET-UHI-BHI-b5b4fe09a4,TK-PB-Drahi_13-d2-HET-UHI-e201b86fbb-r5,SS-baeb7d556d60,9,6,economic_tie_break,OPTIMAL,FEASIBLE_POINT,605078.5098350542,605078.5098350542,0,76446,76446,117323,330063,2388,0,2388,11940,2388,256,0,0,NaN,0,NaN,0.0,1.0000000004074536,
5,13,MULTISTAGE_RH,LEXMMFSA,shared_battery_mode_node_level_v1,SI-Drahi_13-d2-HET-UHI-BHI-b5b4fe09a4,TK-PB-Drahi_13-d2-HET-UHI-e201b86fbb-r5,SS-784512b1c103,13,1,lex_phase_1,OPTIMAL,FEASIBLE_POINT,61640.241103121756,61640.241103121756,0,76446,76446,117318,334478,2388,0,2388,11940,2388,256,0,0,NaN,0,NaN,0.0,0.9999999999417923,
5,13,MULTISTAGE_RH,LEXMMFSA,shared_battery_mode_node_level_v1,SI-Drahi_13-d2-HET-UHI-BHI-b5b4fe09a4,TK-PB-Drahi_13-d2-HET-UHI-e201b86fbb-r5,SS-784512b1c103,13,2,lex_phase_2,OPTIMAL,FEASIBLE_POINT,123280.48220624408,123280.48220624408,0,76446,76446,117319,334484,2388,0,2388,11940,2388,256,0,0,NaN,0,NaN,0.0,0.9999999999417923,
5,13,MULTISTAGE_RH,LEXMMFSA,shared_battery_mode_node_level_v1,SI-Drahi_13-d2-HET-UHI-BHI-b5b4fe09a4,TK-PB-Drahi_13-d2-HET-UHI-e201b86fbb-r5,SS-784512b1c103,13,3,lex_phase_3,OPTIMAL,FEASIBLE_POINT,184920.72330936612,184920.72330936612,0,76446,76446,117320,334490,2388,0,2388,11940,2388,256,0,0,NaN,0,NaN,0.0,0.9999999999417923,
5,13,MULTISTAGE_RH,LEXMMFSA,shared_battery_mode_node_level_v1,SI-Drahi_13-d2-HET-UHI-BHI-b5b4fe09a4,TK-PB-Drahi_13-d2-HET-UHI-e201b86fbb-r5,SS-784512b1c103,13,4,lex_phase_4,OPTIMAL,FEASIBLE_POINT,246570.0049124866,246570.0049124866,0,76446,76446,117321,334496,2388,0,2388,11940,2388,256,0,0,NaN,0,NaN,0.0,0.9999999999417923,
5,13,MULTISTAGE_RH,LEXMMFSA,shared_battery_mode_node_level_v1,SI-Drahi_13-d2-HET-UHI-BHI-b5b4fe09a4,TK-PB-Drahi_13-d2-HET-UHI-e201b86fbb-r5,SS-784512b1c103,13,5,lex_phase_5,OPTIMAL,FEASIBLE_POINT,308220.2865155972,308220.2865155972,0,76446,76446,117322,334502,2388,0,2388,11940,2388,256,0,0,NaN,0,NaN,0.0,0.9999999999417923,
5,13,MULTISTAGE_RH,LEXMMFSA,shared_battery_mode_node_level_v1,SI-Drahi_13-d2-HET-UHI-BHI-b5b4fe09a4,TK-PB-Drahi_13-d2-HET-UHI-e201b86fbb-r5,SS-784512b1c103,13,6,economic_tie_break,OPTIMAL,FEASIBLE_POINT,697894.0922905016,697894.0922905016,0,76446,76446,117323,334508,2388,0,2388,11940,2388,256,0,0,NaN,0,NaN,0.0,0.9999999999417923,
5,14,MULTISTAGE_RH,LEXMMFSA,shared_battery_mode_node_level_v1,SI-Drahi_13-d2-HET-UHI-BHI-b5b4fe09a4,TK-PB-Drahi_13-d2-HET-UHI-e201b86fbb-r5,SS-784512b1c103,13,1,lex_phase_1,OPTIMAL,FEASIBLE_POINT,61640.241103121756,61640.241103121756,0,76446,76446,117318,334478,2388,0,2388,11940,2388,256,0,0,NaN,0,NaN,0.0,0.9999999999417923,
5,14,MULTISTAGE_RH,LEXMMFSA,shared_battery_mode_node_level_v1,SI-Drahi_13-d2-HET-UHI-BHI-b5b4fe09a4,TK-PB-Drahi_13-d2-HET-UHI-e201b86fbb-r5,SS-784512b1c103,13,2,lex_phase_2,OPTIMAL,FEASIBLE_POINT,123280.48220624408,123280.48220624408,0,76446,76446,117319,334484,2388,0,2388,11940,2388,256,0,0,NaN,0,NaN,0.0,0.9999999999417923,
5,14,MULTISTAGE_RH,LEXMMFSA,shared_battery_mode_node_level_v1,SI-Drahi_13-d2-HET-UHI-BHI-b5b4fe09a4,TK-PB-Drahi_13-d2-HET-UHI-e201b86fbb-r5,SS-784512b1c103,13,3,lex_phase_3,OPTIMAL,FEASIBLE_POINT,184920.72330936612,184920.72330936612,0,76446,76446,117320,334490,2388,0,2388,11940,2388,256,0,0,NaN,0,NaN,0.0,0.9999999999417923,
5,14,MULTISTAGE_RH,LEXMMFSA,shared_battery_mode_node_level_v1,SI-Drahi_13-d2-HET-UHI-BHI-b5b4fe09a4,TK-PB-Drahi_13-d2-HET-UHI-e201b86fbb-r5,SS-784512b1c103,13,4,lex_phase_4,OPTIMAL,FEASIBLE_POINT,246570.0049124866,246570.0049124866,0,76446,76446,117321,334496,2388,0,2388,11940,2388,256,0,0,NaN,0,NaN,0.0,0.9999999999417923,
5,14,MULTISTAGE_RH,LEXMMFSA,shared_battery_mode_node_level_v1,SI-Drahi_13-d2-HET-UHI-BHI-b5b4fe09a4,TK-PB-Drahi_13-d2-HET-UHI-e201b86fbb-r5,SS-784512b1c103,13,5,lex_phase_5,OPTIMAL,FEASIBLE_POINT,308220.2865155972,308220.2865155972,0,76446,76446,117322,334502,2388,0,2388,11940,2388,256,0,0,NaN,0,NaN,0.0,0.9999999999417923,
5,14,MULTISTAGE_RH,LEXMMFSA,shared_battery_mode_node_level_v1,SI-Drahi_13-d2-HET-UHI-BHI-b5b4fe09a4,TK-PB-Drahi_13-d2-HET-UHI-e201b86fbb-r5,SS-784512b1c103,13,6,economic_tie_break,OPTIMAL,FEASIBLE_POINT,697894.0922905016,697894.0922905016,0,76446,76446,117323,334508,2388,0,2388,11940,2388,256,0,0,NaN,0,NaN,0.0,0.9999999999417923,
5,15,MULTISTAGE_RH,LEXMMFSA,shared_battery_mode_node_level_v1,SI-Drahi_13-d2-HET-UHI-BHI-b5b4fe09a4,TK-PB-Drahi_13-d2-HET-UHI-e201b86fbb-r5,SS-784512b1c103,13,1,lex_phase_1,OPTIMAL,FEASIBLE_POINT,61640.241103121756,61640.241103121756,0,76446,76446,117318,334478,2388,0,2388,11940,2388,256,0,0,NaN,0,NaN,2.1032064978498966e-12,0.9999999999417923,
5,15,MULTISTAGE_RH,LEXMMFSA,shared_battery_mode_node_level_v1,SI-Drahi_13-d2-HET-UHI-BHI-b5b4fe09a4,TK-PB-Drahi_13-d2-HET-UHI-e201b86fbb-r5,SS-784512b1c103,13,2,lex_phase_2,OPTIMAL,FEASIBLE_POINT,123280.48220624408,123280.48220624408,0,76446,76446,117319,334484,2388,0,2388,11940,2388,256,0,0,NaN,0,NaN,2.1032064978498966e-12,0.9999999999417923,
5,15,MULTISTAGE_RH,LEXMMFSA,shared_battery_mode_node_level_v1,SI-Drahi_13-d2-HET-UHI-BHI-b5b4fe09a4,TK-PB-Drahi_13-d2-HET-UHI-e201b86fbb-r5,SS-784512b1c103,13,3,lex_phase_3,OPTIMAL,FEASIBLE_POINT,184920.72330936612,184920.72330936612,0,76446,76446,117320,334490,2388,0,2388,11940,2388,256,0,0,NaN,0,NaN,2.1032064978498966e-12,0.9999999999417923,
5,15,MULTISTAGE_RH,LEXMMFSA,shared_battery_mode_node_level_v1,SI-Drahi_13-d2-HET-UHI-BHI-b5b4fe09a4,TK-PB-Drahi_13-d2-HET-UHI-e201b86fbb-r5,SS-784512b1c103,13,4,lex_phase_4,OPTIMAL,FEASIBLE_POINT,246570.0049124866,246570.0049124866,0,76446,76446,117321,334496,2388,0,2388,11940,2388,256,0,0,NaN,0,NaN,2.1032064978498966e-12,0.9999999999417923,
5,15,MULTISTAGE_RH,LEXMMFSA,shared_battery_mode_node_level_v1,SI-Drahi_13-d2-HET-UHI-BHI-b5b4fe09a4,TK-PB-Drahi_13-d2-HET-UHI-e201b86fbb-r5,SS-784512b1c103,13,5,lex_phase_5,OPTIMAL,FEASIBLE_POINT,308220.2865155972,308220.2865155972,0,76446,76446,117322,334502,2388,0,2388,11940,2388,256,0,0,NaN,0,NaN,2.1032064978498966e-12,0.9999999999417923,
5,15,MULTISTAGE_RH,LEXMMFSA,shared_battery_mode_node_level_v1,SI-Drahi_13-d2-HET-UHI-BHI-b5b4fe09a4,TK-PB-Drahi_13-d2-HET-UHI-e201b86fbb-r5,SS-784512b1c103,13,6,economic_tie_break,OPTIMAL,FEASIBLE_POINT,697894.0922905016,697894.0922905016,0,76446,76446,117323,334508,2388,0,2388,11940,2388,256,0,0,NaN,0,NaN,2.1032064978498966e-12,0.9999999999417923,
5,16,MULTISTAGE_RH,LEXMMFSA,shared_battery_mode_node_level_v1,SI-Drahi_13-d2-HET-UHI-BHI-b5b4fe09a4,TK-PB-Drahi_13-d2-HET-UHI-e201b86fbb-r5,SS-784512b1c103,13,1,lex_phase_1,OPTIMAL,FEASIBLE_POINT,61640.241103121756,61640.241103121756,0,76446,76446,117318,334478,2388,0,2388,11940,2388,256,0,0,NaN,0,NaN,0.0,0.9999999999417923,
5,16,MULTISTAGE_RH,LEXMMFSA,shared_battery_mode_node_level_v1,SI-Drahi_13-d2-HET-UHI-BHI-b5b4fe09a4,TK-PB-Drahi_13-d2-HET-UHI-e201b86fbb-r5,SS-784512b1c103,13,2,lex_phase_2,OPTIMAL,FEASIBLE_POINT,123280.48220624408,123280.48220624408,0,76446,76446,117319,334484,2388,0,2388,11940,2388,256,0,0,NaN,0,NaN,0.0,0.9999999999417923,
5,16,MULTISTAGE_RH,LEXMMFSA,shared_battery_mode_node_level_v1,SI-Drahi_13-d2-HET-UHI-BHI-b5b4fe09a4,TK-PB-Drahi_13-d2-HET-UHI-e201b86fbb-r5,SS-784512b1c103,13,3,lex_phase_3,OPTIMAL,FEASIBLE_POINT,184920.72330936612,184920.72330936612,0,76446,76446,117320,334490,2388,0,2388,11940,2388,256,0,0,NaN,0,NaN,0.0,0.9999999999417923,
5,16,MULTISTAGE_RH,LEXMMFSA,shared_battery_mode_node_level_v1,SI-Drahi_13-d2-HET-UHI-BHI-b5b4fe09a4,TK-PB-Drahi_13-d2-HET-UHI-e201b86fbb-r5,SS-784512b1c103,13,4,lex_phase_4,OPTIMAL,FEASIBLE_POINT,246570.0049124866,246570.0049124866,0,76446,76446,117321,334496,2388,0,2388,11940,2388,256,0,0,NaN,0,NaN,0.0,0.9999999999417923,
5,16,MULTISTAGE_RH,LEXMMFSA,shared_battery_mode_node_level_v1,SI-Drahi_13-d2-HET-UHI-BHI-b5b4fe09a4,TK-PB-Drahi_13-d2-HET-UHI-e201b86fbb-r5,SS-784512b1c103,13,5,lex_phase_5,OPTIMAL,FEASIBLE_POINT,308220.2865155972,308220.2865155972,0,76446,76446,117322,334502,2388,0,2388,11940,2388,256,0,0,NaN,0,NaN,0.0,0.9999999999417923,
5,16,MULTISTAGE_RH,LEXMMFSA,shared_battery_mode_node_level_v1,SI-Drahi_13-d2-HET-UHI-BHI-b5b4fe09a4,TK-PB-Drahi_13-d2-HET-UHI-e201b86fbb-r5,SS-784512b1c103,13,6,economic_tie_break,OPTIMAL,FEASIBLE_POINT,697894.0922905016,697894.0922905016,0,76446,76446,117323,334508,2388,0,2388,11940,2388,256,0,0,NaN,0,NaN,0.0,0.9999999999417923,
5,17,MULTISTAGE_RH,LEXMMFSA,shared_battery_mode_node_level_v1,SI-Drahi_13-d2-HET-UHI-BHI-b5b4fe09a4,TK-PB-Drahi_13-d2-HET-UHI-e201b86fbb-r5,SS-ced84ca7a4eb,17,1,lex_phase_1,OPTIMAL,FEASIBLE_POINT,66350.59272176624,66350.59272176624,0,76446,76446,117318,335488,2388,0,2388,11940,2388,256,0,0,NaN,0,NaN,0.0,1.000000000698492,
5,17,MULTISTAGE_RH,LEXMMFSA,shared_battery_mode_node_level_v1,SI-Drahi_13-d2-HET-UHI-BHI-b5b4fe09a4,TK-PB-Drahi_13-d2-HET-UHI-e201b86fbb-r5,SS-ced84ca7a4eb,17,2,lex_phase_2,OPTIMAL,FEASIBLE_POINT,132701.18544353283,132701.18544353283,0,76446,76446,117319,335494,2388,0,2388,11940,2388,256,0,0,NaN,0,NaN,0.0,1.000000000698492,
5,17,MULTISTAGE_RH,LEXMMFSA,shared_battery_mode_node_level_v1,SI-Drahi_13-d2-HET-UHI-BHI-b5b4fe09a4,TK-PB-Drahi_13-d2-HET-UHI-e201b86fbb-r5,SS-ced84ca7a4eb,17,3,lex_phase_3,OPTIMAL,FEASIBLE_POINT,199051.77816529924,199051.77816529924,0,76446,76446,117320,335500,2388,0,2388,11940,2388,256,0,0,NaN,0,NaN,0.0,1.000000000698492,
5,17,MULTISTAGE_RH,LEXMMFSA,shared_battery_mode_node_level_v1,SI-Drahi_13-d2-HET-UHI-BHI-b5b4fe09a4,TK-PB-Drahi_13-d2-HET-UHI-e201b86fbb-r5,SS-ced84ca7a4eb,17,4,lex_phase_4,OPTIMAL,FEASIBLE_POINT,265412.12638706615,265412.12638706615,0,76446,76446,117321,335506,2388,0,2388,11940,2388,256,0,0,NaN,0,NaN,0.0,1.000000000698492,
5,17,MULTISTAGE_RH,LEXMMFSA,shared_battery_mode_node_level_v1,SI-Drahi_13-d2-HET-UHI-BHI-b5b4fe09a4,TK-PB-Drahi_13-d2-HET-UHI-e201b86fbb-r5,SS-ced84ca7a4eb,17,5,lex_phase_5,OPTIMAL,FEASIBLE_POINT,331773.47460883745,331773.47460883745,0,76446,76446,117322,335512,2388,0,2388,11940,2388,256,0,0,NaN,0,NaN,0.0,1.000000000698492,
5,17,MULTISTAGE_RH,LEXMMFSA,shared_battery_mode_node_level_v1,SI-Drahi_13-d2-HET-UHI-BHI-b5b4fe09a4,TK-PB-Drahi_13-d2-HET-UHI-e201b86fbb-r5,SS-ced84ca7a4eb,17,6,economic_tie_break,OPTIMAL,FEASIBLE_POINT,724587.7636086859,724587.7636086859,0,76446,76446,117323,335518,2388,0,2388,11940,2388,256,0,0,NaN,0,NaN,0.0,1.000000000698492,
5,18,MULTISTAGE_RH,LEXMMFSA,shared_battery_mode_node_level_v1,SI-Drahi_13-d2-HET-UHI-BHI-b5b4fe09a4,TK-PB-Drahi_13-d2-HET-UHI-e201b86fbb-r5,SS-ced84ca7a4eb,17,1,lex_phase_1,OPTIMAL,FEASIBLE_POINT,66350.59272176624,66350.59272176624,0,76446,76446,117318,335488,2388,0,2388,11940,2388,256,0,0,NaN,0,NaN,0.0,1.000000000698492,
5,18,MULTISTAGE_RH,LEXMMFSA,shared_battery_mode_node_level_v1,SI-Drahi_13-d2-HET-UHI-BHI-b5b4fe09a4,TK-PB-Drahi_13-d2-HET-UHI-e201b86fbb-r5,SS-ced84ca7a4eb,17,2,lex_phase_2,OPTIMAL,FEASIBLE_POINT,132701.18544353283,132701.18544353283,0,76446,76446,117319,335494,2388,0,2388,11940,2388,256,0,0,NaN,0,NaN,0.0,1.000000000698492,
5,18,MULTISTAGE_RH,LEXMMFSA,shared_battery_mode_node_level_v1,SI-Drahi_13-d2-HET-UHI-BHI-b5b4fe09a4,TK-PB-Drahi_13-d2-HET-UHI-e201b86fbb-r5,SS-ced84ca7a4eb,17,3,lex_phase_3,OPTIMAL,FEASIBLE_POINT,199051.77816529924,199051.77816529924,0,76446,76446,117320,335500,2388,0,2388,11940,2388,256,0,0,NaN,0,NaN,0.0,1.000000000698492,
5,18,MULTISTAGE_RH,LEXMMFSA,shared_battery_mode_node_level_v1,SI-Drahi_13-d2-HET-UHI-BHI-b5b4fe09a4,TK-PB-Drahi_13-d2-HET-UHI-e201b86fbb-r5,SS-ced84ca7a4eb,17,4,lex_phase_4,OPTIMAL,FEASIBLE_POINT,265412.12638706615,265412.12638706615,0,76446,76446,117321,335506,2388,0,2388,11940,2388,256,0,0,NaN,0,NaN,0.0,1.000000000698492,
5,18,MULTISTAGE_RH,LEXMMFSA,shared_battery_mode_node_level_v1,SI-Drahi_13-d2-HET-UHI-BHI-b5b4fe09a4,TK-PB-Drahi_13-d2-HET-UHI-e201b86fbb-r5,SS-ced84ca7a4eb,17,5,lex_phase_5,OPTIMAL,FEASIBLE_POINT,331773.47460883745,331773.47460883745,0,76446,76446,117322,335512,2388,0,2388,11940,2388,256,0,0,NaN,0,NaN,0.0,1.000000000698492,
5,18,MULTISTAGE_RH,LEXMMFSA,shared_battery_mode_node_level_v1,SI-Drahi_13-d2-HET-UHI-BHI-b5b4fe09a4,TK-PB-Drahi_13-d2-HET-UHI-e201b86fbb-r5,SS-ced84ca7a4eb,17,6,economic_tie_break,OPTIMAL,FEASIBLE_POINT,724587.7636086859,724587.7636086859,0,76446,76446,117323,335518,2388,0,2388,11940,2388,256,0,0,NaN,0,NaN,0.0,1.000000000698492,
5,19,MULTISTAGE_RH,LEXMMFSA,shared_battery_mode_node_level_v1,SI-Drahi_13-d2-HET-UHI-BHI-b5b4fe09a4,TK-PB-Drahi_13-d2-HET-UHI-e201b86fbb-r5,SS-ced84ca7a4eb,17,1,lex_phase_1,OPTIMAL,FEASIBLE_POINT,66350.59272176624,66350.59272176624,0,76446,76446,117318,335488,2388,0,2388,11940,2388,256,0,0,NaN,0,NaN,4.462549277266746,1.000000000698492,
5,19,MULTISTAGE_RH,LEXMMFSA,shared_battery_mode_node_level_v1,SI-Drahi_13-d2-HET-UHI-BHI-b5b4fe09a4,TK-PB-Drahi_13-d2-HET-UHI-e201b86fbb-r5,SS-ced84ca7a4eb,17,2,lex_phase_2,OPTIMAL,FEASIBLE_POINT,132701.18544353283,132701.18544353283,0,76446,76446,117319,335494,2388,0,2388,11940,2388,256,0,0,NaN,0,NaN,4.462549277266746,1.000000000698492,
5,19,MULTISTAGE_RH,LEXMMFSA,shared_battery_mode_node_level_v1,SI-Drahi_13-d2-HET-UHI-BHI-b5b4fe09a4,TK-PB-Drahi_13-d2-HET-UHI-e201b86fbb-r5,SS-ced84ca7a4eb,17,3,lex_phase_3,OPTIMAL,FEASIBLE_POINT,199051.77816529924,199051.77816529924,0,76446,76446,117320,335500,2388,0,2388,11940,2388,256,0,0,NaN,0,NaN,4.462549277266746,1.000000000698492,
5,19,MULTISTAGE_RH,LEXMMFSA,shared_battery_mode_node_level_v1,SI-Drahi_13-d2-HET-UHI-BHI-b5b4fe09a4,TK-PB-Drahi_13-d2-HET-UHI-e201b86fbb-r5,SS-ced84ca7a4eb,17,4,lex_phase_4,OPTIMAL,FEASIBLE_POINT,265412.12638706615,265412.12638706615,0,76446,76446,117321,335506,2388,0,2388,11940,2388,256,0,0,NaN,0,NaN,4.462549277266746,1.000000000698492,
5,19,MULTISTAGE_RH,LEXMMFSA,shared_battery_mode_node_level_v1,SI-Drahi_13-d2-HET-UHI-BHI-b5b4fe09a4,TK-PB-Drahi_13-d2-HET-UHI-e201b86fbb-r5,SS-ced84ca7a4eb,17,5,lex_phase_5,OPTIMAL,FEASIBLE_POINT,331773.47460883745,331773.47460883745,0,76446,76446,117322,335512,2388,0,2388,11940,2388,256,0,0,NaN,0,NaN,4.462549277266746,1.000000000698492,
5,19,MULTISTAGE_RH,LEXMMFSA,shared_battery_mode_node_level_v1,SI-Drahi_13-d2-HET-UHI-BHI-b5b4fe09a4,TK-PB-Drahi_13-d2-HET-UHI-e201b86fbb-r5,SS-ced84ca7a4eb,17,6,economic_tie_break,OPTIMAL,FEASIBLE_POINT,724587.7636086859,724587.7636086859,0,76446,76446,117323,335518,2388,0,2388,11940,2388,256,0,0,NaN,0,NaN,4.462549277266746,1.000000000698492,
5,20,MULTISTAGE_RH,LEXMMFSA,shared_battery_mode_node_level_v1,SI-Drahi_13-d2-HET-UHI-BHI-b5b4fe09a4,TK-PB-Drahi_13-d2-HET-UHI-e201b86fbb-r5,SS-ced84ca7a4eb,17,1,lex_phase_1,OPTIMAL,FEASIBLE_POINT,66350.59272176624,66350.59272176624,0,76446,76446,117318,335488,2388,0,2388,11940,2388,256,0,0,NaN,0,NaN,0.0,1.000000000698492,
5,20,MULTISTAGE_RH,LEXMMFSA,shared_battery_mode_node_level_v1,SI-Drahi_13-d2-HET-UHI-BHI-b5b4fe09a4,TK-PB-Drahi_13-d2-HET-UHI-e201b86fbb-r5,SS-ced84ca7a4eb,17,2,lex_phase_2,OPTIMAL,FEASIBLE_POINT,132701.18544353283,132701.18544353283,0,76446,76446,117319,335494,2388,0,2388,11940,2388,256,0,0,NaN,0,NaN,0.0,1.000000000698492,
5,20,MULTISTAGE_RH,LEXMMFSA,shared_battery_mode_node_level_v1,SI-Drahi_13-d2-HET-UHI-BHI-b5b4fe09a4,TK-PB-Drahi_13-d2-HET-UHI-e201b86fbb-r5,SS-ced84ca7a4eb,17,3,lex_phase_3,OPTIMAL,FEASIBLE_POINT,199051.77816529924,199051.77816529924,0,76446,76446,117320,335500,2388,0,2388,11940,2388,256,0,0,NaN,0,NaN,0.0,1.000000000698492,
5,20,MULTISTAGE_RH,LEXMMFSA,shared_battery_mode_node_level_v1,SI-Drahi_13-d2-HET-UHI-BHI-b5b4fe09a4,TK-PB-Drahi_13-d2-HET-UHI-e201b86fbb-r5,SS-ced84ca7a4eb,17,4,lex_phase_4,OPTIMAL,FEASIBLE_POINT,265412.12638706615,265412.12638706615,0,76446,76446,117321,335506,2388,0,2388,11940,2388,256,0,0,NaN,0,NaN,0.0,1.000000000698492,
5,20,MULTISTAGE_RH,LEXMMFSA,shared_battery_mode_node_level_v1,SI-Drahi_13-d2-HET-UHI-BHI-b5b4fe09a4,TK-PB-Drahi_13-d2-HET-UHI-e201b86fbb-r5,SS-ced84ca7a4eb,17,5,lex_phase_5,OPTIMAL,FEASIBLE_POINT,331773.47460883745,331773.47460883745,0,76446,76446,117322,335512,2388,0,2388,11940,2388,256,0,0,NaN,0,NaN,0.0,1.000000000698492,
5,20,MULTISTAGE_RH,LEXMMFSA,shared_battery_mode_node_level_v1,SI-Drahi_13-d2-HET-UHI-BHI-b5b4fe09a4,TK-PB-Drahi_13-d2-HET-UHI-e201b86fbb-r5,SS-ced84ca7a4eb,17,6,economic_tie_break,OPTIMAL,FEASIBLE_POINT,724587.7636086859,724587.7636086859,0,76446,76446,117323,335518,2388,0,2388,11940,2388,256,0,0,NaN,0,NaN,0.0,1.000000000698492,
5,21,MULTISTAGE_RH,LEXMMFSA,shared_battery_mode_node_level_v1,SI-Drahi_13-d2-HET-UHI-BHI-b5b4fe09a4,TK-PB-Drahi_13-d2-HET-UHI-e201b86fbb-r5,SS-fec72d83146f,21,1,lex_phase_1,OPTIMAL,FEASIBLE_POINT,63313.48282688131,63313.48282688131,0,76446,76446,117318,334353,2388,0,2388,11940,2388,256,0,0,NaN,0,NaN,0.0,0.9999999998108251,
5,21,MULTISTAGE_RH,LEXMMFSA,shared_battery_mode_node_level_v1,SI-Drahi_13-d2-HET-UHI-BHI-b5b4fe09a4,TK-PB-Drahi_13-d2-HET-UHI-e201b86fbb-r5,SS-fec72d83146f,21,2,lex_phase_2,OPTIMAL,FEASIBLE_POINT,126626.96565376277,126626.96565376277,0,76446,76446,117319,334359,2388,0,2388,11940,2388,256,0,0,NaN,0,NaN,0.0,0.9999999998108251,
5,21,MULTISTAGE_RH,LEXMMFSA,shared_battery_mode_node_level_v1,SI-Drahi_13-d2-HET-UHI-BHI-b5b4fe09a4,TK-PB-Drahi_13-d2-HET-UHI-e201b86fbb-r5,SS-fec72d83146f,21,3,lex_phase_3,OPTIMAL,FEASIBLE_POINT,189946.61881397694,189946.61881397694,0,76446,76446,117320,334365,2388,0,2388,11940,2388,256,0,0,NaN,0,NaN,0.0,0.9999999998108251,
5,21,MULTISTAGE_RH,LEXMMFSA,shared_battery_mode_node_level_v1,SI-Drahi_13-d2-HET-UHI-BHI-b5b4fe09a4,TK-PB-Drahi_13-d2-HET-UHI-e201b86fbb-r5,SS-fec72d83146f,21,4,lex_phase_4,OPTIMAL,FEASIBLE_POINT,253267.2719741913,253267.2719741913,0,76446,76446,117321,334371,2388,0,2388,11940,2388,256,0,0,NaN,0,NaN,0.0,0.9999999998108251,
5,21,MULTISTAGE_RH,LEXMMFSA,shared_battery_mode_node_level_v1,SI-Drahi_13-d2-HET-UHI-BHI-b5b4fe09a4,TK-PB-Drahi_13-d2-HET-UHI-e201b86fbb-r5,SS-fec72d83146f,21,5,lex_phase_5,OPTIMAL,FEASIBLE_POINT,316587.9251344047,316587.9251344047,0,76446,76446,117322,334377,2388,0,2388,11940,2388,256,0,0,NaN,0,NaN,0.0,0.9999999998108251,
5,21,MULTISTAGE_RH,LEXMMFSA,shared_battery_mode_node_level_v1,SI-Drahi_13-d2-HET-UHI-BHI-b5b4fe09a4,TK-PB-Drahi_13-d2-HET-UHI-e201b86fbb-r5,SS-fec72d83146f,21,6,economic_tie_break,OPTIMAL,FEASIBLE_POINT,776991.0748724214,776991.0748724214,0,76446,76446,117323,334383,2388,0,2388,11940,2388,256,0,0,NaN,0,NaN,0.0,0.9999999998108251,
5,22,MULTISTAGE_RH,LEXMMFSA,shared_battery_mode_node_level_v1,SI-Drahi_13-d2-HET-UHI-BHI-b5b4fe09a4,TK-PB-Drahi_13-d2-HET-UHI-e201b86fbb-r5,SS-fec72d83146f,21,1,lex_phase_1,OPTIMAL,FEASIBLE_POINT,63313.48282688131,63313.48282688131,0,76446,76446,117318,334353,2388,0,2388,11940,2388,256,0,0,NaN,0,NaN,0.0,0.9999999998108251,
5,22,MULTISTAGE_RH,LEXMMFSA,shared_battery_mode_node_level_v1,SI-Drahi_13-d2-HET-UHI-BHI-b5b4fe09a4,TK-PB-Drahi_13-d2-HET-UHI-e201b86fbb-r5,SS-fec72d83146f,21,2,lex_phase_2,OPTIMAL,FEASIBLE_POINT,126626.96565376277,126626.96565376277,0,76446,76446,117319,334359,2388,0,2388,11940,2388,256,0,0,NaN,0,NaN,0.0,0.9999999998108251,
5,22,MULTISTAGE_RH,LEXMMFSA,shared_battery_mode_node_level_v1,SI-Drahi_13-d2-HET-UHI-BHI-b5b4fe09a4,TK-PB-Drahi_13-d2-HET-UHI-e201b86fbb-r5,SS-fec72d83146f,21,3,lex_phase_3,OPTIMAL,FEASIBLE_POINT,189946.61881397694,189946.61881397694,0,76446,76446,117320,334365,2388,0,2388,11940,2388,256,0,0,NaN,0,NaN,0.0,0.9999999998108251,
5,22,MULTISTAGE_RH,LEXMMFSA,shared_battery_mode_node_level_v1,SI-Drahi_13-d2-HET-UHI-BHI-b5b4fe09a4,TK-PB-Drahi_13-d2-HET-UHI-e201b86fbb-r5,SS-fec72d83146f,21,4,lex_phase_4,OPTIMAL,FEASIBLE_POINT,253267.2719741913,253267.2719741913,0,76446,76446,117321,334371,2388,0,2388,11940,2388,256,0,0,NaN,0,NaN,0.0,0.9999999998108251,
5,22,MULTISTAGE_RH,LEXMMFSA,shared_battery_mode_node_level_v1,SI-Drahi_13-d2-HET-UHI-BHI-b5b4fe09a4,TK-PB-Drahi_13-d2-HET-UHI-e201b86fbb-r5,SS-fec72d83146f,21,5,lex_phase_5,OPTIMAL,FEASIBLE_POINT,316587.9251344047,316587.9251344047,0,76446,76446,117322,334377,2388,0,2388,11940,2388,256,0,0,NaN,0,NaN,0.0,0.9999999998108251,
5,22,MULTISTAGE_RH,LEXMMFSA,shared_battery_mode_node_level_v1,SI-Drahi_13-d2-HET-UHI-BHI-b5b4fe09a4,TK-PB-Drahi_13-d2-HET-UHI-e201b86fbb-r5,SS-fec72d83146f,21,6,economic_tie_break,OPTIMAL,FEASIBLE_POINT,776991.0748724214,776991.0748724214,0,76446,76446,117323,334383,2388,0,2388,11940,2388,256,0,0,NaN,0,NaN,0.0,0.9999999998108251,
5,23,MULTISTAGE_RH,LEXMMFSA,shared_battery_mode_node_level_v1,SI-Drahi_13-d2-HET-UHI-BHI-b5b4fe09a4,TK-PB-Drahi_13-d2-HET-UHI-e201b86fbb-r5,SS-fec72d83146f,21,1,lex_phase_1,OPTIMAL,FEASIBLE_POINT,63313.48282688131,63313.48282688131,0,76446,76446,117318,334353,2388,0,2388,11940,2388,256,0,0,NaN,0,NaN,0.0,0.9999999998108251,
5,23,MULTISTAGE_RH,LEXMMFSA,shared_battery_mode_node_level_v1,SI-Drahi_13-d2-HET-UHI-BHI-b5b4fe09a4,TK-PB-Drahi_13-d2-HET-UHI-e201b86fbb-r5,SS-fec72d83146f,21,2,lex_phase_2,OPTIMAL,FEASIBLE_POINT,126626.96565376277,126626.96565376277,0,76446,76446,117319,334359,2388,0,2388,11940,2388,256,0,0,NaN,0,NaN,0.0,0.9999999998108251,
5,23,MULTISTAGE_RH,LEXMMFSA,shared_battery_mode_node_level_v1,SI-Drahi_13-d2-HET-UHI-BHI-b5b4fe09a4,TK-PB-Drahi_13-d2-HET-UHI-e201b86fbb-r5,SS-fec72d83146f,21,3,lex_phase_3,OPTIMAL,FEASIBLE_POINT,189946.61881397694,189946.61881397694,0,76446,76446,117320,334365,2388,0,2388,11940,2388,256,0,0,NaN,0,NaN,0.0,0.9999999998108251,
5,23,MULTISTAGE_RH,LEXMMFSA,shared_battery_mode_node_level_v1,SI-Drahi_13-d2-HET-UHI-BHI-b5b4fe09a4,TK-PB-Drahi_13-d2-HET-UHI-e201b86fbb-r5,SS-fec72d83146f,21,4,lex_phase_4,OPTIMAL,FEASIBLE_POINT,253267.2719741913,253267.2719741913,0,76446,76446,117321,334371,2388,0,2388,11940,2388,256,0,0,NaN,0,NaN,0.0,0.9999999998108251,
5,23,MULTISTAGE_RH,LEXMMFSA,shared_battery_mode_node_level_v1,SI-Drahi_13-d2-HET-UHI-BHI-b5b4fe09a4,TK-PB-Drahi_13-d2-HET-UHI-e201b86fbb-r5,SS-fec72d83146f,21,5,lex_phase_5,OPTIMAL,FEASIBLE_POINT,316587.9251344047,316587.9251344047,0,76446,76446,117322,334377,2388,0,2388,11940,2388,256,0,0,NaN,0,NaN,0.0,0.9999999998108251,
5,23,MULTISTAGE_RH,LEXMMFSA,shared_battery_mode_node_level_v1,SI-Drahi_13-d2-HET-UHI-BHI-b5b4fe09a4,TK-PB-Drahi_13-d2-HET-UHI-e201b86fbb-r5,SS-fec72d83146f,21,6,economic_tie_break,OPTIMAL,FEASIBLE_POINT,776991.0748724214,776991.0748724214,0,76446,76446,117323,334383,2388,0,2388,11940,2388,256,0,0,NaN,0,NaN,0.0,0.9999999998108251,
5,24,MULTISTAGE_RH,LEXMMFSA,shared_battery_mode_node_level_v1,SI-Drahi_13-d2-HET-UHI-BHI-b5b4fe09a4,TK-PB-Drahi_13-d2-HET-UHI-e201b86fbb-r5,SS-fec72d83146f,21,1,lex_phase_1,OPTIMAL,FEASIBLE_POINT,63313.48282688131,63313.48282688131,0,76446,76446,117318,334353,2388,0,2388,11940,2388,256,0,0,NaN,0,NaN,0.0,0.9999999998108251,
5,24,MULTISTAGE_RH,LEXMMFSA,shared_battery_mode_node_level_v1,SI-Drahi_13-d2-HET-UHI-BHI-b5b4fe09a4,TK-PB-Drahi_13-d2-HET-UHI-e201b86fbb-r5,SS-fec72d83146f,21,2,lex_phase_2,OPTIMAL,FEASIBLE_POINT,126626.96565376277,126626.96565376277,0,76446,76446,117319,334359,2388,0,2388,11940,2388,256,0,0,NaN,0,NaN,0.0,0.9999999998108251,
5,24,MULTISTAGE_RH,LEXMMFSA,shared_battery_mode_node_level_v1,SI-Drahi_13-d2-HET-UHI-BHI-b5b4fe09a4,TK-PB-Drahi_13-d2-HET-UHI-e201b86fbb-r5,SS-fec72d83146f,21,3,lex_phase_3,OPTIMAL,FEASIBLE_POINT,189946.61881397694,189946.61881397694,0,76446,76446,117320,334365,2388,0,2388,11940,2388,256,0,0,NaN,0,NaN,0.0,0.9999999998108251,
5,24,MULTISTAGE_RH,LEXMMFSA,shared_battery_mode_node_level_v1,SI-Drahi_13-d2-HET-UHI-BHI-b5b4fe09a4,TK-PB-Drahi_13-d2-HET-UHI-e201b86fbb-r5,SS-fec72d83146f,21,4,lex_phase_4,OPTIMAL,FEASIBLE_POINT,253267.2719741913,253267.2719741913,0,76446,76446,117321,334371,2388,0,2388,11940,2388,256,0,0,NaN,0,NaN,0.0,0.9999999998108251,
5,24,MULTISTAGE_RH,LEXMMFSA,shared_battery_mode_node_level_v1,SI-Drahi_13-d2-HET-UHI-BHI-b5b4fe09a4,TK-PB-Drahi_13-d2-HET-UHI-e201b86fbb-r5,SS-fec72d83146f,21,5,lex_phase_5,OPTIMAL,FEASIBLE_POINT,316587.9251344047,316587.9251344047,0,76446,76446,117322,334377,2388,0,2388,11940,2388,256,0,0,NaN,0,NaN,0.0,0.9999999998108251,
5,24,MULTISTAGE_RH,LEXMMFSA,shared_battery_mode_node_level_v1,SI-Drahi_13-d2-HET-UHI-BHI-b5b4fe09a4,TK-PB-Drahi_13-d2-HET-UHI-e201b86fbb-r5,SS-fec72d83146f,21,6,economic_tie_break,OPTIMAL,FEASIBLE_POINT,776991.0748724214,776991.0748724214,0,76446,76446,117323,334383,2388,0,2388,11940,2388,256,0,0,NaN,0,NaN,0.0,0.9999999998108251,
5,1,MULTISTAGE_RH,NONE,shared_battery_mode_node_level_v1,SI-Drahi_13-d2-HET-UHI-BHI-b5b4fe09a4,TK-PB-Drahi_13-d2-HET-UHI-e201b86fbb-r5,SS-b6fde45dba3b,1,0,single_solve,OPTIMAL,FEASIBLE_POINT,454963.3156041473,454963.3156041473,0,76416,76416,117268,151133,2388,0,2388,11940,2388,256,0,0,NaN,0,NaN,0.0,0.0,
5,2,MULTISTAGE_RH,NONE,shared_battery_mode_node_level_v1,SI-Drahi_13-d2-HET-UHI-BHI-b5b4fe09a4,TK-PB-Drahi_13-d2-HET-UHI-e201b86fbb-r5,SS-b6fde45dba3b,1,0,single_solve,OPTIMAL,FEASIBLE_POINT,454963.3156041473,454963.3156041473,0,76416,76416,117268,151133,2388,0,2388,11940,2388,256,0,0,NaN,0,NaN,0.0,0.0,
5,3,MULTISTAGE_RH,NONE,shared_battery_mode_node_level_v1,SI-Drahi_13-d2-HET-UHI-BHI-b5b4fe09a4,TK-PB-Drahi_13-d2-HET-UHI-e201b86fbb-r5,SS-b6fde45dba3b,1,0,single_solve,OPTIMAL,FEASIBLE_POINT,454963.3156041473,454963.3156041473,0,76416,76416,117268,151133,2388,0,2388,11940,2388,256,0,0,NaN,0,NaN,0.0,0.0,
5,4,MULTISTAGE_RH,NONE,shared_battery_mode_node_level_v1,SI-Drahi_13-d2-HET-UHI-BHI-b5b4fe09a4,TK-PB-Drahi_13-d2-HET-UHI-e201b86fbb-r5,SS-b6fde45dba3b,1,0,single_solve,OPTIMAL,FEASIBLE_POINT,454963.3156041473,454963.3156041473,0,76416,76416,117268,151133,2388,0,2388,11940,2388,256,0,0,NaN,0,NaN,0.09750000000000003,0.0,
5,5,MULTISTAGE_RH,NONE,shared_battery_mode_node_level_v1,SI-Drahi_13-d2-HET-UHI-BHI-b5b4fe09a4,TK-PB-Drahi_13-d2-HET-UHI-e201b86fbb-r5,SS-59c6d7df9164,5,0,single_solve,OPTIMAL,FEASIBLE_POINT,599324.1833904583,599324.1833904583,0,76416,76416,117268,147028,2388,0,2388,11940,2388,256,0,0,NaN,0,NaN,0.0,0.0,
5,6,MULTISTAGE_RH,NONE,shared_battery_mode_node_level_v1,SI-Drahi_13-d2-HET-UHI-BHI-b5b4fe09a4,TK-PB-Drahi_13-d2-HET-UHI-e201b86fbb-r5,SS-59c6d7df9164,5,0,single_solve,OPTIMAL,FEASIBLE_POINT,599324.1833904583,599324.1833904583,0,76416,76416,117268,147028,2388,0,2388,11940,2388,256,0,0,NaN,0,NaN,1.4210854715202004e-14,0.0,
5,7,MULTISTAGE_RH,NONE,shared_battery_mode_node_level_v1,SI-Drahi_13-d2-HET-UHI-BHI-b5b4fe09a4,TK-PB-Drahi_13-d2-HET-UHI-e201b86fbb-r5,SS-59c6d7df9164,5,0,single_solve,OPTIMAL,FEASIBLE_POINT,599324.1833904583,599324.1833904583,0,76416,76416,117268,147028,2388,0,2388,11940,2388,256,0,0,NaN,0,NaN,0.0,0.0,
5,8,MULTISTAGE_RH,NONE,shared_battery_mode_node_level_v1,SI-Drahi_13-d2-HET-UHI-BHI-b5b4fe09a4,TK-PB-Drahi_13-d2-HET-UHI-e201b86fbb-r5,SS-59c6d7df9164,5,0,single_solve,OPTIMAL,FEASIBLE_POINT,599324.1833904583,599324.1833904583,0,76416,76416,117268,147028,2388,0,2388,11940,2388,256,0,0,NaN,0,NaN,0.0,0.0,
5,9,MULTISTAGE_RH,NONE,shared_battery_mode_node_level_v1,SI-Drahi_13-d2-HET-UHI-BHI-b5b4fe09a4,TK-PB-Drahi_13-d2-HET-UHI-e201b86fbb-r5,SS-baeb7d556d60,9,0,single_solve,OPTIMAL,FEASIBLE_POINT,419705.8221215997,419705.8221215997,0,76416,76416,117268,150883,2388,0,2388,11940,2388,256,0,0,NaN,0,NaN,1.4210854715202004e-14,0.0,
5,10,MULTISTAGE_RH,NONE,shared_battery_mode_node_level_v1,SI-Drahi_13-d2-HET-UHI-BHI-b5b4fe09a4,TK-PB-Drahi_13-d2-HET-UHI-e201b86fbb-r5,SS-baeb7d556d60,9,0,single_solve,OPTIMAL,FEASIBLE_POINT,419705.8221215997,419705.8221215997,0,76416,76416,117268,150883,2388,0,2388,11940,2388,256,0,0,NaN,0,NaN,1.4210854715202004e-14,0.0,
5,11,MULTISTAGE_RH,NONE,shared_battery_mode_node_level_v1,SI-Drahi_13-d2-HET-UHI-BHI-b5b4fe09a4,TK-PB-Drahi_13-d2-HET-UHI-e201b86fbb-r5,SS-baeb7d556d60,9,0,single_solve,OPTIMAL,FEASIBLE_POINT,419705.8221215997,419705.8221215997,0,76416,76416,117268,150883,2388,0,2388,11940,2388,256,0,0,NaN,0,NaN,0.0,0.0,
5,12,MULTISTAGE_RH,NONE,shared_battery_mode_node_level_v1,SI-Drahi_13-d2-HET-UHI-BHI-b5b4fe09a4,TK-PB-Drahi_13-d2-HET-UHI-e201b86fbb-r5,SS-baeb7d556d60,9,0,single_solve,OPTIMAL,FEASIBLE_POINT,419705.8221215997,419705.8221215997,0,76416,76416,117268,150883,2388,0,2388,11940,2388,256,0,0,NaN,0,NaN,2.842170943040401e-14,0.0,
5,13,MULTISTAGE_RH,NONE,shared_battery_mode_node_level_v1,SI-Drahi_13-d2-HET-UHI-BHI-b5b4fe09a4,TK-PB-Drahi_13-d2-HET-UHI-e201b86fbb-r5,SS-784512b1c103,13,0,single_solve,OPTIMAL,FEASIBLE_POINT,458469.10516257887,458469.10516257887,0,76416,76416,117268,155328,2388,0,2388,11940,2388,256,0,0,NaN,0,NaN,0.0,0.0,
5,14,MULTISTAGE_RH,NONE,shared_battery_mode_node_level_v1,SI-Drahi_13-d2-HET-UHI-BHI-b5b4fe09a4,TK-PB-Drahi_13-d2-HET-UHI-e201b86fbb-r5,SS-784512b1c103,13,0,single_solve,OPTIMAL,FEASIBLE_POINT,458469.10516257887,458469.10516257887,0,76416,76416,117268,155328,2388,0,2388,11940,2388,256,0,0,NaN,0,NaN,0.0,0.0,
5,15,MULTISTAGE_RH,NONE,shared_battery_mode_node_level_v1,SI-Drahi_13-d2-HET-UHI-BHI-b5b4fe09a4,TK-PB-Drahi_13-d2-HET-UHI-e201b86fbb-r5,SS-784512b1c103,13,0,single_solve,OPTIMAL,FEASIBLE_POINT,458469.10516257887,458469.10516257887,0,76416,76416,117268,155328,2388,0,2388,11940,2388,256,0,0,NaN,0,NaN,2.842170943040401e-14,0.0,
5,16,MULTISTAGE_RH,NONE,shared_battery_mode_node_level_v1,SI-Drahi_13-d2-HET-UHI-BHI-b5b4fe09a4,TK-PB-Drahi_13-d2-HET-UHI-e201b86fbb-r5,SS-784512b1c103,13,0,single_solve,OPTIMAL,FEASIBLE_POINT,458469.10516257887,458469.10516257887,0,76416,76416,117268,155328,2388,0,2388,11940,2388,256,0,0,NaN,0,NaN,0.0,0.0,
5,17,MULTISTAGE_RH,NONE,shared_battery_mode_node_level_v1,SI-Drahi_13-d2-HET-UHI-BHI-b5b4fe09a4,TK-PB-Drahi_13-d2-HET-UHI-e201b86fbb-r5,SS-ced84ca7a4eb,17,0,single_solve,OPTIMAL,FEASIBLE_POINT,464412.3746162997,464412.3746162997,0,76416,76416,117268,156338,2388,0,2388,11940,2388,256,0,0,NaN,0,NaN,0.0,0.0,
5,18,MULTISTAGE_RH,NONE,shared_battery_mode_node_level_v1,SI-Drahi_13-d2-HET-UHI-BHI-b5b4fe09a4,TK-PB-Drahi_13-d2-HET-UHI-e201b86fbb-r5,SS-ced84ca7a4eb,17,0,single_solve,OPTIMAL,FEASIBLE_POINT,464412.3746162997,464412.3746162997,0,76416,76416,117268,156338,2388,0,2388,11940,2388,256,0,0,NaN,0,NaN,0.0,0.0,
5,19,MULTISTAGE_RH,NONE,shared_battery_mode_node_level_v1,SI-Drahi_13-d2-HET-UHI-BHI-b5b4fe09a4,TK-PB-Drahi_13-d2-HET-UHI-e201b86fbb-r5,SS-ced84ca7a4eb,17,0,single_solve,OPTIMAL,FEASIBLE_POINT,464412.3746162997,464412.3746162997,0,76416,76416,117268,156338,2388,0,2388,11940,2388,256,0,0,NaN,0,NaN,0.0,0.0,
5,20,MULTISTAGE_RH,NONE,shared_battery_mode_node_level_v1,SI-Drahi_13-d2-HET-UHI-BHI-b5b4fe09a4,TK-PB-Drahi_13-d2-HET-UHI-e201b86fbb-r5,SS-ced84ca7a4eb,17,0,single_solve,OPTIMAL,FEASIBLE_POINT,464412.3746162997,464412.3746162997,0,76416,76416,117268,156338,2388,0,2388,11940,2388,256,0,0,NaN,0,NaN,0.0,0.0,
5,21,MULTISTAGE_RH,NONE,shared_battery_mode_node_level_v1,SI-Drahi_13-d2-HET-UHI-BHI-b5b4fe09a4,TK-PB-Drahi_13-d2-HET-UHI-e201b86fbb-r5,SS-fec72d83146f,21,0,single_solve,OPTIMAL,FEASIBLE_POINT,515034.7234394382,515034.7234394382,0,76416,76416,117268,155203,2388,0,2388,11940,2388,256,0,0,NaN,0,NaN,0.0,0.0,
5,22,MULTISTAGE_RH,NONE,shared_battery_mode_node_level_v1,SI-Drahi_13-d2-HET-UHI-BHI-b5b4fe09a4,TK-PB-Drahi_13-d2-HET-UHI-e201b86fbb-r5,SS-fec72d83146f,21,0,single_solve,OPTIMAL,FEASIBLE_POINT,515034.7234394382,515034.7234394382,0,76416,76416,117268,155203,2388,0,2388,11940,2388,256,0,0,NaN,0,NaN,7.105427357601002e-15,0.0,
5,23,MULTISTAGE_RH,NONE,shared_battery_mode_node_level_v1,SI-Drahi_13-d2-HET-UHI-BHI-b5b4fe09a4,TK-PB-Drahi_13-d2-HET-UHI-e201b86fbb-r5,SS-fec72d83146f,21,0,single_solve,OPTIMAL,FEASIBLE_POINT,515034.7234394382,515034.7234394382,0,76416,76416,117268,155203,2388,0,2388,11940,2388,256,0,0,NaN,0,NaN,7.105427357601002e-15,0.0,
5,24,MULTISTAGE_RH,NONE,shared_battery_mode_node_level_v1,SI-Drahi_13-d2-HET-UHI-BHI-b5b4fe09a4,TK-PB-Drahi_13-d2-HET-UHI-e201b86fbb-r5,SS-fec72d83146f,21,0,single_solve,OPTIMAL,FEASIBLE_POINT,515034.7234394382,515034.7234394382,0,76416,76416,117268,155203,2388,0,2388,11940,2388,256,0,0,NaN,0,NaN,0.0,0.0,
5,1,MULTISTAGE_RH,PEA,shared_battery_mode_node_level_v1,SI-Drahi_13-d2-HET-UHI-BHI-b5b4fe09a4,TK-PB-Drahi_13-d2-HET-UHI-e201b86fbb-r5,SS-b6fde45dba3b,1,0,single_solve,OPTIMAL,FEASIBLE_POINT,558303.2636675437,558303.2636675437,0,76416,76416,117273,163073,2388,0,2388,11940,2388,256,0,0,NaN,0,NaN,0.0,2.8421709430404007e-13,
5,2,MULTISTAGE_RH,PEA,shared_battery_mode_node_level_v1,SI-Drahi_13-d2-HET-UHI-BHI-b5b4fe09a4,TK-PB-Drahi_13-d2-HET-UHI-e201b86fbb-r5,SS-b6fde45dba3b,1,0,single_solve,OPTIMAL,FEASIBLE_POINT,558303.2636675437,558303.2636675437,0,76416,76416,117273,163073,2388,0,2388,11940,2388,256,0,0,NaN,0,NaN,0.0,2.8421709430404007e-13,
5,3,MULTISTAGE_RH,PEA,shared_battery_mode_node_level_v1,SI-Drahi_13-d2-HET-UHI-BHI-b5b4fe09a4,TK-PB-Drahi_13-d2-HET-UHI-e201b86fbb-r5,SS-b6fde45dba3b,1,0,single_solve,OPTIMAL,FEASIBLE_POINT,558303.2636675437,558303.2636675437,0,76416,76416,117273,163073,2388,0,2388,11940,2388,256,0,0,NaN,0,NaN,0.0,2.8421709430404007e-13,
5,4,MULTISTAGE_RH,PEA,shared_battery_mode_node_level_v1,SI-Drahi_13-d2-HET-UHI-BHI-b5b4fe09a4,TK-PB-Drahi_13-d2-HET-UHI-e201b86fbb-r5,SS-b6fde45dba3b,1,0,single_solve,OPTIMAL,FEASIBLE_POINT,558303.2636675437,558303.2636675437,0,76416,76416,117273,163073,2388,0,2388,11940,2388,256,0,0,NaN,0,NaN,0.09750000000000003,2.8421709430404007e-13,
5,5,MULTISTAGE_RH,PEA,shared_battery_mode_node_level_v1,SI-Drahi_13-d2-HET-UHI-BHI-b5b4fe09a4,TK-PB-Drahi_13-d2-HET-UHI-e201b86fbb-r5,SS-59c6d7df9164,5,0,single_solve,OPTIMAL,FEASIBLE_POINT,639657.2032115841,639657.2032115841,0,76416,76416,117273,158968,2388,0,2388,11940,2388,256,0,0,NaN,0,NaN,0.0,5.684341886080802e-14,
5,6,MULTISTAGE_RH,PEA,shared_battery_mode_node_level_v1,SI-Drahi_13-d2-HET-UHI-BHI-b5b4fe09a4,TK-PB-Drahi_13-d2-HET-UHI-e201b86fbb-r5,SS-59c6d7df9164,5,0,single_solve,OPTIMAL,FEASIBLE_POINT,639657.2032115841,639657.2032115841,0,76416,76416,117273,158968,2388,0,2388,11940,2388,256,0,0,NaN,0,NaN,0.09750000000000014,5.684341886080802e-14,
5,7,MULTISTAGE_RH,PEA,shared_battery_mode_node_level_v1,SI-Drahi_13-d2-HET-UHI-BHI-b5b4fe09a4,TK-PB-Drahi_13-d2-HET-UHI-e201b86fbb-r5,SS-59c6d7df9164,5,0,single_solve,OPTIMAL,FEASIBLE_POINT,639657.2032115841,639657.2032115841,0,76416,76416,117273,158968,2388,0,2388,11940,2388,256,0,0,NaN,0,NaN,7.216449660063518e-16,5.684341886080802e-14,
5,8,MULTISTAGE_RH,PEA,shared_battery_mode_node_level_v1,SI-Drahi_13-d2-HET-UHI-BHI-b5b4fe09a4,TK-PB-Drahi_13-d2-HET-UHI-e201b86fbb-r5,SS-59c6d7df9164,5,0,single_solve,OPTIMAL,FEASIBLE_POINT,639657.2032115841,639657.2032115841,0,76416,76416,117273,158968,2388,0,2388,11940,2388,256,0,0,NaN,0,NaN,7.216449660063518e-16,5.684341886080802e-14,
5,9,MULTISTAGE_RH,PEA,shared_battery_mode_node_level_v1,SI-Drahi_13-d2-HET-UHI-BHI-b5b4fe09a4,TK-PB-Drahi_13-d2-HET-UHI-e201b86fbb-r5,SS-baeb7d556d60,9,0,single_solve,OPTIMAL,FEASIBLE_POINT,588569.6804015208,588569.6804015208,0,76416,76416,117273,162823,2388,0,2388,11940,2388,256,0,0,NaN,0,NaN,10.622864651773963,6.821210263296962e-13,
5,10,MULTISTAGE_RH,PEA,shared_battery_mode_node_level_v1,SI-Drahi_13-d2-HET-UHI-BHI-b5b4fe09a4,TK-PB-Drahi_13-d2-HET-UHI-e201b86fbb-r5,SS-baeb7d556d60,9,0,single_solve,OPTIMAL,FEASIBLE_POINT,588569.6804015208,588569.6804015208,0,76416,76416,117273,162823,2388,0,2388,11940,2388,256,0,0,NaN,0,NaN,15.999999999999986,6.821210263296962e-13,
5,11,MULTISTAGE_RH,PEA,shared_battery_mode_node_level_v1,SI-Drahi_13-d2-HET-UHI-BHI-b5b4fe09a4,TK-PB-Drahi_13-d2-HET-UHI-e201b86fbb-r5,SS-baeb7d556d60,9,0,single_solve,OPTIMAL,FEASIBLE_POINT,588569.6804015208,588569.6804015208,0,76416,76416,117273,162823,2388,0,2388,11940,2388,256,0,0,NaN,0,NaN,7.105427357601002e-15,6.821210263296962e-13,
5,12,MULTISTAGE_RH,PEA,shared_battery_mode_node_level_v1,SI-Drahi_13-d2-HET-UHI-BHI-b5b4fe09a4,TK-PB-Drahi_13-d2-HET-UHI-e201b86fbb-r5,SS-baeb7d556d60,9,0,single_solve,OPTIMAL,FEASIBLE_POINT,588569.6804015208,588569.6804015208,0,76416,76416,117273,162823,2388,0,2388,11940,2388,256,0,0,NaN,0,NaN,1.1368683772161603e-13,6.821210263296962e-13,
5,13,MULTISTAGE_RH,PEA,shared_battery_mode_node_level_v1,SI-Drahi_13-d2-HET-UHI-BHI-b5b4fe09a4,TK-PB-Drahi_13-d2-HET-UHI-e201b86fbb-r5,SS-784512b1c103,13,0,single_solve,OPTIMAL,FEASIBLE_POINT,556279.0942577625,556279.0942577625,0,76416,76416,117273,167268,2388,0,2388,11940,2388,256,0,0,NaN,0,NaN,0.0,1.5916157281026244e-12,
5,14,MULTISTAGE_RH,PEA,shared_battery_mode_node_level_v1,SI-Drahi_13-d2-HET-UHI-BHI-b5b4fe09a4,TK-PB-Drahi_13-d2-HET-UHI-e201b86fbb-r5,SS-784512b1c103,13,0,single_solve,OPTIMAL,FEASIBLE_POINT,556279.0942577625,556279.0942577625,0,76416,76416,117273,167268,2388,0,2388,11940,2388,256,0,0,NaN,0,NaN,16.0,1.5916157281026244e-12,
5,15,MULTISTAGE_RH,PEA,shared_battery_mode_node_level_v1,SI-Drahi_13-d2-HET-UHI-BHI-b5b4fe09a4,TK-PB-Drahi_13-d2-HET-UHI-e201b86fbb-r5,SS-784512b1c103,13,0,single_solve,OPTIMAL,FEASIBLE_POINT,556279.0942577625,556279.0942577625,0,76416,76416,117273,167268,2388,0,2388,11940,2388,256,0,0,NaN,0,NaN,16.000000000000007,1.5916157281026244e-12,
5,16,MULTISTAGE_RH,PEA,shared_battery_mode_node_level_v1,SI-Drahi_13-d2-HET-UHI-BHI-b5b4fe09a4,TK-PB-Drahi_13-d2-HET-UHI-e201b86fbb-r5,SS-784512b1c103,13,0,single_solve,OPTIMAL,FEASIBLE_POINT,556279.0942577625,556279.0942577625,0,76416,76416,117273,167268,2388,0,2388,11940,2388,256,0,0,NaN,0,NaN,5.684341886080802e-14,1.5916157281026244e-12,
5,17,MULTISTAGE_RH,PEA,shared_battery_mode_node_level_v1,SI-Drahi_13-d2-HET-UHI-BHI-b5b4fe09a4,TK-PB-Drahi_13-d2-HET-UHI-e201b86fbb-r5,SS-ced84ca7a4eb,17,0,single_solve,OPTIMAL,FEASIBLE_POINT,512513.6910594343,512513.6910594343,0,76416,76416,117273,168278,2388,0,2388,11940,2388,256,0,0,NaN,0,NaN,5.684341886080802e-14,1.4779288903810084e-12,
5,18,MULTISTAGE_RH,PEA,shared_battery_mode_node_level_v1,SI-Drahi_13-d2-HET-UHI-BHI-b5b4fe09a4,TK-PB-Drahi_13-d2-HET-UHI-e201b86fbb-r5,SS-ced84ca7a4eb,17,0,single_solve,OPTIMAL,FEASIBLE_POINT,512513.6910594343,512513.6910594343,0,76416,76416,117273,168278,2388,0,2388,11940,2388,256,0,0,NaN,0,NaN,5.684341886080802e-14,1.4779288903810084e-12,
5,19,MULTISTAGE_RH,PEA,shared_battery_mode_node_level_v1,SI-Drahi_13-d2-HET-UHI-BHI-b5b4fe09a4,TK-PB-Drahi_13-d2-HET-UHI-e201b86fbb-r5,SS-ced84ca7a4eb,17,0,single_solve,OPTIMAL,FEASIBLE_POINT,512513.6910594343,512513.6910594343,0,76416,76416,117273,168278,2388,0,2388,11940,2388,256,0,0,NaN,0,NaN,5.684341886080802e-14,1.4779288903810084e-12,
5,20,MULTISTAGE_RH,PEA,shared_battery_mode_node_level_v1,SI-Drahi_13-d2-HET-UHI-BHI-b5b4fe09a4,TK-PB-Drahi_13-d2-HET-UHI-e201b86fbb-r5,SS-ced84ca7a4eb,17,0,single_solve,OPTIMAL,FEASIBLE_POINT,512513.6910594343,512513.6910594343,0,76416,76416,117273,168278,2388,0,2388,11940,2388,256,0,0,NaN,0,NaN,5.684341886080802e-14,1.4779288903810084e-12,
5,21,MULTISTAGE_RH,PEA,shared_battery_mode_node_level_v1,SI-Drahi_13-d2-HET-UHI-BHI-b5b4fe09a4,TK-PB-Drahi_13-d2-HET-UHI-e201b86fbb-r5,SS-fec72d83146f,21,0,single_solve,OPTIMAL,FEASIBLE_POINT,551791.3812137963,551791.3812137963,0,76416,76416,117273,167143,2388,0,2388,11940,2388,256,0,0,NaN,0,NaN,0.0,1.4779288903810084e-12,
5,22,MULTISTAGE_RH,PEA,shared_battery_mode_node_level_v1,SI-Drahi_13-d2-HET-UHI-BHI-b5b4fe09a4,TK-PB-Drahi_13-d2-HET-UHI-e201b86fbb-r5,SS-fec72d83146f,21,0,single_solve,OPTIMAL,FEASIBLE_POINT,551791.3812137963,551791.3812137963,0,76416,76416,117273,167143,2388,0,2388,11940,2388,256,0,0,NaN,0,NaN,0.0,1.4779288903810084e-12,
5,23,MULTISTAGE_RH,PEA,shared_battery_mode_node_level_v1,SI-Drahi_13-d2-HET-UHI-BHI-b5b4fe09a4,TK-PB-Drahi_13-d2-HET-UHI-e201b86fbb-r5,SS-fec72d83146f,21,0,single_solve,OPTIMAL,FEASIBLE_POINT,551791.3812137963,551791.3812137963,0,76416,76416,117273,167143,2388,0,2388,11940,2388,256,0,0,NaN,0,NaN,0.0,1.4779288903810084e-12,
5,24,MULTISTAGE_RH,PEA,shared_battery_mode_node_level_v1,SI-Drahi_13-d2-HET-UHI-BHI-b5b4fe09a4,TK-PB-Drahi_13-d2-HET-UHI-e201b86fbb-r5,SS-fec72d83146f,21,0,single_solve,OPTIMAL,FEASIBLE_POINT,551791.3812137963,551791.3812137963,0,76416,76416,117273,167143,2388,0,2388,11940,2388,256,0,0,NaN,0,NaN,0.0,1.4779288903810084e-12,
5,1,MULTISTAGE_RH,SA,shared_battery_mode_node_level_v1,SI-Drahi_13-d2-HET-UHI-BHI-b5b4fe09a4,TK-PB-Drahi_13-d2-HET-UHI-e201b86fbb-r5,SS-b6fde45dba3b,1,0,single_solve,OPTIMAL,FEASIBLE_POINT,669905.252960731,669905.252960731,0,76416,76416,117273,330233,2388,0,2388,11940,2388,256,0,0,NaN,0,NaN,0.0,2.4010660126805305e-10,
5,2,MULTISTAGE_RH,SA,shared_battery_mode_node_level_v1,SI-Drahi_13-d2-HET-UHI-BHI-b5b4fe09a4,TK-PB-Drahi_13-d2-HET-UHI-e201b86fbb-r5,SS-b6fde45dba3b,1,0,single_solve,OPTIMAL,FEASIBLE_POINT,669905.252960731,669905.252960731,0,76416,76416,117273,330233,2388,0,2388,11940,2388,256,0,0,NaN,0,NaN,3.2798948751642563,2.4010660126805305e-10,
5,3,MULTISTAGE_RH,SA,shared_battery_mode_node_level_v1,SI-Drahi_13-d2-HET-UHI-BHI-b5b4fe09a4,TK-PB-Drahi_13-d2-HET-UHI-e201b86fbb-r5,SS-b6fde45dba3b,1,0,single_solve,OPTIMAL,FEASIBLE_POINT,669905.252960731,669905.252960731,0,76416,76416,117273,330233,2388,0,2388,11940,2388,256,0,0,NaN,0,NaN,7.105427357601002e-15,2.4010660126805305e-10,
5,4,MULTISTAGE_RH,SA,shared_battery_mode_node_level_v1,SI-Drahi_13-d2-HET-UHI-BHI-b5b4fe09a4,TK-PB-Drahi_13-d2-HET-UHI-e201b86fbb-r5,SS-b6fde45dba3b,1,0,single_solve,OPTIMAL,FEASIBLE_POINT,669905.252960731,669905.252960731,0,76416,76416,117273,330233,2388,0,2388,11940,2388,256,0,0,NaN,0,NaN,4.274358644806853e-15,2.4010660126805305e-10,
5,5,MULTISTAGE_RH,SA,shared_battery_mode_node_level_v1,SI-Drahi_13-d2-HET-UHI-BHI-b5b4fe09a4,TK-PB-Drahi_13-d2-HET-UHI-e201b86fbb-r5,SS-59c6d7df9164,5,0,single_solve,OPTIMAL,FEASIBLE_POINT,641635.4276309449,641635.4276309449,0,76416,76416,117273,326128,2388,0,2388,11940,2388,256,0,0,NaN,0,NaN,0.0,2.9831426218152046e-10,
5,6,MULTISTAGE_RH,SA,shared_battery_mode_node_level_v1,SI-Drahi_13-d2-HET-UHI-BHI-b5b4fe09a4,TK-PB-Drahi_13-d2-HET-UHI-e201b86fbb-r5,SS-59c6d7df9164,5,0,single_solve,OPTIMAL,FEASIBLE_POINT,641635.4276309449,641635.4276309449,0,76416,76416,117273,326128,2388,0,2388,11940,2388,256,0,0,NaN,0,NaN,1.63994743758213,2.9831426218152046e-10,
5,7,MULTISTAGE_RH,SA,shared_battery_mode_node_level_v1,SI-Drahi_13-d2-HET-UHI-BHI-b5b4fe09a4,TK-PB-Drahi_13-d2-HET-UHI-e201b86fbb-r5,SS-59c6d7df9164,5,0,single_solve,OPTIMAL,FEASIBLE_POINT,641635.4276309449,641635.4276309449,0,76416,76416,117273,326128,2388,0,2388,11940,2388,256,0,0,NaN,0,NaN,1.7763568394002505e-15,2.9831426218152046e-10,
5,8,MULTISTAGE_RH,SA,shared_battery_mode_node_level_v1,SI-Drahi_13-d2-HET-UHI-BHI-b5b4fe09a4,TK-PB-Drahi_13-d2-HET-UHI-e201b86fbb-r5,SS-59c6d7df9164,5,0,single_solve,OPTIMAL,FEASIBLE_POINT,641635.4276309449,641635.4276309449,0,76416,76416,117273,326128,2388,0,2388,11940,2388,256,0,0,NaN,0,NaN,1.63994743758213,2.9831426218152046e-10,
5,9,MULTISTAGE_RH,SA,shared_battery_mode_node_level_v1,SI-Drahi_13-d2-HET-UHI-BHI-b5b4fe09a4,TK-PB-Drahi_13-d2-HET-UHI-e201b86fbb-r5,SS-baeb7d556d60,9,0,single_solve,OPTIMAL,FEASIBLE_POINT,666204.7510227665,666204.7510227665,0,76416,76416,117273,329983,2388,0,2388,11940,2388,256,0,0,NaN,0,NaN,4.274358644806853e-15,6.621121428906918e-10,
5,10,MULTISTAGE_RH,SA,shared_battery_mode_node_level_v1,SI-Drahi_13-d2-HET-UHI-BHI-b5b4fe09a4,TK-PB-Drahi_13-d2-HET-UHI-e201b86fbb-r5,SS-baeb7d556d60,9,0,single_solve,OPTIMAL,FEASIBLE_POINT,666204.7510227665,666204.7510227665,0,76416,76416,117273,329983,2388,0,2388,11940,2388,256,0,0,NaN,0,NaN,4.274358644806853e-15,6.621121428906918e-10,
5,11,MULTISTAGE_RH,SA,shared_battery_mode_node_level_v1,SI-Drahi_13-d2-HET-UHI-BHI-b5b4fe09a4,TK-PB-Drahi_13-d2-HET-UHI-e201b86fbb-r5,SS-baeb7d556d60,9,0,single_solve,OPTIMAL,FEASIBLE_POINT,666204.7510227665,666204.7510227665,0,76416,76416,117273,329983,2388,0,2388,11940,2388,256,0,0,NaN,0,NaN,0.0,6.621121428906918e-10,
5,12,MULTISTAGE_RH,SA,shared_battery_mode_node_level_v1,SI-Drahi_13-d2-HET-UHI-BHI-b5b4fe09a4,TK-PB-Drahi_13-d2-HET-UHI-e201b86fbb-r5,SS-baeb7d556d60,9,0,single_solve,OPTIMAL,FEASIBLE_POINT,666204.7510227665,666204.7510227665,0,76416,76416,117273,329983,2388,0,2388,11940,2388,256,0,0,NaN,0,NaN,2.842170943040401e-14,6.621121428906918e-10,
5,13,MULTISTAGE_RH,SA,shared_battery_mode_node_level_v1,SI-Drahi_13-d2-HET-UHI-BHI-b5b4fe09a4,TK-PB-Drahi_13-d2-HET-UHI-e201b86fbb-r5,SS-784512b1c103,13,0,single_solve,OPTIMAL,FEASIBLE_POINT,656065.8927414471,656065.8927414471,0,76416,76416,117273,334428,2388,0,2388,11940,2388,256,0,0,NaN,0,NaN,1.836042429204099e-11,2.0372681319713593e-10,
5,14,MULTISTAGE_RH,SA,shared_battery_mode_node_level_v1,SI-Drahi_13-d2-HET-UHI-BHI-b5b4fe09a4,TK-PB-Drahi_13-d2-HET-UHI-e201b86fbb-r5,SS-784512b1c103,13,0,single_solve,OPTIMAL,FEASIBLE_POINT,656065.8927414471,656065.8927414471,0,76416,76416,117273,334428,2388,0,2388,11940,2388,256,0,0,NaN,0,NaN,0.0,2.0372681319713593e-10,
5,15,MULTISTAGE_RH,SA,shared_battery_mode_node_level_v1,SI-Drahi_13-d2-HET-UHI-BHI-b5b4fe09a4,TK-PB-Drahi_13-d2-HET-UHI-e201b86fbb-r5,SS-784512b1c103,13,0,single_solve,OPTIMAL,FEASIBLE_POINT,656065.8927414471,656065.8927414471,0,76416,76416,117273,334428,2388,0,2388,11940,2388,256,0,0,NaN,0,NaN,0.0,2.0372681319713593e-10,
5,16,MULTISTAGE_RH,SA,shared_battery_mode_node_level_v1,SI-Drahi_13-d2-HET-UHI-BHI-b5b4fe09a4,TK-PB-Drahi_13-d2-HET-UHI-e201b86fbb-r5,SS-784512b1c103,13,0,single_solve,OPTIMAL,FEASIBLE_POINT,656065.8927414471,656065.8927414471,0,76416,76416,117273,334428,2388,0,2388,11940,2388,256,0,0,NaN,0,NaN,1.4210854715202004e-14,2.0372681319713593e-10,
5,17,MULTISTAGE_RH,SA,shared_battery_mode_node_level_v1,SI-Drahi_13-d2-HET-UHI-BHI-b5b4fe09a4,TK-PB-Drahi_13-d2-HET-UHI-e201b86fbb-r5,SS-ced84ca7a4eb,17,0,single_solve,OPTIMAL,FEASIBLE_POINT,648138.4107122077,648138.4107122077,0,76416,76416,117273,335438,2388,0,2388,11940,2388,256,0,0,NaN,0,NaN,13.082785808147166,1.025910023599863e-9,
5,18,MULTISTAGE_RH,SA,shared_battery_mode_node_level_v1,SI-Drahi_13-d2-HET-UHI-BHI-b5b4fe09a4,TK-PB-Drahi_13-d2-HET-UHI-e201b86fbb-r5,SS-ced84ca7a4eb,17,0,single_solve,OPTIMAL,FEASIBLE_POINT,648138.4107122077,648138.4107122077,0,76416,76416,117273,335438,2388,0,2388,11940,2388,256,0,0,NaN,0,NaN,2.842170943040401e-14,1.025910023599863e-9,
5,19,MULTISTAGE_RH,SA,shared_battery_mode_node_level_v1,SI-Drahi_13-d2-HET-UHI-BHI-b5b4fe09a4,TK-PB-Drahi_13-d2-HET-UHI-e201b86fbb-r5,SS-ced84ca7a4eb,17,0,single_solve,OPTIMAL,FEASIBLE_POINT,648138.4107122077,648138.4107122077,0,76416,76416,117273,335438,2388,0,2388,11940,2388,256,0,0,NaN,0,NaN,10.260183968462563,1.025910023599863e-9,
5,20,MULTISTAGE_RH,SA,shared_battery_mode_node_level_v1,SI-Drahi_13-d2-HET-UHI-BHI-b5b4fe09a4,TK-PB-Drahi_13-d2-HET-UHI-e201b86fbb-r5,SS-ced84ca7a4eb,17,0,single_solve,OPTIMAL,FEASIBLE_POINT,648138.4107122077,648138.4107122077,0,76416,76416,117273,335438,2388,0,2388,11940,2388,256,0,0,NaN,0,NaN,0.0,1.025910023599863e-9,
5,21,MULTISTAGE_RH,SA,shared_battery_mode_node_level_v1,SI-Drahi_13-d2-HET-UHI-BHI-b5b4fe09a4,TK-PB-Drahi_13-d2-HET-UHI-e201b86fbb-r5,SS-fec72d83146f,21,0,single_solve,OPTIMAL,FEASIBLE_POINT,669579.9581116436,669579.9581116436,0,76416,76416,117273,334303,2388,0,2388,11940,2388,256,0,0,NaN,0,NaN,0.0,3.346940502524376e-10,
5,22,MULTISTAGE_RH,SA,shared_battery_mode_node_level_v1,SI-Drahi_13-d2-HET-UHI-BHI-b5b4fe09a4,TK-PB-Drahi_13-d2-HET-UHI-e201b86fbb-r5,SS-fec72d83146f,21,0,single_solve,OPTIMAL,FEASIBLE_POINT,669579.9581116436,669579.9581116436,0,76416,76416,117273,334303,2388,0,2388,11940,2388,256,0,0,NaN,0,NaN,0.0,3.346940502524376e-10,
5,23,MULTISTAGE_RH,SA,shared_battery_mode_node_level_v1,SI-Drahi_13-d2-HET-UHI-BHI-b5b4fe09a4,TK-PB-Drahi_13-d2-HET-UHI-e201b86fbb-r5,SS-fec72d83146f,21,0,single_solve,OPTIMAL,FEASIBLE_POINT,669579.9581116436,669579.9581116436,0,76416,76416,117273,334303,2388,0,2388,11940,2388,256,0,0,NaN,0,NaN,2.1316282072803006e-14,3.346940502524376e-10,
5,24,MULTISTAGE_RH,SA,shared_battery_mode_node_level_v1,SI-Drahi_13-d2-HET-UHI-BHI-b5b4fe09a4,TK-PB-Drahi_13-d2-HET-UHI-e201b86fbb-r5,SS-fec72d83146f,21,0,single_solve,OPTIMAL,FEASIBLE_POINT,669579.9581116436,669579.9581116436,0,76416,76416,117273,334303,2388,0,2388,11940,2388,256,0,0,NaN,0,NaN,0.0,3.346940502524376e-10,
5,1,MULTISTAGE_RH,STATIC_DEMAND_SHARE,shared_battery_mode_node_level_v1,SI-Drahi_13-d2-HET-UHI-BHI-b5b4fe09a4,TK-PB-Drahi_13-d2-HET-UHI-e201b86fbb-r5,SS-b6fde45dba3b,1,0,single_solve,OPTIMAL,FEASIBLE_POINT,456747.3999355209,456747.3999355209,0,76416,76416,129208,163073,2388,0,2388,11940,2388,256,0,0,NaN,0,NaN,0.0,0.0,
5,2,MULTISTAGE_RH,STATIC_DEMAND_SHARE,shared_battery_mode_node_level_v1,SI-Drahi_13-d2-HET-UHI-BHI-b5b4fe09a4,TK-PB-Drahi_13-d2-HET-UHI-e201b86fbb-r5,SS-b6fde45dba3b,1,0,single_solve,OPTIMAL,FEASIBLE_POINT,456747.3999355209,456747.3999355209,0,76416,76416,129208,163073,2388,0,2388,11940,2388,256,0,0,NaN,0,NaN,0.0,0.0,
5,3,MULTISTAGE_RH,STATIC_DEMAND_SHARE,shared_battery_mode_node_level_v1,SI-Drahi_13-d2-HET-UHI-BHI-b5b4fe09a4,TK-PB-Drahi_13-d2-HET-UHI-e201b86fbb-r5,SS-b6fde45dba3b,1,0,single_solve,OPTIMAL,FEASIBLE_POINT,456747.3999355209,456747.3999355209,0,76416,76416,129208,163073,2388,0,2388,11940,2388,256,0,0,NaN,0,NaN,0.0,0.0,
5,4,MULTISTAGE_RH,STATIC_DEMAND_SHARE,shared_battery_mode_node_level_v1,SI-Drahi_13-d2-HET-UHI-BHI-b5b4fe09a4,TK-PB-Drahi_13-d2-HET-UHI-e201b86fbb-r5,SS-b6fde45dba3b,1,0,single_solve,OPTIMAL,FEASIBLE_POINT,456747.3999355209,456747.3999355209,0,76416,76416,129208,163073,2388,0,2388,11940,2388,256,0,0,NaN,0,NaN,0.09750000000000003,0.0,
5,5,MULTISTAGE_RH,STATIC_DEMAND_SHARE,shared_battery_mode_node_level_v1,SI-Drahi_13-d2-HET-UHI-BHI-b5b4fe09a4,TK-PB-Drahi_13-d2-HET-UHI-e201b86fbb-r5,SS-59c6d7df9164,5,0,single_solve,OPTIMAL,FEASIBLE_POINT,599547.9621103497,599547.9621103497,0,76416,76416,129208,158968,2388,0,2388,11940,2388,256,0,0,NaN,0,NaN,4.440892098500626e-16,0.0,
5,6,MULTISTAGE_RH,STATIC_DEMAND_SHARE,shared_battery_mode_node_level_v1,SI-Drahi_13-d2-HET-UHI-BHI-b5b4fe09a4,TK-PB-Drahi_13-d2-HET-UHI-e201b86fbb-r5,SS-59c6d7df9164,5,0,single_solve,OPTIMAL,FEASIBLE_POINT,599547.9621103497,599547.9621103497,0,76416,76416,129208,158968,2388,0,2388,11940,2388,256,0,0,NaN,0,NaN,0.0,0.0,
5,7,MULTISTAGE_RH,STATIC_DEMAND_SHARE,shared_battery_mode_node_level_v1,SI-Drahi_13-d2-HET-UHI-BHI-b5b4fe09a4,TK-PB-Drahi_13-d2-HET-UHI-e201b86fbb-r5,SS-59c6d7df9164,5,0,single_solve,OPTIMAL,FEASIBLE_POINT,599547.9621103497,599547.9621103497,0,76416,76416,129208,158968,2388,0,2388,11940,2388,256,0,0,NaN,0,NaN,3.552713678800501e-15,0.0,
5,8,MULTISTAGE_RH,STATIC_DEMAND_SHARE,shared_battery_mode_node_level_v1,SI-Drahi_13-d2-HET-UHI-BHI-b5b4fe09a4,TK-PB-Drahi_13-d2-HET-UHI-e201b86fbb-r5,SS-59c6d7df9164,5,0,single_solve,OPTIMAL,FEASIBLE_POINT,599547.9621103497,599547.9621103497,0,76416,76416,129208,158968,2388,0,2388,11940,2388,256,0,0,NaN,0,NaN,1.4210854715202004e-14,0.0,
5,9,MULTISTAGE_RH,STATIC_DEMAND_SHARE,shared_battery_mode_node_level_v1,SI-Drahi_13-d2-HET-UHI-BHI-b5b4fe09a4,TK-PB-Drahi_13-d2-HET-UHI-e201b86fbb-r5,SS-baeb7d556d60,9,0,single_solve,OPTIMAL,FEASIBLE_POINT,421008.52613874746,421008.52613874746,0,76416,76416,129208,162823,2388,0,2388,11940,2388,256,0,0,NaN,0,NaN,1.4210854715202004e-14,0.0,
5,10,MULTISTAGE_RH,STATIC_DEMAND_SHARE,shared_battery_mode_node_level_v1,SI-Drahi_13-d2-HET-UHI-BHI-b5b4fe09a4,TK-PB-Drahi_13-d2-HET-UHI-e201b86fbb-r5,SS-baeb7d556d60,9,0,single_solve,OPTIMAL,FEASIBLE_POINT,421008.52613874746,421008.52613874746,0,76416,76416,129208,162823,2388,0,2388,11940,2388,256,0,0,NaN,0,NaN,14.971590102563269,0.0,
5,11,MULTISTAGE_RH,STATIC_DEMAND_SHARE,shared_battery_mode_node_level_v1,SI-Drahi_13-d2-HET-UHI-BHI-b5b4fe09a4,TK-PB-Drahi_13-d2-HET-UHI-e201b86fbb-r5,SS-baeb7d556d60,9,0,single_solve,OPTIMAL,FEASIBLE_POINT,421008.52613874746,421008.52613874746,0,76416,76416,129208,162823,2388,0,2388,11940,2388,256,0,0,NaN,0,NaN,0.0,0.0,
5,12,MULTISTAGE_RH,STATIC_DEMAND_SHARE,shared_battery_mode_node_level_v1,SI-Drahi_13-d2-HET-UHI-BHI-b5b4fe09a4,TK-PB-Drahi_13-d2-HET-UHI-e201b86fbb-r5,SS-baeb7d556d60,9,0,single_solve,OPTIMAL,FEASIBLE_POINT,421008.52613874746,421008.52613874746,0,76416,76416,129208,162823,2388,0,2388,11940,2388,256,0,0,NaN,0,NaN,0.0,0.0,
5,13,MULTISTAGE_RH,STATIC_DEMAND_SHARE,shared_battery_mode_node_level_v1,SI-Drahi_13-d2-HET-UHI-BHI-b5b4fe09a4,TK-PB-Drahi_13-d2-HET-UHI-e201b86fbb-r5,SS-784512b1c103,13,0,single_solve,OPTIMAL,FEASIBLE_POINT,459474.2374330481,459474.2374330481,0,76416,76416,129208,167268,2388,0,2388,11940,2388,256,0,0,NaN,0,NaN,1.4210854715202004e-14,0.0,
5,14,MULTISTAGE_RH,STATIC_DEMAND_SHARE,shared_battery_mode_node_level_v1,SI-Drahi_13-d2-HET-UHI-BHI-b5b4fe09a4,TK-PB-Drahi_13-d2-HET-UHI-e201b86fbb-r5,SS-784512b1c103,13,0,single_solve,OPTIMAL,FEASIBLE_POINT,459474.2374330481,459474.2374330481,0,76416,76416,129208,167268,2388,0,2388,11940,2388,256,0,0,NaN,0,NaN,12.932530955514636,0.0,
5,15,MULTISTAGE_RH,STATIC_DEMAND_SHARE,shared_battery_mode_node_level_v1,SI-Drahi_13-d2-HET-UHI-BHI-b5b4fe09a4,TK-PB-Drahi_13-d2-HET-UHI-e201b86fbb-r5,SS-784512b1c103,13,0,single_solve,OPTIMAL,FEASIBLE_POINT,459474.2374330481,459474.2374330481,0,76416,76416,129208,167268,2388,0,2388,11940,2388,256,0,0,NaN,0,NaN,3.316884403087272,0.0,
5,16,MULTISTAGE_RH,STATIC_DEMAND_SHARE,shared_battery_mode_node_level_v1,SI-Drahi_13-d2-HET-UHI-BHI-b5b4fe09a4,TK-PB-Drahi_13-d2-HET-UHI-e201b86fbb-r5,SS-784512b1c103,13,0,single_solve,OPTIMAL,FEASIBLE_POINT,459474.2374330481,459474.2374330481,0,76416,76416,129208,167268,2388,0,2388,11940,2388,256,0,0,NaN,0,NaN,1.4210854715202004e-14,0.0,
5,17,MULTISTAGE_RH,STATIC_DEMAND_SHARE,shared_battery_mode_node_level_v1,SI-Drahi_13-d2-HET-UHI-BHI-b5b4fe09a4,TK-PB-Drahi_13-d2-HET-UHI-e201b86fbb-r5,SS-ced84ca7a4eb,17,0,single_solve,OPTIMAL,FEASIBLE_POINT,466632.6393979577,466632.6393979577,0,76416,76416,129208,168278,2388,0,2388,11940,2388,256,0,0,NaN,0,NaN,1.4210854715202004e-14,0.0,
5,18,MULTISTAGE_RH,STATIC_DEMAND_SHARE,shared_battery_mode_node_level_v1,SI-Drahi_13-d2-HET-UHI-BHI-b5b4fe09a4,TK-PB-Drahi_13-d2-HET-UHI-e201b86fbb-r5,SS-ced84ca7a4eb,17,0,single_solve,OPTIMAL,FEASIBLE_POINT,466632.6393979577,466632.6393979577,0,76416,76416,129208,168278,2388,0,2388,11940,2388,256,0,0,NaN,0,NaN,0.0,0.0,
5,19,MULTISTAGE_RH,STATIC_DEMAND_SHARE,shared_battery_mode_node_level_v1,SI-Drahi_13-d2-HET-UHI-BHI-b5b4fe09a4,TK-PB-Drahi_13-d2-HET-UHI-e201b86fbb-r5,SS-ced84ca7a4eb,17,0,single_solve,OPTIMAL,FEASIBLE_POINT,466632.6393979577,466632.6393979577,0,76416,76416,129208,168278,2388,0,2388,11940,2388,256,0,0,NaN,0,NaN,0.0,0.0,
5,20,MULTISTAGE_RH,STATIC_DEMAND_SHARE,shared_battery_mode_node_level_v1,SI-Drahi_13-d2-HET-UHI-BHI-b5b4fe09a4,TK-PB-Drahi_13-d2-HET-UHI-e201b86fbb-r5,SS-ced84ca7a4eb,17,0,single_solve,OPTIMAL,FEASIBLE_POINT,466632.6393979577,466632.6393979577,0,76416,76416,129208,168278,2388,0,2388,11940,2388,256,0,0,NaN,0,NaN,0.0,0.0,
5,21,MULTISTAGE_RH,STATIC_DEMAND_SHARE,shared_battery_mode_node_level_v1,SI-Drahi_13-d2-HET-UHI-BHI-b5b4fe09a4,TK-PB-Drahi_13-d2-HET-UHI-e201b86fbb-r5,SS-fec72d83146f,21,0,single_solve,OPTIMAL,FEASIBLE_POINT,515940.0963335364,515940.0963335364,0,76416,76416,129208,167143,2388,0,2388,11940,2388,256,0,0,NaN,0,NaN,0.0,0.0,
5,22,MULTISTAGE_RH,STATIC_DEMAND_SHARE,shared_battery_mode_node_level_v1,SI-Drahi_13-d2-HET-UHI-BHI-b5b4fe09a4,TK-PB-Drahi_13-d2-HET-UHI-e201b86fbb-r5,SS-fec72d83146f,21,0,single_solve,OPTIMAL,FEASIBLE_POINT,515940.0963335364,515940.0963335364,0,76416,76416,129208,167143,2388,0,2388,11940,2388,256,0,0,NaN,0,NaN,7.105427357601002e-15,0.0,
5,23,MULTISTAGE_RH,STATIC_DEMAND_SHARE,shared_battery_mode_node_level_v1,SI-Drahi_13-d2-HET-UHI-BHI-b5b4fe09a4,TK-PB-Drahi_13-d2-HET-UHI-e201b86fbb-r5,SS-fec72d83146f,21,0,single_solve,OPTIMAL,FEASIBLE_POINT,515940.0963335364,515940.0963335364,0,76416,76416,129208,167143,2388,0,2388,11940,2388,256,0,0,NaN,0,NaN,7.105427357601002e-15,0.0,
5,24,MULTISTAGE_RH,STATIC_DEMAND_SHARE,shared_battery_mode_node_level_v1,SI-Drahi_13-d2-HET-UHI-BHI-b5b4fe09a4,TK-PB-Drahi_13-d2-HET-UHI-e201b86fbb-r5,SS-fec72d83146f,21,0,single_solve,OPTIMAL,FEASIBLE_POINT,515940.0963335364,515940.0963335364,0,76416,76416,129208,167143,2388,0,2388,11940,2388,256,0,0,NaN,0,NaN,0.0,0.0,
5,1,TWO_STAGE_RH,LEXMMFPEA,shared_battery_mode_node_level_v1,SI-Drahi_13-d2-HET-UHI-BHI-b5b4fe09a4,TK-PB-Drahi_13-d2-HET-UHI-e201b86fbb-r5,SS-b6fde45dba3b,1,1,lex_phase_1,OPTIMAL,FEASIBLE_POINT,487.196840309293,487.196840309293,0,163998,163998,251382,459739,5124,0,5124,25620,5124,256,0,0,NaN,0,NaN,0.0,0.9999999999947704,
5,1,TWO_STAGE_RH,LEXMMFPEA,shared_battery_mode_node_level_v1,SI-Drahi_13-d2-HET-UHI-BHI-b5b4fe09a4,TK-PB-Drahi_13-d2-HET-UHI-e201b86fbb-r5,SS-b6fde45dba3b,1,2,lex_phase_2,OPTIMAL,FEASIBLE_POINT,974.3936806185877,974.3936806185877,0,163998,163998,251383,459745,5124,0,5124,25620,5124,256,0,0,NaN,0,NaN,0.0,0.9999999999947704,
5,1,TWO_STAGE_RH,LEXMMFPEA,shared_battery_mode_node_level_v1,SI-Drahi_13-d2-HET-UHI-BHI-b5b4fe09a4,TK-PB-Drahi_13-d2-HET-UHI-e201b86fbb-r5,SS-b6fde45dba3b,1,3,lex_phase_3,OPTIMAL,FEASIBLE_POINT,1461.5905209278817,1461.5905209278817,0,163998,163998,251384,459751,5124,0,5124,25620,5124,256,0,0,NaN,0,NaN,0.0,0.9999999999947704,
5,1,TWO_STAGE_RH,LEXMMFPEA,shared_battery_mode_node_level_v1,SI-Drahi_13-d2-HET-UHI-BHI-b5b4fe09a4,TK-PB-Drahi_13-d2-HET-UHI-e201b86fbb-r5,SS-b6fde45dba3b,1,4,lex_phase_4,OPTIMAL,FEASIBLE_POINT,1948.7873612371754,1948.7873612371754,0,163998,163998,251385,459757,5124,0,5124,25620,5124,256,0,0,NaN,0,NaN,0.0,0.9999999999947704,
5,1,TWO_STAGE_RH,LEXMMFPEA,shared_battery_mode_node_level_v1,SI-Drahi_13-d2-HET-UHI-BHI-b5b4fe09a4,TK-PB-Drahi_13-d2-HET-UHI-e201b86fbb-r5,SS-b6fde45dba3b,1,5,lex_phase_5,OPTIMAL,FEASIBLE_POINT,2435.9842015464646,2435.9842015464646,0,163998,163998,251386,459763,5124,0,5124,25620,5124,256,0,0,NaN,0,NaN,0.0,0.9999999999947704,
5,1,TWO_STAGE_RH,LEXMMFPEA,shared_battery_mode_node_level_v1,SI-Drahi_13-d2-HET-UHI-BHI-b5b4fe09a4,TK-PB-Drahi_13-d2-HET-UHI-e201b86fbb-r5,SS-b6fde45dba3b,1,6,economic_tie_break,OPTIMAL,FEASIBLE_POINT,598701.1902528926,598701.1902528926,0,163998,163998,251387,459769,5124,0,5124,25620,5124,256,0,0,NaN,0,NaN,0.0,0.9999999999947704,
5,2,TWO_STAGE_RH,LEXMMFPEA,shared_battery_mode_node_level_v1,SI-Drahi_13-d2-HET-UHI-BHI-b5b4fe09a4,TK-PB-Drahi_13-d2-HET-UHI-e201b86fbb-r5,SS-b6fde45dba3b,1,1,lex_phase_1,OPTIMAL,FEASIBLE_POINT,487.196840309293,487.196840309293,0,163998,163998,251382,459739,5124,0,5124,25620,5124,256,0,0,NaN,0,NaN,0.0,0.9999999999947704,
5,2,TWO_STAGE_RH,LEXMMFPEA,shared_battery_mode_node_level_v1,SI-Drahi_13-d2-HET-UHI-BHI-b5b4fe09a4,TK-PB-Drahi_13-d2-HET-UHI-e201b86fbb-r5,SS-b6fde45dba3b,1,2,lex_phase_2,OPTIMAL,FEASIBLE_POINT,974.3936806185877,974.3936806185877,0,163998,163998,251383,459745,5124,0,5124,25620,5124,256,0,0,NaN,0,NaN,0.0,0.9999999999947704,
5,2,TWO_STAGE_RH,LEXMMFPEA,shared_battery_mode_node_level_v1,SI-Drahi_13-d2-HET-UHI-BHI-b5b4fe09a4,TK-PB-Drahi_13-d2-HET-UHI-e201b86fbb-r5,SS-b6fde45dba3b,1,3,lex_phase_3,OPTIMAL,FEASIBLE_POINT,1461.5905209278817,1461.5905209278817,0,163998,163998,251384,459751,5124,0,5124,25620,5124,256,0,0,NaN,0,NaN,0.0,0.9999999999947704,
5,2,TWO_STAGE_RH,LEXMMFPEA,shared_battery_mode_node_level_v1,SI-Drahi_13-d2-HET-UHI-BHI-b5b4fe09a4,TK-PB-Drahi_13-d2-HET-UHI-e201b86fbb-r5,SS-b6fde45dba3b,1,4,lex_phase_4,OPTIMAL,FEASIBLE_POINT,1948.7873612371754,1948.7873612371754,0,163998,163998,251385,459757,5124,0,5124,25620,5124,256,0,0,NaN,0,NaN,0.0,0.9999999999947704,
5,2,TWO_STAGE_RH,LEXMMFPEA,shared_battery_mode_node_level_v1,SI-Drahi_13-d2-HET-UHI-BHI-b5b4fe09a4,TK-PB-Drahi_13-d2-HET-UHI-e201b86fbb-r5,SS-b6fde45dba3b,1,5,lex_phase_5,OPTIMAL,FEASIBLE_POINT,2435.9842015464646,2435.9842015464646,0,163998,163998,251386,459763,5124,0,5124,25620,5124,256,0,0,NaN,0,NaN,0.0,0.9999999999947704,
5,2,TWO_STAGE_RH,LEXMMFPEA,shared_battery_mode_node_level_v1,SI-Drahi_13-d2-HET-UHI-BHI-b5b4fe09a4,TK-PB-Drahi_13-d2-HET-UHI-e201b86fbb-r5,SS-b6fde45dba3b,1,6,economic_tie_break,OPTIMAL,FEASIBLE_POINT,598701.1902528926,598701.1902528926,0,163998,163998,251387,459769,5124,0,5124,25620,5124,256,0,0,NaN,0,NaN,0.0,0.9999999999947704,
5,3,TWO_STAGE_RH,LEXMMFPEA,shared_battery_mode_node_level_v1,SI-Drahi_13-d2-HET-UHI-BHI-b5b4fe09a4,TK-PB-Drahi_13-d2-HET-UHI-e201b86fbb-r5,SS-b6fde45dba3b,1,1,lex_phase_1,OPTIMAL,FEASIBLE_POINT,487.196840309293,487.196840309293,0,163998,163998,251382,459739,5124,0,5124,25620,5124,256,0,0,NaN,0,NaN,0.0,0.9999999999947704,
5,3,TWO_STAGE_RH,LEXMMFPEA,shared_battery_mode_node_level_v1,SI-Drahi_13-d2-HET-UHI-BHI-b5b4fe09a4,TK-PB-Drahi_13-d2-HET-UHI-e201b86fbb-r5,SS-b6fde45dba3b,1,2,lex_phase_2,OPTIMAL,FEASIBLE_POINT,974.3936806185877,974.3936806185877,0,163998,163998,251383,459745,5124,0,5124,25620,5124,256,0,0,NaN,0,NaN,0.0,0.9999999999947704,
5,3,TWO_STAGE_RH,LEXMMFPEA,shared_battery_mode_node_level_v1,SI-Drahi_13-d2-HET-UHI-BHI-b5b4fe09a4,TK-PB-Drahi_13-d2-HET-UHI-e201b86fbb-r5,SS-b6fde45dba3b,1,3,lex_phase_3,OPTIMAL,FEASIBLE_POINT,1461.5905209278817,1461.5905209278817,0,163998,163998,251384,459751,5124,0,5124,25620,5124,256,0,0,NaN,0,NaN,0.0,0.9999999999947704,
5,3,TWO_STAGE_RH,LEXMMFPEA,shared_battery_mode_node_level_v1,SI-Drahi_13-d2-HET-UHI-BHI-b5b4fe09a4,TK-PB-Drahi_13-d2-HET-UHI-e201b86fbb-r5,SS-b6fde45dba3b,1,4,lex_phase_4,OPTIMAL,FEASIBLE_POINT,1948.7873612371754,1948.7873612371754,0,163998,163998,251385,459757,5124,0,5124,25620,5124,256,0,0,NaN,0,NaN,0.0,0.9999999999947704,
5,3,TWO_STAGE_RH,LEXMMFPEA,shared_battery_mode_node_level_v1,SI-Drahi_13-d2-HET-UHI-BHI-b5b4fe09a4,TK-PB-Drahi_13-d2-HET-UHI-e201b86fbb-r5,SS-b6fde45dba3b,1,5,lex_phase_5,OPTIMAL,FEASIBLE_POINT,2435.9842015464646,2435.9842015464646,0,163998,163998,251386,459763,5124,0,5124,25620,5124,256,0,0,NaN,0,NaN,0.0,0.9999999999947704,
5,3,TWO_STAGE_RH,LEXMMFPEA,shared_battery_mode_node_level_v1,SI-Drahi_13-d2-HET-UHI-BHI-b5b4fe09a4,TK-PB-Drahi_13-d2-HET-UHI-e201b86fbb-r5,SS-b6fde45dba3b,1,6,economic_tie_break,OPTIMAL,FEASIBLE_POINT,598701.1902528926,598701.1902528926,0,163998,163998,251387,459769,5124,0,5124,25620,5124,256,0,0,NaN,0,NaN,0.0,0.9999999999947704,
5,4,TWO_STAGE_RH,LEXMMFPEA,shared_battery_mode_node_level_v1,SI-Drahi_13-d2-HET-UHI-BHI-b5b4fe09a4,TK-PB-Drahi_13-d2-HET-UHI-e201b86fbb-r5,SS-b6fde45dba3b,1,1,lex_phase_1,OPTIMAL,FEASIBLE_POINT,487.196840309293,487.196840309293,0,163998,163998,251382,459739,5124,0,5124,25620,5124,256,0,0,NaN,0,NaN,0.09750000000000003,0.9999999999947704,
5,4,TWO_STAGE_RH,LEXMMFPEA,shared_battery_mode_node_level_v1,SI-Drahi_13-d2-HET-UHI-BHI-b5b4fe09a4,TK-PB-Drahi_13-d2-HET-UHI-e201b86fbb-r5,SS-b6fde45dba3b,1,2,lex_phase_2,OPTIMAL,FEASIBLE_POINT,974.3936806185877,974.3936806185877,0,163998,163998,251383,459745,5124,0,5124,25620,5124,256,0,0,NaN,0,NaN,0.09750000000000003,0.9999999999947704,
5,4,TWO_STAGE_RH,LEXMMFPEA,shared_battery_mode_node_level_v1,SI-Drahi_13-d2-HET-UHI-BHI-b5b4fe09a4,TK-PB-Drahi_13-d2-HET-UHI-e201b86fbb-r5,SS-b6fde45dba3b,1,3,lex_phase_3,OPTIMAL,FEASIBLE_POINT,1461.5905209278817,1461.5905209278817,0,163998,163998,251384,459751,5124,0,5124,25620,5124,256,0,0,NaN,0,NaN,0.09750000000000003,0.9999999999947704,
5,4,TWO_STAGE_RH,LEXMMFPEA,shared_battery_mode_node_level_v1,SI-Drahi_13-d2-HET-UHI-BHI-b5b4fe09a4,TK-PB-Drahi_13-d2-HET-UHI-e201b86fbb-r5,SS-b6fde45dba3b,1,4,lex_phase_4,OPTIMAL,FEASIBLE_POINT,1948.7873612371754,1948.7873612371754,0,163998,163998,251385,459757,5124,0,5124,25620,5124,256,0,0,NaN,0,NaN,0.09750000000000003,0.9999999999947704,
5,4,TWO_STAGE_RH,LEXMMFPEA,shared_battery_mode_node_level_v1,SI-Drahi_13-d2-HET-UHI-BHI-b5b4fe09a4,TK-PB-Drahi_13-d2-HET-UHI-e201b86fbb-r5,SS-b6fde45dba3b,1,5,lex_phase_5,OPTIMAL,FEASIBLE_POINT,2435.9842015464646,2435.9842015464646,0,163998,163998,251386,459763,5124,0,5124,25620,5124,256,0,0,NaN,0,NaN,0.09750000000000003,0.9999999999947704,
5,4,TWO_STAGE_RH,LEXMMFPEA,shared_battery_mode_node_level_v1,SI-Drahi_13-d2-HET-UHI-BHI-b5b4fe09a4,TK-PB-Drahi_13-d2-HET-UHI-e201b86fbb-r5,SS-b6fde45dba3b,1,6,economic_tie_break,OPTIMAL,FEASIBLE_POINT,598701.1902528926,598701.1902528926,0,163998,163998,251387,459769,5124,0,5124,25620,5124,256,0,0,NaN,0,NaN,0.09750000000000003,0.9999999999947704,
5,5,TWO_STAGE_RH,LEXMMFPEA,shared_battery_mode_node_level_v1,SI-Drahi_13-d2-HET-UHI-BHI-b5b4fe09a4,TK-PB-Drahi_13-d2-HET-UHI-e201b86fbb-r5,SS-59c6d7df9164,5,1,lex_phase_1,OPTIMAL,FEASIBLE_POINT,194.60555259420101,194.60555259420101,0,163998,163998,251382,452289,5124,0,5124,25620,5124,256,0,0,NaN,0,NaN,0.0,1.0000000000011369,
5,5,TWO_STAGE_RH,LEXMMFPEA,shared_battery_mode_node_level_v1,SI-Drahi_13-d2-HET-UHI-BHI-b5b4fe09a4,TK-PB-Drahi_13-d2-HET-UHI-e201b86fbb-r5,SS-59c6d7df9164,5,2,lex_phase_2,OPTIMAL,FEASIBLE_POINT,389.21110518840254,389.21110518840254,0,163998,163998,251383,452295,5124,0,5124,25620,5124,256,0,0,NaN,0,NaN,0.0,1.0000000000011369,
5,5,TWO_STAGE_RH,LEXMMFPEA,shared_battery_mode_node_level_v1,SI-Drahi_13-d2-HET-UHI-BHI-b5b4fe09a4,TK-PB-Drahi_13-d2-HET-UHI-e201b86fbb-r5,SS-59c6d7df9164,5,3,lex_phase_3,OPTIMAL,FEASIBLE_POINT,583.8166577826038,583.8166577826038,0,163998,163998,251384,452301,5124,0,5124,25620,5124,256,0,0,NaN,0,NaN,0.0,1.0000000000011369,
5,5,TWO_STAGE_RH,LEXMMFPEA,shared_battery_mode_node_level_v1,SI-Drahi_13-d2-HET-UHI-BHI-b5b4fe09a4,TK-PB-Drahi_13-d2-HET-UHI-e201b86fbb-r5,SS-59c6d7df9164,5,4,lex_phase_4,OPTIMAL,FEASIBLE_POINT,778.4222103768051,778.4222103768051,0,163998,163998,251385,452307,5124,0,5124,25620,5124,256,0,0,NaN,0,NaN,0.0,1.0000000000011369,
5,5,TWO_STAGE_RH,LEXMMFPEA,shared_battery_mode_node_level_v1,SI-Drahi_13-d2-HET-UHI-BHI-b5b4fe09a4,TK-PB-Drahi_13-d2-HET-UHI-e201b86fbb-r5,SS-59c6d7df9164,5,5,lex_phase_5,OPTIMAL,FEASIBLE_POINT,973.0277629710048,973.0277629710048,0,163998,163998,251386,452313,5124,0,5124,25620,5124,256,0,0,NaN,0,NaN,0.0,1.0000000000011369,
5,5,TWO_STAGE_RH,LEXMMFPEA,shared_battery_mode_node_level_v1,SI-Drahi_13-d2-HET-UHI-BHI-b5b4fe09a4,TK-PB-Drahi_13-d2-HET-UHI-e201b86fbb-r5,SS-59c6d7df9164,5,6,economic_tie_break,OPTIMAL,FEASIBLE_POINT,629579.5639773958,629579.5639773958,0,163998,163998,251387,452319,5124,0,5124,25620,5124,256,0,0,NaN,0,NaN,0.0,1.0000000000011369,
5,6,TWO_STAGE_RH,LEXMMFPEA,shared_battery_mode_node_level_v1,SI-Drahi_13-d2-HET-UHI-BHI-b5b4fe09a4,TK-PB-Drahi_13-d2-HET-UHI-e201b86fbb-r5,SS-59c6d7df9164,5,1,lex_phase_1,OPTIMAL,FEASIBLE_POINT,194.60555259420101,194.60555259420101,0,163998,163998,251382,452289,5124,0,5124,25620,5124,256,0,0,NaN,0,NaN,0.09750000000000014,1.0000000000011369,
5,6,TWO_STAGE_RH,LEXMMFPEA,shared_battery_mode_node_level_v1,SI-Drahi_13-d2-HET-UHI-BHI-b5b4fe09a4,TK-PB-Drahi_13-d2-HET-UHI-e201b86fbb-r5,SS-59c6d7df9164,5,2,lex_phase_2,OPTIMAL,FEASIBLE_POINT,389.21110518840254,389.21110518840254,0,163998,163998,251383,452295,5124,0,5124,25620,5124,256,0,0,NaN,0,NaN,0.09750000000000014,1.0000000000011369,
5,6,TWO_STAGE_RH,LEXMMFPEA,shared_battery_mode_node_level_v1,SI-Drahi_13-d2-HET-UHI-BHI-b5b4fe09a4,TK-PB-Drahi_13-d2-HET-UHI-e201b86fbb-r5,SS-59c6d7df9164,5,3,lex_phase_3,OPTIMAL,FEASIBLE_POINT,583.8166577826038,583.8166577826038,0,163998,163998,251384,452301,5124,0,5124,25620,5124,256,0,0,NaN,0,NaN,0.09750000000000014,1.0000000000011369,
5,6,TWO_STAGE_RH,LEXMMFPEA,shared_battery_mode_node_level_v1,SI-Drahi_13-d2-HET-UHI-BHI-b5b4fe09a4,TK-PB-Drahi_13-d2-HET-UHI-e201b86fbb-r5,SS-59c6d7df9164,5,4,lex_phase_4,OPTIMAL,FEASIBLE_POINT,778.4222103768051,778.4222103768051,0,163998,163998,251385,452307,5124,0,5124,25620,5124,256,0,0,NaN,0,NaN,0.09750000000000014,1.0000000000011369,
5,6,TWO_STAGE_RH,LEXMMFPEA,shared_battery_mode_node_level_v1,SI-Drahi_13-d2-HET-UHI-BHI-b5b4fe09a4,TK-PB-Drahi_13-d2-HET-UHI-e201b86fbb-r5,SS-59c6d7df9164,5,5,lex_phase_5,OPTIMAL,FEASIBLE_POINT,973.0277629710048,973.0277629710048,0,163998,163998,251386,452313,5124,0,5124,25620,5124,256,0,0,NaN,0,NaN,0.09750000000000014,1.0000000000011369,
5,6,TWO_STAGE_RH,LEXMMFPEA,shared_battery_mode_node_level_v1,SI-Drahi_13-d2-HET-UHI-BHI-b5b4fe09a4,TK-PB-Drahi_13-d2-HET-UHI-e201b86fbb-r5,SS-59c6d7df9164,5,6,economic_tie_break,OPTIMAL,FEASIBLE_POINT,629579.5639773958,629579.5639773958,0,163998,163998,251387,452319,5124,0,5124,25620,5124,256,0,0,NaN,0,NaN,0.09750000000000014,1.0000000000011369,
5,7,TWO_STAGE_RH,LEXMMFPEA,shared_battery_mode_node_level_v1,SI-Drahi_13-d2-HET-UHI-BHI-b5b4fe09a4,TK-PB-Drahi_13-d2-HET-UHI-e201b86fbb-r5,SS-59c6d7df9164,5,1,lex_phase_1,OPTIMAL,FEASIBLE_POINT,194.60555259420101,194.60555259420101,0,163998,163998,251382,452289,5124,0,5124,25620,5124,256,0,0,NaN,0,NaN,7.216449660063518e-16,1.0000000000011369,
5,7,TWO_STAGE_RH,LEXMMFPEA,shared_battery_mode_node_level_v1,SI-Drahi_13-d2-HET-UHI-BHI-b5b4fe09a4,TK-PB-Drahi_13-d2-HET-UHI-e201b86fbb-r5,SS-59c6d7df9164,5,2,lex_phase_2,OPTIMAL,FEASIBLE_POINT,389.21110518840254,389.21110518840254,0,163998,163998,251383,452295,5124,0,5124,25620,5124,256,0,0,NaN,0,NaN,7.216449660063518e-16,1.0000000000011369,
5,7,TWO_STAGE_RH,LEXMMFPEA,shared_battery_mode_node_level_v1,SI-Drahi_13-d2-HET-UHI-BHI-b5b4fe09a4,TK-PB-Drahi_13-d2-HET-UHI-e201b86fbb-r5,SS-59c6d7df9164,5,3,lex_phase_3,OPTIMAL,FEASIBLE_POINT,583.8166577826038,583.8166577826038,0,163998,163998,251384,452301,5124,0,5124,25620,5124,256,0,0,NaN,0,NaN,7.216449660063518e-16,1.0000000000011369,
5,7,TWO_STAGE_RH,LEXMMFPEA,shared_battery_mode_node_level_v1,SI-Drahi_13-d2-HET-UHI-BHI-b5b4fe09a4,TK-PB-Drahi_13-d2-HET-UHI-e201b86fbb-r5,SS-59c6d7df9164,5,4,lex_phase_4,OPTIMAL,FEASIBLE_POINT,778.4222103768051,778.4222103768051,0,163998,163998,251385,452307,5124,0,5124,25620,5124,256,0,0,NaN,0,NaN,7.216449660063518e-16,1.0000000000011369,
5,7,TWO_STAGE_RH,LEXMMFPEA,shared_battery_mode_node_level_v1,SI-Drahi_13-d2-HET-UHI-BHI-b5b4fe09a4,TK-PB-Drahi_13-d2-HET-UHI-e201b86fbb-r5,SS-59c6d7df9164,5,5,lex_phase_5,OPTIMAL,FEASIBLE_POINT,973.0277629710048,973.0277629710048,0,163998,163998,251386,452313,5124,0,5124,25620,5124,256,0,0,NaN,0,NaN,7.216449660063518e-16,1.0000000000011369,
5,7,TWO_STAGE_RH,LEXMMFPEA,shared_battery_mode_node_level_v1,SI-Drahi_13-d2-HET-UHI-BHI-b5b4fe09a4,TK-PB-Drahi_13-d2-HET-UHI-e201b86fbb-r5,SS-59c6d7df9164,5,6,economic_tie_break,OPTIMAL,FEASIBLE_POINT,629579.5639773958,629579.5639773958,0,163998,163998,251387,452319,5124,0,5124,25620,5124,256,0,0,NaN,0,NaN,7.216449660063518e-16,1.0000000000011369,
5,8,TWO_STAGE_RH,LEXMMFPEA,shared_battery_mode_node_level_v1,SI-Drahi_13-d2-HET-UHI-BHI-b5b4fe09a4,TK-PB-Drahi_13-d2-HET-UHI-e201b86fbb-r5,SS-59c6d7df9164,5,1,lex_phase_1,OPTIMAL,FEASIBLE_POINT,194.60555259420101,194.60555259420101,0,163998,163998,251382,452289,5124,0,5124,25620,5124,256,0,0,NaN,0,NaN,7.216449660063518e-16,1.0000000000011369,
5,8,TWO_STAGE_RH,LEXMMFPEA,shared_battery_mode_node_level_v1,SI-Drahi_13-d2-HET-UHI-BHI-b5b4fe09a4,TK-PB-Drahi_13-d2-HET-UHI-e201b86fbb-r5,SS-59c6d7df9164,5,2,lex_phase_2,OPTIMAL,FEASIBLE_POINT,389.21110518840254,389.21110518840254,0,163998,163998,251383,452295,5124,0,5124,25620,5124,256,0,0,NaN,0,NaN,7.216449660063518e-16,1.0000000000011369,
5,8,TWO_STAGE_RH,LEXMMFPEA,shared_battery_mode_node_level_v1,SI-Drahi_13-d2-HET-UHI-BHI-b5b4fe09a4,TK-PB-Drahi_13-d2-HET-UHI-e201b86fbb-r5,SS-59c6d7df9164,5,3,lex_phase_3,OPTIMAL,FEASIBLE_POINT,583.8166577826038,583.8166577826038,0,163998,163998,251384,452301,5124,0,5124,25620,5124,256,0,0,NaN,0,NaN,7.216449660063518e-16,1.0000000000011369,
5,8,TWO_STAGE_RH,LEXMMFPEA,shared_battery_mode_node_level_v1,SI-Drahi_13-d2-HET-UHI-BHI-b5b4fe09a4,TK-PB-Drahi_13-d2-HET-UHI-e201b86fbb-r5,SS-59c6d7df9164,5,4,lex_phase_4,OPTIMAL,FEASIBLE_POINT,778.4222103768051,778.4222103768051,0,163998,163998,251385,452307,5124,0,5124,25620,5124,256,0,0,NaN,0,NaN,7.216449660063518e-16,1.0000000000011369,
5,8,TWO_STAGE_RH,LEXMMFPEA,shared_battery_mode_node_level_v1,SI-Drahi_13-d2-HET-UHI-BHI-b5b4fe09a4,TK-PB-Drahi_13-d2-HET-UHI-e201b86fbb-r5,SS-59c6d7df9164,5,5,lex_phase_5,OPTIMAL,FEASIBLE_POINT,973.0277629710048,973.0277629710048,0,163998,163998,251386,452313,5124,0,5124,25620,5124,256,0,0,NaN,0,NaN,7.216449660063518e-16,1.0000000000011369,
5,8,TWO_STAGE_RH,LEXMMFPEA,shared_battery_mode_node_level_v1,SI-Drahi_13-d2-HET-UHI-BHI-b5b4fe09a4,TK-PB-Drahi_13-d2-HET-UHI-e201b86fbb-r5,SS-59c6d7df9164,5,6,economic_tie_break,OPTIMAL,FEASIBLE_POINT,629579.5639773958,629579.5639773958,0,163998,163998,251387,452319,5124,0,5124,25620,5124,256,0,0,NaN,0,NaN,7.216449660063518e-16,1.0000000000011369,
5,9,TWO_STAGE_RH,LEXMMFPEA,shared_battery_mode_node_level_v1,SI-Drahi_13-d2-HET-UHI-BHI-b5b4fe09a4,TK-PB-Drahi_13-d2-HET-UHI-e201b86fbb-r5,SS-baeb7d556d60,9,1,lex_phase_1,OPTIMAL,FEASIBLE_POINT,514.1414402584778,514.1414402584778,0,163998,163998,251382,454569,5124,0,5124,25620,5124,256,0,0,NaN,0,NaN,10.622864651773973,1.0000000000113687,
5,9,TWO_STAGE_RH,LEXMMFPEA,shared_battery_mode_node_level_v1,SI-Drahi_13-d2-HET-UHI-BHI-b5b4fe09a4,TK-PB-Drahi_13-d2-HET-UHI-e201b86fbb-r5,SS-baeb7d556d60,9,2,lex_phase_2,OPTIMAL,FEASIBLE_POINT,1028.282880516954,1028.282880516954,0,163998,163998,251383,454575,5124,0,5124,25620,5124,256,0,0,NaN,0,NaN,10.622864651773973,1.0000000000113687,
5,9,TWO_STAGE_RH,LEXMMFPEA,shared_battery_mode_node_level_v1,SI-Drahi_13-d2-HET-UHI-BHI-b5b4fe09a4,TK-PB-Drahi_13-d2-HET-UHI-e201b86fbb-r5,SS-baeb7d556d60,9,3,lex_phase_3,OPTIMAL,FEASIBLE_POINT,1542.4243207754312,1542.4243207754312,0,163998,163998,251384,454581,5124,0,5124,25620,5124,256,0,0,NaN,0,NaN,10.622864651773973,1.0000000000113687,
5,9,TWO_STAGE_RH,LEXMMFPEA,shared_battery_mode_node_level_v1,SI-Drahi_13-d2-HET-UHI-BHI-b5b4fe09a4,TK-PB-Drahi_13-d2-HET-UHI-e201b86fbb-r5,SS-baeb7d556d60,9,4,lex_phase_4,OPTIMAL,FEASIBLE_POINT,2056.565761033908,2056.565761033908,0,163998,163998,251385,454587,5124,0,5124,25620,5124,256,0,0,NaN,0,NaN,10.622864651773973,1.0000000000113687,
5,9,TWO_STAGE_RH,LEXMMFPEA,shared_battery_mode_node_level_v1,SI-Drahi_13-d2-HET-UHI-BHI-b5b4fe09a4,TK-PB-Drahi_13-d2-HET-UHI-e201b86fbb-r5,SS-baeb7d556d60,9,5,lex_phase_5,OPTIMAL,FEASIBLE_POINT,2570.7072012923845,2570.7072012923845,0,163998,163998,251386,454593,5124,0,5124,25620,5124,256,0,0,NaN,0,NaN,10.622864651773973,1.0000000000113687,
5,9,TWO_STAGE_RH,LEXMMFPEA,shared_battery_mode_node_level_v1,SI-Drahi_13-d2-HET-UHI-BHI-b5b4fe09a4,TK-PB-Drahi_13-d2-HET-UHI-e201b86fbb-r5,SS-baeb7d556d60,9,6,economic_tie_break,OPTIMAL,FEASIBLE_POINT,566910.3873844368,566910.3873844368,0,163998,163998,251387,454599,5124,0,5124,25620,5124,256,0,0,NaN,0,NaN,10.622864651773973,1.0000000000113687,
5,10,TWO_STAGE_RH,LEXMMFPEA,shared_battery_mode_node_level_v1,SI-Drahi_13-d2-HET-UHI-BHI-b5b4fe09a4,TK-PB-Drahi_13-d2-HET-UHI-e201b86fbb-r5,SS-baeb7d556d60,9,1,lex_phase_1,OPTIMAL,FEASIBLE_POINT,514.1414402584778,514.1414402584778,0,163998,163998,251382,454569,5124,0,5124,25620,5124,256,0,0,NaN,0,NaN,15.999999999999996,1.0000000000113687,
5,10,TWO_STAGE_RH,LEXMMFPEA,shared_battery_mode_node_level_v1,SI-Drahi_13-d2-HET-UHI-BHI-b5b4fe09a4,TK-PB-Drahi_13-d2-HET-UHI-e201b86fbb-r5,SS-baeb7d556d60,9,2,lex_phase_2,OPTIMAL,FEASIBLE_POINT,1028.282880516954,1028.282880516954,0,163998,163998,251383,454575,5124,0,5124,25620,5124,256,0,0,NaN,0,NaN,15.999999999999996,1.0000000000113687,
5,10,TWO_STAGE_RH,LEXMMFPEA,shared_battery_mode_node_level_v1,SI-Drahi_13-d2-HET-UHI-BHI-b5b4fe09a4,TK-PB-Drahi_13-d2-HET-UHI-e201b86fbb-r5,SS-baeb7d556d60,9,3,lex_phase_3,OPTIMAL,FEASIBLE_POINT,1542.4243207754312,1542.4243207754312,0,163998,163998,251384,454581,5124,0,5124,25620,5124,256,0,0,NaN,0,NaN,15.999999999999996,1.0000000000113687,
5,10,TWO_STAGE_RH,LEXMMFPEA,shared_battery_mode_node_level_v1,SI-Drahi_13-d2-HET-UHI-BHI-b5b4fe09a4,TK-PB-Drahi_13-d2-HET-UHI-e201b86fbb-r5,SS-baeb7d556d60,9,4,lex_phase_4,OPTIMAL,FEASIBLE_POINT,2056.565761033908,2056.565761033908,0,163998,163998,251385,454587,5124,0,5124,25620,5124,256,0,0,NaN,0,NaN,15.999999999999996,1.0000000000113687,
5,10,TWO_STAGE_RH,LEXMMFPEA,shared_battery_mode_node_level_v1,SI-Drahi_13-d2-HET-UHI-BHI-b5b4fe09a4,TK-PB-Drahi_13-d2-HET-UHI-e201b86fbb-r5,SS-baeb7d556d60,9,5,lex_phase_5,OPTIMAL,FEASIBLE_POINT,2570.7072012923845,2570.7072012923845,0,163998,163998,251386,454593,5124,0,5124,25620,5124,256,0,0,NaN,0,NaN,15.999999999999996,1.0000000000113687,
5,10,TWO_STAGE_RH,LEXMMFPEA,shared_battery_mode_node_level_v1,SI-Drahi_13-d2-HET-UHI-BHI-b5b4fe09a4,TK-PB-Drahi_13-d2-HET-UHI-e201b86fbb-r5,SS-baeb7d556d60,9,6,economic_tie_break,OPTIMAL,FEASIBLE_POINT,566910.3873844368,566910.3873844368,0,163998,163998,251387,454599,5124,0,5124,25620,5124,256,0,0,NaN,0,NaN,15.999999999999996,1.0000000000113687,
5,11,TWO_STAGE_RH,LEXMMFPEA,shared_battery_mode_node_level_v1,SI-Drahi_13-d2-HET-UHI-BHI-b5b4fe09a4,TK-PB-Drahi_13-d2-HET-UHI-e201b86fbb-r5,SS-baeb7d556d60,9,1,lex_phase_1,OPTIMAL,FEASIBLE_POINT,514.1414402584778,514.1414402584778,0,163998,163998,251382,454569,5124,0,5124,25620,5124,256,0,0,NaN,0,NaN,0.0,1.0000000000113687,
5,11,TWO_STAGE_RH,LEXMMFPEA,shared_battery_mode_node_level_v1,SI-Drahi_13-d2-HET-UHI-BHI-b5b4fe09a4,TK-PB-Drahi_13-d2-HET-UHI-e201b86fbb-r5,SS-baeb7d556d60,9,2,lex_phase_2,OPTIMAL,FEASIBLE_POINT,1028.282880516954,1028.282880516954,0,163998,163998,251383,454575,5124,0,5124,25620,5124,256,0,0,NaN,0,NaN,0.0,1.0000000000113687,
5,11,TWO_STAGE_RH,LEXMMFPEA,shared_battery_mode_node_level_v1,SI-Drahi_13-d2-HET-UHI-BHI-b5b4fe09a4,TK-PB-Drahi_13-d2-HET-UHI-e201b86fbb-r5,SS-baeb7d556d60,9,3,lex_phase_3,OPTIMAL,FEASIBLE_POINT,1542.4243207754312,1542.4243207754312,0,163998,163998,251384,454581,5124,0,5124,25620,5124,256,0,0,NaN,0,NaN,0.0,1.0000000000113687,
5,11,TWO_STAGE_RH,LEXMMFPEA,shared_battery_mode_node_level_v1,SI-Drahi_13-d2-HET-UHI-BHI-b5b4fe09a4,TK-PB-Drahi_13-d2-HET-UHI-e201b86fbb-r5,SS-baeb7d556d60,9,4,lex_phase_4,OPTIMAL,FEASIBLE_POINT,2056.565761033908,2056.565761033908,0,163998,163998,251385,454587,5124,0,5124,25620,5124,256,0,0,NaN,0,NaN,0.0,1.0000000000113687,
5,11,TWO_STAGE_RH,LEXMMFPEA,shared_battery_mode_node_level_v1,SI-Drahi_13-d2-HET-UHI-BHI-b5b4fe09a4,TK-PB-Drahi_13-d2-HET-UHI-e201b86fbb-r5,SS-baeb7d556d60,9,5,lex_phase_5,OPTIMAL,FEASIBLE_POINT,2570.7072012923845,2570.7072012923845,0,163998,163998,251386,454593,5124,0,5124,25620,5124,256,0,0,NaN,0,NaN,0.0,1.0000000000113687,
5,11,TWO_STAGE_RH,LEXMMFPEA,shared_battery_mode_node_level_v1,SI-Drahi_13-d2-HET-UHI-BHI-b5b4fe09a4,TK-PB-Drahi_13-d2-HET-UHI-e201b86fbb-r5,SS-baeb7d556d60,9,6,economic_tie_break,OPTIMAL,FEASIBLE_POINT,566910.3873844368,566910.3873844368,0,163998,163998,251387,454599,5124,0,5124,25620,5124,256,0,0,NaN,0,NaN,0.0,1.0000000000113687,
5,12,TWO_STAGE_RH,LEXMMFPEA,shared_battery_mode_node_level_v1,SI-Drahi_13-d2-HET-UHI-BHI-b5b4fe09a4,TK-PB-Drahi_13-d2-HET-UHI-e201b86fbb-r5,SS-baeb7d556d60,9,1,lex_phase_1,OPTIMAL,FEASIBLE_POINT,514.1414402584778,514.1414402584778,0,163998,163998,251382,454569,5124,0,5124,25620,5124,256,0,0,NaN,0,NaN,0.0,1.0000000000113687,
5,12,TWO_STAGE_RH,LEXMMFPEA,shared_battery_mode_node_level_v1,SI-Drahi_13-d2-HET-UHI-BHI-b5b4fe09a4,TK-PB-Drahi_13-d2-HET-UHI-e201b86fbb-r5,SS-baeb7d556d60,9,2,lex_phase_2,OPTIMAL,FEASIBLE_POINT,1028.282880516954,1028.282880516954,0,163998,163998,251383,454575,5124,0,5124,25620,5124,256,0,0,NaN,0,NaN,0.0,1.0000000000113687,
5,12,TWO_STAGE_RH,LEXMMFPEA,shared_battery_mode_node_level_v1,SI-Drahi_13-d2-HET-UHI-BHI-b5b4fe09a4,TK-PB-Drahi_13-d2-HET-UHI-e201b86fbb-r5,SS-baeb7d556d60,9,3,lex_phase_3,OPTIMAL,FEASIBLE_POINT,1542.4243207754312,1542.4243207754312,0,163998,163998,251384,454581,5124,0,5124,25620,5124,256,0,0,NaN,0,NaN,0.0,1.0000000000113687,
5,12,TWO_STAGE_RH,LEXMMFPEA,shared_battery_mode_node_level_v1,SI-Drahi_13-d2-HET-UHI-BHI-b5b4fe09a4,TK-PB-Drahi_13-d2-HET-UHI-e201b86fbb-r5,SS-baeb7d556d60,9,4,lex_phase_4,OPTIMAL,FEASIBLE_POINT,2056.565761033908,2056.565761033908,0,163998,163998,251385,454587,5124,0,5124,25620,5124,256,0,0,NaN,0,NaN,0.0,1.0000000000113687,
5,12,TWO_STAGE_RH,LEXMMFPEA,shared_battery_mode_node_level_v1,SI-Drahi_13-d2-HET-UHI-BHI-b5b4fe09a4,TK-PB-Drahi_13-d2-HET-UHI-e201b86fbb-r5,SS-baeb7d556d60,9,5,lex_phase_5,OPTIMAL,FEASIBLE_POINT,2570.7072012923845,2570.7072012923845,0,163998,163998,251386,454593,5124,0,5124,25620,5124,256,0,0,NaN,0,NaN,0.0,1.0000000000113687,
5,12,TWO_STAGE_RH,LEXMMFPEA,shared_battery_mode_node_level_v1,SI-Drahi_13-d2-HET-UHI-BHI-b5b4fe09a4,TK-PB-Drahi_13-d2-HET-UHI-e201b86fbb-r5,SS-baeb7d556d60,9,6,economic_tie_break,OPTIMAL,FEASIBLE_POINT,566910.3873844368,566910.3873844368,0,163998,163998,251387,454599,5124,0,5124,25620,5124,256,0,0,NaN,0,NaN,0.0,1.0000000000113687,
5,13,TWO_STAGE_RH,LEXMMFPEA,shared_battery_mode_node_level_v1,SI-Drahi_13-d2-HET-UHI-BHI-b5b4fe09a4,TK-PB-Drahi_13-d2-HET-UHI-e201b86fbb-r5,SS-784512b1c103,13,1,lex_phase_1,OPTIMAL,FEASIBLE_POINT,676.6803033453542,676.6803033453542,0,163998,163998,251382,453839,5124,0,5124,25620,5124,256,0,0,NaN,0,NaN,0.0,1.0000000000010232,
5,13,TWO_STAGE_RH,LEXMMFPEA,shared_battery_mode_node_level_v1,SI-Drahi_13-d2-HET-UHI-BHI-b5b4fe09a4,TK-PB-Drahi_13-d2-HET-UHI-e201b86fbb-r5,SS-784512b1c103,13,2,lex_phase_2,OPTIMAL,FEASIBLE_POINT,1353.360606690708,1353.360606690708,0,163998,163998,251383,453845,5124,0,5124,25620,5124,256,0,0,NaN,0,NaN,0.0,1.0000000000010232,
5,13,TWO_STAGE_RH,LEXMMFPEA,shared_battery_mode_node_level_v1,SI-Drahi_13-d2-HET-UHI-BHI-b5b4fe09a4,TK-PB-Drahi_13-d2-HET-UHI-e201b86fbb-r5,SS-784512b1c103,13,3,lex_phase_3,OPTIMAL,FEASIBLE_POINT,2030.040910036062,2030.040910036062,0,163998,163998,251384,453851,5124,0,5124,25620,5124,256,0,0,NaN,0,NaN,0.0,1.0000000000010232,
5,13,TWO_STAGE_RH,LEXMMFPEA,shared_battery_mode_node_level_v1,SI-Drahi_13-d2-HET-UHI-BHI-b5b4fe09a4,TK-PB-Drahi_13-d2-HET-UHI-e201b86fbb-r5,SS-784512b1c103,13,4,lex_phase_4,OPTIMAL,FEASIBLE_POINT,2706.721213381416,2706.721213381416,0,163998,163998,251385,453857,5124,0,5124,25620,5124,256,0,0,NaN,0,NaN,0.0,1.0000000000010232,
5,13,TWO_STAGE_RH,LEXMMFPEA,shared_battery_mode_node_level_v1,SI-Drahi_13-d2-HET-UHI-BHI-b5b4fe09a4,TK-PB-Drahi_13-d2-HET-UHI-e201b86fbb-r5,SS-784512b1c103,13,5,lex_phase_5,OPTIMAL,FEASIBLE_POINT,3383.4015167267717,3383.4015167267717,0,163998,163998,251386,453863,5124,0,5124,25620,5124,256,0,0,NaN,0,NaN,0.0,1.0000000000010232,
5,13,TWO_STAGE_RH,LEXMMFPEA,shared_battery_mode_node_level_v1,SI-Drahi_13-d2-HET-UHI-BHI-b5b4fe09a4,TK-PB-Drahi_13-d2-HET-UHI-e201b86fbb-r5,SS-784512b1c103,13,6,economic_tie_break,OPTIMAL,FEASIBLE_POINT,612166.0436142022,612166.0436142022,0,163998,163998,251387,453869,5124,0,5124,25620,5124,256,0,0,NaN,0,NaN,0.0,1.0000000000010232,
5,14,TWO_STAGE_RH,LEXMMFPEA,shared_battery_mode_node_level_v1,SI-Drahi_13-d2-HET-UHI-BHI-b5b4fe09a4,TK-PB-Drahi_13-d2-HET-UHI-e201b86fbb-r5,SS-784512b1c103,13,1,lex_phase_1,OPTIMAL,FEASIBLE_POINT,676.6803033453542,676.6803033453542,0,163998,163998,251382,453839,5124,0,5124,25620,5124,256,0,0,NaN,0,NaN,15.999999999999986,1.0000000000010232,
5,14,TWO_STAGE_RH,LEXMMFPEA,shared_battery_mode_node_level_v1,SI-Drahi_13-d2-HET-UHI-BHI-b5b4fe09a4,TK-PB-Drahi_13-d2-HET-UHI-e201b86fbb-r5,SS-784512b1c103,13,2,lex_phase_2,OPTIMAL,FEASIBLE_POINT,1353.360606690708,1353.360606690708,0,163998,163998,251383,453845,5124,0,5124,25620,5124,256,0,0,NaN,0,NaN,15.999999999999986,1.0000000000010232,
5,14,TWO_STAGE_RH,LEXMMFPEA,shared_battery_mode_node_level_v1,SI-Drahi_13-d2-HET-UHI-BHI-b5b4fe09a4,TK-PB-Drahi_13-d2-HET-UHI-e201b86fbb-r5,SS-784512b1c103,13,3,lex_phase_3,OPTIMAL,FEASIBLE_POINT,2030.040910036062,2030.040910036062,0,163998,163998,251384,453851,5124,0,5124,25620,5124,256,0,0,NaN,0,NaN,15.999999999999986,1.0000000000010232,
5,14,TWO_STAGE_RH,LEXMMFPEA,shared_battery_mode_node_level_v1,SI-Drahi_13-d2-HET-UHI-BHI-b5b4fe09a4,TK-PB-Drahi_13-d2-HET-UHI-e201b86fbb-r5,SS-784512b1c103,13,4,lex_phase_4,OPTIMAL,FEASIBLE_POINT,2706.721213381416,2706.721213381416,0,163998,163998,251385,453857,5124,0,5124,25620,5124,256,0,0,NaN,0,NaN,15.999999999999986,1.0000000000010232,
5,14,TWO_STAGE_RH,LEXMMFPEA,shared_battery_mode_node_level_v1,SI-Drahi_13-d2-HET-UHI-BHI-b5b4fe09a4,TK-PB-Drahi_13-d2-HET-UHI-e201b86fbb-r5,SS-784512b1c103,13,5,lex_phase_5,OPTIMAL,FEASIBLE_POINT,3383.4015167267717,3383.4015167267717,0,163998,163998,251386,453863,5124,0,5124,25620,5124,256,0,0,NaN,0,NaN,15.999999999999986,1.0000000000010232,
5,14,TWO_STAGE_RH,LEXMMFPEA,shared_battery_mode_node_level_v1,SI-Drahi_13-d2-HET-UHI-BHI-b5b4fe09a4,TK-PB-Drahi_13-d2-HET-UHI-e201b86fbb-r5,SS-784512b1c103,13,6,economic_tie_break,OPTIMAL,FEASIBLE_POINT,612166.0436142022,612166.0436142022,0,163998,163998,251387,453869,5124,0,5124,25620,5124,256,0,0,NaN,0,NaN,15.999999999999986,1.0000000000010232,
5,15,TWO_STAGE_RH,LEXMMFPEA,shared_battery_mode_node_level_v1,SI-Drahi_13-d2-HET-UHI-BHI-b5b4fe09a4,TK-PB-Drahi_13-d2-HET-UHI-e201b86fbb-r5,SS-784512b1c103,13,1,lex_phase_1,OPTIMAL,FEASIBLE_POINT,676.6803033453542,676.6803033453542,0,163998,163998,251382,453839,5124,0,5124,25620,5124,256,0,0,NaN,0,NaN,16.0,1.0000000000010232,
5,15,TWO_STAGE_RH,LEXMMFPEA,shared_battery_mode_node_level_v1,SI-Drahi_13-d2-HET-UHI-BHI-b5b4fe09a4,TK-PB-Drahi_13-d2-HET-UHI-e201b86fbb-r5,SS-784512b1c103,13,2,lex_phase_2,OPTIMAL,FEASIBLE_POINT,1353.360606690708,1353.360606690708,0,163998,163998,251383,453845,5124,0,5124,25620,5124,256,0,0,NaN,0,NaN,16.0,1.0000000000010232,
5,15,TWO_STAGE_RH,LEXMMFPEA,shared_battery_mode_node_level_v1,SI-Drahi_13-d2-HET-UHI-BHI-b5b4fe09a4,TK-PB-Drahi_13-d2-HET-UHI-e201b86fbb-r5,SS-784512b1c103,13,3,lex_phase_3,OPTIMAL,FEASIBLE_POINT,2030.040910036062,2030.040910036062,0,163998,163998,251384,453851,5124,0,5124,25620,5124,256,0,0,NaN,0,NaN,16.0,1.0000000000010232,
5,15,TWO_STAGE_RH,LEXMMFPEA,shared_battery_mode_node_level_v1,SI-Drahi_13-d2-HET-UHI-BHI-b5b4fe09a4,TK-PB-Drahi_13-d2-HET-UHI-e201b86fbb-r5,SS-784512b1c103,13,4,lex_phase_4,OPTIMAL,FEASIBLE_POINT,2706.721213381416,2706.721213381416,0,163998,163998,251385,453857,5124,0,5124,25620,5124,256,0,0,NaN,0,NaN,16.0,1.0000000000010232,
5,15,TWO_STAGE_RH,LEXMMFPEA,shared_battery_mode_node_level_v1,SI-Drahi_13-d2-HET-UHI-BHI-b5b4fe09a4,TK-PB-Drahi_13-d2-HET-UHI-e201b86fbb-r5,SS-784512b1c103,13,5,lex_phase_5,OPTIMAL,FEASIBLE_POINT,3383.4015167267717,3383.4015167267717,0,163998,163998,251386,453863,5124,0,5124,25620,5124,256,0,0,NaN,0,NaN,16.0,1.0000000000010232,
5,15,TWO_STAGE_RH,LEXMMFPEA,shared_battery_mode_node_level_v1,SI-Drahi_13-d2-HET-UHI-BHI-b5b4fe09a4,TK-PB-Drahi_13-d2-HET-UHI-e201b86fbb-r5,SS-784512b1c103,13,6,economic_tie_break,OPTIMAL,FEASIBLE_POINT,612166.0436142022,612166.0436142022,0,163998,163998,251387,453869,5124,0,5124,25620,5124,256,0,0,NaN,0,NaN,16.0,1.0000000000010232,
5,16,TWO_STAGE_RH,LEXMMFPEA,shared_battery_mode_node_level_v1,SI-Drahi_13-d2-HET-UHI-BHI-b5b4fe09a4,TK-PB-Drahi_13-d2-HET-UHI-e201b86fbb-r5,SS-784512b1c103,13,1,lex_phase_1,OPTIMAL,FEASIBLE_POINT,676.6803033453542,676.6803033453542,0,163998,163998,251382,453839,5124,0,5124,25620,5124,256,0,0,NaN,0,NaN,0.0,1.0000000000010232,
5,16,TWO_STAGE_RH,LEXMMFPEA,shared_battery_mode_node_level_v1,SI-Drahi_13-d2-HET-UHI-BHI-b5b4fe09a4,TK-PB-Drahi_13-d2-HET-UHI-e201b86fbb-r5,SS-784512b1c103,13,2,lex_phase_2,OPTIMAL,FEASIBLE_POINT,1353.360606690708,1353.360606690708,0,163998,163998,251383,453845,5124,0,5124,25620,5124,256,0,0,NaN,0,NaN,0.0,1.0000000000010232,
5,16,TWO_STAGE_RH,LEXMMFPEA,shared_battery_mode_node_level_v1,SI-Drahi_13-d2-HET-UHI-BHI-b5b4fe09a4,TK-PB-Drahi_13-d2-HET-UHI-e201b86fbb-r5,SS-784512b1c103,13,3,lex_phase_3,OPTIMAL,FEASIBLE_POINT,2030.040910036062,2030.040910036062,0,163998,163998,251384,453851,5124,0,5124,25620,5124,256,0,0,NaN,0,NaN,0.0,1.0000000000010232,
5,16,TWO_STAGE_RH,LEXMMFPEA,shared_battery_mode_node_level_v1,SI-Drahi_13-d2-HET-UHI-BHI-b5b4fe09a4,TK-PB-Drahi_13-d2-HET-UHI-e201b86fbb-r5,SS-784512b1c103,13,4,lex_phase_4,OPTIMAL,FEASIBLE_POINT,2706.721213381416,2706.721213381416,0,163998,163998,251385,453857,5124,0,5124,25620,5124,256,0,0,NaN,0,NaN,0.0,1.0000000000010232,
5,16,TWO_STAGE_RH,LEXMMFPEA,shared_battery_mode_node_level_v1,SI-Drahi_13-d2-HET-UHI-BHI-b5b4fe09a4,TK-PB-Drahi_13-d2-HET-UHI-e201b86fbb-r5,SS-784512b1c103,13,5,lex_phase_5,OPTIMAL,FEASIBLE_POINT,3383.4015167267717,3383.4015167267717,0,163998,163998,251386,453863,5124,0,5124,25620,5124,256,0,0,NaN,0,NaN,0.0,1.0000000000010232,
5,16,TWO_STAGE_RH,LEXMMFPEA,shared_battery_mode_node_level_v1,SI-Drahi_13-d2-HET-UHI-BHI-b5b4fe09a4,TK-PB-Drahi_13-d2-HET-UHI-e201b86fbb-r5,SS-784512b1c103,13,6,economic_tie_break,OPTIMAL,FEASIBLE_POINT,612166.0436142022,612166.0436142022,0,163998,163998,251387,453869,5124,0,5124,25620,5124,256,0,0,NaN,0,NaN,0.0,1.0000000000010232,
5,17,TWO_STAGE_RH,LEXMMFPEA,shared_battery_mode_node_level_v1,SI-Drahi_13-d2-HET-UHI-BHI-b5b4fe09a4,TK-PB-Drahi_13-d2-HET-UHI-e201b86fbb-r5,SS-ced84ca7a4eb,17,1,lex_phase_1,OPTIMAL,FEASIBLE_POINT,853.1242074416709,853.1242074416709,0,163998,163998,251382,454819,5124,0,5124,25620,5124,256,0,0,NaN,0,NaN,0.0,1.0000000000006821,
5,17,TWO_STAGE_RH,LEXMMFPEA,shared_battery_mode_node_level_v1,SI-Drahi_13-d2-HET-UHI-BHI-b5b4fe09a4,TK-PB-Drahi_13-d2-HET-UHI-e201b86fbb-r5,SS-ced84ca7a4eb,17,2,lex_phase_2,OPTIMAL,FEASIBLE_POINT,1706.2484148833425,1706.2484148833425,0,163998,163998,251383,454825,5124,0,5124,25620,5124,256,0,0,NaN,0,NaN,0.0,1.0000000000006821,
5,17,TWO_STAGE_RH,LEXMMFPEA,shared_battery_mode_node_level_v1,SI-Drahi_13-d2-HET-UHI-BHI-b5b4fe09a4,TK-PB-Drahi_13-d2-HET-UHI-e201b86fbb-r5,SS-ced84ca7a4eb,17,3,lex_phase_3,OPTIMAL,FEASIBLE_POINT,2559.3726223250137,2559.3726223250137,0,163998,163998,251384,454831,5124,0,5124,25620,5124,256,0,0,NaN,0,NaN,0.0,1.0000000000006821,
5,17,TWO_STAGE_RH,LEXMMFPEA,shared_battery_mode_node_level_v1,SI-Drahi_13-d2-HET-UHI-BHI-b5b4fe09a4,TK-PB-Drahi_13-d2-HET-UHI-e201b86fbb-r5,SS-ced84ca7a4eb,17,4,lex_phase_4,OPTIMAL,FEASIBLE_POINT,3412.496829766685,3412.496829766685,0,163998,163998,251385,454837,5124,0,5124,25620,5124,256,0,0,NaN,0,NaN,0.0,1.0000000000006821,
5,17,TWO_STAGE_RH,LEXMMFPEA,shared_battery_mode_node_level_v1,SI-Drahi_13-d2-HET-UHI-BHI-b5b4fe09a4,TK-PB-Drahi_13-d2-HET-UHI-e201b86fbb-r5,SS-ced84ca7a4eb,17,5,lex_phase_5,OPTIMAL,FEASIBLE_POINT,4265.621037208358,4265.621037208358,0,163998,163998,251386,454843,5124,0,5124,25620,5124,256,0,0,NaN,0,NaN,0.0,1.0000000000006821,
5,17,TWO_STAGE_RH,LEXMMFPEA,shared_battery_mode_node_level_v1,SI-Drahi_13-d2-HET-UHI-BHI-b5b4fe09a4,TK-PB-Drahi_13-d2-HET-UHI-e201b86fbb-r5,SS-ced84ca7a4eb,17,6,economic_tie_break,OPTIMAL,FEASIBLE_POINT,615056.7574667288,615056.7574667288,0,163998,163998,251387,454849,5124,0,5124,25620,5124,256,0,0,NaN,0,NaN,0.0,1.0000000000006821,
5,18,TWO_STAGE_RH,LEXMMFPEA,shared_battery_mode_node_level_v1,SI-Drahi_13-d2-HET-UHI-BHI-b5b4fe09a4,TK-PB-Drahi_13-d2-HET-UHI-e201b86fbb-r5,SS-ced84ca7a4eb,17,1,lex_phase_1,OPTIMAL,FEASIBLE_POINT,853.1242074416709,853.1242074416709,0,163998,163998,251382,454819,5124,0,5124,25620,5124,256,0,0,NaN,0,NaN,0.0,1.0000000000006821,
5,18,TWO_STAGE_RH,LEXMMFPEA,shared_battery_mode_node_level_v1,SI-Drahi_13-d2-HET-UHI-BHI-b5b4fe09a4,TK-PB-Drahi_13-d2-HET-UHI-e201b86fbb-r5,SS-ced84ca7a4eb,17,2,lex_phase_2,OPTIMAL,FEASIBLE_POINT,1706.2484148833425,1706.2484148833425,0,163998,163998,251383,454825,5124,0,5124,25620,5124,256,0,0,NaN,0,NaN,0.0,1.0000000000006821,
5,18,TWO_STAGE_RH,LEXMMFPEA,shared_battery_mode_node_level_v1,SI-Drahi_13-d2-HET-UHI-BHI-b5b4fe09a4,TK-PB-Drahi_13-d2-HET-UHI-e201b86fbb-r5,SS-ced84ca7a4eb,17,3,lex_phase_3,OPTIMAL,FEASIBLE_POINT,2559.3726223250137,2559.3726223250137,0,163998,163998,251384,454831,5124,0,5124,25620,5124,256,0,0,NaN,0,NaN,0.0,1.0000000000006821,
5,18,TWO_STAGE_RH,LEXMMFPEA,shared_battery_mode_node_level_v1,SI-Drahi_13-d2-HET-UHI-BHI-b5b4fe09a4,TK-PB-Drahi_13-d2-HET-UHI-e201b86fbb-r5,SS-ced84ca7a4eb,17,4,lex_phase_4,OPTIMAL,FEASIBLE_POINT,3412.496829766685,3412.496829766685,0,163998,163998,251385,454837,5124,0,5124,25620,5124,256,0,0,NaN,0,NaN,0.0,1.0000000000006821,
5,18,TWO_STAGE_RH,LEXMMFPEA,shared_battery_mode_node_level_v1,SI-Drahi_13-d2-HET-UHI-BHI-b5b4fe09a4,TK-PB-Drahi_13-d2-HET-UHI-e201b86fbb-r5,SS-ced84ca7a4eb,17,5,lex_phase_5,OPTIMAL,FEASIBLE_POINT,4265.621037208358,4265.621037208358,0,163998,163998,251386,454843,5124,0,5124,25620,5124,256,0,0,NaN,0,NaN,0.0,1.0000000000006821,
5,18,TWO_STAGE_RH,LEXMMFPEA,shared_battery_mode_node_level_v1,SI-Drahi_13-d2-HET-UHI-BHI-b5b4fe09a4,TK-PB-Drahi_13-d2-HET-UHI-e201b86fbb-r5,SS-ced84ca7a4eb,17,6,economic_tie_break,OPTIMAL,FEASIBLE_POINT,615056.7574667288,615056.7574667288,0,163998,163998,251387,454849,5124,0,5124,25620,5124,256,0,0,NaN,0,NaN,0.0,1.0000000000006821,
5,19,TWO_STAGE_RH,LEXMMFPEA,shared_battery_mode_node_level_v1,SI-Drahi_13-d2-HET-UHI-BHI-b5b4fe09a4,TK-PB-Drahi_13-d2-HET-UHI-e201b86fbb-r5,SS-ced84ca7a4eb,17,1,lex_phase_1,OPTIMAL,FEASIBLE_POINT,853.1242074416709,853.1242074416709,0,163998,163998,251382,454819,5124,0,5124,25620,5124,256,0,0,NaN,0,NaN,0.0,1.0000000000006821,
5,19,TWO_STAGE_RH,LEXMMFPEA,shared_battery_mode_node_level_v1,SI-Drahi_13-d2-HET-UHI-BHI-b5b4fe09a4,TK-PB-Drahi_13-d2-HET-UHI-e201b86fbb-r5,SS-ced84ca7a4eb,17,2,lex_phase_2,OPTIMAL,FEASIBLE_POINT,1706.2484148833425,1706.2484148833425,0,163998,163998,251383,454825,5124,0,5124,25620,5124,256,0,0,NaN,0,NaN,0.0,1.0000000000006821,
5,19,TWO_STAGE_RH,LEXMMFPEA,shared_battery_mode_node_level_v1,SI-Drahi_13-d2-HET-UHI-BHI-b5b4fe09a4,TK-PB-Drahi_13-d2-HET-UHI-e201b86fbb-r5,SS-ced84ca7a4eb,17,3,lex_phase_3,OPTIMAL,FEASIBLE_POINT,2559.3726223250137,2559.3726223250137,0,163998,163998,251384,454831,5124,0,5124,25620,5124,256,0,0,NaN,0,NaN,0.0,1.0000000000006821,
5,19,TWO_STAGE_RH,LEXMMFPEA,shared_battery_mode_node_level_v1,SI-Drahi_13-d2-HET-UHI-BHI-b5b4fe09a4,TK-PB-Drahi_13-d2-HET-UHI-e201b86fbb-r5,SS-ced84ca7a4eb,17,4,lex_phase_4,OPTIMAL,FEASIBLE_POINT,3412.496829766685,3412.496829766685,0,163998,163998,251385,454837,5124,0,5124,25620,5124,256,0,0,NaN,0,NaN,0.0,1.0000000000006821,
5,19,TWO_STAGE_RH,LEXMMFPEA,shared_battery_mode_node_level_v1,SI-Drahi_13-d2-HET-UHI-BHI-b5b4fe09a4,TK-PB-Drahi_13-d2-HET-UHI-e201b86fbb-r5,SS-ced84ca7a4eb,17,5,lex_phase_5,OPTIMAL,FEASIBLE_POINT,4265.621037208358,4265.621037208358,0,163998,163998,251386,454843,5124,0,5124,25620,5124,256,0,0,NaN,0,NaN,0.0,1.0000000000006821,
5,19,TWO_STAGE_RH,LEXMMFPEA,shared_battery_mode_node_level_v1,SI-Drahi_13-d2-HET-UHI-BHI-b5b4fe09a4,TK-PB-Drahi_13-d2-HET-UHI-e201b86fbb-r5,SS-ced84ca7a4eb,17,6,economic_tie_break,OPTIMAL,FEASIBLE_POINT,615056.7574667288,615056.7574667288,0,163998,163998,251387,454849,5124,0,5124,25620,5124,256,0,0,NaN,0,NaN,0.0,1.0000000000006821,
5,20,TWO_STAGE_RH,LEXMMFPEA,shared_battery_mode_node_level_v1,SI-Drahi_13-d2-HET-UHI-BHI-b5b4fe09a4,TK-PB-Drahi_13-d2-HET-UHI-e201b86fbb-r5,SS-ced84ca7a4eb,17,1,lex_phase_1,OPTIMAL,FEASIBLE_POINT,853.1242074416709,853.1242074416709,0,163998,163998,251382,454819,5124,0,5124,25620,5124,256,0,0,NaN,0,NaN,0.0,1.0000000000006821,
5,20,TWO_STAGE_RH,LEXMMFPEA,shared_battery_mode_node_level_v1,SI-Drahi_13-d2-HET-UHI-BHI-b5b4fe09a4,TK-PB-Drahi_13-d2-HET-UHI-e201b86fbb-r5,SS-ced84ca7a4eb,17,2,lex_phase_2,OPTIMAL,FEASIBLE_POINT,1706.2484148833425,1706.2484148833425,0,163998,163998,251383,454825,5124,0,5124,25620,5124,256,0,0,NaN,0,NaN,0.0,1.0000000000006821,
5,20,TWO_STAGE_RH,LEXMMFPEA,shared_battery_mode_node_level_v1,SI-Drahi_13-d2-HET-UHI-BHI-b5b4fe09a4,TK-PB-Drahi_13-d2-HET-UHI-e201b86fbb-r5,SS-ced84ca7a4eb,17,3,lex_phase_3,OPTIMAL,FEASIBLE_POINT,2559.3726223250137,2559.3726223250137,0,163998,163998,251384,454831,5124,0,5124,25620,5124,256,0,0,NaN,0,NaN,0.0,1.0000000000006821,
5,20,TWO_STAGE_RH,LEXMMFPEA,shared_battery_mode_node_level_v1,SI-Drahi_13-d2-HET-UHI-BHI-b5b4fe09a4,TK-PB-Drahi_13-d2-HET-UHI-e201b86fbb-r5,SS-ced84ca7a4eb,17,4,lex_phase_4,OPTIMAL,FEASIBLE_POINT,3412.496829766685,3412.496829766685,0,163998,163998,251385,454837,5124,0,5124,25620,5124,256,0,0,NaN,0,NaN,0.0,1.0000000000006821,
5,20,TWO_STAGE_RH,LEXMMFPEA,shared_battery_mode_node_level_v1,SI-Drahi_13-d2-HET-UHI-BHI-b5b4fe09a4,TK-PB-Drahi_13-d2-HET-UHI-e201b86fbb-r5,SS-ced84ca7a4eb,17,5,lex_phase_5,OPTIMAL,FEASIBLE_POINT,4265.621037208358,4265.621037208358,0,163998,163998,251386,454843,5124,0,5124,25620,5124,256,0,0,NaN,0,NaN,0.0,1.0000000000006821,
5,20,TWO_STAGE_RH,LEXMMFPEA,shared_battery_mode_node_level_v1,SI-Drahi_13-d2-HET-UHI-BHI-b5b4fe09a4,TK-PB-Drahi_13-d2-HET-UHI-e201b86fbb-r5,SS-ced84ca7a4eb,17,6,economic_tie_break,OPTIMAL,FEASIBLE_POINT,615056.7574667288,615056.7574667288,0,163998,163998,251387,454849,5124,0,5124,25620,5124,256,0,0,NaN,0,NaN,0.0,1.0000000000006821,
5,21,TWO_STAGE_RH,LEXMMFPEA,shared_battery_mode_node_level_v1,SI-Drahi_13-d2-HET-UHI-BHI-b5b4fe09a4,TK-PB-Drahi_13-d2-HET-UHI-e201b86fbb-r5,SS-fec72d83146f,21,1,lex_phase_1,OPTIMAL,FEASIBLE_POINT,832.602278347358,832.602278347358,0,163998,163998,251382,457374,5124,0,5124,25620,5124,256,0,0,NaN,0,NaN,0.0,1.0000000000009095,
5,21,TWO_STAGE_RH,LEXMMFPEA,shared_battery_mode_node_level_v1,SI-Drahi_13-d2-HET-UHI-BHI-b5b4fe09a4,TK-PB-Drahi_13-d2-HET-UHI-e201b86fbb-r5,SS-fec72d83146f,21,2,lex_phase_2,OPTIMAL,FEASIBLE_POINT,1665.2045566947163,1665.2045566947163,0,163998,163998,251383,457380,5124,0,5124,25620,5124,256,0,0,NaN,0,NaN,0.0,1.0000000000009095,
5,21,TWO_STAGE_RH,LEXMMFPEA,shared_battery_mode_node_level_v1,SI-Drahi_13-d2-HET-UHI-BHI-b5b4fe09a4,TK-PB-Drahi_13-d2-HET-UHI-e201b86fbb-r5,SS-fec72d83146f,21,3,lex_phase_3,OPTIMAL,FEASIBLE_POINT,2497.8068350420745,2497.8068350420745,0,163998,163998,251384,457386,5124,0,5124,25620,5124,256,0,0,NaN,0,NaN,0.0,1.0000000000009095,
5,21,TWO_STAGE_RH,LEXMMFPEA,shared_battery_mode_node_level_v1,SI-Drahi_13-d2-HET-UHI-BHI-b5b4fe09a4,TK-PB-Drahi_13-d2-HET-UHI-e201b86fbb-r5,SS-fec72d83146f,21,4,lex_phase_4,OPTIMAL,FEASIBLE_POINT,3330.4091133894326,3330.4091133894326,0,163998,163998,251385,457392,5124,0,5124,25620,5124,256,0,0,NaN,0,NaN,0.0,1.0000000000009095,
5,21,TWO_STAGE_RH,LEXMMFPEA,shared_battery_mode_node_level_v1,SI-Drahi_13-d2-HET-UHI-BHI-b5b4fe09a4,TK-PB-Drahi_13-d2-HET-UHI-e201b86fbb-r5,SS-fec72d83146f,21,5,lex_phase_5,OPTIMAL,FEASIBLE_POINT,4163.011391736791,4163.011391736791,0,163998,163998,251386,457398,5124,0,5124,25620,5124,256,0,0,NaN,0,NaN,0.0,1.0000000000009095,
5,21,TWO_STAGE_RH,LEXMMFPEA,shared_battery_mode_node_level_v1,SI-Drahi_13-d2-HET-UHI-BHI-b5b4fe09a4,TK-PB-Drahi_13-d2-HET-UHI-e201b86fbb-r5,SS-fec72d83146f,21,6,economic_tie_break,OPTIMAL,FEASIBLE_POINT,630846.5250588146,630846.5250588146,0,163998,163998,251387,457404,5124,0,5124,25620,5124,256,0,0,NaN,0,NaN,0.0,1.0000000000009095,
5,22,TWO_STAGE_RH,LEXMMFPEA,shared_battery_mode_node_level_v1,SI-Drahi_13-d2-HET-UHI-BHI-b5b4fe09a4,TK-PB-Drahi_13-d2-HET-UHI-e201b86fbb-r5,SS-fec72d83146f,21,1,lex_phase_1,OPTIMAL,FEASIBLE_POINT,832.602278347358,832.602278347358,0,163998,163998,251382,457374,5124,0,5124,25620,5124,256,0,0,NaN,0,NaN,0.0,1.0000000000009095,
5,22,TWO_STAGE_RH,LEXMMFPEA,shared_battery_mode_node_level_v1,SI-Drahi_13-d2-HET-UHI-BHI-b5b4fe09a4,TK-PB-Drahi_13-d2-HET-UHI-e201b86fbb-r5,SS-fec72d83146f,21,2,lex_phase_2,OPTIMAL,FEASIBLE_POINT,1665.2045566947163,1665.2045566947163,0,163998,163998,251383,457380,5124,0,5124,25620,5124,256,0,0,NaN,0,NaN,0.0,1.0000000000009095,
5,22,TWO_STAGE_RH,LEXMMFPEA,shared_battery_mode_node_level_v1,SI-Drahi_13-d2-HET-UHI-BHI-b5b4fe09a4,TK-PB-Drahi_13-d2-HET-UHI-e201b86fbb-r5,SS-fec72d83146f,21,3,lex_phase_3,OPTIMAL,FEASIBLE_POINT,2497.8068350420745,2497.8068350420745,0,163998,163998,251384,457386,5124,0,5124,25620,5124,256,0,0,NaN,0,NaN,0.0,1.0000000000009095,
5,22,TWO_STAGE_RH,LEXMMFPEA,shared_battery_mode_node_level_v1,SI-Drahi_13-d2-HET-UHI-BHI-b5b4fe09a4,TK-PB-Drahi_13-d2-HET-UHI-e201b86fbb-r5,SS-fec72d83146f,21,4,lex_phase_4,OPTIMAL,FEASIBLE_POINT,3330.4091133894326,3330.4091133894326,0,163998,163998,251385,457392,5124,0,5124,25620,5124,256,0,0,NaN,0,NaN,0.0,1.0000000000009095,
5,22,TWO_STAGE_RH,LEXMMFPEA,shared_battery_mode_node_level_v1,SI-Drahi_13-d2-HET-UHI-BHI-b5b4fe09a4,TK-PB-Drahi_13-d2-HET-UHI-e201b86fbb-r5,SS-fec72d83146f,21,5,lex_phase_5,OPTIMAL,FEASIBLE_POINT,4163.011391736791,4163.011391736791,0,163998,163998,251386,457398,5124,0,5124,25620,5124,256,0,0,NaN,0,NaN,0.0,1.0000000000009095,
5,22,TWO_STAGE_RH,LEXMMFPEA,shared_battery_mode_node_level_v1,SI-Drahi_13-d2-HET-UHI-BHI-b5b4fe09a4,TK-PB-Drahi_13-d2-HET-UHI-e201b86fbb-r5,SS-fec72d83146f,21,6,economic_tie_break,OPTIMAL,FEASIBLE_POINT,630846.5250588146,630846.5250588146,0,163998,163998,251387,457404,5124,0,5124,25620,5124,256,0,0,NaN,0,NaN,0.0,1.0000000000009095,
5,23,TWO_STAGE_RH,LEXMMFPEA,shared_battery_mode_node_level_v1,SI-Drahi_13-d2-HET-UHI-BHI-b5b4fe09a4,TK-PB-Drahi_13-d2-HET-UHI-e201b86fbb-r5,SS-fec72d83146f,21,1,lex_phase_1,OPTIMAL,FEASIBLE_POINT,832.602278347358,832.602278347358,0,163998,163998,251382,457374,5124,0,5124,25620,5124,256,0,0,NaN,0,NaN,0.0,1.0000000000009095,
5,23,TWO_STAGE_RH,LEXMMFPEA,shared_battery_mode_node_level_v1,SI-Drahi_13-d2-HET-UHI-BHI-b5b4fe09a4,TK-PB-Drahi_13-d2-HET-UHI-e201b86fbb-r5,SS-fec72d83146f,21,2,lex_phase_2,OPTIMAL,FEASIBLE_POINT,1665.2045566947163,1665.2045566947163,0,163998,163998,251383,457380,5124,0,5124,25620,5124,256,0,0,NaN,0,NaN,0.0,1.0000000000009095,
5,23,TWO_STAGE_RH,LEXMMFPEA,shared_battery_mode_node_level_v1,SI-Drahi_13-d2-HET-UHI-BHI-b5b4fe09a4,TK-PB-Drahi_13-d2-HET-UHI-e201b86fbb-r5,SS-fec72d83146f,21,3,lex_phase_3,OPTIMAL,FEASIBLE_POINT,2497.8068350420745,2497.8068350420745,0,163998,163998,251384,457386,5124,0,5124,25620,5124,256,0,0,NaN,0,NaN,0.0,1.0000000000009095,
5,23,TWO_STAGE_RH,LEXMMFPEA,shared_battery_mode_node_level_v1,SI-Drahi_13-d2-HET-UHI-BHI-b5b4fe09a4,TK-PB-Drahi_13-d2-HET-UHI-e201b86fbb-r5,SS-fec72d83146f,21,4,lex_phase_4,OPTIMAL,FEASIBLE_POINT,3330.4091133894326,3330.4091133894326,0,163998,163998,251385,457392,5124,0,5124,25620,5124,256,0,0,NaN,0,NaN,0.0,1.0000000000009095,
5,23,TWO_STAGE_RH,LEXMMFPEA,shared_battery_mode_node_level_v1,SI-Drahi_13-d2-HET-UHI-BHI-b5b4fe09a4,TK-PB-Drahi_13-d2-HET-UHI-e201b86fbb-r5,SS-fec72d83146f,21,5,lex_phase_5,OPTIMAL,FEASIBLE_POINT,4163.011391736791,4163.011391736791,0,163998,163998,251386,457398,5124,0,5124,25620,5124,256,0,0,NaN,0,NaN,0.0,1.0000000000009095,
5,23,TWO_STAGE_RH,LEXMMFPEA,shared_battery_mode_node_level_v1,SI-Drahi_13-d2-HET-UHI-BHI-b5b4fe09a4,TK-PB-Drahi_13-d2-HET-UHI-e201b86fbb-r5,SS-fec72d83146f,21,6,economic_tie_break,OPTIMAL,FEASIBLE_POINT,630846.5250588146,630846.5250588146,0,163998,163998,251387,457404,5124,0,5124,25620,5124,256,0,0,NaN,0,NaN,0.0,1.0000000000009095,
5,24,TWO_STAGE_RH,LEXMMFPEA,shared_battery_mode_node_level_v1,SI-Drahi_13-d2-HET-UHI-BHI-b5b4fe09a4,TK-PB-Drahi_13-d2-HET-UHI-e201b86fbb-r5,SS-fec72d83146f,21,1,lex_phase_1,OPTIMAL,FEASIBLE_POINT,832.602278347358,832.602278347358,0,163998,163998,251382,457374,5124,0,5124,25620,5124,256,0,0,NaN,0,NaN,0.0,1.0000000000009095,
5,24,TWO_STAGE_RH,LEXMMFPEA,shared_battery_mode_node_level_v1,SI-Drahi_13-d2-HET-UHI-BHI-b5b4fe09a4,TK-PB-Drahi_13-d2-HET-UHI-e201b86fbb-r5,SS-fec72d83146f,21,2,lex_phase_2,OPTIMAL,FEASIBLE_POINT,1665.2045566947163,1665.2045566947163,0,163998,163998,251383,457380,5124,0,5124,25620,5124,256,0,0,NaN,0,NaN,0.0,1.0000000000009095,
5,24,TWO_STAGE_RH,LEXMMFPEA,shared_battery_mode_node_level_v1,SI-Drahi_13-d2-HET-UHI-BHI-b5b4fe09a4,TK-PB-Drahi_13-d2-HET-UHI-e201b86fbb-r5,SS-fec72d83146f,21,3,lex_phase_3,OPTIMAL,FEASIBLE_POINT,2497.8068350420745,2497.8068350420745,0,163998,163998,251384,457386,5124,0,5124,25620,5124,256,0,0,NaN,0,NaN,0.0,1.0000000000009095,
5,24,TWO_STAGE_RH,LEXMMFPEA,shared_battery_mode_node_level_v1,SI-Drahi_13-d2-HET-UHI-BHI-b5b4fe09a4,TK-PB-Drahi_13-d2-HET-UHI-e201b86fbb-r5,SS-fec72d83146f,21,4,lex_phase_4,OPTIMAL,FEASIBLE_POINT,3330.4091133894326,3330.4091133894326,0,163998,163998,251385,457392,5124,0,5124,25620,5124,256,0,0,NaN,0,NaN,0.0,1.0000000000009095,
5,24,TWO_STAGE_RH,LEXMMFPEA,shared_battery_mode_node_level_v1,SI-Drahi_13-d2-HET-UHI-BHI-b5b4fe09a4,TK-PB-Drahi_13-d2-HET-UHI-e201b86fbb-r5,SS-fec72d83146f,21,5,lex_phase_5,OPTIMAL,FEASIBLE_POINT,4163.011391736791,4163.011391736791,0,163998,163998,251386,457398,5124,0,5124,25620,5124,256,0,0,NaN,0,NaN,0.0,1.0000000000009095,
5,24,TWO_STAGE_RH,LEXMMFPEA,shared_battery_mode_node_level_v1,SI-Drahi_13-d2-HET-UHI-BHI-b5b4fe09a4,TK-PB-Drahi_13-d2-HET-UHI-e201b86fbb-r5,SS-fec72d83146f,21,6,economic_tie_break,OPTIMAL,FEASIBLE_POINT,630846.5250588146,630846.5250588146,0,163998,163998,251387,457404,5124,0,5124,25620,5124,256,0,0,NaN,0,NaN,0.0,1.0000000000009095,
5,1,TWO_STAGE_RH,LEXMMFSA,shared_battery_mode_node_level_v1,SI-Drahi_13-d2-HET-UHI-BHI-b5b4fe09a4,TK-PB-Drahi_13-d2-HET-UHI-e201b86fbb-r5,SS-b6fde45dba3b,1,1,lex_phase_1,OPTIMAL,FEASIBLE_POINT,40813.716276681575,40813.716276681575,0,163998,163998,251382,715939,5124,0,5124,25620,5124,256,0,0,NaN,0,NaN,0.0,0.9999999997744453,
5,1,TWO_STAGE_RH,LEXMMFSA,shared_battery_mode_node_level_v1,SI-Drahi_13-d2-HET-UHI-BHI-b5b4fe09a4,TK-PB-Drahi_13-d2-HET-UHI-e201b86fbb-r5,SS-b6fde45dba3b,1,2,lex_phase_2,OPTIMAL,FEASIBLE_POINT,81627.43255336133,81627.43255336133,0,163998,163998,251383,715945,5124,0,5124,25620,5124,256,0,0,NaN,0,NaN,0.0,0.9999999997744453,
5,1,TWO_STAGE_RH,LEXMMFSA,shared_battery_mode_node_level_v1,SI-Drahi_13-d2-HET-UHI-BHI-b5b4fe09a4,TK-PB-Drahi_13-d2-HET-UHI-e201b86fbb-r5,SS-b6fde45dba3b,1,3,lex_phase_3,OPTIMAL,FEASIBLE_POINT,122446.67691291419,122446.67691291419,0,163998,163998,251384,715951,5124,0,5124,25620,5124,256,0,0,NaN,0,NaN,0.0,0.9999999997744453,
5,1,TWO_STAGE_RH,LEXMMFSA,shared_battery_mode_node_level_v1,SI-Drahi_13-d2-HET-UHI-BHI-b5b4fe09a4,TK-PB-Drahi_13-d2-HET-UHI-e201b86fbb-r5,SS-b6fde45dba3b,1,4,lex_phase_4,OPTIMAL,FEASIBLE_POINT,163266.9212724608,163266.9212724608,0,163998,163998,251385,715957,5124,0,5124,25620,5124,256,0,0,NaN,0,NaN,0.0,0.9999999997744453,
5,1,TWO_STAGE_RH,LEXMMFSA,shared_battery_mode_node_level_v1,SI-Drahi_13-d2-HET-UHI-BHI-b5b4fe09a4,TK-PB-Drahi_13-d2-HET-UHI-e201b86fbb-r5,SS-b6fde45dba3b,1,5,lex_phase_5,OPTIMAL,FEASIBLE_POINT,204087.24172655802,204087.24172655802,0,163998,163998,251386,715963,5124,0,5124,25620,5124,256,0,0,NaN,0,NaN,0.0,0.9999999997744453,
5,1,TWO_STAGE_RH,LEXMMFSA,shared_battery_mode_node_level_v1,SI-Drahi_13-d2-HET-UHI-BHI-b5b4fe09a4,TK-PB-Drahi_13-d2-HET-UHI-e201b86fbb-r5,SS-b6fde45dba3b,1,6,economic_tie_break,OPTIMAL,FEASIBLE_POINT,716741.4137679379,716741.4137679379,0,163998,163998,251387,715969,5124,0,5124,25620,5124,256,0,0,NaN,0,NaN,0.0,0.9999999997744453,
5,2,TWO_STAGE_RH,LEXMMFSA,shared_battery_mode_node_level_v1,SI-Drahi_13-d2-HET-UHI-BHI-b5b4fe09a4,TK-PB-Drahi_13-d2-HET-UHI-e201b86fbb-r5,SS-b6fde45dba3b,1,1,lex_phase_1,OPTIMAL,FEASIBLE_POINT,40813.716276681575,40813.716276681575,0,163998,163998,251382,715939,5124,0,5124,25620,5124,256,0,0,NaN,0,NaN,3.27989487516426,0.9999999997744453,
5,2,TWO_STAGE_RH,LEXMMFSA,shared_battery_mode_node_level_v1,SI-Drahi_13-d2-HET-UHI-BHI-b5b4fe09a4,TK-PB-Drahi_13-d2-HET-UHI-e201b86fbb-r5,SS-b6fde45dba3b,1,2,lex_phase_2,OPTIMAL,FEASIBLE_POINT,81627.43255336133,81627.43255336133,0,163998,163998,251383,715945,5124,0,5124,25620,5124,256,0,0,NaN,0,NaN,3.27989487516426,0.9999999997744453,
5,2,TWO_STAGE_RH,LEXMMFSA,shared_battery_mode_node_level_v1,SI-Drahi_13-d2-HET-UHI-BHI-b5b4fe09a4,TK-PB-Drahi_13-d2-HET-UHI-e201b86fbb-r5,SS-b6fde45dba3b,1,3,lex_phase_3,OPTIMAL,FEASIBLE_POINT,122446.67691291419,122446.67691291419,0,163998,163998,251384,715951,5124,0,5124,25620,5124,256,0,0,NaN,0,NaN,3.27989487516426,0.9999999997744453,
5,2,TWO_STAGE_RH,LEXMMFSA,shared_battery_mode_node_level_v1,SI-Drahi_13-d2-HET-UHI-BHI-b5b4fe09a4,TK-PB-Drahi_13-d2-HET-UHI-e201b86fbb-r5,SS-b6fde45dba3b,1,4,lex_phase_4,OPTIMAL,FEASIBLE_POINT,163266.9212724608,163266.9212724608,0,163998,163998,251385,715957,5124,0,5124,25620,5124,256,0,0,NaN,0,NaN,3.27989487516426,0.9999999997744453,
5,2,TWO_STAGE_RH,LEXMMFSA,shared_battery_mode_node_level_v1,SI-Drahi_13-d2-HET-UHI-BHI-b5b4fe09a4,TK-PB-Drahi_13-d2-HET-UHI-e201b86fbb-r5,SS-b6fde45dba3b,1,5,lex_phase_5,OPTIMAL,FEASIBLE_POINT,204087.24172655802,204087.24172655802,0,163998,163998,251386,715963,5124,0,5124,25620,5124,256,0,0,NaN,0,NaN,3.27989487516426,0.9999999997744453,
5,2,TWO_STAGE_RH,LEXMMFSA,shared_battery_mode_node_level_v1,SI-Drahi_13-d2-HET-UHI-BHI-b5b4fe09a4,TK-PB-Drahi_13-d2-HET-UHI-e201b86fbb-r5,SS-b6fde45dba3b,1,6,economic_tie_break,OPTIMAL,FEASIBLE_POINT,716741.4137679379,716741.4137679379,0,163998,163998,251387,715969,5124,0,5124,25620,5124,256,0,0,NaN,0,NaN,3.27989487516426,0.9999999997744453,
5,3,TWO_STAGE_RH,LEXMMFSA,shared_battery_mode_node_level_v1,SI-Drahi_13-d2-HET-UHI-BHI-b5b4fe09a4,TK-PB-Drahi_13-d2-HET-UHI-e201b86fbb-r5,SS-b6fde45dba3b,1,1,lex_phase_1,OPTIMAL,FEASIBLE_POINT,40813.716276681575,40813.716276681575,0,163998,163998,251382,715939,5124,0,5124,25620,5124,256,0,0,NaN,0,NaN,0.0,0.9999999997744453,
5,3,TWO_STAGE_RH,LEXMMFSA,shared_battery_mode_node_level_v1,SI-Drahi_13-d2-HET-UHI-BHI-b5b4fe09a4,TK-PB-Drahi_13-d2-HET-UHI-e201b86fbb-r5,SS-b6fde45dba3b,1,2,lex_phase_2,OPTIMAL,FEASIBLE_POINT,81627.43255336133,81627.43255336133,0,163998,163998,251383,715945,5124,0,5124,25620,5124,256,0,0,NaN,0,NaN,0.0,0.9999999997744453,
5,3,TWO_STAGE_RH,LEXMMFSA,shared_battery_mode_node_level_v1,SI-Drahi_13-d2-HET-UHI-BHI-b5b4fe09a4,TK-PB-Drahi_13-d2-HET-UHI-e201b86fbb-r5,SS-b6fde45dba3b,1,3,lex_phase_3,OPTIMAL,FEASIBLE_POINT,122446.67691291419,122446.67691291419,0,163998,163998,251384,715951,5124,0,5124,25620,5124,256,0,0,NaN,0,NaN,0.0,0.9999999997744453,
5,3,TWO_STAGE_RH,LEXMMFSA,shared_battery_mode_node_level_v1,SI-Drahi_13-d2-HET-UHI-BHI-b5b4fe09a4,TK-PB-Drahi_13-d2-HET-UHI-e201b86fbb-r5,SS-b6fde45dba3b,1,4,lex_phase_4,OPTIMAL,FEASIBLE_POINT,163266.9212724608,163266.9212724608,0,163998,163998,251385,715957,5124,0,5124,25620,5124,256,0,0,NaN,0,NaN,0.0,0.9999999997744453,
5,3,TWO_STAGE_RH,LEXMMFSA,shared_battery_mode_node_level_v1,SI-Drahi_13-d2-HET-UHI-BHI-b5b4fe09a4,TK-PB-Drahi_13-d2-HET-UHI-e201b86fbb-r5,SS-b6fde45dba3b,1,5,lex_phase_5,OPTIMAL,FEASIBLE_POINT,204087.24172655802,204087.24172655802,0,163998,163998,251386,715963,5124,0,5124,25620,5124,256,0,0,NaN,0,NaN,0.0,0.9999999997744453,
5,3,TWO_STAGE_RH,LEXMMFSA,shared_battery_mode_node_level_v1,SI-Drahi_13-d2-HET-UHI-BHI-b5b4fe09a4,TK-PB-Drahi_13-d2-HET-UHI-e201b86fbb-r5,SS-b6fde45dba3b,1,6,economic_tie_break,OPTIMAL,FEASIBLE_POINT,716741.4137679379,716741.4137679379,0,163998,163998,251387,715969,5124,0,5124,25620,5124,256,0,0,NaN,0,NaN,0.0,0.9999999997744453,
5,4,TWO_STAGE_RH,LEXMMFSA,shared_battery_mode_node_level_v1,SI-Drahi_13-d2-HET-UHI-BHI-b5b4fe09a4,TK-PB-Drahi_13-d2-HET-UHI-e201b86fbb-r5,SS-b6fde45dba3b,1,1,lex_phase_1,OPTIMAL,FEASIBLE_POINT,40813.716276681575,40813.716276681575,0,163998,163998,251382,715939,5124,0,5124,25620,5124,256,0,0,NaN,0,NaN,1.4210854715202004e-14,0.9999999997744453,
5,4,TWO_STAGE_RH,LEXMMFSA,shared_battery_mode_node_level_v1,SI-Drahi_13-d2-HET-UHI-BHI-b5b4fe09a4,TK-PB-Drahi_13-d2-HET-UHI-e201b86fbb-r5,SS-b6fde45dba3b,1,2,lex_phase_2,OPTIMAL,FEASIBLE_POINT,81627.43255336133,81627.43255336133,0,163998,163998,251383,715945,5124,0,5124,25620,5124,256,0,0,NaN,0,NaN,1.4210854715202004e-14,0.9999999997744453,
5,4,TWO_STAGE_RH,LEXMMFSA,shared_battery_mode_node_level_v1,SI-Drahi_13-d2-HET-UHI-BHI-b5b4fe09a4,TK-PB-Drahi_13-d2-HET-UHI-e201b86fbb-r5,SS-b6fde45dba3b,1,3,lex_phase_3,OPTIMAL,FEASIBLE_POINT,122446.67691291419,122446.67691291419,0,163998,163998,251384,715951,5124,0,5124,25620,5124,256,0,0,NaN,0,NaN,1.4210854715202004e-14,0.9999999997744453,
5,4,TWO_STAGE_RH,LEXMMFSA,shared_battery_mode_node_level_v1,SI-Drahi_13-d2-HET-UHI-BHI-b5b4fe09a4,TK-PB-Drahi_13-d2-HET-UHI-e201b86fbb-r5,SS-b6fde45dba3b,1,4,lex_phase_4,OPTIMAL,FEASIBLE_POINT,163266.9212724608,163266.9212724608,0,163998,163998,251385,715957,5124,0,5124,25620,5124,256,0,0,NaN,0,NaN,1.4210854715202004e-14,0.9999999997744453,
5,4,TWO_STAGE_RH,LEXMMFSA,shared_battery_mode_node_level_v1,SI-Drahi_13-d2-HET-UHI-BHI-b5b4fe09a4,TK-PB-Drahi_13-d2-HET-UHI-e201b86fbb-r5,SS-b6fde45dba3b,1,5,lex_phase_5,OPTIMAL,FEASIBLE_POINT,204087.24172655802,204087.24172655802,0,163998,163998,251386,715963,5124,0,5124,25620,5124,256,0,0,NaN,0,NaN,1.4210854715202004e-14,0.9999999997744453,
5,4,TWO_STAGE_RH,LEXMMFSA,shared_battery_mode_node_level_v1,SI-Drahi_13-d2-HET-UHI-BHI-b5b4fe09a4,TK-PB-Drahi_13-d2-HET-UHI-e201b86fbb-r5,SS-b6fde45dba3b,1,6,economic_tie_break,OPTIMAL,FEASIBLE_POINT,716741.4137679379,716741.4137679379,0,163998,163998,251387,715969,5124,0,5124,25620,5124,256,0,0,NaN,0,NaN,1.4210854715202004e-14,0.9999999997744453,
5,5,TWO_STAGE_RH,LEXMMFSA,shared_battery_mode_node_level_v1,SI-Drahi_13-d2-HET-UHI-BHI-b5b4fe09a4,TK-PB-Drahi_13-d2-HET-UHI-e201b86fbb-r5,SS-59c6d7df9164,5,1,lex_phase_1,OPTIMAL,FEASIBLE_POINT,36452.31658552246,36452.31658552246,0,163998,163998,251382,708489,5124,0,5124,25620,5124,256,0,0,NaN,0,NaN,0.0,1.0000000012514647,
5,5,TWO_STAGE_RH,LEXMMFSA,shared_battery_mode_node_level_v1,SI-Drahi_13-d2-HET-UHI-BHI-b5b4fe09a4,TK-PB-Drahi_13-d2-HET-UHI-e201b86fbb-r5,SS-59c6d7df9164,5,2,lex_phase_2,OPTIMAL,FEASIBLE_POINT,72904.63317104423,72904.63317104423,0,163998,163998,251383,708495,5124,0,5124,25620,5124,256,0,0,NaN,0,NaN,0.0,1.0000000012514647,
5,5,TWO_STAGE_RH,LEXMMFSA,shared_battery_mode_node_level_v1,SI-Drahi_13-d2-HET-UHI-BHI-b5b4fe09a4,TK-PB-Drahi_13-d2-HET-UHI-e201b86fbb-r5,SS-59c6d7df9164,5,3,lex_phase_3,OPTIMAL,FEASIBLE_POINT,109361.3334232422,109361.3334232422,0,163998,163998,251384,708501,5124,0,5124,25620,5124,256,0,0,NaN,0,NaN,0.0,1.0000000012514647,
5,5,TWO_STAGE_RH,LEXMMFSA,shared_battery_mode_node_level_v1,SI-Drahi_13-d2-HET-UHI-BHI-b5b4fe09a4,TK-PB-Drahi_13-d2-HET-UHI-e201b86fbb-r5,SS-59c6d7df9164,5,4,lex_phase_4,OPTIMAL,FEASIBLE_POINT,145819.03367544245,145819.03367544245,0,163998,163998,251385,708507,5124,0,5124,25620,5124,256,0,0,NaN,0,NaN,0.0,1.0000000012514647,
5,5,TWO_STAGE_RH,LEXMMFSA,shared_battery_mode_node_level_v1,SI-Drahi_13-d2-HET-UHI-BHI-b5b4fe09a4,TK-PB-Drahi_13-d2-HET-UHI-e201b86fbb-r5,SS-59c6d7df9164,5,5,lex_phase_5,OPTIMAL,FEASIBLE_POINT,182276.73392763935,182276.73392763935,0,163998,163998,251386,708513,5124,0,5124,25620,5124,256,0,0,NaN,0,NaN,0.0,1.0000000012514647,
5,5,TWO_STAGE_RH,LEXMMFSA,shared_battery_mode_node_level_v1,SI-Drahi_13-d2-HET-UHI-BHI-b5b4fe09a4,TK-PB-Drahi_13-d2-HET-UHI-e201b86fbb-r5,SS-59c6d7df9164,5,6,economic_tie_break,OPTIMAL,FEASIBLE_POINT,609567.1216112131,609567.1216112131,0,163998,163998,251387,708519,5124,0,5124,25620,5124,256,0,0,NaN,0,NaN,0.0,1.0000000012514647,
5,6,TWO_STAGE_RH,LEXMMFSA,shared_battery_mode_node_level_v1,SI-Drahi_13-d2-HET-UHI-BHI-b5b4fe09a4,TK-PB-Drahi_13-d2-HET-UHI-e201b86fbb-r5,SS-59c6d7df9164,5,1,lex_phase_1,OPTIMAL,FEASIBLE_POINT,36452.31658552246,36452.31658552246,0,163998,163998,251382,708489,5124,0,5124,25620,5124,256,0,0,NaN,0,NaN,1.63994743758213,1.0000000012514647,
5,6,TWO_STAGE_RH,LEXMMFSA,shared_battery_mode_node_level_v1,SI-Drahi_13-d2-HET-UHI-BHI-b5b4fe09a4,TK-PB-Drahi_13-d2-HET-UHI-e201b86fbb-r5,SS-59c6d7df9164,5,2,lex_phase_2,OPTIMAL,FEASIBLE_POINT,72904.63317104423,72904.63317104423,0,163998,163998,251383,708495,5124,0,5124,25620,5124,256,0,0,NaN,0,NaN,1.63994743758213,1.0000000012514647,
5,6,TWO_STAGE_RH,LEXMMFSA,shared_battery_mode_node_level_v1,SI-Drahi_13-d2-HET-UHI-BHI-b5b4fe09a4,TK-PB-Drahi_13-d2-HET-UHI-e201b86fbb-r5,SS-59c6d7df9164,5,3,lex_phase_3,OPTIMAL,FEASIBLE_POINT,109361.3334232422,109361.3334232422,0,163998,163998,251384,708501,5124,0,5124,25620,5124,256,0,0,NaN,0,NaN,1.63994743758213,1.0000000012514647,
5,6,TWO_STAGE_RH,LEXMMFSA,shared_battery_mode_node_level_v1,SI-Drahi_13-d2-HET-UHI-BHI-b5b4fe09a4,TK-PB-Drahi_13-d2-HET-UHI-e201b86fbb-r5,SS-59c6d7df9164,5,4,lex_phase_4,OPTIMAL,FEASIBLE_POINT,145819.03367544245,145819.03367544245,0,163998,163998,251385,708507,5124,0,5124,25620,5124,256,0,0,NaN,0,NaN,1.63994743758213,1.0000000012514647,
5,6,TWO_STAGE_RH,LEXMMFSA,shared_battery_mode_node_level_v1,SI-Drahi_13-d2-HET-UHI-BHI-b5b4fe09a4,TK-PB-Drahi_13-d2-HET-UHI-e201b86fbb-r5,SS-59c6d7df9164,5,5,lex_phase_5,OPTIMAL,FEASIBLE_POINT,182276.73392763935,182276.73392763935,0,163998,163998,251386,708513,5124,0,5124,25620,5124,256,0,0,NaN,0,NaN,1.63994743758213,1.0000000012514647,
5,6,TWO_STAGE_RH,LEXMMFSA,shared_battery_mode_node_level_v1,SI-Drahi_13-d2-HET-UHI-BHI-b5b4fe09a4,TK-PB-Drahi_13-d2-HET-UHI-e201b86fbb-r5,SS-59c6d7df9164,5,6,economic_tie_break,OPTIMAL,FEASIBLE_POINT,609567.1216112131,609567.1216112131,0,163998,163998,251387,708519,5124,0,5124,25620,5124,256,0,0,NaN,0,NaN,1.63994743758213,1.0000000012514647,
5,7,TWO_STAGE_RH,LEXMMFSA,shared_battery_mode_node_level_v1,SI-Drahi_13-d2-HET-UHI-BHI-b5b4fe09a4,TK-PB-Drahi_13-d2-HET-UHI-e201b86fbb-r5,SS-59c6d7df9164,5,1,lex_phase_1,OPTIMAL,FEASIBLE_POINT,36452.31658552246,36452.31658552246,0,163998,163998,251382,708489,5124,0,5124,25620,5124,256,0,0,NaN,0,NaN,3.552713678800501e-15,1.0000000012514647,
5,7,TWO_STAGE_RH,LEXMMFSA,shared_battery_mode_node_level_v1,SI-Drahi_13-d2-HET-UHI-BHI-b5b4fe09a4,TK-PB-Drahi_13-d2-HET-UHI-e201b86fbb-r5,SS-59c6d7df9164,5,2,lex_phase_2,OPTIMAL,FEASIBLE_POINT,72904.63317104423,72904.63317104423,0,163998,163998,251383,708495,5124,0,5124,25620,5124,256,0,0,NaN,0,NaN,3.552713678800501e-15,1.0000000012514647,
5,7,TWO_STAGE_RH,LEXMMFSA,shared_battery_mode_node_level_v1,SI-Drahi_13-d2-HET-UHI-BHI-b5b4fe09a4,TK-PB-Drahi_13-d2-HET-UHI-e201b86fbb-r5,SS-59c6d7df9164,5,3,lex_phase_3,OPTIMAL,FEASIBLE_POINT,109361.3334232422,109361.3334232422,0,163998,163998,251384,708501,5124,0,5124,25620,5124,256,0,0,NaN,0,NaN,3.552713678800501e-15,1.0000000012514647,
5,7,TWO_STAGE_RH,LEXMMFSA,shared_battery_mode_node_level_v1,SI-Drahi_13-d2-HET-UHI-BHI-b5b4fe09a4,TK-PB-Drahi_13-d2-HET-UHI-e201b86fbb-r5,SS-59c6d7df9164,5,4,lex_phase_4,OPTIMAL,FEASIBLE_POINT,145819.03367544245,145819.03367544245,0,163998,163998,251385,708507,5124,0,5124,25620,5124,256,0,0,NaN,0,NaN,3.552713678800501e-15,1.0000000012514647,
5,7,TWO_STAGE_RH,LEXMMFSA,shared_battery_mode_node_level_v1,SI-Drahi_13-d2-HET-UHI-BHI-b5b4fe09a4,TK-PB-Drahi_13-d2-HET-UHI-e201b86fbb-r5,SS-59c6d7df9164,5,5,lex_phase_5,OPTIMAL,FEASIBLE_POINT,182276.73392763935,182276.73392763935,0,163998,163998,251386,708513,5124,0,5124,25620,5124,256,0,0,NaN,0,NaN,3.552713678800501e-15,1.0000000012514647,
5,7,TWO_STAGE_RH,LEXMMFSA,shared_battery_mode_node_level_v1,SI-Drahi_13-d2-HET-UHI-BHI-b5b4fe09a4,TK-PB-Drahi_13-d2-HET-UHI-e201b86fbb-r5,SS-59c6d7df9164,5,6,economic_tie_break,OPTIMAL,FEASIBLE_POINT,609567.1216112131,609567.1216112131,0,163998,163998,251387,708519,5124,0,5124,25620,5124,256,0,0,NaN,0,NaN,3.552713678800501e-15,1.0000000012514647,
5,8,TWO_STAGE_RH,LEXMMFSA,shared_battery_mode_node_level_v1,SI-Drahi_13-d2-HET-UHI-BHI-b5b4fe09a4,TK-PB-Drahi_13-d2-HET-UHI-e201b86fbb-r5,SS-59c6d7df9164,5,1,lex_phase_1,OPTIMAL,FEASIBLE_POINT,36452.31658552246,36452.31658552246,0,163998,163998,251382,708489,5124,0,5124,25620,5124,256,0,0,NaN,0,NaN,1.63994743758213,1.0000000012514647,
5,8,TWO_STAGE_RH,LEXMMFSA,shared_battery_mode_node_level_v1,SI-Drahi_13-d2-HET-UHI-BHI-b5b4fe09a4,TK-PB-Drahi_13-d2-HET-UHI-e201b86fbb-r5,SS-59c6d7df9164,5,2,lex_phase_2,OPTIMAL,FEASIBLE_POINT,72904.63317104423,72904.63317104423,0,163998,163998,251383,708495,5124,0,5124,25620,5124,256,0,0,NaN,0,NaN,1.63994743758213,1.0000000012514647,
5,8,TWO_STAGE_RH,LEXMMFSA,shared_battery_mode_node_level_v1,SI-Drahi_13-d2-HET-UHI-BHI-b5b4fe09a4,TK-PB-Drahi_13-d2-HET-UHI-e201b86fbb-r5,SS-59c6d7df9164,5,3,lex_phase_3,OPTIMAL,FEASIBLE_POINT,109361.3334232422,109361.3334232422,0,163998,163998,251384,708501,5124,0,5124,25620,5124,256,0,0,NaN,0,NaN,1.63994743758213,1.0000000012514647,
5,8,TWO_STAGE_RH,LEXMMFSA,shared_battery_mode_node_level_v1,SI-Drahi_13-d2-HET-UHI-BHI-b5b4fe09a4,TK-PB-Drahi_13-d2-HET-UHI-e201b86fbb-r5,SS-59c6d7df9164,5,4,lex_phase_4,OPTIMAL,FEASIBLE_POINT,145819.03367544245,145819.03367544245,0,163998,163998,251385,708507,5124,0,5124,25620,5124,256,0,0,NaN,0,NaN,1.63994743758213,1.0000000012514647,
5,8,TWO_STAGE_RH,LEXMMFSA,shared_battery_mode_node_level_v1,SI-Drahi_13-d2-HET-UHI-BHI-b5b4fe09a4,TK-PB-Drahi_13-d2-HET-UHI-e201b86fbb-r5,SS-59c6d7df9164,5,5,lex_phase_5,OPTIMAL,FEASIBLE_POINT,182276.73392763935,182276.73392763935,0,163998,163998,251386,708513,5124,0,5124,25620,5124,256,0,0,NaN,0,NaN,1.63994743758213,1.0000000012514647,
5,8,TWO_STAGE_RH,LEXMMFSA,shared_battery_mode_node_level_v1,SI-Drahi_13-d2-HET-UHI-BHI-b5b4fe09a4,TK-PB-Drahi_13-d2-HET-UHI-e201b86fbb-r5,SS-59c6d7df9164,5,6,economic_tie_break,OPTIMAL,FEASIBLE_POINT,609567.1216112131,609567.1216112131,0,163998,163998,251387,708519,5124,0,5124,25620,5124,256,0,0,NaN,0,NaN,1.63994743758213,1.0000000012514647,
5,9,TWO_STAGE_RH,LEXMMFSA,shared_battery_mode_node_level_v1,SI-Drahi_13-d2-HET-UHI-BHI-b5b4fe09a4,TK-PB-Drahi_13-d2-HET-UHI-e201b86fbb-r5,SS-baeb7d556d60,9,1,lex_phase_1,OPTIMAL,FEASIBLE_POINT,62885.0313089624,62885.0313089624,0,163998,163998,251382,710769,5124,0,5124,25620,5124,256,0,0,NaN,0,NaN,4.440892098500626e-16,1.0000000000291038,
5,9,TWO_STAGE_RH,LEXMMFSA,shared_battery_mode_node_level_v1,SI-Drahi_13-d2-HET-UHI-BHI-b5b4fe09a4,TK-PB-Drahi_13-d2-HET-UHI-e201b86fbb-r5,SS-baeb7d556d60,9,2,lex_phase_2,OPTIMAL,FEASIBLE_POINT,125770.0626179243,125770.0626179243,0,163998,163998,251383,710775,5124,0,5124,25620,5124,256,0,0,NaN,0,NaN,4.440892098500626e-16,1.0000000000291038,
5,9,TWO_STAGE_RH,LEXMMFSA,shared_battery_mode_node_level_v1,SI-Drahi_13-d2-HET-UHI-BHI-b5b4fe09a4,TK-PB-Drahi_13-d2-HET-UHI-e201b86fbb-r5,SS-baeb7d556d60,9,3,lex_phase_3,OPTIMAL,FEASIBLE_POINT,188655.09392688645,188655.09392688645,0,163998,163998,251384,710781,5124,0,5124,25620,5124,256,0,0,NaN,0,NaN,4.440892098500626e-16,1.0000000000291038,
5,9,TWO_STAGE_RH,LEXMMFSA,shared_battery_mode_node_level_v1,SI-Drahi_13-d2-HET-UHI-BHI-b5b4fe09a4,TK-PB-Drahi_13-d2-HET-UHI-e201b86fbb-r5,SS-baeb7d556d60,9,4,lex_phase_4,OPTIMAL,FEASIBLE_POINT,251548.4207358424,251548.4207358424,0,163998,163998,251385,710787,5124,0,5124,25620,5124,256,0,0,NaN,0,NaN,4.440892098500626e-16,1.0000000000291038,
5,9,TWO_STAGE_RH,LEXMMFSA,shared_battery_mode_node_level_v1,SI-Drahi_13-d2-HET-UHI-BHI-b5b4fe09a4,TK-PB-Drahi_13-d2-HET-UHI-e201b86fbb-r5,SS-baeb7d556d60,9,5,lex_phase_5,OPTIMAL,FEASIBLE_POINT,314442.7475447875,314442.7475447875,0,163998,163998,251386,710793,5124,0,5124,25620,5124,256,0,0,NaN,0,NaN,4.440892098500626e-16,1.0000000000291038,
5,9,TWO_STAGE_RH,LEXMMFSA,shared_battery_mode_node_level_v1,SI-Drahi_13-d2-HET-UHI-BHI-b5b4fe09a4,TK-PB-Drahi_13-d2-HET-UHI-e201b86fbb-r5,SS-baeb7d556d60,9,6,economic_tie_break,OPTIMAL,FEASIBLE_POINT,605077.6908440642,605077.6908440642,0,163998,163998,251387,710799,5124,0,5124,25620,5124,256,0,0,NaN,0,NaN,4.440892098500626e-16,1.0000000000291038,
5,10,TWO_STAGE_RH,LEXMMFSA,shared_battery_mode_node_level_v1,SI-Drahi_13-d2-HET-UHI-BHI-b5b4fe09a4,TK-PB-Drahi_13-d2-HET-UHI-e201b86fbb-r5,SS-baeb7d556d60,9,1,lex_phase_1,OPTIMAL,FEASIBLE_POINT,62885.0313089624,62885.0313089624,0,163998,163998,251382,710769,5124,0,5124,25620,5124,256,0,0,NaN,0,NaN,4.440892098500626e-16,1.0000000000291038,
5,10,TWO_STAGE_RH,LEXMMFSA,shared_battery_mode_node_level_v1,SI-Drahi_13-d2-HET-UHI-BHI-b5b4fe09a4,TK-PB-Drahi_13-d2-HET-UHI-e201b86fbb-r5,SS-baeb7d556d60,9,2,lex_phase_2,OPTIMAL,FEASIBLE_POINT,125770.0626179243,125770.0626179243,0,163998,163998,251383,710775,5124,0,5124,25620,5124,256,0,0,NaN,0,NaN,4.440892098500626e-16,1.0000000000291038,
5,10,TWO_STAGE_RH,LEXMMFSA,shared_battery_mode_node_level_v1,SI-Drahi_13-d2-HET-UHI-BHI-b5b4fe09a4,TK-PB-Drahi_13-d2-HET-UHI-e201b86fbb-r5,SS-baeb7d556d60,9,3,lex_phase_3,OPTIMAL,FEASIBLE_POINT,188655.09392688645,188655.09392688645,0,163998,163998,251384,710781,5124,0,5124,25620,5124,256,0,0,NaN,0,NaN,4.440892098500626e-16,1.0000000000291038,
5,10,TWO_STAGE_RH,LEXMMFSA,shared_battery_mode_node_level_v1,SI-Drahi_13-d2-HET-UHI-BHI-b5b4fe09a4,TK-PB-Drahi_13-d2-HET-UHI-e201b86fbb-r5,SS-baeb7d556d60,9,4,lex_phase_4,OPTIMAL,FEASIBLE_POINT,251548.4207358424,251548.4207358424,0,163998,163998,251385,710787,5124,0,5124,25620,5124,256,0,0,NaN,0,NaN,4.440892098500626e-16,1.0000000000291038,
5,10,TWO_STAGE_RH,LEXMMFSA,shared_battery_mode_node_level_v1,SI-Drahi_13-d2-HET-UHI-BHI-b5b4fe09a4,TK-PB-Drahi_13-d2-HET-UHI-e201b86fbb-r5,SS-baeb7d556d60,9,5,lex_phase_5,OPTIMAL,FEASIBLE_POINT,314442.7475447875,314442.7475447875,0,163998,163998,251386,710793,5124,0,5124,25620,5124,256,0,0,NaN,0,NaN,4.440892098500626e-16,1.0000000000291038,
5,10,TWO_STAGE_RH,LEXMMFSA,shared_battery_mode_node_level_v1,SI-Drahi_13-d2-HET-UHI-BHI-b5b4fe09a4,TK-PB-Drahi_13-d2-HET-UHI-e201b86fbb-r5,SS-baeb7d556d60,9,6,economic_tie_break,OPTIMAL,FEASIBLE_POINT,605077.6908440642,605077.6908440642,0,163998,163998,251387,710799,5124,0,5124,25620,5124,256,0,0,NaN,0,NaN,4.440892098500626e-16,1.0000000000291038,
5,11,TWO_STAGE_RH,LEXMMFSA,shared_battery_mode_node_level_v1,SI-Drahi_13-d2-HET-UHI-BHI-b5b4fe09a4,TK-PB-Drahi_13-d2-HET-UHI-e201b86fbb-r5,SS-baeb7d556d60,9,1,lex_phase_1,OPTIMAL,FEASIBLE_POINT,62885.0313089624,62885.0313089624,0,163998,163998,251382,710769,5124,0,5124,25620,5124,256,0,0,NaN,0,NaN,0.0,1.0000000000291038,
5,11,TWO_STAGE_RH,LEXMMFSA,shared_battery_mode_node_level_v1,SI-Drahi_13-d2-HET-UHI-BHI-b5b4fe09a4,TK-PB-Drahi_13-d2-HET-UHI-e201b86fbb-r5,SS-baeb7d556d60,9,2,lex_phase_2,OPTIMAL,FEASIBLE_POINT,125770.0626179243,125770.0626179243,0,163998,163998,251383,710775,5124,0,5124,25620,5124,256,0,0,NaN,0,NaN,0.0,1.0000000000291038,
5,11,TWO_STAGE_RH,LEXMMFSA,shared_battery_mode_node_level_v1,SI-Drahi_13-d2-HET-UHI-BHI-b5b4fe09a4,TK-PB-Drahi_13-d2-HET-UHI-e201b86fbb-r5,SS-baeb7d556d60,9,3,lex_phase_3,OPTIMAL,FEASIBLE_POINT,188655.09392688645,188655.09392688645,0,163998,163998,251384,710781,5124,0,5124,25620,5124,256,0,0,NaN,0,NaN,0.0,1.0000000000291038,
5,11,TWO_STAGE_RH,LEXMMFSA,shared_battery_mode_node_level_v1,SI-Drahi_13-d2-HET-UHI-BHI-b5b4fe09a4,TK-PB-Drahi_13-d2-HET-UHI-e201b86fbb-r5,SS-baeb7d556d60,9,4,lex_phase_4,OPTIMAL,FEASIBLE_POINT,251548.4207358424,251548.4207358424,0,163998,163998,251385,710787,5124,0,5124,25620,5124,256,0,0,NaN,0,NaN,0.0,1.0000000000291038,
5,11,TWO_STAGE_RH,LEXMMFSA,shared_battery_mode_node_level_v1,SI-Drahi_13-d2-HET-UHI-BHI-b5b4fe09a4,TK-PB-Drahi_13-d2-HET-UHI-e201b86fbb-r5,SS-baeb7d556d60,9,5,lex_phase_5,OPTIMAL,FEASIBLE_POINT,314442.7475447875,314442.7475447875,0,163998,163998,251386,710793,5124,0,5124,25620,5124,256,0,0,NaN,0,NaN,0.0,1.0000000000291038,
5,11,TWO_STAGE_RH,LEXMMFSA,shared_battery_mode_node_level_v1,SI-Drahi_13-d2-HET-UHI-BHI-b5b4fe09a4,TK-PB-Drahi_13-d2-HET-UHI-e201b86fbb-r5,SS-baeb7d556d60,9,6,economic_tie_break,OPTIMAL,FEASIBLE_POINT,605077.6908440642,605077.6908440642,0,163998,163998,251387,710799,5124,0,5124,25620,5124,256,0,0,NaN,0,NaN,0.0,1.0000000000291038,
5,12,TWO_STAGE_RH,LEXMMFSA,shared_battery_mode_node_level_v1,SI-Drahi_13-d2-HET-UHI-BHI-b5b4fe09a4,TK-PB-Drahi_13-d2-HET-UHI-e201b86fbb-r5,SS-baeb7d556d60,9,1,lex_phase_1,OPTIMAL,FEASIBLE_POINT,62885.0313089624,62885.0313089624,0,163998,163998,251382,710769,5124,0,5124,25620,5124,256,0,0,NaN,0,NaN,5.684341886080801e-13,1.0000000000291038,
5,12,TWO_STAGE_RH,LEXMMFSA,shared_battery_mode_node_level_v1,SI-Drahi_13-d2-HET-UHI-BHI-b5b4fe09a4,TK-PB-Drahi_13-d2-HET-UHI-e201b86fbb-r5,SS-baeb7d556d60,9,2,lex_phase_2,OPTIMAL,FEASIBLE_POINT,125770.0626179243,125770.0626179243,0,163998,163998,251383,710775,5124,0,5124,25620,5124,256,0,0,NaN,0,NaN,5.684341886080801e-13,1.0000000000291038,
5,12,TWO_STAGE_RH,LEXMMFSA,shared_battery_mode_node_level_v1,SI-Drahi_13-d2-HET-UHI-BHI-b5b4fe09a4,TK-PB-Drahi_13-d2-HET-UHI-e201b86fbb-r5,SS-baeb7d556d60,9,3,lex_phase_3,OPTIMAL,FEASIBLE_POINT,188655.09392688645,188655.09392688645,0,163998,163998,251384,710781,5124,0,5124,25620,5124,256,0,0,NaN,0,NaN,5.684341886080801e-13,1.0000000000291038,
5,12,TWO_STAGE_RH,LEXMMFSA,shared_battery_mode_node_level_v1,SI-Drahi_13-d2-HET-UHI-BHI-b5b4fe09a4,TK-PB-Drahi_13-d2-HET-UHI-e201b86fbb-r5,SS-baeb7d556d60,9,4,lex_phase_4,OPTIMAL,FEASIBLE_POINT,251548.4207358424,251548.4207358424,0,163998,163998,251385,710787,5124,0,5124,25620,5124,256,0,0,NaN,0,NaN,5.684341886080801e-13,1.0000000000291038,
5,12,TWO_STAGE_RH,LEXMMFSA,shared_battery_mode_node_level_v1,SI-Drahi_13-d2-HET-UHI-BHI-b5b4fe09a4,TK-PB-Drahi_13-d2-HET-UHI-e201b86fbb-r5,SS-baeb7d556d60,9,5,lex_phase_5,OPTIMAL,FEASIBLE_POINT,314442.7475447875,314442.7475447875,0,163998,163998,251386,710793,5124,0,5124,25620,5124,256,0,0,NaN,0,NaN,5.684341886080801e-13,1.0000000000291038,
5,12,TWO_STAGE_RH,LEXMMFSA,shared_battery_mode_node_level_v1,SI-Drahi_13-d2-HET-UHI-BHI-b5b4fe09a4,TK-PB-Drahi_13-d2-HET-UHI-e201b86fbb-r5,SS-baeb7d556d60,9,6,economic_tie_break,OPTIMAL,FEASIBLE_POINT,605077.6908440642,605077.6908440642,0,163998,163998,251387,710799,5124,0,5124,25620,5124,256,0,0,NaN,0,NaN,5.684341886080801e-13,1.0000000000291038,
5,13,TWO_STAGE_RH,LEXMMFSA,shared_battery_mode_node_level_v1,SI-Drahi_13-d2-HET-UHI-BHI-b5b4fe09a4,TK-PB-Drahi_13-d2-HET-UHI-e201b86fbb-r5,SS-784512b1c103,13,1,lex_phase_1,OPTIMAL,FEASIBLE_POINT,61640.122588030536,61640.122588030536,0,163998,163998,251382,710039,5124,0,5124,25620,5124,256,0,0,NaN,0,NaN,0.0,1.0000000004947651,
5,13,TWO_STAGE_RH,LEXMMFSA,shared_battery_mode_node_level_v1,SI-Drahi_13-d2-HET-UHI-BHI-b5b4fe09a4,TK-PB-Drahi_13-d2-HET-UHI-e201b86fbb-r5,SS-784512b1c103,13,2,lex_phase_2,OPTIMAL,FEASIBLE_POINT,123280.24517606039,123280.24517606039,0,163998,163998,251383,710045,5124,0,5124,25620,5124,256,0,0,NaN,0,NaN,0.0,1.0000000004947651,
5,13,TWO_STAGE_RH,LEXMMFSA,shared_battery_mode_node_level_v1,SI-Drahi_13-d2-HET-UHI-BHI-b5b4fe09a4,TK-PB-Drahi_13-d2-HET-UHI-e201b86fbb-r5,SS-784512b1c103,13,3,lex_phase_3,OPTIMAL,FEASIBLE_POINT,184920.3677640906,184920.3677640906,0,163998,163998,251384,710051,5124,0,5124,25620,5124,256,0,0,NaN,0,NaN,0.0,1.0000000004947651,
5,13,TWO_STAGE_RH,LEXMMFSA,shared_battery_mode_node_level_v1,SI-Drahi_13-d2-HET-UHI-BHI-b5b4fe09a4,TK-PB-Drahi_13-d2-HET-UHI-e201b86fbb-r5,SS-784512b1c103,13,4,lex_phase_4,OPTIMAL,FEASIBLE_POINT,246569.5308521133,246569.5308521133,0,163998,163998,251385,710057,5124,0,5124,25620,5124,256,0,0,NaN,0,NaN,0.0,1.0000000004947651,
5,13,TWO_STAGE_RH,LEXMMFSA,shared_battery_mode_node_level_v1,SI-Drahi_13-d2-HET-UHI-BHI-b5b4fe09a4,TK-PB-Drahi_13-d2-HET-UHI-e201b86fbb-r5,SS-784512b1c103,13,5,lex_phase_5,OPTIMAL,FEASIBLE_POINT,308219.693940157,308219.693940157,0,163998,163998,251386,710063,5124,0,5124,25620,5124,256,0,0,NaN,0,NaN,0.0,1.0000000004947651,
5,13,TWO_STAGE_RH,LEXMMFSA,shared_battery_mode_node_level_v1,SI-Drahi_13-d2-HET-UHI-BHI-b5b4fe09a4,TK-PB-Drahi_13-d2-HET-UHI-e201b86fbb-r5,SS-784512b1c103,13,6,economic_tie_break,OPTIMAL,FEASIBLE_POINT,698093.0665915147,698093.0665915147,0,163998,163998,251387,710069,5124,0,5124,25620,5124,256,0,0,NaN,0,NaN,0.0,1.0000000004947651,
5,14,TWO_STAGE_RH,LEXMMFSA,shared_battery_mode_node_level_v1,SI-Drahi_13-d2-HET-UHI-BHI-b5b4fe09a4,TK-PB-Drahi_13-d2-HET-UHI-e201b86fbb-r5,SS-784512b1c103,13,1,lex_phase_1,OPTIMAL,FEASIBLE_POINT,61640.122588030536,61640.122588030536,0,163998,163998,251382,710039,5124,0,5124,25620,5124,256,0,0,NaN,0,NaN,0.0,1.0000000004947651,
5,14,TWO_STAGE_RH,LEXMMFSA,shared_battery_mode_node_level_v1,SI-Drahi_13-d2-HET-UHI-BHI-b5b4fe09a4,TK-PB-Drahi_13-d2-HET-UHI-e201b86fbb-r5,SS-784512b1c103,13,2,lex_phase_2,OPTIMAL,FEASIBLE_POINT,123280.24517606039,123280.24517606039,0,163998,163998,251383,710045,5124,0,5124,25620,5124,256,0,0,NaN,0,NaN,0.0,1.0000000004947651,
5,14,TWO_STAGE_RH,LEXMMFSA,shared_battery_mode_node_level_v1,SI-Drahi_13-d2-HET-UHI-BHI-b5b4fe09a4,TK-PB-Drahi_13-d2-HET-UHI-e201b86fbb-r5,SS-784512b1c103,13,3,lex_phase_3,OPTIMAL,FEASIBLE_POINT,184920.3677640906,184920.3677640906,0,163998,163998,251384,710051,5124,0,5124,25620,5124,256,0,0,NaN,0,NaN,0.0,1.0000000004947651,
5,14,TWO_STAGE_RH,LEXMMFSA,shared_battery_mode_node_level_v1,SI-Drahi_13-d2-HET-UHI-BHI-b5b4fe09a4,TK-PB-Drahi_13-d2-HET-UHI-e201b86fbb-r5,SS-784512b1c103,13,4,lex_phase_4,OPTIMAL,FEASIBLE_POINT,246569.5308521133,246569.5308521133,0,163998,163998,251385,710057,5124,0,5124,25620,5124,256,0,0,NaN,0,NaN,0.0,1.0000000004947651,
5,14,TWO_STAGE_RH,LEXMMFSA,shared_battery_mode_node_level_v1,SI-Drahi_13-d2-HET-UHI-BHI-b5b4fe09a4,TK-PB-Drahi_13-d2-HET-UHI-e201b86fbb-r5,SS-784512b1c103,13,5,lex_phase_5,OPTIMAL,FEASIBLE_POINT,308219.693940157,308219.693940157,0,163998,163998,251386,710063,5124,0,5124,25620,5124,256,0,0,NaN,0,NaN,0.0,1.0000000004947651,
5,14,TWO_STAGE_RH,LEXMMFSA,shared_battery_mode_node_level_v1,SI-Drahi_13-d2-HET-UHI-BHI-b5b4fe09a4,TK-PB-Drahi_13-d2-HET-UHI-e201b86fbb-r5,SS-784512b1c103,13,6,economic_tie_break,OPTIMAL,FEASIBLE_POINT,698093.0665915147,698093.0665915147,0,163998,163998,251387,710069,5124,0,5124,25620,5124,256,0,0,NaN,0,NaN,0.0,1.0000000004947651,
5,15,TWO_STAGE_RH,LEXMMFSA,shared_battery_mode_node_level_v1,SI-Drahi_13-d2-HET-UHI-BHI-b5b4fe09a4,TK-PB-Drahi_13-d2-HET-UHI-e201b86fbb-r5,SS-784512b1c103,13,1,lex_phase_1,OPTIMAL,FEASIBLE_POINT,61640.122588030536,61640.122588030536,0,163998,163998,251382,710039,5124,0,5124,25620,5124,256,0,0,NaN,0,NaN,3.211653165635653e-11,1.0000000004947651,
5,15,TWO_STAGE_RH,LEXMMFSA,shared_battery_mode_node_level_v1,SI-Drahi_13-d2-HET-UHI-BHI-b5b4fe09a4,TK-PB-Drahi_13-d2-HET-UHI-e201b86fbb-r5,SS-784512b1c103,13,2,lex_phase_2,OPTIMAL,FEASIBLE_POINT,123280.24517606039,123280.24517606039,0,163998,163998,251383,710045,5124,0,5124,25620,5124,256,0,0,NaN,0,NaN,3.211653165635653e-11,1.0000000004947651,
5,15,TWO_STAGE_RH,LEXMMFSA,shared_battery_mode_node_level_v1,SI-Drahi_13-d2-HET-UHI-BHI-b5b4fe09a4,TK-PB-Drahi_13-d2-HET-UHI-e201b86fbb-r5,SS-784512b1c103,13,3,lex_phase_3,OPTIMAL,FEASIBLE_POINT,184920.3677640906,184920.3677640906,0,163998,163998,251384,710051,5124,0,5124,25620,5124,256,0,0,NaN,0,NaN,3.211653165635653e-11,1.0000000004947651,
5,15,TWO_STAGE_RH,LEXMMFSA,shared_battery_mode_node_level_v1,SI-Drahi_13-d2-HET-UHI-BHI-b5b4fe09a4,TK-PB-Drahi_13-d2-HET-UHI-e201b86fbb-r5,SS-784512b1c103,13,4,lex_phase_4,OPTIMAL,FEASIBLE_POINT,246569.5308521133,246569.5308521133,0,163998,163998,251385,710057,5124,0,5124,25620,5124,256,0,0,NaN,0,NaN,3.211653165635653e-11,1.0000000004947651,
5,15,TWO_STAGE_RH,LEXMMFSA,shared_battery_mode_node_level_v1,SI-Drahi_13-d2-HET-UHI-BHI-b5b4fe09a4,TK-PB-Drahi_13-d2-HET-UHI-e201b86fbb-r5,SS-784512b1c103,13,5,lex_phase_5,OPTIMAL,FEASIBLE_POINT,308219.693940157,308219.693940157,0,163998,163998,251386,710063,5124,0,5124,25620,5124,256,0,0,NaN,0,NaN,3.211653165635653e-11,1.0000000004947651,
5,15,TWO_STAGE_RH,LEXMMFSA,shared_battery_mode_node_level_v1,SI-Drahi_13-d2-HET-UHI-BHI-b5b4fe09a4,TK-PB-Drahi_13-d2-HET-UHI-e201b86fbb-r5,SS-784512b1c103,13,6,economic_tie_break,OPTIMAL,FEASIBLE_POINT,698093.0665915147,698093.0665915147,0,163998,163998,251387,710069,5124,0,5124,25620,5124,256,0,0,NaN,0,NaN,3.211653165635653e-11,1.0000000004947651,
5,16,TWO_STAGE_RH,LEXMMFSA,shared_battery_mode_node_level_v1,SI-Drahi_13-d2-HET-UHI-BHI-b5b4fe09a4,TK-PB-Drahi_13-d2-HET-UHI-e201b86fbb-r5,SS-784512b1c103,13,1,lex_phase_1,OPTIMAL,FEASIBLE_POINT,61640.122588030536,61640.122588030536,0,163998,163998,251382,710039,5124,0,5124,25620,5124,256,0,0,NaN,0,NaN,0.0,1.0000000004947651,
5,16,TWO_STAGE_RH,LEXMMFSA,shared_battery_mode_node_level_v1,SI-Drahi_13-d2-HET-UHI-BHI-b5b4fe09a4,TK-PB-Drahi_13-d2-HET-UHI-e201b86fbb-r5,SS-784512b1c103,13,2,lex_phase_2,OPTIMAL,FEASIBLE_POINT,123280.24517606039,123280.24517606039,0,163998,163998,251383,710045,5124,0,5124,25620,5124,256,0,0,NaN,0,NaN,0.0,1.0000000004947651,
5,16,TWO_STAGE_RH,LEXMMFSA,shared_battery_mode_node_level_v1,SI-Drahi_13-d2-HET-UHI-BHI-b5b4fe09a4,TK-PB-Drahi_13-d2-HET-UHI-e201b86fbb-r5,SS-784512b1c103,13,3,lex_phase_3,OPTIMAL,FEASIBLE_POINT,184920.3677640906,184920.3677640906,0,163998,163998,251384,710051,5124,0,5124,25620,5124,256,0,0,NaN,0,NaN,0.0,1.0000000004947651,
5,16,TWO_STAGE_RH,LEXMMFSA,shared_battery_mode_node_level_v1,SI-Drahi_13-d2-HET-UHI-BHI-b5b4fe09a4,TK-PB-Drahi_13-d2-HET-UHI-e201b86fbb-r5,SS-784512b1c103,13,4,lex_phase_4,OPTIMAL,FEASIBLE_POINT,246569.5308521133,246569.5308521133,0,163998,163998,251385,710057,5124,0,5124,25620,5124,256,0,0,NaN,0,NaN,0.0,1.0000000004947651,
5,16,TWO_STAGE_RH,LEXMMFSA,shared_battery_mode_node_level_v1,SI-Drahi_13-d2-HET-UHI-BHI-b5b4fe09a4,TK-PB-Drahi_13-d2-HET-UHI-e201b86fbb-r5,SS-784512b1c103,13,5,lex_phase_5,OPTIMAL,FEASIBLE_POINT,308219.693940157,308219.693940157,0,163998,163998,251386,710063,5124,0,5124,25620,5124,256,0,0,NaN,0,NaN,0.0,1.0000000004947651,
5,16,TWO_STAGE_RH,LEXMMFSA,shared_battery_mode_node_level_v1,SI-Drahi_13-d2-HET-UHI-BHI-b5b4fe09a4,TK-PB-Drahi_13-d2-HET-UHI-e201b86fbb-r5,SS-784512b1c103,13,6,economic_tie_break,OPTIMAL,FEASIBLE_POINT,698093.0665915147,698093.0665915147,0,163998,163998,251387,710069,5124,0,5124,25620,5124,256,0,0,NaN,0,NaN,0.0,1.0000000004947651,
5,17,TWO_STAGE_RH,LEXMMFSA,shared_battery_mode_node_level_v1,SI-Drahi_13-d2-HET-UHI-BHI-b5b4fe09a4,TK-PB-Drahi_13-d2-HET-UHI-e201b86fbb-r5,SS-ced84ca7a4eb,17,1,lex_phase_1,OPTIMAL,FEASIBLE_POINT,66350.41382394086,66350.41382394086,0,163998,163998,251382,711019,5124,0,5124,25620,5124,256,0,0,NaN,0,NaN,0.0,1.0000000000291038,
5,17,TWO_STAGE_RH,LEXMMFSA,shared_battery_mode_node_level_v1,SI-Drahi_13-d2-HET-UHI-BHI-b5b4fe09a4,TK-PB-Drahi_13-d2-HET-UHI-e201b86fbb-r5,SS-ced84ca7a4eb,17,2,lex_phase_2,OPTIMAL,FEASIBLE_POINT,132700.82764788243,132700.82764788243,0,163998,163998,251383,711025,5124,0,5124,25620,5124,256,0,0,NaN,0,NaN,0.0,1.0000000000291038,
5,17,TWO_STAGE_RH,LEXMMFSA,shared_battery_mode_node_level_v1,SI-Drahi_13-d2-HET-UHI-BHI-b5b4fe09a4,TK-PB-Drahi_13-d2-HET-UHI-e201b86fbb-r5,SS-ced84ca7a4eb,17,3,lex_phase_3,OPTIMAL,FEASIBLE_POINT,199051.24147182365,199051.24147182365,0,163998,163998,251384,711031,5124,0,5124,25620,5124,256,0,0,NaN,0,NaN,0.0,1.0000000000291038,
5,17,TWO_STAGE_RH,LEXMMFSA,shared_battery_mode_node_level_v1,SI-Drahi_13-d2-HET-UHI-BHI-b5b4fe09a4,TK-PB-Drahi_13-d2-HET-UHI-e201b86fbb-r5,SS-ced84ca7a4eb,17,4,lex_phase_4,OPTIMAL,FEASIBLE_POINT,265411.4107957583,265411.4107957583,0,163998,163998,251385,711037,5124,0,5124,25620,5124,256,0,0,NaN,0,NaN,0.0,1.0000000000291038,
5,17,TWO_STAGE_RH,LEXMMFSA,shared_battery_mode_node_level_v1,SI-Drahi_13-d2-HET-UHI-BHI-b5b4fe09a4,TK-PB-Drahi_13-d2-HET-UHI-e201b86fbb-r5,SS-ced84ca7a4eb,17,5,lex_phase_5,OPTIMAL,FEASIBLE_POINT,331772.58011969784,331772.58011969784,0,163998,163998,251386,711043,5124,0,5124,25620,5124,256,0,0,NaN,0,NaN,0.0,1.0000000000291038,
5,17,TWO_STAGE_RH,LEXMMFSA,shared_battery_mode_node_level_v1,SI-Drahi_13-d2-HET-UHI-BHI-b5b4fe09a4,TK-PB-Drahi_13-d2-HET-UHI-e201b86fbb-r5,SS-ced84ca7a4eb,17,6,economic_tie_break,OPTIMAL,FEASIBLE_POINT,724587.7085907294,724587.7085907294,0,163998,163998,251387,711049,5124,0,5124,25620,5124,256,0,0,NaN,0,NaN,0.0,1.0000000000291038,
5,18,TWO_STAGE_RH,LEXMMFSA,shared_battery_mode_node_level_v1,SI-Drahi_13-d2-HET-UHI-BHI-b5b4fe09a4,TK-PB-Drahi_13-d2-HET-UHI-e201b86fbb-r5,SS-ced84ca7a4eb,17,1,lex_phase_1,OPTIMAL,FEASIBLE_POINT,66350.41382394086,66350.41382394086,0,163998,163998,251382,711019,5124,0,5124,25620,5124,256,0,0,NaN,0,NaN,0.0,1.0000000000291038,
5,18,TWO_STAGE_RH,LEXMMFSA,shared_battery_mode_node_level_v1,SI-Drahi_13-d2-HET-UHI-BHI-b5b4fe09a4,TK-PB-Drahi_13-d2-HET-UHI-e201b86fbb-r5,SS-ced84ca7a4eb,17,2,lex_phase_2,OPTIMAL,FEASIBLE_POINT,132700.82764788243,132700.82764788243,0,163998,163998,251383,711025,5124,0,5124,25620,5124,256,0,0,NaN,0,NaN,0.0,1.0000000000291038,
5,18,TWO_STAGE_RH,LEXMMFSA,shared_battery_mode_node_level_v1,SI-Drahi_13-d2-HET-UHI-BHI-b5b4fe09a4,TK-PB-Drahi_13-d2-HET-UHI-e201b86fbb-r5,SS-ced84ca7a4eb,17,3,lex_phase_3,OPTIMAL,FEASIBLE_POINT,199051.24147182365,199051.24147182365,0,163998,163998,251384,711031,5124,0,5124,25620,5124,256,0,0,NaN,0,NaN,0.0,1.0000000000291038,
5,18,TWO_STAGE_RH,LEXMMFSA,shared_battery_mode_node_level_v1,SI-Drahi_13-d2-HET-UHI-BHI-b5b4fe09a4,TK-PB-Drahi_13-d2-HET-UHI-e201b86fbb-r5,SS-ced84ca7a4eb,17,4,lex_phase_4,OPTIMAL,FEASIBLE_POINT,265411.4107957583,265411.4107957583,0,163998,163998,251385,711037,5124,0,5124,25620,5124,256,0,0,NaN,0,NaN,0.0,1.0000000000291038,
5,18,TWO_STAGE_RH,LEXMMFSA,shared_battery_mode_node_level_v1,SI-Drahi_13-d2-HET-UHI-BHI-b5b4fe09a4,TK-PB-Drahi_13-d2-HET-UHI-e201b86fbb-r5,SS-ced84ca7a4eb,17,5,lex_phase_5,OPTIMAL,FEASIBLE_POINT,331772.58011969784,331772.58011969784,0,163998,163998,251386,711043,5124,0,5124,25620,5124,256,0,0,NaN,0,NaN,0.0,1.0000000000291038,
5,18,TWO_STAGE_RH,LEXMMFSA,shared_battery_mode_node_level_v1,SI-Drahi_13-d2-HET-UHI-BHI-b5b4fe09a4,TK-PB-Drahi_13-d2-HET-UHI-e201b86fbb-r5,SS-ced84ca7a4eb,17,6,economic_tie_break,OPTIMAL,FEASIBLE_POINT,724587.7085907294,724587.7085907294,0,163998,163998,251387,711049,5124,0,5124,25620,5124,256,0,0,NaN,0,NaN,0.0,1.0000000000291038,
5,19,TWO_STAGE_RH,LEXMMFSA,shared_battery_mode_node_level_v1,SI-Drahi_13-d2-HET-UHI-BHI-b5b4fe09a4,TK-PB-Drahi_13-d2-HET-UHI-e201b86fbb-r5,SS-ced84ca7a4eb,17,1,lex_phase_1,OPTIMAL,FEASIBLE_POINT,66350.41382394086,66350.41382394086,0,163998,163998,251382,711019,5124,0,5124,25620,5124,256,0,0,NaN,0,NaN,4.462549277266749,1.0000000000291038,
5,19,TWO_STAGE_RH,LEXMMFSA,shared_battery_mode_node_level_v1,SI-Drahi_13-d2-HET-UHI-BHI-b5b4fe09a4,TK-PB-Drahi_13-d2-HET-UHI-e201b86fbb-r5,SS-ced84ca7a4eb,17,2,lex_phase_2,OPTIMAL,FEASIBLE_POINT,132700.82764788243,132700.82764788243,0,163998,163998,251383,711025,5124,0,5124,25620,5124,256,0,0,NaN,0,NaN,4.462549277266749,1.0000000000291038,
5,19,TWO_STAGE_RH,LEXMMFSA,shared_battery_mode_node_level_v1,SI-Drahi_13-d2-HET-UHI-BHI-b5b4fe09a4,TK-PB-Drahi_13-d2-HET-UHI-e201b86fbb-r5,SS-ced84ca7a4eb,17,3,lex_phase_3,OPTIMAL,FEASIBLE_POINT,199051.24147182365,199051.24147182365,0,163998,163998,251384,711031,5124,0,5124,25620,5124,256,0,0,NaN,0,NaN,4.462549277266749,1.0000000000291038,
5,19,TWO_STAGE_RH,LEXMMFSA,shared_battery_mode_node_level_v1,SI-Drahi_13-d2-HET-UHI-BHI-b5b4fe09a4,TK-PB-Drahi_13-d2-HET-UHI-e201b86fbb-r5,SS-ced84ca7a4eb,17,4,lex_phase_4,OPTIMAL,FEASIBLE_POINT,265411.4107957583,265411.4107957583,0,163998,163998,251385,711037,5124,0,5124,25620,5124,256,0,0,NaN,0,NaN,4.462549277266749,1.0000000000291038,
5,19,TWO_STAGE_RH,LEXMMFSA,shared_battery_mode_node_level_v1,SI-Drahi_13-d2-HET-UHI-BHI-b5b4fe09a4,TK-PB-Drahi_13-d2-HET-UHI-e201b86fbb-r5,SS-ced84ca7a4eb,17,5,lex_phase_5,OPTIMAL,FEASIBLE_POINT,331772.58011969784,331772.58011969784,0,163998,163998,251386,711043,5124,0,5124,25620,5124,256,0,0,NaN,0,NaN,4.462549277266749,1.0000000000291038,
5,19,TWO_STAGE_RH,LEXMMFSA,shared_battery_mode_node_level_v1,SI-Drahi_13-d2-HET-UHI-BHI-b5b4fe09a4,TK-PB-Drahi_13-d2-HET-UHI-e201b86fbb-r5,SS-ced84ca7a4eb,17,6,economic_tie_break,OPTIMAL,FEASIBLE_POINT,724587.7085907294,724587.7085907294,0,163998,163998,251387,711049,5124,0,5124,25620,5124,256,0,0,NaN,0,NaN,4.462549277266749,1.0000000000291038,
5,20,TWO_STAGE_RH,LEXMMFSA,shared_battery_mode_node_level_v1,SI-Drahi_13-d2-HET-UHI-BHI-b5b4fe09a4,TK-PB-Drahi_13-d2-HET-UHI-e201b86fbb-r5,SS-ced84ca7a4eb,17,1,lex_phase_1,OPTIMAL,FEASIBLE_POINT,66350.41382394086,66350.41382394086,0,163998,163998,251382,711019,5124,0,5124,25620,5124,256,0,0,NaN,0,NaN,0.0,1.0000000000291038,
5,20,TWO_STAGE_RH,LEXMMFSA,shared_battery_mode_node_level_v1,SI-Drahi_13-d2-HET-UHI-BHI-b5b4fe09a4,TK-PB-Drahi_13-d2-HET-UHI-e201b86fbb-r5,SS-ced84ca7a4eb,17,2,lex_phase_2,OPTIMAL,FEASIBLE_POINT,132700.82764788243,132700.82764788243,0,163998,163998,251383,711025,5124,0,5124,25620,5124,256,0,0,NaN,0,NaN,0.0,1.0000000000291038,
5,20,TWO_STAGE_RH,LEXMMFSA,shared_battery_mode_node_level_v1,SI-Drahi_13-d2-HET-UHI-BHI-b5b4fe09a4,TK-PB-Drahi_13-d2-HET-UHI-e201b86fbb-r5,SS-ced84ca7a4eb,17,3,lex_phase_3,OPTIMAL,FEASIBLE_POINT,199051.24147182365,199051.24147182365,0,163998,163998,251384,711031,5124,0,5124,25620,5124,256,0,0,NaN,0,NaN,0.0,1.0000000000291038,
5,20,TWO_STAGE_RH,LEXMMFSA,shared_battery_mode_node_level_v1,SI-Drahi_13-d2-HET-UHI-BHI-b5b4fe09a4,TK-PB-Drahi_13-d2-HET-UHI-e201b86fbb-r5,SS-ced84ca7a4eb,17,4,lex_phase_4,OPTIMAL,FEASIBLE_POINT,265411.4107957583,265411.4107957583,0,163998,163998,251385,711037,5124,0,5124,25620,5124,256,0,0,NaN,0,NaN,0.0,1.0000000000291038,
5,20,TWO_STAGE_RH,LEXMMFSA,shared_battery_mode_node_level_v1,SI-Drahi_13-d2-HET-UHI-BHI-b5b4fe09a4,TK-PB-Drahi_13-d2-HET-UHI-e201b86fbb-r5,SS-ced84ca7a4eb,17,5,lex_phase_5,OPTIMAL,FEASIBLE_POINT,331772.58011969784,331772.58011969784,0,163998,163998,251386,711043,5124,0,5124,25620,5124,256,0,0,NaN,0,NaN,0.0,1.0000000000291038,
5,20,TWO_STAGE_RH,LEXMMFSA,shared_battery_mode_node_level_v1,SI-Drahi_13-d2-HET-UHI-BHI-b5b4fe09a4,TK-PB-Drahi_13-d2-HET-UHI-e201b86fbb-r5,SS-ced84ca7a4eb,17,6,economic_tie_break,OPTIMAL,FEASIBLE_POINT,724587.7085907294,724587.7085907294,0,163998,163998,251387,711049,5124,0,5124,25620,5124,256,0,0,NaN,0,NaN,0.0,1.0000000000291038,
5,1,TWO_STAGE_RH,NONE,shared_battery_mode_node_level_v1,SI-Drahi_13-d2-HET-UHI-BHI-b5b4fe09a4,TK-PB-Drahi_13-d2-HET-UHI-e201b86fbb-r5,SS-b6fde45dba3b,1,0,single_solve,OPTIMAL,FEASIBLE_POINT,454907.2636328265,454907.2636328265,0,163968,163968,251332,331589,5124,0,5124,25620,5124,256,0,0,NaN,0,NaN,0.0,0.0,
5,2,TWO_STAGE_RH,NONE,shared_battery_mode_node_level_v1,SI-Drahi_13-d2-HET-UHI-BHI-b5b4fe09a4,TK-PB-Drahi_13-d2-HET-UHI-e201b86fbb-r5,SS-b6fde45dba3b,1,0,single_solve,OPTIMAL,FEASIBLE_POINT,454907.2636328265,454907.2636328265,0,163968,163968,251332,331589,5124,0,5124,25620,5124,256,0,0,NaN,0,NaN,0.0,0.0,
5,3,TWO_STAGE_RH,NONE,shared_battery_mode_node_level_v1,SI-Drahi_13-d2-HET-UHI-BHI-b5b4fe09a4,TK-PB-Drahi_13-d2-HET-UHI-e201b86fbb-r5,SS-b6fde45dba3b,1,0,single_solve,OPTIMAL,FEASIBLE_POINT,454907.2636328265,454907.2636328265,0,163968,163968,251332,331589,5124,0,5124,25620,5124,256,0,0,NaN,0,NaN,0.0,0.0,
5,4,TWO_STAGE_RH,NONE,shared_battery_mode_node_level_v1,SI-Drahi_13-d2-HET-UHI-BHI-b5b4fe09a4,TK-PB-Drahi_13-d2-HET-UHI-e201b86fbb-r5,SS-b6fde45dba3b,1,0,single_solve,OPTIMAL,FEASIBLE_POINT,454907.2636328265,454907.2636328265,0,163968,163968,251332,331589,5124,0,5124,25620,5124,256,0,0,NaN,0,NaN,0.09750000000000003,0.0,
5,5,TWO_STAGE_RH,NONE,shared_battery_mode_node_level_v1,SI-Drahi_13-d2-HET-UHI-BHI-b5b4fe09a4,TK-PB-Drahi_13-d2-HET-UHI-e201b86fbb-r5,SS-59c6d7df9164,5,0,single_solve,OPTIMAL,FEASIBLE_POINT,599307.5326091251,599307.5326091251,0,163968,163968,251332,324139,5124,0,5124,25620,5124,256,0,0,NaN,0,NaN,0.0,0.0,
5,6,TWO_STAGE_RH,NONE,shared_battery_mode_node_level_v1,SI-Drahi_13-d2-HET-UHI-BHI-b5b4fe09a4,TK-PB-Drahi_13-d2-HET-UHI-e201b86fbb-r5,SS-59c6d7df9164,5,0,single_solve,OPTIMAL,FEASIBLE_POINT,599307.5326091251,599307.5326091251,0,163968,163968,251332,324139,5124,0,5124,25620,5124,256,0,0,NaN,0,NaN,1.4210854715202004e-14,0.0,
5,7,TWO_STAGE_RH,NONE,shared_battery_mode_node_level_v1,SI-Drahi_13-d2-HET-UHI-BHI-b5b4fe09a4,TK-PB-Drahi_13-d2-HET-UHI-e201b86fbb-r5,SS-59c6d7df9164,5,0,single_solve,OPTIMAL,FEASIBLE_POINT,599307.5326091251,599307.5326091251,0,163968,163968,251332,324139,5124,0,5124,25620,5124,256,0,0,NaN,0,NaN,0.0,0.0,
5,8,TWO_STAGE_RH,NONE,shared_battery_mode_node_level_v1,SI-Drahi_13-d2-HET-UHI-BHI-b5b4fe09a4,TK-PB-Drahi_13-d2-HET-UHI-e201b86fbb-r5,SS-59c6d7df9164,5,0,single_solve,OPTIMAL,FEASIBLE_POINT,599307.5326091251,599307.5326091251,0,163968,163968,251332,324139,5124,0,5124,25620,5124,256,0,0,NaN,0,NaN,0.0,0.0,
5,9,TWO_STAGE_RH,NONE,shared_battery_mode_node_level_v1,SI-Drahi_13-d2-HET-UHI-BHI-b5b4fe09a4,TK-PB-Drahi_13-d2-HET-UHI-e201b86fbb-r5,SS-baeb7d556d60,9,0,single_solve,OPTIMAL,FEASIBLE_POINT,419705.82212159934,419705.82212159934,0,163968,163968,251332,326419,5124,0,5124,25620,5124,256,0,0,NaN,0,NaN,1.4210854715202004e-14,0.0,
5,10,TWO_STAGE_RH,NONE,shared_battery_mode_node_level_v1,SI-Drahi_13-d2-HET-UHI-BHI-b5b4fe09a4,TK-PB-Drahi_13-d2-HET-UHI-e201b86fbb-r5,SS-baeb7d556d60,9,0,single_solve,OPTIMAL,FEASIBLE_POINT,419705.82212159934,419705.82212159934,0,163968,163968,251332,326419,5124,0,5124,25620,5124,256,0,0,NaN,0,NaN,1.4210854715202004e-14,0.0,
5,11,TWO_STAGE_RH,NONE,shared_battery_mode_node_level_v1,SI-Drahi_13-d2-HET-UHI-BHI-b5b4fe09a4,TK-PB-Drahi_13-d2-HET-UHI-e201b86fbb-r5,SS-baeb7d556d60,9,0,single_solve,OPTIMAL,FEASIBLE_POINT,419705.82212159934,419705.82212159934,0,163968,163968,251332,326419,5124,0,5124,25620,5124,256,0,0,NaN,0,NaN,0.0,0.0,
5,12,TWO_STAGE_RH,NONE,shared_battery_mode_node_level_v1,SI-Drahi_13-d2-HET-UHI-BHI-b5b4fe09a4,TK-PB-Drahi_13-d2-HET-UHI-e201b86fbb-r5,SS-baeb7d556d60,9,0,single_solve,OPTIMAL,FEASIBLE_POINT,419705.82212159934,419705.82212159934,0,163968,163968,251332,326419,5124,0,5124,25620,5124,256,0,0,NaN,0,NaN,2.842170943040401e-14,0.0,
5,13,TWO_STAGE_RH,NONE,shared_battery_mode_node_level_v1,SI-Drahi_13-d2-HET-UHI-BHI-b5b4fe09a4,TK-PB-Drahi_13-d2-HET-UHI-e201b86fbb-r5,SS-784512b1c103,13,0,single_solve,OPTIMAL,FEASIBLE_POINT,458452.35669227643,458452.35669227643,0,163968,163968,251332,325689,5124,0,5124,25620,5124,256,0,0,NaN,0,NaN,0.0,0.0,
5,14,TWO_STAGE_RH,NONE,shared_battery_mode_node_level_v1,SI-Drahi_13-d2-HET-UHI-BHI-b5b4fe09a4,TK-PB-Drahi_13-d2-HET-UHI-e201b86fbb-r5,SS-784512b1c103,13,0,single_solve,OPTIMAL,FEASIBLE_POINT,458452.35669227643,458452.35669227643,0,163968,163968,251332,325689,5124,0,5124,25620,5124,256,0,0,NaN,0,NaN,0.0,0.0,
5,15,TWO_STAGE_RH,NONE,shared_battery_mode_node_level_v1,SI-Drahi_13-d2-HET-UHI-BHI-b5b4fe09a4,TK-PB-Drahi_13-d2-HET-UHI-e201b86fbb-r5,SS-784512b1c103,13,0,single_solve,OPTIMAL,FEASIBLE_POINT,458452.35669227643,458452.35669227643,0,163968,163968,251332,325689,5124,0,5124,25620,5124,256,0,0,NaN,0,NaN,2.842170943040401e-14,0.0,
5,16,TWO_STAGE_RH,NONE,shared_battery_mode_node_level_v1,SI-Drahi_13-d2-HET-UHI-BHI-b5b4fe09a4,TK-PB-Drahi_13-d2-HET-UHI-e201b86fbb-r5,SS-784512b1c103,13,0,single_solve,OPTIMAL,FEASIBLE_POINT,458452.35669227643,458452.35669227643,0,163968,163968,251332,325689,5124,0,5124,25620,5124,256,0,0,NaN,0,NaN,0.0,0.0,
5,17,TWO_STAGE_RH,NONE,shared_battery_mode_node_level_v1,SI-Drahi_13-d2-HET-UHI-BHI-b5b4fe09a4,TK-PB-Drahi_13-d2-HET-UHI-e201b86fbb-r5,SS-ced84ca7a4eb,17,0,single_solve,OPTIMAL,FEASIBLE_POINT,464318.92129702086,464318.92129702086,0,163968,163968,251332,326669,5124,0,5124,25620,5124,256,0,0,NaN,0,NaN,0.0,0.0,
5,18,TWO_STAGE_RH,NONE,shared_battery_mode_node_level_v1,SI-Drahi_13-d2-HET-UHI-BHI-b5b4fe09a4,TK-PB-Drahi_13-d2-HET-UHI-e201b86fbb-r5,SS-ced84ca7a4eb,17,0,single_solve,OPTIMAL,FEASIBLE_POINT,464318.92129702086,464318.92129702086,0,163968,163968,251332,326669,5124,0,5124,25620,5124,256,0,0,NaN,0,NaN,0.0,0.0,
5,19,TWO_STAGE_RH,NONE,shared_battery_mode_node_level_v1,SI-Drahi_13-d2-HET-UHI-BHI-b5b4fe09a4,TK-PB-Drahi_13-d2-HET-UHI-e201b86fbb-r5,SS-ced84ca7a4eb,17,0,single_solve,OPTIMAL,FEASIBLE_POINT,464318.92129702086,464318.92129702086,0,163968,163968,251332,326669,5124,0,5124,25620,5124,256,0,0,NaN,0,NaN,0.0,0.0,
5,20,TWO_STAGE_RH,NONE,shared_battery_mode_node_level_v1,SI-Drahi_13-d2-HET-UHI-BHI-b5b4fe09a4,TK-PB-Drahi_13-d2-HET-UHI-e201b86fbb-r5,SS-ced84ca7a4eb,17,0,single_solve,OPTIMAL,FEASIBLE_POINT,464318.92129702086,464318.92129702086,0,163968,163968,251332,326669,5124,0,5124,25620,5124,256,0,0,NaN,0,NaN,0.0,0.0,
5,21,TWO_STAGE_RH,NONE,shared_battery_mode_node_level_v1,SI-Drahi_13-d2-HET-UHI-BHI-b5b4fe09a4,TK-PB-Drahi_13-d2-HET-UHI-e201b86fbb-r5,SS-fec72d83146f,21,0,single_solve,OPTIMAL,FEASIBLE_POINT,514966.7580574184,514966.7580574184,0,163968,163968,251332,329224,5124,0,5124,25620,5124,256,0,0,NaN,0,NaN,0.0,0.0,
5,22,TWO_STAGE_RH,NONE,shared_battery_mode_node_level_v1,SI-Drahi_13-d2-HET-UHI-BHI-b5b4fe09a4,TK-PB-Drahi_13-d2-HET-UHI-e201b86fbb-r5,SS-fec72d83146f,21,0,single_solve,OPTIMAL,FEASIBLE_POINT,514966.7580574184,514966.7580574184,0,163968,163968,251332,329224,5124,0,5124,25620,5124,256,0,0,NaN,0,NaN,7.105427357601002e-15,0.0,
5,23,TWO_STAGE_RH,NONE,shared_battery_mode_node_level_v1,SI-Drahi_13-d2-HET-UHI-BHI-b5b4fe09a4,TK-PB-Drahi_13-d2-HET-UHI-e201b86fbb-r5,SS-fec72d83146f,21,0,single_solve,OPTIMAL,FEASIBLE_POINT,514966.7580574184,514966.7580574184,0,163968,163968,251332,329224,5124,0,5124,25620,5124,256,0,0,NaN,0,NaN,7.105427357601002e-15,0.0,
5,24,TWO_STAGE_RH,NONE,shared_battery_mode_node_level_v1,SI-Drahi_13-d2-HET-UHI-BHI-b5b4fe09a4,TK-PB-Drahi_13-d2-HET-UHI-e201b86fbb-r5,SS-fec72d83146f,21,0,single_solve,OPTIMAL,FEASIBLE_POINT,514966.7580574184,514966.7580574184,0,163968,163968,251332,329224,5124,0,5124,25620,5124,256,0,0,NaN,0,NaN,1.4210854715202004e-14,0.0,
5,1,TWO_STAGE_RH,PEA,shared_battery_mode_node_level_v1,SI-Drahi_13-d2-HET-UHI-BHI-b5b4fe09a4,TK-PB-Drahi_13-d2-HET-UHI-e201b86fbb-r5,SS-b6fde45dba3b,1,0,single_solve,OPTIMAL,FEASIBLE_POINT,558252.0806914269,558252.0806914269,0,163968,163968,251337,357209,5124,0,5124,25620,5124,256,0,0,NaN,0,NaN,0.0,2.6147972675971687e-12,
5,2,TWO_STAGE_RH,PEA,shared_battery_mode_node_level_v1,SI-Drahi_13-d2-HET-UHI-BHI-b5b4fe09a4,TK-PB-Drahi_13-d2-HET-UHI-e201b86fbb-r5,SS-b6fde45dba3b,1,0,single_solve,OPTIMAL,FEASIBLE_POINT,558252.0806914269,558252.0806914269,0,163968,163968,251337,357209,5124,0,5124,25620,5124,256,0,0,NaN,0,NaN,0.0,2.6147972675971687e-12,
5,3,TWO_STAGE_RH,PEA,shared_battery_mode_node_level_v1,SI-Drahi_13-d2-HET-UHI-BHI-b5b4fe09a4,TK-PB-Drahi_13-d2-HET-UHI-e201b86fbb-r5,SS-b6fde45dba3b,1,0,single_solve,OPTIMAL,FEASIBLE_POINT,558252.0806914269,558252.0806914269,0,163968,163968,251337,357209,5124,0,5124,25620,5124,256,0,0,NaN,0,NaN,0.0,2.6147972675971687e-12,
5,4,TWO_STAGE_RH,PEA,shared_battery_mode_node_level_v1,SI-Drahi_13-d2-HET-UHI-BHI-b5b4fe09a4,TK-PB-Drahi_13-d2-HET-UHI-e201b86fbb-r5,SS-b6fde45dba3b,1,0,single_solve,OPTIMAL,FEASIBLE_POINT,558252.0806914269,558252.0806914269,0,163968,163968,251337,357209,5124,0,5124,25620,5124,256,0,0,NaN,0,NaN,0.09750000000000003,2.6147972675971687e-12,
5,5,TWO_STAGE_RH,PEA,shared_battery_mode_node_level_v1,SI-Drahi_13-d2-HET-UHI-BHI-b5b4fe09a4,TK-PB-Drahi_13-d2-HET-UHI-e201b86fbb-r5,SS-59c6d7df9164,5,0,single_solve,OPTIMAL,FEASIBLE_POINT,639447.1116654577,639447.1116654577,0,163968,163968,251337,349759,5124,0,5124,25620,5124,256,0,0,NaN,0,NaN,0.0,2.0747847884194925e-12,
5,6,TWO_STAGE_RH,PEA,shared_battery_mode_node_level_v1,SI-Drahi_13-d2-HET-UHI-BHI-b5b4fe09a4,TK-PB-Drahi_13-d2-HET-UHI-e201b86fbb-r5,SS-59c6d7df9164,5,0,single_solve,OPTIMAL,FEASIBLE_POINT,639447.1116654577,639447.1116654577,0,163968,163968,251337,349759,5124,0,5124,25620,5124,256,0,0,NaN,0,NaN,0.09750000000000014,2.0747847884194925e-12,
5,7,TWO_STAGE_RH,PEA,shared_battery_mode_node_level_v1,SI-Drahi_13-d2-HET-UHI-BHI-b5b4fe09a4,TK-PB-Drahi_13-d2-HET-UHI-e201b86fbb-r5,SS-59c6d7df9164,5,0,single_solve,OPTIMAL,FEASIBLE_POINT,639447.1116654577,639447.1116654577,0,163968,163968,251337,349759,5124,0,5124,25620,5124,256,0,0,NaN,0,NaN,7.216449660063518e-16,2.0747847884194925e-12,
5,8,TWO_STAGE_RH,PEA,shared_battery_mode_node_level_v1,SI-Drahi_13-d2-HET-UHI-BHI-b5b4fe09a4,TK-PB-Drahi_13-d2-HET-UHI-e201b86fbb-r5,SS-59c6d7df9164,5,0,single_solve,OPTIMAL,FEASIBLE_POINT,639447.1116654577,639447.1116654577,0,163968,163968,251337,349759,5124,0,5124,25620,5124,256,0,0,NaN,0,NaN,7.216449660063518e-16,2.0747847884194925e-12,
5,9,TWO_STAGE_RH,PEA,shared_battery_mode_node_level_v1,SI-Drahi_13-d2-HET-UHI-BHI-b5b4fe09a4,TK-PB-Drahi_13-d2-HET-UHI-e201b86fbb-r5,SS-baeb7d556d60,9,0,single_solve,OPTIMAL,FEASIBLE_POINT,588569.6804015199,588569.6804015199,0,163968,163968,251337,352039,5124,0,5124,25620,5124,256,0,0,NaN,0,NaN,10.622864651773977,3.410605131648481e-12,
5,10,TWO_STAGE_RH,PEA,shared_battery_mode_node_level_v1,SI-Drahi_13-d2-HET-UHI-BHI-b5b4fe09a4,TK-PB-Drahi_13-d2-HET-UHI-e201b86fbb-r5,SS-baeb7d556d60,9,0,single_solve,OPTIMAL,FEASIBLE_POINT,588569.6804015199,588569.6804015199,0,163968,163968,251337,352039,5124,0,5124,25620,5124,256,0,0,NaN,0,NaN,15.999999999999986,3.410605131648481e-12,
5,11,TWO_STAGE_RH,PEA,shared_battery_mode_node_level_v1,SI-Drahi_13-d2-HET-UHI-BHI-b5b4fe09a4,TK-PB-Drahi_13-d2-HET-UHI-e201b86fbb-r5,SS-baeb7d556d60,9,0,single_solve,OPTIMAL,FEASIBLE_POINT,588569.6804015199,588569.6804015199,0,163968,163968,251337,352039,5124,0,5124,25620,5124,256,0,0,NaN,0,NaN,0.0,3.410605131648481e-12,
5,12,TWO_STAGE_RH,PEA,shared_battery_mode_node_level_v1,SI-Drahi_13-d2-HET-UHI-BHI-b5b4fe09a4,TK-PB-Drahi_13-d2-HET-UHI-e201b86fbb-r5,SS-baeb7d556d60,9,0,single_solve,OPTIMAL,FEASIBLE_POINT,588569.6804015199,588569.6804015199,0,163968,163968,251337,352039,5124,0,5124,25620,5124,256,0,0,NaN,0,NaN,0.0,3.410605131648481e-12,
5,13,TWO_STAGE_RH,PEA,shared_battery_mode_node_level_v1,SI-Drahi_13-d2-HET-UHI-BHI-b5b4fe09a4,TK-PB-Drahi_13-d2-HET-UHI-e201b86fbb-r5,SS-784512b1c103,13,0,single_solve,OPTIMAL,FEASIBLE_POINT,556269.7308401705,556269.7308401705,0,163968,163968,251337,351309,5124,0,5124,25620,5124,256,0,0,NaN,0,NaN,0.0,2.7284841053187847e-12,
5,14,TWO_STAGE_RH,PEA,shared_battery_mode_node_level_v1,SI-Drahi_13-d2-HET-UHI-BHI-b5b4fe09a4,TK-PB-Drahi_13-d2-HET-UHI-e201b86fbb-r5,SS-784512b1c103,13,0,single_solve,OPTIMAL,FEASIBLE_POINT,556269.7308401705,556269.7308401705,0,163968,163968,251337,351309,5124,0,5124,25620,5124,256,0,0,NaN,0,NaN,16.0,2.7284841053187847e-12,
5,15,TWO_STAGE_RH,PEA,shared_battery_mode_node_level_v1,SI-Drahi_13-d2-HET-UHI-BHI-b5b4fe09a4,TK-PB-Drahi_13-d2-HET-UHI-e201b86fbb-r5,SS-784512b1c103,13,0,single_solve,OPTIMAL,FEASIBLE_POINT,556269.7308401705,556269.7308401705,0,163968,163968,251337,351309,5124,0,5124,25620,5124,256,0,0,NaN,0,NaN,15.999999999999972,2.7284841053187847e-12,
5,16,TWO_STAGE_RH,PEA,shared_battery_mode_node_level_v1,SI-Drahi_13-d2-HET-UHI-BHI-b5b4fe09a4,TK-PB-Drahi_13-d2-HET-UHI-e201b86fbb-r5,SS-784512b1c103,13,0,single_solve,OPTIMAL,FEASIBLE_POINT,556269.7308401705,556269.7308401705,0,163968,163968,251337,351309,5124,0,5124,25620,5124,256,0,0,NaN,0,NaN,2.842170943040401e-14,2.7284841053187847e-12,
5,17,TWO_STAGE_RH,PEA,shared_battery_mode_node_level_v1,SI-Drahi_13-d2-HET-UHI-BHI-b5b4fe09a4,TK-PB-Drahi_13-d2-HET-UHI-e201b86fbb-r5,SS-ced84ca7a4eb,17,0,single_solve,OPTIMAL,FEASIBLE_POINT,512485.58287036966,512485.58287036966,0,163968,163968,251337,352289,5124,0,5124,25620,5124,256,0,0,NaN,0,NaN,2.842170943040401e-14,1.3642420526593924e-12,
5,18,TWO_STAGE_RH,PEA,shared_battery_mode_node_level_v1,SI-Drahi_13-d2-HET-UHI-BHI-b5b4fe09a4,TK-PB-Drahi_13-d2-HET-UHI-e201b86fbb-r5,SS-ced84ca7a4eb,17,0,single_solve,OPTIMAL,FEASIBLE_POINT,512485.58287036966,512485.58287036966,0,163968,163968,251337,352289,5124,0,5124,25620,5124,256,0,0,NaN,0,NaN,2.842170943040401e-14,1.3642420526593924e-12,
5,19,TWO_STAGE_RH,PEA,shared_battery_mode_node_level_v1,SI-Drahi_13-d2-HET-UHI-BHI-b5b4fe09a4,TK-PB-Drahi_13-d2-HET-UHI-e201b86fbb-r5,SS-ced84ca7a4eb,17,0,single_solve,OPTIMAL,FEASIBLE_POINT,512485.58287036966,512485.58287036966,0,163968,163968,251337,352289,5124,0,5124,25620,5124,256,0,0,NaN,0,NaN,2.842170943040401e-14,1.3642420526593924e-12,
5,20,TWO_STAGE_RH,PEA,shared_battery_mode_node_level_v1,SI-Drahi_13-d2-HET-UHI-BHI-b5b4fe09a4,TK-PB-Drahi_13-d2-HET-UHI-e201b86fbb-r5,SS-ced84ca7a4eb,17,0,single_solve,OPTIMAL,FEASIBLE_POINT,512485.58287036966,512485.58287036966,0,163968,163968,251337,352289,5124,0,5124,25620,5124,256,0,0,NaN,0,NaN,2.842170943040401e-14,1.3642420526593924e-12,
5,21,TWO_STAGE_RH,PEA,shared_battery_mode_node_level_v1,SI-Drahi_13-d2-HET-UHI-BHI-b5b4fe09a4,TK-PB-Drahi_13-d2-HET-UHI-e201b86fbb-r5,SS-fec72d83146f,21,0,single_solve,OPTIMAL,FEASIBLE_POINT,551565.9737307507,551565.9737307507,0,163968,163968,251337,354844,5124,0,5124,25620,5124,256,0,0,NaN,0,NaN,0.0,1.5916157281026244e-12,
5,22,TWO_STAGE_RH,PEA,shared_battery_mode_node_level_v1,SI-Drahi_13-d2-HET-UHI-BHI-b5b4fe09a4,TK-PB-Drahi_13-d2-HET-UHI-e201b86fbb-r5,SS-fec72d83146f,21,0,single_solve,OPTIMAL,FEASIBLE_POINT,551565.9737307507,551565.9737307507,0,163968,163968,251337,354844,5124,0,5124,25620,5124,256,0,0,NaN,0,NaN,0.0,1.5916157281026244e-12,
5,23,TWO_STAGE_RH,PEA,shared_battery_mode_node_level_v1,SI-Drahi_13-d2-HET-UHI-BHI-b5b4fe09a4,TK-PB-Drahi_13-d2-HET-UHI-e201b86fbb-r5,SS-fec72d83146f,21,0,single_solve,OPTIMAL,FEASIBLE_POINT,551565.9737307507,551565.9737307507,0,163968,163968,251337,354844,5124,0,5124,25620,5124,256,0,0,NaN,0,NaN,0.0,1.5916157281026244e-12,
5,24,TWO_STAGE_RH,PEA,shared_battery_mode_node_level_v1,SI-Drahi_13-d2-HET-UHI-BHI-b5b4fe09a4,TK-PB-Drahi_13-d2-HET-UHI-e201b86fbb-r5,SS-fec72d83146f,21,0,single_solve,OPTIMAL,FEASIBLE_POINT,551565.9737307507,551565.9737307507,0,163968,163968,251337,354844,5124,0,5124,25620,5124,256,0,0,NaN,0,NaN,0.0,1.5916157281026244e-12,
5,1,TWO_STAGE_RH,SA,shared_battery_mode_node_level_v1,SI-Drahi_13-d2-HET-UHI-BHI-b5b4fe09a4,TK-PB-Drahi_13-d2-HET-UHI-e201b86fbb-r5,SS-b6fde45dba3b,1,0,single_solve,OPTIMAL,FEASIBLE_POINT,669457.1144813879,669457.1144813879,0,163968,163968,251337,715889,5124,0,5124,25620,5124,256,0,0,NaN,0,NaN,0.0,3.7834979593753815e-10,
5,2,TWO_STAGE_RH,SA,shared_battery_mode_node_level_v1,SI-Drahi_13-d2-HET-UHI-BHI-b5b4fe09a4,TK-PB-Drahi_13-d2-HET-UHI-e201b86fbb-r5,SS-b6fde45dba3b,1,0,single_solve,OPTIMAL,FEASIBLE_POINT,669457.1144813879,669457.1144813879,0,163968,163968,251337,715889,5124,0,5124,25620,5124,256,0,0,NaN,0,NaN,3.2798948751642563,3.7834979593753815e-10,
5,3,TWO_STAGE_RH,SA,shared_battery_mode_node_level_v1,SI-Drahi_13-d2-HET-UHI-BHI-b5b4fe09a4,TK-PB-Drahi_13-d2-HET-UHI-e201b86fbb-r5,SS-b6fde45dba3b,1,0,single_solve,OPTIMAL,FEASIBLE_POINT,669457.1144813879,669457.1144813879,0,163968,163968,251337,715889,5124,0,5124,25620,5124,256,0,0,NaN,0,NaN,7.105427357601002e-15,3.7834979593753815e-10,
5,4,TWO_STAGE_RH,SA,shared_battery_mode_node_level_v1,SI-Drahi_13-d2-HET-UHI-BHI-b5b4fe09a4,TK-PB-Drahi_13-d2-HET-UHI-e201b86fbb-r5,SS-b6fde45dba3b,1,0,single_solve,OPTIMAL,FEASIBLE_POINT,669457.1144813879,669457.1144813879,0,163968,163968,251337,715889,5124,0,5124,25620,5124,256,0,0,NaN,0,NaN,9.936496070395151e-15,3.7834979593753815e-10,
5,5,TWO_STAGE_RH,SA,shared_battery_mode_node_level_v1,SI-Drahi_13-d2-HET-UHI-BHI-b5b4fe09a4,TK-PB-Drahi_13-d2-HET-UHI-e201b86fbb-r5,SS-59c6d7df9164,5,0,single_solve,OPTIMAL,FEASIBLE_POINT,641418.6630432389,641418.6630432389,0,163968,163968,251337,708439,5124,0,5124,25620,5124,256,0,0,NaN,0,NaN,2.6645352591003757e-15,2.546585164964199e-10,
5,6,TWO_STAGE_RH,SA,shared_battery_mode_node_level_v1,SI-Drahi_13-d2-HET-UHI-BHI-b5b4fe09a4,TK-PB-Drahi_13-d2-HET-UHI-e201b86fbb-r5,SS-59c6d7df9164,5,0,single_solve,OPTIMAL,FEASIBLE_POINT,641418.6630432389,641418.6630432389,0,163968,163968,251337,708439,5124,0,5124,25620,5124,256,0,0,NaN,0,NaN,1.6399474375821228,2.546585164964199e-10,
5,7,TWO_STAGE_RH,SA,shared_battery_mode_node_level_v1,SI-Drahi_13-d2-HET-UHI-BHI-b5b4fe09a4,TK-PB-Drahi_13-d2-HET-UHI-e201b86fbb-r5,SS-59c6d7df9164,5,0,single_solve,OPTIMAL,FEASIBLE_POINT,641418.6630432389,641418.6630432389,0,163968,163968,251337,708439,5124,0,5124,25620,5124,256,0,0,NaN,0,NaN,3.552713678800501e-15,2.546585164964199e-10,
5,8,TWO_STAGE_RH,SA,shared_battery_mode_node_level_v1,SI-Drahi_13-d2-HET-UHI-BHI-b5b4fe09a4,TK-PB-Drahi_13-d2-HET-UHI-e201b86fbb-r5,SS-59c6d7df9164,5,0,single_solve,OPTIMAL,FEASIBLE_POINT,641418.6630432389,641418.6630432389,0,163968,163968,251337,708439,5124,0,5124,25620,5124,256,0,0,NaN,0,NaN,1.63994743758213,2.546585164964199e-10,
5,1,TWO_STAGE_RH,STATIC_DEMAND_SHARE,shared_battery_mode_node_level_v1,SI-Drahi_13-d2-HET-UHI-BHI-b5b4fe09a4,TK-PB-Drahi_13-d2-HET-UHI-e201b86fbb-r5,SS-b6fde45dba3b,1,0,single_solve,OPTIMAL,FEASIBLE_POINT,456688.96619451954,456688.96619451954,0,163968,163968,276952,357209,5124,0,5124,25620,5124,256,0,0,NaN,0,NaN,0.0,0.0,
5,2,TWO_STAGE_RH,STATIC_DEMAND_SHARE,shared_battery_mode_node_level_v1,SI-Drahi_13-d2-HET-UHI-BHI-b5b4fe09a4,TK-PB-Drahi_13-d2-HET-UHI-e201b86fbb-r5,SS-b6fde45dba3b,1,0,single_solve,OPTIMAL,FEASIBLE_POINT,456688.96619451954,456688.96619451954,0,163968,163968,276952,357209,5124,0,5124,25620,5124,256,0,0,NaN,0,NaN,0.0,0.0,
5,3,TWO_STAGE_RH,STATIC_DEMAND_SHARE,shared_battery_mode_node_level_v1,SI-Drahi_13-d2-HET-UHI-BHI-b5b4fe09a4,TK-PB-Drahi_13-d2-HET-UHI-e201b86fbb-r5,SS-b6fde45dba3b,1,0,single_solve,OPTIMAL,FEASIBLE_POINT,456688.96619451954,456688.96619451954,0,163968,163968,276952,357209,5124,0,5124,25620,5124,256,0,0,NaN,0,NaN,0.0,0.0,
5,4,TWO_STAGE_RH,STATIC_DEMAND_SHARE,shared_battery_mode_node_level_v1,SI-Drahi_13-d2-HET-UHI-BHI-b5b4fe09a4,TK-PB-Drahi_13-d2-HET-UHI-e201b86fbb-r5,SS-b6fde45dba3b,1,0,single_solve,OPTIMAL,FEASIBLE_POINT,456688.96619451954,456688.96619451954,0,163968,163968,276952,357209,5124,0,5124,25620,5124,256,0,0,NaN,0,NaN,0.09750000000000003,0.0,
5,5,TWO_STAGE_RH,STATIC_DEMAND_SHARE,shared_battery_mode_node_level_v1,SI-Drahi_13-d2-HET-UHI-BHI-b5b4fe09a4,TK-PB-Drahi_13-d2-HET-UHI-e201b86fbb-r5,SS-59c6d7df9164,5,0,single_solve,OPTIMAL,FEASIBLE_POINT,599525.5020538219,599525.5020538219,0,163968,163968,276952,349759,5124,0,5124,25620,5124,256,0,0,NaN,0,NaN,1.4210854715202004e-14,0.0,
5,6,TWO_STAGE_RH,STATIC_DEMAND_SHARE,shared_battery_mode_node_level_v1,SI-Drahi_13-d2-HET-UHI-BHI-b5b4fe09a4,TK-PB-Drahi_13-d2-HET-UHI-e201b86fbb-r5,SS-59c6d7df9164,5,0,single_solve,OPTIMAL,FEASIBLE_POINT,599525.5020538219,599525.5020538219,0,163968,163968,276952,349759,5124,0,5124,25620,5124,256,0,0,NaN,0,NaN,0.0,0.0,
5,7,TWO_STAGE_RH,STATIC_DEMAND_SHARE,shared_battery_mode_node_level_v1,SI-Drahi_13-d2-HET-UHI-BHI-b5b4fe09a4,TK-PB-Drahi_13-d2-HET-UHI-e201b86fbb-r5,SS-59c6d7df9164,5,0,single_solve,OPTIMAL,FEASIBLE_POINT,599525.5020538219,599525.5020538219,0,163968,163968,276952,349759,5124,0,5124,25620,5124,256,0,0,NaN,0,NaN,3.552713678800501e-15,0.0,
5,8,TWO_STAGE_RH,STATIC_DEMAND_SHARE,shared_battery_mode_node_level_v1,SI-Drahi_13-d2-HET-UHI-BHI-b5b4fe09a4,TK-PB-Drahi_13-d2-HET-UHI-e201b86fbb-r5,SS-59c6d7df9164,5,0,single_solve,OPTIMAL,FEASIBLE_POINT,599525.5020538219,599525.5020538219,0,163968,163968,276952,349759,5124,0,5124,25620,5124,256,0,0,NaN,0,NaN,1.4210854715202004e-14,0.0,
5,9,TWO_STAGE_RH,STATIC_DEMAND_SHARE,shared_battery_mode_node_level_v1,SI-Drahi_13-d2-HET-UHI-BHI-b5b4fe09a4,TK-PB-Drahi_13-d2-HET-UHI-e201b86fbb-r5,SS-baeb7d556d60,9,0,single_solve,OPTIMAL,FEASIBLE_POINT,421008.5261387528,421008.5261387528,0,163968,163968,276952,352039,5124,0,5124,25620,5124,256,0,0,NaN,0,NaN,1.4210854715202004e-14,0.0,
5,10,TWO_STAGE_RH,STATIC_DEMAND_SHARE,shared_battery_mode_node_level_v1,SI-Drahi_13-d2-HET-UHI-BHI-b5b4fe09a4,TK-PB-Drahi_13-d2-HET-UHI-e201b86fbb-r5,SS-baeb7d556d60,9,0,single_solve,OPTIMAL,FEASIBLE_POINT,421008.5261387528,421008.5261387528,0,163968,163968,276952,352039,5124,0,5124,25620,5124,256,0,0,NaN,0,NaN,14.971590102563269,0.0,
5,11,TWO_STAGE_RH,STATIC_DEMAND_SHARE,shared_battery_mode_node_level_v1,SI-Drahi_13-d2-HET-UHI-BHI-b5b4fe09a4,TK-PB-Drahi_13-d2-HET-UHI-e201b86fbb-r5,SS-baeb7d556d60,9,0,single_solve,OPTIMAL,FEASIBLE_POINT,421008.5261387528,421008.5261387528,0,163968,163968,276952,352039,5124,0,5124,25620,5124,256,0,0,NaN,0,NaN,0.0,0.0,
5,12,TWO_STAGE_RH,STATIC_DEMAND_SHARE,shared_battery_mode_node_level_v1,SI-Drahi_13-d2-HET-UHI-BHI-b5b4fe09a4,TK-PB-Drahi_13-d2-HET-UHI-e201b86fbb-r5,SS-baeb7d556d60,9,0,single_solve,OPTIMAL,FEASIBLE_POINT,421008.5261387528,421008.5261387528,0,163968,163968,276952,352039,5124,0,5124,25620,5124,256,0,0,NaN,0,NaN,0.0,0.0,
5,13,TWO_STAGE_RH,STATIC_DEMAND_SHARE,shared_battery_mode_node_level_v1,SI-Drahi_13-d2-HET-UHI-BHI-b5b4fe09a4,TK-PB-Drahi_13-d2-HET-UHI-e201b86fbb-r5,SS-784512b1c103,13,0,single_solve,OPTIMAL,FEASIBLE_POINT,459457.78132568067,459457.78132568067,0,163968,163968,276952,351309,5124,0,5124,25620,5124,256,0,0,NaN,0,NaN,1.4210854715202004e-14,0.0,
5,14,TWO_STAGE_RH,STATIC_DEMAND_SHARE,shared_battery_mode_node_level_v1,SI-Drahi_13-d2-HET-UHI-BHI-b5b4fe09a4,TK-PB-Drahi_13-d2-HET-UHI-e201b86fbb-r5,SS-784512b1c103,13,0,single_solve,OPTIMAL,FEASIBLE_POINT,459457.78132568067,459457.78132568067,0,163968,163968,276952,351309,5124,0,5124,25620,5124,256,0,0,NaN,0,NaN,12.932530955514636,0.0,
5,15,TWO_STAGE_RH,STATIC_DEMAND_SHARE,shared_battery_mode_node_level_v1,SI-Drahi_13-d2-HET-UHI-BHI-b5b4fe09a4,TK-PB-Drahi_13-d2-HET-UHI-e201b86fbb-r5,SS-784512b1c103,13,0,single_solve,OPTIMAL,FEASIBLE_POINT,459457.78132568067,459457.78132568067,0,163968,163968,276952,351309,5124,0,5124,25620,5124,256,0,0,NaN,0,NaN,3.316884403087272,0.0,
5,16,TWO_STAGE_RH,STATIC_DEMAND_SHARE,shared_battery_mode_node_level_v1,SI-Drahi_13-d2-HET-UHI-BHI-b5b4fe09a4,TK-PB-Drahi_13-d2-HET-UHI-e201b86fbb-r5,SS-784512b1c103,13,0,single_solve,OPTIMAL,FEASIBLE_POINT,459457.78132568067,459457.78132568067,0,163968,163968,276952,351309,5124,0,5124,25620,5124,256,0,0,NaN,0,NaN,1.4210854715202004e-14,0.0,
5,17,TWO_STAGE_RH,STATIC_DEMAND_SHARE,shared_battery_mode_node_level_v1,SI-Drahi_13-d2-HET-UHI-BHI-b5b4fe09a4,TK-PB-Drahi_13-d2-HET-UHI-e201b86fbb-r5,SS-ced84ca7a4eb,17,0,single_solve,OPTIMAL,FEASIBLE_POINT,466536.727137796,466536.727137796,0,163968,163968,276952,352289,5124,0,5124,25620,5124,256,0,0,NaN,0,NaN,1.4210854715202004e-14,0.0,
5,18,TWO_STAGE_RH,STATIC_DEMAND_SHARE,shared_battery_mode_node_level_v1,SI-Drahi_13-d2-HET-UHI-BHI-b5b4fe09a4,TK-PB-Drahi_13-d2-HET-UHI-e201b86fbb-r5,SS-ced84ca7a4eb,17,0,single_solve,OPTIMAL,FEASIBLE_POINT,466536.727137796,466536.727137796,0,163968,163968,276952,352289,5124,0,5124,25620,5124,256,0,0,NaN,0,NaN,2.842170943040401e-14,0.0,
5,19,TWO_STAGE_RH,STATIC_DEMAND_SHARE,shared_battery_mode_node_level_v1,SI-Drahi_13-d2-HET-UHI-BHI-b5b4fe09a4,TK-PB-Drahi_13-d2-HET-UHI-e201b86fbb-r5,SS-ced84ca7a4eb,17,0,single_solve,OPTIMAL,FEASIBLE_POINT,466536.727137796,466536.727137796,0,163968,163968,276952,352289,5124,0,5124,25620,5124,256,0,0,NaN,0,NaN,2.842170943040401e-14,0.0,
5,20,TWO_STAGE_RH,STATIC_DEMAND_SHARE,shared_battery_mode_node_level_v1,SI-Drahi_13-d2-HET-UHI-BHI-b5b4fe09a4,TK-PB-Drahi_13-d2-HET-UHI-e201b86fbb-r5,SS-ced84ca7a4eb,17,0,single_solve,OPTIMAL,FEASIBLE_POINT,466536.727137796,466536.727137796,0,163968,163968,276952,352289,5124,0,5124,25620,5124,256,0,0,NaN,0,NaN,2.842170943040401e-14,0.0,
5,21,TWO_STAGE_RH,STATIC_DEMAND_SHARE,shared_battery_mode_node_level_v1,SI-Drahi_13-d2-HET-UHI-BHI-b5b4fe09a4,TK-PB-Drahi_13-d2-HET-UHI-e201b86fbb-r5,SS-fec72d83146f,21,0,single_solve,OPTIMAL,FEASIBLE_POINT,515857.8464355548,515857.8464355548,0,163968,163968,276952,354844,5124,0,5124,25620,5124,256,0,0,NaN,0,NaN,0.0,0.0,
5,22,TWO_STAGE_RH,STATIC_DEMAND_SHARE,shared_battery_mode_node_level_v1,SI-Drahi_13-d2-HET-UHI-BHI-b5b4fe09a4,TK-PB-Drahi_13-d2-HET-UHI-e201b86fbb-r5,SS-fec72d83146f,21,0,single_solve,OPTIMAL,FEASIBLE_POINT,515857.8464355548,515857.8464355548,0,163968,163968,276952,354844,5124,0,5124,25620,5124,256,0,0,NaN,0,NaN,7.105427357601002e-15,0.0,
5,23,TWO_STAGE_RH,STATIC_DEMAND_SHARE,shared_battery_mode_node_level_v1,SI-Drahi_13-d2-HET-UHI-BHI-b5b4fe09a4,TK-PB-Drahi_13-d2-HET-UHI-e201b86fbb-r5,SS-fec72d83146f,21,0,single_solve,OPTIMAL,FEASIBLE_POINT,515857.8464355548,515857.8464355548,0,163968,163968,276952,354844,5124,0,5124,25620,5124,256,0,0,NaN,0,NaN,7.105427357601002e-15,0.0,
5,24,TWO_STAGE_RH,STATIC_DEMAND_SHARE,shared_battery_mode_node_level_v1,SI-Drahi_13-d2-HET-UHI-BHI-b5b4fe09a4,TK-PB-Drahi_13-d2-HET-UHI-e201b86fbb-r5,SS-fec72d83146f,21,0,single_solve,OPTIMAL,FEASIBLE_POINT,515857.8464355548,515857.8464355548,0,163968,163968,276952,354844,5124,0,5124,25620,5124,256,0,0,NaN,0,NaN,1.4210854715202004e-14,0.0,
5,1,DETERMINISTIC_RH,LEXMMFPEA,shared_battery_mode_node_level_v1,SI-Drahi_13-d2-HET-UHI-BLO-15dd2f4a2b,TK-PB-Drahi_13-d2-HET-UHI-e201b86fbb-r5,SS-b6fde45dba3b,1,1,lex_phase_1,OPTIMAL,FEASIBLE_POINT,487.1968403092925,487.1968403092925,0,798,798,1227,2189,24,0,24,120,24,1,0,0,NaN,0,NaN,0.0,1.0,
5,1,DETERMINISTIC_RH,LEXMMFPEA,shared_battery_mode_node_level_v1,SI-Drahi_13-d2-HET-UHI-BLO-15dd2f4a2b,TK-PB-Drahi_13-d2-HET-UHI-e201b86fbb-r5,SS-b6fde45dba3b,1,2,lex_phase_2,OPTIMAL,FEASIBLE_POINT,974.3936806185849,974.3936806185849,0,798,798,1228,2195,24,0,24,120,24,1,0,0,NaN,0,NaN,0.0,1.0,
5,1,DETERMINISTIC_RH,LEXMMFPEA,shared_battery_mode_node_level_v1,SI-Drahi_13-d2-HET-UHI-BLO-15dd2f4a2b,TK-PB-Drahi_13-d2-HET-UHI-e201b86fbb-r5,SS-b6fde45dba3b,1,3,lex_phase_3,OPTIMAL,FEASIBLE_POINT,1461.5905209278774,1461.5905209278774,0,798,798,1229,2201,24,0,24,120,24,1,0,0,NaN,0,NaN,0.0,1.0,
5,1,DETERMINISTIC_RH,LEXMMFPEA,shared_battery_mode_node_level_v1,SI-Drahi_13-d2-HET-UHI-BLO-15dd2f4a2b,TK-PB-Drahi_13-d2-HET-UHI-e201b86fbb-r5,SS-b6fde45dba3b,1,4,lex_phase_4,OPTIMAL,FEASIBLE_POINT,1948.7873612371698,1948.7873612371698,0,798,798,1230,2207,24,0,24,120,24,1,0,0,NaN,0,NaN,0.0,1.0,
5,1,DETERMINISTIC_RH,LEXMMFPEA,shared_battery_mode_node_level_v1,SI-Drahi_13-d2-HET-UHI-BLO-15dd2f4a2b,TK-PB-Drahi_13-d2-HET-UHI-e201b86fbb-r5,SS-b6fde45dba3b,1,5,lex_phase_5,OPTIMAL,FEASIBLE_POINT,2435.9842015464624,2435.9842015464624,0,798,798,1231,2213,24,0,24,120,24,1,0,0,NaN,0,NaN,0.0,1.0,
5,1,DETERMINISTIC_RH,LEXMMFPEA,shared_battery_mode_node_level_v1,SI-Drahi_13-d2-HET-UHI-BLO-15dd2f4a2b,TK-PB-Drahi_13-d2-HET-UHI-e201b86fbb-r5,SS-b6fde45dba3b,1,6,economic_tie_break,OPTIMAL,FEASIBLE_POINT,623942.6302418696,623942.6302418696,0,798,798,1232,2219,24,0,24,120,24,1,0,0,NaN,0,NaN,0.0,1.0,
5,2,DETERMINISTIC_RH,LEXMMFPEA,shared_battery_mode_node_level_v1,SI-Drahi_13-d2-HET-UHI-BLO-15dd2f4a2b,TK-PB-Drahi_13-d2-HET-UHI-e201b86fbb-r5,SS-b6fde45dba3b,1,1,lex_phase_1,OPTIMAL,FEASIBLE_POINT,487.1968403092925,487.1968403092925,0,798,798,1227,2189,24,0,24,120,24,1,0,0,NaN,0,NaN,4.689582056016661e-13,1.0,
5,2,DETERMINISTIC_RH,LEXMMFPEA,shared_battery_mode_node_level_v1,SI-Drahi_13-d2-HET-UHI-BLO-15dd2f4a2b,TK-PB-Drahi_13-d2-HET-UHI-e201b86fbb-r5,SS-b6fde45dba3b,1,2,lex_phase_2,OPTIMAL,FEASIBLE_POINT,974.3936806185849,974.3936806185849,0,798,798,1228,2195,24,0,24,120,24,1,0,0,NaN,0,NaN,4.689582056016661e-13,1.0,
5,2,DETERMINISTIC_RH,LEXMMFPEA,shared_battery_mode_node_level_v1,SI-Drahi_13-d2-HET-UHI-BLO-15dd2f4a2b,TK-PB-Drahi_13-d2-HET-UHI-e201b86fbb-r5,SS-b6fde45dba3b,1,3,lex_phase_3,OPTIMAL,FEASIBLE_POINT,1461.5905209278774,1461.5905209278774,0,798,798,1229,2201,24,0,24,120,24,1,0,0,NaN,0,NaN,4.689582056016661e-13,1.0,
5,2,DETERMINISTIC_RH,LEXMMFPEA,shared_battery_mode_node_level_v1,SI-Drahi_13-d2-HET-UHI-BLO-15dd2f4a2b,TK-PB-Drahi_13-d2-HET-UHI-e201b86fbb-r5,SS-b6fde45dba3b,1,4,lex_phase_4,OPTIMAL,FEASIBLE_POINT,1948.7873612371698,1948.7873612371698,0,798,798,1230,2207,24,0,24,120,24,1,0,0,NaN,0,NaN,4.689582056016661e-13,1.0,
5,2,DETERMINISTIC_RH,LEXMMFPEA,shared_battery_mode_node_level_v1,SI-Drahi_13-d2-HET-UHI-BLO-15dd2f4a2b,TK-PB-Drahi_13-d2-HET-UHI-e201b86fbb-r5,SS-b6fde45dba3b,1,5,lex_phase_5,OPTIMAL,FEASIBLE_POINT,2435.9842015464624,2435.9842015464624,0,798,798,1231,2213,24,0,24,120,24,1,0,0,NaN,0,NaN,4.689582056016661e-13,1.0,
5,2,DETERMINISTIC_RH,LEXMMFPEA,shared_battery_mode_node_level_v1,SI-Drahi_13-d2-HET-UHI-BLO-15dd2f4a2b,TK-PB-Drahi_13-d2-HET-UHI-e201b86fbb-r5,SS-b6fde45dba3b,1,6,economic_tie_break,OPTIMAL,FEASIBLE_POINT,623942.6302418696,623942.6302418696,0,798,798,1232,2219,24,0,24,120,24,1,0,0,NaN,0,NaN,4.689582056016661e-13,1.0,
5,3,DETERMINISTIC_RH,LEXMMFPEA,shared_battery_mode_node_level_v1,SI-Drahi_13-d2-HET-UHI-BLO-15dd2f4a2b,TK-PB-Drahi_13-d2-HET-UHI-e201b86fbb-r5,SS-b6fde45dba3b,1,1,lex_phase_1,OPTIMAL,FEASIBLE_POINT,487.1968403092925,487.1968403092925,0,798,798,1227,2189,24,0,24,120,24,1,0,0,NaN,0,NaN,2.984279490192421e-13,1.0,
5,3,DETERMINISTIC_RH,LEXMMFPEA,shared_battery_mode_node_level_v1,SI-Drahi_13-d2-HET-UHI-BLO-15dd2f4a2b,TK-PB-Drahi_13-d2-HET-UHI-e201b86fbb-r5,SS-b6fde45dba3b,1,2,lex_phase_2,OPTIMAL,FEASIBLE_POINT,974.3936806185849,974.3936806185849,0,798,798,1228,2195,24,0,24,120,24,1,0,0,NaN,0,NaN,2.984279490192421e-13,1.0,
5,3,DETERMINISTIC_RH,LEXMMFPEA,shared_battery_mode_node_level_v1,SI-Drahi_13-d2-HET-UHI-BLO-15dd2f4a2b,TK-PB-Drahi_13-d2-HET-UHI-e201b86fbb-r5,SS-b6fde45dba3b,1,3,lex_phase_3,OPTIMAL,FEASIBLE_POINT,1461.5905209278774,1461.5905209278774,0,798,798,1229,2201,24,0,24,120,24,1,0,0,NaN,0,NaN,2.984279490192421e-13,1.0,
5,3,DETERMINISTIC_RH,LEXMMFPEA,shared_battery_mode_node_level_v1,SI-Drahi_13-d2-HET-UHI-BLO-15dd2f4a2b,TK-PB-Drahi_13-d2-HET-UHI-e201b86fbb-r5,SS-b6fde45dba3b,1,4,lex_phase_4,OPTIMAL,FEASIBLE_POINT,1948.7873612371698,1948.7873612371698,0,798,798,1230,2207,24,0,24,120,24,1,0,0,NaN,0,NaN,2.984279490192421e-13,1.0,
5,3,DETERMINISTIC_RH,LEXMMFPEA,shared_battery_mode_node_level_v1,SI-Drahi_13-d2-HET-UHI-BLO-15dd2f4a2b,TK-PB-Drahi_13-d2-HET-UHI-e201b86fbb-r5,SS-b6fde45dba3b,1,5,lex_phase_5,OPTIMAL,FEASIBLE_POINT,2435.9842015464624,2435.9842015464624,0,798,798,1231,2213,24,0,24,120,24,1,0,0,NaN,0,NaN,2.984279490192421e-13,1.0,
5,3,DETERMINISTIC_RH,LEXMMFPEA,shared_battery_mode_node_level_v1,SI-Drahi_13-d2-HET-UHI-BLO-15dd2f4a2b,TK-PB-Drahi_13-d2-HET-UHI-e201b86fbb-r5,SS-b6fde45dba3b,1,6,economic_tie_break,OPTIMAL,FEASIBLE_POINT,623942.6302418696,623942.6302418696,0,798,798,1232,2219,24,0,24,120,24,1,0,0,NaN,0,NaN,2.984279490192421e-13,1.0,
5,4,DETERMINISTIC_RH,LEXMMFPEA,shared_battery_mode_node_level_v1,SI-Drahi_13-d2-HET-UHI-BLO-15dd2f4a2b,TK-PB-Drahi_13-d2-HET-UHI-e201b86fbb-r5,SS-b6fde45dba3b,1,1,lex_phase_1,OPTIMAL,FEASIBLE_POINT,487.1968403092925,487.1968403092925,0,798,798,1227,2189,24,0,24,120,24,1,0,0,NaN,0,NaN,0.09750000000000003,1.0,
5,4,DETERMINISTIC_RH,LEXMMFPEA,shared_battery_mode_node_level_v1,SI-Drahi_13-d2-HET-UHI-BLO-15dd2f4a2b,TK-PB-Drahi_13-d2-HET-UHI-e201b86fbb-r5,SS-b6fde45dba3b,1,2,lex_phase_2,OPTIMAL,FEASIBLE_POINT,974.3936806185849,974.3936806185849,0,798,798,1228,2195,24,0,24,120,24,1,0,0,NaN,0,NaN,0.09750000000000003,1.0,
5,4,DETERMINISTIC_RH,LEXMMFPEA,shared_battery_mode_node_level_v1,SI-Drahi_13-d2-HET-UHI-BLO-15dd2f4a2b,TK-PB-Drahi_13-d2-HET-UHI-e201b86fbb-r5,SS-b6fde45dba3b,1,3,lex_phase_3,OPTIMAL,FEASIBLE_POINT,1461.5905209278774,1461.5905209278774,0,798,798,1229,2201,24,0,24,120,24,1,0,0,NaN,0,NaN,0.09750000000000003,1.0,
5,4,DETERMINISTIC_RH,LEXMMFPEA,shared_battery_mode_node_level_v1,SI-Drahi_13-d2-HET-UHI-BLO-15dd2f4a2b,TK-PB-Drahi_13-d2-HET-UHI-e201b86fbb-r5,SS-b6fde45dba3b,1,4,lex_phase_4,OPTIMAL,FEASIBLE_POINT,1948.7873612371698,1948.7873612371698,0,798,798,1230,2207,24,0,24,120,24,1,0,0,NaN,0,NaN,0.09750000000000003,1.0,
5,4,DETERMINISTIC_RH,LEXMMFPEA,shared_battery_mode_node_level_v1,SI-Drahi_13-d2-HET-UHI-BLO-15dd2f4a2b,TK-PB-Drahi_13-d2-HET-UHI-e201b86fbb-r5,SS-b6fde45dba3b,1,5,lex_phase_5,OPTIMAL,FEASIBLE_POINT,2435.9842015464624,2435.9842015464624,0,798,798,1231,2213,24,0,24,120,24,1,0,0,NaN,0,NaN,0.09750000000000003,1.0,
5,4,DETERMINISTIC_RH,LEXMMFPEA,shared_battery_mode_node_level_v1,SI-Drahi_13-d2-HET-UHI-BLO-15dd2f4a2b,TK-PB-Drahi_13-d2-HET-UHI-e201b86fbb-r5,SS-b6fde45dba3b,1,6,economic_tie_break,OPTIMAL,FEASIBLE_POINT,623942.6302418696,623942.6302418696,0,798,798,1232,2219,24,0,24,120,24,1,0,0,NaN,0,NaN,0.09750000000000003,1.0,
5,5,DETERMINISTIC_RH,LEXMMFPEA,shared_battery_mode_node_level_v1,SI-Drahi_13-d2-HET-UHI-BLO-15dd2f4a2b,TK-PB-Drahi_13-d2-HET-UHI-e201b86fbb-r5,SS-59c6d7df9164,5,1,lex_phase_1,OPTIMAL,FEASIBLE_POINT,194.60555259420113,194.60555259420113,0,798,798,1227,2189,24,0,24,120,24,1,0,0,NaN,0,NaN,0.0,1.0000000000001137,
5,5,DETERMINISTIC_RH,LEXMMFPEA,shared_battery_mode_node_level_v1,SI-Drahi_13-d2-HET-UHI-BLO-15dd2f4a2b,TK-PB-Drahi_13-d2-HET-UHI-e201b86fbb-r5,SS-59c6d7df9164,5,2,lex_phase_2,OPTIMAL,FEASIBLE_POINT,389.21110518840237,389.21110518840237,0,798,798,1228,2195,24,0,24,120,24,1,0,0,NaN,0,NaN,0.0,1.0000000000001137,
5,5,DETERMINISTIC_RH,LEXMMFPEA,shared_battery_mode_node_level_v1,SI-Drahi_13-d2-HET-UHI-BLO-15dd2f4a2b,TK-PB-Drahi_13-d2-HET-UHI-e201b86fbb-r5,SS-59c6d7df9164,5,3,lex_phase_3,OPTIMAL,FEASIBLE_POINT,583.8166577826036,583.8166577826036,0,798,798,1229,2201,24,0,24,120,24,1,0,0,NaN,0,NaN,0.0,1.0000000000001137,
5,5,DETERMINISTIC_RH,LEXMMFPEA,shared_battery_mode_node_level_v1,SI-Drahi_13-d2-HET-UHI-BLO-15dd2f4a2b,TK-PB-Drahi_13-d2-HET-UHI-e201b86fbb-r5,SS-59c6d7df9164,5,4,lex_phase_4,OPTIMAL,FEASIBLE_POINT,778.4222103768047,778.4222103768047,0,798,798,1230,2207,24,0,24,120,24,1,0,0,NaN,0,NaN,0.0,1.0000000000001137,
5,5,DETERMINISTIC_RH,LEXMMFPEA,shared_battery_mode_node_level_v1,SI-Drahi_13-d2-HET-UHI-BLO-15dd2f4a2b,TK-PB-Drahi_13-d2-HET-UHI-e201b86fbb-r5,SS-59c6d7df9164,5,5,lex_phase_5,OPTIMAL,FEASIBLE_POINT,973.0277629710057,973.0277629710057,0,798,798,1231,2213,24,0,24,120,24,1,0,0,NaN,0,NaN,0.0,1.0000000000001137,
5,5,DETERMINISTIC_RH,LEXMMFPEA,shared_battery_mode_node_level_v1,SI-Drahi_13-d2-HET-UHI-BLO-15dd2f4a2b,TK-PB-Drahi_13-d2-HET-UHI-e201b86fbb-r5,SS-59c6d7df9164,5,6,economic_tie_break,OPTIMAL,FEASIBLE_POINT,650773.5189431614,650773.5189431614,0,798,798,1232,2219,24,0,24,120,24,1,0,0,NaN,0,NaN,0.0,1.0000000000001137,
5,6,DETERMINISTIC_RH,LEXMMFPEA,shared_battery_mode_node_level_v1,SI-Drahi_13-d2-HET-UHI-BLO-15dd2f4a2b,TK-PB-Drahi_13-d2-HET-UHI-e201b86fbb-r5,SS-59c6d7df9164,5,1,lex_phase_1,OPTIMAL,FEASIBLE_POINT,194.60555259420113,194.60555259420113,0,798,798,1227,2189,24,0,24,120,24,1,0,0,NaN,0,NaN,0.09750000000000014,1.0000000000001137,
5,6,DETERMINISTIC_RH,LEXMMFPEA,shared_battery_mode_node_level_v1,SI-Drahi_13-d2-HET-UHI-BLO-15dd2f4a2b,TK-PB-Drahi_13-d2-HET-UHI-e201b86fbb-r5,SS-59c6d7df9164,5,2,lex_phase_2,OPTIMAL,FEASIBLE_POINT,389.21110518840237,389.21110518840237,0,798,798,1228,2195,24,0,24,120,24,1,0,0,NaN,0,NaN,0.09750000000000014,1.0000000000001137,
5,6,DETERMINISTIC_RH,LEXMMFPEA,shared_battery_mode_node_level_v1,SI-Drahi_13-d2-HET-UHI-BLO-15dd2f4a2b,TK-PB-Drahi_13-d2-HET-UHI-e201b86fbb-r5,SS-59c6d7df9164,5,3,lex_phase_3,OPTIMAL,FEASIBLE_POINT,583.8166577826036,583.8166577826036,0,798,798,1229,2201,24,0,24,120,24,1,0,0,NaN,0,NaN,0.09750000000000014,1.0000000000001137,
5,6,DETERMINISTIC_RH,LEXMMFPEA,shared_battery_mode_node_level_v1,SI-Drahi_13-d2-HET-UHI-BLO-15dd2f4a2b,TK-PB-Drahi_13-d2-HET-UHI-e201b86fbb-r5,SS-59c6d7df9164,5,4,lex_phase_4,OPTIMAL,FEASIBLE_POINT,778.4222103768047,778.4222103768047,0,798,798,1230,2207,24,0,24,120,24,1,0,0,NaN,0,NaN,0.09750000000000014,1.0000000000001137,
5,6,DETERMINISTIC_RH,LEXMMFPEA,shared_battery_mode_node_level_v1,SI-Drahi_13-d2-HET-UHI-BLO-15dd2f4a2b,TK-PB-Drahi_13-d2-HET-UHI-e201b86fbb-r5,SS-59c6d7df9164,5,5,lex_phase_5,OPTIMAL,FEASIBLE_POINT,973.0277629710057,973.0277629710057,0,798,798,1231,2213,24,0,24,120,24,1,0,0,NaN,0,NaN,0.09750000000000014,1.0000000000001137,
5,6,DETERMINISTIC_RH,LEXMMFPEA,shared_battery_mode_node_level_v1,SI-Drahi_13-d2-HET-UHI-BLO-15dd2f4a2b,TK-PB-Drahi_13-d2-HET-UHI-e201b86fbb-r5,SS-59c6d7df9164,5,6,economic_tie_break,OPTIMAL,FEASIBLE_POINT,650773.5189431614,650773.5189431614,0,798,798,1232,2219,24,0,24,120,24,1,0,0,NaN,0,NaN,0.09750000000000014,1.0000000000001137,
5,7,DETERMINISTIC_RH,LEXMMFPEA,shared_battery_mode_node_level_v1,SI-Drahi_13-d2-HET-UHI-BLO-15dd2f4a2b,TK-PB-Drahi_13-d2-HET-UHI-e201b86fbb-r5,SS-59c6d7df9164,5,1,lex_phase_1,OPTIMAL,FEASIBLE_POINT,194.60555259420113,194.60555259420113,0,798,798,1227,2189,24,0,24,120,24,1,0,0,NaN,0,NaN,1.9895196601282805e-13,1.0000000000001137,
5,7,DETERMINISTIC_RH,LEXMMFPEA,shared_battery_mode_node_level_v1,SI-Drahi_13-d2-HET-UHI-BLO-15dd2f4a2b,TK-PB-Drahi_13-d2-HET-UHI-e201b86fbb-r5,SS-59c6d7df9164,5,2,lex_phase_2,OPTIMAL,FEASIBLE_POINT,389.21110518840237,389.21110518840237,0,798,798,1228,2195,24,0,24,120,24,1,0,0,NaN,0,NaN,1.9895196601282805e-13,1.0000000000001137,
5,7,DETERMINISTIC_RH,LEXMMFPEA,shared_battery_mode_node_level_v1,SI-Drahi_13-d2-HET-UHI-BLO-15dd2f4a2b,TK-PB-Drahi_13-d2-HET-UHI-e201b86fbb-r5,SS-59c6d7df9164,5,3,lex_phase_3,OPTIMAL,FEASIBLE_POINT,583.8166577826036,583.8166577826036,0,798,798,1229,2201,24,0,24,120,24,1,0,0,NaN,0,NaN,1.9895196601282805e-13,1.0000000000001137,
5,7,DETERMINISTIC_RH,LEXMMFPEA,shared_battery_mode_node_level_v1,SI-Drahi_13-d2-HET-UHI-BLO-15dd2f4a2b,TK-PB-Drahi_13-d2-HET-UHI-e201b86fbb-r5,SS-59c6d7df9164,5,4,lex_phase_4,OPTIMAL,FEASIBLE_POINT,778.4222103768047,778.4222103768047,0,798,798,1230,2207,24,0,24,120,24,1,0,0,NaN,0,NaN,1.9895196601282805e-13,1.0000000000001137,
5,7,DETERMINISTIC_RH,LEXMMFPEA,shared_battery_mode_node_level_v1,SI-Drahi_13-d2-HET-UHI-BLO-15dd2f4a2b,TK-PB-Drahi_13-d2-HET-UHI-e201b86fbb-r5,SS-59c6d7df9164,5,5,lex_phase_5,OPTIMAL,FEASIBLE_POINT,973.0277629710057,973.0277629710057,0,798,798,1231,2213,24,0,24,120,24,1,0,0,NaN,0,NaN,1.9895196601282805e-13,1.0000000000001137,
5,7,DETERMINISTIC_RH,LEXMMFPEA,shared_battery_mode_node_level_v1,SI-Drahi_13-d2-HET-UHI-BLO-15dd2f4a2b,TK-PB-Drahi_13-d2-HET-UHI-e201b86fbb-r5,SS-59c6d7df9164,5,6,economic_tie_break,OPTIMAL,FEASIBLE_POINT,650773.5189431614,650773.5189431614,0,798,798,1232,2219,24,0,24,120,24,1,0,0,NaN,0,NaN,1.9895196601282805e-13,1.0000000000001137,
5,8,DETERMINISTIC_RH,LEXMMFPEA,shared_battery_mode_node_level_v1,SI-Drahi_13-d2-HET-UHI-BLO-15dd2f4a2b,TK-PB-Drahi_13-d2-HET-UHI-e201b86fbb-r5,SS-59c6d7df9164,5,1,lex_phase_1,OPTIMAL,FEASIBLE_POINT,194.60555259420113,194.60555259420113,0,798,798,1227,2189,24,0,24,120,24,1,0,0,NaN,0,NaN,3.836930773104541e-13,1.0000000000001137,
5,8,DETERMINISTIC_RH,LEXMMFPEA,shared_battery_mode_node_level_v1,SI-Drahi_13-d2-HET-UHI-BLO-15dd2f4a2b,TK-PB-Drahi_13-d2-HET-UHI-e201b86fbb-r5,SS-59c6d7df9164,5,2,lex_phase_2,OPTIMAL,FEASIBLE_POINT,389.21110518840237,389.21110518840237,0,798,798,1228,2195,24,0,24,120,24,1,0,0,NaN,0,NaN,3.836930773104541e-13,1.0000000000001137,
5,8,DETERMINISTIC_RH,LEXMMFPEA,shared_battery_mode_node_level_v1,SI-Drahi_13-d2-HET-UHI-BLO-15dd2f4a2b,TK-PB-Drahi_13-d2-HET-UHI-e201b86fbb-r5,SS-59c6d7df9164,5,3,lex_phase_3,OPTIMAL,FEASIBLE_POINT,583.8166577826036,583.8166577826036,0,798,798,1229,2201,24,0,24,120,24,1,0,0,NaN,0,NaN,3.836930773104541e-13,1.0000000000001137,
5,8,DETERMINISTIC_RH,LEXMMFPEA,shared_battery_mode_node_level_v1,SI-Drahi_13-d2-HET-UHI-BLO-15dd2f4a2b,TK-PB-Drahi_13-d2-HET-UHI-e201b86fbb-r5,SS-59c6d7df9164,5,4,lex_phase_4,OPTIMAL,FEASIBLE_POINT,778.4222103768047,778.4222103768047,0,798,798,1230,2207,24,0,24,120,24,1,0,0,NaN,0,NaN,3.836930773104541e-13,1.0000000000001137,
5,8,DETERMINISTIC_RH,LEXMMFPEA,shared_battery_mode_node_level_v1,SI-Drahi_13-d2-HET-UHI-BLO-15dd2f4a2b,TK-PB-Drahi_13-d2-HET-UHI-e201b86fbb-r5,SS-59c6d7df9164,5,5,lex_phase_5,OPTIMAL,FEASIBLE_POINT,973.0277629710057,973.0277629710057,0,798,798,1231,2213,24,0,24,120,24,1,0,0,NaN,0,NaN,3.836930773104541e-13,1.0000000000001137,
5,8,DETERMINISTIC_RH,LEXMMFPEA,shared_battery_mode_node_level_v1,SI-Drahi_13-d2-HET-UHI-BLO-15dd2f4a2b,TK-PB-Drahi_13-d2-HET-UHI-e201b86fbb-r5,SS-59c6d7df9164,5,6,economic_tie_break,OPTIMAL,FEASIBLE_POINT,650773.5189431614,650773.5189431614,0,798,798,1232,2219,24,0,24,120,24,1,0,0,NaN,0,NaN,3.836930773104541e-13,1.0000000000001137,
5,9,DETERMINISTIC_RH,LEXMMFPEA,shared_battery_mode_node_level_v1,SI-Drahi_13-d2-HET-UHI-BLO-15dd2f4a2b,TK-PB-Drahi_13-d2-HET-UHI-e201b86fbb-r5,SS-baeb7d556d60,9,1,lex_phase_1,OPTIMAL,FEASIBLE_POINT,514.1414402584778,514.1414402584778,0,798,798,1227,2189,24,0,24,120,24,1,0,0,NaN,0,NaN,2.730617608409987,1.0,
5,9,DETERMINISTIC_RH,LEXMMFPEA,shared_battery_mode_node_level_v1,SI-Drahi_13-d2-HET-UHI-BLO-15dd2f4a2b,TK-PB-Drahi_13-d2-HET-UHI-e201b86fbb-r5,SS-baeb7d556d60,9,2,lex_phase_2,OPTIMAL,FEASIBLE_POINT,1028.2828805169554,1028.2828805169554,0,798,798,1228,2195,24,0,24,120,24,1,0,0,NaN,0,NaN,2.730617608409987,1.0,
5,9,DETERMINISTIC_RH,LEXMMFPEA,shared_battery_mode_node_level_v1,SI-Drahi_13-d2-HET-UHI-BLO-15dd2f4a2b,TK-PB-Drahi_13-d2-HET-UHI-e201b86fbb-r5,SS-baeb7d556d60,9,3,lex_phase_3,OPTIMAL,FEASIBLE_POINT,1542.424320775433,1542.424320775433,0,798,798,1229,2201,24,0,24,120,24,1,0,0,NaN,0,NaN,2.730617608409987,1.0,
5,9,DETERMINISTIC_RH,LEXMMFPEA,shared_battery_mode_node_level_v1,SI-Drahi_13-d2-HET-UHI-BLO-15dd2f4a2b,TK-PB-Drahi_13-d2-HET-UHI-e201b86fbb-r5,SS-baeb7d556d60,9,4,lex_phase_4,OPTIMAL,FEASIBLE_POINT,2056.565761033911,2056.565761033911,0,798,798,1230,2207,24,0,24,120,24,1,0,0,NaN,0,NaN,2.730617608409987,1.0,
5,9,DETERMINISTIC_RH,LEXMMFPEA,shared_battery_mode_node_level_v1,SI-Drahi_13-d2-HET-UHI-BLO-15dd2f4a2b,TK-PB-Drahi_13-d2-HET-UHI-e201b86fbb-r5,SS-baeb7d556d60,9,5,lex_phase_5,OPTIMAL,FEASIBLE_POINT,2570.707201292389,2570.707201292389,0,798,798,1231,2213,24,0,24,120,24,1,0,0,NaN,0,NaN,2.730617608409987,1.0,
5,9,DETERMINISTIC_RH,LEXMMFPEA,shared_battery_mode_node_level_v1,SI-Drahi_13-d2-HET-UHI-BLO-15dd2f4a2b,TK-PB-Drahi_13-d2-HET-UHI-e201b86fbb-r5,SS-baeb7d556d60,9,6,economic_tie_break,OPTIMAL,FEASIBLE_POINT,593315.9946116738,593315.9946116738,0,798,798,1232,2219,24,0,24,120,24,1,0,0,NaN,0,NaN,2.730617608409987,1.0,
5,10,DETERMINISTIC_RH,LEXMMFPEA,shared_battery_mode_node_level_v1,SI-Drahi_13-d2-HET-UHI-BLO-15dd2f4a2b,TK-PB-Drahi_13-d2-HET-UHI-e201b86fbb-r5,SS-baeb7d556d60,9,1,lex_phase_1,OPTIMAL,FEASIBLE_POINT,514.1414402584778,514.1414402584778,0,798,798,1227,2189,24,0,24,120,24,1,0,0,NaN,0,NaN,4.0,1.0,
5,10,DETERMINISTIC_RH,LEXMMFPEA,shared_battery_mode_node_level_v1,SI-Drahi_13-d2-HET-UHI-BLO-15dd2f4a2b,TK-PB-Drahi_13-d2-HET-UHI-e201b86fbb-r5,SS-baeb7d556d60,9,2,lex_phase_2,OPTIMAL,FEASIBLE_POINT,1028.2828805169554,1028.2828805169554,0,798,798,1228,2195,24,0,24,120,24,1,0,0,NaN,0,NaN,4.0,1.0,
5,10,DETERMINISTIC_RH,LEXMMFPEA,shared_battery_mode_node_level_v1,SI-Drahi_13-d2-HET-UHI-BLO-15dd2f4a2b,TK-PB-Drahi_13-d2-HET-UHI-e201b86fbb-r5,SS-baeb7d556d60,9,3,lex_phase_3,OPTIMAL,FEASIBLE_POINT,1542.424320775433,1542.424320775433,0,798,798,1229,2201,24,0,24,120,24,1,0,0,NaN,0,NaN,4.0,1.0,
5,10,DETERMINISTIC_RH,LEXMMFPEA,shared_battery_mode_node_level_v1,SI-Drahi_13-d2-HET-UHI-BLO-15dd2f4a2b,TK-PB-Drahi_13-d2-HET-UHI-e201b86fbb-r5,SS-baeb7d556d60,9,4,lex_phase_4,OPTIMAL,FEASIBLE_POINT,2056.565761033911,2056.565761033911,0,798,798,1230,2207,24,0,24,120,24,1,0,0,NaN,0,NaN,4.0,1.0,
5,10,DETERMINISTIC_RH,LEXMMFPEA,shared_battery_mode_node_level_v1,SI-Drahi_13-d2-HET-UHI-BLO-15dd2f4a2b,TK-PB-Drahi_13-d2-HET-UHI-e201b86fbb-r5,SS-baeb7d556d60,9,5,lex_phase_5,OPTIMAL,FEASIBLE_POINT,2570.707201292389,2570.707201292389,0,798,798,1231,2213,24,0,24,120,24,1,0,0,NaN,0,NaN,4.0,1.0,
5,10,DETERMINISTIC_RH,LEXMMFPEA,shared_battery_mode_node_level_v1,SI-Drahi_13-d2-HET-UHI-BLO-15dd2f4a2b,TK-PB-Drahi_13-d2-HET-UHI-e201b86fbb-r5,SS-baeb7d556d60,9,6,economic_tie_break,OPTIMAL,FEASIBLE_POINT,593315.9946116738,593315.9946116738,0,798,798,1232,2219,24,0,24,120,24,1,0,0,NaN,0,NaN,4.0,1.0,
5,11,DETERMINISTIC_RH,LEXMMFPEA,shared_battery_mode_node_level_v1,SI-Drahi_13-d2-HET-UHI-BLO-15dd2f4a2b,TK-PB-Drahi_13-d2-HET-UHI-e201b86fbb-r5,SS-baeb7d556d60,9,1,lex_phase_1,OPTIMAL,FEASIBLE_POINT,514.1414402584778,514.1414402584778,0,798,798,1227,2189,24,0,24,120,24,1,0,0,NaN,0,NaN,6.536993168992922e-13,1.0,
5,11,DETERMINISTIC_RH,LEXMMFPEA,shared_battery_mode_node_level_v1,SI-Drahi_13-d2-HET-UHI-BLO-15dd2f4a2b,TK-PB-Drahi_13-d2-HET-UHI-e201b86fbb-r5,SS-baeb7d556d60,9,2,lex_phase_2,OPTIMAL,FEASIBLE_POINT,1028.2828805169554,1028.2828805169554,0,798,798,1228,2195,24,0,24,120,24,1,0,0,NaN,0,NaN,6.536993168992922e-13,1.0,
5,11,DETERMINISTIC_RH,LEXMMFPEA,shared_battery_mode_node_level_v1,SI-Drahi_13-d2-HET-UHI-BLO-15dd2f4a2b,TK-PB-Drahi_13-d2-HET-UHI-e201b86fbb-r5,SS-baeb7d556d60,9,3,lex_phase_3,OPTIMAL,FEASIBLE_POINT,1542.424320775433,1542.424320775433,0,798,798,1229,2201,24,0,24,120,24,1,0,0,NaN,0,NaN,6.536993168992922e-13,1.0,
5,11,DETERMINISTIC_RH,LEXMMFPEA,shared_battery_mode_node_level_v1,SI-Drahi_13-d2-HET-UHI-BLO-15dd2f4a2b,TK-PB-Drahi_13-d2-HET-UHI-e201b86fbb-r5,SS-baeb7d556d60,9,4,lex_phase_4,OPTIMAL,FEASIBLE_POINT,2056.565761033911,2056.565761033911,0,798,798,1230,2207,24,0,24,120,24,1,0,0,NaN,0,NaN,6.536993168992922e-13,1.0,
5,11,DETERMINISTIC_RH,LEXMMFPEA,shared_battery_mode_node_level_v1,SI-Drahi_13-d2-HET-UHI-BLO-15dd2f4a2b,TK-PB-Drahi_13-d2-HET-UHI-e201b86fbb-r5,SS-baeb7d556d60,9,5,lex_phase_5,OPTIMAL,FEASIBLE_POINT,2570.707201292389,2570.707201292389,0,798,798,1231,2213,24,0,24,120,24,1,0,0,NaN,0,NaN,6.536993168992922e-13,1.0,
5,11,DETERMINISTIC_RH,LEXMMFPEA,shared_battery_mode_node_level_v1,SI-Drahi_13-d2-HET-UHI-BLO-15dd2f4a2b,TK-PB-Drahi_13-d2-HET-UHI-e201b86fbb-r5,SS-baeb7d556d60,9,6,economic_tie_break,OPTIMAL,FEASIBLE_POINT,593315.9946116738,593315.9946116738,0,798,798,1232,2219,24,0,24,120,24,1,0,0,NaN,0,NaN,6.536993168992922e-13,1.0,
5,12,DETERMINISTIC_RH,LEXMMFPEA,shared_battery_mode_node_level_v1,SI-Drahi_13-d2-HET-UHI-BLO-15dd2f4a2b,TK-PB-Drahi_13-d2-HET-UHI-e201b86fbb-r5,SS-baeb7d556d60,9,1,lex_phase_1,OPTIMAL,FEASIBLE_POINT,514.1414402584778,514.1414402584778,0,798,798,1227,2189,24,0,24,120,24,1,0,0,NaN,0,NaN,7.958078640513122e-13,1.0,
5,12,DETERMINISTIC_RH,LEXMMFPEA,shared_battery_mode_node_level_v1,SI-Drahi_13-d2-HET-UHI-BLO-15dd2f4a2b,TK-PB-Drahi_13-d2-HET-UHI-e201b86fbb-r5,SS-baeb7d556d60,9,2,lex_phase_2,OPTIMAL,FEASIBLE_POINT,1028.2828805169554,1028.2828805169554,0,798,798,1228,2195,24,0,24,120,24,1,0,0,NaN,0,NaN,7.958078640513122e-13,1.0,
5,12,DETERMINISTIC_RH,LEXMMFPEA,shared_battery_mode_node_level_v1,SI-Drahi_13-d2-HET-UHI-BLO-15dd2f4a2b,TK-PB-Drahi_13-d2-HET-UHI-e201b86fbb-r5,SS-baeb7d556d60,9,3,lex_phase_3,OPTIMAL,FEASIBLE_POINT,1542.424320775433,1542.424320775433,0,798,798,1229,2201,24,0,24,120,24,1,0,0,NaN,0,NaN,7.958078640513122e-13,1.0,
5,12,DETERMINISTIC_RH,LEXMMFPEA,shared_battery_mode_node_level_v1,SI-Drahi_13-d2-HET-UHI-BLO-15dd2f4a2b,TK-PB-Drahi_13-d2-HET-UHI-e201b86fbb-r5,SS-baeb7d556d60,9,4,lex_phase_4,OPTIMAL,FEASIBLE_POINT,2056.565761033911,2056.565761033911,0,798,798,1230,2207,24,0,24,120,24,1,0,0,NaN,0,NaN,7.958078640513122e-13,1.0,
5,12,DETERMINISTIC_RH,LEXMMFPEA,shared_battery_mode_node_level_v1,SI-Drahi_13-d2-HET-UHI-BLO-15dd2f4a2b,TK-PB-Drahi_13-d2-HET-UHI-e201b86fbb-r5,SS-baeb7d556d60,9,5,lex_phase_5,OPTIMAL,FEASIBLE_POINT,2570.707201292389,2570.707201292389,0,798,798,1231,2213,24,0,24,120,24,1,0,0,NaN,0,NaN,7.958078640513122e-13,1.0,
5,12,DETERMINISTIC_RH,LEXMMFPEA,shared_battery_mode_node_level_v1,SI-Drahi_13-d2-HET-UHI-BLO-15dd2f4a2b,TK-PB-Drahi_13-d2-HET-UHI-e201b86fbb-r5,SS-baeb7d556d60,9,6,economic_tie_break,OPTIMAL,FEASIBLE_POINT,593315.9946116738,593315.9946116738,0,798,798,1232,2219,24,0,24,120,24,1,0,0,NaN,0,NaN,7.958078640513122e-13,1.0,
5,13,DETERMINISTIC_RH,LEXMMFPEA,shared_battery_mode_node_level_v1,SI-Drahi_13-d2-HET-UHI-BLO-15dd2f4a2b,TK-PB-Drahi_13-d2-HET-UHI-e201b86fbb-r5,SS-784512b1c103,13,1,lex_phase_1,OPTIMAL,FEASIBLE_POINT,676.6803033453541,676.6803033453541,0,798,798,1227,2189,24,0,24,120,24,1,0,0,NaN,0,NaN,0.0,1.0,
5,13,DETERMINISTIC_RH,LEXMMFPEA,shared_battery_mode_node_level_v1,SI-Drahi_13-d2-HET-UHI-BLO-15dd2f4a2b,TK-PB-Drahi_13-d2-HET-UHI-e201b86fbb-r5,SS-784512b1c103,13,2,lex_phase_2,OPTIMAL,FEASIBLE_POINT,1353.3606066907082,1353.3606066907082,0,798,798,1228,2195,24,0,24,120,24,1,0,0,NaN,0,NaN,0.0,1.0,
5,13,DETERMINISTIC_RH,LEXMMFPEA,shared_battery_mode_node_level_v1,SI-Drahi_13-d2-HET-UHI-BLO-15dd2f4a2b,TK-PB-Drahi_13-d2-HET-UHI-e201b86fbb-r5,SS-784512b1c103,13,3,lex_phase_3,OPTIMAL,FEASIBLE_POINT,2030.0409100360623,2030.0409100360623,0,798,798,1229,2201,24,0,24,120,24,1,0,0,NaN,0,NaN,0.0,1.0,
5,13,DETERMINISTIC_RH,LEXMMFPEA,shared_battery_mode_node_level_v1,SI-Drahi_13-d2-HET-UHI-BLO-15dd2f4a2b,TK-PB-Drahi_13-d2-HET-UHI-e201b86fbb-r5,SS-784512b1c103,13,4,lex_phase_4,OPTIMAL,FEASIBLE_POINT,2706.7212133814164,2706.7212133814164,0,798,798,1230,2207,24,0,24,120,24,1,0,0,NaN,0,NaN,0.0,1.0,
5,13,DETERMINISTIC_RH,LEXMMFPEA,shared_battery_mode_node_level_v1,SI-Drahi_13-d2-HET-UHI-BLO-15dd2f4a2b,TK-PB-Drahi_13-d2-HET-UHI-e201b86fbb-r5,SS-784512b1c103,13,5,lex_phase_5,OPTIMAL,FEASIBLE_POINT,3383.401516726771,3383.401516726771,0,798,798,1231,2213,24,0,24,120,24,1,0,0,NaN,0,NaN,0.0,1.0,
5,13,DETERMINISTIC_RH,LEXMMFPEA,shared_battery_mode_node_level_v1,SI-Drahi_13-d2-HET-UHI-BLO-15dd2f4a2b,TK-PB-Drahi_13-d2-HET-UHI-e201b86fbb-r5,SS-784512b1c103,13,6,economic_tie_break,OPTIMAL,FEASIBLE_POINT,638705.3991596067,638705.3991596067,0,798,798,1232,2219,24,0,24,120,24,1,0,0,NaN,0,NaN,0.0,1.0,
5,14,DETERMINISTIC_RH,LEXMMFPEA,shared_battery_mode_node_level_v1,SI-Drahi_13-d2-HET-UHI-BLO-15dd2f4a2b,TK-PB-Drahi_13-d2-HET-UHI-e201b86fbb-r5,SS-784512b1c103,13,1,lex_phase_1,OPTIMAL,FEASIBLE_POINT,676.6803033453541,676.6803033453541,0,798,798,1227,2189,24,0,24,120,24,1,0,0,NaN,0,NaN,4.0,1.0,
5,14,DETERMINISTIC_RH,LEXMMFPEA,shared_battery_mode_node_level_v1,SI-Drahi_13-d2-HET-UHI-BLO-15dd2f4a2b,TK-PB-Drahi_13-d2-HET-UHI-e201b86fbb-r5,SS-784512b1c103,13,2,lex_phase_2,OPTIMAL,FEASIBLE_POINT,1353.3606066907082,1353.3606066907082,0,798,798,1228,2195,24,0,24,120,24,1,0,0,NaN,0,NaN,4.0,1.0,
5,14,DETERMINISTIC_RH,LEXMMFPEA,shared_battery_mode_node_level_v1,SI-Drahi_13-d2-HET-UHI-BLO-15dd2f4a2b,TK-PB-Drahi_13-d2-HET-UHI-e201b86fbb-r5,SS-784512b1c103,13,3,lex_phase_3,OPTIMAL,FEASIBLE_POINT,2030.0409100360623,2030.0409100360623,0,798,798,1229,2201,24,0,24,120,24,1,0,0,NaN,0,NaN,4.0,1.0,
5,14,DETERMINISTIC_RH,LEXMMFPEA,shared_battery_mode_node_level_v1,SI-Drahi_13-d2-HET-UHI-BLO-15dd2f4a2b,TK-PB-Drahi_13-d2-HET-UHI-e201b86fbb-r5,SS-784512b1c103,13,4,lex_phase_4,OPTIMAL,FEASIBLE_POINT,2706.7212133814164,2706.7212133814164,0,798,798,1230,2207,24,0,24,120,24,1,0,0,NaN,0,NaN,4.0,1.0,
5,14,DETERMINISTIC_RH,LEXMMFPEA,shared_battery_mode_node_level_v1,SI-Drahi_13-d2-HET-UHI-BLO-15dd2f4a2b,TK-PB-Drahi_13-d2-HET-UHI-e201b86fbb-r5,SS-784512b1c103,13,5,lex_phase_5,OPTIMAL,FEASIBLE_POINT,3383.401516726771,3383.401516726771,0,798,798,1231,2213,24,0,24,120,24,1,0,0,NaN,0,NaN,4.0,1.0,
5,14,DETERMINISTIC_RH,LEXMMFPEA,shared_battery_mode_node_level_v1,SI-Drahi_13-d2-HET-UHI-BLO-15dd2f4a2b,TK-PB-Drahi_13-d2-HET-UHI-e201b86fbb-r5,SS-784512b1c103,13,6,economic_tie_break,OPTIMAL,FEASIBLE_POINT,638705.3991596067,638705.3991596067,0,798,798,1232,2219,24,0,24,120,24,1,0,0,NaN,0,NaN,4.0,1.0,
5,15,DETERMINISTIC_RH,LEXMMFPEA,shared_battery_mode_node_level_v1,SI-Drahi_13-d2-HET-UHI-BLO-15dd2f4a2b,TK-PB-Drahi_13-d2-HET-UHI-e201b86fbb-r5,SS-784512b1c103,13,1,lex_phase_1,OPTIMAL,FEASIBLE_POINT,676.6803033453541,676.6803033453541,0,798,798,1227,2189,24,0,24,120,24,1,0,0,NaN,0,NaN,3.9999999999999982,1.0,
5,15,DETERMINISTIC_RH,LEXMMFPEA,shared_battery_mode_node_level_v1,SI-Drahi_13-d2-HET-UHI-BLO-15dd2f4a2b,TK-PB-Drahi_13-d2-HET-UHI-e201b86fbb-r5,SS-784512b1c103,13,2,lex_phase_2,OPTIMAL,FEASIBLE_POINT,1353.3606066907082,1353.3606066907082,0,798,798,1228,2195,24,0,24,120,24,1,0,0,NaN,0,NaN,3.9999999999999982,1.0,
5,15,DETERMINISTIC_RH,LEXMMFPEA,shared_battery_mode_node_level_v1,SI-Drahi_13-d2-HET-UHI-BLO-15dd2f4a2b,TK-PB-Drahi_13-d2-HET-UHI-e201b86fbb-r5,SS-784512b1c103,13,3,lex_phase_3,OPTIMAL,FEASIBLE_POINT,2030.0409100360623,2030.0409100360623,0,798,798,1229,2201,24,0,24,120,24,1,0,0,NaN,0,NaN,3.9999999999999982,1.0,
5,15,DETERMINISTIC_RH,LEXMMFPEA,shared_battery_mode_node_level_v1,SI-Drahi_13-d2-HET-UHI-BLO-15dd2f4a2b,TK-PB-Drahi_13-d2-HET-UHI-e201b86fbb-r5,SS-784512b1c103,13,4,lex_phase_4,OPTIMAL,FEASIBLE_POINT,2706.7212133814164,2706.7212133814164,0,798,798,1230,2207,24,0,24,120,24,1,0,0,NaN,0,NaN,3.9999999999999982,1.0,
5,15,DETERMINISTIC_RH,LEXMMFPEA,shared_battery_mode_node_level_v1,SI-Drahi_13-d2-HET-UHI-BLO-15dd2f4a2b,TK-PB-Drahi_13-d2-HET-UHI-e201b86fbb-r5,SS-784512b1c103,13,5,lex_phase_5,OPTIMAL,FEASIBLE_POINT,3383.401516726771,3383.401516726771,0,798,798,1231,2213,24,0,24,120,24,1,0,0,NaN,0,NaN,3.9999999999999982,1.0,
5,15,DETERMINISTIC_RH,LEXMMFPEA,shared_battery_mode_node_level_v1,SI-Drahi_13-d2-HET-UHI-BLO-15dd2f4a2b,TK-PB-Drahi_13-d2-HET-UHI-e201b86fbb-r5,SS-784512b1c103,13,6,economic_tie_break,OPTIMAL,FEASIBLE_POINT,638705.3991596067,638705.3991596067,0,798,798,1232,2219,24,0,24,120,24,1,0,0,NaN,0,NaN,3.9999999999999982,1.0,
5,16,DETERMINISTIC_RH,LEXMMFPEA,shared_battery_mode_node_level_v1,SI-Drahi_13-d2-HET-UHI-BLO-15dd2f4a2b,TK-PB-Drahi_13-d2-HET-UHI-e201b86fbb-r5,SS-784512b1c103,13,1,lex_phase_1,OPTIMAL,FEASIBLE_POINT,676.6803033453541,676.6803033453541,0,798,798,1227,2189,24,0,24,120,24,1,0,0,NaN,0,NaN,3.126388037344441e-13,1.0,
5,16,DETERMINISTIC_RH,LEXMMFPEA,shared_battery_mode_node_level_v1,SI-Drahi_13-d2-HET-UHI-BLO-15dd2f4a2b,TK-PB-Drahi_13-d2-HET-UHI-e201b86fbb-r5,SS-784512b1c103,13,2,lex_phase_2,OPTIMAL,FEASIBLE_POINT,1353.3606066907082,1353.3606066907082,0,798,798,1228,2195,24,0,24,120,24,1,0,0,NaN,0,NaN,3.126388037344441e-13,1.0,
5,16,DETERMINISTIC_RH,LEXMMFPEA,shared_battery_mode_node_level_v1,SI-Drahi_13-d2-HET-UHI-BLO-15dd2f4a2b,TK-PB-Drahi_13-d2-HET-UHI-e201b86fbb-r5,SS-784512b1c103,13,3,lex_phase_3,OPTIMAL,FEASIBLE_POINT,2030.0409100360623,2030.0409100360623,0,798,798,1229,2201,24,0,24,120,24,1,0,0,NaN,0,NaN,3.126388037344441e-13,1.0,
5,16,DETERMINISTIC_RH,LEXMMFPEA,shared_battery_mode_node_level_v1,SI-Drahi_13-d2-HET-UHI-BLO-15dd2f4a2b,TK-PB-Drahi_13-d2-HET-UHI-e201b86fbb-r5,SS-784512b1c103,13,4,lex_phase_4,OPTIMAL,FEASIBLE_POINT,2706.7212133814164,2706.7212133814164,0,798,798,1230,2207,24,0,24,120,24,1,0,0,NaN,0,NaN,3.126388037344441e-13,1.0,
5,16,DETERMINISTIC_RH,LEXMMFPEA,shared_battery_mode_node_level_v1,SI-Drahi_13-d2-HET-UHI-BLO-15dd2f4a2b,TK-PB-Drahi_13-d2-HET-UHI-e201b86fbb-r5,SS-784512b1c103,13,5,lex_phase_5,OPTIMAL,FEASIBLE_POINT,3383.401516726771,3383.401516726771,0,798,798,1231,2213,24,0,24,120,24,1,0,0,NaN,0,NaN,3.126388037344441e-13,1.0,
5,16,DETERMINISTIC_RH,LEXMMFPEA,shared_battery_mode_node_level_v1,SI-Drahi_13-d2-HET-UHI-BLO-15dd2f4a2b,TK-PB-Drahi_13-d2-HET-UHI-e201b86fbb-r5,SS-784512b1c103,13,6,economic_tie_break,OPTIMAL,FEASIBLE_POINT,638705.3991596067,638705.3991596067,0,798,798,1232,2219,24,0,24,120,24,1,0,0,NaN,0,NaN,3.126388037344441e-13,1.0,
5,17,DETERMINISTIC_RH,LEXMMFPEA,shared_battery_mode_node_level_v1,SI-Drahi_13-d2-HET-UHI-BLO-15dd2f4a2b,TK-PB-Drahi_13-d2-HET-UHI-e201b86fbb-r5,SS-ced84ca7a4eb,17,1,lex_phase_1,OPTIMAL,FEASIBLE_POINT,853.1242074416705,853.1242074416705,0,798,798,1227,2189,24,0,24,120,24,1,0,0,NaN,0,NaN,0.0,1.0,
5,17,DETERMINISTIC_RH,LEXMMFPEA,shared_battery_mode_node_level_v1,SI-Drahi_13-d2-HET-UHI-BLO-15dd2f4a2b,TK-PB-Drahi_13-d2-HET-UHI-e201b86fbb-r5,SS-ced84ca7a4eb,17,2,lex_phase_2,OPTIMAL,FEASIBLE_POINT,1706.248414883341,1706.248414883341,0,798,798,1228,2195,24,0,24,120,24,1,0,0,NaN,0,NaN,0.0,1.0,
5,17,DETERMINISTIC_RH,LEXMMFPEA,shared_battery_mode_node_level_v1,SI-Drahi_13-d2-HET-UHI-BLO-15dd2f4a2b,TK-PB-Drahi_13-d2-HET-UHI-e201b86fbb-r5,SS-ced84ca7a4eb,17,3,lex_phase_3,OPTIMAL,FEASIBLE_POINT,2559.3726223250114,2559.3726223250114,0,798,798,1229,2201,24,0,24,120,24,1,0,0,NaN,0,NaN,0.0,1.0,
5,17,DETERMINISTIC_RH,LEXMMFPEA,shared_battery_mode_node_level_v1,SI-Drahi_13-d2-HET-UHI-BLO-15dd2f4a2b,TK-PB-Drahi_13-d2-HET-UHI-e201b86fbb-r5,SS-ced84ca7a4eb,17,4,lex_phase_4,OPTIMAL,FEASIBLE_POINT,3412.496829766682,3412.496829766682,0,798,798,1230,2207,24,0,24,120,24,1,0,0,NaN,0,NaN,0.0,1.0,
5,17,DETERMINISTIC_RH,LEXMMFPEA,shared_battery_mode_node_level_v1,SI-Drahi_13-d2-HET-UHI-BLO-15dd2f4a2b,TK-PB-Drahi_13-d2-HET-UHI-e201b86fbb-r5,SS-ced84ca7a4eb,17,5,lex_phase_5,OPTIMAL,FEASIBLE_POINT,4265.621037208352,4265.621037208352,0,798,798,1231,2213,24,0,24,120,24,1,0,0,NaN,0,NaN,0.0,1.0,
5,17,DETERMINISTIC_RH,LEXMMFPEA,shared_battery_mode_node_level_v1,SI-Drahi_13-d2-HET-UHI-BLO-15dd2f4a2b,TK-PB-Drahi_13-d2-HET-UHI-e201b86fbb-r5,SS-ced84ca7a4eb,17,6,economic_tie_break,OPTIMAL,FEASIBLE_POINT,649522.3107534193,649522.3107534193,0,798,798,1232,2219,24,0,24,120,24,1,0,0,NaN,0,NaN,0.0,1.0,
5,18,DETERMINISTIC_RH,LEXMMFPEA,shared_battery_mode_node_level_v1,SI-Drahi_13-d2-HET-UHI-BLO-15dd2f4a2b,TK-PB-Drahi_13-d2-HET-UHI-e201b86fbb-r5,SS-ced84ca7a4eb,17,1,lex_phase_1,OPTIMAL,FEASIBLE_POINT,853.1242074416705,853.1242074416705,0,798,798,1227,2189,24,0,24,120,24,1,0,0,NaN,0,NaN,4.831690603168681e-13,1.0,
5,18,DETERMINISTIC_RH,LEXMMFPEA,shared_battery_mode_node_level_v1,SI-Drahi_13-d2-HET-UHI-BLO-15dd2f4a2b,TK-PB-Drahi_13-d2-HET-UHI-e201b86fbb-r5,SS-ced84ca7a4eb,17,2,lex_phase_2,OPTIMAL,FEASIBLE_POINT,1706.248414883341,1706.248414883341,0,798,798,1228,2195,24,0,24,120,24,1,0,0,NaN,0,NaN,4.831690603168681e-13,1.0,
5,18,DETERMINISTIC_RH,LEXMMFPEA,shared_battery_mode_node_level_v1,SI-Drahi_13-d2-HET-UHI-BLO-15dd2f4a2b,TK-PB-Drahi_13-d2-HET-UHI-e201b86fbb-r5,SS-ced84ca7a4eb,17,3,lex_phase_3,OPTIMAL,FEASIBLE_POINT,2559.3726223250114,2559.3726223250114,0,798,798,1229,2201,24,0,24,120,24,1,0,0,NaN,0,NaN,4.831690603168681e-13,1.0,
5,18,DETERMINISTIC_RH,LEXMMFPEA,shared_battery_mode_node_level_v1,SI-Drahi_13-d2-HET-UHI-BLO-15dd2f4a2b,TK-PB-Drahi_13-d2-HET-UHI-e201b86fbb-r5,SS-ced84ca7a4eb,17,4,lex_phase_4,OPTIMAL,FEASIBLE_POINT,3412.496829766682,3412.496829766682,0,798,798,1230,2207,24,0,24,120,24,1,0,0,NaN,0,NaN,4.831690603168681e-13,1.0,
5,18,DETERMINISTIC_RH,LEXMMFPEA,shared_battery_mode_node_level_v1,SI-Drahi_13-d2-HET-UHI-BLO-15dd2f4a2b,TK-PB-Drahi_13-d2-HET-UHI-e201b86fbb-r5,SS-ced84ca7a4eb,17,5,lex_phase_5,OPTIMAL,FEASIBLE_POINT,4265.621037208352,4265.621037208352,0,798,798,1231,2213,24,0,24,120,24,1,0,0,NaN,0,NaN,4.831690603168681e-13,1.0,
5,18,DETERMINISTIC_RH,LEXMMFPEA,shared_battery_mode_node_level_v1,SI-Drahi_13-d2-HET-UHI-BLO-15dd2f4a2b,TK-PB-Drahi_13-d2-HET-UHI-e201b86fbb-r5,SS-ced84ca7a4eb,17,6,economic_tie_break,OPTIMAL,FEASIBLE_POINT,649522.3107534193,649522.3107534193,0,798,798,1232,2219,24,0,24,120,24,1,0,0,NaN,0,NaN,4.831690603168681e-13,1.0,
5,19,DETERMINISTIC_RH,LEXMMFPEA,shared_battery_mode_node_level_v1,SI-Drahi_13-d2-HET-UHI-BLO-15dd2f4a2b,TK-PB-Drahi_13-d2-HET-UHI-e201b86fbb-r5,SS-ced84ca7a4eb,17,1,lex_phase_1,OPTIMAL,FEASIBLE_POINT,853.1242074416705,853.1242074416705,0,798,798,1227,2189,24,0,24,120,24,1,0,0,NaN,0,NaN,4.831690603168681e-13,1.0,
5,19,DETERMINISTIC_RH,LEXMMFPEA,shared_battery_mode_node_level_v1,SI-Drahi_13-d2-HET-UHI-BLO-15dd2f4a2b,TK-PB-Drahi_13-d2-HET-UHI-e201b86fbb-r5,SS-ced84ca7a4eb,17,2,lex_phase_2,OPTIMAL,FEASIBLE_POINT,1706.248414883341,1706.248414883341,0,798,798,1228,2195,24,0,24,120,24,1,0,0,NaN,0,NaN,4.831690603168681e-13,1.0,
5,19,DETERMINISTIC_RH,LEXMMFPEA,shared_battery_mode_node_level_v1,SI-Drahi_13-d2-HET-UHI-BLO-15dd2f4a2b,TK-PB-Drahi_13-d2-HET-UHI-e201b86fbb-r5,SS-ced84ca7a4eb,17,3,lex_phase_3,OPTIMAL,FEASIBLE_POINT,2559.3726223250114,2559.3726223250114,0,798,798,1229,2201,24,0,24,120,24,1,0,0,NaN,0,NaN,4.831690603168681e-13,1.0,
5,19,DETERMINISTIC_RH,LEXMMFPEA,shared_battery_mode_node_level_v1,SI-Drahi_13-d2-HET-UHI-BLO-15dd2f4a2b,TK-PB-Drahi_13-d2-HET-UHI-e201b86fbb-r5,SS-ced84ca7a4eb,17,4,lex_phase_4,OPTIMAL,FEASIBLE_POINT,3412.496829766682,3412.496829766682,0,798,798,1230,2207,24,0,24,120,24,1,0,0,NaN,0,NaN,4.831690603168681e-13,1.0,
5,19,DETERMINISTIC_RH,LEXMMFPEA,shared_battery_mode_node_level_v1,SI-Drahi_13-d2-HET-UHI-BLO-15dd2f4a2b,TK-PB-Drahi_13-d2-HET-UHI-e201b86fbb-r5,SS-ced84ca7a4eb,17,5,lex_phase_5,OPTIMAL,FEASIBLE_POINT,4265.621037208352,4265.621037208352,0,798,798,1231,2213,24,0,24,120,24,1,0,0,NaN,0,NaN,4.831690603168681e-13,1.0,
5,19,DETERMINISTIC_RH,LEXMMFPEA,shared_battery_mode_node_level_v1,SI-Drahi_13-d2-HET-UHI-BLO-15dd2f4a2b,TK-PB-Drahi_13-d2-HET-UHI-e201b86fbb-r5,SS-ced84ca7a4eb,17,6,economic_tie_break,OPTIMAL,FEASIBLE_POINT,649522.3107534193,649522.3107534193,0,798,798,1232,2219,24,0,24,120,24,1,0,0,NaN,0,NaN,4.831690603168681e-13,1.0,
5,20,DETERMINISTIC_RH,LEXMMFPEA,shared_battery_mode_node_level_v1,SI-Drahi_13-d2-HET-UHI-BLO-15dd2f4a2b,TK-PB-Drahi_13-d2-HET-UHI-e201b86fbb-r5,SS-ced84ca7a4eb,17,1,lex_phase_1,OPTIMAL,FEASIBLE_POINT,853.1242074416705,853.1242074416705,0,798,798,1227,2189,24,0,24,120,24,1,0,0,NaN,0,NaN,3.694822225952521e-13,1.0,
5,20,DETERMINISTIC_RH,LEXMMFPEA,shared_battery_mode_node_level_v1,SI-Drahi_13-d2-HET-UHI-BLO-15dd2f4a2b,TK-PB-Drahi_13-d2-HET-UHI-e201b86fbb-r5,SS-ced84ca7a4eb,17,2,lex_phase_2,OPTIMAL,FEASIBLE_POINT,1706.248414883341,1706.248414883341,0,798,798,1228,2195,24,0,24,120,24,1,0,0,NaN,0,NaN,3.694822225952521e-13,1.0,
5,20,DETERMINISTIC_RH,LEXMMFPEA,shared_battery_mode_node_level_v1,SI-Drahi_13-d2-HET-UHI-BLO-15dd2f4a2b,TK-PB-Drahi_13-d2-HET-UHI-e201b86fbb-r5,SS-ced84ca7a4eb,17,3,lex_phase_3,OPTIMAL,FEASIBLE_POINT,2559.3726223250114,2559.3726223250114,0,798,798,1229,2201,24,0,24,120,24,1,0,0,NaN,0,NaN,3.694822225952521e-13,1.0,
5,20,DETERMINISTIC_RH,LEXMMFPEA,shared_battery_mode_node_level_v1,SI-Drahi_13-d2-HET-UHI-BLO-15dd2f4a2b,TK-PB-Drahi_13-d2-HET-UHI-e201b86fbb-r5,SS-ced84ca7a4eb,17,4,lex_phase_4,OPTIMAL,FEASIBLE_POINT,3412.496829766682,3412.496829766682,0,798,798,1230,2207,24,0,24,120,24,1,0,0,NaN,0,NaN,3.694822225952521e-13,1.0,
5,20,DETERMINISTIC_RH,LEXMMFPEA,shared_battery_mode_node_level_v1,SI-Drahi_13-d2-HET-UHI-BLO-15dd2f4a2b,TK-PB-Drahi_13-d2-HET-UHI-e201b86fbb-r5,SS-ced84ca7a4eb,17,5,lex_phase_5,OPTIMAL,FEASIBLE_POINT,4265.621037208352,4265.621037208352,0,798,798,1231,2213,24,0,24,120,24,1,0,0,NaN,0,NaN,3.694822225952521e-13,1.0,
5,20,DETERMINISTIC_RH,LEXMMFPEA,shared_battery_mode_node_level_v1,SI-Drahi_13-d2-HET-UHI-BLO-15dd2f4a2b,TK-PB-Drahi_13-d2-HET-UHI-e201b86fbb-r5,SS-ced84ca7a4eb,17,6,economic_tie_break,OPTIMAL,FEASIBLE_POINT,649522.3107534193,649522.3107534193,0,798,798,1232,2219,24,0,24,120,24,1,0,0,NaN,0,NaN,3.694822225952521e-13,1.0,
5,21,DETERMINISTIC_RH,LEXMMFPEA,shared_battery_mode_node_level_v1,SI-Drahi_13-d2-HET-UHI-BLO-15dd2f4a2b,TK-PB-Drahi_13-d2-HET-UHI-e201b86fbb-r5,SS-fec72d83146f,21,1,lex_phase_1,OPTIMAL,FEASIBLE_POINT,832.6022783473579,832.6022783473579,0,798,798,1227,2189,24,0,24,120,24,1,0,0,NaN,0,NaN,0.0,1.0,
5,21,DETERMINISTIC_RH,LEXMMFPEA,shared_battery_mode_node_level_v1,SI-Drahi_13-d2-HET-UHI-BLO-15dd2f4a2b,TK-PB-Drahi_13-d2-HET-UHI-e201b86fbb-r5,SS-fec72d83146f,21,2,lex_phase_2,OPTIMAL,FEASIBLE_POINT,1665.2045566947158,1665.2045566947158,0,798,798,1228,2195,24,0,24,120,24,1,0,0,NaN,0,NaN,0.0,1.0,
5,21,DETERMINISTIC_RH,LEXMMFPEA,shared_battery_mode_node_level_v1,SI-Drahi_13-d2-HET-UHI-BLO-15dd2f4a2b,TK-PB-Drahi_13-d2-HET-UHI-e201b86fbb-r5,SS-fec72d83146f,21,3,lex_phase_3,OPTIMAL,FEASIBLE_POINT,2497.8068350420735,2497.8068350420735,0,798,798,1229,2201,24,0,24,120,24,1,0,0,NaN,0,NaN,0.0,1.0,
5,21,DETERMINISTIC_RH,LEXMMFPEA,shared_battery_mode_node_level_v1,SI-Drahi_13-d2-HET-UHI-BLO-15dd2f4a2b,TK-PB-Drahi_13-d2-HET-UHI-e201b86fbb-r5,SS-fec72d83146f,21,4,lex_phase_4,OPTIMAL,FEASIBLE_POINT,3330.4091133894317,3330.4091133894317,0,798,798,1230,2207,24,0,24,120,24,1,0,0,NaN,0,NaN,0.0,1.0,
5,21,DETERMINISTIC_RH,LEXMMFPEA,shared_battery_mode_node_level_v1,SI-Drahi_13-d2-HET-UHI-BLO-15dd2f4a2b,TK-PB-Drahi_13-d2-HET-UHI-e201b86fbb-r5,SS-fec72d83146f,21,5,lex_phase_5,OPTIMAL,FEASIBLE_POINT,4163.01139173679,4163.01139173679,0,798,798,1231,2213,24,0,24,120,24,1,0,0,NaN,0,NaN,0.0,1.0,
5,21,DETERMINISTIC_RH,LEXMMFPEA,shared_battery_mode_node_level_v1,SI-Drahi_13-d2-HET-UHI-BLO-15dd2f4a2b,TK-PB-Drahi_13-d2-HET-UHI-e201b86fbb-r5,SS-fec72d83146f,21,6,economic_tie_break,OPTIMAL,FEASIBLE_POINT,660101.2941208496,660101.2941208496,0,798,798,1232,2219,24,0,24,120,24,1,0,0,NaN,0,NaN,0.0,1.0,
5,22,DETERMINISTIC_RH,LEXMMFPEA,shared_battery_mode_node_level_v1,SI-Drahi_13-d2-HET-UHI-BLO-15dd2f4a2b,TK-PB-Drahi_13-d2-HET-UHI-e201b86fbb-r5,SS-fec72d83146f,21,1,lex_phase_1,OPTIMAL,FEASIBLE_POINT,832.6022783473579,832.6022783473579,0,798,798,1227,2189,24,0,24,120,24,1,0,0,NaN,0,NaN,5.258016244624741e-13,1.0,
5,22,DETERMINISTIC_RH,LEXMMFPEA,shared_battery_mode_node_level_v1,SI-Drahi_13-d2-HET-UHI-BLO-15dd2f4a2b,TK-PB-Drahi_13-d2-HET-UHI-e201b86fbb-r5,SS-fec72d83146f,21,2,lex_phase_2,OPTIMAL,FEASIBLE_POINT,1665.2045566947158,1665.2045566947158,0,798,798,1228,2195,24,0,24,120,24,1,0,0,NaN,0,NaN,5.258016244624741e-13,1.0,
5,22,DETERMINISTIC_RH,LEXMMFPEA,shared_battery_mode_node_level_v1,SI-Drahi_13-d2-HET-UHI-BLO-15dd2f4a2b,TK-PB-Drahi_13-d2-HET-UHI-e201b86fbb-r5,SS-fec72d83146f,21,3,lex_phase_3,OPTIMAL,FEASIBLE_POINT,2497.8068350420735,2497.8068350420735,0,798,798,1229,2201,24,0,24,120,24,1,0,0,NaN,0,NaN,5.258016244624741e-13,1.0,
5,22,DETERMINISTIC_RH,LEXMMFPEA,shared_battery_mode_node_level_v1,SI-Drahi_13-d2-HET-UHI-BLO-15dd2f4a2b,TK-PB-Drahi_13-d2-HET-UHI-e201b86fbb-r5,SS-fec72d83146f,21,4,lex_phase_4,OPTIMAL,FEASIBLE_POINT,3330.4091133894317,3330.4091133894317,0,798,798,1230,2207,24,0,24,120,24,1,0,0,NaN,0,NaN,5.258016244624741e-13,1.0,
5,22,DETERMINISTIC_RH,LEXMMFPEA,shared_battery_mode_node_level_v1,SI-Drahi_13-d2-HET-UHI-BLO-15dd2f4a2b,TK-PB-Drahi_13-d2-HET-UHI-e201b86fbb-r5,SS-fec72d83146f,21,5,lex_phase_5,OPTIMAL,FEASIBLE_POINT,4163.01139173679,4163.01139173679,0,798,798,1231,2213,24,0,24,120,24,1,0,0,NaN,0,NaN,5.258016244624741e-13,1.0,
5,22,DETERMINISTIC_RH,LEXMMFPEA,shared_battery_mode_node_level_v1,SI-Drahi_13-d2-HET-UHI-BLO-15dd2f4a2b,TK-PB-Drahi_13-d2-HET-UHI-e201b86fbb-r5,SS-fec72d83146f,21,6,economic_tie_break,OPTIMAL,FEASIBLE_POINT,660101.2941208496,660101.2941208496,0,798,798,1232,2219,24,0,24,120,24,1,0,0,NaN,0,NaN,5.258016244624741e-13,1.0,
5,23,DETERMINISTIC_RH,LEXMMFPEA,shared_battery_mode_node_level_v1,SI-Drahi_13-d2-HET-UHI-BLO-15dd2f4a2b,TK-PB-Drahi_13-d2-HET-UHI-e201b86fbb-r5,SS-fec72d83146f,21,1,lex_phase_1,OPTIMAL,FEASIBLE_POINT,832.6022783473579,832.6022783473579,0,798,798,1227,2189,24,0,24,120,24,1,0,0,NaN,0,NaN,3.268496584496461e-13,1.0,
5,23,DETERMINISTIC_RH,LEXMMFPEA,shared_battery_mode_node_level_v1,SI-Drahi_13-d2-HET-UHI-BLO-15dd2f4a2b,TK-PB-Drahi_13-d2-HET-UHI-e201b86fbb-r5,SS-fec72d83146f,21,2,lex_phase_2,OPTIMAL,FEASIBLE_POINT,1665.2045566947158,1665.2045566947158,0,798,798,1228,2195,24,0,24,120,24,1,0,0,NaN,0,NaN,3.268496584496461e-13,1.0,
5,23,DETERMINISTIC_RH,LEXMMFPEA,shared_battery_mode_node_level_v1,SI-Drahi_13-d2-HET-UHI-BLO-15dd2f4a2b,TK-PB-Drahi_13-d2-HET-UHI-e201b86fbb-r5,SS-fec72d83146f,21,3,lex_phase_3,OPTIMAL,FEASIBLE_POINT,2497.8068350420735,2497.8068350420735,0,798,798,1229,2201,24,0,24,120,24,1,0,0,NaN,0,NaN,3.268496584496461e-13,1.0,
5,23,DETERMINISTIC_RH,LEXMMFPEA,shared_battery_mode_node_level_v1,SI-Drahi_13-d2-HET-UHI-BLO-15dd2f4a2b,TK-PB-Drahi_13-d2-HET-UHI-e201b86fbb-r5,SS-fec72d83146f,21,4,lex_phase_4,OPTIMAL,FEASIBLE_POINT,3330.4091133894317,3330.4091133894317,0,798,798,1230,2207,24,0,24,120,24,1,0,0,NaN,0,NaN,3.268496584496461e-13,1.0,
5,23,DETERMINISTIC_RH,LEXMMFPEA,shared_battery_mode_node_level_v1,SI-Drahi_13-d2-HET-UHI-BLO-15dd2f4a2b,TK-PB-Drahi_13-d2-HET-UHI-e201b86fbb-r5,SS-fec72d83146f,21,5,lex_phase_5,OPTIMAL,FEASIBLE_POINT,4163.01139173679,4163.01139173679,0,798,798,1231,2213,24,0,24,120,24,1,0,0,NaN,0,NaN,3.268496584496461e-13,1.0,
5,23,DETERMINISTIC_RH,LEXMMFPEA,shared_battery_mode_node_level_v1,SI-Drahi_13-d2-HET-UHI-BLO-15dd2f4a2b,TK-PB-Drahi_13-d2-HET-UHI-e201b86fbb-r5,SS-fec72d83146f,21,6,economic_tie_break,OPTIMAL,FEASIBLE_POINT,660101.2941208496,660101.2941208496,0,798,798,1232,2219,24,0,24,120,24,1,0,0,NaN,0,NaN,3.268496584496461e-13,1.0,
5,24,DETERMINISTIC_RH,LEXMMFPEA,shared_battery_mode_node_level_v1,SI-Drahi_13-d2-HET-UHI-BLO-15dd2f4a2b,TK-PB-Drahi_13-d2-HET-UHI-e201b86fbb-r5,SS-fec72d83146f,21,1,lex_phase_1,OPTIMAL,FEASIBLE_POINT,832.6022783473579,832.6022783473579,0,798,798,1227,2189,24,0,24,120,24,1,0,0,NaN,0,NaN,8.526512829121202e-14,1.0,
5,24,DETERMINISTIC_RH,LEXMMFPEA,shared_battery_mode_node_level_v1,SI-Drahi_13-d2-HET-UHI-BLO-15dd2f4a2b,TK-PB-Drahi_13-d2-HET-UHI-e201b86fbb-r5,SS-fec72d83146f,21,2,lex_phase_2,OPTIMAL,FEASIBLE_POINT,1665.2045566947158,1665.2045566947158,0,798,798,1228,2195,24,0,24,120,24,1,0,0,NaN,0,NaN,8.526512829121202e-14,1.0,
5,24,DETERMINISTIC_RH,LEXMMFPEA,shared_battery_mode_node_level_v1,SI-Drahi_13-d2-HET-UHI-BLO-15dd2f4a2b,TK-PB-Drahi_13-d2-HET-UHI-e201b86fbb-r5,SS-fec72d83146f,21,3,lex_phase_3,OPTIMAL,FEASIBLE_POINT,2497.8068350420735,2497.8068350420735,0,798,798,1229,2201,24,0,24,120,24,1,0,0,NaN,0,NaN,8.526512829121202e-14,1.0,
5,24,DETERMINISTIC_RH,LEXMMFPEA,shared_battery_mode_node_level_v1,SI-Drahi_13-d2-HET-UHI-BLO-15dd2f4a2b,TK-PB-Drahi_13-d2-HET-UHI-e201b86fbb-r5,SS-fec72d83146f,21,4,lex_phase_4,OPTIMAL,FEASIBLE_POINT,3330.4091133894317,3330.4091133894317,0,798,798,1230,2207,24,0,24,120,24,1,0,0,NaN,0,NaN,8.526512829121202e-14,1.0,
5,24,DETERMINISTIC_RH,LEXMMFPEA,shared_battery_mode_node_level_v1,SI-Drahi_13-d2-HET-UHI-BLO-15dd2f4a2b,TK-PB-Drahi_13-d2-HET-UHI-e201b86fbb-r5,SS-fec72d83146f,21,5,lex_phase_5,OPTIMAL,FEASIBLE_POINT,4163.01139173679,4163.01139173679,0,798,798,1231,2213,24,0,24,120,24,1,0,0,NaN,0,NaN,8.526512829121202e-14,1.0,
5,24,DETERMINISTIC_RH,LEXMMFPEA,shared_battery_mode_node_level_v1,SI-Drahi_13-d2-HET-UHI-BLO-15dd2f4a2b,TK-PB-Drahi_13-d2-HET-UHI-e201b86fbb-r5,SS-fec72d83146f,21,6,economic_tie_break,OPTIMAL,FEASIBLE_POINT,660101.2941208496,660101.2941208496,0,798,798,1232,2219,24,0,24,120,24,1,0,0,NaN,0,NaN,8.526512829121202e-14,1.0,
5,1,DETERMINISTIC_RH,LEXMMFSA,shared_battery_mode_node_level_v1,SI-Drahi_13-d2-HET-UHI-BLO-15dd2f4a2b,TK-PB-Drahi_13-d2-HET-UHI-e201b86fbb-r5,SS-b6fde45dba3b,1,1,lex_phase_1,OPTIMAL,FEASIBLE_POINT,32385.205092707925,32385.205092707925,0,798,798,1227,3389,24,0,24,120,24,1,0,0,NaN,0,NaN,0.0,1.000000000014552,
5,1,DETERMINISTIC_RH,LEXMMFSA,shared_battery_mode_node_level_v1,SI-Drahi_13-d2-HET-UHI-BLO-15dd2f4a2b,TK-PB-Drahi_13-d2-HET-UHI-e201b86fbb-r5,SS-b6fde45dba3b,1,2,lex_phase_2,OPTIMAL,FEASIBLE_POINT,64770.41018541588,64770.41018541588,0,798,798,1228,3395,24,0,24,120,24,1,0,0,NaN,0,NaN,0.0,1.000000000014552,
5,1,DETERMINISTIC_RH,LEXMMFSA,shared_battery_mode_node_level_v1,SI-Drahi_13-d2-HET-UHI-BLO-15dd2f4a2b,TK-PB-Drahi_13-d2-HET-UHI-e201b86fbb-r5,SS-b6fde45dba3b,1,3,lex_phase_3,OPTIMAL,FEASIBLE_POINT,97161.43826473,97161.43826473,0,798,798,1229,3401,24,0,24,120,24,1,0,0,NaN,0,NaN,0.0,1.000000000014552,
5,1,DETERMINISTIC_RH,LEXMMFSA,shared_battery_mode_node_level_v1,SI-Drahi_13-d2-HET-UHI-BLO-15dd2f4a2b,TK-PB-Drahi_13-d2-HET-UHI-e201b86fbb-r5,SS-b6fde45dba3b,1,4,lex_phase_4,OPTIMAL,FEASIBLE_POINT,129553.46634404403,129553.46634404403,0,798,798,1230,3407,24,0,24,120,24,1,0,0,NaN,0,NaN,0.0,1.000000000014552,
5,1,DETERMINISTIC_RH,LEXMMFSA,shared_battery_mode_node_level_v1,SI-Drahi_13-d2-HET-UHI-BLO-15dd2f4a2b,TK-PB-Drahi_13-d2-HET-UHI-e201b86fbb-r5,SS-b6fde45dba3b,1,5,lex_phase_5,OPTIMAL,FEASIBLE_POINT,161945.6471482925,161945.6471482925,0,798,798,1231,3413,24,0,24,120,24,1,0,0,NaN,0,NaN,0.0,1.000000000014552,
5,1,DETERMINISTIC_RH,LEXMMFSA,shared_battery_mode_node_level_v1,SI-Drahi_13-d2-HET-UHI-BLO-15dd2f4a2b,TK-PB-Drahi_13-d2-HET-UHI-e201b86fbb-r5,SS-b6fde45dba3b,1,6,economic_tie_break,OPTIMAL,FEASIBLE_POINT,758883.008346199,758883.008346199,0,798,798,1232,3419,24,0,24,120,24,1,0,0,NaN,0,NaN,0.0,1.000000000014552,
5,2,DETERMINISTIC_RH,LEXMMFSA,shared_battery_mode_node_level_v1,SI-Drahi_13-d2-HET-UHI-BLO-15dd2f4a2b,TK-PB-Drahi_13-d2-HET-UHI-e201b86fbb-r5,SS-b6fde45dba3b,1,1,lex_phase_1,OPTIMAL,FEASIBLE_POINT,32385.205092707925,32385.205092707925,0,798,798,1227,3389,24,0,24,120,24,1,0,0,NaN,0,NaN,0.8199737187910623,1.000000000014552,
5,2,DETERMINISTIC_RH,LEXMMFSA,shared_battery_mode_node_level_v1,SI-Drahi_13-d2-HET-UHI-BLO-15dd2f4a2b,TK-PB-Drahi_13-d2-HET-UHI-e201b86fbb-r5,SS-b6fde45dba3b,1,2,lex_phase_2,OPTIMAL,FEASIBLE_POINT,64770.41018541588,64770.41018541588,0,798,798,1228,3395,24,0,24,120,24,1,0,0,NaN,0,NaN,0.8199737187910623,1.000000000014552,
5,2,DETERMINISTIC_RH,LEXMMFSA,shared_battery_mode_node_level_v1,SI-Drahi_13-d2-HET-UHI-BLO-15dd2f4a2b,TK-PB-Drahi_13-d2-HET-UHI-e201b86fbb-r5,SS-b6fde45dba3b,1,3,lex_phase_3,OPTIMAL,FEASIBLE_POINT,97161.43826473,97161.43826473,0,798,798,1229,3401,24,0,24,120,24,1,0,0,NaN,0,NaN,0.8199737187910623,1.000000000014552,
5,2,DETERMINISTIC_RH,LEXMMFSA,shared_battery_mode_node_level_v1,SI-Drahi_13-d2-HET-UHI-BLO-15dd2f4a2b,TK-PB-Drahi_13-d2-HET-UHI-e201b86fbb-r5,SS-b6fde45dba3b,1,4,lex_phase_4,OPTIMAL,FEASIBLE_POINT,129553.46634404403,129553.46634404403,0,798,798,1230,3407,24,0,24,120,24,1,0,0,NaN,0,NaN,0.8199737187910623,1.000000000014552,
5,2,DETERMINISTIC_RH,LEXMMFSA,shared_battery_mode_node_level_v1,SI-Drahi_13-d2-HET-UHI-BLO-15dd2f4a2b,TK-PB-Drahi_13-d2-HET-UHI-e201b86fbb-r5,SS-b6fde45dba3b,1,5,lex_phase_5,OPTIMAL,FEASIBLE_POINT,161945.6471482925,161945.6471482925,0,798,798,1231,3413,24,0,24,120,24,1,0,0,NaN,0,NaN,0.8199737187910623,1.000000000014552,
5,2,DETERMINISTIC_RH,LEXMMFSA,shared_battery_mode_node_level_v1,SI-Drahi_13-d2-HET-UHI-BLO-15dd2f4a2b,TK-PB-Drahi_13-d2-HET-UHI-e201b86fbb-r5,SS-b6fde45dba3b,1,6,economic_tie_break,OPTIMAL,FEASIBLE_POINT,758883.008346199,758883.008346199,0,798,798,1232,3419,24,0,24,120,24,1,0,0,NaN,0,NaN,0.8199737187910623,1.000000000014552,
5,3,DETERMINISTIC_RH,LEXMMFSA,shared_battery_mode_node_level_v1,SI-Drahi_13-d2-HET-UHI-BLO-15dd2f4a2b,TK-PB-Drahi_13-d2-HET-UHI-e201b86fbb-r5,SS-b6fde45dba3b,1,1,lex_phase_1,OPTIMAL,FEASIBLE_POINT,32385.205092707925,32385.205092707925,0,798,798,1227,3389,24,0,24,120,24,1,0,0,NaN,0,NaN,2.984279490192421e-13,1.000000000014552,
5,3,DETERMINISTIC_RH,LEXMMFSA,shared_battery_mode_node_level_v1,SI-Drahi_13-d2-HET-UHI-BLO-15dd2f4a2b,TK-PB-Drahi_13-d2-HET-UHI-e201b86fbb-r5,SS-b6fde45dba3b,1,2,lex_phase_2,OPTIMAL,FEASIBLE_POINT,64770.41018541588,64770.41018541588,0,798,798,1228,3395,24,0,24,120,24,1,0,0,NaN,0,NaN,2.984279490192421e-13,1.000000000014552,
5,3,DETERMINISTIC_RH,LEXMMFSA,shared_battery_mode_node_level_v1,SI-Drahi_13-d2-HET-UHI-BLO-15dd2f4a2b,TK-PB-Drahi_13-d2-HET-UHI-e201b86fbb-r5,SS-b6fde45dba3b,1,3,lex_phase_3,OPTIMAL,FEASIBLE_POINT,97161.43826473,97161.43826473,0,798,798,1229,3401,24,0,24,120,24,1,0,0,NaN,0,NaN,2.984279490192421e-13,1.000000000014552,
5,3,DETERMINISTIC_RH,LEXMMFSA,shared_battery_mode_node_level_v1,SI-Drahi_13-d2-HET-UHI-BLO-15dd2f4a2b,TK-PB-Drahi_13-d2-HET-UHI-e201b86fbb-r5,SS-b6fde45dba3b,1,4,lex_phase_4,OPTIMAL,FEASIBLE_POINT,129553.46634404403,129553.46634404403,0,798,798,1230,3407,24,0,24,120,24,1,0,0,NaN,0,NaN,2.984279490192421e-13,1.000000000014552,
5,3,DETERMINISTIC_RH,LEXMMFSA,shared_battery_mode_node_level_v1,SI-Drahi_13-d2-HET-UHI-BLO-15dd2f4a2b,TK-PB-Drahi_13-d2-HET-UHI-e201b86fbb-r5,SS-b6fde45dba3b,1,5,lex_phase_5,OPTIMAL,FEASIBLE_POINT,161945.6471482925,161945.6471482925,0,798,798,1231,3413,24,0,24,120,24,1,0,0,NaN,0,NaN,2.984279490192421e-13,1.000000000014552,
5,3,DETERMINISTIC_RH,LEXMMFSA,shared_battery_mode_node_level_v1,SI-Drahi_13-d2-HET-UHI-BLO-15dd2f4a2b,TK-PB-Drahi_13-d2-HET-UHI-e201b86fbb-r5,SS-b6fde45dba3b,1,6,economic_tie_break,OPTIMAL,FEASIBLE_POINT,758883.008346199,758883.008346199,0,798,798,1232,3419,24,0,24,120,24,1,0,0,NaN,0,NaN,2.984279490192421e-13,1.000000000014552,
5,4,DETERMINISTIC_RH,LEXMMFSA,shared_battery_mode_node_level_v1,SI-Drahi_13-d2-HET-UHI-BLO-15dd2f4a2b,TK-PB-Drahi_13-d2-HET-UHI-e201b86fbb-r5,SS-b6fde45dba3b,1,1,lex_phase_1,OPTIMAL,FEASIBLE_POINT,32385.205092707925,32385.205092707925,0,798,798,1227,3389,24,0,24,120,24,1,0,0,NaN,0,NaN,4.121147867408581e-13,1.000000000014552,
5,4,DETERMINISTIC_RH,LEXMMFSA,shared_battery_mode_node_level_v1,SI-Drahi_13-d2-HET-UHI-BLO-15dd2f4a2b,TK-PB-Drahi_13-d2-HET-UHI-e201b86fbb-r5,SS-b6fde45dba3b,1,2,lex_phase_2,OPTIMAL,FEASIBLE_POINT,64770.41018541588,64770.41018541588,0,798,798,1228,3395,24,0,24,120,24,1,0,0,NaN,0,NaN,4.121147867408581e-13,1.000000000014552,
5,4,DETERMINISTIC_RH,LEXMMFSA,shared_battery_mode_node_level_v1,SI-Drahi_13-d2-HET-UHI-BLO-15dd2f4a2b,TK-PB-Drahi_13-d2-HET-UHI-e201b86fbb-r5,SS-b6fde45dba3b,1,3,lex_phase_3,OPTIMAL,FEASIBLE_POINT,97161.43826473,97161.43826473,0,798,798,1229,3401,24,0,24,120,24,1,0,0,NaN,0,NaN,4.121147867408581e-13,1.000000000014552,
5,4,DETERMINISTIC_RH,LEXMMFSA,shared_battery_mode_node_level_v1,SI-Drahi_13-d2-HET-UHI-BLO-15dd2f4a2b,TK-PB-Drahi_13-d2-HET-UHI-e201b86fbb-r5,SS-b6fde45dba3b,1,4,lex_phase_4,OPTIMAL,FEASIBLE_POINT,129553.46634404403,129553.46634404403,0,798,798,1230,3407,24,0,24,120,24,1,0,0,NaN,0,NaN,4.121147867408581e-13,1.000000000014552,
5,4,DETERMINISTIC_RH,LEXMMFSA,shared_battery_mode_node_level_v1,SI-Drahi_13-d2-HET-UHI-BLO-15dd2f4a2b,TK-PB-Drahi_13-d2-HET-UHI-e201b86fbb-r5,SS-b6fde45dba3b,1,5,lex_phase_5,OPTIMAL,FEASIBLE_POINT,161945.6471482925,161945.6471482925,0,798,798,1231,3413,24,0,24,120,24,1,0,0,NaN,0,NaN,4.121147867408581e-13,1.000000000014552,
5,4,DETERMINISTIC_RH,LEXMMFSA,shared_battery_mode_node_level_v1,SI-Drahi_13-d2-HET-UHI-BLO-15dd2f4a2b,TK-PB-Drahi_13-d2-HET-UHI-e201b86fbb-r5,SS-b6fde45dba3b,1,6,economic_tie_break,OPTIMAL,FEASIBLE_POINT,758883.008346199,758883.008346199,0,798,798,1232,3419,24,0,24,120,24,1,0,0,NaN,0,NaN,4.121147867408581e-13,1.000000000014552,
5,5,DETERMINISTIC_RH,LEXMMFSA,shared_battery_mode_node_level_v1,SI-Drahi_13-d2-HET-UHI-BLO-15dd2f4a2b,TK-PB-Drahi_13-d2-HET-UHI-e201b86fbb-r5,SS-59c6d7df9164,5,1,lex_phase_1,OPTIMAL,FEASIBLE_POINT,20199.454586798332,20199.454586798332,0,798,798,1227,3389,24,0,24,120,24,1,0,0,NaN,0,NaN,0.0,1.000000000007276,
5,5,DETERMINISTIC_RH,LEXMMFSA,shared_battery_mode_node_level_v1,SI-Drahi_13-d2-HET-UHI-BLO-15dd2f4a2b,TK-PB-Drahi_13-d2-HET-UHI-e201b86fbb-r5,SS-59c6d7df9164,5,2,lex_phase_2,OPTIMAL,FEASIBLE_POINT,40398.90917359663,40398.90917359663,0,798,798,1228,3395,24,0,24,120,24,1,0,0,NaN,0,NaN,0.0,1.000000000007276,
5,5,DETERMINISTIC_RH,LEXMMFSA,shared_battery_mode_node_level_v1,SI-Drahi_13-d2-HET-UHI-BLO-15dd2f4a2b,TK-PB-Drahi_13-d2-HET-UHI-e201b86fbb-r5,SS-59c6d7df9164,5,3,lex_phase_3,OPTIMAL,FEASIBLE_POINT,60603.89184326532,60603.89184326532,0,798,798,1229,3401,24,0,24,120,24,1,0,0,NaN,0,NaN,0.0,1.000000000007276,
5,5,DETERMINISTIC_RH,LEXMMFSA,shared_battery_mode_node_level_v1,SI-Drahi_13-d2-HET-UHI-BLO-15dd2f4a2b,TK-PB-Drahi_13-d2-HET-UHI-e201b86fbb-r5,SS-59c6d7df9164,5,4,lex_phase_4,OPTIMAL,FEASIBLE_POINT,80809.87451293398,80809.87451293398,0,798,798,1230,3407,24,0,24,120,24,1,0,0,NaN,0,NaN,0.0,1.000000000007276,
5,5,DETERMINISTIC_RH,LEXMMFSA,shared_battery_mode_node_level_v1,SI-Drahi_13-d2-HET-UHI-BLO-15dd2f4a2b,TK-PB-Drahi_13-d2-HET-UHI-e201b86fbb-r5,SS-59c6d7df9164,5,5,lex_phase_5,OPTIMAL,FEASIBLE_POINT,101015.93327713123,101015.93327713123,0,798,798,1231,3413,24,0,24,120,24,1,0,0,NaN,0,NaN,0.0,1.000000000007276,
5,5,DETERMINISTIC_RH,LEXMMFSA,shared_battery_mode_node_level_v1,SI-Drahi_13-d2-HET-UHI-BLO-15dd2f4a2b,TK-PB-Drahi_13-d2-HET-UHI-e201b86fbb-r5,SS-59c6d7df9164,5,6,economic_tie_break,OPTIMAL,FEASIBLE_POINT,690573.5020777384,690573.5020777384,0,798,798,1232,3419,24,0,24,120,24,1,0,0,NaN,0,NaN,0.0,1.000000000007276,
5,6,DETERMINISTIC_RH,LEXMMFSA,shared_battery_mode_node_level_v1,SI-Drahi_13-d2-HET-UHI-BLO-15dd2f4a2b,TK-PB-Drahi_13-d2-HET-UHI-e201b86fbb-r5,SS-59c6d7df9164,5,1,lex_phase_1,OPTIMAL,FEASIBLE_POINT,20199.454586798332,20199.454586798332,0,798,798,1227,3389,24,0,24,120,24,1,0,0,NaN,0,NaN,0.4099868593955307,1.000000000007276,
5,6,DETERMINISTIC_RH,LEXMMFSA,shared_battery_mode_node_level_v1,SI-Drahi_13-d2-HET-UHI-BLO-15dd2f4a2b,TK-PB-Drahi_13-d2-HET-UHI-e201b86fbb-r5,SS-59c6d7df9164,5,2,lex_phase_2,OPTIMAL,FEASIBLE_POINT,40398.90917359663,40398.90917359663,0,798,798,1228,3395,24,0,24,120,24,1,0,0,NaN,0,NaN,0.4099868593955307,1.000000000007276,
5,6,DETERMINISTIC_RH,LEXMMFSA,shared_battery_mode_node_level_v1,SI-Drahi_13-d2-HET-UHI-BLO-15dd2f4a2b,TK-PB-Drahi_13-d2-HET-UHI-e201b86fbb-r5,SS-59c6d7df9164,5,3,lex_phase_3,OPTIMAL,FEASIBLE_POINT,60603.89184326532,60603.89184326532,0,798,798,1229,3401,24,0,24,120,24,1,0,0,NaN,0,NaN,0.4099868593955307,1.000000000007276,
5,6,DETERMINISTIC_RH,LEXMMFSA,shared_battery_mode_node_level_v1,SI-Drahi_13-d2-HET-UHI-BLO-15dd2f4a2b,TK-PB-Drahi_13-d2-HET-UHI-e201b86fbb-r5,SS-59c6d7df9164,5,4,lex_phase_4,OPTIMAL,FEASIBLE_POINT,80809.87451293398,80809.87451293398,0,798,798,1230,3407,24,0,24,120,24,1,0,0,NaN,0,NaN,0.4099868593955307,1.000000000007276,
5,6,DETERMINISTIC_RH,LEXMMFSA,shared_battery_mode_node_level_v1,SI-Drahi_13-d2-HET-UHI-BLO-15dd2f4a2b,TK-PB-Drahi_13-d2-HET-UHI-e201b86fbb-r5,SS-59c6d7df9164,5,5,lex_phase_5,OPTIMAL,FEASIBLE_POINT,101015.93327713123,101015.93327713123,0,798,798,1231,3413,24,0,24,120,24,1,0,0,NaN,0,NaN,0.4099868593955307,1.000000000007276,
5,6,DETERMINISTIC_RH,LEXMMFSA,shared_battery_mode_node_level_v1,SI-Drahi_13-d2-HET-UHI-BLO-15dd2f4a2b,TK-PB-Drahi_13-d2-HET-UHI-e201b86fbb-r5,SS-59c6d7df9164,5,6,economic_tie_break,OPTIMAL,FEASIBLE_POINT,690573.5020777384,690573.5020777384,0,798,798,1232,3419,24,0,24,120,24,1,0,0,NaN,0,NaN,0.4099868593955307,1.000000000007276,
5,7,DETERMINISTIC_RH,LEXMMFSA,shared_battery_mode_node_level_v1,SI-Drahi_13-d2-HET-UHI-BLO-15dd2f4a2b,TK-PB-Drahi_13-d2-HET-UHI-e201b86fbb-r5,SS-59c6d7df9164,5,1,lex_phase_1,OPTIMAL,FEASIBLE_POINT,20199.454586798332,20199.454586798332,0,798,798,1227,3389,24,0,24,120,24,1,0,0,NaN,0,NaN,1.9895196601282805e-13,1.000000000007276,
5,7,DETERMINISTIC_RH,LEXMMFSA,shared_battery_mode_node_level_v1,SI-Drahi_13-d2-HET-UHI-BLO-15dd2f4a2b,TK-PB-Drahi_13-d2-HET-UHI-e201b86fbb-r5,SS-59c6d7df9164,5,2,lex_phase_2,OPTIMAL,FEASIBLE_POINT,40398.90917359663,40398.90917359663,0,798,798,1228,3395,24,0,24,120,24,1,0,0,NaN,0,NaN,1.9895196601282805e-13,1.000000000007276,
5,7,DETERMINISTIC_RH,LEXMMFSA,shared_battery_mode_node_level_v1,SI-Drahi_13-d2-HET-UHI-BLO-15dd2f4a2b,TK-PB-Drahi_13-d2-HET-UHI-e201b86fbb-r5,SS-59c6d7df9164,5,3,lex_phase_3,OPTIMAL,FEASIBLE_POINT,60603.89184326532,60603.89184326532,0,798,798,1229,3401,24,0,24,120,24,1,0,0,NaN,0,NaN,1.9895196601282805e-13,1.000000000007276,
5,7,DETERMINISTIC_RH,LEXMMFSA,shared_battery_mode_node_level_v1,SI-Drahi_13-d2-HET-UHI-BLO-15dd2f4a2b,TK-PB-Drahi_13-d2-HET-UHI-e201b86fbb-r5,SS-59c6d7df9164,5,4,lex_phase_4,OPTIMAL,FEASIBLE_POINT,80809.87451293398,80809.87451293398,0,798,798,1230,3407,24,0,24,120,24,1,0,0,NaN,0,NaN,1.9895196601282805e-13,1.000000000007276,
5,7,DETERMINISTIC_RH,LEXMMFSA,shared_battery_mode_node_level_v1,SI-Drahi_13-d2-HET-UHI-BLO-15dd2f4a2b,TK-PB-Drahi_13-d2-HET-UHI-e201b86fbb-r5,SS-59c6d7df9164,5,5,lex_phase_5,OPTIMAL,FEASIBLE_POINT,101015.93327713123,101015.93327713123,0,798,798,1231,3413,24,0,24,120,24,1,0,0,NaN,0,NaN,1.9895196601282805e-13,1.000000000007276,
5,7,DETERMINISTIC_RH,LEXMMFSA,shared_battery_mode_node_level_v1,SI-Drahi_13-d2-HET-UHI-BLO-15dd2f4a2b,TK-PB-Drahi_13-d2-HET-UHI-e201b86fbb-r5,SS-59c6d7df9164,5,6,economic_tie_break,OPTIMAL,FEASIBLE_POINT,690573.5020777384,690573.5020777384,0,798,798,1232,3419,24,0,24,120,24,1,0,0,NaN,0,NaN,1.9895196601282805e-13,1.000000000007276,
5,8,DETERMINISTIC_RH,LEXMMFSA,shared_battery_mode_node_level_v1,SI-Drahi_13-d2-HET-UHI-BLO-15dd2f4a2b,TK-PB-Drahi_13-d2-HET-UHI-e201b86fbb-r5,SS-59c6d7df9164,5,1,lex_phase_1,OPTIMAL,FEASIBLE_POINT,20199.454586798332,20199.454586798332,0,798,798,1227,3389,24,0,24,120,24,1,0,0,NaN,0,NaN,0.4099868593955316,1.000000000007276,
5,8,DETERMINISTIC_RH,LEXMMFSA,shared_battery_mode_node_level_v1,SI-Drahi_13-d2-HET-UHI-BLO-15dd2f4a2b,TK-PB-Drahi_13-d2-HET-UHI-e201b86fbb-r5,SS-59c6d7df9164,5,2,lex_phase_2,OPTIMAL,FEASIBLE_POINT,40398.90917359663,40398.90917359663,0,798,798,1228,3395,24,0,24,120,24,1,0,0,NaN,0,NaN,0.4099868593955316,1.000000000007276,
5,8,DETERMINISTIC_RH,LEXMMFSA,shared_battery_mode_node_level_v1,SI-Drahi_13-d2-HET-UHI-BLO-15dd2f4a2b,TK-PB-Drahi_13-d2-HET-UHI-e201b86fbb-r5,SS-59c6d7df9164,5,3,lex_phase_3,OPTIMAL,FEASIBLE_POINT,60603.89184326532,60603.89184326532,0,798,798,1229,3401,24,0,24,120,24,1,0,0,NaN,0,NaN,0.4099868593955316,1.000000000007276,
5,8,DETERMINISTIC_RH,LEXMMFSA,shared_battery_mode_node_level_v1,SI-Drahi_13-d2-HET-UHI-BLO-15dd2f4a2b,TK-PB-Drahi_13-d2-HET-UHI-e201b86fbb-r5,SS-59c6d7df9164,5,4,lex_phase_4,OPTIMAL,FEASIBLE_POINT,80809.87451293398,80809.87451293398,0,798,798,1230,3407,24,0,24,120,24,1,0,0,NaN,0,NaN,0.4099868593955316,1.000000000007276,
5,8,DETERMINISTIC_RH,LEXMMFSA,shared_battery_mode_node_level_v1,SI-Drahi_13-d2-HET-UHI-BLO-15dd2f4a2b,TK-PB-Drahi_13-d2-HET-UHI-e201b86fbb-r5,SS-59c6d7df9164,5,5,lex_phase_5,OPTIMAL,FEASIBLE_POINT,101015.93327713123,101015.93327713123,0,798,798,1231,3413,24,0,24,120,24,1,0,0,NaN,0,NaN,0.4099868593955316,1.000000000007276,
5,8,DETERMINISTIC_RH,LEXMMFSA,shared_battery_mode_node_level_v1,SI-Drahi_13-d2-HET-UHI-BLO-15dd2f4a2b,TK-PB-Drahi_13-d2-HET-UHI-e201b86fbb-r5,SS-59c6d7df9164,5,6,economic_tie_break,OPTIMAL,FEASIBLE_POINT,690573.5020777384,690573.5020777384,0,798,798,1232,3419,24,0,24,120,24,1,0,0,NaN,0,NaN,0.4099868593955316,1.000000000007276,
5,9,DETERMINISTIC_RH,LEXMMFSA,shared_battery_mode_node_level_v1,SI-Drahi_13-d2-HET-UHI-BLO-15dd2f4a2b,TK-PB-Drahi_13-d2-HET-UHI-e201b86fbb-r5,SS-baeb7d556d60,9,1,lex_phase_1,OPTIMAL,FEASIBLE_POINT,43656.2852054976,43656.2852054976,0,798,798,1227,3389,24,0,24,120,24,1,0,0,NaN,0,NaN,0.0,1.0,
5,9,DETERMINISTIC_RH,LEXMMFSA,shared_battery_mode_node_level_v1,SI-Drahi_13-d2-HET-UHI-BLO-15dd2f4a2b,TK-PB-Drahi_13-d2-HET-UHI-e201b86fbb-r5,SS-baeb7d556d60,9,2,lex_phase_2,OPTIMAL,FEASIBLE_POINT,87312.57041099523,87312.57041099523,0,798,798,1228,3395,24,0,24,120,24,1,0,0,NaN,0,NaN,0.0,1.0,
5,9,DETERMINISTIC_RH,LEXMMFSA,shared_battery_mode_node_level_v1,SI-Drahi_13-d2-HET-UHI-BLO-15dd2f4a2b,TK-PB-Drahi_13-d2-HET-UHI-e201b86fbb-r5,SS-baeb7d556d60,9,3,lex_phase_3,OPTIMAL,FEASIBLE_POINT,130968.85561649286,130968.85561649286,0,798,798,1229,3401,24,0,24,120,24,1,0,0,NaN,0,NaN,0.0,1.0,
5,9,DETERMINISTIC_RH,LEXMMFSA,shared_battery_mode_node_level_v1,SI-Drahi_13-d2-HET-UHI-BLO-15dd2f4a2b,TK-PB-Drahi_13-d2-HET-UHI-e201b86fbb-r5,SS-baeb7d556d60,9,4,lex_phase_4,OPTIMAL,FEASIBLE_POINT,174634.89632199,174634.89632199,0,798,798,1230,3407,24,0,24,120,24,1,0,0,NaN,0,NaN,0.0,1.0,
5,9,DETERMINISTIC_RH,LEXMMFSA,shared_battery_mode_node_level_v1,SI-Drahi_13-d2-HET-UHI-BLO-15dd2f4a2b,TK-PB-Drahi_13-d2-HET-UHI-e201b86fbb-r5,SS-baeb7d556d60,9,5,lex_phase_5,OPTIMAL,FEASIBLE_POINT,218301.93702748764,218301.93702748764,0,798,798,1231,3413,24,0,24,120,24,1,0,0,NaN,0,NaN,0.0,1.0,
5,9,DETERMINISTIC_RH,LEXMMFSA,shared_battery_mode_node_level_v1,SI-Drahi_13-d2-HET-UHI-BLO-15dd2f4a2b,TK-PB-Drahi_13-d2-HET-UHI-e201b86fbb-r5,SS-baeb7d556d60,9,6,economic_tie_break,OPTIMAL,FEASIBLE_POINT,701067.9642785544,701067.9642785544,0,798,798,1232,3419,24,0,24,120,24,1,0,0,NaN,0,NaN,0.0,1.0,
5,10,DETERMINISTIC_RH,LEXMMFSA,shared_battery_mode_node_level_v1,SI-Drahi_13-d2-HET-UHI-BLO-15dd2f4a2b,TK-PB-Drahi_13-d2-HET-UHI-e201b86fbb-r5,SS-baeb7d556d60,9,1,lex_phase_1,OPTIMAL,FEASIBLE_POINT,43656.2852054976,43656.2852054976,0,798,798,1227,3389,24,0,24,120,24,1,0,0,NaN,0,NaN,1.0231815394945443e-12,1.0,
5,10,DETERMINISTIC_RH,LEXMMFSA,shared_battery_mode_node_level_v1,SI-Drahi_13-d2-HET-UHI-BLO-15dd2f4a2b,TK-PB-Drahi_13-d2-HET-UHI-e201b86fbb-r5,SS-baeb7d556d60,9,2,lex_phase_2,OPTIMAL,FEASIBLE_POINT,87312.57041099523,87312.57041099523,0,798,798,1228,3395,24,0,24,120,24,1,0,0,NaN,0,NaN,1.0231815394945443e-12,1.0,
5,10,DETERMINISTIC_RH,LEXMMFSA,shared_battery_mode_node_level_v1,SI-Drahi_13-d2-HET-UHI-BLO-15dd2f4a2b,TK-PB-Drahi_13-d2-HET-UHI-e201b86fbb-r5,SS-baeb7d556d60,9,3,lex_phase_3,OPTIMAL,FEASIBLE_POINT,130968.85561649286,130968.85561649286,0,798,798,1229,3401,24,0,24,120,24,1,0,0,NaN,0,NaN,1.0231815394945443e-12,1.0,
5,10,DETERMINISTIC_RH,LEXMMFSA,shared_battery_mode_node_level_v1,SI-Drahi_13-d2-HET-UHI-BLO-15dd2f4a2b,TK-PB-Drahi_13-d2-HET-UHI-e201b86fbb-r5,SS-baeb7d556d60,9,4,lex_phase_4,OPTIMAL,FEASIBLE_POINT,174634.89632199,174634.89632199,0,798,798,1230,3407,24,0,24,120,24,1,0,0,NaN,0,NaN,1.0231815394945443e-12,1.0,
5,10,DETERMINISTIC_RH,LEXMMFSA,shared_battery_mode_node_level_v1,SI-Drahi_13-d2-HET-UHI-BLO-15dd2f4a2b,TK-PB-Drahi_13-d2-HET-UHI-e201b86fbb-r5,SS-baeb7d556d60,9,5,lex_phase_5,OPTIMAL,FEASIBLE_POINT,218301.93702748764,218301.93702748764,0,798,798,1231,3413,24,0,24,120,24,1,0,0,NaN,0,NaN,1.0231815394945443e-12,1.0,
5,10,DETERMINISTIC_RH,LEXMMFSA,shared_battery_mode_node_level_v1,SI-Drahi_13-d2-HET-UHI-BLO-15dd2f4a2b,TK-PB-Drahi_13-d2-HET-UHI-e201b86fbb-r5,SS-baeb7d556d60,9,6,economic_tie_break,OPTIMAL,FEASIBLE_POINT,701067.9642785544,701067.9642785544,0,798,798,1232,3419,24,0,24,120,24,1,0,0,NaN,0,NaN,1.0231815394945443e-12,1.0,
5,11,DETERMINISTIC_RH,LEXMMFSA,shared_battery_mode_node_level_v1,SI-Drahi_13-d2-HET-UHI-BLO-15dd2f4a2b,TK-PB-Drahi_13-d2-HET-UHI-e201b86fbb-r5,SS-baeb7d556d60,9,1,lex_phase_1,OPTIMAL,FEASIBLE_POINT,43656.2852054976,43656.2852054976,0,798,798,1227,3389,24,0,24,120,24,1,0,0,NaN,0,NaN,6.536993168992922e-13,1.0,
5,11,DETERMINISTIC_RH,LEXMMFSA,shared_battery_mode_node_level_v1,SI-Drahi_13-d2-HET-UHI-BLO-15dd2f4a2b,TK-PB-Drahi_13-d2-HET-UHI-e201b86fbb-r5,SS-baeb7d556d60,9,2,lex_phase_2,OPTIMAL,FEASIBLE_POINT,87312.57041099523,87312.57041099523,0,798,798,1228,3395,24,0,24,120,24,1,0,0,NaN,0,NaN,6.536993168992922e-13,1.0,
5,11,DETERMINISTIC_RH,LEXMMFSA,shared_battery_mode_node_level_v1,SI-Drahi_13-d2-HET-UHI-BLO-15dd2f4a2b,TK-PB-Drahi_13-d2-HET-UHI-e201b86fbb-r5,SS-baeb7d556d60,9,3,lex_phase_3,OPTIMAL,FEASIBLE_POINT,130968.85561649286,130968.85561649286,0,798,798,1229,3401,24,0,24,120,24,1,0,0,NaN,0,NaN,6.536993168992922e-13,1.0,
5,11,DETERMINISTIC_RH,LEXMMFSA,shared_battery_mode_node_level_v1,SI-Drahi_13-d2-HET-UHI-BLO-15dd2f4a2b,TK-PB-Drahi_13-d2-HET-UHI-e201b86fbb-r5,SS-baeb7d556d60,9,4,lex_phase_4,OPTIMAL,FEASIBLE_POINT,174634.89632199,174634.89632199,0,798,798,1230,3407,24,0,24,120,24,1,0,0,NaN,0,NaN,6.536993168992922e-13,1.0,
5,11,DETERMINISTIC_RH,LEXMMFSA,shared_battery_mode_node_level_v1,SI-Drahi_13-d2-HET-UHI-BLO-15dd2f4a2b,TK-PB-Drahi_13-d2-HET-UHI-e201b86fbb-r5,SS-baeb7d556d60,9,5,lex_phase_5,OPTIMAL,FEASIBLE_POINT,218301.93702748764,218301.93702748764,0,798,798,1231,3413,24,0,24,120,24,1,0,0,NaN,0,NaN,6.536993168992922e-13,1.0,
5,11,DETERMINISTIC_RH,LEXMMFSA,shared_battery_mode_node_level_v1,SI-Drahi_13-d2-HET-UHI-BLO-15dd2f4a2b,TK-PB-Drahi_13-d2-HET-UHI-e201b86fbb-r5,SS-baeb7d556d60,9,6,economic_tie_break,OPTIMAL,FEASIBLE_POINT,701067.9642785544,701067.9642785544,0,798,798,1232,3419,24,0,24,120,24,1,0,0,NaN,0,NaN,6.536993168992922e-13,1.0,
5,12,DETERMINISTIC_RH,LEXMMFSA,shared_battery_mode_node_level_v1,SI-Drahi_13-d2-HET-UHI-BLO-15dd2f4a2b,TK-PB-Drahi_13-d2-HET-UHI-e201b86fbb-r5,SS-baeb7d556d60,9,1,lex_phase_1,OPTIMAL,FEASIBLE_POINT,43656.2852054976,43656.2852054976,0,798,798,1227,3389,24,0,24,120,24,1,0,0,NaN,0,NaN,8.526512829121202e-13,1.0,
5,12,DETERMINISTIC_RH,LEXMMFSA,shared_battery_mode_node_level_v1,SI-Drahi_13-d2-HET-UHI-BLO-15dd2f4a2b,TK-PB-Drahi_13-d2-HET-UHI-e201b86fbb-r5,SS-baeb7d556d60,9,2,lex_phase_2,OPTIMAL,FEASIBLE_POINT,87312.57041099523,87312.57041099523,0,798,798,1228,3395,24,0,24,120,24,1,0,0,NaN,0,NaN,8.526512829121202e-13,1.0,
5,12,DETERMINISTIC_RH,LEXMMFSA,shared_battery_mode_node_level_v1,SI-Drahi_13-d2-HET-UHI-BLO-15dd2f4a2b,TK-PB-Drahi_13-d2-HET-UHI-e201b86fbb-r5,SS-baeb7d556d60,9,3,lex_phase_3,OPTIMAL,FEASIBLE_POINT,130968.85561649286,130968.85561649286,0,798,798,1229,3401,24,0,24,120,24,1,0,0,NaN,0,NaN,8.526512829121202e-13,1.0,
5,12,DETERMINISTIC_RH,LEXMMFSA,shared_battery_mode_node_level_v1,SI-Drahi_13-d2-HET-UHI-BLO-15dd2f4a2b,TK-PB-Drahi_13-d2-HET-UHI-e201b86fbb-r5,SS-baeb7d556d60,9,4,lex_phase_4,OPTIMAL,FEASIBLE_POINT,174634.89632199,174634.89632199,0,798,798,1230,3407,24,0,24,120,24,1,0,0,NaN,0,NaN,8.526512829121202e-13,1.0,
5,12,DETERMINISTIC_RH,LEXMMFSA,shared_battery_mode_node_level_v1,SI-Drahi_13-d2-HET-UHI-BLO-15dd2f4a2b,TK-PB-Drahi_13-d2-HET-UHI-e201b86fbb-r5,SS-baeb7d556d60,9,5,lex_phase_5,OPTIMAL,FEASIBLE_POINT,218301.93702748764,218301.93702748764,0,798,798,1231,3413,24,0,24,120,24,1,0,0,NaN,0,NaN,8.526512829121202e-13,1.0,
5,12,DETERMINISTIC_RH,LEXMMFSA,shared_battery_mode_node_level_v1,SI-Drahi_13-d2-HET-UHI-BLO-15dd2f4a2b,TK-PB-Drahi_13-d2-HET-UHI-e201b86fbb-r5,SS-baeb7d556d60,9,6,economic_tie_break,OPTIMAL,FEASIBLE_POINT,701067.9642785544,701067.9642785544,0,798,798,1232,3419,24,0,24,120,24,1,0,0,NaN,0,NaN,8.526512829121202e-13,1.0,
5,13,DETERMINISTIC_RH,LEXMMFSA,shared_battery_mode_node_level_v1,SI-Drahi_13-d2-HET-UHI-BLO-15dd2f4a2b,TK-PB-Drahi_13-d2-HET-UHI-e201b86fbb-r5,SS-784512b1c103,13,1,lex_phase_1,OPTIMAL,FEASIBLE_POINT,41931.62475389961,41931.62475389961,0,798,798,1227,3389,24,0,24,120,24,1,0,0,NaN,0,NaN,0.0,1.0000000000291038,
5,13,DETERMINISTIC_RH,LEXMMFSA,shared_battery_mode_node_level_v1,SI-Drahi_13-d2-HET-UHI-BLO-15dd2f4a2b,TK-PB-Drahi_13-d2-HET-UHI-e201b86fbb-r5,SS-784512b1c103,13,2,lex_phase_2,OPTIMAL,FEASIBLE_POINT,83863.24950779919,83863.24950779919,0,798,798,1228,3395,24,0,24,120,24,1,0,0,NaN,0,NaN,0.0,1.0000000000291038,
5,13,DETERMINISTIC_RH,LEXMMFSA,shared_battery_mode_node_level_v1,SI-Drahi_13-d2-HET-UHI-BLO-15dd2f4a2b,TK-PB-Drahi_13-d2-HET-UHI-e201b86fbb-r5,SS-784512b1c103,13,3,lex_phase_3,OPTIMAL,FEASIBLE_POINT,125794.87426169879,125794.87426169879,0,798,798,1229,3401,24,0,24,120,24,1,0,0,NaN,0,NaN,0.0,1.0000000000291038,
5,13,DETERMINISTIC_RH,LEXMMFSA,shared_battery_mode_node_level_v1,SI-Drahi_13-d2-HET-UHI-BLO-15dd2f4a2b,TK-PB-Drahi_13-d2-HET-UHI-e201b86fbb-r5,SS-784512b1c103,13,4,lex_phase_4,OPTIMAL,FEASIBLE_POINT,167736.51451559854,167736.51451559854,0,798,798,1230,3407,24,0,24,120,24,1,0,0,NaN,0,NaN,0.0,1.0000000000291038,
5,13,DETERMINISTIC_RH,LEXMMFSA,shared_battery_mode_node_level_v1,SI-Drahi_13-d2-HET-UHI-BLO-15dd2f4a2b,TK-PB-Drahi_13-d2-HET-UHI-e201b86fbb-r5,SS-784512b1c103,13,5,lex_phase_5,OPTIMAL,FEASIBLE_POINT,209679.15476949833,209679.15476949833,0,798,798,1231,3413,24,0,24,120,24,1,0,0,NaN,0,NaN,0.0,1.0000000000291038,
5,13,DETERMINISTIC_RH,LEXMMFSA,shared_battery_mode_node_level_v1,SI-Drahi_13-d2-HET-UHI-BLO-15dd2f4a2b,TK-PB-Drahi_13-d2-HET-UHI-e201b86fbb-r5,SS-784512b1c103,13,6,economic_tie_break,OPTIMAL,FEASIBLE_POINT,762635.9289320566,762635.9289320566,0,798,798,1232,3419,24,0,24,120,24,1,0,0,NaN,0,NaN,0.0,1.0000000000291038,
5,14,DETERMINISTIC_RH,LEXMMFSA,shared_battery_mode_node_level_v1,SI-Drahi_13-d2-HET-UHI-BLO-15dd2f4a2b,TK-PB-Drahi_13-d2-HET-UHI-e201b86fbb-r5,SS-784512b1c103,13,1,lex_phase_1,OPTIMAL,FEASIBLE_POINT,41931.62475389961,41931.62475389961,0,798,798,1227,3389,24,0,24,120,24,1,0,0,NaN,0,NaN,7.389644451905042e-13,1.0000000000291038,
5,14,DETERMINISTIC_RH,LEXMMFSA,shared_battery_mode_node_level_v1,SI-Drahi_13-d2-HET-UHI-BLO-15dd2f4a2b,TK-PB-Drahi_13-d2-HET-UHI-e201b86fbb-r5,SS-784512b1c103,13,2,lex_phase_2,OPTIMAL,FEASIBLE_POINT,83863.24950779919,83863.24950779919,0,798,798,1228,3395,24,0,24,120,24,1,0,0,NaN,0,NaN,7.389644451905042e-13,1.0000000000291038,
5,14,DETERMINISTIC_RH,LEXMMFSA,shared_battery_mode_node_level_v1,SI-Drahi_13-d2-HET-UHI-BLO-15dd2f4a2b,TK-PB-Drahi_13-d2-HET-UHI-e201b86fbb-r5,SS-784512b1c103,13,3,lex_phase_3,OPTIMAL,FEASIBLE_POINT,125794.87426169879,125794.87426169879,0,798,798,1229,3401,24,0,24,120,24,1,0,0,NaN,0,NaN,7.389644451905042e-13,1.0000000000291038,
5,14,DETERMINISTIC_RH,LEXMMFSA,shared_battery_mode_node_level_v1,SI-Drahi_13-d2-HET-UHI-BLO-15dd2f4a2b,TK-PB-Drahi_13-d2-HET-UHI-e201b86fbb-r5,SS-784512b1c103,13,4,lex_phase_4,OPTIMAL,FEASIBLE_POINT,167736.51451559854,167736.51451559854,0,798,798,1230,3407,24,0,24,120,24,1,0,0,NaN,0,NaN,7.389644451905042e-13,1.0000000000291038,
5,14,DETERMINISTIC_RH,LEXMMFSA,shared_battery_mode_node_level_v1,SI-Drahi_13-d2-HET-UHI-BLO-15dd2f4a2b,TK-PB-Drahi_13-d2-HET-UHI-e201b86fbb-r5,SS-784512b1c103,13,5,lex_phase_5,OPTIMAL,FEASIBLE_POINT,209679.15476949833,209679.15476949833,0,798,798,1231,3413,24,0,24,120,24,1,0,0,NaN,0,NaN,7.389644451905042e-13,1.0000000000291038,
5,14,DETERMINISTIC_RH,LEXMMFSA,shared_battery_mode_node_level_v1,SI-Drahi_13-d2-HET-UHI-BLO-15dd2f4a2b,TK-PB-Drahi_13-d2-HET-UHI-e201b86fbb-r5,SS-784512b1c103,13,6,economic_tie_break,OPTIMAL,FEASIBLE_POINT,762635.9289320566,762635.9289320566,0,798,798,1232,3419,24,0,24,120,24,1,0,0,NaN,0,NaN,7.389644451905042e-13,1.0000000000291038,
5,15,DETERMINISTIC_RH,LEXMMFSA,shared_battery_mode_node_level_v1,SI-Drahi_13-d2-HET-UHI-BLO-15dd2f4a2b,TK-PB-Drahi_13-d2-HET-UHI-e201b86fbb-r5,SS-784512b1c103,13,1,lex_phase_1,OPTIMAL,FEASIBLE_POINT,41931.62475389961,41931.62475389961,0,798,798,1227,3389,24,0,24,120,24,1,0,0,NaN,0,NaN,9.663381206337363e-13,1.0000000000291038,
5,15,DETERMINISTIC_RH,LEXMMFSA,shared_battery_mode_node_level_v1,SI-Drahi_13-d2-HET-UHI-BLO-15dd2f4a2b,TK-PB-Drahi_13-d2-HET-UHI-e201b86fbb-r5,SS-784512b1c103,13,2,lex_phase_2,OPTIMAL,FEASIBLE_POINT,83863.24950779919,83863.24950779919,0,798,798,1228,3395,24,0,24,120,24,1,0,0,NaN,0,NaN,9.663381206337363e-13,1.0000000000291038,
5,15,DETERMINISTIC_RH,LEXMMFSA,shared_battery_mode_node_level_v1,SI-Drahi_13-d2-HET-UHI-BLO-15dd2f4a2b,TK-PB-Drahi_13-d2-HET-UHI-e201b86fbb-r5,SS-784512b1c103,13,3,lex_phase_3,OPTIMAL,FEASIBLE_POINT,125794.87426169879,125794.87426169879,0,798,798,1229,3401,24,0,24,120,24,1,0,0,NaN,0,NaN,9.663381206337363e-13,1.0000000000291038,
5,15,DETERMINISTIC_RH,LEXMMFSA,shared_battery_mode_node_level_v1,SI-Drahi_13-d2-HET-UHI-BLO-15dd2f4a2b,TK-PB-Drahi_13-d2-HET-UHI-e201b86fbb-r5,SS-784512b1c103,13,4,lex_phase_4,OPTIMAL,FEASIBLE_POINT,167736.51451559854,167736.51451559854,0,798,798,1230,3407,24,0,24,120,24,1,0,0,NaN,0,NaN,9.663381206337363e-13,1.0000000000291038,
5,15,DETERMINISTIC_RH,LEXMMFSA,shared_battery_mode_node_level_v1,SI-Drahi_13-d2-HET-UHI-BLO-15dd2f4a2b,TK-PB-Drahi_13-d2-HET-UHI-e201b86fbb-r5,SS-784512b1c103,13,5,lex_phase_5,OPTIMAL,FEASIBLE_POINT,209679.15476949833,209679.15476949833,0,798,798,1231,3413,24,0,24,120,24,1,0,0,NaN,0,NaN,9.663381206337363e-13,1.0000000000291038,
5,15,DETERMINISTIC_RH,LEXMMFSA,shared_battery_mode_node_level_v1,SI-Drahi_13-d2-HET-UHI-BLO-15dd2f4a2b,TK-PB-Drahi_13-d2-HET-UHI-e201b86fbb-r5,SS-784512b1c103,13,6,economic_tie_break,OPTIMAL,FEASIBLE_POINT,762635.9289320566,762635.9289320566,0,798,798,1232,3419,24,0,24,120,24,1,0,0,NaN,0,NaN,9.663381206337363e-13,1.0000000000291038,
5,16,DETERMINISTIC_RH,LEXMMFSA,shared_battery_mode_node_level_v1,SI-Drahi_13-d2-HET-UHI-BLO-15dd2f4a2b,TK-PB-Drahi_13-d2-HET-UHI-e201b86fbb-r5,SS-784512b1c103,13,1,lex_phase_1,OPTIMAL,FEASIBLE_POINT,41931.62475389961,41931.62475389961,0,798,798,1227,3389,24,0,24,120,24,1,0,0,NaN,0,NaN,3.126388037344441e-13,1.0000000000291038,
5,16,DETERMINISTIC_RH,LEXMMFSA,shared_battery_mode_node_level_v1,SI-Drahi_13-d2-HET-UHI-BLO-15dd2f4a2b,TK-PB-Drahi_13-d2-HET-UHI-e201b86fbb-r5,SS-784512b1c103,13,2,lex_phase_2,OPTIMAL,FEASIBLE_POINT,83863.24950779919,83863.24950779919,0,798,798,1228,3395,24,0,24,120,24,1,0,0,NaN,0,NaN,3.126388037344441e-13,1.0000000000291038,
5,16,DETERMINISTIC_RH,LEXMMFSA,shared_battery_mode_node_level_v1,SI-Drahi_13-d2-HET-UHI-BLO-15dd2f4a2b,TK-PB-Drahi_13-d2-HET-UHI-e201b86fbb-r5,SS-784512b1c103,13,3,lex_phase_3,OPTIMAL,FEASIBLE_POINT,125794.87426169879,125794.87426169879,0,798,798,1229,3401,24,0,24,120,24,1,0,0,NaN,0,NaN,3.126388037344441e-13,1.0000000000291038,
5,16,DETERMINISTIC_RH,LEXMMFSA,shared_battery_mode_node_level_v1,SI-Drahi_13-d2-HET-UHI-BLO-15dd2f4a2b,TK-PB-Drahi_13-d2-HET-UHI-e201b86fbb-r5,SS-784512b1c103,13,4,lex_phase_4,OPTIMAL,FEASIBLE_POINT,167736.51451559854,167736.51451559854,0,798,798,1230,3407,24,0,24,120,24,1,0,0,NaN,0,NaN,3.126388037344441e-13,1.0000000000291038,
5,16,DETERMINISTIC_RH,LEXMMFSA,shared_battery_mode_node_level_v1,SI-Drahi_13-d2-HET-UHI-BLO-15dd2f4a2b,TK-PB-Drahi_13-d2-HET-UHI-e201b86fbb-r5,SS-784512b1c103,13,5,lex_phase_5,OPTIMAL,FEASIBLE_POINT,209679.15476949833,209679.15476949833,0,798,798,1231,3413,24,0,24,120,24,1,0,0,NaN,0,NaN,3.126388037344441e-13,1.0000000000291038,
5,16,DETERMINISTIC_RH,LEXMMFSA,shared_battery_mode_node_level_v1,SI-Drahi_13-d2-HET-UHI-BLO-15dd2f4a2b,TK-PB-Drahi_13-d2-HET-UHI-e201b86fbb-r5,SS-784512b1c103,13,6,economic_tie_break,OPTIMAL,FEASIBLE_POINT,762635.9289320566,762635.9289320566,0,798,798,1232,3419,24,0,24,120,24,1,0,0,NaN,0,NaN,3.126388037344441e-13,1.0000000000291038,
5,17,DETERMINISTIC_RH,LEXMMFSA,shared_battery_mode_node_level_v1,SI-Drahi_13-d2-HET-UHI-BLO-15dd2f4a2b,TK-PB-Drahi_13-d2-HET-UHI-e201b86fbb-r5,SS-ced84ca7a4eb,17,1,lex_phase_1,OPTIMAL,FEASIBLE_POINT,47032.75332248586,47032.75332248586,0,798,798,1227,3389,24,0,24,120,24,1,0,0,NaN,0,NaN,0.0,0.9999999999708962,
5,17,DETERMINISTIC_RH,LEXMMFSA,shared_battery_mode_node_level_v1,SI-Drahi_13-d2-HET-UHI-BLO-15dd2f4a2b,TK-PB-Drahi_13-d2-HET-UHI-e201b86fbb-r5,SS-ced84ca7a4eb,17,2,lex_phase_2,OPTIMAL,FEASIBLE_POINT,94065.50664497167,94065.50664497167,0,798,798,1228,3395,24,0,24,120,24,1,0,0,NaN,0,NaN,0.0,0.9999999999708962,
5,17,DETERMINISTIC_RH,LEXMMFSA,shared_battery_mode_node_level_v1,SI-Drahi_13-d2-HET-UHI-BLO-15dd2f4a2b,TK-PB-Drahi_13-d2-HET-UHI-e201b86fbb-r5,SS-ced84ca7a4eb,17,3,lex_phase_3,OPTIMAL,FEASIBLE_POINT,141098.2599674575,141098.2599674575,0,798,798,1229,3401,24,0,24,120,24,1,0,0,NaN,0,NaN,0.0,0.9999999999708962,
5,17,DETERMINISTIC_RH,LEXMMFSA,shared_battery_mode_node_level_v1,SI-Drahi_13-d2-HET-UHI-BLO-15dd2f4a2b,TK-PB-Drahi_13-d2-HET-UHI-e201b86fbb-r5,SS-ced84ca7a4eb,17,4,lex_phase_4,OPTIMAL,FEASIBLE_POINT,188141.02878994367,188141.02878994367,0,798,798,1230,3407,24,0,24,120,24,1,0,0,NaN,0,NaN,0.0,0.9999999999708962,
5,17,DETERMINISTIC_RH,LEXMMFSA,shared_battery_mode_node_level_v1,SI-Drahi_13-d2-HET-UHI-BLO-15dd2f4a2b,TK-PB-Drahi_13-d2-HET-UHI-e201b86fbb-r5,SS-ced84ca7a4eb,17,5,lex_phase_5,OPTIMAL,FEASIBLE_POINT,235184.79761242974,235184.79761242974,0,798,798,1231,3413,24,0,24,120,24,1,0,0,NaN,0,NaN,0.0,0.9999999999708962,
5,17,DETERMINISTIC_RH,LEXMMFSA,shared_battery_mode_node_level_v1,SI-Drahi_13-d2-HET-UHI-BLO-15dd2f4a2b,TK-PB-Drahi_13-d2-HET-UHI-e201b86fbb-r5,SS-ced84ca7a4eb,17,6,economic_tie_break,OPTIMAL,FEASIBLE_POINT,784866.0387527811,784866.0387527811,0,798,798,1232,3419,24,0,24,120,24,1,0,0,NaN,0,NaN,0.0,0.9999999999708962,
5,18,DETERMINISTIC_RH,LEXMMFSA,shared_battery_mode_node_level_v1,SI-Drahi_13-d2-HET-UHI-BLO-15dd2f4a2b,TK-PB-Drahi_13-d2-HET-UHI-e201b86fbb-r5,SS-ced84ca7a4eb,17,1,lex_phase_1,OPTIMAL,FEASIBLE_POINT,47032.75332248586,47032.75332248586,0,798,798,1227,3389,24,0,24,120,24,1,0,0,NaN,0,NaN,4.831690603168681e-13,0.9999999999708962,
5,18,DETERMINISTIC_RH,LEXMMFSA,shared_battery_mode_node_level_v1,SI-Drahi_13-d2-HET-UHI-BLO-15dd2f4a2b,TK-PB-Drahi_13-d2-HET-UHI-e201b86fbb-r5,SS-ced84ca7a4eb,17,2,lex_phase_2,OPTIMAL,FEASIBLE_POINT,94065.50664497167,94065.50664497167,0,798,798,1228,3395,24,0,24,120,24,1,0,0,NaN,0,NaN,4.831690603168681e-13,0.9999999999708962,
5,18,DETERMINISTIC_RH,LEXMMFSA,shared_battery_mode_node_level_v1,SI-Drahi_13-d2-HET-UHI-BLO-15dd2f4a2b,TK-PB-Drahi_13-d2-HET-UHI-e201b86fbb-r5,SS-ced84ca7a4eb,17,3,lex_phase_3,OPTIMAL,FEASIBLE_POINT,141098.2599674575,141098.2599674575,0,798,798,1229,3401,24,0,24,120,24,1,0,0,NaN,0,NaN,4.831690603168681e-13,0.9999999999708962,
5,18,DETERMINISTIC_RH,LEXMMFSA,shared_battery_mode_node_level_v1,SI-Drahi_13-d2-HET-UHI-BLO-15dd2f4a2b,TK-PB-Drahi_13-d2-HET-UHI-e201b86fbb-r5,SS-ced84ca7a4eb,17,4,lex_phase_4,OPTIMAL,FEASIBLE_POINT,188141.02878994367,188141.02878994367,0,798,798,1230,3407,24,0,24,120,24,1,0,0,NaN,0,NaN,4.831690603168681e-13,0.9999999999708962,
5,18,DETERMINISTIC_RH,LEXMMFSA,shared_battery_mode_node_level_v1,SI-Drahi_13-d2-HET-UHI-BLO-15dd2f4a2b,TK-PB-Drahi_13-d2-HET-UHI-e201b86fbb-r5,SS-ced84ca7a4eb,17,5,lex_phase_5,OPTIMAL,FEASIBLE_POINT,235184.79761242974,235184.79761242974,0,798,798,1231,3413,24,0,24,120,24,1,0,0,NaN,0,NaN,4.831690603168681e-13,0.9999999999708962,
5,18,DETERMINISTIC_RH,LEXMMFSA,shared_battery_mode_node_level_v1,SI-Drahi_13-d2-HET-UHI-BLO-15dd2f4a2b,TK-PB-Drahi_13-d2-HET-UHI-e201b86fbb-r5,SS-ced84ca7a4eb,17,6,economic_tie_break,OPTIMAL,FEASIBLE_POINT,784866.0387527811,784866.0387527811,0,798,798,1232,3419,24,0,24,120,24,1,0,0,NaN,0,NaN,4.831690603168681e-13,0.9999999999708962,
5,19,DETERMINISTIC_RH,LEXMMFSA,shared_battery_mode_node_level_v1,SI-Drahi_13-d2-HET-UHI-BLO-15dd2f4a2b,TK-PB-Drahi_13-d2-HET-UHI-e201b86fbb-r5,SS-ced84ca7a4eb,17,1,lex_phase_1,OPTIMAL,FEASIBLE_POINT,47032.75332248586,47032.75332248586,0,798,798,1227,3389,24,0,24,120,24,1,0,0,NaN,0,NaN,1.190538764783178,0.9999999999708962,
5,19,DETERMINISTIC_RH,LEXMMFSA,shared_battery_mode_node_level_v1,SI-Drahi_13-d2-HET-UHI-BLO-15dd2f4a2b,TK-PB-Drahi_13-d2-HET-UHI-e201b86fbb-r5,SS-ced84ca7a4eb,17,2,lex_phase_2,OPTIMAL,FEASIBLE_POINT,94065.50664497167,94065.50664497167,0,798,798,1228,3395,24,0,24,120,24,1,0,0,NaN,0,NaN,1.190538764783178,0.9999999999708962,
5,19,DETERMINISTIC_RH,LEXMMFSA,shared_battery_mode_node_level_v1,SI-Drahi_13-d2-HET-UHI-BLO-15dd2f4a2b,TK-PB-Drahi_13-d2-HET-UHI-e201b86fbb-r5,SS-ced84ca7a4eb,17,3,lex_phase_3,OPTIMAL,FEASIBLE_POINT,141098.2599674575,141098.2599674575,0,798,798,1229,3401,24,0,24,120,24,1,0,0,NaN,0,NaN,1.190538764783178,0.9999999999708962,
5,19,DETERMINISTIC_RH,LEXMMFSA,shared_battery_mode_node_level_v1,SI-Drahi_13-d2-HET-UHI-BLO-15dd2f4a2b,TK-PB-Drahi_13-d2-HET-UHI-e201b86fbb-r5,SS-ced84ca7a4eb,17,4,lex_phase_4,OPTIMAL,FEASIBLE_POINT,188141.02878994367,188141.02878994367,0,798,798,1230,3407,24,0,24,120,24,1,0,0,NaN,0,NaN,1.190538764783178,0.9999999999708962,
5,19,DETERMINISTIC_RH,LEXMMFSA,shared_battery_mode_node_level_v1,SI-Drahi_13-d2-HET-UHI-BLO-15dd2f4a2b,TK-PB-Drahi_13-d2-HET-UHI-e201b86fbb-r5,SS-ced84ca7a4eb,17,5,lex_phase_5,OPTIMAL,FEASIBLE_POINT,235184.79761242974,235184.79761242974,0,798,798,1231,3413,24,0,24,120,24,1,0,0,NaN,0,NaN,1.190538764783178,0.9999999999708962,
5,19,DETERMINISTIC_RH,LEXMMFSA,shared_battery_mode_node_level_v1,SI-Drahi_13-d2-HET-UHI-BLO-15dd2f4a2b,TK-PB-Drahi_13-d2-HET-UHI-e201b86fbb-r5,SS-ced84ca7a4eb,17,6,economic_tie_break,OPTIMAL,FEASIBLE_POINT,784866.0387527811,784866.0387527811,0,798,798,1232,3419,24,0,24,120,24,1,0,0,NaN,0,NaN,1.190538764783178,0.9999999999708962,
5,20,DETERMINISTIC_RH,LEXMMFSA,shared_battery_mode_node_level_v1,SI-Drahi_13-d2-HET-UHI-BLO-15dd2f4a2b,TK-PB-Drahi_13-d2-HET-UHI-e201b86fbb-r5,SS-ced84ca7a4eb,17,1,lex_phase_1,OPTIMAL,FEASIBLE_POINT,47032.75332248586,47032.75332248586,0,798,798,1227,3389,24,0,24,120,24,1,0,0,NaN,0,NaN,3.694822225952521e-13,0.9999999999708962,
5,20,DETERMINISTIC_RH,LEXMMFSA,shared_battery_mode_node_level_v1,SI-Drahi_13-d2-HET-UHI-BLO-15dd2f4a2b,TK-PB-Drahi_13-d2-HET-UHI-e201b86fbb-r5,SS-ced84ca7a4eb,17,2,lex_phase_2,OPTIMAL,FEASIBLE_POINT,94065.50664497167,94065.50664497167,0,798,798,1228,3395,24,0,24,120,24,1,0,0,NaN,0,NaN,3.694822225952521e-13,0.9999999999708962,
5,20,DETERMINISTIC_RH,LEXMMFSA,shared_battery_mode_node_level_v1,SI-Drahi_13-d2-HET-UHI-BLO-15dd2f4a2b,TK-PB-Drahi_13-d2-HET-UHI-e201b86fbb-r5,SS-ced84ca7a4eb,17,3,lex_phase_3,OPTIMAL,FEASIBLE_POINT,141098.2599674575,141098.2599674575,0,798,798,1229,3401,24,0,24,120,24,1,0,0,NaN,0,NaN,3.694822225952521e-13,0.9999999999708962,
5,20,DETERMINISTIC_RH,LEXMMFSA,shared_battery_mode_node_level_v1,SI-Drahi_13-d2-HET-UHI-BLO-15dd2f4a2b,TK-PB-Drahi_13-d2-HET-UHI-e201b86fbb-r5,SS-ced84ca7a4eb,17,4,lex_phase_4,OPTIMAL,FEASIBLE_POINT,188141.02878994367,188141.02878994367,0,798,798,1230,3407,24,0,24,120,24,1,0,0,NaN,0,NaN,3.694822225952521e-13,0.9999999999708962,
5,20,DETERMINISTIC_RH,LEXMMFSA,shared_battery_mode_node_level_v1,SI-Drahi_13-d2-HET-UHI-BLO-15dd2f4a2b,TK-PB-Drahi_13-d2-HET-UHI-e201b86fbb-r5,SS-ced84ca7a4eb,17,5,lex_phase_5,OPTIMAL,FEASIBLE_POINT,235184.79761242974,235184.79761242974,0,798,798,1231,3413,24,0,24,120,24,1,0,0,NaN,0,NaN,3.694822225952521e-13,0.9999999999708962,
5,20,DETERMINISTIC_RH,LEXMMFSA,shared_battery_mode_node_level_v1,SI-Drahi_13-d2-HET-UHI-BLO-15dd2f4a2b,TK-PB-Drahi_13-d2-HET-UHI-e201b86fbb-r5,SS-ced84ca7a4eb,17,6,economic_tie_break,OPTIMAL,FEASIBLE_POINT,784866.0387527811,784866.0387527811,0,798,798,1232,3419,24,0,24,120,24,1,0,0,NaN,0,NaN,3.694822225952521e-13,0.9999999999708962,
5,21,DETERMINISTIC_RH,LEXMMFSA,shared_battery_mode_node_level_v1,SI-Drahi_13-d2-HET-UHI-BLO-15dd2f4a2b,TK-PB-Drahi_13-d2-HET-UHI-e201b86fbb-r5,SS-fec72d83146f,21,1,lex_phase_1,OPTIMAL,FEASIBLE_POINT,43466.051306717505,43466.051306717505,0,798,798,1227,3389,24,0,24,120,24,1,0,0,NaN,0,NaN,0.0,0.9999999999854481,
5,21,DETERMINISTIC_RH,LEXMMFSA,shared_battery_mode_node_level_v1,SI-Drahi_13-d2-HET-UHI-BLO-15dd2f4a2b,TK-PB-Drahi_13-d2-HET-UHI-e201b86fbb-r5,SS-fec72d83146f,21,2,lex_phase_2,OPTIMAL,FEASIBLE_POINT,86932.10261343502,86932.10261343502,0,798,798,1228,3395,24,0,24,120,24,1,0,0,NaN,0,NaN,0.0,0.9999999999854481,
5,21,DETERMINISTIC_RH,LEXMMFSA,shared_battery_mode_node_level_v1,SI-Drahi_13-d2-HET-UHI-BLO-15dd2f4a2b,TK-PB-Drahi_13-d2-HET-UHI-e201b86fbb-r5,SS-fec72d83146f,21,3,lex_phase_3,OPTIMAL,FEASIBLE_POINT,130404.4975868192,130404.4975868192,0,798,798,1229,3401,24,0,24,120,24,1,0,0,NaN,0,NaN,0.0,0.9999999999854481,
5,21,DETERMINISTIC_RH,LEXMMFSA,shared_battery_mode_node_level_v1,SI-Drahi_13-d2-HET-UHI-BLO-15dd2f4a2b,TK-PB-Drahi_13-d2-HET-UHI-e201b86fbb-r5,SS-fec72d83146f,21,4,lex_phase_4,OPTIMAL,FEASIBLE_POINT,173877.89256020339,173877.89256020339,0,798,798,1230,3407,24,0,24,120,24,1,0,0,NaN,0,NaN,0.0,0.9999999999854481,
5,21,DETERMINISTIC_RH,LEXMMFSA,shared_battery_mode_node_level_v1,SI-Drahi_13-d2-HET-UHI-BLO-15dd2f4a2b,TK-PB-Drahi_13-d2-HET-UHI-e201b86fbb-r5,SS-fec72d83146f,21,5,lex_phase_5,OPTIMAL,FEASIBLE_POINT,217351.28753358775,217351.28753358775,0,798,798,1231,3413,24,0,24,120,24,1,0,0,NaN,0,NaN,0.0,0.9999999999854481,
5,21,DETERMINISTIC_RH,LEXMMFSA,shared_battery_mode_node_level_v1,SI-Drahi_13-d2-HET-UHI-BLO-15dd2f4a2b,TK-PB-Drahi_13-d2-HET-UHI-e201b86fbb-r5,SS-fec72d83146f,21,6,economic_tie_break,OPTIMAL,FEASIBLE_POINT,826616.4600033343,826616.4600033343,0,798,798,1232,3419,24,0,24,120,24,1,0,0,NaN,0,NaN,0.0,0.9999999999854481,
5,22,DETERMINISTIC_RH,LEXMMFSA,shared_battery_mode_node_level_v1,SI-Drahi_13-d2-HET-UHI-BLO-15dd2f4a2b,TK-PB-Drahi_13-d2-HET-UHI-e201b86fbb-r5,SS-fec72d83146f,21,1,lex_phase_1,OPTIMAL,FEASIBLE_POINT,43466.051306717505,43466.051306717505,0,798,798,1227,3389,24,0,24,120,24,1,0,0,NaN,0,NaN,5.258016244624741e-13,0.9999999999854481,
5,22,DETERMINISTIC_RH,LEXMMFSA,shared_battery_mode_node_level_v1,SI-Drahi_13-d2-HET-UHI-BLO-15dd2f4a2b,TK-PB-Drahi_13-d2-HET-UHI-e201b86fbb-r5,SS-fec72d83146f,21,2,lex_phase_2,OPTIMAL,FEASIBLE_POINT,86932.10261343502,86932.10261343502,0,798,798,1228,3395,24,0,24,120,24,1,0,0,NaN,0,NaN,5.258016244624741e-13,0.9999999999854481,
5,22,DETERMINISTIC_RH,LEXMMFSA,shared_battery_mode_node_level_v1,SI-Drahi_13-d2-HET-UHI-BLO-15dd2f4a2b,TK-PB-Drahi_13-d2-HET-UHI-e201b86fbb-r5,SS-fec72d83146f,21,3,lex_phase_3,OPTIMAL,FEASIBLE_POINT,130404.4975868192,130404.4975868192,0,798,798,1229,3401,24,0,24,120,24,1,0,0,NaN,0,NaN,5.258016244624741e-13,0.9999999999854481,
5,22,DETERMINISTIC_RH,LEXMMFSA,shared_battery_mode_node_level_v1,SI-Drahi_13-d2-HET-UHI-BLO-15dd2f4a2b,TK-PB-Drahi_13-d2-HET-UHI-e201b86fbb-r5,SS-fec72d83146f,21,4,lex_phase_4,OPTIMAL,FEASIBLE_POINT,173877.89256020339,173877.89256020339,0,798,798,1230,3407,24,0,24,120,24,1,0,0,NaN,0,NaN,5.258016244624741e-13,0.9999999999854481,
5,22,DETERMINISTIC_RH,LEXMMFSA,shared_battery_mode_node_level_v1,SI-Drahi_13-d2-HET-UHI-BLO-15dd2f4a2b,TK-PB-Drahi_13-d2-HET-UHI-e201b86fbb-r5,SS-fec72d83146f,21,5,lex_phase_5,OPTIMAL,FEASIBLE_POINT,217351.28753358775,217351.28753358775,0,798,798,1231,3413,24,0,24,120,24,1,0,0,NaN,0,NaN,5.258016244624741e-13,0.9999999999854481,
5,22,DETERMINISTIC_RH,LEXMMFSA,shared_battery_mode_node_level_v1,SI-Drahi_13-d2-HET-UHI-BLO-15dd2f4a2b,TK-PB-Drahi_13-d2-HET-UHI-e201b86fbb-r5,SS-fec72d83146f,21,6,economic_tie_break,OPTIMAL,FEASIBLE_POINT,826616.4600033343,826616.4600033343,0,798,798,1232,3419,24,0,24,120,24,1,0,0,NaN,0,NaN,5.258016244624741e-13,0.9999999999854481,
5,23,DETERMINISTIC_RH,LEXMMFSA,shared_battery_mode_node_level_v1,SI-Drahi_13-d2-HET-UHI-BLO-15dd2f4a2b,TK-PB-Drahi_13-d2-HET-UHI-e201b86fbb-r5,SS-fec72d83146f,21,1,lex_phase_1,OPTIMAL,FEASIBLE_POINT,43466.051306717505,43466.051306717505,0,798,798,1227,3389,24,0,24,120,24,1,0,0,NaN,0,NaN,3.410605131648481e-13,0.9999999999854481,
5,23,DETERMINISTIC_RH,LEXMMFSA,shared_battery_mode_node_level_v1,SI-Drahi_13-d2-HET-UHI-BLO-15dd2f4a2b,TK-PB-Drahi_13-d2-HET-UHI-e201b86fbb-r5,SS-fec72d83146f,21,2,lex_phase_2,OPTIMAL,FEASIBLE_POINT,86932.10261343502,86932.10261343502,0,798,798,1228,3395,24,0,24,120,24,1,0,0,NaN,0,NaN,3.410605131648481e-13,0.9999999999854481,
5,23,DETERMINISTIC_RH,LEXMMFSA,shared_battery_mode_node_level_v1,SI-Drahi_13-d2-HET-UHI-BLO-15dd2f4a2b,TK-PB-Drahi_13-d2-HET-UHI-e201b86fbb-r5,SS-fec72d83146f,21,3,lex_phase_3,OPTIMAL,FEASIBLE_POINT,130404.4975868192,130404.4975868192,0,798,798,1229,3401,24,0,24,120,24,1,0,0,NaN,0,NaN,3.410605131648481e-13,0.9999999999854481,
5,23,DETERMINISTIC_RH,LEXMMFSA,shared_battery_mode_node_level_v1,SI-Drahi_13-d2-HET-UHI-BLO-15dd2f4a2b,TK-PB-Drahi_13-d2-HET-UHI-e201b86fbb-r5,SS-fec72d83146f,21,4,lex_phase_4,OPTIMAL,FEASIBLE_POINT,173877.89256020339,173877.89256020339,0,798,798,1230,3407,24,0,24,120,24,1,0,0,NaN,0,NaN,3.410605131648481e-13,0.9999999999854481,
5,23,DETERMINISTIC_RH,LEXMMFSA,shared_battery_mode_node_level_v1,SI-Drahi_13-d2-HET-UHI-BLO-15dd2f4a2b,TK-PB-Drahi_13-d2-HET-UHI-e201b86fbb-r5,SS-fec72d83146f,21,5,lex_phase_5,OPTIMAL,FEASIBLE_POINT,217351.28753358775,217351.28753358775,0,798,798,1231,3413,24,0,24,120,24,1,0,0,NaN,0,NaN,3.410605131648481e-13,0.9999999999854481,
5,23,DETERMINISTIC_RH,LEXMMFSA,shared_battery_mode_node_level_v1,SI-Drahi_13-d2-HET-UHI-BLO-15dd2f4a2b,TK-PB-Drahi_13-d2-HET-UHI-e201b86fbb-r5,SS-fec72d83146f,21,6,economic_tie_break,OPTIMAL,FEASIBLE_POINT,826616.4600033343,826616.4600033343,0,798,798,1232,3419,24,0,24,120,24,1,0,0,NaN,0,NaN,3.410605131648481e-13,0.9999999999854481,
5,24,DETERMINISTIC_RH,LEXMMFSA,shared_battery_mode_node_level_v1,SI-Drahi_13-d2-HET-UHI-BLO-15dd2f4a2b,TK-PB-Drahi_13-d2-HET-UHI-e201b86fbb-r5,SS-fec72d83146f,21,1,lex_phase_1,OPTIMAL,FEASIBLE_POINT,43466.051306717505,43466.051306717505,0,798,798,1227,3389,24,0,24,120,24,1,0,0,NaN,0,NaN,8.526512829121202e-14,0.9999999999854481,
5,24,DETERMINISTIC_RH,LEXMMFSA,shared_battery_mode_node_level_v1,SI-Drahi_13-d2-HET-UHI-BLO-15dd2f4a2b,TK-PB-Drahi_13-d2-HET-UHI-e201b86fbb-r5,SS-fec72d83146f,21,2,lex_phase_2,OPTIMAL,FEASIBLE_POINT,86932.10261343502,86932.10261343502,0,798,798,1228,3395,24,0,24,120,24,1,0,0,NaN,0,NaN,8.526512829121202e-14,0.9999999999854481,
5,24,DETERMINISTIC_RH,LEXMMFSA,shared_battery_mode_node_level_v1,SI-Drahi_13-d2-HET-UHI-BLO-15dd2f4a2b,TK-PB-Drahi_13-d2-HET-UHI-e201b86fbb-r5,SS-fec72d83146f,21,3,lex_phase_3,OPTIMAL,FEASIBLE_POINT,130404.4975868192,130404.4975868192,0,798,798,1229,3401,24,0,24,120,24,1,0,0,NaN,0,NaN,8.526512829121202e-14,0.9999999999854481,
5,24,DETERMINISTIC_RH,LEXMMFSA,shared_battery_mode_node_level_v1,SI-Drahi_13-d2-HET-UHI-BLO-15dd2f4a2b,TK-PB-Drahi_13-d2-HET-UHI-e201b86fbb-r5,SS-fec72d83146f,21,4,lex_phase_4,OPTIMAL,FEASIBLE_POINT,173877.89256020339,173877.89256020339,0,798,798,1230,3407,24,0,24,120,24,1,0,0,NaN,0,NaN,8.526512829121202e-14,0.9999999999854481,
5,24,DETERMINISTIC_RH,LEXMMFSA,shared_battery_mode_node_level_v1,SI-Drahi_13-d2-HET-UHI-BLO-15dd2f4a2b,TK-PB-Drahi_13-d2-HET-UHI-e201b86fbb-r5,SS-fec72d83146f,21,5,lex_phase_5,OPTIMAL,FEASIBLE_POINT,217351.28753358775,217351.28753358775,0,798,798,1231,3413,24,0,24,120,24,1,0,0,NaN,0,NaN,8.526512829121202e-14,0.9999999999854481,
5,24,DETERMINISTIC_RH,LEXMMFSA,shared_battery_mode_node_level_v1,SI-Drahi_13-d2-HET-UHI-BLO-15dd2f4a2b,TK-PB-Drahi_13-d2-HET-UHI-e201b86fbb-r5,SS-fec72d83146f,21,6,economic_tie_break,OPTIMAL,FEASIBLE_POINT,826616.4600033343,826616.4600033343,0,798,798,1232,3419,24,0,24,120,24,1,0,0,NaN,0,NaN,8.526512829121202e-14,0.9999999999854481,
5,1,DETERMINISTIC_RH,NONE,shared_battery_mode_node_level_v1,SI-Drahi_13-d2-HET-UHI-BLO-15dd2f4a2b,TK-PB-Drahi_13-d2-HET-UHI-e201b86fbb-r5,SS-b6fde45dba3b,1,0,single_solve,OPTIMAL,FEASIBLE_POINT,457282.7398346461,457282.7398346461,0,768,768,1177,1539,24,0,24,120,24,1,0,0,NaN,0,NaN,0.0,0.0,
5,2,DETERMINISTIC_RH,NONE,shared_battery_mode_node_level_v1,SI-Drahi_13-d2-HET-UHI-BLO-15dd2f4a2b,TK-PB-Drahi_13-d2-HET-UHI-e201b86fbb-r5,SS-b6fde45dba3b,1,0,single_solve,OPTIMAL,FEASIBLE_POINT,457282.7398346461,457282.7398346461,0,768,768,1177,1539,24,0,24,120,24,1,0,0,NaN,0,NaN,4.689582056016661e-13,0.0,
5,3,DETERMINISTIC_RH,NONE,shared_battery_mode_node_level_v1,SI-Drahi_13-d2-HET-UHI-BLO-15dd2f4a2b,TK-PB-Drahi_13-d2-HET-UHI-e201b86fbb-r5,SS-b6fde45dba3b,1,0,single_solve,OPTIMAL,FEASIBLE_POINT,457282.7398346461,457282.7398346461,0,768,768,1177,1539,24,0,24,120,24,1,0,0,NaN,0,NaN,2.984279490192421e-13,0.0,
5,4,DETERMINISTIC_RH,NONE,shared_battery_mode_node_level_v1,SI-Drahi_13-d2-HET-UHI-BLO-15dd2f4a2b,TK-PB-Drahi_13-d2-HET-UHI-e201b86fbb-r5,SS-b6fde45dba3b,1,0,single_solve,OPTIMAL,FEASIBLE_POINT,457282.7398346461,457282.7398346461,0,768,768,1177,1539,24,0,24,120,24,1,0,0,NaN,0,NaN,0.09750000000000003,0.0,
5,5,DETERMINISTIC_RH,NONE,shared_battery_mode_node_level_v1,SI-Drahi_13-d2-HET-UHI-BLO-15dd2f4a2b,TK-PB-Drahi_13-d2-HET-UHI-e201b86fbb-r5,SS-59c6d7df9164,5,0,single_solve,OPTIMAL,FEASIBLE_POINT,602486.2125117464,602486.2125117464,0,768,768,1177,1539,24,0,24,120,24,1,0,0,NaN,0,NaN,0.0,0.0,
5,6,DETERMINISTIC_RH,NONE,shared_battery_mode_node_level_v1,SI-Drahi_13-d2-HET-UHI-BLO-15dd2f4a2b,TK-PB-Drahi_13-d2-HET-UHI-e201b86fbb-r5,SS-59c6d7df9164,5,0,single_solve,OPTIMAL,FEASIBLE_POINT,602486.2125117464,602486.2125117464,0,768,768,1177,1539,24,0,24,120,24,1,0,0,NaN,0,NaN,4.831690603168681e-13,0.0,
5,7,DETERMINISTIC_RH,NONE,shared_battery_mode_node_level_v1,SI-Drahi_13-d2-HET-UHI-BLO-15dd2f4a2b,TK-PB-Drahi_13-d2-HET-UHI-e201b86fbb-r5,SS-59c6d7df9164,5,0,single_solve,OPTIMAL,FEASIBLE_POINT,602486.2125117464,602486.2125117464,0,768,768,1177,1539,24,0,24,120,24,1,0,0,NaN,0,NaN,1.9895196601282805e-13,0.0,
5,8,DETERMINISTIC_RH,NONE,shared_battery_mode_node_level_v1,SI-Drahi_13-d2-HET-UHI-BLO-15dd2f4a2b,TK-PB-Drahi_13-d2-HET-UHI-e201b86fbb-r5,SS-59c6d7df9164,5,0,single_solve,OPTIMAL,FEASIBLE_POINT,602486.2125117464,602486.2125117464,0,768,768,1177,1539,24,0,24,120,24,1,0,0,NaN,0,NaN,3.836930773104541e-13,0.0,
5,9,DETERMINISTIC_RH,NONE,shared_battery_mode_node_level_v1,SI-Drahi_13-d2-HET-UHI-BLO-15dd2f4a2b,TK-PB-Drahi_13-d2-HET-UHI-e201b86fbb-r5,SS-baeb7d556d60,9,0,single_solve,OPTIMAL,FEASIBLE_POINT,427486.7477749912,427486.7477749912,0,768,768,1177,1539,24,0,24,120,24,1,0,0,NaN,0,NaN,0.0,0.0,
5,10,DETERMINISTIC_RH,NONE,shared_battery_mode_node_level_v1,SI-Drahi_13-d2-HET-UHI-BLO-15dd2f4a2b,TK-PB-Drahi_13-d2-HET-UHI-e201b86fbb-r5,SS-baeb7d556d60,9,0,single_solve,OPTIMAL,FEASIBLE_POINT,427486.7477749912,427486.7477749912,0,768,768,1177,1539,24,0,24,120,24,1,0,0,NaN,0,NaN,1.0231815394945443e-12,0.0,
5,11,DETERMINISTIC_RH,NONE,shared_battery_mode_node_level_v1,SI-Drahi_13-d2-HET-UHI-BLO-15dd2f4a2b,TK-PB-Drahi_13-d2-HET-UHI-e201b86fbb-r5,SS-baeb7d556d60,9,0,single_solve,OPTIMAL,FEASIBLE_POINT,427486.7477749912,427486.7477749912,0,768,768,1177,1539,24,0,24,120,24,1,0,0,NaN,0,NaN,6.536993168992922e-13,0.0,
5,12,DETERMINISTIC_RH,NONE,shared_battery_mode_node_level_v1,SI-Drahi_13-d2-HET-UHI-BLO-15dd2f4a2b,TK-PB-Drahi_13-d2-HET-UHI-e201b86fbb-r5,SS-baeb7d556d60,9,0,single_solve,OPTIMAL,FEASIBLE_POINT,427486.7477749912,427486.7477749912,0,768,768,1177,1539,24,0,24,120,24,1,0,0,NaN,0,NaN,8.526512829121202e-13,0.0,
5,13,DETERMINISTIC_RH,NONE,shared_battery_mode_node_level_v1,SI-Drahi_13-d2-HET-UHI-BLO-15dd2f4a2b,TK-PB-Drahi_13-d2-HET-UHI-e201b86fbb-r5,SS-784512b1c103,13,0,single_solve,OPTIMAL,FEASIBLE_POINT,470375.1269580936,470375.1269580936,0,768,768,1177,1539,24,0,24,120,24,1,0,0,NaN,0,NaN,0.0,0.0,
5,14,DETERMINISTIC_RH,NONE,shared_battery_mode_node_level_v1,SI-Drahi_13-d2-HET-UHI-BLO-15dd2f4a2b,TK-PB-Drahi_13-d2-HET-UHI-e201b86fbb-r5,SS-784512b1c103,13,0,single_solve,OPTIMAL,FEASIBLE_POINT,470375.1269580936,470375.1269580936,0,768,768,1177,1539,24,0,24,120,24,1,0,0,NaN,0,NaN,4.547473508864641e-13,0.0,
5,15,DETERMINISTIC_RH,NONE,shared_battery_mode_node_level_v1,SI-Drahi_13-d2-HET-UHI-BLO-15dd2f4a2b,TK-PB-Drahi_13-d2-HET-UHI-e201b86fbb-r5,SS-784512b1c103,13,0,single_solve,OPTIMAL,FEASIBLE_POINT,470375.1269580936,470375.1269580936,0,768,768,1177,1539,24,0,24,120,24,1,0,0,NaN,0,NaN,9.663381206337363e-13,0.0,
5,16,DETERMINISTIC_RH,NONE,shared_battery_mode_node_level_v1,SI-Drahi_13-d2-HET-UHI-BLO-15dd2f4a2b,TK-PB-Drahi_13-d2-HET-UHI-e201b86fbb-r5,SS-784512b1c103,13,0,single_solve,OPTIMAL,FEASIBLE_POINT,470375.1269580936,470375.1269580936,0,768,768,1177,1539,24,0,24,120,24,1,0,0,NaN,0,NaN,3.126388037344441e-13,0.0,
5,17,DETERMINISTIC_RH,NONE,shared_battery_mode_node_level_v1,SI-Drahi_13-d2-HET-UHI-BLO-15dd2f4a2b,TK-PB-Drahi_13-d2-HET-UHI-e201b86fbb-r5,SS-ced84ca7a4eb,17,0,single_solve,OPTIMAL,FEASIBLE_POINT,484498.8618953443,484498.8618953443,0,768,768,1177,1539,24,0,24,120,24,1,0,0,NaN,0,NaN,0.0,0.0,
5,18,DETERMINISTIC_RH,NONE,shared_battery_mode_node_level_v1,SI-Drahi_13-d2-HET-UHI-BLO-15dd2f4a2b,TK-PB-Drahi_13-d2-HET-UHI-e201b86fbb-r5,SS-ced84ca7a4eb,17,0,single_solve,OPTIMAL,FEASIBLE_POINT,484498.8618953443,484498.8618953443,0,768,768,1177,1539,24,0,24,120,24,1,0,0,NaN,0,NaN,4.831690603168681e-13,0.0,
5,19,DETERMINISTIC_RH,NONE,shared_battery_mode_node_level_v1,SI-Drahi_13-d2-HET-UHI-BLO-15dd2f4a2b,TK-PB-Drahi_13-d2-HET-UHI-e201b86fbb-r5,SS-ced84ca7a4eb,17,0,single_solve,OPTIMAL,FEASIBLE_POINT,484498.8618953443,484498.8618953443,0,768,768,1177,1539,24,0,24,120,24,1,0,0,NaN,0,NaN,4.831690603168681e-13,0.0,
5,20,DETERMINISTIC_RH,NONE,shared_battery_mode_node_level_v1,SI-Drahi_13-d2-HET-UHI-BLO-15dd2f4a2b,TK-PB-Drahi_13-d2-HET-UHI-e201b86fbb-r5,SS-ced84ca7a4eb,17,0,single_solve,OPTIMAL,FEASIBLE_POINT,484498.8618953443,484498.8618953443,0,768,768,1177,1539,24,0,24,120,24,1,0,0,NaN,0,NaN,3.694822225952521e-13,0.0,
5,21,DETERMINISTIC_RH,NONE,shared_battery_mode_node_level_v1,SI-Drahi_13-d2-HET-UHI-BLO-15dd2f4a2b,TK-PB-Drahi_13-d2-HET-UHI-e201b86fbb-r5,SS-fec72d83146f,21,0,single_solve,OPTIMAL,FEASIBLE_POINT,526181.711450838,526181.711450838,0,768,768,1177,1539,24,0,24,120,24,1,0,0,NaN,0,NaN,0.0,0.0,
5,22,DETERMINISTIC_RH,NONE,shared_battery_mode_node_level_v1,SI-Drahi_13-d2-HET-UHI-BLO-15dd2f4a2b,TK-PB-Drahi_13-d2-HET-UHI-e201b86fbb-r5,SS-fec72d83146f,21,0,single_solve,OPTIMAL,FEASIBLE_POINT,526181.711450838,526181.711450838,0,768,768,1177,1539,24,0,24,120,24,1,0,0,NaN,0,NaN,5.258016244624741e-13,0.0,
5,23,DETERMINISTIC_RH,NONE,shared_battery_mode_node_level_v1,SI-Drahi_13-d2-HET-UHI-BLO-15dd2f4a2b,TK-PB-Drahi_13-d2-HET-UHI-e201b86fbb-r5,SS-fec72d83146f,21,0,single_solve,OPTIMAL,FEASIBLE_POINT,526181.711450838,526181.711450838,0,768,768,1177,1539,24,0,24,120,24,1,0,0,NaN,0,NaN,3.268496584496461e-13,0.0,
5,24,DETERMINISTIC_RH,NONE,shared_battery_mode_node_level_v1,SI-Drahi_13-d2-HET-UHI-BLO-15dd2f4a2b,TK-PB-Drahi_13-d2-HET-UHI-e201b86fbb-r5,SS-fec72d83146f,21,0,single_solve,OPTIMAL,FEASIBLE_POINT,526181.711450838,526181.711450838,0,768,768,1177,1539,24,0,24,120,24,1,0,0,NaN,0,NaN,8.526512829121202e-14,0.0,
5,1,DETERMINISTIC_RH,PEA,shared_battery_mode_node_level_v1,SI-Drahi_13-d2-HET-UHI-BLO-15dd2f4a2b,TK-PB-Drahi_13-d2-HET-UHI-e201b86fbb-r5,SS-b6fde45dba3b,1,0,single_solve,OPTIMAL,FEASIBLE_POINT,588746.9372960876,588746.9372960876,0,768,768,1182,1659,24,0,24,120,24,1,0,0,NaN,0,NaN,0.0,1.1368683772161603e-13,
5,2,DETERMINISTIC_RH,PEA,shared_battery_mode_node_level_v1,SI-Drahi_13-d2-HET-UHI-BLO-15dd2f4a2b,TK-PB-Drahi_13-d2-HET-UHI-e201b86fbb-r5,SS-b6fde45dba3b,1,0,single_solve,OPTIMAL,FEASIBLE_POINT,588746.9372960876,588746.9372960876,0,768,768,1182,1659,24,0,24,120,24,1,0,0,NaN,0,NaN,4.689582056016661e-13,1.1368683772161603e-13,
5,3,DETERMINISTIC_RH,PEA,shared_battery_mode_node_level_v1,SI-Drahi_13-d2-HET-UHI-BLO-15dd2f4a2b,TK-PB-Drahi_13-d2-HET-UHI-e201b86fbb-r5,SS-b6fde45dba3b,1,0,single_solve,OPTIMAL,FEASIBLE_POINT,588746.9372960876,588746.9372960876,0,768,768,1182,1659,24,0,24,120,24,1,0,0,NaN,0,NaN,2.984279490192421e-13,1.1368683772161603e-13,
5,4,DETERMINISTIC_RH,PEA,shared_battery_mode_node_level_v1,SI-Drahi_13-d2-HET-UHI-BLO-15dd2f4a2b,TK-PB-Drahi_13-d2-HET-UHI-e201b86fbb-r5,SS-b6fde45dba3b,1,0,single_solve,OPTIMAL,FEASIBLE_POINT,588746.9372960876,588746.9372960876,0,768,768,1182,1659,24,0,24,120,24,1,0,0,NaN,0,NaN,0.09750000000000003,1.1368683772161603e-13,
5,5,DETERMINISTIC_RH,PEA,shared_battery_mode_node_level_v1,SI-Drahi_13-d2-HET-UHI-BLO-15dd2f4a2b,TK-PB-Drahi_13-d2-HET-UHI-e201b86fbb-r5,SS-59c6d7df9164,5,0,single_solve,OPTIMAL,FEASIBLE_POINT,661571.7761289331,661571.7761289331,0,768,768,1182,1659,24,0,24,120,24,1,0,0,NaN,0,NaN,0.0,2.842170943040401e-14,
5,6,DETERMINISTIC_RH,PEA,shared_battery_mode_node_level_v1,SI-Drahi_13-d2-HET-UHI-BLO-15dd2f4a2b,TK-PB-Drahi_13-d2-HET-UHI-e201b86fbb-r5,SS-59c6d7df9164,5,0,single_solve,OPTIMAL,FEASIBLE_POINT,661571.7761289331,661571.7761289331,0,768,768,1182,1659,24,0,24,120,24,1,0,0,NaN,0,NaN,0.09750000000000014,2.842170943040401e-14,
5,7,DETERMINISTIC_RH,PEA,shared_battery_mode_node_level_v1,SI-Drahi_13-d2-HET-UHI-BLO-15dd2f4a2b,TK-PB-Drahi_13-d2-HET-UHI-e201b86fbb-r5,SS-59c6d7df9164,5,0,single_solve,OPTIMAL,FEASIBLE_POINT,661571.7761289331,661571.7761289331,0,768,768,1182,1659,24,0,24,120,24,1,0,0,NaN,0,NaN,1.9895196601282805e-13,2.842170943040401e-14,
5,8,DETERMINISTIC_RH,PEA,shared_battery_mode_node_level_v1,SI-Drahi_13-d2-HET-UHI-BLO-15dd2f4a2b,TK-PB-Drahi_13-d2-HET-UHI-e201b86fbb-r5,SS-59c6d7df9164,5,0,single_solve,OPTIMAL,FEASIBLE_POINT,661571.7761289331,661571.7761289331,0,768,768,1182,1659,24,0,24,120,24,1,0,0,NaN,0,NaN,3.836930773104541e-13,2.842170943040401e-14,
5,9,DETERMINISTIC_RH,PEA,shared_battery_mode_node_level_v1,SI-Drahi_13-d2-HET-UHI-BLO-15dd2f4a2b,TK-PB-Drahi_13-d2-HET-UHI-e201b86fbb-r5,SS-baeb7d556d60,9,0,single_solve,OPTIMAL,FEASIBLE_POINT,615151.87100163,615151.87100163,0,768,768,1182,1659,24,0,24,120,24,1,0,0,NaN,0,NaN,2.7306176084105314,1.1368683772161603e-13,
5,10,DETERMINISTIC_RH,PEA,shared_battery_mode_node_level_v1,SI-Drahi_13-d2-HET-UHI-BLO-15dd2f4a2b,TK-PB-Drahi_13-d2-HET-UHI-e201b86fbb-r5,SS-baeb7d556d60,9,0,single_solve,OPTIMAL,FEASIBLE_POINT,615151.87100163,615151.87100163,0,768,768,1182,1659,24,0,24,120,24,1,0,0,NaN,0,NaN,3.9999999999993605,1.1368683772161603e-13,
5,11,DETERMINISTIC_RH,PEA,shared_battery_mode_node_level_v1,SI-Drahi_13-d2-HET-UHI-BLO-15dd2f4a2b,TK-PB-Drahi_13-d2-HET-UHI-e201b86fbb-r5,SS-baeb7d556d60,9,0,single_solve,OPTIMAL,FEASIBLE_POINT,615151.87100163,615151.87100163,0,768,768,1182,1659,24,0,24,120,24,1,0,0,NaN,0,NaN,6.536993168992922e-13,1.1368683772161603e-13,
5,12,DETERMINISTIC_RH,PEA,shared_battery_mode_node_level_v1,SI-Drahi_13-d2-HET-UHI-BLO-15dd2f4a2b,TK-PB-Drahi_13-d2-HET-UHI-e201b86fbb-r5,SS-baeb7d556d60,9,0,single_solve,OPTIMAL,FEASIBLE_POINT,615151.87100163,615151.87100163,0,768,768,1182,1659,24,0,24,120,24,1,0,0,NaN,0,NaN,7.958078640513122e-13,1.1368683772161603e-13,
5,13,DETERMINISTIC_RH,PEA,shared_battery_mode_node_level_v1,SI-Drahi_13-d2-HET-UHI-BLO-15dd2f4a2b,TK-PB-Drahi_13-d2-HET-UHI-e201b86fbb-r5,SS-784512b1c103,13,0,single_solve,OPTIMAL,FEASIBLE_POINT,583394.7923109251,583394.7923109251,0,768,768,1182,1659,24,0,24,120,24,1,0,0,NaN,0,NaN,0.0,1.1368683772161603e-13,
5,14,DETERMINISTIC_RH,PEA,shared_battery_mode_node_level_v1,SI-Drahi_13-d2-HET-UHI-BLO-15dd2f4a2b,TK-PB-Drahi_13-d2-HET-UHI-e201b86fbb-r5,SS-784512b1c103,13,0,single_solve,OPTIMAL,FEASIBLE_POINT,583394.7923109251,583394.7923109251,0,768,768,1182,1659,24,0,24,120,24,1,0,0,NaN,0,NaN,3.999999999999801,1.1368683772161603e-13,
5,15,DETERMINISTIC_RH,PEA,shared_battery_mode_node_level_v1,SI-Drahi_13-d2-HET-UHI-BLO-15dd2f4a2b,TK-PB-Drahi_13-d2-HET-UHI-e201b86fbb-r5,SS-784512b1c103,13,0,single_solve,OPTIMAL,FEASIBLE_POINT,583394.7923109251,583394.7923109251,0,768,768,1182,1659,24,0,24,120,24,1,0,0,NaN,0,NaN,3.999999999999787,1.1368683772161603e-13,
5,16,DETERMINISTIC_RH,PEA,shared_battery_mode_node_level_v1,SI-Drahi_13-d2-HET-UHI-BLO-15dd2f4a2b,TK-PB-Drahi_13-d2-HET-UHI-e201b86fbb-r5,SS-784512b1c103,13,0,single_solve,OPTIMAL,FEASIBLE_POINT,583394.7923109251,583394.7923109251,0,768,768,1182,1659,24,0,24,120,24,1,0,0,NaN,0,NaN,3.126388037344441e-13,1.1368683772161603e-13,
5,17,DETERMINISTIC_RH,PEA,shared_battery_mode_node_level_v1,SI-Drahi_13-d2-HET-UHI-BLO-15dd2f4a2b,TK-PB-Drahi_13-d2-HET-UHI-e201b86fbb-r5,SS-ced84ca7a4eb,17,0,single_solve,OPTIMAL,FEASIBLE_POINT,540188.501642766,540188.501642766,0,768,768,1182,1659,24,0,24,120,24,1,0,0,NaN,0,NaN,2.842170943040401e-14,0.0,
5,18,DETERMINISTIC_RH,PEA,shared_battery_mode_node_level_v1,SI-Drahi_13-d2-HET-UHI-BLO-15dd2f4a2b,TK-PB-Drahi_13-d2-HET-UHI-e201b86fbb-r5,SS-ced84ca7a4eb,17,0,single_solve,OPTIMAL,FEASIBLE_POINT,540188.501642766,540188.501642766,0,768,768,1182,1659,24,0,24,120,24,1,0,0,NaN,0,NaN,4.831690603168681e-13,0.0,
5,19,DETERMINISTIC_RH,PEA,shared_battery_mode_node_level_v1,SI-Drahi_13-d2-HET-UHI-BLO-15dd2f4a2b,TK-PB-Drahi_13-d2-HET-UHI-e201b86fbb-r5,SS-ced84ca7a4eb,17,0,single_solve,OPTIMAL,FEASIBLE_POINT,540188.501642766,540188.501642766,0,768,768,1182,1659,24,0,24,120,24,1,0,0,NaN,0,NaN,4.831690603168681e-13,0.0,
5,20,DETERMINISTIC_RH,PEA,shared_battery_mode_node_level_v1,SI-Drahi_13-d2-HET-UHI-BLO-15dd2f4a2b,TK-PB-Drahi_13-d2-HET-UHI-e201b86fbb-r5,SS-ced84ca7a4eb,17,0,single_solve,OPTIMAL,FEASIBLE_POINT,540188.501642766,540188.501642766,0,768,768,1182,1659,24,0,24,120,24,1,0,0,NaN,0,NaN,3.694822225952521e-13,0.0,
5,21,DETERMINISTIC_RH,PEA,shared_battery_mode_node_level_v1,SI-Drahi_13-d2-HET-UHI-BLO-15dd2f4a2b,TK-PB-Drahi_13-d2-HET-UHI-e201b86fbb-r5,SS-fec72d83146f,21,0,single_solve,OPTIMAL,FEASIBLE_POINT,574522.1684621203,574522.1684621203,0,768,768,1182,1659,24,0,24,120,24,1,0,0,NaN,0,NaN,0.0,0.0,
5,22,DETERMINISTIC_RH,PEA,shared_battery_mode_node_level_v1,SI-Drahi_13-d2-HET-UHI-BLO-15dd2f4a2b,TK-PB-Drahi_13-d2-HET-UHI-e201b86fbb-r5,SS-fec72d83146f,21,0,single_solve,OPTIMAL,FEASIBLE_POINT,574522.1684621203,574522.1684621203,0,768,768,1182,1659,24,0,24,120,24,1,0,0,NaN,0,NaN,5.258016244624741e-13,0.0,
5,23,DETERMINISTIC_RH,PEA,shared_battery_mode_node_level_v1,SI-Drahi_13-d2-HET-UHI-BLO-15dd2f4a2b,TK-PB-Drahi_13-d2-HET-UHI-e201b86fbb-r5,SS-fec72d83146f,21,0,single_solve,OPTIMAL,FEASIBLE_POINT,574522.1684621203,574522.1684621203,0,768,768,1182,1659,24,0,24,120,24,1,0,0,NaN,0,NaN,3.268496584496461e-13,0.0,
5,24,DETERMINISTIC_RH,PEA,shared_battery_mode_node_level_v1,SI-Drahi_13-d2-HET-UHI-BLO-15dd2f4a2b,TK-PB-Drahi_13-d2-HET-UHI-e201b86fbb-r5,SS-fec72d83146f,21,0,single_solve,OPTIMAL,FEASIBLE_POINT,574522.1684621203,574522.1684621203,0,768,768,1182,1659,24,0,24,120,24,1,0,0,NaN,0,NaN,8.526512829121202e-14,0.0,
5,1,DETERMINISTIC_RH,SA,shared_battery_mode_node_level_v1,SI-Drahi_13-d2-HET-UHI-BLO-15dd2f4a2b,TK-PB-Drahi_13-d2-HET-UHI-e201b86fbb-r5,SS-b6fde45dba3b,1,0,single_solve,OPTIMAL,FEASIBLE_POINT,739422.8677598769,739422.8677598769,0,768,768,1182,3339,24,0,24,120,24,1,0,0,NaN,0,NaN,0.0,4.3655745685100555e-11,
5,2,DETERMINISTIC_RH,SA,shared_battery_mode_node_level_v1,SI-Drahi_13-d2-HET-UHI-BLO-15dd2f4a2b,TK-PB-Drahi_13-d2-HET-UHI-e201b86fbb-r5,SS-b6fde45dba3b,1,0,single_solve,OPTIMAL,FEASIBLE_POINT,739422.8677598769,739422.8677598769,0,768,768,1182,3339,24,0,24,120,24,1,0,0,NaN,0,NaN,0.8199737187910641,4.3655745685100555e-11,
5,3,DETERMINISTIC_RH,SA,shared_battery_mode_node_level_v1,SI-Drahi_13-d2-HET-UHI-BLO-15dd2f4a2b,TK-PB-Drahi_13-d2-HET-UHI-e201b86fbb-r5,SS-b6fde45dba3b,1,0,single_solve,OPTIMAL,FEASIBLE_POINT,739422.8677598769,739422.8677598769,0,768,768,1182,3339,24,0,24,120,24,1,0,0,NaN,0,NaN,2.984279490192421e-13,4.3655745685100555e-11,
5,4,DETERMINISTIC_RH,SA,shared_battery_mode_node_level_v1,SI-Drahi_13-d2-HET-UHI-BLO-15dd2f4a2b,TK-PB-Drahi_13-d2-HET-UHI-e201b86fbb-r5,SS-b6fde45dba3b,1,0,single_solve,OPTIMAL,FEASIBLE_POINT,739422.8677598769,739422.8677598769,0,768,768,1182,3339,24,0,24,120,24,1,0,0,NaN,0,NaN,4.121147867408581e-13,4.3655745685100555e-11,
5,5,DETERMINISTIC_RH,SA,shared_battery_mode_node_level_v1,SI-Drahi_13-d2-HET-UHI-BLO-15dd2f4a2b,TK-PB-Drahi_13-d2-HET-UHI-e201b86fbb-r5,SS-59c6d7df9164,5,0,single_solve,OPTIMAL,FEASIBLE_POINT,709416.7238580252,709416.7238580252,0,768,768,1182,3339,24,0,24,120,24,1,0,0,NaN,0,NaN,0.0,2.9103830456733704e-11,
5,6,DETERMINISTIC_RH,SA,shared_battery_mode_node_level_v1,SI-Drahi_13-d2-HET-UHI-BLO-15dd2f4a2b,TK-PB-Drahi_13-d2-HET-UHI-e201b86fbb-r5,SS-59c6d7df9164,5,0,single_solve,OPTIMAL,FEASIBLE_POINT,709416.7238580252,709416.7238580252,0,768,768,1182,3339,24,0,24,120,24,1,0,0,NaN,0,NaN,0.40998685939553425,2.9103830456733704e-11,
5,7,DETERMINISTIC_RH,SA,shared_battery_mode_node_level_v1,SI-Drahi_13-d2-HET-UHI-BLO-15dd2f4a2b,TK-PB-Drahi_13-d2-HET-UHI-e201b86fbb-r5,SS-59c6d7df9164,5,0,single_solve,OPTIMAL,FEASIBLE_POINT,709416.7238580252,709416.7238580252,0,768,768,1182,3339,24,0,24,120,24,1,0,0,NaN,0,NaN,1.9895196601282805e-13,2.9103830456733704e-11,
5,8,DETERMINISTIC_RH,SA,shared_battery_mode_node_level_v1,SI-Drahi_13-d2-HET-UHI-BLO-15dd2f4a2b,TK-PB-Drahi_13-d2-HET-UHI-e201b86fbb-r5,SS-59c6d7df9164,5,0,single_solve,OPTIMAL,FEASIBLE_POINT,709416.7238580252,709416.7238580252,0,768,768,1182,3339,24,0,24,120,24,1,0,0,NaN,0,NaN,0.4099868593955325,2.9103830456733704e-11,
5,9,DETERMINISTIC_RH,SA,shared_battery_mode_node_level_v1,SI-Drahi_13-d2-HET-UHI-BLO-15dd2f4a2b,TK-PB-Drahi_13-d2-HET-UHI-e201b86fbb-r5,SS-baeb7d556d60,9,0,single_solve,OPTIMAL,FEASIBLE_POINT,747083.9552610808,747083.9552610808,0,768,768,1182,3339,24,0,24,120,24,1,0,0,NaN,0,NaN,0.0,1.0913936421275139e-10,
5,10,DETERMINISTIC_RH,SA,shared_battery_mode_node_level_v1,SI-Drahi_13-d2-HET-UHI-BLO-15dd2f4a2b,TK-PB-Drahi_13-d2-HET-UHI-e201b86fbb-r5,SS-baeb7d556d60,9,0,single_solve,OPTIMAL,FEASIBLE_POINT,747083.9552610808,747083.9552610808,0,768,768,1182,3339,24,0,24,120,24,1,0,0,NaN,0,NaN,6.821210263296962e-13,1.0913936421275139e-10,
5,11,DETERMINISTIC_RH,SA,shared_battery_mode_node_level_v1,SI-Drahi_13-d2-HET-UHI-BLO-15dd2f4a2b,TK-PB-Drahi_13-d2-HET-UHI-e201b86fbb-r5,SS-baeb7d556d60,9,0,single_solve,OPTIMAL,FEASIBLE_POINT,747083.9552610808,747083.9552610808,0,768,768,1182,3339,24,0,24,120,24,1,0,0,NaN,0,NaN,6.536993168992922e-13,1.0913936421275139e-10,
5,12,DETERMINISTIC_RH,SA,shared_battery_mode_node_level_v1,SI-Drahi_13-d2-HET-UHI-BLO-15dd2f4a2b,TK-PB-Drahi_13-d2-HET-UHI-e201b86fbb-r5,SS-baeb7d556d60,9,0,single_solve,OPTIMAL,FEASIBLE_POINT,747083.9552610808,747083.9552610808,0,768,768,1182,3339,24,0,24,120,24,1,0,0,NaN,0,NaN,8.526512829121202e-13,1.0913936421275139e-10,
5,13,DETERMINISTIC_RH,SA,shared_battery_mode_node_level_v1,SI-Drahi_13-d2-HET-UHI-BLO-15dd2f4a2b,TK-PB-Drahi_13-d2-HET-UHI-e201b86fbb-r5,SS-784512b1c103,13,0,single_solve,OPTIMAL,FEASIBLE_POINT,724912.0784313557,724912.0784313557,0,768,768,1182,3339,24,0,24,120,24,1,0,0,NaN,0,NaN,0.0,1.1641532182693481e-10,
5,14,DETERMINISTIC_RH,SA,shared_battery_mode_node_level_v1,SI-Drahi_13-d2-HET-UHI-BLO-15dd2f4a2b,TK-PB-Drahi_13-d2-HET-UHI-e201b86fbb-r5,SS-784512b1c103,13,0,single_solve,OPTIMAL,FEASIBLE_POINT,724912.0784313557,724912.0784313557,0,768,768,1182,3339,24,0,24,120,24,1,0,0,NaN,0,NaN,0.20437499999999964,1.1641532182693481e-10,
5,15,DETERMINISTIC_RH,SA,shared_battery_mode_node_level_v1,SI-Drahi_13-d2-HET-UHI-BLO-15dd2f4a2b,TK-PB-Drahi_13-d2-HET-UHI-e201b86fbb-r5,SS-784512b1c103,13,0,single_solve,OPTIMAL,FEASIBLE_POINT,724912.0784313557,724912.0784313557,0,768,768,1182,3339,24,0,24,120,24,1,0,0,NaN,0,NaN,9.663381206337363e-13,1.1641532182693481e-10,
5,16,DETERMINISTIC_RH,SA,shared_battery_mode_node_level_v1,SI-Drahi_13-d2-HET-UHI-BLO-15dd2f4a2b,TK-PB-Drahi_13-d2-HET-UHI-e201b86fbb-r5,SS-784512b1c103,13,0,single_solve,OPTIMAL,FEASIBLE_POINT,724912.0784313557,724912.0784313557,0,768,768,1182,3339,24,0,24,120,24,1,0,0,NaN,0,NaN,3.126388037344441e-13,1.1641532182693481e-10,
5,17,DETERMINISTIC_RH,SA,shared_battery_mode_node_level_v1,SI-Drahi_13-d2-HET-UHI-BLO-15dd2f4a2b,TK-PB-Drahi_13-d2-HET-UHI-e201b86fbb-r5,SS-ced84ca7a4eb,17,0,single_solve,OPTIMAL,FEASIBLE_POINT,735914.3777403715,735914.3777403715,0,768,768,1182,3339,24,0,24,120,24,1,0,0,NaN,0,NaN,2.842170943040401e-14,2.1827872842550278e-11,
5,18,DETERMINISTIC_RH,SA,shared_battery_mode_node_level_v1,SI-Drahi_13-d2-HET-UHI-BLO-15dd2f4a2b,TK-PB-Drahi_13-d2-HET-UHI-e201b86fbb-r5,SS-ced84ca7a4eb,17,0,single_solve,OPTIMAL,FEASIBLE_POINT,735914.3777403715,735914.3777403715,0,768,768,1182,3339,24,0,24,120,24,1,0,0,NaN,0,NaN,4.831690603168681e-13,2.1827872842550278e-11,
5,19,DETERMINISTIC_RH,SA,shared_battery_mode_node_level_v1,SI-Drahi_13-d2-HET-UHI-BLO-15dd2f4a2b,TK-PB-Drahi_13-d2-HET-UHI-e201b86fbb-r5,SS-ced84ca7a4eb,17,0,single_solve,OPTIMAL,FEASIBLE_POINT,735914.3777403715,735914.3777403715,0,768,768,1182,3339,24,0,24,120,24,1,0,0,NaN,0,NaN,2.565045992115639,2.1827872842550278e-11,
5,20,DETERMINISTIC_RH,SA,shared_battery_mode_node_level_v1,SI-Drahi_13-d2-HET-UHI-BLO-15dd2f4a2b,TK-PB-Drahi_13-d2-HET-UHI-e201b86fbb-r5,SS-ced84ca7a4eb,17,0,single_solve,OPTIMAL,FEASIBLE_POINT,735914.3777403715,735914.3777403715,0,768,768,1182,3339,24,0,24,120,24,1,0,0,NaN,0,NaN,3.694822225952521e-13,2.1827872842550278e-11,
5,21,DETERMINISTIC_RH,SA,shared_battery_mode_node_level_v1,SI-Drahi_13-d2-HET-UHI-BLO-15dd2f4a2b,TK-PB-Drahi_13-d2-HET-UHI-e201b86fbb-r5,SS-fec72d83146f,21,0,single_solve,OPTIMAL,FEASIBLE_POINT,759710.4658424106,759710.4658424106,0,768,768,1182,3339,24,0,24,120,24,1,0,0,NaN,0,NaN,3.552713678800501e-15,1.0913936421275139e-10,
5,22,DETERMINISTIC_RH,SA,shared_battery_mode_node_level_v1,SI-Drahi_13-d2-HET-UHI-BLO-15dd2f4a2b,TK-PB-Drahi_13-d2-HET-UHI-e201b86fbb-r5,SS-fec72d83146f,21,0,single_solve,OPTIMAL,FEASIBLE_POINT,759710.4658424106,759710.4658424106,0,768,768,1182,3339,24,0,24,120,24,1,0,0,NaN,0,NaN,5.258016244624741e-13,1.0913936421275139e-10,
5,23,DETERMINISTIC_RH,SA,shared_battery_mode_node_level_v1,SI-Drahi_13-d2-HET-UHI-BLO-15dd2f4a2b,TK-PB-Drahi_13-d2-HET-UHI-e201b86fbb-r5,SS-fec72d83146f,21,0,single_solve,OPTIMAL,FEASIBLE_POINT,759710.4658424106,759710.4658424106,0,768,768,1182,3339,24,0,24,120,24,1,0,0,NaN,0,NaN,3.268496584496461e-13,1.0913936421275139e-10,
5,24,DETERMINISTIC_RH,SA,shared_battery_mode_node_level_v1,SI-Drahi_13-d2-HET-UHI-BLO-15dd2f4a2b,TK-PB-Drahi_13-d2-HET-UHI-e201b86fbb-r5,SS-fec72d83146f,21,0,single_solve,OPTIMAL,FEASIBLE_POINT,759710.4658424106,759710.4658424106,0,768,768,1182,3339,24,0,24,120,24,1,0,0,NaN,0,NaN,8.526512829121202e-14,1.0913936421275139e-10,
5,1,DETERMINISTIC_RH,STATIC_DEMAND_SHARE,shared_battery_mode_node_level_v1,SI-Drahi_13-d2-HET-UHI-BLO-15dd2f4a2b,TK-PB-Drahi_13-d2-HET-UHI-e201b86fbb-r5,SS-b6fde45dba3b,1,0,single_solve,OPTIMAL,FEASIBLE_POINT,457341.51810865174,457341.51810865174,0,768,768,1297,1659,24,0,24,120,24,1,0,0,NaN,0,NaN,0.0,0.0,
5,2,DETERMINISTIC_RH,STATIC_DEMAND_SHARE,shared_battery_mode_node_level_v1,SI-Drahi_13-d2-HET-UHI-BLO-15dd2f4a2b,TK-PB-Drahi_13-d2-HET-UHI-e201b86fbb-r5,SS-b6fde45dba3b,1,0,single_solve,OPTIMAL,FEASIBLE_POINT,457341.51810865174,457341.51810865174,0,768,768,1297,1659,24,0,24,120,24,1,0,0,NaN,0,NaN,4.689582056016661e-13,0.0,
5,3,DETERMINISTIC_RH,STATIC_DEMAND_SHARE,shared_battery_mode_node_level_v1,SI-Drahi_13-d2-HET-UHI-BLO-15dd2f4a2b,TK-PB-Drahi_13-d2-HET-UHI-e201b86fbb-r5,SS-b6fde45dba3b,1,0,single_solve,OPTIMAL,FEASIBLE_POINT,457341.51810865174,457341.51810865174,0,768,768,1297,1659,24,0,24,120,24,1,0,0,NaN,0,NaN,2.984279490192421e-13,0.0,
5,4,DETERMINISTIC_RH,STATIC_DEMAND_SHARE,shared_battery_mode_node_level_v1,SI-Drahi_13-d2-HET-UHI-BLO-15dd2f4a2b,TK-PB-Drahi_13-d2-HET-UHI-e201b86fbb-r5,SS-b6fde45dba3b,1,0,single_solve,OPTIMAL,FEASIBLE_POINT,457341.51810865174,457341.51810865174,0,768,768,1297,1659,24,0,24,120,24,1,0,0,NaN,0,NaN,0.09750000000000003,0.0,
5,5,DETERMINISTIC_RH,STATIC_DEMAND_SHARE,shared_battery_mode_node_level_v1,SI-Drahi_13-d2-HET-UHI-BLO-15dd2f4a2b,TK-PB-Drahi_13-d2-HET-UHI-e201b86fbb-r5,SS-59c6d7df9164,5,0,single_solve,OPTIMAL,FEASIBLE_POINT,602486.2125117463,602486.2125117463,0,768,768,1297,1659,24,0,24,120,24,1,0,0,NaN,0,NaN,4.440892098500626e-16,0.0,
5,6,DETERMINISTIC_RH,STATIC_DEMAND_SHARE,shared_battery_mode_node_level_v1,SI-Drahi_13-d2-HET-UHI-BLO-15dd2f4a2b,TK-PB-Drahi_13-d2-HET-UHI-e201b86fbb-r5,SS-59c6d7df9164,5,0,single_solve,OPTIMAL,FEASIBLE_POINT,602486.2125117463,602486.2125117463,0,768,768,1297,1659,24,0,24,120,24,1,0,0,NaN,0,NaN,4.831690603168681e-13,0.0,
5,7,DETERMINISTIC_RH,STATIC_DEMAND_SHARE,shared_battery_mode_node_level_v1,SI-Drahi_13-d2-HET-UHI-BLO-15dd2f4a2b,TK-PB-Drahi_13-d2-HET-UHI-e201b86fbb-r5,SS-59c6d7df9164,5,0,single_solve,OPTIMAL,FEASIBLE_POINT,602486.2125117463,602486.2125117463,0,768,768,1297,1659,24,0,24,120,24,1,0,0,NaN,0,NaN,1.9895196601282805e-13,0.0,
5,8,DETERMINISTIC_RH,STATIC_DEMAND_SHARE,shared_battery_mode_node_level_v1,SI-Drahi_13-d2-HET-UHI-BLO-15dd2f4a2b,TK-PB-Drahi_13-d2-HET-UHI-e201b86fbb-r5,SS-59c6d7df9164,5,0,single_solve,OPTIMAL,FEASIBLE_POINT,602486.2125117463,602486.2125117463,0,768,768,1297,1659,24,0,24,120,24,1,0,0,NaN,0,NaN,3.694822225952521e-13,0.0,
5,9,DETERMINISTIC_RH,STATIC_DEMAND_SHARE,shared_battery_mode_node_level_v1,SI-Drahi_13-d2-HET-UHI-BLO-15dd2f4a2b,TK-PB-Drahi_13-d2-HET-UHI-e201b86fbb-r5,SS-baeb7d556d60,9,0,single_solve,OPTIMAL,FEASIBLE_POINT,431161.46170879214,431161.46170879214,0,768,768,1297,1659,24,0,24,120,24,1,0,0,NaN,0,NaN,1.4210854715202004e-14,0.0,
5,10,DETERMINISTIC_RH,STATIC_DEMAND_SHARE,shared_battery_mode_node_level_v1,SI-Drahi_13-d2-HET-UHI-BLO-15dd2f4a2b,TK-PB-Drahi_13-d2-HET-UHI-e201b86fbb-r5,SS-baeb7d556d60,9,0,single_solve,OPTIMAL,FEASIBLE_POINT,431161.46170879214,431161.46170879214,0,768,768,1297,1659,24,0,24,120,24,1,0,0,NaN,0,NaN,1.0231815394945443e-12,0.0,
5,11,DETERMINISTIC_RH,STATIC_DEMAND_SHARE,shared_battery_mode_node_level_v1,SI-Drahi_13-d2-HET-UHI-BLO-15dd2f4a2b,TK-PB-Drahi_13-d2-HET-UHI-e201b86fbb-r5,SS-baeb7d556d60,9,0,single_solve,OPTIMAL,FEASIBLE_POINT,431161.46170879214,431161.46170879214,0,768,768,1297,1659,24,0,24,120,24,1,0,0,NaN,0,NaN,6.536993168992922e-13,0.0,
5,12,DETERMINISTIC_RH,STATIC_DEMAND_SHARE,shared_battery_mode_node_level_v1,SI-Drahi_13-d2-HET-UHI-BLO-15dd2f4a2b,TK-PB-Drahi_13-d2-HET-UHI-e201b86fbb-r5,SS-baeb7d556d60,9,0,single_solve,OPTIMAL,FEASIBLE_POINT,431161.46170879214,431161.46170879214,0,768,768,1297,1659,24,0,24,120,24,1,0,0,NaN,0,NaN,1.7972217230200158,0.0,
5,13,DETERMINISTIC_RH,STATIC_DEMAND_SHARE,shared_battery_mode_node_level_v1,SI-Drahi_13-d2-HET-UHI-BLO-15dd2f4a2b,TK-PB-Drahi_13-d2-HET-UHI-e201b86fbb-r5,SS-784512b1c103,13,0,single_solve,OPTIMAL,FEASIBLE_POINT,471885.0718427565,471885.0718427565,0,768,768,1297,1659,24,0,24,120,24,1,0,0,NaN,0,NaN,0.0,0.0,
5,14,DETERMINISTIC_RH,STATIC_DEMAND_SHARE,shared_battery_mode_node_level_v1,SI-Drahi_13-d2-HET-UHI-BLO-15dd2f4a2b,TK-PB-Drahi_13-d2-HET-UHI-e201b86fbb-r5,SS-784512b1c103,13,0,single_solve,OPTIMAL,FEASIBLE_POINT,471885.0718427565,471885.0718427565,0,768,768,1297,1659,24,0,24,120,24,1,0,0,NaN,0,NaN,1.548376174483268,0.0,
5,15,DETERMINISTIC_RH,STATIC_DEMAND_SHARE,shared_battery_mode_node_level_v1,SI-Drahi_13-d2-HET-UHI-BLO-15dd2f4a2b,TK-PB-Drahi_13-d2-HET-UHI-e201b86fbb-r5,SS-784512b1c103,13,0,single_solve,OPTIMAL,FEASIBLE_POINT,471885.0718427565,471885.0718427565,0,768,768,1297,1659,24,0,24,120,24,1,0,0,NaN,0,NaN,3.316884403087272,0.0,
5,16,DETERMINISTIC_RH,STATIC_DEMAND_SHARE,shared_battery_mode_node_level_v1,SI-Drahi_13-d2-HET-UHI-BLO-15dd2f4a2b,TK-PB-Drahi_13-d2-HET-UHI-e201b86fbb-r5,SS-784512b1c103,13,0,single_solve,OPTIMAL,FEASIBLE_POINT,471885.0718427565,471885.0718427565,0,768,768,1297,1659,24,0,24,120,24,1,0,0,NaN,0,NaN,3.268496584496461e-13,0.0,
5,17,DETERMINISTIC_RH,STATIC_DEMAND_SHARE,shared_battery_mode_node_level_v1,SI-Drahi_13-d2-HET-UHI-BLO-15dd2f4a2b,TK-PB-Drahi_13-d2-HET-UHI-e201b86fbb-r5,SS-ced84ca7a4eb,17,0,single_solve,OPTIMAL,FEASIBLE_POINT,484484.0605103027,484484.0605103027,0,768,768,1297,1659,24,0,24,120,24,1,0,0,NaN,0,NaN,0.0,0.0,
5,18,DETERMINISTIC_RH,STATIC_DEMAND_SHARE,shared_battery_mode_node_level_v1,SI-Drahi_13-d2-HET-UHI-BLO-15dd2f4a2b,TK-PB-Drahi_13-d2-HET-UHI-e201b86fbb-r5,SS-ced84ca7a4eb,17,0,single_solve,OPTIMAL,FEASIBLE_POINT,484484.0605103027,484484.0605103027,0,768,768,1297,1659,24,0,24,120,24,1,0,0,NaN,0,NaN,4.831690603168681e-13,0.0,
5,19,DETERMINISTIC_RH,STATIC_DEMAND_SHARE,shared_battery_mode_node_level_v1,SI-Drahi_13-d2-HET-UHI-BLO-15dd2f4a2b,TK-PB-Drahi_13-d2-HET-UHI-e201b86fbb-r5,SS-ced84ca7a4eb,17,0,single_solve,OPTIMAL,FEASIBLE_POINT,484484.0605103027,484484.0605103027,0,768,768,1297,1659,24,0,24,120,24,1,0,0,NaN,0,NaN,4.831690603168681e-13,0.0,
5,20,DETERMINISTIC_RH,STATIC_DEMAND_SHARE,shared_battery_mode_node_level_v1,SI-Drahi_13-d2-HET-UHI-BLO-15dd2f4a2b,TK-PB-Drahi_13-d2-HET-UHI-e201b86fbb-r5,SS-ced84ca7a4eb,17,0,single_solve,OPTIMAL,FEASIBLE_POINT,484484.0605103027,484484.0605103027,0,768,768,1297,1659,24,0,24,120,24,1,0,0,NaN,0,NaN,3.694822225952521e-13,0.0,
5,21,DETERMINISTIC_RH,STATIC_DEMAND_SHARE,shared_battery_mode_node_level_v1,SI-Drahi_13-d2-HET-UHI-BLO-15dd2f4a2b,TK-PB-Drahi_13-d2-HET-UHI-e201b86fbb-r5,SS-fec72d83146f,21,0,single_solve,OPTIMAL,FEASIBLE_POINT,526166.9100657965,526166.9100657965,0,768,768,1297,1659,24,0,24,120,24,1,0,0,NaN,0,NaN,0.0,0.0,
5,22,DETERMINISTIC_RH,STATIC_DEMAND_SHARE,shared_battery_mode_node_level_v1,SI-Drahi_13-d2-HET-UHI-BLO-15dd2f4a2b,TK-PB-Drahi_13-d2-HET-UHI-e201b86fbb-r5,SS-fec72d83146f,21,0,single_solve,OPTIMAL,FEASIBLE_POINT,526166.9100657965,526166.9100657965,0,768,768,1297,1659,24,0,24,120,24,1,0,0,NaN,0,NaN,5.258016244624741e-13,0.0,
5,23,DETERMINISTIC_RH,STATIC_DEMAND_SHARE,shared_battery_mode_node_level_v1,SI-Drahi_13-d2-HET-UHI-BLO-15dd2f4a2b,TK-PB-Drahi_13-d2-HET-UHI-e201b86fbb-r5,SS-fec72d83146f,21,0,single_solve,OPTIMAL,FEASIBLE_POINT,526166.9100657965,526166.9100657965,0,768,768,1297,1659,24,0,24,120,24,1,0,0,NaN,0,NaN,3.268496584496461e-13,0.0,
5,24,DETERMINISTIC_RH,STATIC_DEMAND_SHARE,shared_battery_mode_node_level_v1,SI-Drahi_13-d2-HET-UHI-BLO-15dd2f4a2b,TK-PB-Drahi_13-d2-HET-UHI-e201b86fbb-r5,SS-fec72d83146f,21,0,single_solve,OPTIMAL,FEASIBLE_POINT,526166.9100657965,526166.9100657965,0,768,768,1297,1659,24,0,24,120,24,1,0,0,NaN,0,NaN,8.526512829121202e-14,0.0,
5,1,MULTISTAGE_RH,LEXMMFPEA,shared_battery_mode_node_level_v1,SI-Drahi_13-d2-HET-UHI-BLO-15dd2f4a2b,TK-PB-Drahi_13-d2-HET-UHI-e201b86fbb-r5,SS-b6fde45dba3b,1,1,lex_phase_1,OPTIMAL,FEASIBLE_POINT,487.1968403092926,487.1968403092926,0,76446,76446,117318,210883,2388,0,2388,11940,2388,256,0,0,NaN,0,NaN,0.0,0.9999999999997726,
5,1,MULTISTAGE_RH,LEXMMFPEA,shared_battery_mode_node_level_v1,SI-Drahi_13-d2-HET-UHI-BLO-15dd2f4a2b,TK-PB-Drahi_13-d2-HET-UHI-e201b86fbb-r5,SS-b6fde45dba3b,1,2,lex_phase_2,OPTIMAL,FEASIBLE_POINT,974.3936806185854,974.3936806185854,0,76446,76446,117319,210889,2388,0,2388,11940,2388,256,0,0,NaN,0,NaN,0.0,0.9999999999997726,
5,1,MULTISTAGE_RH,LEXMMFPEA,shared_battery_mode_node_level_v1,SI-Drahi_13-d2-HET-UHI-BLO-15dd2f4a2b,TK-PB-Drahi_13-d2-HET-UHI-e201b86fbb-r5,SS-b6fde45dba3b,1,3,lex_phase_3,OPTIMAL,FEASIBLE_POINT,1461.590520927878,1461.590520927878,0,76446,76446,117320,210895,2388,0,2388,11940,2388,256,0,0,NaN,0,NaN,0.0,0.9999999999997726,
5,1,MULTISTAGE_RH,LEXMMFPEA,shared_battery_mode_node_level_v1,SI-Drahi_13-d2-HET-UHI-BLO-15dd2f4a2b,TK-PB-Drahi_13-d2-HET-UHI-e201b86fbb-r5,SS-b6fde45dba3b,1,4,lex_phase_4,OPTIMAL,FEASIBLE_POINT,1948.787361237171,1948.787361237171,0,76446,76446,117321,210901,2388,0,2388,11940,2388,256,0,0,NaN,0,NaN,0.0,0.9999999999997726,
5,1,MULTISTAGE_RH,LEXMMFPEA,shared_battery_mode_node_level_v1,SI-Drahi_13-d2-HET-UHI-BLO-15dd2f4a2b,TK-PB-Drahi_13-d2-HET-UHI-e201b86fbb-r5,SS-b6fde45dba3b,1,5,lex_phase_5,OPTIMAL,FEASIBLE_POINT,2435.9842015464637,2435.9842015464637,0,76446,76446,117322,210907,2388,0,2388,11940,2388,256,0,0,NaN,0,NaN,0.0,0.9999999999997726,
5,1,MULTISTAGE_RH,LEXMMFPEA,shared_battery_mode_node_level_v1,SI-Drahi_13-d2-HET-UHI-BLO-15dd2f4a2b,TK-PB-Drahi_13-d2-HET-UHI-e201b86fbb-r5,SS-b6fde45dba3b,1,6,economic_tie_break,OPTIMAL,FEASIBLE_POINT,624209.212850527,624209.212850527,0,76446,76446,117323,210913,2388,0,2388,11940,2388,256,0,0,NaN,0,NaN,0.0,0.9999999999997726,
5,2,MULTISTAGE_RH,LEXMMFPEA,shared_battery_mode_node_level_v1,SI-Drahi_13-d2-HET-UHI-BLO-15dd2f4a2b,TK-PB-Drahi_13-d2-HET-UHI-e201b86fbb-r5,SS-b6fde45dba3b,1,1,lex_phase_1,OPTIMAL,FEASIBLE_POINT,487.1968403092926,487.1968403092926,0,76446,76446,117318,210883,2388,0,2388,11940,2388,256,0,0,NaN,0,NaN,0.0,0.9999999999997726,
5,2,MULTISTAGE_RH,LEXMMFPEA,shared_battery_mode_node_level_v1,SI-Drahi_13-d2-HET-UHI-BLO-15dd2f4a2b,TK-PB-Drahi_13-d2-HET-UHI-e201b86fbb-r5,SS-b6fde45dba3b,1,2,lex_phase_2,OPTIMAL,FEASIBLE_POINT,974.3936806185854,974.3936806185854,0,76446,76446,117319,210889,2388,0,2388,11940,2388,256,0,0,NaN,0,NaN,0.0,0.9999999999997726,
5,2,MULTISTAGE_RH,LEXMMFPEA,shared_battery_mode_node_level_v1,SI-Drahi_13-d2-HET-UHI-BLO-15dd2f4a2b,TK-PB-Drahi_13-d2-HET-UHI-e201b86fbb-r5,SS-b6fde45dba3b,1,3,lex_phase_3,OPTIMAL,FEASIBLE_POINT,1461.590520927878,1461.590520927878,0,76446,76446,117320,210895,2388,0,2388,11940,2388,256,0,0,NaN,0,NaN,0.0,0.9999999999997726,
5,2,MULTISTAGE_RH,LEXMMFPEA,shared_battery_mode_node_level_v1,SI-Drahi_13-d2-HET-UHI-BLO-15dd2f4a2b,TK-PB-Drahi_13-d2-HET-UHI-e201b86fbb-r5,SS-b6fde45dba3b,1,4,lex_phase_4,OPTIMAL,FEASIBLE_POINT,1948.787361237171,1948.787361237171,0,76446,76446,117321,210901,2388,0,2388,11940,2388,256,0,0,NaN,0,NaN,0.0,0.9999999999997726,
5,2,MULTISTAGE_RH,LEXMMFPEA,shared_battery_mode_node_level_v1,SI-Drahi_13-d2-HET-UHI-BLO-15dd2f4a2b,TK-PB-Drahi_13-d2-HET-UHI-e201b86fbb-r5,SS-b6fde45dba3b,1,5,lex_phase_5,OPTIMAL,FEASIBLE_POINT,2435.9842015464637,2435.9842015464637,0,76446,76446,117322,210907,2388,0,2388,11940,2388,256,0,0,NaN,0,NaN,0.0,0.9999999999997726,
5,2,MULTISTAGE_RH,LEXMMFPEA,shared_battery_mode_node_level_v1,SI-Drahi_13-d2-HET-UHI-BLO-15dd2f4a2b,TK-PB-Drahi_13-d2-HET-UHI-e201b86fbb-r5,SS-b6fde45dba3b,1,6,economic_tie_break,OPTIMAL,FEASIBLE_POINT,624209.212850527,624209.212850527,0,76446,76446,117323,210913,2388,0,2388,11940,2388,256,0,0,NaN,0,NaN,0.0,0.9999999999997726,
5,3,MULTISTAGE_RH,LEXMMFPEA,shared_battery_mode_node_level_v1,SI-Drahi_13-d2-HET-UHI-BLO-15dd2f4a2b,TK-PB-Drahi_13-d2-HET-UHI-e201b86fbb-r5,SS-b6fde45dba3b,1,1,lex_phase_1,OPTIMAL,FEASIBLE_POINT,487.1968403092926,487.1968403092926,0,76446,76446,117318,210883,2388,0,2388,11940,2388,256,0,0,NaN,0,NaN,0.0,0.9999999999997726,
5,3,MULTISTAGE_RH,LEXMMFPEA,shared_battery_mode_node_level_v1,SI-Drahi_13-d2-HET-UHI-BLO-15dd2f4a2b,TK-PB-Drahi_13-d2-HET-UHI-e201b86fbb-r5,SS-b6fde45dba3b,1,2,lex_phase_2,OPTIMAL,FEASIBLE_POINT,974.3936806185854,974.3936806185854,0,76446,76446,117319,210889,2388,0,2388,11940,2388,256,0,0,NaN,0,NaN,0.0,0.9999999999997726,
5,3,MULTISTAGE_RH,LEXMMFPEA,shared_battery_mode_node_level_v1,SI-Drahi_13-d2-HET-UHI-BLO-15dd2f4a2b,TK-PB-Drahi_13-d2-HET-UHI-e201b86fbb-r5,SS-b6fde45dba3b,1,3,lex_phase_3,OPTIMAL,FEASIBLE_POINT,1461.590520927878,1461.590520927878,0,76446,76446,117320,210895,2388,0,2388,11940,2388,256,0,0,NaN,0,NaN,0.0,0.9999999999997726,
5,3,MULTISTAGE_RH,LEXMMFPEA,shared_battery_mode_node_level_v1,SI-Drahi_13-d2-HET-UHI-BLO-15dd2f4a2b,TK-PB-Drahi_13-d2-HET-UHI-e201b86fbb-r5,SS-b6fde45dba3b,1,4,lex_phase_4,OPTIMAL,FEASIBLE_POINT,1948.787361237171,1948.787361237171,0,76446,76446,117321,210901,2388,0,2388,11940,2388,256,0,0,NaN,0,NaN,0.0,0.9999999999997726,
5,3,MULTISTAGE_RH,LEXMMFPEA,shared_battery_mode_node_level_v1,SI-Drahi_13-d2-HET-UHI-BLO-15dd2f4a2b,TK-PB-Drahi_13-d2-HET-UHI-e201b86fbb-r5,SS-b6fde45dba3b,1,5,lex_phase_5,OPTIMAL,FEASIBLE_POINT,2435.9842015464637,2435.9842015464637,0,76446,76446,117322,210907,2388,0,2388,11940,2388,256,0,0,NaN,0,NaN,0.0,0.9999999999997726,
5,3,MULTISTAGE_RH,LEXMMFPEA,shared_battery_mode_node_level_v1,SI-Drahi_13-d2-HET-UHI-BLO-15dd2f4a2b,TK-PB-Drahi_13-d2-HET-UHI-e201b86fbb-r5,SS-b6fde45dba3b,1,6,economic_tie_break,OPTIMAL,FEASIBLE_POINT,624209.212850527,624209.212850527,0,76446,76446,117323,210913,2388,0,2388,11940,2388,256,0,0,NaN,0,NaN,0.0,0.9999999999997726,
5,4,MULTISTAGE_RH,LEXMMFPEA,shared_battery_mode_node_level_v1,SI-Drahi_13-d2-HET-UHI-BLO-15dd2f4a2b,TK-PB-Drahi_13-d2-HET-UHI-e201b86fbb-r5,SS-b6fde45dba3b,1,1,lex_phase_1,OPTIMAL,FEASIBLE_POINT,487.1968403092926,487.1968403092926,0,76446,76446,117318,210883,2388,0,2388,11940,2388,256,0,0,NaN,0,NaN,0.09750000000000003,0.9999999999997726,
5,4,MULTISTAGE_RH,LEXMMFPEA,shared_battery_mode_node_level_v1,SI-Drahi_13-d2-HET-UHI-BLO-15dd2f4a2b,TK-PB-Drahi_13-d2-HET-UHI-e201b86fbb-r5,SS-b6fde45dba3b,1,2,lex_phase_2,OPTIMAL,FEASIBLE_POINT,974.3936806185854,974.3936806185854,0,76446,76446,117319,210889,2388,0,2388,11940,2388,256,0,0,NaN,0,NaN,0.09750000000000003,0.9999999999997726,
5,4,MULTISTAGE_RH,LEXMMFPEA,shared_battery_mode_node_level_v1,SI-Drahi_13-d2-HET-UHI-BLO-15dd2f4a2b,TK-PB-Drahi_13-d2-HET-UHI-e201b86fbb-r5,SS-b6fde45dba3b,1,3,lex_phase_3,OPTIMAL,FEASIBLE_POINT,1461.590520927878,1461.590520927878,0,76446,76446,117320,210895,2388,0,2388,11940,2388,256,0,0,NaN,0,NaN,0.09750000000000003,0.9999999999997726,
5,4,MULTISTAGE_RH,LEXMMFPEA,shared_battery_mode_node_level_v1,SI-Drahi_13-d2-HET-UHI-BLO-15dd2f4a2b,TK-PB-Drahi_13-d2-HET-UHI-e201b86fbb-r5,SS-b6fde45dba3b,1,4,lex_phase_4,OPTIMAL,FEASIBLE_POINT,1948.787361237171,1948.787361237171,0,76446,76446,117321,210901,2388,0,2388,11940,2388,256,0,0,NaN,0,NaN,0.09750000000000003,0.9999999999997726,
5,4,MULTISTAGE_RH,LEXMMFPEA,shared_battery_mode_node_level_v1,SI-Drahi_13-d2-HET-UHI-BLO-15dd2f4a2b,TK-PB-Drahi_13-d2-HET-UHI-e201b86fbb-r5,SS-b6fde45dba3b,1,5,lex_phase_5,OPTIMAL,FEASIBLE_POINT,2435.9842015464637,2435.9842015464637,0,76446,76446,117322,210907,2388,0,2388,11940,2388,256,0,0,NaN,0,NaN,0.09750000000000003,0.9999999999997726,
5,4,MULTISTAGE_RH,LEXMMFPEA,shared_battery_mode_node_level_v1,SI-Drahi_13-d2-HET-UHI-BLO-15dd2f4a2b,TK-PB-Drahi_13-d2-HET-UHI-e201b86fbb-r5,SS-b6fde45dba3b,1,6,economic_tie_break,OPTIMAL,FEASIBLE_POINT,624209.212850527,624209.212850527,0,76446,76446,117323,210913,2388,0,2388,11940,2388,256,0,0,NaN,0,NaN,0.09750000000000003,0.9999999999997726,
5,5,MULTISTAGE_RH,LEXMMFPEA,shared_battery_mode_node_level_v1,SI-Drahi_13-d2-HET-UHI-BLO-15dd2f4a2b,TK-PB-Drahi_13-d2-HET-UHI-e201b86fbb-r5,SS-59c6d7df9164,5,1,lex_phase_1,OPTIMAL,FEASIBLE_POINT,194.60555259420084,194.60555259420084,0,76446,76446,117318,206778,2388,0,2388,11940,2388,256,0,0,NaN,0,NaN,0.0,1.0000000000000568,
5,5,MULTISTAGE_RH,LEXMMFPEA,shared_battery_mode_node_level_v1,SI-Drahi_13-d2-HET-UHI-BLO-15dd2f4a2b,TK-PB-Drahi_13-d2-HET-UHI-e201b86fbb-r5,SS-59c6d7df9164,5,2,lex_phase_2,OPTIMAL,FEASIBLE_POINT,389.21110518840175,389.21110518840175,0,76446,76446,117319,206784,2388,0,2388,11940,2388,256,0,0,NaN,0,NaN,0.0,1.0000000000000568,
5,5,MULTISTAGE_RH,LEXMMFPEA,shared_battery_mode_node_level_v1,SI-Drahi_13-d2-HET-UHI-BLO-15dd2f4a2b,TK-PB-Drahi_13-d2-HET-UHI-e201b86fbb-r5,SS-59c6d7df9164,5,3,lex_phase_3,OPTIMAL,FEASIBLE_POINT,583.8166577826026,583.8166577826026,0,76446,76446,117320,206790,2388,0,2388,11940,2388,256,0,0,NaN,0,NaN,0.0,1.0000000000000568,
5,5,MULTISTAGE_RH,LEXMMFPEA,shared_battery_mode_node_level_v1,SI-Drahi_13-d2-HET-UHI-BLO-15dd2f4a2b,TK-PB-Drahi_13-d2-HET-UHI-e201b86fbb-r5,SS-59c6d7df9164,5,4,lex_phase_4,OPTIMAL,FEASIBLE_POINT,778.4222103768035,778.4222103768035,0,76446,76446,117321,206796,2388,0,2388,11940,2388,256,0,0,NaN,0,NaN,0.0,1.0000000000000568,
5,5,MULTISTAGE_RH,LEXMMFPEA,shared_battery_mode_node_level_v1,SI-Drahi_13-d2-HET-UHI-BLO-15dd2f4a2b,TK-PB-Drahi_13-d2-HET-UHI-e201b86fbb-r5,SS-59c6d7df9164,5,5,lex_phase_5,OPTIMAL,FEASIBLE_POINT,973.0277629710044,973.0277629710044,0,76446,76446,117322,206802,2388,0,2388,11940,2388,256,0,0,NaN,0,NaN,0.0,1.0000000000000568,
5,5,MULTISTAGE_RH,LEXMMFPEA,shared_battery_mode_node_level_v1,SI-Drahi_13-d2-HET-UHI-BLO-15dd2f4a2b,TK-PB-Drahi_13-d2-HET-UHI-e201b86fbb-r5,SS-59c6d7df9164,5,6,economic_tie_break,OPTIMAL,FEASIBLE_POINT,652117.3243700558,652117.3243700558,0,76446,76446,117323,206808,2388,0,2388,11940,2388,256,0,0,NaN,0,NaN,0.0,1.0000000000000568,
5,6,MULTISTAGE_RH,LEXMMFPEA,shared_battery_mode_node_level_v1,SI-Drahi_13-d2-HET-UHI-BLO-15dd2f4a2b,TK-PB-Drahi_13-d2-HET-UHI-e201b86fbb-r5,SS-59c6d7df9164,5,1,lex_phase_1,OPTIMAL,FEASIBLE_POINT,194.60555259420084,194.60555259420084,0,76446,76446,117318,206778,2388,0,2388,11940,2388,256,0,0,NaN,0,NaN,1.4210854715202004e-14,1.0000000000000568,
5,6,MULTISTAGE_RH,LEXMMFPEA,shared_battery_mode_node_level_v1,SI-Drahi_13-d2-HET-UHI-BLO-15dd2f4a2b,TK-PB-Drahi_13-d2-HET-UHI-e201b86fbb-r5,SS-59c6d7df9164,5,2,lex_phase_2,OPTIMAL,FEASIBLE_POINT,389.21110518840175,389.21110518840175,0,76446,76446,117319,206784,2388,0,2388,11940,2388,256,0,0,NaN,0,NaN,1.4210854715202004e-14,1.0000000000000568,
5,6,MULTISTAGE_RH,LEXMMFPEA,shared_battery_mode_node_level_v1,SI-Drahi_13-d2-HET-UHI-BLO-15dd2f4a2b,TK-PB-Drahi_13-d2-HET-UHI-e201b86fbb-r5,SS-59c6d7df9164,5,3,lex_phase_3,OPTIMAL,FEASIBLE_POINT,583.8166577826026,583.8166577826026,0,76446,76446,117320,206790,2388,0,2388,11940,2388,256,0,0,NaN,0,NaN,1.4210854715202004e-14,1.0000000000000568,
5,6,MULTISTAGE_RH,LEXMMFPEA,shared_battery_mode_node_level_v1,SI-Drahi_13-d2-HET-UHI-BLO-15dd2f4a2b,TK-PB-Drahi_13-d2-HET-UHI-e201b86fbb-r5,SS-59c6d7df9164,5,4,lex_phase_4,OPTIMAL,FEASIBLE_POINT,778.4222103768035,778.4222103768035,0,76446,76446,117321,206796,2388,0,2388,11940,2388,256,0,0,NaN,0,NaN,1.4210854715202004e-14,1.0000000000000568,
5,6,MULTISTAGE_RH,LEXMMFPEA,shared_battery_mode_node_level_v1,SI-Drahi_13-d2-HET-UHI-BLO-15dd2f4a2b,TK-PB-Drahi_13-d2-HET-UHI-e201b86fbb-r5,SS-59c6d7df9164,5,5,lex_phase_5,OPTIMAL,FEASIBLE_POINT,973.0277629710044,973.0277629710044,0,76446,76446,117322,206802,2388,0,2388,11940,2388,256,0,0,NaN,0,NaN,1.4210854715202004e-14,1.0000000000000568,
5,6,MULTISTAGE_RH,LEXMMFPEA,shared_battery_mode_node_level_v1,SI-Drahi_13-d2-HET-UHI-BLO-15dd2f4a2b,TK-PB-Drahi_13-d2-HET-UHI-e201b86fbb-r5,SS-59c6d7df9164,5,6,economic_tie_break,OPTIMAL,FEASIBLE_POINT,652117.3243700558,652117.3243700558,0,76446,76446,117323,206808,2388,0,2388,11940,2388,256,0,0,NaN,0,NaN,1.4210854715202004e-14,1.0000000000000568,
5,7,MULTISTAGE_RH,LEXMMFPEA,shared_battery_mode_node_level_v1,SI-Drahi_13-d2-HET-UHI-BLO-15dd2f4a2b,TK-PB-Drahi_13-d2-HET-UHI-e201b86fbb-r5,SS-59c6d7df9164,5,1,lex_phase_1,OPTIMAL,FEASIBLE_POINT,194.60555259420084,194.60555259420084,0,76446,76446,117318,206778,2388,0,2388,11940,2388,256,0,0,NaN,0,NaN,1.6653345369377348e-16,1.0000000000000568,
5,7,MULTISTAGE_RH,LEXMMFPEA,shared_battery_mode_node_level_v1,SI-Drahi_13-d2-HET-UHI-BLO-15dd2f4a2b,TK-PB-Drahi_13-d2-HET-UHI-e201b86fbb-r5,SS-59c6d7df9164,5,2,lex_phase_2,OPTIMAL,FEASIBLE_POINT,389.21110518840175,389.21110518840175,0,76446,76446,117319,206784,2388,0,2388,11940,2388,256,0,0,NaN,0,NaN,1.6653345369377348e-16,1.0000000000000568,
5,7,MULTISTAGE_RH,LEXMMFPEA,shared_battery_mode_node_level_v1,SI-Drahi_13-d2-HET-UHI-BLO-15dd2f4a2b,TK-PB-Drahi_13-d2-HET-UHI-e201b86fbb-r5,SS-59c6d7df9164,5,3,lex_phase_3,OPTIMAL,FEASIBLE_POINT,583.8166577826026,583.8166577826026,0,76446,76446,117320,206790,2388,0,2388,11940,2388,256,0,0,NaN,0,NaN,1.6653345369377348e-16,1.0000000000000568,
5,7,MULTISTAGE_RH,LEXMMFPEA,shared_battery_mode_node_level_v1,SI-Drahi_13-d2-HET-UHI-BLO-15dd2f4a2b,TK-PB-Drahi_13-d2-HET-UHI-e201b86fbb-r5,SS-59c6d7df9164,5,4,lex_phase_4,OPTIMAL,FEASIBLE_POINT,778.4222103768035,778.4222103768035,0,76446,76446,117321,206796,2388,0,2388,11940,2388,256,0,0,NaN,0,NaN,1.6653345369377348e-16,1.0000000000000568,
5,7,MULTISTAGE_RH,LEXMMFPEA,shared_battery_mode_node_level_v1,SI-Drahi_13-d2-HET-UHI-BLO-15dd2f4a2b,TK-PB-Drahi_13-d2-HET-UHI-e201b86fbb-r5,SS-59c6d7df9164,5,5,lex_phase_5,OPTIMAL,FEASIBLE_POINT,973.0277629710044,973.0277629710044,0,76446,76446,117322,206802,2388,0,2388,11940,2388,256,0,0,NaN,0,NaN,1.6653345369377348e-16,1.0000000000000568,
5,7,MULTISTAGE_RH,LEXMMFPEA,shared_battery_mode_node_level_v1,SI-Drahi_13-d2-HET-UHI-BLO-15dd2f4a2b,TK-PB-Drahi_13-d2-HET-UHI-e201b86fbb-r5,SS-59c6d7df9164,5,6,economic_tie_break,OPTIMAL,FEASIBLE_POINT,652117.3243700558,652117.3243700558,0,76446,76446,117323,206808,2388,0,2388,11940,2388,256,0,0,NaN,0,NaN,1.6653345369377348e-16,1.0000000000000568,
5,8,MULTISTAGE_RH,LEXMMFPEA,shared_battery_mode_node_level_v1,SI-Drahi_13-d2-HET-UHI-BLO-15dd2f4a2b,TK-PB-Drahi_13-d2-HET-UHI-e201b86fbb-r5,SS-59c6d7df9164,5,1,lex_phase_1,OPTIMAL,FEASIBLE_POINT,194.60555259420084,194.60555259420084,0,76446,76446,117318,206778,2388,0,2388,11940,2388,256,0,0,NaN,0,NaN,1.6653345369377348e-16,1.0000000000000568,
5,8,MULTISTAGE_RH,LEXMMFPEA,shared_battery_mode_node_level_v1,SI-Drahi_13-d2-HET-UHI-BLO-15dd2f4a2b,TK-PB-Drahi_13-d2-HET-UHI-e201b86fbb-r5,SS-59c6d7df9164,5,2,lex_phase_2,OPTIMAL,FEASIBLE_POINT,389.21110518840175,389.21110518840175,0,76446,76446,117319,206784,2388,0,2388,11940,2388,256,0,0,NaN,0,NaN,1.6653345369377348e-16,1.0000000000000568,
5,8,MULTISTAGE_RH,LEXMMFPEA,shared_battery_mode_node_level_v1,SI-Drahi_13-d2-HET-UHI-BLO-15dd2f4a2b,TK-PB-Drahi_13-d2-HET-UHI-e201b86fbb-r5,SS-59c6d7df9164,5,3,lex_phase_3,OPTIMAL,FEASIBLE_POINT,583.8166577826026,583.8166577826026,0,76446,76446,117320,206790,2388,0,2388,11940,2388,256,0,0,NaN,0,NaN,1.6653345369377348e-16,1.0000000000000568,
5,8,MULTISTAGE_RH,LEXMMFPEA,shared_battery_mode_node_level_v1,SI-Drahi_13-d2-HET-UHI-BLO-15dd2f4a2b,TK-PB-Drahi_13-d2-HET-UHI-e201b86fbb-r5,SS-59c6d7df9164,5,4,lex_phase_4,OPTIMAL,FEASIBLE_POINT,778.4222103768035,778.4222103768035,0,76446,76446,117321,206796,2388,0,2388,11940,2388,256,0,0,NaN,0,NaN,1.6653345369377348e-16,1.0000000000000568,
5,8,MULTISTAGE_RH,LEXMMFPEA,shared_battery_mode_node_level_v1,SI-Drahi_13-d2-HET-UHI-BLO-15dd2f4a2b,TK-PB-Drahi_13-d2-HET-UHI-e201b86fbb-r5,SS-59c6d7df9164,5,5,lex_phase_5,OPTIMAL,FEASIBLE_POINT,973.0277629710044,973.0277629710044,0,76446,76446,117322,206802,2388,0,2388,11940,2388,256,0,0,NaN,0,NaN,1.6653345369377348e-16,1.0000000000000568,
5,8,MULTISTAGE_RH,LEXMMFPEA,shared_battery_mode_node_level_v1,SI-Drahi_13-d2-HET-UHI-BLO-15dd2f4a2b,TK-PB-Drahi_13-d2-HET-UHI-e201b86fbb-r5,SS-59c6d7df9164,5,6,economic_tie_break,OPTIMAL,FEASIBLE_POINT,652117.3243700558,652117.3243700558,0,76446,76446,117323,206808,2388,0,2388,11940,2388,256,0,0,NaN,0,NaN,1.6653345369377348e-16,1.0000000000000568,
5,9,MULTISTAGE_RH,LEXMMFPEA,shared_battery_mode_node_level_v1,SI-Drahi_13-d2-HET-UHI-BLO-15dd2f4a2b,TK-PB-Drahi_13-d2-HET-UHI-e201b86fbb-r5,SS-baeb7d556d60,9,1,lex_phase_1,OPTIMAL,FEASIBLE_POINT,514.1414402584775,514.1414402584775,0,76446,76446,117318,210633,2388,0,2388,11940,2388,256,0,0,NaN,0,NaN,2.7306176084099825,1.0000000000004547,
5,9,MULTISTAGE_RH,LEXMMFPEA,shared_battery_mode_node_level_v1,SI-Drahi_13-d2-HET-UHI-BLO-15dd2f4a2b,TK-PB-Drahi_13-d2-HET-UHI-e201b86fbb-r5,SS-baeb7d556d60,9,2,lex_phase_2,OPTIMAL,FEASIBLE_POINT,1028.2828805169552,1028.2828805169552,0,76446,76446,117319,210639,2388,0,2388,11940,2388,256,0,0,NaN,0,NaN,2.7306176084099825,1.0000000000004547,
5,9,MULTISTAGE_RH,LEXMMFPEA,shared_battery_mode_node_level_v1,SI-Drahi_13-d2-HET-UHI-BLO-15dd2f4a2b,TK-PB-Drahi_13-d2-HET-UHI-e201b86fbb-r5,SS-baeb7d556d60,9,3,lex_phase_3,OPTIMAL,FEASIBLE_POINT,1542.4243207754328,1542.4243207754328,0,76446,76446,117320,210645,2388,0,2388,11940,2388,256,0,0,NaN,0,NaN,2.7306176084099825,1.0000000000004547,
5,9,MULTISTAGE_RH,LEXMMFPEA,shared_battery_mode_node_level_v1,SI-Drahi_13-d2-HET-UHI-BLO-15dd2f4a2b,TK-PB-Drahi_13-d2-HET-UHI-e201b86fbb-r5,SS-baeb7d556d60,9,4,lex_phase_4,OPTIMAL,FEASIBLE_POINT,2056.5657610339103,2056.5657610339103,0,76446,76446,117321,210651,2388,0,2388,11940,2388,256,0,0,NaN,0,NaN,2.7306176084099825,1.0000000000004547,
5,9,MULTISTAGE_RH,LEXMMFPEA,shared_battery_mode_node_level_v1,SI-Drahi_13-d2-HET-UHI-BLO-15dd2f4a2b,TK-PB-Drahi_13-d2-HET-UHI-e201b86fbb-r5,SS-baeb7d556d60,9,5,lex_phase_5,OPTIMAL,FEASIBLE_POINT,2570.707201292387,2570.707201292387,0,76446,76446,117322,210657,2388,0,2388,11940,2388,256,0,0,NaN,0,NaN,2.7306176084099825,1.0000000000004547,
5,9,MULTISTAGE_RH,LEXMMFPEA,shared_battery_mode_node_level_v1,SI-Drahi_13-d2-HET-UHI-BLO-15dd2f4a2b,TK-PB-Drahi_13-d2-HET-UHI-e201b86fbb-r5,SS-baeb7d556d60,9,6,economic_tie_break,OPTIMAL,FEASIBLE_POINT,593315.9946116712,593315.9946116712,0,76446,76446,117323,210663,2388,0,2388,11940,2388,256,0,0,NaN,0,NaN,2.7306176084099825,1.0000000000004547,
5,10,MULTISTAGE_RH,LEXMMFPEA,shared_battery_mode_node_level_v1,SI-Drahi_13-d2-HET-UHI-BLO-15dd2f4a2b,TK-PB-Drahi_13-d2-HET-UHI-e201b86fbb-r5,SS-baeb7d556d60,9,1,lex_phase_1,OPTIMAL,FEASIBLE_POINT,514.1414402584775,514.1414402584775,0,76446,76446,117318,210633,2388,0,2388,11940,2388,256,0,0,NaN,0,NaN,3.999999999999986,1.0000000000004547,
5,10,MULTISTAGE_RH,LEXMMFPEA,shared_battery_mode_node_level_v1,SI-Drahi_13-d2-HET-UHI-BLO-15dd2f4a2b,TK-PB-Drahi_13-d2-HET-UHI-e201b86fbb-r5,SS-baeb7d556d60,9,2,lex_phase_2,OPTIMAL,FEASIBLE_POINT,1028.2828805169552,1028.2828805169552,0,76446,76446,117319,210639,2388,0,2388,11940,2388,256,0,0,NaN,0,NaN,3.999999999999986,1.0000000000004547,
5,10,MULTISTAGE_RH,LEXMMFPEA,shared_battery_mode_node_level_v1,SI-Drahi_13-d2-HET-UHI-BLO-15dd2f4a2b,TK-PB-Drahi_13-d2-HET-UHI-e201b86fbb-r5,SS-baeb7d556d60,9,3,lex_phase_3,OPTIMAL,FEASIBLE_POINT,1542.4243207754328,1542.4243207754328,0,76446,76446,117320,210645,2388,0,2388,11940,2388,256,0,0,NaN,0,NaN,3.999999999999986,1.0000000000004547,
5,10,MULTISTAGE_RH,LEXMMFPEA,shared_battery_mode_node_level_v1,SI-Drahi_13-d2-HET-UHI-BLO-15dd2f4a2b,TK-PB-Drahi_13-d2-HET-UHI-e201b86fbb-r5,SS-baeb7d556d60,9,4,lex_phase_4,OPTIMAL,FEASIBLE_POINT,2056.5657610339103,2056.5657610339103,0,76446,76446,117321,210651,2388,0,2388,11940,2388,256,0,0,NaN,0,NaN,3.999999999999986,1.0000000000004547,
5,10,MULTISTAGE_RH,LEXMMFPEA,shared_battery_mode_node_level_v1,SI-Drahi_13-d2-HET-UHI-BLO-15dd2f4a2b,TK-PB-Drahi_13-d2-HET-UHI-e201b86fbb-r5,SS-baeb7d556d60,9,5,lex_phase_5,OPTIMAL,FEASIBLE_POINT,2570.707201292387,2570.707201292387,0,76446,76446,117322,210657,2388,0,2388,11940,2388,256,0,0,NaN,0,NaN,3.999999999999986,1.0000000000004547,
5,10,MULTISTAGE_RH,LEXMMFPEA,shared_battery_mode_node_level_v1,SI-Drahi_13-d2-HET-UHI-BLO-15dd2f4a2b,TK-PB-Drahi_13-d2-HET-UHI-e201b86fbb-r5,SS-baeb7d556d60,9,6,economic_tie_break,OPTIMAL,FEASIBLE_POINT,593315.9946116712,593315.9946116712,0,76446,76446,117323,210663,2388,0,2388,11940,2388,256,0,0,NaN,0,NaN,3.999999999999986,1.0000000000004547,
5,11,MULTISTAGE_RH,LEXMMFPEA,shared_battery_mode_node_level_v1,SI-Drahi_13-d2-HET-UHI-BLO-15dd2f4a2b,TK-PB-Drahi_13-d2-HET-UHI-e201b86fbb-r5,SS-baeb7d556d60,9,1,lex_phase_1,OPTIMAL,FEASIBLE_POINT,514.1414402584775,514.1414402584775,0,76446,76446,117318,210633,2388,0,2388,11940,2388,256,0,0,NaN,0,NaN,0.0,1.0000000000004547,
5,11,MULTISTAGE_RH,LEXMMFPEA,shared_battery_mode_node_level_v1,SI-Drahi_13-d2-HET-UHI-BLO-15dd2f4a2b,TK-PB-Drahi_13-d2-HET-UHI-e201b86fbb-r5,SS-baeb7d556d60,9,2,lex_phase_2,OPTIMAL,FEASIBLE_POINT,1028.2828805169552,1028.2828805169552,0,76446,76446,117319,210639,2388,0,2388,11940,2388,256,0,0,NaN,0,NaN,0.0,1.0000000000004547,
5,11,MULTISTAGE_RH,LEXMMFPEA,shared_battery_mode_node_level_v1,SI-Drahi_13-d2-HET-UHI-BLO-15dd2f4a2b,TK-PB-Drahi_13-d2-HET-UHI-e201b86fbb-r5,SS-baeb7d556d60,9,3,lex_phase_3,OPTIMAL,FEASIBLE_POINT,1542.4243207754328,1542.4243207754328,0,76446,76446,117320,210645,2388,0,2388,11940,2388,256,0,0,NaN,0,NaN,0.0,1.0000000000004547,
5,11,MULTISTAGE_RH,LEXMMFPEA,shared_battery_mode_node_level_v1,SI-Drahi_13-d2-HET-UHI-BLO-15dd2f4a2b,TK-PB-Drahi_13-d2-HET-UHI-e201b86fbb-r5,SS-baeb7d556d60,9,4,lex_phase_4,OPTIMAL,FEASIBLE_POINT,2056.5657610339103,2056.5657610339103,0,76446,76446,117321,210651,2388,0,2388,11940,2388,256,0,0,NaN,0,NaN,0.0,1.0000000000004547,
5,11,MULTISTAGE_RH,LEXMMFPEA,shared_battery_mode_node_level_v1,SI-Drahi_13-d2-HET-UHI-BLO-15dd2f4a2b,TK-PB-Drahi_13-d2-HET-UHI-e201b86fbb-r5,SS-baeb7d556d60,9,5,lex_phase_5,OPTIMAL,FEASIBLE_POINT,2570.707201292387,2570.707201292387,0,76446,76446,117322,210657,2388,0,2388,11940,2388,256,0,0,NaN,0,NaN,0.0,1.0000000000004547,
5,11,MULTISTAGE_RH,LEXMMFPEA,shared_battery_mode_node_level_v1,SI-Drahi_13-d2-HET-UHI-BLO-15dd2f4a2b,TK-PB-Drahi_13-d2-HET-UHI-e201b86fbb-r5,SS-baeb7d556d60,9,6,economic_tie_break,OPTIMAL,FEASIBLE_POINT,593315.9946116712,593315.9946116712,0,76446,76446,117323,210663,2388,0,2388,11940,2388,256,0,0,NaN,0,NaN,0.0,1.0000000000004547,
5,12,MULTISTAGE_RH,LEXMMFPEA,shared_battery_mode_node_level_v1,SI-Drahi_13-d2-HET-UHI-BLO-15dd2f4a2b,TK-PB-Drahi_13-d2-HET-UHI-e201b86fbb-r5,SS-baeb7d556d60,9,1,lex_phase_1,OPTIMAL,FEASIBLE_POINT,514.1414402584775,514.1414402584775,0,76446,76446,117318,210633,2388,0,2388,11940,2388,256,0,0,NaN,0,NaN,5.684341886080802e-14,1.0000000000004547,
5,12,MULTISTAGE_RH,LEXMMFPEA,shared_battery_mode_node_level_v1,SI-Drahi_13-d2-HET-UHI-BLO-15dd2f4a2b,TK-PB-Drahi_13-d2-HET-UHI-e201b86fbb-r5,SS-baeb7d556d60,9,2,lex_phase_2,OPTIMAL,FEASIBLE_POINT,1028.2828805169552,1028.2828805169552,0,76446,76446,117319,210639,2388,0,2388,11940,2388,256,0,0,NaN,0,NaN,5.684341886080802e-14,1.0000000000004547,
5,12,MULTISTAGE_RH,LEXMMFPEA,shared_battery_mode_node_level_v1,SI-Drahi_13-d2-HET-UHI-BLO-15dd2f4a2b,TK-PB-Drahi_13-d2-HET-UHI-e201b86fbb-r5,SS-baeb7d556d60,9,3,lex_phase_3,OPTIMAL,FEASIBLE_POINT,1542.4243207754328,1542.4243207754328,0,76446,76446,117320,210645,2388,0,2388,11940,2388,256,0,0,NaN,0,NaN,5.684341886080802e-14,1.0000000000004547,
5,12,MULTISTAGE_RH,LEXMMFPEA,shared_battery_mode_node_level_v1,SI-Drahi_13-d2-HET-UHI-BLO-15dd2f4a2b,TK-PB-Drahi_13-d2-HET-UHI-e201b86fbb-r5,SS-baeb7d556d60,9,4,lex_phase_4,OPTIMAL,FEASIBLE_POINT,2056.5657610339103,2056.5657610339103,0,76446,76446,117321,210651,2388,0,2388,11940,2388,256,0,0,NaN,0,NaN,5.684341886080802e-14,1.0000000000004547,
5,12,MULTISTAGE_RH,LEXMMFPEA,shared_battery_mode_node_level_v1,SI-Drahi_13-d2-HET-UHI-BLO-15dd2f4a2b,TK-PB-Drahi_13-d2-HET-UHI-e201b86fbb-r5,SS-baeb7d556d60,9,5,lex_phase_5,OPTIMAL,FEASIBLE_POINT,2570.707201292387,2570.707201292387,0,76446,76446,117322,210657,2388,0,2388,11940,2388,256,0,0,NaN,0,NaN,5.684341886080802e-14,1.0000000000004547,
5,12,MULTISTAGE_RH,LEXMMFPEA,shared_battery_mode_node_level_v1,SI-Drahi_13-d2-HET-UHI-BLO-15dd2f4a2b,TK-PB-Drahi_13-d2-HET-UHI-e201b86fbb-r5,SS-baeb7d556d60,9,6,economic_tie_break,OPTIMAL,FEASIBLE_POINT,593315.9946116712,593315.9946116712,0,76446,76446,117323,210663,2388,0,2388,11940,2388,256,0,0,NaN,0,NaN,5.684341886080802e-14,1.0000000000004547,
5,13,MULTISTAGE_RH,LEXMMFPEA,shared_battery_mode_node_level_v1,SI-Drahi_13-d2-HET-UHI-BLO-15dd2f4a2b,TK-PB-Drahi_13-d2-HET-UHI-e201b86fbb-r5,SS-784512b1c103,13,1,lex_phase_1,OPTIMAL,FEASIBLE_POINT,676.6803033453546,676.6803033453546,0,76446,76446,117318,215078,2388,0,2388,11940,2388,256,0,0,NaN,0,NaN,0.0,1.0000000000125056,
5,13,MULTISTAGE_RH,LEXMMFPEA,shared_battery_mode_node_level_v1,SI-Drahi_13-d2-HET-UHI-BLO-15dd2f4a2b,TK-PB-Drahi_13-d2-HET-UHI-e201b86fbb-r5,SS-784512b1c103,13,2,lex_phase_2,OPTIMAL,FEASIBLE_POINT,1353.3606066907084,1353.3606066907084,0,76446,76446,117319,215084,2388,0,2388,11940,2388,256,0,0,NaN,0,NaN,0.0,1.0000000000125056,
5,13,MULTISTAGE_RH,LEXMMFPEA,shared_battery_mode_node_level_v1,SI-Drahi_13-d2-HET-UHI-BLO-15dd2f4a2b,TK-PB-Drahi_13-d2-HET-UHI-e201b86fbb-r5,SS-784512b1c103,13,3,lex_phase_3,OPTIMAL,FEASIBLE_POINT,2030.0409100360625,2030.0409100360625,0,76446,76446,117320,215090,2388,0,2388,11940,2388,256,0,0,NaN,0,NaN,0.0,1.0000000000125056,
5,13,MULTISTAGE_RH,LEXMMFPEA,shared_battery_mode_node_level_v1,SI-Drahi_13-d2-HET-UHI-BLO-15dd2f4a2b,TK-PB-Drahi_13-d2-HET-UHI-e201b86fbb-r5,SS-784512b1c103,13,4,lex_phase_4,OPTIMAL,FEASIBLE_POINT,2706.721213381417,2706.721213381417,0,76446,76446,117321,215096,2388,0,2388,11940,2388,256,0,0,NaN,0,NaN,0.0,1.0000000000125056,
5,13,MULTISTAGE_RH,LEXMMFPEA,shared_battery_mode_node_level_v1,SI-Drahi_13-d2-HET-UHI-BLO-15dd2f4a2b,TK-PB-Drahi_13-d2-HET-UHI-e201b86fbb-r5,SS-784512b1c103,13,5,lex_phase_5,OPTIMAL,FEASIBLE_POINT,3383.401516726771,3383.401516726771,0,76446,76446,117322,215102,2388,0,2388,11940,2388,256,0,0,NaN,0,NaN,0.0,1.0000000000125056,
5,13,MULTISTAGE_RH,LEXMMFPEA,shared_battery_mode_node_level_v1,SI-Drahi_13-d2-HET-UHI-BLO-15dd2f4a2b,TK-PB-Drahi_13-d2-HET-UHI-e201b86fbb-r5,SS-784512b1c103,13,6,economic_tie_break,OPTIMAL,FEASIBLE_POINT,638986.3820466353,638986.3820466353,0,76446,76446,117323,215108,2388,0,2388,11940,2388,256,0,0,NaN,0,NaN,0.0,1.0000000000125056,
5,14,MULTISTAGE_RH,LEXMMFPEA,shared_battery_mode_node_level_v1,SI-Drahi_13-d2-HET-UHI-BLO-15dd2f4a2b,TK-PB-Drahi_13-d2-HET-UHI-e201b86fbb-r5,SS-784512b1c103,13,1,lex_phase_1,OPTIMAL,FEASIBLE_POINT,676.6803033453546,676.6803033453546,0,76446,76446,117318,215078,2388,0,2388,11940,2388,256,0,0,NaN,0,NaN,3.999999999999991,1.0000000000125056,
5,14,MULTISTAGE_RH,LEXMMFPEA,shared_battery_mode_node_level_v1,SI-Drahi_13-d2-HET-UHI-BLO-15dd2f4a2b,TK-PB-Drahi_13-d2-HET-UHI-e201b86fbb-r5,SS-784512b1c103,13,2,lex_phase_2,OPTIMAL,FEASIBLE_POINT,1353.3606066907084,1353.3606066907084,0,76446,76446,117319,215084,2388,0,2388,11940,2388,256,0,0,NaN,0,NaN,3.999999999999991,1.0000000000125056,
5,14,MULTISTAGE_RH,LEXMMFPEA,shared_battery_mode_node_level_v1,SI-Drahi_13-d2-HET-UHI-BLO-15dd2f4a2b,TK-PB-Drahi_13-d2-HET-UHI-e201b86fbb-r5,SS-784512b1c103,13,3,lex_phase_3,OPTIMAL,FEASIBLE_POINT,2030.0409100360625,2030.0409100360625,0,76446,76446,117320,215090,2388,0,2388,11940,2388,256,0,0,NaN,0,NaN,3.999999999999991,1.0000000000125056,
5,14,MULTISTAGE_RH,LEXMMFPEA,shared_battery_mode_node_level_v1,SI-Drahi_13-d2-HET-UHI-BLO-15dd2f4a2b,TK-PB-Drahi_13-d2-HET-UHI-e201b86fbb-r5,SS-784512b1c103,13,4,lex_phase_4,OPTIMAL,FEASIBLE_POINT,2706.721213381417,2706.721213381417,0,76446,76446,117321,215096,2388,0,2388,11940,2388,256,0,0,NaN,0,NaN,3.999999999999991,1.0000000000125056,
5,14,MULTISTAGE_RH,LEXMMFPEA,shared_battery_mode_node_level_v1,SI-Drahi_13-d2-HET-UHI-BLO-15dd2f4a2b,TK-PB-Drahi_13-d2-HET-UHI-e201b86fbb-r5,SS-784512b1c103,13,5,lex_phase_5,OPTIMAL,FEASIBLE_POINT,3383.401516726771,3383.401516726771,0,76446,76446,117322,215102,2388,0,2388,11940,2388,256,0,0,NaN,0,NaN,3.999999999999991,1.0000000000125056,
5,14,MULTISTAGE_RH,LEXMMFPEA,shared_battery_mode_node_level_v1,SI-Drahi_13-d2-HET-UHI-BLO-15dd2f4a2b,TK-PB-Drahi_13-d2-HET-UHI-e201b86fbb-r5,SS-784512b1c103,13,6,economic_tie_break,OPTIMAL,FEASIBLE_POINT,638986.3820466353,638986.3820466353,0,76446,76446,117323,215108,2388,0,2388,11940,2388,256,0,0,NaN,0,NaN,3.999999999999991,1.0000000000125056,
5,15,MULTISTAGE_RH,LEXMMFPEA,shared_battery_mode_node_level_v1,SI-Drahi_13-d2-HET-UHI-BLO-15dd2f4a2b,TK-PB-Drahi_13-d2-HET-UHI-e201b86fbb-r5,SS-784512b1c103,13,1,lex_phase_1,OPTIMAL,FEASIBLE_POINT,676.6803033453546,676.6803033453546,0,76446,76446,117318,215078,2388,0,2388,11940,2388,256,0,0,NaN,0,NaN,4.0,1.0000000000125056,
5,15,MULTISTAGE_RH,LEXMMFPEA,shared_battery_mode_node_level_v1,SI-Drahi_13-d2-HET-UHI-BLO-15dd2f4a2b,TK-PB-Drahi_13-d2-HET-UHI-e201b86fbb-r5,SS-784512b1c103,13,2,lex_phase_2,OPTIMAL,FEASIBLE_POINT,1353.3606066907084,1353.3606066907084,0,76446,76446,117319,215084,2388,0,2388,11940,2388,256,0,0,NaN,0,NaN,4.0,1.0000000000125056,
5,15,MULTISTAGE_RH,LEXMMFPEA,shared_battery_mode_node_level_v1,SI-Drahi_13-d2-HET-UHI-BLO-15dd2f4a2b,TK-PB-Drahi_13-d2-HET-UHI-e201b86fbb-r5,SS-784512b1c103,13,3,lex_phase_3,OPTIMAL,FEASIBLE_POINT,2030.0409100360625,2030.0409100360625,0,76446,76446,117320,215090,2388,0,2388,11940,2388,256,0,0,NaN,0,NaN,4.0,1.0000000000125056,
5,15,MULTISTAGE_RH,LEXMMFPEA,shared_battery_mode_node_level_v1,SI-Drahi_13-d2-HET-UHI-BLO-15dd2f4a2b,TK-PB-Drahi_13-d2-HET-UHI-e201b86fbb-r5,SS-784512b1c103,13,4,lex_phase_4,OPTIMAL,FEASIBLE_POINT,2706.721213381417,2706.721213381417,0,76446,76446,117321,215096,2388,0,2388,11940,2388,256,0,0,NaN,0,NaN,4.0,1.0000000000125056,
5,15,MULTISTAGE_RH,LEXMMFPEA,shared_battery_mode_node_level_v1,SI-Drahi_13-d2-HET-UHI-BLO-15dd2f4a2b,TK-PB-Drahi_13-d2-HET-UHI-e201b86fbb-r5,SS-784512b1c103,13,5,lex_phase_5,OPTIMAL,FEASIBLE_POINT,3383.401516726771,3383.401516726771,0,76446,76446,117322,215102,2388,0,2388,11940,2388,256,0,0,NaN,0,NaN,4.0,1.0000000000125056,
5,15,MULTISTAGE_RH,LEXMMFPEA,shared_battery_mode_node_level_v1,SI-Drahi_13-d2-HET-UHI-BLO-15dd2f4a2b,TK-PB-Drahi_13-d2-HET-UHI-e201b86fbb-r5,SS-784512b1c103,13,6,economic_tie_break,OPTIMAL,FEASIBLE_POINT,638986.3820466353,638986.3820466353,0,76446,76446,117323,215108,2388,0,2388,11940,2388,256,0,0,NaN,0,NaN,4.0,1.0000000000125056,
5,16,MULTISTAGE_RH,LEXMMFPEA,shared_battery_mode_node_level_v1,SI-Drahi_13-d2-HET-UHI-BLO-15dd2f4a2b,TK-PB-Drahi_13-d2-HET-UHI-e201b86fbb-r5,SS-784512b1c103,13,1,lex_phase_1,OPTIMAL,FEASIBLE_POINT,676.6803033453546,676.6803033453546,0,76446,76446,117318,215078,2388,0,2388,11940,2388,256,0,0,NaN,0,NaN,0.0,1.0000000000125056,
5,16,MULTISTAGE_RH,LEXMMFPEA,shared_battery_mode_node_level_v1,SI-Drahi_13-d2-HET-UHI-BLO-15dd2f4a2b,TK-PB-Drahi_13-d2-HET-UHI-e201b86fbb-r5,SS-784512b1c103,13,2,lex_phase_2,OPTIMAL,FEASIBLE_POINT,1353.3606066907084,1353.3606066907084,0,76446,76446,117319,215084,2388,0,2388,11940,2388,256,0,0,NaN,0,NaN,0.0,1.0000000000125056,
5,16,MULTISTAGE_RH,LEXMMFPEA,shared_battery_mode_node_level_v1,SI-Drahi_13-d2-HET-UHI-BLO-15dd2f4a2b,TK-PB-Drahi_13-d2-HET-UHI-e201b86fbb-r5,SS-784512b1c103,13,3,lex_phase_3,OPTIMAL,FEASIBLE_POINT,2030.0409100360625,2030.0409100360625,0,76446,76446,117320,215090,2388,0,2388,11940,2388,256,0,0,NaN,0,NaN,0.0,1.0000000000125056,
5,16,MULTISTAGE_RH,LEXMMFPEA,shared_battery_mode_node_level_v1,SI-Drahi_13-d2-HET-UHI-BLO-15dd2f4a2b,TK-PB-Drahi_13-d2-HET-UHI-e201b86fbb-r5,SS-784512b1c103,13,4,lex_phase_4,OPTIMAL,FEASIBLE_POINT,2706.721213381417,2706.721213381417,0,76446,76446,117321,215096,2388,0,2388,11940,2388,256,0,0,NaN,0,NaN,0.0,1.0000000000125056,
5,16,MULTISTAGE_RH,LEXMMFPEA,shared_battery_mode_node_level_v1,SI-Drahi_13-d2-HET-UHI-BLO-15dd2f4a2b,TK-PB-Drahi_13-d2-HET-UHI-e201b86fbb-r5,SS-784512b1c103,13,5,lex_phase_5,OPTIMAL,FEASIBLE_POINT,3383.401516726771,3383.401516726771,0,76446,76446,117322,215102,2388,0,2388,11940,2388,256,0,0,NaN,0,NaN,0.0,1.0000000000125056,
5,16,MULTISTAGE_RH,LEXMMFPEA,shared_battery_mode_node_level_v1,SI-Drahi_13-d2-HET-UHI-BLO-15dd2f4a2b,TK-PB-Drahi_13-d2-HET-UHI-e201b86fbb-r5,SS-784512b1c103,13,6,economic_tie_break,OPTIMAL,FEASIBLE_POINT,638986.3820466353,638986.3820466353,0,76446,76446,117323,215108,2388,0,2388,11940,2388,256,0,0,NaN,0,NaN,0.0,1.0000000000125056,
5,17,MULTISTAGE_RH,LEXMMFPEA,shared_battery_mode_node_level_v1,SI-Drahi_13-d2-HET-UHI-BLO-15dd2f4a2b,TK-PB-Drahi_13-d2-HET-UHI-e201b86fbb-r5,SS-ced84ca7a4eb,17,1,lex_phase_1,OPTIMAL,FEASIBLE_POINT,853.1242074416709,853.1242074416709,0,76446,76446,117318,216088,2388,0,2388,11940,2388,256,0,0,NaN,0,NaN,0.0,1.0000000000022737,
5,17,MULTISTAGE_RH,LEXMMFPEA,shared_battery_mode_node_level_v1,SI-Drahi_13-d2-HET-UHI-BLO-15dd2f4a2b,TK-PB-Drahi_13-d2-HET-UHI-e201b86fbb-r5,SS-ced84ca7a4eb,17,2,lex_phase_2,OPTIMAL,FEASIBLE_POINT,1706.2484148833419,1706.2484148833419,0,76446,76446,117319,216094,2388,0,2388,11940,2388,256,0,0,NaN,0,NaN,0.0,1.0000000000022737,
5,17,MULTISTAGE_RH,LEXMMFPEA,shared_battery_mode_node_level_v1,SI-Drahi_13-d2-HET-UHI-BLO-15dd2f4a2b,TK-PB-Drahi_13-d2-HET-UHI-e201b86fbb-r5,SS-ced84ca7a4eb,17,3,lex_phase_3,OPTIMAL,FEASIBLE_POINT,2559.372622325013,2559.372622325013,0,76446,76446,117320,216100,2388,0,2388,11940,2388,256,0,0,NaN,0,NaN,0.0,1.0000000000022737,
5,17,MULTISTAGE_RH,LEXMMFPEA,shared_battery_mode_node_level_v1,SI-Drahi_13-d2-HET-UHI-BLO-15dd2f4a2b,TK-PB-Drahi_13-d2-HET-UHI-e201b86fbb-r5,SS-ced84ca7a4eb,17,4,lex_phase_4,OPTIMAL,FEASIBLE_POINT,3412.4968297666837,3412.4968297666837,0,76446,76446,117321,216106,2388,0,2388,11940,2388,256,0,0,NaN,0,NaN,0.0,1.0000000000022737,
5,17,MULTISTAGE_RH,LEXMMFPEA,shared_battery_mode_node_level_v1,SI-Drahi_13-d2-HET-UHI-BLO-15dd2f4a2b,TK-PB-Drahi_13-d2-HET-UHI-e201b86fbb-r5,SS-ced84ca7a4eb,17,5,lex_phase_5,OPTIMAL,FEASIBLE_POINT,4265.621037208355,4265.621037208355,0,76446,76446,117322,216112,2388,0,2388,11940,2388,256,0,0,NaN,0,NaN,0.0,1.0000000000022737,
5,17,MULTISTAGE_RH,LEXMMFPEA,shared_battery_mode_node_level_v1,SI-Drahi_13-d2-HET-UHI-BLO-15dd2f4a2b,TK-PB-Drahi_13-d2-HET-UHI-e201b86fbb-r5,SS-ced84ca7a4eb,17,6,economic_tie_break,OPTIMAL,FEASIBLE_POINT,650140.6839876053,650140.6839876053,0,76446,76446,117323,216118,2388,0,2388,11940,2388,256,0,0,NaN,0,NaN,0.0,1.0000000000022737,
5,18,MULTISTAGE_RH,LEXMMFPEA,shared_battery_mode_node_level_v1,SI-Drahi_13-d2-HET-UHI-BLO-15dd2f4a2b,TK-PB-Drahi_13-d2-HET-UHI-e201b86fbb-r5,SS-ced84ca7a4eb,17,1,lex_phase_1,OPTIMAL,FEASIBLE_POINT,853.1242074416709,853.1242074416709,0,76446,76446,117318,216088,2388,0,2388,11940,2388,256,0,0,NaN,0,NaN,0.0,1.0000000000022737,
5,18,MULTISTAGE_RH,LEXMMFPEA,shared_battery_mode_node_level_v1,SI-Drahi_13-d2-HET-UHI-BLO-15dd2f4a2b,TK-PB-Drahi_13-d2-HET-UHI-e201b86fbb-r5,SS-ced84ca7a4eb,17,2,lex_phase_2,OPTIMAL,FEASIBLE_POINT,1706.2484148833419,1706.2484148833419,0,76446,76446,117319,216094,2388,0,2388,11940,2388,256,0,0,NaN,0,NaN,0.0,1.0000000000022737,
5,18,MULTISTAGE_RH,LEXMMFPEA,shared_battery_mode_node_level_v1,SI-Drahi_13-d2-HET-UHI-BLO-15dd2f4a2b,TK-PB-Drahi_13-d2-HET-UHI-e201b86fbb-r5,SS-ced84ca7a4eb,17,3,lex_phase_3,OPTIMAL,FEASIBLE_POINT,2559.372622325013,2559.372622325013,0,76446,76446,117320,216100,2388,0,2388,11940,2388,256,0,0,NaN,0,NaN,0.0,1.0000000000022737,
5,18,MULTISTAGE_RH,LEXMMFPEA,shared_battery_mode_node_level_v1,SI-Drahi_13-d2-HET-UHI-BLO-15dd2f4a2b,TK-PB-Drahi_13-d2-HET-UHI-e201b86fbb-r5,SS-ced84ca7a4eb,17,4,lex_phase_4,OPTIMAL,FEASIBLE_POINT,3412.4968297666837,3412.4968297666837,0,76446,76446,117321,216106,2388,0,2388,11940,2388,256,0,0,NaN,0,NaN,0.0,1.0000000000022737,
5,18,MULTISTAGE_RH,LEXMMFPEA,shared_battery_mode_node_level_v1,SI-Drahi_13-d2-HET-UHI-BLO-15dd2f4a2b,TK-PB-Drahi_13-d2-HET-UHI-e201b86fbb-r5,SS-ced84ca7a4eb,17,5,lex_phase_5,OPTIMAL,FEASIBLE_POINT,4265.621037208355,4265.621037208355,0,76446,76446,117322,216112,2388,0,2388,11940,2388,256,0,0,NaN,0,NaN,0.0,1.0000000000022737,
5,18,MULTISTAGE_RH,LEXMMFPEA,shared_battery_mode_node_level_v1,SI-Drahi_13-d2-HET-UHI-BLO-15dd2f4a2b,TK-PB-Drahi_13-d2-HET-UHI-e201b86fbb-r5,SS-ced84ca7a4eb,17,6,economic_tie_break,OPTIMAL,FEASIBLE_POINT,650140.6839876053,650140.6839876053,0,76446,76446,117323,216118,2388,0,2388,11940,2388,256,0,0,NaN,0,NaN,0.0,1.0000000000022737,
5,19,MULTISTAGE_RH,LEXMMFPEA,shared_battery_mode_node_level_v1,SI-Drahi_13-d2-HET-UHI-BLO-15dd2f4a2b,TK-PB-Drahi_13-d2-HET-UHI-e201b86fbb-r5,SS-ced84ca7a4eb,17,1,lex_phase_1,OPTIMAL,FEASIBLE_POINT,853.1242074416709,853.1242074416709,0,76446,76446,117318,216088,2388,0,2388,11940,2388,256,0,0,NaN,0,NaN,0.0,1.0000000000022737,
5,19,MULTISTAGE_RH,LEXMMFPEA,shared_battery_mode_node_level_v1,SI-Drahi_13-d2-HET-UHI-BLO-15dd2f4a2b,TK-PB-Drahi_13-d2-HET-UHI-e201b86fbb-r5,SS-ced84ca7a4eb,17,2,lex_phase_2,OPTIMAL,FEASIBLE_POINT,1706.2484148833419,1706.2484148833419,0,76446,76446,117319,216094,2388,0,2388,11940,2388,256,0,0,NaN,0,NaN,0.0,1.0000000000022737,
5,19,MULTISTAGE_RH,LEXMMFPEA,shared_battery_mode_node_level_v1,SI-Drahi_13-d2-HET-UHI-BLO-15dd2f4a2b,TK-PB-Drahi_13-d2-HET-UHI-e201b86fbb-r5,SS-ced84ca7a4eb,17,3,lex_phase_3,OPTIMAL,FEASIBLE_POINT,2559.372622325013,2559.372622325013,0,76446,76446,117320,216100,2388,0,2388,11940,2388,256,0,0,NaN,0,NaN,0.0,1.0000000000022737,
5,19,MULTISTAGE_RH,LEXMMFPEA,shared_battery_mode_node_level_v1,SI-Drahi_13-d2-HET-UHI-BLO-15dd2f4a2b,TK-PB-Drahi_13-d2-HET-UHI-e201b86fbb-r5,SS-ced84ca7a4eb,17,4,lex_phase_4,OPTIMAL,FEASIBLE_POINT,3412.4968297666837,3412.4968297666837,0,76446,76446,117321,216106,2388,0,2388,11940,2388,256,0,0,NaN,0,NaN,0.0,1.0000000000022737,
5,19,MULTISTAGE_RH,LEXMMFPEA,shared_battery_mode_node_level_v1,SI-Drahi_13-d2-HET-UHI-BLO-15dd2f4a2b,TK-PB-Drahi_13-d2-HET-UHI-e201b86fbb-r5,SS-ced84ca7a4eb,17,5,lex_phase_5,OPTIMAL,FEASIBLE_POINT,4265.621037208355,4265.621037208355,0,76446,76446,117322,216112,2388,0,2388,11940,2388,256,0,0,NaN,0,NaN,0.0,1.0000000000022737,
5,19,MULTISTAGE_RH,LEXMMFPEA,shared_battery_mode_node_level_v1,SI-Drahi_13-d2-HET-UHI-BLO-15dd2f4a2b,TK-PB-Drahi_13-d2-HET-UHI-e201b86fbb-r5,SS-ced84ca7a4eb,17,6,economic_tie_break,OPTIMAL,FEASIBLE_POINT,650140.6839876053,650140.6839876053,0,76446,76446,117323,216118,2388,0,2388,11940,2388,256,0,0,NaN,0,NaN,0.0,1.0000000000022737,
5,20,MULTISTAGE_RH,LEXMMFPEA,shared_battery_mode_node_level_v1,SI-Drahi_13-d2-HET-UHI-BLO-15dd2f4a2b,TK-PB-Drahi_13-d2-HET-UHI-e201b86fbb-r5,SS-ced84ca7a4eb,17,1,lex_phase_1,OPTIMAL,FEASIBLE_POINT,853.1242074416709,853.1242074416709,0,76446,76446,117318,216088,2388,0,2388,11940,2388,256,0,0,NaN,0,NaN,0.0,1.0000000000022737,
5,20,MULTISTAGE_RH,LEXMMFPEA,shared_battery_mode_node_level_v1,SI-Drahi_13-d2-HET-UHI-BLO-15dd2f4a2b,TK-PB-Drahi_13-d2-HET-UHI-e201b86fbb-r5,SS-ced84ca7a4eb,17,2,lex_phase_2,OPTIMAL,FEASIBLE_POINT,1706.2484148833419,1706.2484148833419,0,76446,76446,117319,216094,2388,0,2388,11940,2388,256,0,0,NaN,0,NaN,0.0,1.0000000000022737,
5,20,MULTISTAGE_RH,LEXMMFPEA,shared_battery_mode_node_level_v1,SI-Drahi_13-d2-HET-UHI-BLO-15dd2f4a2b,TK-PB-Drahi_13-d2-HET-UHI-e201b86fbb-r5,SS-ced84ca7a4eb,17,3,lex_phase_3,OPTIMAL,FEASIBLE_POINT,2559.372622325013,2559.372622325013,0,76446,76446,117320,216100,2388,0,2388,11940,2388,256,0,0,NaN,0,NaN,0.0,1.0000000000022737,
5,20,MULTISTAGE_RH,LEXMMFPEA,shared_battery_mode_node_level_v1,SI-Drahi_13-d2-HET-UHI-BLO-15dd2f4a2b,TK-PB-Drahi_13-d2-HET-UHI-e201b86fbb-r5,SS-ced84ca7a4eb,17,4,lex_phase_4,OPTIMAL,FEASIBLE_POINT,3412.4968297666837,3412.4968297666837,0,76446,76446,117321,216106,2388,0,2388,11940,2388,256,0,0,NaN,0,NaN,0.0,1.0000000000022737,
5,20,MULTISTAGE_RH,LEXMMFPEA,shared_battery_mode_node_level_v1,SI-Drahi_13-d2-HET-UHI-BLO-15dd2f4a2b,TK-PB-Drahi_13-d2-HET-UHI-e201b86fbb-r5,SS-ced84ca7a4eb,17,5,lex_phase_5,OPTIMAL,FEASIBLE_POINT,4265.621037208355,4265.621037208355,0,76446,76446,117322,216112,2388,0,2388,11940,2388,256,0,0,NaN,0,NaN,0.0,1.0000000000022737,
5,20,MULTISTAGE_RH,LEXMMFPEA,shared_battery_mode_node_level_v1,SI-Drahi_13-d2-HET-UHI-BLO-15dd2f4a2b,TK-PB-Drahi_13-d2-HET-UHI-e201b86fbb-r5,SS-ced84ca7a4eb,17,6,economic_tie_break,OPTIMAL,FEASIBLE_POINT,650140.6839876053,650140.6839876053,0,76446,76446,117323,216118,2388,0,2388,11940,2388,256,0,0,NaN,0,NaN,0.0,1.0000000000022737,
5,21,MULTISTAGE_RH,LEXMMFPEA,shared_battery_mode_node_level_v1,SI-Drahi_13-d2-HET-UHI-BLO-15dd2f4a2b,TK-PB-Drahi_13-d2-HET-UHI-e201b86fbb-r5,SS-fec72d83146f,21,1,lex_phase_1,OPTIMAL,FEASIBLE_POINT,832.6022783473583,832.6022783473583,0,76446,76446,117318,214953,2388,0,2388,11940,2388,256,0,0,NaN,0,NaN,0.0,1.0000000000022737,
5,21,MULTISTAGE_RH,LEXMMFPEA,shared_battery_mode_node_level_v1,SI-Drahi_13-d2-HET-UHI-BLO-15dd2f4a2b,TK-PB-Drahi_13-d2-HET-UHI-e201b86fbb-r5,SS-fec72d83146f,21,2,lex_phase_2,OPTIMAL,FEASIBLE_POINT,1665.2045566947174,1665.2045566947174,0,76446,76446,117319,214959,2388,0,2388,11940,2388,256,0,0,NaN,0,NaN,0.0,1.0000000000022737,
5,21,MULTISTAGE_RH,LEXMMFPEA,shared_battery_mode_node_level_v1,SI-Drahi_13-d2-HET-UHI-BLO-15dd2f4a2b,TK-PB-Drahi_13-d2-HET-UHI-e201b86fbb-r5,SS-fec72d83146f,21,3,lex_phase_3,OPTIMAL,FEASIBLE_POINT,2497.8068350420763,2497.8068350420763,0,76446,76446,117320,214965,2388,0,2388,11940,2388,256,0,0,NaN,0,NaN,0.0,1.0000000000022737,
5,21,MULTISTAGE_RH,LEXMMFPEA,shared_battery_mode_node_level_v1,SI-Drahi_13-d2-HET-UHI-BLO-15dd2f4a2b,TK-PB-Drahi_13-d2-HET-UHI-e201b86fbb-r5,SS-fec72d83146f,21,4,lex_phase_4,OPTIMAL,FEASIBLE_POINT,3330.409113389435,3330.409113389435,0,76446,76446,117321,214971,2388,0,2388,11940,2388,256,0,0,NaN,0,NaN,0.0,1.0000000000022737,
5,21,MULTISTAGE_RH,LEXMMFPEA,shared_battery_mode_node_level_v1,SI-Drahi_13-d2-HET-UHI-BLO-15dd2f4a2b,TK-PB-Drahi_13-d2-HET-UHI-e201b86fbb-r5,SS-fec72d83146f,21,5,lex_phase_5,OPTIMAL,FEASIBLE_POINT,4163.0113917367935,4163.0113917367935,0,76446,76446,117322,214977,2388,0,2388,11940,2388,256,0,0,NaN,0,NaN,0.0,1.0000000000022737,
5,21,MULTISTAGE_RH,LEXMMFPEA,shared_battery_mode_node_level_v1,SI-Drahi_13-d2-HET-UHI-BLO-15dd2f4a2b,TK-PB-Drahi_13-d2-HET-UHI-e201b86fbb-r5,SS-fec72d83146f,21,6,economic_tie_break,OPTIMAL,FEASIBLE_POINT,661455.4944197297,661455.4944197297,0,76446,76446,117323,214983,2388,0,2388,11940,2388,256,0,0,NaN,0,NaN,0.0,1.0000000000022737,
5,22,MULTISTAGE_RH,LEXMMFPEA,shared_battery_mode_node_level_v1,SI-Drahi_13-d2-HET-UHI-BLO-15dd2f4a2b,TK-PB-Drahi_13-d2-HET-UHI-e201b86fbb-r5,SS-fec72d83146f,21,1,lex_phase_1,OPTIMAL,FEASIBLE_POINT,832.6022783473583,832.6022783473583,0,76446,76446,117318,214953,2388,0,2388,11940,2388,256,0,0,NaN,0,NaN,0.0,1.0000000000022737,
5,22,MULTISTAGE_RH,LEXMMFPEA,shared_battery_mode_node_level_v1,SI-Drahi_13-d2-HET-UHI-BLO-15dd2f4a2b,TK-PB-Drahi_13-d2-HET-UHI-e201b86fbb-r5,SS-fec72d83146f,21,2,lex_phase_2,OPTIMAL,FEASIBLE_POINT,1665.2045566947174,1665.2045566947174,0,76446,76446,117319,214959,2388,0,2388,11940,2388,256,0,0,NaN,0,NaN,0.0,1.0000000000022737,
5,22,MULTISTAGE_RH,LEXMMFPEA,shared_battery_mode_node_level_v1,SI-Drahi_13-d2-HET-UHI-BLO-15dd2f4a2b,TK-PB-Drahi_13-d2-HET-UHI-e201b86fbb-r5,SS-fec72d83146f,21,3,lex_phase_3,OPTIMAL,FEASIBLE_POINT,2497.8068350420763,2497.8068350420763,0,76446,76446,117320,214965,2388,0,2388,11940,2388,256,0,0,NaN,0,NaN,0.0,1.0000000000022737,
5,22,MULTISTAGE_RH,LEXMMFPEA,shared_battery_mode_node_level_v1,SI-Drahi_13-d2-HET-UHI-BLO-15dd2f4a2b,TK-PB-Drahi_13-d2-HET-UHI-e201b86fbb-r5,SS-fec72d83146f,21,4,lex_phase_4,OPTIMAL,FEASIBLE_POINT,3330.409113389435,3330.409113389435,0,76446,76446,117321,214971,2388,0,2388,11940,2388,256,0,0,NaN,0,NaN,0.0,1.0000000000022737,
5,22,MULTISTAGE_RH,LEXMMFPEA,shared_battery_mode_node_level_v1,SI-Drahi_13-d2-HET-UHI-BLO-15dd2f4a2b,TK-PB-Drahi_13-d2-HET-UHI-e201b86fbb-r5,SS-fec72d83146f,21,5,lex_phase_5,OPTIMAL,FEASIBLE_POINT,4163.0113917367935,4163.0113917367935,0,76446,76446,117322,214977,2388,0,2388,11940,2388,256,0,0,NaN,0,NaN,0.0,1.0000000000022737,
5,22,MULTISTAGE_RH,LEXMMFPEA,shared_battery_mode_node_level_v1,SI-Drahi_13-d2-HET-UHI-BLO-15dd2f4a2b,TK-PB-Drahi_13-d2-HET-UHI-e201b86fbb-r5,SS-fec72d83146f,21,6,economic_tie_break,OPTIMAL,FEASIBLE_POINT,661455.4944197297,661455.4944197297,0,76446,76446,117323,214983,2388,0,2388,11940,2388,256,0,0,NaN,0,NaN,0.0,1.0000000000022737,
5,23,MULTISTAGE_RH,LEXMMFPEA,shared_battery_mode_node_level_v1,SI-Drahi_13-d2-HET-UHI-BLO-15dd2f4a2b,TK-PB-Drahi_13-d2-HET-UHI-e201b86fbb-r5,SS-fec72d83146f,21,1,lex_phase_1,OPTIMAL,FEASIBLE_POINT,832.6022783473583,832.6022783473583,0,76446,76446,117318,214953,2388,0,2388,11940,2388,256,0,0,NaN,0,NaN,0.0,1.0000000000022737,
5,23,MULTISTAGE_RH,LEXMMFPEA,shared_battery_mode_node_level_v1,SI-Drahi_13-d2-HET-UHI-BLO-15dd2f4a2b,TK-PB-Drahi_13-d2-HET-UHI-e201b86fbb-r5,SS-fec72d83146f,21,2,lex_phase_2,OPTIMAL,FEASIBLE_POINT,1665.2045566947174,1665.2045566947174,0,76446,76446,117319,214959,2388,0,2388,11940,2388,256,0,0,NaN,0,NaN,0.0,1.0000000000022737,
5,23,MULTISTAGE_RH,LEXMMFPEA,shared_battery_mode_node_level_v1,SI-Drahi_13-d2-HET-UHI-BLO-15dd2f4a2b,TK-PB-Drahi_13-d2-HET-UHI-e201b86fbb-r5,SS-fec72d83146f,21,3,lex_phase_3,OPTIMAL,FEASIBLE_POINT,2497.8068350420763,2497.8068350420763,0,76446,76446,117320,214965,2388,0,2388,11940,2388,256,0,0,NaN,0,NaN,0.0,1.0000000000022737,
5,23,MULTISTAGE_RH,LEXMMFPEA,shared_battery_mode_node_level_v1,SI-Drahi_13-d2-HET-UHI-BLO-15dd2f4a2b,TK-PB-Drahi_13-d2-HET-UHI-e201b86fbb-r5,SS-fec72d83146f,21,4,lex_phase_4,OPTIMAL,FEASIBLE_POINT,3330.409113389435,3330.409113389435,0,76446,76446,117321,214971,2388,0,2388,11940,2388,256,0,0,NaN,0,NaN,0.0,1.0000000000022737,
5,23,MULTISTAGE_RH,LEXMMFPEA,shared_battery_mode_node_level_v1,SI-Drahi_13-d2-HET-UHI-BLO-15dd2f4a2b,TK-PB-Drahi_13-d2-HET-UHI-e201b86fbb-r5,SS-fec72d83146f,21,5,lex_phase_5,OPTIMAL,FEASIBLE_POINT,4163.0113917367935,4163.0113917367935,0,76446,76446,117322,214977,2388,0,2388,11940,2388,256,0,0,NaN,0,NaN,0.0,1.0000000000022737,
5,23,MULTISTAGE_RH,LEXMMFPEA,shared_battery_mode_node_level_v1,SI-Drahi_13-d2-HET-UHI-BLO-15dd2f4a2b,TK-PB-Drahi_13-d2-HET-UHI-e201b86fbb-r5,SS-fec72d83146f,21,6,economic_tie_break,OPTIMAL,FEASIBLE_POINT,661455.4944197297,661455.4944197297,0,76446,76446,117323,214983,2388,0,2388,11940,2388,256,0,0,NaN,0,NaN,0.0,1.0000000000022737,
5,24,MULTISTAGE_RH,LEXMMFPEA,shared_battery_mode_node_level_v1,SI-Drahi_13-d2-HET-UHI-BLO-15dd2f4a2b,TK-PB-Drahi_13-d2-HET-UHI-e201b86fbb-r5,SS-fec72d83146f,21,1,lex_phase_1,OPTIMAL,FEASIBLE_POINT,832.6022783473583,832.6022783473583,0,76446,76446,117318,214953,2388,0,2388,11940,2388,256,0,0,NaN,0,NaN,0.0,1.0000000000022737,
5,24,MULTISTAGE_RH,LEXMMFPEA,shared_battery_mode_node_level_v1,SI-Drahi_13-d2-HET-UHI-BLO-15dd2f4a2b,TK-PB-Drahi_13-d2-HET-UHI-e201b86fbb-r5,SS-fec72d83146f,21,2,lex_phase_2,OPTIMAL,FEASIBLE_POINT,1665.2045566947174,1665.2045566947174,0,76446,76446,117319,214959,2388,0,2388,11940,2388,256,0,0,NaN,0,NaN,0.0,1.0000000000022737,
5,24,MULTISTAGE_RH,LEXMMFPEA,shared_battery_mode_node_level_v1,SI-Drahi_13-d2-HET-UHI-BLO-15dd2f4a2b,TK-PB-Drahi_13-d2-HET-UHI-e201b86fbb-r5,SS-fec72d83146f,21,3,lex_phase_3,OPTIMAL,FEASIBLE_POINT,2497.8068350420763,2497.8068350420763,0,76446,76446,117320,214965,2388,0,2388,11940,2388,256,0,0,NaN,0,NaN,0.0,1.0000000000022737,
5,24,MULTISTAGE_RH,LEXMMFPEA,shared_battery_mode_node_level_v1,SI-Drahi_13-d2-HET-UHI-BLO-15dd2f4a2b,TK-PB-Drahi_13-d2-HET-UHI-e201b86fbb-r5,SS-fec72d83146f,21,4,lex_phase_4,OPTIMAL,FEASIBLE_POINT,3330.409113389435,3330.409113389435,0,76446,76446,117321,214971,2388,0,2388,11940,2388,256,0,0,NaN,0,NaN,0.0,1.0000000000022737,
5,24,MULTISTAGE_RH,LEXMMFPEA,shared_battery_mode_node_level_v1,SI-Drahi_13-d2-HET-UHI-BLO-15dd2f4a2b,TK-PB-Drahi_13-d2-HET-UHI-e201b86fbb-r5,SS-fec72d83146f,21,5,lex_phase_5,OPTIMAL,FEASIBLE_POINT,4163.0113917367935,4163.0113917367935,0,76446,76446,117322,214977,2388,0,2388,11940,2388,256,0,0,NaN,0,NaN,0.0,1.0000000000022737,
5,24,MULTISTAGE_RH,LEXMMFPEA,shared_battery_mode_node_level_v1,SI-Drahi_13-d2-HET-UHI-BLO-15dd2f4a2b,TK-PB-Drahi_13-d2-HET-UHI-e201b86fbb-r5,SS-fec72d83146f,21,6,economic_tie_break,OPTIMAL,FEASIBLE_POINT,661455.4944197297,661455.4944197297,0,76446,76446,117323,214983,2388,0,2388,11940,2388,256,0,0,NaN,0,NaN,0.0,1.0000000000022737,
5,1,MULTISTAGE_RH,LEXMMFSA,shared_battery_mode_node_level_v1,SI-Drahi_13-d2-HET-UHI-BLO-15dd2f4a2b,TK-PB-Drahi_13-d2-HET-UHI-e201b86fbb-r5,SS-b6fde45dba3b,1,1,lex_phase_1,OPTIMAL,FEASIBLE_POINT,32384.163154630958,32384.163154630958,0,76446,76446,117318,330283,2388,0,2388,11940,2388,256,0,0,NaN,0,NaN,0.0,1.0000000001455192,
5,1,MULTISTAGE_RH,LEXMMFSA,shared_battery_mode_node_level_v1,SI-Drahi_13-d2-HET-UHI-BLO-15dd2f4a2b,TK-PB-Drahi_13-d2-HET-UHI-e201b86fbb-r5,SS-b6fde45dba3b,1,2,lex_phase_2,OPTIMAL,FEASIBLE_POINT,64768.32630926165,64768.32630926165,0,76446,76446,117319,330289,2388,0,2388,11940,2388,256,0,0,NaN,0,NaN,0.0,1.0000000001455192,
5,1,MULTISTAGE_RH,LEXMMFSA,shared_battery_mode_node_level_v1,SI-Drahi_13-d2-HET-UHI-BLO-15dd2f4a2b,TK-PB-Drahi_13-d2-HET-UHI-e201b86fbb-r5,SS-b6fde45dba3b,1,3,lex_phase_3,OPTIMAL,FEASIBLE_POINT,97158.31245049863,97158.31245049863,0,76446,76446,117320,330295,2388,0,2388,11940,2388,256,0,0,NaN,0,NaN,0.0,1.0000000001455192,
5,1,MULTISTAGE_RH,LEXMMFSA,shared_battery_mode_node_level_v1,SI-Drahi_13-d2-HET-UHI-BLO-15dd2f4a2b,TK-PB-Drahi_13-d2-HET-UHI-e201b86fbb-r5,SS-b6fde45dba3b,1,4,lex_phase_4,OPTIMAL,FEASIBLE_POINT,129549.29859173545,129549.29859173545,0,76446,76446,117321,330301,2388,0,2388,11940,2388,256,0,0,NaN,0,NaN,0.0,1.0000000001455192,
5,1,MULTISTAGE_RH,LEXMMFSA,shared_battery_mode_node_level_v1,SI-Drahi_13-d2-HET-UHI-BLO-15dd2f4a2b,TK-PB-Drahi_13-d2-HET-UHI-e201b86fbb-r5,SS-b6fde45dba3b,1,5,lex_phase_5,OPTIMAL,FEASIBLE_POINT,161940.437457908,161940.437457908,0,76446,76446,117322,330307,2388,0,2388,11940,2388,256,0,0,NaN,0,NaN,0.0,1.0000000001455192,
5,1,MULTISTAGE_RH,LEXMMFSA,shared_battery_mode_node_level_v1,SI-Drahi_13-d2-HET-UHI-BLO-15dd2f4a2b,TK-PB-Drahi_13-d2-HET-UHI-e201b86fbb-r5,SS-b6fde45dba3b,1,6,economic_tie_break,OPTIMAL,FEASIBLE_POINT,758888.2180365956,758888.2180365956,0,76446,76446,117323,330313,2388,0,2388,11940,2388,256,0,0,NaN,0,NaN,0.0,1.0000000001455192,
5,2,MULTISTAGE_RH,LEXMMFSA,shared_battery_mode_node_level_v1,SI-Drahi_13-d2-HET-UHI-BLO-15dd2f4a2b,TK-PB-Drahi_13-d2-HET-UHI-e201b86fbb-r5,SS-b6fde45dba3b,1,1,lex_phase_1,OPTIMAL,FEASIBLE_POINT,32384.163154630958,32384.163154630958,0,76446,76446,117318,330283,2388,0,2388,11940,2388,256,0,0,NaN,0,NaN,0.8199737187910623,1.0000000001455192,
5,2,MULTISTAGE_RH,LEXMMFSA,shared_battery_mode_node_level_v1,SI-Drahi_13-d2-HET-UHI-BLO-15dd2f4a2b,TK-PB-Drahi_13-d2-HET-UHI-e201b86fbb-r5,SS-b6fde45dba3b,1,2,lex_phase_2,OPTIMAL,FEASIBLE_POINT,64768.32630926165,64768.32630926165,0,76446,76446,117319,330289,2388,0,2388,11940,2388,256,0,0,NaN,0,NaN,0.8199737187910623,1.0000000001455192,
5,2,MULTISTAGE_RH,LEXMMFSA,shared_battery_mode_node_level_v1,SI-Drahi_13-d2-HET-UHI-BLO-15dd2f4a2b,TK-PB-Drahi_13-d2-HET-UHI-e201b86fbb-r5,SS-b6fde45dba3b,1,3,lex_phase_3,OPTIMAL,FEASIBLE_POINT,97158.31245049863,97158.31245049863,0,76446,76446,117320,330295,2388,0,2388,11940,2388,256,0,0,NaN,0,NaN,0.8199737187910623,1.0000000001455192,
5,2,MULTISTAGE_RH,LEXMMFSA,shared_battery_mode_node_level_v1,SI-Drahi_13-d2-HET-UHI-BLO-15dd2f4a2b,TK-PB-Drahi_13-d2-HET-UHI-e201b86fbb-r5,SS-b6fde45dba3b,1,4,lex_phase_4,OPTIMAL,FEASIBLE_POINT,129549.29859173545,129549.29859173545,0,76446,76446,117321,330301,2388,0,2388,11940,2388,256,0,0,NaN,0,NaN,0.8199737187910623,1.0000000001455192,
5,2,MULTISTAGE_RH,LEXMMFSA,shared_battery_mode_node_level_v1,SI-Drahi_13-d2-HET-UHI-BLO-15dd2f4a2b,TK-PB-Drahi_13-d2-HET-UHI-e201b86fbb-r5,SS-b6fde45dba3b,1,5,lex_phase_5,OPTIMAL,FEASIBLE_POINT,161940.437457908,161940.437457908,0,76446,76446,117322,330307,2388,0,2388,11940,2388,256,0,0,NaN,0,NaN,0.8199737187910623,1.0000000001455192,
5,2,MULTISTAGE_RH,LEXMMFSA,shared_battery_mode_node_level_v1,SI-Drahi_13-d2-HET-UHI-BLO-15dd2f4a2b,TK-PB-Drahi_13-d2-HET-UHI-e201b86fbb-r5,SS-b6fde45dba3b,1,6,economic_tie_break,OPTIMAL,FEASIBLE_POINT,758888.2180365956,758888.2180365956,0,76446,76446,117323,330313,2388,0,2388,11940,2388,256,0,0,NaN,0,NaN,0.8199737187910623,1.0000000001455192,
5,3,MULTISTAGE_RH,LEXMMFSA,shared_battery_mode_node_level_v1,SI-Drahi_13-d2-HET-UHI-BLO-15dd2f4a2b,TK-PB-Drahi_13-d2-HET-UHI-e201b86fbb-r5,SS-b6fde45dba3b,1,1,lex_phase_1,OPTIMAL,FEASIBLE_POINT,32384.163154630958,32384.163154630958,0,76446,76446,117318,330283,2388,0,2388,11940,2388,256,0,0,NaN,0,NaN,0.0,1.0000000001455192,
5,3,MULTISTAGE_RH,LEXMMFSA,shared_battery_mode_node_level_v1,SI-Drahi_13-d2-HET-UHI-BLO-15dd2f4a2b,TK-PB-Drahi_13-d2-HET-UHI-e201b86fbb-r5,SS-b6fde45dba3b,1,2,lex_phase_2,OPTIMAL,FEASIBLE_POINT,64768.32630926165,64768.32630926165,0,76446,76446,117319,330289,2388,0,2388,11940,2388,256,0,0,NaN,0,NaN,0.0,1.0000000001455192,
5,3,MULTISTAGE_RH,LEXMMFSA,shared_battery_mode_node_level_v1,SI-Drahi_13-d2-HET-UHI-BLO-15dd2f4a2b,TK-PB-Drahi_13-d2-HET-UHI-e201b86fbb-r5,SS-b6fde45dba3b,1,3,lex_phase_3,OPTIMAL,FEASIBLE_POINT,97158.31245049863,97158.31245049863,0,76446,76446,117320,330295,2388,0,2388,11940,2388,256,0,0,NaN,0,NaN,0.0,1.0000000001455192,
5,3,MULTISTAGE_RH,LEXMMFSA,shared_battery_mode_node_level_v1,SI-Drahi_13-d2-HET-UHI-BLO-15dd2f4a2b,TK-PB-Drahi_13-d2-HET-UHI-e201b86fbb-r5,SS-b6fde45dba3b,1,4,lex_phase_4,OPTIMAL,FEASIBLE_POINT,129549.29859173545,129549.29859173545,0,76446,76446,117321,330301,2388,0,2388,11940,2388,256,0,0,NaN,0,NaN,0.0,1.0000000001455192,
5,3,MULTISTAGE_RH,LEXMMFSA,shared_battery_mode_node_level_v1,SI-Drahi_13-d2-HET-UHI-BLO-15dd2f4a2b,TK-PB-Drahi_13-d2-HET-UHI-e201b86fbb-r5,SS-b6fde45dba3b,1,5,lex_phase_5,OPTIMAL,FEASIBLE_POINT,161940.437457908,161940.437457908,0,76446,76446,117322,330307,2388,0,2388,11940,2388,256,0,0,NaN,0,NaN,0.0,1.0000000001455192,
5,3,MULTISTAGE_RH,LEXMMFSA,shared_battery_mode_node_level_v1,SI-Drahi_13-d2-HET-UHI-BLO-15dd2f4a2b,TK-PB-Drahi_13-d2-HET-UHI-e201b86fbb-r5,SS-b6fde45dba3b,1,6,economic_tie_break,OPTIMAL,FEASIBLE_POINT,758888.2180365956,758888.2180365956,0,76446,76446,117323,330313,2388,0,2388,11940,2388,256,0,0,NaN,0,NaN,0.0,1.0000000001455192,
5,4,MULTISTAGE_RH,LEXMMFSA,shared_battery_mode_node_level_v1,SI-Drahi_13-d2-HET-UHI-BLO-15dd2f4a2b,TK-PB-Drahi_13-d2-HET-UHI-e201b86fbb-r5,SS-b6fde45dba3b,1,1,lex_phase_1,OPTIMAL,FEASIBLE_POINT,32384.163154630958,32384.163154630958,0,76446,76446,117318,330283,2388,0,2388,11940,2388,256,0,0,NaN,0,NaN,7.216449660063518e-16,1.0000000001455192,
5,4,MULTISTAGE_RH,LEXMMFSA,shared_battery_mode_node_level_v1,SI-Drahi_13-d2-HET-UHI-BLO-15dd2f4a2b,TK-PB-Drahi_13-d2-HET-UHI-e201b86fbb-r5,SS-b6fde45dba3b,1,2,lex_phase_2,OPTIMAL,FEASIBLE_POINT,64768.32630926165,64768.32630926165,0,76446,76446,117319,330289,2388,0,2388,11940,2388,256,0,0,NaN,0,NaN,7.216449660063518e-16,1.0000000001455192,
5,4,MULTISTAGE_RH,LEXMMFSA,shared_battery_mode_node_level_v1,SI-Drahi_13-d2-HET-UHI-BLO-15dd2f4a2b,TK-PB-Drahi_13-d2-HET-UHI-e201b86fbb-r5,SS-b6fde45dba3b,1,3,lex_phase_3,OPTIMAL,FEASIBLE_POINT,97158.31245049863,97158.31245049863,0,76446,76446,117320,330295,2388,0,2388,11940,2388,256,0,0,NaN,0,NaN,7.216449660063518e-16,1.0000000001455192,
5,4,MULTISTAGE_RH,LEXMMFSA,shared_battery_mode_node_level_v1,SI-Drahi_13-d2-HET-UHI-BLO-15dd2f4a2b,TK-PB-Drahi_13-d2-HET-UHI-e201b86fbb-r5,SS-b6fde45dba3b,1,4,lex_phase_4,OPTIMAL,FEASIBLE_POINT,129549.29859173545,129549.29859173545,0,76446,76446,117321,330301,2388,0,2388,11940,2388,256,0,0,NaN,0,NaN,7.216449660063518e-16,1.0000000001455192,
5,4,MULTISTAGE_RH,LEXMMFSA,shared_battery_mode_node_level_v1,SI-Drahi_13-d2-HET-UHI-BLO-15dd2f4a2b,TK-PB-Drahi_13-d2-HET-UHI-e201b86fbb-r5,SS-b6fde45dba3b,1,5,lex_phase_5,OPTIMAL,FEASIBLE_POINT,161940.437457908,161940.437457908,0,76446,76446,117322,330307,2388,0,2388,11940,2388,256,0,0,NaN,0,NaN,7.216449660063518e-16,1.0000000001455192,
5,4,MULTISTAGE_RH,LEXMMFSA,shared_battery_mode_node_level_v1,SI-Drahi_13-d2-HET-UHI-BLO-15dd2f4a2b,TK-PB-Drahi_13-d2-HET-UHI-e201b86fbb-r5,SS-b6fde45dba3b,1,6,economic_tie_break,OPTIMAL,FEASIBLE_POINT,758888.2180365956,758888.2180365956,0,76446,76446,117323,330313,2388,0,2388,11940,2388,256,0,0,NaN,0,NaN,7.216449660063518e-16,1.0000000001455192,
5,5,MULTISTAGE_RH,LEXMMFSA,shared_battery_mode_node_level_v1,SI-Drahi_13-d2-HET-UHI-BLO-15dd2f4a2b,TK-PB-Drahi_13-d2-HET-UHI-e201b86fbb-r5,SS-59c6d7df9164,5,1,lex_phase_1,OPTIMAL,FEASIBLE_POINT,20198.868126243033,20198.868126243033,0,76446,76446,117318,326178,2388,0,2388,11940,2388,256,0,0,NaN,0,NaN,0.0,0.9999999998690328,
5,5,MULTISTAGE_RH,LEXMMFSA,shared_battery_mode_node_level_v1,SI-Drahi_13-d2-HET-UHI-BLO-15dd2f4a2b,TK-PB-Drahi_13-d2-HET-UHI-e201b86fbb-r5,SS-59c6d7df9164,5,2,lex_phase_2,OPTIMAL,FEASIBLE_POINT,40397.73625248684,40397.73625248684,0,76446,76446,117319,326184,2388,0,2388,11940,2388,256,0,0,NaN,0,NaN,0.0,0.9999999998690328,
5,5,MULTISTAGE_RH,LEXMMFSA,shared_battery_mode_node_level_v1,SI-Drahi_13-d2-HET-UHI-BLO-15dd2f4a2b,TK-PB-Drahi_13-d2-HET-UHI-e201b86fbb-r5,SS-59c6d7df9164,5,3,lex_phase_3,OPTIMAL,FEASIBLE_POINT,60602.132461601184,60602.132461601184,0,76446,76446,117320,326190,2388,0,2388,11940,2388,256,0,0,NaN,0,NaN,0.0,0.9999999998690328,
5,5,MULTISTAGE_RH,LEXMMFSA,shared_battery_mode_node_level_v1,SI-Drahi_13-d2-HET-UHI-BLO-15dd2f4a2b,TK-PB-Drahi_13-d2-HET-UHI-e201b86fbb-r5,SS-59c6d7df9164,5,4,lex_phase_4,OPTIMAL,FEASIBLE_POINT,80807.52867071281,80807.52867071281,0,76446,76446,117321,326196,2388,0,2388,11940,2388,256,0,0,NaN,0,NaN,0.0,0.9999999998690328,
5,5,MULTISTAGE_RH,LEXMMFSA,shared_battery_mode_node_level_v1,SI-Drahi_13-d2-HET-UHI-BLO-15dd2f4a2b,TK-PB-Drahi_13-d2-HET-UHI-e201b86fbb-r5,SS-59c6d7df9164,5,5,lex_phase_5,OPTIMAL,FEASIBLE_POINT,101013.00097434949,101013.00097434949,0,76446,76446,117322,326202,2388,0,2388,11940,2388,256,0,0,NaN,0,NaN,0.0,0.9999999998690328,
5,5,MULTISTAGE_RH,LEXMMFSA,shared_battery_mode_node_level_v1,SI-Drahi_13-d2-HET-UHI-BLO-15dd2f4a2b,TK-PB-Drahi_13-d2-HET-UHI-e201b86fbb-r5,SS-59c6d7df9164,5,6,economic_tie_break,OPTIMAL,FEASIBLE_POINT,690576.4343805485,690576.4343805485,0,76446,76446,117323,326208,2388,0,2388,11940,2388,256,0,0,NaN,0,NaN,0.0,0.9999999998690328,
5,6,MULTISTAGE_RH,LEXMMFSA,shared_battery_mode_node_level_v1,SI-Drahi_13-d2-HET-UHI-BLO-15dd2f4a2b,TK-PB-Drahi_13-d2-HET-UHI-e201b86fbb-r5,SS-59c6d7df9164,5,1,lex_phase_1,OPTIMAL,FEASIBLE_POINT,20198.868126243033,20198.868126243033,0,76446,76446,117318,326178,2388,0,2388,11940,2388,256,0,0,NaN,0,NaN,0.40998685939553114,0.9999999998690328,
5,6,MULTISTAGE_RH,LEXMMFSA,shared_battery_mode_node_level_v1,SI-Drahi_13-d2-HET-UHI-BLO-15dd2f4a2b,TK-PB-Drahi_13-d2-HET-UHI-e201b86fbb-r5,SS-59c6d7df9164,5,2,lex_phase_2,OPTIMAL,FEASIBLE_POINT,40397.73625248684,40397.73625248684,0,76446,76446,117319,326184,2388,0,2388,11940,2388,256,0,0,NaN,0,NaN,0.40998685939553114,0.9999999998690328,
5,6,MULTISTAGE_RH,LEXMMFSA,shared_battery_mode_node_level_v1,SI-Drahi_13-d2-HET-UHI-BLO-15dd2f4a2b,TK-PB-Drahi_13-d2-HET-UHI-e201b86fbb-r5,SS-59c6d7df9164,5,3,lex_phase_3,OPTIMAL,FEASIBLE_POINT,60602.132461601184,60602.132461601184,0,76446,76446,117320,326190,2388,0,2388,11940,2388,256,0,0,NaN,0,NaN,0.40998685939553114,0.9999999998690328,
5,6,MULTISTAGE_RH,LEXMMFSA,shared_battery_mode_node_level_v1,SI-Drahi_13-d2-HET-UHI-BLO-15dd2f4a2b,TK-PB-Drahi_13-d2-HET-UHI-e201b86fbb-r5,SS-59c6d7df9164,5,4,lex_phase_4,OPTIMAL,FEASIBLE_POINT,80807.52867071281,80807.52867071281,0,76446,76446,117321,326196,2388,0,2388,11940,2388,256,0,0,NaN,0,NaN,0.40998685939553114,0.9999999998690328,
5,6,MULTISTAGE_RH,LEXMMFSA,shared_battery_mode_node_level_v1,SI-Drahi_13-d2-HET-UHI-BLO-15dd2f4a2b,TK-PB-Drahi_13-d2-HET-UHI-e201b86fbb-r5,SS-59c6d7df9164,5,5,lex_phase_5,OPTIMAL,FEASIBLE_POINT,101013.00097434949,101013.00097434949,0,76446,76446,117322,326202,2388,0,2388,11940,2388,256,0,0,NaN,0,NaN,0.40998685939553114,0.9999999998690328,
5,6,MULTISTAGE_RH,LEXMMFSA,shared_battery_mode_node_level_v1,SI-Drahi_13-d2-HET-UHI-BLO-15dd2f4a2b,TK-PB-Drahi_13-d2-HET-UHI-e201b86fbb-r5,SS-59c6d7df9164,5,6,economic_tie_break,OPTIMAL,FEASIBLE_POINT,690576.4343805485,690576.4343805485,0,76446,76446,117323,326208,2388,0,2388,11940,2388,256,0,0,NaN,0,NaN,0.40998685939553114,0.9999999998690328,
5,7,MULTISTAGE_RH,LEXMMFSA,shared_battery_mode_node_level_v1,SI-Drahi_13-d2-HET-UHI-BLO-15dd2f4a2b,TK-PB-Drahi_13-d2-HET-UHI-e201b86fbb-r5,SS-59c6d7df9164,5,1,lex_phase_1,OPTIMAL,FEASIBLE_POINT,20198.868126243033,20198.868126243033,0,76446,76446,117318,326178,2388,0,2388,11940,2388,256,0,0,NaN,0,NaN,8.881784197001252e-16,0.9999999998690328,
5,7,MULTISTAGE_RH,LEXMMFSA,shared_battery_mode_node_level_v1,SI-Drahi_13-d2-HET-UHI-BLO-15dd2f4a2b,TK-PB-Drahi_13-d2-HET-UHI-e201b86fbb-r5,SS-59c6d7df9164,5,2,lex_phase_2,OPTIMAL,FEASIBLE_POINT,40397.73625248684,40397.73625248684,0,76446,76446,117319,326184,2388,0,2388,11940,2388,256,0,0,NaN,0,NaN,8.881784197001252e-16,0.9999999998690328,
5,7,MULTISTAGE_RH,LEXMMFSA,shared_battery_mode_node_level_v1,SI-Drahi_13-d2-HET-UHI-BLO-15dd2f4a2b,TK-PB-Drahi_13-d2-HET-UHI-e201b86fbb-r5,SS-59c6d7df9164,5,3,lex_phase_3,OPTIMAL,FEASIBLE_POINT,60602.132461601184,60602.132461601184,0,76446,76446,117320,326190,2388,0,2388,11940,2388,256,0,0,NaN,0,NaN,8.881784197001252e-16,0.9999999998690328,
5,7,MULTISTAGE_RH,LEXMMFSA,shared_battery_mode_node_level_v1,SI-Drahi_13-d2-HET-UHI-BLO-15dd2f4a2b,TK-PB-Drahi_13-d2-HET-UHI-e201b86fbb-r5,SS-59c6d7df9164,5,4,lex_phase_4,OPTIMAL,FEASIBLE_POINT,80807.52867071281,80807.52867071281,0,76446,76446,117321,326196,2388,0,2388,11940,2388,256,0,0,NaN,0,NaN,8.881784197001252e-16,0.9999999998690328,
5,7,MULTISTAGE_RH,LEXMMFSA,shared_battery_mode_node_level_v1,SI-Drahi_13-d2-HET-UHI-BLO-15dd2f4a2b,TK-PB-Drahi_13-d2-HET-UHI-e201b86fbb-r5,SS-59c6d7df9164,5,5,lex_phase_5,OPTIMAL,FEASIBLE_POINT,101013.00097434949,101013.00097434949,0,76446,76446,117322,326202,2388,0,2388,11940,2388,256,0,0,NaN,0,NaN,8.881784197001252e-16,0.9999999998690328,
5,7,MULTISTAGE_RH,LEXMMFSA,shared_battery_mode_node_level_v1,SI-Drahi_13-d2-HET-UHI-BLO-15dd2f4a2b,TK-PB-Drahi_13-d2-HET-UHI-e201b86fbb-r5,SS-59c6d7df9164,5,6,economic_tie_break,OPTIMAL,FEASIBLE_POINT,690576.4343805485,690576.4343805485,0,76446,76446,117323,326208,2388,0,2388,11940,2388,256,0,0,NaN,0,NaN,8.881784197001252e-16,0.9999999998690328,
5,8,MULTISTAGE_RH,LEXMMFSA,shared_battery_mode_node_level_v1,SI-Drahi_13-d2-HET-UHI-BLO-15dd2f4a2b,TK-PB-Drahi_13-d2-HET-UHI-e201b86fbb-r5,SS-59c6d7df9164,5,1,lex_phase_1,OPTIMAL,FEASIBLE_POINT,20198.868126243033,20198.868126243033,0,76446,76446,117318,326178,2388,0,2388,11940,2388,256,0,0,NaN,0,NaN,0.4099868593955316,0.9999999998690328,
5,8,MULTISTAGE_RH,LEXMMFSA,shared_battery_mode_node_level_v1,SI-Drahi_13-d2-HET-UHI-BLO-15dd2f4a2b,TK-PB-Drahi_13-d2-HET-UHI-e201b86fbb-r5,SS-59c6d7df9164,5,2,lex_phase_2,OPTIMAL,FEASIBLE_POINT,40397.73625248684,40397.73625248684,0,76446,76446,117319,326184,2388,0,2388,11940,2388,256,0,0,NaN,0,NaN,0.4099868593955316,0.9999999998690328,
5,8,MULTISTAGE_RH,LEXMMFSA,shared_battery_mode_node_level_v1,SI-Drahi_13-d2-HET-UHI-BLO-15dd2f4a2b,TK-PB-Drahi_13-d2-HET-UHI-e201b86fbb-r5,SS-59c6d7df9164,5,3,lex_phase_3,OPTIMAL,FEASIBLE_POINT,60602.132461601184,60602.132461601184,0,76446,76446,117320,326190,2388,0,2388,11940,2388,256,0,0,NaN,0,NaN,0.4099868593955316,0.9999999998690328,
5,8,MULTISTAGE_RH,LEXMMFSA,shared_battery_mode_node_level_v1,SI-Drahi_13-d2-HET-UHI-BLO-15dd2f4a2b,TK-PB-Drahi_13-d2-HET-UHI-e201b86fbb-r5,SS-59c6d7df9164,5,4,lex_phase_4,OPTIMAL,FEASIBLE_POINT,80807.52867071281,80807.52867071281,0,76446,76446,117321,326196,2388,0,2388,11940,2388,256,0,0,NaN,0,NaN,0.4099868593955316,0.9999999998690328,
5,8,MULTISTAGE_RH,LEXMMFSA,shared_battery_mode_node_level_v1,SI-Drahi_13-d2-HET-UHI-BLO-15dd2f4a2b,TK-PB-Drahi_13-d2-HET-UHI-e201b86fbb-r5,SS-59c6d7df9164,5,5,lex_phase_5,OPTIMAL,FEASIBLE_POINT,101013.00097434949,101013.00097434949,0,76446,76446,117322,326202,2388,0,2388,11940,2388,256,0,0,NaN,0,NaN,0.4099868593955316,0.9999999998690328,
5,8,MULTISTAGE_RH,LEXMMFSA,shared_battery_mode_node_level_v1,SI-Drahi_13-d2-HET-UHI-BLO-15dd2f4a2b,TK-PB-Drahi_13-d2-HET-UHI-e201b86fbb-r5,SS-59c6d7df9164,5,6,economic_tie_break,OPTIMAL,FEASIBLE_POINT,690576.4343805485,690576.4343805485,0,76446,76446,117323,326208,2388,0,2388,11940,2388,256,0,0,NaN,0,NaN,0.4099868593955316,0.9999999998690328,
5,9,MULTISTAGE_RH,LEXMMFSA,shared_battery_mode_node_level_v1,SI-Drahi_13-d2-HET-UHI-BLO-15dd2f4a2b,TK-PB-Drahi_13-d2-HET-UHI-e201b86fbb-r5,SS-baeb7d556d60,9,1,lex_phase_1,OPTIMAL,FEASIBLE_POINT,43473.26820607026,43473.26820607026,0,76446,76446,117318,330033,2388,0,2388,11940,2388,256,0,0,NaN,0,NaN,0.0,1.0000000004802132,
5,9,MULTISTAGE_RH,LEXMMFSA,shared_battery_mode_node_level_v1,SI-Drahi_13-d2-HET-UHI-BLO-15dd2f4a2b,TK-PB-Drahi_13-d2-HET-UHI-e201b86fbb-r5,SS-baeb7d556d60,9,2,lex_phase_2,OPTIMAL,FEASIBLE_POINT,86946.53641213958,86946.53641213958,0,76446,76446,117319,330039,2388,0,2388,11940,2388,256,0,0,NaN,0,NaN,0.0,1.0000000004802132,
5,9,MULTISTAGE_RH,LEXMMFSA,shared_battery_mode_node_level_v1,SI-Drahi_13-d2-HET-UHI-BLO-15dd2f4a2b,TK-PB-Drahi_13-d2-HET-UHI-e201b86fbb-r5,SS-baeb7d556d60,9,3,lex_phase_3,OPTIMAL,FEASIBLE_POINT,130419.80461820937,130419.80461820937,0,76446,76446,117320,330045,2388,0,2388,11940,2388,256,0,0,NaN,0,NaN,0.0,1.0000000004802132,
5,9,MULTISTAGE_RH,LEXMMFSA,shared_battery_mode_node_level_v1,SI-Drahi_13-d2-HET-UHI-BLO-15dd2f4a2b,TK-PB-Drahi_13-d2-HET-UHI-e201b86fbb-r5,SS-baeb7d556d60,9,4,lex_phase_4,OPTIMAL,FEASIBLE_POINT,173902.82832428068,173902.82832428068,0,76446,76446,117321,330051,2388,0,2388,11940,2388,256,0,0,NaN,0,NaN,0.0,1.0000000004802132,
5,9,MULTISTAGE_RH,LEXMMFSA,shared_battery_mode_node_level_v1,SI-Drahi_13-d2-HET-UHI-BLO-15dd2f4a2b,TK-PB-Drahi_13-d2-HET-UHI-e201b86fbb-r5,SS-baeb7d556d60,9,5,lex_phase_5,OPTIMAL,FEASIBLE_POINT,217386.85203035866,217386.85203035866,0,76446,76446,117322,330057,2388,0,2388,11940,2388,256,0,0,NaN,0,NaN,0.0,1.0000000004802132,
5,9,MULTISTAGE_RH,LEXMMFSA,shared_battery_mode_node_level_v1,SI-Drahi_13-d2-HET-UHI-BLO-15dd2f4a2b,TK-PB-Drahi_13-d2-HET-UHI-e201b86fbb-r5,SS-baeb7d556d60,9,6,economic_tie_break,OPTIMAL,FEASIBLE_POINT,701983.0492756901,701983.0492756901,0,76446,76446,117323,330063,2388,0,2388,11940,2388,256,0,0,NaN,0,NaN,0.0,1.0000000004802132,
5,10,MULTISTAGE_RH,LEXMMFSA,shared_battery_mode_node_level_v1,SI-Drahi_13-d2-HET-UHI-BLO-15dd2f4a2b,TK-PB-Drahi_13-d2-HET-UHI-e201b86fbb-r5,SS-baeb7d556d60,9,1,lex_phase_1,OPTIMAL,FEASIBLE_POINT,43473.26820607026,43473.26820607026,0,76446,76446,117318,330033,2388,0,2388,11940,2388,256,0,0,NaN,0,NaN,1.1084466677857563e-12,1.0000000004802132,
5,10,MULTISTAGE_RH,LEXMMFSA,shared_battery_mode_node_level_v1,SI-Drahi_13-d2-HET-UHI-BLO-15dd2f4a2b,TK-PB-Drahi_13-d2-HET-UHI-e201b86fbb-r5,SS-baeb7d556d60,9,2,lex_phase_2,OPTIMAL,FEASIBLE_POINT,86946.53641213958,86946.53641213958,0,76446,76446,117319,330039,2388,0,2388,11940,2388,256,0,0,NaN,0,NaN,1.1084466677857563e-12,1.0000000004802132,
5,10,MULTISTAGE_RH,LEXMMFSA,shared_battery_mode_node_level_v1,SI-Drahi_13-d2-HET-UHI-BLO-15dd2f4a2b,TK-PB-Drahi_13-d2-HET-UHI-e201b86fbb-r5,SS-baeb7d556d60,9,3,lex_phase_3,OPTIMAL,FEASIBLE_POINT,130419.80461820937,130419.80461820937,0,76446,76446,117320,330045,2388,0,2388,11940,2388,256,0,0,NaN,0,NaN,1.1084466677857563e-12,1.0000000004802132,
5,10,MULTISTAGE_RH,LEXMMFSA,shared_battery_mode_node_level_v1,SI-Drahi_13-d2-HET-UHI-BLO-15dd2f4a2b,TK-PB-Drahi_13-d2-HET-UHI-e201b86fbb-r5,SS-baeb7d556d60,9,4,lex_phase_4,OPTIMAL,FEASIBLE_POINT,173902.82832428068,173902.82832428068,0,76446,76446,117321,330051,2388,0,2388,11940,2388,256,0,0,NaN,0,NaN,1.1084466677857563e-12,1.0000000004802132,
5,10,MULTISTAGE_RH,LEXMMFSA,shared_battery_mode_node_level_v1,SI-Drahi_13-d2-HET-UHI-BLO-15dd2f4a2b,TK-PB-Drahi_13-d2-HET-UHI-e201b86fbb-r5,SS-baeb7d556d60,9,5,lex_phase_5,OPTIMAL,FEASIBLE_POINT,217386.85203035866,217386.85203035866,0,76446,76446,117322,330057,2388,0,2388,11940,2388,256,0,0,NaN,0,NaN,1.1084466677857563e-12,1.0000000004802132,
5,10,MULTISTAGE_RH,LEXMMFSA,shared_battery_mode_node_level_v1,SI-Drahi_13-d2-HET-UHI-BLO-15dd2f4a2b,TK-PB-Drahi_13-d2-HET-UHI-e201b86fbb-r5,SS-baeb7d556d60,9,6,economic_tie_break,OPTIMAL,FEASIBLE_POINT,701983.0492756901,701983.0492756901,0,76446,76446,117323,330063,2388,0,2388,11940,2388,256,0,0,NaN,0,NaN,1.1084466677857563e-12,1.0000000004802132,
5,11,MULTISTAGE_RH,LEXMMFSA,shared_battery_mode_node_level_v1,SI-Drahi_13-d2-HET-UHI-BLO-15dd2f4a2b,TK-PB-Drahi_13-d2-HET-UHI-e201b86fbb-r5,SS-baeb7d556d60,9,1,lex_phase_1,OPTIMAL,FEASIBLE_POINT,43473.26820607026,43473.26820607026,0,76446,76446,117318,330033,2388,0,2388,11940,2388,256,0,0,NaN,0,NaN,0.0,1.0000000004802132,
5,11,MULTISTAGE_RH,LEXMMFSA,shared_battery_mode_node_level_v1,SI-Drahi_13-d2-HET-UHI-BLO-15dd2f4a2b,TK-PB-Drahi_13-d2-HET-UHI-e201b86fbb-r5,SS-baeb7d556d60,9,2,lex_phase_2,OPTIMAL,FEASIBLE_POINT,86946.53641213958,86946.53641213958,0,76446,76446,117319,330039,2388,0,2388,11940,2388,256,0,0,NaN,0,NaN,0.0,1.0000000004802132,
5,11,MULTISTAGE_RH,LEXMMFSA,shared_battery_mode_node_level_v1,SI-Drahi_13-d2-HET-UHI-BLO-15dd2f4a2b,TK-PB-Drahi_13-d2-HET-UHI-e201b86fbb-r5,SS-baeb7d556d60,9,3,lex_phase_3,OPTIMAL,FEASIBLE_POINT,130419.80461820937,130419.80461820937,0,76446,76446,117320,330045,2388,0,2388,11940,2388,256,0,0,NaN,0,NaN,0.0,1.0000000004802132,
5,11,MULTISTAGE_RH,LEXMMFSA,shared_battery_mode_node_level_v1,SI-Drahi_13-d2-HET-UHI-BLO-15dd2f4a2b,TK-PB-Drahi_13-d2-HET-UHI-e201b86fbb-r5,SS-baeb7d556d60,9,4,lex_phase_4,OPTIMAL,FEASIBLE_POINT,173902.82832428068,173902.82832428068,0,76446,76446,117321,330051,2388,0,2388,11940,2388,256,0,0,NaN,0,NaN,0.0,1.0000000004802132,
5,11,MULTISTAGE_RH,LEXMMFSA,shared_battery_mode_node_level_v1,SI-Drahi_13-d2-HET-UHI-BLO-15dd2f4a2b,TK-PB-Drahi_13-d2-HET-UHI-e201b86fbb-r5,SS-baeb7d556d60,9,5,lex_phase_5,OPTIMAL,FEASIBLE_POINT,217386.85203035866,217386.85203035866,0,76446,76446,117322,330057,2388,0,2388,11940,2388,256,0,0,NaN,0,NaN,0.0,1.0000000004802132,
5,11,MULTISTAGE_RH,LEXMMFSA,shared_battery_mode_node_level_v1,SI-Drahi_13-d2-HET-UHI-BLO-15dd2f4a2b,TK-PB-Drahi_13-d2-HET-UHI-e201b86fbb-r5,SS-baeb7d556d60,9,6,economic_tie_break,OPTIMAL,FEASIBLE_POINT,701983.0492756901,701983.0492756901,0,76446,76446,117323,330063,2388,0,2388,11940,2388,256,0,0,NaN,0,NaN,0.0,1.0000000004802132,
5,12,MULTISTAGE_RH,LEXMMFSA,shared_battery_mode_node_level_v1,SI-Drahi_13-d2-HET-UHI-BLO-15dd2f4a2b,TK-PB-Drahi_13-d2-HET-UHI-e201b86fbb-r5,SS-baeb7d556d60,9,1,lex_phase_1,OPTIMAL,FEASIBLE_POINT,43473.26820607026,43473.26820607026,0,76446,76446,117318,330033,2388,0,2388,11940,2388,256,0,0,NaN,0,NaN,0.0,1.0000000004802132,
5,12,MULTISTAGE_RH,LEXMMFSA,shared_battery_mode_node_level_v1,SI-Drahi_13-d2-HET-UHI-BLO-15dd2f4a2b,TK-PB-Drahi_13-d2-HET-UHI-e201b86fbb-r5,SS-baeb7d556d60,9,2,lex_phase_2,OPTIMAL,FEASIBLE_POINT,86946.53641213958,86946.53641213958,0,76446,76446,117319,330039,2388,0,2388,11940,2388,256,0,0,NaN,0,NaN,0.0,1.0000000004802132,
5,12,MULTISTAGE_RH,LEXMMFSA,shared_battery_mode_node_level_v1,SI-Drahi_13-d2-HET-UHI-BLO-15dd2f4a2b,TK-PB-Drahi_13-d2-HET-UHI-e201b86fbb-r5,SS-baeb7d556d60,9,3,lex_phase_3,OPTIMAL,FEASIBLE_POINT,130419.80461820937,130419.80461820937,0,76446,76446,117320,330045,2388,0,2388,11940,2388,256,0,0,NaN,0,NaN,0.0,1.0000000004802132,
5,12,MULTISTAGE_RH,LEXMMFSA,shared_battery_mode_node_level_v1,SI-Drahi_13-d2-HET-UHI-BLO-15dd2f4a2b,TK-PB-Drahi_13-d2-HET-UHI-e201b86fbb-r5,SS-baeb7d556d60,9,4,lex_phase_4,OPTIMAL,FEASIBLE_POINT,173902.82832428068,173902.82832428068,0,76446,76446,117321,330051,2388,0,2388,11940,2388,256,0,0,NaN,0,NaN,0.0,1.0000000004802132,
5,12,MULTISTAGE_RH,LEXMMFSA,shared_battery_mode_node_level_v1,SI-Drahi_13-d2-HET-UHI-BLO-15dd2f4a2b,TK-PB-Drahi_13-d2-HET-UHI-e201b86fbb-r5,SS-baeb7d556d60,9,5,lex_phase_5,OPTIMAL,FEASIBLE_POINT,217386.85203035866,217386.85203035866,0,76446,76446,117322,330057,2388,0,2388,11940,2388,256,0,0,NaN,0,NaN,0.0,1.0000000004802132,
5,12,MULTISTAGE_RH,LEXMMFSA,shared_battery_mode_node_level_v1,SI-Drahi_13-d2-HET-UHI-BLO-15dd2f4a2b,TK-PB-Drahi_13-d2-HET-UHI-e201b86fbb-r5,SS-baeb7d556d60,9,6,economic_tie_break,OPTIMAL,FEASIBLE_POINT,701983.0492756901,701983.0492756901,0,76446,76446,117323,330063,2388,0,2388,11940,2388,256,0,0,NaN,0,NaN,0.0,1.0000000004802132,
5,13,MULTISTAGE_RH,LEXMMFSA,shared_battery_mode_node_level_v1,SI-Drahi_13-d2-HET-UHI-BLO-15dd2f4a2b,TK-PB-Drahi_13-d2-HET-UHI-e201b86fbb-r5,SS-784512b1c103,13,1,lex_phase_1,OPTIMAL,FEASIBLE_POINT,41846.830557052104,41846.830557052104,0,76446,76446,117318,334478,2388,0,2388,11940,2388,256,0,0,NaN,0,NaN,0.0,1.0000000009749783,
5,13,MULTISTAGE_RH,LEXMMFSA,shared_battery_mode_node_level_v1,SI-Drahi_13-d2-HET-UHI-BLO-15dd2f4a2b,TK-PB-Drahi_13-d2-HET-UHI-e201b86fbb-r5,SS-784512b1c103,13,2,lex_phase_2,OPTIMAL,FEASIBLE_POINT,83693.66111410547,83693.66111410547,0,76446,76446,117319,334484,2388,0,2388,11940,2388,256,0,0,NaN,0,NaN,0.0,1.0000000009749783,
5,13,MULTISTAGE_RH,LEXMMFSA,shared_battery_mode_node_level_v1,SI-Drahi_13-d2-HET-UHI-BLO-15dd2f4a2b,TK-PB-Drahi_13-d2-HET-UHI-e201b86fbb-r5,SS-784512b1c103,13,3,lex_phase_3,OPTIMAL,FEASIBLE_POINT,125540.4916711582,125540.4916711582,0,76446,76446,117320,334490,2388,0,2388,11940,2388,256,0,0,NaN,0,NaN,0.0,1.0000000009749783,
5,13,MULTISTAGE_RH,LEXMMFSA,shared_battery_mode_node_level_v1,SI-Drahi_13-d2-HET-UHI-BLO-15dd2f4a2b,TK-PB-Drahi_13-d2-HET-UHI-e201b86fbb-r5,SS-784512b1c103,13,4,lex_phase_4,OPTIMAL,FEASIBLE_POINT,167397.33772821428,167397.33772821428,0,76446,76446,117321,334496,2388,0,2388,11940,2388,256,0,0,NaN,0,NaN,0.0,1.0000000009749783,
5,13,MULTISTAGE_RH,LEXMMFSA,shared_battery_mode_node_level_v1,SI-Drahi_13-d2-HET-UHI-BLO-15dd2f4a2b,TK-PB-Drahi_13-d2-HET-UHI-e201b86fbb-r5,SS-784512b1c103,13,5,lex_phase_5,OPTIMAL,FEASIBLE_POINT,209255.18378526892,209255.18378526892,0,76446,76446,117322,334502,2388,0,2388,11940,2388,256,0,0,NaN,0,NaN,0.0,1.0000000009749783,
5,13,MULTISTAGE_RH,LEXMMFSA,shared_battery_mode_node_level_v1,SI-Drahi_13-d2-HET-UHI-BLO-15dd2f4a2b,TK-PB-Drahi_13-d2-HET-UHI-e201b86fbb-r5,SS-784512b1c103,13,6,economic_tie_break,OPTIMAL,FEASIBLE_POINT,762440.0407051535,762440.0407051535,0,76446,76446,117323,334508,2388,0,2388,11940,2388,256,0,0,NaN,0,NaN,0.0,1.0000000009749783,
5,14,MULTISTAGE_RH,LEXMMFSA,shared_battery_mode_node_level_v1,SI-Drahi_13-d2-HET-UHI-BLO-15dd2f4a2b,TK-PB-Drahi_13-d2-HET-UHI-e201b86fbb-r5,SS-784512b1c103,13,1,lex_phase_1,OPTIMAL,FEASIBLE_POINT,41846.830557052104,41846.830557052104,0,76446,76446,117318,334478,2388,0,2388,11940,2388,256,0,0,NaN,0,NaN,0.0,1.0000000009749783,
5,14,MULTISTAGE_RH,LEXMMFSA,shared_battery_mode_node_level_v1,SI-Drahi_13-d2-HET-UHI-BLO-15dd2f4a2b,TK-PB-Drahi_13-d2-HET-UHI-e201b86fbb-r5,SS-784512b1c103,13,2,lex_phase_2,OPTIMAL,FEASIBLE_POINT,83693.66111410547,83693.66111410547,0,76446,76446,117319,334484,2388,0,2388,11940,2388,256,0,0,NaN,0,NaN,0.0,1.0000000009749783,
5,14,MULTISTAGE_RH,LEXMMFSA,shared_battery_mode_node_level_v1,SI-Drahi_13-d2-HET-UHI-BLO-15dd2f4a2b,TK-PB-Drahi_13-d2-HET-UHI-e201b86fbb-r5,SS-784512b1c103,13,3,lex_phase_3,OPTIMAL,FEASIBLE_POINT,125540.4916711582,125540.4916711582,0,76446,76446,117320,334490,2388,0,2388,11940,2388,256,0,0,NaN,0,NaN,0.0,1.0000000009749783,
5,14,MULTISTAGE_RH,LEXMMFSA,shared_battery_mode_node_level_v1,SI-Drahi_13-d2-HET-UHI-BLO-15dd2f4a2b,TK-PB-Drahi_13-d2-HET-UHI-e201b86fbb-r5,SS-784512b1c103,13,4,lex_phase_4,OPTIMAL,FEASIBLE_POINT,167397.33772821428,167397.33772821428,0,76446,76446,117321,334496,2388,0,2388,11940,2388,256,0,0,NaN,0,NaN,0.0,1.0000000009749783,
5,14,MULTISTAGE_RH,LEXMMFSA,shared_battery_mode_node_level_v1,SI-Drahi_13-d2-HET-UHI-BLO-15dd2f4a2b,TK-PB-Drahi_13-d2-HET-UHI-e201b86fbb-r5,SS-784512b1c103,13,5,lex_phase_5,OPTIMAL,FEASIBLE_POINT,209255.18378526892,209255.18378526892,0,76446,76446,117322,334502,2388,0,2388,11940,2388,256,0,0,NaN,0,NaN,0.0,1.0000000009749783,
5,14,MULTISTAGE_RH,LEXMMFSA,shared_battery_mode_node_level_v1,SI-Drahi_13-d2-HET-UHI-BLO-15dd2f4a2b,TK-PB-Drahi_13-d2-HET-UHI-e201b86fbb-r5,SS-784512b1c103,13,6,economic_tie_break,OPTIMAL,FEASIBLE_POINT,762440.0407051535,762440.0407051535,0,76446,76446,117323,334508,2388,0,2388,11940,2388,256,0,0,NaN,0,NaN,0.0,1.0000000009749783,
5,15,MULTISTAGE_RH,LEXMMFSA,shared_battery_mode_node_level_v1,SI-Drahi_13-d2-HET-UHI-BLO-15dd2f4a2b,TK-PB-Drahi_13-d2-HET-UHI-e201b86fbb-r5,SS-784512b1c103,13,1,lex_phase_1,OPTIMAL,FEASIBLE_POINT,41846.830557052104,41846.830557052104,0,76446,76446,117318,334478,2388,0,2388,11940,2388,256,0,0,NaN,0,NaN,0.0,1.0000000009749783,
5,15,MULTISTAGE_RH,LEXMMFSA,shared_battery_mode_node_level_v1,SI-Drahi_13-d2-HET-UHI-BLO-15dd2f4a2b,TK-PB-Drahi_13-d2-HET-UHI-e201b86fbb-r5,SS-784512b1c103,13,2,lex_phase_2,OPTIMAL,FEASIBLE_POINT,83693.66111410547,83693.66111410547,0,76446,76446,117319,334484,2388,0,2388,11940,2388,256,0,0,NaN,0,NaN,0.0,1.0000000009749783,
5,15,MULTISTAGE_RH,LEXMMFSA,shared_battery_mode_node_level_v1,SI-Drahi_13-d2-HET-UHI-BLO-15dd2f4a2b,TK-PB-Drahi_13-d2-HET-UHI-e201b86fbb-r5,SS-784512b1c103,13,3,lex_phase_3,OPTIMAL,FEASIBLE_POINT,125540.4916711582,125540.4916711582,0,76446,76446,117320,334490,2388,0,2388,11940,2388,256,0,0,NaN,0,NaN,0.0,1.0000000009749783,
5,15,MULTISTAGE_RH,LEXMMFSA,shared_battery_mode_node_level_v1,SI-Drahi_13-d2-HET-UHI-BLO-15dd2f4a2b,TK-PB-Drahi_13-d2-HET-UHI-e201b86fbb-r5,SS-784512b1c103,13,4,lex_phase_4,OPTIMAL,FEASIBLE_POINT,167397.33772821428,167397.33772821428,0,76446,76446,117321,334496,2388,0,2388,11940,2388,256,0,0,NaN,0,NaN,0.0,1.0000000009749783,
5,15,MULTISTAGE_RH,LEXMMFSA,shared_battery_mode_node_level_v1,SI-Drahi_13-d2-HET-UHI-BLO-15dd2f4a2b,TK-PB-Drahi_13-d2-HET-UHI-e201b86fbb-r5,SS-784512b1c103,13,5,lex_phase_5,OPTIMAL,FEASIBLE_POINT,209255.18378526892,209255.18378526892,0,76446,76446,117322,334502,2388,0,2388,11940,2388,256,0,0,NaN,0,NaN,0.0,1.0000000009749783,
5,15,MULTISTAGE_RH,LEXMMFSA,shared_battery_mode_node_level_v1,SI-Drahi_13-d2-HET-UHI-BLO-15dd2f4a2b,TK-PB-Drahi_13-d2-HET-UHI-e201b86fbb-r5,SS-784512b1c103,13,6,economic_tie_break,OPTIMAL,FEASIBLE_POINT,762440.0407051535,762440.0407051535,0,76446,76446,117323,334508,2388,0,2388,11940,2388,256,0,0,NaN,0,NaN,0.0,1.0000000009749783,
5,16,MULTISTAGE_RH,LEXMMFSA,shared_battery_mode_node_level_v1,SI-Drahi_13-d2-HET-UHI-BLO-15dd2f4a2b,TK-PB-Drahi_13-d2-HET-UHI-e201b86fbb-r5,SS-784512b1c103,13,1,lex_phase_1,OPTIMAL,FEASIBLE_POINT,41846.830557052104,41846.830557052104,0,76446,76446,117318,334478,2388,0,2388,11940,2388,256,0,0,NaN,0,NaN,0.0,1.0000000009749783,
5,16,MULTISTAGE_RH,LEXMMFSA,shared_battery_mode_node_level_v1,SI-Drahi_13-d2-HET-UHI-BLO-15dd2f4a2b,TK-PB-Drahi_13-d2-HET-UHI-e201b86fbb-r5,SS-784512b1c103,13,2,lex_phase_2,OPTIMAL,FEASIBLE_POINT,83693.66111410547,83693.66111410547,0,76446,76446,117319,334484,2388,0,2388,11940,2388,256,0,0,NaN,0,NaN,0.0,1.0000000009749783,
5,16,MULTISTAGE_RH,LEXMMFSA,shared_battery_mode_node_level_v1,SI-Drahi_13-d2-HET-UHI-BLO-15dd2f4a2b,TK-PB-Drahi_13-d2-HET-UHI-e201b86fbb-r5,SS-784512b1c103,13,3,lex_phase_3,OPTIMAL,FEASIBLE_POINT,125540.4916711582,125540.4916711582,0,76446,76446,117320,334490,2388,0,2388,11940,2388,256,0,0,NaN,0,NaN,0.0,1.0000000009749783,
5,16,MULTISTAGE_RH,LEXMMFSA,shared_battery_mode_node_level_v1,SI-Drahi_13-d2-HET-UHI-BLO-15dd2f4a2b,TK-PB-Drahi_13-d2-HET-UHI-e201b86fbb-r5,SS-784512b1c103,13,4,lex_phase_4,OPTIMAL,FEASIBLE_POINT,167397.33772821428,167397.33772821428,0,76446,76446,117321,334496,2388,0,2388,11940,2388,256,0,0,NaN,0,NaN,0.0,1.0000000009749783,
5,16,MULTISTAGE_RH,LEXMMFSA,shared_battery_mode_node_level_v1,SI-Drahi_13-d2-HET-UHI-BLO-15dd2f4a2b,TK-PB-Drahi_13-d2-HET-UHI-e201b86fbb-r5,SS-784512b1c103,13,5,lex_phase_5,OPTIMAL,FEASIBLE_POINT,209255.18378526892,209255.18378526892,0,76446,76446,117322,334502,2388,0,2388,11940,2388,256,0,0,NaN,0,NaN,0.0,1.0000000009749783,
5,16,MULTISTAGE_RH,LEXMMFSA,shared_battery_mode_node_level_v1,SI-Drahi_13-d2-HET-UHI-BLO-15dd2f4a2b,TK-PB-Drahi_13-d2-HET-UHI-e201b86fbb-r5,SS-784512b1c103,13,6,economic_tie_break,OPTIMAL,FEASIBLE_POINT,762440.0407051535,762440.0407051535,0,76446,76446,117323,334508,2388,0,2388,11940,2388,256,0,0,NaN,0,NaN,0.0,1.0000000009749783,
5,17,MULTISTAGE_RH,LEXMMFSA,shared_battery_mode_node_level_v1,SI-Drahi_13-d2-HET-UHI-BLO-15dd2f4a2b,TK-PB-Drahi_13-d2-HET-UHI-e201b86fbb-r5,SS-ced84ca7a4eb,17,1,lex_phase_1,OPTIMAL,FEASIBLE_POINT,47003.81913741234,47003.81913741234,0,76446,76446,117318,335488,2388,0,2388,11940,2388,256,0,0,NaN,0,NaN,0.0,1.0000000009167707,
5,17,MULTISTAGE_RH,LEXMMFSA,shared_battery_mode_node_level_v1,SI-Drahi_13-d2-HET-UHI-BLO-15dd2f4a2b,TK-PB-Drahi_13-d2-HET-UHI-e201b86fbb-r5,SS-ced84ca7a4eb,17,2,lex_phase_2,OPTIMAL,FEASIBLE_POINT,94007.63827482481,94007.63827482481,0,76446,76446,117319,335494,2388,0,2388,11940,2388,256,0,0,NaN,0,NaN,0.0,1.0000000009167707,
5,17,MULTISTAGE_RH,LEXMMFSA,shared_battery_mode_node_level_v1,SI-Drahi_13-d2-HET-UHI-BLO-15dd2f4a2b,TK-PB-Drahi_13-d2-HET-UHI-e201b86fbb-r5,SS-ced84ca7a4eb,17,3,lex_phase_3,OPTIMAL,FEASIBLE_POINT,141011.4574122372,141011.4574122372,0,76446,76446,117320,335500,2388,0,2388,11940,2388,256,0,0,NaN,0,NaN,0.0,1.0000000009167707,
5,17,MULTISTAGE_RH,LEXMMFSA,shared_battery_mode_node_level_v1,SI-Drahi_13-d2-HET-UHI-BLO-15dd2f4a2b,TK-PB-Drahi_13-d2-HET-UHI-e201b86fbb-r5,SS-ced84ca7a4eb,17,4,lex_phase_4,OPTIMAL,FEASIBLE_POINT,188025.29204964943,188025.29204964943,0,76446,76446,117321,335506,2388,0,2388,11940,2388,256,0,0,NaN,0,NaN,0.0,1.0000000009167707,
5,17,MULTISTAGE_RH,LEXMMFSA,shared_battery_mode_node_level_v1,SI-Drahi_13-d2-HET-UHI-BLO-15dd2f4a2b,TK-PB-Drahi_13-d2-HET-UHI-e201b86fbb-r5,SS-ced84ca7a4eb,17,5,lex_phase_5,OPTIMAL,FEASIBLE_POINT,235040.12668706014,235040.12668706014,0,76446,76446,117322,335512,2388,0,2388,11940,2388,256,0,0,NaN,0,NaN,0.0,1.0000000009167707,
5,17,MULTISTAGE_RH,LEXMMFSA,shared_battery_mode_node_level_v1,SI-Drahi_13-d2-HET-UHI-BLO-15dd2f4a2b,TK-PB-Drahi_13-d2-HET-UHI-e201b86fbb-r5,SS-ced84ca7a4eb,17,6,economic_tie_break,OPTIMAL,FEASIBLE_POINT,784564.1983680439,784564.1983680439,0,76446,76446,117323,335518,2388,0,2388,11940,2388,256,0,0,NaN,0,NaN,0.0,1.0000000009167707,
5,18,MULTISTAGE_RH,LEXMMFSA,shared_battery_mode_node_level_v1,SI-Drahi_13-d2-HET-UHI-BLO-15dd2f4a2b,TK-PB-Drahi_13-d2-HET-UHI-e201b86fbb-r5,SS-ced84ca7a4eb,17,1,lex_phase_1,OPTIMAL,FEASIBLE_POINT,47003.81913741234,47003.81913741234,0,76446,76446,117318,335488,2388,0,2388,11940,2388,256,0,0,NaN,0,NaN,0.0,1.0000000009167707,
5,18,MULTISTAGE_RH,LEXMMFSA,shared_battery_mode_node_level_v1,SI-Drahi_13-d2-HET-UHI-BLO-15dd2f4a2b,TK-PB-Drahi_13-d2-HET-UHI-e201b86fbb-r5,SS-ced84ca7a4eb,17,2,lex_phase_2,OPTIMAL,FEASIBLE_POINT,94007.63827482481,94007.63827482481,0,76446,76446,117319,335494,2388,0,2388,11940,2388,256,0,0,NaN,0,NaN,0.0,1.0000000009167707,
5,18,MULTISTAGE_RH,LEXMMFSA,shared_battery_mode_node_level_v1,SI-Drahi_13-d2-HET-UHI-BLO-15dd2f4a2b,TK-PB-Drahi_13-d2-HET-UHI-e201b86fbb-r5,SS-ced84ca7a4eb,17,3,lex_phase_3,OPTIMAL,FEASIBLE_POINT,141011.4574122372,141011.4574122372,0,76446,76446,117320,335500,2388,0,2388,11940,2388,256,0,0,NaN,0,NaN,0.0,1.0000000009167707,
5,18,MULTISTAGE_RH,LEXMMFSA,shared_battery_mode_node_level_v1,SI-Drahi_13-d2-HET-UHI-BLO-15dd2f4a2b,TK-PB-Drahi_13-d2-HET-UHI-e201b86fbb-r5,SS-ced84ca7a4eb,17,4,lex_phase_4,OPTIMAL,FEASIBLE_POINT,188025.29204964943,188025.29204964943,0,76446,76446,117321,335506,2388,0,2388,11940,2388,256,0,0,NaN,0,NaN,0.0,1.0000000009167707,
5,18,MULTISTAGE_RH,LEXMMFSA,shared_battery_mode_node_level_v1,SI-Drahi_13-d2-HET-UHI-BLO-15dd2f4a2b,TK-PB-Drahi_13-d2-HET-UHI-e201b86fbb-r5,SS-ced84ca7a4eb,17,5,lex_phase_5,OPTIMAL,FEASIBLE_POINT,235040.12668706014,235040.12668706014,0,76446,76446,117322,335512,2388,0,2388,11940,2388,256,0,0,NaN,0,NaN,0.0,1.0000000009167707,
5,18,MULTISTAGE_RH,LEXMMFSA,shared_battery_mode_node_level_v1,SI-Drahi_13-d2-HET-UHI-BLO-15dd2f4a2b,TK-PB-Drahi_13-d2-HET-UHI-e201b86fbb-r5,SS-ced84ca7a4eb,17,6,economic_tie_break,OPTIMAL,FEASIBLE_POINT,784564.1983680439,784564.1983680439,0,76446,76446,117323,335518,2388,0,2388,11940,2388,256,0,0,NaN,0,NaN,0.0,1.0000000009167707,
5,19,MULTISTAGE_RH,LEXMMFSA,shared_battery_mode_node_level_v1,SI-Drahi_13-d2-HET-UHI-BLO-15dd2f4a2b,TK-PB-Drahi_13-d2-HET-UHI-e201b86fbb-r5,SS-ced84ca7a4eb,17,1,lex_phase_1,OPTIMAL,FEASIBLE_POINT,47003.81913741234,47003.81913741234,0,76446,76446,117318,335488,2388,0,2388,11940,2388,256,0,0,NaN,0,NaN,1.1905387647831782,1.0000000009167707,
5,19,MULTISTAGE_RH,LEXMMFSA,shared_battery_mode_node_level_v1,SI-Drahi_13-d2-HET-UHI-BLO-15dd2f4a2b,TK-PB-Drahi_13-d2-HET-UHI-e201b86fbb-r5,SS-ced84ca7a4eb,17,2,lex_phase_2,OPTIMAL,FEASIBLE_POINT,94007.63827482481,94007.63827482481,0,76446,76446,117319,335494,2388,0,2388,11940,2388,256,0,0,NaN,0,NaN,1.1905387647831782,1.0000000009167707,
5,19,MULTISTAGE_RH,LEXMMFSA,shared_battery_mode_node_level_v1,SI-Drahi_13-d2-HET-UHI-BLO-15dd2f4a2b,TK-PB-Drahi_13-d2-HET-UHI-e201b86fbb-r5,SS-ced84ca7a4eb,17,3,lex_phase_3,OPTIMAL,FEASIBLE_POINT,141011.4574122372,141011.4574122372,0,76446,76446,117320,335500,2388,0,2388,11940,2388,256,0,0,NaN,0,NaN,1.1905387647831782,1.0000000009167707,
5,19,MULTISTAGE_RH,LEXMMFSA,shared_battery_mode_node_level_v1,SI-Drahi_13-d2-HET-UHI-BLO-15dd2f4a2b,TK-PB-Drahi_13-d2-HET-UHI-e201b86fbb-r5,SS-ced84ca7a4eb,17,4,lex_phase_4,OPTIMAL,FEASIBLE_POINT,188025.29204964943,188025.29204964943,0,76446,76446,117321,335506,2388,0,2388,11940,2388,256,0,0,NaN,0,NaN,1.1905387647831782,1.0000000009167707,
5,19,MULTISTAGE_RH,LEXMMFSA,shared_battery_mode_node_level_v1,SI-Drahi_13-d2-HET-UHI-BLO-15dd2f4a2b,TK-PB-Drahi_13-d2-HET-UHI-e201b86fbb-r5,SS-ced84ca7a4eb,17,5,lex_phase_5,OPTIMAL,FEASIBLE_POINT,235040.12668706014,235040.12668706014,0,76446,76446,117322,335512,2388,0,2388,11940,2388,256,0,0,NaN,0,NaN,1.1905387647831782,1.0000000009167707,
5,19,MULTISTAGE_RH,LEXMMFSA,shared_battery_mode_node_level_v1,SI-Drahi_13-d2-HET-UHI-BLO-15dd2f4a2b,TK-PB-Drahi_13-d2-HET-UHI-e201b86fbb-r5,SS-ced84ca7a4eb,17,6,economic_tie_break,OPTIMAL,FEASIBLE_POINT,784564.1983680439,784564.1983680439,0,76446,76446,117323,335518,2388,0,2388,11940,2388,256,0,0,NaN,0,NaN,1.1905387647831782,1.0000000009167707,
5,20,MULTISTAGE_RH,LEXMMFSA,shared_battery_mode_node_level_v1,SI-Drahi_13-d2-HET-UHI-BLO-15dd2f4a2b,TK-PB-Drahi_13-d2-HET-UHI-e201b86fbb-r5,SS-ced84ca7a4eb,17,1,lex_phase_1,OPTIMAL,FEASIBLE_POINT,47003.81913741234,47003.81913741234,0,76446,76446,117318,335488,2388,0,2388,11940,2388,256,0,0,NaN,0,NaN,0.0,1.0000000009167707,
5,20,MULTISTAGE_RH,LEXMMFSA,shared_battery_mode_node_level_v1,SI-Drahi_13-d2-HET-UHI-BLO-15dd2f4a2b,TK-PB-Drahi_13-d2-HET-UHI-e201b86fbb-r5,SS-ced84ca7a4eb,17,2,lex_phase_2,OPTIMAL,FEASIBLE_POINT,94007.63827482481,94007.63827482481,0,76446,76446,117319,335494,2388,0,2388,11940,2388,256,0,0,NaN,0,NaN,0.0,1.0000000009167707,
5,20,MULTISTAGE_RH,LEXMMFSA,shared_battery_mode_node_level_v1,SI-Drahi_13-d2-HET-UHI-BLO-15dd2f4a2b,TK-PB-Drahi_13-d2-HET-UHI-e201b86fbb-r5,SS-ced84ca7a4eb,17,3,lex_phase_3,OPTIMAL,FEASIBLE_POINT,141011.4574122372,141011.4574122372,0,76446,76446,117320,335500,2388,0,2388,11940,2388,256,0,0,NaN,0,NaN,0.0,1.0000000009167707,
5,20,MULTISTAGE_RH,LEXMMFSA,shared_battery_mode_node_level_v1,SI-Drahi_13-d2-HET-UHI-BLO-15dd2f4a2b,TK-PB-Drahi_13-d2-HET-UHI-e201b86fbb-r5,SS-ced84ca7a4eb,17,4,lex_phase_4,OPTIMAL,FEASIBLE_POINT,188025.29204964943,188025.29204964943,0,76446,76446,117321,335506,2388,0,2388,11940,2388,256,0,0,NaN,0,NaN,0.0,1.0000000009167707,
5,20,MULTISTAGE_RH,LEXMMFSA,shared_battery_mode_node_level_v1,SI-Drahi_13-d2-HET-UHI-BLO-15dd2f4a2b,TK-PB-Drahi_13-d2-HET-UHI-e201b86fbb-r5,SS-ced84ca7a4eb,17,5,lex_phase_5,OPTIMAL,FEASIBLE_POINT,235040.12668706014,235040.12668706014,0,76446,76446,117322,335512,2388,0,2388,11940,2388,256,0,0,NaN,0,NaN,0.0,1.0000000009167707,
5,20,MULTISTAGE_RH,LEXMMFSA,shared_battery_mode_node_level_v1,SI-Drahi_13-d2-HET-UHI-BLO-15dd2f4a2b,TK-PB-Drahi_13-d2-HET-UHI-e201b86fbb-r5,SS-ced84ca7a4eb,17,6,economic_tie_break,OPTIMAL,FEASIBLE_POINT,784564.1983680439,784564.1983680439,0,76446,76446,117323,335518,2388,0,2388,11940,2388,256,0,0,NaN,0,NaN,0.0,1.0000000009167707,
5,21,MULTISTAGE_RH,LEXMMFSA,shared_battery_mode_node_level_v1,SI-Drahi_13-d2-HET-UHI-BLO-15dd2f4a2b,TK-PB-Drahi_13-d2-HET-UHI-e201b86fbb-r5,SS-fec72d83146f,21,1,lex_phase_1,OPTIMAL,FEASIBLE_POINT,42491.89936562808,42491.89936562808,0,76446,76446,117318,334353,2388,0,2388,11940,2388,256,0,0,NaN,0,NaN,0.0,0.999999999650754,
5,21,MULTISTAGE_RH,LEXMMFSA,shared_battery_mode_node_level_v1,SI-Drahi_13-d2-HET-UHI-BLO-15dd2f4a2b,TK-PB-Drahi_13-d2-HET-UHI-e201b86fbb-r5,SS-fec72d83146f,21,2,lex_phase_2,OPTIMAL,FEASIBLE_POINT,84983.7987312547,84983.7987312547,0,76446,76446,117319,334359,2388,0,2388,11940,2388,256,0,0,NaN,0,NaN,0.0,0.999999999650754,
5,21,MULTISTAGE_RH,LEXMMFSA,shared_battery_mode_node_level_v1,SI-Drahi_13-d2-HET-UHI-BLO-15dd2f4a2b,TK-PB-Drahi_13-d2-HET-UHI-e201b86fbb-r5,SS-fec72d83146f,21,3,lex_phase_3,OPTIMAL,FEASIBLE_POINT,127488.63876354913,127488.63876354913,0,76446,76446,117320,334365,2388,0,2388,11940,2388,256,0,0,NaN,0,NaN,0.0,0.999999999650754,
5,21,MULTISTAGE_RH,LEXMMFSA,shared_battery_mode_node_level_v1,SI-Drahi_13-d2-HET-UHI-BLO-15dd2f4a2b,TK-PB-Drahi_13-d2-HET-UHI-e201b86fbb-r5,SS-fec72d83146f,21,4,lex_phase_4,OPTIMAL,FEASIBLE_POINT,169994.47879584352,169994.47879584352,0,76446,76446,117321,334371,2388,0,2388,11940,2388,256,0,0,NaN,0,NaN,0.0,0.999999999650754,
5,21,MULTISTAGE_RH,LEXMMFSA,shared_battery_mode_node_level_v1,SI-Drahi_13-d2-HET-UHI-BLO-15dd2f4a2b,TK-PB-Drahi_13-d2-HET-UHI-e201b86fbb-r5,SS-fec72d83146f,21,5,lex_phase_5,OPTIMAL,FEASIBLE_POINT,212500.3188281385,212500.3188281385,0,76446,76446,117322,334377,2388,0,2388,11940,2388,256,0,0,NaN,0,NaN,0.0,0.999999999650754,
5,21,MULTISTAGE_RH,LEXMMFSA,shared_battery_mode_node_level_v1,SI-Drahi_13-d2-HET-UHI-BLO-15dd2f4a2b,TK-PB-Drahi_13-d2-HET-UHI-e201b86fbb-r5,SS-fec72d83146f,21,6,economic_tie_break,OPTIMAL,FEASIBLE_POINT,831020.9173986799,831020.9173986799,0,76446,76446,117323,334383,2388,0,2388,11940,2388,256,0,0,NaN,0,NaN,0.0,0.999999999650754,
5,22,MULTISTAGE_RH,LEXMMFSA,shared_battery_mode_node_level_v1,SI-Drahi_13-d2-HET-UHI-BLO-15dd2f4a2b,TK-PB-Drahi_13-d2-HET-UHI-e201b86fbb-r5,SS-fec72d83146f,21,1,lex_phase_1,OPTIMAL,FEASIBLE_POINT,42491.89936562808,42491.89936562808,0,76446,76446,117318,334353,2388,0,2388,11940,2388,256,0,0,NaN,0,NaN,0.0,0.999999999650754,
5,22,MULTISTAGE_RH,LEXMMFSA,shared_battery_mode_node_level_v1,SI-Drahi_13-d2-HET-UHI-BLO-15dd2f4a2b,TK-PB-Drahi_13-d2-HET-UHI-e201b86fbb-r5,SS-fec72d83146f,21,2,lex_phase_2,OPTIMAL,FEASIBLE_POINT,84983.7987312547,84983.7987312547,0,76446,76446,117319,334359,2388,0,2388,11940,2388,256,0,0,NaN,0,NaN,0.0,0.999999999650754,
5,22,MULTISTAGE_RH,LEXMMFSA,shared_battery_mode_node_level_v1,SI-Drahi_13-d2-HET-UHI-BLO-15dd2f4a2b,TK-PB-Drahi_13-d2-HET-UHI-e201b86fbb-r5,SS-fec72d83146f,21,3,lex_phase_3,OPTIMAL,FEASIBLE_POINT,127488.63876354913,127488.63876354913,0,76446,76446,117320,334365,2388,0,2388,11940,2388,256,0,0,NaN,0,NaN,0.0,0.999999999650754,
5,22,MULTISTAGE_RH,LEXMMFSA,shared_battery_mode_node_level_v1,SI-Drahi_13-d2-HET-UHI-BLO-15dd2f4a2b,TK-PB-Drahi_13-d2-HET-UHI-e201b86fbb-r5,SS-fec72d83146f,21,4,lex_phase_4,OPTIMAL,FEASIBLE_POINT,169994.47879584352,169994.47879584352,0,76446,76446,117321,334371,2388,0,2388,11940,2388,256,0,0,NaN,0,NaN,0.0,0.999999999650754,
5,22,MULTISTAGE_RH,LEXMMFSA,shared_battery_mode_node_level_v1,SI-Drahi_13-d2-HET-UHI-BLO-15dd2f4a2b,TK-PB-Drahi_13-d2-HET-UHI-e201b86fbb-r5,SS-fec72d83146f,21,5,lex_phase_5,OPTIMAL,FEASIBLE_POINT,212500.3188281385,212500.3188281385,0,76446,76446,117322,334377,2388,0,2388,11940,2388,256,0,0,NaN,0,NaN,0.0,0.999999999650754,
5,22,MULTISTAGE_RH,LEXMMFSA,shared_battery_mode_node_level_v1,SI-Drahi_13-d2-HET-UHI-BLO-15dd2f4a2b,TK-PB-Drahi_13-d2-HET-UHI-e201b86fbb-r5,SS-fec72d83146f,21,6,economic_tie_break,OPTIMAL,FEASIBLE_POINT,831020.9173986799,831020.9173986799,0,76446,76446,117323,334383,2388,0,2388,11940,2388,256,0,0,NaN,0,NaN,0.0,0.999999999650754,
5,23,MULTISTAGE_RH,LEXMMFSA,shared_battery_mode_node_level_v1,SI-Drahi_13-d2-HET-UHI-BLO-15dd2f4a2b,TK-PB-Drahi_13-d2-HET-UHI-e201b86fbb-r5,SS-fec72d83146f,21,1,lex_phase_1,OPTIMAL,FEASIBLE_POINT,42491.89936562808,42491.89936562808,0,76446,76446,117318,334353,2388,0,2388,11940,2388,256,0,0,NaN,0,NaN,0.0,0.999999999650754,
5,23,MULTISTAGE_RH,LEXMMFSA,shared_battery_mode_node_level_v1,SI-Drahi_13-d2-HET-UHI-BLO-15dd2f4a2b,TK-PB-Drahi_13-d2-HET-UHI-e201b86fbb-r5,SS-fec72d83146f,21,2,lex_phase_2,OPTIMAL,FEASIBLE_POINT,84983.7987312547,84983.7987312547,0,76446,76446,117319,334359,2388,0,2388,11940,2388,256,0,0,NaN,0,NaN,0.0,0.999999999650754,
5,23,MULTISTAGE_RH,LEXMMFSA,shared_battery_mode_node_level_v1,SI-Drahi_13-d2-HET-UHI-BLO-15dd2f4a2b,TK-PB-Drahi_13-d2-HET-UHI-e201b86fbb-r5,SS-fec72d83146f,21,3,lex_phase_3,OPTIMAL,FEASIBLE_POINT,127488.63876354913,127488.63876354913,0,76446,76446,117320,334365,2388,0,2388,11940,2388,256,0,0,NaN,0,NaN,0.0,0.999999999650754,
5,23,MULTISTAGE_RH,LEXMMFSA,shared_battery_mode_node_level_v1,SI-Drahi_13-d2-HET-UHI-BLO-15dd2f4a2b,TK-PB-Drahi_13-d2-HET-UHI-e201b86fbb-r5,SS-fec72d83146f,21,4,lex_phase_4,OPTIMAL,FEASIBLE_POINT,169994.47879584352,169994.47879584352,0,76446,76446,117321,334371,2388,0,2388,11940,2388,256,0,0,NaN,0,NaN,0.0,0.999999999650754,
5,23,MULTISTAGE_RH,LEXMMFSA,shared_battery_mode_node_level_v1,SI-Drahi_13-d2-HET-UHI-BLO-15dd2f4a2b,TK-PB-Drahi_13-d2-HET-UHI-e201b86fbb-r5,SS-fec72d83146f,21,5,lex_phase_5,OPTIMAL,FEASIBLE_POINT,212500.3188281385,212500.3188281385,0,76446,76446,117322,334377,2388,0,2388,11940,2388,256,0,0,NaN,0,NaN,0.0,0.999999999650754,
5,23,MULTISTAGE_RH,LEXMMFSA,shared_battery_mode_node_level_v1,SI-Drahi_13-d2-HET-UHI-BLO-15dd2f4a2b,TK-PB-Drahi_13-d2-HET-UHI-e201b86fbb-r5,SS-fec72d83146f,21,6,economic_tie_break,OPTIMAL,FEASIBLE_POINT,831020.9173986799,831020.9173986799,0,76446,76446,117323,334383,2388,0,2388,11940,2388,256,0,0,NaN,0,NaN,0.0,0.999999999650754,
5,24,MULTISTAGE_RH,LEXMMFSA,shared_battery_mode_node_level_v1,SI-Drahi_13-d2-HET-UHI-BLO-15dd2f4a2b,TK-PB-Drahi_13-d2-HET-UHI-e201b86fbb-r5,SS-fec72d83146f,21,1,lex_phase_1,OPTIMAL,FEASIBLE_POINT,42491.89936562808,42491.89936562808,0,76446,76446,117318,334353,2388,0,2388,11940,2388,256,0,0,NaN,0,NaN,1.4210854715202004e-14,0.999999999650754,
5,24,MULTISTAGE_RH,LEXMMFSA,shared_battery_mode_node_level_v1,SI-Drahi_13-d2-HET-UHI-BLO-15dd2f4a2b,TK-PB-Drahi_13-d2-HET-UHI-e201b86fbb-r5,SS-fec72d83146f,21,2,lex_phase_2,OPTIMAL,FEASIBLE_POINT,84983.7987312547,84983.7987312547,0,76446,76446,117319,334359,2388,0,2388,11940,2388,256,0,0,NaN,0,NaN,1.4210854715202004e-14,0.999999999650754,
5,24,MULTISTAGE_RH,LEXMMFSA,shared_battery_mode_node_level_v1,SI-Drahi_13-d2-HET-UHI-BLO-15dd2f4a2b,TK-PB-Drahi_13-d2-HET-UHI-e201b86fbb-r5,SS-fec72d83146f,21,3,lex_phase_3,OPTIMAL,FEASIBLE_POINT,127488.63876354913,127488.63876354913,0,76446,76446,117320,334365,2388,0,2388,11940,2388,256,0,0,NaN,0,NaN,1.4210854715202004e-14,0.999999999650754,
5,24,MULTISTAGE_RH,LEXMMFSA,shared_battery_mode_node_level_v1,SI-Drahi_13-d2-HET-UHI-BLO-15dd2f4a2b,TK-PB-Drahi_13-d2-HET-UHI-e201b86fbb-r5,SS-fec72d83146f,21,4,lex_phase_4,OPTIMAL,FEASIBLE_POINT,169994.47879584352,169994.47879584352,0,76446,76446,117321,334371,2388,0,2388,11940,2388,256,0,0,NaN,0,NaN,1.4210854715202004e-14,0.999999999650754,
5,24,MULTISTAGE_RH,LEXMMFSA,shared_battery_mode_node_level_v1,SI-Drahi_13-d2-HET-UHI-BLO-15dd2f4a2b,TK-PB-Drahi_13-d2-HET-UHI-e201b86fbb-r5,SS-fec72d83146f,21,5,lex_phase_5,OPTIMAL,FEASIBLE_POINT,212500.3188281385,212500.3188281385,0,76446,76446,117322,334377,2388,0,2388,11940,2388,256,0,0,NaN,0,NaN,1.4210854715202004e-14,0.999999999650754,
5,24,MULTISTAGE_RH,LEXMMFSA,shared_battery_mode_node_level_v1,SI-Drahi_13-d2-HET-UHI-BLO-15dd2f4a2b,TK-PB-Drahi_13-d2-HET-UHI-e201b86fbb-r5,SS-fec72d83146f,21,6,economic_tie_break,OPTIMAL,FEASIBLE_POINT,831020.9173986799,831020.9173986799,0,76446,76446,117323,334383,2388,0,2388,11940,2388,256,0,0,NaN,0,NaN,1.4210854715202004e-14,0.999999999650754,
5,1,MULTISTAGE_RH,NONE,shared_battery_mode_node_level_v1,SI-Drahi_13-d2-HET-UHI-BLO-15dd2f4a2b,TK-PB-Drahi_13-d2-HET-UHI-e201b86fbb-r5,SS-b6fde45dba3b,1,0,single_solve,OPTIMAL,FEASIBLE_POINT,457370.4624794461,457370.4624794461,0,76416,76416,117268,151133,2388,0,2388,11940,2388,256,0,0,NaN,0,NaN,0.0,0.0,
5,2,MULTISTAGE_RH,NONE,shared_battery_mode_node_level_v1,SI-Drahi_13-d2-HET-UHI-BLO-15dd2f4a2b,TK-PB-Drahi_13-d2-HET-UHI-e201b86fbb-r5,SS-b6fde45dba3b,1,0,single_solve,OPTIMAL,FEASIBLE_POINT,457370.4624794461,457370.4624794461,0,76416,76416,117268,151133,2388,0,2388,11940,2388,256,0,0,NaN,0,NaN,0.0,0.0,
5,3,MULTISTAGE_RH,NONE,shared_battery_mode_node_level_v1,SI-Drahi_13-d2-HET-UHI-BLO-15dd2f4a2b,TK-PB-Drahi_13-d2-HET-UHI-e201b86fbb-r5,SS-b6fde45dba3b,1,0,single_solve,OPTIMAL,FEASIBLE_POINT,457370.4624794461,457370.4624794461,0,76416,76416,117268,151133,2388,0,2388,11940,2388,256,0,0,NaN,0,NaN,0.0,0.0,
5,4,MULTISTAGE_RH,NONE,shared_battery_mode_node_level_v1,SI-Drahi_13-d2-HET-UHI-BLO-15dd2f4a2b,TK-PB-Drahi_13-d2-HET-UHI-e201b86fbb-r5,SS-b6fde45dba3b,1,0,single_solve,OPTIMAL,FEASIBLE_POINT,457370.4624794461,457370.4624794461,0,76416,76416,117268,151133,2388,0,2388,11940,2388,256,0,0,NaN,0,NaN,0.09750000000000003,0.0,
5,5,MULTISTAGE_RH,NONE,shared_battery_mode_node_level_v1,SI-Drahi_13-d2-HET-UHI-BLO-15dd2f4a2b,TK-PB-Drahi_13-d2-HET-UHI-e201b86fbb-r5,SS-59c6d7df9164,5,0,single_solve,OPTIMAL,FEASIBLE_POINT,602516.9533491334,602516.9533491334,0,76416,76416,117268,147028,2388,0,2388,11940,2388,256,0,0,NaN,0,NaN,0.0,0.0,
5,6,MULTISTAGE_RH,NONE,shared_battery_mode_node_level_v1,SI-Drahi_13-d2-HET-UHI-BLO-15dd2f4a2b,TK-PB-Drahi_13-d2-HET-UHI-e201b86fbb-r5,SS-59c6d7df9164,5,0,single_solve,OPTIMAL,FEASIBLE_POINT,602516.9533491334,602516.9533491334,0,76416,76416,117268,147028,2388,0,2388,11940,2388,256,0,0,NaN,0,NaN,1.4210854715202004e-14,0.0,
5,7,MULTISTAGE_RH,NONE,shared_battery_mode_node_level_v1,SI-Drahi_13-d2-HET-UHI-BLO-15dd2f4a2b,TK-PB-Drahi_13-d2-HET-UHI-e201b86fbb-r5,SS-59c6d7df9164,5,0,single_solve,OPTIMAL,FEASIBLE_POINT,602516.9533491334,602516.9533491334,0,76416,76416,117268,147028,2388,0,2388,11940,2388,256,0,0,NaN,0,NaN,1.7763568394002505e-15,0.0,
5,8,MULTISTAGE_RH,NONE,shared_battery_mode_node_level_v1,SI-Drahi_13-d2-HET-UHI-BLO-15dd2f4a2b,TK-PB-Drahi_13-d2-HET-UHI-e201b86fbb-r5,SS-59c6d7df9164,5,0,single_solve,OPTIMAL,FEASIBLE_POINT,602516.9533491334,602516.9533491334,0,76416,76416,117268,147028,2388,0,2388,11940,2388,256,0,0,NaN,0,NaN,1.7763568394002505e-15,0.0,
5,9,MULTISTAGE_RH,NONE,shared_battery_mode_node_level_v1,SI-Drahi_13-d2-HET-UHI-BLO-15dd2f4a2b,TK-PB-Drahi_13-d2-HET-UHI-e201b86fbb-r5,SS-baeb7d556d60,9,0,single_solve,OPTIMAL,FEASIBLE_POINT,427486.7477749906,427486.7477749906,0,76416,76416,117268,150883,2388,0,2388,11940,2388,256,0,0,NaN,0,NaN,1.4210854715202004e-14,0.0,
5,10,MULTISTAGE_RH,NONE,shared_battery_mode_node_level_v1,SI-Drahi_13-d2-HET-UHI-BLO-15dd2f4a2b,TK-PB-Drahi_13-d2-HET-UHI-e201b86fbb-r5,SS-baeb7d556d60,9,0,single_solve,OPTIMAL,FEASIBLE_POINT,427486.7477749906,427486.7477749906,0,76416,76416,117268,150883,2388,0,2388,11940,2388,256,0,0,NaN,0,NaN,1.4210854715202004e-14,0.0,
5,11,MULTISTAGE_RH,NONE,shared_battery_mode_node_level_v1,SI-Drahi_13-d2-HET-UHI-BLO-15dd2f4a2b,TK-PB-Drahi_13-d2-HET-UHI-e201b86fbb-r5,SS-baeb7d556d60,9,0,single_solve,OPTIMAL,FEASIBLE_POINT,427486.7477749906,427486.7477749906,0,76416,76416,117268,150883,2388,0,2388,11940,2388,256,0,0,NaN,0,NaN,0.0,0.0,
5,12,MULTISTAGE_RH,NONE,shared_battery_mode_node_level_v1,SI-Drahi_13-d2-HET-UHI-BLO-15dd2f4a2b,TK-PB-Drahi_13-d2-HET-UHI-e201b86fbb-r5,SS-baeb7d556d60,9,0,single_solve,OPTIMAL,FEASIBLE_POINT,427486.7477749906,427486.7477749906,0,76416,76416,117268,150883,2388,0,2388,11940,2388,256,0,0,NaN,0,NaN,2.842170943040401e-14,0.0,
5,13,MULTISTAGE_RH,NONE,shared_battery_mode_node_level_v1,SI-Drahi_13-d2-HET-UHI-BLO-15dd2f4a2b,TK-PB-Drahi_13-d2-HET-UHI-e201b86fbb-r5,SS-784512b1c103,13,0,single_solve,OPTIMAL,FEASIBLE_POINT,470435.80239683256,470435.80239683256,0,76416,76416,117268,155328,2388,0,2388,11940,2388,256,0,0,NaN,0,NaN,0.0,0.0,
5,14,MULTISTAGE_RH,NONE,shared_battery_mode_node_level_v1,SI-Drahi_13-d2-HET-UHI-BLO-15dd2f4a2b,TK-PB-Drahi_13-d2-HET-UHI-e201b86fbb-r5,SS-784512b1c103,13,0,single_solve,OPTIMAL,FEASIBLE_POINT,470435.80239683256,470435.80239683256,0,76416,76416,117268,155328,2388,0,2388,11940,2388,256,0,0,NaN,0,NaN,0.0,0.0,
5,15,MULTISTAGE_RH,NONE,shared_battery_mode_node_level_v1,SI-Drahi_13-d2-HET-UHI-BLO-15dd2f4a2b,TK-PB-Drahi_13-d2-HET-UHI-e201b86fbb-r5,SS-784512b1c103,13,0,single_solve,OPTIMAL,FEASIBLE_POINT,470435.80239683256,470435.80239683256,0,76416,76416,117268,155328,2388,0,2388,11940,2388,256,0,0,NaN,0,NaN,2.842170943040401e-14,0.0,
5,16,MULTISTAGE_RH,NONE,shared_battery_mode_node_level_v1,SI-Drahi_13-d2-HET-UHI-BLO-15dd2f4a2b,TK-PB-Drahi_13-d2-HET-UHI-e201b86fbb-r5,SS-784512b1c103,13,0,single_solve,OPTIMAL,FEASIBLE_POINT,470435.80239683256,470435.80239683256,0,76416,76416,117268,155328,2388,0,2388,11940,2388,256,0,0,NaN,0,NaN,0.0,0.0,
5,17,MULTISTAGE_RH,NONE,shared_battery_mode_node_level_v1,SI-Drahi_13-d2-HET-UHI-BLO-15dd2f4a2b,TK-PB-Drahi_13-d2-HET-UHI-e201b86fbb-r5,SS-ced84ca7a4eb,17,0,single_solve,OPTIMAL,FEASIBLE_POINT,484760.815319119,484760.815319119,0,76416,76416,117268,156338,2388,0,2388,11940,2388,256,0,0,NaN,0,NaN,0.0,0.0,
5,18,MULTISTAGE_RH,NONE,shared_battery_mode_node_level_v1,SI-Drahi_13-d2-HET-UHI-BLO-15dd2f4a2b,TK-PB-Drahi_13-d2-HET-UHI-e201b86fbb-r5,SS-ced84ca7a4eb,17,0,single_solve,OPTIMAL,FEASIBLE_POINT,484760.815319119,484760.815319119,0,76416,76416,117268,156338,2388,0,2388,11940,2388,256,0,0,NaN,0,NaN,0.0,0.0,
5,19,MULTISTAGE_RH,NONE,shared_battery_mode_node_level_v1,SI-Drahi_13-d2-HET-UHI-BLO-15dd2f4a2b,TK-PB-Drahi_13-d2-HET-UHI-e201b86fbb-r5,SS-ced84ca7a4eb,17,0,single_solve,OPTIMAL,FEASIBLE_POINT,484760.815319119,484760.815319119,0,76416,76416,117268,156338,2388,0,2388,11940,2388,256,0,0,NaN,0,NaN,0.0,0.0,
5,20,MULTISTAGE_RH,NONE,shared_battery_mode_node_level_v1,SI-Drahi_13-d2-HET-UHI-BLO-15dd2f4a2b,TK-PB-Drahi_13-d2-HET-UHI-e201b86fbb-r5,SS-ced84ca7a4eb,17,0,single_solve,OPTIMAL,FEASIBLE_POINT,484760.815319119,484760.815319119,0,76416,76416,117268,156338,2388,0,2388,11940,2388,256,0,0,NaN,0,NaN,0.0,0.0,
5,21,MULTISTAGE_RH,NONE,shared_battery_mode_node_level_v1,SI-Drahi_13-d2-HET-UHI-BLO-15dd2f4a2b,TK-PB-Drahi_13-d2-HET-UHI-e201b86fbb-r5,SS-fec72d83146f,21,0,single_solve,OPTIMAL,FEASIBLE_POINT,526356.2228364353,526356.2228364353,0,76416,76416,117268,155203,2388,0,2388,11940,2388,256,0,0,NaN,0,NaN,0.0,0.0,
5,22,MULTISTAGE_RH,NONE,shared_battery_mode_node_level_v1,SI-Drahi_13-d2-HET-UHI-BLO-15dd2f4a2b,TK-PB-Drahi_13-d2-HET-UHI-e201b86fbb-r5,SS-fec72d83146f,21,0,single_solve,OPTIMAL,FEASIBLE_POINT,526356.2228364353,526356.2228364353,0,76416,76416,117268,155203,2388,0,2388,11940,2388,256,0,0,NaN,0,NaN,0.0,0.0,
5,23,MULTISTAGE_RH,NONE,shared_battery_mode_node_level_v1,SI-Drahi_13-d2-HET-UHI-BLO-15dd2f4a2b,TK-PB-Drahi_13-d2-HET-UHI-e201b86fbb-r5,SS-fec72d83146f,21,0,single_solve,OPTIMAL,FEASIBLE_POINT,526356.2228364353,526356.2228364353,0,76416,76416,117268,155203,2388,0,2388,11940,2388,256,0,0,NaN,0,NaN,0.0,0.0,
5,24,MULTISTAGE_RH,NONE,shared_battery_mode_node_level_v1,SI-Drahi_13-d2-HET-UHI-BLO-15dd2f4a2b,TK-PB-Drahi_13-d2-HET-UHI-e201b86fbb-r5,SS-fec72d83146f,21,0,single_solve,OPTIMAL,FEASIBLE_POINT,526356.2228364353,526356.2228364353,0,76416,76416,117268,155203,2388,0,2388,11940,2388,256,0,0,NaN,0,NaN,0.0,0.0,
5,1,MULTISTAGE_RH,PEA,shared_battery_mode_node_level_v1,SI-Drahi_13-d2-HET-UHI-BLO-15dd2f4a2b,TK-PB-Drahi_13-d2-HET-UHI-e201b86fbb-r5,SS-b6fde45dba3b,1,0,single_solve,OPTIMAL,FEASIBLE_POINT,583305.376752242,583305.376752242,0,76416,76416,117273,163073,2388,0,2388,11940,2388,256,0,0,NaN,0,NaN,0.0,7.958078640513122e-13,
5,2,MULTISTAGE_RH,PEA,shared_battery_mode_node_level_v1,SI-Drahi_13-d2-HET-UHI-BLO-15dd2f4a2b,TK-PB-Drahi_13-d2-HET-UHI-e201b86fbb-r5,SS-b6fde45dba3b,1,0,single_solve,OPTIMAL,FEASIBLE_POINT,583305.376752242,583305.376752242,0,76416,76416,117273,163073,2388,0,2388,11940,2388,256,0,0,NaN,0,NaN,0.0,7.958078640513122e-13,
5,3,MULTISTAGE_RH,PEA,shared_battery_mode_node_level_v1,SI-Drahi_13-d2-HET-UHI-BLO-15dd2f4a2b,TK-PB-Drahi_13-d2-HET-UHI-e201b86fbb-r5,SS-b6fde45dba3b,1,0,single_solve,OPTIMAL,FEASIBLE_POINT,583305.376752242,583305.376752242,0,76416,76416,117273,163073,2388,0,2388,11940,2388,256,0,0,NaN,0,NaN,0.0,7.958078640513122e-13,
5,4,MULTISTAGE_RH,PEA,shared_battery_mode_node_level_v1,SI-Drahi_13-d2-HET-UHI-BLO-15dd2f4a2b,TK-PB-Drahi_13-d2-HET-UHI-e201b86fbb-r5,SS-b6fde45dba3b,1,0,single_solve,OPTIMAL,FEASIBLE_POINT,583305.376752242,583305.376752242,0,76416,76416,117273,163073,2388,0,2388,11940,2388,256,0,0,NaN,0,NaN,0.09750000000000003,7.958078640513122e-13,
5,5,MULTISTAGE_RH,PEA,shared_battery_mode_node_level_v1,SI-Drahi_13-d2-HET-UHI-BLO-15dd2f4a2b,TK-PB-Drahi_13-d2-HET-UHI-e201b86fbb-r5,SS-59c6d7df9164,5,0,single_solve,OPTIMAL,FEASIBLE_POINT,662328.9195184419,662328.9195184419,0,76416,76416,117273,158968,2388,0,2388,11940,2388,256,0,0,NaN,0,NaN,0.0,1.1368683772161603e-13,
5,6,MULTISTAGE_RH,PEA,shared_battery_mode_node_level_v1,SI-Drahi_13-d2-HET-UHI-BLO-15dd2f4a2b,TK-PB-Drahi_13-d2-HET-UHI-e201b86fbb-r5,SS-59c6d7df9164,5,0,single_solve,OPTIMAL,FEASIBLE_POINT,662328.9195184419,662328.9195184419,0,76416,76416,117273,158968,2388,0,2388,11940,2388,256,0,0,NaN,0,NaN,0.09750000000000014,1.1368683772161603e-13,
5,7,MULTISTAGE_RH,PEA,shared_battery_mode_node_level_v1,SI-Drahi_13-d2-HET-UHI-BLO-15dd2f4a2b,TK-PB-Drahi_13-d2-HET-UHI-e201b86fbb-r5,SS-59c6d7df9164,5,0,single_solve,OPTIMAL,FEASIBLE_POINT,662328.9195184419,662328.9195184419,0,76416,76416,117273,158968,2388,0,2388,11940,2388,256,0,0,NaN,0,NaN,1.6653345369377348e-16,1.1368683772161603e-13,
5,8,MULTISTAGE_RH,PEA,shared_battery_mode_node_level_v1,SI-Drahi_13-d2-HET-UHI-BLO-15dd2f4a2b,TK-PB-Drahi_13-d2-HET-UHI-e201b86fbb-r5,SS-59c6d7df9164,5,0,single_solve,OPTIMAL,FEASIBLE_POINT,662328.9195184419,662328.9195184419,0,76416,76416,117273,158968,2388,0,2388,11940,2388,256,0,0,NaN,0,NaN,1.6653345369377348e-16,1.1368683772161603e-13,
5,9,MULTISTAGE_RH,PEA,shared_battery_mode_node_level_v1,SI-Drahi_13-d2-HET-UHI-BLO-15dd2f4a2b,TK-PB-Drahi_13-d2-HET-UHI-e201b86fbb-r5,SS-baeb7d556d60,9,0,single_solve,OPTIMAL,FEASIBLE_POINT,614992.8207168134,614992.8207168134,0,76416,76416,117273,162823,2388,0,2388,11940,2388,256,0,0,NaN,0,NaN,0.6433452194942122,1.5916157281026244e-12,
5,10,MULTISTAGE_RH,PEA,shared_battery_mode_node_level_v1,SI-Drahi_13-d2-HET-UHI-BLO-15dd2f4a2b,TK-PB-Drahi_13-d2-HET-UHI-e201b86fbb-r5,SS-baeb7d556d60,9,0,single_solve,OPTIMAL,FEASIBLE_POINT,614992.8207168134,614992.8207168134,0,76416,76416,117273,162823,2388,0,2388,11940,2388,256,0,0,NaN,0,NaN,3.999999999999993,1.5916157281026244e-12,
5,11,MULTISTAGE_RH,PEA,shared_battery_mode_node_level_v1,SI-Drahi_13-d2-HET-UHI-BLO-15dd2f4a2b,TK-PB-Drahi_13-d2-HET-UHI-e201b86fbb-r5,SS-baeb7d556d60,9,0,single_solve,OPTIMAL,FEASIBLE_POINT,614992.8207168134,614992.8207168134,0,76416,76416,117273,162823,2388,0,2388,11940,2388,256,0,0,NaN,0,NaN,1.7763568394002505e-15,1.5916157281026244e-12,
5,12,MULTISTAGE_RH,PEA,shared_battery_mode_node_level_v1,SI-Drahi_13-d2-HET-UHI-BLO-15dd2f4a2b,TK-PB-Drahi_13-d2-HET-UHI-e201b86fbb-r5,SS-baeb7d556d60,9,0,single_solve,OPTIMAL,FEASIBLE_POINT,614992.8207168134,614992.8207168134,0,76416,76416,117273,162823,2388,0,2388,11940,2388,256,0,0,NaN,0,NaN,3.552713678800501e-15,1.5916157281026244e-12,
5,13,MULTISTAGE_RH,PEA,shared_battery_mode_node_level_v1,SI-Drahi_13-d2-HET-UHI-BLO-15dd2f4a2b,TK-PB-Drahi_13-d2-HET-UHI-e201b86fbb-r5,SS-784512b1c103,13,0,single_solve,OPTIMAL,FEASIBLE_POINT,582389.2009361873,582389.2009361873,0,76416,76416,117273,167268,2388,0,2388,11940,2388,256,0,0,NaN,0,NaN,0.0,5.9685589803848416e-12,
5,14,MULTISTAGE_RH,PEA,shared_battery_mode_node_level_v1,SI-Drahi_13-d2-HET-UHI-BLO-15dd2f4a2b,TK-PB-Drahi_13-d2-HET-UHI-e201b86fbb-r5,SS-784512b1c103,13,0,single_solve,OPTIMAL,FEASIBLE_POINT,582389.2009361873,582389.2009361873,0,76416,76416,117273,167268,2388,0,2388,11940,2388,256,0,0,NaN,0,NaN,1.9127276110842004,5.9685589803848416e-12,
5,15,MULTISTAGE_RH,PEA,shared_battery_mode_node_level_v1,SI-Drahi_13-d2-HET-UHI-BLO-15dd2f4a2b,TK-PB-Drahi_13-d2-HET-UHI-e201b86fbb-r5,SS-784512b1c103,13,0,single_solve,OPTIMAL,FEASIBLE_POINT,582389.2009361873,582389.2009361873,0,76416,76416,117273,167268,2388,0,2388,11940,2388,256,0,0,NaN,0,NaN,3.9999999999999716,5.9685589803848416e-12,
5,16,MULTISTAGE_RH,PEA,shared_battery_mode_node_level_v1,SI-Drahi_13-d2-HET-UHI-BLO-15dd2f4a2b,TK-PB-Drahi_13-d2-HET-UHI-e201b86fbb-r5,SS-784512b1c103,13,0,single_solve,OPTIMAL,FEASIBLE_POINT,582389.2009361873,582389.2009361873,0,76416,76416,117273,167268,2388,0,2388,11940,2388,256,0,0,NaN,0,NaN,0.0,5.9685589803848416e-12,
5,17,MULTISTAGE_RH,PEA,shared_battery_mode_node_level_v1,SI-Drahi_13-d2-HET-UHI-BLO-15dd2f4a2b,TK-PB-Drahi_13-d2-HET-UHI-e201b86fbb-r5,SS-ced84ca7a4eb,17,0,single_solve,OPTIMAL,FEASIBLE_POINT,539954.3510361232,539954.3510361232,0,76416,76416,117273,168278,2388,0,2388,11940,2388,256,0,0,NaN,0,NaN,0.0,1.3073986337985843e-12,
5,18,MULTISTAGE_RH,PEA,shared_battery_mode_node_level_v1,SI-Drahi_13-d2-HET-UHI-BLO-15dd2f4a2b,TK-PB-Drahi_13-d2-HET-UHI-e201b86fbb-r5,SS-ced84ca7a4eb,17,0,single_solve,OPTIMAL,FEASIBLE_POINT,539954.3510361232,539954.3510361232,0,76416,76416,117273,168278,2388,0,2388,11940,2388,256,0,0,NaN,0,NaN,0.0,1.3073986337985843e-12,
5,19,MULTISTAGE_RH,PEA,shared_battery_mode_node_level_v1,SI-Drahi_13-d2-HET-UHI-BLO-15dd2f4a2b,TK-PB-Drahi_13-d2-HET-UHI-e201b86fbb-r5,SS-ced84ca7a4eb,17,0,single_solve,OPTIMAL,FEASIBLE_POINT,539954.3510361232,539954.3510361232,0,76416,76416,117273,168278,2388,0,2388,11940,2388,256,0,0,NaN,0,NaN,0.0,1.3073986337985843e-12,
5,20,MULTISTAGE_RH,PEA,shared_battery_mode_node_level_v1,SI-Drahi_13-d2-HET-UHI-BLO-15dd2f4a2b,TK-PB-Drahi_13-d2-HET-UHI-e201b86fbb-r5,SS-ced84ca7a4eb,17,0,single_solve,OPTIMAL,FEASIBLE_POINT,539954.3510361232,539954.3510361232,0,76416,76416,117273,168278,2388,0,2388,11940,2388,256,0,0,NaN,0,NaN,0.0,1.3073986337985843e-12,
5,21,MULTISTAGE_RH,PEA,shared_battery_mode_node_level_v1,SI-Drahi_13-d2-HET-UHI-BLO-15dd2f4a2b,TK-PB-Drahi_13-d2-HET-UHI-e201b86fbb-r5,SS-fec72d83146f,21,0,single_solve,OPTIMAL,FEASIBLE_POINT,574564.2264081484,574564.2264081484,0,76416,76416,117273,167143,2388,0,2388,11940,2388,256,0,0,NaN,0,NaN,0.0,9.094947017729282e-13,
5,22,MULTISTAGE_RH,PEA,shared_battery_mode_node_level_v1,SI-Drahi_13-d2-HET-UHI-BLO-15dd2f4a2b,TK-PB-Drahi_13-d2-HET-UHI-e201b86fbb-r5,SS-fec72d83146f,21,0,single_solve,OPTIMAL,FEASIBLE_POINT,574564.2264081484,574564.2264081484,0,76416,76416,117273,167143,2388,0,2388,11940,2388,256,0,0,NaN,0,NaN,0.0,9.094947017729282e-13,
5,23,MULTISTAGE_RH,PEA,shared_battery_mode_node_level_v1,SI-Drahi_13-d2-HET-UHI-BLO-15dd2f4a2b,TK-PB-Drahi_13-d2-HET-UHI-e201b86fbb-r5,SS-fec72d83146f,21,0,single_solve,OPTIMAL,FEASIBLE_POINT,574564.2264081484,574564.2264081484,0,76416,76416,117273,167143,2388,0,2388,11940,2388,256,0,0,NaN,0,NaN,0.0,9.094947017729282e-13,
5,24,MULTISTAGE_RH,PEA,shared_battery_mode_node_level_v1,SI-Drahi_13-d2-HET-UHI-BLO-15dd2f4a2b,TK-PB-Drahi_13-d2-HET-UHI-e201b86fbb-r5,SS-fec72d83146f,21,0,single_solve,OPTIMAL,FEASIBLE_POINT,574564.2264081484,574564.2264081484,0,76416,76416,117273,167143,2388,0,2388,11940,2388,256,0,0,NaN,0,NaN,0.0,9.094947017729282e-13,
5,1,MULTISTAGE_RH,SA,shared_battery_mode_node_level_v1,SI-Drahi_13-d2-HET-UHI-BLO-15dd2f4a2b,TK-PB-Drahi_13-d2-HET-UHI-e201b86fbb-r5,SS-b6fde45dba3b,1,0,single_solve,OPTIMAL,FEASIBLE_POINT,715356.5984195936,715356.5984195936,0,76416,76416,117273,330233,2388,0,2388,11940,2388,256,0,0,NaN,0,NaN,0.0,1.709850039333105e-10,
5,2,MULTISTAGE_RH,SA,shared_battery_mode_node_level_v1,SI-Drahi_13-d2-HET-UHI-BLO-15dd2f4a2b,TK-PB-Drahi_13-d2-HET-UHI-e201b86fbb-r5,SS-b6fde45dba3b,1,0,single_solve,OPTIMAL,FEASIBLE_POINT,715356.5984195936,715356.5984195936,0,76416,76416,117273,330233,2388,0,2388,11940,2388,256,0,0,NaN,0,NaN,0.8199737187910641,1.709850039333105e-10,
5,3,MULTISTAGE_RH,SA,shared_battery_mode_node_level_v1,SI-Drahi_13-d2-HET-UHI-BLO-15dd2f4a2b,TK-PB-Drahi_13-d2-HET-UHI-e201b86fbb-r5,SS-b6fde45dba3b,1,0,single_solve,OPTIMAL,FEASIBLE_POINT,715356.5984195936,715356.5984195936,0,76416,76416,117273,330233,2388,0,2388,11940,2388,256,0,0,NaN,0,NaN,1.7763568394002505e-15,1.709850039333105e-10,
5,4,MULTISTAGE_RH,SA,shared_battery_mode_node_level_v1,SI-Drahi_13-d2-HET-UHI-BLO-15dd2f4a2b,TK-PB-Drahi_13-d2-HET-UHI-e201b86fbb-r5,SS-b6fde45dba3b,1,0,single_solve,OPTIMAL,FEASIBLE_POINT,715356.5984195936,715356.5984195936,0,76416,76416,117273,330233,2388,0,2388,11940,2388,256,0,0,NaN,0,NaN,2.4980018054066022e-15,1.709850039333105e-10,
5,5,MULTISTAGE_RH,SA,shared_battery_mode_node_level_v1,SI-Drahi_13-d2-HET-UHI-BLO-15dd2f4a2b,TK-PB-Drahi_13-d2-HET-UHI-e201b86fbb-r5,SS-59c6d7df9164,5,0,single_solve,OPTIMAL,FEASIBLE_POINT,708156.8618727275,708156.8618727275,0,76416,76416,117273,326128,2388,0,2388,11940,2388,256,0,0,NaN,0,NaN,2.220446049250313e-15,6.148184183984995e-10,
5,6,MULTISTAGE_RH,SA,shared_battery_mode_node_level_v1,SI-Drahi_13-d2-HET-UHI-BLO-15dd2f4a2b,TK-PB-Drahi_13-d2-HET-UHI-e201b86fbb-r5,SS-59c6d7df9164,5,0,single_solve,OPTIMAL,FEASIBLE_POINT,708156.8618727275,708156.8618727275,0,76416,76416,117273,326128,2388,0,2388,11940,2388,256,0,0,NaN,0,NaN,0.40998685939553425,6.148184183984995e-10,
5,7,MULTISTAGE_RH,SA,shared_battery_mode_node_level_v1,SI-Drahi_13-d2-HET-UHI-BLO-15dd2f4a2b,TK-PB-Drahi_13-d2-HET-UHI-e201b86fbb-r5,SS-59c6d7df9164,5,0,single_solve,OPTIMAL,FEASIBLE_POINT,708156.8618727275,708156.8618727275,0,76416,76416,117273,326128,2388,0,2388,11940,2388,256,0,0,NaN,0,NaN,8.881784197001252e-16,6.148184183984995e-10,
5,8,MULTISTAGE_RH,SA,shared_battery_mode_node_level_v1,SI-Drahi_13-d2-HET-UHI-BLO-15dd2f4a2b,TK-PB-Drahi_13-d2-HET-UHI-e201b86fbb-r5,SS-59c6d7df9164,5,0,single_solve,OPTIMAL,FEASIBLE_POINT,708156.8618727275,708156.8618727275,0,76416,76416,117273,326128,2388,0,2388,11940,2388,256,0,0,NaN,0,NaN,0.4099868593955325,6.148184183984995e-10,
5,9,MULTISTAGE_RH,SA,shared_battery_mode_node_level_v1,SI-Drahi_13-d2-HET-UHI-BLO-15dd2f4a2b,TK-PB-Drahi_13-d2-HET-UHI-e201b86fbb-r5,SS-baeb7d556d60,9,0,single_solve,OPTIMAL,FEASIBLE_POINT,746495.0956503965,746495.0956503965,0,76416,76416,117273,329983,2388,0,2388,11940,2388,256,0,0,NaN,0,NaN,0.0,5.420588422566652e-10,
5,10,MULTISTAGE_RH,SA,shared_battery_mode_node_level_v1,SI-Drahi_13-d2-HET-UHI-BLO-15dd2f4a2b,TK-PB-Drahi_13-d2-HET-UHI-e201b86fbb-r5,SS-baeb7d556d60,9,0,single_solve,OPTIMAL,FEASIBLE_POINT,746495.0956503965,746495.0956503965,0,76416,76416,117273,329983,2388,0,2388,11940,2388,256,0,0,NaN,0,NaN,1.0547118733938987e-15,5.420588422566652e-10,
5,11,MULTISTAGE_RH,SA,shared_battery_mode_node_level_v1,SI-Drahi_13-d2-HET-UHI-BLO-15dd2f4a2b,TK-PB-Drahi_13-d2-HET-UHI-e201b86fbb-r5,SS-baeb7d556d60,9,0,single_solve,OPTIMAL,FEASIBLE_POINT,746495.0956503965,746495.0956503965,0,76416,76416,117273,329983,2388,0,2388,11940,2388,256,0,0,NaN,0,NaN,8.881784197001252e-16,5.420588422566652e-10,
5,12,MULTISTAGE_RH,SA,shared_battery_mode_node_level_v1,SI-Drahi_13-d2-HET-UHI-BLO-15dd2f4a2b,TK-PB-Drahi_13-d2-HET-UHI-e201b86fbb-r5,SS-baeb7d556d60,9,0,single_solve,OPTIMAL,FEASIBLE_POINT,746495.0956503965,746495.0956503965,0,76416,76416,117273,329983,2388,0,2388,11940,2388,256,0,0,NaN,0,NaN,1.7763568394002505e-15,5.420588422566652e-10,
5,13,MULTISTAGE_RH,SA,shared_battery_mode_node_level_v1,SI-Drahi_13-d2-HET-UHI-BLO-15dd2f4a2b,TK-PB-Drahi_13-d2-HET-UHI-e201b86fbb-r5,SS-784512b1c103,13,0,single_solve,OPTIMAL,FEASIBLE_POINT,736091.9321637953,736091.9321637953,0,76416,76416,117273,334428,2388,0,2388,11940,2388,256,0,0,NaN,0,NaN,0.0,2.9831426218152046e-10,
5,14,MULTISTAGE_RH,SA,shared_battery_mode_node_level_v1,SI-Drahi_13-d2-HET-UHI-BLO-15dd2f4a2b,TK-PB-Drahi_13-d2-HET-UHI-e201b86fbb-r5,SS-784512b1c103,13,0,single_solve,OPTIMAL,FEASIBLE_POINT,736091.9321637953,736091.9321637953,0,76416,76416,117273,334428,2388,0,2388,11940,2388,256,0,0,NaN,0,NaN,0.20437499999999964,2.9831426218152046e-10,
5,15,MULTISTAGE_RH,SA,shared_battery_mode_node_level_v1,SI-Drahi_13-d2-HET-UHI-BLO-15dd2f4a2b,TK-PB-Drahi_13-d2-HET-UHI-e201b86fbb-r5,SS-784512b1c103,13,0,single_solve,OPTIMAL,FEASIBLE_POINT,736091.9321637953,736091.9321637953,0,76416,76416,117273,334428,2388,0,2388,11940,2388,256,0,0,NaN,0,NaN,0.0,2.9831426218152046e-10,
5,16,MULTISTAGE_RH,SA,shared_battery_mode_node_level_v1,SI-Drahi_13-d2-HET-UHI-BLO-15dd2f4a2b,TK-PB-Drahi_13-d2-HET-UHI-e201b86fbb-r5,SS-784512b1c103,13,0,single_solve,OPTIMAL,FEASIBLE_POINT,736091.9321637953,736091.9321637953,0,76416,76416,117273,334428,2388,0,2388,11940,2388,256,0,0,NaN,0,NaN,0.0,2.9831426218152046e-10,
5,17,MULTISTAGE_RH,SA,shared_battery_mode_node_level_v1,SI-Drahi_13-d2-HET-UHI-BLO-15dd2f4a2b,TK-PB-Drahi_13-d2-HET-UHI-e201b86fbb-r5,SS-ced84ca7a4eb,17,0,single_solve,OPTIMAL,FEASIBLE_POINT,692523.3363532759,692523.3363532759,0,76416,76416,117273,335438,2388,0,2388,11940,2388,256,0,0,NaN,0,NaN,0.0,1.2078089639544487e-9,
5,18,MULTISTAGE_RH,SA,shared_battery_mode_node_level_v1,SI-Drahi_13-d2-HET-UHI-BLO-15dd2f4a2b,TK-PB-Drahi_13-d2-HET-UHI-e201b86fbb-r5,SS-ced84ca7a4eb,17,0,single_solve,OPTIMAL,FEASIBLE_POINT,692523.3363532759,692523.3363532759,0,76416,76416,117273,335438,2388,0,2388,11940,2388,256,0,0,NaN,0,NaN,0.0,1.2078089639544487e-9,
5,19,MULTISTAGE_RH,SA,shared_battery_mode_node_level_v1,SI-Drahi_13-d2-HET-UHI-BLO-15dd2f4a2b,TK-PB-Drahi_13-d2-HET-UHI-e201b86fbb-r5,SS-ced84ca7a4eb,17,0,single_solve,OPTIMAL,FEASIBLE_POINT,692523.3363532759,692523.3363532759,0,76416,76416,117273,335438,2388,0,2388,11940,2388,256,0,0,NaN,0,NaN,2.565045992115639,1.2078089639544487e-9,
5,20,MULTISTAGE_RH,SA,shared_battery_mode_node_level_v1,SI-Drahi_13-d2-HET-UHI-BLO-15dd2f4a2b,TK-PB-Drahi_13-d2-HET-UHI-e201b86fbb-r5,SS-ced84ca7a4eb,17,0,single_solve,OPTIMAL,FEASIBLE_POINT,692523.3363532759,692523.3363532759,0,76416,76416,117273,335438,2388,0,2388,11940,2388,256,0,0,NaN,0,NaN,3.552713678800501e-15,1.2078089639544487e-9,
5,21,MULTISTAGE_RH,SA,shared_battery_mode_node_level_v1,SI-Drahi_13-d2-HET-UHI-BLO-15dd2f4a2b,TK-PB-Drahi_13-d2-HET-UHI-e201b86fbb-r5,SS-fec72d83146f,21,0,single_solve,OPTIMAL,FEASIBLE_POINT,716128.5424185991,716128.5424185991,0,76416,76416,117273,334303,2388,0,2388,11940,2388,256,0,0,NaN,0,NaN,0.0,2.1100277081131935e-10,
5,22,MULTISTAGE_RH,SA,shared_battery_mode_node_level_v1,SI-Drahi_13-d2-HET-UHI-BLO-15dd2f4a2b,TK-PB-Drahi_13-d2-HET-UHI-e201b86fbb-r5,SS-fec72d83146f,21,0,single_solve,OPTIMAL,FEASIBLE_POINT,716128.5424185991,716128.5424185991,0,76416,76416,117273,334303,2388,0,2388,11940,2388,256,0,0,NaN,0,NaN,0.0,2.1100277081131935e-10,
5,23,MULTISTAGE_RH,SA,shared_battery_mode_node_level_v1,SI-Drahi_13-d2-HET-UHI-BLO-15dd2f4a2b,TK-PB-Drahi_13-d2-HET-UHI-e201b86fbb-r5,SS-fec72d83146f,21,0,single_solve,OPTIMAL,FEASIBLE_POINT,716128.5424185991,716128.5424185991,0,76416,76416,117273,334303,2388,0,2388,11940,2388,256,0,0,NaN,0,NaN,0.0,2.1100277081131935e-10,
5,24,MULTISTAGE_RH,SA,shared_battery_mode_node_level_v1,SI-Drahi_13-d2-HET-UHI-BLO-15dd2f4a2b,TK-PB-Drahi_13-d2-HET-UHI-e201b86fbb-r5,SS-fec72d83146f,21,0,single_solve,OPTIMAL,FEASIBLE_POINT,716128.5424185991,716128.5424185991,0,76416,76416,117273,334303,2388,0,2388,11940,2388,256,0,0,NaN,0,NaN,0.0,2.1100277081131935e-10,
5,1,MULTISTAGE_RH,STATIC_DEMAND_SHARE,shared_battery_mode_node_level_v1,SI-Drahi_13-d2-HET-UHI-BLO-15dd2f4a2b,TK-PB-Drahi_13-d2-HET-UHI-e201b86fbb-r5,SS-b6fde45dba3b,1,0,single_solve,OPTIMAL,FEASIBLE_POINT,464925.57469126733,464925.57469126733,0,76416,76416,129208,163073,2388,0,2388,11940,2388,256,0,0,NaN,0,NaN,0.0,0.0,
5,2,MULTISTAGE_RH,STATIC_DEMAND_SHARE,shared_battery_mode_node_level_v1,SI-Drahi_13-d2-HET-UHI-BLO-15dd2f4a2b,TK-PB-Drahi_13-d2-HET-UHI-e201b86fbb-r5,SS-b6fde45dba3b,1,0,single_solve,OPTIMAL,FEASIBLE_POINT,464925.57469126733,464925.57469126733,0,76416,76416,129208,163073,2388,0,2388,11940,2388,256,0,0,NaN,0,NaN,0.0,0.0,
5,3,MULTISTAGE_RH,STATIC_DEMAND_SHARE,shared_battery_mode_node_level_v1,SI-Drahi_13-d2-HET-UHI-BLO-15dd2f4a2b,TK-PB-Drahi_13-d2-HET-UHI-e201b86fbb-r5,SS-b6fde45dba3b,1,0,single_solve,OPTIMAL,FEASIBLE_POINT,464925.57469126733,464925.57469126733,0,76416,76416,129208,163073,2388,0,2388,11940,2388,256,0,0,NaN,0,NaN,0.0,0.0,
5,4,MULTISTAGE_RH,STATIC_DEMAND_SHARE,shared_battery_mode_node_level_v1,SI-Drahi_13-d2-HET-UHI-BLO-15dd2f4a2b,TK-PB-Drahi_13-d2-HET-UHI-e201b86fbb-r5,SS-b6fde45dba3b,1,0,single_solve,OPTIMAL,FEASIBLE_POINT,464925.57469126733,464925.57469126733,0,76416,76416,129208,163073,2388,0,2388,11940,2388,256,0,0,NaN,0,NaN,0.09750000000000003,0.0,
5,5,MULTISTAGE_RH,STATIC_DEMAND_SHARE,shared_battery_mode_node_level_v1,SI-Drahi_13-d2-HET-UHI-BLO-15dd2f4a2b,TK-PB-Drahi_13-d2-HET-UHI-e201b86fbb-r5,SS-59c6d7df9164,5,0,single_solve,OPTIMAL,FEASIBLE_POINT,603701.5915142403,603701.5915142403,0,76416,76416,129208,158968,2388,0,2388,11940,2388,256,0,0,NaN,0,NaN,4.440892098500626e-16,0.0,
5,6,MULTISTAGE_RH,STATIC_DEMAND_SHARE,shared_battery_mode_node_level_v1,SI-Drahi_13-d2-HET-UHI-BLO-15dd2f4a2b,TK-PB-Drahi_13-d2-HET-UHI-e201b86fbb-r5,SS-59c6d7df9164,5,0,single_solve,OPTIMAL,FEASIBLE_POINT,603701.5915142403,603701.5915142403,0,76416,76416,129208,158968,2388,0,2388,11940,2388,256,0,0,NaN,0,NaN,0.0,0.0,
5,7,MULTISTAGE_RH,STATIC_DEMAND_SHARE,shared_battery_mode_node_level_v1,SI-Drahi_13-d2-HET-UHI-BLO-15dd2f4a2b,TK-PB-Drahi_13-d2-HET-UHI-e201b86fbb-r5,SS-59c6d7df9164,5,0,single_solve,OPTIMAL,FEASIBLE_POINT,603701.5915142403,603701.5915142403,0,76416,76416,129208,158968,2388,0,2388,11940,2388,256,0,0,NaN,0,NaN,3.552713678800501e-15,0.0,
5,8,MULTISTAGE_RH,STATIC_DEMAND_SHARE,shared_battery_mode_node_level_v1,SI-Drahi_13-d2-HET-UHI-BLO-15dd2f4a2b,TK-PB-Drahi_13-d2-HET-UHI-e201b86fbb-r5,SS-59c6d7df9164,5,0,single_solve,OPTIMAL,FEASIBLE_POINT,603701.5915142403,603701.5915142403,0,76416,76416,129208,158968,2388,0,2388,11940,2388,256,0,0,NaN,0,NaN,1.4210854715202004e-14,0.0,
5,9,MULTISTAGE_RH,STATIC_DEMAND_SHARE,shared_battery_mode_node_level_v1,SI-Drahi_13-d2-HET-UHI-BLO-15dd2f4a2b,TK-PB-Drahi_13-d2-HET-UHI-e201b86fbb-r5,SS-baeb7d556d60,9,0,single_solve,OPTIMAL,FEASIBLE_POINT,433176.0858672159,433176.0858672159,0,76416,76416,129208,162823,2388,0,2388,11940,2388,256,0,0,NaN,0,NaN,1.4210854715202004e-14,0.0,
5,10,MULTISTAGE_RH,STATIC_DEMAND_SHARE,shared_battery_mode_node_level_v1,SI-Drahi_13-d2-HET-UHI-BLO-15dd2f4a2b,TK-PB-Drahi_13-d2-HET-UHI-e201b86fbb-r5,SS-baeb7d556d60,9,0,single_solve,OPTIMAL,FEASIBLE_POINT,433176.0858672159,433176.0858672159,0,76416,76416,129208,162823,2388,0,2388,11940,2388,256,0,0,NaN,0,NaN,8.881784197001252e-16,0.0,
5,11,MULTISTAGE_RH,STATIC_DEMAND_SHARE,shared_battery_mode_node_level_v1,SI-Drahi_13-d2-HET-UHI-BLO-15dd2f4a2b,TK-PB-Drahi_13-d2-HET-UHI-e201b86fbb-r5,SS-baeb7d556d60,9,0,single_solve,OPTIMAL,FEASIBLE_POINT,433176.0858672159,433176.0858672159,0,76416,76416,129208,162823,2388,0,2388,11940,2388,256,0,0,NaN,0,NaN,0.0,0.0,
5,12,MULTISTAGE_RH,STATIC_DEMAND_SHARE,shared_battery_mode_node_level_v1,SI-Drahi_13-d2-HET-UHI-BLO-15dd2f4a2b,TK-PB-Drahi_13-d2-HET-UHI-e201b86fbb-r5,SS-baeb7d556d60,9,0,single_solve,OPTIMAL,FEASIBLE_POINT,433176.0858672159,433176.0858672159,0,76416,76416,129208,162823,2388,0,2388,11940,2388,256,0,0,NaN,0,NaN,1.7972217230197884,0.0,
5,13,MULTISTAGE_RH,STATIC_DEMAND_SHARE,shared_battery_mode_node_level_v1,SI-Drahi_13-d2-HET-UHI-BLO-15dd2f4a2b,TK-PB-Drahi_13-d2-HET-UHI-e201b86fbb-r5,SS-784512b1c103,13,0,single_solve,OPTIMAL,FEASIBLE_POINT,476174.9583927669,476174.9583927669,0,76416,76416,129208,167268,2388,0,2388,11940,2388,256,0,0,NaN,0,NaN,0.0,0.0,
5,14,MULTISTAGE_RH,STATIC_DEMAND_SHARE,shared_battery_mode_node_level_v1,SI-Drahi_13-d2-HET-UHI-BLO-15dd2f4a2b,TK-PB-Drahi_13-d2-HET-UHI-e201b86fbb-r5,SS-784512b1c103,13,0,single_solve,OPTIMAL,FEASIBLE_POINT,476174.9583927669,476174.9583927669,0,76416,76416,129208,167268,2388,0,2388,11940,2388,256,0,0,NaN,0,NaN,1.5483761744834954,0.0,
5,15,MULTISTAGE_RH,STATIC_DEMAND_SHARE,shared_battery_mode_node_level_v1,SI-Drahi_13-d2-HET-UHI-BLO-15dd2f4a2b,TK-PB-Drahi_13-d2-HET-UHI-e201b86fbb-r5,SS-784512b1c103,13,0,single_solve,OPTIMAL,FEASIBLE_POINT,476174.9583927669,476174.9583927669,0,76416,76416,129208,167268,2388,0,2388,11940,2388,256,0,0,NaN,0,NaN,3.316884403087272,0.0,
5,16,MULTISTAGE_RH,STATIC_DEMAND_SHARE,shared_battery_mode_node_level_v1,SI-Drahi_13-d2-HET-UHI-BLO-15dd2f4a2b,TK-PB-Drahi_13-d2-HET-UHI-e201b86fbb-r5,SS-784512b1c103,13,0,single_solve,OPTIMAL,FEASIBLE_POINT,476174.9583927669,476174.9583927669,0,76416,76416,129208,167268,2388,0,2388,11940,2388,256,0,0,NaN,0,NaN,3.552713678800501e-15,0.0,
5,17,MULTISTAGE_RH,STATIC_DEMAND_SHARE,shared_battery_mode_node_level_v1,SI-Drahi_13-d2-HET-UHI-BLO-15dd2f4a2b,TK-PB-Drahi_13-d2-HET-UHI-e201b86fbb-r5,SS-ced84ca7a4eb,17,0,single_solve,OPTIMAL,FEASIBLE_POINT,491475.8675339415,491475.8675339415,0,76416,76416,129208,168278,2388,0,2388,11940,2388,256,0,0,NaN,0,NaN,3.552713678800501e-15,0.0,
5,18,MULTISTAGE_RH,STATIC_DEMAND_SHARE,shared_battery_mode_node_level_v1,SI-Drahi_13-d2-HET-UHI-BLO-15dd2f4a2b,TK-PB-Drahi_13-d2-HET-UHI-e201b86fbb-r5,SS-ced84ca7a4eb,17,0,single_solve,OPTIMAL,FEASIBLE_POINT,491475.8675339415,491475.8675339415,0,76416,76416,129208,168278,2388,0,2388,11940,2388,256,0,0,NaN,0,NaN,0.0,0.0,
5,19,MULTISTAGE_RH,STATIC_DEMAND_SHARE,shared_battery_mode_node_level_v1,SI-Drahi_13-d2-HET-UHI-BLO-15dd2f4a2b,TK-PB-Drahi_13-d2-HET-UHI-e201b86fbb-r5,SS-ced84ca7a4eb,17,0,single_solve,OPTIMAL,FEASIBLE_POINT,491475.8675339415,491475.8675339415,0,76416,76416,129208,168278,2388,0,2388,11940,2388,256,0,0,NaN,0,NaN,0.0,0.0,
5,20,MULTISTAGE_RH,STATIC_DEMAND_SHARE,shared_battery_mode_node_level_v1,SI-Drahi_13-d2-HET-UHI-BLO-15dd2f4a2b,TK-PB-Drahi_13-d2-HET-UHI-e201b86fbb-r5,SS-ced84ca7a4eb,17,0,single_solve,OPTIMAL,FEASIBLE_POINT,491475.8675339415,491475.8675339415,0,76416,76416,129208,168278,2388,0,2388,11940,2388,256,0,0,NaN,0,NaN,0.0,0.0,
5,21,MULTISTAGE_RH,STATIC_DEMAND_SHARE,shared_battery_mode_node_level_v1,SI-Drahi_13-d2-HET-UHI-BLO-15dd2f4a2b,TK-PB-Drahi_13-d2-HET-UHI-e201b86fbb-r5,SS-fec72d83146f,21,0,single_solve,OPTIMAL,FEASIBLE_POINT,530742.9947097579,530742.9947097579,0,76416,76416,129208,167143,2388,0,2388,11940,2388,256,0,0,NaN,0,NaN,0.0,0.0,
5,22,MULTISTAGE_RH,STATIC_DEMAND_SHARE,shared_battery_mode_node_level_v1,SI-Drahi_13-d2-HET-UHI-BLO-15dd2f4a2b,TK-PB-Drahi_13-d2-HET-UHI-e201b86fbb-r5,SS-fec72d83146f,21,0,single_solve,OPTIMAL,FEASIBLE_POINT,530742.9947097579,530742.9947097579,0,76416,76416,129208,167143,2388,0,2388,11940,2388,256,0,0,NaN,0,NaN,0.0,0.0,
5,23,MULTISTAGE_RH,STATIC_DEMAND_SHARE,shared_battery_mode_node_level_v1,SI-Drahi_13-d2-HET-UHI-BLO-15dd2f4a2b,TK-PB-Drahi_13-d2-HET-UHI-e201b86fbb-r5,SS-fec72d83146f,21,0,single_solve,OPTIMAL,FEASIBLE_POINT,530742.9947097579,530742.9947097579,0,76416,76416,129208,167143,2388,0,2388,11940,2388,256,0,0,NaN,0,NaN,0.0,0.0,
5,24,MULTISTAGE_RH,STATIC_DEMAND_SHARE,shared_battery_mode_node_level_v1,SI-Drahi_13-d2-HET-UHI-BLO-15dd2f4a2b,TK-PB-Drahi_13-d2-HET-UHI-e201b86fbb-r5,SS-fec72d83146f,21,0,single_solve,OPTIMAL,FEASIBLE_POINT,530742.9947097579,530742.9947097579,0,76416,76416,129208,167143,2388,0,2388,11940,2388,256,0,0,NaN,0,NaN,0.0,0.0,
5,1,TWO_STAGE_RH,LEXMMFPEA,shared_battery_mode_node_level_v1,SI-Drahi_13-d2-HET-UHI-BLO-15dd2f4a2b,TK-PB-Drahi_13-d2-HET-UHI-e201b86fbb-r5,SS-b6fde45dba3b,1,1,lex_phase_1,OPTIMAL,FEASIBLE_POINT,487.196840309293,487.196840309293,0,163998,163998,251382,459739,5124,0,5124,25620,5124,256,0,0,NaN,0,NaN,0.0,0.9999999999993179,
5,1,TWO_STAGE_RH,LEXMMFPEA,shared_battery_mode_node_level_v1,SI-Drahi_13-d2-HET-UHI-BLO-15dd2f4a2b,TK-PB-Drahi_13-d2-HET-UHI-e201b86fbb-r5,SS-b6fde45dba3b,1,2,lex_phase_2,OPTIMAL,FEASIBLE_POINT,974.3936806185877,974.3936806185877,0,163998,163998,251383,459745,5124,0,5124,25620,5124,256,0,0,NaN,0,NaN,0.0,0.9999999999993179,
5,1,TWO_STAGE_RH,LEXMMFPEA,shared_battery_mode_node_level_v1,SI-Drahi_13-d2-HET-UHI-BLO-15dd2f4a2b,TK-PB-Drahi_13-d2-HET-UHI-e201b86fbb-r5,SS-b6fde45dba3b,1,3,lex_phase_3,OPTIMAL,FEASIBLE_POINT,1461.5905209278817,1461.5905209278817,0,163998,163998,251384,459751,5124,0,5124,25620,5124,256,0,0,NaN,0,NaN,0.0,0.9999999999993179,
5,1,TWO_STAGE_RH,LEXMMFPEA,shared_battery_mode_node_level_v1,SI-Drahi_13-d2-HET-UHI-BLO-15dd2f4a2b,TK-PB-Drahi_13-d2-HET-UHI-e201b86fbb-r5,SS-b6fde45dba3b,1,4,lex_phase_4,OPTIMAL,FEASIBLE_POINT,1948.7873612371754,1948.7873612371754,0,163998,163998,251385,459757,5124,0,5124,25620,5124,256,0,0,NaN,0,NaN,0.0,0.9999999999993179,
5,1,TWO_STAGE_RH,LEXMMFPEA,shared_battery_mode_node_level_v1,SI-Drahi_13-d2-HET-UHI-BLO-15dd2f4a2b,TK-PB-Drahi_13-d2-HET-UHI-e201b86fbb-r5,SS-b6fde45dba3b,1,5,lex_phase_5,OPTIMAL,FEASIBLE_POINT,2435.9842015464646,2435.9842015464646,0,163998,163998,251386,459763,5124,0,5124,25620,5124,256,0,0,NaN,0,NaN,0.0,0.9999999999993179,
5,1,TWO_STAGE_RH,LEXMMFPEA,shared_battery_mode_node_level_v1,SI-Drahi_13-d2-HET-UHI-BLO-15dd2f4a2b,TK-PB-Drahi_13-d2-HET-UHI-e201b86fbb-r5,SS-b6fde45dba3b,1,6,economic_tie_break,OPTIMAL,FEASIBLE_POINT,624198.6495045938,624198.6495045938,0,163998,163998,251387,459769,5124,0,5124,25620,5124,256,0,0,NaN,0,NaN,0.0,0.9999999999993179,
5,2,TWO_STAGE_RH,LEXMMFPEA,shared_battery_mode_node_level_v1,SI-Drahi_13-d2-HET-UHI-BLO-15dd2f4a2b,TK-PB-Drahi_13-d2-HET-UHI-e201b86fbb-r5,SS-b6fde45dba3b,1,1,lex_phase_1,OPTIMAL,FEASIBLE_POINT,487.196840309293,487.196840309293,0,163998,163998,251382,459739,5124,0,5124,25620,5124,256,0,0,NaN,0,NaN,0.0,0.9999999999993179,
5,2,TWO_STAGE_RH,LEXMMFPEA,shared_battery_mode_node_level_v1,SI-Drahi_13-d2-HET-UHI-BLO-15dd2f4a2b,TK-PB-Drahi_13-d2-HET-UHI-e201b86fbb-r5,SS-b6fde45dba3b,1,2,lex_phase_2,OPTIMAL,FEASIBLE_POINT,974.3936806185877,974.3936806185877,0,163998,163998,251383,459745,5124,0,5124,25620,5124,256,0,0,NaN,0,NaN,0.0,0.9999999999993179,
5,2,TWO_STAGE_RH,LEXMMFPEA,shared_battery_mode_node_level_v1,SI-Drahi_13-d2-HET-UHI-BLO-15dd2f4a2b,TK-PB-Drahi_13-d2-HET-UHI-e201b86fbb-r5,SS-b6fde45dba3b,1,3,lex_phase_3,OPTIMAL,FEASIBLE_POINT,1461.5905209278817,1461.5905209278817,0,163998,163998,251384,459751,5124,0,5124,25620,5124,256,0,0,NaN,0,NaN,0.0,0.9999999999993179,
5,2,TWO_STAGE_RH,LEXMMFPEA,shared_battery_mode_node_level_v1,SI-Drahi_13-d2-HET-UHI-BLO-15dd2f4a2b,TK-PB-Drahi_13-d2-HET-UHI-e201b86fbb-r5,SS-b6fde45dba3b,1,4,lex_phase_4,OPTIMAL,FEASIBLE_POINT,1948.7873612371754,1948.7873612371754,0,163998,163998,251385,459757,5124,0,5124,25620,5124,256,0,0,NaN,0,NaN,0.0,0.9999999999993179,
5,2,TWO_STAGE_RH,LEXMMFPEA,shared_battery_mode_node_level_v1,SI-Drahi_13-d2-HET-UHI-BLO-15dd2f4a2b,TK-PB-Drahi_13-d2-HET-UHI-e201b86fbb-r5,SS-b6fde45dba3b,1,5,lex_phase_5,OPTIMAL,FEASIBLE_POINT,2435.9842015464646,2435.9842015464646,0,163998,163998,251386,459763,5124,0,5124,25620,5124,256,0,0,NaN,0,NaN,0.0,0.9999999999993179,
5,2,TWO_STAGE_RH,LEXMMFPEA,shared_battery_mode_node_level_v1,SI-Drahi_13-d2-HET-UHI-BLO-15dd2f4a2b,TK-PB-Drahi_13-d2-HET-UHI-e201b86fbb-r5,SS-b6fde45dba3b,1,6,economic_tie_break,OPTIMAL,FEASIBLE_POINT,624198.6495045938,624198.6495045938,0,163998,163998,251387,459769,5124,0,5124,25620,5124,256,0,0,NaN,0,NaN,0.0,0.9999999999993179,
5,3,TWO_STAGE_RH,LEXMMFPEA,shared_battery_mode_node_level_v1,SI-Drahi_13-d2-HET-UHI-BLO-15dd2f4a2b,TK-PB-Drahi_13-d2-HET-UHI-e201b86fbb-r5,SS-b6fde45dba3b,1,1,lex_phase_1,OPTIMAL,FEASIBLE_POINT,487.196840309293,487.196840309293,0,163998,163998,251382,459739,5124,0,5124,25620,5124,256,0,0,NaN,0,NaN,0.0,0.9999999999993179,
5,3,TWO_STAGE_RH,LEXMMFPEA,shared_battery_mode_node_level_v1,SI-Drahi_13-d2-HET-UHI-BLO-15dd2f4a2b,TK-PB-Drahi_13-d2-HET-UHI-e201b86fbb-r5,SS-b6fde45dba3b,1,2,lex_phase_2,OPTIMAL,FEASIBLE_POINT,974.3936806185877,974.3936806185877,0,163998,163998,251383,459745,5124,0,5124,25620,5124,256,0,0,NaN,0,NaN,0.0,0.9999999999993179,
5,3,TWO_STAGE_RH,LEXMMFPEA,shared_battery_mode_node_level_v1,SI-Drahi_13-d2-HET-UHI-BLO-15dd2f4a2b,TK-PB-Drahi_13-d2-HET-UHI-e201b86fbb-r5,SS-b6fde45dba3b,1,3,lex_phase_3,OPTIMAL,FEASIBLE_POINT,1461.5905209278817,1461.5905209278817,0,163998,163998,251384,459751,5124,0,5124,25620,5124,256,0,0,NaN,0,NaN,0.0,0.9999999999993179,
5,3,TWO_STAGE_RH,LEXMMFPEA,shared_battery_mode_node_level_v1,SI-Drahi_13-d2-HET-UHI-BLO-15dd2f4a2b,TK-PB-Drahi_13-d2-HET-UHI-e201b86fbb-r5,SS-b6fde45dba3b,1,4,lex_phase_4,OPTIMAL,FEASIBLE_POINT,1948.7873612371754,1948.7873612371754,0,163998,163998,251385,459757,5124,0,5124,25620,5124,256,0,0,NaN,0,NaN,0.0,0.9999999999993179,
5,3,TWO_STAGE_RH,LEXMMFPEA,shared_battery_mode_node_level_v1,SI-Drahi_13-d2-HET-UHI-BLO-15dd2f4a2b,TK-PB-Drahi_13-d2-HET-UHI-e201b86fbb-r5,SS-b6fde45dba3b,1,5,lex_phase_5,OPTIMAL,FEASIBLE_POINT,2435.9842015464646,2435.9842015464646,0,163998,163998,251386,459763,5124,0,5124,25620,5124,256,0,0,NaN,0,NaN,0.0,0.9999999999993179,
5,3,TWO_STAGE_RH,LEXMMFPEA,shared_battery_mode_node_level_v1,SI-Drahi_13-d2-HET-UHI-BLO-15dd2f4a2b,TK-PB-Drahi_13-d2-HET-UHI-e201b86fbb-r5,SS-b6fde45dba3b,1,6,economic_tie_break,OPTIMAL,FEASIBLE_POINT,624198.6495045938,624198.6495045938,0,163998,163998,251387,459769,5124,0,5124,25620,5124,256,0,0,NaN,0,NaN,0.0,0.9999999999993179,
5,4,TWO_STAGE_RH,LEXMMFPEA,shared_battery_mode_node_level_v1,SI-Drahi_13-d2-HET-UHI-BLO-15dd2f4a2b,TK-PB-Drahi_13-d2-HET-UHI-e201b86fbb-r5,SS-b6fde45dba3b,1,1,lex_phase_1,OPTIMAL,FEASIBLE_POINT,487.196840309293,487.196840309293,0,163998,163998,251382,459739,5124,0,5124,25620,5124,256,0,0,NaN,0,NaN,0.09750000000000003,0.9999999999993179,
5,4,TWO_STAGE_RH,LEXMMFPEA,shared_battery_mode_node_level_v1,SI-Drahi_13-d2-HET-UHI-BLO-15dd2f4a2b,TK-PB-Drahi_13-d2-HET-UHI-e201b86fbb-r5,SS-b6fde45dba3b,1,2,lex_phase_2,OPTIMAL,FEASIBLE_POINT,974.3936806185877,974.3936806185877,0,163998,163998,251383,459745,5124,0,5124,25620,5124,256,0,0,NaN,0,NaN,0.09750000000000003,0.9999999999993179,
5,4,TWO_STAGE_RH,LEXMMFPEA,shared_battery_mode_node_level_v1,SI-Drahi_13-d2-HET-UHI-BLO-15dd2f4a2b,TK-PB-Drahi_13-d2-HET-UHI-e201b86fbb-r5,SS-b6fde45dba3b,1,3,lex_phase_3,OPTIMAL,FEASIBLE_POINT,1461.5905209278817,1461.5905209278817,0,163998,163998,251384,459751,5124,0,5124,25620,5124,256,0,0,NaN,0,NaN,0.09750000000000003,0.9999999999993179,
5,4,TWO_STAGE_RH,LEXMMFPEA,shared_battery_mode_node_level_v1,SI-Drahi_13-d2-HET-UHI-BLO-15dd2f4a2b,TK-PB-Drahi_13-d2-HET-UHI-e201b86fbb-r5,SS-b6fde45dba3b,1,4,lex_phase_4,OPTIMAL,FEASIBLE_POINT,1948.7873612371754,1948.7873612371754,0,163998,163998,251385,459757,5124,0,5124,25620,5124,256,0,0,NaN,0,NaN,0.09750000000000003,0.9999999999993179,
5,4,TWO_STAGE_RH,LEXMMFPEA,shared_battery_mode_node_level_v1,SI-Drahi_13-d2-HET-UHI-BLO-15dd2f4a2b,TK-PB-Drahi_13-d2-HET-UHI-e201b86fbb-r5,SS-b6fde45dba3b,1,5,lex_phase_5,OPTIMAL,FEASIBLE_POINT,2435.9842015464646,2435.9842015464646,0,163998,163998,251386,459763,5124,0,5124,25620,5124,256,0,0,NaN,0,NaN,0.09750000000000003,0.9999999999993179,
5,4,TWO_STAGE_RH,LEXMMFPEA,shared_battery_mode_node_level_v1,SI-Drahi_13-d2-HET-UHI-BLO-15dd2f4a2b,TK-PB-Drahi_13-d2-HET-UHI-e201b86fbb-r5,SS-b6fde45dba3b,1,6,economic_tie_break,OPTIMAL,FEASIBLE_POINT,624198.6495045938,624198.6495045938,0,163998,163998,251387,459769,5124,0,5124,25620,5124,256,0,0,NaN,0,NaN,0.09750000000000003,0.9999999999993179,
5,5,TWO_STAGE_RH,LEXMMFPEA,shared_battery_mode_node_level_v1,SI-Drahi_13-d2-HET-UHI-BLO-15dd2f4a2b,TK-PB-Drahi_13-d2-HET-UHI-e201b86fbb-r5,SS-59c6d7df9164,5,1,lex_phase_1,OPTIMAL,FEASIBLE_POINT,194.60555259420101,194.60555259420101,0,163998,163998,251382,452289,5124,0,5124,25620,5124,256,0,0,NaN,0,NaN,0.0,0.9999999999999432,
5,5,TWO_STAGE_RH,LEXMMFPEA,shared_battery_mode_node_level_v1,SI-Drahi_13-d2-HET-UHI-BLO-15dd2f4a2b,TK-PB-Drahi_13-d2-HET-UHI-e201b86fbb-r5,SS-59c6d7df9164,5,2,lex_phase_2,OPTIMAL,FEASIBLE_POINT,389.21110518840254,389.21110518840254,0,163998,163998,251383,452295,5124,0,5124,25620,5124,256,0,0,NaN,0,NaN,0.0,0.9999999999999432,
5,5,TWO_STAGE_RH,LEXMMFPEA,shared_battery_mode_node_level_v1,SI-Drahi_13-d2-HET-UHI-BLO-15dd2f4a2b,TK-PB-Drahi_13-d2-HET-UHI-e201b86fbb-r5,SS-59c6d7df9164,5,3,lex_phase_3,OPTIMAL,FEASIBLE_POINT,583.8166577826038,583.8166577826038,0,163998,163998,251384,452301,5124,0,5124,25620,5124,256,0,0,NaN,0,NaN,0.0,0.9999999999999432,
5,5,TWO_STAGE_RH,LEXMMFPEA,shared_battery_mode_node_level_v1,SI-Drahi_13-d2-HET-UHI-BLO-15dd2f4a2b,TK-PB-Drahi_13-d2-HET-UHI-e201b86fbb-r5,SS-59c6d7df9164,5,4,lex_phase_4,OPTIMAL,FEASIBLE_POINT,778.4222103768051,778.4222103768051,0,163998,163998,251385,452307,5124,0,5124,25620,5124,256,0,0,NaN,0,NaN,0.0,0.9999999999999432,
5,5,TWO_STAGE_RH,LEXMMFPEA,shared_battery_mode_node_level_v1,SI-Drahi_13-d2-HET-UHI-BLO-15dd2f4a2b,TK-PB-Drahi_13-d2-HET-UHI-e201b86fbb-r5,SS-59c6d7df9164,5,5,lex_phase_5,OPTIMAL,FEASIBLE_POINT,973.0277629710048,973.0277629710048,0,163998,163998,251386,452313,5124,0,5124,25620,5124,256,0,0,NaN,0,NaN,0.0,0.9999999999999432,
5,5,TWO_STAGE_RH,LEXMMFPEA,shared_battery_mode_node_level_v1,SI-Drahi_13-d2-HET-UHI-BLO-15dd2f4a2b,TK-PB-Drahi_13-d2-HET-UHI-e201b86fbb-r5,SS-59c6d7df9164,5,6,economic_tie_break,OPTIMAL,FEASIBLE_POINT,652067.2198516116,652067.2198516116,0,163998,163998,251387,452319,5124,0,5124,25620,5124,256,0,0,NaN,0,NaN,0.0,0.9999999999999432,
5,6,TWO_STAGE_RH,LEXMMFPEA,shared_battery_mode_node_level_v1,SI-Drahi_13-d2-HET-UHI-BLO-15dd2f4a2b,TK-PB-Drahi_13-d2-HET-UHI-e201b86fbb-r5,SS-59c6d7df9164,5,1,lex_phase_1,OPTIMAL,FEASIBLE_POINT,194.60555259420101,194.60555259420101,0,163998,163998,251382,452289,5124,0,5124,25620,5124,256,0,0,NaN,0,NaN,1.4210854715202004e-14,0.9999999999999432,
5,6,TWO_STAGE_RH,LEXMMFPEA,shared_battery_mode_node_level_v1,SI-Drahi_13-d2-HET-UHI-BLO-15dd2f4a2b,TK-PB-Drahi_13-d2-HET-UHI-e201b86fbb-r5,SS-59c6d7df9164,5,2,lex_phase_2,OPTIMAL,FEASIBLE_POINT,389.21110518840254,389.21110518840254,0,163998,163998,251383,452295,5124,0,5124,25620,5124,256,0,0,NaN,0,NaN,1.4210854715202004e-14,0.9999999999999432,
5,6,TWO_STAGE_RH,LEXMMFPEA,shared_battery_mode_node_level_v1,SI-Drahi_13-d2-HET-UHI-BLO-15dd2f4a2b,TK-PB-Drahi_13-d2-HET-UHI-e201b86fbb-r5,SS-59c6d7df9164,5,3,lex_phase_3,OPTIMAL,FEASIBLE_POINT,583.8166577826038,583.8166577826038,0,163998,163998,251384,452301,5124,0,5124,25620,5124,256,0,0,NaN,0,NaN,1.4210854715202004e-14,0.9999999999999432,
5,6,TWO_STAGE_RH,LEXMMFPEA,shared_battery_mode_node_level_v1,SI-Drahi_13-d2-HET-UHI-BLO-15dd2f4a2b,TK-PB-Drahi_13-d2-HET-UHI-e201b86fbb-r5,SS-59c6d7df9164,5,4,lex_phase_4,OPTIMAL,FEASIBLE_POINT,778.4222103768051,778.4222103768051,0,163998,163998,251385,452307,5124,0,5124,25620,5124,256,0,0,NaN,0,NaN,1.4210854715202004e-14,0.9999999999999432,
5,6,TWO_STAGE_RH,LEXMMFPEA,shared_battery_mode_node_level_v1,SI-Drahi_13-d2-HET-UHI-BLO-15dd2f4a2b,TK-PB-Drahi_13-d2-HET-UHI-e201b86fbb-r5,SS-59c6d7df9164,5,5,lex_phase_5,OPTIMAL,FEASIBLE_POINT,973.0277629710048,973.0277629710048,0,163998,163998,251386,452313,5124,0,5124,25620,5124,256,0,0,NaN,0,NaN,1.4210854715202004e-14,0.9999999999999432,
5,6,TWO_STAGE_RH,LEXMMFPEA,shared_battery_mode_node_level_v1,SI-Drahi_13-d2-HET-UHI-BLO-15dd2f4a2b,TK-PB-Drahi_13-d2-HET-UHI-e201b86fbb-r5,SS-59c6d7df9164,5,6,economic_tie_break,OPTIMAL,FEASIBLE_POINT,652067.2198516116,652067.2198516116,0,163998,163998,251387,452319,5124,0,5124,25620,5124,256,0,0,NaN,0,NaN,1.4210854715202004e-14,0.9999999999999432,
5,7,TWO_STAGE_RH,LEXMMFPEA,shared_battery_mode_node_level_v1,SI-Drahi_13-d2-HET-UHI-BLO-15dd2f4a2b,TK-PB-Drahi_13-d2-HET-UHI-e201b86fbb-r5,SS-59c6d7df9164,5,1,lex_phase_1,OPTIMAL,FEASIBLE_POINT,194.60555259420101,194.60555259420101,0,163998,163998,251382,452289,5124,0,5124,25620,5124,256,0,0,NaN,0,NaN,1.6653345369377348e-16,0.9999999999999432,
5,7,TWO_STAGE_RH,LEXMMFPEA,shared_battery_mode_node_level_v1,SI-Drahi_13-d2-HET-UHI-BLO-15dd2f4a2b,TK-PB-Drahi_13-d2-HET-UHI-e201b86fbb-r5,SS-59c6d7df9164,5,2,lex_phase_2,OPTIMAL,FEASIBLE_POINT,389.21110518840254,389.21110518840254,0,163998,163998,251383,452295,5124,0,5124,25620,5124,256,0,0,NaN,0,NaN,1.6653345369377348e-16,0.9999999999999432,
5,7,TWO_STAGE_RH,LEXMMFPEA,shared_battery_mode_node_level_v1,SI-Drahi_13-d2-HET-UHI-BLO-15dd2f4a2b,TK-PB-Drahi_13-d2-HET-UHI-e201b86fbb-r5,SS-59c6d7df9164,5,3,lex_phase_3,OPTIMAL,FEASIBLE_POINT,583.8166577826038,583.8166577826038,0,163998,163998,251384,452301,5124,0,5124,25620,5124,256,0,0,NaN,0,NaN,1.6653345369377348e-16,0.9999999999999432,
5,7,TWO_STAGE_RH,LEXMMFPEA,shared_battery_mode_node_level_v1,SI-Drahi_13-d2-HET-UHI-BLO-15dd2f4a2b,TK-PB-Drahi_13-d2-HET-UHI-e201b86fbb-r5,SS-59c6d7df9164,5,4,lex_phase_4,OPTIMAL,FEASIBLE_POINT,778.4222103768051,778.4222103768051,0,163998,163998,251385,452307,5124,0,5124,25620,5124,256,0,0,NaN,0,NaN,1.6653345369377348e-16,0.9999999999999432,
5,7,TWO_STAGE_RH,LEXMMFPEA,shared_battery_mode_node_level_v1,SI-Drahi_13-d2-HET-UHI-BLO-15dd2f4a2b,TK-PB-Drahi_13-d2-HET-UHI-e201b86fbb-r5,SS-59c6d7df9164,5,5,lex_phase_5,OPTIMAL,FEASIBLE_POINT,973.0277629710048,973.0277629710048,0,163998,163998,251386,452313,5124,0,5124,25620,5124,256,0,0,NaN,0,NaN,1.6653345369377348e-16,0.9999999999999432,
5,7,TWO_STAGE_RH,LEXMMFPEA,shared_battery_mode_node_level_v1,SI-Drahi_13-d2-HET-UHI-BLO-15dd2f4a2b,TK-PB-Drahi_13-d2-HET-UHI-e201b86fbb-r5,SS-59c6d7df9164,5,6,economic_tie_break,OPTIMAL,FEASIBLE_POINT,652067.2198516116,652067.2198516116,0,163998,163998,251387,452319,5124,0,5124,25620,5124,256,0,0,NaN,0,NaN,1.6653345369377348e-16,0.9999999999999432,
5,8,TWO_STAGE_RH,LEXMMFPEA,shared_battery_mode_node_level_v1,SI-Drahi_13-d2-HET-UHI-BLO-15dd2f4a2b,TK-PB-Drahi_13-d2-HET-UHI-e201b86fbb-r5,SS-59c6d7df9164,5,1,lex_phase_1,OPTIMAL,FEASIBLE_POINT,194.60555259420101,194.60555259420101,0,163998,163998,251382,452289,5124,0,5124,25620,5124,256,0,0,NaN,0,NaN,1.6653345369377348e-16,0.9999999999999432,
5,8,TWO_STAGE_RH,LEXMMFPEA,shared_battery_mode_node_level_v1,SI-Drahi_13-d2-HET-UHI-BLO-15dd2f4a2b,TK-PB-Drahi_13-d2-HET-UHI-e201b86fbb-r5,SS-59c6d7df9164,5,2,lex_phase_2,OPTIMAL,FEASIBLE_POINT,389.21110518840254,389.21110518840254,0,163998,163998,251383,452295,5124,0,5124,25620,5124,256,0,0,NaN,0,NaN,1.6653345369377348e-16,0.9999999999999432,
5,8,TWO_STAGE_RH,LEXMMFPEA,shared_battery_mode_node_level_v1,SI-Drahi_13-d2-HET-UHI-BLO-15dd2f4a2b,TK-PB-Drahi_13-d2-HET-UHI-e201b86fbb-r5,SS-59c6d7df9164,5,3,lex_phase_3,OPTIMAL,FEASIBLE_POINT,583.8166577826038,583.8166577826038,0,163998,163998,251384,452301,5124,0,5124,25620,5124,256,0,0,NaN,0,NaN,1.6653345369377348e-16,0.9999999999999432,
5,8,TWO_STAGE_RH,LEXMMFPEA,shared_battery_mode_node_level_v1,SI-Drahi_13-d2-HET-UHI-BLO-15dd2f4a2b,TK-PB-Drahi_13-d2-HET-UHI-e201b86fbb-r5,SS-59c6d7df9164,5,4,lex_phase_4,OPTIMAL,FEASIBLE_POINT,778.4222103768051,778.4222103768051,0,163998,163998,251385,452307,5124,0,5124,25620,5124,256,0,0,NaN,0,NaN,1.6653345369377348e-16,0.9999999999999432,
5,8,TWO_STAGE_RH,LEXMMFPEA,shared_battery_mode_node_level_v1,SI-Drahi_13-d2-HET-UHI-BLO-15dd2f4a2b,TK-PB-Drahi_13-d2-HET-UHI-e201b86fbb-r5,SS-59c6d7df9164,5,5,lex_phase_5,OPTIMAL,FEASIBLE_POINT,973.0277629710048,973.0277629710048,0,163998,163998,251386,452313,5124,0,5124,25620,5124,256,0,0,NaN,0,NaN,1.6653345369377348e-16,0.9999999999999432,
5,8,TWO_STAGE_RH,LEXMMFPEA,shared_battery_mode_node_level_v1,SI-Drahi_13-d2-HET-UHI-BLO-15dd2f4a2b,TK-PB-Drahi_13-d2-HET-UHI-e201b86fbb-r5,SS-59c6d7df9164,5,6,economic_tie_break,OPTIMAL,FEASIBLE_POINT,652067.2198516116,652067.2198516116,0,163998,163998,251387,452319,5124,0,5124,25620,5124,256,0,0,NaN,0,NaN,1.6653345369377348e-16,0.9999999999999432,
5,9,TWO_STAGE_RH,LEXMMFPEA,shared_battery_mode_node_level_v1,SI-Drahi_13-d2-HET-UHI-BLO-15dd2f4a2b,TK-PB-Drahi_13-d2-HET-UHI-e201b86fbb-r5,SS-baeb7d556d60,9,1,lex_phase_1,OPTIMAL,FEASIBLE_POINT,514.1414402584779,514.1414402584779,0,163998,163998,251382,454569,5124,0,5124,25620,5124,256,0,0,NaN,0,NaN,2.7306176084099762,1.0000000000026148,
5,9,TWO_STAGE_RH,LEXMMFPEA,shared_battery_mode_node_level_v1,SI-Drahi_13-d2-HET-UHI-BLO-15dd2f4a2b,TK-PB-Drahi_13-d2-HET-UHI-e201b86fbb-r5,SS-baeb7d556d60,9,2,lex_phase_2,OPTIMAL,FEASIBLE_POINT,1028.2828805169534,1028.2828805169534,0,163998,163998,251383,454575,5124,0,5124,25620,5124,256,0,0,NaN,0,NaN,2.7306176084099762,1.0000000000026148,
5,9,TWO_STAGE_RH,LEXMMFPEA,shared_battery_mode_node_level_v1,SI-Drahi_13-d2-HET-UHI-BLO-15dd2f4a2b,TK-PB-Drahi_13-d2-HET-UHI-e201b86fbb-r5,SS-baeb7d556d60,9,3,lex_phase_3,OPTIMAL,FEASIBLE_POINT,1542.42432077543,1542.42432077543,0,163998,163998,251384,454581,5124,0,5124,25620,5124,256,0,0,NaN,0,NaN,2.7306176084099762,1.0000000000026148,
5,9,TWO_STAGE_RH,LEXMMFPEA,shared_battery_mode_node_level_v1,SI-Drahi_13-d2-HET-UHI-BLO-15dd2f4a2b,TK-PB-Drahi_13-d2-HET-UHI-e201b86fbb-r5,SS-baeb7d556d60,9,4,lex_phase_4,OPTIMAL,FEASIBLE_POINT,2056.5657610339067,2056.5657610339067,0,163998,163998,251385,454587,5124,0,5124,25620,5124,256,0,0,NaN,0,NaN,2.7306176084099762,1.0000000000026148,
5,9,TWO_STAGE_RH,LEXMMFPEA,shared_battery_mode_node_level_v1,SI-Drahi_13-d2-HET-UHI-BLO-15dd2f4a2b,TK-PB-Drahi_13-d2-HET-UHI-e201b86fbb-r5,SS-baeb7d556d60,9,5,lex_phase_5,OPTIMAL,FEASIBLE_POINT,2570.707201292394,2570.707201292394,0,163998,163998,251386,454593,5124,0,5124,25620,5124,256,0,0,NaN,0,NaN,2.7306176084099762,1.0000000000026148,
5,9,TWO_STAGE_RH,LEXMMFPEA,shared_battery_mode_node_level_v1,SI-Drahi_13-d2-HET-UHI-BLO-15dd2f4a2b,TK-PB-Drahi_13-d2-HET-UHI-e201b86fbb-r5,SS-baeb7d556d60,9,6,economic_tie_break,OPTIMAL,FEASIBLE_POINT,593315.9946116811,593315.9946116811,0,163998,163998,251387,454599,5124,0,5124,25620,5124,256,0,0,NaN,0,NaN,2.7306176084099762,1.0000000000026148,
5,10,TWO_STAGE_RH,LEXMMFPEA,shared_battery_mode_node_level_v1,SI-Drahi_13-d2-HET-UHI-BLO-15dd2f4a2b,TK-PB-Drahi_13-d2-HET-UHI-e201b86fbb-r5,SS-baeb7d556d60,9,1,lex_phase_1,OPTIMAL,FEASIBLE_POINT,514.1414402584779,514.1414402584779,0,163998,163998,251382,454569,5124,0,5124,25620,5124,256,0,0,NaN,0,NaN,3.999999999999986,1.0000000000026148,
5,10,TWO_STAGE_RH,LEXMMFPEA,shared_battery_mode_node_level_v1,SI-Drahi_13-d2-HET-UHI-BLO-15dd2f4a2b,TK-PB-Drahi_13-d2-HET-UHI-e201b86fbb-r5,SS-baeb7d556d60,9,2,lex_phase_2,OPTIMAL,FEASIBLE_POINT,1028.2828805169534,1028.2828805169534,0,163998,163998,251383,454575,5124,0,5124,25620,5124,256,0,0,NaN,0,NaN,3.999999999999986,1.0000000000026148,
5,10,TWO_STAGE_RH,LEXMMFPEA,shared_battery_mode_node_level_v1,SI-Drahi_13-d2-HET-UHI-BLO-15dd2f4a2b,TK-PB-Drahi_13-d2-HET-UHI-e201b86fbb-r5,SS-baeb7d556d60,9,3,lex_phase_3,OPTIMAL,FEASIBLE_POINT,1542.42432077543,1542.42432077543,0,163998,163998,251384,454581,5124,0,5124,25620,5124,256,0,0,NaN,0,NaN,3.999999999999986,1.0000000000026148,
5,10,TWO_STAGE_RH,LEXMMFPEA,shared_battery_mode_node_level_v1,SI-Drahi_13-d2-HET-UHI-BLO-15dd2f4a2b,TK-PB-Drahi_13-d2-HET-UHI-e201b86fbb-r5,SS-baeb7d556d60,9,4,lex_phase_4,OPTIMAL,FEASIBLE_POINT,2056.5657610339067,2056.5657610339067,0,163998,163998,251385,454587,5124,0,5124,25620,5124,256,0,0,NaN,0,NaN,3.999999999999986,1.0000000000026148,
5,10,TWO_STAGE_RH,LEXMMFPEA,shared_battery_mode_node_level_v1,SI-Drahi_13-d2-HET-UHI-BLO-15dd2f4a2b,TK-PB-Drahi_13-d2-HET-UHI-e201b86fbb-r5,SS-baeb7d556d60,9,5,lex_phase_5,OPTIMAL,FEASIBLE_POINT,2570.707201292394,2570.707201292394,0,163998,163998,251386,454593,5124,0,5124,25620,5124,256,0,0,NaN,0,NaN,3.999999999999986,1.0000000000026148,
5,10,TWO_STAGE_RH,LEXMMFPEA,shared_battery_mode_node_level_v1,SI-Drahi_13-d2-HET-UHI-BLO-15dd2f4a2b,TK-PB-Drahi_13-d2-HET-UHI-e201b86fbb-r5,SS-baeb7d556d60,9,6,economic_tie_break,OPTIMAL,FEASIBLE_POINT,593315.9946116811,593315.9946116811,0,163998,163998,251387,454599,5124,0,5124,25620,5124,256,0,0,NaN,0,NaN,3.999999999999986,1.0000000000026148,
5,11,TWO_STAGE_RH,LEXMMFPEA,shared_battery_mode_node_level_v1,SI-Drahi_13-d2-HET-UHI-BLO-15dd2f4a2b,TK-PB-Drahi_13-d2-HET-UHI-e201b86fbb-r5,SS-baeb7d556d60,9,1,lex_phase_1,OPTIMAL,FEASIBLE_POINT,514.1414402584779,514.1414402584779,0,163998,163998,251382,454569,5124,0,5124,25620,5124,256,0,0,NaN,0,NaN,1.7763568394002505e-15,1.0000000000026148,
5,11,TWO_STAGE_RH,LEXMMFPEA,shared_battery_mode_node_level_v1,SI-Drahi_13-d2-HET-UHI-BLO-15dd2f4a2b,TK-PB-Drahi_13-d2-HET-UHI-e201b86fbb-r5,SS-baeb7d556d60,9,2,lex_phase_2,OPTIMAL,FEASIBLE_POINT,1028.2828805169534,1028.2828805169534,0,163998,163998,251383,454575,5124,0,5124,25620,5124,256,0,0,NaN,0,NaN,1.7763568394002505e-15,1.0000000000026148,
5,11,TWO_STAGE_RH,LEXMMFPEA,shared_battery_mode_node_level_v1,SI-Drahi_13-d2-HET-UHI-BLO-15dd2f4a2b,TK-PB-Drahi_13-d2-HET-UHI-e201b86fbb-r5,SS-baeb7d556d60,9,3,lex_phase_3,OPTIMAL,FEASIBLE_POINT,1542.42432077543,1542.42432077543,0,163998,163998,251384,454581,5124,0,5124,25620,5124,256,0,0,NaN,0,NaN,1.7763568394002505e-15,1.0000000000026148,
5,11,TWO_STAGE_RH,LEXMMFPEA,shared_battery_mode_node_level_v1,SI-Drahi_13-d2-HET-UHI-BLO-15dd2f4a2b,TK-PB-Drahi_13-d2-HET-UHI-e201b86fbb-r5,SS-baeb7d556d60,9,4,lex_phase_4,OPTIMAL,FEASIBLE_POINT,2056.5657610339067,2056.5657610339067,0,163998,163998,251385,454587,5124,0,5124,25620,5124,256,0,0,NaN,0,NaN,1.7763568394002505e-15,1.0000000000026148,
5,11,TWO_STAGE_RH,LEXMMFPEA,shared_battery_mode_node_level_v1,SI-Drahi_13-d2-HET-UHI-BLO-15dd2f4a2b,TK-PB-Drahi_13-d2-HET-UHI-e201b86fbb-r5,SS-baeb7d556d60,9,5,lex_phase_5,OPTIMAL,FEASIBLE_POINT,2570.707201292394,2570.707201292394,0,163998,163998,251386,454593,5124,0,5124,25620,5124,256,0,0,NaN,0,NaN,1.7763568394002505e-15,1.0000000000026148,
5,11,TWO_STAGE_RH,LEXMMFPEA,shared_battery_mode_node_level_v1,SI-Drahi_13-d2-HET-UHI-BLO-15dd2f4a2b,TK-PB-Drahi_13-d2-HET-UHI-e201b86fbb-r5,SS-baeb7d556d60,9,6,economic_tie_break,OPTIMAL,FEASIBLE_POINT,593315.9946116811,593315.9946116811,0,163998,163998,251387,454599,5124,0,5124,25620,5124,256,0,0,NaN,0,NaN,1.7763568394002505e-15,1.0000000000026148,
5,12,TWO_STAGE_RH,LEXMMFPEA,shared_battery_mode_node_level_v1,SI-Drahi_13-d2-HET-UHI-BLO-15dd2f4a2b,TK-PB-Drahi_13-d2-HET-UHI-e201b86fbb-r5,SS-baeb7d556d60,9,1,lex_phase_1,OPTIMAL,FEASIBLE_POINT,514.1414402584779,514.1414402584779,0,163998,163998,251382,454569,5124,0,5124,25620,5124,256,0,0,NaN,0,NaN,0.0,1.0000000000026148,
5,12,TWO_STAGE_RH,LEXMMFPEA,shared_battery_mode_node_level_v1,SI-Drahi_13-d2-HET-UHI-BLO-15dd2f4a2b,TK-PB-Drahi_13-d2-HET-UHI-e201b86fbb-r5,SS-baeb7d556d60,9,2,lex_phase_2,OPTIMAL,FEASIBLE_POINT,1028.2828805169534,1028.2828805169534,0,163998,163998,251383,454575,5124,0,5124,25620,5124,256,0,0,NaN,0,NaN,0.0,1.0000000000026148,
5,12,TWO_STAGE_RH,LEXMMFPEA,shared_battery_mode_node_level_v1,SI-Drahi_13-d2-HET-UHI-BLO-15dd2f4a2b,TK-PB-Drahi_13-d2-HET-UHI-e201b86fbb-r5,SS-baeb7d556d60,9,3,lex_phase_3,OPTIMAL,FEASIBLE_POINT,1542.42432077543,1542.42432077543,0,163998,163998,251384,454581,5124,0,5124,25620,5124,256,0,0,NaN,0,NaN,0.0,1.0000000000026148,
5,12,TWO_STAGE_RH,LEXMMFPEA,shared_battery_mode_node_level_v1,SI-Drahi_13-d2-HET-UHI-BLO-15dd2f4a2b,TK-PB-Drahi_13-d2-HET-UHI-e201b86fbb-r5,SS-baeb7d556d60,9,4,lex_phase_4,OPTIMAL,FEASIBLE_POINT,2056.5657610339067,2056.5657610339067,0,163998,163998,251385,454587,5124,0,5124,25620,5124,256,0,0,NaN,0,NaN,0.0,1.0000000000026148,
5,12,TWO_STAGE_RH,LEXMMFPEA,shared_battery_mode_node_level_v1,SI-Drahi_13-d2-HET-UHI-BLO-15dd2f4a2b,TK-PB-Drahi_13-d2-HET-UHI-e201b86fbb-r5,SS-baeb7d556d60,9,5,lex_phase_5,OPTIMAL,FEASIBLE_POINT,2570.707201292394,2570.707201292394,0,163998,163998,251386,454593,5124,0,5124,25620,5124,256,0,0,NaN,0,NaN,0.0,1.0000000000026148,
5,12,TWO_STAGE_RH,LEXMMFPEA,shared_battery_mode_node_level_v1,SI-Drahi_13-d2-HET-UHI-BLO-15dd2f4a2b,TK-PB-Drahi_13-d2-HET-UHI-e201b86fbb-r5,SS-baeb7d556d60,9,6,economic_tie_break,OPTIMAL,FEASIBLE_POINT,593315.9946116811,593315.9946116811,0,163998,163998,251387,454599,5124,0,5124,25620,5124,256,0,0,NaN,0,NaN,0.0,1.0000000000026148,
5,13,TWO_STAGE_RH,LEXMMFPEA,shared_battery_mode_node_level_v1,SI-Drahi_13-d2-HET-UHI-BLO-15dd2f4a2b,TK-PB-Drahi_13-d2-HET-UHI-e201b86fbb-r5,SS-784512b1c103,13,1,lex_phase_1,OPTIMAL,FEASIBLE_POINT,676.6803033453543,676.6803033453543,0,163998,163998,251382,453839,5124,0,5124,25620,5124,256,0,0,NaN,0,NaN,0.0,1.000000000001819,
5,13,TWO_STAGE_RH,LEXMMFPEA,shared_battery_mode_node_level_v1,SI-Drahi_13-d2-HET-UHI-BLO-15dd2f4a2b,TK-PB-Drahi_13-d2-HET-UHI-e201b86fbb-r5,SS-784512b1c103,13,2,lex_phase_2,OPTIMAL,FEASIBLE_POINT,1353.3606066907075,1353.3606066907075,0,163998,163998,251383,453845,5124,0,5124,25620,5124,256,0,0,NaN,0,NaN,0.0,1.000000000001819,
5,13,TWO_STAGE_RH,LEXMMFPEA,shared_battery_mode_node_level_v1,SI-Drahi_13-d2-HET-UHI-BLO-15dd2f4a2b,TK-PB-Drahi_13-d2-HET-UHI-e201b86fbb-r5,SS-784512b1c103,13,3,lex_phase_3,OPTIMAL,FEASIBLE_POINT,2030.0409100360612,2030.0409100360612,0,163998,163998,251384,453851,5124,0,5124,25620,5124,256,0,0,NaN,0,NaN,0.0,1.000000000001819,
5,13,TWO_STAGE_RH,LEXMMFPEA,shared_battery_mode_node_level_v1,SI-Drahi_13-d2-HET-UHI-BLO-15dd2f4a2b,TK-PB-Drahi_13-d2-HET-UHI-e201b86fbb-r5,SS-784512b1c103,13,4,lex_phase_4,OPTIMAL,FEASIBLE_POINT,2706.721213381415,2706.721213381415,0,163998,163998,251385,453857,5124,0,5124,25620,5124,256,0,0,NaN,0,NaN,0.0,1.000000000001819,
5,13,TWO_STAGE_RH,LEXMMFPEA,shared_battery_mode_node_level_v1,SI-Drahi_13-d2-HET-UHI-BLO-15dd2f4a2b,TK-PB-Drahi_13-d2-HET-UHI-e201b86fbb-r5,SS-784512b1c103,13,5,lex_phase_5,OPTIMAL,FEASIBLE_POINT,3383.401516726776,3383.401516726776,0,163998,163998,251386,453863,5124,0,5124,25620,5124,256,0,0,NaN,0,NaN,0.0,1.000000000001819,
5,13,TWO_STAGE_RH,LEXMMFPEA,shared_battery_mode_node_level_v1,SI-Drahi_13-d2-HET-UHI-BLO-15dd2f4a2b,TK-PB-Drahi_13-d2-HET-UHI-e201b86fbb-r5,SS-784512b1c103,13,6,economic_tie_break,OPTIMAL,FEASIBLE_POINT,638983.9857833514,638983.9857833514,0,163998,163998,251387,453869,5124,0,5124,25620,5124,256,0,0,NaN,0,NaN,0.0,1.000000000001819,
5,14,TWO_STAGE_RH,LEXMMFPEA,shared_battery_mode_node_level_v1,SI-Drahi_13-d2-HET-UHI-BLO-15dd2f4a2b,TK-PB-Drahi_13-d2-HET-UHI-e201b86fbb-r5,SS-784512b1c103,13,1,lex_phase_1,OPTIMAL,FEASIBLE_POINT,676.6803033453543,676.6803033453543,0,163998,163998,251382,453839,5124,0,5124,25620,5124,256,0,0,NaN,0,NaN,3.9999999999999716,1.000000000001819,
5,14,TWO_STAGE_RH,LEXMMFPEA,shared_battery_mode_node_level_v1,SI-Drahi_13-d2-HET-UHI-BLO-15dd2f4a2b,TK-PB-Drahi_13-d2-HET-UHI-e201b86fbb-r5,SS-784512b1c103,13,2,lex_phase_2,OPTIMAL,FEASIBLE_POINT,1353.3606066907075,1353.3606066907075,0,163998,163998,251383,453845,5124,0,5124,25620,5124,256,0,0,NaN,0,NaN,3.9999999999999716,1.000000000001819,
5,14,TWO_STAGE_RH,LEXMMFPEA,shared_battery_mode_node_level_v1,SI-Drahi_13-d2-HET-UHI-BLO-15dd2f4a2b,TK-PB-Drahi_13-d2-HET-UHI-e201b86fbb-r5,SS-784512b1c103,13,3,lex_phase_3,OPTIMAL,FEASIBLE_POINT,2030.0409100360612,2030.0409100360612,0,163998,163998,251384,453851,5124,0,5124,25620,5124,256,0,0,NaN,0,NaN,3.9999999999999716,1.000000000001819,
5,14,TWO_STAGE_RH,LEXMMFPEA,shared_battery_mode_node_level_v1,SI-Drahi_13-d2-HET-UHI-BLO-15dd2f4a2b,TK-PB-Drahi_13-d2-HET-UHI-e201b86fbb-r5,SS-784512b1c103,13,4,lex_phase_4,OPTIMAL,FEASIBLE_POINT,2706.721213381415,2706.721213381415,0,163998,163998,251385,453857,5124,0,5124,25620,5124,256,0,0,NaN,0,NaN,3.9999999999999716,1.000000000001819,
5,14,TWO_STAGE_RH,LEXMMFPEA,shared_battery_mode_node_level_v1,SI-Drahi_13-d2-HET-UHI-BLO-15dd2f4a2b,TK-PB-Drahi_13-d2-HET-UHI-e201b86fbb-r5,SS-784512b1c103,13,5,lex_phase_5,OPTIMAL,FEASIBLE_POINT,3383.401516726776,3383.401516726776,0,163998,163998,251386,453863,5124,0,5124,25620,5124,256,0,0,NaN,0,NaN,3.9999999999999716,1.000000000001819,
5,14,TWO_STAGE_RH,LEXMMFPEA,shared_battery_mode_node_level_v1,SI-Drahi_13-d2-HET-UHI-BLO-15dd2f4a2b,TK-PB-Drahi_13-d2-HET-UHI-e201b86fbb-r5,SS-784512b1c103,13,6,economic_tie_break,OPTIMAL,FEASIBLE_POINT,638983.9857833514,638983.9857833514,0,163998,163998,251387,453869,5124,0,5124,25620,5124,256,0,0,NaN,0,NaN,3.9999999999999716,1.000000000001819,
5,15,TWO_STAGE_RH,LEXMMFPEA,shared_battery_mode_node_level_v1,SI-Drahi_13-d2-HET-UHI-BLO-15dd2f4a2b,TK-PB-Drahi_13-d2-HET-UHI-e201b86fbb-r5,SS-784512b1c103,13,1,lex_phase_1,OPTIMAL,FEASIBLE_POINT,676.6803033453543,676.6803033453543,0,163998,163998,251382,453839,5124,0,5124,25620,5124,256,0,0,NaN,0,NaN,4.000000000000002,1.000000000001819,
5,15,TWO_STAGE_RH,LEXMMFPEA,shared_battery_mode_node_level_v1,SI-Drahi_13-d2-HET-UHI-BLO-15dd2f4a2b,TK-PB-Drahi_13-d2-HET-UHI-e201b86fbb-r5,SS-784512b1c103,13,2,lex_phase_2,OPTIMAL,FEASIBLE_POINT,1353.3606066907075,1353.3606066907075,0,163998,163998,251383,453845,5124,0,5124,25620,5124,256,0,0,NaN,0,NaN,4.000000000000002,1.000000000001819,
5,15,TWO_STAGE_RH,LEXMMFPEA,shared_battery_mode_node_level_v1,SI-Drahi_13-d2-HET-UHI-BLO-15dd2f4a2b,TK-PB-Drahi_13-d2-HET-UHI-e201b86fbb-r5,SS-784512b1c103,13,3,lex_phase_3,OPTIMAL,FEASIBLE_POINT,2030.0409100360612,2030.0409100360612,0,163998,163998,251384,453851,5124,0,5124,25620,5124,256,0,0,NaN,0,NaN,4.000000000000002,1.000000000001819,
5,15,TWO_STAGE_RH,LEXMMFPEA,shared_battery_mode_node_level_v1,SI-Drahi_13-d2-HET-UHI-BLO-15dd2f4a2b,TK-PB-Drahi_13-d2-HET-UHI-e201b86fbb-r5,SS-784512b1c103,13,4,lex_phase_4,OPTIMAL,FEASIBLE_POINT,2706.721213381415,2706.721213381415,0,163998,163998,251385,453857,5124,0,5124,25620,5124,256,0,0,NaN,0,NaN,4.000000000000002,1.000000000001819,
5,15,TWO_STAGE_RH,LEXMMFPEA,shared_battery_mode_node_level_v1,SI-Drahi_13-d2-HET-UHI-BLO-15dd2f4a2b,TK-PB-Drahi_13-d2-HET-UHI-e201b86fbb-r5,SS-784512b1c103,13,5,lex_phase_5,OPTIMAL,FEASIBLE_POINT,3383.401516726776,3383.401516726776,0,163998,163998,251386,453863,5124,0,5124,25620,5124,256,0,0,NaN,0,NaN,4.000000000000002,1.000000000001819,
5,15,TWO_STAGE_RH,LEXMMFPEA,shared_battery_mode_node_level_v1,SI-Drahi_13-d2-HET-UHI-BLO-15dd2f4a2b,TK-PB-Drahi_13-d2-HET-UHI-e201b86fbb-r5,SS-784512b1c103,13,6,economic_tie_break,OPTIMAL,FEASIBLE_POINT,638983.9857833514,638983.9857833514,0,163998,163998,251387,453869,5124,0,5124,25620,5124,256,0,0,NaN,0,NaN,4.000000000000002,1.000000000001819,
5,16,TWO_STAGE_RH,LEXMMFPEA,shared_battery_mode_node_level_v1,SI-Drahi_13-d2-HET-UHI-BLO-15dd2f4a2b,TK-PB-Drahi_13-d2-HET-UHI-e201b86fbb-r5,SS-784512b1c103,13,1,lex_phase_1,OPTIMAL,FEASIBLE_POINT,676.6803033453543,676.6803033453543,0,163998,163998,251382,453839,5124,0,5124,25620,5124,256,0,0,NaN,0,NaN,2.842170943040401e-14,1.000000000001819,
5,16,TWO_STAGE_RH,LEXMMFPEA,shared_battery_mode_node_level_v1,SI-Drahi_13-d2-HET-UHI-BLO-15dd2f4a2b,TK-PB-Drahi_13-d2-HET-UHI-e201b86fbb-r5,SS-784512b1c103,13,2,lex_phase_2,OPTIMAL,FEASIBLE_POINT,1353.3606066907075,1353.3606066907075,0,163998,163998,251383,453845,5124,0,5124,25620,5124,256,0,0,NaN,0,NaN,2.842170943040401e-14,1.000000000001819,
5,16,TWO_STAGE_RH,LEXMMFPEA,shared_battery_mode_node_level_v1,SI-Drahi_13-d2-HET-UHI-BLO-15dd2f4a2b,TK-PB-Drahi_13-d2-HET-UHI-e201b86fbb-r5,SS-784512b1c103,13,3,lex_phase_3,OPTIMAL,FEASIBLE_POINT,2030.0409100360612,2030.0409100360612,0,163998,163998,251384,453851,5124,0,5124,25620,5124,256,0,0,NaN,0,NaN,2.842170943040401e-14,1.000000000001819,
5,16,TWO_STAGE_RH,LEXMMFPEA,shared_battery_mode_node_level_v1,SI-Drahi_13-d2-HET-UHI-BLO-15dd2f4a2b,TK-PB-Drahi_13-d2-HET-UHI-e201b86fbb-r5,SS-784512b1c103,13,4,lex_phase_4,OPTIMAL,FEASIBLE_POINT,2706.721213381415,2706.721213381415,0,163998,163998,251385,453857,5124,0,5124,25620,5124,256,0,0,NaN,0,NaN,2.842170943040401e-14,1.000000000001819,
5,16,TWO_STAGE_RH,LEXMMFPEA,shared_battery_mode_node_level_v1,SI-Drahi_13-d2-HET-UHI-BLO-15dd2f4a2b,TK-PB-Drahi_13-d2-HET-UHI-e201b86fbb-r5,SS-784512b1c103,13,5,lex_phase_5,OPTIMAL,FEASIBLE_POINT,3383.401516726776,3383.401516726776,0,163998,163998,251386,453863,5124,0,5124,25620,5124,256,0,0,NaN,0,NaN,2.842170943040401e-14,1.000000000001819,
5,16,TWO_STAGE_RH,LEXMMFPEA,shared_battery_mode_node_level_v1,SI-Drahi_13-d2-HET-UHI-BLO-15dd2f4a2b,TK-PB-Drahi_13-d2-HET-UHI-e201b86fbb-r5,SS-784512b1c103,13,6,economic_tie_break,OPTIMAL,FEASIBLE_POINT,638983.9857833514,638983.9857833514,0,163998,163998,251387,453869,5124,0,5124,25620,5124,256,0,0,NaN,0,NaN,2.842170943040401e-14,1.000000000001819,
5,17,TWO_STAGE_RH,LEXMMFPEA,shared_battery_mode_node_level_v1,SI-Drahi_13-d2-HET-UHI-BLO-15dd2f4a2b,TK-PB-Drahi_13-d2-HET-UHI-e201b86fbb-r5,SS-ced84ca7a4eb,17,1,lex_phase_1,OPTIMAL,FEASIBLE_POINT,853.1242074416708,853.1242074416708,0,163998,163998,251382,454819,5124,0,5124,25620,5124,256,0,0,NaN,0,NaN,2.842170943040401e-14,1.000000000005457,
5,17,TWO_STAGE_RH,LEXMMFPEA,shared_battery_mode_node_level_v1,SI-Drahi_13-d2-HET-UHI-BLO-15dd2f4a2b,TK-PB-Drahi_13-d2-HET-UHI-e201b86fbb-r5,SS-ced84ca7a4eb,17,2,lex_phase_2,OPTIMAL,FEASIBLE_POINT,1706.2484148833419,1706.2484148833419,0,163998,163998,251383,454825,5124,0,5124,25620,5124,256,0,0,NaN,0,NaN,2.842170943040401e-14,1.000000000005457,
5,17,TWO_STAGE_RH,LEXMMFPEA,shared_battery_mode_node_level_v1,SI-Drahi_13-d2-HET-UHI-BLO-15dd2f4a2b,TK-PB-Drahi_13-d2-HET-UHI-e201b86fbb-r5,SS-ced84ca7a4eb,17,3,lex_phase_3,OPTIMAL,FEASIBLE_POINT,2559.372622325013,2559.372622325013,0,163998,163998,251384,454831,5124,0,5124,25620,5124,256,0,0,NaN,0,NaN,2.842170943040401e-14,1.000000000005457,
5,17,TWO_STAGE_RH,LEXMMFPEA,shared_battery_mode_node_level_v1,SI-Drahi_13-d2-HET-UHI-BLO-15dd2f4a2b,TK-PB-Drahi_13-d2-HET-UHI-e201b86fbb-r5,SS-ced84ca7a4eb,17,4,lex_phase_4,OPTIMAL,FEASIBLE_POINT,3412.4968297666837,3412.4968297666837,0,163998,163998,251385,454837,5124,0,5124,25620,5124,256,0,0,NaN,0,NaN,2.842170943040401e-14,1.000000000005457,
5,17,TWO_STAGE_RH,LEXMMFPEA,shared_battery_mode_node_level_v1,SI-Drahi_13-d2-HET-UHI-BLO-15dd2f4a2b,TK-PB-Drahi_13-d2-HET-UHI-e201b86fbb-r5,SS-ced84ca7a4eb,17,5,lex_phase_5,OPTIMAL,FEASIBLE_POINT,4265.621037208357,4265.621037208357,0,163998,163998,251386,454843,5124,0,5124,25620,5124,256,0,0,NaN,0,NaN,2.842170943040401e-14,1.000000000005457,
5,17,TWO_STAGE_RH,LEXMMFPEA,shared_battery_mode_node_level_v1,SI-Drahi_13-d2-HET-UHI-BLO-15dd2f4a2b,TK-PB-Drahi_13-d2-HET-UHI-e201b86fbb-r5,SS-ced84ca7a4eb,17,6,economic_tie_break,OPTIMAL,FEASIBLE_POINT,650133.4917695479,650133.4917695479,0,163998,163998,251387,454849,5124,0,5124,25620,5124,256,0,0,NaN,0,NaN,2.842170943040401e-14,1.000000000005457,
5,18,TWO_STAGE_RH,LEXMMFPEA,shared_battery_mode_node_level_v1,SI-Drahi_13-d2-HET-UHI-BLO-15dd2f4a2b,TK-PB-Drahi_13-d2-HET-UHI-e201b86fbb-r5,SS-ced84ca7a4eb,17,1,lex_phase_1,OPTIMAL,FEASIBLE_POINT,853.1242074416708,853.1242074416708,0,163998,163998,251382,454819,5124,0,5124,25620,5124,256,0,0,NaN,0,NaN,2.842170943040401e-14,1.000000000005457,
5,18,TWO_STAGE_RH,LEXMMFPEA,shared_battery_mode_node_level_v1,SI-Drahi_13-d2-HET-UHI-BLO-15dd2f4a2b,TK-PB-Drahi_13-d2-HET-UHI-e201b86fbb-r5,SS-ced84ca7a4eb,17,2,lex_phase_2,OPTIMAL,FEASIBLE_POINT,1706.2484148833419,1706.2484148833419,0,163998,163998,251383,454825,5124,0,5124,25620,5124,256,0,0,NaN,0,NaN,2.842170943040401e-14,1.000000000005457,
5,18,TWO_STAGE_RH,LEXMMFPEA,shared_battery_mode_node_level_v1,SI-Drahi_13-d2-HET-UHI-BLO-15dd2f4a2b,TK-PB-Drahi_13-d2-HET-UHI-e201b86fbb-r5,SS-ced84ca7a4eb,17,3,lex_phase_3,OPTIMAL,FEASIBLE_POINT,2559.372622325013,2559.372622325013,0,163998,163998,251384,454831,5124,0,5124,25620,5124,256,0,0,NaN,0,NaN,2.842170943040401e-14,1.000000000005457,
5,18,TWO_STAGE_RH,LEXMMFPEA,shared_battery_mode_node_level_v1,SI-Drahi_13-d2-HET-UHI-BLO-15dd2f4a2b,TK-PB-Drahi_13-d2-HET-UHI-e201b86fbb-r5,SS-ced84ca7a4eb,17,4,lex_phase_4,OPTIMAL,FEASIBLE_POINT,3412.4968297666837,3412.4968297666837,0,163998,163998,251385,454837,5124,0,5124,25620,5124,256,0,0,NaN,0,NaN,2.842170943040401e-14,1.000000000005457,
5,18,TWO_STAGE_RH,LEXMMFPEA,shared_battery_mode_node_level_v1,SI-Drahi_13-d2-HET-UHI-BLO-15dd2f4a2b,TK-PB-Drahi_13-d2-HET-UHI-e201b86fbb-r5,SS-ced84ca7a4eb,17,5,lex_phase_5,OPTIMAL,FEASIBLE_POINT,4265.621037208357,4265.621037208357,0,163998,163998,251386,454843,5124,0,5124,25620,5124,256,0,0,NaN,0,NaN,2.842170943040401e-14,1.000000000005457,
5,18,TWO_STAGE_RH,LEXMMFPEA,shared_battery_mode_node_level_v1,SI-Drahi_13-d2-HET-UHI-BLO-15dd2f4a2b,TK-PB-Drahi_13-d2-HET-UHI-e201b86fbb-r5,SS-ced84ca7a4eb,17,6,economic_tie_break,OPTIMAL,FEASIBLE_POINT,650133.4917695479,650133.4917695479,0,163998,163998,251387,454849,5124,0,5124,25620,5124,256,0,0,NaN,0,NaN,2.842170943040401e-14,1.000000000005457,
5,19,TWO_STAGE_RH,LEXMMFPEA,shared_battery_mode_node_level_v1,SI-Drahi_13-d2-HET-UHI-BLO-15dd2f4a2b,TK-PB-Drahi_13-d2-HET-UHI-e201b86fbb-r5,SS-ced84ca7a4eb,17,1,lex_phase_1,OPTIMAL,FEASIBLE_POINT,853.1242074416708,853.1242074416708,0,163998,163998,251382,454819,5124,0,5124,25620,5124,256,0,0,NaN,0,NaN,2.842170943040401e-14,1.000000000005457,
5,19,TWO_STAGE_RH,LEXMMFPEA,shared_battery_mode_node_level_v1,SI-Drahi_13-d2-HET-UHI-BLO-15dd2f4a2b,TK-PB-Drahi_13-d2-HET-UHI-e201b86fbb-r5,SS-ced84ca7a4eb,17,2,lex_phase_2,OPTIMAL,FEASIBLE_POINT,1706.2484148833419,1706.2484148833419,0,163998,163998,251383,454825,5124,0,5124,25620,5124,256,0,0,NaN,0,NaN,2.842170943040401e-14,1.000000000005457,
5,19,TWO_STAGE_RH,LEXMMFPEA,shared_battery_mode_node_level_v1,SI-Drahi_13-d2-HET-UHI-BLO-15dd2f4a2b,TK-PB-Drahi_13-d2-HET-UHI-e201b86fbb-r5,SS-ced84ca7a4eb,17,3,lex_phase_3,OPTIMAL,FEASIBLE_POINT,2559.372622325013,2559.372622325013,0,163998,163998,251384,454831,5124,0,5124,25620,5124,256,0,0,NaN,0,NaN,2.842170943040401e-14,1.000000000005457,
5,19,TWO_STAGE_RH,LEXMMFPEA,shared_battery_mode_node_level_v1,SI-Drahi_13-d2-HET-UHI-BLO-15dd2f4a2b,TK-PB-Drahi_13-d2-HET-UHI-e201b86fbb-r5,SS-ced84ca7a4eb,17,4,lex_phase_4,OPTIMAL,FEASIBLE_POINT,3412.4968297666837,3412.4968297666837,0,163998,163998,251385,454837,5124,0,5124,25620,5124,256,0,0,NaN,0,NaN,2.842170943040401e-14,1.000000000005457,
5,19,TWO_STAGE_RH,LEXMMFPEA,shared_battery_mode_node_level_v1,SI-Drahi_13-d2-HET-UHI-BLO-15dd2f4a2b,TK-PB-Drahi_13-d2-HET-UHI-e201b86fbb-r5,SS-ced84ca7a4eb,17,5,lex_phase_5,OPTIMAL,FEASIBLE_POINT,4265.621037208357,4265.621037208357,0,163998,163998,251386,454843,5124,0,5124,25620,5124,256,0,0,NaN,0,NaN,2.842170943040401e-14,1.000000000005457,
5,19,TWO_STAGE_RH,LEXMMFPEA,shared_battery_mode_node_level_v1,SI-Drahi_13-d2-HET-UHI-BLO-15dd2f4a2b,TK-PB-Drahi_13-d2-HET-UHI-e201b86fbb-r5,SS-ced84ca7a4eb,17,6,economic_tie_break,OPTIMAL,FEASIBLE_POINT,650133.4917695479,650133.4917695479,0,163998,163998,251387,454849,5124,0,5124,25620,5124,256,0,0,NaN,0,NaN,2.842170943040401e-14,1.000000000005457,
5,20,TWO_STAGE_RH,LEXMMFPEA,shared_battery_mode_node_level_v1,SI-Drahi_13-d2-HET-UHI-BLO-15dd2f4a2b,TK-PB-Drahi_13-d2-HET-UHI-e201b86fbb-r5,SS-ced84ca7a4eb,17,1,lex_phase_1,OPTIMAL,FEASIBLE_POINT,853.1242074416708,853.1242074416708,0,163998,163998,251382,454819,5124,0,5124,25620,5124,256,0,0,NaN,0,NaN,2.842170943040401e-14,1.000000000005457,
5,20,TWO_STAGE_RH,LEXMMFPEA,shared_battery_mode_node_level_v1,SI-Drahi_13-d2-HET-UHI-BLO-15dd2f4a2b,TK-PB-Drahi_13-d2-HET-UHI-e201b86fbb-r5,SS-ced84ca7a4eb,17,2,lex_phase_2,OPTIMAL,FEASIBLE_POINT,1706.2484148833419,1706.2484148833419,0,163998,163998,251383,454825,5124,0,5124,25620,5124,256,0,0,NaN,0,NaN,2.842170943040401e-14,1.000000000005457,
5,20,TWO_STAGE_RH,LEXMMFPEA,shared_battery_mode_node_level_v1,SI-Drahi_13-d2-HET-UHI-BLO-15dd2f4a2b,TK-PB-Drahi_13-d2-HET-UHI-e201b86fbb-r5,SS-ced84ca7a4eb,17,3,lex_phase_3,OPTIMAL,FEASIBLE_POINT,2559.372622325013,2559.372622325013,0,163998,163998,251384,454831,5124,0,5124,25620,5124,256,0,0,NaN,0,NaN,2.842170943040401e-14,1.000000000005457,
5,20,TWO_STAGE_RH,LEXMMFPEA,shared_battery_mode_node_level_v1,SI-Drahi_13-d2-HET-UHI-BLO-15dd2f4a2b,TK-PB-Drahi_13-d2-HET-UHI-e201b86fbb-r5,SS-ced84ca7a4eb,17,4,lex_phase_4,OPTIMAL,FEASIBLE_POINT,3412.4968297666837,3412.4968297666837,0,163998,163998,251385,454837,5124,0,5124,25620,5124,256,0,0,NaN,0,NaN,2.842170943040401e-14,1.000000000005457,
5,20,TWO_STAGE_RH,LEXMMFPEA,shared_battery_mode_node_level_v1,SI-Drahi_13-d2-HET-UHI-BLO-15dd2f4a2b,TK-PB-Drahi_13-d2-HET-UHI-e201b86fbb-r5,SS-ced84ca7a4eb,17,5,lex_phase_5,OPTIMAL,FEASIBLE_POINT,4265.621037208357,4265.621037208357,0,163998,163998,251386,454843,5124,0,5124,25620,5124,256,0,0,NaN,0,NaN,2.842170943040401e-14,1.000000000005457,
5,20,TWO_STAGE_RH,LEXMMFPEA,shared_battery_mode_node_level_v1,SI-Drahi_13-d2-HET-UHI-BLO-15dd2f4a2b,TK-PB-Drahi_13-d2-HET-UHI-e201b86fbb-r5,SS-ced84ca7a4eb,17,6,economic_tie_break,OPTIMAL,FEASIBLE_POINT,650133.4917695479,650133.4917695479,0,163998,163998,251387,454849,5124,0,5124,25620,5124,256,0,0,NaN,0,NaN,2.842170943040401e-14,1.000000000005457,
5,21,TWO_STAGE_RH,LEXMMFPEA,shared_battery_mode_node_level_v1,SI-Drahi_13-d2-HET-UHI-BLO-15dd2f4a2b,TK-PB-Drahi_13-d2-HET-UHI-e201b86fbb-r5,SS-fec72d83146f,21,1,lex_phase_1,OPTIMAL,FEASIBLE_POINT,832.602278347358,832.602278347358,0,163998,163998,251382,457374,5124,0,5124,25620,5124,256,0,0,NaN,0,NaN,0.0,1.0000000000104592,
5,21,TWO_STAGE_RH,LEXMMFPEA,shared_battery_mode_node_level_v1,SI-Drahi_13-d2-HET-UHI-BLO-15dd2f4a2b,TK-PB-Drahi_13-d2-HET-UHI-e201b86fbb-r5,SS-fec72d83146f,21,2,lex_phase_2,OPTIMAL,FEASIBLE_POINT,1665.204556694719,1665.204556694719,0,163998,163998,251383,457380,5124,0,5124,25620,5124,256,0,0,NaN,0,NaN,0.0,1.0000000000104592,
5,21,TWO_STAGE_RH,LEXMMFPEA,shared_battery_mode_node_level_v1,SI-Drahi_13-d2-HET-UHI-BLO-15dd2f4a2b,TK-PB-Drahi_13-d2-HET-UHI-e201b86fbb-r5,SS-fec72d83146f,21,3,lex_phase_3,OPTIMAL,FEASIBLE_POINT,2497.8068350420785,2497.8068350420785,0,163998,163998,251384,457386,5124,0,5124,25620,5124,256,0,0,NaN,0,NaN,0.0,1.0000000000104592,
5,21,TWO_STAGE_RH,LEXMMFPEA,shared_battery_mode_node_level_v1,SI-Drahi_13-d2-HET-UHI-BLO-15dd2f4a2b,TK-PB-Drahi_13-d2-HET-UHI-e201b86fbb-r5,SS-fec72d83146f,21,4,lex_phase_4,OPTIMAL,FEASIBLE_POINT,3330.409113389438,3330.409113389438,0,163998,163998,251385,457392,5124,0,5124,25620,5124,256,0,0,NaN,0,NaN,0.0,1.0000000000104592,
5,21,TWO_STAGE_RH,LEXMMFPEA,shared_battery_mode_node_level_v1,SI-Drahi_13-d2-HET-UHI-BLO-15dd2f4a2b,TK-PB-Drahi_13-d2-HET-UHI-e201b86fbb-r5,SS-fec72d83146f,21,5,lex_phase_5,OPTIMAL,FEASIBLE_POINT,4163.011391736795,4163.011391736795,0,163998,163998,251386,457398,5124,0,5124,25620,5124,256,0,0,NaN,0,NaN,0.0,1.0000000000104592,
5,21,TWO_STAGE_RH,LEXMMFPEA,shared_battery_mode_node_level_v1,SI-Drahi_13-d2-HET-UHI-BLO-15dd2f4a2b,TK-PB-Drahi_13-d2-HET-UHI-e201b86fbb-r5,SS-fec72d83146f,21,6,economic_tie_break,OPTIMAL,FEASIBLE_POINT,661429.4466954725,661429.4466954725,0,163998,163998,251387,457404,5124,0,5124,25620,5124,256,0,0,NaN,0,NaN,0.0,1.0000000000104592,
5,22,TWO_STAGE_RH,LEXMMFPEA,shared_battery_mode_node_level_v1,SI-Drahi_13-d2-HET-UHI-BLO-15dd2f4a2b,TK-PB-Drahi_13-d2-HET-UHI-e201b86fbb-r5,SS-fec72d83146f,21,1,lex_phase_1,OPTIMAL,FEASIBLE_POINT,832.602278347358,832.602278347358,0,163998,163998,251382,457374,5124,0,5124,25620,5124,256,0,0,NaN,0,NaN,1.7763568394002505e-15,1.0000000000104592,
5,22,TWO_STAGE_RH,LEXMMFPEA,shared_battery_mode_node_level_v1,SI-Drahi_13-d2-HET-UHI-BLO-15dd2f4a2b,TK-PB-Drahi_13-d2-HET-UHI-e201b86fbb-r5,SS-fec72d83146f,21,2,lex_phase_2,OPTIMAL,FEASIBLE_POINT,1665.204556694719,1665.204556694719,0,163998,163998,251383,457380,5124,0,5124,25620,5124,256,0,0,NaN,0,NaN,1.7763568394002505e-15,1.0000000000104592,
5,22,TWO_STAGE_RH,LEXMMFPEA,shared_battery_mode_node_level_v1,SI-Drahi_13-d2-HET-UHI-BLO-15dd2f4a2b,TK-PB-Drahi_13-d2-HET-UHI-e201b86fbb-r5,SS-fec72d83146f,21,3,lex_phase_3,OPTIMAL,FEASIBLE_POINT,2497.8068350420785,2497.8068350420785,0,163998,163998,251384,457386,5124,0,5124,25620,5124,256,0,0,NaN,0,NaN,1.7763568394002505e-15,1.0000000000104592,
5,22,TWO_STAGE_RH,LEXMMFPEA,shared_battery_mode_node_level_v1,SI-Drahi_13-d2-HET-UHI-BLO-15dd2f4a2b,TK-PB-Drahi_13-d2-HET-UHI-e201b86fbb-r5,SS-fec72d83146f,21,4,lex_phase_4,OPTIMAL,FEASIBLE_POINT,3330.409113389438,3330.409113389438,0,163998,163998,251385,457392,5124,0,5124,25620,5124,256,0,0,NaN,0,NaN,1.7763568394002505e-15,1.0000000000104592,
5,22,TWO_STAGE_RH,LEXMMFPEA,shared_battery_mode_node_level_v1,SI-Drahi_13-d2-HET-UHI-BLO-15dd2f4a2b,TK-PB-Drahi_13-d2-HET-UHI-e201b86fbb-r5,SS-fec72d83146f,21,5,lex_phase_5,OPTIMAL,FEASIBLE_POINT,4163.011391736795,4163.011391736795,0,163998,163998,251386,457398,5124,0,5124,25620,5124,256,0,0,NaN,0,NaN,1.7763568394002505e-15,1.0000000000104592,
5,22,TWO_STAGE_RH,LEXMMFPEA,shared_battery_mode_node_level_v1,SI-Drahi_13-d2-HET-UHI-BLO-15dd2f4a2b,TK-PB-Drahi_13-d2-HET-UHI-e201b86fbb-r5,SS-fec72d83146f,21,6,economic_tie_break,OPTIMAL,FEASIBLE_POINT,661429.4466954725,661429.4466954725,0,163998,163998,251387,457404,5124,0,5124,25620,5124,256,0,0,NaN,0,NaN,1.7763568394002505e-15,1.0000000000104592,
5,23,TWO_STAGE_RH,LEXMMFPEA,shared_battery_mode_node_level_v1,SI-Drahi_13-d2-HET-UHI-BLO-15dd2f4a2b,TK-PB-Drahi_13-d2-HET-UHI-e201b86fbb-r5,SS-fec72d83146f,21,1,lex_phase_1,OPTIMAL,FEASIBLE_POINT,832.602278347358,832.602278347358,0,163998,163998,251382,457374,5124,0,5124,25620,5124,256,0,0,NaN,0,NaN,1.7763568394002505e-15,1.0000000000104592,
5,23,TWO_STAGE_RH,LEXMMFPEA,shared_battery_mode_node_level_v1,SI-Drahi_13-d2-HET-UHI-BLO-15dd2f4a2b,TK-PB-Drahi_13-d2-HET-UHI-e201b86fbb-r5,SS-fec72d83146f,21,2,lex_phase_2,OPTIMAL,FEASIBLE_POINT,1665.204556694719,1665.204556694719,0,163998,163998,251383,457380,5124,0,5124,25620,5124,256,0,0,NaN,0,NaN,1.7763568394002505e-15,1.0000000000104592,
5,23,TWO_STAGE_RH,LEXMMFPEA,shared_battery_mode_node_level_v1,SI-Drahi_13-d2-HET-UHI-BLO-15dd2f4a2b,TK-PB-Drahi_13-d2-HET-UHI-e201b86fbb-r5,SS-fec72d83146f,21,3,lex_phase_3,OPTIMAL,FEASIBLE_POINT,2497.8068350420785,2497.8068350420785,0,163998,163998,251384,457386,5124,0,5124,25620,5124,256,0,0,NaN,0,NaN,1.7763568394002505e-15,1.0000000000104592,
5,23,TWO_STAGE_RH,LEXMMFPEA,shared_battery_mode_node_level_v1,SI-Drahi_13-d2-HET-UHI-BLO-15dd2f4a2b,TK-PB-Drahi_13-d2-HET-UHI-e201b86fbb-r5,SS-fec72d83146f,21,4,lex_phase_4,OPTIMAL,FEASIBLE_POINT,3330.409113389438,3330.409113389438,0,163998,163998,251385,457392,5124,0,5124,25620,5124,256,0,0,NaN,0,NaN,1.7763568394002505e-15,1.0000000000104592,
5,23,TWO_STAGE_RH,LEXMMFPEA,shared_battery_mode_node_level_v1,SI-Drahi_13-d2-HET-UHI-BLO-15dd2f4a2b,TK-PB-Drahi_13-d2-HET-UHI-e201b86fbb-r5,SS-fec72d83146f,21,5,lex_phase_5,OPTIMAL,FEASIBLE_POINT,4163.011391736795,4163.011391736795,0,163998,163998,251386,457398,5124,0,5124,25620,5124,256,0,0,NaN,0,NaN,1.7763568394002505e-15,1.0000000000104592,
5,23,TWO_STAGE_RH,LEXMMFPEA,shared_battery_mode_node_level_v1,SI-Drahi_13-d2-HET-UHI-BLO-15dd2f4a2b,TK-PB-Drahi_13-d2-HET-UHI-e201b86fbb-r5,SS-fec72d83146f,21,6,economic_tie_break,OPTIMAL,FEASIBLE_POINT,661429.4466954725,661429.4466954725,0,163998,163998,251387,457404,5124,0,5124,25620,5124,256,0,0,NaN,0,NaN,1.7763568394002505e-15,1.0000000000104592,
5,24,TWO_STAGE_RH,LEXMMFPEA,shared_battery_mode_node_level_v1,SI-Drahi_13-d2-HET-UHI-BLO-15dd2f4a2b,TK-PB-Drahi_13-d2-HET-UHI-e201b86fbb-r5,SS-fec72d83146f,21,1,lex_phase_1,OPTIMAL,FEASIBLE_POINT,832.602278347358,832.602278347358,0,163998,163998,251382,457374,5124,0,5124,25620,5124,256,0,0,NaN,0,NaN,3.552713678800501e-15,1.0000000000104592,
5,24,TWO_STAGE_RH,LEXMMFPEA,shared_battery_mode_node_level_v1,SI-Drahi_13-d2-HET-UHI-BLO-15dd2f4a2b,TK-PB-Drahi_13-d2-HET-UHI-e201b86fbb-r5,SS-fec72d83146f,21,2,lex_phase_2,OPTIMAL,FEASIBLE_POINT,1665.204556694719,1665.204556694719,0,163998,163998,251383,457380,5124,0,5124,25620,5124,256,0,0,NaN,0,NaN,3.552713678800501e-15,1.0000000000104592,
5,24,TWO_STAGE_RH,LEXMMFPEA,shared_battery_mode_node_level_v1,SI-Drahi_13-d2-HET-UHI-BLO-15dd2f4a2b,TK-PB-Drahi_13-d2-HET-UHI-e201b86fbb-r5,SS-fec72d83146f,21,3,lex_phase_3,OPTIMAL,FEASIBLE_POINT,2497.8068350420785,2497.8068350420785,0,163998,163998,251384,457386,5124,0,5124,25620,5124,256,0,0,NaN,0,NaN,3.552713678800501e-15,1.0000000000104592,
5,24,TWO_STAGE_RH,LEXMMFPEA,shared_battery_mode_node_level_v1,SI-Drahi_13-d2-HET-UHI-BLO-15dd2f4a2b,TK-PB-Drahi_13-d2-HET-UHI-e201b86fbb-r5,SS-fec72d83146f,21,4,lex_phase_4,OPTIMAL,FEASIBLE_POINT,3330.409113389438,3330.409113389438,0,163998,163998,251385,457392,5124,0,5124,25620,5124,256,0,0,NaN,0,NaN,3.552713678800501e-15,1.0000000000104592,
5,24,TWO_STAGE_RH,LEXMMFPEA,shared_battery_mode_node_level_v1,SI-Drahi_13-d2-HET-UHI-BLO-15dd2f4a2b,TK-PB-Drahi_13-d2-HET-UHI-e201b86fbb-r5,SS-fec72d83146f,21,5,lex_phase_5,OPTIMAL,FEASIBLE_POINT,4163.011391736795,4163.011391736795,0,163998,163998,251386,457398,5124,0,5124,25620,5124,256,0,0,NaN,0,NaN,3.552713678800501e-15,1.0000000000104592,
5,24,TWO_STAGE_RH,LEXMMFPEA,shared_battery_mode_node_level_v1,SI-Drahi_13-d2-HET-UHI-BLO-15dd2f4a2b,TK-PB-Drahi_13-d2-HET-UHI-e201b86fbb-r5,SS-fec72d83146f,21,6,economic_tie_break,OPTIMAL,FEASIBLE_POINT,661429.4466954725,661429.4466954725,0,163998,163998,251387,457404,5124,0,5124,25620,5124,256,0,0,NaN,0,NaN,3.552713678800501e-15,1.0000000000104592,
5,1,TWO_STAGE_RH,LEXMMFSA,shared_battery_mode_node_level_v1,SI-Drahi_13-d2-HET-UHI-BLO-15dd2f4a2b,TK-PB-Drahi_13-d2-HET-UHI-e201b86fbb-r5,SS-b6fde45dba3b,1,1,lex_phase_1,OPTIMAL,FEASIBLE_POINT,32384.169742658458,32384.169742658458,0,163998,163998,251382,715939,5124,0,5124,25620,5124,256,0,0,NaN,0,NaN,8.881784197001252e-16,1.00000000068394,
5,1,TWO_STAGE_RH,LEXMMFSA,shared_battery_mode_node_level_v1,SI-Drahi_13-d2-HET-UHI-BLO-15dd2f4a2b,TK-PB-Drahi_13-d2-HET-UHI-e201b86fbb-r5,SS-b6fde45dba3b,1,2,lex_phase_2,OPTIMAL,FEASIBLE_POINT,64768.3394853161,64768.3394853161,0,163998,163998,251383,715945,5124,0,5124,25620,5124,256,0,0,NaN,0,NaN,8.881784197001252e-16,1.00000000068394,
5,1,TWO_STAGE_RH,LEXMMFSA,shared_battery_mode_node_level_v1,SI-Drahi_13-d2-HET-UHI-BLO-15dd2f4a2b,TK-PB-Drahi_13-d2-HET-UHI-e201b86fbb-r5,SS-b6fde45dba3b,1,3,lex_phase_3,OPTIMAL,FEASIBLE_POINT,97158.33221457599,97158.33221457599,0,163998,163998,251384,715951,5124,0,5124,25620,5124,256,0,0,NaN,0,NaN,8.881784197001252e-16,1.00000000068394,
5,1,TWO_STAGE_RH,LEXMMFSA,shared_battery_mode_node_level_v1,SI-Drahi_13-d2-HET-UHI-BLO-15dd2f4a2b,TK-PB-Drahi_13-d2-HET-UHI-e201b86fbb-r5,SS-b6fde45dba3b,1,4,lex_phase_4,OPTIMAL,FEASIBLE_POINT,129549.32494383327,129549.32494383327,0,163998,163998,251385,715957,5124,0,5124,25620,5124,256,0,0,NaN,0,NaN,8.881784197001252e-16,1.00000000068394,
5,1,TWO_STAGE_RH,LEXMMFSA,shared_battery_mode_node_level_v1,SI-Drahi_13-d2-HET-UHI-BLO-15dd2f4a2b,TK-PB-Drahi_13-d2-HET-UHI-e201b86fbb-r5,SS-b6fde45dba3b,1,5,lex_phase_5,OPTIMAL,FEASIBLE_POINT,161940.4703980512,161940.4703980512,0,163998,163998,251386,715963,5124,0,5124,25620,5124,256,0,0,NaN,0,NaN,8.881784197001252e-16,1.00000000068394,
5,1,TWO_STAGE_RH,LEXMMFSA,shared_battery_mode_node_level_v1,SI-Drahi_13-d2-HET-UHI-BLO-15dd2f4a2b,TK-PB-Drahi_13-d2-HET-UHI-e201b86fbb-r5,SS-b6fde45dba3b,1,6,economic_tie_break,OPTIMAL,FEASIBLE_POINT,758888.1850964599,758888.1850964599,0,163998,163998,251387,715969,5124,0,5124,25620,5124,256,0,0,NaN,0,NaN,8.881784197001252e-16,1.00000000068394,
5,2,TWO_STAGE_RH,LEXMMFSA,shared_battery_mode_node_level_v1,SI-Drahi_13-d2-HET-UHI-BLO-15dd2f4a2b,TK-PB-Drahi_13-d2-HET-UHI-e201b86fbb-r5,SS-b6fde45dba3b,1,1,lex_phase_1,OPTIMAL,FEASIBLE_POINT,32384.169742658458,32384.169742658458,0,163998,163998,251382,715939,5124,0,5124,25620,5124,256,0,0,NaN,0,NaN,0.8199737187910641,1.00000000068394,
5,2,TWO_STAGE_RH,LEXMMFSA,shared_battery_mode_node_level_v1,SI-Drahi_13-d2-HET-UHI-BLO-15dd2f4a2b,TK-PB-Drahi_13-d2-HET-UHI-e201b86fbb-r5,SS-b6fde45dba3b,1,2,lex_phase_2,OPTIMAL,FEASIBLE_POINT,64768.3394853161,64768.3394853161,0,163998,163998,251383,715945,5124,0,5124,25620,5124,256,0,0,NaN,0,NaN,0.8199737187910641,1.00000000068394,
5,2,TWO_STAGE_RH,LEXMMFSA,shared_battery_mode_node_level_v1,SI-Drahi_13-d2-HET-UHI-BLO-15dd2f4a2b,TK-PB-Drahi_13-d2-HET-UHI-e201b86fbb-r5,SS-b6fde45dba3b,1,3,lex_phase_3,OPTIMAL,FEASIBLE_POINT,97158.33221457599,97158.33221457599,0,163998,163998,251384,715951,5124,0,5124,25620,5124,256,0,0,NaN,0,NaN,0.8199737187910641,1.00000000068394,
5,2,TWO_STAGE_RH,LEXMMFSA,shared_battery_mode_node_level_v1,SI-Drahi_13-d2-HET-UHI-BLO-15dd2f4a2b,TK-PB-Drahi_13-d2-HET-UHI-e201b86fbb-r5,SS-b6fde45dba3b,1,4,lex_phase_4,OPTIMAL,FEASIBLE_POINT,129549.32494383327,129549.32494383327,0,163998,163998,251385,715957,5124,0,5124,25620,5124,256,0,0,NaN,0,NaN,0.8199737187910641,1.00000000068394,
5,2,TWO_STAGE_RH,LEXMMFSA,shared_battery_mode_node_level_v1,SI-Drahi_13-d2-HET-UHI-BLO-15dd2f4a2b,TK-PB-Drahi_13-d2-HET-UHI-e201b86fbb-r5,SS-b6fde45dba3b,1,5,lex_phase_5,OPTIMAL,FEASIBLE_POINT,161940.4703980512,161940.4703980512,0,163998,163998,251386,715963,5124,0,5124,25620,5124,256,0,0,NaN,0,NaN,0.8199737187910641,1.00000000068394,
5,2,TWO_STAGE_RH,LEXMMFSA,shared_battery_mode_node_level_v1,SI-Drahi_13-d2-HET-UHI-BLO-15dd2f4a2b,TK-PB-Drahi_13-d2-HET-UHI-e201b86fbb-r5,SS-b6fde45dba3b,1,6,economic_tie_break,OPTIMAL,FEASIBLE_POINT,758888.1850964599,758888.1850964599,0,163998,163998,251387,715969,5124,0,5124,25620,5124,256,0,0,NaN,0,NaN,0.8199737187910641,1.00000000068394,
5,3,TWO_STAGE_RH,LEXMMFSA,shared_battery_mode_node_level_v1,SI-Drahi_13-d2-HET-UHI-BLO-15dd2f4a2b,TK-PB-Drahi_13-d2-HET-UHI-e201b86fbb-r5,SS-b6fde45dba3b,1,1,lex_phase_1,OPTIMAL,FEASIBLE_POINT,32384.169742658458,32384.169742658458,0,163998,163998,251382,715939,5124,0,5124,25620,5124,256,0,0,NaN,0,NaN,1.7763568394002505e-15,1.00000000068394,
5,3,TWO_STAGE_RH,LEXMMFSA,shared_battery_mode_node_level_v1,SI-Drahi_13-d2-HET-UHI-BLO-15dd2f4a2b,TK-PB-Drahi_13-d2-HET-UHI-e201b86fbb-r5,SS-b6fde45dba3b,1,2,lex_phase_2,OPTIMAL,FEASIBLE_POINT,64768.3394853161,64768.3394853161,0,163998,163998,251383,715945,5124,0,5124,25620,5124,256,0,0,NaN,0,NaN,1.7763568394002505e-15,1.00000000068394,
5,3,TWO_STAGE_RH,LEXMMFSA,shared_battery_mode_node_level_v1,SI-Drahi_13-d2-HET-UHI-BLO-15dd2f4a2b,TK-PB-Drahi_13-d2-HET-UHI-e201b86fbb-r5,SS-b6fde45dba3b,1,3,lex_phase_3,OPTIMAL,FEASIBLE_POINT,97158.33221457599,97158.33221457599,0,163998,163998,251384,715951,5124,0,5124,25620,5124,256,0,0,NaN,0,NaN,1.7763568394002505e-15,1.00000000068394,
5,3,TWO_STAGE_RH,LEXMMFSA,shared_battery_mode_node_level_v1,SI-Drahi_13-d2-HET-UHI-BLO-15dd2f4a2b,TK-PB-Drahi_13-d2-HET-UHI-e201b86fbb-r5,SS-b6fde45dba3b,1,4,lex_phase_4,OPTIMAL,FEASIBLE_POINT,129549.32494383327,129549.32494383327,0,163998,163998,251385,715957,5124,0,5124,25620,5124,256,0,0,NaN,0,NaN,1.7763568394002505e-15,1.00000000068394,
5,3,TWO_STAGE_RH,LEXMMFSA,shared_battery_mode_node_level_v1,SI-Drahi_13-d2-HET-UHI-BLO-15dd2f4a2b,TK-PB-Drahi_13-d2-HET-UHI-e201b86fbb-r5,SS-b6fde45dba3b,1,5,lex_phase_5,OPTIMAL,FEASIBLE_POINT,161940.4703980512,161940.4703980512,0,163998,163998,251386,715963,5124,0,5124,25620,5124,256,0,0,NaN,0,NaN,1.7763568394002505e-15,1.00000000068394,
5,3,TWO_STAGE_RH,LEXMMFSA,shared_battery_mode_node_level_v1,SI-Drahi_13-d2-HET-UHI-BLO-15dd2f4a2b,TK-PB-Drahi_13-d2-HET-UHI-e201b86fbb-r5,SS-b6fde45dba3b,1,6,economic_tie_break,OPTIMAL,FEASIBLE_POINT,758888.1850964599,758888.1850964599,0,163998,163998,251387,715969,5124,0,5124,25620,5124,256,0,0,NaN,0,NaN,1.7763568394002505e-15,1.00000000068394,
5,4,TWO_STAGE_RH,LEXMMFSA,shared_battery_mode_node_level_v1,SI-Drahi_13-d2-HET-UHI-BLO-15dd2f4a2b,TK-PB-Drahi_13-d2-HET-UHI-e201b86fbb-r5,SS-b6fde45dba3b,1,1,lex_phase_1,OPTIMAL,FEASIBLE_POINT,32384.169742658458,32384.169742658458,0,163998,163998,251382,715939,5124,0,5124,25620,5124,256,0,0,NaN,0,NaN,2.4980018054066022e-15,1.00000000068394,
5,4,TWO_STAGE_RH,LEXMMFSA,shared_battery_mode_node_level_v1,SI-Drahi_13-d2-HET-UHI-BLO-15dd2f4a2b,TK-PB-Drahi_13-d2-HET-UHI-e201b86fbb-r5,SS-b6fde45dba3b,1,2,lex_phase_2,OPTIMAL,FEASIBLE_POINT,64768.3394853161,64768.3394853161,0,163998,163998,251383,715945,5124,0,5124,25620,5124,256,0,0,NaN,0,NaN,2.4980018054066022e-15,1.00000000068394,
5,4,TWO_STAGE_RH,LEXMMFSA,shared_battery_mode_node_level_v1,SI-Drahi_13-d2-HET-UHI-BLO-15dd2f4a2b,TK-PB-Drahi_13-d2-HET-UHI-e201b86fbb-r5,SS-b6fde45dba3b,1,3,lex_phase_3,OPTIMAL,FEASIBLE_POINT,97158.33221457599,97158.33221457599,0,163998,163998,251384,715951,5124,0,5124,25620,5124,256,0,0,NaN,0,NaN,2.4980018054066022e-15,1.00000000068394,
5,4,TWO_STAGE_RH,LEXMMFSA,shared_battery_mode_node_level_v1,SI-Drahi_13-d2-HET-UHI-BLO-15dd2f4a2b,TK-PB-Drahi_13-d2-HET-UHI-e201b86fbb-r5,SS-b6fde45dba3b,1,4,lex_phase_4,OPTIMAL,FEASIBLE_POINT,129549.32494383327,129549.32494383327,0,163998,163998,251385,715957,5124,0,5124,25620,5124,256,0,0,NaN,0,NaN,2.4980018054066022e-15,1.00000000068394,
5,4,TWO_STAGE_RH,LEXMMFSA,shared_battery_mode_node_level_v1,SI-Drahi_13-d2-HET-UHI-BLO-15dd2f4a2b,TK-PB-Drahi_13-d2-HET-UHI-e201b86fbb-r5,SS-b6fde45dba3b,1,5,lex_phase_5,OPTIMAL,FEASIBLE_POINT,161940.4703980512,161940.4703980512,0,163998,163998,251386,715963,5124,0,5124,25620,5124,256,0,0,NaN,0,NaN,2.4980018054066022e-15,1.00000000068394,
5,4,TWO_STAGE_RH,LEXMMFSA,shared_battery_mode_node_level_v1,SI-Drahi_13-d2-HET-UHI-BLO-15dd2f4a2b,TK-PB-Drahi_13-d2-HET-UHI-e201b86fbb-r5,SS-b6fde45dba3b,1,6,economic_tie_break,OPTIMAL,FEASIBLE_POINT,758888.1850964599,758888.1850964599,0,163998,163998,251387,715969,5124,0,5124,25620,5124,256,0,0,NaN,0,NaN,2.4980018054066022e-15,1.00000000068394,
5,5,TWO_STAGE_RH,LEXMMFSA,shared_battery_mode_node_level_v1,SI-Drahi_13-d2-HET-UHI-BLO-15dd2f4a2b,TK-PB-Drahi_13-d2-HET-UHI-e201b86fbb-r5,SS-59c6d7df9164,5,1,lex_phase_1,OPTIMAL,FEASIBLE_POINT,20198.86812624339,20198.86812624339,0,163998,163998,251382,708489,5124,0,5124,25620,5124,256,0,0,NaN,0,NaN,0.0,0.9999999999054126,
5,5,TWO_STAGE_RH,LEXMMFSA,shared_battery_mode_node_level_v1,SI-Drahi_13-d2-HET-UHI-BLO-15dd2f4a2b,TK-PB-Drahi_13-d2-HET-UHI-e201b86fbb-r5,SS-59c6d7df9164,5,2,lex_phase_2,OPTIMAL,FEASIBLE_POINT,40397.73625248663,40397.73625248663,0,163998,163998,251383,708495,5124,0,5124,25620,5124,256,0,0,NaN,0,NaN,0.0,0.9999999999054126,
5,5,TWO_STAGE_RH,LEXMMFSA,shared_battery_mode_node_level_v1,SI-Drahi_13-d2-HET-UHI-BLO-15dd2f4a2b,TK-PB-Drahi_13-d2-HET-UHI-e201b86fbb-r5,SS-59c6d7df9164,5,3,lex_phase_3,OPTIMAL,FEASIBLE_POINT,60602.132461605885,60602.132461605885,0,163998,163998,251384,708501,5124,0,5124,25620,5124,256,0,0,NaN,0,NaN,0.0,0.9999999999054126,
5,5,TWO_STAGE_RH,LEXMMFSA,shared_battery_mode_node_level_v1,SI-Drahi_13-d2-HET-UHI-BLO-15dd2f4a2b,TK-PB-Drahi_13-d2-HET-UHI-e201b86fbb-r5,SS-59c6d7df9164,5,4,lex_phase_4,OPTIMAL,FEASIBLE_POINT,80807.52867072033,80807.52867072033,0,163998,163998,251385,708507,5124,0,5124,25620,5124,256,0,0,NaN,0,NaN,0.0,0.9999999999054126,
5,5,TWO_STAGE_RH,LEXMMFSA,shared_battery_mode_node_level_v1,SI-Drahi_13-d2-HET-UHI-BLO-15dd2f4a2b,TK-PB-Drahi_13-d2-HET-UHI-e201b86fbb-r5,SS-59c6d7df9164,5,5,lex_phase_5,OPTIMAL,FEASIBLE_POINT,101013.00097435768,101013.00097435768,0,163998,163998,251386,708513,5124,0,5124,25620,5124,256,0,0,NaN,0,NaN,0.0,0.9999999999054126,
5,5,TWO_STAGE_RH,LEXMMFSA,shared_battery_mode_node_level_v1,SI-Drahi_13-d2-HET-UHI-BLO-15dd2f4a2b,TK-PB-Drahi_13-d2-HET-UHI-e201b86fbb-r5,SS-59c6d7df9164,5,6,economic_tie_break,OPTIMAL,FEASIBLE_POINT,690576.4343805284,690576.4343805284,0,163998,163998,251387,708519,5124,0,5124,25620,5124,256,0,0,NaN,0,NaN,0.0,0.9999999999054126,
5,6,TWO_STAGE_RH,LEXMMFSA,shared_battery_mode_node_level_v1,SI-Drahi_13-d2-HET-UHI-BLO-15dd2f4a2b,TK-PB-Drahi_13-d2-HET-UHI-e201b86fbb-r5,SS-59c6d7df9164,5,1,lex_phase_1,OPTIMAL,FEASIBLE_POINT,20198.86812624339,20198.86812624339,0,163998,163998,251382,708489,5124,0,5124,25620,5124,256,0,0,NaN,0,NaN,0.4099868593955325,0.9999999999054126,
5,6,TWO_STAGE_RH,LEXMMFSA,shared_battery_mode_node_level_v1,SI-Drahi_13-d2-HET-UHI-BLO-15dd2f4a2b,TK-PB-Drahi_13-d2-HET-UHI-e201b86fbb-r5,SS-59c6d7df9164,5,2,lex_phase_2,OPTIMAL,FEASIBLE_POINT,40397.73625248663,40397.73625248663,0,163998,163998,251383,708495,5124,0,5124,25620,5124,256,0,0,NaN,0,NaN,0.4099868593955325,0.9999999999054126,
5,6,TWO_STAGE_RH,LEXMMFSA,shared_battery_mode_node_level_v1,SI-Drahi_13-d2-HET-UHI-BLO-15dd2f4a2b,TK-PB-Drahi_13-d2-HET-UHI-e201b86fbb-r5,SS-59c6d7df9164,5,3,lex_phase_3,OPTIMAL,FEASIBLE_POINT,60602.132461605885,60602.132461605885,0,163998,163998,251384,708501,5124,0,5124,25620,5124,256,0,0,NaN,0,NaN,0.4099868593955325,0.9999999999054126,
5,6,TWO_STAGE_RH,LEXMMFSA,shared_battery_mode_node_level_v1,SI-Drahi_13-d2-HET-UHI-BLO-15dd2f4a2b,TK-PB-Drahi_13-d2-HET-UHI-e201b86fbb-r5,SS-59c6d7df9164,5,4,lex_phase_4,OPTIMAL,FEASIBLE_POINT,80807.52867072033,80807.52867072033,0,163998,163998,251385,708507,5124,0,5124,25620,5124,256,0,0,NaN,0,NaN,0.4099868593955325,0.9999999999054126,
5,6,TWO_STAGE_RH,LEXMMFSA,shared_battery_mode_node_level_v1,SI-Drahi_13-d2-HET-UHI-BLO-15dd2f4a2b,TK-PB-Drahi_13-d2-HET-UHI-e201b86fbb-r5,SS-59c6d7df9164,5,5,lex_phase_5,OPTIMAL,FEASIBLE_POINT,101013.00097435768,101013.00097435768,0,163998,163998,251386,708513,5124,0,5124,25620,5124,256,0,0,NaN,0,NaN,0.4099868593955325,0.9999999999054126,
5,6,TWO_STAGE_RH,LEXMMFSA,shared_battery_mode_node_level_v1,SI-Drahi_13-d2-HET-UHI-BLO-15dd2f4a2b,TK-PB-Drahi_13-d2-HET-UHI-e201b86fbb-r5,SS-59c6d7df9164,5,6,economic_tie_break,OPTIMAL,FEASIBLE_POINT,690576.4343805284,690576.4343805284,0,163998,163998,251387,708519,5124,0,5124,25620,5124,256,0,0,NaN,0,NaN,0.4099868593955325,0.9999999999054126,
5,7,TWO_STAGE_RH,LEXMMFSA,shared_battery_mode_node_level_v1,SI-Drahi_13-d2-HET-UHI-BLO-15dd2f4a2b,TK-PB-Drahi_13-d2-HET-UHI-e201b86fbb-r5,SS-59c6d7df9164,5,1,lex_phase_1,OPTIMAL,FEASIBLE_POINT,20198.86812624339,20198.86812624339,0,163998,163998,251382,708489,5124,0,5124,25620,5124,256,0,0,NaN,0,NaN,8.881784197001252e-16,0.9999999999054126,
5,7,TWO_STAGE_RH,LEXMMFSA,shared_battery_mode_node_level_v1,SI-Drahi_13-d2-HET-UHI-BLO-15dd2f4a2b,TK-PB-Drahi_13-d2-HET-UHI-e201b86fbb-r5,SS-59c6d7df9164,5,2,lex_phase_2,OPTIMAL,FEASIBLE_POINT,40397.73625248663,40397.73625248663,0,163998,163998,251383,708495,5124,0,5124,25620,5124,256,0,0,NaN,0,NaN,8.881784197001252e-16,0.9999999999054126,
5,7,TWO_STAGE_RH,LEXMMFSA,shared_battery_mode_node_level_v1,SI-Drahi_13-d2-HET-UHI-BLO-15dd2f4a2b,TK-PB-Drahi_13-d2-HET-UHI-e201b86fbb-r5,SS-59c6d7df9164,5,3,lex_phase_3,OPTIMAL,FEASIBLE_POINT,60602.132461605885,60602.132461605885,0,163998,163998,251384,708501,5124,0,5124,25620,5124,256,0,0,NaN,0,NaN,8.881784197001252e-16,0.9999999999054126,
5,7,TWO_STAGE_RH,LEXMMFSA,shared_battery_mode_node_level_v1,SI-Drahi_13-d2-HET-UHI-BLO-15dd2f4a2b,TK-PB-Drahi_13-d2-HET-UHI-e201b86fbb-r5,SS-59c6d7df9164,5,4,lex_phase_4,OPTIMAL,FEASIBLE_POINT,80807.52867072033,80807.52867072033,0,163998,163998,251385,708507,5124,0,5124,25620,5124,256,0,0,NaN,0,NaN,8.881784197001252e-16,0.9999999999054126,
5,7,TWO_STAGE_RH,LEXMMFSA,shared_battery_mode_node_level_v1,SI-Drahi_13-d2-HET-UHI-BLO-15dd2f4a2b,TK-PB-Drahi_13-d2-HET-UHI-e201b86fbb-r5,SS-59c6d7df9164,5,5,lex_phase_5,OPTIMAL,FEASIBLE_POINT,101013.00097435768,101013.00097435768,0,163998,163998,251386,708513,5124,0,5124,25620,5124,256,0,0,NaN,0,NaN,8.881784197001252e-16,0.9999999999054126,
5,7,TWO_STAGE_RH,LEXMMFSA,shared_battery_mode_node_level_v1,SI-Drahi_13-d2-HET-UHI-BLO-15dd2f4a2b,TK-PB-Drahi_13-d2-HET-UHI-e201b86fbb-r5,SS-59c6d7df9164,5,6,economic_tie_break,OPTIMAL,FEASIBLE_POINT,690576.4343805284,690576.4343805284,0,163998,163998,251387,708519,5124,0,5124,25620,5124,256,0,0,NaN,0,NaN,8.881784197001252e-16,0.9999999999054126,
5,8,TWO_STAGE_RH,LEXMMFSA,shared_battery_mode_node_level_v1,SI-Drahi_13-d2-HET-UHI-BLO-15dd2f4a2b,TK-PB-Drahi_13-d2-HET-UHI-e201b86fbb-r5,SS-59c6d7df9164,5,1,lex_phase_1,OPTIMAL,FEASIBLE_POINT,20198.86812624339,20198.86812624339,0,163998,163998,251382,708489,5124,0,5124,25620,5124,256,0,0,NaN,0,NaN,0.4099868593955316,0.9999999999054126,
5,8,TWO_STAGE_RH,LEXMMFSA,shared_battery_mode_node_level_v1,SI-Drahi_13-d2-HET-UHI-BLO-15dd2f4a2b,TK-PB-Drahi_13-d2-HET-UHI-e201b86fbb-r5,SS-59c6d7df9164,5,2,lex_phase_2,OPTIMAL,FEASIBLE_POINT,40397.73625248663,40397.73625248663,0,163998,163998,251383,708495,5124,0,5124,25620,5124,256,0,0,NaN,0,NaN,0.4099868593955316,0.9999999999054126,
5,8,TWO_STAGE_RH,LEXMMFSA,shared_battery_mode_node_level_v1,SI-Drahi_13-d2-HET-UHI-BLO-15dd2f4a2b,TK-PB-Drahi_13-d2-HET-UHI-e201b86fbb-r5,SS-59c6d7df9164,5,3,lex_phase_3,OPTIMAL,FEASIBLE_POINT,60602.132461605885,60602.132461605885,0,163998,163998,251384,708501,5124,0,5124,25620,5124,256,0,0,NaN,0,NaN,0.4099868593955316,0.9999999999054126,
5,8,TWO_STAGE_RH,LEXMMFSA,shared_battery_mode_node_level_v1,SI-Drahi_13-d2-HET-UHI-BLO-15dd2f4a2b,TK-PB-Drahi_13-d2-HET-UHI-e201b86fbb-r5,SS-59c6d7df9164,5,4,lex_phase_4,OPTIMAL,FEASIBLE_POINT,80807.52867072033,80807.52867072033,0,163998,163998,251385,708507,5124,0,5124,25620,5124,256,0,0,NaN,0,NaN,0.4099868593955316,0.9999999999054126,
5,8,TWO_STAGE_RH,LEXMMFSA,shared_battery_mode_node_level_v1,SI-Drahi_13-d2-HET-UHI-BLO-15dd2f4a2b,TK-PB-Drahi_13-d2-HET-UHI-e201b86fbb-r5,SS-59c6d7df9164,5,5,lex_phase_5,OPTIMAL,FEASIBLE_POINT,101013.00097435768,101013.00097435768,0,163998,163998,251386,708513,5124,0,5124,25620,5124,256,0,0,NaN,0,NaN,0.4099868593955316,0.9999999999054126,
5,8,TWO_STAGE_RH,LEXMMFSA,shared_battery_mode_node_level_v1,SI-Drahi_13-d2-HET-UHI-BLO-15dd2f4a2b,TK-PB-Drahi_13-d2-HET-UHI-e201b86fbb-r5,SS-59c6d7df9164,5,6,economic_tie_break,OPTIMAL,FEASIBLE_POINT,690576.4343805284,690576.4343805284,0,163998,163998,251387,708519,5124,0,5124,25620,5124,256,0,0,NaN,0,NaN,0.4099868593955316,0.9999999999054126,
5,9,TWO_STAGE_RH,LEXMMFSA,shared_battery_mode_node_level_v1,SI-Drahi_13-d2-HET-UHI-BLO-15dd2f4a2b,TK-PB-Drahi_13-d2-HET-UHI-e201b86fbb-r5,SS-baeb7d556d60,9,1,lex_phase_1,OPTIMAL,FEASIBLE_POINT,43473.431893531466,43473.431893531466,0,163998,163998,251382,710769,5124,0,5124,25620,5124,256,0,0,NaN,0,NaN,0.0,1.0000000007130438,
5,9,TWO_STAGE_RH,LEXMMFSA,shared_battery_mode_node_level_v1,SI-Drahi_13-d2-HET-UHI-BLO-15dd2f4a2b,TK-PB-Drahi_13-d2-HET-UHI-e201b86fbb-r5,SS-baeb7d556d60,9,2,lex_phase_2,OPTIMAL,FEASIBLE_POINT,86946.86378706366,86946.86378706366,0,163998,163998,251383,710775,5124,0,5124,25620,5124,256,0,0,NaN,0,NaN,0.0,1.0000000007130438,
5,9,TWO_STAGE_RH,LEXMMFSA,shared_battery_mode_node_level_v1,SI-Drahi_13-d2-HET-UHI-BLO-15dd2f4a2b,TK-PB-Drahi_13-d2-HET-UHI-e201b86fbb-r5,SS-baeb7d556d60,9,3,lex_phase_3,OPTIMAL,FEASIBLE_POINT,130420.29568059549,130420.29568059549,0,163998,163998,251384,710781,5124,0,5124,25620,5124,256,0,0,NaN,0,NaN,0.0,1.0000000007130438,
5,9,TWO_STAGE_RH,LEXMMFSA,shared_battery_mode_node_level_v1,SI-Drahi_13-d2-HET-UHI-BLO-15dd2f4a2b,TK-PB-Drahi_13-d2-HET-UHI-e201b86fbb-r5,SS-baeb7d556d60,9,4,lex_phase_4,OPTIMAL,FEASIBLE_POINT,173903.48307410415,173903.48307410415,0,163998,163998,251385,710787,5124,0,5124,25620,5124,256,0,0,NaN,0,NaN,0.0,1.0000000007130438,
5,9,TWO_STAGE_RH,LEXMMFSA,shared_battery_mode_node_level_v1,SI-Drahi_13-d2-HET-UHI-BLO-15dd2f4a2b,TK-PB-Drahi_13-d2-HET-UHI-e201b86fbb-r5,SS-baeb7d556d60,9,5,lex_phase_5,OPTIMAL,FEASIBLE_POINT,217387.67046761225,217387.67046761225,0,163998,163998,251386,710793,5124,0,5124,25620,5124,256,0,0,NaN,0,NaN,0.0,1.0000000007130438,
5,9,TWO_STAGE_RH,LEXMMFSA,shared_battery_mode_node_level_v1,SI-Drahi_13-d2-HET-UHI-BLO-15dd2f4a2b,TK-PB-Drahi_13-d2-HET-UHI-e201b86fbb-r5,SS-baeb7d556d60,9,6,economic_tie_break,OPTIMAL,FEASIBLE_POINT,701982.2308384714,701982.2308384714,0,163998,163998,251387,710799,5124,0,5124,25620,5124,256,0,0,NaN,0,NaN,0.0,1.0000000007130438,
5,10,TWO_STAGE_RH,LEXMMFSA,shared_battery_mode_node_level_v1,SI-Drahi_13-d2-HET-UHI-BLO-15dd2f4a2b,TK-PB-Drahi_13-d2-HET-UHI-e201b86fbb-r5,SS-baeb7d556d60,9,1,lex_phase_1,OPTIMAL,FEASIBLE_POINT,43473.431893531466,43473.431893531466,0,163998,163998,251382,710769,5124,0,5124,25620,5124,256,0,0,NaN,0,NaN,2.4726887204451486e-12,1.0000000007130438,
5,10,TWO_STAGE_RH,LEXMMFSA,shared_battery_mode_node_level_v1,SI-Drahi_13-d2-HET-UHI-BLO-15dd2f4a2b,TK-PB-Drahi_13-d2-HET-UHI-e201b86fbb-r5,SS-baeb7d556d60,9,2,lex_phase_2,OPTIMAL,FEASIBLE_POINT,86946.86378706366,86946.86378706366,0,163998,163998,251383,710775,5124,0,5124,25620,5124,256,0,0,NaN,0,NaN,2.4726887204451486e-12,1.0000000007130438,
5,10,TWO_STAGE_RH,LEXMMFSA,shared_battery_mode_node_level_v1,SI-Drahi_13-d2-HET-UHI-BLO-15dd2f4a2b,TK-PB-Drahi_13-d2-HET-UHI-e201b86fbb-r5,SS-baeb7d556d60,9,3,lex_phase_3,OPTIMAL,FEASIBLE_POINT,130420.29568059549,130420.29568059549,0,163998,163998,251384,710781,5124,0,5124,25620,5124,256,0,0,NaN,0,NaN,2.4726887204451486e-12,1.0000000007130438,
5,10,TWO_STAGE_RH,LEXMMFSA,shared_battery_mode_node_level_v1,SI-Drahi_13-d2-HET-UHI-BLO-15dd2f4a2b,TK-PB-Drahi_13-d2-HET-UHI-e201b86fbb-r5,SS-baeb7d556d60,9,4,lex_phase_4,OPTIMAL,FEASIBLE_POINT,173903.48307410415,173903.48307410415,0,163998,163998,251385,710787,5124,0,5124,25620,5124,256,0,0,NaN,0,NaN,2.4726887204451486e-12,1.0000000007130438,
5,10,TWO_STAGE_RH,LEXMMFSA,shared_battery_mode_node_level_v1,SI-Drahi_13-d2-HET-UHI-BLO-15dd2f4a2b,TK-PB-Drahi_13-d2-HET-UHI-e201b86fbb-r5,SS-baeb7d556d60,9,5,lex_phase_5,OPTIMAL,FEASIBLE_POINT,217387.67046761225,217387.67046761225,0,163998,163998,251386,710793,5124,0,5124,25620,5124,256,0,0,NaN,0,NaN,2.4726887204451486e-12,1.0000000007130438,
5,10,TWO_STAGE_RH,LEXMMFSA,shared_battery_mode_node_level_v1,SI-Drahi_13-d2-HET-UHI-BLO-15dd2f4a2b,TK-PB-Drahi_13-d2-HET-UHI-e201b86fbb-r5,SS-baeb7d556d60,9,6,economic_tie_break,OPTIMAL,FEASIBLE_POINT,701982.2308384714,701982.2308384714,0,163998,163998,251387,710799,5124,0,5124,25620,5124,256,0,0,NaN,0,NaN,2.4726887204451486e-12,1.0000000007130438,
5,11,TWO_STAGE_RH,LEXMMFSA,shared_battery_mode_node_level_v1,SI-Drahi_13-d2-HET-UHI-BLO-15dd2f4a2b,TK-PB-Drahi_13-d2-HET-UHI-e201b86fbb-r5,SS-baeb7d556d60,9,1,lex_phase_1,OPTIMAL,FEASIBLE_POINT,43473.431893531466,43473.431893531466,0,163998,163998,251382,710769,5124,0,5124,25620,5124,256,0,0,NaN,0,NaN,0.0,1.0000000007130438,
5,11,TWO_STAGE_RH,LEXMMFSA,shared_battery_mode_node_level_v1,SI-Drahi_13-d2-HET-UHI-BLO-15dd2f4a2b,TK-PB-Drahi_13-d2-HET-UHI-e201b86fbb-r5,SS-baeb7d556d60,9,2,lex_phase_2,OPTIMAL,FEASIBLE_POINT,86946.86378706366,86946.86378706366,0,163998,163998,251383,710775,5124,0,5124,25620,5124,256,0,0,NaN,0,NaN,0.0,1.0000000007130438,
5,11,TWO_STAGE_RH,LEXMMFSA,shared_battery_mode_node_level_v1,SI-Drahi_13-d2-HET-UHI-BLO-15dd2f4a2b,TK-PB-Drahi_13-d2-HET-UHI-e201b86fbb-r5,SS-baeb7d556d60,9,3,lex_phase_3,OPTIMAL,FEASIBLE_POINT,130420.29568059549,130420.29568059549,0,163998,163998,251384,710781,5124,0,5124,25620,5124,256,0,0,NaN,0,NaN,0.0,1.0000000007130438,
5,11,TWO_STAGE_RH,LEXMMFSA,shared_battery_mode_node_level_v1,SI-Drahi_13-d2-HET-UHI-BLO-15dd2f4a2b,TK-PB-Drahi_13-d2-HET-UHI-e201b86fbb-r5,SS-baeb7d556d60,9,4,lex_phase_4,OPTIMAL,FEASIBLE_POINT,173903.48307410415,173903.48307410415,0,163998,163998,251385,710787,5124,0,5124,25620,5124,256,0,0,NaN,0,NaN,0.0,1.0000000007130438,
5,11,TWO_STAGE_RH,LEXMMFSA,shared_battery_mode_node_level_v1,SI-Drahi_13-d2-HET-UHI-BLO-15dd2f4a2b,TK-PB-Drahi_13-d2-HET-UHI-e201b86fbb-r5,SS-baeb7d556d60,9,5,lex_phase_5,OPTIMAL,FEASIBLE_POINT,217387.67046761225,217387.67046761225,0,163998,163998,251386,710793,5124,0,5124,25620,5124,256,0,0,NaN,0,NaN,0.0,1.0000000007130438,
5,11,TWO_STAGE_RH,LEXMMFSA,shared_battery_mode_node_level_v1,SI-Drahi_13-d2-HET-UHI-BLO-15dd2f4a2b,TK-PB-Drahi_13-d2-HET-UHI-e201b86fbb-r5,SS-baeb7d556d60,9,6,economic_tie_break,OPTIMAL,FEASIBLE_POINT,701982.2308384714,701982.2308384714,0,163998,163998,251387,710799,5124,0,5124,25620,5124,256,0,0,NaN,0,NaN,0.0,1.0000000007130438,
5,12,TWO_STAGE_RH,LEXMMFSA,shared_battery_mode_node_level_v1,SI-Drahi_13-d2-HET-UHI-BLO-15dd2f4a2b,TK-PB-Drahi_13-d2-HET-UHI-e201b86fbb-r5,SS-baeb7d556d60,9,1,lex_phase_1,OPTIMAL,FEASIBLE_POINT,43473.431893531466,43473.431893531466,0,163998,163998,251382,710769,5124,0,5124,25620,5124,256,0,0,NaN,0,NaN,0.0,1.0000000007130438,
5,12,TWO_STAGE_RH,LEXMMFSA,shared_battery_mode_node_level_v1,SI-Drahi_13-d2-HET-UHI-BLO-15dd2f4a2b,TK-PB-Drahi_13-d2-HET-UHI-e201b86fbb-r5,SS-baeb7d556d60,9,2,lex_phase_2,OPTIMAL,FEASIBLE_POINT,86946.86378706366,86946.86378706366,0,163998,163998,251383,710775,5124,0,5124,25620,5124,256,0,0,NaN,0,NaN,0.0,1.0000000007130438,
5,12,TWO_STAGE_RH,LEXMMFSA,shared_battery_mode_node_level_v1,SI-Drahi_13-d2-HET-UHI-BLO-15dd2f4a2b,TK-PB-Drahi_13-d2-HET-UHI-e201b86fbb-r5,SS-baeb7d556d60,9,3,lex_phase_3,OPTIMAL,FEASIBLE_POINT,130420.29568059549,130420.29568059549,0,163998,163998,251384,710781,5124,0,5124,25620,5124,256,0,0,NaN,0,NaN,0.0,1.0000000007130438,
5,12,TWO_STAGE_RH,LEXMMFSA,shared_battery_mode_node_level_v1,SI-Drahi_13-d2-HET-UHI-BLO-15dd2f4a2b,TK-PB-Drahi_13-d2-HET-UHI-e201b86fbb-r5,SS-baeb7d556d60,9,4,lex_phase_4,OPTIMAL,FEASIBLE_POINT,173903.48307410415,173903.48307410415,0,163998,163998,251385,710787,5124,0,5124,25620,5124,256,0,0,NaN,0,NaN,0.0,1.0000000007130438,
5,12,TWO_STAGE_RH,LEXMMFSA,shared_battery_mode_node_level_v1,SI-Drahi_13-d2-HET-UHI-BLO-15dd2f4a2b,TK-PB-Drahi_13-d2-HET-UHI-e201b86fbb-r5,SS-baeb7d556d60,9,5,lex_phase_5,OPTIMAL,FEASIBLE_POINT,217387.67046761225,217387.67046761225,0,163998,163998,251386,710793,5124,0,5124,25620,5124,256,0,0,NaN,0,NaN,0.0,1.0000000007130438,
5,12,TWO_STAGE_RH,LEXMMFSA,shared_battery_mode_node_level_v1,SI-Drahi_13-d2-HET-UHI-BLO-15dd2f4a2b,TK-PB-Drahi_13-d2-HET-UHI-e201b86fbb-r5,SS-baeb7d556d60,9,6,economic_tie_break,OPTIMAL,FEASIBLE_POINT,701982.2308384714,701982.2308384714,0,163998,163998,251387,710799,5124,0,5124,25620,5124,256,0,0,NaN,0,NaN,0.0,1.0000000007130438,
5,13,TWO_STAGE_RH,LEXMMFSA,shared_battery_mode_node_level_v1,SI-Drahi_13-d2-HET-UHI-BLO-15dd2f4a2b,TK-PB-Drahi_13-d2-HET-UHI-e201b86fbb-r5,SS-784512b1c103,13,1,lex_phase_1,OPTIMAL,FEASIBLE_POINT,41846.600387126724,41846.600387126724,0,163998,163998,251382,710039,5124,0,5124,25620,5124,256,0,0,NaN,0,NaN,0.0,0.9999999994033715,
5,13,TWO_STAGE_RH,LEXMMFSA,shared_battery_mode_node_level_v1,SI-Drahi_13-d2-HET-UHI-BLO-15dd2f4a2b,TK-PB-Drahi_13-d2-HET-UHI-e201b86fbb-r5,SS-784512b1c103,13,2,lex_phase_2,OPTIMAL,FEASIBLE_POINT,83693.20077425474,83693.20077425474,0,163998,163998,251383,710045,5124,0,5124,25620,5124,256,0,0,NaN,0,NaN,0.0,0.9999999994033715,
5,13,TWO_STAGE_RH,LEXMMFSA,shared_battery_mode_node_level_v1,SI-Drahi_13-d2-HET-UHI-BLO-15dd2f4a2b,TK-PB-Drahi_13-d2-HET-UHI-e201b86fbb-r5,SS-784512b1c103,13,3,lex_phase_3,OPTIMAL,FEASIBLE_POINT,125539.80116138211,125539.80116138211,0,163998,163998,251384,710051,5124,0,5124,25620,5124,256,0,0,NaN,0,NaN,0.0,0.9999999994033715,
5,13,TWO_STAGE_RH,LEXMMFSA,shared_battery_mode_node_level_v1,SI-Drahi_13-d2-HET-UHI-BLO-15dd2f4a2b,TK-PB-Drahi_13-d2-HET-UHI-e201b86fbb-r5,SS-784512b1c103,13,4,lex_phase_4,OPTIMAL,FEASIBLE_POINT,167396.41704850504,167396.41704850504,0,163998,163998,251385,710057,5124,0,5124,25620,5124,256,0,0,NaN,0,NaN,0.0,0.9999999994033715,
5,13,TWO_STAGE_RH,LEXMMFSA,shared_battery_mode_node_level_v1,SI-Drahi_13-d2-HET-UHI-BLO-15dd2f4a2b,TK-PB-Drahi_13-d2-HET-UHI-e201b86fbb-r5,SS-784512b1c103,13,5,lex_phase_5,OPTIMAL,FEASIBLE_POINT,209254.03293561548,209254.03293561548,0,163998,163998,251386,710063,5124,0,5124,25620,5124,256,0,0,NaN,0,NaN,0.0,0.9999999994033715,
5,13,TWO_STAGE_RH,LEXMMFSA,shared_battery_mode_node_level_v1,SI-Drahi_13-d2-HET-UHI-BLO-15dd2f4a2b,TK-PB-Drahi_13-d2-HET-UHI-e201b86fbb-r5,SS-784512b1c103,13,6,economic_tie_break,OPTIMAL,FEASIBLE_POINT,763099.9308137286,763099.9308137286,0,163998,163998,251387,710069,5124,0,5124,25620,5124,256,0,0,NaN,0,NaN,0.0,0.9999999994033715,
5,14,TWO_STAGE_RH,LEXMMFSA,shared_battery_mode_node_level_v1,SI-Drahi_13-d2-HET-UHI-BLO-15dd2f4a2b,TK-PB-Drahi_13-d2-HET-UHI-e201b86fbb-r5,SS-784512b1c103,13,1,lex_phase_1,OPTIMAL,FEASIBLE_POINT,41846.600387126724,41846.600387126724,0,163998,163998,251382,710039,5124,0,5124,25620,5124,256,0,0,NaN,0,NaN,8.810729923425242e-12,0.9999999994033715,
5,14,TWO_STAGE_RH,LEXMMFSA,shared_battery_mode_node_level_v1,SI-Drahi_13-d2-HET-UHI-BLO-15dd2f4a2b,TK-PB-Drahi_13-d2-HET-UHI-e201b86fbb-r5,SS-784512b1c103,13,2,lex_phase_2,OPTIMAL,FEASIBLE_POINT,83693.20077425474,83693.20077425474,0,163998,163998,251383,710045,5124,0,5124,25620,5124,256,0,0,NaN,0,NaN,8.810729923425242e-12,0.9999999994033715,
5,14,TWO_STAGE_RH,LEXMMFSA,shared_battery_mode_node_level_v1,SI-Drahi_13-d2-HET-UHI-BLO-15dd2f4a2b,TK-PB-Drahi_13-d2-HET-UHI-e201b86fbb-r5,SS-784512b1c103,13,3,lex_phase_3,OPTIMAL,FEASIBLE_POINT,125539.80116138211,125539.80116138211,0,163998,163998,251384,710051,5124,0,5124,25620,5124,256,0,0,NaN,0,NaN,8.810729923425242e-12,0.9999999994033715,
5,14,TWO_STAGE_RH,LEXMMFSA,shared_battery_mode_node_level_v1,SI-Drahi_13-d2-HET-UHI-BLO-15dd2f4a2b,TK-PB-Drahi_13-d2-HET-UHI-e201b86fbb-r5,SS-784512b1c103,13,4,lex_phase_4,OPTIMAL,FEASIBLE_POINT,167396.41704850504,167396.41704850504,0,163998,163998,251385,710057,5124,0,5124,25620,5124,256,0,0,NaN,0,NaN,8.810729923425242e-12,0.9999999994033715,
5,14,TWO_STAGE_RH,LEXMMFSA,shared_battery_mode_node_level_v1,SI-Drahi_13-d2-HET-UHI-BLO-15dd2f4a2b,TK-PB-Drahi_13-d2-HET-UHI-e201b86fbb-r5,SS-784512b1c103,13,5,lex_phase_5,OPTIMAL,FEASIBLE_POINT,209254.03293561548,209254.03293561548,0,163998,163998,251386,710063,5124,0,5124,25620,5124,256,0,0,NaN,0,NaN,8.810729923425242e-12,0.9999999994033715,
5,14,TWO_STAGE_RH,LEXMMFSA,shared_battery_mode_node_level_v1,SI-Drahi_13-d2-HET-UHI-BLO-15dd2f4a2b,TK-PB-Drahi_13-d2-HET-UHI-e201b86fbb-r5,SS-784512b1c103,13,6,economic_tie_break,OPTIMAL,FEASIBLE_POINT,763099.9308137286,763099.9308137286,0,163998,163998,251387,710069,5124,0,5124,25620,5124,256,0,0,NaN,0,NaN,8.810729923425242e-12,0.9999999994033715,
5,15,TWO_STAGE_RH,LEXMMFSA,shared_battery_mode_node_level_v1,SI-Drahi_13-d2-HET-UHI-BLO-15dd2f4a2b,TK-PB-Drahi_13-d2-HET-UHI-e201b86fbb-r5,SS-784512b1c103,13,1,lex_phase_1,OPTIMAL,FEASIBLE_POINT,41846.600387126724,41846.600387126724,0,163998,163998,251382,710039,5124,0,5124,25620,5124,256,0,0,NaN,0,NaN,0.0,0.9999999994033715,
5,15,TWO_STAGE_RH,LEXMMFSA,shared_battery_mode_node_level_v1,SI-Drahi_13-d2-HET-UHI-BLO-15dd2f4a2b,TK-PB-Drahi_13-d2-HET-UHI-e201b86fbb-r5,SS-784512b1c103,13,2,lex_phase_2,OPTIMAL,FEASIBLE_POINT,83693.20077425474,83693.20077425474,0,163998,163998,251383,710045,5124,0,5124,25620,5124,256,0,0,NaN,0,NaN,0.0,0.9999999994033715,
5,15,TWO_STAGE_RH,LEXMMFSA,shared_battery_mode_node_level_v1,SI-Drahi_13-d2-HET-UHI-BLO-15dd2f4a2b,TK-PB-Drahi_13-d2-HET-UHI-e201b86fbb-r5,SS-784512b1c103,13,3,lex_phase_3,OPTIMAL,FEASIBLE_POINT,125539.80116138211,125539.80116138211,0,163998,163998,251384,710051,5124,0,5124,25620,5124,256,0,0,NaN,0,NaN,0.0,0.9999999994033715,
5,15,TWO_STAGE_RH,LEXMMFSA,shared_battery_mode_node_level_v1,SI-Drahi_13-d2-HET-UHI-BLO-15dd2f4a2b,TK-PB-Drahi_13-d2-HET-UHI-e201b86fbb-r5,SS-784512b1c103,13,4,lex_phase_4,OPTIMAL,FEASIBLE_POINT,167396.41704850504,167396.41704850504,0,163998,163998,251385,710057,5124,0,5124,25620,5124,256,0,0,NaN,0,NaN,0.0,0.9999999994033715,
5,15,TWO_STAGE_RH,LEXMMFSA,shared_battery_mode_node_level_v1,SI-Drahi_13-d2-HET-UHI-BLO-15dd2f4a2b,TK-PB-Drahi_13-d2-HET-UHI-e201b86fbb-r5,SS-784512b1c103,13,5,lex_phase_5,OPTIMAL,FEASIBLE_POINT,209254.03293561548,209254.03293561548,0,163998,163998,251386,710063,5124,0,5124,25620,5124,256,0,0,NaN,0,NaN,0.0,0.9999999994033715,
5,15,TWO_STAGE_RH,LEXMMFSA,shared_battery_mode_node_level_v1,SI-Drahi_13-d2-HET-UHI-BLO-15dd2f4a2b,TK-PB-Drahi_13-d2-HET-UHI-e201b86fbb-r5,SS-784512b1c103,13,6,economic_tie_break,OPTIMAL,FEASIBLE_POINT,763099.9308137286,763099.9308137286,0,163998,163998,251387,710069,5124,0,5124,25620,5124,256,0,0,NaN,0,NaN,0.0,0.9999999994033715,
5,16,TWO_STAGE_RH,LEXMMFSA,shared_battery_mode_node_level_v1,SI-Drahi_13-d2-HET-UHI-BLO-15dd2f4a2b,TK-PB-Drahi_13-d2-HET-UHI-e201b86fbb-r5,SS-784512b1c103,13,1,lex_phase_1,OPTIMAL,FEASIBLE_POINT,41846.600387126724,41846.600387126724,0,163998,163998,251382,710039,5124,0,5124,25620,5124,256,0,0,NaN,0,NaN,0.0,0.9999999994033715,
5,16,TWO_STAGE_RH,LEXMMFSA,shared_battery_mode_node_level_v1,SI-Drahi_13-d2-HET-UHI-BLO-15dd2f4a2b,TK-PB-Drahi_13-d2-HET-UHI-e201b86fbb-r5,SS-784512b1c103,13,2,lex_phase_2,OPTIMAL,FEASIBLE_POINT,83693.20077425474,83693.20077425474,0,163998,163998,251383,710045,5124,0,5124,25620,5124,256,0,0,NaN,0,NaN,0.0,0.9999999994033715,
5,16,TWO_STAGE_RH,LEXMMFSA,shared_battery_mode_node_level_v1,SI-Drahi_13-d2-HET-UHI-BLO-15dd2f4a2b,TK-PB-Drahi_13-d2-HET-UHI-e201b86fbb-r5,SS-784512b1c103,13,3,lex_phase_3,OPTIMAL,FEASIBLE_POINT,125539.80116138211,125539.80116138211,0,163998,163998,251384,710051,5124,0,5124,25620,5124,256,0,0,NaN,0,NaN,0.0,0.9999999994033715,
5,16,TWO_STAGE_RH,LEXMMFSA,shared_battery_mode_node_level_v1,SI-Drahi_13-d2-HET-UHI-BLO-15dd2f4a2b,TK-PB-Drahi_13-d2-HET-UHI-e201b86fbb-r5,SS-784512b1c103,13,4,lex_phase_4,OPTIMAL,FEASIBLE_POINT,167396.41704850504,167396.41704850504,0,163998,163998,251385,710057,5124,0,5124,25620,5124,256,0,0,NaN,0,NaN,0.0,0.9999999994033715,
5,16,TWO_STAGE_RH,LEXMMFSA,shared_battery_mode_node_level_v1,SI-Drahi_13-d2-HET-UHI-BLO-15dd2f4a2b,TK-PB-Drahi_13-d2-HET-UHI-e201b86fbb-r5,SS-784512b1c103,13,5,lex_phase_5,OPTIMAL,FEASIBLE_POINT,209254.03293561548,209254.03293561548,0,163998,163998,251386,710063,5124,0,5124,25620,5124,256,0,0,NaN,0,NaN,0.0,0.9999999994033715,
5,16,TWO_STAGE_RH,LEXMMFSA,shared_battery_mode_node_level_v1,SI-Drahi_13-d2-HET-UHI-BLO-15dd2f4a2b,TK-PB-Drahi_13-d2-HET-UHI-e201b86fbb-r5,SS-784512b1c103,13,6,economic_tie_break,OPTIMAL,FEASIBLE_POINT,763099.9308137286,763099.9308137286,0,163998,163998,251387,710069,5124,0,5124,25620,5124,256,0,0,NaN,0,NaN,0.0,0.9999999994033715,
5,17,TWO_STAGE_RH,LEXMMFSA,shared_battery_mode_node_level_v1,SI-Drahi_13-d2-HET-UHI-BLO-15dd2f4a2b,TK-PB-Drahi_13-d2-HET-UHI-e201b86fbb-r5,SS-ced84ca7a4eb,17,1,lex_phase_1,OPTIMAL,FEASIBLE_POINT,47003.57387692475,47003.57387692475,0,163998,163998,251382,711019,5124,0,5124,25620,5124,256,0,0,NaN,0,NaN,0.0,1.0000000022700988,
5,17,TWO_STAGE_RH,LEXMMFSA,shared_battery_mode_node_level_v1,SI-Drahi_13-d2-HET-UHI-BLO-15dd2f4a2b,TK-PB-Drahi_13-d2-HET-UHI-e201b86fbb-r5,SS-ced84ca7a4eb,17,2,lex_phase_2,OPTIMAL,FEASIBLE_POINT,94007.1477538502,94007.1477538502,0,163998,163998,251383,711025,5124,0,5124,25620,5124,256,0,0,NaN,0,NaN,0.0,1.0000000022700988,
5,17,TWO_STAGE_RH,LEXMMFSA,shared_battery_mode_node_level_v1,SI-Drahi_13-d2-HET-UHI-BLO-15dd2f4a2b,TK-PB-Drahi_13-d2-HET-UHI-e201b86fbb-r5,SS-ced84ca7a4eb,17,3,lex_phase_3,OPTIMAL,FEASIBLE_POINT,141010.72163077528,141010.72163077528,0,163998,163998,251384,711031,5124,0,5124,25620,5124,256,0,0,NaN,0,NaN,0.0,1.0000000022700988,
5,17,TWO_STAGE_RH,LEXMMFSA,shared_battery_mode_node_level_v1,SI-Drahi_13-d2-HET-UHI-BLO-15dd2f4a2b,TK-PB-Drahi_13-d2-HET-UHI-e201b86fbb-r5,SS-ced84ca7a4eb,17,4,lex_phase_4,OPTIMAL,FEASIBLE_POINT,188024.3110076935,188024.3110076935,0,163998,163998,251385,711037,5124,0,5124,25620,5124,256,0,0,NaN,0,NaN,0.0,1.0000000022700988,
5,17,TWO_STAGE_RH,LEXMMFSA,shared_battery_mode_node_level_v1,SI-Drahi_13-d2-HET-UHI-BLO-15dd2f4a2b,TK-PB-Drahi_13-d2-HET-UHI-e201b86fbb-r5,SS-ced84ca7a4eb,17,5,lex_phase_5,OPTIMAL,FEASIBLE_POINT,235038.90038460796,235038.90038460796,0,163998,163998,251386,711043,5124,0,5124,25620,5124,256,0,0,NaN,0,NaN,0.0,1.0000000022700988,
5,17,TWO_STAGE_RH,LEXMMFSA,shared_battery_mode_node_level_v1,SI-Drahi_13-d2-HET-UHI-BLO-15dd2f4a2b,TK-PB-Drahi_13-d2-HET-UHI-e201b86fbb-r5,SS-ced84ca7a4eb,17,6,economic_tie_break,OPTIMAL,FEASIBLE_POINT,784564.1845879245,784564.1845879245,0,163998,163998,251387,711049,5124,0,5124,25620,5124,256,0,0,NaN,0,NaN,0.0,1.0000000022700988,
5,18,TWO_STAGE_RH,LEXMMFSA,shared_battery_mode_node_level_v1,SI-Drahi_13-d2-HET-UHI-BLO-15dd2f4a2b,TK-PB-Drahi_13-d2-HET-UHI-e201b86fbb-r5,SS-ced84ca7a4eb,17,1,lex_phase_1,OPTIMAL,FEASIBLE_POINT,47003.57387692475,47003.57387692475,0,163998,163998,251382,711019,5124,0,5124,25620,5124,256,0,0,NaN,0,NaN,0.0,1.0000000022700988,
5,18,TWO_STAGE_RH,LEXMMFSA,shared_battery_mode_node_level_v1,SI-Drahi_13-d2-HET-UHI-BLO-15dd2f4a2b,TK-PB-Drahi_13-d2-HET-UHI-e201b86fbb-r5,SS-ced84ca7a4eb,17,2,lex_phase_2,OPTIMAL,FEASIBLE_POINT,94007.1477538502,94007.1477538502,0,163998,163998,251383,711025,5124,0,5124,25620,5124,256,0,0,NaN,0,NaN,0.0,1.0000000022700988,
5,18,TWO_STAGE_RH,LEXMMFSA,shared_battery_mode_node_level_v1,SI-Drahi_13-d2-HET-UHI-BLO-15dd2f4a2b,TK-PB-Drahi_13-d2-HET-UHI-e201b86fbb-r5,SS-ced84ca7a4eb,17,3,lex_phase_3,OPTIMAL,FEASIBLE_POINT,141010.72163077528,141010.72163077528,0,163998,163998,251384,711031,5124,0,5124,25620,5124,256,0,0,NaN,0,NaN,0.0,1.0000000022700988,
5,18,TWO_STAGE_RH,LEXMMFSA,shared_battery_mode_node_level_v1,SI-Drahi_13-d2-HET-UHI-BLO-15dd2f4a2b,TK-PB-Drahi_13-d2-HET-UHI-e201b86fbb-r5,SS-ced84ca7a4eb,17,4,lex_phase_4,OPTIMAL,FEASIBLE_POINT,188024.3110076935,188024.3110076935,0,163998,163998,251385,711037,5124,0,5124,25620,5124,256,0,0,NaN,0,NaN,0.0,1.0000000022700988,
5,18,TWO_STAGE_RH,LEXMMFSA,shared_battery_mode_node_level_v1,SI-Drahi_13-d2-HET-UHI-BLO-15dd2f4a2b,TK-PB-Drahi_13-d2-HET-UHI-e201b86fbb-r5,SS-ced84ca7a4eb,17,5,lex_phase_5,OPTIMAL,FEASIBLE_POINT,235038.90038460796,235038.90038460796,0,163998,163998,251386,711043,5124,0,5124,25620,5124,256,0,0,NaN,0,NaN,0.0,1.0000000022700988,
5,18,TWO_STAGE_RH,LEXMMFSA,shared_battery_mode_node_level_v1,SI-Drahi_13-d2-HET-UHI-BLO-15dd2f4a2b,TK-PB-Drahi_13-d2-HET-UHI-e201b86fbb-r5,SS-ced84ca7a4eb,17,6,economic_tie_break,OPTIMAL,FEASIBLE_POINT,784564.1845879245,784564.1845879245,0,163998,163998,251387,711049,5124,0,5124,25620,5124,256,0,0,NaN,0,NaN,0.0,1.0000000022700988,
5,19,TWO_STAGE_RH,LEXMMFSA,shared_battery_mode_node_level_v1,SI-Drahi_13-d2-HET-UHI-BLO-15dd2f4a2b,TK-PB-Drahi_13-d2-HET-UHI-e201b86fbb-r5,SS-ced84ca7a4eb,17,1,lex_phase_1,OPTIMAL,FEASIBLE_POINT,47003.57387692475,47003.57387692475,0,163998,163998,251382,711019,5124,0,5124,25620,5124,256,0,0,NaN,0,NaN,1.1905387647831773,1.0000000022700988,
5,19,TWO_STAGE_RH,LEXMMFSA,shared_battery_mode_node_level_v1,SI-Drahi_13-d2-HET-UHI-BLO-15dd2f4a2b,TK-PB-Drahi_13-d2-HET-UHI-e201b86fbb-r5,SS-ced84ca7a4eb,17,2,lex_phase_2,OPTIMAL,FEASIBLE_POINT,94007.1477538502,94007.1477538502,0,163998,163998,251383,711025,5124,0,5124,25620,5124,256,0,0,NaN,0,NaN,1.1905387647831773,1.0000000022700988,
5,19,TWO_STAGE_RH,LEXMMFSA,shared_battery_mode_node_level_v1,SI-Drahi_13-d2-HET-UHI-BLO-15dd2f4a2b,TK-PB-Drahi_13-d2-HET-UHI-e201b86fbb-r5,SS-ced84ca7a4eb,17,3,lex_phase_3,OPTIMAL,FEASIBLE_POINT,141010.72163077528,141010.72163077528,0,163998,163998,251384,711031,5124,0,5124,25620,5124,256,0,0,NaN,0,NaN,1.1905387647831773,1.0000000022700988,
5,19,TWO_STAGE_RH,LEXMMFSA,shared_battery_mode_node_level_v1,SI-Drahi_13-d2-HET-UHI-BLO-15dd2f4a2b,TK-PB-Drahi_13-d2-HET-UHI-e201b86fbb-r5,SS-ced84ca7a4eb,17,4,lex_phase_4,OPTIMAL,FEASIBLE_POINT,188024.3110076935,188024.3110076935,0,163998,163998,251385,711037,5124,0,5124,25620,5124,256,0,0,NaN,0,NaN,1.1905387647831773,1.0000000022700988,
5,19,TWO_STAGE_RH,LEXMMFSA,shared_battery_mode_node_level_v1,SI-Drahi_13-d2-HET-UHI-BLO-15dd2f4a2b,TK-PB-Drahi_13-d2-HET-UHI-e201b86fbb-r5,SS-ced84ca7a4eb,17,5,lex_phase_5,OPTIMAL,FEASIBLE_POINT,235038.90038460796,235038.90038460796,0,163998,163998,251386,711043,5124,0,5124,25620,5124,256,0,0,NaN,0,NaN,1.1905387647831773,1.0000000022700988,
5,19,TWO_STAGE_RH,LEXMMFSA,shared_battery_mode_node_level_v1,SI-Drahi_13-d2-HET-UHI-BLO-15dd2f4a2b,TK-PB-Drahi_13-d2-HET-UHI-e201b86fbb-r5,SS-ced84ca7a4eb,17,6,economic_tie_break,OPTIMAL,FEASIBLE_POINT,784564.1845879245,784564.1845879245,0,163998,163998,251387,711049,5124,0,5124,25620,5124,256,0,0,NaN,0,NaN,1.1905387647831773,1.0000000022700988,
5,20,TWO_STAGE_RH,LEXMMFSA,shared_battery_mode_node_level_v1,SI-Drahi_13-d2-HET-UHI-BLO-15dd2f4a2b,TK-PB-Drahi_13-d2-HET-UHI-e201b86fbb-r5,SS-ced84ca7a4eb,17,1,lex_phase_1,OPTIMAL,FEASIBLE_POINT,47003.57387692475,47003.57387692475,0,163998,163998,251382,711019,5124,0,5124,25620,5124,256,0,0,NaN,0,NaN,0.0,1.0000000022700988,
5,20,TWO_STAGE_RH,LEXMMFSA,shared_battery_mode_node_level_v1,SI-Drahi_13-d2-HET-UHI-BLO-15dd2f4a2b,TK-PB-Drahi_13-d2-HET-UHI-e201b86fbb-r5,SS-ced84ca7a4eb,17,2,lex_phase_2,OPTIMAL,FEASIBLE_POINT,94007.1477538502,94007.1477538502,0,163998,163998,251383,711025,5124,0,5124,25620,5124,256,0,0,NaN,0,NaN,0.0,1.0000000022700988,
5,20,TWO_STAGE_RH,LEXMMFSA,shared_battery_mode_node_level_v1,SI-Drahi_13-d2-HET-UHI-BLO-15dd2f4a2b,TK-PB-Drahi_13-d2-HET-UHI-e201b86fbb-r5,SS-ced84ca7a4eb,17,3,lex_phase_3,OPTIMAL,FEASIBLE_POINT,141010.72163077528,141010.72163077528,0,163998,163998,251384,711031,5124,0,5124,25620,5124,256,0,0,NaN,0,NaN,0.0,1.0000000022700988,
5,20,TWO_STAGE_RH,LEXMMFSA,shared_battery_mode_node_level_v1,SI-Drahi_13-d2-HET-UHI-BLO-15dd2f4a2b,TK-PB-Drahi_13-d2-HET-UHI-e201b86fbb-r5,SS-ced84ca7a4eb,17,4,lex_phase_4,OPTIMAL,FEASIBLE_POINT,188024.3110076935,188024.3110076935,0,163998,163998,251385,711037,5124,0,5124,25620,5124,256,0,0,NaN,0,NaN,0.0,1.0000000022700988,
5,20,TWO_STAGE_RH,LEXMMFSA,shared_battery_mode_node_level_v1,SI-Drahi_13-d2-HET-UHI-BLO-15dd2f4a2b,TK-PB-Drahi_13-d2-HET-UHI-e201b86fbb-r5,SS-ced84ca7a4eb,17,5,lex_phase_5,OPTIMAL,FEASIBLE_POINT,235038.90038460796,235038.90038460796,0,163998,163998,251386,711043,5124,0,5124,25620,5124,256,0,0,NaN,0,NaN,0.0,1.0000000022700988,
5,20,TWO_STAGE_RH,LEXMMFSA,shared_battery_mode_node_level_v1,SI-Drahi_13-d2-HET-UHI-BLO-15dd2f4a2b,TK-PB-Drahi_13-d2-HET-UHI-e201b86fbb-r5,SS-ced84ca7a4eb,17,6,economic_tie_break,OPTIMAL,FEASIBLE_POINT,784564.1845879245,784564.1845879245,0,163998,163998,251387,711049,5124,0,5124,25620,5124,256,0,0,NaN,0,NaN,0.0,1.0000000022700988,
5,21,TWO_STAGE_RH,LEXMMFSA,shared_battery_mode_node_level_v1,SI-Drahi_13-d2-HET-UHI-BLO-15dd2f4a2b,TK-PB-Drahi_13-d2-HET-UHI-e201b86fbb-r5,SS-fec72d83146f,21,1,lex_phase_1,OPTIMAL,FEASIBLE_POINT,42476.753535306496,42476.753535306496,0,163998,163998,251382,713574,5124,0,5124,25620,5124,256,0,0,NaN,0,NaN,0.0,0.9999999996362021,
5,21,TWO_STAGE_RH,LEXMMFSA,shared_battery_mode_node_level_v1,SI-Drahi_13-d2-HET-UHI-BLO-15dd2f4a2b,TK-PB-Drahi_13-d2-HET-UHI-e201b86fbb-r5,SS-fec72d83146f,21,2,lex_phase_2,OPTIMAL,FEASIBLE_POINT,84953.5070706098,84953.5070706098,0,163998,163998,251383,713580,5124,0,5124,25620,5124,256,0,0,NaN,0,NaN,0.0,0.9999999996362021,
5,21,TWO_STAGE_RH,LEXMMFSA,shared_battery_mode_node_level_v1,SI-Drahi_13-d2-HET-UHI-BLO-15dd2f4a2b,TK-PB-Drahi_13-d2-HET-UHI-e201b86fbb-r5,SS-fec72d83146f,21,3,lex_phase_3,OPTIMAL,FEASIBLE_POINT,127443.20127255874,127443.20127255874,0,163998,163998,251384,713586,5124,0,5124,25620,5124,256,0,0,NaN,0,NaN,0.0,0.9999999996362021,
5,21,TWO_STAGE_RH,LEXMMFSA,shared_battery_mode_node_level_v1,SI-Drahi_13-d2-HET-UHI-BLO-15dd2f4a2b,TK-PB-Drahi_13-d2-HET-UHI-e201b86fbb-r5,SS-fec72d83146f,21,4,lex_phase_4,OPTIMAL,FEASIBLE_POINT,169933.89547451065,169933.89547451065,0,163998,163998,251385,713592,5124,0,5124,25620,5124,256,0,0,NaN,0,NaN,0.0,0.9999999996362021,
5,21,TWO_STAGE_RH,LEXMMFSA,shared_battery_mode_node_level_v1,SI-Drahi_13-d2-HET-UHI-BLO-15dd2f4a2b,TK-PB-Drahi_13-d2-HET-UHI-e201b86fbb-r5,SS-fec72d83146f,21,5,lex_phase_5,OPTIMAL,FEASIBLE_POINT,212424.58967648618,212424.58967648618,0,163998,163998,251386,713598,5124,0,5124,25620,5124,256,0,0,NaN,0,NaN,0.0,0.9999999996362021,
5,21,TWO_STAGE_RH,LEXMMFSA,shared_battery_mode_node_level_v1,SI-Drahi_13-d2-HET-UHI-BLO-15dd2f4a2b,TK-PB-Drahi_13-d2-HET-UHI-e201b86fbb-r5,SS-fec72d83146f,21,6,economic_tie_break,OPTIMAL,FEASIBLE_POINT,831095.4064677688,831095.4064677688,0,163998,163998,251387,713604,5124,0,5124,25620,5124,256,0,0,NaN,0,NaN,0.0,0.9999999996362021,
5,22,TWO_STAGE_RH,LEXMMFSA,shared_battery_mode_node_level_v1,SI-Drahi_13-d2-HET-UHI-BLO-15dd2f4a2b,TK-PB-Drahi_13-d2-HET-UHI-e201b86fbb-r5,SS-fec72d83146f,21,1,lex_phase_1,OPTIMAL,FEASIBLE_POINT,42476.753535306496,42476.753535306496,0,163998,163998,251382,713574,5124,0,5124,25620,5124,256,0,0,NaN,0,NaN,0.0,0.9999999996362021,
5,22,TWO_STAGE_RH,LEXMMFSA,shared_battery_mode_node_level_v1,SI-Drahi_13-d2-HET-UHI-BLO-15dd2f4a2b,TK-PB-Drahi_13-d2-HET-UHI-e201b86fbb-r5,SS-fec72d83146f,21,2,lex_phase_2,OPTIMAL,FEASIBLE_POINT,84953.5070706098,84953.5070706098,0,163998,163998,251383,713580,5124,0,5124,25620,5124,256,0,0,NaN,0,NaN,0.0,0.9999999996362021,
5,22,TWO_STAGE_RH,LEXMMFSA,shared_battery_mode_node_level_v1,SI-Drahi_13-d2-HET-UHI-BLO-15dd2f4a2b,TK-PB-Drahi_13-d2-HET-UHI-e201b86fbb-r5,SS-fec72d83146f,21,3,lex_phase_3,OPTIMAL,FEASIBLE_POINT,127443.20127255874,127443.20127255874,0,163998,163998,251384,713586,5124,0,5124,25620,5124,256,0,0,NaN,0,NaN,0.0,0.9999999996362021,
5,22,TWO_STAGE_RH,LEXMMFSA,shared_battery_mode_node_level_v1,SI-Drahi_13-d2-HET-UHI-BLO-15dd2f4a2b,TK-PB-Drahi_13-d2-HET-UHI-e201b86fbb-r5,SS-fec72d83146f,21,4,lex_phase_4,OPTIMAL,FEASIBLE_POINT,169933.89547451065,169933.89547451065,0,163998,163998,251385,713592,5124,0,5124,25620,5124,256,0,0,NaN,0,NaN,0.0,0.9999999996362021,
5,22,TWO_STAGE_RH,LEXMMFSA,shared_battery_mode_node_level_v1,SI-Drahi_13-d2-HET-UHI-BLO-15dd2f4a2b,TK-PB-Drahi_13-d2-HET-UHI-e201b86fbb-r5,SS-fec72d83146f,21,5,lex_phase_5,OPTIMAL,FEASIBLE_POINT,212424.58967648618,212424.58967648618,0,163998,163998,251386,713598,5124,0,5124,25620,5124,256,0,0,NaN,0,NaN,0.0,0.9999999996362021,
5,22,TWO_STAGE_RH,LEXMMFSA,shared_battery_mode_node_level_v1,SI-Drahi_13-d2-HET-UHI-BLO-15dd2f4a2b,TK-PB-Drahi_13-d2-HET-UHI-e201b86fbb-r5,SS-fec72d83146f,21,6,economic_tie_break,OPTIMAL,FEASIBLE_POINT,831095.4064677688,831095.4064677688,0,163998,163998,251387,713604,5124,0,5124,25620,5124,256,0,0,NaN,0,NaN,0.0,0.9999999996362021,
5,23,TWO_STAGE_RH,LEXMMFSA,shared_battery_mode_node_level_v1,SI-Drahi_13-d2-HET-UHI-BLO-15dd2f4a2b,TK-PB-Drahi_13-d2-HET-UHI-e201b86fbb-r5,SS-fec72d83146f,21,1,lex_phase_1,OPTIMAL,FEASIBLE_POINT,42476.753535306496,42476.753535306496,0,163998,163998,251382,713574,5124,0,5124,25620,5124,256,0,0,NaN,0,NaN,0.0,0.9999999996362021,
5,23,TWO_STAGE_RH,LEXMMFSA,shared_battery_mode_node_level_v1,SI-Drahi_13-d2-HET-UHI-BLO-15dd2f4a2b,TK-PB-Drahi_13-d2-HET-UHI-e201b86fbb-r5,SS-fec72d83146f,21,2,lex_phase_2,OPTIMAL,FEASIBLE_POINT,84953.5070706098,84953.5070706098,0,163998,163998,251383,713580,5124,0,5124,25620,5124,256,0,0,NaN,0,NaN,0.0,0.9999999996362021,
5,23,TWO_STAGE_RH,LEXMMFSA,shared_battery_mode_node_level_v1,SI-Drahi_13-d2-HET-UHI-BLO-15dd2f4a2b,TK-PB-Drahi_13-d2-HET-UHI-e201b86fbb-r5,SS-fec72d83146f,21,3,lex_phase_3,OPTIMAL,FEASIBLE_POINT,127443.20127255874,127443.20127255874,0,163998,163998,251384,713586,5124,0,5124,25620,5124,256,0,0,NaN,0,NaN,0.0,0.9999999996362021,
5,23,TWO_STAGE_RH,LEXMMFSA,shared_battery_mode_node_level_v1,SI-Drahi_13-d2-HET-UHI-BLO-15dd2f4a2b,TK-PB-Drahi_13-d2-HET-UHI-e201b86fbb-r5,SS-fec72d83146f,21,4,lex_phase_4,OPTIMAL,FEASIBLE_POINT,169933.89547451065,169933.89547451065,0,163998,163998,251385,713592,5124,0,5124,25620,5124,256,0,0,NaN,0,NaN,0.0,0.9999999996362021,
5,23,TWO_STAGE_RH,LEXMMFSA,shared_battery_mode_node_level_v1,SI-Drahi_13-d2-HET-UHI-BLO-15dd2f4a2b,TK-PB-Drahi_13-d2-HET-UHI-e201b86fbb-r5,SS-fec72d83146f,21,5,lex_phase_5,OPTIMAL,FEASIBLE_POINT,212424.58967648618,212424.58967648618,0,163998,163998,251386,713598,5124,0,5124,25620,5124,256,0,0,NaN,0,NaN,0.0,0.9999999996362021,
5,23,TWO_STAGE_RH,LEXMMFSA,shared_battery_mode_node_level_v1,SI-Drahi_13-d2-HET-UHI-BLO-15dd2f4a2b,TK-PB-Drahi_13-d2-HET-UHI-e201b86fbb-r5,SS-fec72d83146f,21,6,economic_tie_break,OPTIMAL,FEASIBLE_POINT,831095.4064677688,831095.4064677688,0,163998,163998,251387,713604,5124,0,5124,25620,5124,256,0,0,NaN,0,NaN,0.0,0.9999999996362021,
5,24,TWO_STAGE_RH,LEXMMFSA,shared_battery_mode_node_level_v1,SI-Drahi_13-d2-HET-UHI-BLO-15dd2f4a2b,TK-PB-Drahi_13-d2-HET-UHI-e201b86fbb-r5,SS-fec72d83146f,21,1,lex_phase_1,OPTIMAL,FEASIBLE_POINT,42476.753535306496,42476.753535306496,0,163998,163998,251382,713574,5124,0,5124,25620,5124,256,0,0,NaN,0,NaN,0.0,0.9999999996362021,
5,24,TWO_STAGE_RH,LEXMMFSA,shared_battery_mode_node_level_v1,SI-Drahi_13-d2-HET-UHI-BLO-15dd2f4a2b,TK-PB-Drahi_13-d2-HET-UHI-e201b86fbb-r5,SS-fec72d83146f,21,2,lex_phase_2,OPTIMAL,FEASIBLE_POINT,84953.5070706098,84953.5070706098,0,163998,163998,251383,713580,5124,0,5124,25620,5124,256,0,0,NaN,0,NaN,0.0,0.9999999996362021,
5,24,TWO_STAGE_RH,LEXMMFSA,shared_battery_mode_node_level_v1,SI-Drahi_13-d2-HET-UHI-BLO-15dd2f4a2b,TK-PB-Drahi_13-d2-HET-UHI-e201b86fbb-r5,SS-fec72d83146f,21,3,lex_phase_3,OPTIMAL,FEASIBLE_POINT,127443.20127255874,127443.20127255874,0,163998,163998,251384,713586,5124,0,5124,25620,5124,256,0,0,NaN,0,NaN,0.0,0.9999999996362021,
5,24,TWO_STAGE_RH,LEXMMFSA,shared_battery_mode_node_level_v1,SI-Drahi_13-d2-HET-UHI-BLO-15dd2f4a2b,TK-PB-Drahi_13-d2-HET-UHI-e201b86fbb-r5,SS-fec72d83146f,21,4,lex_phase_4,OPTIMAL,FEASIBLE_POINT,169933.89547451065,169933.89547451065,0,163998,163998,251385,713592,5124,0,5124,25620,5124,256,0,0,NaN,0,NaN,0.0,0.9999999996362021,
5,24,TWO_STAGE_RH,LEXMMFSA,shared_battery_mode_node_level_v1,SI-Drahi_13-d2-HET-UHI-BLO-15dd2f4a2b,TK-PB-Drahi_13-d2-HET-UHI-e201b86fbb-r5,SS-fec72d83146f,21,5,lex_phase_5,OPTIMAL,FEASIBLE_POINT,212424.58967648618,212424.58967648618,0,163998,163998,251386,713598,5124,0,5124,25620,5124,256,0,0,NaN,0,NaN,0.0,0.9999999996362021,
5,24,TWO_STAGE_RH,LEXMMFSA,shared_battery_mode_node_level_v1,SI-Drahi_13-d2-HET-UHI-BLO-15dd2f4a2b,TK-PB-Drahi_13-d2-HET-UHI-e201b86fbb-r5,SS-fec72d83146f,21,6,economic_tie_break,OPTIMAL,FEASIBLE_POINT,831095.4064677688,831095.4064677688,0,163998,163998,251387,713604,5124,0,5124,25620,5124,256,0,0,NaN,0,NaN,0.0,0.9999999996362021,
5,1,TWO_STAGE_RH,NONE,shared_battery_mode_node_level_v1,SI-Drahi_13-d2-HET-UHI-BLO-15dd2f4a2b,TK-PB-Drahi_13-d2-HET-UHI-e201b86fbb-r5,SS-b6fde45dba3b,1,0,single_solve,OPTIMAL,FEASIBLE_POINT,457357.88544102426,457357.88544102426,0,163968,163968,251332,331589,5124,0,5124,25620,5124,256,0,0,NaN,0,NaN,0.0,0.0,
5,2,TWO_STAGE_RH,NONE,shared_battery_mode_node_level_v1,SI-Drahi_13-d2-HET-UHI-BLO-15dd2f4a2b,TK-PB-Drahi_13-d2-HET-UHI-e201b86fbb-r5,SS-b6fde45dba3b,1,0,single_solve,OPTIMAL,FEASIBLE_POINT,457357.88544102426,457357.88544102426,0,163968,163968,251332,331589,5124,0,5124,25620,5124,256,0,0,NaN,0,NaN,0.0,0.0,
5,3,TWO_STAGE_RH,NONE,shared_battery_mode_node_level_v1,SI-Drahi_13-d2-HET-UHI-BLO-15dd2f4a2b,TK-PB-Drahi_13-d2-HET-UHI-e201b86fbb-r5,SS-b6fde45dba3b,1,0,single_solve,OPTIMAL,FEASIBLE_POINT,457357.88544102426,457357.88544102426,0,163968,163968,251332,331589,5124,0,5124,25620,5124,256,0,0,NaN,0,NaN,0.0,0.0,
5,4,TWO_STAGE_RH,NONE,shared_battery_mode_node_level_v1,SI-Drahi_13-d2-HET-UHI-BLO-15dd2f4a2b,TK-PB-Drahi_13-d2-HET-UHI-e201b86fbb-r5,SS-b6fde45dba3b,1,0,single_solve,OPTIMAL,FEASIBLE_POINT,457357.88544102426,457357.88544102426,0,163968,163968,251332,331589,5124,0,5124,25620,5124,256,0,0,NaN,0,NaN,0.09750000000000003,0.0,
5,5,TWO_STAGE_RH,NONE,shared_battery_mode_node_level_v1,SI-Drahi_13-d2-HET-UHI-BLO-15dd2f4a2b,TK-PB-Drahi_13-d2-HET-UHI-e201b86fbb-r5,SS-59c6d7df9164,5,0,single_solve,OPTIMAL,FEASIBLE_POINT,602513.6032839047,602513.6032839047,0,163968,163968,251332,324139,5124,0,5124,25620,5124,256,0,0,NaN,0,NaN,0.0,0.0,
5,6,TWO_STAGE_RH,NONE,shared_battery_mode_node_level_v1,SI-Drahi_13-d2-HET-UHI-BLO-15dd2f4a2b,TK-PB-Drahi_13-d2-HET-UHI-e201b86fbb-r5,SS-59c6d7df9164,5,0,single_solve,OPTIMAL,FEASIBLE_POINT,602513.6032839047,602513.6032839047,0,163968,163968,251332,324139,5124,0,5124,25620,5124,256,0,0,NaN,0,NaN,1.4210854715202004e-14,0.0,
5,7,TWO_STAGE_RH,NONE,shared_battery_mode_node_level_v1,SI-Drahi_13-d2-HET-UHI-BLO-15dd2f4a2b,TK-PB-Drahi_13-d2-HET-UHI-e201b86fbb-r5,SS-59c6d7df9164,5,0,single_solve,OPTIMAL,FEASIBLE_POINT,602513.6032839047,602513.6032839047,0,163968,163968,251332,324139,5124,0,5124,25620,5124,256,0,0,NaN,0,NaN,1.7763568394002505e-15,0.0,
5,8,TWO_STAGE_RH,NONE,shared_battery_mode_node_level_v1,SI-Drahi_13-d2-HET-UHI-BLO-15dd2f4a2b,TK-PB-Drahi_13-d2-HET-UHI-e201b86fbb-r5,SS-59c6d7df9164,5,0,single_solve,OPTIMAL,FEASIBLE_POINT,602513.6032839047,602513.6032839047,0,163968,163968,251332,324139,5124,0,5124,25620,5124,256,0,0,NaN,0,NaN,1.7763568394002505e-15,0.0,
5,9,TWO_STAGE_RH,NONE,shared_battery_mode_node_level_v1,SI-Drahi_13-d2-HET-UHI-BLO-15dd2f4a2b,TK-PB-Drahi_13-d2-HET-UHI-e201b86fbb-r5,SS-baeb7d556d60,9,0,single_solve,OPTIMAL,FEASIBLE_POINT,427486.7477749905,427486.7477749905,0,163968,163968,251332,326419,5124,0,5124,25620,5124,256,0,0,NaN,0,NaN,1.4210854715202004e-14,0.0,
5,10,TWO_STAGE_RH,NONE,shared_battery_mode_node_level_v1,SI-Drahi_13-d2-HET-UHI-BLO-15dd2f4a2b,TK-PB-Drahi_13-d2-HET-UHI-e201b86fbb-r5,SS-baeb7d556d60,9,0,single_solve,OPTIMAL,FEASIBLE_POINT,427486.7477749905,427486.7477749905,0,163968,163968,251332,326419,5124,0,5124,25620,5124,256,0,0,NaN,0,NaN,1.4210854715202004e-14,0.0,
5,11,TWO_STAGE_RH,NONE,shared_battery_mode_node_level_v1,SI-Drahi_13-d2-HET-UHI-BLO-15dd2f4a2b,TK-PB-Drahi_13-d2-HET-UHI-e201b86fbb-r5,SS-baeb7d556d60,9,0,single_solve,OPTIMAL,FEASIBLE_POINT,427486.7477749905,427486.7477749905,0,163968,163968,251332,326419,5124,0,5124,25620,5124,256,0,0,NaN,0,NaN,0.0,0.0,
5,12,TWO_STAGE_RH,NONE,shared_battery_mode_node_level_v1,SI-Drahi_13-d2-HET-UHI-BLO-15dd2f4a2b,TK-PB-Drahi_13-d2-HET-UHI-e201b86fbb-r5,SS-baeb7d556d60,9,0,single_solve,OPTIMAL,FEASIBLE_POINT,427486.7477749905,427486.7477749905,0,163968,163968,251332,326419,5124,0,5124,25620,5124,256,0,0,NaN,0,NaN,2.842170943040401e-14,0.0,
5,13,TWO_STAGE_RH,NONE,shared_battery_mode_node_level_v1,SI-Drahi_13-d2-HET-UHI-BLO-15dd2f4a2b,TK-PB-Drahi_13-d2-HET-UHI-e201b86fbb-r5,SS-784512b1c103,13,0,single_solve,OPTIMAL,FEASIBLE_POINT,470431.66879654024,470431.66879654024,0,163968,163968,251332,325689,5124,0,5124,25620,5124,256,0,0,NaN,0,NaN,0.0,0.0,
5,14,TWO_STAGE_RH,NONE,shared_battery_mode_node_level_v1,SI-Drahi_13-d2-HET-UHI-BLO-15dd2f4a2b,TK-PB-Drahi_13-d2-HET-UHI-e201b86fbb-r5,SS-784512b1c103,13,0,single_solve,OPTIMAL,FEASIBLE_POINT,470431.66879654024,470431.66879654024,0,163968,163968,251332,325689,5124,0,5124,25620,5124,256,0,0,NaN,0,NaN,0.0,0.0,
5,15,TWO_STAGE_RH,NONE,shared_battery_mode_node_level_v1,SI-Drahi_13-d2-HET-UHI-BLO-15dd2f4a2b,TK-PB-Drahi_13-d2-HET-UHI-e201b86fbb-r5,SS-784512b1c103,13,0,single_solve,OPTIMAL,FEASIBLE_POINT,470431.66879654024,470431.66879654024,0,163968,163968,251332,325689,5124,0,5124,25620,5124,256,0,0,NaN,0,NaN,2.842170943040401e-14,0.0,
5,16,TWO_STAGE_RH,NONE,shared_battery_mode_node_level_v1,SI-Drahi_13-d2-HET-UHI-BLO-15dd2f4a2b,TK-PB-Drahi_13-d2-HET-UHI-e201b86fbb-r5,SS-784512b1c103,13,0,single_solve,OPTIMAL,FEASIBLE_POINT,470431.66879654024,470431.66879654024,0,163968,163968,251332,325689,5124,0,5124,25620,5124,256,0,0,NaN,0,NaN,0.0,0.0,
5,17,TWO_STAGE_RH,NONE,shared_battery_mode_node_level_v1,SI-Drahi_13-d2-HET-UHI-BLO-15dd2f4a2b,TK-PB-Drahi_13-d2-HET-UHI-e201b86fbb-r5,SS-ced84ca7a4eb,17,0,single_solve,OPTIMAL,FEASIBLE_POINT,484737.56896541116,484737.56896541116,0,163968,163968,251332,326669,5124,0,5124,25620,5124,256,0,0,NaN,0,NaN,0.0,0.0,
5,18,TWO_STAGE_RH,NONE,shared_battery_mode_node_level_v1,SI-Drahi_13-d2-HET-UHI-BLO-15dd2f4a2b,TK-PB-Drahi_13-d2-HET-UHI-e201b86fbb-r5,SS-ced84ca7a4eb,17,0,single_solve,OPTIMAL,FEASIBLE_POINT,484737.56896541116,484737.56896541116,0,163968,163968,251332,326669,5124,0,5124,25620,5124,256,0,0,NaN,0,NaN,0.0,0.0,
5,19,TWO_STAGE_RH,NONE,shared_battery_mode_node_level_v1,SI-Drahi_13-d2-HET-UHI-BLO-15dd2f4a2b,TK-PB-Drahi_13-d2-HET-UHI-e201b86fbb-r5,SS-ced84ca7a4eb,17,0,single_solve,OPTIMAL,FEASIBLE_POINT,484737.56896541116,484737.56896541116,0,163968,163968,251332,326669,5124,0,5124,25620,5124,256,0,0,NaN,0,NaN,0.0,0.0,
5,20,TWO_STAGE_RH,NONE,shared_battery_mode_node_level_v1,SI-Drahi_13-d2-HET-UHI-BLO-15dd2f4a2b,TK-PB-Drahi_13-d2-HET-UHI-e201b86fbb-r5,SS-ced84ca7a4eb,17,0,single_solve,OPTIMAL,FEASIBLE_POINT,484737.56896541116,484737.56896541116,0,163968,163968,251332,326669,5124,0,5124,25620,5124,256,0,0,NaN,0,NaN,0.0,0.0,
5,21,TWO_STAGE_RH,NONE,shared_battery_mode_node_level_v1,SI-Drahi_13-d2-HET-UHI-BLO-15dd2f4a2b,TK-PB-Drahi_13-d2-HET-UHI-e201b86fbb-r5,SS-fec72d83146f,21,0,single_solve,OPTIMAL,FEASIBLE_POINT,526339.2392336379,526339.2392336379,0,163968,163968,251332,329224,5124,0,5124,25620,5124,256,0,0,NaN,0,NaN,0.0,0.0,
5,22,TWO_STAGE_RH,NONE,shared_battery_mode_node_level_v1,SI-Drahi_13-d2-HET-UHI-BLO-15dd2f4a2b,TK-PB-Drahi_13-d2-HET-UHI-e201b86fbb-r5,SS-fec72d83146f,21,0,single_solve,OPTIMAL,FEASIBLE_POINT,526339.2392336379,526339.2392336379,0,163968,163968,251332,329224,5124,0,5124,25620,5124,256,0,0,NaN,0,NaN,0.0,0.0,
5,23,TWO_STAGE_RH,NONE,shared_battery_mode_node_level_v1,SI-Drahi_13-d2-HET-UHI-BLO-15dd2f4a2b,TK-PB-Drahi_13-d2-HET-UHI-e201b86fbb-r5,SS-fec72d83146f,21,0,single_solve,OPTIMAL,FEASIBLE_POINT,526339.2392336379,526339.2392336379,0,163968,163968,251332,329224,5124,0,5124,25620,5124,256,0,0,NaN,0,NaN,0.0,0.0,
5,24,TWO_STAGE_RH,NONE,shared_battery_mode_node_level_v1,SI-Drahi_13-d2-HET-UHI-BLO-15dd2f4a2b,TK-PB-Drahi_13-d2-HET-UHI-e201b86fbb-r5,SS-fec72d83146f,21,0,single_solve,OPTIMAL,FEASIBLE_POINT,526339.2392336379,526339.2392336379,0,163968,163968,251332,329224,5124,0,5124,25620,5124,256,0,0,NaN,0,NaN,0.0,0.0,
5,1,TWO_STAGE_RH,PEA,shared_battery_mode_node_level_v1,SI-Drahi_13-d2-HET-UHI-BLO-15dd2f4a2b,TK-PB-Drahi_13-d2-HET-UHI-e201b86fbb-r5,SS-b6fde45dba3b,1,0,single_solve,OPTIMAL,FEASIBLE_POINT,583294.813406309,583294.813406309,0,163968,163968,251337,357209,5124,0,5124,25620,5124,256,0,0,NaN,0,NaN,0.0,3.637978807091713e-12,
5,2,TWO_STAGE_RH,PEA,shared_battery_mode_node_level_v1,SI-Drahi_13-d2-HET-UHI-BLO-15dd2f4a2b,TK-PB-Drahi_13-d2-HET-UHI-e201b86fbb-r5,SS-b6fde45dba3b,1,0,single_solve,OPTIMAL,FEASIBLE_POINT,583294.813406309,583294.813406309,0,163968,163968,251337,357209,5124,0,5124,25620,5124,256,0,0,NaN,0,NaN,0.0,3.637978807091713e-12,
5,3,TWO_STAGE_RH,PEA,shared_battery_mode_node_level_v1,SI-Drahi_13-d2-HET-UHI-BLO-15dd2f4a2b,TK-PB-Drahi_13-d2-HET-UHI-e201b86fbb-r5,SS-b6fde45dba3b,1,0,single_solve,OPTIMAL,FEASIBLE_POINT,583294.813406309,583294.813406309,0,163968,163968,251337,357209,5124,0,5124,25620,5124,256,0,0,NaN,0,NaN,0.0,3.637978807091713e-12,
5,4,TWO_STAGE_RH,PEA,shared_battery_mode_node_level_v1,SI-Drahi_13-d2-HET-UHI-BLO-15dd2f4a2b,TK-PB-Drahi_13-d2-HET-UHI-e201b86fbb-r5,SS-b6fde45dba3b,1,0,single_solve,OPTIMAL,FEASIBLE_POINT,583294.813406309,583294.813406309,0,163968,163968,251337,357209,5124,0,5124,25620,5124,256,0,0,NaN,0,NaN,0.09750000000000003,3.637978807091713e-12,
5,5,TWO_STAGE_RH,PEA,shared_battery_mode_node_level_v1,SI-Drahi_13-d2-HET-UHI-BLO-15dd2f4a2b,TK-PB-Drahi_13-d2-HET-UHI-e201b86fbb-r5,SS-59c6d7df9164,5,0,single_solve,OPTIMAL,FEASIBLE_POINT,662283.0682851512,662283.0682851512,0,163968,163968,251337,349759,5124,0,5124,25620,5124,256,0,0,NaN,0,NaN,0.0,2.5295321393059567e-12,
5,6,TWO_STAGE_RH,PEA,shared_battery_mode_node_level_v1,SI-Drahi_13-d2-HET-UHI-BLO-15dd2f4a2b,TK-PB-Drahi_13-d2-HET-UHI-e201b86fbb-r5,SS-59c6d7df9164,5,0,single_solve,OPTIMAL,FEASIBLE_POINT,662283.0682851512,662283.0682851512,0,163968,163968,251337,349759,5124,0,5124,25620,5124,256,0,0,NaN,0,NaN,0.09750000000000014,2.5295321393059567e-12,
5,7,TWO_STAGE_RH,PEA,shared_battery_mode_node_level_v1,SI-Drahi_13-d2-HET-UHI-BLO-15dd2f4a2b,TK-PB-Drahi_13-d2-HET-UHI-e201b86fbb-r5,SS-59c6d7df9164,5,0,single_solve,OPTIMAL,FEASIBLE_POINT,662283.0682851512,662283.0682851512,0,163968,163968,251337,349759,5124,0,5124,25620,5124,256,0,0,NaN,0,NaN,1.6653345369377348e-16,2.5295321393059567e-12,
5,8,TWO_STAGE_RH,PEA,shared_battery_mode_node_level_v1,SI-Drahi_13-d2-HET-UHI-BLO-15dd2f4a2b,TK-PB-Drahi_13-d2-HET-UHI-e201b86fbb-r5,SS-59c6d7df9164,5,0,single_solve,OPTIMAL,FEASIBLE_POINT,662283.0682851512,662283.0682851512,0,163968,163968,251337,349759,5124,0,5124,25620,5124,256,0,0,NaN,0,NaN,1.6653345369377348e-16,2.5295321393059567e-12,
5,9,TWO_STAGE_RH,PEA,shared_battery_mode_node_level_v1,SI-Drahi_13-d2-HET-UHI-BLO-15dd2f4a2b,TK-PB-Drahi_13-d2-HET-UHI-e201b86fbb-r5,SS-baeb7d556d60,9,0,single_solve,OPTIMAL,FEASIBLE_POINT,614992.8207168148,614992.8207168148,0,163968,163968,251337,352039,5124,0,5124,25620,5124,256,0,0,NaN,0,NaN,0.6433452194975366,8.753886504564434e-12,
5,10,TWO_STAGE_RH,PEA,shared_battery_mode_node_level_v1,SI-Drahi_13-d2-HET-UHI-BLO-15dd2f4a2b,TK-PB-Drahi_13-d2-HET-UHI-e201b86fbb-r5,SS-baeb7d556d60,9,0,single_solve,OPTIMAL,FEASIBLE_POINT,614992.8207168148,614992.8207168148,0,163968,163968,251337,352039,5124,0,5124,25620,5124,256,0,0,NaN,0,NaN,4.0,8.753886504564434e-12,
5,11,TWO_STAGE_RH,PEA,shared_battery_mode_node_level_v1,SI-Drahi_13-d2-HET-UHI-BLO-15dd2f4a2b,TK-PB-Drahi_13-d2-HET-UHI-e201b86fbb-r5,SS-baeb7d556d60,9,0,single_solve,OPTIMAL,FEASIBLE_POINT,614992.8207168148,614992.8207168148,0,163968,163968,251337,352039,5124,0,5124,25620,5124,256,0,0,NaN,0,NaN,1.7763568394002505e-15,8.753886504564434e-12,
5,12,TWO_STAGE_RH,PEA,shared_battery_mode_node_level_v1,SI-Drahi_13-d2-HET-UHI-BLO-15dd2f4a2b,TK-PB-Drahi_13-d2-HET-UHI-e201b86fbb-r5,SS-baeb7d556d60,9,0,single_solve,OPTIMAL,FEASIBLE_POINT,614992.8207168148,614992.8207168148,0,163968,163968,251337,352039,5124,0,5124,25620,5124,256,0,0,NaN,0,NaN,0.0,8.753886504564434e-12,
5,13,TWO_STAGE_RH,PEA,shared_battery_mode_node_level_v1,SI-Drahi_13-d2-HET-UHI-BLO-15dd2f4a2b,TK-PB-Drahi_13-d2-HET-UHI-e201b86fbb-r5,SS-784512b1c103,13,0,single_solve,OPTIMAL,FEASIBLE_POINT,582386.8046728908,582386.8046728908,0,163968,163968,251337,351309,5124,0,5124,25620,5124,256,0,0,NaN,0,NaN,0.0,6.0254023992456496e-12,
5,14,TWO_STAGE_RH,PEA,shared_battery_mode_node_level_v1,SI-Drahi_13-d2-HET-UHI-BLO-15dd2f4a2b,TK-PB-Drahi_13-d2-HET-UHI-e201b86fbb-r5,SS-784512b1c103,13,0,single_solve,OPTIMAL,FEASIBLE_POINT,582386.8046728908,582386.8046728908,0,163968,163968,251337,351309,5124,0,5124,25620,5124,256,0,0,NaN,0,NaN,1.9127276110875204,6.0254023992456496e-12,
5,15,TWO_STAGE_RH,PEA,shared_battery_mode_node_level_v1,SI-Drahi_13-d2-HET-UHI-BLO-15dd2f4a2b,TK-PB-Drahi_13-d2-HET-UHI-e201b86fbb-r5,SS-784512b1c103,13,0,single_solve,OPTIMAL,FEASIBLE_POINT,582386.8046728908,582386.8046728908,0,163968,163968,251337,351309,5124,0,5124,25620,5124,256,0,0,NaN,0,NaN,3.9999999999999716,6.0254023992456496e-12,
5,16,TWO_STAGE_RH,PEA,shared_battery_mode_node_level_v1,SI-Drahi_13-d2-HET-UHI-BLO-15dd2f4a2b,TK-PB-Drahi_13-d2-HET-UHI-e201b86fbb-r5,SS-784512b1c103,13,0,single_solve,OPTIMAL,FEASIBLE_POINT,582386.8046728908,582386.8046728908,0,163968,163968,251337,351309,5124,0,5124,25620,5124,256,0,0,NaN,0,NaN,1.4210854715202004e-14,6.0254023992456496e-12,
5,17,TWO_STAGE_RH,PEA,shared_battery_mode_node_level_v1,SI-Drahi_13-d2-HET-UHI-BLO-15dd2f4a2b,TK-PB-Drahi_13-d2-HET-UHI-e201b86fbb-r5,SS-ced84ca7a4eb,17,0,single_solve,OPTIMAL,FEASIBLE_POINT,539947.1588180698,539947.1588180698,0,163968,163968,251337,352289,5124,0,5124,25620,5124,256,0,0,NaN,0,NaN,0.0,3.410605131648481e-13,
5,18,TWO_STAGE_RH,PEA,shared_battery_mode_node_level_v1,SI-Drahi_13-d2-HET-UHI-BLO-15dd2f4a2b,TK-PB-Drahi_13-d2-HET-UHI-e201b86fbb-r5,SS-ced84ca7a4eb,17,0,single_solve,OPTIMAL,FEASIBLE_POINT,539947.1588180698,539947.1588180698,0,163968,163968,251337,352289,5124,0,5124,25620,5124,256,0,0,NaN,0,NaN,0.0,3.410605131648481e-13,
5,19,TWO_STAGE_RH,PEA,shared_battery_mode_node_level_v1,SI-Drahi_13-d2-HET-UHI-BLO-15dd2f4a2b,TK-PB-Drahi_13-d2-HET-UHI-e201b86fbb-r5,SS-ced84ca7a4eb,17,0,single_solve,OPTIMAL,FEASIBLE_POINT,539947.1588180698,539947.1588180698,0,163968,163968,251337,352289,5124,0,5124,25620,5124,256,0,0,NaN,0,NaN,0.0,3.410605131648481e-13,
5,20,TWO_STAGE_RH,PEA,shared_battery_mode_node_level_v1,SI-Drahi_13-d2-HET-UHI-BLO-15dd2f4a2b,TK-PB-Drahi_13-d2-HET-UHI-e201b86fbb-r5,SS-ced84ca7a4eb,17,0,single_solve,OPTIMAL,FEASIBLE_POINT,539947.1588180698,539947.1588180698,0,163968,163968,251337,352289,5124,0,5124,25620,5124,256,0,0,NaN,0,NaN,0.0,3.410605131648481e-13,
5,21,TWO_STAGE_RH,PEA,shared_battery_mode_node_level_v1,SI-Drahi_13-d2-HET-UHI-BLO-15dd2f4a2b,TK-PB-Drahi_13-d2-HET-UHI-e201b86fbb-r5,SS-fec72d83146f,21,0,single_solve,OPTIMAL,FEASIBLE_POINT,574512.0066247344,574512.0066247344,0,163968,163968,251337,354844,5124,0,5124,25620,5124,256,0,0,NaN,0,NaN,0.0,2.1600499167107046e-12,
5,22,TWO_STAGE_RH,PEA,shared_battery_mode_node_level_v1,SI-Drahi_13-d2-HET-UHI-BLO-15dd2f4a2b,TK-PB-Drahi_13-d2-HET-UHI-e201b86fbb-r5,SS-fec72d83146f,21,0,single_solve,OPTIMAL,FEASIBLE_POINT,574512.0066247344,574512.0066247344,0,163968,163968,251337,354844,5124,0,5124,25620,5124,256,0,0,NaN,0,NaN,1.7763568394002505e-15,2.1600499167107046e-12,
5,23,TWO_STAGE_RH,PEA,shared_battery_mode_node_level_v1,SI-Drahi_13-d2-HET-UHI-BLO-15dd2f4a2b,TK-PB-Drahi_13-d2-HET-UHI-e201b86fbb-r5,SS-fec72d83146f,21,0,single_solve,OPTIMAL,FEASIBLE_POINT,574512.0066247344,574512.0066247344,0,163968,163968,251337,354844,5124,0,5124,25620,5124,256,0,0,NaN,0,NaN,1.7763568394002505e-15,2.1600499167107046e-12,
5,24,TWO_STAGE_RH,PEA,shared_battery_mode_node_level_v1,SI-Drahi_13-d2-HET-UHI-BLO-15dd2f4a2b,TK-PB-Drahi_13-d2-HET-UHI-e201b86fbb-r5,SS-fec72d83146f,21,0,single_solve,OPTIMAL,FEASIBLE_POINT,574512.0066247344,574512.0066247344,0,163968,163968,251337,354844,5124,0,5124,25620,5124,256,0,0,NaN,0,NaN,3.552713678800501e-15,2.1600499167107046e-12,
5,1,TWO_STAGE_RH,STATIC_DEMAND_SHARE,shared_battery_mode_node_level_v1,SI-Drahi_13-d2-HET-UHI-BLO-15dd2f4a2b,TK-PB-Drahi_13-d2-HET-UHI-e201b86fbb-r5,SS-b6fde45dba3b,1,0,single_solve,OPTIMAL,FEASIBLE_POINT,464905.9948691142,464905.9948691142,0,163968,163968,276952,357209,5124,0,5124,25620,5124,256,0,0,NaN,0,NaN,0.0,0.0,
5,2,TWO_STAGE_RH,STATIC_DEMAND_SHARE,shared_battery_mode_node_level_v1,SI-Drahi_13-d2-HET-UHI-BLO-15dd2f4a2b,TK-PB-Drahi_13-d2-HET-UHI-e201b86fbb-r5,SS-b6fde45dba3b,1,0,single_solve,OPTIMAL,FEASIBLE_POINT,464905.9948691142,464905.9948691142,0,163968,163968,276952,357209,5124,0,5124,25620,5124,256,0,0,NaN,0,NaN,0.0,0.0,
5,3,TWO_STAGE_RH,STATIC_DEMAND_SHARE,shared_battery_mode_node_level_v1,SI-Drahi_13-d2-HET-UHI-BLO-15dd2f4a2b,TK-PB-Drahi_13-d2-HET-UHI-e201b86fbb-r5,SS-b6fde45dba3b,1,0,single_solve,OPTIMAL,FEASIBLE_POINT,464905.9948691142,464905.9948691142,0,163968,163968,276952,357209,5124,0,5124,25620,5124,256,0,0,NaN,0,NaN,0.0,0.0,
5,4,TWO_STAGE_RH,STATIC_DEMAND_SHARE,shared_battery_mode_node_level_v1,SI-Drahi_13-d2-HET-UHI-BLO-15dd2f4a2b,TK-PB-Drahi_13-d2-HET-UHI-e201b86fbb-r5,SS-b6fde45dba3b,1,0,single_solve,OPTIMAL,FEASIBLE_POINT,464905.9948691142,464905.9948691142,0,163968,163968,276952,357209,5124,0,5124,25620,5124,256,0,0,NaN,0,NaN,0.09750000000000003,0.0,
5,5,TWO_STAGE_RH,STATIC_DEMAND_SHARE,shared_battery_mode_node_level_v1,SI-Drahi_13-d2-HET-UHI-BLO-15dd2f4a2b,TK-PB-Drahi_13-d2-HET-UHI-e201b86fbb-r5,SS-59c6d7df9164,5,0,single_solve,OPTIMAL,FEASIBLE_POINT,603689.9744262593,603689.9744262593,0,163968,163968,276952,349759,5124,0,5124,25620,5124,256,0,0,NaN,0,NaN,4.440892098500626e-16,0.0,
5,6,TWO_STAGE_RH,STATIC_DEMAND_SHARE,shared_battery_mode_node_level_v1,SI-Drahi_13-d2-HET-UHI-BLO-15dd2f4a2b,TK-PB-Drahi_13-d2-HET-UHI-e201b86fbb-r5,SS-59c6d7df9164,5,0,single_solve,OPTIMAL,FEASIBLE_POINT,603689.9744262593,603689.9744262593,0,163968,163968,276952,349759,5124,0,5124,25620,5124,256,0,0,NaN,0,NaN,0.0,0.0,
5,7,TWO_STAGE_RH,STATIC_DEMAND_SHARE,shared_battery_mode_node_level_v1,SI-Drahi_13-d2-HET-UHI-BLO-15dd2f4a2b,TK-PB-Drahi_13-d2-HET-UHI-e201b86fbb-r5,SS-59c6d7df9164,5,0,single_solve,OPTIMAL,FEASIBLE_POINT,603689.9744262593,603689.9744262593,0,163968,163968,276952,349759,5124,0,5124,25620,5124,256,0,0,NaN,0,NaN,3.552713678800501e-15,0.0,
5,8,TWO_STAGE_RH,STATIC_DEMAND_SHARE,shared_battery_mode_node_level_v1,SI-Drahi_13-d2-HET-UHI-BLO-15dd2f4a2b,TK-PB-Drahi_13-d2-HET-UHI-e201b86fbb-r5,SS-59c6d7df9164,5,0,single_solve,OPTIMAL,FEASIBLE_POINT,603689.9744262593,603689.9744262593,0,163968,163968,276952,349759,5124,0,5124,25620,5124,256,0,0,NaN,0,NaN,1.4210854715202004e-14,0.0,
5,9,TWO_STAGE_RH,STATIC_DEMAND_SHARE,shared_battery_mode_node_level_v1,SI-Drahi_13-d2-HET-UHI-BLO-15dd2f4a2b,TK-PB-Drahi_13-d2-HET-UHI-e201b86fbb-r5,SS-baeb7d556d60,9,0,single_solve,OPTIMAL,FEASIBLE_POINT,433176.0858672126,433176.0858672126,0,163968,163968,276952,352039,5124,0,5124,25620,5124,256,0,0,NaN,0,NaN,1.4210854715202004e-14,0.0,
5,10,TWO_STAGE_RH,STATIC_DEMAND_SHARE,shared_battery_mode_node_level_v1,SI-Drahi_13-d2-HET-UHI-BLO-15dd2f4a2b,TK-PB-Drahi_13-d2-HET-UHI-e201b86fbb-r5,SS-baeb7d556d60,9,0,single_solve,OPTIMAL,FEASIBLE_POINT,433176.0858672126,433176.0858672126,0,163968,163968,276952,352039,5124,0,5124,25620,5124,256,0,0,NaN,0,NaN,8.881784197001252e-16,0.0,
5,11,TWO_STAGE_RH,STATIC_DEMAND_SHARE,shared_battery_mode_node_level_v1,SI-Drahi_13-d2-HET-UHI-BLO-15dd2f4a2b,TK-PB-Drahi_13-d2-HET-UHI-e201b86fbb-r5,SS-baeb7d556d60,9,0,single_solve,OPTIMAL,FEASIBLE_POINT,433176.0858672126,433176.0858672126,0,163968,163968,276952,352039,5124,0,5124,25620,5124,256,0,0,NaN,0,NaN,0.0,0.0,
5,12,TWO_STAGE_RH,STATIC_DEMAND_SHARE,shared_battery_mode_node_level_v1,SI-Drahi_13-d2-HET-UHI-BLO-15dd2f4a2b,TK-PB-Drahi_13-d2-HET-UHI-e201b86fbb-r5,SS-baeb7d556d60,9,0,single_solve,OPTIMAL,FEASIBLE_POINT,433176.0858672126,433176.0858672126,0,163968,163968,276952,352039,5124,0,5124,25620,5124,256,0,0,NaN,0,NaN,1.7972217230197884,0.0,
5,13,TWO_STAGE_RH,STATIC_DEMAND_SHARE,shared_battery_mode_node_level_v1,SI-Drahi_13-d2-HET-UHI-BLO-15dd2f4a2b,TK-PB-Drahi_13-d2-HET-UHI-e201b86fbb-r5,SS-784512b1c103,13,0,single_solve,OPTIMAL,FEASIBLE_POINT,476170.3059217641,476170.3059217641,0,163968,163968,276952,351309,5124,0,5124,25620,5124,256,0,0,NaN,0,NaN,0.0,0.0,
5,14,TWO_STAGE_RH,STATIC_DEMAND_SHARE,shared_battery_mode_node_level_v1,SI-Drahi_13-d2-HET-UHI-BLO-15dd2f4a2b,TK-PB-Drahi_13-d2-HET-UHI-e201b86fbb-r5,SS-784512b1c103,13,0,single_solve,OPTIMAL,FEASIBLE_POINT,476170.3059217641,476170.3059217641,0,163968,163968,276952,351309,5124,0,5124,25620,5124,256,0,0,NaN,0,NaN,1.5483761744834954,0.0,
5,15,TWO_STAGE_RH,STATIC_DEMAND_SHARE,shared_battery_mode_node_level_v1,SI-Drahi_13-d2-HET-UHI-BLO-15dd2f4a2b,TK-PB-Drahi_13-d2-HET-UHI-e201b86fbb-r5,SS-784512b1c103,13,0,single_solve,OPTIMAL,FEASIBLE_POINT,476170.3059217641,476170.3059217641,0,163968,163968,276952,351309,5124,0,5124,25620,5124,256,0,0,NaN,0,NaN,3.316884403087272,0.0,
5,16,TWO_STAGE_RH,STATIC_DEMAND_SHARE,shared_battery_mode_node_level_v1,SI-Drahi_13-d2-HET-UHI-BLO-15dd2f4a2b,TK-PB-Drahi_13-d2-HET-UHI-e201b86fbb-r5,SS-784512b1c103,13,0,single_solve,OPTIMAL,FEASIBLE_POINT,476170.3059217641,476170.3059217641,0,163968,163968,276952,351309,5124,0,5124,25620,5124,256,0,0,NaN,0,NaN,3.552713678800501e-15,0.0,
5,17,TWO_STAGE_RH,STATIC_DEMAND_SHARE,shared_battery_mode_node_level_v1,SI-Drahi_13-d2-HET-UHI-BLO-15dd2f4a2b,TK-PB-Drahi_13-d2-HET-UHI-e201b86fbb-r5,SS-ced84ca7a4eb,17,0,single_solve,OPTIMAL,FEASIBLE_POINT,491451.24743794824,491451.24743794824,0,163968,163968,276952,352289,5124,0,5124,25620,5124,256,0,0,NaN,0,NaN,3.552713678800501e-15,0.0,
5,18,TWO_STAGE_RH,STATIC_DEMAND_SHARE,shared_battery_mode_node_level_v1,SI-Drahi_13-d2-HET-UHI-BLO-15dd2f4a2b,TK-PB-Drahi_13-d2-HET-UHI-e201b86fbb-r5,SS-ced84ca7a4eb,17,0,single_solve,OPTIMAL,FEASIBLE_POINT,491451.24743794824,491451.24743794824,0,163968,163968,276952,352289,5124,0,5124,25620,5124,256,0,0,NaN,0,NaN,0.0,0.0,
5,19,TWO_STAGE_RH,STATIC_DEMAND_SHARE,shared_battery_mode_node_level_v1,SI-Drahi_13-d2-HET-UHI-BLO-15dd2f4a2b,TK-PB-Drahi_13-d2-HET-UHI-e201b86fbb-r5,SS-ced84ca7a4eb,17,0,single_solve,OPTIMAL,FEASIBLE_POINT,491451.24743794824,491451.24743794824,0,163968,163968,276952,352289,5124,0,5124,25620,5124,256,0,0,NaN,0,NaN,0.0,0.0,
5,20,TWO_STAGE_RH,STATIC_DEMAND_SHARE,shared_battery_mode_node_level_v1,SI-Drahi_13-d2-HET-UHI-BLO-15dd2f4a2b,TK-PB-Drahi_13-d2-HET-UHI-e201b86fbb-r5,SS-ced84ca7a4eb,17,0,single_solve,OPTIMAL,FEASIBLE_POINT,491451.24743794824,491451.24743794824,0,163968,163968,276952,352289,5124,0,5124,25620,5124,256,0,0,NaN,0,NaN,0.0,0.0,
5,21,TWO_STAGE_RH,STATIC_DEMAND_SHARE,shared_battery_mode_node_level_v1,SI-Drahi_13-d2-HET-UHI-BLO-15dd2f4a2b,TK-PB-Drahi_13-d2-HET-UHI-e201b86fbb-r5,SS-fec72d83146f,21,0,single_solve,OPTIMAL,FEASIBLE_POINT,530699.226240094,530699.226240094,0,163968,163968,276952,354844,5124,0,5124,25620,5124,256,0,0,NaN,0,NaN,0.0,0.0,
5,22,TWO_STAGE_RH,STATIC_DEMAND_SHARE,shared_battery_mode_node_level_v1,SI-Drahi_13-d2-HET-UHI-BLO-15dd2f4a2b,TK-PB-Drahi_13-d2-HET-UHI-e201b86fbb-r5,SS-fec72d83146f,21,0,single_solve,OPTIMAL,FEASIBLE_POINT,530699.226240094,530699.226240094,0,163968,163968,276952,354844,5124,0,5124,25620,5124,256,0,0,NaN,0,NaN,0.0,0.0,
5,23,TWO_STAGE_RH,STATIC_DEMAND_SHARE,shared_battery_mode_node_level_v1,SI-Drahi_13-d2-HET-UHI-BLO-15dd2f4a2b,TK-PB-Drahi_13-d2-HET-UHI-e201b86fbb-r5,SS-fec72d83146f,21,0,single_solve,OPTIMAL,FEASIBLE_POINT,530699.226240094,530699.226240094,0,163968,163968,276952,354844,5124,0,5124,25620,5124,256,0,0,NaN,0,NaN,0.0,0.0,
5,24,TWO_STAGE_RH,STATIC_DEMAND_SHARE,shared_battery_mode_node_level_v1,SI-Drahi_13-d2-HET-UHI-BLO-15dd2f4a2b,TK-PB-Drahi_13-d2-HET-UHI-e201b86fbb-r5,SS-fec72d83146f,21,0,single_solve,OPTIMAL,FEASIBLE_POINT,530699.226240094,530699.226240094,0,163968,163968,276952,354844,5124,0,5124,25620,5124,256,0,0,NaN,0,NaN,0.0,0.0,
